Device: cuda
Building datasets...
Temporal split:  train=192  val=0  test=144
Fitting normalisation on 192 samples...
  50/192
  100/192
  150/192
Done.
  emission  mean=5.6644  std=1.1361
  pm25      per-level  mean[0]=2.4288e+00  mean[-1]=1.2662e+00
Model: UNet3DFiLM  base_ch=16  params: 1,598,466
No val set — using train loss for scheduler and checkpoint selection.

Training for 300 epochs...
  batch 10/192  loss=2.2641
  batch 20/192  loss=2.4205
  batch 30/192  loss=2.2006
  batch 40/192  loss=3.8031
  batch 50/192  loss=4.4263
  batch 60/192  loss=1.3956
  batch 70/192  loss=1.0507
  batch 80/192  loss=1.3534
  batch 90/192  loss=1.2424
  batch 100/192  loss=1.5149
  batch 110/192  loss=1.8324
  batch 120/192  loss=1.0933
  batch 130/192  loss=1.1372
  batch 140/192  loss=4.1665
  batch 150/192  loss=1.2058
  batch 160/192  loss=0.9307
  batch 170/192  loss=2.2930
  batch 180/192  loss=0.9180
  batch 190/192  loss=1.3660
Epoch   1/300  train=2.062e+00  rmse=4.3851  lr=1.0e-04  184s
  -> best  monitor=2.062e+00
  batch 10/192  loss=2.3937
  batch 20/192  loss=1.2601
  batch 30/192  loss=1.3075
  batch 40/192  loss=1.4233
  batch 50/192  loss=0.7898
  batch 60/192  loss=2.5246
  batch 70/192  loss=1.5755
  batch 80/192  loss=0.8230
  batch 90/192  loss=1.1281
  batch 100/192  loss=1.1626
  batch 110/192  loss=1.1767
  batch 120/192  loss=2.6443
  batch 130/192  loss=1.1515
  batch 140/192  loss=3.4400
  batch 150/192  loss=0.9290
  batch 160/192  loss=0.8223
  batch 170/192  loss=2.8834
  batch 180/192  loss=0.7824
  batch 190/192  loss=1.0462
Epoch   2/300  train=1.527e+00  rmse=3.6991  lr=1.0e-04  160s
  -> best  monitor=1.527e+00
  batch 10/192  loss=0.9447
  batch 20/192  loss=1.7937
  batch 30/192  loss=1.6380
  batch 40/192  loss=0.8066
  batch 50/192  loss=0.9425
  batch 60/192  loss=1.4632
  batch 70/192  loss=1.2675
  batch 80/192  loss=0.8848
  batch 90/192  loss=0.9248
  batch 100/192  loss=1.1420
  batch 110/192  loss=0.9348
  batch 120/192  loss=1.4182
  batch 130/192  loss=0.9365
  batch 140/192  loss=0.8722
  batch 150/192  loss=0.9782
  batch 160/192  loss=0.9450
  batch 170/192  loss=0.6603
  batch 180/192  loss=0.9926
  batch 190/192  loss=0.9347
Epoch   3/300  train=1.234e+00  rmse=3.2448  lr=1.0e-04  161s
  -> best  monitor=1.234e+00
  batch 10/192  loss=1.6347
  batch 20/192  loss=0.8497
  batch 30/192  loss=0.9329
  batch 40/192  loss=1.1758
  batch 50/192  loss=0.7408
  batch 60/192  loss=0.7432
  batch 70/192  loss=0.8187
  batch 80/192  loss=0.8163
  batch 90/192  loss=1.4358
  batch 100/192  loss=1.0620
  batch 110/192  loss=2.1573
  batch 120/192  loss=0.8005
  batch 130/192  loss=0.8010
  batch 140/192  loss=0.7252
  batch 150/192  loss=1.0651
  batch 160/192  loss=0.9072
  batch 170/192  loss=1.1359
  batch 180/192  loss=0.8333
  batch 190/192  loss=0.7298
Epoch   4/300  train=1.065e+00  rmse=2.9779  lr=1.0e-04  160s
  -> best  monitor=1.065e+00
  batch 10/192  loss=0.8979
  batch 20/192  loss=0.8431
  batch 30/192  loss=0.7269
  batch 40/192  loss=0.8405
  batch 50/192  loss=0.8372
  batch 60/192  loss=0.9321
  batch 70/192  loss=1.3720
  batch 80/192  loss=1.2109
  batch 90/192  loss=0.5861
  batch 100/192  loss=0.8144
  batch 110/192  loss=1.0984
  batch 120/192  loss=0.8179
  batch 130/192  loss=1.4022
  batch 140/192  loss=0.6005
  batch 150/192  loss=1.0288
  batch 160/192  loss=1.0294
  batch 170/192  loss=0.7345
  batch 180/192  loss=0.7710
  batch 190/192  loss=0.7412
Epoch   5/300  train=1.004e+00  rmse=2.9293  lr=1.0e-04  162s
  -> best  monitor=1.004e+00
  batch 10/192  loss=0.7557
  batch 20/192  loss=0.7426
  batch 30/192  loss=0.9768
  batch 40/192  loss=0.9324
  batch 50/192  loss=0.6967
  batch 60/192  loss=0.6866
  batch 70/192  loss=0.7803
  batch 80/192  loss=0.6575
  batch 90/192  loss=0.9781
  batch 100/192  loss=0.9629
  batch 110/192  loss=1.3435
  batch 120/192  loss=1.6003
  batch 130/192  loss=0.7770
  batch 140/192  loss=0.9318
  batch 150/192  loss=0.8501
  batch 160/192  loss=0.7818
  batch 170/192  loss=1.2017
  batch 180/192  loss=0.9551
  batch 190/192  loss=0.6934
Epoch   6/300  train=9.381e-01  rmse=2.8769  lr=1.0e-04  162s
  -> best  monitor=9.381e-01
  batch 10/192  loss=0.6706
  batch 20/192  loss=0.7525
  batch 30/192  loss=1.0389
  batch 40/192  loss=1.0617
  batch 50/192  loss=0.9148
  batch 60/192  loss=0.9668
  batch 70/192  loss=2.5292
  batch 80/192  loss=0.7641
  batch 90/192  loss=0.8250
  batch 100/192  loss=1.0749
  batch 110/192  loss=1.0779
  batch 120/192  loss=0.7351
  batch 130/192  loss=0.5314
  batch 140/192  loss=0.9908
  batch 150/192  loss=0.6638
  batch 160/192  loss=1.0009
  batch 170/192  loss=0.8800
  batch 180/192  loss=0.6211
  batch 190/192  loss=0.8729
Epoch   7/300  train=8.865e-01  rmse=2.7945  lr=1.0e-04  160s
  -> best  monitor=8.865e-01
  batch 10/192  loss=0.7513
  batch 20/192  loss=0.7189
  batch 30/192  loss=0.6233
  batch 40/192  loss=0.5860
  batch 50/192  loss=0.5508
  batch 60/192  loss=0.7753
  batch 70/192  loss=0.8428
  batch 80/192  loss=1.0080
  batch 90/192  loss=0.7369
  batch 100/192  loss=0.7023
  batch 110/192  loss=0.8167
  batch 120/192  loss=0.6227
  batch 130/192  loss=0.7584
  batch 140/192  loss=0.9471
  batch 150/192  loss=0.7388
  batch 160/192  loss=0.8610
  batch 170/192  loss=0.6638
  batch 180/192  loss=0.7220
  batch 190/192  loss=0.5973
Epoch   8/300  train=8.499e-01  rmse=2.7735  lr=1.0e-04  160s
  -> best  monitor=8.499e-01
  batch 10/192  loss=0.6540
  batch 20/192  loss=0.6009
  batch 30/192  loss=0.9803
  batch 40/192  loss=0.6549
  batch 50/192  loss=0.5107
  batch 60/192  loss=0.7838
  batch 70/192  loss=0.5278
  batch 80/192  loss=0.9393
  batch 90/192  loss=0.6827
  batch 100/192  loss=0.8265
  batch 110/192  loss=0.9390
  batch 120/192  loss=0.5902
  batch 130/192  loss=1.8902
  batch 140/192  loss=0.5734
  batch 150/192  loss=0.9724
  batch 160/192  loss=0.5605
  batch 170/192  loss=0.7297
  batch 180/192  loss=0.8063
  batch 190/192  loss=0.5000
Epoch   9/300  train=8.281e-01  rmse=2.7598  lr=1.0e-04  157s
  -> best  monitor=8.281e-01
  batch 10/192  loss=0.5313
  batch 20/192  loss=0.6554
  batch 30/192  loss=0.5661
  batch 40/192  loss=0.9372
  batch 50/192  loss=0.9146
  batch 60/192  loss=0.5344
  batch 70/192  loss=0.6368
  batch 80/192  loss=0.8828
  batch 90/192  loss=0.6163
  batch 100/192  loss=0.9021
  batch 110/192  loss=0.7005
  batch 120/192  loss=0.5432
  batch 130/192  loss=0.5040
  batch 140/192  loss=0.7860
  batch 150/192  loss=1.1808
  batch 160/192  loss=0.8108
  batch 170/192  loss=0.5493
  batch 180/192  loss=0.8148
  batch 190/192  loss=0.6665
Epoch  10/300  train=7.851e-01  rmse=2.7413  lr=1.0e-04  155s
  -> best  monitor=7.851e-01
  batch 10/192  loss=1.4188
  batch 20/192  loss=0.5741
  batch 30/192  loss=0.5452
  batch 40/192  loss=0.8046
  batch 50/192  loss=0.6961
  batch 60/192  loss=0.5551
  batch 70/192  loss=0.5509
  batch 80/192  loss=1.4886
  batch 90/192  loss=0.9157
  batch 100/192  loss=0.5577
  batch 110/192  loss=0.6935
  batch 120/192  loss=0.6269
  batch 130/192  loss=0.5309
  batch 140/192  loss=1.0546
  batch 150/192  loss=0.5083
  batch 160/192  loss=0.6335
  batch 170/192  loss=0.5295
  batch 180/192  loss=0.5281
  batch 190/192  loss=1.0986
Epoch  11/300  train=7.722e-01  rmse=2.7091  lr=1.0e-04  155s
  -> best  monitor=7.722e-01
  batch 10/192  loss=1.4643
  batch 20/192  loss=0.5934
  batch 30/192  loss=0.5094
  batch 40/192  loss=0.7780
  batch 50/192  loss=0.5918
  batch 60/192  loss=0.5847
  batch 70/192  loss=0.6671
  batch 80/192  loss=1.5878
  batch 90/192  loss=0.5127
  batch 100/192  loss=0.6330
  batch 110/192  loss=0.5625
  batch 120/192  loss=0.4868
  batch 130/192  loss=0.8808
  batch 140/192  loss=1.0364
  batch 150/192  loss=0.8915
  batch 160/192  loss=0.7550
  batch 170/192  loss=1.8397
  batch 180/192  loss=0.8382
  batch 190/192  loss=0.8656
Epoch  12/300  train=7.488e-01  rmse=2.6747  lr=1.0e-04  155s
  -> best  monitor=7.488e-01
  batch 10/192  loss=1.0378
  batch 20/192  loss=0.9530
  batch 30/192  loss=0.5253
  batch 40/192  loss=0.4881
  batch 50/192  loss=1.0798
  batch 60/192  loss=0.8506
  batch 70/192  loss=0.7178
  batch 80/192  loss=0.5102
  batch 90/192  loss=1.6276
  batch 100/192  loss=0.4783
  batch 110/192  loss=0.5089
  batch 120/192  loss=0.9447
  batch 130/192  loss=0.6661
  batch 140/192  loss=1.2830
  batch 150/192  loss=0.7934
  batch 160/192  loss=0.5286
  batch 170/192  loss=0.6939
  batch 180/192  loss=0.6166
  batch 190/192  loss=0.5376
Epoch  13/300  train=7.247e-01  rmse=2.6387  lr=1.0e-04  155s
  -> best  monitor=7.247e-01
  batch 10/192  loss=0.6006
  batch 20/192  loss=0.8227
  batch 30/192  loss=0.4524
  batch 40/192  loss=0.4563
  batch 50/192  loss=0.8712
  batch 60/192  loss=0.5595
  batch 70/192  loss=0.5934
  batch 80/192  loss=0.6512
  batch 90/192  loss=0.5452
  batch 100/192  loss=0.5035
  batch 110/192  loss=0.6520
  batch 120/192  loss=0.5693
  batch 130/192  loss=1.3064
  batch 140/192  loss=0.8814
  batch 150/192  loss=0.5605
  batch 160/192  loss=0.5145
  batch 170/192  loss=0.5850
  batch 180/192  loss=0.6807
  batch 190/192  loss=1.7608
Epoch  14/300  train=7.300e-01  rmse=2.7022  lr=1.0e-04  155s
  batch 10/192  loss=0.4922
  batch 20/192  loss=0.5955
  batch 30/192  loss=0.5510
  batch 40/192  loss=1.2441
  batch 50/192  loss=0.5906
  batch 60/192  loss=0.5835
  batch 70/192  loss=0.5302
  batch 80/192  loss=0.9514
  batch 90/192  loss=0.8526
  batch 100/192  loss=0.6611
  batch 110/192  loss=0.8606
  batch 120/192  loss=1.7852
  batch 130/192  loss=0.8056
  batch 140/192  loss=0.5629
  batch 150/192  loss=0.5241
  batch 160/192  loss=0.5332
  batch 170/192  loss=0.5716
  batch 180/192  loss=0.6871
  batch 190/192  loss=0.8501
Epoch  15/300  train=7.057e-01  rmse=2.6274  lr=1.0e-04  155s
  -> best  monitor=7.057e-01
  batch 10/192  loss=1.3832
  batch 20/192  loss=0.5856
  batch 30/192  loss=1.0275
  batch 40/192  loss=1.0098
  batch 50/192  loss=0.5329
  batch 60/192  loss=1.2052
  batch 70/192  loss=0.5228
  batch 80/192  loss=0.8001
  batch 90/192  loss=0.6213
  batch 100/192  loss=0.4705
  batch 110/192  loss=0.6899
  batch 120/192  loss=0.5222
  batch 130/192  loss=0.4642
  batch 140/192  loss=0.4670
  batch 150/192  loss=0.9801
  batch 160/192  loss=0.7075
  batch 170/192  loss=0.8811
  batch 180/192  loss=0.5157
  batch 190/192  loss=0.4685
Epoch  16/300  train=6.947e-01  rmse=2.6339  lr=1.0e-04  156s
  -> best  monitor=6.947e-01
  batch 10/192  loss=0.5360
  batch 20/192  loss=0.6242
  batch 30/192  loss=0.4980
  batch 40/192  loss=0.4889
  batch 50/192  loss=1.6349
  batch 60/192  loss=1.0693
  batch 70/192  loss=0.5841
  batch 80/192  loss=0.5567
  batch 90/192  loss=0.4661
  batch 100/192  loss=0.4581
  batch 110/192  loss=0.7657
  batch 120/192  loss=0.6374
  batch 130/192  loss=0.5250
  batch 140/192  loss=0.5835
  batch 150/192  loss=0.9076
  batch 160/192  loss=0.8042
  batch 170/192  loss=0.4379
  batch 180/192  loss=0.5910
  batch 190/192  loss=0.5512
Epoch  17/300  train=6.766e-01  rmse=2.5851  lr=1.0e-04  155s
  -> best  monitor=6.766e-01
  batch 10/192  loss=0.6013
  batch 20/192  loss=1.7022
  batch 30/192  loss=0.5256
  batch 40/192  loss=0.5291
  batch 50/192  loss=1.5517
  batch 60/192  loss=0.5124
  batch 70/192  loss=0.5753
  batch 80/192  loss=0.5526
  batch 90/192  loss=0.5058
  batch 100/192  loss=0.7476
  batch 110/192  loss=0.6103
  batch 120/192  loss=0.6605
  batch 130/192  loss=0.7201
  batch 140/192  loss=0.6250
  batch 150/192  loss=0.4441
  batch 160/192  loss=0.4651
  batch 170/192  loss=0.5523
  batch 180/192  loss=0.4711
  batch 190/192  loss=0.5954
Epoch  18/300  train=6.613e-01  rmse=2.5161  lr=1.0e-04  156s
  -> best  monitor=6.613e-01
  batch 10/192  loss=0.6415
  batch 20/192  loss=0.7543
  batch 30/192  loss=0.5370
  batch 40/192  loss=0.4972
  batch 50/192  loss=0.4842
  batch 60/192  loss=0.5126
  batch 70/192  loss=0.6098
  batch 80/192  loss=0.5313
  batch 90/192  loss=0.5262
  batch 100/192  loss=1.0609
  batch 110/192  loss=1.2894
  batch 120/192  loss=0.5628
  batch 130/192  loss=0.5887
  batch 140/192  loss=0.5646
  batch 150/192  loss=0.7613
  batch 160/192  loss=0.4844
  batch 170/192  loss=0.5906
  batch 180/192  loss=1.5404
  batch 190/192  loss=0.6337
Epoch  19/300  train=6.646e-01  rmse=2.5895  lr=1.0e-04  156s
  batch 10/192  loss=0.7513
  batch 20/192  loss=0.4414
  batch 30/192  loss=0.6209
  batch 40/192  loss=0.4413
  batch 50/192  loss=1.0405
  batch 60/192  loss=0.6039
  batch 70/192  loss=0.8403
  batch 80/192  loss=0.5954
  batch 90/192  loss=1.0731
  batch 100/192  loss=0.6661
  batch 110/192  loss=0.4716
  batch 120/192  loss=0.4684
  batch 130/192  loss=0.7327
  batch 140/192  loss=0.5011
  batch 150/192  loss=0.4527
  batch 160/192  loss=0.4897
  batch 170/192  loss=0.6954
  batch 180/192  loss=0.3918
  batch 190/192  loss=0.5203
Epoch  20/300  train=6.349e-01  rmse=2.5380  lr=1.0e-04  155s
  -> best  monitor=6.349e-01
  batch 10/192  loss=0.7568
  batch 20/192  loss=0.5918
  batch 30/192  loss=0.7005
  batch 40/192  loss=0.4629
  batch 50/192  loss=0.8661
  batch 60/192  loss=0.5433
  batch 70/192  loss=0.7341
  batch 80/192  loss=1.5595
  batch 90/192  loss=0.7954
  batch 100/192  loss=1.0185
  batch 110/192  loss=0.5232
  batch 120/192  loss=0.4612
  batch 130/192  loss=0.4339
  batch 140/192  loss=0.4871
  batch 150/192  loss=0.4656
  batch 160/192  loss=0.5791
  batch 170/192  loss=0.7071
  batch 180/192  loss=0.4938
  batch 190/192  loss=0.4136
Epoch  21/300  train=6.356e-01  rmse=2.5274  lr=1.0e-04  155s
  batch 10/192  loss=1.0359
  batch 20/192  loss=0.5282
  batch 30/192  loss=0.4455
  batch 40/192  loss=0.3981
  batch 50/192  loss=0.4907
  batch 60/192  loss=0.6073
  batch 70/192  loss=0.4979
  batch 80/192  loss=0.6954
  batch 90/192  loss=0.4627
  batch 100/192  loss=0.4690
  batch 110/192  loss=0.7252
  batch 120/192  loss=1.0818
  batch 130/192  loss=0.8792
  batch 140/192  loss=0.7798
  batch 150/192  loss=0.4278
  batch 160/192  loss=0.4653
  batch 170/192  loss=0.4622
  batch 180/192  loss=0.3971
  batch 190/192  loss=0.5443
Epoch  22/300  train=6.296e-01  rmse=2.5465  lr=1.0e-04  155s
  -> best  monitor=6.296e-01
  batch 10/192  loss=0.9916
  batch 20/192  loss=0.6170
  batch 30/192  loss=0.4467
  batch 40/192  loss=0.7832
  batch 50/192  loss=0.4610
  batch 60/192  loss=0.6089
  batch 70/192  loss=0.4408
  batch 80/192  loss=0.5487
  batch 90/192  loss=0.7546
  batch 100/192  loss=0.6079
  batch 110/192  loss=0.8158
  batch 120/192  loss=0.5072
  batch 130/192  loss=1.0002
  batch 140/192  loss=0.4360
  batch 150/192  loss=0.6381
  batch 160/192  loss=0.7373
  batch 170/192  loss=0.8848
  batch 180/192  loss=0.5949
  batch 190/192  loss=0.4632
Epoch  23/300  train=6.219e-01  rmse=2.5117  lr=1.0e-04  154s
  -> best  monitor=6.219e-01
  batch 10/192  loss=1.7255
  batch 20/192  loss=0.4650
  batch 30/192  loss=0.5731
  batch 40/192  loss=0.4888
  batch 50/192  loss=1.2628
  batch 60/192  loss=0.4574
  batch 70/192  loss=0.8190
  batch 80/192  loss=0.6580
  batch 90/192  loss=0.4479
  batch 100/192  loss=0.4218
  batch 110/192  loss=0.4223
  batch 120/192  loss=0.4872
  batch 130/192  loss=0.7775
  batch 140/192  loss=0.6568
  batch 150/192  loss=0.5204
  batch 160/192  loss=0.7023
  batch 170/192  loss=0.5146
  batch 180/192  loss=0.4054
  batch 190/192  loss=0.4277
Epoch  24/300  train=6.219e-01  rmse=2.5040  lr=1.0e-04  155s
  -> best  monitor=6.219e-01
  batch 10/192  loss=0.4876
  batch 20/192  loss=1.1359
  batch 30/192  loss=1.3136
  batch 40/192  loss=0.6443
  batch 50/192  loss=0.4011
  batch 60/192  loss=0.4900
  batch 70/192  loss=0.4838
  batch 80/192  loss=0.3888
  batch 90/192  loss=0.7298
  batch 100/192  loss=0.5059
  batch 110/192  loss=0.4667
  batch 120/192  loss=0.9358
  batch 130/192  loss=0.7014
  batch 140/192  loss=0.5456
  batch 150/192  loss=1.1136
  batch 160/192  loss=0.6367
  batch 170/192  loss=1.0186
  batch 180/192  loss=0.4707
  batch 190/192  loss=0.4835
Epoch  25/300  train=6.227e-01  rmse=2.5843  lr=1.0e-04  155s
  batch 10/192  loss=0.6581
  batch 20/192  loss=0.4857
  batch 30/192  loss=0.5732
  batch 40/192  loss=0.5511
  batch 50/192  loss=1.0773
  batch 60/192  loss=0.4226
  batch 70/192  loss=0.4624
  batch 80/192  loss=0.5388
  batch 90/192  loss=0.4731
  batch 100/192  loss=0.5743
  batch 110/192  loss=0.8433
  batch 120/192  loss=0.4354
  batch 130/192  loss=0.5017
  batch 140/192  loss=0.5505
  batch 150/192  loss=1.7993
  batch 160/192  loss=0.4592
  batch 170/192  loss=0.4122
  batch 180/192  loss=0.9325
  batch 190/192  loss=0.5135
Epoch  26/300  train=6.019e-01  rmse=2.4692  lr=1.0e-04  155s
  -> best  monitor=6.019e-01
  batch 10/192  loss=0.5632
  batch 20/192  loss=0.5918
  batch 30/192  loss=0.7861
  batch 40/192  loss=0.6090
  batch 50/192  loss=0.4971
  batch 60/192  loss=0.7959
  batch 70/192  loss=0.7191
  batch 80/192  loss=0.4559
  batch 90/192  loss=0.5765
  batch 100/192  loss=0.4704
  batch 110/192  loss=0.5135
  batch 120/192  loss=0.6591
  batch 130/192  loss=1.1228
  batch 140/192  loss=0.7901
  batch 150/192  loss=0.4000
  batch 160/192  loss=0.6829
  batch 170/192  loss=0.6973
  batch 180/192  loss=0.6999
  batch 190/192  loss=0.5120
Epoch  27/300  train=6.039e-01  rmse=2.4752  lr=1.0e-04  155s
  batch 10/192  loss=0.7314
  batch 20/192  loss=0.4330
  batch 30/192  loss=0.4709
  batch 40/192  loss=0.4417
  batch 50/192  loss=0.8733
  batch 60/192  loss=0.4593
  batch 70/192  loss=0.6115
  batch 80/192  loss=0.6342
  batch 90/192  loss=0.8530
  batch 100/192  loss=0.6419
  batch 110/192  loss=0.5403
  batch 120/192  loss=0.9979
  batch 130/192  loss=1.9452
  batch 140/192  loss=0.4621
  batch 150/192  loss=0.4901
  batch 160/192  loss=0.8107
  batch 170/192  loss=0.4776
  batch 180/192  loss=0.4110
  batch 190/192  loss=0.4049
Epoch  28/300  train=5.869e-01  rmse=2.4783  lr=1.0e-04  155s
  -> best  monitor=5.869e-01
  batch 10/192  loss=0.4538
  batch 20/192  loss=0.4124
  batch 30/192  loss=0.7511
  batch 40/192  loss=0.4754
  batch 50/192  loss=0.4056
  batch 60/192  loss=1.1015
  batch 70/192  loss=0.4639
  batch 80/192  loss=0.4183
  batch 90/192  loss=0.4590
  batch 100/192  loss=0.6283
  batch 110/192  loss=0.6793
  batch 120/192  loss=0.5133
  batch 130/192  loss=0.5658
  batch 140/192  loss=0.5834
  batch 150/192  loss=0.5544
  batch 160/192  loss=0.4283
  batch 170/192  loss=0.5509
  batch 180/192  loss=0.4168
  batch 190/192  loss=0.5474
Epoch  29/300  train=5.944e-01  rmse=2.4772  lr=1.0e-04  155s
  batch 10/192  loss=0.4631
  batch 20/192  loss=0.4621
  batch 30/192  loss=0.5729
  batch 40/192  loss=0.4803
  batch 50/192  loss=0.3878
  batch 60/192  loss=0.4608
  batch 70/192  loss=0.5984
  batch 80/192  loss=0.8879
  batch 90/192  loss=0.6306
  batch 100/192  loss=0.4134
  batch 110/192  loss=0.5258
  batch 120/192  loss=0.8341
  batch 130/192  loss=0.6895
  batch 140/192  loss=0.6169
  batch 150/192  loss=0.5797
  batch 160/192  loss=0.5868
  batch 170/192  loss=0.4380
  batch 180/192  loss=0.4803
  batch 190/192  loss=0.4373
Epoch  30/300  train=5.807e-01  rmse=2.4511  lr=1.0e-04  155s
  -> best  monitor=5.807e-01
  batch 10/192  loss=0.6206
  batch 20/192  loss=1.1900
  batch 30/192  loss=0.4651
  batch 40/192  loss=1.1306
  batch 50/192  loss=0.4851
  batch 60/192  loss=0.7428
  batch 70/192  loss=0.8444
  batch 80/192  loss=0.4292
  batch 90/192  loss=0.6281
  batch 100/192  loss=0.4809
  batch 110/192  loss=0.4738
  batch 120/192  loss=1.1683
  batch 130/192  loss=0.5983
  batch 140/192  loss=0.4011
  batch 150/192  loss=0.5526
  batch 160/192  loss=0.5047
  batch 170/192  loss=0.4817
  batch 180/192  loss=0.4944
  batch 190/192  loss=0.5028
Epoch  31/300  train=5.806e-01  rmse=2.4492  lr=1.0e-04  156s
  -> best  monitor=5.806e-01
  batch 10/192  loss=0.4287
  batch 20/192  loss=0.5464
  batch 30/192  loss=0.7569
  batch 40/192  loss=0.4686
  batch 50/192  loss=0.6387
  batch 60/192  loss=0.5160
  batch 70/192  loss=0.4444
  batch 80/192  loss=0.4534
  batch 90/192  loss=0.8068
  batch 100/192  loss=0.4397
  batch 110/192  loss=0.7716
  batch 120/192  loss=0.6355
  batch 130/192  loss=0.5055
  batch 140/192  loss=0.8952
  batch 150/192  loss=0.6118
  batch 160/192  loss=0.6705
  batch 170/192  loss=0.5100
  batch 180/192  loss=1.5742
  batch 190/192  loss=0.5070
Epoch  32/300  train=5.819e-01  rmse=2.4646  lr=1.0e-04  155s
  batch 10/192  loss=0.4485
  batch 20/192  loss=0.6090
  batch 30/192  loss=0.8336
  batch 40/192  loss=1.1754
  batch 50/192  loss=0.5220
  batch 60/192  loss=0.5357
  batch 70/192  loss=0.9992
  batch 80/192  loss=0.5990
  batch 90/192  loss=0.4829
  batch 100/192  loss=0.4312
  batch 110/192  loss=0.3966
  batch 120/192  loss=0.4085
  batch 130/192  loss=0.5437
  batch 140/192  loss=0.4540
  batch 150/192  loss=0.6529
  batch 160/192  loss=0.4050
  batch 170/192  loss=0.6848
  batch 180/192  loss=0.4700
  batch 190/192  loss=0.5581
Epoch  33/300  train=5.772e-01  rmse=2.4300  lr=1.0e-04  155s
  -> best  monitor=5.772e-01
  batch 10/192  loss=0.4168
  batch 20/192  loss=0.5843
  batch 30/192  loss=0.8115
  batch 40/192  loss=0.5200
  batch 50/192  loss=0.5530
  batch 60/192  loss=0.5721
  batch 70/192  loss=0.7103
  batch 80/192  loss=0.6383
  batch 90/192  loss=0.4095
  batch 100/192  loss=0.4626
  batch 110/192  loss=0.5168
  batch 120/192  loss=0.4623
  batch 130/192  loss=0.4986
  batch 140/192  loss=0.6522
  batch 150/192  loss=0.6114
  batch 160/192  loss=0.5505
  batch 170/192  loss=0.4211
  batch 180/192  loss=0.4575
  batch 190/192  loss=0.4783
Epoch  34/300  train=5.690e-01  rmse=2.4592  lr=1.0e-04  156s
  -> best  monitor=5.690e-01
  batch 10/192  loss=0.4622
  batch 20/192  loss=0.7535
  batch 30/192  loss=0.6496
  batch 40/192  loss=0.4755
  batch 50/192  loss=0.5447
  batch 60/192  loss=1.0020
  batch 70/192  loss=0.4799
  batch 80/192  loss=0.6354
  batch 90/192  loss=0.4789
  batch 100/192  loss=0.5391
  batch 110/192  loss=0.4402
  batch 120/192  loss=0.4302
  batch 130/192  loss=0.7319
  batch 140/192  loss=0.6114
  batch 150/192  loss=0.5429
  batch 160/192  loss=0.4160
  batch 170/192  loss=0.4303
  batch 180/192  loss=0.4517
  batch 190/192  loss=0.4217
Epoch  35/300  train=5.645e-01  rmse=2.4104  lr=1.0e-04  156s
  -> best  monitor=5.645e-01
  batch 10/192  loss=0.6316
  batch 20/192  loss=0.4449
  batch 30/192  loss=0.5898
  batch 40/192  loss=0.5782
  batch 50/192  loss=0.4295
  batch 60/192  loss=1.0200
  batch 70/192  loss=0.3964
  batch 80/192  loss=0.4794
  batch 90/192  loss=0.4135
  batch 100/192  loss=0.4707
  batch 110/192  loss=0.4224
  batch 120/192  loss=0.4510
  batch 130/192  loss=0.4577
  batch 140/192  loss=0.3941
  batch 150/192  loss=0.4252
  batch 160/192  loss=0.7505
  batch 170/192  loss=0.6745
  batch 180/192  loss=0.6120
  batch 190/192  loss=0.4698
Epoch  36/300  train=5.492e-01  rmse=2.3625  lr=1.0e-04  156s
  -> best  monitor=5.492e-01
  batch 10/192  loss=0.5148
  batch 20/192  loss=0.6350
  batch 30/192  loss=0.4039
  batch 40/192  loss=0.5248
  batch 50/192  loss=0.5660
  batch 60/192  loss=0.3793
  batch 70/192  loss=0.4250
  batch 80/192  loss=0.5505
  batch 90/192  loss=0.4259
  batch 100/192  loss=1.2012
  batch 110/192  loss=0.7565
  batch 120/192  loss=0.6059
  batch 130/192  loss=0.4834
  batch 140/192  loss=0.5138
  batch 150/192  loss=0.7316
  batch 160/192  loss=0.8199
  batch 170/192  loss=0.3825
  batch 180/192  loss=0.4835
  batch 190/192  loss=0.4083
Epoch  37/300  train=5.511e-01  rmse=2.3825  lr=1.0e-04  155s
  batch 10/192  loss=0.7484
  batch 20/192  loss=0.4587
  batch 30/192  loss=0.5475
  batch 40/192  loss=0.6604
  batch 50/192  loss=0.5737
  batch 60/192  loss=0.4159
  batch 70/192  loss=0.7344
  batch 80/192  loss=0.4555
  batch 90/192  loss=0.5247
  batch 100/192  loss=0.4474
  batch 110/192  loss=0.4500
  batch 120/192  loss=0.4303
  batch 130/192  loss=0.5124
  batch 140/192  loss=0.8066
  batch 150/192  loss=0.5133
  batch 160/192  loss=0.4140
  batch 170/192  loss=0.5192
  batch 180/192  loss=0.5097
  batch 190/192  loss=0.8226
Epoch  38/300  train=5.482e-01  rmse=2.3562  lr=1.0e-04  155s
  -> best  monitor=5.482e-01
  batch 10/192  loss=0.4428
  batch 20/192  loss=0.3906
  batch 30/192  loss=0.4221
  batch 40/192  loss=0.5467
  batch 50/192  loss=0.3365
  batch 60/192  loss=0.5437
  batch 70/192  loss=0.7461
  batch 80/192  loss=0.5235
  batch 90/192  loss=1.0870
  batch 100/192  loss=0.4676
  batch 110/192  loss=0.4730
  batch 120/192  loss=0.4112
  batch 130/192  loss=0.3906
  batch 140/192  loss=1.3826
  batch 150/192  loss=0.4733
  batch 160/192  loss=0.4040
  batch 170/192  loss=0.4160
  batch 180/192  loss=0.5475
  batch 190/192  loss=0.5288
Epoch  39/300  train=5.438e-01  rmse=2.3584  lr=1.0e-04  155s
  -> best  monitor=5.438e-01
  batch 10/192  loss=1.1552
  batch 20/192  loss=0.3863
  batch 30/192  loss=0.3942
  batch 40/192  loss=0.7905
  batch 50/192  loss=0.4510
  batch 60/192  loss=0.4562
  batch 70/192  loss=0.6406
  batch 80/192  loss=0.4223
  batch 90/192  loss=0.4255
  batch 100/192  loss=0.4194
  batch 110/192  loss=0.3893
  batch 120/192  loss=0.6410
  batch 130/192  loss=0.4633
  batch 140/192  loss=0.4250
  batch 150/192  loss=0.4895
  batch 160/192  loss=0.3810
  batch 170/192  loss=0.5424
  batch 180/192  loss=0.5370
  batch 190/192  loss=0.3938
Epoch  40/300  train=5.358e-01  rmse=2.3552  lr=1.0e-04  155s
  -> best  monitor=5.358e-01
  batch 10/192  loss=0.4672
  batch 20/192  loss=0.5602
  batch 30/192  loss=0.4554
  batch 40/192  loss=0.4994
  batch 50/192  loss=0.8407
  batch 60/192  loss=0.4817
  batch 70/192  loss=0.3709
  batch 80/192  loss=0.5101
  batch 90/192  loss=0.7895
  batch 100/192  loss=0.3777
  batch 110/192  loss=0.5258
  batch 120/192  loss=0.4012
  batch 130/192  loss=0.4801
  batch 140/192  loss=0.3727
  batch 150/192  loss=0.6804
  batch 160/192  loss=0.5949
  batch 170/192  loss=0.6897
  batch 180/192  loss=0.4335
  batch 190/192  loss=0.5021
Epoch  41/300  train=5.365e-01  rmse=2.3040  lr=1.0e-04  155s
  batch 10/192  loss=0.4680
  batch 20/192  loss=0.5750
  batch 30/192  loss=0.3872
  batch 40/192  loss=0.4896
  batch 50/192  loss=0.6744
  batch 60/192  loss=0.7910
  batch 70/192  loss=0.6810
  batch 80/192  loss=0.4274
  batch 90/192  loss=0.5514
  batch 100/192  loss=0.6857
  batch 110/192  loss=0.3704
  batch 120/192  loss=0.4383
  batch 130/192  loss=0.6740
  batch 140/192  loss=0.4014
  batch 150/192  loss=0.3522
  batch 160/192  loss=0.4593
  batch 170/192  loss=0.4419
  batch 180/192  loss=0.9707
  batch 190/192  loss=1.3502
Epoch  42/300  train=5.267e-01  rmse=2.3068  lr=1.0e-04  155s
  -> best  monitor=5.267e-01
  batch 10/192  loss=0.4274
  batch 20/192  loss=0.4556
  batch 30/192  loss=0.3798
  batch 40/192  loss=0.4327
  batch 50/192  loss=0.4385
  batch 60/192  loss=0.4233
  batch 70/192  loss=0.4843
  batch 80/192  loss=0.4730
  batch 90/192  loss=0.4698
  batch 100/192  loss=0.5812
  batch 110/192  loss=0.5258
  batch 120/192  loss=0.4397
  batch 130/192  loss=0.5176
  batch 140/192  loss=0.8531
  batch 150/192  loss=0.5056
  batch 160/192  loss=0.5170
  batch 170/192  loss=0.5135
  batch 180/192  loss=0.4075
  batch 190/192  loss=0.4318
Epoch  43/300  train=5.257e-01  rmse=2.3001  lr=1.0e-04  154s
  -> best  monitor=5.257e-01
  batch 10/192  loss=0.3857
  batch 20/192  loss=0.5374
  batch 30/192  loss=0.3736
  batch 40/192  loss=0.4293
  batch 50/192  loss=0.5411
  batch 60/192  loss=0.4776
  batch 70/192  loss=0.5849
  batch 80/192  loss=0.4245
  batch 90/192  loss=0.5607
  batch 100/192  loss=0.7169
  batch 110/192  loss=0.4763
  batch 120/192  loss=0.7118
  batch 130/192  loss=0.4651
  batch 140/192  loss=0.9534
  batch 150/192  loss=0.5657
  batch 160/192  loss=0.4607
  batch 170/192  loss=0.5144
  batch 180/192  loss=0.4152
  batch 190/192  loss=0.4074
Epoch  44/300  train=5.337e-01  rmse=2.3268  lr=1.0e-04  156s
  batch 10/192  loss=0.6516
  batch 20/192  loss=0.4174
  batch 30/192  loss=0.4203
  batch 40/192  loss=0.4663
  batch 50/192  loss=0.5853
  batch 60/192  loss=0.3973
  batch 70/192  loss=0.3944
  batch 80/192  loss=0.6323
  batch 90/192  loss=0.3679
  batch 100/192  loss=0.4627
  batch 110/192  loss=0.4276
  batch 120/192  loss=0.7240
  batch 130/192  loss=0.5834
  batch 140/192  loss=1.0768
  batch 150/192  loss=0.5077
  batch 160/192  loss=0.3866
  batch 170/192  loss=0.7217
  batch 180/192  loss=0.4627
  batch 190/192  loss=0.4989
Epoch  45/300  train=5.133e-01  rmse=2.2619  lr=1.0e-04  155s
  -> best  monitor=5.133e-01
  batch 10/192  loss=0.4841
  batch 20/192  loss=0.4582
  batch 30/192  loss=0.4570
  batch 40/192  loss=0.5934
  batch 50/192  loss=0.4127
  batch 60/192  loss=0.9420
  batch 70/192  loss=0.4585
  batch 80/192  loss=0.5031
  batch 90/192  loss=0.6101
  batch 100/192  loss=0.4476
  batch 110/192  loss=0.4624
  batch 120/192  loss=0.6989
  batch 130/192  loss=0.5232
  batch 140/192  loss=0.3976
  batch 150/192  loss=0.5850
  batch 160/192  loss=0.7406
  batch 170/192  loss=0.5017
  batch 180/192  loss=0.5974
  batch 190/192  loss=0.3951
Epoch  46/300  train=5.169e-01  rmse=2.2837  lr=1.0e-04  155s
  batch 10/192  loss=0.5549
  batch 20/192  loss=0.3942
  batch 30/192  loss=0.4073
  batch 40/192  loss=0.3549
  batch 50/192  loss=0.6249
  batch 60/192  loss=0.4760
  batch 70/192  loss=0.5016
  batch 80/192  loss=0.5417
  batch 90/192  loss=0.5488
  batch 100/192  loss=0.5321
  batch 110/192  loss=0.7043
  batch 120/192  loss=0.3580
  batch 130/192  loss=0.4594
  batch 140/192  loss=0.5871
  batch 150/192  loss=0.3711
  batch 160/192  loss=0.6861
  batch 170/192  loss=0.9684
  batch 180/192  loss=0.4053
  batch 190/192  loss=0.6201
Epoch  47/300  train=5.147e-01  rmse=2.2967  lr=1.0e-04  155s
  batch 10/192  loss=0.4044
  batch 20/192  loss=0.3947
  batch 30/192  loss=0.5108
  batch 40/192  loss=0.4623
  batch 50/192  loss=0.4705
  batch 60/192  loss=0.3732
  batch 70/192  loss=0.3940
  batch 80/192  loss=0.4430
  batch 90/192  loss=0.4363
  batch 100/192  loss=0.5292
  batch 110/192  loss=0.7872
  batch 120/192  loss=0.6382
  batch 130/192  loss=0.4549
  batch 140/192  loss=0.4521
  batch 150/192  loss=0.4279
  batch 160/192  loss=0.6565
  batch 170/192  loss=0.5656
  batch 180/192  loss=0.3876
  batch 190/192  loss=0.3948
Epoch  48/300  train=5.129e-01  rmse=2.2672  lr=1.0e-04  155s
  -> best  monitor=5.129e-01
  batch 10/192  loss=1.0105
  batch 20/192  loss=0.7177
  batch 30/192  loss=0.3592
  batch 40/192  loss=0.4162
  batch 50/192  loss=0.4517
  batch 60/192  loss=0.5291
  batch 70/192  loss=0.4734
  batch 80/192  loss=0.4247
  batch 90/192  loss=0.4437
  batch 100/192  loss=0.4040
  batch 110/192  loss=1.1258
  batch 120/192  loss=0.3516
  batch 130/192  loss=0.7580
  batch 140/192  loss=0.4306
  batch 150/192  loss=0.4059
  batch 160/192  loss=0.5540
  batch 170/192  loss=0.4883
  batch 180/192  loss=0.4163
  batch 190/192  loss=0.4381
Epoch  49/300  train=5.161e-01  rmse=2.2628  lr=1.0e-04  155s
  batch 10/192  loss=0.6723
  batch 20/192  loss=0.3895
  batch 30/192  loss=0.3805
  batch 40/192  loss=0.6032
  batch 50/192  loss=0.4966
  batch 60/192  loss=0.4383
  batch 70/192  loss=0.4701
  batch 80/192  loss=0.4637
  batch 90/192  loss=0.6543
  batch 100/192  loss=0.3960
  batch 110/192  loss=0.4737
  batch 120/192  loss=0.5600
  batch 130/192  loss=0.5296
  batch 140/192  loss=0.3566
  batch 150/192  loss=0.4776
  batch 160/192  loss=0.7029
  batch 170/192  loss=0.3911
  batch 180/192  loss=0.5915
  batch 190/192  loss=0.5300
Epoch  50/300  train=5.175e-01  rmse=2.3047  lr=1.0e-04  155s
  batch 10/192  loss=0.5622
  batch 20/192  loss=0.3807
  batch 30/192  loss=0.3847
  batch 40/192  loss=0.3509
  batch 50/192  loss=0.3832
  batch 60/192  loss=0.4906
  batch 70/192  loss=0.4534
  batch 80/192  loss=0.4959
  batch 90/192  loss=0.6653
  batch 100/192  loss=0.4522
  batch 110/192  loss=0.4992
  batch 120/192  loss=0.5358
  batch 130/192  loss=0.5144
  batch 140/192  loss=0.5069
  batch 150/192  loss=0.5142
  batch 160/192  loss=1.0981
  batch 170/192  loss=0.5182
  batch 180/192  loss=0.4961
  batch 190/192  loss=0.5636
Epoch  51/300  train=5.175e-01  rmse=2.3072  lr=1.0e-04  155s
  batch 10/192  loss=0.4576
  batch 20/192  loss=0.6584
  batch 30/192  loss=0.4157
  batch 40/192  loss=0.8553
  batch 50/192  loss=0.3724
  batch 60/192  loss=0.3590
  batch 70/192  loss=0.5431
  batch 80/192  loss=0.5081
  batch 90/192  loss=0.4217
  batch 100/192  loss=0.4867
  batch 110/192  loss=0.6178
  batch 120/192  loss=0.5910
  batch 130/192  loss=0.7195
  batch 140/192  loss=0.4473
  batch 150/192  loss=0.4120
  batch 160/192  loss=0.3966
  batch 170/192  loss=0.4620
  batch 180/192  loss=0.3783
  batch 190/192  loss=0.3815
Epoch  52/300  train=5.066e-01  rmse=2.2725  lr=1.0e-04  156s
  -> best  monitor=5.066e-01
  batch 10/192  loss=0.5421
  batch 20/192  loss=0.3828
  batch 30/192  loss=0.3849
  batch 40/192  loss=0.6803
  batch 50/192  loss=0.8137
  batch 60/192  loss=0.4896
  batch 70/192  loss=0.4324
  batch 80/192  loss=0.6932
  batch 90/192  loss=0.4221
  batch 100/192  loss=0.3767
  batch 110/192  loss=0.8304
  batch 120/192  loss=0.5504
  batch 130/192  loss=0.5050
  batch 140/192  loss=0.7735
  batch 150/192  loss=0.4240
  batch 160/192  loss=0.5643
  batch 170/192  loss=0.3879
  batch 180/192  loss=0.3797
  batch 190/192  loss=0.8849
Epoch  53/300  train=5.012e-01  rmse=2.2250  lr=1.0e-04  155s
  -> best  monitor=5.012e-01
  batch 10/192  loss=0.5035
  batch 20/192  loss=0.4355
  batch 30/192  loss=0.4221
  batch 40/192  loss=0.3687
  batch 50/192  loss=0.5159
  batch 60/192  loss=0.3988
  batch 70/192  loss=0.5391
  batch 80/192  loss=0.5578
  batch 90/192  loss=0.4197
  batch 100/192  loss=0.5408
  batch 110/192  loss=0.3737
  batch 120/192  loss=0.3648
  batch 130/192  loss=0.4341
  batch 140/192  loss=0.4059
  batch 150/192  loss=0.5867
  batch 160/192  loss=0.6339
  batch 170/192  loss=0.7315
  batch 180/192  loss=0.4753
  batch 190/192  loss=0.4484
Epoch  54/300  train=4.977e-01  rmse=2.2585  lr=1.0e-04  155s
  -> best  monitor=4.977e-01
  batch 10/192  loss=0.3859
  batch 20/192  loss=0.3734
  batch 30/192  loss=0.4751
  batch 40/192  loss=0.5129
  batch 50/192  loss=0.4177
  batch 60/192  loss=0.4966
  batch 70/192  loss=0.4333
  batch 80/192  loss=1.0581
  batch 90/192  loss=0.6978
  batch 100/192  loss=0.3888
  batch 110/192  loss=0.7059
  batch 120/192  loss=0.4706
  batch 130/192  loss=0.5471
  batch 140/192  loss=0.4203
  batch 150/192  loss=0.4265
  batch 160/192  loss=0.3651
  batch 170/192  loss=0.3669
  batch 180/192  loss=0.7098
  batch 190/192  loss=0.3947
Epoch  55/300  train=4.982e-01  rmse=2.2518  lr=1.0e-04  156s
  batch 10/192  loss=0.3885
  batch 20/192  loss=0.4377
  batch 30/192  loss=0.5476
  batch 40/192  loss=0.4196
  batch 50/192  loss=0.5448
  batch 60/192  loss=1.2324
  batch 70/192  loss=0.4319
  batch 80/192  loss=0.6389
  batch 90/192  loss=0.4639
  batch 100/192  loss=0.7199
  batch 110/192  loss=0.4016
  batch 120/192  loss=0.4581
  batch 130/192  loss=0.4804
  batch 140/192  loss=0.4052
  batch 150/192  loss=0.5302
  batch 160/192  loss=0.4753
  batch 170/192  loss=0.4060
  batch 180/192  loss=0.4211
  batch 190/192  loss=0.3927
Epoch  56/300  train=4.994e-01  rmse=2.2791  lr=1.0e-04  155s
  batch 10/192  loss=0.3785
  batch 20/192  loss=0.7913
  batch 30/192  loss=0.4796
  batch 40/192  loss=0.5485
  batch 50/192  loss=0.4156
  batch 60/192  loss=0.4518
  batch 70/192  loss=0.5809
  batch 80/192  loss=0.3650
  batch 90/192  loss=0.3175
  batch 100/192  loss=0.4262
  batch 110/192  loss=0.6915
  batch 120/192  loss=0.6373
  batch 130/192  loss=0.4814
  batch 140/192  loss=0.3439
  batch 150/192  loss=0.4051
  batch 160/192  loss=0.3970
  batch 170/192  loss=0.4215
  batch 180/192  loss=0.5057
  batch 190/192  loss=0.5784
Epoch  57/300  train=4.962e-01  rmse=2.2532  lr=1.0e-04  155s
  -> best  monitor=4.962e-01
  batch 10/192  loss=0.3843
  batch 20/192  loss=0.6570
  batch 30/192  loss=0.4717
  batch 40/192  loss=0.4112
  batch 50/192  loss=0.3880
  batch 60/192  loss=0.4109
  batch 70/192  loss=0.8992
  batch 80/192  loss=0.4013
  batch 90/192  loss=0.4242
  batch 100/192  loss=0.7657
  batch 110/192  loss=0.4349
  batch 120/192  loss=0.7832
  batch 130/192  loss=0.3979
  batch 140/192  loss=0.3469
  batch 150/192  loss=0.6579
  batch 160/192  loss=0.4170
  batch 170/192  loss=0.5559
  batch 180/192  loss=0.3896
  batch 190/192  loss=0.3833
Epoch  58/300  train=4.911e-01  rmse=2.2359  lr=1.0e-04  155s
  -> best  monitor=4.911e-01
  batch 10/192  loss=0.7608
  batch 20/192  loss=0.5467
  batch 30/192  loss=0.5806
  batch 40/192  loss=0.5570
  batch 50/192  loss=0.4670
  batch 60/192  loss=0.3763
  batch 70/192  loss=0.3842
  batch 80/192  loss=0.3820
  batch 90/192  loss=0.3632
  batch 100/192  loss=0.3140
  batch 110/192  loss=0.4797
  batch 120/192  loss=0.6332
  batch 130/192  loss=0.3505
  batch 140/192  loss=0.6979
  batch 150/192  loss=0.5115
  batch 160/192  loss=0.5059
  batch 170/192  loss=0.5043
  batch 180/192  loss=0.3574
  batch 190/192  loss=0.4124
Epoch  59/300  train=4.921e-01  rmse=2.2298  lr=1.0e-04  155s
  batch 10/192  loss=0.4078
  batch 20/192  loss=0.7116
  batch 30/192  loss=0.4907
  batch 40/192  loss=0.4959
  batch 50/192  loss=0.3549
  batch 60/192  loss=0.4867
  batch 70/192  loss=0.6513
  batch 80/192  loss=0.5993
  batch 90/192  loss=0.3937
  batch 100/192  loss=0.6265
  batch 110/192  loss=0.3946
  batch 120/192  loss=0.4084
  batch 130/192  loss=0.4456
  batch 140/192  loss=0.6233
  batch 150/192  loss=0.3842
  batch 160/192  loss=0.3801
  batch 170/192  loss=0.4508
  batch 180/192  loss=0.4162
  batch 190/192  loss=0.3991
Epoch  60/300  train=4.918e-01  rmse=2.2488  lr=1.0e-04  156s
  batch 10/192  loss=0.4040
  batch 20/192  loss=0.4006
  batch 30/192  loss=0.4349
  batch 40/192  loss=0.3934
  batch 50/192  loss=0.3196
  batch 60/192  loss=0.5242
  batch 70/192  loss=0.7012
  batch 80/192  loss=0.8112
  batch 90/192  loss=0.3225
  batch 100/192  loss=0.5448
  batch 110/192  loss=0.3814
  batch 120/192  loss=0.4990
  batch 130/192  loss=0.3404
  batch 140/192  loss=0.4297
  batch 150/192  loss=0.4270
  batch 160/192  loss=0.3873
  batch 170/192  loss=0.5240
  batch 180/192  loss=0.4217
  batch 190/192  loss=1.0996
Epoch  61/300  train=4.837e-01  rmse=2.2354  lr=1.0e-04  157s
  -> best  monitor=4.837e-01
  batch 10/192  loss=0.4635
  batch 20/192  loss=0.4648
  batch 30/192  loss=0.6963
  batch 40/192  loss=0.3903
  batch 50/192  loss=0.4804
  batch 60/192  loss=0.3892
  batch 70/192  loss=0.4098
  batch 80/192  loss=0.4462
  batch 90/192  loss=0.4233
  batch 100/192  loss=0.4499
  batch 110/192  loss=0.3750
  batch 120/192  loss=0.4264
  batch 130/192  loss=0.4205
  batch 140/192  loss=0.4675
  batch 150/192  loss=0.6566
  batch 160/192  loss=1.0679
  batch 170/192  loss=0.5919
  batch 180/192  loss=0.5895
  batch 190/192  loss=0.3374
Epoch  62/300  train=4.802e-01  rmse=2.4886  lr=1.0e-04  158s
  -> best  monitor=4.802e-01
  batch 10/192  loss=0.4167
  batch 20/192  loss=0.5528
  batch 30/192  loss=0.3863
  batch 40/192  loss=0.4831
  batch 50/192  loss=0.4338
  batch 60/192  loss=0.7430
  batch 70/192  loss=0.4125
  batch 80/192  loss=0.5024
  batch 90/192  loss=0.4972
  batch 100/192  loss=0.4001
  batch 110/192  loss=0.3011
  batch 120/192  loss=0.3694
  batch 130/192  loss=0.4201
  batch 140/192  loss=0.4536
  batch 150/192  loss=0.4898
  batch 160/192  loss=0.3980
  batch 170/192  loss=0.4868
  batch 180/192  loss=0.4490
  batch 190/192  loss=0.3657
Epoch  63/300  train=4.806e-01  rmse=2.1736  lr=1.0e-04  158s
  batch 10/192  loss=0.4026
  batch 20/192  loss=0.4255
  batch 30/192  loss=0.5249
  batch 40/192  loss=0.6979
  batch 50/192  loss=0.8447
  batch 60/192  loss=0.3936
  batch 70/192  loss=0.5881
  batch 80/192  loss=0.4944
  batch 90/192  loss=0.7431
  batch 100/192  loss=0.4157
  batch 110/192  loss=0.3661
  batch 120/192  loss=0.4464
  batch 130/192  loss=0.4528
  batch 140/192  loss=0.6270
  batch 150/192  loss=0.3540
  batch 160/192  loss=0.4371
  batch 170/192  loss=0.4530
  batch 180/192  loss=0.3918
  batch 190/192  loss=0.4384
Epoch  64/300  train=4.850e-01  rmse=2.2279  lr=1.0e-04  158s
  batch 10/192  loss=0.4559
  batch 20/192  loss=0.3928
  batch 30/192  loss=0.3301
  batch 40/192  loss=0.5449
  batch 50/192  loss=0.4461
  batch 60/192  loss=0.4348
  batch 70/192  loss=0.4807
  batch 80/192  loss=0.3437
  batch 90/192  loss=0.4037
  batch 100/192  loss=0.4539
  batch 110/192  loss=0.5436
  batch 120/192  loss=0.4058
  batch 130/192  loss=0.5611
  batch 140/192  loss=0.5495
  batch 150/192  loss=0.4281
  batch 160/192  loss=0.3963
  batch 170/192  loss=0.5585
  batch 180/192  loss=0.5077
  batch 190/192  loss=0.7660
Epoch  65/300  train=4.812e-01  rmse=2.7405  lr=1.0e-04  157s
  batch 10/192  loss=0.3729
  batch 20/192  loss=0.3661
  batch 30/192  loss=0.4736
  batch 40/192  loss=0.6889
  batch 50/192  loss=0.4428
  batch 60/192  loss=0.5646
  batch 70/192  loss=0.4762
  batch 80/192  loss=0.4916
  batch 90/192  loss=0.3985
  batch 100/192  loss=0.4840
  batch 110/192  loss=0.3982
  batch 120/192  loss=0.4070
  batch 130/192  loss=0.4319
  batch 140/192  loss=0.4261
  batch 150/192  loss=0.3503
  batch 160/192  loss=0.5107
  batch 170/192  loss=0.4346
  batch 180/192  loss=0.4248
  batch 190/192  loss=0.5077
Epoch  66/300  train=4.766e-01  rmse=2.1450  lr=1.0e-04  158s
  -> best  monitor=4.766e-01
  batch 10/192  loss=0.4109
  batch 20/192  loss=0.3524
  batch 30/192  loss=0.4043
  batch 40/192  loss=0.6575
  batch 50/192  loss=0.3621
  batch 60/192  loss=0.4027
  batch 70/192  loss=0.5007
  batch 80/192  loss=0.3908
  batch 90/192  loss=0.8900
  batch 100/192  loss=0.7418
  batch 110/192  loss=0.3639
  batch 120/192  loss=0.4477
  batch 130/192  loss=0.3618
  batch 140/192  loss=0.4580
  batch 150/192  loss=0.5212
  batch 160/192  loss=0.4596
  batch 170/192  loss=0.3766
  batch 180/192  loss=0.4032
  batch 190/192  loss=0.5220
Epoch  67/300  train=4.743e-01  rmse=2.1695  lr=1.0e-04  159s
  -> best  monitor=4.743e-01
  batch 10/192  loss=0.5400
  batch 20/192  loss=0.4348
  batch 30/192  loss=0.4423
  batch 40/192  loss=0.4426
  batch 50/192  loss=0.4575
  batch 60/192  loss=0.3778
  batch 70/192  loss=0.5012
  batch 80/192  loss=0.5917
  batch 90/192  loss=0.3474
  batch 100/192  loss=0.3808
  batch 110/192  loss=0.3665
  batch 120/192  loss=0.4266
  batch 130/192  loss=0.3669
  batch 140/192  loss=0.7025
  batch 150/192  loss=0.3430
  batch 160/192  loss=0.3723
  batch 170/192  loss=0.4453
  batch 180/192  loss=0.4011
  batch 190/192  loss=0.3783
Epoch  68/300  train=4.745e-01  rmse=2.1492  lr=1.0e-04  159s
  batch 10/192  loss=0.3922
  batch 20/192  loss=0.4234
  batch 30/192  loss=0.4297
  batch 40/192  loss=0.3441
  batch 50/192  loss=0.4087
  batch 60/192  loss=0.3898
  batch 70/192  loss=0.3942
  batch 80/192  loss=0.6949
  batch 90/192  loss=0.4640
  batch 100/192  loss=0.3803
  batch 110/192  loss=0.4414
  batch 120/192  loss=0.3522
  batch 130/192  loss=0.3388
  batch 140/192  loss=0.3834
  batch 150/192  loss=0.5456
  batch 160/192  loss=0.7550
  batch 170/192  loss=0.3696
  batch 180/192  loss=0.3526
  batch 190/192  loss=0.3403
Epoch  69/300  train=4.730e-01  rmse=2.1480  lr=1.0e-04  158s
  -> best  monitor=4.730e-01
  batch 10/192  loss=0.3996
  batch 20/192  loss=0.3736
  batch 30/192  loss=0.3853
  batch 40/192  loss=0.4392
  batch 50/192  loss=0.3923
  batch 60/192  loss=0.4215
  batch 70/192  loss=0.4444
  batch 80/192  loss=0.4189
  batch 90/192  loss=0.3416
  batch 100/192  loss=0.4379
  batch 110/192  loss=0.3960
  batch 120/192  loss=0.4173
  batch 130/192  loss=0.3996
  batch 140/192  loss=0.4223
  batch 150/192  loss=0.5148
  batch 160/192  loss=0.4938
  batch 170/192  loss=0.5637
  batch 180/192  loss=0.3506
  batch 190/192  loss=1.1406
Epoch  70/300  train=4.692e-01  rmse=2.3514  lr=1.0e-04  158s
  -> best  monitor=4.692e-01
  batch 10/192  loss=0.5658
  batch 20/192  loss=0.3377
  batch 30/192  loss=0.3594
  batch 40/192  loss=0.4885
  batch 50/192  loss=0.6800
  batch 60/192  loss=0.5089
  batch 70/192  loss=0.5625
  batch 80/192  loss=0.3451
  batch 90/192  loss=0.3538
  batch 100/192  loss=0.6025
  batch 110/192  loss=0.5394
  batch 120/192  loss=0.4097
  batch 130/192  loss=0.4336
  batch 140/192  loss=0.6016
  batch 150/192  loss=0.3712
  batch 160/192  loss=0.4066
  batch 170/192  loss=0.5008
  batch 180/192  loss=1.0681
  batch 190/192  loss=0.4712
Epoch  71/300  train=4.656e-01  rmse=2.1395  lr=1.0e-04  159s
  -> best  monitor=4.656e-01
  batch 10/192  loss=0.3638
  batch 20/192  loss=0.3635
  batch 30/192  loss=0.3256
  batch 40/192  loss=0.4305
  batch 50/192  loss=0.3398
  batch 60/192  loss=0.4673
  batch 70/192  loss=0.7506
  batch 80/192  loss=0.6890
  batch 90/192  loss=0.5043
  batch 100/192  loss=0.3692
  batch 110/192  loss=0.3941
  batch 120/192  loss=0.3949
  batch 130/192  loss=0.4724
  batch 140/192  loss=0.4454
  batch 150/192  loss=0.3313
  batch 160/192  loss=0.5397
  batch 170/192  loss=0.3893
  batch 180/192  loss=0.3643
  batch 190/192  loss=0.5642
Epoch  72/300  train=4.690e-01  rmse=2.1881  lr=1.0e-04  160s
  batch 10/192  loss=0.3745
  batch 20/192  loss=0.7025
  batch 30/192  loss=0.4873
  batch 40/192  loss=0.3791
  batch 50/192  loss=0.5906
  batch 60/192  loss=0.4382
  batch 70/192  loss=0.3443
  batch 80/192  loss=0.6215
  batch 90/192  loss=0.4125
  batch 100/192  loss=0.7082
  batch 110/192  loss=0.7184
  batch 120/192  loss=0.5393
  batch 130/192  loss=0.3849
  batch 140/192  loss=0.4255
  batch 150/192  loss=0.3432
  batch 160/192  loss=0.5982
  batch 170/192  loss=0.5414
  batch 180/192  loss=0.4463
  batch 190/192  loss=0.6284
Epoch  73/300  train=4.672e-01  rmse=2.1897  lr=1.0e-04  161s
  batch 10/192  loss=0.4864
  batch 20/192  loss=0.4462
  batch 30/192  loss=0.3378
  batch 40/192  loss=0.3402
  batch 50/192  loss=0.4216
  batch 60/192  loss=0.5924
  batch 70/192  loss=0.4036
  batch 80/192  loss=0.4595
  batch 90/192  loss=0.4260
  batch 100/192  loss=0.4551
  batch 110/192  loss=0.7142
  batch 120/192  loss=0.4646
  batch 130/192  loss=0.3672
  batch 140/192  loss=0.3818
  batch 150/192  loss=0.3615
  batch 160/192  loss=0.3272
  batch 170/192  loss=0.3428
  batch 180/192  loss=0.4327
  batch 190/192  loss=0.4207
Epoch  74/300  train=4.674e-01  rmse=2.2036  lr=1.0e-04  162s
  batch 10/192  loss=0.3837
  batch 20/192  loss=0.4335
  batch 30/192  loss=0.5286
  batch 40/192  loss=0.5985
  batch 50/192  loss=0.7946
  batch 60/192  loss=0.5667
  batch 70/192  loss=0.5334
  batch 80/192  loss=0.5059
  batch 90/192  loss=0.4792
  batch 100/192  loss=0.3614
  batch 110/192  loss=0.3921
  batch 120/192  loss=0.3579
  batch 130/192  loss=0.4585
  batch 140/192  loss=0.7819
  batch 150/192  loss=0.3748
  batch 160/192  loss=0.3921
  batch 170/192  loss=0.4478
  batch 180/192  loss=0.4748
  batch 190/192  loss=0.3917
Epoch  75/300  train=4.650e-01  rmse=2.3692  lr=1.0e-04  158s
  -> best  monitor=4.650e-01
  batch 10/192  loss=0.4994
  batch 20/192  loss=0.4631
  batch 30/192  loss=0.6289
  batch 40/192  loss=0.3863
  batch 50/192  loss=0.3569
  batch 60/192  loss=0.3502
  batch 70/192  loss=0.3680
  batch 80/192  loss=0.3612
  batch 90/192  loss=0.3939
  batch 100/192  loss=0.3941
  batch 110/192  loss=0.4650
  batch 120/192  loss=0.9502
  batch 130/192  loss=0.3346
  batch 140/192  loss=0.5769
  batch 150/192  loss=0.4380
  batch 160/192  loss=0.4253
  batch 170/192  loss=0.3714
  batch 180/192  loss=0.3788
  batch 190/192  loss=0.3510
Epoch  76/300  train=4.747e-01  rmse=2.2005  lr=1.0e-04  159s
  batch 10/192  loss=0.7119
  batch 20/192  loss=0.5838
  batch 30/192  loss=0.7051
  batch 40/192  loss=0.3909
  batch 50/192  loss=0.3344
  batch 60/192  loss=0.4177
  batch 70/192  loss=0.4801
  batch 80/192  loss=0.3923
  batch 90/192  loss=0.4693
  batch 100/192  loss=0.7014
  batch 110/192  loss=0.7074
  batch 120/192  loss=0.3803
  batch 130/192  loss=0.5677
  batch 140/192  loss=0.3238
  batch 150/192  loss=0.4737
  batch 160/192  loss=0.4603
  batch 170/192  loss=0.4868
  batch 180/192  loss=0.3783
  batch 190/192  loss=0.4452
Epoch  77/300  train=4.591e-01  rmse=2.7292  lr=1.0e-04  158s
  -> best  monitor=4.591e-01
  batch 10/192  loss=0.6561
  batch 20/192  loss=0.5576
  batch 30/192  loss=0.4632
  batch 40/192  loss=0.4042
  batch 50/192  loss=0.5946
  batch 60/192  loss=0.4425
  batch 70/192  loss=0.3411
  batch 80/192  loss=0.9758
  batch 90/192  loss=0.3623
  batch 100/192  loss=0.3634
  batch 110/192  loss=0.4751
  batch 120/192  loss=0.5526
  batch 130/192  loss=0.3599
  batch 140/192  loss=0.4270
  batch 150/192  loss=0.4334
  batch 160/192  loss=0.4367
  batch 170/192  loss=0.3897
  batch 180/192  loss=0.4372
  batch 190/192  loss=0.3475
Epoch  78/300  train=4.581e-01  rmse=2.1389  lr=1.0e-04  157s
  -> best  monitor=4.581e-01
  batch 10/192  loss=0.5979
  batch 20/192  loss=0.4474
  batch 30/192  loss=0.7099
  batch 40/192  loss=0.3719
  batch 50/192  loss=0.4038
  batch 60/192  loss=0.4161
  batch 70/192  loss=0.3384
  batch 80/192  loss=0.4430
  batch 90/192  loss=0.3598
  batch 100/192  loss=0.3312
  batch 110/192  loss=0.4834
  batch 120/192  loss=0.3416
  batch 130/192  loss=0.3510
  batch 140/192  loss=0.3792
  batch 150/192  loss=0.6322
  batch 160/192  loss=0.8286
  batch 170/192  loss=0.3354
  batch 180/192  loss=0.4456
  batch 190/192  loss=0.4728
Epoch  79/300  train=4.562e-01  rmse=2.2152  lr=1.0e-04  158s
  -> best  monitor=4.562e-01
  batch 10/192  loss=0.5091
  batch 20/192  loss=0.4117
  batch 30/192  loss=0.3761
  batch 40/192  loss=0.4566
  batch 50/192  loss=0.3418
  batch 60/192  loss=0.4062
  batch 70/192  loss=0.3611
  batch 80/192  loss=0.4213
  batch 90/192  loss=0.6483
  batch 100/192  loss=0.4466
  batch 110/192  loss=0.6020
  batch 120/192  loss=0.4474
  batch 130/192  loss=0.3647
  batch 140/192  loss=0.4096
  batch 150/192  loss=0.3435
  batch 160/192  loss=0.3757
  batch 170/192  loss=0.5149
  batch 180/192  loss=0.6136
  batch 190/192  loss=0.5867
Epoch  80/300  train=4.614e-01  rmse=2.1367  lr=1.0e-04  159s
  batch 10/192  loss=0.4520
  batch 20/192  loss=0.4550
  batch 30/192  loss=0.3484
  batch 40/192  loss=0.4386
  batch 50/192  loss=0.6087
  batch 60/192  loss=0.3954
  batch 70/192  loss=0.6374
  batch 80/192  loss=0.4707
  batch 90/192  loss=0.4452
  batch 100/192  loss=0.4219
  batch 110/192  loss=0.3416
  batch 120/192  loss=0.3315
  batch 130/192  loss=0.4076
  batch 140/192  loss=0.3977
  batch 150/192  loss=0.4064
  batch 160/192  loss=0.4995
  batch 170/192  loss=0.4743
  batch 180/192  loss=0.3697
  batch 190/192  loss=0.4057
Epoch  81/300  train=4.558e-01  rmse=2.9738  lr=1.0e-04  158s
  -> best  monitor=4.558e-01
  batch 10/192  loss=0.3810
  batch 20/192  loss=0.5387
  batch 30/192  loss=0.3591
  batch 40/192  loss=0.4353
  batch 50/192  loss=0.4791
  batch 60/192  loss=0.4534
  batch 70/192  loss=0.8980
  batch 80/192  loss=0.4780
  batch 90/192  loss=0.3459
  batch 100/192  loss=0.6640
  batch 110/192  loss=0.5220
  batch 120/192  loss=0.4974
  batch 130/192  loss=0.6073
  batch 140/192  loss=0.4554
  batch 150/192  loss=0.3789
  batch 160/192  loss=0.3956
  batch 170/192  loss=0.4682
  batch 180/192  loss=0.5867
  batch 190/192  loss=0.4526
Epoch  82/300  train=4.530e-01  rmse=2.3984  lr=1.0e-04  160s
  -> best  monitor=4.530e-01
  batch 10/192  loss=0.4264
  batch 20/192  loss=0.4062
  batch 30/192  loss=0.3763
  batch 40/192  loss=0.3780
  batch 50/192  loss=0.7570
  batch 60/192  loss=0.4727
  batch 70/192  loss=0.4083
  batch 80/192  loss=0.4091
  batch 90/192  loss=0.3953
  batch 100/192  loss=0.7673
  batch 110/192  loss=0.4366
  batch 120/192  loss=0.3725
  batch 130/192  loss=0.5301
  batch 140/192  loss=0.5324
  batch 150/192  loss=0.3650
  batch 160/192  loss=0.3475
  batch 170/192  loss=0.4744
  batch 180/192  loss=0.6511
  batch 190/192  loss=0.4184
Epoch  83/300  train=4.616e-01  rmse=2.1306  lr=1.0e-04  157s
  batch 10/192  loss=0.7113
  batch 20/192  loss=0.4346
  batch 30/192  loss=0.6335
  batch 40/192  loss=0.3224
  batch 50/192  loss=0.3534
  batch 60/192  loss=0.3472
  batch 70/192  loss=0.4783
  batch 80/192  loss=0.4082
  batch 90/192  loss=0.3621
  batch 100/192  loss=0.6881
  batch 110/192  loss=0.4038
  batch 120/192  loss=0.4275
  batch 130/192  loss=0.3984
  batch 140/192  loss=0.6034
  batch 150/192  loss=0.3986
  batch 160/192  loss=0.3899
  batch 170/192  loss=0.3814
  batch 180/192  loss=0.3980
  batch 190/192  loss=0.3938
Epoch  84/300  train=4.515e-01  rmse=5.4769  lr=1.0e-04  160s
  -> best  monitor=4.515e-01
  batch 10/192  loss=0.3797
  batch 20/192  loss=0.4148
  batch 30/192  loss=0.6618
  batch 40/192  loss=0.4551
  batch 50/192  loss=0.4007
  batch 60/192  loss=0.3661
  batch 70/192  loss=0.4178
  batch 80/192  loss=0.4380
  batch 90/192  loss=0.3770
  batch 100/192  loss=0.7821
  batch 110/192  loss=0.3386
  batch 120/192  loss=0.4012
  batch 130/192  loss=0.3875
  batch 140/192  loss=0.3793
  batch 150/192  loss=0.6956
  batch 160/192  loss=0.4149
  batch 170/192  loss=0.3405
  batch 180/192  loss=0.6756
  batch 190/192  loss=0.4954
Epoch  85/300  train=4.510e-01  rmse=2.0522  lr=1.0e-04  157s
  -> best  monitor=4.510e-01
  batch 10/192  loss=0.3666
  batch 20/192  loss=0.5289
  batch 30/192  loss=0.4281
  batch 40/192  loss=0.3159
  batch 50/192  loss=0.3507
  batch 60/192  loss=0.3642
  batch 70/192  loss=0.4277
  batch 80/192  loss=0.3667
  batch 90/192  loss=0.4903
  batch 100/192  loss=0.5933
  batch 110/192  loss=0.3902
  batch 120/192  loss=0.4172
  batch 130/192  loss=0.4769
  batch 140/192  loss=0.3422
  batch 150/192  loss=0.6715
  batch 160/192  loss=0.6397
  batch 170/192  loss=0.3984
  batch 180/192  loss=0.4928
  batch 190/192  loss=0.6782
Epoch  86/300  train=4.499e-01  rmse=3.9399  lr=1.0e-04  157s
  -> best  monitor=4.499e-01
  batch 10/192  loss=0.5408
  batch 20/192  loss=1.0809
  batch 30/192  loss=0.4182
  batch 40/192  loss=0.5074
  batch 50/192  loss=0.3577
  batch 60/192  loss=0.3722
  batch 70/192  loss=0.3753
  batch 80/192  loss=0.3939
  batch 90/192  loss=0.4964
  batch 100/192  loss=0.3210
  batch 110/192  loss=0.3711
  batch 120/192  loss=0.4546
  batch 130/192  loss=0.5121
  batch 140/192  loss=0.4077
  batch 150/192  loss=0.4011
  batch 160/192  loss=0.6268
  batch 170/192  loss=0.4027
  batch 180/192  loss=0.4430
  batch 190/192  loss=0.3224
Epoch  87/300  train=4.504e-01  rmse=2.1540  lr=1.0e-04  157s
  batch 10/192  loss=0.4375
  batch 20/192  loss=0.3779
  batch 30/192  loss=0.4024
  batch 40/192  loss=0.3460
  batch 50/192  loss=0.6538
  batch 60/192  loss=0.3010
  batch 70/192  loss=0.6548
  batch 80/192  loss=0.3037
  batch 90/192  loss=0.7712
  batch 100/192  loss=0.5633
  batch 110/192  loss=0.4362
  batch 120/192  loss=0.3918
  batch 130/192  loss=0.4155
  batch 140/192  loss=0.3856
  batch 150/192  loss=0.4336
  batch 160/192  loss=0.4866
  batch 170/192  loss=0.4125
  batch 180/192  loss=0.3736
  batch 190/192  loss=0.5042
Epoch  88/300  train=4.445e-01  rmse=5.0195  lr=1.0e-04  157s
  -> best  monitor=4.445e-01
  batch 10/192  loss=0.4502
  batch 20/192  loss=0.3650
  batch 30/192  loss=0.4944
  batch 40/192  loss=0.4184
  batch 50/192  loss=0.4216
  batch 60/192  loss=0.5156
  batch 70/192  loss=0.6247
  batch 80/192  loss=0.4564
  batch 90/192  loss=0.5578
  batch 100/192  loss=0.3294
  batch 110/192  loss=0.4135
  batch 120/192  loss=0.4602
  batch 130/192  loss=0.3336
  batch 140/192  loss=0.4957
  batch 150/192  loss=0.4543
  batch 160/192  loss=0.3914
  batch 170/192  loss=0.4183
  batch 180/192  loss=0.3664
  batch 190/192  loss=0.4266
Epoch  89/300  train=4.444e-01  rmse=2.0685  lr=1.0e-04  157s
  -> best  monitor=4.444e-01
  batch 10/192  loss=0.4471
  batch 20/192  loss=0.4227
  batch 30/192  loss=0.3629
  batch 40/192  loss=0.4500
  batch 50/192  loss=0.3064
  batch 60/192  loss=0.4968
  batch 70/192  loss=0.4892
  batch 80/192  loss=0.3760
  batch 90/192  loss=0.3669
  batch 100/192  loss=0.3648
  batch 110/192  loss=0.3543
  batch 120/192  loss=0.3931
  batch 130/192  loss=0.3601
  batch 140/192  loss=0.3653
  batch 150/192  loss=0.4128
  batch 160/192  loss=0.5323
  batch 170/192  loss=0.5272
  batch 180/192  loss=0.8125
  batch 190/192  loss=0.5269
Epoch  90/300  train=4.450e-01  rmse=3.1466  lr=1.0e-04  157s
  batch 10/192  loss=0.7903
  batch 20/192  loss=0.3946
  batch 30/192  loss=0.3773
  batch 40/192  loss=0.3830
  batch 50/192  loss=0.4247
  batch 60/192  loss=0.3564
  batch 70/192  loss=0.4122
  batch 80/192  loss=0.5590
  batch 90/192  loss=0.4173
  batch 100/192  loss=0.4262
  batch 110/192  loss=0.7114
  batch 120/192  loss=0.4688
  batch 130/192  loss=0.4182
  batch 140/192  loss=0.3583
  batch 150/192  loss=0.5368
  batch 160/192  loss=0.4081
  batch 170/192  loss=0.3560
  batch 180/192  loss=0.4419
  batch 190/192  loss=0.3702
Epoch  91/300  train=4.438e-01  rmse=2.1274  lr=1.0e-04  156s
  -> best  monitor=4.438e-01
  batch 10/192  loss=0.3783
  batch 20/192  loss=0.4106
  batch 30/192  loss=0.5735
  batch 40/192  loss=0.5137
  batch 50/192  loss=0.3417
  batch 60/192  loss=0.3275
  batch 70/192  loss=0.3560
  batch 80/192  loss=0.4166
  batch 90/192  loss=0.3327
  batch 100/192  loss=0.4846
  batch 110/192  loss=0.3207
  batch 120/192  loss=0.3672
  batch 130/192  loss=0.4009
  batch 140/192  loss=0.5721
  batch 150/192  loss=0.4103
  batch 160/192  loss=0.3573
  batch 170/192  loss=0.5476
  batch 180/192  loss=0.4120
  batch 190/192  loss=0.3189
Epoch  92/300  train=4.382e-01  rmse=3.7994  lr=1.0e-04  156s
  -> best  monitor=4.382e-01
  batch 10/192  loss=0.3479
  batch 20/192  loss=0.6753
  batch 30/192  loss=0.3859
  batch 40/192  loss=0.3185
  batch 50/192  loss=0.4884
  batch 60/192  loss=0.5854
  batch 70/192  loss=0.4394
  batch 80/192  loss=0.5100
  batch 90/192  loss=0.3970
  batch 100/192  loss=0.3758
  batch 110/192  loss=0.3819
  batch 120/192  loss=0.3921
  batch 130/192  loss=0.4176
  batch 140/192  loss=0.3185
  batch 150/192  loss=0.4833
  batch 160/192  loss=0.3850
  batch 170/192  loss=0.3744
  batch 180/192  loss=0.5091
  batch 190/192  loss=0.6310
Epoch  93/300  train=4.400e-01  rmse=2.1835  lr=1.0e-04  156s
  batch 10/192  loss=0.4140
  batch 20/192  loss=0.4297
  batch 30/192  loss=0.5323
  batch 40/192  loss=0.3961
  batch 50/192  loss=0.3363
  batch 60/192  loss=0.5095
  batch 70/192  loss=0.3335
  batch 80/192  loss=0.5108
  batch 90/192  loss=0.4636
  batch 100/192  loss=0.4028
  batch 110/192  loss=0.3483
  batch 120/192  loss=0.3381
  batch 130/192  loss=0.6122
  batch 140/192  loss=0.3843
  batch 150/192  loss=0.7080
  batch 160/192  loss=0.5671
  batch 170/192  loss=0.7718
  batch 180/192  loss=0.3544
  batch 190/192  loss=0.7011
Epoch  94/300  train=4.413e-01  rmse=2.2039  lr=1.0e-04  156s
  batch 10/192  loss=0.5996
  batch 20/192  loss=0.4704
  batch 30/192  loss=0.4159
  batch 40/192  loss=0.6574
  batch 50/192  loss=0.4305
  batch 60/192  loss=0.3916
  batch 70/192  loss=0.4213
  batch 80/192  loss=0.4792
  batch 90/192  loss=0.4520
  batch 100/192  loss=0.3104
  batch 110/192  loss=0.7338
  batch 120/192  loss=0.4611
  batch 130/192  loss=0.3923
  batch 140/192  loss=0.3193
  batch 150/192  loss=0.5747
  batch 160/192  loss=0.3432
  batch 170/192  loss=0.4225
  batch 180/192  loss=0.4859
  batch 190/192  loss=0.4208
Epoch  95/300  train=4.404e-01  rmse=2.9256  lr=1.0e-04  157s
  batch 10/192  loss=0.7311
  batch 20/192  loss=0.3381
  batch 30/192  loss=0.6802
  batch 40/192  loss=0.3086
  batch 50/192  loss=0.3180
  batch 60/192  loss=0.3896
  batch 70/192  loss=0.4885
  batch 80/192  loss=0.3794
  batch 90/192  loss=0.3110
  batch 100/192  loss=0.3912
  batch 110/192  loss=0.4414
  batch 120/192  loss=0.4424
  batch 130/192  loss=0.3676
  batch 140/192  loss=0.4052
  batch 150/192  loss=0.3524
  batch 160/192  loss=0.4648
  batch 170/192  loss=0.3730
  batch 180/192  loss=0.4021
  batch 190/192  loss=0.5996
Epoch  96/300  train=4.341e-01  rmse=2.1537  lr=1.0e-04  156s
  -> best  monitor=4.341e-01
  batch 10/192  loss=0.4074
  batch 20/192  loss=0.5250
  batch 30/192  loss=0.4263
  batch 40/192  loss=0.3519
  batch 50/192  loss=0.3251
  batch 60/192  loss=0.3866
  batch 70/192  loss=0.3695
  batch 80/192  loss=0.3660
  batch 90/192  loss=0.4106
  batch 100/192  loss=0.3338
  batch 110/192  loss=0.4800
  batch 120/192  loss=0.4075
  batch 130/192  loss=0.8413
  batch 140/192  loss=0.5818
  batch 150/192  loss=0.3076
  batch 160/192  loss=0.3352
  batch 170/192  loss=0.9265
  batch 180/192  loss=0.3956
  batch 190/192  loss=0.4813
Epoch  97/300  train=4.394e-01  rmse=3.0976  lr=1.0e-04  157s
  batch 10/192  loss=0.4180
  batch 20/192  loss=0.3568
  batch 30/192  loss=0.3425
  batch 40/192  loss=0.4459
  batch 50/192  loss=0.3592
  batch 60/192  loss=0.3977
  batch 70/192  loss=0.4297
  batch 80/192  loss=0.4071
  batch 90/192  loss=0.4461
  batch 100/192  loss=0.3344
  batch 110/192  loss=0.3755
  batch 120/192  loss=0.6533
  batch 130/192  loss=0.5746
  batch 140/192  loss=0.3405
  batch 150/192  loss=0.4151
  batch 160/192  loss=0.3645
  batch 170/192  loss=0.5501
  batch 180/192  loss=0.5730
  batch 190/192  loss=0.4090
Epoch  98/300  train=4.347e-01  rmse=2.0797  lr=1.0e-04  156s
  batch 10/192  loss=0.4473
  batch 20/192  loss=0.4472
  batch 30/192  loss=0.6272
  batch 40/192  loss=0.3684
  batch 50/192  loss=0.5722
  batch 60/192  loss=0.6168
  batch 70/192  loss=0.3258
  batch 80/192  loss=0.4139
  batch 90/192  loss=0.3503
  batch 100/192  loss=0.5013
  batch 110/192  loss=0.5499
  batch 120/192  loss=0.5900
  batch 130/192  loss=0.6552
  batch 140/192  loss=0.3480
  batch 150/192  loss=0.3922
  batch 160/192  loss=0.4641
  batch 170/192  loss=0.5253
  batch 180/192  loss=0.3554
  batch 190/192  loss=0.5045
Epoch  99/300  train=4.313e-01  rmse=2.6285  lr=1.0e-04  157s
  -> best  monitor=4.313e-01
  batch 10/192  loss=0.4716
  batch 20/192  loss=0.4445
  batch 30/192  loss=0.3716
  batch 40/192  loss=0.3140
  batch 50/192  loss=0.4612
  batch 60/192  loss=0.4830
  batch 70/192  loss=0.3317
  batch 80/192  loss=0.3578
  batch 90/192  loss=0.3805
  batch 100/192  loss=0.5282
  batch 110/192  loss=0.3148
  batch 120/192  loss=0.4659
  batch 130/192  loss=0.4334
  batch 140/192  loss=0.4791
  batch 150/192  loss=0.3705
  batch 160/192  loss=0.3374
  batch 170/192  loss=0.3983
  batch 180/192  loss=0.3548
  batch 190/192  loss=0.3516
Epoch 100/300  train=4.288e-01  rmse=2.4556  lr=1.0e-04  156s
  -> best  monitor=4.288e-01
  batch 10/192  loss=0.3484
  batch 20/192  loss=0.3254
  batch 30/192  loss=0.4160
  batch 40/192  loss=0.4012
  batch 50/192  loss=0.3724
  batch 60/192  loss=0.3841
  batch 70/192  loss=0.3644
  batch 80/192  loss=0.4466
  batch 90/192  loss=0.3534
  batch 100/192  loss=0.3385
  batch 110/192  loss=0.3258
  batch 120/192  loss=0.4887
  batch 130/192  loss=0.3998
  batch 140/192  loss=1.0330
  batch 150/192  loss=0.4413
  batch 160/192  loss=0.3513
  batch 170/192  loss=0.6274
  batch 180/192  loss=0.3285
  batch 190/192  loss=0.5730
Epoch 101/300  train=4.329e-01  rmse=2.7868  lr=1.0e-04  157s
  batch 10/192  loss=0.3929
  batch 20/192  loss=0.6445
  batch 30/192  loss=0.3968
  batch 40/192  loss=0.3734
  batch 50/192  loss=0.3378
  batch 60/192  loss=0.4291
  batch 70/192  loss=0.3521
  batch 80/192  loss=0.4124
  batch 90/192  loss=0.3716
  batch 100/192  loss=0.5528
  batch 110/192  loss=0.3415
  batch 120/192  loss=0.3460
  batch 130/192  loss=0.4133
  batch 140/192  loss=0.4639
  batch 150/192  loss=0.4294
  batch 160/192  loss=0.5974
  batch 170/192  loss=0.5223
  batch 180/192  loss=0.3160
  batch 190/192  loss=0.4005
Epoch 102/300  train=4.262e-01  rmse=2.3540  lr=1.0e-04  157s
  -> best  monitor=4.262e-01
  batch 10/192  loss=0.3734
  batch 20/192  loss=0.3697
  batch 30/192  loss=0.2984
  batch 40/192  loss=0.4321
  batch 50/192  loss=0.3640
  batch 60/192  loss=0.5321
  batch 70/192  loss=0.3816
  batch 80/192  loss=0.4208
  batch 90/192  loss=0.3623
  batch 100/192  loss=0.3468
  batch 110/192  loss=0.5726
  batch 120/192  loss=0.3290
  batch 130/192  loss=0.7479
  batch 140/192  loss=0.3445
  batch 150/192  loss=0.5678
  batch 160/192  loss=0.3408
  batch 170/192  loss=0.6239
  batch 180/192  loss=0.3459
  batch 190/192  loss=0.3652
Epoch 103/300  train=4.369e-01  rmse=8.2270  lr=1.0e-04  156s
  batch 10/192  loss=0.3425
  batch 20/192  loss=0.4272
  batch 30/192  loss=0.4360
  batch 40/192  loss=0.4795
  batch 50/192  loss=0.4734
  batch 60/192  loss=0.3686
  batch 70/192  loss=0.3842
  batch 80/192  loss=0.3673
  batch 90/192  loss=0.5538
  batch 100/192  loss=0.4668
  batch 110/192  loss=0.4456
  batch 120/192  loss=0.3708
  batch 130/192  loss=0.4020
  batch 140/192  loss=0.3311
  batch 150/192  loss=0.4990
  batch 160/192  loss=0.6254
  batch 170/192  loss=0.5417
  batch 180/192  loss=0.3403
  batch 190/192  loss=0.3236
Epoch 104/300  train=4.330e-01  rmse=2.1138  lr=1.0e-04  156s
  batch 10/192  loss=0.4413
  batch 20/192  loss=0.3493
  batch 30/192  loss=0.6041
  batch 40/192  loss=0.4041
  batch 50/192  loss=0.3681
  batch 60/192  loss=0.3204
  batch 70/192  loss=0.6016
  batch 80/192  loss=0.4409
  batch 90/192  loss=0.4349
  batch 100/192  loss=0.4460
  batch 110/192  loss=0.3439
  batch 120/192  loss=0.4817
  batch 130/192  loss=0.4000
  batch 140/192  loss=0.3857
  batch 150/192  loss=0.6758
  batch 160/192  loss=0.3695
  batch 170/192  loss=0.3588
  batch 180/192  loss=0.3988
  batch 190/192  loss=0.3273
Epoch 105/300  train=4.255e-01  rmse=2.8573  lr=1.0e-04  157s
  -> best  monitor=4.255e-01
  batch 10/192  loss=1.6811
  batch 20/192  loss=0.4459
  batch 30/192  loss=0.3122
  batch 40/192  loss=0.3336
  batch 50/192  loss=0.4966
  batch 60/192  loss=0.3124
  batch 70/192  loss=0.5430
  batch 80/192  loss=0.3590
  batch 90/192  loss=0.5454
  batch 100/192  loss=0.3310
  batch 110/192  loss=0.3673
  batch 120/192  loss=0.6889
  batch 130/192  loss=0.3284
  batch 140/192  loss=0.3223
  batch 150/192  loss=0.5644
  batch 160/192  loss=0.4973
  batch 170/192  loss=0.3222
  batch 180/192  loss=0.3439
  batch 190/192  loss=0.3149
Epoch 106/300  train=4.291e-01  rmse=2.3123  lr=1.0e-04  157s
  batch 10/192  loss=0.3402
  batch 20/192  loss=0.3741
  batch 30/192  loss=0.4625
  batch 40/192  loss=0.4447
  batch 50/192  loss=0.4072
  batch 60/192  loss=0.4360
  batch 70/192  loss=0.4080
  batch 80/192  loss=0.7014
  batch 90/192  loss=0.3178
  batch 100/192  loss=0.3097
  batch 110/192  loss=0.3600
  batch 120/192  loss=0.3397
  batch 130/192  loss=0.3602
  batch 140/192  loss=0.6438
  batch 150/192  loss=0.3926
  batch 160/192  loss=0.3233
  batch 170/192  loss=0.3949
  batch 180/192  loss=0.4384
  batch 190/192  loss=0.3689
Epoch 107/300  train=4.239e-01  rmse=2.7055  lr=1.0e-04  157s
  -> best  monitor=4.239e-01
  batch 10/192  loss=0.4167
  batch 20/192  loss=0.4056
  batch 30/192  loss=0.3823
  batch 40/192  loss=0.3587
  batch 50/192  loss=0.4218
  batch 60/192  loss=0.4526
  batch 70/192  loss=0.4215
  batch 80/192  loss=0.4503
  batch 90/192  loss=0.3699
  batch 100/192  loss=0.8256
  batch 110/192  loss=0.3874
  batch 120/192  loss=0.3161
  batch 130/192  loss=0.3363
  batch 140/192  loss=0.3642
  batch 150/192  loss=0.3902
  batch 160/192  loss=0.4993
  batch 170/192  loss=0.5419
  batch 180/192  loss=0.3676
  batch 190/192  loss=0.4160
Epoch 108/300  train=4.258e-01  rmse=7.5862  lr=1.0e-04  157s
  batch 10/192  loss=0.4286
  batch 20/192  loss=0.3107
  batch 30/192  loss=0.4667
  batch 40/192  loss=0.4619
  batch 50/192  loss=0.4211
  batch 60/192  loss=0.7186
  batch 70/192  loss=0.6496
  batch 80/192  loss=0.4697
  batch 90/192  loss=0.5020
  batch 100/192  loss=0.3760
  batch 110/192  loss=0.3685
  batch 120/192  loss=0.3475
  batch 130/192  loss=0.3922
  batch 140/192  loss=0.3202
  batch 150/192  loss=0.3631
  batch 160/192  loss=0.4454
  batch 170/192  loss=0.3876
  batch 180/192  loss=0.4127
  batch 190/192  loss=0.3403
Epoch 109/300  train=4.227e-01  rmse=2.9573  lr=1.0e-04  157s
  -> best  monitor=4.227e-01
  batch 10/192  loss=0.3142
  batch 20/192  loss=0.3362
  batch 30/192  loss=0.3786
  batch 40/192  loss=0.4551
  batch 50/192  loss=0.3568
  batch 60/192  loss=0.3401
  batch 70/192  loss=0.4285
  batch 80/192  loss=0.6585
  batch 90/192  loss=0.3408
  batch 100/192  loss=0.4424
  batch 110/192  loss=0.4429
  batch 120/192  loss=0.3970
  batch 130/192  loss=0.5213
  batch 140/192  loss=0.3358
  batch 150/192  loss=0.3299
  batch 160/192  loss=0.3465
  batch 170/192  loss=0.3170
  batch 180/192  loss=0.3391
  batch 190/192  loss=0.3540
Epoch 110/300  train=4.293e-01  rmse=1.9889  lr=1.0e-04  157s
  batch 10/192  loss=0.3247
  batch 20/192  loss=0.3658
  batch 30/192  loss=0.3955
  batch 40/192  loss=0.4069
  batch 50/192  loss=0.4084
  batch 60/192  loss=0.4086
  batch 70/192  loss=0.3927
  batch 80/192  loss=0.6190
  batch 90/192  loss=0.3180
  batch 100/192  loss=0.2795
  batch 110/192  loss=0.3853
  batch 120/192  loss=0.4782
  batch 130/192  loss=0.4315
  batch 140/192  loss=0.3688
  batch 150/192  loss=0.5954
  batch 160/192  loss=0.3391
  batch 170/192  loss=0.6781
  batch 180/192  loss=0.4398
  batch 190/192  loss=0.3889
Epoch 111/300  train=4.187e-01  rmse=3.7366  lr=1.0e-04  157s
  -> best  monitor=4.187e-01
  batch 10/192  loss=0.3454
  batch 20/192  loss=0.3819
  batch 30/192  loss=0.3174
  batch 40/192  loss=0.4385
  batch 50/192  loss=0.3711
  batch 60/192  loss=0.4012
  batch 70/192  loss=0.7461
  batch 80/192  loss=0.3006
  batch 90/192  loss=0.3378
  batch 100/192  loss=0.3389
  batch 110/192  loss=0.4724
  batch 120/192  loss=0.4265
  batch 130/192  loss=0.3101
  batch 140/192  loss=0.4172
  batch 150/192  loss=0.7449
  batch 160/192  loss=0.8693
  batch 170/192  loss=0.4189
  batch 180/192  loss=0.4170
  batch 190/192  loss=0.3163
Epoch 112/300  train=4.154e-01  rmse=2.8463  lr=1.0e-04  157s
  -> best  monitor=4.154e-01
  batch 10/192  loss=0.3220
  batch 20/192  loss=0.4035
  batch 30/192  loss=0.3609
  batch 40/192  loss=0.4935
  batch 50/192  loss=0.3280
  batch 60/192  loss=0.3519
  batch 70/192  loss=0.3125
  batch 80/192  loss=0.3375
  batch 90/192  loss=0.3314
  batch 100/192  loss=0.3815
  batch 110/192  loss=0.3181
  batch 120/192  loss=0.4064
  batch 130/192  loss=0.4629
  batch 140/192  loss=0.3754
  batch 150/192  loss=0.3511
  batch 160/192  loss=0.3187
  batch 170/192  loss=0.4027
  batch 180/192  loss=0.5393
  batch 190/192  loss=0.4424
Epoch 113/300  train=4.261e-01  rmse=2.0904  lr=1.0e-04  156s
  batch 10/192  loss=0.3226
  batch 20/192  loss=0.5485
  batch 30/192  loss=0.3999
  batch 40/192  loss=0.4662
  batch 50/192  loss=0.3901
  batch 60/192  loss=0.5102
  batch 70/192  loss=0.5120
  batch 80/192  loss=0.4273
  batch 90/192  loss=0.3745
  batch 100/192  loss=0.4793
  batch 110/192  loss=0.3418
  batch 120/192  loss=0.3080
  batch 130/192  loss=0.5456
  batch 140/192  loss=0.4035
  batch 150/192  loss=0.2934
  batch 160/192  loss=0.4303
  batch 170/192  loss=0.3312
  batch 180/192  loss=0.6951
  batch 190/192  loss=0.2956
Epoch 114/300  train=4.213e-01  rmse=4.2032  lr=1.0e-04  157s
  batch 10/192  loss=0.7034
  batch 20/192  loss=0.4384
  batch 30/192  loss=0.4365
  batch 40/192  loss=0.3492
  batch 50/192  loss=0.3771
  batch 60/192  loss=0.6578
  batch 70/192  loss=0.3369
  batch 80/192  loss=0.5265
  batch 90/192  loss=0.3447
  batch 100/192  loss=0.3212
  batch 110/192  loss=0.4356
  batch 120/192  loss=0.3569
  batch 130/192  loss=0.4448
  batch 140/192  loss=0.4506
  batch 150/192  loss=0.6547
  batch 160/192  loss=0.3567
  batch 170/192  loss=0.3096
  batch 180/192  loss=0.4436
  batch 190/192  loss=0.3475
Epoch 115/300  train=4.153e-01  rmse=2.2811  lr=1.0e-04  156s
  -> best  monitor=4.153e-01
  batch 10/192  loss=0.4961
  batch 20/192  loss=0.5009
  batch 30/192  loss=0.3254
  batch 40/192  loss=0.7649
  batch 50/192  loss=0.3107
  batch 60/192  loss=0.3960
  batch 70/192  loss=0.6958
  batch 80/192  loss=0.4201
  batch 90/192  loss=0.4284
  batch 100/192  loss=0.3718
  batch 110/192  loss=0.8213
  batch 120/192  loss=0.4684
  batch 130/192  loss=0.4752
  batch 140/192  loss=0.4834
  batch 150/192  loss=0.5730
  batch 160/192  loss=0.3733
  batch 170/192  loss=0.3404
  batch 180/192  loss=0.6730
  batch 190/192  loss=0.5967
Epoch 116/300  train=4.230e-01  rmse=4.3135  lr=1.0e-04  157s
  batch 10/192  loss=0.4022
  batch 20/192  loss=0.6733
  batch 30/192  loss=0.3318
  batch 40/192  loss=0.3065
  batch 50/192  loss=0.3389
  batch 60/192  loss=0.4261
  batch 70/192  loss=0.3543
  batch 80/192  loss=0.3969
  batch 90/192  loss=0.5176
  batch 100/192  loss=0.4820
  batch 110/192  loss=0.3795
  batch 120/192  loss=0.4416
  batch 130/192  loss=0.4699
  batch 140/192  loss=0.4536
  batch 150/192  loss=0.4658
  batch 160/192  loss=0.3450
  batch 170/192  loss=0.7011
  batch 180/192  loss=0.3455
  batch 190/192  loss=0.3325
Epoch 117/300  train=4.171e-01  rmse=2.3551  lr=1.0e-04  157s
  batch 10/192  loss=0.4028
  batch 20/192  loss=0.7518
  batch 30/192  loss=0.3146
  batch 40/192  loss=0.5706
  batch 50/192  loss=0.9504
  batch 60/192  loss=0.4868
  batch 70/192  loss=0.3068
  batch 80/192  loss=0.4404
  batch 90/192  loss=0.3275
  batch 100/192  loss=0.4676
  batch 110/192  loss=0.4366
  batch 120/192  loss=0.2921
  batch 130/192  loss=0.3600
  batch 140/192  loss=0.4258
  batch 150/192  loss=0.3553
  batch 160/192  loss=0.4085
  batch 170/192  loss=0.3901
  batch 180/192  loss=0.4281
  batch 190/192  loss=0.8154
Epoch 118/300  train=4.228e-01  rmse=2.8462  lr=1.0e-04  156s
  batch 10/192  loss=0.3276
  batch 20/192  loss=0.3720
  batch 30/192  loss=0.3248
  batch 40/192  loss=0.4226
  batch 50/192  loss=0.4312
  batch 60/192  loss=0.3625
  batch 70/192  loss=0.3965
  batch 80/192  loss=0.3116
  batch 90/192  loss=0.3337
  batch 100/192  loss=0.3365
  batch 110/192  loss=0.4889
  batch 120/192  loss=0.4049
  batch 130/192  loss=0.5477
  batch 140/192  loss=0.3445
  batch 150/192  loss=0.3958
  batch 160/192  loss=0.3750
  batch 170/192  loss=0.3898
  batch 180/192  loss=0.3641
  batch 190/192  loss=0.3313
Epoch 119/300  train=4.166e-01  rmse=2.6172  lr=1.0e-04  157s
  batch 10/192  loss=0.3930
  batch 20/192  loss=0.3730
  batch 30/192  loss=0.3276
  batch 40/192  loss=0.3409
  batch 50/192  loss=0.4925
  batch 60/192  loss=1.2540
  batch 70/192  loss=0.3337
  batch 80/192  loss=0.3367
  batch 90/192  loss=0.5613
  batch 100/192  loss=0.3601
  batch 110/192  loss=0.4792
  batch 120/192  loss=0.2964
  batch 130/192  loss=0.3436
  batch 140/192  loss=0.4380
  batch 150/192  loss=0.6962
  batch 160/192  loss=0.3717
  batch 170/192  loss=0.3893
  batch 180/192  loss=0.3249
  batch 190/192  loss=0.3631
Epoch 120/300  train=4.191e-01  rmse=2.2181  lr=1.0e-04  156s
  batch 10/192  loss=0.3230
  batch 20/192  loss=0.3605
  batch 30/192  loss=0.3245
  batch 40/192  loss=0.3124
  batch 50/192  loss=0.3786
  batch 60/192  loss=0.3867
  batch 70/192  loss=0.3490
  batch 80/192  loss=0.4036
  batch 90/192  loss=0.4794
  batch 100/192  loss=0.4089
  batch 110/192  loss=0.3733
  batch 120/192  loss=0.3745
  batch 130/192  loss=0.3412
  batch 140/192  loss=0.5508
  batch 150/192  loss=0.5303
  batch 160/192  loss=0.3725
  batch 170/192  loss=0.3970
  batch 180/192  loss=0.6320
  batch 190/192  loss=0.4136
Epoch 121/300  train=4.143e-01  rmse=8.9854  lr=1.0e-04  156s
  -> best  monitor=4.143e-01
  batch 10/192  loss=0.2943
  batch 20/192  loss=0.3536
  batch 30/192  loss=0.3839
  batch 40/192  loss=0.6021
  batch 50/192  loss=0.3784
  batch 60/192  loss=0.4067
  batch 70/192  loss=0.7368
  batch 80/192  loss=0.3459
  batch 90/192  loss=0.3226
  batch 100/192  loss=0.3840
  batch 110/192  loss=0.4553
  batch 120/192  loss=0.3341
  batch 130/192  loss=0.3635
  batch 140/192  loss=0.3122
  batch 150/192  loss=0.3090
  batch 160/192  loss=0.3200
  batch 170/192  loss=0.3912
  batch 180/192  loss=0.5373
  batch 190/192  loss=0.3627
Epoch 122/300  train=4.146e-01  rmse=3.2673  lr=1.0e-04  157s
  batch 10/192  loss=0.3448
  batch 20/192  loss=0.3461
  batch 30/192  loss=0.3389
  batch 40/192  loss=0.2882
  batch 50/192  loss=0.3445
  batch 60/192  loss=0.4504
  batch 70/192  loss=0.3397
  batch 80/192  loss=0.3531
  batch 90/192  loss=0.4742
  batch 100/192  loss=0.3553
  batch 110/192  loss=0.3642
  batch 120/192  loss=0.4594
  batch 130/192  loss=0.4096
  batch 140/192  loss=0.3420
  batch 150/192  loss=0.3290
  batch 160/192  loss=0.3352
  batch 170/192  loss=0.3193
  batch 180/192  loss=0.3391
  batch 190/192  loss=0.3097
Epoch 123/300  train=4.149e-01  rmse=2.1111  lr=1.0e-04  157s
  batch 10/192  loss=0.7961
  batch 20/192  loss=0.3642
  batch 30/192  loss=0.3440
  batch 40/192  loss=0.4385
  batch 50/192  loss=0.6438
  batch 60/192  loss=0.3644
  batch 70/192  loss=0.3216
  batch 80/192  loss=0.4464
  batch 90/192  loss=0.3705
  batch 100/192  loss=0.5100
  batch 110/192  loss=0.3379
  batch 120/192  loss=0.3570
  batch 130/192  loss=0.3112
  batch 140/192  loss=0.6353
  batch 150/192  loss=0.3282
  batch 160/192  loss=0.3313
  batch 170/192  loss=0.4583
  batch 180/192  loss=0.3519
  batch 190/192  loss=0.6455
Epoch 124/300  train=4.194e-01  rmse=5.7259  lr=1.0e-04  156s
  batch 10/192  loss=0.3954
  batch 20/192  loss=0.3197
  batch 30/192  loss=0.5545
  batch 40/192  loss=0.3335
  batch 50/192  loss=0.3408
  batch 60/192  loss=0.3148
  batch 70/192  loss=0.4997
  batch 80/192  loss=0.3397
  batch 90/192  loss=0.3416
  batch 100/192  loss=0.7101
  batch 110/192  loss=0.3847
  batch 120/192  loss=0.3865
  batch 130/192  loss=0.3286
  batch 140/192  loss=0.5265
  batch 150/192  loss=0.3351
  batch 160/192  loss=0.4439
  batch 170/192  loss=0.5953
  batch 180/192  loss=0.4281
  batch 190/192  loss=0.5280
Epoch 125/300  train=4.173e-01  rmse=4.2576  lr=1.0e-04  157s
  batch 10/192  loss=0.4298
  batch 20/192  loss=0.5604
  batch 30/192  loss=0.6197
  batch 40/192  loss=0.3156
  batch 50/192  loss=0.3433
  batch 60/192  loss=0.4560
  batch 70/192  loss=0.3186
  batch 80/192  loss=0.2932
  batch 90/192  loss=0.6396
  batch 100/192  loss=0.3512
  batch 110/192  loss=0.3844
  batch 120/192  loss=0.3763
  batch 130/192  loss=0.4754
  batch 140/192  loss=0.4321
  batch 150/192  loss=0.6238
  batch 160/192  loss=0.7335
  batch 170/192  loss=0.4338
  batch 180/192  loss=0.3935
  batch 190/192  loss=0.2792
Epoch 126/300  train=4.091e-01  rmse=36.9917  lr=1.0e-04  157s
  -> best  monitor=4.091e-01
  batch 10/192  loss=0.3150
  batch 20/192  loss=0.3442
  batch 30/192  loss=0.3374
  batch 40/192  loss=0.3587
  batch 50/192  loss=0.4290
  batch 60/192  loss=0.3768
  batch 70/192  loss=0.3955
  batch 80/192  loss=0.4094
  batch 90/192  loss=0.3724
  batch 100/192  loss=0.3295
  batch 110/192  loss=0.3499
  batch 120/192  loss=0.4217
  batch 130/192  loss=0.4821
  batch 140/192  loss=0.3925
  batch 150/192  loss=0.2914
  batch 160/192  loss=0.3227
  batch 170/192  loss=0.6604
  batch 180/192  loss=0.3704
  batch 190/192  loss=0.3792
Epoch 127/300  train=4.117e-01  rmse=14.1686  lr=1.0e-04  157s
  batch 10/192  loss=0.4485
  batch 20/192  loss=0.4849
  batch 30/192  loss=0.4587
  batch 40/192  loss=0.3365
  batch 50/192  loss=0.3414
  batch 60/192  loss=0.4652
  batch 70/192  loss=0.3663
  batch 80/192  loss=0.3271
  batch 90/192  loss=0.4107
  batch 100/192  loss=0.3283
  batch 110/192  loss=0.3565
  batch 120/192  loss=0.3251
  batch 130/192  loss=0.3161
  batch 140/192  loss=0.3944
  batch 150/192  loss=0.4682
  batch 160/192  loss=0.3496
  batch 170/192  loss=0.2626
  batch 180/192  loss=0.4213
  batch 190/192  loss=0.3452
Epoch 128/300  train=4.136e-01  rmse=2.4216  lr=1.0e-04  157s
  batch 10/192  loss=0.4827
  batch 20/192  loss=0.3872
  batch 30/192  loss=0.3839
  batch 40/192  loss=0.7775
  batch 50/192  loss=0.3378
  batch 60/192  loss=0.3302
  batch 70/192  loss=0.3334
  batch 80/192  loss=0.3376
  batch 90/192  loss=0.3113
  batch 100/192  loss=0.4305
  batch 110/192  loss=0.4571
  batch 120/192  loss=0.3828
  batch 130/192  loss=0.3358
  batch 140/192  loss=0.3278
  batch 150/192  loss=0.5153
  batch 160/192  loss=0.8250
  batch 170/192  loss=0.3865
  batch 180/192  loss=0.6113
  batch 190/192  loss=0.5996
Epoch 129/300  train=4.148e-01  rmse=2.7212  lr=1.0e-04  157s
  batch 10/192  loss=0.3641
  batch 20/192  loss=0.3529
  batch 30/192  loss=0.5677
  batch 40/192  loss=0.4081
  batch 50/192  loss=0.3565
  batch 60/192  loss=0.3983
  batch 70/192  loss=0.3742
  batch 80/192  loss=0.2968
  batch 90/192  loss=0.6307
  batch 100/192  loss=0.3882
  batch 110/192  loss=0.3346
  batch 120/192  loss=0.4775
  batch 130/192  loss=0.3269
  batch 140/192  loss=0.5928
  batch 150/192  loss=0.3855
  batch 160/192  loss=0.4177
  batch 170/192  loss=0.6672
  batch 180/192  loss=0.3552
  batch 190/192  loss=0.5740
Epoch 130/300  train=4.049e-01  rmse=2.2384  lr=1.0e-04  158s
  -> best  monitor=4.049e-01
  batch 10/192  loss=0.5009
  batch 20/192  loss=0.3728
  batch 30/192  loss=0.3520
  batch 40/192  loss=0.3319
  batch 50/192  loss=0.4163
  batch 60/192  loss=0.3221
  batch 70/192  loss=0.3639
  batch 80/192  loss=0.4115
  batch 90/192  loss=0.3649
  batch 100/192  loss=0.4204
  batch 110/192  loss=0.4281
  batch 120/192  loss=0.3099
  batch 130/192  loss=0.4482
  batch 140/192  loss=0.6717
  batch 150/192  loss=0.3419
  batch 160/192  loss=0.3635
  batch 170/192  loss=0.4102
  batch 180/192  loss=0.5858
  batch 190/192  loss=0.3553
Epoch 131/300  train=4.055e-01  rmse=2.5800  lr=1.0e-04  157s
  batch 10/192  loss=0.3200
  batch 20/192  loss=0.3741
  batch 30/192  loss=0.3868
  batch 40/192  loss=0.5727
  batch 50/192  loss=0.2852
  batch 60/192  loss=0.3140
  batch 70/192  loss=0.3535
  batch 80/192  loss=0.3617
  batch 90/192  loss=0.3598
  batch 100/192  loss=0.3522
  batch 110/192  loss=0.3810
  batch 120/192  loss=0.3482
  batch 130/192  loss=0.3552
  batch 140/192  loss=0.3437
  batch 150/192  loss=0.3479
  batch 160/192  loss=0.3668
  batch 170/192  loss=0.3068
  batch 180/192  loss=0.4032
  batch 190/192  loss=0.4815
Epoch 132/300  train=4.050e-01  rmse=2.7804  lr=1.0e-04  158s
  batch 10/192  loss=0.3252
  batch 20/192  loss=0.6057
  batch 30/192  loss=0.3636
  batch 40/192  loss=0.3175
  batch 50/192  loss=0.3551
  batch 60/192  loss=0.2982
  batch 70/192  loss=0.3088
  batch 80/192  loss=0.3284
  batch 90/192  loss=0.3285
  batch 100/192  loss=0.4471
  batch 110/192  loss=0.4519
  batch 120/192  loss=0.3746
  batch 130/192  loss=0.2967
  batch 140/192  loss=0.3372
  batch 150/192  loss=0.3213
  batch 160/192  loss=0.3567
  batch 170/192  loss=0.3228
  batch 180/192  loss=0.3217
  batch 190/192  loss=0.5023
Epoch 133/300  train=4.021e-01  rmse=5.3182  lr=1.0e-04  161s
  -> best  monitor=4.021e-01
  batch 10/192  loss=0.3497
  batch 20/192  loss=0.3327
  batch 30/192  loss=0.3425
  batch 40/192  loss=0.6781
  batch 50/192  loss=0.5729
  batch 60/192  loss=0.3450
  batch 70/192  loss=0.4098
  batch 80/192  loss=0.3142
  batch 90/192  loss=0.4486
  batch 100/192  loss=0.4582
  batch 110/192  loss=0.3265
  batch 120/192  loss=0.3507
  batch 130/192  loss=0.3840
  batch 140/192  loss=0.5403
  batch 150/192  loss=0.3367
  batch 160/192  loss=0.5613
  batch 170/192  loss=0.3631
  batch 180/192  loss=0.3758
  batch 190/192  loss=0.3346
Epoch 134/300  train=4.057e-01  rmse=2.4988  lr=1.0e-04  160s
  batch 10/192  loss=0.3617
  batch 20/192  loss=0.4323
  batch 30/192  loss=0.3566
  batch 40/192  loss=0.3671
  batch 50/192  loss=0.3045
  batch 60/192  loss=0.2975
  batch 70/192  loss=0.2964
  batch 80/192  loss=0.3805
  batch 90/192  loss=0.3838
  batch 100/192  loss=0.3566
  batch 110/192  loss=0.2990
  batch 120/192  loss=0.4387
  batch 130/192  loss=0.3313
  batch 140/192  loss=0.3557
  batch 150/192  loss=0.3903
  batch 160/192  loss=0.4110
  batch 170/192  loss=0.3929
  batch 180/192  loss=0.3530
  batch 190/192  loss=0.3125
Epoch 135/300  train=4.072e-01  rmse=13.7086  lr=1.0e-04  162s
  batch 10/192  loss=0.3113
  batch 20/192  loss=0.3187
  batch 30/192  loss=0.3477
  batch 40/192  loss=0.3201
  batch 50/192  loss=0.4229
  batch 60/192  loss=0.6054
  batch 70/192  loss=0.3463
  batch 80/192  loss=0.3320
  batch 90/192  loss=0.4716
  batch 100/192  loss=0.2699
  batch 110/192  loss=0.3675
  batch 120/192  loss=1.0180
  batch 130/192  loss=0.3539
  batch 140/192  loss=0.3034
  batch 150/192  loss=0.3669
  batch 160/192  loss=0.3553
  batch 170/192  loss=0.3649
  batch 180/192  loss=0.3688
  batch 190/192  loss=0.4194
Epoch 136/300  train=4.049e-01  rmse=2.1242  lr=1.0e-04  160s
  batch 10/192  loss=0.3743
  batch 20/192  loss=0.3637
  batch 30/192  loss=0.3385
  batch 40/192  loss=0.5719
  batch 50/192  loss=0.3641
  batch 60/192  loss=0.6205
  batch 70/192  loss=0.4025
  batch 80/192  loss=0.3671
  batch 90/192  loss=0.3951
  batch 100/192  loss=0.4946
  batch 110/192  loss=0.3670
  batch 120/192  loss=0.4379
  batch 130/192  loss=0.3174
  batch 140/192  loss=0.3626
  batch 150/192  loss=0.4105
  batch 160/192  loss=0.6924
  batch 170/192  loss=0.4587
  batch 180/192  loss=0.3300
  batch 190/192  loss=0.3606
Epoch 137/300  train=4.007e-01  rmse=2.7358  lr=1.0e-04  159s
  -> best  monitor=4.007e-01
  batch 10/192  loss=0.4675
  batch 20/192  loss=0.6417
  batch 30/192  loss=0.4540
  batch 40/192  loss=0.2685
  batch 50/192  loss=0.3844
  batch 60/192  loss=0.4609
  batch 70/192  loss=0.3432
  batch 80/192  loss=0.8105
  batch 90/192  loss=0.3946
  batch 100/192  loss=0.6758
  batch 110/192  loss=0.3876
  batch 120/192  loss=0.3224
  batch 130/192  loss=0.2881
  batch 140/192  loss=0.4369
  batch 150/192  loss=0.4070
  batch 160/192  loss=0.3313
  batch 170/192  loss=0.3799
  batch 180/192  loss=0.6737
  batch 190/192  loss=0.3152
Epoch 138/300  train=3.994e-01  rmse=2.8547  lr=1.0e-04  158s
  -> best  monitor=3.994e-01
  batch 10/192  loss=0.4280
  batch 20/192  loss=0.3758
  batch 30/192  loss=0.3291
  batch 40/192  loss=0.3168
  batch 50/192  loss=0.5147
  batch 60/192  loss=0.5128
  batch 70/192  loss=0.4607
  batch 80/192  loss=0.5098
  batch 90/192  loss=0.5486
  batch 100/192  loss=0.5749
  batch 110/192  loss=0.3972
  batch 120/192  loss=0.3972
  batch 130/192  loss=0.4080
  batch 140/192  loss=0.3780
  batch 150/192  loss=0.3987
  batch 160/192  loss=0.3394
  batch 170/192  loss=0.5757
  batch 180/192  loss=0.5054
  batch 190/192  loss=0.4431
Epoch 139/300  train=4.099e-01  rmse=2.2268  lr=1.0e-04  158s
  batch 10/192  loss=0.4380
  batch 20/192  loss=0.3403
  batch 30/192  loss=0.3139
  batch 40/192  loss=0.3482
  batch 50/192  loss=0.3520
  batch 60/192  loss=0.3570
  batch 70/192  loss=0.4693
  batch 80/192  loss=0.4053
  batch 90/192  loss=0.6473
  batch 100/192  loss=0.2907
  batch 110/192  loss=0.3906
  batch 120/192  loss=0.3571
  batch 130/192  loss=0.3364
  batch 140/192  loss=0.3407
  batch 150/192  loss=0.3128
  batch 160/192  loss=0.3112
  batch 170/192  loss=0.3743
  batch 180/192  loss=0.3693
  batch 190/192  loss=0.4431
Epoch 140/300  train=4.052e-01  rmse=2.4099  lr=1.0e-04  162s
  batch 10/192  loss=0.5648
  batch 20/192  loss=0.3013
  batch 30/192  loss=0.3127
  batch 40/192  loss=0.3087
  batch 50/192  loss=0.3182
  batch 60/192  loss=0.2915
  batch 70/192  loss=0.3555
  batch 80/192  loss=0.3446
  batch 90/192  loss=0.4851
  batch 100/192  loss=0.3442
  batch 110/192  loss=0.3645
  batch 120/192  loss=0.3438
  batch 130/192  loss=0.4656
  batch 140/192  loss=0.7098
  batch 150/192  loss=0.3375
  batch 160/192  loss=0.3023
  batch 170/192  loss=0.3657
  batch 180/192  loss=0.3084
  batch 190/192  loss=0.3999
Epoch 141/300  train=4.000e-01  rmse=2.8145  lr=1.0e-04  160s
  batch 10/192  loss=0.3958
  batch 20/192  loss=0.3068
  batch 30/192  loss=0.5290
  batch 40/192  loss=0.3618
  batch 50/192  loss=0.4177
  batch 60/192  loss=0.4001
  batch 70/192  loss=0.4277
  batch 80/192  loss=0.2912
  batch 90/192  loss=0.3184
  batch 100/192  loss=0.3012
  batch 110/192  loss=0.4667
  batch 120/192  loss=0.6491
  batch 130/192  loss=0.2792
  batch 140/192  loss=0.4723
  batch 150/192  loss=0.6151
  batch 160/192  loss=0.3889
  batch 170/192  loss=0.3258
  batch 180/192  loss=0.2988
  batch 190/192  loss=0.3661
Epoch 142/300  train=4.002e-01  rmse=4.3695  lr=1.0e-04  159s
  batch 10/192  loss=0.6426
  batch 20/192  loss=0.4085
  batch 30/192  loss=0.3495
  batch 40/192  loss=0.3766
  batch 50/192  loss=0.3083
  batch 60/192  loss=0.3331
  batch 70/192  loss=0.3501
  batch 80/192  loss=0.3410
  batch 90/192  loss=0.3949
  batch 100/192  loss=0.3020
  batch 110/192  loss=0.3938
  batch 120/192  loss=0.4928
  batch 130/192  loss=0.8153
  batch 140/192  loss=0.3215
  batch 150/192  loss=0.5195
  batch 160/192  loss=0.7129
  batch 170/192  loss=0.4918
  batch 180/192  loss=0.3863
  batch 190/192  loss=0.3136
Epoch 143/300  train=4.006e-01  rmse=2.5362  lr=1.0e-04  158s
  batch 10/192  loss=0.3040
  batch 20/192  loss=0.5403
  batch 30/192  loss=0.3136
  batch 40/192  loss=0.4097
  batch 50/192  loss=0.3574
  batch 60/192  loss=0.3260
  batch 70/192  loss=0.3279
  batch 80/192  loss=0.4828
  batch 90/192  loss=0.3280
  batch 100/192  loss=0.3131
  batch 110/192  loss=0.3423
  batch 120/192  loss=0.3872
  batch 130/192  loss=0.6442
  batch 140/192  loss=0.4877
  batch 150/192  loss=0.2940
  batch 160/192  loss=0.4028
  batch 170/192  loss=0.3356
  batch 180/192  loss=0.3497
  batch 190/192  loss=0.3456
Epoch 144/300  train=4.030e-01  rmse=3.5596  lr=1.0e-04  157s
  batch 10/192  loss=0.3113
  batch 20/192  loss=0.3477
  batch 30/192  loss=0.4204
  batch 40/192  loss=0.4011
  batch 50/192  loss=0.3158
  batch 60/192  loss=0.3868
  batch 70/192  loss=0.4372
  batch 80/192  loss=0.3972
  batch 90/192  loss=0.5696
  batch 100/192  loss=0.3406
  batch 110/192  loss=0.3912
  batch 120/192  loss=0.3405
  batch 130/192  loss=0.6033
  batch 140/192  loss=0.3017
  batch 150/192  loss=0.3264
  batch 160/192  loss=0.3664
  batch 170/192  loss=0.3360
  batch 180/192  loss=0.5254
  batch 190/192  loss=0.3974
Epoch 145/300  train=3.965e-01  rmse=5.3587  lr=1.0e-04  157s
  -> best  monitor=3.965e-01
  batch 10/192  loss=0.4569
  batch 20/192  loss=0.4356
  batch 30/192  loss=0.3637
  batch 40/192  loss=0.3221
  batch 50/192  loss=0.3837
  batch 60/192  loss=0.3041
  batch 70/192  loss=0.4054
  batch 80/192  loss=0.3545
  batch 90/192  loss=0.3607
  batch 100/192  loss=0.3861
  batch 110/192  loss=0.3221
  batch 120/192  loss=0.4603
  batch 130/192  loss=0.8067
  batch 140/192  loss=0.5898
  batch 150/192  loss=0.4715
  batch 160/192  loss=0.4150
  batch 170/192  loss=0.3330
  batch 180/192  loss=0.3122
  batch 190/192  loss=0.3159
Epoch 146/300  train=3.989e-01  rmse=2.0568  lr=1.0e-04  158s
  batch 10/192  loss=0.3857
  batch 20/192  loss=0.3333
  batch 30/192  loss=0.3006
  batch 40/192  loss=0.3142
  batch 50/192  loss=0.5504
  batch 60/192  loss=0.3267
  batch 70/192  loss=0.3000
  batch 80/192  loss=0.3510
  batch 90/192  loss=0.4085
  batch 100/192  loss=0.3435
  batch 110/192  loss=0.3623
  batch 120/192  loss=0.3748
  batch 130/192  loss=0.8823
  batch 140/192  loss=0.4289
  batch 150/192  loss=0.3853
  batch 160/192  loss=0.3592
  batch 170/192  loss=0.5408
  batch 180/192  loss=0.6123
  batch 190/192  loss=0.3613
Epoch 147/300  train=4.003e-01  rmse=15.6233  lr=1.0e-04  158s
  batch 10/192  loss=0.3415
  batch 20/192  loss=0.3374
  batch 30/192  loss=0.3305
  batch 40/192  loss=0.3592
  batch 50/192  loss=0.5069
  batch 60/192  loss=0.3141
  batch 70/192  loss=0.3973
  batch 80/192  loss=0.4548
  batch 90/192  loss=0.3335
  batch 100/192  loss=0.3767
  batch 110/192  loss=0.5673
  batch 120/192  loss=0.3728
  batch 130/192  loss=0.3308
  batch 140/192  loss=0.3928
  batch 150/192  loss=0.3401
  batch 160/192  loss=0.5383
  batch 170/192  loss=0.3224
  batch 180/192  loss=0.3663
  batch 190/192  loss=0.3421
Epoch 148/300  train=3.921e-01  rmse=11.1863  lr=1.0e-04  157s
  -> best  monitor=3.921e-01
  batch 10/192  loss=0.3524
  batch 20/192  loss=0.3134
  batch 30/192  loss=0.2994
  batch 40/192  loss=0.5700
  batch 50/192  loss=0.3377
  batch 60/192  loss=0.4239
  batch 70/192  loss=0.3194
  batch 80/192  loss=0.3137
  batch 90/192  loss=0.2783
  batch 100/192  loss=0.5608
  batch 110/192  loss=0.3291
  batch 120/192  loss=0.2953
  batch 130/192  loss=0.3835
  batch 140/192  loss=0.3521
  batch 150/192  loss=0.4582
  batch 160/192  loss=0.3124
  batch 170/192  loss=0.2534
  batch 180/192  loss=0.3092
  batch 190/192  loss=0.3786
Epoch 149/300  train=3.976e-01  rmse=8.1780  lr=1.0e-04  157s
  batch 10/192  loss=0.3358
  batch 20/192  loss=0.4441
  batch 30/192  loss=0.5480
  batch 40/192  loss=0.3415
  batch 50/192  loss=0.3120
  batch 60/192  loss=0.4629
  batch 70/192  loss=0.3399
  batch 80/192  loss=0.3583
  batch 90/192  loss=0.3804
  batch 100/192  loss=0.3311
  batch 110/192  loss=0.3640
  batch 120/192  loss=0.3524
  batch 130/192  loss=0.3935
  batch 140/192  loss=0.3803
  batch 150/192  loss=0.3717
  batch 160/192  loss=0.3171
  batch 170/192  loss=0.4154
  batch 180/192  loss=0.3563
  batch 190/192  loss=0.3561
Epoch 150/300  train=3.977e-01  rmse=2.2514  lr=1.0e-04  157s
  batch 10/192  loss=0.2984
  batch 20/192  loss=0.5464
  batch 30/192  loss=0.3386
  batch 40/192  loss=0.7137
  batch 50/192  loss=0.3781
  batch 60/192  loss=0.3804
  batch 70/192  loss=0.4001
  batch 80/192  loss=0.8497
  batch 90/192  loss=0.3150
  batch 100/192  loss=0.3712
  batch 110/192  loss=0.4158
  batch 120/192  loss=0.3409
  batch 130/192  loss=0.4006
  batch 140/192  loss=0.4055
  batch 150/192  loss=0.3722
  batch 160/192  loss=0.3475
  batch 170/192  loss=0.3490
  batch 180/192  loss=0.3981
  batch 190/192  loss=0.5106
Epoch 151/300  train=3.886e-01  rmse=4.8254  lr=1.0e-04  157s
  -> best  monitor=3.886e-01
  batch 10/192  loss=0.4924
  batch 20/192  loss=0.4528
  batch 30/192  loss=0.3955
  batch 40/192  loss=0.3660
  batch 50/192  loss=0.3659
  batch 60/192  loss=0.3055
  batch 70/192  loss=0.4846
  batch 80/192  loss=0.3098
  batch 90/192  loss=0.3382
  batch 100/192  loss=0.4510
  batch 110/192  loss=0.3114
  batch 120/192  loss=0.3196
  batch 130/192  loss=0.4296
  batch 140/192  loss=0.3679
  batch 150/192  loss=0.3767
  batch 160/192  loss=0.3957
  batch 170/192  loss=0.6016
  batch 180/192  loss=0.5935
  batch 190/192  loss=0.3329
Epoch 152/300  train=4.037e-01  rmse=2.3032  lr=1.0e-04  156s
  batch 10/192  loss=0.2893
  batch 20/192  loss=0.3188
  batch 30/192  loss=0.3984
  batch 40/192  loss=0.2855
  batch 50/192  loss=0.5966
  batch 60/192  loss=0.3624
  batch 70/192  loss=0.3454
  batch 80/192  loss=0.3738
  batch 90/192  loss=0.5478
  batch 100/192  loss=0.3488
  batch 110/192  loss=0.3174
  batch 120/192  loss=0.3634
  batch 130/192  loss=0.3344
  batch 140/192  loss=0.2649
  batch 150/192  loss=0.3167
  batch 160/192  loss=0.3039
  batch 170/192  loss=0.4908
  batch 180/192  loss=0.3377
  batch 190/192  loss=0.3319
Epoch 153/300  train=3.958e-01  rmse=3.9706  lr=1.0e-04  157s
  batch 10/192  loss=0.3241
  batch 20/192  loss=0.3483
  batch 30/192  loss=0.3994
  batch 40/192  loss=0.5809
  batch 50/192  loss=0.3246
  batch 60/192  loss=0.4525
  batch 70/192  loss=0.2971
  batch 80/192  loss=0.3181
  batch 90/192  loss=0.2877
  batch 100/192  loss=0.4291
  batch 110/192  loss=0.3614
  batch 120/192  loss=0.8387
  batch 130/192  loss=0.2793
  batch 140/192  loss=0.4296
  batch 150/192  loss=0.4513
  batch 160/192  loss=0.4988
  batch 170/192  loss=0.3848
  batch 180/192  loss=0.6832
  batch 190/192  loss=0.3428
Epoch 154/300  train=3.938e-01  rmse=2.6323  lr=1.0e-04  158s
  batch 10/192  loss=0.3957
  batch 20/192  loss=0.3116
  batch 30/192  loss=0.3523
  batch 40/192  loss=0.3360
  batch 50/192  loss=0.2966
  batch 60/192  loss=0.6704
  batch 70/192  loss=0.2809
  batch 80/192  loss=0.4211
  batch 90/192  loss=0.6018
  batch 100/192  loss=0.3283
  batch 110/192  loss=0.3717
  batch 120/192  loss=0.3608
  batch 130/192  loss=0.4191
  batch 140/192  loss=0.3904
  batch 150/192  loss=0.2885
  batch 160/192  loss=0.3829
  batch 170/192  loss=0.2891
  batch 180/192  loss=0.3135
  batch 190/192  loss=0.4203
Epoch 155/300  train=4.010e-01  rmse=2.3788  lr=1.0e-04  160s
  batch 10/192  loss=0.3787
  batch 20/192  loss=0.4105
  batch 30/192  loss=0.3743
  batch 40/192  loss=0.3240
  batch 50/192  loss=0.4903
  batch 60/192  loss=0.6646
  batch 70/192  loss=0.3891
  batch 80/192  loss=0.4511
  batch 90/192  loss=0.3763
  batch 100/192  loss=0.3980
  batch 110/192  loss=0.3736
  batch 120/192  loss=0.3986
  batch 130/192  loss=0.3158
  batch 140/192  loss=0.3633
  batch 150/192  loss=0.3197
  batch 160/192  loss=0.3305
  batch 170/192  loss=0.4115
  batch 180/192  loss=0.5363
  batch 190/192  loss=0.3205
Epoch 156/300  train=3.928e-01  rmse=3.0057  lr=1.0e-04  159s
  batch 10/192  loss=0.3048
  batch 20/192  loss=0.3145
  batch 30/192  loss=0.3473
  batch 40/192  loss=0.4521
  batch 50/192  loss=0.4619
  batch 60/192  loss=0.3243
  batch 70/192  loss=0.3924
  batch 80/192  loss=0.3695
  batch 90/192  loss=0.4038
  batch 100/192  loss=0.4239
  batch 110/192  loss=0.3542
  batch 120/192  loss=0.3444
  batch 130/192  loss=0.3507
  batch 140/192  loss=0.4646
  batch 150/192  loss=0.2888
  batch 160/192  loss=0.3974
  batch 170/192  loss=0.3610
  batch 180/192  loss=0.3600
  batch 190/192  loss=0.3524
Epoch 157/300  train=3.950e-01  rmse=4.5789  lr=1.0e-04  160s
  batch 10/192  loss=0.3982
  batch 20/192  loss=0.5760
  batch 30/192  loss=0.3169
  batch 40/192  loss=0.3271
  batch 50/192  loss=0.4197
  batch 60/192  loss=0.4852
  batch 70/192  loss=0.5402
  batch 80/192  loss=0.3266
  batch 90/192  loss=0.3226
  batch 100/192  loss=0.3997
  batch 110/192  loss=0.3468
  batch 120/192  loss=0.2908
  batch 130/192  loss=0.3616
  batch 140/192  loss=0.3702
  batch 150/192  loss=0.4715
  batch 160/192  loss=0.3778
  batch 170/192  loss=0.3247
  batch 180/192  loss=0.4504
  batch 190/192  loss=0.5458
Epoch 158/300  train=3.860e-01  rmse=3.7626  lr=1.0e-04  160s
  -> best  monitor=3.860e-01
  batch 10/192  loss=0.6450
  batch 20/192  loss=0.2868
  batch 30/192  loss=0.3624
  batch 40/192  loss=0.2731
  batch 50/192  loss=0.3214
  batch 60/192  loss=0.6072
  batch 70/192  loss=0.6404
  batch 80/192  loss=0.3270
  batch 90/192  loss=0.3304
  batch 100/192  loss=0.4063
  batch 110/192  loss=0.3240
  batch 120/192  loss=0.4016
  batch 130/192  loss=0.3655
  batch 140/192  loss=0.5801
  batch 150/192  loss=0.3391
  batch 160/192  loss=0.3072
  batch 170/192  loss=0.3755
  batch 180/192  loss=0.3156
  batch 190/192  loss=0.3445
Epoch 159/300  train=3.945e-01  rmse=5.0652  lr=1.0e-04  158s
  batch 10/192  loss=0.4088
  batch 20/192  loss=0.3543
  batch 30/192  loss=0.6316
  batch 40/192  loss=0.5491
  batch 50/192  loss=0.5267
  batch 60/192  loss=0.3377
  batch 70/192  loss=0.3130
  batch 80/192  loss=0.3431
  batch 90/192  loss=0.3399
  batch 100/192  loss=0.3236
  batch 110/192  loss=0.5442
  batch 120/192  loss=0.7845
  batch 130/192  loss=0.3170
  batch 140/192  loss=0.3431
  batch 150/192  loss=0.3618
  batch 160/192  loss=0.3246
  batch 170/192  loss=0.5011
  batch 180/192  loss=0.3428
  batch 190/192  loss=0.3894
Epoch 160/300  train=3.912e-01  rmse=2.2296  lr=1.0e-04  159s
  batch 10/192  loss=0.5192
  batch 20/192  loss=0.3726
  batch 30/192  loss=0.4180
  batch 40/192  loss=0.3747
  batch 50/192  loss=0.4845
  batch 60/192  loss=0.3282
  batch 70/192  loss=0.3325
  batch 80/192  loss=0.3892
  batch 90/192  loss=0.3215
  batch 100/192  loss=0.3463
  batch 110/192  loss=0.3062
  batch 120/192  loss=0.5457
  batch 130/192  loss=0.3419
  batch 140/192  loss=0.3463
  batch 150/192  loss=0.3452
  batch 160/192  loss=0.3385
  batch 170/192  loss=0.3418
  batch 180/192  loss=0.3231
  batch 190/192  loss=0.2882
Epoch 161/300  train=3.889e-01  rmse=2.6832  lr=1.0e-04  156s
  batch 10/192  loss=0.3588
  batch 20/192  loss=0.4515
  batch 30/192  loss=0.3801
  batch 40/192  loss=0.3400
  batch 50/192  loss=0.3288
  batch 60/192  loss=0.2982
  batch 70/192  loss=0.2991
  batch 80/192  loss=0.4272
  batch 90/192  loss=0.3612
  batch 100/192  loss=0.4698
  batch 110/192  loss=0.3197
  batch 120/192  loss=0.3426
  batch 130/192  loss=0.2936
  batch 140/192  loss=0.3455
  batch 150/192  loss=0.3981
  batch 160/192  loss=0.3279
  batch 170/192  loss=0.2935
  batch 180/192  loss=0.3215
  batch 190/192  loss=0.4281
Epoch 162/300  train=3.938e-01  rmse=4.7413  lr=1.0e-04  156s
  batch 10/192  loss=0.3407
  batch 20/192  loss=0.5252
  batch 30/192  loss=0.4377
  batch 40/192  loss=0.4313
  batch 50/192  loss=0.4160
  batch 60/192  loss=0.4469
  batch 70/192  loss=0.2992
  batch 80/192  loss=0.7355
  batch 90/192  loss=0.3808
  batch 100/192  loss=0.3414
  batch 110/192  loss=0.2870
  batch 120/192  loss=0.3599
  batch 130/192  loss=0.3294
  batch 140/192  loss=0.6146
  batch 150/192  loss=0.4582
  batch 160/192  loss=0.6211
  batch 170/192  loss=0.3158
  batch 180/192  loss=0.3203
  batch 190/192  loss=0.5888
Epoch 163/300  train=3.944e-01  rmse=6.4344  lr=1.0e-04  156s
  batch 10/192  loss=0.4698
  batch 20/192  loss=0.3216
  batch 30/192  loss=0.3096
  batch 40/192  loss=0.3790
  batch 50/192  loss=0.3636
  batch 60/192  loss=0.3231
  batch 70/192  loss=0.3559
  batch 80/192  loss=0.3180
  batch 90/192  loss=0.2817
  batch 100/192  loss=0.3918
  batch 110/192  loss=0.3517
  batch 120/192  loss=0.3891
  batch 130/192  loss=0.3998
  batch 140/192  loss=0.3079
  batch 150/192  loss=0.3368
  batch 160/192  loss=0.3175
  batch 170/192  loss=0.4086
  batch 180/192  loss=0.4082
  batch 190/192  loss=0.4322
Epoch 164/300  train=3.849e-01  rmse=2.2994  lr=1.0e-04  156s
  -> best  monitor=3.849e-01
  batch 10/192  loss=0.5738
  batch 20/192  loss=0.4371
  batch 30/192  loss=0.3026
  batch 40/192  loss=0.3640
  batch 50/192  loss=0.3228
  batch 60/192  loss=0.3619
  batch 70/192  loss=0.2909
  batch 80/192  loss=0.3676
  batch 90/192  loss=0.3069
  batch 100/192  loss=0.3503
  batch 110/192  loss=0.3888
  batch 120/192  loss=0.3310
  batch 130/192  loss=0.3153
  batch 140/192  loss=0.3514
  batch 150/192  loss=0.3236
  batch 160/192  loss=0.3013
  batch 170/192  loss=0.3286
  batch 180/192  loss=0.2993
  batch 190/192  loss=0.4158
Epoch 165/300  train=3.841e-01  rmse=4.1101  lr=1.0e-04  158s
  -> best  monitor=3.841e-01
  batch 10/192  loss=0.5763
  batch 20/192  loss=0.3118
  batch 30/192  loss=0.3135
  batch 40/192  loss=0.3838
  batch 50/192  loss=0.3356
  batch 60/192  loss=0.5016
  batch 70/192  loss=0.3009
  batch 80/192  loss=0.3366
  batch 90/192  loss=0.3987
  batch 100/192  loss=0.6060
  batch 110/192  loss=0.2940
  batch 120/192  loss=0.2796
  batch 130/192  loss=0.4811
  batch 140/192  loss=0.3844
  batch 150/192  loss=0.3647
  batch 160/192  loss=0.4111
  batch 170/192  loss=0.4180
  batch 180/192  loss=0.5316
  batch 190/192  loss=0.3280
Epoch 166/300  train=3.883e-01  rmse=102.8797  lr=1.0e-04  157s
  batch 10/192  loss=0.3696
  batch 20/192  loss=0.3028
  batch 30/192  loss=0.3347
  batch 40/192  loss=0.3017
  batch 50/192  loss=0.3904
  batch 60/192  loss=0.3477
  batch 70/192  loss=0.3445
  batch 80/192  loss=0.3377
  batch 90/192  loss=0.3839
  batch 100/192  loss=0.3957
  batch 110/192  loss=0.3572
  batch 120/192  loss=0.3543
  batch 130/192  loss=0.3272
  batch 140/192  loss=0.4115
  batch 150/192  loss=0.3962
  batch 160/192  loss=0.3871
  batch 170/192  loss=0.3285
  batch 180/192  loss=0.3289
  batch 190/192  loss=0.2867
Epoch 167/300  train=3.824e-01  rmse=3.6624  lr=1.0e-04  157s
  -> best  monitor=3.824e-01
  batch 10/192  loss=0.3430
  batch 20/192  loss=0.3075
  batch 30/192  loss=0.3829
  batch 40/192  loss=0.4465
  batch 50/192  loss=0.4672
  batch 60/192  loss=0.3274
  batch 70/192  loss=0.4441
  batch 80/192  loss=0.3397
  batch 90/192  loss=0.3403
  batch 100/192  loss=0.3453
  batch 110/192  loss=0.3722
  batch 120/192  loss=0.3669
  batch 130/192  loss=0.3299
  batch 140/192  loss=0.3802
  batch 150/192  loss=0.3222
  batch 160/192  loss=0.2791
  batch 170/192  loss=0.3604
  batch 180/192  loss=0.3910
  batch 190/192  loss=0.2956
Epoch 168/300  train=3.853e-01  rmse=6.1517  lr=1.0e-04  157s
  batch 10/192  loss=0.3271
  batch 20/192  loss=0.5949
  batch 30/192  loss=0.3460
  batch 40/192  loss=0.3926
  batch 50/192  loss=0.4253
  batch 60/192  loss=0.4783
  batch 70/192  loss=0.3013
  batch 80/192  loss=0.4605
  batch 90/192  loss=0.5191
  batch 100/192  loss=0.3617
  batch 110/192  loss=0.2824
  batch 120/192  loss=0.3328
  batch 130/192  loss=0.3544
  batch 140/192  loss=0.4185
  batch 150/192  loss=0.3502
  batch 160/192  loss=0.3255
  batch 170/192  loss=0.6463
  batch 180/192  loss=0.3912
  batch 190/192  loss=0.5243
Epoch 169/300  train=3.857e-01  rmse=2.3885  lr=1.0e-04  157s
  batch 10/192  loss=0.3011
  batch 20/192  loss=0.4840
  batch 30/192  loss=0.3376
  batch 40/192  loss=0.3403
  batch 50/192  loss=0.3790
  batch 60/192  loss=0.3442
  batch 70/192  loss=0.3631
  batch 80/192  loss=0.4258
  batch 90/192  loss=0.3692
  batch 100/192  loss=0.5319
  batch 110/192  loss=0.2841
  batch 120/192  loss=0.3804
  batch 130/192  loss=0.2895
  batch 140/192  loss=0.3422
  batch 150/192  loss=0.3076
  batch 160/192  loss=0.5160
  batch 170/192  loss=0.3106
  batch 180/192  loss=0.3183
  batch 190/192  loss=0.3471
Epoch 170/300  train=3.904e-01  rmse=5.1640  lr=1.0e-04  157s
  batch 10/192  loss=0.3067
  batch 20/192  loss=0.2565
  batch 30/192  loss=0.6913
  batch 40/192  loss=0.3156
  batch 50/192  loss=0.3445
  batch 60/192  loss=0.3112
  batch 70/192  loss=0.3277
  batch 80/192  loss=0.3480
  batch 90/192  loss=0.3438
  batch 100/192  loss=0.4395
  batch 110/192  loss=0.4177
  batch 120/192  loss=0.3810
  batch 130/192  loss=0.3327
  batch 140/192  loss=0.3077
  batch 150/192  loss=0.2972
  batch 160/192  loss=0.4136
  batch 170/192  loss=0.3141
  batch 180/192  loss=0.4234
  batch 190/192  loss=0.3400
Epoch 171/300  train=3.838e-01  rmse=2.3257  lr=1.0e-04  157s
  batch 10/192  loss=0.3851
  batch 20/192  loss=0.4029
  batch 30/192  loss=0.3129
  batch 40/192  loss=0.3013
  batch 50/192  loss=0.5075
  batch 60/192  loss=0.5155
  batch 70/192  loss=0.3778
  batch 80/192  loss=0.3675
  batch 90/192  loss=0.2981
  batch 100/192  loss=0.3902
  batch 110/192  loss=0.3300
  batch 120/192  loss=0.3326
  batch 130/192  loss=0.3336
  batch 140/192  loss=0.3571
  batch 150/192  loss=0.3200
  batch 160/192  loss=0.4511
  batch 170/192  loss=0.5306
  batch 180/192  loss=0.4389
  batch 190/192  loss=0.4053
Epoch 172/300  train=3.878e-01  rmse=9.6121  lr=1.0e-04  157s
  batch 10/192  loss=0.2867
  batch 20/192  loss=0.3010
  batch 30/192  loss=0.3827
  batch 40/192  loss=0.3586
  batch 50/192  loss=0.4330
  batch 60/192  loss=0.6583
  batch 70/192  loss=0.3008
  batch 80/192  loss=0.3275
  batch 90/192  loss=0.4701
  batch 100/192  loss=0.3974
  batch 110/192  loss=0.3867
  batch 120/192  loss=0.4306
  batch 130/192  loss=0.3147
  batch 140/192  loss=0.3029
  batch 150/192  loss=0.3528
  batch 160/192  loss=0.3405
  batch 170/192  loss=0.3093
  batch 180/192  loss=0.3189
  batch 190/192  loss=0.3689
Epoch 173/300  train=3.872e-01  rmse=2.5125  lr=1.0e-04  157s
  batch 10/192  loss=0.6861
  batch 20/192  loss=0.3371
  batch 30/192  loss=0.3557
  batch 40/192  loss=0.3686
  batch 50/192  loss=0.4407
  batch 60/192  loss=0.3040
  batch 70/192  loss=0.3759
  batch 80/192  loss=0.2688
  batch 90/192  loss=0.3697
  batch 100/192  loss=0.3533
  batch 110/192  loss=0.3628
  batch 120/192  loss=0.3332
  batch 130/192  loss=0.3017
  batch 140/192  loss=0.3912
  batch 150/192  loss=0.4572
  batch 160/192  loss=0.3182
  batch 170/192  loss=0.5344
  batch 180/192  loss=0.4896
  batch 190/192  loss=0.3886
Epoch 174/300  train=3.809e-01  rmse=3.6758  lr=1.0e-04  156s
  -> best  monitor=3.809e-01
  batch 10/192  loss=0.3316
  batch 20/192  loss=0.4693
  batch 30/192  loss=0.2753
  batch 40/192  loss=0.3079
  batch 50/192  loss=0.3771
  batch 60/192  loss=0.2873
  batch 70/192  loss=0.4104
  batch 80/192  loss=0.4602
  batch 90/192  loss=0.3514
  batch 100/192  loss=0.3193
  batch 110/192  loss=0.3126
  batch 120/192  loss=0.4278
  batch 130/192  loss=0.2995
  batch 140/192  loss=0.5651
  batch 150/192  loss=0.3920
  batch 160/192  loss=0.3050
  batch 170/192  loss=0.3632
  batch 180/192  loss=0.3613
  batch 190/192  loss=0.4298
Epoch 175/300  train=3.804e-01  rmse=6.2399  lr=1.0e-04  157s
  -> best  monitor=3.804e-01
  batch 10/192  loss=0.3096
  batch 20/192  loss=0.2881
  batch 30/192  loss=0.3809
  batch 40/192  loss=0.3777
  batch 50/192  loss=0.3350
  batch 60/192  loss=0.4293
  batch 70/192  loss=0.5475
  batch 80/192  loss=0.4449
  batch 90/192  loss=0.3189
  batch 100/192  loss=0.2881
  batch 110/192  loss=0.5353
  batch 120/192  loss=0.2839
  batch 130/192  loss=0.4240
  batch 140/192  loss=0.3571
  batch 150/192  loss=0.2888
  batch 160/192  loss=0.3831
  batch 170/192  loss=0.4328
  batch 180/192  loss=0.3444
  batch 190/192  loss=0.4288
Epoch 176/300  train=3.885e-01  rmse=4.1413  lr=1.0e-04  157s
  batch 10/192  loss=0.4855
  batch 20/192  loss=0.3118
  batch 30/192  loss=0.3812
  batch 40/192  loss=0.3134
  batch 50/192  loss=0.2777
  batch 60/192  loss=0.3144
  batch 70/192  loss=0.4145
  batch 80/192  loss=0.5152
  batch 90/192  loss=0.3417
  batch 100/192  loss=0.4230
  batch 110/192  loss=0.4270
  batch 120/192  loss=0.3002
  batch 130/192  loss=0.4942
  batch 140/192  loss=0.4115
  batch 150/192  loss=0.3253
  batch 160/192  loss=0.4093
  batch 170/192  loss=0.2789
  batch 180/192  loss=0.3745
  batch 190/192  loss=0.3918
Epoch 177/300  train=3.847e-01  rmse=9.7776  lr=1.0e-04  157s
  batch 10/192  loss=0.3628
  batch 20/192  loss=0.3448
  batch 30/192  loss=0.3525
  batch 40/192  loss=0.3271
  batch 50/192  loss=0.2927
  batch 60/192  loss=0.3279
  batch 70/192  loss=0.3281
  batch 80/192  loss=0.3283
  batch 90/192  loss=0.3376
  batch 100/192  loss=0.5001
  batch 110/192  loss=0.3197
  batch 120/192  loss=0.4019
  batch 130/192  loss=0.2931
  batch 140/192  loss=0.3233
  batch 150/192  loss=0.3331
  batch 160/192  loss=0.3633
  batch 170/192  loss=0.5317
  batch 180/192  loss=0.3480
  batch 190/192  loss=0.3006
Epoch 178/300  train=3.811e-01  rmse=4.0508  lr=1.0e-04  157s
  batch 10/192  loss=0.3157
  batch 20/192  loss=0.2827
  batch 30/192  loss=0.3368
  batch 40/192  loss=0.3368
  batch 50/192  loss=0.2946
  batch 60/192  loss=0.3691
  batch 70/192  loss=0.3484
  batch 80/192  loss=0.3213
  batch 90/192  loss=0.4353
  batch 100/192  loss=0.3199
  batch 110/192  loss=0.6167
  batch 120/192  loss=0.3161
  batch 130/192  loss=0.4501
  batch 140/192  loss=0.3316
  batch 150/192  loss=0.3933
  batch 160/192  loss=0.3913
  batch 170/192  loss=0.3372
  batch 180/192  loss=0.3385
  batch 190/192  loss=0.5833
Epoch 179/300  train=3.857e-01  rmse=4.3608  lr=1.0e-04  157s
  batch 10/192  loss=0.3717
  batch 20/192  loss=0.3126
  batch 30/192  loss=0.3067
  batch 40/192  loss=0.3191
  batch 50/192  loss=0.3242
  batch 60/192  loss=0.3944
  batch 70/192  loss=0.3215
  batch 80/192  loss=0.3761
  batch 90/192  loss=0.3833
  batch 100/192  loss=0.2841
  batch 110/192  loss=0.5383
  batch 120/192  loss=0.3694
  batch 130/192  loss=0.3322
  batch 140/192  loss=0.5713
  batch 150/192  loss=0.4309
  batch 160/192  loss=0.3003
  batch 170/192  loss=0.3305
  batch 180/192  loss=0.4365
  batch 190/192  loss=0.3206
Epoch 180/300  train=3.785e-01  rmse=5.9844  lr=1.0e-04  156s
  -> best  monitor=3.785e-01
  batch 10/192  loss=0.5361
  batch 20/192  loss=0.3198
  batch 30/192  loss=0.4025
  batch 40/192  loss=0.3494
  batch 50/192  loss=0.4284
  batch 60/192  loss=0.4460
  batch 70/192  loss=0.3205
  batch 80/192  loss=0.3760
  batch 90/192  loss=0.3224
  batch 100/192  loss=0.3589
  batch 110/192  loss=0.3363
  batch 120/192  loss=0.4535
  batch 130/192  loss=0.3694
  batch 140/192  loss=0.3279
  batch 150/192  loss=0.4717
  batch 160/192  loss=0.2955
  batch 170/192  loss=0.3193
  batch 180/192  loss=0.3224
  batch 190/192  loss=0.3586
Epoch 181/300  train=3.814e-01  rmse=4.2893  lr=1.0e-04  156s
  batch 10/192  loss=0.5185
  batch 20/192  loss=0.3456
  batch 30/192  loss=0.5771
  batch 40/192  loss=0.4209
  batch 50/192  loss=0.4306
  batch 60/192  loss=0.3810
  batch 70/192  loss=0.4262
  batch 80/192  loss=0.3839
  batch 90/192  loss=0.3319
  batch 100/192  loss=0.3066
  batch 110/192  loss=0.5584
  batch 120/192  loss=0.3061
  batch 130/192  loss=0.3337
  batch 140/192  loss=0.3347
  batch 150/192  loss=0.3212
  batch 160/192  loss=0.4340
  batch 170/192  loss=0.3301
  batch 180/192  loss=0.4089
  batch 190/192  loss=0.6326
Epoch 182/300  train=3.824e-01  rmse=2.8714  lr=1.0e-04  157s
  batch 10/192  loss=0.3610
  batch 20/192  loss=0.2583
  batch 30/192  loss=0.4903
  batch 40/192  loss=0.3161
  batch 50/192  loss=0.3013
  batch 60/192  loss=0.4278
  batch 70/192  loss=0.3536
  batch 80/192  loss=0.5658
  batch 90/192  loss=0.3921
  batch 100/192  loss=0.2903
  batch 110/192  loss=0.3525
  batch 120/192  loss=0.7146
  batch 130/192  loss=0.3272
  batch 140/192  loss=0.3767
  batch 150/192  loss=0.2975
  batch 160/192  loss=0.4542
  batch 170/192  loss=0.3306
  batch 180/192  loss=0.2967
  batch 190/192  loss=0.3820
Epoch 183/300  train=3.786e-01  rmse=2.6311  lr=1.0e-04  157s
  batch 10/192  loss=0.3303
  batch 20/192  loss=0.2684
  batch 30/192  loss=0.5546
  batch 40/192  loss=0.4249
  batch 50/192  loss=0.3218
  batch 60/192  loss=0.6623
  batch 70/192  loss=0.2735
  batch 80/192  loss=0.3184
  batch 90/192  loss=0.3315
  batch 100/192  loss=0.3604
  batch 110/192  loss=0.3673
  batch 120/192  loss=0.3037
  batch 130/192  loss=0.3520
  batch 140/192  loss=0.3057
  batch 150/192  loss=0.6403
  batch 160/192  loss=0.3858
  batch 170/192  loss=0.2982
  batch 180/192  loss=0.3474
  batch 190/192  loss=0.3532
Epoch 184/300  train=3.844e-01  rmse=3.7068  lr=1.0e-04  157s
  batch 10/192  loss=0.2776
  batch 20/192  loss=0.4122
  batch 30/192  loss=0.3200
  batch 40/192  loss=0.3510
  batch 50/192  loss=0.4794
  batch 60/192  loss=0.3996
  batch 70/192  loss=0.6700
  batch 80/192  loss=0.3221
  batch 90/192  loss=0.5029
  batch 100/192  loss=0.3873
  batch 110/192  loss=0.3514
  batch 120/192  loss=0.5281
  batch 130/192  loss=0.6408
  batch 140/192  loss=0.4793
  batch 150/192  loss=0.3530
  batch 160/192  loss=0.3478
  batch 170/192  loss=0.3807
  batch 180/192  loss=0.3709
  batch 190/192  loss=0.4728
Epoch 185/300  train=3.773e-01  rmse=2.5390  lr=1.0e-04  157s
  -> best  monitor=3.773e-01
  batch 10/192  loss=0.4154
  batch 20/192  loss=0.3207
  batch 30/192  loss=0.4657
  batch 40/192  loss=0.3286
  batch 50/192  loss=0.4627
  batch 60/192  loss=0.3245
  batch 70/192  loss=0.2877
  batch 80/192  loss=0.3504
  batch 90/192  loss=0.3746
  batch 100/192  loss=0.3179
  batch 110/192  loss=0.3703
  batch 120/192  loss=0.3666
  batch 130/192  loss=0.3694
  batch 140/192  loss=0.3820
  batch 150/192  loss=0.3753
  batch 160/192  loss=0.3366
  batch 170/192  loss=0.3552
  batch 180/192  loss=0.6182
  batch 190/192  loss=0.3167
Epoch 186/300  train=3.814e-01  rmse=8.2344  lr=1.0e-04  157s
  batch 10/192  loss=0.3721
  batch 20/192  loss=0.3260
  batch 30/192  loss=0.4028
  batch 40/192  loss=0.3536
  batch 50/192  loss=0.3746
  batch 60/192  loss=0.3993
  batch 70/192  loss=0.3154
  batch 80/192  loss=0.3648
  batch 90/192  loss=0.3831
  batch 100/192  loss=0.4541
  batch 110/192  loss=0.4010
  batch 120/192  loss=0.4186
  batch 130/192  loss=0.3170
  batch 140/192  loss=0.3300
  batch 150/192  loss=0.5679
  batch 160/192  loss=0.3477
  batch 170/192  loss=0.4309
  batch 180/192  loss=0.2814
  batch 190/192  loss=0.4176
Epoch 187/300  train=3.857e-01  rmse=2.4310  lr=1.0e-04  157s
  batch 10/192  loss=0.4747
  batch 20/192  loss=0.3147
  batch 30/192  loss=0.2740
  batch 40/192  loss=0.3760
  batch 50/192  loss=0.3483
  batch 60/192  loss=0.2888
  batch 70/192  loss=0.4717
  batch 80/192  loss=0.2824
  batch 90/192  loss=0.3277
  batch 100/192  loss=0.3311
  batch 110/192  loss=0.2467
  batch 120/192  loss=0.5523
  batch 130/192  loss=0.3392
  batch 140/192  loss=0.3845
  batch 150/192  loss=0.3739
  batch 160/192  loss=0.4430
  batch 170/192  loss=0.3346
  batch 180/192  loss=0.4409
  batch 190/192  loss=0.3175
Epoch 188/300  train=3.752e-01  rmse=6.3364  lr=1.0e-04  157s
  -> best  monitor=3.752e-01
  batch 10/192  loss=0.3641
  batch 20/192  loss=0.5312
  batch 30/192  loss=0.3764
  batch 40/192  loss=0.5392
  batch 50/192  loss=0.3381
  batch 60/192  loss=0.3205
  batch 70/192  loss=0.4281
  batch 80/192  loss=0.4431
  batch 90/192  loss=0.3668
  batch 100/192  loss=0.5649
  batch 110/192  loss=0.4919
  batch 120/192  loss=0.3316
  batch 130/192  loss=0.3233
  batch 140/192  loss=0.2942
  batch 150/192  loss=0.6277
  batch 160/192  loss=0.4279
  batch 170/192  loss=0.3045
  batch 180/192  loss=0.4678
  batch 190/192  loss=0.3427
Epoch 189/300  train=3.825e-01  rmse=23.6343  lr=1.0e-04  157s
  batch 10/192  loss=0.3038
  batch 20/192  loss=0.3844
  batch 30/192  loss=0.3629
  batch 40/192  loss=0.4375
  batch 50/192  loss=0.3208
  batch 60/192  loss=0.3425
  batch 70/192  loss=0.3285
  batch 80/192  loss=0.3612
  batch 90/192  loss=0.5669
  batch 100/192  loss=0.3313
  batch 110/192  loss=0.3962
  batch 120/192  loss=0.2769
  batch 130/192  loss=0.3779
  batch 140/192  loss=0.3343
  batch 150/192  loss=0.3490
  batch 160/192  loss=0.3203
  batch 170/192  loss=0.5818
  batch 180/192  loss=0.3566
  batch 190/192  loss=0.2938
Epoch 190/300  train=3.779e-01  rmse=3.3394  lr=1.0e-04  157s
  batch 10/192  loss=0.3448
  batch 20/192  loss=0.4802
  batch 30/192  loss=0.3728
  batch 40/192  loss=0.2859
  batch 50/192  loss=0.3387
  batch 60/192  loss=0.2732
  batch 70/192  loss=0.2837
  batch 80/192  loss=0.4665
  batch 90/192  loss=0.3063
  batch 100/192  loss=0.3123
  batch 110/192  loss=0.3332
  batch 120/192  loss=0.3956
  batch 130/192  loss=0.5028
  batch 140/192  loss=0.3497
  batch 150/192  loss=0.3042
  batch 160/192  loss=0.2940
  batch 170/192  loss=0.3721
  batch 180/192  loss=0.3808
  batch 190/192  loss=0.3167
Epoch 191/300  train=3.784e-01  rmse=4.5928  lr=1.0e-04  157s
  batch 10/192  loss=0.3396
  batch 20/192  loss=0.3046
  batch 30/192  loss=0.3675
  batch 40/192  loss=0.3053
  batch 50/192  loss=0.4070
  batch 60/192  loss=0.3934
  batch 70/192  loss=0.2916
  batch 80/192  loss=0.3510
  batch 90/192  loss=0.2848
  batch 100/192  loss=0.2775
  batch 110/192  loss=0.3742
  batch 120/192  loss=0.3820
  batch 130/192  loss=0.3939
  batch 140/192  loss=0.3220
  batch 150/192  loss=0.4042
  batch 160/192  loss=0.5417
  batch 170/192  loss=0.3351
  batch 180/192  loss=0.3046
  batch 190/192  loss=0.3586
Epoch 192/300  train=3.743e-01  rmse=3.2581  lr=1.0e-04  157s
  -> best  monitor=3.743e-01
  batch 10/192  loss=0.3800
  batch 20/192  loss=0.3680
  batch 30/192  loss=0.3732
  batch 40/192  loss=0.3438
  batch 50/192  loss=0.3192
  batch 60/192  loss=0.4348
  batch 70/192  loss=0.3317
  batch 80/192  loss=0.2951
  batch 90/192  loss=0.2729
  batch 100/192  loss=0.2972
  batch 110/192  loss=0.5170
  batch 120/192  loss=0.3329
  batch 130/192  loss=0.3849
  batch 140/192  loss=0.2869
  batch 150/192  loss=0.3106
  batch 160/192  loss=0.5666
  batch 170/192  loss=0.2959
  batch 180/192  loss=0.3215
  batch 190/192  loss=0.3642
Epoch 193/300  train=3.784e-01  rmse=4.1677  lr=1.0e-04  157s
  batch 10/192  loss=0.4167
  batch 20/192  loss=0.3524
  batch 30/192  loss=0.3486
  batch 40/192  loss=0.3543
  batch 50/192  loss=0.3843
  batch 60/192  loss=0.3311
  batch 70/192  loss=0.3137
  batch 80/192  loss=0.3094
  batch 90/192  loss=0.4555
  batch 100/192  loss=0.3581
  batch 110/192  loss=0.3065
  batch 120/192  loss=0.3649
  batch 130/192  loss=0.4086
  batch 140/192  loss=0.3603
  batch 150/192  loss=0.3682
  batch 160/192  loss=0.3615
  batch 170/192  loss=0.3343
  batch 180/192  loss=0.3782
  batch 190/192  loss=0.3546
Epoch 194/300  train=3.748e-01  rmse=2.5203  lr=1.0e-04  157s
  batch 10/192  loss=0.3941
  batch 20/192  loss=0.4740
  batch 30/192  loss=0.2844
  batch 40/192  loss=0.4729
  batch 50/192  loss=0.4180
  batch 60/192  loss=0.3480
  batch 70/192  loss=0.3561
  batch 80/192  loss=0.3339
  batch 90/192  loss=0.3119
  batch 100/192  loss=0.4161
  batch 110/192  loss=0.4327
  batch 120/192  loss=0.3755
  batch 130/192  loss=0.3277
  batch 140/192  loss=0.3236
  batch 150/192  loss=0.3590
  batch 160/192  loss=0.4571
  batch 170/192  loss=0.2756
  batch 180/192  loss=0.3082
  batch 190/192  loss=0.3916
Epoch 195/300  train=3.808e-01  rmse=3.4368  lr=1.0e-04  157s
  batch 10/192  loss=0.4500
  batch 20/192  loss=0.3265
  batch 30/192  loss=0.3064
  batch 40/192  loss=0.3577
  batch 50/192  loss=0.3299
  batch 60/192  loss=0.3542
  batch 70/192  loss=0.3402
  batch 80/192  loss=0.4003
  batch 90/192  loss=0.3103
  batch 100/192  loss=0.3169
  batch 110/192  loss=0.4877
  batch 120/192  loss=0.3031
  batch 130/192  loss=0.5140
  batch 140/192  loss=0.3065
  batch 150/192  loss=0.8460
  batch 160/192  loss=0.3300
  batch 170/192  loss=0.5547
  batch 180/192  loss=0.3491
  batch 190/192  loss=0.2984
Epoch 196/300  train=3.714e-01  rmse=5.0037  lr=1.0e-04  157s
  -> best  monitor=3.714e-01
  batch 10/192  loss=0.3538
  batch 20/192  loss=0.2984
  batch 30/192  loss=0.3484
  batch 40/192  loss=0.3660
  batch 50/192  loss=0.5722
  batch 60/192  loss=0.3142
  batch 70/192  loss=0.2656
  batch 80/192  loss=0.3225
  batch 90/192  loss=0.3134
  batch 100/192  loss=0.3504
  batch 110/192  loss=0.2928
  batch 120/192  loss=0.3917
  batch 130/192  loss=0.3316
  batch 140/192  loss=0.4219
  batch 150/192  loss=0.2777
  batch 160/192  loss=0.4788
  batch 170/192  loss=0.3160
  batch 180/192  loss=0.4557
  batch 190/192  loss=0.3694
Epoch 197/300  train=3.773e-01  rmse=6.6003  lr=1.0e-04  157s
  batch 10/192  loss=0.3146
  batch 20/192  loss=0.3092
  batch 30/192  loss=0.4556
  batch 40/192  loss=0.3489
  batch 50/192  loss=0.3309
  batch 60/192  loss=0.3079
  batch 70/192  loss=0.5051
  batch 80/192  loss=0.3714
  batch 90/192  loss=0.2816
  batch 100/192  loss=0.3771
  batch 110/192  loss=0.3314
  batch 120/192  loss=0.3447
  batch 130/192  loss=0.3261
  batch 140/192  loss=0.2506
  batch 150/192  loss=0.3102
  batch 160/192  loss=0.2878
  batch 170/192  loss=0.4985
  batch 180/192  loss=0.4609
  batch 190/192  loss=0.4951
Epoch 198/300  train=3.704e-01  rmse=2.6963  lr=1.0e-04  158s
  -> best  monitor=3.704e-01
  batch 10/192  loss=0.3118
  batch 20/192  loss=0.3002
  batch 30/192  loss=0.4334
  batch 40/192  loss=0.3487
  batch 50/192  loss=0.2800
  batch 60/192  loss=0.3225
  batch 70/192  loss=0.2865
  batch 80/192  loss=0.3889
  batch 90/192  loss=0.2605
  batch 100/192  loss=0.3208
  batch 110/192  loss=0.3052
  batch 120/192  loss=0.3604
  batch 130/192  loss=0.2963
  batch 140/192  loss=0.3549
  batch 150/192  loss=0.2964
  batch 160/192  loss=0.2580
  batch 170/192  loss=0.3588
  batch 180/192  loss=0.4686
  batch 190/192  loss=0.5168
Epoch 199/300  train=3.759e-01  rmse=4.3488  lr=1.0e-04  157s
  batch 10/192  loss=0.3559
  batch 20/192  loss=0.4124
  batch 30/192  loss=0.2878
  batch 40/192  loss=0.3620
  batch 50/192  loss=0.4445
  batch 60/192  loss=0.3456
  batch 70/192  loss=0.3296
  batch 80/192  loss=0.3349
  batch 90/192  loss=0.5898
  batch 100/192  loss=0.3899
  batch 110/192  loss=0.4067
  batch 120/192  loss=0.3415
  batch 130/192  loss=0.4416
  batch 140/192  loss=0.5866
  batch 150/192  loss=0.4102
  batch 160/192  loss=0.3022
  batch 170/192  loss=0.3007
  batch 180/192  loss=0.4065
  batch 190/192  loss=0.3880
Epoch 200/300  train=3.736e-01  rmse=3.3877  lr=1.0e-04  157s
  batch 10/192  loss=0.4184
  batch 20/192  loss=0.3068
  batch 30/192  loss=0.3798
  batch 40/192  loss=0.3080
  batch 50/192  loss=0.3338
  batch 60/192  loss=0.3093
  batch 70/192  loss=0.5502
  batch 80/192  loss=0.4637
  batch 90/192  loss=0.3691
  batch 100/192  loss=0.4327
  batch 110/192  loss=0.4131
  batch 120/192  loss=0.4758
  batch 130/192  loss=0.4058
  batch 140/192  loss=0.3904
  batch 150/192  loss=0.4441
  batch 160/192  loss=0.3452
  batch 170/192  loss=0.2910
  batch 180/192  loss=0.2835
  batch 190/192  loss=0.4406
Epoch 201/300  train=3.742e-01  rmse=4.5594  lr=1.0e-04  156s
  batch 10/192  loss=0.3880
  batch 20/192  loss=0.3342
  batch 30/192  loss=0.3031
  batch 40/192  loss=0.3110
  batch 50/192  loss=0.4421
  batch 60/192  loss=0.3305
  batch 70/192  loss=0.3326
  batch 80/192  loss=0.2908
  batch 90/192  loss=0.3510
  batch 100/192  loss=0.5277
  batch 110/192  loss=0.3745
  batch 120/192  loss=0.4652
  batch 130/192  loss=0.4581
  batch 140/192  loss=0.3507
  batch 150/192  loss=0.3952
  batch 160/192  loss=0.3075
  batch 170/192  loss=0.3539
  batch 180/192  loss=0.3260
  batch 190/192  loss=0.3525
Epoch 202/300  train=3.658e-01  rmse=2.6129  lr=1.0e-04  157s
  -> best  monitor=3.658e-01
  batch 10/192  loss=0.3690
  batch 20/192  loss=0.2783
  batch 30/192  loss=0.3714
  batch 40/192  loss=0.3587
  batch 50/192  loss=0.3430
  batch 60/192  loss=0.2882
  batch 70/192  loss=0.3455
  batch 80/192  loss=0.2927
  batch 90/192  loss=0.2776
  batch 100/192  loss=0.4331
  batch 110/192  loss=0.4013
  batch 120/192  loss=0.4299
  batch 130/192  loss=0.4244
  batch 140/192  loss=0.5040
  batch 150/192  loss=0.3812
  batch 160/192  loss=0.3288
  batch 170/192  loss=0.3515
  batch 180/192  loss=0.4623
  batch 190/192  loss=0.6365
Epoch 203/300  train=3.757e-01  rmse=2.2838  lr=1.0e-04  157s
  batch 10/192  loss=0.3179
  batch 20/192  loss=0.3794
  batch 30/192  loss=0.4455
  batch 40/192  loss=0.3387
  batch 50/192  loss=0.3400
  batch 60/192  loss=0.4072
  batch 70/192  loss=0.3605
  batch 80/192  loss=0.3709
  batch 90/192  loss=0.3087
  batch 100/192  loss=0.3826
  batch 110/192  loss=0.3471
  batch 120/192  loss=0.2688
  batch 130/192  loss=0.4479
  batch 140/192  loss=0.2925
  batch 150/192  loss=0.4560
  batch 160/192  loss=0.5029
  batch 170/192  loss=0.4558
  batch 180/192  loss=0.3737
  batch 190/192  loss=0.4500
Epoch 204/300  train=3.726e-01  rmse=5.3068  lr=1.0e-04  157s
  batch 10/192  loss=0.3453
  batch 20/192  loss=0.2739
  batch 30/192  loss=0.3518
  batch 40/192  loss=0.3466
  batch 50/192  loss=0.5075
  batch 60/192  loss=0.2833
  batch 70/192  loss=0.3845
  batch 80/192  loss=0.3116
  batch 90/192  loss=0.3969
  batch 100/192  loss=0.3068
  batch 110/192  loss=0.3995
  batch 120/192  loss=0.3570
  batch 130/192  loss=0.6347
  batch 140/192  loss=0.3997
  batch 150/192  loss=0.3033
  batch 160/192  loss=0.5942
  batch 170/192  loss=0.3388
  batch 180/192  loss=0.3029
  batch 190/192  loss=0.3119
Epoch 205/300  train=3.741e-01  rmse=8.6828  lr=1.0e-04  157s
  batch 10/192  loss=0.3479
  batch 20/192  loss=0.3274
  batch 30/192  loss=0.3935
  batch 40/192  loss=0.3586
  batch 50/192  loss=0.3966
  batch 60/192  loss=0.5126
  batch 70/192  loss=0.4475
  batch 80/192  loss=0.2730
  batch 90/192  loss=0.4004
  batch 100/192  loss=0.2977
  batch 110/192  loss=0.3169
  batch 120/192  loss=0.3609
  batch 130/192  loss=0.3290
  batch 140/192  loss=0.3967
  batch 150/192  loss=0.3829
  batch 160/192  loss=0.2962
  batch 170/192  loss=0.4121
  batch 180/192  loss=0.3099
  batch 190/192  loss=0.3645
Epoch 206/300  train=3.717e-01  rmse=3.2212  lr=1.0e-04  157s
  batch 10/192  loss=0.3228
  batch 20/192  loss=0.2846
  batch 30/192  loss=0.6895
  batch 40/192  loss=0.4542
  batch 50/192  loss=0.4779
  batch 60/192  loss=0.3279
  batch 70/192  loss=0.2927
  batch 80/192  loss=0.2878
  batch 90/192  loss=0.3336
  batch 100/192  loss=0.4619
  batch 110/192  loss=0.4727
  batch 120/192  loss=0.3738
  batch 130/192  loss=0.3262
  batch 140/192  loss=0.5306
  batch 150/192  loss=0.3648
  batch 160/192  loss=0.3332
  batch 170/192  loss=0.3295
  batch 180/192  loss=0.3390
  batch 190/192  loss=0.3458
Epoch 207/300  train=3.726e-01  rmse=308.9410  lr=1.0e-04  157s
  batch 10/192  loss=0.3223
  batch 20/192  loss=0.7140
  batch 30/192  loss=0.3880
  batch 40/192  loss=0.3121
  batch 50/192  loss=0.3396
  batch 60/192  loss=0.3624
  batch 70/192  loss=0.3311
  batch 80/192  loss=0.4986
  batch 90/192  loss=0.4457
  batch 100/192  loss=0.3372
  batch 110/192  loss=0.3734
  batch 120/192  loss=0.3795
  batch 130/192  loss=0.3147
  batch 140/192  loss=0.3097
  batch 150/192  loss=0.2986
  batch 160/192  loss=0.4663
  batch 170/192  loss=0.5299
  batch 180/192  loss=0.3290
  batch 190/192  loss=0.3625
Epoch 208/300  train=3.702e-01  rmse=12.3401  lr=1.0e-04  157s
  batch 10/192  loss=0.2913
  batch 20/192  loss=0.3056
  batch 30/192  loss=0.5198
  batch 40/192  loss=0.2927
  batch 50/192  loss=0.2744
  batch 60/192  loss=0.3830
  batch 70/192  loss=0.3700
  batch 80/192  loss=0.3671
  batch 90/192  loss=0.4528
  batch 100/192  loss=0.3441
  batch 110/192  loss=0.3595
  batch 120/192  loss=0.3719
  batch 130/192  loss=0.2823
  batch 140/192  loss=0.3752
  batch 150/192  loss=0.6336
  batch 160/192  loss=0.7105
  batch 170/192  loss=0.3158
  batch 180/192  loss=0.5642
  batch 190/192  loss=0.3074
Epoch 209/300  train=3.713e-01  rmse=5.7713  lr=1.0e-04  157s
  batch 10/192  loss=0.2504
  batch 20/192  loss=0.3294
  batch 30/192  loss=0.3701
  batch 40/192  loss=0.2936
  batch 50/192  loss=0.2663
  batch 60/192  loss=0.4104
  batch 70/192  loss=0.2748
  batch 80/192  loss=0.3375
  batch 90/192  loss=0.3490
  batch 100/192  loss=0.2896
  batch 110/192  loss=0.4913
  batch 120/192  loss=0.3395
  batch 130/192  loss=0.3380
  batch 140/192  loss=0.2881
  batch 150/192  loss=0.4295
  batch 160/192  loss=0.3437
  batch 170/192  loss=0.2982
  batch 180/192  loss=0.4182
  batch 190/192  loss=0.3028
Epoch 210/300  train=3.665e-01  rmse=3.7825  lr=1.0e-04  157s
  batch 10/192  loss=0.3643
  batch 20/192  loss=0.3963
  batch 30/192  loss=0.3885
  batch 40/192  loss=0.3053
  batch 50/192  loss=0.4006
  batch 60/192  loss=0.2935
  batch 70/192  loss=0.3080
  batch 80/192  loss=0.3416
  batch 90/192  loss=0.3272
  batch 100/192  loss=0.3470
  batch 110/192  loss=0.3203
  batch 120/192  loss=0.2874
  batch 130/192  loss=0.3157
  batch 140/192  loss=0.6578
  batch 150/192  loss=0.3387
  batch 160/192  loss=0.2879
  batch 170/192  loss=0.3899
  batch 180/192  loss=0.4968
  batch 190/192  loss=0.5243
Epoch 211/300  train=3.665e-01  rmse=4.6210  lr=1.0e-04  157s
  batch 10/192  loss=0.5003
  batch 20/192  loss=0.4454
  batch 30/192  loss=0.7170
  batch 40/192  loss=0.2921
  batch 50/192  loss=0.3539
  batch 60/192  loss=0.2736
  batch 70/192  loss=0.4107
  batch 80/192  loss=0.4687
  batch 90/192  loss=0.2921
  batch 100/192  loss=0.3295
  batch 110/192  loss=0.3416
  batch 120/192  loss=0.2904
  batch 130/192  loss=0.4570
  batch 140/192  loss=0.3177
  batch 150/192  loss=0.4166
  batch 160/192  loss=0.6373
  batch 170/192  loss=0.3190
  batch 180/192  loss=0.5617
  batch 190/192  loss=0.3189
Epoch 212/300  train=3.671e-01  rmse=2.4280  lr=1.0e-04  157s
  batch 10/192  loss=0.2799
  batch 20/192  loss=0.3609
  batch 30/192  loss=0.2715
  batch 40/192  loss=0.2651
  batch 50/192  loss=0.5041
  batch 60/192  loss=0.4898
  batch 70/192  loss=0.4253
  batch 80/192  loss=0.3641
  batch 90/192  loss=0.3026
  batch 100/192  loss=0.2922
  batch 110/192  loss=0.2548
  batch 120/192  loss=0.4265
  batch 130/192  loss=0.4806
  batch 140/192  loss=0.4090
  batch 150/192  loss=0.2991
  batch 160/192  loss=0.4428
  batch 170/192  loss=0.2783
  batch 180/192  loss=0.4313
  batch 190/192  loss=0.3003
Epoch 213/300  train=3.657e-01  rmse=3.1579  lr=1.0e-04  158s
  -> best  monitor=3.657e-01
  batch 10/192  loss=0.4609
  batch 20/192  loss=0.3953
  batch 30/192  loss=0.3249
  batch 40/192  loss=0.3419
  batch 50/192  loss=0.5202
  batch 60/192  loss=0.2858
  batch 70/192  loss=0.5266
  batch 80/192  loss=0.3319
  batch 90/192  loss=0.3852
  batch 100/192  loss=0.3309
  batch 110/192  loss=0.5027
  batch 120/192  loss=0.3997
  batch 130/192  loss=0.4043
  batch 140/192  loss=0.3035
  batch 150/192  loss=0.3570
  batch 160/192  loss=0.4549
  batch 170/192  loss=0.3516
  batch 180/192  loss=0.3108
  batch 190/192  loss=0.3346
Epoch 214/300  train=3.682e-01  rmse=6.9169  lr=1.0e-04  157s
  batch 10/192  loss=0.2998
  batch 20/192  loss=0.5281
  batch 30/192  loss=0.3260
  batch 40/192  loss=0.3236
  batch 50/192  loss=0.3322
  batch 60/192  loss=0.5366
  batch 70/192  loss=0.3424
  batch 80/192  loss=0.3387
  batch 90/192  loss=0.4093
  batch 100/192  loss=0.2985
  batch 110/192  loss=0.2499
  batch 120/192  loss=0.4116
  batch 130/192  loss=0.3577
  batch 140/192  loss=0.3264
  batch 150/192  loss=0.2729
  batch 160/192  loss=0.3507
  batch 170/192  loss=0.4411
  batch 180/192  loss=0.4798
  batch 190/192  loss=0.3704
Epoch 215/300  train=3.684e-01  rmse=7.4196  lr=1.0e-04  157s
  batch 10/192  loss=0.4161
  batch 20/192  loss=0.3058
  batch 30/192  loss=0.2883
  batch 40/192  loss=0.2836
  batch 50/192  loss=0.4129
  batch 60/192  loss=0.3465
  batch 70/192  loss=0.3763
  batch 80/192  loss=0.5186
  batch 90/192  loss=0.5345
  batch 100/192  loss=0.4264
  batch 110/192  loss=0.3293
  batch 120/192  loss=0.3014
  batch 130/192  loss=0.3040
  batch 140/192  loss=0.4067
  batch 150/192  loss=0.7206
  batch 160/192  loss=0.2890
  batch 170/192  loss=0.3284
  batch 180/192  loss=0.6233
  batch 190/192  loss=0.3908
Epoch 216/300  train=3.692e-01  rmse=3.4349  lr=1.0e-04  157s
  batch 10/192  loss=0.3632
  batch 20/192  loss=0.3212
  batch 30/192  loss=0.3876
  batch 40/192  loss=0.3447
  batch 50/192  loss=0.4332
  batch 60/192  loss=0.3297
  batch 70/192  loss=0.2905
  batch 80/192  loss=0.6281
  batch 90/192  loss=0.3788
  batch 100/192  loss=0.4290
  batch 110/192  loss=0.2757
  batch 120/192  loss=0.3125
  batch 130/192  loss=0.3375
  batch 140/192  loss=0.3347
  batch 150/192  loss=0.3494
  batch 160/192  loss=0.3236
  batch 170/192  loss=0.2767
  batch 180/192  loss=0.4195
  batch 190/192  loss=0.3111
Epoch 217/300  train=3.675e-01  rmse=2.7907  lr=1.0e-04  157s
  batch 10/192  loss=0.3014
  batch 20/192  loss=0.5892
  batch 30/192  loss=0.3127
  batch 40/192  loss=0.3037
  batch 50/192  loss=0.3926
  batch 60/192  loss=0.2960
  batch 70/192  loss=0.3590
  batch 80/192  loss=0.3421
  batch 90/192  loss=0.3662
  batch 100/192  loss=0.3105
  batch 110/192  loss=0.3574
  batch 120/192  loss=0.2969
  batch 130/192  loss=0.3719
  batch 140/192  loss=0.3514
  batch 150/192  loss=0.3832
  batch 160/192  loss=0.6141
  batch 170/192  loss=0.2935
  batch 180/192  loss=0.3848
  batch 190/192  loss=0.4187
Epoch 218/300  train=3.686e-01  rmse=6.1484  lr=1.0e-04  157s
  batch 10/192  loss=0.3612
  batch 20/192  loss=0.2872
  batch 30/192  loss=0.3764
  batch 40/192  loss=0.3395
  batch 50/192  loss=0.3703
  batch 60/192  loss=0.5080
  batch 70/192  loss=0.3314
  batch 80/192  loss=0.2769
  batch 90/192  loss=0.2795
  batch 100/192  loss=0.2841
  batch 110/192  loss=0.5157
  batch 120/192  loss=0.3843
  batch 130/192  loss=0.3278
  batch 140/192  loss=0.2864
  batch 150/192  loss=0.3527
  batch 160/192  loss=0.3907
  batch 170/192  loss=0.3676
  batch 180/192  loss=0.6545
  batch 190/192  loss=0.2760
Epoch 219/300  train=3.655e-01  rmse=4.8526  lr=1.0e-04  156s
  -> best  monitor=3.655e-01
  batch 10/192  loss=0.5097
  batch 20/192  loss=0.5008
  batch 30/192  loss=0.6361
  batch 40/192  loss=0.2741
  batch 50/192  loss=0.4616
  batch 60/192  loss=0.3158
  batch 70/192  loss=0.3300
  batch 80/192  loss=0.3199
  batch 90/192  loss=0.3150
  batch 100/192  loss=0.5833
  batch 110/192  loss=0.3439
  batch 120/192  loss=0.3130
  batch 130/192  loss=0.3585
  batch 140/192  loss=0.4394
  batch 150/192  loss=0.3745
  batch 160/192  loss=0.3911
  batch 170/192  loss=0.4614
  batch 180/192  loss=0.3397
  batch 190/192  loss=0.4024
Epoch 220/300  train=3.745e-01  rmse=5.9953  lr=1.0e-04  157s
  batch 10/192  loss=0.3161
  batch 20/192  loss=0.4373
  batch 30/192  loss=0.4164
  batch 40/192  loss=0.3568
  batch 50/192  loss=0.4344
  batch 60/192  loss=0.3668
  batch 70/192  loss=0.3460
  batch 80/192  loss=0.2897
  batch 90/192  loss=0.3216
  batch 100/192  loss=0.4112
  batch 110/192  loss=0.2582
  batch 120/192  loss=0.3218
  batch 130/192  loss=0.2811
  batch 140/192  loss=0.3727
  batch 150/192  loss=0.4062
  batch 160/192  loss=0.3390
  batch 170/192  loss=0.2722
  batch 180/192  loss=0.3123
  batch 190/192  loss=0.3121
Epoch 221/300  train=3.649e-01  rmse=4.0022  lr=1.0e-04  157s
  -> best  monitor=3.649e-01
  batch 10/192  loss=0.2931
  batch 20/192  loss=0.3163
  batch 30/192  loss=0.2659
  batch 40/192  loss=0.4812
  batch 50/192  loss=0.6341
  batch 60/192  loss=0.4446
  batch 70/192  loss=0.3440
  batch 80/192  loss=0.3704
  batch 90/192  loss=0.3455
  batch 100/192  loss=0.3097
  batch 110/192  loss=0.3861
  batch 120/192  loss=0.5315
  batch 130/192  loss=0.2831
  batch 140/192  loss=0.2868
  batch 150/192  loss=0.4129
  batch 160/192  loss=0.2856
  batch 170/192  loss=0.3515
  batch 180/192  loss=0.4068
  batch 190/192  loss=0.2731
Epoch 222/300  train=3.650e-01  rmse=3.8572  lr=1.0e-04  157s
  batch 10/192  loss=0.4890
  batch 20/192  loss=0.3736
  batch 30/192  loss=0.3114
  batch 40/192  loss=0.3012
  batch 50/192  loss=0.3114
  batch 60/192  loss=0.2757
  batch 70/192  loss=0.2881
  batch 80/192  loss=0.2914
  batch 90/192  loss=0.3184
  batch 100/192  loss=0.3353
  batch 110/192  loss=0.2994
  batch 120/192  loss=0.2735
  batch 130/192  loss=0.3722
  batch 140/192  loss=0.4391
  batch 150/192  loss=0.2949
  batch 160/192  loss=0.3499
  batch 170/192  loss=0.2970
  batch 180/192  loss=0.5139
  batch 190/192  loss=0.4375
Epoch 223/300  train=3.667e-01  rmse=2.3312  lr=1.0e-04  157s
  batch 10/192  loss=0.5511
  batch 20/192  loss=0.3726
  batch 30/192  loss=0.3885
  batch 40/192  loss=0.3090
  batch 50/192  loss=0.3007
  batch 60/192  loss=0.3119
  batch 70/192  loss=0.3774
  batch 80/192  loss=0.3117
  batch 90/192  loss=0.2918
  batch 100/192  loss=0.4503
  batch 110/192  loss=0.5063
  batch 120/192  loss=0.3787
  batch 130/192  loss=0.3061
  batch 140/192  loss=0.3194
  batch 150/192  loss=0.2917
  batch 160/192  loss=0.3516
  batch 170/192  loss=0.6460
  batch 180/192  loss=0.4273
  batch 190/192  loss=0.4454
Epoch 224/300  train=3.699e-01  rmse=5.2200  lr=1.0e-04  157s
  batch 10/192  loss=0.3150
  batch 20/192  loss=0.3244
  batch 30/192  loss=0.3239
  batch 40/192  loss=0.3306
  batch 50/192  loss=0.2836
  batch 60/192  loss=0.2806
  batch 70/192  loss=0.4738
  batch 80/192  loss=0.2874
  batch 90/192  loss=0.3027
  batch 100/192  loss=0.3729
  batch 110/192  loss=0.4584
  batch 120/192  loss=0.3072
  batch 130/192  loss=0.2775
  batch 140/192  loss=0.2987
  batch 150/192  loss=0.4132
  batch 160/192  loss=0.3049
  batch 170/192  loss=0.3552
  batch 180/192  loss=0.3614
  batch 190/192  loss=0.3872
Epoch 225/300  train=3.611e-01  rmse=2.4514  lr=1.0e-04  157s
  -> best  monitor=3.611e-01
  batch 10/192  loss=0.2795
  batch 20/192  loss=0.3425
  batch 30/192  loss=0.4728
  batch 40/192  loss=0.3280
  batch 50/192  loss=0.5505
  batch 60/192  loss=0.3143
  batch 70/192  loss=0.3202
  batch 80/192  loss=0.3842
  batch 90/192  loss=0.5423
  batch 100/192  loss=0.4939
  batch 110/192  loss=0.3400
  batch 120/192  loss=0.3944
  batch 130/192  loss=0.2816
  batch 140/192  loss=0.3560
  batch 150/192  loss=0.3118
  batch 160/192  loss=0.3424
  batch 170/192  loss=0.3937
  batch 180/192  loss=0.2907
  batch 190/192  loss=0.3077
Epoch 226/300  train=3.612e-01  rmse=3.3712  lr=1.0e-04  157s
  batch 10/192  loss=0.2704
  batch 20/192  loss=0.3157
  batch 30/192  loss=0.2958
  batch 40/192  loss=0.3256
  batch 50/192  loss=0.3328
  batch 60/192  loss=0.3347
  batch 70/192  loss=0.3059
  batch 80/192  loss=0.2696
  batch 90/192  loss=0.3801
  batch 100/192  loss=0.2976
  batch 110/192  loss=0.3605
  batch 120/192  loss=0.3206
  batch 130/192  loss=0.2941
  batch 140/192  loss=0.2914
  batch 150/192  loss=0.3105
  batch 160/192  loss=0.3811
  batch 170/192  loss=0.2922
  batch 180/192  loss=0.3781
  batch 190/192  loss=0.2805
Epoch 227/300  train=3.653e-01  rmse=14.4154  lr=1.0e-04  157s
  batch 10/192  loss=0.4354
  batch 20/192  loss=0.3881
  batch 30/192  loss=0.2704
  batch 40/192  loss=0.3246
  batch 50/192  loss=0.3715
  batch 60/192  loss=0.4099
  batch 70/192  loss=0.3785
  batch 80/192  loss=0.2862
  batch 90/192  loss=0.4459
  batch 100/192  loss=0.4132
  batch 110/192  loss=0.3666
  batch 120/192  loss=0.5257
  batch 130/192  loss=0.3248
  batch 140/192  loss=0.3767
  batch 150/192  loss=0.3700
  batch 160/192  loss=0.3736
  batch 170/192  loss=0.3091
  batch 180/192  loss=0.3262
  batch 190/192  loss=0.4135
Epoch 228/300  train=3.645e-01  rmse=7.3716  lr=1.0e-04  157s
  batch 10/192  loss=0.3794
  batch 20/192  loss=0.4516
  batch 30/192  loss=0.4621
  batch 40/192  loss=0.2928
  batch 50/192  loss=0.3480
  batch 60/192  loss=0.7010
  batch 70/192  loss=0.5012
  batch 80/192  loss=0.3825
  batch 90/192  loss=0.2713
  batch 100/192  loss=0.4161
  batch 110/192  loss=0.5818
  batch 120/192  loss=0.3688
  batch 130/192  loss=0.2885
  batch 140/192  loss=0.3865
  batch 150/192  loss=0.4793
  batch 160/192  loss=0.2647
  batch 170/192  loss=0.3590
  batch 180/192  loss=0.5742
  batch 190/192  loss=0.3526
Epoch 229/300  train=3.621e-01  rmse=8.5635  lr=1.0e-04  157s
  batch 10/192  loss=0.3206
  batch 20/192  loss=0.3593
  batch 30/192  loss=0.8520
  batch 40/192  loss=0.2914
  batch 50/192  loss=0.3479
  batch 60/192  loss=0.3286
  batch 70/192  loss=0.2682
  batch 80/192  loss=0.2795
  batch 90/192  loss=0.4213
  batch 100/192  loss=0.3294
  batch 110/192  loss=0.3165
  batch 120/192  loss=0.2844
  batch 130/192  loss=0.2941
  batch 140/192  loss=0.5602
  batch 150/192  loss=0.3670
  batch 160/192  loss=0.3263
  batch 170/192  loss=0.3681
  batch 180/192  loss=0.2981
  batch 190/192  loss=0.2682
Epoch 230/300  train=3.608e-01  rmse=5.7464  lr=1.0e-04  157s
  -> best  monitor=3.608e-01
  batch 10/192  loss=0.3457
  batch 20/192  loss=0.3213
  batch 30/192  loss=0.3652
  batch 40/192  loss=0.2837
  batch 50/192  loss=0.5053
  batch 60/192  loss=0.4278
  batch 70/192  loss=0.3496
  batch 80/192  loss=0.3629
  batch 90/192  loss=0.5270
  batch 100/192  loss=0.4223
  batch 110/192  loss=0.4885
  batch 120/192  loss=0.3491
  batch 130/192  loss=0.2906
  batch 140/192  loss=0.3208
  batch 150/192  loss=0.2542
  batch 160/192  loss=0.2882
  batch 170/192  loss=0.4367
  batch 180/192  loss=0.3163
  batch 190/192  loss=0.3076
Epoch 231/300  train=3.609e-01  rmse=4.9503  lr=1.0e-04  157s
  batch 10/192  loss=0.2977
  batch 20/192  loss=0.2995
  batch 30/192  loss=0.4305
  batch 40/192  loss=0.3014
  batch 50/192  loss=0.3526
  batch 60/192  loss=0.3203
  batch 70/192  loss=0.3579
  batch 80/192  loss=0.3114
  batch 90/192  loss=0.3304
  batch 100/192  loss=0.3134
  batch 110/192  loss=0.3462
  batch 120/192  loss=0.3071
  batch 130/192  loss=0.2885
  batch 140/192  loss=0.4376
  batch 150/192  loss=0.3213
  batch 160/192  loss=0.3131
  batch 170/192  loss=0.4637
  batch 180/192  loss=0.7232
  batch 190/192  loss=0.3278
Epoch 232/300  train=3.616e-01  rmse=2.7793  lr=1.0e-04  157s
  batch 10/192  loss=0.3094
  batch 20/192  loss=0.3225
  batch 30/192  loss=0.6152
  batch 40/192  loss=0.4017
  batch 50/192  loss=0.3082
  batch 60/192  loss=0.3145
  batch 70/192  loss=0.3477
  batch 80/192  loss=0.2759
  batch 90/192  loss=0.3128
  batch 100/192  loss=0.3104
  batch 110/192  loss=0.2877
  batch 120/192  loss=0.3298
  batch 130/192  loss=0.3445
  batch 140/192  loss=0.3927
  batch 150/192  loss=0.3780
  batch 160/192  loss=0.3263
  batch 170/192  loss=0.2944
  batch 180/192  loss=0.2949
  batch 190/192  loss=0.3888
Epoch 233/300  train=3.616e-01  rmse=3.7688  lr=1.0e-04  157s
  batch 10/192  loss=0.2829
  batch 20/192  loss=0.2682
  batch 30/192  loss=0.2883
  batch 40/192  loss=0.2517
  batch 50/192  loss=0.3587
  batch 60/192  loss=0.4149
  batch 70/192  loss=0.3395
  batch 80/192  loss=0.2770
  batch 90/192  loss=0.2815
  batch 100/192  loss=0.3166
  batch 110/192  loss=0.3799
  batch 120/192  loss=0.3281
  batch 130/192  loss=0.3370
  batch 140/192  loss=0.2791
  batch 150/192  loss=0.4217
  batch 160/192  loss=0.2472
  batch 170/192  loss=0.3305
  batch 180/192  loss=0.5037
  batch 190/192  loss=0.2985
Epoch 234/300  train=3.609e-01  rmse=38.1405  lr=1.0e-04  157s
  batch 10/192  loss=0.3107
  batch 20/192  loss=0.3314
  batch 30/192  loss=0.3654
  batch 40/192  loss=0.3274
  batch 50/192  loss=0.3790
  batch 60/192  loss=0.3702
  batch 70/192  loss=0.3375
  batch 80/192  loss=0.3009
  batch 90/192  loss=0.3963
  batch 100/192  loss=0.3266
  batch 110/192  loss=0.2709
  batch 120/192  loss=0.3798
  batch 130/192  loss=0.3497
  batch 140/192  loss=0.3308
  batch 150/192  loss=0.2974
  batch 160/192  loss=0.3582
  batch 170/192  loss=0.2872
  batch 180/192  loss=0.3775
  batch 190/192  loss=0.4982
Epoch 235/300  train=3.571e-01  rmse=4.4421  lr=1.0e-04  158s
  -> best  monitor=3.571e-01
  batch 10/192  loss=0.4461
  batch 20/192  loss=0.5927
  batch 30/192  loss=0.3517
  batch 40/192  loss=0.3411
  batch 50/192  loss=0.3524
  batch 60/192  loss=0.2905
  batch 70/192  loss=0.5234
  batch 80/192  loss=0.4179
  batch 90/192  loss=0.3275
  batch 100/192  loss=0.3076
  batch 110/192  loss=0.3537
  batch 120/192  loss=0.4103
  batch 130/192  loss=0.3948
  batch 140/192  loss=0.2965
  batch 150/192  loss=0.2774
  batch 160/192  loss=0.3560
  batch 170/192  loss=0.3441
  batch 180/192  loss=0.4540
  batch 190/192  loss=0.4896
Epoch 236/300  train=3.641e-01  rmse=2.4635  lr=1.0e-04  158s
  batch 10/192  loss=0.3933
  batch 20/192  loss=0.3067
  batch 30/192  loss=0.3211
  batch 40/192  loss=0.4032
  batch 50/192  loss=0.2720
  batch 60/192  loss=0.3015
  batch 70/192  loss=0.3706
  batch 80/192  loss=0.3392
  batch 90/192  loss=0.2976
  batch 100/192  loss=0.3917
  batch 110/192  loss=0.3601
  batch 120/192  loss=0.3855
  batch 130/192  loss=0.2809
  batch 140/192  loss=0.3147
  batch 150/192  loss=0.3743
  batch 160/192  loss=0.5781
  batch 170/192  loss=0.3637
  batch 180/192  loss=0.3279
  batch 190/192  loss=0.3106
Epoch 237/300  train=3.593e-01  rmse=3.7759  lr=1.0e-04  158s
  batch 10/192  loss=0.3527
  batch 20/192  loss=0.3080
  batch 30/192  loss=0.3842
  batch 40/192  loss=0.3253
  batch 50/192  loss=0.4124
  batch 60/192  loss=0.5451
  batch 70/192  loss=0.2890
  batch 80/192  loss=0.3837
  batch 90/192  loss=0.4547
  batch 100/192  loss=0.3470
  batch 110/192  loss=0.3923
  batch 120/192  loss=0.3151
  batch 130/192  loss=0.2996
  batch 140/192  loss=0.3451
  batch 150/192  loss=0.6068
  batch 160/192  loss=0.3727
  batch 170/192  loss=0.3007
  batch 180/192  loss=0.3057
  batch 190/192  loss=0.3144
Epoch 238/300  train=3.593e-01  rmse=9.1793  lr=1.0e-04  157s
  batch 10/192  loss=0.3048
  batch 20/192  loss=0.3082
  batch 30/192  loss=0.3115
  batch 40/192  loss=0.3452
  batch 50/192  loss=0.3907
  batch 60/192  loss=0.3039
  batch 70/192  loss=0.3110
  batch 80/192  loss=0.3539
  batch 90/192  loss=0.4257
  batch 100/192  loss=0.3113
  batch 110/192  loss=0.3491
  batch 120/192  loss=0.3446
  batch 130/192  loss=0.3317
  batch 140/192  loss=0.2881
  batch 150/192  loss=0.3283
  batch 160/192  loss=0.2532
  batch 170/192  loss=0.2715
  batch 180/192  loss=0.2619
  batch 190/192  loss=0.3482
Epoch 239/300  train=3.610e-01  rmse=2.5849  lr=1.0e-04  157s
  batch 10/192  loss=0.4395
  batch 20/192  loss=0.3059
  batch 30/192  loss=0.2816
  batch 40/192  loss=0.7565
  batch 50/192  loss=0.3218
  batch 60/192  loss=0.3286
  batch 70/192  loss=0.3579
  batch 80/192  loss=0.3336
  batch 90/192  loss=0.4470
  batch 100/192  loss=0.3205
  batch 110/192  loss=0.3965
  batch 120/192  loss=0.2621
  batch 130/192  loss=0.3293
  batch 140/192  loss=0.3650
  batch 150/192  loss=0.3197
  batch 160/192  loss=0.2892
  batch 170/192  loss=0.2804
  batch 180/192  loss=0.2720
  batch 190/192  loss=0.3540
Epoch 240/300  train=3.623e-01  rmse=4.9441  lr=1.0e-04  158s
  batch 10/192  loss=0.2663
  batch 20/192  loss=0.2795
  batch 30/192  loss=0.3547
  batch 40/192  loss=0.2697
  batch 50/192  loss=0.3189
  batch 60/192  loss=0.4100
  batch 70/192  loss=0.5059
  batch 80/192  loss=0.4627
  batch 90/192  loss=0.7551
  batch 100/192  loss=0.3416
  batch 110/192  loss=0.3043
  batch 120/192  loss=0.3680
  batch 130/192  loss=0.3403
  batch 140/192  loss=0.2783
  batch 150/192  loss=0.3706
  batch 160/192  loss=0.3716
  batch 170/192  loss=0.2909
  batch 180/192  loss=0.3695
  batch 190/192  loss=0.2570
Epoch 241/300  train=3.626e-01  rmse=2.8555  lr=1.0e-04  157s
  batch 10/192  loss=0.3160
  batch 20/192  loss=0.2743
  batch 30/192  loss=0.3602
  batch 40/192  loss=0.4248
  batch 50/192  loss=0.5461
  batch 60/192  loss=0.3145
  batch 70/192  loss=0.2822
  batch 80/192  loss=0.3115
  batch 90/192  loss=0.3063
  batch 100/192  loss=0.3616
  batch 110/192  loss=0.4385
  batch 120/192  loss=0.3721
  batch 130/192  loss=0.3335
  batch 140/192  loss=0.3471
  batch 150/192  loss=0.2800
  batch 160/192  loss=0.3414
  batch 170/192  loss=0.3973
  batch 180/192  loss=0.3548
  batch 190/192  loss=0.4782
Epoch 242/300  train=3.591e-01  rmse=3.5101  lr=1.0e-04  158s
  batch 10/192  loss=0.3663
  batch 20/192  loss=0.3380
  batch 30/192  loss=0.2842
  batch 40/192  loss=0.4126
  batch 50/192  loss=0.3041
  batch 60/192  loss=0.3793
  batch 70/192  loss=0.2639
  batch 80/192  loss=0.3690
  batch 90/192  loss=0.4109
  batch 100/192  loss=0.3396
  batch 110/192  loss=0.6214
  batch 120/192  loss=0.2983
  batch 130/192  loss=0.3841
  batch 140/192  loss=0.4313
  batch 150/192  loss=0.2910
  batch 160/192  loss=0.2815
  batch 170/192  loss=0.2681
  batch 180/192  loss=0.5515
  batch 190/192  loss=0.3276
Epoch 243/300  train=3.583e-01  rmse=23.5496  lr=1.0e-04  158s
  batch 10/192  loss=0.3000
  batch 20/192  loss=0.3285
  batch 30/192  loss=0.5071
  batch 40/192  loss=0.5373
  batch 50/192  loss=0.4739
  batch 60/192  loss=0.3369
  batch 70/192  loss=0.3200
  batch 80/192  loss=0.3927
  batch 90/192  loss=0.3016
  batch 100/192  loss=0.2863
  batch 110/192  loss=0.2888
  batch 120/192  loss=0.2782
  batch 130/192  loss=0.3180
  batch 140/192  loss=0.3106
  batch 150/192  loss=0.2916
  batch 160/192  loss=0.3234
  batch 170/192  loss=0.3871
  batch 180/192  loss=0.3729
  batch 190/192  loss=0.3180
Epoch 244/300  train=3.544e-01  rmse=2.3369  lr=1.0e-04  158s
  -> best  monitor=3.544e-01
  batch 10/192  loss=0.3182
  batch 20/192  loss=0.2890
  batch 30/192  loss=0.3495
  batch 40/192  loss=0.2736
  batch 50/192  loss=0.4862
  batch 60/192  loss=0.4428
  batch 70/192  loss=0.3357
  batch 80/192  loss=0.2749
  batch 90/192  loss=0.2528
  batch 100/192  loss=0.5100
  batch 110/192  loss=0.3539
  batch 120/192  loss=0.3049
  batch 130/192  loss=0.3419
  batch 140/192  loss=0.2359
  batch 150/192  loss=0.2971
  batch 160/192  loss=0.2859
  batch 170/192  loss=0.3084
  batch 180/192  loss=0.3115
  batch 190/192  loss=0.2696
Epoch 245/300  train=3.587e-01  rmse=4.6323  lr=1.0e-04  157s
  batch 10/192  loss=0.4147
  batch 20/192  loss=0.3571
  batch 30/192  loss=0.4009
  batch 40/192  loss=0.3771
  batch 50/192  loss=0.2707
  batch 60/192  loss=0.3952
  batch 70/192  loss=0.2956
  batch 80/192  loss=0.2879
  batch 90/192  loss=0.3137
  batch 100/192  loss=0.2852
  batch 110/192  loss=0.3360
  batch 120/192  loss=0.2950
  batch 130/192  loss=0.4887
  batch 140/192  loss=0.2633
  batch 150/192  loss=0.3016
  batch 160/192  loss=0.5015
  batch 170/192  loss=0.3539
  batch 180/192  loss=0.4079
  batch 190/192  loss=0.2970
Epoch 246/300  train=3.551e-01  rmse=2.4154  lr=1.0e-04  157s
  batch 10/192  loss=0.2858
  batch 20/192  loss=0.3536
  batch 30/192  loss=0.3550
  batch 40/192  loss=0.3508
  batch 50/192  loss=0.2903
  batch 60/192  loss=0.2963
  batch 70/192  loss=0.3507
  batch 80/192  loss=0.3778
  batch 90/192  loss=0.2640
  batch 100/192  loss=0.3154
  batch 110/192  loss=0.3682
  batch 120/192  loss=0.2690
  batch 130/192  loss=0.4131
  batch 140/192  loss=0.2861
  batch 150/192  loss=0.3774
  batch 160/192  loss=0.3105
  batch 170/192  loss=0.2950
  batch 180/192  loss=0.2984
  batch 190/192  loss=0.2977
Epoch 247/300  train=3.516e-01  rmse=3.3006  lr=1.0e-04  157s
  -> best  monitor=3.516e-01
  batch 10/192  loss=0.3445
  batch 20/192  loss=0.4242
  batch 30/192  loss=0.2927
  batch 40/192  loss=0.3739
  batch 50/192  loss=0.3717
  batch 60/192  loss=0.3504
  batch 70/192  loss=0.3158
  batch 80/192  loss=0.3282
  batch 90/192  loss=0.3906
  batch 100/192  loss=0.2963
  batch 110/192  loss=0.3692
  batch 120/192  loss=0.2871
  batch 130/192  loss=0.5337
  batch 140/192  loss=0.3728
  batch 150/192  loss=0.5047
  batch 160/192  loss=0.3058
  batch 170/192  loss=0.3266
  batch 180/192  loss=0.3225
  batch 190/192  loss=0.2956
Epoch 248/300  train=3.501e-01  rmse=7.3306  lr=1.0e-04  157s
  -> best  monitor=3.501e-01
  batch 10/192  loss=0.4835
  batch 20/192  loss=0.3737
  batch 30/192  loss=0.3025
  batch 40/192  loss=0.2874
  batch 50/192  loss=0.2859
  batch 60/192  loss=0.3216
  batch 70/192  loss=0.2668
  batch 80/192  loss=0.3402
  batch 90/192  loss=0.3260
  batch 100/192  loss=0.3198
  batch 110/192  loss=0.3754
  batch 120/192  loss=0.4093
  batch 130/192  loss=0.3326
  batch 140/192  loss=0.3750
  batch 150/192  loss=0.2966
  batch 160/192  loss=0.3016
  batch 170/192  loss=0.2807
  batch 180/192  loss=0.2531
  batch 190/192  loss=0.5716
Epoch 249/300  train=3.520e-01  rmse=2.6868  lr=1.0e-04  157s
  batch 10/192  loss=0.3162
  batch 20/192  loss=0.3224
  batch 30/192  loss=0.3585
  batch 40/192  loss=0.3411
  batch 50/192  loss=0.3573
  batch 60/192  loss=0.2864
  batch 70/192  loss=0.2663
  batch 80/192  loss=0.2877
  batch 90/192  loss=0.3600
  batch 100/192  loss=0.3346
  batch 110/192  loss=0.3450
  batch 120/192  loss=0.3466
  batch 130/192  loss=0.4014
  batch 140/192  loss=0.4176
  batch 150/192  loss=0.3323
  batch 160/192  loss=0.2621
  batch 170/192  loss=0.3312
  batch 180/192  loss=0.3537
  batch 190/192  loss=0.4269
Epoch 250/300  train=3.564e-01  rmse=3.2929  lr=1.0e-04  157s
  batch 10/192  loss=0.3133
  batch 20/192  loss=0.3663
  batch 30/192  loss=0.3250
  batch 40/192  loss=0.4840
  batch 50/192  loss=0.3464
  batch 60/192  loss=0.6908
  batch 70/192  loss=0.3175
  batch 80/192  loss=0.3533
  batch 90/192  loss=0.3669
  batch 100/192  loss=0.2672
  batch 110/192  loss=0.3600
  batch 120/192  loss=0.3179
  batch 130/192  loss=0.3274
  batch 140/192  loss=0.3843
  batch 150/192  loss=0.3322
  batch 160/192  loss=0.2747
  batch 170/192  loss=0.4729
  batch 180/192  loss=0.3196
  batch 190/192  loss=0.3637
Epoch 251/300  train=3.556e-01  rmse=2.2105  lr=1.0e-04  158s
  batch 10/192  loss=0.3739
  batch 20/192  loss=0.3959
  batch 30/192  loss=0.5095
  batch 40/192  loss=0.7030
  batch 50/192  loss=0.3386
  batch 60/192  loss=0.3567
  batch 70/192  loss=0.3910
  batch 80/192  loss=0.3047
  batch 90/192  loss=0.3841
  batch 100/192  loss=0.2864
  batch 110/192  loss=0.3388
  batch 120/192  loss=0.3118
  batch 130/192  loss=0.5465
  batch 140/192  loss=0.2830
  batch 150/192  loss=0.4507
  batch 160/192  loss=0.2652
  batch 170/192  loss=0.3012
  batch 180/192  loss=0.3052
  batch 190/192  loss=0.2777
Epoch 252/300  train=3.473e-01  rmse=3.9529  lr=1.0e-04  157s
  -> best  monitor=3.473e-01
  batch 10/192  loss=0.3284
  batch 20/192  loss=0.3657
  batch 30/192  loss=0.4828
  batch 40/192  loss=0.3272
  batch 50/192  loss=0.2704
  batch 60/192  loss=0.3268
  batch 70/192  loss=0.2742
  batch 80/192  loss=0.2626
  batch 90/192  loss=0.2782
  batch 100/192  loss=0.3197
  batch 110/192  loss=0.3569
  batch 120/192  loss=0.2633
  batch 130/192  loss=0.2890
  batch 140/192  loss=0.3296
  batch 150/192  loss=0.3144
  batch 160/192  loss=0.3256
  batch 170/192  loss=0.3196
  batch 180/192  loss=0.3386
  batch 190/192  loss=0.3788
Epoch 253/300  train=3.563e-01  rmse=4.9852  lr=1.0e-04  157s
  batch 10/192  loss=0.3223
  batch 20/192  loss=0.3243
  batch 30/192  loss=0.4291
  batch 40/192  loss=0.3318
  batch 50/192  loss=0.5952
  batch 60/192  loss=0.3189
  batch 70/192  loss=0.4505
  batch 80/192  loss=0.2815
  batch 90/192  loss=0.2988
  batch 100/192  loss=0.4503
  batch 110/192  loss=0.3526
  batch 120/192  loss=0.2847
  batch 130/192  loss=0.2750
  batch 140/192  loss=0.3789
  batch 150/192  loss=0.4103
  batch 160/192  loss=0.3838
  batch 170/192  loss=0.2909
  batch 180/192  loss=0.3066
  batch 190/192  loss=0.3352
Epoch 254/300  train=3.531e-01  rmse=2.3680  lr=1.0e-04  158s
  batch 10/192  loss=0.4533
  batch 20/192  loss=0.4409
  batch 30/192  loss=0.3896
  batch 40/192  loss=0.3559
  batch 50/192  loss=0.2911
  batch 60/192  loss=0.2982
  batch 70/192  loss=0.3077
  batch 80/192  loss=0.3110
  batch 90/192  loss=0.4015
  batch 100/192  loss=0.5455
  batch 110/192  loss=0.4986
  batch 120/192  loss=0.3401
  batch 130/192  loss=0.4784
  batch 140/192  loss=0.2937
  batch 150/192  loss=0.4054
  batch 160/192  loss=0.4860
  batch 170/192  loss=0.3817
  batch 180/192  loss=0.2753
  batch 190/192  loss=0.3976
Epoch 255/300  train=3.511e-01  rmse=5.5594  lr=1.0e-04  158s
  batch 10/192  loss=0.2734
  batch 20/192  loss=0.4668
  batch 30/192  loss=0.4024
  batch 40/192  loss=0.2694
  batch 50/192  loss=0.3227
  batch 60/192  loss=0.3728
  batch 70/192  loss=0.3658
  batch 80/192  loss=0.3951
  batch 90/192  loss=0.2906
  batch 100/192  loss=0.4062
  batch 110/192  loss=0.4522
  batch 120/192  loss=0.3445
  batch 130/192  loss=0.2904
  batch 140/192  loss=0.2833
  batch 150/192  loss=0.4193
  batch 160/192  loss=0.2919
  batch 170/192  loss=0.2785
  batch 180/192  loss=0.2970
  batch 190/192  loss=0.2621
Epoch 256/300  train=3.529e-01  rmse=5.8971  lr=1.0e-04  158s
  batch 10/192  loss=0.5600
  batch 20/192  loss=0.2453
  batch 30/192  loss=0.3009
  batch 40/192  loss=0.2918
  batch 50/192  loss=0.3249
  batch 60/192  loss=0.4931
  batch 70/192  loss=0.2605
  batch 80/192  loss=0.3041
  batch 90/192  loss=0.3643
  batch 100/192  loss=0.2710
  batch 110/192  loss=0.3143
  batch 120/192  loss=0.8824
  batch 130/192  loss=0.3447
  batch 140/192  loss=0.2387
  batch 150/192  loss=0.2996
  batch 160/192  loss=0.4170
  batch 170/192  loss=0.3473
  batch 180/192  loss=0.2923
  batch 190/192  loss=0.4078
Epoch 257/300  train=3.521e-01  rmse=3.1836  lr=1.0e-04  157s
  batch 10/192  loss=0.4420
  batch 20/192  loss=0.5652
  batch 30/192  loss=0.3056
  batch 40/192  loss=0.3079
  batch 50/192  loss=0.3513
  batch 60/192  loss=0.3595
  batch 70/192  loss=0.3911
  batch 80/192  loss=0.2823
  batch 90/192  loss=0.4712
  batch 100/192  loss=0.3248
  batch 110/192  loss=0.3549
  batch 120/192  loss=0.2612
  batch 130/192  loss=0.3154
  batch 140/192  loss=0.3670
  batch 150/192  loss=0.5332
  batch 160/192  loss=0.3159
  batch 170/192  loss=0.4579
  batch 180/192  loss=0.2985
  batch 190/192  loss=0.3048
Epoch 258/300  train=3.535e-01  rmse=2.2931  lr=1.0e-04  158s
  batch 10/192  loss=0.2715
  batch 20/192  loss=0.2698
  batch 30/192  loss=0.2761
  batch 40/192  loss=0.3343
  batch 50/192  loss=0.4892
  batch 60/192  loss=0.3029
  batch 70/192  loss=0.3157
  batch 80/192  loss=0.2920
  batch 90/192  loss=0.3924
  batch 100/192  loss=0.4658
  batch 110/192  loss=0.2684
  batch 120/192  loss=0.4152
  batch 130/192  loss=0.3109
  batch 140/192  loss=0.4236
  batch 150/192  loss=0.2952
  batch 160/192  loss=0.3463
  batch 170/192  loss=0.3382
  batch 180/192  loss=0.2860
  batch 190/192  loss=0.5203
Epoch 259/300  train=3.550e-01  rmse=3.0266  lr=1.0e-04  158s
  batch 10/192  loss=0.3274
  batch 20/192  loss=0.2754
  batch 30/192  loss=0.4175
  batch 40/192  loss=0.4588
  batch 50/192  loss=0.4640
  batch 60/192  loss=0.3337
  batch 70/192  loss=0.2505
  batch 80/192  loss=0.2611
  batch 90/192  loss=0.2954
  batch 100/192  loss=0.3605
  batch 110/192  loss=0.2659
  batch 120/192  loss=0.2803
  batch 130/192  loss=0.2881
  batch 140/192  loss=0.2929
  batch 150/192  loss=0.3272
  batch 160/192  loss=0.3805
  batch 170/192  loss=0.6087
  batch 180/192  loss=0.4397
  batch 190/192  loss=0.2999
Epoch 260/300  train=3.565e-01  rmse=2.9389  lr=1.0e-04  157s
  batch 10/192  loss=0.2800
  batch 20/192  loss=0.4425
  batch 30/192  loss=0.3023
  batch 40/192  loss=0.2803
  batch 50/192  loss=0.3930
  batch 60/192  loss=0.3139
  batch 70/192  loss=0.2960
  batch 80/192  loss=0.3758
  batch 90/192  loss=0.3024
  batch 100/192  loss=0.3091
  batch 110/192  loss=0.2834
  batch 120/192  loss=0.2971
  batch 130/192  loss=0.4749
  batch 140/192  loss=0.4308
  batch 150/192  loss=0.5795
  batch 160/192  loss=0.3083
  batch 170/192  loss=0.2950
  batch 180/192  loss=0.2877
  batch 190/192  loss=0.3062
Epoch 261/300  train=3.483e-01  rmse=4.1283  lr=1.0e-04  157s
  batch 10/192  loss=0.2719
  batch 20/192  loss=0.2965
  batch 30/192  loss=0.3639
  batch 40/192  loss=0.2919
  batch 50/192  loss=0.3302
  batch 60/192  loss=0.3206
  batch 70/192  loss=0.3347
  batch 80/192  loss=0.3629
  batch 90/192  loss=0.3901
  batch 100/192  loss=0.6215
  batch 110/192  loss=0.4168
  batch 120/192  loss=0.3086
  batch 130/192  loss=0.3378
  batch 140/192  loss=0.3382
  batch 150/192  loss=0.3270
  batch 160/192  loss=0.3940
  batch 170/192  loss=0.3245
  batch 180/192  loss=0.3058
  batch 190/192  loss=0.3389
Epoch 262/300  train=3.524e-01  rmse=3.4186  lr=1.0e-04  157s
  batch 10/192  loss=0.2758
  batch 20/192  loss=0.3529
  batch 30/192  loss=0.4080
  batch 40/192  loss=0.3224
  batch 50/192  loss=0.3172
  batch 60/192  loss=0.5890
  batch 70/192  loss=0.2573
  batch 80/192  loss=0.2840
  batch 90/192  loss=0.3402
  batch 100/192  loss=0.3056
  batch 110/192  loss=0.5760
  batch 120/192  loss=0.3184
  batch 130/192  loss=0.3753
  batch 140/192  loss=0.3285
  batch 150/192  loss=0.3750
  batch 160/192  loss=0.3098
  batch 170/192  loss=0.3583
  batch 180/192  loss=0.2566
  batch 190/192  loss=0.5271
Epoch 263/300  train=3.460e-01  rmse=3.6840  lr=1.0e-04  158s
  -> best  monitor=3.460e-01
  batch 10/192  loss=0.3072
  batch 20/192  loss=0.3838
  batch 30/192  loss=0.3403
  batch 40/192  loss=0.2433
  batch 50/192  loss=0.3681
  batch 60/192  loss=0.5284
  batch 70/192  loss=0.5471
  batch 80/192  loss=0.3788
  batch 90/192  loss=0.3097
  batch 100/192  loss=0.4315
  batch 110/192  loss=0.3151
  batch 120/192  loss=0.3159
  batch 130/192  loss=0.2814
  batch 140/192  loss=0.3189
  batch 150/192  loss=0.3271
  batch 160/192  loss=0.3150
  batch 170/192  loss=0.3973
  batch 180/192  loss=0.2587
  batch 190/192  loss=0.3243
Epoch 264/300  train=3.590e-01  rmse=2.9483  lr=1.0e-04  157s
  batch 10/192  loss=0.3878
  batch 20/192  loss=0.3708
  batch 30/192  loss=0.2657
  batch 40/192  loss=0.3518
  batch 50/192  loss=0.4466
  batch 60/192  loss=0.4281
  batch 70/192  loss=0.4697
  batch 80/192  loss=0.3445
  batch 90/192  loss=0.3261
  batch 100/192  loss=0.2968
  batch 110/192  loss=0.3580
  batch 120/192  loss=0.2845
  batch 130/192  loss=0.2773
  batch 140/192  loss=0.2998
  batch 150/192  loss=0.3691
  batch 160/192  loss=0.4035
  batch 170/192  loss=0.2777
  batch 180/192  loss=0.5284
  batch 190/192  loss=0.3663
Epoch 265/300  train=3.498e-01  rmse=4.3757  lr=1.0e-04  158s
  batch 10/192  loss=0.3229
  batch 20/192  loss=0.3012
  batch 30/192  loss=0.2522
  batch 40/192  loss=0.5372
  batch 50/192  loss=0.2801
  batch 60/192  loss=0.4407
  batch 70/192  loss=0.3686
  batch 80/192  loss=0.3680
  batch 90/192  loss=0.2599
  batch 100/192  loss=0.3236
  batch 110/192  loss=0.3399
  batch 120/192  loss=0.3796
  batch 130/192  loss=0.2660
  batch 140/192  loss=0.3644
  batch 150/192  loss=0.2947
  batch 160/192  loss=0.4161
  batch 170/192  loss=0.6000
  batch 180/192  loss=0.3872
  batch 190/192  loss=0.2992
Epoch 266/300  train=3.507e-01  rmse=4.5156  lr=1.0e-04  158s
  batch 10/192  loss=0.3181
  batch 20/192  loss=0.3465
  batch 30/192  loss=0.6875
  batch 40/192  loss=0.5024
  batch 50/192  loss=0.3045
  batch 60/192  loss=0.3081
  batch 70/192  loss=0.3682
  batch 80/192  loss=0.3497
  batch 90/192  loss=0.2983
  batch 100/192  loss=0.3762
  batch 110/192  loss=0.3250
  batch 120/192  loss=0.3007
  batch 130/192  loss=0.3327
  batch 140/192  loss=0.3972
  batch 150/192  loss=0.3035
  batch 160/192  loss=0.3088
  batch 170/192  loss=0.5704
  batch 180/192  loss=0.3291
  batch 190/192  loss=0.3212
Epoch 267/300  train=3.563e-01  rmse=10.5482  lr=1.0e-04  158s
  batch 10/192  loss=0.3189
  batch 20/192  loss=0.4001
  batch 30/192  loss=0.3410
  batch 40/192  loss=0.3043
  batch 50/192  loss=0.3249
  batch 60/192  loss=0.2781
  batch 70/192  loss=0.4419
  batch 80/192  loss=0.2786
  batch 90/192  loss=0.6704
  batch 100/192  loss=0.3820
  batch 110/192  loss=0.4335
  batch 120/192  loss=0.2937
  batch 130/192  loss=0.4082
  batch 140/192  loss=0.3379
  batch 150/192  loss=0.3103
  batch 160/192  loss=0.2851
  batch 170/192  loss=0.3795
  batch 180/192  loss=0.3196
  batch 190/192  loss=0.2866
Epoch 268/300  train=3.488e-01  rmse=33.6716  lr=1.0e-04  157s
  batch 10/192  loss=0.2629
  batch 20/192  loss=0.3086
  batch 30/192  loss=0.3497
  batch 40/192  loss=0.2689
  batch 50/192  loss=0.3793
  batch 60/192  loss=0.4240
  batch 70/192  loss=0.3246
  batch 80/192  loss=0.2734
  batch 90/192  loss=0.4782
  batch 100/192  loss=0.4724
  batch 110/192  loss=0.3161
  batch 120/192  loss=0.2965
  batch 130/192  loss=0.3993
  batch 140/192  loss=0.4058
  batch 150/192  loss=0.2721
  batch 160/192  loss=0.4701
  batch 170/192  loss=0.3132
  batch 180/192  loss=0.3020
  batch 190/192  loss=0.3744
Epoch 269/300  train=3.513e-01  rmse=4.0457  lr=1.0e-04  157s
  batch 10/192  loss=0.3179
  batch 20/192  loss=0.3893
  batch 30/192  loss=0.5148
  batch 40/192  loss=0.2719
  batch 50/192  loss=0.3347
  batch 60/192  loss=0.3974
  batch 70/192  loss=0.3275
  batch 80/192  loss=0.3637
  batch 90/192  loss=0.6679
  batch 100/192  loss=0.2669
  batch 110/192  loss=0.3021
  batch 120/192  loss=0.2933
  batch 130/192  loss=0.3209
  batch 140/192  loss=0.3056
  batch 150/192  loss=0.4944
  batch 160/192  loss=0.3896
  batch 170/192  loss=0.2503
  batch 180/192  loss=0.3959
  batch 190/192  loss=0.3276
Epoch 270/300  train=3.476e-01  rmse=2.1436  lr=1.0e-04  158s
  batch 10/192  loss=0.4821
  batch 20/192  loss=0.3234
  batch 30/192  loss=0.3450
  batch 40/192  loss=0.4739
  batch 50/192  loss=0.3271
  batch 60/192  loss=0.2738
  batch 70/192  loss=0.2949
  batch 80/192  loss=0.2882
  batch 90/192  loss=0.4527
  batch 100/192  loss=0.3802
  batch 110/192  loss=0.3034
  batch 120/192  loss=0.3795
  batch 130/192  loss=0.2848
  batch 140/192  loss=0.3467
  batch 150/192  loss=0.3042
  batch 160/192  loss=0.3103
  batch 170/192  loss=0.2647
  batch 180/192  loss=0.2783
  batch 190/192  loss=0.3341
Epoch 271/300  train=3.531e-01  rmse=3.1844  lr=1.0e-04  158s
  batch 10/192  loss=0.2684
  batch 20/192  loss=0.3192
  batch 30/192  loss=0.2861
  batch 40/192  loss=0.3901
  batch 50/192  loss=0.3675
  batch 60/192  loss=0.2950
  batch 70/192  loss=0.3623
  batch 80/192  loss=0.2869
  batch 90/192  loss=0.4309
  batch 100/192  loss=0.4266
  batch 110/192  loss=0.2771
  batch 120/192  loss=0.3775
  batch 130/192  loss=0.3173
  batch 140/192  loss=0.2956
  batch 150/192  loss=0.4710
  batch 160/192  loss=0.3445
  batch 170/192  loss=0.3244
  batch 180/192  loss=0.3205
  batch 190/192  loss=0.3250
Epoch 272/300  train=3.475e-01  rmse=8.3096  lr=1.0e-04  157s
  batch 10/192  loss=0.2514
  batch 20/192  loss=0.3675
  batch 30/192  loss=0.2607
  batch 40/192  loss=0.3313
  batch 50/192  loss=0.3773
  batch 60/192  loss=0.4464
  batch 70/192  loss=0.2857
  batch 80/192  loss=0.4311
  batch 90/192  loss=0.4118
  batch 100/192  loss=0.9645
  batch 110/192  loss=0.3944
  batch 120/192  loss=0.4720
  batch 130/192  loss=0.2593
  batch 140/192  loss=0.2984
  batch 150/192  loss=0.3149
  batch 160/192  loss=0.2874
  batch 170/192  loss=0.2890
  batch 180/192  loss=0.3789
  batch 190/192  loss=0.3495
Epoch 273/300  train=3.532e-01  rmse=2.9526  lr=1.0e-04  158s
  batch 10/192  loss=0.3874
  batch 20/192  loss=0.2855
  batch 30/192  loss=0.3126
  batch 40/192  loss=0.5578
  batch 50/192  loss=0.2923
  batch 60/192  loss=0.3659
  batch 70/192  loss=0.3517
  batch 80/192  loss=0.2644
  batch 90/192  loss=0.3482
  batch 100/192  loss=0.3149
  batch 110/192  loss=0.3302
  batch 120/192  loss=0.2838
  batch 130/192  loss=0.2843
  batch 140/192  loss=0.3203
  batch 150/192  loss=0.2759
  batch 160/192  loss=0.3041
  batch 170/192  loss=0.4692
  batch 180/192  loss=0.2912
  batch 190/192  loss=0.4462
Epoch 274/300  train=3.514e-01  rmse=3.6725  lr=5.0e-05  158s
  batch 10/192  loss=0.3620
  batch 20/192  loss=0.2670
  batch 30/192  loss=0.3703
  batch 40/192  loss=0.3225
  batch 50/192  loss=0.3080
  batch 60/192  loss=0.2365
  batch 70/192  loss=0.3408
  batch 80/192  loss=0.3682
  batch 90/192  loss=0.2724
  batch 100/192  loss=0.4936
  batch 110/192  loss=0.3289
  batch 120/192  loss=0.3088
  batch 130/192  loss=0.2686
  batch 140/192  loss=0.3005
  batch 150/192  loss=0.3920
  batch 160/192  loss=0.4027
  batch 170/192  loss=0.3212
  batch 180/192  loss=0.2927
  batch 190/192  loss=0.3105
Epoch 275/300  train=3.346e-01  rmse=4.1412  lr=5.0e-05  158s
  -> best  monitor=3.346e-01
  batch 10/192  loss=0.3247
  batch 20/192  loss=0.2990
  batch 30/192  loss=0.4703
  batch 40/192  loss=0.3290
  batch 50/192  loss=0.3687
  batch 60/192  loss=0.2993
  batch 70/192  loss=0.3525
  batch 80/192  loss=0.4057
  batch 90/192  loss=0.3469
  batch 100/192  loss=0.3657
  batch 110/192  loss=0.4379
  batch 120/192  loss=0.3131
  batch 130/192  loss=0.3310
  batch 140/192  loss=0.2396
  batch 150/192  loss=0.3249
  batch 160/192  loss=0.5209
  batch 170/192  loss=0.2623
  batch 180/192  loss=0.3228
  batch 190/192  loss=0.2671
Epoch 276/300  train=3.353e-01  rmse=4.1390  lr=5.0e-05  157s
  batch 10/192  loss=0.2882
  batch 20/192  loss=0.3058
  batch 30/192  loss=0.3718
  batch 40/192  loss=0.3016
  batch 50/192  loss=0.2943
  batch 60/192  loss=0.2716
  batch 70/192  loss=0.2727
  batch 80/192  loss=0.3230
  batch 90/192  loss=0.4313
  batch 100/192  loss=0.4367
  batch 110/192  loss=0.2867
  batch 120/192  loss=0.5190
  batch 130/192  loss=0.4061
  batch 140/192  loss=0.4725
  batch 150/192  loss=0.3538
  batch 160/192  loss=0.2582
  batch 170/192  loss=0.2912
  batch 180/192  loss=0.3406
  batch 190/192  loss=0.2698
Epoch 277/300  train=3.349e-01  rmse=3.6774  lr=5.0e-05  157s
  batch 10/192  loss=0.3346
  batch 20/192  loss=0.2708
  batch 30/192  loss=0.3338
  batch 40/192  loss=0.4754
  batch 50/192  loss=0.2961
  batch 60/192  loss=0.2914
  batch 70/192  loss=0.3093
  batch 80/192  loss=0.2722
  batch 90/192  loss=0.3131
  batch 100/192  loss=0.5637
  batch 110/192  loss=0.2911
  batch 120/192  loss=0.3398
  batch 130/192  loss=0.3120
  batch 140/192  loss=0.2581
  batch 150/192  loss=0.3375
  batch 160/192  loss=0.3497
  batch 170/192  loss=0.2706
  batch 180/192  loss=0.2562
  batch 190/192  loss=0.3205
Epoch 278/300  train=3.363e-01  rmse=3.0162  lr=5.0e-05  157s
  batch 10/192  loss=0.2530
  batch 20/192  loss=0.2447
  batch 30/192  loss=0.3285
  batch 40/192  loss=0.2353
  batch 50/192  loss=0.3007
  batch 60/192  loss=0.3282
  batch 70/192  loss=0.3152
  batch 80/192  loss=0.3904
  batch 90/192  loss=0.4040
  batch 100/192  loss=0.3849
  batch 110/192  loss=0.4140
  batch 120/192  loss=0.3623
  batch 130/192  loss=0.4649
  batch 140/192  loss=0.3423
  batch 150/192  loss=0.2712
  batch 160/192  loss=0.2957
  batch 170/192  loss=0.7051
  batch 180/192  loss=0.4399
  batch 190/192  loss=0.5780
Epoch 279/300  train=3.397e-01  rmse=8.8900  lr=5.0e-05  157s
  batch 10/192  loss=0.3271
  batch 20/192  loss=0.4010
  batch 30/192  loss=0.2858
  batch 40/192  loss=0.4538
  batch 50/192  loss=0.4134
  batch 60/192  loss=0.2654
  batch 70/192  loss=0.3762
  batch 80/192  loss=0.2855
  batch 90/192  loss=0.2669
  batch 100/192  loss=0.2682
  batch 110/192  loss=0.3051
  batch 120/192  loss=0.3270
  batch 130/192  loss=0.2530
  batch 140/192  loss=0.4060
  batch 150/192  loss=0.3852
  batch 160/192  loss=0.3460
  batch 170/192  loss=0.2743
  batch 180/192  loss=0.2784
  batch 190/192  loss=0.3387
Epoch 280/300  train=3.328e-01  rmse=2.0455  lr=5.0e-05  157s
  -> best  monitor=3.328e-01
  batch 10/192  loss=0.2864
  batch 20/192  loss=0.2526
  batch 30/192  loss=0.2730
  batch 40/192  loss=0.4377
  batch 50/192  loss=0.2989
  batch 60/192  loss=0.2365
  batch 70/192  loss=0.4891
  batch 80/192  loss=0.3377
  batch 90/192  loss=0.3946
  batch 100/192  loss=0.3246
  batch 110/192  loss=0.2932
  batch 120/192  loss=0.3392
  batch 130/192  loss=0.3407
  batch 140/192  loss=0.4560
  batch 150/192  loss=0.3129
  batch 160/192  loss=0.3100
  batch 170/192  loss=0.2838
  batch 180/192  loss=0.2675
  batch 190/192  loss=0.3672
Epoch 281/300  train=3.305e-01  rmse=3.5035  lr=5.0e-05  158s
  -> best  monitor=3.305e-01
  batch 10/192  loss=0.4239
  batch 20/192  loss=0.2642
  batch 30/192  loss=0.3427
  batch 40/192  loss=0.2940
  batch 50/192  loss=0.2696
  batch 60/192  loss=0.3050
  batch 70/192  loss=0.2732
  batch 80/192  loss=0.5562
  batch 90/192  loss=0.2748
  batch 100/192  loss=0.3153
  batch 110/192  loss=0.3153
  batch 120/192  loss=0.4588
  batch 130/192  loss=0.3171
  batch 140/192  loss=0.3600
  batch 150/192  loss=0.2812
  batch 160/192  loss=0.2787
  batch 170/192  loss=0.2948
  batch 180/192  loss=0.2868
  batch 190/192  loss=0.2446
Epoch 282/300  train=3.355e-01  rmse=9.7458  lr=5.0e-05  157s
  batch 10/192  loss=0.2688
  batch 20/192  loss=0.2696
  batch 30/192  loss=0.5520
  batch 40/192  loss=0.3255
  batch 50/192  loss=0.2913
  batch 60/192  loss=0.2276
  batch 70/192  loss=0.2894
  batch 80/192  loss=0.4087
  batch 90/192  loss=0.3141
  batch 100/192  loss=0.2858
  batch 110/192  loss=0.2479
  batch 120/192  loss=0.4166
  batch 130/192  loss=0.5102
  batch 140/192  loss=0.4745
  batch 150/192  loss=0.2726
  batch 160/192  loss=0.2901
  batch 170/192  loss=0.3253
  batch 180/192  loss=0.3015
  batch 190/192  loss=0.3027
Epoch 283/300  train=3.367e-01  rmse=3.3929  lr=5.0e-05  157s
  batch 10/192  loss=0.2891
  batch 20/192  loss=0.3002
  batch 30/192  loss=0.6037
  batch 40/192  loss=0.4541
  batch 50/192  loss=0.2858
  batch 60/192  loss=0.3182
  batch 70/192  loss=0.3130
  batch 80/192  loss=0.3166
  batch 90/192  loss=0.2894
  batch 100/192  loss=0.2633
  batch 110/192  loss=0.3183
  batch 120/192  loss=0.4083
  batch 130/192  loss=0.3223
  batch 140/192  loss=0.2659
  batch 150/192  loss=0.3070
  batch 160/192  loss=0.3090
  batch 170/192  loss=0.2913
  batch 180/192  loss=0.2476
  batch 190/192  loss=0.4519
Epoch 284/300  train=3.327e-01  rmse=4.3423  lr=5.0e-05  158s
  batch 10/192  loss=0.3514
  batch 20/192  loss=0.2653
  batch 30/192  loss=0.3627
  batch 40/192  loss=0.7531
  batch 50/192  loss=0.3633
  batch 60/192  loss=0.4680
  batch 70/192  loss=0.2599
  batch 80/192  loss=0.4408
  batch 90/192  loss=0.2607
  batch 100/192  loss=0.2746
  batch 110/192  loss=0.2885
  batch 120/192  loss=0.3505
  batch 130/192  loss=0.2616
  batch 140/192  loss=0.2500
  batch 150/192  loss=0.2511
  batch 160/192  loss=0.2880
  batch 170/192  loss=0.2897
  batch 180/192  loss=0.3262
  batch 190/192  loss=0.2708
Epoch 285/300  train=3.359e-01  rmse=2.4705  lr=5.0e-05  158s
  batch 10/192  loss=0.3352
  batch 20/192  loss=0.2858
  batch 30/192  loss=0.3242
  batch 40/192  loss=0.2478
  batch 50/192  loss=0.3987
  batch 60/192  loss=0.3015
  batch 70/192  loss=0.3074
  batch 80/192  loss=0.3896
  batch 90/192  loss=0.3431
  batch 100/192  loss=0.3556
  batch 110/192  loss=0.3863
  batch 120/192  loss=0.3729
  batch 130/192  loss=0.2984
  batch 140/192  loss=0.5461
  batch 150/192  loss=0.2867
  batch 160/192  loss=0.3208
  batch 170/192  loss=0.3380
  batch 180/192  loss=0.4356
  batch 190/192  loss=0.2964
Epoch 286/300  train=3.305e-01  rmse=4.3485  lr=5.0e-05  158s
  -> best  monitor=3.305e-01
  batch 10/192  loss=0.3666
  batch 20/192  loss=0.2881
  batch 30/192  loss=0.2705
  batch 40/192  loss=0.2801
  batch 50/192  loss=0.3282
  batch 60/192  loss=0.2583
  batch 70/192  loss=0.2426
  batch 80/192  loss=0.2973
  batch 90/192  loss=0.2570
  batch 100/192  loss=0.2765
  batch 110/192  loss=0.3735
  batch 120/192  loss=0.3309
  batch 130/192  loss=0.3800
  batch 140/192  loss=0.3281
  batch 150/192  loss=0.3479
  batch 160/192  loss=0.2944
  batch 170/192  loss=0.2623
  batch 180/192  loss=0.2935
  batch 190/192  loss=0.4099
Epoch 287/300  train=3.284e-01  rmse=4.4238  lr=5.0e-05  157s
  -> best  monitor=3.284e-01
  batch 10/192  loss=0.4837
  batch 20/192  loss=0.4408
  batch 30/192  loss=0.3398
  batch 40/192  loss=0.2665
  batch 50/192  loss=0.3816
  batch 60/192  loss=0.2733
  batch 70/192  loss=0.3489
  batch 80/192  loss=0.3113
  batch 90/192  loss=0.2858
  batch 100/192  loss=0.2604
  batch 110/192  loss=0.3419
  batch 120/192  loss=0.2818
  batch 130/192  loss=0.2649
  batch 140/192  loss=0.2824
  batch 150/192  loss=0.2751
  batch 160/192  loss=0.3353
  batch 170/192  loss=0.2810
  batch 180/192  loss=0.3186
  batch 190/192  loss=0.2791
Epoch 288/300  train=3.316e-01  rmse=3.0255  lr=5.0e-05  158s
  batch 10/192  loss=0.2601
  batch 20/192  loss=0.2631
  batch 30/192  loss=0.4376
  batch 40/192  loss=0.2875
  batch 50/192  loss=0.4828
  batch 60/192  loss=0.4207
  batch 70/192  loss=0.4436
  batch 80/192  loss=0.5731
  batch 90/192  loss=0.2757
  batch 100/192  loss=0.3251
  batch 110/192  loss=0.2765
  batch 120/192  loss=0.3152
  batch 130/192  loss=0.4203
  batch 140/192  loss=0.3234
  batch 150/192  loss=0.2802
  batch 160/192  loss=0.3155
  batch 170/192  loss=0.2859
  batch 180/192  loss=0.3743
  batch 190/192  loss=0.4868
Epoch 289/300  train=3.342e-01  rmse=2.1072  lr=5.0e-05  157s
  batch 10/192  loss=0.3512
  batch 20/192  loss=0.2708
  batch 30/192  loss=0.3974
  batch 40/192  loss=0.3081
  batch 50/192  loss=0.3022
  batch 60/192  loss=0.2859
  batch 70/192  loss=0.3876
  batch 80/192  loss=0.2936
  batch 90/192  loss=0.2762
  batch 100/192  loss=0.3929
  batch 110/192  loss=0.3393
  batch 120/192  loss=0.4606
  batch 130/192  loss=0.2970
  batch 140/192  loss=0.3039
  batch 150/192  loss=0.2750
  batch 160/192  loss=0.3331
  batch 170/192  loss=0.2493
  batch 180/192  loss=0.3609
  batch 190/192  loss=0.4642
Epoch 290/300  train=3.319e-01  rmse=10.0651  lr=5.0e-05  157s
  batch 10/192  loss=0.2947
  batch 20/192  loss=0.2505
  batch 30/192  loss=0.2600
  batch 40/192  loss=0.2908
  batch 50/192  loss=0.2715
  batch 60/192  loss=0.4521
  batch 70/192  loss=0.3407
  batch 80/192  loss=0.2603
  batch 90/192  loss=0.3077
  batch 100/192  loss=0.3301
  batch 110/192  loss=0.2567
  batch 120/192  loss=0.4356
  batch 130/192  loss=0.3313
  batch 140/192  loss=0.2947
  batch 150/192  loss=0.3472
  batch 160/192  loss=0.4810
  batch 170/192  loss=0.3726
  batch 180/192  loss=0.3034
  batch 190/192  loss=0.3570
Epoch 291/300  train=3.271e-01  rmse=6.0808  lr=5.0e-05  157s
  -> best  monitor=3.271e-01
  batch 10/192  loss=0.3438
  batch 20/192  loss=0.2786
  batch 30/192  loss=0.2827
  batch 40/192  loss=0.4655
  batch 50/192  loss=0.2962
  batch 60/192  loss=0.3054
  batch 70/192  loss=0.3313
  batch 80/192  loss=0.2938
  batch 90/192  loss=0.3043
  batch 100/192  loss=0.4847
  batch 110/192  loss=0.4490
  batch 120/192  loss=0.2328
  batch 130/192  loss=0.3958
  batch 140/192  loss=0.3335
  batch 150/192  loss=0.3487
  batch 160/192  loss=0.2425
  batch 170/192  loss=0.3952
  batch 180/192  loss=0.2882
  batch 190/192  loss=0.2880
Epoch 292/300  train=3.296e-01  rmse=2.5172  lr=5.0e-05  157s
  batch 10/192  loss=0.3244
  batch 20/192  loss=0.3104
  batch 30/192  loss=0.4537
  batch 40/192  loss=0.5108
  batch 50/192  loss=0.4940
  batch 60/192  loss=0.3030
  batch 70/192  loss=0.2864
  batch 80/192  loss=0.3131
  batch 90/192  loss=0.3436
  batch 100/192  loss=0.3255
  batch 110/192  loss=0.3285
  batch 120/192  loss=0.2804
  batch 130/192  loss=0.3278
  batch 140/192  loss=0.3131
  batch 150/192  loss=0.2624
  batch 160/192  loss=0.2752
  batch 170/192  loss=0.2826
  batch 180/192  loss=0.2992
  batch 190/192  loss=0.2824
Epoch 293/300  train=3.282e-01  rmse=4.7369  lr=5.0e-05  157s
  batch 10/192  loss=0.2811
  batch 20/192  loss=0.3109
  batch 30/192  loss=0.4689
  batch 40/192  loss=0.4075
  batch 50/192  loss=0.4928
  batch 60/192  loss=0.2850
  batch 70/192  loss=0.3477
  batch 80/192  loss=0.2638
  batch 90/192  loss=0.2873
  batch 100/192  loss=0.2726
  batch 110/192  loss=0.4385
  batch 120/192  loss=0.3530
  batch 130/192  loss=0.2870
  batch 140/192  loss=0.4871
  batch 150/192  loss=0.2255
  batch 160/192  loss=0.3996
  batch 170/192  loss=0.3253
  batch 180/192  loss=0.3119
  batch 190/192  loss=0.5449
Epoch 294/300  train=3.294e-01  rmse=2.1424  lr=5.0e-05  158s
  batch 10/192  loss=0.2691
  batch 20/192  loss=0.2829
  batch 30/192  loss=0.2696
  batch 40/192  loss=0.3932
  batch 50/192  loss=0.3483
  batch 60/192  loss=0.3358
  batch 70/192  loss=0.3335
  batch 80/192  loss=0.2602
  batch 90/192  loss=0.3400
  batch 100/192  loss=0.2872
  batch 110/192  loss=0.3656
  batch 120/192  loss=0.3175
  batch 130/192  loss=0.3355
  batch 140/192  loss=0.2863
  batch 150/192  loss=0.2966
  batch 160/192  loss=0.3518
  batch 170/192  loss=0.2423
  batch 180/192  loss=0.3062
  batch 190/192  loss=0.3221
Epoch 295/300  train=3.314e-01  rmse=2.8330  lr=5.0e-05  157s
  batch 10/192  loss=0.4716
  batch 20/192  loss=0.3091
  batch 30/192  loss=0.3810
  batch 40/192  loss=0.3677
  batch 50/192  loss=0.2950
  batch 60/192  loss=0.6173
  batch 70/192  loss=0.2599
  batch 80/192  loss=0.3370
  batch 90/192  loss=0.4300
  batch 100/192  loss=0.3801
  batch 110/192  loss=0.2657
  batch 120/192  loss=0.2838
  batch 130/192  loss=0.2923
  batch 140/192  loss=0.2729
  batch 150/192  loss=0.5254
  batch 160/192  loss=0.3218
  batch 170/192  loss=0.4581
  batch 180/192  loss=0.2945
  batch 190/192  loss=0.3845
Epoch 296/300  train=3.292e-01  rmse=5.0482  lr=5.0e-05  157s
  batch 10/192  loss=0.3076
  batch 20/192  loss=0.3417
  batch 30/192  loss=0.2876
  batch 40/192  loss=0.2539
  batch 50/192  loss=0.2492
  batch 60/192  loss=0.2922
  batch 70/192  loss=0.2816
  batch 80/192  loss=0.4575
  batch 90/192  loss=0.4451
  batch 100/192  loss=0.2741
  batch 110/192  loss=0.2766
  batch 120/192  loss=0.3016
  batch 130/192  loss=0.2852
  batch 140/192  loss=0.2707
  batch 150/192  loss=0.3007
  batch 160/192  loss=0.2790
  batch 170/192  loss=0.3672
  batch 180/192  loss=0.2562
  batch 190/192  loss=0.2416
Epoch 297/300  train=3.296e-01  rmse=12.7741  lr=5.0e-05  157s
  batch 10/192  loss=0.2481
  batch 20/192  loss=0.3284
  batch 30/192  loss=0.3025
  batch 40/192  loss=0.4536
  batch 50/192  loss=0.3100
  batch 60/192  loss=0.2670
  batch 70/192  loss=0.3423
  batch 80/192  loss=0.2593
  batch 90/192  loss=0.3044
  batch 100/192  loss=0.3869
  batch 110/192  loss=0.2759
  batch 120/192  loss=0.2665
  batch 130/192  loss=0.2776
  batch 140/192  loss=0.3734
  batch 150/192  loss=0.2924
  batch 160/192  loss=0.3447
  batch 170/192  loss=0.3647
  batch 180/192  loss=0.3035
  batch 190/192  loss=0.2615
Epoch 298/300  train=3.269e-01  rmse=2.0312  lr=5.0e-05  157s
  -> best  monitor=3.269e-01
  batch 10/192  loss=0.2725
  batch 20/192  loss=0.3068
  batch 30/192  loss=0.3813
  batch 40/192  loss=0.6181
  batch 50/192  loss=0.2866
  batch 60/192  loss=0.3818
  batch 70/192  loss=0.4996
  batch 80/192  loss=0.3209
  batch 90/192  loss=0.3108
  batch 100/192  loss=0.3118
  batch 110/192  loss=0.3278
  batch 120/192  loss=0.3008
  batch 130/192  loss=0.2835
  batch 140/192  loss=0.2802
  batch 150/192  loss=0.3932
  batch 160/192  loss=0.2732
  batch 170/192  loss=0.3780
  batch 180/192  loss=0.3239
  batch 190/192  loss=0.4226
Epoch 299/300  train=3.291e-01  rmse=2.7852  lr=5.0e-05  157s
  batch 10/192  loss=0.3558
  batch 20/192  loss=0.5030
  batch 30/192  loss=0.2730
  batch 40/192  loss=0.3310
  batch 50/192  loss=0.2972
  batch 60/192  loss=0.2778
  batch 70/192  loss=0.2854
  batch 80/192  loss=0.3947
  batch 90/192  loss=0.4734
  batch 100/192  loss=0.2354
  batch 110/192  loss=0.2697
  batch 120/192  loss=0.3412
  batch 130/192  loss=0.2977
  batch 140/192  loss=0.2840
  batch 150/192  loss=0.3150
  batch 160/192  loss=0.2974
  batch 170/192  loss=0.3293
  batch 180/192  loss=0.3585
  batch 190/192  loss=0.3327
Epoch 300/300  train=3.285e-01  rmse=3.3735  lr=5.0e-05  157s

Test evaluation (best checkpoint)...
Test (RMSE / MAE in μg/m³):
  total: 1.020832
  main: 0.230991
  nonneg: 0.000000
  anom: 0.052565
  grad: 0.001656
  pattern: 0.304332
  spectral: 0.431289
  rmse: 22.805312
  rmse_low: 31.254004
  rmse_high: 0.967565
  mae: 1.168467

  z  Height(m)        R²
--------------------------
  0       15.0  -296.4542  <- ~0-100m
  1       25.0  -377.7165  <- ~0-100m
  2       35.0   -2.2450  <- ~0-100m
  3       45.0    0.4879  <- ~0-100m
  4       55.0    0.6519  <- ~0-100m
  5       75.0    0.7058  <- ~0-100m
  6       95.0    0.7140  <- ~0-100m
  7      115.0    0.7144  <- ~0-100m
  8      135.0    0.7400
  9      155.0    0.7863
 10      175.0    0.8379
 11      195.0    0.8635
