Device: cuda
Building datasets...
Temporal split:  train=264  val=0  test=72
Fitting normalisation on 264 samples...
  50/264
  100/264
  150/264
  200/264
  250/264
Done.
  emission  mean=5.6840  std=1.1291
  pm25      per-level  mean[0]=2.3826e+00  mean[-1]=1.1283e+00
Model: UNet3D  base_ch=16  params: 1,598,466
No val set — using train loss for scheduler and checkpoint selection.

Training for 300 epochs...
  batch 10/264  loss=2.7121
  batch 20/264  loss=4.0934
  batch 30/264  loss=1.9830
  batch 40/264  loss=2.9479
  batch 50/264  loss=2.3196
  batch 60/264  loss=2.1525
  batch 70/264  loss=1.2902
  batch 80/264  loss=1.2758
  batch 90/264  loss=3.4930
  batch 100/264  loss=4.5537
  batch 110/264  loss=1.3570
  batch 120/264  loss=1.1104
  batch 130/264  loss=1.2009
  batch 140/264  loss=1.1917
  batch 150/264  loss=2.1046
  batch 160/264  loss=1.9424
  batch 170/264  loss=0.9638
  batch 180/264  loss=2.7545
  batch 190/264  loss=2.4923
  batch 200/264  loss=1.0625
  batch 210/264  loss=1.6603
  batch 220/264  loss=1.3330
  batch 230/264  loss=1.5193
  batch 240/264  loss=1.5320
  batch 250/264  loss=1.7680
  batch 260/264  loss=1.2779
Epoch   1/300  train=2.025e+00  rmse=4.4172  lr=1.0e-04  251s
  -> best  monitor=2.025e+00
  batch 10/264  loss=1.2881
  batch 20/264  loss=2.0885
  batch 30/264  loss=1.9552
  batch 40/264  loss=4.3363
  batch 50/264  loss=1.1259
  batch 60/264  loss=1.0615
  batch 70/264  loss=1.1519
  batch 80/264  loss=1.3453
  batch 90/264  loss=1.7543
  batch 100/264  loss=0.8700
  batch 110/264  loss=1.1507
  batch 120/264  loss=0.9589
  batch 130/264  loss=1.2798
  batch 140/264  loss=1.3932
  batch 150/264  loss=2.7944
  batch 160/264  loss=0.9226
  batch 170/264  loss=3.2754
  batch 180/264  loss=1.5180
  batch 190/264  loss=1.2629
  batch 200/264  loss=1.2053
  batch 210/264  loss=1.8442
  batch 220/264  loss=1.2884
  batch 230/264  loss=1.0649
  batch 240/264  loss=1.7013
  batch 250/264  loss=0.8290
  batch 260/264  loss=0.9271
Epoch   2/300  train=1.451e+00  rmse=3.6769  lr=1.0e-04  225s
  -> best  monitor=1.451e+00
  batch 10/264  loss=1.4775
  batch 20/264  loss=0.8962
  batch 30/264  loss=2.5450
  batch 40/264  loss=0.8905
  batch 50/264  loss=0.9706
  batch 60/264  loss=0.8283
  batch 70/264  loss=1.0489
  batch 80/264  loss=1.7901
  batch 90/264  loss=1.3992
  batch 100/264  loss=1.0265
  batch 110/264  loss=0.7621
  batch 120/264  loss=1.5650
  batch 130/264  loss=0.8810
  batch 140/264  loss=1.1870
  batch 150/264  loss=0.8491
  batch 160/264  loss=1.1384
  batch 170/264  loss=1.1683
  batch 180/264  loss=1.2419
  batch 190/264  loss=1.3450
  batch 200/264  loss=0.7940
  batch 210/264  loss=2.9112
  batch 220/264  loss=1.0045
  batch 230/264  loss=0.8252
  batch 240/264  loss=0.8076
  batch 250/264  loss=0.8864
  batch 260/264  loss=1.4272
Epoch   3/300  train=1.162e+00  rmse=3.1726  lr=1.0e-04  225s
  -> best  monitor=1.162e+00
  batch 10/264  loss=0.9216
  batch 20/264  loss=1.2878
  batch 30/264  loss=0.7793
  batch 40/264  loss=0.9953
  batch 50/264  loss=0.7823
  batch 60/264  loss=0.9659
  batch 70/264  loss=0.7868
  batch 80/264  loss=0.8081
  batch 90/264  loss=0.8837
  batch 100/264  loss=0.8669
  batch 110/264  loss=0.8893
  batch 120/264  loss=1.4074
  batch 130/264  loss=0.8697
  batch 140/264  loss=0.7998
  batch 150/264  loss=0.7402
  batch 160/264  loss=1.2937
  batch 170/264  loss=0.6038
  batch 180/264  loss=1.0955
  batch 190/264  loss=0.8827
  batch 200/264  loss=1.3822
  batch 210/264  loss=0.8729
  batch 220/264  loss=1.9103
  batch 230/264  loss=0.6989
  batch 240/264  loss=1.4191
  batch 250/264  loss=1.1647
  batch 260/264  loss=0.8288
Epoch   4/300  train=1.040e+00  rmse=2.9605  lr=1.0e-04  224s
  -> best  monitor=1.040e+00
  batch 10/264  loss=0.7777
  batch 20/264  loss=0.7698
  batch 30/264  loss=0.9105
  batch 40/264  loss=1.8914
  batch 50/264  loss=0.9552
  batch 60/264  loss=2.3959
  batch 70/264  loss=0.6037
  batch 80/264  loss=0.6325
  batch 90/264  loss=0.7332
  batch 100/264  loss=0.8864
  batch 110/264  loss=0.8057
  batch 120/264  loss=0.9293
  batch 130/264  loss=0.7797
  batch 140/264  loss=1.4223
  batch 150/264  loss=0.7433
  batch 160/264  loss=0.6013
  batch 170/264  loss=1.0464
  batch 180/264  loss=0.7046
  batch 190/264  loss=0.7510
  batch 200/264  loss=1.0491
  batch 210/264  loss=0.7112
  batch 220/264  loss=0.7289
  batch 230/264  loss=0.6296
  batch 240/264  loss=0.7501
  batch 250/264  loss=0.6120
  batch 260/264  loss=0.7034
Epoch   5/300  train=9.661e-01  rmse=2.8640  lr=1.0e-04  225s
  -> best  monitor=9.661e-01
  batch 10/264  loss=0.9261
  batch 20/264  loss=0.6105
  batch 30/264  loss=0.8965
  batch 40/264  loss=0.6532
  batch 50/264  loss=1.1525
  batch 60/264  loss=0.8154
  batch 70/264  loss=1.0788
  batch 80/264  loss=1.2137
  batch 90/264  loss=1.1438
  batch 100/264  loss=1.9590
  batch 110/264  loss=0.8194
  batch 120/264  loss=1.2090
  batch 130/264  loss=0.5908
  batch 140/264  loss=0.7585
  batch 150/264  loss=0.8278
  batch 160/264  loss=1.4482
  batch 170/264  loss=0.5291
  batch 180/264  loss=0.9607
  batch 190/264  loss=2.0048
  batch 200/264  loss=0.8530
  batch 210/264  loss=0.8024
  batch 220/264  loss=0.5921
  batch 230/264  loss=0.6261
  batch 240/264  loss=1.0263
  batch 250/264  loss=0.6935
  batch 260/264  loss=1.0442
Epoch   6/300  train=9.276e-01  rmse=2.8659  lr=1.0e-04  226s
  -> best  monitor=9.276e-01
  batch 10/264  loss=1.0528
  batch 20/264  loss=0.5451
  batch 30/264  loss=0.8133
  batch 40/264  loss=1.0016
  batch 50/264  loss=0.8635
  batch 60/264  loss=0.7034
  batch 70/264  loss=0.8957
  batch 80/264  loss=1.0972
  batch 90/264  loss=0.9297
  batch 100/264  loss=0.8599
  batch 110/264  loss=1.0667
  batch 120/264  loss=0.8070
  batch 130/264  loss=0.7343
  batch 140/264  loss=0.7330
  batch 150/264  loss=0.5407
  batch 160/264  loss=0.5159
  batch 170/264  loss=0.7834
  batch 180/264  loss=0.5630
  batch 190/264  loss=1.5321
  batch 200/264  loss=0.7171
  batch 210/264  loss=1.4155
  batch 220/264  loss=1.3216
  batch 230/264  loss=0.6563
  batch 240/264  loss=0.7566
  batch 250/264  loss=0.7629
  batch 260/264  loss=0.6950
Epoch   7/300  train=8.686e-01  rmse=2.7959  lr=1.0e-04  224s
  -> best  monitor=8.686e-01
  batch 10/264  loss=0.7747
  batch 20/264  loss=0.6577
  batch 30/264  loss=0.5946
  batch 40/264  loss=0.7838
  batch 50/264  loss=0.5879
  batch 60/264  loss=0.8329
  batch 70/264  loss=0.7831
  batch 80/264  loss=0.8004
  batch 90/264  loss=0.7411
  batch 100/264  loss=0.7453
  batch 110/264  loss=0.6930
  batch 120/264  loss=0.6674
  batch 130/264  loss=0.6635
  batch 140/264  loss=0.5550
  batch 150/264  loss=0.8118
  batch 160/264  loss=0.8242
  batch 170/264  loss=0.6932
  batch 180/264  loss=0.6327
  batch 190/264  loss=0.5750
  batch 200/264  loss=1.6830
  batch 210/264  loss=0.8999
  batch 220/264  loss=0.5157
  batch 230/264  loss=0.8245
  batch 240/264  loss=0.6649
  batch 250/264  loss=0.7203
  batch 260/264  loss=1.6654
Epoch   8/300  train=8.491e-01  rmse=2.7667  lr=1.0e-04  224s
  -> best  monitor=8.491e-01
  batch 10/264  loss=0.7480
  batch 20/264  loss=0.6579
  batch 30/264  loss=0.5324
  batch 40/264  loss=0.5208
  batch 50/264  loss=0.4805
  batch 60/264  loss=0.5501
  batch 70/264  loss=0.7151
  batch 80/264  loss=0.4854
  batch 90/264  loss=0.5309
  batch 100/264  loss=0.7299
  batch 110/264  loss=0.7088
  batch 120/264  loss=0.7201
  batch 130/264  loss=0.7140
  batch 140/264  loss=0.6613
  batch 150/264  loss=0.5925
  batch 160/264  loss=0.8115
  batch 170/264  loss=1.5366
  batch 180/264  loss=0.5696
  batch 190/264  loss=0.5275
  batch 200/264  loss=0.9444
  batch 210/264  loss=0.7314
  batch 220/264  loss=0.5195
  batch 230/264  loss=0.5687
  batch 240/264  loss=0.6756
  batch 250/264  loss=1.1793
  batch 260/264  loss=0.7368
Epoch   9/300  train=8.261e-01  rmse=2.7786  lr=1.0e-04  226s
  -> best  monitor=8.261e-01
  batch 10/264  loss=0.6124
  batch 20/264  loss=0.7194
  batch 30/264  loss=0.7278
  batch 40/264  loss=0.7794
  batch 50/264  loss=0.7772
  batch 60/264  loss=0.9525
  batch 70/264  loss=0.7241
  batch 80/264  loss=0.6900
  batch 90/264  loss=0.6361
  batch 100/264  loss=0.5223
  batch 110/264  loss=0.6073
  batch 120/264  loss=0.5972
  batch 130/264  loss=0.7876
  batch 140/264  loss=0.7320
  batch 150/264  loss=0.7857
  batch 160/264  loss=0.8234
  batch 170/264  loss=0.6979
  batch 180/264  loss=1.0179
  batch 190/264  loss=0.8234
  batch 200/264  loss=0.6117
  batch 210/264  loss=1.4200
  batch 220/264  loss=0.6152
  batch 230/264  loss=0.8466
  batch 240/264  loss=1.0993
  batch 250/264  loss=0.7417
  batch 260/264  loss=0.5522
Epoch  10/300  train=7.973e-01  rmse=2.7077  lr=1.0e-04  225s
  -> best  monitor=7.973e-01
  batch 10/264  loss=0.8164
  batch 20/264  loss=0.7502
  batch 30/264  loss=0.5296
  batch 40/264  loss=0.5211
  batch 50/264  loss=0.7760
  batch 60/264  loss=0.6113
  batch 70/264  loss=0.6733
  batch 80/264  loss=0.5801
  batch 90/264  loss=0.9454
  batch 100/264  loss=1.0332
  batch 110/264  loss=0.7512
  batch 120/264  loss=0.5790
  batch 130/264  loss=1.9104
  batch 140/264  loss=0.6592
  batch 150/264  loss=0.8071
  batch 160/264  loss=0.6269
  batch 170/264  loss=0.8295
  batch 180/264  loss=0.6590
  batch 190/264  loss=0.5681
  batch 200/264  loss=0.5439
  batch 210/264  loss=0.8964
  batch 220/264  loss=0.4584
  batch 230/264  loss=0.6923
  batch 240/264  loss=0.4892
  batch 250/264  loss=0.7940
  batch 260/264  loss=0.6434
Epoch  11/300  train=7.766e-01  rmse=2.6836  lr=1.0e-04  226s
  -> best  monitor=7.766e-01
  batch 10/264  loss=0.9389
  batch 20/264  loss=0.9428
  batch 30/264  loss=0.5770
  batch 40/264  loss=1.0210
  batch 50/264  loss=0.6457
  batch 60/264  loss=0.5590
  batch 70/264  loss=0.5401
  batch 80/264  loss=0.8892
  batch 90/264  loss=0.6441
  batch 100/264  loss=0.5956
  batch 110/264  loss=0.7456
  batch 120/264  loss=0.6559
  batch 130/264  loss=0.9553
  batch 140/264  loss=0.5421
  batch 150/264  loss=0.5146
  batch 160/264  loss=0.6184
  batch 170/264  loss=0.5654
  batch 180/264  loss=0.6166
  batch 190/264  loss=0.5793
  batch 200/264  loss=0.8930
  batch 210/264  loss=0.6713
  batch 220/264  loss=0.7773
  batch 230/264  loss=0.9539
  batch 240/264  loss=1.0016
  batch 250/264  loss=1.1113
  batch 260/264  loss=0.8172
Epoch  12/300  train=7.593e-01  rmse=2.6526  lr=1.0e-04  226s
  -> best  monitor=7.593e-01
  batch 10/264  loss=1.2295
  batch 20/264  loss=1.3725
  batch 30/264  loss=0.5286
  batch 40/264  loss=2.1484
  batch 50/264  loss=0.6786
  batch 60/264  loss=1.5001
  batch 70/264  loss=0.6254
  batch 80/264  loss=0.5915
  batch 90/264  loss=0.6749
  batch 100/264  loss=1.0111
  batch 110/264  loss=0.7803
  batch 120/264  loss=0.6846
  batch 130/264  loss=0.7344
  batch 140/264  loss=0.6977
  batch 150/264  loss=0.5221
  batch 160/264  loss=0.5801
  batch 170/264  loss=0.6044
  batch 180/264  loss=0.5578
  batch 190/264  loss=0.8525
  batch 200/264  loss=0.6018
  batch 210/264  loss=1.0969
  batch 220/264  loss=0.4430
  batch 230/264  loss=0.5211
  batch 240/264  loss=0.5115
  batch 250/264  loss=0.6241
  batch 260/264  loss=0.6575
Epoch  13/300  train=7.350e-01  rmse=2.6538  lr=1.0e-04  227s
  -> best  monitor=7.350e-01
  batch 10/264  loss=0.7344
  batch 20/264  loss=1.4760
  batch 30/264  loss=0.5985
  batch 40/264  loss=1.1784
  batch 50/264  loss=1.1851
  batch 60/264  loss=0.6238
  batch 70/264  loss=0.7668
  batch 80/264  loss=1.0487
  batch 90/264  loss=0.5643
  batch 100/264  loss=0.9551
  batch 110/264  loss=0.7293
  batch 120/264  loss=0.6438
  batch 130/264  loss=0.4819
  batch 140/264  loss=0.7111
  batch 150/264  loss=0.8267
  batch 160/264  loss=1.0577
  batch 170/264  loss=0.6121
  batch 180/264  loss=0.9876
  batch 190/264  loss=0.5835
  batch 200/264  loss=0.4371
  batch 210/264  loss=0.7371
  batch 220/264  loss=1.0426
  batch 230/264  loss=0.6667
  batch 240/264  loss=0.4710
  batch 250/264  loss=0.4932
  batch 260/264  loss=0.5005
Epoch  14/300  train=7.250e-01  rmse=2.5556  lr=1.0e-04  226s
  -> best  monitor=7.250e-01
  batch 10/264  loss=0.5020
  batch 20/264  loss=0.7707
  batch 30/264  loss=0.8483
  batch 40/264  loss=0.8416
  batch 50/264  loss=0.8418
  batch 60/264  loss=0.5672
  batch 70/264  loss=0.6080
  batch 80/264  loss=0.5728
  batch 90/264  loss=0.5720
  batch 100/264  loss=0.8809
  batch 110/264  loss=0.6492
  batch 120/264  loss=0.5483
  batch 130/264  loss=0.4390
  batch 140/264  loss=0.7163
  batch 150/264  loss=0.5442
  batch 160/264  loss=0.4792
  batch 170/264  loss=0.7279
  batch 180/264  loss=0.7271
  batch 190/264  loss=0.8063
  batch 200/264  loss=1.3635
  batch 210/264  loss=0.6928
  batch 220/264  loss=0.5227
  batch 230/264  loss=0.8639
  batch 240/264  loss=0.5496
  batch 250/264  loss=0.5322
  batch 260/264  loss=0.9711
Epoch  15/300  train=7.151e-01  rmse=2.5467  lr=1.0e-04  226s
  -> best  monitor=7.151e-01
  batch 10/264  loss=0.5531
  batch 20/264  loss=0.4218
  batch 30/264  loss=1.0001
  batch 40/264  loss=0.5950
  batch 50/264  loss=1.0247
  batch 60/264  loss=0.5893
  batch 70/264  loss=0.4957
  batch 80/264  loss=0.6261
  batch 90/264  loss=0.6720
  batch 100/264  loss=0.4744
  batch 110/264  loss=0.6319
  batch 120/264  loss=0.4428
  batch 130/264  loss=0.5506
  batch 140/264  loss=0.4548
  batch 150/264  loss=1.0195
  batch 160/264  loss=0.5247
  batch 170/264  loss=0.6349
  batch 180/264  loss=0.7400
  batch 190/264  loss=0.6377
  batch 200/264  loss=1.3841
  batch 210/264  loss=0.4789
  batch 220/264  loss=0.7523
  batch 230/264  loss=0.9054
  batch 240/264  loss=0.5601
  batch 250/264  loss=0.5802
  batch 260/264  loss=0.6602
Epoch  16/300  train=6.907e-01  rmse=2.4421  lr=1.0e-04  227s
  -> best  monitor=6.907e-01
  batch 10/264  loss=0.8282
  batch 20/264  loss=0.8748
  batch 30/264  loss=0.6124
  batch 40/264  loss=0.8457
  batch 50/264  loss=0.6256
  batch 60/264  loss=0.5231
  batch 70/264  loss=0.5485
  batch 80/264  loss=0.6606
  batch 90/264  loss=0.8281
  batch 100/264  loss=0.5950
  batch 110/264  loss=0.5779
  batch 120/264  loss=0.4675
  batch 130/264  loss=0.4589
  batch 140/264  loss=0.4981
  batch 150/264  loss=0.6224
  batch 160/264  loss=0.4841
  batch 170/264  loss=0.6097
  batch 180/264  loss=0.7831
  batch 190/264  loss=0.5073
  batch 200/264  loss=0.5790
  batch 210/264  loss=0.6866
  batch 220/264  loss=1.1300
  batch 230/264  loss=1.0582
  batch 240/264  loss=0.6244
  batch 250/264  loss=0.5222
  batch 260/264  loss=1.3775
Epoch  17/300  train=6.843e-01  rmse=2.4593  lr=1.0e-04  225s
  -> best  monitor=6.843e-01
  batch 10/264  loss=0.8327
  batch 20/264  loss=0.6529
  batch 30/264  loss=0.9008
  batch 40/264  loss=0.7749
  batch 50/264  loss=0.6868
  batch 60/264  loss=0.5822
  batch 70/264  loss=1.0182
  batch 80/264  loss=0.4678
  batch 90/264  loss=0.7035
  batch 100/264  loss=0.7491
  batch 110/264  loss=0.6358
  batch 120/264  loss=0.5724
  batch 130/264  loss=0.7371
  batch 140/264  loss=0.7768
  batch 150/264  loss=0.5704
  batch 160/264  loss=0.4795
  batch 170/264  loss=0.7476
  batch 180/264  loss=0.8739
  batch 190/264  loss=1.0541
  batch 200/264  loss=0.5648
  batch 210/264  loss=0.5128
  batch 220/264  loss=0.5422
  batch 230/264  loss=0.7092
  batch 240/264  loss=0.7574
  batch 250/264  loss=0.6891
  batch 260/264  loss=0.5756
Epoch  18/300  train=6.753e-01  rmse=2.5171  lr=1.0e-04  224s
  -> best  monitor=6.753e-01
  batch 10/264  loss=0.9870
  batch 20/264  loss=0.4631
  batch 30/264  loss=0.9262
  batch 40/264  loss=0.5681
  batch 50/264  loss=0.4390
  batch 60/264  loss=1.4508
  batch 70/264  loss=0.4944
  batch 80/264  loss=0.4193
  batch 90/264  loss=0.5243
  batch 100/264  loss=0.5770
  batch 110/264  loss=0.4983
  batch 120/264  loss=0.5170
  batch 130/264  loss=0.5634
  batch 140/264  loss=0.5563
  batch 150/264  loss=0.6313
  batch 160/264  loss=0.4970
  batch 170/264  loss=0.6722
  batch 180/264  loss=0.8356
  batch 190/264  loss=1.3234
  batch 200/264  loss=1.6951
  batch 210/264  loss=0.5439
  batch 220/264  loss=0.6712
  batch 230/264  loss=0.4340
  batch 240/264  loss=0.5699
  batch 250/264  loss=0.7929
  batch 260/264  loss=0.4851
Epoch  19/300  train=6.535e-01  rmse=2.3806  lr=1.0e-04  225s
  -> best  monitor=6.535e-01
  batch 10/264  loss=0.6414
  batch 20/264  loss=0.5386
  batch 30/264  loss=0.6174
  batch 40/264  loss=0.4233
  batch 50/264  loss=0.5164
  batch 60/264  loss=0.5476
  batch 70/264  loss=0.4691
  batch 80/264  loss=1.1852
  batch 90/264  loss=0.5286
  batch 100/264  loss=0.6475
  batch 110/264  loss=0.8775
  batch 120/264  loss=1.7711
  batch 130/264  loss=0.9467
  batch 140/264  loss=0.7615
  batch 150/264  loss=0.8855
  batch 160/264  loss=0.4483
  batch 170/264  loss=0.7513
  batch 180/264  loss=0.4349
  batch 190/264  loss=0.4623
  batch 200/264  loss=0.6183
  batch 210/264  loss=0.5503
  batch 220/264  loss=0.5940
  batch 230/264  loss=0.4415
  batch 240/264  loss=0.7591
  batch 250/264  loss=0.4732
  batch 260/264  loss=0.8945
Epoch  20/300  train=6.656e-01  rmse=2.4327  lr=1.0e-04  226s
  batch 10/264  loss=0.6294
  batch 20/264  loss=0.4862
  batch 30/264  loss=0.5132
  batch 40/264  loss=1.3118
  batch 50/264  loss=0.4752
  batch 60/264  loss=0.4525
  batch 70/264  loss=0.4950
  batch 80/264  loss=0.6022
  batch 90/264  loss=0.4867
  batch 100/264  loss=0.6818
  batch 110/264  loss=0.6977
  batch 120/264  loss=0.5780
  batch 130/264  loss=1.7601
  batch 140/264  loss=0.6620
  batch 150/264  loss=0.4912
  batch 160/264  loss=0.4633
  batch 170/264  loss=0.6728
  batch 180/264  loss=0.6763
  batch 190/264  loss=0.7857
  batch 200/264  loss=0.5666
  batch 210/264  loss=0.5004
  batch 220/264  loss=0.7655
  batch 230/264  loss=0.6108
  batch 240/264  loss=0.4884
  batch 250/264  loss=0.5473
  batch 260/264  loss=0.4752
Epoch  21/300  train=6.528e-01  rmse=2.4483  lr=1.0e-04  225s
  -> best  monitor=6.528e-01
  batch 10/264  loss=0.5858
  batch 20/264  loss=0.4282
  batch 30/264  loss=0.5120
  batch 40/264  loss=0.9343
  batch 50/264  loss=0.5672
  batch 60/264  loss=0.4692
  batch 70/264  loss=0.5521
  batch 80/264  loss=0.9001
  batch 90/264  loss=0.6114
  batch 100/264  loss=0.5292
  batch 110/264  loss=0.5173
  batch 120/264  loss=0.8495
  batch 130/264  loss=0.7417
  batch 140/264  loss=0.6428
  batch 150/264  loss=0.5713
  batch 160/264  loss=0.6788
  batch 170/264  loss=0.4646
  batch 180/264  loss=0.4943
  batch 190/264  loss=0.6957
  batch 200/264  loss=0.5743
  batch 210/264  loss=0.6560
  batch 220/264  loss=0.6062
  batch 230/264  loss=0.4343
  batch 240/264  loss=0.4999
  batch 250/264  loss=0.7619
  batch 260/264  loss=0.5128
Epoch  22/300  train=6.475e-01  rmse=2.3780  lr=1.0e-04  224s
  -> best  monitor=6.475e-01
  batch 10/264  loss=1.0305
  batch 20/264  loss=0.5257
  batch 30/264  loss=0.5437
  batch 40/264  loss=0.5589
  batch 50/264  loss=0.5072
  batch 60/264  loss=0.5420
  batch 70/264  loss=0.6624
  batch 80/264  loss=0.5033
  batch 90/264  loss=0.5051
  batch 100/264  loss=0.6570
  batch 110/264  loss=0.5873
  batch 120/264  loss=0.4437
  batch 130/264  loss=0.5362
  batch 140/264  loss=0.6039
  batch 150/264  loss=0.4781
  batch 160/264  loss=0.5325
  batch 170/264  loss=0.6904
  batch 180/264  loss=0.5566
  batch 190/264  loss=0.5088
  batch 200/264  loss=0.4341
  batch 210/264  loss=0.4794
  batch 220/264  loss=1.6590
  batch 230/264  loss=0.5390
  batch 240/264  loss=0.6405
  batch 250/264  loss=1.0199
  batch 260/264  loss=0.4764
Epoch  23/300  train=6.274e-01  rmse=2.3105  lr=1.0e-04  225s
  -> best  monitor=6.274e-01
  batch 10/264  loss=0.5170
  batch 20/264  loss=0.5930
  batch 30/264  loss=0.6994
  batch 40/264  loss=0.5177
  batch 50/264  loss=0.6563
  batch 60/264  loss=0.4205
  batch 70/264  loss=0.9287
  batch 80/264  loss=0.6601
  batch 90/264  loss=0.5590
  batch 100/264  loss=0.7278
  batch 110/264  loss=1.6688
  batch 120/264  loss=0.4545
  batch 130/264  loss=0.5172
  batch 140/264  loss=0.7799
  batch 150/264  loss=1.4472
  batch 160/264  loss=0.5225
  batch 170/264  loss=0.5469
  batch 180/264  loss=0.4774
  batch 190/264  loss=1.0392
  batch 200/264  loss=0.4728
  batch 210/264  loss=0.7454
  batch 220/264  loss=0.6111
  batch 230/264  loss=0.6559
  batch 240/264  loss=0.3774
  batch 250/264  loss=0.6154
  batch 260/264  loss=0.4533
Epoch  24/300  train=6.199e-01  rmse=2.3222  lr=1.0e-04  226s
  -> best  monitor=6.199e-01
  batch 10/264  loss=0.4627
  batch 20/264  loss=0.6172
  batch 30/264  loss=0.5226
  batch 40/264  loss=0.5529
  batch 50/264  loss=0.6171
  batch 60/264  loss=0.5054
  batch 70/264  loss=0.5115
  batch 80/264  loss=0.6763
  batch 90/264  loss=0.4823
  batch 100/264  loss=0.6028
  batch 110/264  loss=0.4466
  batch 120/264  loss=0.5687
  batch 130/264  loss=0.9248
  batch 140/264  loss=0.4185
  batch 150/264  loss=0.5824
  batch 160/264  loss=0.8148
  batch 170/264  loss=1.7673
  batch 180/264  loss=0.4259
  batch 190/264  loss=1.1310
  batch 200/264  loss=0.6067
  batch 210/264  loss=0.5601
  batch 220/264  loss=0.5528
  batch 230/264  loss=0.4421
  batch 240/264  loss=0.6697
  batch 250/264  loss=0.4528
  batch 260/264  loss=0.5231
Epoch  25/300  train=6.182e-01  rmse=2.3376  lr=1.0e-04  225s
  -> best  monitor=6.182e-01
  batch 10/264  loss=0.6388
  batch 20/264  loss=0.5939
  batch 30/264  loss=0.8558
  batch 40/264  loss=0.4270
  batch 50/264  loss=0.4758
  batch 60/264  loss=0.6746
  batch 70/264  loss=0.6279
  batch 80/264  loss=0.4627
  batch 90/264  loss=0.5412
  batch 100/264  loss=0.4601
  batch 110/264  loss=0.5371
  batch 120/264  loss=0.7189
  batch 130/264  loss=0.5506
  batch 140/264  loss=1.0965
  batch 150/264  loss=1.9245
  batch 160/264  loss=0.5381
  batch 170/264  loss=0.7004
  batch 180/264  loss=0.4570
  batch 190/264  loss=0.4146
  batch 200/264  loss=0.5552
  batch 210/264  loss=0.5274
  batch 220/264  loss=0.6056
  batch 230/264  loss=0.4619
  batch 240/264  loss=0.5729
  batch 250/264  loss=0.6161
  batch 260/264  loss=0.6083
Epoch  26/300  train=6.077e-01  rmse=2.2690  lr=1.0e-04  226s
  -> best  monitor=6.077e-01
  batch 10/264  loss=0.4910
  batch 20/264  loss=0.9586
  batch 30/264  loss=0.4905
  batch 40/264  loss=0.5817
  batch 50/264  loss=0.7267
  batch 60/264  loss=0.3771
  batch 70/264  loss=0.7470
  batch 80/264  loss=0.4735
  batch 90/264  loss=0.4276
  batch 100/264  loss=0.6393
  batch 110/264  loss=0.5675
  batch 120/264  loss=0.4384
  batch 130/264  loss=1.0625
  batch 140/264  loss=0.4152
  batch 150/264  loss=0.6460
  batch 160/264  loss=0.4188
  batch 170/264  loss=0.4534
  batch 180/264  loss=0.7321
  batch 190/264  loss=0.3955
  batch 200/264  loss=1.4318
  batch 210/264  loss=0.9014
  batch 220/264  loss=0.4555
  batch 230/264  loss=0.4385
  batch 240/264  loss=0.4496
  batch 250/264  loss=0.4201
  batch 260/264  loss=0.6322
Epoch  27/300  train=6.018e-01  rmse=2.3131  lr=1.0e-04  227s
  -> best  monitor=6.018e-01
  batch 10/264  loss=0.4608
  batch 20/264  loss=0.5513
  batch 30/264  loss=0.7200
  batch 40/264  loss=0.5507
  batch 50/264  loss=0.5626
  batch 60/264  loss=0.5871
  batch 70/264  loss=1.4735
  batch 80/264  loss=0.4784
  batch 90/264  loss=0.4436
  batch 100/264  loss=0.4752
  batch 110/264  loss=0.5562
  batch 120/264  loss=0.6132
  batch 130/264  loss=0.4612
  batch 140/264  loss=0.4710
  batch 150/264  loss=0.6938
  batch 160/264  loss=0.4361
  batch 170/264  loss=0.4146
  batch 180/264  loss=0.4684
  batch 190/264  loss=0.4399
  batch 200/264  loss=1.5564
  batch 210/264  loss=0.4830
  batch 220/264  loss=0.4313
  batch 230/264  loss=0.5351
  batch 240/264  loss=0.4264
  batch 250/264  loss=0.3846
  batch 260/264  loss=0.6321
Epoch  28/300  train=6.016e-01  rmse=2.3522  lr=1.0e-04  225s
  -> best  monitor=6.016e-01
  batch 10/264  loss=0.6614
  batch 20/264  loss=0.8522
  batch 30/264  loss=0.9414
  batch 40/264  loss=0.5520
  batch 50/264  loss=0.5018
  batch 60/264  loss=0.6745
  batch 70/264  loss=0.6877
  batch 80/264  loss=0.7956
  batch 90/264  loss=0.6082
  batch 100/264  loss=0.4980
  batch 110/264  loss=0.5542
  batch 120/264  loss=0.5876
  batch 130/264  loss=0.3443
  batch 140/264  loss=0.4569
  batch 150/264  loss=0.7643
  batch 160/264  loss=1.1435
  batch 170/264  loss=0.5262
  batch 180/264  loss=0.4867
  batch 190/264  loss=0.7084
  batch 200/264  loss=0.5491
  batch 210/264  loss=0.5097
  batch 220/264  loss=0.4937
  batch 230/264  loss=0.5371
  batch 240/264  loss=0.5175
  batch 250/264  loss=0.4847
  batch 260/264  loss=0.4437
Epoch  29/300  train=5.849e-01  rmse=2.2181  lr=1.0e-04  225s
  -> best  monitor=5.849e-01
  batch 10/264  loss=0.5048
  batch 20/264  loss=1.0411
  batch 30/264  loss=1.0645
  batch 40/264  loss=0.4148
  batch 50/264  loss=0.6423
  batch 60/264  loss=0.7370
  batch 70/264  loss=0.4461
  batch 80/264  loss=0.6493
  batch 90/264  loss=0.4547
  batch 100/264  loss=0.7988
  batch 110/264  loss=0.4995
  batch 120/264  loss=0.6024
  batch 130/264  loss=0.4232
  batch 140/264  loss=1.5186
  batch 150/264  loss=0.4960
  batch 160/264  loss=0.4318
  batch 170/264  loss=0.9915
  batch 180/264  loss=0.4234
  batch 190/264  loss=0.4638
  batch 200/264  loss=0.5121
  batch 210/264  loss=0.5086
  batch 220/264  loss=0.5045
  batch 230/264  loss=0.5390
  batch 240/264  loss=0.4438
  batch 250/264  loss=0.4648
  batch 260/264  loss=0.5829
Epoch  30/300  train=5.852e-01  rmse=2.2094  lr=1.0e-04  225s
  batch 10/264  loss=0.4919
  batch 20/264  loss=0.5203
  batch 30/264  loss=0.3988
  batch 40/264  loss=0.4429
  batch 50/264  loss=0.7121
  batch 60/264  loss=0.4416
  batch 70/264  loss=0.5478
  batch 80/264  loss=0.6453
  batch 90/264  loss=0.8395
  batch 100/264  loss=0.4519
  batch 110/264  loss=0.5017
  batch 120/264  loss=0.6178
  batch 130/264  loss=0.6461
  batch 140/264  loss=0.5774
  batch 150/264  loss=0.7139
  batch 160/264  loss=0.4134
  batch 170/264  loss=0.5442
  batch 180/264  loss=0.6863
  batch 190/264  loss=0.4429
  batch 200/264  loss=0.5952
  batch 210/264  loss=0.5473
  batch 220/264  loss=0.4418
  batch 230/264  loss=0.5953
  batch 240/264  loss=0.5323
  batch 250/264  loss=0.4572
  batch 260/264  loss=0.6621
Epoch  31/300  train=5.804e-01  rmse=2.2092  lr=1.0e-04  225s
  -> best  monitor=5.804e-01
  batch 10/264  loss=0.4468
  batch 20/264  loss=0.4218
  batch 30/264  loss=0.5358
  batch 40/264  loss=0.5086
  batch 50/264  loss=0.4992
  batch 60/264  loss=0.4410
  batch 70/264  loss=0.5012
  batch 80/264  loss=0.5772
  batch 90/264  loss=0.7177
  batch 100/264  loss=0.5364
  batch 110/264  loss=0.9447
  batch 120/264  loss=0.4972
  batch 130/264  loss=0.4628
  batch 140/264  loss=0.5692
  batch 150/264  loss=0.5299
  batch 160/264  loss=0.5556
  batch 170/264  loss=0.6103
  batch 180/264  loss=0.5249
  batch 190/264  loss=0.4399
  batch 200/264  loss=0.4820
  batch 210/264  loss=0.8189
  batch 220/264  loss=0.3873
  batch 230/264  loss=0.6116
  batch 240/264  loss=0.4702
  batch 250/264  loss=0.6827
  batch 260/264  loss=0.5049
Epoch  32/300  train=5.857e-01  rmse=2.2650  lr=1.0e-04  224s
  batch 10/264  loss=0.4195
  batch 20/264  loss=0.4857
  batch 30/264  loss=0.4901
  batch 40/264  loss=0.5511
  batch 50/264  loss=1.0782
  batch 60/264  loss=0.4361
  batch 70/264  loss=0.4560
  batch 80/264  loss=0.4360
  batch 90/264  loss=0.4803
  batch 100/264  loss=0.5701
  batch 110/264  loss=0.3916
  batch 120/264  loss=0.3711
  batch 130/264  loss=0.6952
  batch 140/264  loss=0.5445
  batch 150/264  loss=0.4950
  batch 160/264  loss=0.5069
  batch 170/264  loss=0.4344
  batch 180/264  loss=0.4880
  batch 190/264  loss=0.4764
  batch 200/264  loss=0.5673
  batch 210/264  loss=1.1816
  batch 220/264  loss=1.1553
  batch 230/264  loss=0.6942
  batch 240/264  loss=0.7391
  batch 250/264  loss=0.5607
  batch 260/264  loss=0.5082
Epoch  33/300  train=5.706e-01  rmse=2.2245  lr=1.0e-04  224s
  -> best  monitor=5.706e-01
  batch 10/264  loss=0.6645
  batch 20/264  loss=0.4204
  batch 30/264  loss=0.6218
  batch 40/264  loss=0.5486
  batch 50/264  loss=0.4519
  batch 60/264  loss=0.4959
  batch 70/264  loss=0.6883
  batch 80/264  loss=0.5118
  batch 90/264  loss=0.5384
  batch 100/264  loss=0.9438
  batch 110/264  loss=0.9845
  batch 120/264  loss=0.4912
  batch 130/264  loss=0.5772
  batch 140/264  loss=0.3819
  batch 150/264  loss=0.4345
  batch 160/264  loss=0.9630
  batch 170/264  loss=0.5673
  batch 180/264  loss=0.4109
  batch 190/264  loss=0.4456
  batch 200/264  loss=0.4623
  batch 210/264  loss=0.5052
  batch 220/264  loss=0.5133
  batch 230/264  loss=0.4579
  batch 240/264  loss=0.5235
  batch 250/264  loss=0.6533
  batch 260/264  loss=0.4659
Epoch  34/300  train=5.650e-01  rmse=2.1705  lr=1.0e-04  225s
  -> best  monitor=5.650e-01
  batch 10/264  loss=0.9839
  batch 20/264  loss=0.4795
  batch 30/264  loss=0.9482
  batch 40/264  loss=0.8058
  batch 50/264  loss=0.4373
  batch 60/264  loss=0.6449
  batch 70/264  loss=0.4415
  batch 80/264  loss=0.4564
  batch 90/264  loss=0.5595
  batch 100/264  loss=0.7217
  batch 110/264  loss=0.6556
  batch 120/264  loss=0.3983
  batch 130/264  loss=0.4087
  batch 140/264  loss=0.5078
  batch 150/264  loss=0.7602
  batch 160/264  loss=0.6034
  batch 170/264  loss=0.4486
  batch 180/264  loss=0.5005
  batch 190/264  loss=0.8247
  batch 200/264  loss=0.4824
  batch 210/264  loss=0.4349
  batch 220/264  loss=0.4972
  batch 230/264  loss=0.6429
  batch 240/264  loss=0.8120
  batch 250/264  loss=0.7308
  batch 260/264  loss=0.6183
Epoch  35/300  train=5.671e-01  rmse=2.2133  lr=1.0e-04  226s
  batch 10/264  loss=0.4973
  batch 20/264  loss=0.6344
  batch 30/264  loss=0.4907
  batch 40/264  loss=0.6051
  batch 50/264  loss=0.6346
  batch 60/264  loss=0.5111
  batch 70/264  loss=0.5939
  batch 80/264  loss=0.4505
  batch 90/264  loss=0.6334
  batch 100/264  loss=0.4329
  batch 110/264  loss=0.4029
  batch 120/264  loss=0.3992
  batch 130/264  loss=0.4325
  batch 140/264  loss=0.4961
  batch 150/264  loss=0.4177
  batch 160/264  loss=0.4942
  batch 170/264  loss=0.5304
  batch 180/264  loss=0.4491
  batch 190/264  loss=0.4051
  batch 200/264  loss=0.5185
  batch 210/264  loss=0.5881
  batch 220/264  loss=0.4641
  batch 230/264  loss=0.5135
  batch 240/264  loss=0.7057
  batch 250/264  loss=0.6639
  batch 260/264  loss=0.3963
Epoch  36/300  train=5.626e-01  rmse=2.2190  lr=1.0e-04  225s
  -> best  monitor=5.626e-01
  batch 10/264  loss=0.4461
  batch 20/264  loss=0.6897
  batch 30/264  loss=0.4876
  batch 40/264  loss=0.4297
  batch 50/264  loss=0.6540
  batch 60/264  loss=0.3994
  batch 70/264  loss=0.4684
  batch 80/264  loss=1.1607
  batch 90/264  loss=0.4788
  batch 100/264  loss=0.5105
  batch 110/264  loss=0.5850
  batch 120/264  loss=0.9930
  batch 130/264  loss=0.4677
  batch 140/264  loss=0.3920
  batch 150/264  loss=0.4639
  batch 160/264  loss=0.5232
  batch 170/264  loss=0.7359
  batch 180/264  loss=0.3871
  batch 190/264  loss=0.3892
  batch 200/264  loss=0.3878
  batch 210/264  loss=0.5226
  batch 220/264  loss=0.5241
  batch 230/264  loss=1.0887
  batch 240/264  loss=0.8616
  batch 250/264  loss=0.4008
  batch 260/264  loss=0.7116
Epoch  37/300  train=5.566e-01  rmse=2.2666  lr=1.0e-04  226s
  -> best  monitor=5.566e-01
  batch 10/264  loss=0.4947
  batch 20/264  loss=0.4400
  batch 30/264  loss=0.5161
  batch 40/264  loss=0.3526
  batch 50/264  loss=0.5733
  batch 60/264  loss=0.4181
  batch 70/264  loss=0.4499
  batch 80/264  loss=0.6096
  batch 90/264  loss=0.4563
  batch 100/264  loss=0.6862
  batch 110/264  loss=0.9278
  batch 120/264  loss=0.6199
  batch 130/264  loss=0.6309
  batch 140/264  loss=0.4204
  batch 150/264  loss=0.5976
  batch 160/264  loss=0.6791
  batch 170/264  loss=0.4262
  batch 180/264  loss=0.6942
  batch 190/264  loss=0.6720
  batch 200/264  loss=0.6736
  batch 210/264  loss=0.3708
  batch 220/264  loss=0.4441
  batch 230/264  loss=0.5533
  batch 240/264  loss=1.2036
  batch 250/264  loss=0.4331
  batch 260/264  loss=0.3870
Epoch  38/300  train=5.543e-01  rmse=2.1682  lr=1.0e-04  224s
  -> best  monitor=5.543e-01
  batch 10/264  loss=0.4825
  batch 20/264  loss=0.5108
  batch 30/264  loss=0.5024
  batch 40/264  loss=0.8732
  batch 50/264  loss=0.6049
  batch 60/264  loss=0.4376
  batch 70/264  loss=0.6898
  batch 80/264  loss=0.5178
  batch 90/264  loss=0.5177
  batch 100/264  loss=0.4443
  batch 110/264  loss=0.6645
  batch 120/264  loss=0.3362
  batch 130/264  loss=0.4917
  batch 140/264  loss=0.4985
  batch 150/264  loss=0.4166
  batch 160/264  loss=0.7055
  batch 170/264  loss=1.1264
  batch 180/264  loss=0.9247
  batch 190/264  loss=0.3805
  batch 200/264  loss=0.5256
  batch 210/264  loss=0.7502
  batch 220/264  loss=0.8004
  batch 230/264  loss=0.4802
  batch 240/264  loss=0.8754
  batch 250/264  loss=0.5956
  batch 260/264  loss=0.3895
Epoch  39/300  train=5.533e-01  rmse=2.1734  lr=1.0e-04  225s
  -> best  monitor=5.533e-01
  batch 10/264  loss=0.7128
  batch 20/264  loss=0.4637
  batch 30/264  loss=0.4780
  batch 40/264  loss=0.3894
  batch 50/264  loss=0.4116
  batch 60/264  loss=0.4833
  batch 70/264  loss=0.4009
  batch 80/264  loss=0.4929
  batch 90/264  loss=0.6667
  batch 100/264  loss=0.5042
  batch 110/264  loss=0.4626
  batch 120/264  loss=0.4001
  batch 130/264  loss=0.5881
  batch 140/264  loss=0.3502
  batch 150/264  loss=0.5601
  batch 160/264  loss=0.4051
  batch 170/264  loss=0.4741
  batch 180/264  loss=0.8302
  batch 190/264  loss=0.4915
  batch 200/264  loss=0.6346
  batch 210/264  loss=0.3999
  batch 220/264  loss=0.6890
  batch 230/264  loss=0.5962
  batch 240/264  loss=0.5955
  batch 250/264  loss=0.4534
  batch 260/264  loss=0.8129
Epoch  40/300  train=5.483e-01  rmse=2.1712  lr=1.0e-04  226s
  -> best  monitor=5.483e-01
  batch 10/264  loss=0.4081
  batch 20/264  loss=0.4743
  batch 30/264  loss=0.4320
  batch 40/264  loss=0.4570
  batch 50/264  loss=0.4144
  batch 60/264  loss=0.7779
  batch 70/264  loss=0.3724
  batch 80/264  loss=0.4692
  batch 90/264  loss=1.0014
  batch 100/264  loss=0.9557
  batch 110/264  loss=0.3905
  batch 120/264  loss=0.7243
  batch 130/264  loss=0.3996
  batch 140/264  loss=0.6732
  batch 150/264  loss=0.5865
  batch 160/264  loss=0.4526
  batch 170/264  loss=0.5989
  batch 180/264  loss=0.4376
  batch 190/264  loss=0.4281
  batch 200/264  loss=0.5775
  batch 210/264  loss=0.5270
  batch 220/264  loss=0.5427
  batch 230/264  loss=0.5005
  batch 240/264  loss=0.6365
  batch 250/264  loss=0.4655
  batch 260/264  loss=0.4009
Epoch  41/300  train=5.403e-01  rmse=2.1511  lr=1.0e-04  226s
  -> best  monitor=5.403e-01
  batch 10/264  loss=0.7697
  batch 20/264  loss=0.3905
  batch 30/264  loss=0.5864
  batch 40/264  loss=0.6313
  batch 50/264  loss=0.5487
  batch 60/264  loss=0.5773
  batch 70/264  loss=0.5307
  batch 80/264  loss=1.0922
  batch 90/264  loss=0.3951
  batch 100/264  loss=0.4122
  batch 110/264  loss=0.4555
  batch 120/264  loss=0.5420
  batch 130/264  loss=0.5107
  batch 140/264  loss=0.4158
  batch 150/264  loss=0.7153
  batch 160/264  loss=0.5509
  batch 170/264  loss=0.4742
  batch 180/264  loss=1.0879
  batch 190/264  loss=0.4126
  batch 200/264  loss=0.5027
  batch 210/264  loss=0.4666
  batch 220/264  loss=0.8529
  batch 230/264  loss=0.4974
  batch 240/264  loss=0.4714
  batch 250/264  loss=0.6095
  batch 260/264  loss=0.6155
Epoch  42/300  train=5.458e-01  rmse=2.1726  lr=1.0e-04  224s
  batch 10/264  loss=0.7171
  batch 20/264  loss=0.4726
  batch 30/264  loss=0.9931
  batch 40/264  loss=0.5288
  batch 50/264  loss=0.6284
  batch 60/264  loss=0.5219
  batch 70/264  loss=0.4211
  batch 80/264  loss=0.5942
  batch 90/264  loss=0.5173
  batch 100/264  loss=0.3794
  batch 110/264  loss=0.7515
  batch 120/264  loss=0.6043
  batch 130/264  loss=0.3745
  batch 140/264  loss=0.5402
  batch 150/264  loss=0.6188
  batch 160/264  loss=0.5590
  batch 170/264  loss=0.4770
  batch 180/264  loss=0.5154
  batch 190/264  loss=0.4996
  batch 200/264  loss=0.5750
  batch 210/264  loss=0.5905
  batch 220/264  loss=0.4681
  batch 230/264  loss=0.4610
  batch 240/264  loss=0.3912
  batch 250/264  loss=0.5227
  batch 260/264  loss=0.4148
Epoch  43/300  train=5.375e-01  rmse=2.1561  lr=1.0e-04  224s
  -> best  monitor=5.375e-01
  batch 10/264  loss=0.4213
  batch 20/264  loss=0.4011
  batch 30/264  loss=0.4672
  batch 40/264  loss=0.4495
  batch 50/264  loss=0.6313
  batch 60/264  loss=0.6536
  batch 70/264  loss=0.4882
  batch 80/264  loss=0.5125
  batch 90/264  loss=0.4365
  batch 100/264  loss=0.8739
  batch 110/264  loss=0.6227
  batch 120/264  loss=0.6096
  batch 130/264  loss=0.4711
  batch 140/264  loss=0.8437
  batch 150/264  loss=0.4533
  batch 160/264  loss=0.3895
  batch 170/264  loss=0.4292
  batch 180/264  loss=0.6275
  batch 190/264  loss=0.4887
  batch 200/264  loss=0.3768
  batch 210/264  loss=0.3634
  batch 220/264  loss=0.5931
  batch 230/264  loss=0.6433
  batch 240/264  loss=0.4490
  batch 250/264  loss=0.3823
  batch 260/264  loss=0.5968
Epoch  44/300  train=5.334e-01  rmse=2.1313  lr=1.0e-04  226s
  -> best  monitor=5.334e-01
  batch 10/264  loss=0.4396
  batch 20/264  loss=0.3913
  batch 30/264  loss=0.4587
  batch 40/264  loss=0.4552
  batch 50/264  loss=0.4986
  batch 60/264  loss=0.6023
  batch 70/264  loss=0.4988
  batch 80/264  loss=0.5599
  batch 90/264  loss=0.7986
  batch 100/264  loss=0.6977
  batch 110/264  loss=0.3714
  batch 120/264  loss=0.5041
  batch 130/264  loss=0.6106
  batch 140/264  loss=0.5467
  batch 150/264  loss=0.4549
  batch 160/264  loss=0.6843
  batch 170/264  loss=0.7373
  batch 180/264  loss=0.4995
  batch 190/264  loss=0.5386
  batch 200/264  loss=0.4771
  batch 210/264  loss=0.5101
  batch 220/264  loss=0.8431
  batch 230/264  loss=0.6376
  batch 240/264  loss=0.4189
  batch 250/264  loss=0.4533
  batch 260/264  loss=0.6215
Epoch  45/300  train=5.279e-01  rmse=2.1163  lr=1.0e-04  229s
  -> best  monitor=5.279e-01
  batch 10/264  loss=0.5717
  batch 20/264  loss=0.5067
  batch 30/264  loss=0.4704
  batch 40/264  loss=0.4170
  batch 50/264  loss=0.5851
  batch 60/264  loss=0.4019
  batch 70/264  loss=0.4824
  batch 80/264  loss=0.6604
  batch 90/264  loss=0.3954
  batch 100/264  loss=0.6484
  batch 110/264  loss=0.6864
  batch 120/264  loss=0.8148
  batch 130/264  loss=0.4597
  batch 140/264  loss=0.5129
  batch 150/264  loss=0.6836
  batch 160/264  loss=0.4602
  batch 170/264  loss=0.5217
  batch 180/264  loss=0.4077
  batch 190/264  loss=0.3423
  batch 200/264  loss=0.4807
  batch 210/264  loss=0.6965
  batch 220/264  loss=0.4071
  batch 230/264  loss=0.3894
  batch 240/264  loss=0.4753
  batch 250/264  loss=0.4677
  batch 260/264  loss=0.4044
Epoch  46/300  train=5.268e-01  rmse=2.0884  lr=1.0e-04  230s
  -> best  monitor=5.268e-01
  batch 10/264  loss=0.5029
  batch 20/264  loss=0.5494
  batch 30/264  loss=0.4148
  batch 40/264  loss=0.5187
  batch 50/264  loss=0.4160
  batch 60/264  loss=0.4160
  batch 70/264  loss=0.8337
  batch 80/264  loss=0.5131
  batch 90/264  loss=0.4896
  batch 100/264  loss=0.9672
  batch 110/264  loss=0.3767
  batch 120/264  loss=0.4061
  batch 130/264  loss=0.5643
  batch 140/264  loss=0.4867
  batch 150/264  loss=0.7262
  batch 160/264  loss=0.5276
  batch 170/264  loss=0.9154
  batch 180/264  loss=0.3699
  batch 190/264  loss=0.5451
  batch 200/264  loss=0.6795
  batch 210/264  loss=0.4661
  batch 220/264  loss=0.5422
  batch 230/264  loss=0.4800
  batch 240/264  loss=0.4054
  batch 250/264  loss=0.3848
  batch 260/264  loss=0.4593
Epoch  47/300  train=5.304e-01  rmse=2.1225  lr=1.0e-04  230s
  batch 10/264  loss=0.3936
  batch 20/264  loss=0.5196
  batch 30/264  loss=0.5464
  batch 40/264  loss=0.3596
  batch 50/264  loss=0.3860
  batch 60/264  loss=0.4592
  batch 70/264  loss=0.5322
  batch 80/264  loss=0.4085
  batch 90/264  loss=0.3923
  batch 100/264  loss=0.8286
  batch 110/264  loss=0.4069
  batch 120/264  loss=0.4170
  batch 130/264  loss=0.4030
  batch 140/264  loss=0.3978
  batch 150/264  loss=0.8282
  batch 160/264  loss=0.5276
  batch 170/264  loss=0.3885
  batch 180/264  loss=0.4537
  batch 190/264  loss=0.4112
  batch 200/264  loss=0.3830
  batch 210/264  loss=0.3718
  batch 220/264  loss=0.4235
  batch 230/264  loss=0.4964
  batch 240/264  loss=0.5603
  batch 250/264  loss=0.3901
  batch 260/264  loss=0.4331
Epoch  48/300  train=5.186e-01  rmse=2.0846  lr=1.0e-04  231s
  -> best  monitor=5.186e-01
  batch 10/264  loss=0.5922
  batch 20/264  loss=0.4106
  batch 30/264  loss=0.4677
  batch 40/264  loss=0.6759
  batch 50/264  loss=0.3892
  batch 60/264  loss=0.3631
  batch 70/264  loss=0.5756
  batch 80/264  loss=0.5495
  batch 90/264  loss=0.4085
  batch 100/264  loss=0.4132
  batch 110/264  loss=0.6940
  batch 120/264  loss=0.4995
  batch 130/264  loss=0.5304
  batch 140/264  loss=0.4120
  batch 150/264  loss=0.3934
  batch 160/264  loss=0.4449
  batch 170/264  loss=0.8664
  batch 180/264  loss=0.3953
  batch 190/264  loss=0.4306
  batch 200/264  loss=0.5723
  batch 210/264  loss=0.4505
  batch 220/264  loss=0.5476
  batch 230/264  loss=0.4229
  batch 240/264  loss=0.3772
  batch 250/264  loss=0.7016
  batch 260/264  loss=0.5830
Epoch  49/300  train=5.213e-01  rmse=2.0858  lr=1.0e-04  230s
  batch 10/264  loss=0.4419
  batch 20/264  loss=0.4732
  batch 30/264  loss=0.4660
  batch 40/264  loss=0.4812
  batch 50/264  loss=0.3999
  batch 60/264  loss=0.3786
  batch 70/264  loss=0.6221
  batch 80/264  loss=0.4412
  batch 90/264  loss=0.3646
  batch 100/264  loss=0.6203
  batch 110/264  loss=0.4128
  batch 120/264  loss=0.5552
  batch 130/264  loss=0.4259
  batch 140/264  loss=0.4458
  batch 150/264  loss=0.3752
  batch 160/264  loss=0.4416
  batch 170/264  loss=0.4567
  batch 180/264  loss=0.3845
  batch 190/264  loss=0.7895
  batch 200/264  loss=0.3745
  batch 210/264  loss=0.6243
  batch 220/264  loss=0.5877
  batch 230/264  loss=0.4173
  batch 240/264  loss=0.5372
  batch 250/264  loss=0.7013
  batch 260/264  loss=0.4715
Epoch  50/300  train=5.180e-01  rmse=2.0928  lr=1.0e-04  230s
  -> best  monitor=5.180e-01
  batch 10/264  loss=0.4840
  batch 20/264  loss=0.4354
  batch 30/264  loss=0.4055
  batch 40/264  loss=0.4031
  batch 50/264  loss=0.5204
  batch 60/264  loss=0.3907
  batch 70/264  loss=0.4151
  batch 80/264  loss=0.4700
  batch 90/264  loss=0.8578
  batch 100/264  loss=0.6728
  batch 110/264  loss=0.3747
  batch 120/264  loss=0.5688
  batch 130/264  loss=0.4378
  batch 140/264  loss=0.5759
  batch 150/264  loss=0.4608
  batch 160/264  loss=0.5471
  batch 170/264  loss=0.5023
  batch 180/264  loss=0.4643
  batch 190/264  loss=0.3626
  batch 200/264  loss=0.5245
  batch 210/264  loss=0.4083
  batch 220/264  loss=0.5987
  batch 230/264  loss=0.3579
  batch 240/264  loss=0.7585
  batch 250/264  loss=0.5412
  batch 260/264  loss=0.4350
Epoch  51/300  train=5.141e-01  rmse=2.0668  lr=1.0e-04  231s
  -> best  monitor=5.141e-01
  batch 10/264  loss=0.3641
  batch 20/264  loss=0.4751
  batch 30/264  loss=0.3389
  batch 40/264  loss=0.4284
  batch 50/264  loss=0.3538
  batch 60/264  loss=0.5167
  batch 70/264  loss=0.4286
  batch 80/264  loss=0.4616
  batch 90/264  loss=0.6830
  batch 100/264  loss=0.3925
  batch 110/264  loss=0.3783
  batch 120/264  loss=0.4249
  batch 130/264  loss=0.6007
  batch 140/264  loss=0.6786
  batch 150/264  loss=0.7080
  batch 160/264  loss=0.4632
  batch 170/264  loss=0.4374
  batch 180/264  loss=0.4779
  batch 190/264  loss=0.4508
  batch 200/264  loss=0.4427
  batch 210/264  loss=0.5336
  batch 220/264  loss=0.7764
  batch 230/264  loss=0.4657
  batch 240/264  loss=0.4583
  batch 250/264  loss=0.7075
  batch 260/264  loss=0.4709
Epoch  52/300  train=5.108e-01  rmse=2.0544  lr=1.0e-04  230s
  -> best  monitor=5.108e-01
  batch 10/264  loss=0.5296
  batch 20/264  loss=0.8380
  batch 30/264  loss=0.4111
  batch 40/264  loss=0.3805
  batch 50/264  loss=0.7898
  batch 60/264  loss=0.5822
  batch 70/264  loss=0.6287
  batch 80/264  loss=0.5304
  batch 90/264  loss=0.3859
  batch 100/264  loss=0.6779
  batch 110/264  loss=0.5057
  batch 120/264  loss=0.5102
  batch 130/264  loss=0.6288
  batch 140/264  loss=0.3908
  batch 150/264  loss=0.5013
  batch 160/264  loss=0.4105
  batch 170/264  loss=0.5257
  batch 180/264  loss=0.5138
  batch 190/264  loss=0.4116
  batch 200/264  loss=0.4916
  batch 210/264  loss=0.5932
  batch 220/264  loss=0.5160
  batch 230/264  loss=0.4377
  batch 240/264  loss=0.6657
  batch 250/264  loss=0.3627
  batch 260/264  loss=0.3657
Epoch  53/300  train=5.134e-01  rmse=2.1035  lr=1.0e-04  230s
  batch 10/264  loss=0.5195
  batch 20/264  loss=0.4794
  batch 30/264  loss=0.4773
  batch 40/264  loss=0.4834
  batch 50/264  loss=0.6578
  batch 60/264  loss=0.5103
  batch 70/264  loss=0.4226
  batch 80/264  loss=0.3641
  batch 90/264  loss=0.3742
  batch 100/264  loss=0.4534
  batch 110/264  loss=0.4337
  batch 120/264  loss=0.3831
  batch 130/264  loss=0.4005
  batch 140/264  loss=0.5922
  batch 150/264  loss=0.4387
  batch 160/264  loss=0.5825
  batch 170/264  loss=0.5634
  batch 180/264  loss=0.5897
  batch 190/264  loss=0.4031
  batch 200/264  loss=0.3973
  batch 210/264  loss=0.3882
  batch 220/264  loss=0.6545
  batch 230/264  loss=0.4392
  batch 240/264  loss=0.7302
  batch 250/264  loss=0.4803
  batch 260/264  loss=0.4153
Epoch  54/300  train=5.147e-01  rmse=2.1016  lr=1.0e-04  229s
  batch 10/264  loss=0.4746
  batch 20/264  loss=0.5094
  batch 30/264  loss=0.5824
  batch 40/264  loss=0.3758
  batch 50/264  loss=0.4356
  batch 60/264  loss=0.5734
  batch 70/264  loss=0.4954
  batch 80/264  loss=0.6495
  batch 90/264  loss=0.4328
  batch 100/264  loss=0.3796
  batch 110/264  loss=0.4441
  batch 120/264  loss=0.4108
  batch 130/264  loss=0.3511
  batch 140/264  loss=0.3659
  batch 150/264  loss=0.5301
  batch 160/264  loss=0.5249
  batch 170/264  loss=0.4280
  batch 180/264  loss=0.5616
  batch 190/264  loss=0.4175
  batch 200/264  loss=0.4409
  batch 210/264  loss=0.4645
  batch 220/264  loss=0.6085
  batch 230/264  loss=0.3722
  batch 240/264  loss=0.6703
  batch 250/264  loss=0.4787
  batch 260/264  loss=0.4288
Epoch  55/300  train=5.073e-01  rmse=2.0890  lr=1.0e-04  229s
  -> best  monitor=5.073e-01
  batch 10/264  loss=0.3438
  batch 20/264  loss=0.9639
  batch 30/264  loss=0.7129
  batch 40/264  loss=0.4202
  batch 50/264  loss=0.4927
  batch 60/264  loss=0.3919
  batch 70/264  loss=0.4657
  batch 80/264  loss=0.3720
  batch 90/264  loss=0.4145
  batch 100/264  loss=0.5226
  batch 110/264  loss=0.4253
  batch 120/264  loss=0.4205
  batch 130/264  loss=0.4779
  batch 140/264  loss=0.4776
  batch 150/264  loss=0.5011
  batch 160/264  loss=0.5358
  batch 170/264  loss=0.4099
  batch 180/264  loss=0.3745
  batch 190/264  loss=0.4247
  batch 200/264  loss=0.3283
  batch 210/264  loss=0.4708
  batch 220/264  loss=0.4113
  batch 230/264  loss=0.5402
  batch 240/264  loss=0.8630
  batch 250/264  loss=0.6766
  batch 260/264  loss=0.4181
Epoch  56/300  train=5.002e-01  rmse=2.0361  lr=1.0e-04  230s
  -> best  monitor=5.002e-01
  batch 10/264  loss=0.4194
  batch 20/264  loss=0.4514
  batch 30/264  loss=0.8090
  batch 40/264  loss=0.5940
  batch 50/264  loss=0.7634
  batch 60/264  loss=0.4620
  batch 70/264  loss=0.7059
  batch 80/264  loss=0.4392
  batch 90/264  loss=0.8319
  batch 100/264  loss=0.5196
  batch 110/264  loss=0.3766
  batch 120/264  loss=0.5460
  batch 130/264  loss=0.3664
  batch 140/264  loss=0.3713
  batch 150/264  loss=0.3600
  batch 160/264  loss=0.3856
  batch 170/264  loss=0.4875
  batch 180/264  loss=0.6474
  batch 190/264  loss=0.4718
  batch 200/264  loss=0.3881
  batch 210/264  loss=0.5410
  batch 220/264  loss=1.1821
  batch 230/264  loss=0.4364
  batch 240/264  loss=0.3791
  batch 250/264  loss=0.4400
  batch 260/264  loss=0.4397
Epoch  57/300  train=5.018e-01  rmse=2.0466  lr=1.0e-04  229s
  batch 10/264  loss=0.6736
  batch 20/264  loss=0.4138
  batch 30/264  loss=0.3998
  batch 40/264  loss=0.8296
  batch 50/264  loss=0.5116
  batch 60/264  loss=0.6762
  batch 70/264  loss=0.6021
  batch 80/264  loss=0.4422
  batch 90/264  loss=0.4371
  batch 100/264  loss=0.3907
  batch 110/264  loss=0.4416
  batch 120/264  loss=0.3613
  batch 130/264  loss=0.4032
  batch 140/264  loss=0.4359
  batch 150/264  loss=0.5408
  batch 160/264  loss=0.4615
  batch 170/264  loss=0.6651
  batch 180/264  loss=0.3790
  batch 190/264  loss=0.3472
  batch 200/264  loss=0.4381
  batch 210/264  loss=0.4248
  batch 220/264  loss=0.7696
  batch 230/264  loss=0.5491
  batch 240/264  loss=0.4361
  batch 250/264  loss=0.7531
  batch 260/264  loss=0.5488
Epoch  58/300  train=5.022e-01  rmse=2.0470  lr=1.0e-04  229s
  batch 10/264  loss=0.5163
  batch 20/264  loss=0.4249
  batch 30/264  loss=0.4334
  batch 40/264  loss=0.4250
  batch 50/264  loss=0.3911
  batch 60/264  loss=0.5546
  batch 70/264  loss=0.5384
  batch 80/264  loss=0.4932
  batch 90/264  loss=0.3506
  batch 100/264  loss=0.4436
  batch 110/264  loss=0.4218
  batch 120/264  loss=0.5540
  batch 130/264  loss=0.4647
  batch 140/264  loss=0.3744
  batch 150/264  loss=0.6788
  batch 160/264  loss=0.5962
  batch 170/264  loss=0.3596
  batch 180/264  loss=0.6089
  batch 190/264  loss=0.3998
  batch 200/264  loss=0.4120
  batch 210/264  loss=0.4706
  batch 220/264  loss=0.4200
  batch 230/264  loss=0.5626
  batch 240/264  loss=0.6686
  batch 250/264  loss=0.3696
  batch 260/264  loss=0.3755
Epoch  59/300  train=4.968e-01  rmse=2.0546  lr=1.0e-04  229s
  -> best  monitor=4.968e-01
  batch 10/264  loss=0.4377
  batch 20/264  loss=0.8597
  batch 30/264  loss=0.7427
  batch 40/264  loss=0.4374
  batch 50/264  loss=0.4150
  batch 60/264  loss=0.5303
  batch 70/264  loss=0.4785
  batch 80/264  loss=0.4379
  batch 90/264  loss=0.7263
  batch 100/264  loss=0.3980
  batch 110/264  loss=0.4625
  batch 120/264  loss=0.8258
  batch 130/264  loss=0.3760
  batch 140/264  loss=0.4178
  batch 150/264  loss=0.4639
  batch 160/264  loss=0.5237
  batch 170/264  loss=0.6141
  batch 180/264  loss=0.5770
  batch 190/264  loss=0.6003
  batch 200/264  loss=0.3904
  batch 210/264  loss=0.4228
  batch 220/264  loss=0.4628
  batch 230/264  loss=0.6692
  batch 240/264  loss=0.4410
  batch 250/264  loss=0.4305
  batch 260/264  loss=0.5293
Epoch  60/300  train=4.976e-01  rmse=2.1000  lr=1.0e-04  229s
  batch 10/264  loss=0.3538
  batch 20/264  loss=0.4538
  batch 30/264  loss=0.3503
  batch 40/264  loss=0.3851
  batch 50/264  loss=0.5555
  batch 60/264  loss=0.5778
  batch 70/264  loss=0.3600
  batch 80/264  loss=0.4926
  batch 90/264  loss=0.4590
  batch 100/264  loss=0.5169
  batch 110/264  loss=0.4753
  batch 120/264  loss=0.3946
  batch 130/264  loss=0.3878
  batch 140/264  loss=0.3907
  batch 150/264  loss=0.4526
  batch 160/264  loss=0.5162
  batch 170/264  loss=0.4437
  batch 180/264  loss=0.4090
  batch 190/264  loss=0.4359
  batch 200/264  loss=0.3606
  batch 210/264  loss=0.5374
  batch 220/264  loss=0.3766
  batch 230/264  loss=0.3815
  batch 240/264  loss=0.4680
  batch 250/264  loss=0.4635
  batch 260/264  loss=0.7560
Epoch  61/300  train=4.945e-01  rmse=2.0010  lr=1.0e-04  229s
  -> best  monitor=4.945e-01
  batch 10/264  loss=0.3950
  batch 20/264  loss=0.4083
  batch 30/264  loss=0.4844
  batch 40/264  loss=0.4418
  batch 50/264  loss=0.3909
  batch 60/264  loss=0.4684
  batch 70/264  loss=0.4366
  batch 80/264  loss=0.5532
  batch 90/264  loss=0.3945
  batch 100/264  loss=0.3902
  batch 110/264  loss=0.3918
  batch 120/264  loss=0.4164
  batch 130/264  loss=0.6159
  batch 140/264  loss=0.6035
  batch 150/264  loss=0.4579
  batch 160/264  loss=1.0740
  batch 170/264  loss=0.4913
  batch 180/264  loss=0.5913
  batch 190/264  loss=0.4061
  batch 200/264  loss=0.4870
  batch 210/264  loss=0.3819
  batch 220/264  loss=0.3853
  batch 230/264  loss=0.3896
  batch 240/264  loss=0.3468
  batch 250/264  loss=0.6154
  batch 260/264  loss=0.5576
Epoch  62/300  train=4.880e-01  rmse=2.0016  lr=1.0e-04  229s
  -> best  monitor=4.880e-01
  batch 10/264  loss=0.4449
  batch 20/264  loss=0.4385
  batch 30/264  loss=0.5568
  batch 40/264  loss=0.4895
  batch 50/264  loss=0.4419
  batch 60/264  loss=0.3677
  batch 70/264  loss=0.4183
  batch 80/264  loss=0.6651
  batch 90/264  loss=0.5488
  batch 100/264  loss=0.4191
  batch 110/264  loss=0.6112
  batch 120/264  loss=0.3830
  batch 130/264  loss=0.3752
  batch 140/264  loss=0.4985
  batch 150/264  loss=0.4184
  batch 160/264  loss=0.5094
  batch 170/264  loss=0.3928
  batch 180/264  loss=0.4500
  batch 190/264  loss=0.5527
  batch 200/264  loss=0.6001
  batch 210/264  loss=0.4316
  batch 220/264  loss=0.7482
  batch 230/264  loss=0.5344
  batch 240/264  loss=0.6298
  batch 250/264  loss=0.4206
  batch 260/264  loss=0.4457
Epoch  63/300  train=4.890e-01  rmse=2.0356  lr=1.0e-04  230s
  batch 10/264  loss=0.4078
  batch 20/264  loss=0.4438
  batch 30/264  loss=0.3595
  batch 40/264  loss=0.4769
  batch 50/264  loss=0.4294
  batch 60/264  loss=0.3701
  batch 70/264  loss=0.4295
  batch 80/264  loss=0.7117
  batch 90/264  loss=0.4483
  batch 100/264  loss=0.5180
  batch 110/264  loss=0.4537
  batch 120/264  loss=0.6319
  batch 130/264  loss=0.6143
  batch 140/264  loss=0.4721
  batch 150/264  loss=0.4985
  batch 160/264  loss=0.4006
  batch 170/264  loss=0.3660
  batch 180/264  loss=0.6422
  batch 190/264  loss=0.4575
  batch 200/264  loss=0.5463
  batch 210/264  loss=0.5256
  batch 220/264  loss=0.4738
  batch 230/264  loss=0.6307
  batch 240/264  loss=0.3747
  batch 250/264  loss=0.5127
  batch 260/264  loss=0.4897
Epoch  64/300  train=4.901e-01  rmse=2.0457  lr=1.0e-04  230s
  batch 10/264  loss=0.4580
  batch 20/264  loss=0.7882
  batch 30/264  loss=0.4597
  batch 40/264  loss=0.4468
  batch 50/264  loss=0.4006
  batch 60/264  loss=0.3702
  batch 70/264  loss=0.4023
  batch 80/264  loss=0.4178
  batch 90/264  loss=0.5222
  batch 100/264  loss=0.4459
  batch 110/264  loss=0.5306
  batch 120/264  loss=0.4461
  batch 130/264  loss=0.3571
  batch 140/264  loss=0.3593
  batch 150/264  loss=1.0259
  batch 160/264  loss=0.7156
  batch 170/264  loss=0.4058
  batch 180/264  loss=0.5268
  batch 190/264  loss=0.4331
  batch 200/264  loss=0.4916
  batch 210/264  loss=0.4249
  batch 220/264  loss=0.3366
  batch 230/264  loss=0.3479
  batch 240/264  loss=0.6117
  batch 250/264  loss=0.4832
  batch 260/264  loss=0.3968
Epoch  65/300  train=4.841e-01  rmse=2.0615  lr=1.0e-04  229s
  -> best  monitor=4.841e-01
  batch 10/264  loss=0.6247
  batch 20/264  loss=0.4902
  batch 30/264  loss=0.6666
  batch 40/264  loss=0.3750
  batch 50/264  loss=0.3637
  batch 60/264  loss=0.5186
  batch 70/264  loss=0.6357
  batch 80/264  loss=0.5882
  batch 90/264  loss=0.5288
  batch 100/264  loss=0.3881
  batch 110/264  loss=0.4014
  batch 120/264  loss=0.4548
  batch 130/264  loss=0.9446
  batch 140/264  loss=0.5992
  batch 150/264  loss=0.4060
  batch 160/264  loss=0.3330
  batch 170/264  loss=0.4597
  batch 180/264  loss=0.4399
  batch 190/264  loss=0.3561
  batch 200/264  loss=0.5931
  batch 210/264  loss=0.3600
  batch 220/264  loss=0.4140
  batch 230/264  loss=0.3133
  batch 240/264  loss=0.7088
  batch 250/264  loss=0.6636
  batch 260/264  loss=0.4232
Epoch  66/300  train=4.876e-01  rmse=2.0172  lr=1.0e-04  228s
  batch 10/264  loss=0.8864
  batch 20/264  loss=0.5764
  batch 30/264  loss=0.4242
  batch 40/264  loss=0.4050
  batch 50/264  loss=0.5761
  batch 60/264  loss=0.4992
  batch 70/264  loss=0.3647
  batch 80/264  loss=0.3664
  batch 90/264  loss=0.8438
  batch 100/264  loss=0.5836
  batch 110/264  loss=0.5575
  batch 120/264  loss=0.3804
  batch 130/264  loss=0.4955
  batch 140/264  loss=0.4678
  batch 150/264  loss=0.4026
  batch 160/264  loss=0.3414
  batch 170/264  loss=0.3941
  batch 180/264  loss=0.4456
  batch 190/264  loss=0.8099
  batch 200/264  loss=0.6325
  batch 210/264  loss=0.7307
  batch 220/264  loss=0.4379
  batch 230/264  loss=0.4318
  batch 240/264  loss=0.3889
  batch 250/264  loss=0.5643
  batch 260/264  loss=0.5401
Epoch  67/300  train=4.796e-01  rmse=1.9906  lr=1.0e-04  231s
  -> best  monitor=4.796e-01
  batch 10/264  loss=0.5188
  batch 20/264  loss=0.6047
  batch 30/264  loss=0.7547
  batch 40/264  loss=0.7295
  batch 50/264  loss=0.3665
  batch 60/264  loss=0.4025
  batch 70/264  loss=0.7674
  batch 80/264  loss=0.3688
  batch 90/264  loss=0.5352
  batch 100/264  loss=0.4813
  batch 110/264  loss=0.4538
  batch 120/264  loss=0.4926
  batch 130/264  loss=0.3913
  batch 140/264  loss=0.3450
  batch 150/264  loss=0.3661
  batch 160/264  loss=0.5636
  batch 170/264  loss=0.3771
  batch 180/264  loss=0.4459
  batch 190/264  loss=0.4372
  batch 200/264  loss=0.5125
  batch 210/264  loss=0.4448
  batch 220/264  loss=0.8894
  batch 230/264  loss=0.5297
  batch 240/264  loss=0.4561
  batch 250/264  loss=0.6153
  batch 260/264  loss=0.6760
Epoch  68/300  train=4.881e-01  rmse=2.0294  lr=1.0e-04  230s
  batch 10/264  loss=0.4833
  batch 20/264  loss=0.4877
  batch 30/264  loss=0.3407
  batch 40/264  loss=0.4020
  batch 50/264  loss=0.4109
  batch 60/264  loss=0.5394
  batch 70/264  loss=0.5155
  batch 80/264  loss=0.4270
  batch 90/264  loss=0.5578
  batch 100/264  loss=0.3671
  batch 110/264  loss=0.5680
  batch 120/264  loss=0.3567
  batch 130/264  loss=0.4964
  batch 140/264  loss=0.9871
  batch 150/264  loss=0.3854
  batch 160/264  loss=0.4171
  batch 170/264  loss=0.6482
  batch 180/264  loss=0.5948
  batch 190/264  loss=0.6470
  batch 200/264  loss=0.5530
  batch 210/264  loss=0.6622
  batch 220/264  loss=0.4642
  batch 230/264  loss=0.5158
  batch 240/264  loss=0.4147
  batch 250/264  loss=0.4947
  batch 260/264  loss=0.5902
Epoch  69/300  train=4.793e-01  rmse=2.0296  lr=1.0e-04  232s
  -> best  monitor=4.793e-01
  batch 10/264  loss=0.4028
  batch 20/264  loss=0.4659
  batch 30/264  loss=0.4391
  batch 40/264  loss=0.4289
  batch 50/264  loss=0.5046
  batch 60/264  loss=0.3455
  batch 70/264  loss=0.6694
  batch 80/264  loss=0.5860
  batch 90/264  loss=0.3734
  batch 100/264  loss=0.5462
  batch 110/264  loss=0.8260
  batch 120/264  loss=0.3719
  batch 130/264  loss=0.6880
  batch 140/264  loss=0.5373
  batch 150/264  loss=0.4681
  batch 160/264  loss=0.4267
  batch 170/264  loss=0.6249
  batch 180/264  loss=0.4373
  batch 190/264  loss=0.3728
  batch 200/264  loss=0.4211
  batch 210/264  loss=0.6065
  batch 220/264  loss=0.3786
  batch 230/264  loss=0.4468
  batch 240/264  loss=0.4687
  batch 250/264  loss=0.4724
  batch 260/264  loss=0.4068
Epoch  70/300  train=4.765e-01  rmse=1.9846  lr=1.0e-04  233s
  -> best  monitor=4.765e-01
  batch 10/264  loss=0.4302
  batch 20/264  loss=0.4266
  batch 30/264  loss=0.4432
  batch 40/264  loss=0.5354
  batch 50/264  loss=0.3856
  batch 60/264  loss=0.3720
  batch 70/264  loss=0.4424
  batch 80/264  loss=0.4083
  batch 90/264  loss=0.3751
  batch 100/264  loss=0.9571
  batch 110/264  loss=0.3852
  batch 120/264  loss=0.3952
  batch 130/264  loss=0.4087
  batch 140/264  loss=0.3436
  batch 150/264  loss=0.9966
  batch 160/264  loss=0.5275
  batch 170/264  loss=0.4584
  batch 180/264  loss=0.4250
  batch 190/264  loss=0.4519
  batch 200/264  loss=0.3966
  batch 210/264  loss=0.4203
  batch 220/264  loss=0.3654
  batch 230/264  loss=0.4271
  batch 240/264  loss=0.3602
  batch 250/264  loss=0.5282
  batch 260/264  loss=0.4017
Epoch  71/300  train=4.769e-01  rmse=1.9878  lr=1.0e-04  232s
  batch 10/264  loss=0.8239
  batch 20/264  loss=0.4538
  batch 30/264  loss=0.7151
  batch 40/264  loss=0.5290
  batch 50/264  loss=0.4512
  batch 60/264  loss=0.5184
  batch 70/264  loss=0.3597
  batch 80/264  loss=0.4791
  batch 90/264  loss=0.3395
  batch 100/264  loss=0.3277
  batch 110/264  loss=0.3435
  batch 120/264  loss=0.5165
  batch 130/264  loss=0.4461
  batch 140/264  loss=0.5199
  batch 150/264  loss=0.3892
  batch 160/264  loss=0.4202
  batch 170/264  loss=0.6085
  batch 180/264  loss=0.4273
  batch 190/264  loss=0.5446
  batch 200/264  loss=0.3586
  batch 210/264  loss=0.3208
  batch 220/264  loss=0.5843
  batch 230/264  loss=0.4590
  batch 240/264  loss=0.4547
  batch 250/264  loss=0.6608
  batch 260/264  loss=0.5485
Epoch  72/300  train=4.785e-01  rmse=2.0096  lr=1.0e-04  266s
  batch 10/264  loss=0.3524
  batch 20/264  loss=0.3700
  batch 30/264  loss=0.4421
  batch 40/264  loss=0.3686
  batch 50/264  loss=0.8014
  batch 60/264  loss=0.3596
  batch 70/264  loss=0.5105
  batch 80/264  loss=0.4087
  batch 90/264  loss=0.3486
  batch 100/264  loss=0.4976
  batch 110/264  loss=0.4821
  batch 120/264  loss=0.5987
  batch 130/264  loss=0.7025
  batch 140/264  loss=0.5237
  batch 150/264  loss=0.3457
  batch 160/264  loss=0.4478
  batch 170/264  loss=0.4654
  batch 180/264  loss=0.5849
  batch 190/264  loss=0.3950
  batch 200/264  loss=0.4958
  batch 210/264  loss=0.3572
  batch 220/264  loss=0.5866
  batch 230/264  loss=0.3621
  batch 240/264  loss=0.4556
  batch 250/264  loss=0.3622
  batch 260/264  loss=0.4082
Epoch  73/300  train=4.722e-01  rmse=1.9619  lr=1.0e-04  256s
  -> best  monitor=4.722e-01
  batch 10/264  loss=0.3543
  batch 20/264  loss=0.5299
  batch 30/264  loss=0.4105
  batch 40/264  loss=0.4279
  batch 50/264  loss=0.6993
  batch 60/264  loss=0.6579
  batch 70/264  loss=0.3451
  batch 80/264  loss=0.3953
  batch 90/264  loss=0.5562
  batch 100/264  loss=0.4309
  batch 110/264  loss=0.3826
  batch 120/264  loss=0.3810
  batch 130/264  loss=0.4992
  batch 140/264  loss=0.4174
  batch 150/264  loss=0.3944
  batch 160/264  loss=0.4627
  batch 170/264  loss=0.4415
  batch 180/264  loss=0.5307
  batch 190/264  loss=0.4848
  batch 200/264  loss=1.0038
  batch 210/264  loss=0.8583
  batch 220/264  loss=0.3956
  batch 230/264  loss=0.6949
  batch 240/264  loss=0.6128
  batch 250/264  loss=0.4120
  batch 260/264  loss=0.4056
Epoch  74/300  train=4.658e-01  rmse=1.9435  lr=1.0e-04  229s
  -> best  monitor=4.658e-01
  batch 10/264  loss=0.4164
  batch 20/264  loss=0.3391
  batch 30/264  loss=0.8594
  batch 40/264  loss=0.3126
  batch 50/264  loss=0.3726
  batch 60/264  loss=0.5856
  batch 70/264  loss=0.5146
  batch 80/264  loss=0.5278
  batch 90/264  loss=0.3368
  batch 100/264  loss=0.4019
  batch 110/264  loss=0.4240
  batch 120/264  loss=0.3288
  batch 130/264  loss=0.7721
  batch 140/264  loss=0.5051
  batch 150/264  loss=0.4580
  batch 160/264  loss=0.3613
  batch 170/264  loss=0.4704
  batch 180/264  loss=0.3699
  batch 190/264  loss=0.4049
  batch 200/264  loss=0.4233
  batch 210/264  loss=0.4471
  batch 220/264  loss=0.4090
  batch 230/264  loss=0.4055
  batch 240/264  loss=0.3221
  batch 250/264  loss=0.5796
  batch 260/264  loss=0.3884
Epoch  75/300  train=4.748e-01  rmse=1.9715  lr=1.0e-04  231s
  batch 10/264  loss=0.5004
  batch 20/264  loss=0.5745
  batch 30/264  loss=0.4137
  batch 40/264  loss=0.4012
  batch 50/264  loss=0.6261
  batch 60/264  loss=0.3837
  batch 70/264  loss=0.5834
  batch 80/264  loss=0.8472
  batch 90/264  loss=0.5892
  batch 100/264  loss=0.3647
  batch 110/264  loss=0.5277
  batch 120/264  loss=0.4415
  batch 130/264  loss=0.3368
  batch 140/264  loss=0.4341
  batch 150/264  loss=0.4427
  batch 160/264  loss=0.4320
  batch 170/264  loss=0.3647
  batch 180/264  loss=0.4013
  batch 190/264  loss=0.7242
  batch 200/264  loss=0.6463
  batch 210/264  loss=0.3756
  batch 220/264  loss=0.5428
  batch 230/264  loss=0.5176
  batch 240/264  loss=0.3637
  batch 250/264  loss=0.3866
  batch 260/264  loss=0.4396
Epoch  76/300  train=4.778e-01  rmse=1.9982  lr=1.0e-04  230s
  batch 10/264  loss=0.5741
  batch 20/264  loss=0.3275
  batch 30/264  loss=0.3957
  batch 40/264  loss=0.3712
  batch 50/264  loss=0.6315
  batch 60/264  loss=0.5171
  batch 70/264  loss=0.3861
  batch 80/264  loss=0.5098
  batch 90/264  loss=0.3656
  batch 100/264  loss=0.3552
  batch 110/264  loss=0.5071
  batch 120/264  loss=0.4758
  batch 130/264  loss=0.3688
  batch 140/264  loss=0.3646
  batch 150/264  loss=0.4732
  batch 160/264  loss=0.5378
  batch 170/264  loss=0.4147
  batch 180/264  loss=0.3914
  batch 190/264  loss=0.4089
  batch 200/264  loss=0.4661
  batch 210/264  loss=0.3748
  batch 220/264  loss=0.4630
  batch 230/264  loss=0.4802
  batch 240/264  loss=0.5131
  batch 250/264  loss=0.4597
  batch 260/264  loss=0.3337
Epoch  77/300  train=4.705e-01  rmse=1.9664  lr=1.0e-04  231s
  batch 10/264  loss=0.3587
  batch 20/264  loss=0.4726
  batch 30/264  loss=0.5000
  batch 40/264  loss=0.4577
  batch 50/264  loss=0.4914
  batch 60/264  loss=0.4860
  batch 70/264  loss=0.6665
  batch 80/264  loss=0.5632
  batch 90/264  loss=0.5574
  batch 100/264  loss=0.4442
  batch 110/264  loss=0.4898
  batch 120/264  loss=0.3701
  batch 130/264  loss=0.3647
  batch 140/264  loss=0.5346
  batch 150/264  loss=0.4411
  batch 160/264  loss=0.4166
  batch 170/264  loss=0.3429
  batch 180/264  loss=0.4980
  batch 190/264  loss=0.5323
  batch 200/264  loss=0.7773
  batch 210/264  loss=0.4791
  batch 220/264  loss=0.4611
  batch 230/264  loss=0.5039
  batch 240/264  loss=0.3491
  batch 250/264  loss=0.4136
  batch 260/264  loss=0.4642
Epoch  78/300  train=4.644e-01  rmse=1.9311  lr=1.0e-04  230s
  -> best  monitor=4.644e-01
  batch 10/264  loss=0.5560
  batch 20/264  loss=0.3981
  batch 30/264  loss=0.5387
  batch 40/264  loss=0.4221
  batch 50/264  loss=0.4087
  batch 60/264  loss=0.6401
  batch 70/264  loss=0.4859
  batch 80/264  loss=0.5499
  batch 90/264  loss=0.3654
  batch 100/264  loss=0.7099
  batch 110/264  loss=0.5673
  batch 120/264  loss=0.3849
  batch 130/264  loss=0.5538
  batch 140/264  loss=0.3984
  batch 150/264  loss=0.4386
  batch 160/264  loss=0.4656
  batch 170/264  loss=0.5151
  batch 180/264  loss=0.5068
  batch 190/264  loss=0.4012
  batch 200/264  loss=0.4114
  batch 210/264  loss=0.4333
  batch 220/264  loss=0.5947
  batch 230/264  loss=0.4283
  batch 240/264  loss=0.4261
  batch 250/264  loss=0.5397
  batch 260/264  loss=0.4387
Epoch  79/300  train=4.637e-01  rmse=1.9727  lr=1.0e-04  230s
  -> best  monitor=4.637e-01
  batch 10/264  loss=0.3847
  batch 20/264  loss=0.4311
  batch 30/264  loss=0.4990
  batch 40/264  loss=0.4089
  batch 50/264  loss=0.3380
  batch 60/264  loss=0.4231
  batch 70/264  loss=0.3874
  batch 80/264  loss=0.3203
  batch 90/264  loss=0.4429
  batch 100/264  loss=0.3364
  batch 110/264  loss=0.5477
  batch 120/264  loss=0.9925
  batch 130/264  loss=0.3811
  batch 140/264  loss=0.4389
  batch 150/264  loss=0.4000
  batch 160/264  loss=0.3401
  batch 170/264  loss=0.6830
  batch 180/264  loss=0.6195
  batch 190/264  loss=0.4491
  batch 200/264  loss=0.5477
  batch 210/264  loss=0.3740
  batch 220/264  loss=0.3691
  batch 230/264  loss=0.3859
  batch 240/264  loss=0.4957
  batch 250/264  loss=0.5223
  batch 260/264  loss=0.3210
Epoch  80/300  train=4.670e-01  rmse=1.9098  lr=1.0e-04  231s
  batch 10/264  loss=0.4016
  batch 20/264  loss=0.4788
  batch 30/264  loss=0.3629
  batch 40/264  loss=0.4685
  batch 50/264  loss=0.3910
  batch 60/264  loss=0.4546
  batch 70/264  loss=0.3591
  batch 80/264  loss=0.7047
  batch 90/264  loss=0.4076
  batch 100/264  loss=0.3552
  batch 110/264  loss=0.3954
  batch 120/264  loss=0.4615
  batch 130/264  loss=0.3416
  batch 140/264  loss=0.4487
  batch 150/264  loss=0.4648
  batch 160/264  loss=0.6389
  batch 170/264  loss=0.5676
  batch 180/264  loss=0.3913
  batch 190/264  loss=0.5115
  batch 200/264  loss=0.3390
  batch 210/264  loss=0.3749
  batch 220/264  loss=0.4305
  batch 230/264  loss=0.5019
  batch 240/264  loss=0.3882
  batch 250/264  loss=0.5373
  batch 260/264  loss=0.4553
Epoch  81/300  train=4.679e-01  rmse=1.9947  lr=1.0e-04  231s
  batch 10/264  loss=0.5478
  batch 20/264  loss=0.4164
  batch 30/264  loss=0.8646
  batch 40/264  loss=0.5847
  batch 50/264  loss=0.3510
  batch 60/264  loss=0.4294
  batch 70/264  loss=0.4628
  batch 80/264  loss=0.5045
  batch 90/264  loss=0.5328
  batch 100/264  loss=0.6905
  batch 110/264  loss=0.6354
  batch 120/264  loss=0.3301
  batch 130/264  loss=0.5594
  batch 140/264  loss=0.6045
  batch 150/264  loss=0.3387
  batch 160/264  loss=0.4127
  batch 170/264  loss=0.3828
  batch 180/264  loss=0.3434
  batch 190/264  loss=0.4072
  batch 200/264  loss=0.3722
  batch 210/264  loss=0.5117
  batch 220/264  loss=0.7141
  batch 230/264  loss=0.4332
  batch 240/264  loss=0.3165
  batch 250/264  loss=0.5727
  batch 260/264  loss=0.7974
Epoch  82/300  train=4.585e-01  rmse=1.9307  lr=1.0e-04  232s
  -> best  monitor=4.585e-01
  batch 10/264  loss=0.4316
  batch 20/264  loss=0.3659
  batch 30/264  loss=0.6412
  batch 40/264  loss=0.3598
  batch 50/264  loss=0.5241
  batch 60/264  loss=0.4713
  batch 70/264  loss=0.4860
  batch 80/264  loss=0.4018
  batch 90/264  loss=0.4423
  batch 100/264  loss=0.5126
  batch 110/264  loss=0.5064
  batch 120/264  loss=0.4954
  batch 130/264  loss=0.6261
  batch 140/264  loss=0.4521
  batch 150/264  loss=0.6309
  batch 160/264  loss=0.5643
  batch 170/264  loss=0.4216
  batch 180/264  loss=0.5580
  batch 190/264  loss=0.4553
  batch 200/264  loss=0.4622
  batch 210/264  loss=0.4409
  batch 220/264  loss=0.3944
  batch 230/264  loss=0.6813
  batch 240/264  loss=0.4744
  batch 250/264  loss=0.4677
  batch 260/264  loss=0.5898
Epoch  83/300  train=4.653e-01  rmse=1.9385  lr=1.0e-04  233s
  batch 10/264  loss=0.3803
  batch 20/264  loss=0.5876
  batch 30/264  loss=0.3612
  batch 40/264  loss=0.6529
  batch 50/264  loss=0.3278
  batch 60/264  loss=0.4116
  batch 70/264  loss=0.5047
  batch 80/264  loss=0.4499
  batch 90/264  loss=0.5833
  batch 100/264  loss=0.5617
  batch 110/264  loss=0.4849
  batch 120/264  loss=0.4490
  batch 130/264  loss=0.6011
  batch 140/264  loss=0.4010
  batch 150/264  loss=0.3738
  batch 160/264  loss=0.3683
  batch 170/264  loss=0.3415
  batch 180/264  loss=0.6161
  batch 190/264  loss=0.5210
  batch 200/264  loss=0.4246
  batch 210/264  loss=0.4059
  batch 220/264  loss=0.4681
  batch 230/264  loss=0.4593
  batch 240/264  loss=0.4171
  batch 250/264  loss=0.4060
  batch 260/264  loss=0.5021
Epoch  84/300  train=4.565e-01  rmse=1.9150  lr=1.0e-04  264s
  -> best  monitor=4.565e-01
  batch 10/264  loss=0.4025
  batch 20/264  loss=0.3593
  batch 30/264  loss=0.5655
  batch 40/264  loss=0.5660
  batch 50/264  loss=0.4232
  batch 60/264  loss=0.4530
  batch 70/264  loss=0.7317
  batch 80/264  loss=0.4521
  batch 90/264  loss=0.5232
  batch 100/264  loss=0.3863
  batch 110/264  loss=0.5776
  batch 120/264  loss=0.4246
  batch 130/264  loss=0.4382
  batch 140/264  loss=0.4859
  batch 150/264  loss=0.4924
  batch 160/264  loss=0.3413
  batch 170/264  loss=0.3837
  batch 180/264  loss=0.3345
  batch 190/264  loss=0.6407
  batch 200/264  loss=0.3837
  batch 210/264  loss=0.4437
  batch 220/264  loss=0.6105
  batch 230/264  loss=0.4486
  batch 240/264  loss=0.5500
  batch 250/264  loss=0.4915
  batch 260/264  loss=1.3251
Epoch  85/300  train=4.651e-01  rmse=1.9701  lr=1.0e-04  255s
  batch 10/264  loss=0.4718
  batch 20/264  loss=0.4255
  batch 30/264  loss=0.5098
  batch 40/264  loss=0.6020
  batch 50/264  loss=0.4527
  batch 60/264  loss=0.4146
  batch 70/264  loss=0.4111
  batch 80/264  loss=0.3666
  batch 90/264  loss=0.5445
  batch 100/264  loss=0.4218
  batch 110/264  loss=0.3590
  batch 120/264  loss=0.5218
  batch 130/264  loss=0.3908
  batch 140/264  loss=0.3920
  batch 150/264  loss=0.4292
  batch 160/264  loss=0.4794
  batch 170/264  loss=0.3890
  batch 180/264  loss=0.5024
  batch 190/264  loss=0.3777
  batch 200/264  loss=0.9988
  batch 210/264  loss=0.6221
  batch 220/264  loss=0.3935
  batch 230/264  loss=0.4938
  batch 240/264  loss=0.6325
  batch 250/264  loss=0.4698
  batch 260/264  loss=0.4385
Epoch  86/300  train=4.596e-01  rmse=1.9282  lr=1.0e-04  228s
  batch 10/264  loss=0.3927
  batch 20/264  loss=0.4940
  batch 30/264  loss=0.3995
  batch 40/264  loss=0.3346
  batch 50/264  loss=0.3854
  batch 60/264  loss=0.3751
  batch 70/264  loss=0.3761
  batch 80/264  loss=0.4143
  batch 90/264  loss=0.4392
  batch 100/264  loss=0.4115
  batch 110/264  loss=0.4688
  batch 120/264  loss=0.6378
  batch 130/264  loss=0.4486
  batch 140/264  loss=0.4529
  batch 150/264  loss=0.6046
  batch 160/264  loss=0.4009
  batch 170/264  loss=0.4004
  batch 180/264  loss=0.3902
  batch 190/264  loss=0.3191
  batch 200/264  loss=0.3957
  batch 210/264  loss=0.3965
  batch 220/264  loss=1.0833
  batch 230/264  loss=0.4362
  batch 240/264  loss=0.3759
  batch 250/264  loss=0.7226
  batch 260/264  loss=0.4467
Epoch  87/300  train=4.589e-01  rmse=1.9955  lr=1.0e-04  229s
  batch 10/264  loss=0.4686
  batch 20/264  loss=0.4278
  batch 30/264  loss=1.0079
  batch 40/264  loss=0.5403
  batch 50/264  loss=0.3619
  batch 60/264  loss=0.5609
  batch 70/264  loss=0.4411
  batch 80/264  loss=0.3811
  batch 90/264  loss=0.3571
  batch 100/264  loss=0.5673
  batch 110/264  loss=0.4704
  batch 120/264  loss=0.3707
  batch 130/264  loss=0.5018
  batch 140/264  loss=0.4078
  batch 150/264  loss=0.4956
  batch 160/264  loss=0.3857
  batch 170/264  loss=0.3901
  batch 180/264  loss=0.5918
  batch 190/264  loss=0.3610
  batch 200/264  loss=0.4164
  batch 210/264  loss=0.3895
  batch 220/264  loss=0.4980
  batch 230/264  loss=0.8642
  batch 240/264  loss=0.4294
  batch 250/264  loss=0.4367
  batch 260/264  loss=0.6116
Epoch  88/300  train=4.540e-01  rmse=1.9328  lr=1.0e-04  228s
  -> best  monitor=4.540e-01
  batch 10/264  loss=0.3668
  batch 20/264  loss=1.0426
  batch 30/264  loss=0.3706
  batch 40/264  loss=0.4820
  batch 50/264  loss=0.3863
  batch 60/264  loss=0.4375
  batch 70/264  loss=0.4494
  batch 80/264  loss=0.3874
  batch 90/264  loss=0.7755
  batch 100/264  loss=0.3407
  batch 110/264  loss=0.6511
  batch 120/264  loss=0.5335
  batch 130/264  loss=0.4032
  batch 140/264  loss=0.3601
  batch 150/264  loss=0.5142
  batch 160/264  loss=0.3235
  batch 170/264  loss=0.4569
  batch 180/264  loss=0.5887
  batch 190/264  loss=0.7195
  batch 200/264  loss=0.4513
  batch 210/264  loss=0.4097
  batch 220/264  loss=0.5672
  batch 230/264  loss=0.4020
  batch 240/264  loss=0.4064
  batch 250/264  loss=0.4464
  batch 260/264  loss=0.5175
Epoch  89/300  train=4.600e-01  rmse=1.9173  lr=1.0e-04  228s
  batch 10/264  loss=0.5478
  batch 20/264  loss=0.3371
  batch 30/264  loss=0.5079
  batch 40/264  loss=0.4006
  batch 50/264  loss=0.4020
  batch 60/264  loss=0.5518
  batch 70/264  loss=0.6351
  batch 80/264  loss=0.4871
  batch 90/264  loss=0.3714
  batch 100/264  loss=0.4408
  batch 110/264  loss=0.4076
  batch 120/264  loss=0.4225
  batch 130/264  loss=0.3743
  batch 140/264  loss=0.3406
  batch 150/264  loss=0.4222
  batch 160/264  loss=0.4607
  batch 170/264  loss=0.4779
  batch 180/264  loss=0.4653
  batch 190/264  loss=0.4366
  batch 200/264  loss=0.3378
  batch 210/264  loss=0.3904
  batch 220/264  loss=0.4603
  batch 230/264  loss=0.3693
  batch 240/264  loss=0.3658
  batch 250/264  loss=0.3444
  batch 260/264  loss=0.5775
Epoch  90/300  train=4.609e-01  rmse=1.9618  lr=1.0e-04  230s
  batch 10/264  loss=0.3827
  batch 20/264  loss=0.3715
  batch 30/264  loss=0.3708
  batch 40/264  loss=0.3471
  batch 50/264  loss=0.5712
  batch 60/264  loss=0.5685
  batch 70/264  loss=0.3793
  batch 80/264  loss=0.4300
  batch 90/264  loss=0.3824
  batch 100/264  loss=0.5418
  batch 110/264  loss=0.3678
  batch 120/264  loss=0.4600
  batch 130/264  loss=0.4033
  batch 140/264  loss=0.5850
  batch 150/264  loss=0.3503
  batch 160/264  loss=0.4650
  batch 170/264  loss=0.4669
  batch 180/264  loss=0.4571
  batch 190/264  loss=0.4203
  batch 200/264  loss=0.3489
  batch 210/264  loss=0.4551
  batch 220/264  loss=0.4632
  batch 230/264  loss=0.3855
  batch 240/264  loss=0.3949
  batch 250/264  loss=0.4370
  batch 260/264  loss=0.3765
Epoch  91/300  train=4.524e-01  rmse=1.8950  lr=1.0e-04  229s
  -> best  monitor=4.524e-01
  batch 10/264  loss=0.5624
  batch 20/264  loss=0.4251
  batch 30/264  loss=0.4027
  batch 40/264  loss=0.4466
  batch 50/264  loss=0.5659
  batch 60/264  loss=0.4835
  batch 70/264  loss=0.4270
  batch 80/264  loss=0.4262
  batch 90/264  loss=0.4363
  batch 100/264  loss=0.3481
  batch 110/264  loss=0.6123
  batch 120/264  loss=0.5696
  batch 130/264  loss=0.4681
  batch 140/264  loss=0.5002
  batch 150/264  loss=0.4085
  batch 160/264  loss=0.3873
  batch 170/264  loss=0.4639
  batch 180/264  loss=0.3890
  batch 190/264  loss=0.3546
  batch 200/264  loss=0.3926
  batch 210/264  loss=0.4657
  batch 220/264  loss=0.4321
  batch 230/264  loss=0.3912
  batch 240/264  loss=0.4918
  batch 250/264  loss=0.3836
  batch 260/264  loss=0.3508
Epoch  92/300  train=4.543e-01  rmse=1.9351  lr=1.0e-04  228s
  batch 10/264  loss=0.4292
  batch 20/264  loss=0.3857
  batch 30/264  loss=0.5172
  batch 40/264  loss=0.4970
  batch 50/264  loss=0.4683
  batch 60/264  loss=0.3444
  batch 70/264  loss=0.3667
  batch 80/264  loss=0.4693
  batch 90/264  loss=0.4182
  batch 100/264  loss=0.7371
  batch 110/264  loss=0.5477
  batch 120/264  loss=0.4001
  batch 130/264  loss=0.3962
  batch 140/264  loss=0.4705
  batch 150/264  loss=0.4526
  batch 160/264  loss=0.4678
  batch 170/264  loss=0.3808
  batch 180/264  loss=0.6218
  batch 190/264  loss=0.4174
  batch 200/264  loss=0.4643
  batch 210/264  loss=0.3002
  batch 220/264  loss=0.3536
  batch 230/264  loss=0.3543
  batch 240/264  loss=0.4124
  batch 250/264  loss=0.6696
  batch 260/264  loss=0.3813
Epoch  93/300  train=4.505e-01  rmse=2.1753  lr=1.0e-04  229s
  -> best  monitor=4.505e-01
  batch 10/264  loss=0.3375
  batch 20/264  loss=0.5482
  batch 30/264  loss=0.4833
  batch 40/264  loss=0.3396
  batch 50/264  loss=0.4182
  batch 60/264  loss=0.4949
  batch 70/264  loss=0.4063
  batch 80/264  loss=0.4423
  batch 90/264  loss=0.3182
  batch 100/264  loss=0.4784
  batch 110/264  loss=0.4790
  batch 120/264  loss=0.4846
  batch 130/264  loss=0.3603
  batch 140/264  loss=0.3396
  batch 150/264  loss=0.3873
  batch 160/264  loss=0.3489
  batch 170/264  loss=0.4404
  batch 180/264  loss=0.3539
  batch 190/264  loss=0.3426
  batch 200/264  loss=0.3389
  batch 210/264  loss=0.4840
  batch 220/264  loss=0.3722
  batch 230/264  loss=0.4321
  batch 240/264  loss=0.4172
  batch 250/264  loss=0.4626
  batch 260/264  loss=0.5184
Epoch  94/300  train=4.533e-01  rmse=1.9398  lr=1.0e-04  231s
  batch 10/264  loss=0.4345
  batch 20/264  loss=0.3701
  batch 30/264  loss=0.4088
  batch 40/264  loss=0.4774
  batch 50/264  loss=0.4286
  batch 60/264  loss=0.3744
  batch 70/264  loss=0.4191
  batch 80/264  loss=0.4057
  batch 90/264  loss=0.3393
  batch 100/264  loss=0.3881
  batch 110/264  loss=0.3681
  batch 120/264  loss=0.4673
  batch 130/264  loss=0.4569
  batch 140/264  loss=0.4941
  batch 150/264  loss=0.5365
  batch 160/264  loss=0.4932
  batch 170/264  loss=0.4142
  batch 180/264  loss=0.4573
  batch 190/264  loss=0.5704
  batch 200/264  loss=0.4414
  batch 210/264  loss=0.3539
  batch 220/264  loss=0.4141
  batch 230/264  loss=0.3851
  batch 240/264  loss=0.3361
  batch 250/264  loss=0.6848
  batch 260/264  loss=0.3605
Epoch  95/300  train=4.520e-01  rmse=2.7807  lr=1.0e-04  231s
  batch 10/264  loss=0.4401
  batch 20/264  loss=0.5047
  batch 30/264  loss=0.3196
  batch 40/264  loss=0.4211
  batch 50/264  loss=0.5207
  batch 60/264  loss=0.3981
  batch 70/264  loss=0.5911
  batch 80/264  loss=0.4268
  batch 90/264  loss=0.3712
  batch 100/264  loss=0.3696
  batch 110/264  loss=0.3458
  batch 120/264  loss=0.4877
  batch 130/264  loss=0.3616
  batch 140/264  loss=0.4935
  batch 150/264  loss=0.7095
  batch 160/264  loss=0.4565
  batch 170/264  loss=0.4833
  batch 180/264  loss=0.5110
  batch 190/264  loss=0.3585
  batch 200/264  loss=0.3916
  batch 210/264  loss=0.3653
  batch 220/264  loss=0.4734
  batch 230/264  loss=0.3921
  batch 240/264  loss=0.4222
  batch 250/264  loss=0.3407
  batch 260/264  loss=0.4225
Epoch  96/300  train=4.447e-01  rmse=2.5374  lr=1.0e-04  230s
  -> best  monitor=4.447e-01
  batch 10/264  loss=0.3965
  batch 20/264  loss=0.4053
  batch 30/264  loss=0.3977
  batch 40/264  loss=0.3900
  batch 50/264  loss=0.3725
  batch 60/264  loss=0.3346
  batch 70/264  loss=0.5742
  batch 80/264  loss=0.4781
  batch 90/264  loss=0.3341
  batch 100/264  loss=0.5386
  batch 110/264  loss=0.6650
  batch 120/264  loss=0.3691
  batch 130/264  loss=0.4749
  batch 140/264  loss=0.4850
  batch 150/264  loss=0.6358
  batch 160/264  loss=0.3570
  batch 170/264  loss=0.3486
  batch 180/264  loss=0.3668
  batch 190/264  loss=0.7048
  batch 200/264  loss=0.3982
  batch 210/264  loss=0.4169
  batch 220/264  loss=0.7934
  batch 230/264  loss=0.8124
  batch 240/264  loss=0.3362
  batch 250/264  loss=0.4452
  batch 260/264  loss=0.4364
Epoch  97/300  train=4.485e-01  rmse=1.9178  lr=1.0e-04  230s
  batch 10/264  loss=0.3735
  batch 20/264  loss=0.5642
  batch 30/264  loss=0.4969
  batch 40/264  loss=0.3464
  batch 50/264  loss=0.3741
  batch 60/264  loss=0.4279
  batch 70/264  loss=0.3756
  batch 80/264  loss=0.4574
  batch 90/264  loss=0.4034
  batch 100/264  loss=0.3370
  batch 110/264  loss=0.4551
  batch 120/264  loss=0.4197
  batch 130/264  loss=0.4342
  batch 140/264  loss=0.6076
  batch 150/264  loss=0.5878
  batch 160/264  loss=0.6177
  batch 170/264  loss=0.3310
  batch 180/264  loss=0.9211
  batch 190/264  loss=0.3368
  batch 200/264  loss=0.4001
  batch 210/264  loss=0.4396
  batch 220/264  loss=0.4004
  batch 230/264  loss=0.4005
  batch 240/264  loss=0.2992
  batch 250/264  loss=0.4336
  batch 260/264  loss=0.4117
Epoch  98/300  train=4.446e-01  rmse=1.9244  lr=1.0e-04  229s
  -> best  monitor=4.446e-01
  batch 10/264  loss=0.3361
  batch 20/264  loss=0.3575
  batch 30/264  loss=0.4706
  batch 40/264  loss=0.4034
  batch 50/264  loss=0.4549
  batch 60/264  loss=0.3773
  batch 70/264  loss=0.5547
  batch 80/264  loss=0.3862
  batch 90/264  loss=0.4303
  batch 100/264  loss=0.4073
  batch 110/264  loss=0.4362
  batch 120/264  loss=0.4083
  batch 130/264  loss=0.3453
  batch 140/264  loss=0.4980
  batch 150/264  loss=0.3338
  batch 160/264  loss=0.3514
  batch 170/264  loss=0.3576
  batch 180/264  loss=0.3620
  batch 190/264  loss=0.4181
  batch 200/264  loss=0.5371
  batch 210/264  loss=0.3582
  batch 220/264  loss=0.3487
  batch 230/264  loss=0.3450
  batch 240/264  loss=0.5196
  batch 250/264  loss=0.8180
  batch 260/264  loss=0.4204
Epoch  99/300  train=4.476e-01  rmse=1.9743  lr=1.0e-04  229s
  batch 10/264  loss=0.3729
  batch 20/264  loss=0.4007
  batch 30/264  loss=0.4222
  batch 40/264  loss=0.4472
  batch 50/264  loss=0.4076
  batch 60/264  loss=0.3129
  batch 70/264  loss=0.5772
  batch 80/264  loss=0.4438
  batch 90/264  loss=0.4369
  batch 100/264  loss=0.6317
  batch 110/264  loss=0.4245
  batch 120/264  loss=0.7232
  batch 130/264  loss=0.4324
  batch 140/264  loss=0.4400
  batch 150/264  loss=0.3914
  batch 160/264  loss=0.4497
  batch 170/264  loss=0.4786
  batch 180/264  loss=0.3483
  batch 190/264  loss=0.3221
  batch 200/264  loss=0.4270
  batch 210/264  loss=0.3878
  batch 220/264  loss=0.4080
  batch 230/264  loss=0.3950
  batch 240/264  loss=0.3214
  batch 250/264  loss=0.3889
  batch 260/264  loss=0.5212
Epoch 100/300  train=4.437e-01  rmse=1.9502  lr=1.0e-04  231s
  -> best  monitor=4.437e-01
  batch 10/264  loss=0.6498
  batch 20/264  loss=0.3575
  batch 30/264  loss=0.3344
  batch 40/264  loss=0.4694
  batch 50/264  loss=0.2882
  batch 60/264  loss=0.3519
  batch 70/264  loss=0.3786
  batch 80/264  loss=0.3727
  batch 90/264  loss=0.3675
  batch 100/264  loss=0.4381
  batch 110/264  loss=0.3399
  batch 120/264  loss=0.4413
  batch 130/264  loss=0.3953
  batch 140/264  loss=0.5310
  batch 150/264  loss=0.3668
  batch 160/264  loss=0.3293
  batch 170/264  loss=0.3256
  batch 180/264  loss=0.5806
  batch 190/264  loss=0.4764
  batch 200/264  loss=0.3685
  batch 210/264  loss=0.5555
  batch 220/264  loss=0.5157
  batch 230/264  loss=0.4788
  batch 240/264  loss=0.5406
  batch 250/264  loss=0.3958
  batch 260/264  loss=0.3506
Epoch 101/300  train=4.401e-01  rmse=1.9275  lr=1.0e-04  228s
  -> best  monitor=4.401e-01
  batch 10/264  loss=0.4422
  batch 20/264  loss=0.3582
  batch 30/264  loss=0.4646
  batch 40/264  loss=0.3916
  batch 50/264  loss=0.5188
  batch 60/264  loss=0.7574
  batch 70/264  loss=0.5933
  batch 80/264  loss=0.3932
  batch 90/264  loss=0.3725
  batch 100/264  loss=0.4057
  batch 110/264  loss=0.3802
  batch 120/264  loss=0.3789
  batch 130/264  loss=0.4064
  batch 140/264  loss=0.3721
  batch 150/264  loss=0.5076
  batch 160/264  loss=0.5051
  batch 170/264  loss=0.3495
  batch 180/264  loss=0.6762
  batch 190/264  loss=0.6378
  batch 200/264  loss=0.3468
  batch 210/264  loss=0.5393
  batch 220/264  loss=0.3347
  batch 230/264  loss=0.4460
  batch 240/264  loss=0.4729
  batch 250/264  loss=0.4228
  batch 260/264  loss=0.3925
Epoch 102/300  train=4.426e-01  rmse=1.8238  lr=1.0e-04  229s
  batch 10/264  loss=0.3487
  batch 20/264  loss=0.3413
  batch 30/264  loss=0.3787
  batch 40/264  loss=0.3865
  batch 50/264  loss=0.3186
  batch 60/264  loss=0.5012
  batch 70/264  loss=0.4449
  batch 80/264  loss=0.3934
  batch 90/264  loss=0.3486
  batch 100/264  loss=0.4265
  batch 110/264  loss=0.3933
  batch 120/264  loss=0.5235
  batch 130/264  loss=0.3399
  batch 140/264  loss=0.3422
  batch 150/264  loss=0.4306
  batch 160/264  loss=0.3292
  batch 170/264  loss=0.5732
  batch 180/264  loss=0.4465
  batch 190/264  loss=0.5800
  batch 200/264  loss=0.4633
  batch 210/264  loss=0.3747
  batch 220/264  loss=0.4626
  batch 230/264  loss=0.7912
  batch 240/264  loss=1.1330
  batch 250/264  loss=0.3980
  batch 260/264  loss=0.3652
Epoch 103/300  train=4.439e-01  rmse=1.9147  lr=1.0e-04  230s
  batch 10/264  loss=0.3538
  batch 20/264  loss=0.6761
  batch 30/264  loss=0.4271
  batch 40/264  loss=0.3541
  batch 50/264  loss=0.4359
  batch 60/264  loss=0.3333
  batch 70/264  loss=0.6372
  batch 80/264  loss=0.5585
  batch 90/264  loss=0.6193
  batch 100/264  loss=0.3358
  batch 110/264  loss=0.7123
  batch 120/264  loss=0.8823
  batch 130/264  loss=0.4100
  batch 140/264  loss=0.9948
  batch 150/264  loss=0.3709
  batch 160/264  loss=0.3724
  batch 170/264  loss=0.4968
  batch 180/264  loss=0.5511
  batch 190/264  loss=0.3198
  batch 200/264  loss=0.4083
  batch 210/264  loss=0.4572
  batch 220/264  loss=0.3534
  batch 230/264  loss=0.3327
  batch 240/264  loss=0.4274
  batch 250/264  loss=0.6466
  batch 260/264  loss=0.4286
Epoch 104/300  train=4.390e-01  rmse=1.8415  lr=1.0e-04  229s
  -> best  monitor=4.390e-01
  batch 10/264  loss=0.3424
  batch 20/264  loss=0.4608
  batch 30/264  loss=0.5508
  batch 40/264  loss=0.4067
  batch 50/264  loss=0.4131
  batch 60/264  loss=0.3803
  batch 70/264  loss=0.3476
  batch 80/264  loss=0.7034
  batch 90/264  loss=0.7189
  batch 100/264  loss=0.4996
  batch 110/264  loss=0.5987
  batch 120/264  loss=0.3748
  batch 130/264  loss=0.4025
  batch 140/264  loss=0.5163
  batch 150/264  loss=0.3988
  batch 160/264  loss=0.4614
  batch 170/264  loss=0.5203
  batch 180/264  loss=0.3088
  batch 190/264  loss=0.4609
  batch 200/264  loss=0.6499
  batch 210/264  loss=0.4290
  batch 220/264  loss=0.5880
  batch 230/264  loss=0.3318
  batch 240/264  loss=0.3489
  batch 250/264  loss=0.3748
  batch 260/264  loss=0.3889
Epoch 105/300  train=4.441e-01  rmse=2.0688  lr=1.0e-04  230s
  batch 10/264  loss=0.4020
  batch 20/264  loss=0.4249
  batch 30/264  loss=0.4192
  batch 40/264  loss=0.6502
  batch 50/264  loss=0.3963
  batch 60/264  loss=0.3207
  batch 70/264  loss=0.4954
  batch 80/264  loss=0.3709
  batch 90/264  loss=0.4075
  batch 100/264  loss=0.4858
  batch 110/264  loss=0.4136
  batch 120/264  loss=0.4232
  batch 130/264  loss=0.3285
  batch 140/264  loss=0.6084
  batch 150/264  loss=0.4497
  batch 160/264  loss=0.3585
  batch 170/264  loss=0.4968
  batch 180/264  loss=0.3367
  batch 190/264  loss=0.3390
  batch 200/264  loss=0.6084
  batch 210/264  loss=0.4031
  batch 220/264  loss=0.4687
  batch 230/264  loss=0.3198
  batch 240/264  loss=0.3976
  batch 250/264  loss=0.3629
  batch 260/264  loss=0.3827
Epoch 106/300  train=4.395e-01  rmse=1.8512  lr=1.0e-04  231s
  batch 10/264  loss=0.4920
  batch 20/264  loss=0.5052
  batch 30/264  loss=0.4078
  batch 40/264  loss=0.4304
  batch 50/264  loss=0.3857
  batch 60/264  loss=0.4486
  batch 70/264  loss=0.4562
  batch 80/264  loss=0.6124
  batch 90/264  loss=0.3229
  batch 100/264  loss=0.3585
  batch 110/264  loss=0.3875
  batch 120/264  loss=0.3758
  batch 130/264  loss=0.3291
  batch 140/264  loss=0.3479
  batch 150/264  loss=0.3873
  batch 160/264  loss=0.5991
  batch 170/264  loss=0.3659
  batch 180/264  loss=0.4366
  batch 190/264  loss=0.6224
  batch 200/264  loss=0.4965
  batch 210/264  loss=0.4234
  batch 220/264  loss=0.5736
  batch 230/264  loss=0.4222
  batch 240/264  loss=0.3455
  batch 250/264  loss=0.4886
  batch 260/264  loss=0.6120
Epoch 107/300  train=4.362e-01  rmse=1.8064  lr=1.0e-04  231s
  -> best  monitor=4.362e-01
  batch 10/264  loss=0.4595
  batch 20/264  loss=0.4339
  batch 30/264  loss=0.4239
  batch 40/264  loss=0.5150
  batch 50/264  loss=0.3763
  batch 60/264  loss=0.4671
  batch 70/264  loss=0.4298
  batch 80/264  loss=0.3865
  batch 90/264  loss=0.3949
  batch 100/264  loss=0.4924
  batch 110/264  loss=0.3707
  batch 120/264  loss=0.4075
  batch 130/264  loss=0.4705
  batch 140/264  loss=0.3985
  batch 150/264  loss=0.3604
  batch 160/264  loss=0.5491
  batch 170/264  loss=0.4540
  batch 180/264  loss=0.3953
  batch 190/264  loss=0.3715
  batch 200/264  loss=0.3626
  batch 210/264  loss=0.3861
  batch 220/264  loss=0.5253
  batch 230/264  loss=0.4497
  batch 240/264  loss=0.4153
  batch 250/264  loss=0.3698
  batch 260/264  loss=0.5268
Epoch 108/300  train=4.382e-01  rmse=1.8122  lr=1.0e-04  231s
  batch 10/264  loss=0.3531
  batch 20/264  loss=0.4595
  batch 30/264  loss=0.3717
  batch 40/264  loss=0.3628
  batch 50/264  loss=0.5984
  batch 60/264  loss=0.4447
  batch 70/264  loss=0.3982
  batch 80/264  loss=0.3261
  batch 90/264  loss=0.4007
  batch 100/264  loss=0.3750
  batch 110/264  loss=0.3839
  batch 120/264  loss=0.3577
  batch 130/264  loss=0.4283
  batch 140/264  loss=0.3592
  batch 150/264  loss=0.4026
  batch 160/264  loss=0.3967
  batch 170/264  loss=0.3728
  batch 180/264  loss=0.3403
  batch 190/264  loss=0.5470
  batch 200/264  loss=0.4480
  batch 210/264  loss=0.3665
  batch 220/264  loss=0.6130
  batch 230/264  loss=0.3168
  batch 240/264  loss=0.3643
  batch 250/264  loss=0.4943
  batch 260/264  loss=0.2847
Epoch 109/300  train=4.353e-01  rmse=1.9031  lr=1.0e-04  230s
  -> best  monitor=4.353e-01
  batch 10/264  loss=0.4458
  batch 20/264  loss=0.4024
  batch 30/264  loss=0.4746
  batch 40/264  loss=0.3994
  batch 50/264  loss=0.3890
  batch 60/264  loss=0.3881
  batch 70/264  loss=0.3703
  batch 80/264  loss=0.4804
  batch 90/264  loss=0.4790
  batch 100/264  loss=0.3591
  batch 110/264  loss=0.3371
  batch 120/264  loss=0.4018
  batch 130/264  loss=0.7760
  batch 140/264  loss=0.4503
  batch 150/264  loss=0.4064
  batch 160/264  loss=0.4173
  batch 170/264  loss=0.5347
  batch 180/264  loss=0.3581
  batch 190/264  loss=0.3211
  batch 200/264  loss=0.4732
  batch 210/264  loss=0.3724
  batch 220/264  loss=0.4534
  batch 230/264  loss=0.5627
  batch 240/264  loss=0.4611
  batch 250/264  loss=0.3819
  batch 260/264  loss=0.3848
Epoch 110/300  train=4.376e-01  rmse=2.3354  lr=1.0e-04  228s
  batch 10/264  loss=0.4558
  batch 20/264  loss=0.6754
  batch 30/264  loss=0.5408
  batch 40/264  loss=0.3593
  batch 50/264  loss=0.4186
  batch 60/264  loss=0.3823
  batch 70/264  loss=0.3699
  batch 80/264  loss=0.3690
  batch 90/264  loss=0.6744
  batch 100/264  loss=0.4214
  batch 110/264  loss=0.3506
  batch 120/264  loss=0.3944
  batch 130/264  loss=0.5807
  batch 140/264  loss=0.3849
  batch 150/264  loss=0.3878
  batch 160/264  loss=0.4158
  batch 170/264  loss=0.4449
  batch 180/264  loss=0.6453
  batch 190/264  loss=0.5113
  batch 200/264  loss=0.5803
  batch 210/264  loss=0.3792
  batch 220/264  loss=0.3866
  batch 230/264  loss=0.7700
  batch 240/264  loss=0.5946
  batch 250/264  loss=0.5104
  batch 260/264  loss=0.5182
Epoch 111/300  train=4.376e-01  rmse=2.1540  lr=1.0e-04  229s
  batch 10/264  loss=0.3554
  batch 20/264  loss=0.3484
  batch 30/264  loss=0.4486
  batch 40/264  loss=0.3368
  batch 50/264  loss=0.4018
  batch 60/264  loss=0.5194
  batch 70/264  loss=0.4219
  batch 80/264  loss=0.4265
  batch 90/264  loss=0.4490
  batch 100/264  loss=0.5706
  batch 110/264  loss=0.4356
  batch 120/264  loss=0.3596
  batch 130/264  loss=0.4462
  batch 140/264  loss=0.4213
  batch 150/264  loss=0.4801
  batch 160/264  loss=0.3044
  batch 170/264  loss=0.3732
  batch 180/264  loss=0.3118
  batch 190/264  loss=0.4161
  batch 200/264  loss=0.5777
  batch 210/264  loss=0.3221
  batch 220/264  loss=0.5919
  batch 230/264  loss=0.3825
  batch 240/264  loss=0.4883
  batch 250/264  loss=0.3103
  batch 260/264  loss=0.3473
Epoch 112/300  train=4.333e-01  rmse=1.9604  lr=1.0e-04  230s
  -> best  monitor=4.333e-01
  batch 10/264  loss=0.3920
  batch 20/264  loss=0.3302
  batch 30/264  loss=0.4224
  batch 40/264  loss=0.5515
  batch 50/264  loss=0.4403
  batch 60/264  loss=0.3905
  batch 70/264  loss=0.3240
  batch 80/264  loss=0.4614
  batch 90/264  loss=0.4697
  batch 100/264  loss=0.4865
  batch 110/264  loss=0.6098
  batch 120/264  loss=1.0954
  batch 130/264  loss=0.9329
  batch 140/264  loss=0.5254
  batch 150/264  loss=0.3905
  batch 160/264  loss=0.3108
  batch 170/264  loss=0.6086
  batch 180/264  loss=0.3522
  batch 190/264  loss=0.3463
  batch 200/264  loss=0.3790
  batch 210/264  loss=0.3408
  batch 220/264  loss=0.3555
  batch 230/264  loss=0.5649
  batch 240/264  loss=0.3155
  batch 250/264  loss=0.5060
  batch 260/264  loss=0.3555
Epoch 113/300  train=4.376e-01  rmse=2.2730  lr=1.0e-04  230s
  batch 10/264  loss=0.3749
  batch 20/264  loss=0.3344
  batch 30/264  loss=0.7583
  batch 40/264  loss=0.3347
  batch 50/264  loss=0.3949
  batch 60/264  loss=0.5871
  batch 70/264  loss=0.3614
  batch 80/264  loss=0.5058
  batch 90/264  loss=0.4012
  batch 100/264  loss=0.4500
  batch 110/264  loss=0.4552
  batch 120/264  loss=0.5164
  batch 130/264  loss=0.3964
  batch 140/264  loss=0.4156
  batch 150/264  loss=0.6552
  batch 160/264  loss=0.6677
  batch 170/264  loss=0.4526
  batch 180/264  loss=0.3330
  batch 190/264  loss=0.3767
  batch 200/264  loss=0.5409
  batch 210/264  loss=0.4475
  batch 220/264  loss=0.3592
  batch 230/264  loss=0.3715
  batch 240/264  loss=0.3424
  batch 250/264  loss=0.3434
  batch 260/264  loss=0.3330
Epoch 114/300  train=4.357e-01  rmse=1.9850  lr=1.0e-04  230s
  batch 10/264  loss=0.3441
  batch 20/264  loss=0.3461
  batch 30/264  loss=0.5050
  batch 40/264  loss=0.3633
  batch 50/264  loss=0.3372
  batch 60/264  loss=0.3557
  batch 70/264  loss=0.4550
  batch 80/264  loss=0.6910
  batch 90/264  loss=0.4372
  batch 100/264  loss=0.4617
  batch 110/264  loss=0.3775
  batch 120/264  loss=0.3574
  batch 130/264  loss=0.4226
  batch 140/264  loss=0.3791
  batch 150/264  loss=0.5505
  batch 160/264  loss=0.3520
  batch 170/264  loss=0.3749
  batch 180/264  loss=0.4505
  batch 190/264  loss=0.4107
  batch 200/264  loss=0.5244
  batch 210/264  loss=0.3538
  batch 220/264  loss=0.3613
  batch 230/264  loss=0.3324
  batch 240/264  loss=0.3666
  batch 250/264  loss=0.5101
  batch 260/264  loss=0.3436
Epoch 115/300  train=4.338e-01  rmse=1.8368  lr=1.0e-04  229s
  batch 10/264  loss=0.4197
  batch 20/264  loss=0.6938
  batch 30/264  loss=0.5927
  batch 40/264  loss=0.4429
  batch 50/264  loss=0.3798
  batch 60/264  loss=0.5332
  batch 70/264  loss=0.4186
  batch 80/264  loss=0.3310
  batch 90/264  loss=0.9201
  batch 100/264  loss=0.5333
  batch 110/264  loss=0.4245
  batch 120/264  loss=0.3531
  batch 130/264  loss=0.5089
  batch 140/264  loss=0.5318
  batch 150/264  loss=0.3994
  batch 160/264  loss=0.4551
  batch 170/264  loss=0.4165
  batch 180/264  loss=0.3610
  batch 190/264  loss=0.3481
  batch 200/264  loss=0.3385
  batch 210/264  loss=0.6133
  batch 220/264  loss=0.7431
  batch 230/264  loss=0.5230
  batch 240/264  loss=0.3710
  batch 250/264  loss=0.3677
  batch 260/264  loss=0.4119
Epoch 116/300  train=4.339e-01  rmse=2.6918  lr=1.0e-04  229s
  batch 10/264  loss=0.4462
  batch 20/264  loss=0.3919
  batch 30/264  loss=0.3133
  batch 40/264  loss=0.3450
  batch 50/264  loss=0.5440
  batch 60/264  loss=0.4172
  batch 70/264  loss=0.3475
  batch 80/264  loss=0.3280
  batch 90/264  loss=0.4327
  batch 100/264  loss=0.4043
  batch 110/264  loss=0.4536
  batch 120/264  loss=0.5067
  batch 130/264  loss=0.3820
  batch 140/264  loss=0.3584
  batch 150/264  loss=0.4095
  batch 160/264  loss=0.3703
  batch 170/264  loss=0.3300
  batch 180/264  loss=0.3776
  batch 190/264  loss=0.4526
  batch 200/264  loss=0.3706
  batch 210/264  loss=0.5579
  batch 220/264  loss=0.4712
  batch 230/264  loss=0.6507
  batch 240/264  loss=0.4228
  batch 250/264  loss=0.3936
  batch 260/264  loss=0.3926
Epoch 117/300  train=4.300e-01  rmse=3.3803  lr=1.0e-04  230s
  -> best  monitor=4.300e-01
  batch 10/264  loss=0.4591
  batch 20/264  loss=0.3559
  batch 30/264  loss=0.8193
  batch 40/264  loss=0.6251
  batch 50/264  loss=0.3771
  batch 60/264  loss=0.5121
  batch 70/264  loss=0.5015
  batch 80/264  loss=0.3549
  batch 90/264  loss=0.5089
  batch 100/264  loss=0.3654
  batch 110/264  loss=0.4659
  batch 120/264  loss=0.3248
  batch 130/264  loss=0.4418
  batch 140/264  loss=0.4036
  batch 150/264  loss=0.4047
  batch 160/264  loss=0.3430
  batch 170/264  loss=0.4251
  batch 180/264  loss=0.3863
  batch 190/264  loss=0.7007
  batch 200/264  loss=0.3382
  batch 210/264  loss=0.4241
  batch 220/264  loss=0.3152
  batch 230/264  loss=0.5311
  batch 240/264  loss=0.4447
  batch 250/264  loss=0.3332
  batch 260/264  loss=0.4279
Epoch 118/300  train=4.309e-01  rmse=1.8299  lr=1.0e-04  231s
  batch 10/264  loss=0.5171
  batch 20/264  loss=0.3661
  batch 30/264  loss=0.3294
  batch 40/264  loss=0.4792
  batch 50/264  loss=0.5275
  batch 60/264  loss=0.4120
  batch 70/264  loss=0.4666
  batch 80/264  loss=0.4630
  batch 90/264  loss=0.4901
  batch 100/264  loss=0.4863
  batch 110/264  loss=0.3297
  batch 120/264  loss=0.5284
  batch 130/264  loss=0.4050
  batch 140/264  loss=0.3499
  batch 150/264  loss=0.6342
  batch 160/264  loss=0.4373
  batch 170/264  loss=0.3083
  batch 180/264  loss=0.3476
  batch 190/264  loss=0.3741
  batch 200/264  loss=0.3297
  batch 210/264  loss=0.3538
  batch 220/264  loss=0.4132
  batch 230/264  loss=0.3974
  batch 240/264  loss=0.5196
  batch 250/264  loss=0.4302
  batch 260/264  loss=0.6024
Epoch 119/300  train=4.259e-01  rmse=1.8672  lr=1.0e-04  230s
  -> best  monitor=4.259e-01
  batch 10/264  loss=0.3151
  batch 20/264  loss=0.4671
  batch 30/264  loss=0.3413
  batch 40/264  loss=0.3397
  batch 50/264  loss=0.3864
  batch 60/264  loss=0.3668
  batch 70/264  loss=0.4174
  batch 80/264  loss=0.3971
  batch 90/264  loss=0.3341
  batch 100/264  loss=0.3561
  batch 110/264  loss=0.6493
  batch 120/264  loss=0.4007
  batch 130/264  loss=0.3996
  batch 140/264  loss=0.7070
  batch 150/264  loss=0.4555
  batch 160/264  loss=0.3911
  batch 170/264  loss=0.6167
  batch 180/264  loss=0.6038
  batch 190/264  loss=0.5945
  batch 200/264  loss=0.4418
  batch 210/264  loss=0.4308
  batch 220/264  loss=0.3585
  batch 230/264  loss=0.3724
  batch 240/264  loss=0.4105
  batch 250/264  loss=0.3723
  batch 260/264  loss=0.3923
Epoch 120/300  train=4.248e-01  rmse=4.2892  lr=1.0e-04  231s
  -> best  monitor=4.248e-01
  batch 10/264  loss=0.3618
  batch 20/264  loss=0.4789
  batch 30/264  loss=0.3458
  batch 40/264  loss=0.3769
  batch 50/264  loss=0.3614
  batch 60/264  loss=0.5079
  batch 70/264  loss=0.4369
  batch 80/264  loss=0.3210
  batch 90/264  loss=0.6283
  batch 100/264  loss=0.4197
  batch 110/264  loss=0.3603
  batch 120/264  loss=0.3846
  batch 130/264  loss=0.3699
  batch 140/264  loss=0.5980
  batch 150/264  loss=0.3594
  batch 160/264  loss=0.5108
  batch 170/264  loss=0.5668
  batch 180/264  loss=0.4308
  batch 190/264  loss=0.5695
  batch 200/264  loss=0.5950
  batch 210/264  loss=0.3618
  batch 220/264  loss=0.4559
  batch 230/264  loss=0.3973
  batch 240/264  loss=0.4115
  batch 250/264  loss=0.3603
  batch 260/264  loss=0.3291
Epoch 121/300  train=4.283e-01  rmse=1.8700  lr=1.0e-04  230s
  batch 10/264  loss=0.3562
  batch 20/264  loss=0.4137
  batch 30/264  loss=0.3651
  batch 40/264  loss=0.3886
  batch 50/264  loss=0.4117
  batch 60/264  loss=0.4432
  batch 70/264  loss=0.3071
  batch 80/264  loss=0.4379
  batch 90/264  loss=0.3404
  batch 100/264  loss=0.3988
  batch 110/264  loss=0.5385
  batch 120/264  loss=0.3444
  batch 130/264  loss=0.4247
  batch 140/264  loss=0.4048
  batch 150/264  loss=0.3273
  batch 160/264  loss=0.4405
  batch 170/264  loss=0.5208
  batch 180/264  loss=0.7344
  batch 190/264  loss=0.7199
  batch 200/264  loss=0.4043
  batch 210/264  loss=0.3702
  batch 220/264  loss=0.5168
  batch 230/264  loss=0.4955
  batch 240/264  loss=0.5089
  batch 250/264  loss=0.5506
  batch 260/264  loss=0.3911
Epoch 122/300  train=4.230e-01  rmse=2.0148  lr=1.0e-04  230s
  -> best  monitor=4.230e-01
  batch 10/264  loss=0.3842
  batch 20/264  loss=0.3887
  batch 30/264  loss=0.3566
  batch 40/264  loss=0.3246
  batch 50/264  loss=0.3734
  batch 60/264  loss=0.3481
  batch 70/264  loss=0.3750
  batch 80/264  loss=0.3866
  batch 90/264  loss=0.4486
  batch 100/264  loss=0.3229
  batch 110/264  loss=0.6283
  batch 120/264  loss=0.3979
  batch 130/264  loss=0.3385
  batch 140/264  loss=0.5175
  batch 150/264  loss=0.4099
  batch 160/264  loss=0.3414
  batch 170/264  loss=0.4765
  batch 180/264  loss=0.3279
  batch 190/264  loss=0.7850
  batch 200/264  loss=0.4464
  batch 210/264  loss=0.6022
  batch 220/264  loss=0.3570
  batch 230/264  loss=0.3820
  batch 240/264  loss=0.5246
  batch 250/264  loss=0.6168
  batch 260/264  loss=0.3331
Epoch 123/300  train=4.217e-01  rmse=2.1272  lr=1.0e-04  230s
  -> best  monitor=4.217e-01
  batch 10/264  loss=0.4318
  batch 20/264  loss=0.5306
  batch 30/264  loss=0.3477
  batch 40/264  loss=0.3343
  batch 50/264  loss=0.4705
  batch 60/264  loss=0.3023
  batch 70/264  loss=0.4827
  batch 80/264  loss=0.5837
  batch 90/264  loss=0.3893
  batch 100/264  loss=0.4166
  batch 110/264  loss=0.3901
  batch 120/264  loss=0.3546
  batch 130/264  loss=0.3592
  batch 140/264  loss=0.4090
  batch 150/264  loss=0.3954
  batch 160/264  loss=0.4272
  batch 170/264  loss=0.3949
  batch 180/264  loss=0.3278
  batch 190/264  loss=0.3589
  batch 200/264  loss=0.5913
  batch 210/264  loss=0.3808
  batch 220/264  loss=0.3235
  batch 230/264  loss=0.4450
  batch 240/264  loss=0.4946
  batch 250/264  loss=0.2927
  batch 260/264  loss=0.3596
Epoch 124/300  train=4.260e-01  rmse=1.8496  lr=1.0e-04  229s
  batch 10/264  loss=0.3737
  batch 20/264  loss=0.3141
  batch 30/264  loss=0.3958
  batch 40/264  loss=0.4568
  batch 50/264  loss=0.5190
  batch 60/264  loss=0.3565
  batch 70/264  loss=0.5032
  batch 80/264  loss=0.4140
  batch 90/264  loss=0.6043
  batch 100/264  loss=0.3217
  batch 110/264  loss=0.3760
  batch 120/264  loss=0.3695
  batch 130/264  loss=0.6126
  batch 140/264  loss=0.5247
  batch 150/264  loss=0.4774
  batch 160/264  loss=0.4278
  batch 170/264  loss=0.3870
  batch 180/264  loss=0.3887
  batch 190/264  loss=0.3624
  batch 200/264  loss=0.7022
  batch 210/264  loss=0.5168
  batch 220/264  loss=0.3035
  batch 230/264  loss=0.3886
  batch 240/264  loss=0.5683
  batch 250/264  loss=0.5143
  batch 260/264  loss=0.3434
Epoch 125/300  train=4.289e-01  rmse=2.1592  lr=1.0e-04  228s
  batch 10/264  loss=0.3460
  batch 20/264  loss=0.2808
  batch 30/264  loss=0.4017
  batch 40/264  loss=0.4753
  batch 50/264  loss=0.7286
  batch 60/264  loss=0.4103
  batch 70/264  loss=0.3628
  batch 80/264  loss=0.5424
  batch 90/264  loss=0.3199
  batch 100/264  loss=0.3516
  batch 110/264  loss=0.4399
  batch 120/264  loss=0.5200
  batch 130/264  loss=0.4192
  batch 140/264  loss=0.4165
  batch 150/264  loss=0.3713
  batch 160/264  loss=0.6792
  batch 170/264  loss=0.3628
  batch 180/264  loss=0.3855
  batch 190/264  loss=0.4342
  batch 200/264  loss=0.4771
  batch 210/264  loss=0.3953
  batch 220/264  loss=0.3832
  batch 230/264  loss=0.5398
  batch 240/264  loss=0.4909
  batch 250/264  loss=0.3349
  batch 260/264  loss=0.5697
Epoch 126/300  train=4.270e-01  rmse=2.3889  lr=1.0e-04  230s
  batch 10/264  loss=0.6583
  batch 20/264  loss=0.3521
  batch 30/264  loss=0.4125
  batch 40/264  loss=0.3522
  batch 50/264  loss=0.4335
  batch 60/264  loss=0.4217
  batch 70/264  loss=0.3029
  batch 80/264  loss=0.5816
  batch 90/264  loss=0.4423
  batch 100/264  loss=0.4133
  batch 110/264  loss=0.2889
  batch 120/264  loss=0.3559
  batch 130/264  loss=0.6592
  batch 140/264  loss=0.4215
  batch 150/264  loss=0.4311
  batch 160/264  loss=0.4404
  batch 170/264  loss=0.4172
  batch 180/264  loss=0.4139
  batch 190/264  loss=0.3604
  batch 200/264  loss=0.3136
  batch 210/264  loss=0.4617
  batch 220/264  loss=0.4306
  batch 230/264  loss=0.6458
  batch 240/264  loss=0.3899
  batch 250/264  loss=0.5629
  batch 260/264  loss=0.3792
Epoch 127/300  train=4.273e-01  rmse=1.8329  lr=1.0e-04  230s
  batch 10/264  loss=0.3165
  batch 20/264  loss=0.4321
  batch 30/264  loss=0.2658
  batch 40/264  loss=0.4388
  batch 50/264  loss=0.3062
  batch 60/264  loss=0.4347
  batch 70/264  loss=0.5310
  batch 80/264  loss=0.3156
  batch 90/264  loss=0.4483
  batch 100/264  loss=0.5777
  batch 110/264  loss=0.6809
  batch 120/264  loss=0.3427
  batch 130/264  loss=0.4034
  batch 140/264  loss=0.8598
  batch 150/264  loss=0.3273
  batch 160/264  loss=0.3439
  batch 170/264  loss=0.4778
  batch 180/264  loss=0.3732
  batch 190/264  loss=0.3311
  batch 200/264  loss=0.3988
  batch 210/264  loss=0.3678
  batch 220/264  loss=0.4398
  batch 230/264  loss=0.4497
  batch 240/264  loss=0.3867
  batch 250/264  loss=0.3912
  batch 260/264  loss=0.3476
Epoch 128/300  train=4.248e-01  rmse=1.8075  lr=1.0e-04  230s
  batch 10/264  loss=0.3265
  batch 20/264  loss=0.4085
  batch 30/264  loss=0.3881
  batch 40/264  loss=0.4813
  batch 50/264  loss=0.3803
  batch 60/264  loss=0.3718
  batch 70/264  loss=0.4467
  batch 80/264  loss=0.4828
  batch 90/264  loss=0.6231
  batch 100/264  loss=0.4899
  batch 110/264  loss=0.4627
  batch 120/264  loss=0.4249
  batch 130/264  loss=0.3620
  batch 140/264  loss=0.5524
  batch 150/264  loss=0.3745
  batch 160/264  loss=0.3883
  batch 170/264  loss=0.4050
  batch 180/264  loss=0.2868
  batch 190/264  loss=0.5504
  batch 200/264  loss=0.4271
  batch 210/264  loss=0.4008
  batch 220/264  loss=0.3533
  batch 230/264  loss=0.3175
  batch 240/264  loss=0.3176
  batch 250/264  loss=0.4380
  batch 260/264  loss=0.4675
Epoch 129/300  train=4.229e-01  rmse=2.1216  lr=1.0e-04  230s
  batch 10/264  loss=0.4021
  batch 20/264  loss=0.3681
  batch 30/264  loss=0.3441
  batch 40/264  loss=0.3952
  batch 50/264  loss=0.4768
  batch 60/264  loss=0.3041
  batch 70/264  loss=0.3303
  batch 80/264  loss=0.3820
  batch 90/264  loss=0.3863
  batch 100/264  loss=0.7037
  batch 110/264  loss=0.3816
  batch 120/264  loss=0.3447
  batch 130/264  loss=0.4412
  batch 140/264  loss=0.4232
  batch 150/264  loss=0.3572
  batch 160/264  loss=0.3203
  batch 170/264  loss=0.4104
  batch 180/264  loss=0.3725
  batch 190/264  loss=0.3774
  batch 200/264  loss=0.3504
  batch 210/264  loss=0.4451
  batch 220/264  loss=0.3784
  batch 230/264  loss=0.7770
  batch 240/264  loss=0.4922
  batch 250/264  loss=0.4880
  batch 260/264  loss=0.3558
Epoch 130/300  train=4.183e-01  rmse=2.4734  lr=1.0e-04  230s
  -> best  monitor=4.183e-01
  batch 10/264  loss=0.4146
  batch 20/264  loss=0.3883
  batch 30/264  loss=0.3699
  batch 40/264  loss=0.5169
  batch 50/264  loss=0.4347
  batch 60/264  loss=0.3828
  batch 70/264  loss=0.3408
  batch 80/264  loss=0.3640
  batch 90/264  loss=0.5301
  batch 100/264  loss=0.3892
  batch 110/264  loss=0.3551
  batch 120/264  loss=0.3310
  batch 130/264  loss=0.5170
  batch 140/264  loss=0.4131
  batch 150/264  loss=0.3813
  batch 160/264  loss=0.3148
  batch 170/264  loss=0.3604
  batch 180/264  loss=0.3746
  batch 190/264  loss=0.4797
  batch 200/264  loss=0.4425
  batch 210/264  loss=0.3372
  batch 220/264  loss=0.2997
  batch 230/264  loss=0.3564
  batch 240/264  loss=0.3440
  batch 250/264  loss=0.3226
  batch 260/264  loss=0.4652
Epoch 131/300  train=4.180e-01  rmse=1.8637  lr=1.0e-04  229s
  -> best  monitor=4.180e-01
  batch 10/264  loss=0.3760
  batch 20/264  loss=0.3595
  batch 30/264  loss=0.3306
  batch 40/264  loss=0.5828
  batch 50/264  loss=0.5056
  batch 60/264  loss=0.7646
  batch 70/264  loss=0.4949
  batch 80/264  loss=0.3740
  batch 90/264  loss=0.2816
  batch 100/264  loss=0.7335
  batch 110/264  loss=0.4343
  batch 120/264  loss=0.2716
  batch 130/264  loss=0.3282
  batch 140/264  loss=0.4385
  batch 150/264  loss=0.3287
  batch 160/264  loss=0.3939
  batch 170/264  loss=0.3944
  batch 180/264  loss=0.3550
  batch 190/264  loss=0.3632
  batch 200/264  loss=0.5534
  batch 210/264  loss=0.4177
  batch 220/264  loss=0.4093
  batch 230/264  loss=0.3646
  batch 240/264  loss=0.5911
  batch 250/264  loss=0.3279
  batch 260/264  loss=0.4253
Epoch 132/300  train=4.204e-01  rmse=3.7397  lr=1.0e-04  230s
  batch 10/264  loss=0.3253
  batch 20/264  loss=0.3508
  batch 30/264  loss=0.5744
  batch 40/264  loss=0.4535
  batch 50/264  loss=0.3892
  batch 60/264  loss=0.4283
  batch 70/264  loss=0.4024
  batch 80/264  loss=0.3932
  batch 90/264  loss=0.4190
  batch 100/264  loss=0.3852
  batch 110/264  loss=0.4315
  batch 120/264  loss=0.3994
  batch 130/264  loss=0.3603
  batch 140/264  loss=0.4206
  batch 150/264  loss=0.6070
  batch 160/264  loss=0.3258
  batch 170/264  loss=0.3605
  batch 180/264  loss=0.4047
  batch 190/264  loss=0.4843
  batch 200/264  loss=0.3825
  batch 210/264  loss=0.3216
  batch 220/264  loss=0.3018
  batch 230/264  loss=0.3183
  batch 240/264  loss=0.4137
  batch 250/264  loss=0.4107
  batch 260/264  loss=0.3037
Epoch 133/300  train=4.128e-01  rmse=1.8760  lr=1.0e-04  230s
  -> best  monitor=4.128e-01
  batch 10/264  loss=0.3441
  batch 20/264  loss=0.3691
  batch 30/264  loss=0.3796
  batch 40/264  loss=0.3513
  batch 50/264  loss=0.3172
  batch 60/264  loss=0.3325
  batch 70/264  loss=0.3574
  batch 80/264  loss=0.3342
  batch 90/264  loss=0.3708
  batch 100/264  loss=0.3777
  batch 110/264  loss=0.5284
  batch 120/264  loss=0.5897
  batch 130/264  loss=0.3757
  batch 140/264  loss=0.3572
  batch 150/264  loss=0.4720
  batch 160/264  loss=0.4425
  batch 170/264  loss=0.4022
  batch 180/264  loss=0.5577
  batch 190/264  loss=0.3730
  batch 200/264  loss=0.3962
  batch 210/264  loss=0.3760
  batch 220/264  loss=0.4188
  batch 230/264  loss=0.3399
  batch 240/264  loss=0.4615
  batch 250/264  loss=0.7917
  batch 260/264  loss=0.4119
Epoch 134/300  train=4.194e-01  rmse=1.8306  lr=1.0e-04  229s
  batch 10/264  loss=0.4650
  batch 20/264  loss=0.4394
  batch 30/264  loss=0.3446
  batch 40/264  loss=0.5118
  batch 50/264  loss=0.3132
  batch 60/264  loss=0.4946
  batch 70/264  loss=0.4246
  batch 80/264  loss=0.3457
  batch 90/264  loss=0.4425
  batch 100/264  loss=0.3244
  batch 110/264  loss=0.5393
  batch 120/264  loss=0.3201
  batch 130/264  loss=0.6056
  batch 140/264  loss=0.3542
  batch 150/264  loss=0.5289
  batch 160/264  loss=0.3977
  batch 170/264  loss=0.3532
  batch 180/264  loss=0.7046
  batch 190/264  loss=0.4520
  batch 200/264  loss=0.5208
  batch 210/264  loss=0.3561
  batch 220/264  loss=0.5589
  batch 230/264  loss=0.5154
  batch 240/264  loss=0.4162
  batch 250/264  loss=0.3704
  batch 260/264  loss=0.3515
Epoch 135/300  train=4.201e-01  rmse=1.8452  lr=1.0e-04  228s
  batch 10/264  loss=0.6052
  batch 20/264  loss=0.3155
  batch 30/264  loss=0.4056
  batch 40/264  loss=0.4485
  batch 50/264  loss=0.3467
  batch 60/264  loss=0.3294
  batch 70/264  loss=0.4374
  batch 80/264  loss=0.4441
  batch 90/264  loss=0.6651
  batch 100/264  loss=0.3781
  batch 110/264  loss=0.4507
  batch 120/264  loss=0.4094
  batch 130/264  loss=0.3652
  batch 140/264  loss=0.6316
  batch 150/264  loss=0.3089
  batch 160/264  loss=0.5266
  batch 170/264  loss=0.2988
  batch 180/264  loss=0.3350
  batch 190/264  loss=0.3224
  batch 200/264  loss=0.3723
  batch 210/264  loss=0.4367
  batch 220/264  loss=0.3957
  batch 230/264  loss=0.5114
  batch 240/264  loss=0.4088
  batch 250/264  loss=0.4820
  batch 260/264  loss=0.4535
Epoch 136/300  train=4.208e-01  rmse=1.8287  lr=1.0e-04  229s
  batch 10/264  loss=0.4632
  batch 20/264  loss=0.4286
  batch 30/264  loss=0.3176
  batch 40/264  loss=0.3952
  batch 50/264  loss=0.2993
  batch 60/264  loss=0.4178
  batch 70/264  loss=0.3405
  batch 80/264  loss=0.3850
  batch 90/264  loss=0.3879
  batch 100/264  loss=0.3449
  batch 110/264  loss=0.3955
  batch 120/264  loss=0.5247
  batch 130/264  loss=0.8901
  batch 140/264  loss=0.3532
  batch 150/264  loss=0.5479
  batch 160/264  loss=0.4369
  batch 170/264  loss=0.4897
  batch 180/264  loss=0.4325
  batch 190/264  loss=0.3498
  batch 200/264  loss=0.4709
  batch 210/264  loss=0.3665
  batch 220/264  loss=0.3805
  batch 230/264  loss=0.4221
  batch 240/264  loss=0.3801
  batch 250/264  loss=0.3953
  batch 260/264  loss=0.3083
Epoch 137/300  train=4.154e-01  rmse=1.8415  lr=1.0e-04  228s
  batch 10/264  loss=0.3530
  batch 20/264  loss=0.4532
  batch 30/264  loss=0.5036
  batch 40/264  loss=0.3884
  batch 50/264  loss=0.3773
  batch 60/264  loss=0.4326
  batch 70/264  loss=0.3568
  batch 80/264  loss=0.4151
  batch 90/264  loss=0.3754
  batch 100/264  loss=0.3797
  batch 110/264  loss=0.3751
  batch 120/264  loss=0.3724
  batch 130/264  loss=0.3885
  batch 140/264  loss=0.3327
  batch 150/264  loss=0.3697
  batch 160/264  loss=0.3505
  batch 170/264  loss=0.3488
  batch 180/264  loss=0.6541
  batch 190/264  loss=0.4031
  batch 200/264  loss=0.5613
  batch 210/264  loss=0.4054
  batch 220/264  loss=0.3364
  batch 230/264  loss=0.5770
  batch 240/264  loss=0.3477
  batch 250/264  loss=0.3666
  batch 260/264  loss=0.3995
Epoch 138/300  train=4.150e-01  rmse=1.8620  lr=1.0e-04  229s
  batch 10/264  loss=0.3640
  batch 20/264  loss=0.4053
  batch 30/264  loss=0.3632
  batch 40/264  loss=0.4112
  batch 50/264  loss=0.4418
  batch 60/264  loss=0.3961
  batch 70/264  loss=0.4070
  batch 80/264  loss=0.4356
  batch 90/264  loss=0.5052
  batch 100/264  loss=0.3403
  batch 110/264  loss=0.4315
  batch 120/264  loss=0.3484
  batch 130/264  loss=0.4702
  batch 140/264  loss=0.3422
  batch 150/264  loss=0.5205
  batch 160/264  loss=0.4513
  batch 170/264  loss=0.3576
  batch 180/264  loss=0.3999
  batch 190/264  loss=0.4523
  batch 200/264  loss=0.6696
  batch 210/264  loss=0.3817
  batch 220/264  loss=0.3787
  batch 230/264  loss=0.3801
  batch 240/264  loss=0.3283
  batch 250/264  loss=0.3311
  batch 260/264  loss=0.3687
Epoch 139/300  train=4.182e-01  rmse=1.7722  lr=1.0e-04  230s
  batch 10/264  loss=0.3534
  batch 20/264  loss=0.4056
  batch 30/264  loss=0.4971
  batch 40/264  loss=0.5217
  batch 50/264  loss=0.3838
  batch 60/264  loss=0.3418
  batch 70/264  loss=0.7339
  batch 80/264  loss=0.4604
  batch 90/264  loss=0.4526
  batch 100/264  loss=0.5555
  batch 110/264  loss=0.3800
  batch 120/264  loss=0.3799
  batch 130/264  loss=0.3176
  batch 140/264  loss=0.3776
  batch 150/264  loss=0.5953
  batch 160/264  loss=0.4769
  batch 170/264  loss=0.3226
  batch 180/264  loss=0.6134
  batch 190/264  loss=0.4203
  batch 200/264  loss=0.4909
  batch 210/264  loss=0.5057
  batch 220/264  loss=0.5326
  batch 230/264  loss=0.5144
  batch 240/264  loss=0.3493
  batch 250/264  loss=0.3437
  batch 260/264  loss=0.4615
Epoch 140/300  train=4.131e-01  rmse=1.8808  lr=1.0e-04  228s
  batch 10/264  loss=0.3318
  batch 20/264  loss=0.4127
  batch 30/264  loss=0.4414
  batch 40/264  loss=0.3202
  batch 50/264  loss=0.3419
  batch 60/264  loss=0.3711
  batch 70/264  loss=0.6109
  batch 80/264  loss=0.3224
  batch 90/264  loss=0.3220
  batch 100/264  loss=0.3579
  batch 110/264  loss=0.3412
  batch 120/264  loss=0.4658
  batch 130/264  loss=0.3348
  batch 140/264  loss=0.3204
  batch 150/264  loss=0.3986
  batch 160/264  loss=0.4038
  batch 170/264  loss=0.5958
  batch 180/264  loss=0.6519
  batch 190/264  loss=0.4679
  batch 200/264  loss=0.3764
  batch 210/264  loss=0.4651
  batch 220/264  loss=0.3785
  batch 230/264  loss=0.3271
  batch 240/264  loss=0.4247
  batch 250/264  loss=0.5014
  batch 260/264  loss=0.3184
Epoch 141/300  train=4.098e-01  rmse=1.8185  lr=1.0e-04  226s
  -> best  monitor=4.098e-01
  batch 10/264  loss=0.3654
  batch 20/264  loss=0.4194
  batch 30/264  loss=0.3707
  batch 40/264  loss=0.3614
  batch 50/264  loss=0.3330
  batch 60/264  loss=0.4744
  batch 70/264  loss=0.4755
  batch 80/264  loss=0.4286
  batch 90/264  loss=0.3521
  batch 100/264  loss=0.3634
  batch 110/264  loss=0.3210
  batch 120/264  loss=0.2903
  batch 130/264  loss=0.3158
  batch 140/264  loss=0.5415
  batch 150/264  loss=0.3130
  batch 160/264  loss=0.3772
  batch 170/264  loss=0.3101
  batch 180/264  loss=0.7301
  batch 190/264  loss=0.3599
  batch 200/264  loss=0.3497
  batch 210/264  loss=0.5215
  batch 220/264  loss=0.4333
  batch 230/264  loss=0.3740
  batch 240/264  loss=0.3874
  batch 250/264  loss=0.3458
  batch 260/264  loss=0.5669
Epoch 142/300  train=4.192e-01  rmse=2.4854  lr=1.0e-04  227s
  batch 10/264  loss=0.3521
  batch 20/264  loss=0.5813
  batch 30/264  loss=0.5101
  batch 40/264  loss=0.4110
  batch 50/264  loss=0.3545
  batch 60/264  loss=0.4015
  batch 70/264  loss=0.3542
  batch 80/264  loss=0.5528
  batch 90/264  loss=0.4748
  batch 100/264  loss=0.5057
  batch 110/264  loss=0.4430
  batch 120/264  loss=0.3923
  batch 130/264  loss=0.3483
  batch 140/264  loss=0.3341
  batch 150/264  loss=0.3387
  batch 160/264  loss=0.3652
  batch 170/264  loss=0.4086
  batch 180/264  loss=0.3428
  batch 190/264  loss=0.3307
  batch 200/264  loss=0.3028
  batch 210/264  loss=0.4030
  batch 220/264  loss=0.4375
  batch 230/264  loss=0.3964
  batch 240/264  loss=0.4068
  batch 250/264  loss=0.3178
  batch 260/264  loss=0.9231
Epoch 143/300  train=4.114e-01  rmse=1.7353  lr=1.0e-04  227s
  batch 10/264  loss=0.4213
  batch 20/264  loss=0.3315
  batch 30/264  loss=0.3796
  batch 40/264  loss=0.4345
  batch 50/264  loss=0.3562
  batch 60/264  loss=0.4764
  batch 70/264  loss=0.5601
  batch 80/264  loss=0.3301
  batch 90/264  loss=0.3258
  batch 100/264  loss=0.4694
  batch 110/264  loss=0.3746
  batch 120/264  loss=0.3661
  batch 130/264  loss=0.4105
  batch 140/264  loss=0.4722
  batch 150/264  loss=0.4283
  batch 160/264  loss=0.3428
  batch 170/264  loss=0.2846
  batch 180/264  loss=0.3784
  batch 190/264  loss=0.6797
  batch 200/264  loss=0.3317
  batch 210/264  loss=0.4265
  batch 220/264  loss=0.3447
  batch 230/264  loss=0.4573
  batch 240/264  loss=0.5091
  batch 250/264  loss=0.4531
  batch 260/264  loss=0.4224
Epoch 144/300  train=4.114e-01  rmse=2.0431  lr=1.0e-04  228s
  batch 10/264  loss=0.4695
  batch 20/264  loss=0.5268
  batch 30/264  loss=0.3355
  batch 40/264  loss=0.3366
  batch 50/264  loss=0.3900
  batch 60/264  loss=0.3405
  batch 70/264  loss=0.3167
  batch 80/264  loss=0.5424
  batch 90/264  loss=0.3830
  batch 100/264  loss=0.4419
  batch 110/264  loss=0.4151
  batch 120/264  loss=0.5591
  batch 130/264  loss=0.4177
  batch 140/264  loss=0.4287
  batch 150/264  loss=0.3491
  batch 160/264  loss=0.4752
  batch 170/264  loss=0.4852
  batch 180/264  loss=0.3761
  batch 190/264  loss=0.4847
  batch 200/264  loss=0.3564
  batch 210/264  loss=0.4573
  batch 220/264  loss=0.3483
  batch 230/264  loss=0.4891
  batch 240/264  loss=0.4025
  batch 250/264  loss=0.3425
  batch 260/264  loss=0.5075
Epoch 145/300  train=4.165e-01  rmse=2.0898  lr=1.0e-04  228s
  batch 10/264  loss=0.4179
  batch 20/264  loss=0.4693
  batch 30/264  loss=0.3127
  batch 40/264  loss=0.5351
  batch 50/264  loss=0.3271
  batch 60/264  loss=0.3985
  batch 70/264  loss=0.2984
  batch 80/264  loss=0.3587
  batch 90/264  loss=0.3735
  batch 100/264  loss=0.4187
  batch 110/264  loss=0.4390
  batch 120/264  loss=0.4682
  batch 130/264  loss=0.5782
  batch 140/264  loss=0.3330
  batch 150/264  loss=0.3864
  batch 160/264  loss=0.5237
  batch 170/264  loss=0.3241
  batch 180/264  loss=0.3735
  batch 190/264  loss=0.3513
  batch 200/264  loss=0.3724
  batch 210/264  loss=0.3692
  batch 220/264  loss=0.4145
  batch 230/264  loss=0.4164
  batch 240/264  loss=0.5322
  batch 250/264  loss=0.5499
  batch 260/264  loss=0.4650
Epoch 146/300  train=4.069e-01  rmse=2.0188  lr=1.0e-04  227s
  -> best  monitor=4.069e-01
  batch 10/264  loss=0.4077
  batch 20/264  loss=0.3467
  batch 30/264  loss=0.4384
  batch 40/264  loss=0.3602
  batch 50/264  loss=0.4070
  batch 60/264  loss=0.3582
  batch 70/264  loss=0.5521
  batch 80/264  loss=0.3266
  batch 90/264  loss=0.5656
  batch 100/264  loss=0.4186
  batch 110/264  loss=0.4329
  batch 120/264  loss=0.3377
  batch 130/264  loss=0.4828
  batch 140/264  loss=0.3687
  batch 150/264  loss=0.3342
  batch 160/264  loss=0.3627
  batch 170/264  loss=0.5068
  batch 180/264  loss=0.4831
  batch 190/264  loss=0.2990
  batch 200/264  loss=0.5899
  batch 210/264  loss=0.4000
  batch 220/264  loss=0.3602
  batch 230/264  loss=0.3661
  batch 240/264  loss=0.4786
  batch 250/264  loss=0.4140
  batch 260/264  loss=0.3772
Epoch 147/300  train=4.067e-01  rmse=2.2144  lr=1.0e-04  227s
  -> best  monitor=4.067e-01
  batch 10/264  loss=0.4786
  batch 20/264  loss=0.3392
  batch 30/264  loss=0.2944
  batch 40/264  loss=0.3625
  batch 50/264  loss=0.4162
  batch 60/264  loss=0.3679
  batch 70/264  loss=0.3815
  batch 80/264  loss=0.3685
  batch 90/264  loss=0.4194
  batch 100/264  loss=0.3057
  batch 110/264  loss=0.3978
  batch 120/264  loss=0.3418
  batch 130/264  loss=0.2843
  batch 140/264  loss=0.4099
  batch 150/264  loss=0.3340
  batch 160/264  loss=0.3929
  batch 170/264  loss=0.4521
  batch 180/264  loss=0.4964
  batch 190/264  loss=0.5648
  batch 200/264  loss=0.4544
  batch 210/264  loss=0.4304
  batch 220/264  loss=0.4932
  batch 230/264  loss=0.4857
  batch 240/264  loss=0.3667
  batch 250/264  loss=0.4105
  batch 260/264  loss=0.3395
Epoch 148/300  train=4.123e-01  rmse=2.9590  lr=1.0e-04  228s
  batch 10/264  loss=0.3589
  batch 20/264  loss=0.3261
  batch 30/264  loss=0.3077
  batch 40/264  loss=0.4167
  batch 50/264  loss=0.3911
  batch 60/264  loss=0.4691
  batch 70/264  loss=0.3300
  batch 80/264  loss=0.3334
  batch 90/264  loss=0.3589
  batch 100/264  loss=0.4996
  batch 110/264  loss=0.4710
  batch 120/264  loss=0.5218
  batch 130/264  loss=0.3767
  batch 140/264  loss=0.3159
  batch 150/264  loss=0.5090
  batch 160/264  loss=0.4847
  batch 170/264  loss=0.3753
  batch 180/264  loss=0.4694
  batch 190/264  loss=0.3197
  batch 200/264  loss=0.3756
  batch 210/264  loss=0.3357
  batch 220/264  loss=0.4579
  batch 230/264  loss=0.4385
  batch 240/264  loss=0.3917
  batch 250/264  loss=0.4315
  batch 260/264  loss=0.4688
Epoch 149/300  train=4.126e-01  rmse=1.9525  lr=1.0e-04  228s
  batch 10/264  loss=0.3023
  batch 20/264  loss=0.3991
  batch 30/264  loss=0.4729
  batch 40/264  loss=0.3225
  batch 50/264  loss=0.4037
  batch 60/264  loss=0.3916
  batch 70/264  loss=0.2861
  batch 80/264  loss=0.3090
  batch 90/264  loss=0.5678
  batch 100/264  loss=0.4169
  batch 110/264  loss=0.4155
  batch 120/264  loss=0.4102
  batch 130/264  loss=0.6661
  batch 140/264  loss=0.4370
  batch 150/264  loss=0.8026
  batch 160/264  loss=0.3737
  batch 170/264  loss=0.3259
  batch 180/264  loss=0.4900
  batch 190/264  loss=0.3054
  batch 200/264  loss=0.4025
  batch 210/264  loss=0.3760
  batch 220/264  loss=0.4349
  batch 230/264  loss=0.5466
  batch 240/264  loss=0.4340
  batch 250/264  loss=0.3159
  batch 260/264  loss=0.5318
Epoch 150/300  train=4.074e-01  rmse=2.3025  lr=1.0e-04  227s
  batch 10/264  loss=0.3844
  batch 20/264  loss=0.5107
  batch 30/264  loss=0.3121
  batch 40/264  loss=0.3224
  batch 50/264  loss=0.4708
  batch 60/264  loss=0.4675
  batch 70/264  loss=0.2988
  batch 80/264  loss=0.3250
  batch 90/264  loss=0.3602
  batch 100/264  loss=0.3387
  batch 110/264  loss=0.3217
  batch 120/264  loss=0.3334
  batch 130/264  loss=0.3493
  batch 140/264  loss=0.3260
  batch 150/264  loss=0.3737
  batch 160/264  loss=0.4214
  batch 170/264  loss=0.3388
  batch 180/264  loss=0.3467
  batch 190/264  loss=0.4341
  batch 200/264  loss=0.3206
  batch 210/264  loss=0.3177
  batch 220/264  loss=0.4231
  batch 230/264  loss=0.3296
  batch 240/264  loss=0.3889
  batch 250/264  loss=0.3967
  batch 260/264  loss=0.3883
Epoch 151/300  train=4.108e-01  rmse=2.2545  lr=1.0e-04  227s
  batch 10/264  loss=0.5257
  batch 20/264  loss=0.3141
  batch 30/264  loss=0.3035
  batch 40/264  loss=0.3334
  batch 50/264  loss=0.4196
  batch 60/264  loss=0.5478
  batch 70/264  loss=0.3911
  batch 80/264  loss=0.4032
  batch 90/264  loss=0.3074
  batch 100/264  loss=0.3742
  batch 110/264  loss=0.3650
  batch 120/264  loss=0.6391
  batch 130/264  loss=0.5105
  batch 140/264  loss=0.3450
  batch 150/264  loss=0.4869
  batch 160/264  loss=0.4243
  batch 170/264  loss=0.4102
  batch 180/264  loss=0.3157
  batch 190/264  loss=0.3153
  batch 200/264  loss=0.3306
  batch 210/264  loss=0.3969
  batch 220/264  loss=0.3738
  batch 230/264  loss=0.3915
  batch 240/264  loss=0.3860
  batch 250/264  loss=0.3743
  batch 260/264  loss=0.3020
Epoch 152/300  train=4.075e-01  rmse=2.0199  lr=1.0e-04  227s
  batch 10/264  loss=0.4352
  batch 20/264  loss=0.3151
  batch 30/264  loss=0.3983
  batch 40/264  loss=0.3585
  batch 50/264  loss=0.5158
  batch 60/264  loss=0.3498
  batch 70/264  loss=0.3252
  batch 80/264  loss=0.4043
  batch 90/264  loss=0.2827
  batch 100/264  loss=0.3113
  batch 110/264  loss=0.4501
  batch 120/264  loss=0.3088
  batch 130/264  loss=0.5796
  batch 140/264  loss=0.3562
  batch 150/264  loss=0.3009
  batch 160/264  loss=0.3698
  batch 170/264  loss=0.5928
  batch 180/264  loss=0.5036
  batch 190/264  loss=0.3424
  batch 200/264  loss=0.4283
  batch 210/264  loss=0.4057
  batch 220/264  loss=0.6408
  batch 230/264  loss=0.3763
  batch 240/264  loss=0.3919
  batch 250/264  loss=0.2579
  batch 260/264  loss=0.4359
Epoch 153/300  train=4.076e-01  rmse=1.6992  lr=1.0e-04  225s
  batch 10/264  loss=0.6506
  batch 20/264  loss=0.2851
  batch 30/264  loss=0.3570
  batch 40/264  loss=0.4214
  batch 50/264  loss=0.3513
  batch 60/264  loss=0.4200
  batch 70/264  loss=0.4552
  batch 80/264  loss=0.3990
  batch 90/264  loss=0.5578
  batch 100/264  loss=0.4740
  batch 110/264  loss=0.4270
  batch 120/264  loss=0.3698
  batch 130/264  loss=0.4279
  batch 140/264  loss=0.2962
  batch 150/264  loss=0.4027
  batch 160/264  loss=0.3276
  batch 170/264  loss=0.4450
  batch 180/264  loss=0.3200
  batch 190/264  loss=0.4453
  batch 200/264  loss=0.7612
  batch 210/264  loss=0.4460
  batch 220/264  loss=0.3424
  batch 230/264  loss=0.3211
  batch 240/264  loss=0.3502
  batch 250/264  loss=0.4757
  batch 260/264  loss=0.5581
Epoch 154/300  train=4.048e-01  rmse=2.3239  lr=1.0e-04  227s
  -> best  monitor=4.048e-01
  batch 10/264  loss=0.4073
  batch 20/264  loss=0.3380
  batch 30/264  loss=0.4047
  batch 40/264  loss=0.3889
  batch 50/264  loss=0.4181
  batch 60/264  loss=0.4662
  batch 70/264  loss=0.4940
  batch 80/264  loss=0.3221
  batch 90/264  loss=0.5501
  batch 100/264  loss=0.4102
  batch 110/264  loss=0.4918
  batch 120/264  loss=0.3748
  batch 130/264  loss=0.4296
  batch 140/264  loss=0.4198
  batch 150/264  loss=0.4735
  batch 160/264  loss=0.3501
  batch 170/264  loss=0.3139
  batch 180/264  loss=0.3376
  batch 190/264  loss=0.3929
  batch 200/264  loss=0.3433
  batch 210/264  loss=0.5605
  batch 220/264  loss=0.4456
  batch 230/264  loss=0.3378
  batch 240/264  loss=0.3421
  batch 250/264  loss=0.3643
  batch 260/264  loss=0.5994
Epoch 155/300  train=4.089e-01  rmse=1.9094  lr=1.0e-04  228s
  batch 10/264  loss=0.4098
  batch 20/264  loss=0.3759
  batch 30/264  loss=0.4600
  batch 40/264  loss=0.4157
  batch 50/264  loss=0.3271
  batch 60/264  loss=0.3298
  batch 70/264  loss=0.3908
  batch 80/264  loss=0.3051
  batch 90/264  loss=0.5816
  batch 100/264  loss=0.3820
  batch 110/264  loss=0.3016
  batch 120/264  loss=0.5064
  batch 130/264  loss=0.3216
  batch 140/264  loss=0.3825
  batch 150/264  loss=0.4297
  batch 160/264  loss=0.4132
  batch 170/264  loss=0.3106
  batch 180/264  loss=0.5229
  batch 190/264  loss=0.3645
  batch 200/264  loss=0.4375
  batch 210/264  loss=0.2534
  batch 220/264  loss=0.3305
  batch 230/264  loss=0.3977
  batch 240/264  loss=0.8317
  batch 250/264  loss=0.4763
  batch 260/264  loss=0.2907
Epoch 156/300  train=4.071e-01  rmse=2.7196  lr=1.0e-04  228s
  batch 10/264  loss=0.3492
  batch 20/264  loss=0.3487
  batch 30/264  loss=0.3889
  batch 40/264  loss=0.2847
  batch 50/264  loss=0.5303
  batch 60/264  loss=0.3375
  batch 70/264  loss=0.5646
  batch 80/264  loss=0.3617
  batch 90/264  loss=0.4581
  batch 100/264  loss=0.3096
  batch 110/264  loss=0.3154
  batch 120/264  loss=0.3605
  batch 130/264  loss=0.4701
  batch 140/264  loss=0.5720
  batch 150/264  loss=0.3705
  batch 160/264  loss=0.3689
  batch 170/264  loss=0.3027
  batch 180/264  loss=0.3398
  batch 190/264  loss=0.3892
  batch 200/264  loss=0.5378
  batch 210/264  loss=0.3776
  batch 220/264  loss=0.3496
  batch 230/264  loss=0.6158
  batch 240/264  loss=0.3993
  batch 250/264  loss=0.3839
  batch 260/264  loss=0.4161
Epoch 157/300  train=4.065e-01  rmse=2.2610  lr=1.0e-04  226s
  batch 10/264  loss=0.3364
  batch 20/264  loss=0.4144
  batch 30/264  loss=0.4029
  batch 40/264  loss=0.2822
  batch 50/264  loss=0.5623
  batch 60/264  loss=0.3779
  batch 70/264  loss=0.5200
  batch 80/264  loss=0.3619
  batch 90/264  loss=0.3322
  batch 100/264  loss=0.3059
  batch 110/264  loss=0.3504
  batch 120/264  loss=0.4386
  batch 130/264  loss=0.2939
  batch 140/264  loss=0.3577
  batch 150/264  loss=0.2939
  batch 160/264  loss=0.3875
  batch 170/264  loss=0.3538
  batch 180/264  loss=0.3278
  batch 190/264  loss=0.4082
  batch 200/264  loss=0.4147
  batch 210/264  loss=0.5146
  batch 220/264  loss=0.3842
  batch 230/264  loss=0.4400
  batch 240/264  loss=0.4256
  batch 250/264  loss=0.4248
  batch 260/264  loss=0.4018
Epoch 158/300  train=4.034e-01  rmse=3.9079  lr=1.0e-04  227s
  -> best  monitor=4.034e-01
  batch 10/264  loss=0.3251
  batch 20/264  loss=0.3560
  batch 30/264  loss=0.4304
  batch 40/264  loss=0.2857
  batch 50/264  loss=0.5476
  batch 60/264  loss=0.4693
  batch 70/264  loss=0.3054
  batch 80/264  loss=0.3516
  batch 90/264  loss=0.3465
  batch 100/264  loss=0.2996
  batch 110/264  loss=0.5240
  batch 120/264  loss=0.4495
  batch 130/264  loss=0.3254
  batch 140/264  loss=0.3762
  batch 150/264  loss=0.3454
  batch 160/264  loss=0.3001
  batch 170/264  loss=0.3176
  batch 180/264  loss=0.4696
  batch 190/264  loss=0.3500
  batch 200/264  loss=0.9376
  batch 210/264  loss=0.3436
  batch 220/264  loss=0.3639
  batch 230/264  loss=0.5408
  batch 240/264  loss=0.3667
  batch 250/264  loss=0.3723
  batch 260/264  loss=0.3717
Epoch 159/300  train=4.088e-01  rmse=3.0441  lr=1.0e-04  226s
  batch 10/264  loss=0.4346
  batch 20/264  loss=0.3392
  batch 30/264  loss=0.4717
  batch 40/264  loss=0.3327
  batch 50/264  loss=0.3920
  batch 60/264  loss=0.6799
  batch 70/264  loss=0.4304
  batch 80/264  loss=0.4190
  batch 90/264  loss=0.4114
  batch 100/264  loss=0.3492
  batch 110/264  loss=0.5554
  batch 120/264  loss=0.3325
  batch 130/264  loss=0.5744
  batch 140/264  loss=0.4752
  batch 150/264  loss=0.3327
  batch 160/264  loss=0.3126
  batch 170/264  loss=0.3505
  batch 180/264  loss=0.4545
  batch 190/264  loss=0.3756
  batch 200/264  loss=0.3200
  batch 210/264  loss=0.4152
  batch 220/264  loss=0.2860
  batch 230/264  loss=0.3240
  batch 240/264  loss=0.4345
  batch 250/264  loss=0.3507
  batch 260/264  loss=0.5352
Epoch 160/300  train=4.052e-01  rmse=1.8850  lr=1.0e-04  226s
  batch 10/264  loss=0.3312
  batch 20/264  loss=0.3587
  batch 30/264  loss=0.3576
  batch 40/264  loss=0.3358
  batch 50/264  loss=0.5350
  batch 60/264  loss=0.2912
  batch 70/264  loss=0.4929
  batch 80/264  loss=0.3800
  batch 90/264  loss=0.2880
  batch 100/264  loss=0.3892
  batch 110/264  loss=0.3328
  batch 120/264  loss=0.2996
  batch 130/264  loss=0.4285
  batch 140/264  loss=0.3478
  batch 150/264  loss=0.3199
  batch 160/264  loss=0.3626
  batch 170/264  loss=0.4061
  batch 180/264  loss=0.3693
  batch 190/264  loss=0.5776
  batch 200/264  loss=0.2836
  batch 210/264  loss=0.5384
  batch 220/264  loss=0.4137
  batch 230/264  loss=0.3071
  batch 240/264  loss=0.3923
  batch 250/264  loss=0.3704
  batch 260/264  loss=0.3674
Epoch 161/300  train=3.983e-01  rmse=2.6114  lr=1.0e-04  228s
  -> best  monitor=3.983e-01
  batch 10/264  loss=0.5260
  batch 20/264  loss=0.4364
  batch 30/264  loss=0.3857
  batch 40/264  loss=0.3331
  batch 50/264  loss=0.3986
  batch 60/264  loss=0.3846
  batch 70/264  loss=0.3699
  batch 80/264  loss=0.4118
  batch 90/264  loss=0.3579
  batch 100/264  loss=0.3378
  batch 110/264  loss=0.3574
  batch 120/264  loss=0.3229
  batch 130/264  loss=0.4241
  batch 140/264  loss=0.4527
  batch 150/264  loss=0.3468
  batch 160/264  loss=0.3014
  batch 170/264  loss=0.3820
  batch 180/264  loss=0.3144
  batch 190/264  loss=0.4412
  batch 200/264  loss=0.3745
  batch 210/264  loss=0.3846
  batch 220/264  loss=0.4124
  batch 230/264  loss=0.3916
  batch 240/264  loss=0.4327
  batch 250/264  loss=0.3292
  batch 260/264  loss=0.3334
Epoch 162/300  train=4.015e-01  rmse=2.6119  lr=1.0e-04  227s
  batch 10/264  loss=0.4270
  batch 20/264  loss=0.3182
  batch 30/264  loss=0.5386
  batch 40/264  loss=0.3417
  batch 50/264  loss=0.6666
  batch 60/264  loss=0.3734
  batch 70/264  loss=0.3489
  batch 80/264  loss=0.4754
  batch 90/264  loss=0.3584
  batch 100/264  loss=0.3404
  batch 110/264  loss=0.3955
  batch 120/264  loss=0.3661
  batch 130/264  loss=0.4662
  batch 140/264  loss=0.3022
  batch 150/264  loss=0.3430
  batch 160/264  loss=0.4058
  batch 170/264  loss=0.2959
  batch 180/264  loss=0.3558
  batch 190/264  loss=0.6709
  batch 200/264  loss=0.3167
  batch 210/264  loss=0.4505
  batch 220/264  loss=0.4126
  batch 230/264  loss=0.3889
  batch 240/264  loss=0.3633
  batch 250/264  loss=0.4758
  batch 260/264  loss=0.3419
Epoch 163/300  train=4.066e-01  rmse=3.1539  lr=1.0e-04  228s
  batch 10/264  loss=0.3559
  batch 20/264  loss=0.4029
  batch 30/264  loss=0.4648
  batch 40/264  loss=0.3483
  batch 50/264  loss=0.3092
  batch 60/264  loss=0.3667
  batch 70/264  loss=0.3932
  batch 80/264  loss=0.4010
  batch 90/264  loss=0.4955
  batch 100/264  loss=0.3043
  batch 110/264  loss=0.5860
  batch 120/264  loss=0.3831
  batch 130/264  loss=0.3237
  batch 140/264  loss=0.3357
  batch 150/264  loss=0.3797
  batch 160/264  loss=0.3590
  batch 170/264  loss=0.5737
  batch 180/264  loss=0.3712
  batch 190/264  loss=0.3762
  batch 200/264  loss=0.3992
  batch 210/264  loss=0.4740
  batch 220/264  loss=0.3083
  batch 230/264  loss=0.3495
  batch 240/264  loss=0.4084
  batch 250/264  loss=0.3028
  batch 260/264  loss=0.3144
Epoch 164/300  train=3.975e-01  rmse=1.9373  lr=1.0e-04  226s
  -> best  monitor=3.975e-01
  batch 10/264  loss=0.4131
  batch 20/264  loss=0.3286
  batch 30/264  loss=0.2927
  batch 40/264  loss=0.3930
  batch 50/264  loss=0.4405
  batch 60/264  loss=0.4595
  batch 70/264  loss=0.3037
  batch 80/264  loss=0.4691
  batch 90/264  loss=0.4299
  batch 100/264  loss=0.3693
  batch 110/264  loss=0.3983
  batch 120/264  loss=0.3383
  batch 130/264  loss=0.6203
  batch 140/264  loss=0.3536
  batch 150/264  loss=0.3331
  batch 160/264  loss=0.4393
  batch 170/264  loss=0.3264
  batch 180/264  loss=0.3682
  batch 190/264  loss=0.3286
  batch 200/264  loss=0.5616
  batch 210/264  loss=0.4023
  batch 220/264  loss=0.4096
  batch 230/264  loss=0.4066
  batch 240/264  loss=0.3586
  batch 250/264  loss=0.3795
  batch 260/264  loss=0.3456
Epoch 165/300  train=4.009e-01  rmse=2.1203  lr=1.0e-04  227s
  batch 10/264  loss=0.3986
  batch 20/264  loss=0.3521
  batch 30/264  loss=0.4336
  batch 40/264  loss=0.3619
  batch 50/264  loss=0.3084
  batch 60/264  loss=0.4393
  batch 70/264  loss=0.4121
  batch 80/264  loss=0.3092
  batch 90/264  loss=0.3955
  batch 100/264  loss=0.4059
  batch 110/264  loss=0.2687
  batch 120/264  loss=0.3458
  batch 130/264  loss=0.3727
  batch 140/264  loss=0.2919
  batch 150/264  loss=0.3278
  batch 160/264  loss=0.3720
  batch 170/264  loss=0.3414
  batch 180/264  loss=0.5542
  batch 190/264  loss=0.3977
  batch 200/264  loss=0.3534
  batch 210/264  loss=0.3432
  batch 220/264  loss=0.4591
  batch 230/264  loss=0.4007
  batch 240/264  loss=0.3664
  batch 250/264  loss=0.3303
  batch 260/264  loss=0.3938
Epoch 166/300  train=4.024e-01  rmse=2.2222  lr=1.0e-04  228s
  batch 10/264  loss=0.5000
  batch 20/264  loss=0.4380
  batch 30/264  loss=0.2572
  batch 40/264  loss=0.3644
  batch 50/264  loss=0.4224
  batch 60/264  loss=0.5007
  batch 70/264  loss=0.3338
  batch 80/264  loss=0.4744
  batch 90/264  loss=0.5141
  batch 100/264  loss=0.4029
  batch 110/264  loss=0.3462
  batch 120/264  loss=0.3285
  batch 130/264  loss=0.4481
  batch 140/264  loss=0.4130
  batch 150/264  loss=0.3192
  batch 160/264  loss=0.3475
  batch 170/264  loss=0.3633
  batch 180/264  loss=0.3498
  batch 190/264  loss=0.3621
  batch 200/264  loss=0.4895
  batch 210/264  loss=0.5360
  batch 220/264  loss=0.4882
  batch 230/264  loss=0.6217
  batch 240/264  loss=0.5474
  batch 250/264  loss=0.4853
  batch 260/264  loss=0.3526
Epoch 167/300  train=4.012e-01  rmse=2.0660  lr=1.0e-04  228s
  batch 10/264  loss=0.3021
  batch 20/264  loss=0.4212
  batch 30/264  loss=0.5447
  batch 40/264  loss=0.4796
  batch 50/264  loss=0.3297
  batch 60/264  loss=0.5238
  batch 70/264  loss=0.4478
  batch 80/264  loss=0.5651
  batch 90/264  loss=0.3872
  batch 100/264  loss=0.4481
  batch 110/264  loss=0.6874
  batch 120/264  loss=0.3672
  batch 130/264  loss=0.3665
  batch 140/264  loss=0.4936
  batch 150/264  loss=0.3211
  batch 160/264  loss=0.3796
  batch 170/264  loss=0.3061
  batch 180/264  loss=0.3270
  batch 190/264  loss=0.4938
  batch 200/264  loss=0.3137
  batch 210/264  loss=0.4905
  batch 220/264  loss=0.4701
  batch 230/264  loss=0.3683
  batch 240/264  loss=0.3285
  batch 250/264  loss=0.5717
  batch 260/264  loss=0.4278
Epoch 168/300  train=3.982e-01  rmse=2.0072  lr=1.0e-04  229s
  batch 10/264  loss=0.2871
  batch 20/264  loss=0.3285
  batch 30/264  loss=0.3514
  batch 40/264  loss=0.4069
  batch 50/264  loss=0.4094
  batch 60/264  loss=0.3164
  batch 70/264  loss=0.4105
  batch 80/264  loss=0.3676
  batch 90/264  loss=0.4148
  batch 100/264  loss=0.3459
  batch 110/264  loss=0.4676
  batch 120/264  loss=0.4064
  batch 130/264  loss=0.4412
  batch 140/264  loss=0.4652
  batch 150/264  loss=1.0384
  batch 160/264  loss=0.3860
  batch 170/264  loss=0.3159
  batch 180/264  loss=0.5386
  batch 190/264  loss=0.3615
  batch 200/264  loss=0.3137
  batch 210/264  loss=0.4211
  batch 220/264  loss=0.2926
  batch 230/264  loss=0.3860
  batch 240/264  loss=0.4369
  batch 250/264  loss=0.5528
  batch 260/264  loss=0.8222
Epoch 169/300  train=4.040e-01  rmse=2.1527  lr=1.0e-04  228s
  batch 10/264  loss=0.4188
  batch 20/264  loss=0.3821
  batch 30/264  loss=0.3319
  batch 40/264  loss=0.5175
  batch 50/264  loss=0.3890
  batch 60/264  loss=0.4503
  batch 70/264  loss=0.3283
  batch 80/264  loss=0.3021
  batch 90/264  loss=0.3851
  batch 100/264  loss=0.3101
  batch 110/264  loss=0.3255
  batch 120/264  loss=0.4482
  batch 130/264  loss=0.4815
  batch 140/264  loss=0.3287
  batch 150/264  loss=0.3355
  batch 160/264  loss=0.3483
  batch 170/264  loss=0.3631
  batch 180/264  loss=0.5346
  batch 190/264  loss=0.3612
  batch 200/264  loss=0.3509
  batch 210/264  loss=0.4237
  batch 220/264  loss=0.3119
  batch 230/264  loss=0.4920
  batch 240/264  loss=0.4397
  batch 250/264  loss=0.4626
  batch 260/264  loss=0.4455
Epoch 170/300  train=3.968e-01  rmse=5.7677  lr=1.0e-04  227s
  -> best  monitor=3.968e-01
  batch 10/264  loss=0.3558
  batch 20/264  loss=0.3876
  batch 30/264  loss=0.3459
  batch 40/264  loss=0.4010
  batch 50/264  loss=0.3378
  batch 60/264  loss=0.3938
  batch 70/264  loss=0.3658
  batch 80/264  loss=0.2867
  batch 90/264  loss=0.5192
  batch 100/264  loss=0.3310
  batch 110/264  loss=0.3174
  batch 120/264  loss=0.3568
  batch 130/264  loss=0.3431
  batch 140/264  loss=0.3551
  batch 150/264  loss=0.3892
  batch 160/264  loss=0.4189
  batch 170/264  loss=0.3313
  batch 180/264  loss=0.3087
  batch 190/264  loss=0.3232
  batch 200/264  loss=0.4774
  batch 210/264  loss=0.3831
  batch 220/264  loss=0.3926
  batch 230/264  loss=0.4015
  batch 240/264  loss=0.5183
  batch 250/264  loss=0.3376
  batch 260/264  loss=0.3906
Epoch 171/300  train=3.983e-01  rmse=2.0833  lr=1.0e-04  229s
  batch 10/264  loss=0.4043
  batch 20/264  loss=0.4220
  batch 30/264  loss=0.4333
  batch 40/264  loss=0.3756
  batch 50/264  loss=0.3648
  batch 60/264  loss=0.3367
  batch 70/264  loss=0.3118
  batch 80/264  loss=0.2982
  batch 90/264  loss=0.2948
  batch 100/264  loss=0.3328
  batch 110/264  loss=0.3926
  batch 120/264  loss=0.3969
  batch 130/264  loss=0.3210
  batch 140/264  loss=0.5922
  batch 150/264  loss=0.3953
  batch 160/264  loss=0.5266
  batch 170/264  loss=0.3524
  batch 180/264  loss=0.3431
  batch 190/264  loss=0.3312
  batch 200/264  loss=0.3181
  batch 210/264  loss=0.4400
  batch 220/264  loss=0.3580
  batch 230/264  loss=0.4204
  batch 240/264  loss=0.2981
  batch 250/264  loss=0.4150
  batch 260/264  loss=0.3516
Epoch 172/300  train=4.013e-01  rmse=5.1203  lr=1.0e-04  227s
  batch 10/264  loss=0.5392
  batch 20/264  loss=0.3154
  batch 30/264  loss=0.4585
  batch 40/264  loss=0.3014
  batch 50/264  loss=0.3762
  batch 60/264  loss=0.4491
  batch 70/264  loss=0.4033
  batch 80/264  loss=0.3484
  batch 90/264  loss=0.3856
  batch 100/264  loss=0.3175
  batch 110/264  loss=0.3903
  batch 120/264  loss=0.3425
  batch 130/264  loss=0.5420
  batch 140/264  loss=0.4119
  batch 150/264  loss=0.3979
  batch 160/264  loss=0.4167
  batch 170/264  loss=0.3207
  batch 180/264  loss=0.3674
  batch 190/264  loss=0.3032
  batch 200/264  loss=0.3339
  batch 210/264  loss=0.3711
  batch 220/264  loss=0.3780
  batch 230/264  loss=0.3725
  batch 240/264  loss=0.3346
  batch 250/264  loss=0.5165
  batch 260/264  loss=0.4131
Epoch 173/300  train=4.001e-01  rmse=2.6245  lr=1.0e-04  227s
  batch 10/264  loss=0.3697
  batch 20/264  loss=0.3469
  batch 30/264  loss=0.3442
  batch 40/264  loss=0.3064
  batch 50/264  loss=0.3130
  batch 60/264  loss=0.3031
  batch 70/264  loss=0.4794
  batch 80/264  loss=0.4013
  batch 90/264  loss=0.3370
  batch 100/264  loss=0.3240
  batch 110/264  loss=0.3477
  batch 120/264  loss=0.3595
  batch 130/264  loss=0.4948
  batch 140/264  loss=0.3280
  batch 150/264  loss=0.6373
  batch 160/264  loss=0.3193
  batch 170/264  loss=0.3148
  batch 180/264  loss=0.3780
  batch 190/264  loss=0.3311
  batch 200/264  loss=0.3252
  batch 210/264  loss=0.5995
  batch 220/264  loss=0.3901
  batch 230/264  loss=0.3801
  batch 240/264  loss=0.4030
  batch 250/264  loss=0.3787
  batch 260/264  loss=0.4492
Epoch 174/300  train=3.931e-01  rmse=2.3957  lr=1.0e-04  228s
  -> best  monitor=3.931e-01
  batch 10/264  loss=0.3673
  batch 20/264  loss=0.5290
  batch 30/264  loss=0.5576
  batch 40/264  loss=0.4263
  batch 50/264  loss=0.5904
  batch 60/264  loss=0.3725
  batch 70/264  loss=0.2925
  batch 80/264  loss=0.3177
  batch 90/264  loss=0.3370
  batch 100/264  loss=0.3377
  batch 110/264  loss=0.3691
  batch 120/264  loss=0.5991
  batch 130/264  loss=0.5800
  batch 140/264  loss=0.3942
  batch 150/264  loss=0.3271
  batch 160/264  loss=0.3705
  batch 170/264  loss=0.4707
  batch 180/264  loss=0.4784
  batch 190/264  loss=0.3457
  batch 200/264  loss=0.3041
  batch 210/264  loss=0.3382
  batch 220/264  loss=0.3500
  batch 230/264  loss=0.4212
  batch 240/264  loss=0.4145
  batch 250/264  loss=0.3794
  batch 260/264  loss=0.5726
Epoch 175/300  train=3.976e-01  rmse=9.8357  lr=1.0e-04  229s
  batch 10/264  loss=0.3260
  batch 20/264  loss=0.3790
  batch 30/264  loss=0.5188
  batch 40/264  loss=0.4285
  batch 50/264  loss=0.3124
  batch 60/264  loss=0.3741
  batch 70/264  loss=0.3320
  batch 80/264  loss=0.4929
  batch 90/264  loss=0.2456
  batch 100/264  loss=0.3515
  batch 110/264  loss=0.3158
  batch 120/264  loss=0.3752
  batch 130/264  loss=0.3869
  batch 140/264  loss=0.4771
  batch 150/264  loss=0.3023
  batch 160/264  loss=0.4632
  batch 170/264  loss=0.2550
  batch 180/264  loss=0.4778
  batch 190/264  loss=0.3967
  batch 200/264  loss=0.3543
  batch 210/264  loss=0.4798
  batch 220/264  loss=0.4260
  batch 230/264  loss=0.3726
  batch 240/264  loss=0.2996
  batch 250/264  loss=0.4330
  batch 260/264  loss=0.3871
Epoch 176/300  train=4.039e-01  rmse=3.1838  lr=1.0e-04  228s
  batch 10/264  loss=0.6867
  batch 20/264  loss=0.3331
  batch 30/264  loss=0.3684
  batch 40/264  loss=0.5588
  batch 50/264  loss=0.3341
  batch 60/264  loss=0.3296
  batch 70/264  loss=0.4309
  batch 80/264  loss=0.3685
  batch 90/264  loss=0.3249
  batch 100/264  loss=0.2915
  batch 110/264  loss=0.3952
  batch 120/264  loss=0.5367
  batch 130/264  loss=0.4025
  batch 140/264  loss=0.4992
  batch 150/264  loss=0.3679
  batch 160/264  loss=0.3614
  batch 170/264  loss=0.3529
  batch 180/264  loss=0.4621
  batch 190/264  loss=0.2974
  batch 200/264  loss=0.3108
  batch 210/264  loss=0.4760
  batch 220/264  loss=0.2850
  batch 230/264  loss=0.3084
  batch 240/264  loss=0.3603
  batch 250/264  loss=0.4223
  batch 260/264  loss=0.3021
Epoch 177/300  train=3.947e-01  rmse=1.9074  lr=1.0e-04  227s
  batch 10/264  loss=0.3215
  batch 20/264  loss=0.3330
  batch 30/264  loss=0.3193
  batch 40/264  loss=0.3690
  batch 50/264  loss=0.3920
  batch 60/264  loss=0.3605
  batch 70/264  loss=0.6267
  batch 80/264  loss=0.4247
  batch 90/264  loss=0.3135
  batch 100/264  loss=0.4919
  batch 110/264  loss=0.3369
  batch 120/264  loss=0.3562
  batch 130/264  loss=0.3136
  batch 140/264  loss=0.3673
  batch 150/264  loss=0.3894
  batch 160/264  loss=0.2529
  batch 170/264  loss=0.6524
  batch 180/264  loss=0.3842
  batch 190/264  loss=0.4246
  batch 200/264  loss=0.5229
  batch 210/264  loss=0.3464
  batch 220/264  loss=0.3782
  batch 230/264  loss=0.6061
  batch 240/264  loss=0.5192
  batch 250/264  loss=0.4315
  batch 260/264  loss=0.2995
Epoch 178/300  train=3.949e-01  rmse=1.7957  lr=1.0e-04  226s
  batch 10/264  loss=0.3513
  batch 20/264  loss=0.4845
  batch 30/264  loss=0.5341
  batch 40/264  loss=0.4722
  batch 50/264  loss=0.2570
  batch 60/264  loss=0.3269
  batch 70/264  loss=0.3691
  batch 80/264  loss=0.3603
  batch 90/264  loss=0.3258
  batch 100/264  loss=0.3192
  batch 110/264  loss=0.4420
  batch 120/264  loss=0.4818
  batch 130/264  loss=0.3851
  batch 140/264  loss=0.3812
  batch 150/264  loss=0.3900
  batch 160/264  loss=0.3494
  batch 170/264  loss=0.3847
  batch 180/264  loss=0.3262
  batch 190/264  loss=0.4004
  batch 200/264  loss=0.3285
  batch 210/264  loss=0.3755
  batch 220/264  loss=0.4629
  batch 230/264  loss=0.4052
  batch 240/264  loss=0.3777
  batch 250/264  loss=0.5093
  batch 260/264  loss=0.3362
Epoch 179/300  train=3.943e-01  rmse=1.9286  lr=1.0e-04  226s
  batch 10/264  loss=0.3607
  batch 20/264  loss=0.4570
  batch 30/264  loss=0.3424
  batch 40/264  loss=0.2696
  batch 50/264  loss=0.3452
  batch 60/264  loss=0.4123
  batch 70/264  loss=0.6393
  batch 80/264  loss=0.3521
  batch 90/264  loss=0.3087
  batch 100/264  loss=0.2881
  batch 110/264  loss=0.4838
  batch 120/264  loss=0.3203
  batch 130/264  loss=0.4393
  batch 140/264  loss=0.3248
  batch 150/264  loss=0.3611
  batch 160/264  loss=0.3861
  batch 170/264  loss=0.3922
  batch 180/264  loss=0.3118
  batch 190/264  loss=0.5690
  batch 200/264  loss=0.2910
  batch 210/264  loss=0.4941
  batch 220/264  loss=0.3688
  batch 230/264  loss=0.4165
  batch 240/264  loss=0.3773
  batch 250/264  loss=0.3921
  batch 260/264  loss=0.2993
Epoch 180/300  train=3.862e-01  rmse=1.9547  lr=1.0e-04  228s
  -> best  monitor=3.862e-01
  batch 10/264  loss=0.4457
  batch 20/264  loss=0.4162
  batch 30/264  loss=0.5367
  batch 40/264  loss=0.3091
  batch 50/264  loss=0.4264
  batch 60/264  loss=0.3223
  batch 70/264  loss=0.5171
  batch 80/264  loss=0.3322
  batch 90/264  loss=0.3436
  batch 100/264  loss=0.3269
  batch 110/264  loss=0.4740
  batch 120/264  loss=0.3006
  batch 130/264  loss=0.3646
  batch 140/264  loss=0.3400
  batch 150/264  loss=0.4949
  batch 160/264  loss=0.3678
  batch 170/264  loss=0.3775
  batch 180/264  loss=0.3766
  batch 190/264  loss=0.3660
  batch 200/264  loss=0.3329
  batch 210/264  loss=0.4037
  batch 220/264  loss=0.2864
  batch 230/264  loss=0.4467
  batch 240/264  loss=0.3334
  batch 250/264  loss=0.3644
  batch 260/264  loss=0.3735
Epoch 181/300  train=3.957e-01  rmse=2.4831  lr=1.0e-04  228s
  batch 10/264  loss=0.3355
  batch 20/264  loss=0.2753
  batch 30/264  loss=0.3575
  batch 40/264  loss=0.3579
  batch 50/264  loss=0.4434
  batch 60/264  loss=0.4521
  batch 70/264  loss=0.3288
  batch 80/264  loss=0.6795
  batch 90/264  loss=0.2991
  batch 100/264  loss=0.3645
  batch 110/264  loss=0.3316
  batch 120/264  loss=0.4747
  batch 130/264  loss=0.3653
  batch 140/264  loss=0.4194
  batch 150/264  loss=0.3716
  batch 160/264  loss=0.4291
  batch 170/264  loss=0.3674
  batch 180/264  loss=0.5242
  batch 190/264  loss=0.4307
  batch 200/264  loss=0.3960
  batch 210/264  loss=0.3841
  batch 220/264  loss=1.0274
  batch 230/264  loss=0.5401
  batch 240/264  loss=0.5420
  batch 250/264  loss=0.3908
  batch 260/264  loss=0.3890
Epoch 182/300  train=4.008e-01  rmse=2.2564  lr=1.0e-04  229s
  batch 10/264  loss=0.3957
  batch 20/264  loss=0.3941
  batch 30/264  loss=0.3513
  batch 40/264  loss=0.3381
  batch 50/264  loss=0.3552
  batch 60/264  loss=0.3461
  batch 70/264  loss=0.4966
  batch 80/264  loss=0.4050
  batch 90/264  loss=0.5002
  batch 100/264  loss=0.3518
  batch 110/264  loss=0.3415
  batch 120/264  loss=0.3884
  batch 130/264  loss=0.3340
  batch 140/264  loss=0.3514
  batch 150/264  loss=0.3154
  batch 160/264  loss=0.3161
  batch 170/264  loss=0.3868
  batch 180/264  loss=0.3923
  batch 190/264  loss=0.4529
  batch 200/264  loss=0.3194
  batch 210/264  loss=0.3340
  batch 220/264  loss=0.3475
  batch 230/264  loss=0.5056
  batch 240/264  loss=0.3250
  batch 250/264  loss=0.3005
  batch 260/264  loss=0.3182
Epoch 183/300  train=3.874e-01  rmse=2.3111  lr=1.0e-04  228s
  batch 10/264  loss=0.2832
  batch 20/264  loss=0.2997
  batch 30/264  loss=0.3266
  batch 40/264  loss=0.4049
  batch 50/264  loss=0.4111
  batch 60/264  loss=0.3597
  batch 70/264  loss=0.3307
  batch 80/264  loss=0.3114
  batch 90/264  loss=0.4434
  batch 100/264  loss=0.5742
  batch 110/264  loss=0.3906
  batch 120/264  loss=0.3319
  batch 130/264  loss=0.3809
  batch 140/264  loss=0.4041
  batch 150/264  loss=0.3408
  batch 160/264  loss=0.4365
  batch 170/264  loss=0.3113
  batch 180/264  loss=0.3565
  batch 190/264  loss=0.3841
  batch 200/264  loss=0.4335
  batch 210/264  loss=0.4155
  batch 220/264  loss=0.3401
  batch 230/264  loss=0.3621
  batch 240/264  loss=0.4222
  batch 250/264  loss=0.3336
  batch 260/264  loss=0.3833
Epoch 184/300  train=3.948e-01  rmse=3.3970  lr=1.0e-04  228s
  batch 10/264  loss=0.3059
  batch 20/264  loss=0.3778
  batch 30/264  loss=0.3395
  batch 40/264  loss=0.5646
  batch 50/264  loss=0.3947
  batch 60/264  loss=0.3831
  batch 70/264  loss=0.6076
  batch 80/264  loss=0.3848
  batch 90/264  loss=0.3701
  batch 100/264  loss=0.4840
  batch 110/264  loss=0.4083
  batch 120/264  loss=0.4877
  batch 130/264  loss=0.4365
  batch 140/264  loss=0.3954
  batch 150/264  loss=0.3788
  batch 160/264  loss=0.3876
  batch 170/264  loss=0.2907
  batch 180/264  loss=0.4428
  batch 190/264  loss=0.2941
  batch 200/264  loss=0.2881
  batch 210/264  loss=0.3987
  batch 220/264  loss=0.5946
  batch 230/264  loss=0.3088
  batch 240/264  loss=0.3369
  batch 250/264  loss=0.5097
  batch 260/264  loss=0.2895
Epoch 185/300  train=3.929e-01  rmse=2.5142  lr=1.0e-04  227s
  batch 10/264  loss=0.3577
  batch 20/264  loss=0.3846
  batch 30/264  loss=0.3355
  batch 40/264  loss=0.3633
  batch 50/264  loss=0.3486
  batch 60/264  loss=0.3449
  batch 70/264  loss=0.2921
  batch 80/264  loss=0.4127
  batch 90/264  loss=0.3724
  batch 100/264  loss=0.3703
  batch 110/264  loss=0.3776
  batch 120/264  loss=0.3578
  batch 130/264  loss=0.4258
  batch 140/264  loss=0.3076
  batch 150/264  loss=0.3395
  batch 160/264  loss=0.3368
  batch 170/264  loss=0.3327
  batch 180/264  loss=0.3426
  batch 190/264  loss=0.3332
  batch 200/264  loss=0.3390
  batch 210/264  loss=0.4091
  batch 220/264  loss=0.2839
  batch 230/264  loss=0.3893
  batch 240/264  loss=0.3796
  batch 250/264  loss=0.3231
  batch 260/264  loss=0.4370
Epoch 186/300  train=3.872e-01  rmse=1.9659  lr=1.0e-04  226s
  batch 10/264  loss=0.3073
  batch 20/264  loss=0.4069
  batch 30/264  loss=0.4119
  batch 40/264  loss=0.2993
  batch 50/264  loss=0.3252
  batch 60/264  loss=0.4306
  batch 70/264  loss=0.4360
  batch 80/264  loss=0.3305
  batch 90/264  loss=0.3647
  batch 100/264  loss=0.2688
  batch 110/264  loss=0.3624
  batch 120/264  loss=0.3798
  batch 130/264  loss=0.4684
  batch 140/264  loss=0.3090
  batch 150/264  loss=0.4740
  batch 160/264  loss=0.4380
  batch 170/264  loss=0.3276
  batch 180/264  loss=0.3820
  batch 190/264  loss=0.4398
  batch 200/264  loss=0.3211
  batch 210/264  loss=0.4472
  batch 220/264  loss=0.3779
  batch 230/264  loss=0.3452
  batch 240/264  loss=0.4073
  batch 250/264  loss=0.3254
  batch 260/264  loss=0.3974
Epoch 187/300  train=3.899e-01  rmse=2.3448  lr=1.0e-04  228s
  batch 10/264  loss=0.3275
  batch 20/264  loss=0.5638
  batch 30/264  loss=0.3327
  batch 40/264  loss=0.3308
  batch 50/264  loss=0.3339
  batch 60/264  loss=0.3280
  batch 70/264  loss=0.3334
  batch 80/264  loss=0.3608
  batch 90/264  loss=0.3973
  batch 100/264  loss=0.3511
  batch 110/264  loss=0.3310
  batch 120/264  loss=0.2779
  batch 130/264  loss=0.3306
  batch 140/264  loss=0.6043
  batch 150/264  loss=0.3500
  batch 160/264  loss=0.4037
  batch 170/264  loss=0.3330
  batch 180/264  loss=0.3814
  batch 190/264  loss=0.3168
  batch 200/264  loss=0.3558
  batch 210/264  loss=0.3773
  batch 220/264  loss=0.3216
  batch 230/264  loss=0.3097
  batch 240/264  loss=0.4578
  batch 250/264  loss=0.2922
  batch 260/264  loss=0.3579
Epoch 188/300  train=3.901e-01  rmse=2.0500  lr=1.0e-04  228s
  batch 10/264  loss=0.5845
  batch 20/264  loss=0.3626
  batch 30/264  loss=0.4239
  batch 40/264  loss=0.3853
  batch 50/264  loss=0.3200
  batch 60/264  loss=0.3604
  batch 70/264  loss=0.5743
  batch 80/264  loss=0.4517
  batch 90/264  loss=0.3327
  batch 100/264  loss=0.4217
  batch 110/264  loss=0.3283
  batch 120/264  loss=0.3253
  batch 130/264  loss=0.3666
  batch 140/264  loss=0.3225
  batch 150/264  loss=0.3513
  batch 160/264  loss=0.4473
  batch 170/264  loss=0.3559
  batch 180/264  loss=0.3635
  batch 190/264  loss=0.2907
  batch 200/264  loss=0.3941
  batch 210/264  loss=0.4353
  batch 220/264  loss=0.3009
  batch 230/264  loss=0.3507
  batch 240/264  loss=0.4959
  batch 250/264  loss=0.3982
  batch 260/264  loss=0.3255
Epoch 189/300  train=3.912e-01  rmse=2.6503  lr=1.0e-04  229s
  batch 10/264  loss=0.3197
  batch 20/264  loss=0.4725
  batch 30/264  loss=0.2987
  batch 40/264  loss=0.3456
  batch 50/264  loss=0.3027
  batch 60/264  loss=0.2984
  batch 70/264  loss=0.5056
  batch 80/264  loss=0.4528
  batch 90/264  loss=0.4069
  batch 100/264  loss=0.3853
  batch 110/264  loss=0.3961
  batch 120/264  loss=0.2956
  batch 130/264  loss=0.4937
  batch 140/264  loss=0.3823
  batch 150/264  loss=0.3699
  batch 160/264  loss=0.4976
  batch 170/264  loss=0.3620
  batch 180/264  loss=0.3325
  batch 190/264  loss=0.3153
  batch 200/264  loss=0.3030
  batch 210/264  loss=0.2934
  batch 220/264  loss=0.2876
  batch 230/264  loss=0.6532
  batch 240/264  loss=0.3149
  batch 250/264  loss=0.3387
  batch 260/264  loss=0.4138
Epoch 190/300  train=3.892e-01  rmse=2.1018  lr=1.0e-04  227s
  batch 10/264  loss=0.3799
  batch 20/264  loss=0.3976
  batch 30/264  loss=0.3107
  batch 40/264  loss=0.3835
  batch 50/264  loss=0.6214
  batch 60/264  loss=0.3791
  batch 70/264  loss=0.2965
  batch 80/264  loss=0.3754
  batch 90/264  loss=0.3387
  batch 100/264  loss=0.4012
  batch 110/264  loss=0.3565
  batch 120/264  loss=0.3222
  batch 130/264  loss=0.4004
  batch 140/264  loss=0.3777
  batch 150/264  loss=0.3452
  batch 160/264  loss=0.3250
  batch 170/264  loss=0.3420
  batch 180/264  loss=0.5483
  batch 190/264  loss=0.3233
  batch 200/264  loss=0.3763
  batch 210/264  loss=0.3754
  batch 220/264  loss=0.3379
  batch 230/264  loss=0.4948
  batch 240/264  loss=0.3817
  batch 250/264  loss=0.3073
  batch 260/264  loss=0.2954
Epoch 191/300  train=3.891e-01  rmse=2.8789  lr=5.0e-05  228s
  batch 10/264  loss=0.3824
  batch 20/264  loss=0.3904
  batch 30/264  loss=0.3379
  batch 40/264  loss=0.4205
  batch 50/264  loss=0.5620
  batch 60/264  loss=0.3403
  batch 70/264  loss=0.6764
  batch 80/264  loss=0.3808
  batch 90/264  loss=0.3167
  batch 100/264  loss=0.3166
  batch 110/264  loss=0.3077
  batch 120/264  loss=0.3425
  batch 130/264  loss=0.3118
  batch 140/264  loss=0.3004
  batch 150/264  loss=0.5948
  batch 160/264  loss=0.4489
  batch 170/264  loss=0.5102
  batch 180/264  loss=0.3869
  batch 190/264  loss=0.2996
  batch 200/264  loss=0.4991
  batch 210/264  loss=0.3776
  batch 220/264  loss=0.3785
  batch 230/264  loss=0.5011
  batch 240/264  loss=0.4907
  batch 250/264  loss=0.3006
  batch 260/264  loss=0.3824
Epoch 192/300  train=3.783e-01  rmse=1.8320  lr=5.0e-05  228s
  -> best  monitor=3.783e-01
  batch 10/264  loss=0.4451
  batch 20/264  loss=0.3510
  batch 30/264  loss=0.3505
  batch 40/264  loss=0.3691
  batch 50/264  loss=0.2998
  batch 60/264  loss=0.3150
  batch 70/264  loss=0.3276
  batch 80/264  loss=0.3472
  batch 90/264  loss=0.4205
  batch 100/264  loss=0.3625
  batch 110/264  loss=0.4055
  batch 120/264  loss=0.4076
  batch 130/264  loss=0.3271
  batch 140/264  loss=0.3039
  batch 150/264  loss=0.3254
  batch 160/264  loss=0.3204
  batch 170/264  loss=0.4619
  batch 180/264  loss=0.6294
  batch 190/264  loss=0.3104
  batch 200/264  loss=0.3737
  batch 210/264  loss=0.3500
  batch 220/264  loss=0.3623
  batch 230/264  loss=0.4202
  batch 240/264  loss=0.3498
  batch 250/264  loss=0.3802
  batch 260/264  loss=0.4038
Epoch 193/300  train=3.707e-01  rmse=4.8249  lr=5.0e-05  227s
  -> best  monitor=3.707e-01
  batch 10/264  loss=0.3149
  batch 20/264  loss=0.3317
  batch 30/264  loss=0.3572
  batch 40/264  loss=0.3611
  batch 50/264  loss=0.5125
  batch 60/264  loss=0.3036
  batch 70/264  loss=0.3772
  batch 80/264  loss=0.3257
  batch 90/264  loss=0.3350
  batch 100/264  loss=0.4640
  batch 110/264  loss=0.3194
  batch 120/264  loss=0.4973
  batch 130/264  loss=0.4112
  batch 140/264  loss=0.5981
  batch 150/264  loss=0.5317
  batch 160/264  loss=0.3084
  batch 170/264  loss=0.3861
  batch 180/264  loss=0.2907
  batch 190/264  loss=0.3079
  batch 200/264  loss=0.3244
  batch 210/264  loss=0.4168
  batch 220/264  loss=0.3949
  batch 230/264  loss=0.3450
  batch 240/264  loss=0.3523
  batch 250/264  loss=0.3493
  batch 260/264  loss=0.3217
Epoch 194/300  train=3.736e-01  rmse=2.9927  lr=5.0e-05  227s
  batch 10/264  loss=0.3501
  batch 20/264  loss=0.4978
  batch 30/264  loss=0.2854
  batch 40/264  loss=0.4084
  batch 50/264  loss=0.3245
  batch 60/264  loss=0.3366
  batch 70/264  loss=0.3398
  batch 80/264  loss=0.3591
  batch 90/264  loss=0.4497
  batch 100/264  loss=0.4581
  batch 110/264  loss=0.3097
  batch 120/264  loss=0.2774
  batch 130/264  loss=0.3088
  batch 140/264  loss=0.5813
  batch 150/264  loss=0.3219
  batch 160/264  loss=0.3208
  batch 170/264  loss=0.4098
  batch 180/264  loss=0.4200
  batch 190/264  loss=0.3410
  batch 200/264  loss=0.3143
  batch 210/264  loss=0.2936
  batch 220/264  loss=0.3935
  batch 230/264  loss=0.3316
  batch 240/264  loss=0.4139
  batch 250/264  loss=0.2603
  batch 260/264  loss=0.3014
Epoch 195/300  train=3.680e-01  rmse=1.9726  lr=5.0e-05  227s
  -> best  monitor=3.680e-01
  batch 10/264  loss=0.3946
  batch 20/264  loss=0.2871
  batch 30/264  loss=0.4541
  batch 40/264  loss=0.3058
  batch 50/264  loss=0.3648
  batch 60/264  loss=0.3679
  batch 70/264  loss=0.4221
  batch 80/264  loss=0.3399
  batch 90/264  loss=0.4086
  batch 100/264  loss=0.3288
  batch 110/264  loss=0.3608
  batch 120/264  loss=0.3197
  batch 130/264  loss=0.3313
  batch 140/264  loss=0.3405
  batch 150/264  loss=0.3149
  batch 160/264  loss=0.5263
  batch 170/264  loss=0.5277
  batch 180/264  loss=0.3457
  batch 190/264  loss=0.2907
  batch 200/264  loss=0.2854
  batch 210/264  loss=0.4765
  batch 220/264  loss=0.3767
  batch 230/264  loss=0.3789
  batch 240/264  loss=0.3553
  batch 250/264  loss=0.4762
  batch 260/264  loss=0.3592
Epoch 196/300  train=3.708e-01  rmse=2.2009  lr=5.0e-05  229s
  batch 10/264  loss=0.3404
  batch 20/264  loss=0.2827
  batch 30/264  loss=0.2597
  batch 40/264  loss=0.3635
  batch 50/264  loss=0.3312
  batch 60/264  loss=0.4127
  batch 70/264  loss=0.3202
  batch 80/264  loss=0.5227
  batch 90/264  loss=0.4701
  batch 100/264  loss=0.3714
  batch 110/264  loss=0.3132
  batch 120/264  loss=0.2970
  batch 130/264  loss=0.7969
  batch 140/264  loss=0.4926
  batch 150/264  loss=0.4429
  batch 160/264  loss=0.3221
  batch 170/264  loss=0.4085
  batch 180/264  loss=0.2951
  batch 190/264  loss=0.2872
  batch 200/264  loss=0.3610
  batch 210/264  loss=0.3496
  batch 220/264  loss=0.3357
  batch 230/264  loss=0.4626
  batch 240/264  loss=0.3964
  batch 250/264  loss=0.3322
  batch 260/264  loss=0.3794
Epoch 197/300  train=3.741e-01  rmse=3.3422  lr=5.0e-05  229s
  batch 10/264  loss=0.3491
  batch 20/264  loss=0.2842
  batch 30/264  loss=0.3307
  batch 40/264  loss=0.3215
  batch 50/264  loss=0.3627
  batch 60/264  loss=0.3426
  batch 70/264  loss=0.2896
  batch 80/264  loss=0.4767
  batch 90/264  loss=0.3024
  batch 100/264  loss=0.2788
  batch 110/264  loss=0.3311
  batch 120/264  loss=0.2916
  batch 130/264  loss=0.3647
  batch 140/264  loss=0.3184
  batch 150/264  loss=0.3735
  batch 160/264  loss=0.2912
  batch 170/264  loss=0.4069
  batch 180/264  loss=0.5239
  batch 190/264  loss=0.3535
  batch 200/264  loss=0.4020
  batch 210/264  loss=0.3887
  batch 220/264  loss=0.4462
  batch 230/264  loss=0.3717
  batch 240/264  loss=0.4336
  batch 250/264  loss=0.3180
  batch 260/264  loss=0.3217
Epoch 198/300  train=3.695e-01  rmse=1.7895  lr=5.0e-05  228s
  batch 10/264  loss=0.2870
  batch 20/264  loss=0.4641
  batch 30/264  loss=0.4078
  batch 40/264  loss=0.3815
  batch 50/264  loss=0.4478
  batch 60/264  loss=0.2870
  batch 70/264  loss=0.3141
  batch 80/264  loss=0.3303
  batch 90/264  loss=0.3430
  batch 100/264  loss=0.3031
  batch 110/264  loss=0.3716
  batch 120/264  loss=0.3689
  batch 130/264  loss=0.3654
  batch 140/264  loss=0.3856
  batch 150/264  loss=0.3102
  batch 160/264  loss=0.4705
  batch 170/264  loss=0.3237
  batch 180/264  loss=0.3138
  batch 190/264  loss=0.5303
  batch 200/264  loss=0.3261
  batch 210/264  loss=0.3317
  batch 220/264  loss=0.3236
  batch 230/264  loss=0.2695
  batch 240/264  loss=0.3246
  batch 250/264  loss=0.3598
  batch 260/264  loss=0.4208
Epoch 199/300  train=3.737e-01  rmse=2.2405  lr=5.0e-05  228s
  batch 10/264  loss=0.4213
  batch 20/264  loss=0.4302
  batch 30/264  loss=0.3695
  batch 40/264  loss=0.4526
  batch 50/264  loss=0.3369
  batch 60/264  loss=0.5823
  batch 70/264  loss=0.4388
  batch 80/264  loss=0.3278
  batch 90/264  loss=0.3674
  batch 100/264  loss=0.3121
  batch 110/264  loss=0.3283
  batch 120/264  loss=0.4907
  batch 130/264  loss=0.4185
  batch 140/264  loss=0.3333
  batch 150/264  loss=0.3593
  batch 160/264  loss=0.3462
  batch 170/264  loss=0.4727
  batch 180/264  loss=0.2969
  batch 190/264  loss=0.3375
  batch 200/264  loss=0.6332
  batch 210/264  loss=0.5059
  batch 220/264  loss=0.5029
  batch 230/264  loss=0.3872
  batch 240/264  loss=0.3452
  batch 250/264  loss=0.3433
  batch 260/264  loss=0.2808
Epoch 200/300  train=3.719e-01  rmse=2.8835  lr=5.0e-05  228s
  batch 10/264  loss=0.2993
  batch 20/264  loss=0.3574
  batch 30/264  loss=0.3265
  batch 40/264  loss=0.3869
  batch 50/264  loss=0.4097
  batch 60/264  loss=0.2949
  batch 70/264  loss=0.3453
  batch 80/264  loss=0.3907
  batch 90/264  loss=0.4203
  batch 100/264  loss=0.3989
  batch 110/264  loss=0.3238
  batch 120/264  loss=0.3618
  batch 130/264  loss=0.3262
  batch 140/264  loss=0.3820
  batch 150/264  loss=0.3177
  batch 160/264  loss=0.3578
  batch 170/264  loss=0.5302
  batch 180/264  loss=0.4305
  batch 190/264  loss=0.3052
  batch 200/264  loss=0.5242
  batch 210/264  loss=0.3043
  batch 220/264  loss=0.4299
  batch 230/264  loss=0.3153
  batch 240/264  loss=0.3659
  batch 250/264  loss=0.3198
  batch 260/264  loss=0.2876
Epoch 201/300  train=3.697e-01  rmse=3.7788  lr=5.0e-05  228s
  batch 10/264  loss=0.3122
  batch 20/264  loss=0.4081
  batch 30/264  loss=0.4043
  batch 40/264  loss=0.3390
  batch 50/264  loss=0.3965
  batch 60/264  loss=0.3123
  batch 70/264  loss=0.3664
  batch 80/264  loss=0.5277
  batch 90/264  loss=0.2868
  batch 100/264  loss=0.4538
  batch 110/264  loss=0.2486
  batch 120/264  loss=0.3336
  batch 130/264  loss=0.2603
  batch 140/264  loss=0.4692
  batch 150/264  loss=0.4232
  batch 160/264  loss=0.3470
  batch 170/264  loss=0.4559
  batch 180/264  loss=0.4029
  batch 190/264  loss=0.2849
  batch 200/264  loss=0.3185
  batch 210/264  loss=0.3131
  batch 220/264  loss=0.4128
  batch 230/264  loss=0.4054
  batch 240/264  loss=0.2894
  batch 250/264  loss=0.4582
  batch 260/264  loss=0.4445
Epoch 202/300  train=3.691e-01  rmse=3.5360  lr=5.0e-05  228s
  batch 10/264  loss=0.4135
  batch 20/264  loss=0.4699
  batch 30/264  loss=0.3540
  batch 40/264  loss=0.3276
  batch 50/264  loss=0.3769
  batch 60/264  loss=0.3816
  batch 70/264  loss=0.4076
  batch 80/264  loss=0.5115
  batch 90/264  loss=0.2798
  batch 100/264  loss=0.3016
  batch 110/264  loss=0.2779
  batch 120/264  loss=0.4677
  batch 130/264  loss=0.4067
  batch 140/264  loss=0.3257
  batch 150/264  loss=0.3330
  batch 160/264  loss=0.3260
  batch 170/264  loss=0.2746
  batch 180/264  loss=0.4127
  batch 190/264  loss=0.5042
  batch 200/264  loss=0.2741
  batch 210/264  loss=0.3092
  batch 220/264  loss=0.4176
  batch 230/264  loss=0.4115
  batch 240/264  loss=0.2841
  batch 250/264  loss=0.4104
  batch 260/264  loss=0.2935
Epoch 203/300  train=3.712e-01  rmse=1.7331  lr=5.0e-05  227s
  batch 10/264  loss=0.3207
  batch 20/264  loss=0.3435
  batch 30/264  loss=0.3667
  batch 40/264  loss=0.3137
  batch 50/264  loss=0.4089
  batch 60/264  loss=0.2874
  batch 70/264  loss=0.3438
  batch 80/264  loss=0.3492
  batch 90/264  loss=0.3079
  batch 100/264  loss=0.4611
  batch 110/264  loss=0.3146
  batch 120/264  loss=0.3807
  batch 130/264  loss=0.4169
  batch 140/264  loss=0.4901
  batch 150/264  loss=0.4460
  batch 160/264  loss=0.5035
  batch 170/264  loss=0.3309
  batch 180/264  loss=0.3020
  batch 190/264  loss=0.4403
  batch 200/264  loss=0.3019
  batch 210/264  loss=0.3372
  batch 220/264  loss=0.4528
  batch 230/264  loss=0.2921
  batch 240/264  loss=0.3206
  batch 250/264  loss=0.3266
  batch 260/264  loss=0.3160
Epoch 204/300  train=3.712e-01  rmse=3.5191  lr=5.0e-05  227s
  batch 10/264  loss=0.3319
  batch 20/264  loss=0.3707
  batch 30/264  loss=0.3625
  batch 40/264  loss=0.4276
  batch 50/264  loss=0.4092
  batch 60/264  loss=0.3033
  batch 70/264  loss=0.3586
  batch 80/264  loss=0.3710
  batch 90/264  loss=0.3392
  batch 100/264  loss=0.3615
  batch 110/264  loss=0.3462
  batch 120/264  loss=0.3512
  batch 130/264  loss=0.3746
  batch 140/264  loss=0.3248
  batch 150/264  loss=0.4232
  batch 160/264  loss=0.2949
  batch 170/264  loss=0.3097
  batch 180/264  loss=0.4444
  batch 190/264  loss=0.3234
  batch 200/264  loss=0.3296
  batch 210/264  loss=0.3451
  batch 220/264  loss=0.3490
  batch 230/264  loss=0.5076
  batch 240/264  loss=0.2879
  batch 250/264  loss=0.4096
  batch 260/264  loss=0.5363
Epoch 205/300  train=3.678e-01  rmse=2.5641  lr=5.0e-05  227s
  -> best  monitor=3.678e-01
  batch 10/264  loss=0.3388
  batch 20/264  loss=0.3096
  batch 30/264  loss=0.3570
  batch 40/264  loss=0.3297
  batch 50/264  loss=0.2625
  batch 60/264  loss=0.3843
  batch 70/264  loss=0.2746
  batch 80/264  loss=0.3458
  batch 90/264  loss=0.3804
  batch 100/264  loss=0.2752
  batch 110/264  loss=0.4374
  batch 120/264  loss=0.4214
  batch 130/264  loss=0.4603
  batch 140/264  loss=0.5206
  batch 150/264  loss=0.3479
  batch 160/264  loss=0.3748
  batch 170/264  loss=0.5822
  batch 180/264  loss=0.3268
  batch 190/264  loss=0.3250
  batch 200/264  loss=0.3491
  batch 210/264  loss=0.3320
  batch 220/264  loss=0.3330
  batch 230/264  loss=0.3452
  batch 240/264  loss=0.3419
  batch 250/264  loss=0.3683
  batch 260/264  loss=0.3460
Epoch 206/300  train=3.709e-01  rmse=4.5510  lr=5.0e-05  227s
  batch 10/264  loss=0.3760
  batch 20/264  loss=0.3168
  batch 30/264  loss=0.3876
  batch 40/264  loss=0.2960
  batch 50/264  loss=0.3042
  batch 60/264  loss=0.4274
  batch 70/264  loss=0.5790
  batch 80/264  loss=0.2964
  batch 90/264  loss=0.3540
  batch 100/264  loss=0.5300
  batch 110/264  loss=0.4923
  batch 120/264  loss=0.2907
  batch 130/264  loss=0.3315
  batch 140/264  loss=0.3373
  batch 150/264  loss=0.3556
  batch 160/264  loss=0.3076
  batch 170/264  loss=0.5308
  batch 180/264  loss=0.3332
  batch 190/264  loss=0.3702
  batch 200/264  loss=0.3219
  batch 210/264  loss=0.3566
  batch 220/264  loss=0.3202
  batch 230/264  loss=0.4198
  batch 240/264  loss=0.4209
  batch 250/264  loss=0.3343
  batch 260/264  loss=0.3317
Epoch 207/300  train=3.707e-01  rmse=2.4648  lr=5.0e-05  226s
  batch 10/264  loss=0.3339
  batch 20/264  loss=0.3204
  batch 30/264  loss=0.4208
  batch 40/264  loss=0.4679
  batch 50/264  loss=0.3260
  batch 60/264  loss=0.2996
  batch 70/264  loss=0.3921
  batch 80/264  loss=0.2860
  batch 90/264  loss=0.4555
  batch 100/264  loss=0.4025
  batch 110/264  loss=0.3476
  batch 120/264  loss=0.3494
  batch 130/264  loss=0.2523
  batch 140/264  loss=0.3600
  batch 150/264  loss=0.4092
  batch 160/264  loss=0.5205
  batch 170/264  loss=0.4456
  batch 180/264  loss=0.6961
  batch 190/264  loss=0.2776
  batch 200/264  loss=0.4599
  batch 210/264  loss=0.2848
  batch 220/264  loss=0.3222
  batch 230/264  loss=0.3300
  batch 240/264  loss=0.3967
  batch 250/264  loss=0.3749
  batch 260/264  loss=0.3046
Epoch 208/300  train=3.665e-01  rmse=4.1420  lr=5.0e-05  228s
  -> best  monitor=3.665e-01
  batch 10/264  loss=0.3705
  batch 20/264  loss=0.4479
  batch 30/264  loss=0.2990
  batch 40/264  loss=0.5173
  batch 50/264  loss=0.3158
  batch 60/264  loss=0.3449
  batch 70/264  loss=0.3176
  batch 80/264  loss=0.3797
  batch 90/264  loss=0.2848
  batch 100/264  loss=0.3175
  batch 110/264  loss=0.2989
  batch 120/264  loss=0.3613
  batch 130/264  loss=0.3105
  batch 140/264  loss=0.3290
  batch 150/264  loss=0.4093
  batch 160/264  loss=0.2931
  batch 170/264  loss=0.3252
  batch 180/264  loss=0.3503
  batch 190/264  loss=0.4685
  batch 200/264  loss=0.3804
  batch 210/264  loss=0.3747
  batch 220/264  loss=0.3768
  batch 230/264  loss=0.3181
  batch 240/264  loss=0.4262
  batch 250/264  loss=0.3798
  batch 260/264  loss=0.3476
Epoch 209/300  train=3.650e-01  rmse=2.4888  lr=5.0e-05  228s
  -> best  monitor=3.650e-01
  batch 10/264  loss=0.3898
  batch 20/264  loss=0.3438
  batch 30/264  loss=0.3279
  batch 40/264  loss=0.3151
  batch 50/264  loss=0.3244
  batch 60/264  loss=0.3613
  batch 70/264  loss=0.3713
  batch 80/264  loss=0.3386
  batch 90/264  loss=0.4253
  batch 100/264  loss=0.3530
  batch 110/264  loss=0.3426
  batch 120/264  loss=0.3610
  batch 130/264  loss=0.3675
  batch 140/264  loss=0.3680
  batch 150/264  loss=0.3415
  batch 160/264  loss=0.4674
  batch 170/264  loss=0.3496
  batch 180/264  loss=0.3786
  batch 190/264  loss=0.4268
  batch 200/264  loss=0.5192
  batch 210/264  loss=0.4795
  batch 220/264  loss=0.3443
  batch 230/264  loss=0.3121
  batch 240/264  loss=0.3128
  batch 250/264  loss=0.2737
  batch 260/264  loss=0.2940
Epoch 210/300  train=3.667e-01  rmse=4.5829  lr=5.0e-05  228s
  batch 10/264  loss=0.3114
  batch 20/264  loss=0.4695
  batch 30/264  loss=0.3172
  batch 40/264  loss=0.3229
  batch 50/264  loss=0.4276
  batch 60/264  loss=0.4425
  batch 70/264  loss=0.2961
  batch 80/264  loss=0.4035
  batch 90/264  loss=0.4437
  batch 100/264  loss=0.4654
  batch 110/264  loss=0.3839
  batch 120/264  loss=0.3255
  batch 130/264  loss=0.3253
  batch 140/264  loss=0.3798
  batch 150/264  loss=0.3620
  batch 160/264  loss=0.4433
  batch 170/264  loss=0.3487
  batch 180/264  loss=0.4011
  batch 190/264  loss=0.3820
  batch 200/264  loss=0.3283
  batch 210/264  loss=0.2692
  batch 220/264  loss=0.3542
  batch 230/264  loss=0.3370
  batch 240/264  loss=0.4608
  batch 250/264  loss=0.3488
  batch 260/264  loss=0.3553
Epoch 211/300  train=3.673e-01  rmse=1.7932  lr=5.0e-05  228s
  batch 10/264  loss=0.4960
  batch 20/264  loss=0.3954
  batch 30/264  loss=0.3029
  batch 40/264  loss=0.3800
  batch 50/264  loss=0.3093
  batch 60/264  loss=0.2741
  batch 70/264  loss=0.2875
  batch 80/264  loss=0.3349
  batch 90/264  loss=0.2939
  batch 100/264  loss=0.5214
  batch 110/264  loss=0.3340
  batch 120/264  loss=0.4162
  batch 130/264  loss=0.2857
  batch 140/264  loss=0.3190
  batch 150/264  loss=0.3239
  batch 160/264  loss=0.4414
  batch 170/264  loss=0.3908
  batch 180/264  loss=0.2778
  batch 190/264  loss=0.3783
  batch 200/264  loss=0.2893
  batch 210/264  loss=0.4542
  batch 220/264  loss=0.3740
  batch 230/264  loss=0.3027
  batch 240/264  loss=0.2758
  batch 250/264  loss=0.4238
  batch 260/264  loss=0.4637
Epoch 212/300  train=3.659e-01  rmse=3.1456  lr=5.0e-05  228s
  batch 10/264  loss=0.3619
  batch 20/264  loss=0.2957
  batch 30/264  loss=0.2764
  batch 40/264  loss=0.3554
  batch 50/264  loss=0.3763
  batch 60/264  loss=0.3251
  batch 70/264  loss=0.3143
  batch 80/264  loss=0.3587
  batch 90/264  loss=0.3883
  batch 100/264  loss=0.3604
  batch 110/264  loss=0.3855
  batch 120/264  loss=0.2842
  batch 130/264  loss=0.3212
  batch 140/264  loss=0.3743
  batch 150/264  loss=0.2949
  batch 160/264  loss=0.3033
  batch 170/264  loss=0.3156
  batch 180/264  loss=0.3107
  batch 190/264  loss=0.3652
  batch 200/264  loss=0.3671
  batch 210/264  loss=0.3620
  batch 220/264  loss=0.3040
  batch 230/264  loss=0.3174
  batch 240/264  loss=0.3658
  batch 250/264  loss=0.5142
  batch 260/264  loss=0.2861
Epoch 213/300  train=3.638e-01  rmse=1.9852  lr=5.0e-05  227s
  -> best  monitor=3.638e-01
  batch 10/264  loss=0.4255
  batch 20/264  loss=0.3075
  batch 30/264  loss=0.2570
  batch 40/264  loss=0.3640
  batch 50/264  loss=0.3046
  batch 60/264  loss=0.3762
  batch 70/264  loss=0.5023
  batch 80/264  loss=0.5711
  batch 90/264  loss=0.3980
  batch 100/264  loss=0.2746
  batch 110/264  loss=0.3894
  batch 120/264  loss=0.3245
  batch 130/264  loss=0.3666
  batch 140/264  loss=0.3037
  batch 150/264  loss=0.4882
  batch 160/264  loss=0.3040
  batch 170/264  loss=0.4850
  batch 180/264  loss=0.3702
  batch 190/264  loss=0.3822
  batch 200/264  loss=0.3327
  batch 210/264  loss=0.3195
  batch 220/264  loss=0.3583
  batch 230/264  loss=0.2916
  batch 240/264  loss=0.2993
  batch 250/264  loss=0.4395
  batch 260/264  loss=0.2868
Epoch 214/300  train=3.673e-01  rmse=3.3388  lr=5.0e-05  228s
  batch 10/264  loss=0.2944
  batch 20/264  loss=0.3622
  batch 30/264  loss=0.4075
  batch 40/264  loss=0.3586
  batch 50/264  loss=0.4627
  batch 60/264  loss=0.3193
  batch 70/264  loss=0.3524
  batch 80/264  loss=0.3628
  batch 90/264  loss=0.3966
  batch 100/264  loss=0.4683
  batch 110/264  loss=0.3297
  batch 120/264  loss=0.3460
  batch 130/264  loss=0.3822
  batch 140/264  loss=0.2961
  batch 150/264  loss=0.3077
  batch 160/264  loss=0.4307
  batch 170/264  loss=0.3820
  batch 180/264  loss=0.4278
  batch 190/264  loss=0.3011
  batch 200/264  loss=0.4003
  batch 210/264  loss=0.3100
  batch 220/264  loss=0.2865
  batch 230/264  loss=0.3137
  batch 240/264  loss=0.3197
  batch 250/264  loss=0.3663
  batch 260/264  loss=0.2542
Epoch 215/300  train=3.678e-01  rmse=1.8806  lr=5.0e-05  228s
  batch 10/264  loss=0.3534
  batch 20/264  loss=0.5439
  batch 30/264  loss=0.3682
  batch 40/264  loss=0.3261
  batch 50/264  loss=0.3537
  batch 60/264  loss=0.3593
  batch 70/264  loss=0.3225
  batch 80/264  loss=0.4039
  batch 90/264  loss=0.3258
  batch 100/264  loss=0.3273
  batch 110/264  loss=0.3303
  batch 120/264  loss=0.3313
  batch 130/264  loss=0.4487
  batch 140/264  loss=0.2872
  batch 150/264  loss=0.3170
  batch 160/264  loss=0.4054
  batch 170/264  loss=0.4550
  batch 180/264  loss=0.4146
  batch 190/264  loss=0.4155
  batch 200/264  loss=0.3889
  batch 210/264  loss=0.3728
  batch 220/264  loss=0.4770
  batch 230/264  loss=0.3178
  batch 240/264  loss=0.4964
  batch 250/264  loss=0.3435
  batch 260/264  loss=0.4509
Epoch 216/300  train=3.661e-01  rmse=2.5583  lr=5.0e-05  227s
  batch 10/264  loss=0.3135
  batch 20/264  loss=0.4387
  batch 30/264  loss=0.2856
  batch 40/264  loss=0.4034
  batch 50/264  loss=0.3974
  batch 60/264  loss=0.4067
  batch 70/264  loss=0.3846
  batch 80/264  loss=0.3075
  batch 90/264  loss=0.3528
  batch 100/264  loss=0.4016
  batch 110/264  loss=0.3076
  batch 120/264  loss=0.3495
  batch 130/264  loss=0.4029
  batch 140/264  loss=0.3473
  batch 150/264  loss=0.2669
  batch 160/264  loss=0.2837
  batch 170/264  loss=0.2978
  batch 180/264  loss=0.4710
  batch 190/264  loss=0.3130
  batch 200/264  loss=0.3889
  batch 210/264  loss=0.5110
  batch 220/264  loss=0.2968
  batch 230/264  loss=0.2578
  batch 240/264  loss=0.3376
  batch 250/264  loss=0.3347
  batch 260/264  loss=0.3172
Epoch 217/300  train=3.650e-01  rmse=2.1210  lr=5.0e-05  227s
  batch 10/264  loss=0.4804
  batch 20/264  loss=0.3460
  batch 30/264  loss=0.2630
  batch 40/264  loss=0.4850
  batch 50/264  loss=0.2781
  batch 60/264  loss=0.3185
  batch 70/264  loss=0.5899
  batch 80/264  loss=0.3742
  batch 90/264  loss=0.3057
  batch 100/264  loss=0.2998
  batch 110/264  loss=0.3643
  batch 120/264  loss=0.3534
  batch 130/264  loss=0.3504
  batch 140/264  loss=0.3223
  batch 150/264  loss=0.3224
  batch 160/264  loss=0.3781
  batch 170/264  loss=0.2480
  batch 180/264  loss=0.4217
  batch 190/264  loss=0.3131
  batch 200/264  loss=0.3224
  batch 210/264  loss=0.4687
  batch 220/264  loss=0.2854
  batch 230/264  loss=0.2853
  batch 240/264  loss=0.3456
  batch 250/264  loss=0.2811
  batch 260/264  loss=0.4992
Epoch 218/300  train=3.664e-01  rmse=2.9717  lr=5.0e-05  229s
  batch 10/264  loss=0.3288
  batch 20/264  loss=0.4127
  batch 30/264  loss=0.4282
  batch 40/264  loss=0.6588
  batch 50/264  loss=0.2950
  batch 60/264  loss=0.4559
  batch 70/264  loss=0.5500
  batch 80/264  loss=0.3605
  batch 90/264  loss=0.5730
  batch 100/264  loss=0.3937
  batch 110/264  loss=0.3696
  batch 120/264  loss=0.2790
  batch 130/264  loss=0.3571
  batch 140/264  loss=0.3084
  batch 150/264  loss=0.2978
  batch 160/264  loss=0.3719
  batch 170/264  loss=0.4304
  batch 180/264  loss=0.3876
  batch 190/264  loss=0.2977
  batch 200/264  loss=0.3954
  batch 210/264  loss=0.3075
  batch 220/264  loss=0.4288
  batch 230/264  loss=0.3479
  batch 240/264  loss=0.3732
  batch 250/264  loss=0.3077
  batch 260/264  loss=0.4751
Epoch 219/300  train=3.652e-01  rmse=2.5473  lr=5.0e-05  229s
  batch 10/264  loss=0.3476
  batch 20/264  loss=0.5746
  batch 30/264  loss=0.3439
  batch 40/264  loss=0.4732
  batch 50/264  loss=0.3522
  batch 60/264  loss=0.3361
  batch 70/264  loss=0.3135
  batch 80/264  loss=0.3144
  batch 90/264  loss=0.2933
  batch 100/264  loss=0.4196
  batch 110/264  loss=0.3725
  batch 120/264  loss=0.3035
  batch 130/264  loss=0.4111
  batch 140/264  loss=0.2762
  batch 150/264  loss=0.2843
  batch 160/264  loss=0.4817
  batch 170/264  loss=0.4294
  batch 180/264  loss=0.2897
  batch 190/264  loss=0.3597
  batch 200/264  loss=0.3662
  batch 210/264  loss=0.3006
  batch 220/264  loss=0.3863
  batch 230/264  loss=0.3068
  batch 240/264  loss=0.3351
  batch 250/264  loss=0.3361
  batch 260/264  loss=0.4945
Epoch 220/300  train=3.655e-01  rmse=2.3459  lr=5.0e-05  228s
  batch 10/264  loss=0.4330
  batch 20/264  loss=0.2876
  batch 30/264  loss=0.4093
  batch 40/264  loss=0.3665
  batch 50/264  loss=0.4568
  batch 60/264  loss=0.3649
  batch 70/264  loss=0.3706
  batch 80/264  loss=0.4096
  batch 90/264  loss=0.2934
  batch 100/264  loss=0.3667
  batch 110/264  loss=0.2884
  batch 120/264  loss=0.3702
  batch 130/264  loss=0.3281
  batch 140/264  loss=0.3948
  batch 150/264  loss=0.4622
  batch 160/264  loss=0.4128
  batch 170/264  loss=0.3644
  batch 180/264  loss=0.3012
  batch 190/264  loss=0.3074
  batch 200/264  loss=0.3476
  batch 210/264  loss=0.3123
  batch 220/264  loss=0.2601
  batch 230/264  loss=0.3417
  batch 240/264  loss=0.3890
  batch 250/264  loss=0.3746
  batch 260/264  loss=0.2973
Epoch 221/300  train=3.648e-01  rmse=2.6720  lr=5.0e-05  228s
  batch 10/264  loss=0.4507
  batch 20/264  loss=0.2865
  batch 30/264  loss=0.2659
  batch 40/264  loss=0.3448
  batch 50/264  loss=0.5616
  batch 60/264  loss=0.3479
  batch 70/264  loss=0.3193
  batch 80/264  loss=0.3063
  batch 90/264  loss=0.3615
  batch 100/264  loss=0.4251
  batch 110/264  loss=0.3306
  batch 120/264  loss=0.3090
  batch 130/264  loss=0.3167
  batch 140/264  loss=0.3257
  batch 150/264  loss=0.3658
  batch 160/264  loss=0.2824
  batch 170/264  loss=0.3086
  batch 180/264  loss=0.3157
  batch 190/264  loss=0.3575
  batch 200/264  loss=0.2744
  batch 210/264  loss=0.3470
  batch 220/264  loss=0.5554
  batch 230/264  loss=0.3814
  batch 240/264  loss=0.3075
  batch 250/264  loss=0.5139
  batch 260/264  loss=0.3926
Epoch 222/300  train=3.697e-01  rmse=2.0580  lr=5.0e-05  227s
  batch 10/264  loss=0.4268
  batch 20/264  loss=0.2791
  batch 30/264  loss=0.3001
  batch 40/264  loss=0.3437
  batch 50/264  loss=0.4446
  batch 60/264  loss=0.3448
  batch 70/264  loss=0.3550
  batch 80/264  loss=0.2991
  batch 90/264  loss=0.2934
  batch 100/264  loss=0.3436
  batch 110/264  loss=0.3198
  batch 120/264  loss=0.4165
  batch 130/264  loss=0.3699
  batch 140/264  loss=0.4365
  batch 150/264  loss=0.4051
  batch 160/264  loss=0.3267
  batch 170/264  loss=0.2847
  batch 180/264  loss=0.4236
  batch 190/264  loss=0.3659
  batch 200/264  loss=0.3789
  batch 210/264  loss=0.3269
  batch 220/264  loss=0.3139
  batch 230/264  loss=0.3315
  batch 240/264  loss=0.3893
  batch 250/264  loss=0.4872
  batch 260/264  loss=0.5567
Epoch 223/300  train=3.613e-01  rmse=2.2850  lr=5.0e-05  228s
  -> best  monitor=3.613e-01
  batch 10/264  loss=0.3628
  batch 20/264  loss=0.3783
  batch 30/264  loss=0.3475
  batch 40/264  loss=0.3453
  batch 50/264  loss=0.3522
  batch 60/264  loss=0.3050
  batch 70/264  loss=0.2675
  batch 80/264  loss=0.5634
  batch 90/264  loss=0.3027
  batch 100/264  loss=0.3620
  batch 110/264  loss=0.4358
  batch 120/264  loss=0.3282
  batch 130/264  loss=0.3095
  batch 140/264  loss=0.3495
  batch 150/264  loss=0.4378
  batch 160/264  loss=0.3368
  batch 170/264  loss=0.3160
  batch 180/264  loss=0.4019
  batch 190/264  loss=0.5042
  batch 200/264  loss=0.4485
  batch 210/264  loss=0.5332
  batch 220/264  loss=0.3522
  batch 230/264  loss=0.3534
  batch 240/264  loss=0.3878
  batch 250/264  loss=0.3319
  batch 260/264  loss=0.3423
Epoch 224/300  train=3.653e-01  rmse=2.9698  lr=5.0e-05  229s
  batch 10/264  loss=0.2733
  batch 20/264  loss=0.3213
  batch 30/264  loss=0.5528
  batch 40/264  loss=0.2996
  batch 50/264  loss=0.3736
  batch 60/264  loss=0.3352
  batch 70/264  loss=0.3055
  batch 80/264  loss=0.3591
  batch 90/264  loss=0.2903
  batch 100/264  loss=0.2757
  batch 110/264  loss=0.9908
  batch 120/264  loss=0.3099
  batch 130/264  loss=0.3049
  batch 140/264  loss=0.3017
  batch 150/264  loss=0.5232
  batch 160/264  loss=0.2841
  batch 170/264  loss=0.4049
  batch 180/264  loss=0.3367
  batch 190/264  loss=0.3367
  batch 200/264  loss=0.3563
  batch 210/264  loss=0.3565
  batch 220/264  loss=0.3273
  batch 230/264  loss=0.3022
  batch 240/264  loss=0.4848
  batch 250/264  loss=0.2964
  batch 260/264  loss=0.5149
Epoch 225/300  train=3.636e-01  rmse=1.7637  lr=5.0e-05  230s
  batch 10/264  loss=0.2602
  batch 20/264  loss=0.3523
  batch 30/264  loss=0.4211
  batch 40/264  loss=0.3694
  batch 50/264  loss=0.3525
  batch 60/264  loss=0.3833
  batch 70/264  loss=0.3348
  batch 80/264  loss=0.4789
  batch 90/264  loss=0.3366
  batch 100/264  loss=0.3040
  batch 110/264  loss=0.3786
  batch 120/264  loss=0.3791
  batch 130/264  loss=0.5257
  batch 140/264  loss=0.4342
  batch 150/264  loss=0.2970
  batch 160/264  loss=0.4600
  batch 170/264  loss=0.4204
  batch 180/264  loss=0.3924
  batch 190/264  loss=0.3249
  batch 200/264  loss=0.3361
  batch 210/264  loss=0.4269
  batch 220/264  loss=0.2931
  batch 230/264  loss=0.4688
  batch 240/264  loss=0.2667
  batch 250/264  loss=0.3975
  batch 260/264  loss=0.3029
Epoch 226/300  train=3.623e-01  rmse=2.2320  lr=5.0e-05  228s
  batch 10/264  loss=0.3575
  batch 20/264  loss=0.5366
  batch 30/264  loss=0.4775
  batch 40/264  loss=0.4219
  batch 50/264  loss=0.3344
  batch 60/264  loss=0.2893
  batch 70/264  loss=0.3811
  batch 80/264  loss=0.3138
  batch 90/264  loss=0.3551
  batch 100/264  loss=0.2977
  batch 110/264  loss=0.4232
  batch 120/264  loss=0.2936
  batch 130/264  loss=0.2709
  batch 140/264  loss=0.4978
  batch 150/264  loss=0.4486
  batch 160/264  loss=0.2529
  batch 170/264  loss=0.3047
  batch 180/264  loss=0.3919
  batch 190/264  loss=0.3070
  batch 200/264  loss=0.3468
  batch 210/264  loss=0.3546
  batch 220/264  loss=0.3824
  batch 230/264  loss=0.3098
  batch 240/264  loss=0.3327
  batch 250/264  loss=0.3109
  batch 260/264  loss=0.4434
Epoch 227/300  train=3.642e-01  rmse=2.9114  lr=5.0e-05  228s
  batch 10/264  loss=0.2796
  batch 20/264  loss=0.3475
  batch 30/264  loss=0.4888
  batch 40/264  loss=0.3139
  batch 50/264  loss=0.3229
  batch 60/264  loss=0.5015
  batch 70/264  loss=0.3305
  batch 80/264  loss=0.3742
  batch 90/264  loss=0.4057
  batch 100/264  loss=0.2992
  batch 110/264  loss=0.3683
  batch 120/264  loss=0.2949
  batch 130/264  loss=0.3367
  batch 140/264  loss=0.3735
  batch 150/264  loss=0.2892
  batch 160/264  loss=0.4256
  batch 170/264  loss=0.4059
  batch 180/264  loss=0.2844
  batch 190/264  loss=0.4177
  batch 200/264  loss=0.4602
  batch 210/264  loss=0.3083
  batch 220/264  loss=0.4259
  batch 230/264  loss=0.2968
  batch 240/264  loss=0.3175
  batch 250/264  loss=0.2376
  batch 260/264  loss=0.7666
Epoch 228/300  train=3.661e-01  rmse=2.4165  lr=5.0e-05  228s
  batch 10/264  loss=0.3315
  batch 20/264  loss=0.3827
  batch 30/264  loss=0.3228
  batch 40/264  loss=0.3409
  batch 50/264  loss=0.3109
  batch 60/264  loss=0.4162
  batch 70/264  loss=0.4084
  batch 80/264  loss=0.3497
  batch 90/264  loss=0.4088
  batch 100/264  loss=0.3086
  batch 110/264  loss=0.4085
  batch 120/264  loss=0.2564
  batch 130/264  loss=0.3952
  batch 140/264  loss=0.4643
  batch 150/264  loss=0.2809
  batch 160/264  loss=0.3288
  batch 170/264  loss=0.5623
  batch 180/264  loss=0.3826
  batch 190/264  loss=0.3829
  batch 200/264  loss=0.3937
  batch 210/264  loss=0.4403
  batch 220/264  loss=0.4079
  batch 230/264  loss=0.3686
  batch 240/264  loss=0.4400
  batch 250/264  loss=0.3401
  batch 260/264  loss=0.3773
Epoch 229/300  train=3.666e-01  rmse=2.2822  lr=5.0e-05  227s
  batch 10/264  loss=0.3206
  batch 20/264  loss=0.3621
  batch 30/264  loss=0.3774
  batch 40/264  loss=0.3283
  batch 50/264  loss=0.2594
  batch 60/264  loss=0.2799
  batch 70/264  loss=0.4889
  batch 80/264  loss=0.2799
  batch 90/264  loss=0.4059
  batch 100/264  loss=0.3364
  batch 110/264  loss=0.4103
  batch 120/264  loss=0.2840
  batch 130/264  loss=0.2960
  batch 140/264  loss=0.3709
  batch 150/264  loss=0.3561
  batch 160/264  loss=0.4986
  batch 170/264  loss=0.4082
  batch 180/264  loss=0.3267
  batch 190/264  loss=0.3823
  batch 200/264  loss=0.3680
  batch 210/264  loss=0.4109
  batch 220/264  loss=0.4628
  batch 230/264  loss=0.3089
  batch 240/264  loss=0.5006
  batch 250/264  loss=0.3247
  batch 260/264  loss=0.3483
Epoch 230/300  train=3.639e-01  rmse=2.2371  lr=5.0e-05  228s
  batch 10/264  loss=0.2937
  batch 20/264  loss=0.4290
  batch 30/264  loss=0.4015
  batch 40/264  loss=0.3347
  batch 50/264  loss=0.4103
  batch 60/264  loss=0.2894
  batch 70/264  loss=0.3444
  batch 80/264  loss=0.2958
  batch 90/264  loss=0.3483
  batch 100/264  loss=0.3169
  batch 110/264  loss=0.6646
  batch 120/264  loss=0.3082
  batch 130/264  loss=0.3504
  batch 140/264  loss=0.2477
  batch 150/264  loss=0.3025
  batch 160/264  loss=0.6619
  batch 170/264  loss=0.4132
  batch 180/264  loss=0.3201
  batch 190/264  loss=0.3491
  batch 200/264  loss=0.3757
  batch 210/264  loss=0.2827
  batch 220/264  loss=0.3010
  batch 230/264  loss=0.4883
  batch 240/264  loss=0.3216
  batch 250/264  loss=0.3149
  batch 260/264  loss=0.2804
Epoch 231/300  train=3.606e-01  rmse=7.3032  lr=5.0e-05  227s
  -> best  monitor=3.606e-01
  batch 10/264  loss=0.3259
  batch 20/264  loss=0.3495
  batch 30/264  loss=0.3674
  batch 40/264  loss=0.3052
  batch 50/264  loss=0.2780
  batch 60/264  loss=0.4011
  batch 70/264  loss=0.3053
  batch 80/264  loss=0.4674
  batch 90/264  loss=0.2897
  batch 100/264  loss=0.4506
  batch 110/264  loss=0.2742
  batch 120/264  loss=0.3298
  batch 130/264  loss=0.4359
  batch 140/264  loss=0.2562
  batch 150/264  loss=0.3264
  batch 160/264  loss=0.3099
  batch 170/264  loss=0.3125
  batch 180/264  loss=0.5990
  batch 190/264  loss=0.5204
  batch 200/264  loss=0.4109
  batch 210/264  loss=0.3291
  batch 220/264  loss=0.3045
  batch 230/264  loss=0.4694
  batch 240/264  loss=0.3514
  batch 250/264  loss=0.4120
  batch 260/264  loss=0.3687
Epoch 232/300  train=3.637e-01  rmse=4.2744  lr=5.0e-05  228s
  batch 10/264  loss=0.2914
  batch 20/264  loss=0.3111
  batch 30/264  loss=0.3179
  batch 40/264  loss=0.4156
  batch 50/264  loss=0.3680
  batch 60/264  loss=0.3226
  batch 70/264  loss=0.3922
  batch 80/264  loss=0.2673
  batch 90/264  loss=0.2811
  batch 100/264  loss=0.2871
  batch 110/264  loss=0.2529
  batch 120/264  loss=0.4253
  batch 130/264  loss=0.6967
  batch 140/264  loss=0.3151
  batch 150/264  loss=0.3390
  batch 160/264  loss=0.4425
  batch 170/264  loss=0.4574
  batch 180/264  loss=0.3493
  batch 190/264  loss=0.4500
  batch 200/264  loss=0.4674
  batch 210/264  loss=0.3466
  batch 220/264  loss=0.3004
  batch 230/264  loss=0.3682
  batch 240/264  loss=0.4224
  batch 250/264  loss=0.4862
  batch 260/264  loss=0.4086
Epoch 233/300  train=3.639e-01  rmse=5.4015  lr=5.0e-05  227s
  batch 10/264  loss=0.3016
  batch 20/264  loss=0.2773
  batch 30/264  loss=0.3278
  batch 40/264  loss=0.2931
  batch 50/264  loss=0.3160
  batch 60/264  loss=0.4253
  batch 70/264  loss=0.4151
  batch 80/264  loss=0.4148
  batch 90/264  loss=0.3748
  batch 100/264  loss=0.3075
  batch 110/264  loss=0.4099
  batch 120/264  loss=0.2672
  batch 130/264  loss=0.3650
  batch 140/264  loss=0.2998
  batch 150/264  loss=0.3099
  batch 160/264  loss=0.4846
  batch 170/264  loss=0.3603
  batch 180/264  loss=0.5059
  batch 190/264  loss=0.3331
  batch 200/264  loss=0.3502
  batch 210/264  loss=0.3424
  batch 220/264  loss=0.3708
  batch 230/264  loss=0.3177
  batch 240/264  loss=0.3832
  batch 250/264  loss=0.2322
  batch 260/264  loss=0.3197
Epoch 234/300  train=3.651e-01  rmse=1.8805  lr=5.0e-05  227s
  batch 10/264  loss=0.3174
  batch 20/264  loss=0.3448
  batch 30/264  loss=0.3461
  batch 40/264  loss=0.4164
  batch 50/264  loss=0.3110
  batch 60/264  loss=0.2809
  batch 70/264  loss=0.4484
  batch 80/264  loss=0.2765
  batch 90/264  loss=0.5655
  batch 100/264  loss=0.3695
  batch 110/264  loss=0.2931
  batch 120/264  loss=0.4116
  batch 130/264  loss=0.3130
  batch 140/264  loss=0.4596
  batch 150/264  loss=0.3677
  batch 160/264  loss=0.3307
  batch 170/264  loss=0.4269
  batch 180/264  loss=0.3593
  batch 190/264  loss=0.3369
  batch 200/264  loss=0.2751
  batch 210/264  loss=0.4551
  batch 220/264  loss=0.3564
  batch 230/264  loss=0.2779
  batch 240/264  loss=0.4232
  batch 250/264  loss=0.3325
  batch 260/264  loss=0.2791
Epoch 235/300  train=3.625e-01  rmse=2.5677  lr=5.0e-05  228s
  batch 10/264  loss=0.2858
  batch 20/264  loss=0.2939
  batch 30/264  loss=0.4211
  batch 40/264  loss=0.2848
  batch 50/264  loss=0.4002
  batch 60/264  loss=0.3757
  batch 70/264  loss=0.3068
  batch 80/264  loss=0.4761
  batch 90/264  loss=0.3131
  batch 100/264  loss=0.3053
  batch 110/264  loss=0.3829
  batch 120/264  loss=0.4762
  batch 130/264  loss=0.4601
  batch 140/264  loss=0.2841
  batch 150/264  loss=0.4170
  batch 160/264  loss=0.3712
  batch 170/264  loss=0.2868
  batch 180/264  loss=0.3156
  batch 190/264  loss=0.5724
  batch 200/264  loss=0.4280
  batch 210/264  loss=0.3734
  batch 220/264  loss=0.2825
  batch 230/264  loss=0.2970
  batch 240/264  loss=0.4707
  batch 250/264  loss=0.3693
  batch 260/264  loss=0.2916
Epoch 236/300  train=3.573e-01  rmse=1.8681  lr=5.0e-05  228s
  -> best  monitor=3.573e-01
  batch 10/264  loss=0.4375
  batch 20/264  loss=0.4203
  batch 30/264  loss=0.3070
  batch 40/264  loss=0.3654
  batch 50/264  loss=0.3472
  batch 60/264  loss=0.2905
  batch 70/264  loss=0.5969
  batch 80/264  loss=0.3606
  batch 90/264  loss=0.4237
  batch 100/264  loss=0.4214
  batch 110/264  loss=0.3060
  batch 120/264  loss=0.2917
  batch 130/264  loss=0.3684
  batch 140/264  loss=0.3649
  batch 150/264  loss=0.4279
  batch 160/264  loss=0.3383
  batch 170/264  loss=0.3776
  batch 180/264  loss=0.3586
  batch 190/264  loss=0.3814
  batch 200/264  loss=0.3181
  batch 210/264  loss=0.3008
  batch 220/264  loss=0.3309
  batch 230/264  loss=0.3990
  batch 240/264  loss=0.3630
  batch 250/264  loss=0.2536
  batch 260/264  loss=0.3063
Epoch 237/300  train=3.610e-01  rmse=3.0308  lr=5.0e-05  228s
  batch 10/264  loss=0.4045
  batch 20/264  loss=0.2786
  batch 30/264  loss=0.3537
  batch 40/264  loss=0.4518
  batch 50/264  loss=0.3160
  batch 60/264  loss=0.3731
  batch 70/264  loss=0.3389
  batch 80/264  loss=0.4698
  batch 90/264  loss=0.3117
  batch 100/264  loss=0.4321
  batch 110/264  loss=0.4120
  batch 120/264  loss=0.3784
  batch 130/264  loss=0.3558
  batch 140/264  loss=0.3476
  batch 150/264  loss=0.3571
  batch 160/264  loss=0.3903
  batch 170/264  loss=0.3129
  batch 180/264  loss=0.2803
  batch 190/264  loss=0.3187
  batch 200/264  loss=0.2962
  batch 210/264  loss=0.3432
  batch 220/264  loss=0.3543
  batch 230/264  loss=0.3787
  batch 240/264  loss=0.3190
  batch 250/264  loss=0.3020
  batch 260/264  loss=0.3510
Epoch 238/300  train=3.650e-01  rmse=2.1115  lr=5.0e-05  228s
  batch 10/264  loss=0.3269
  batch 20/264  loss=0.3579
  batch 30/264  loss=0.4062
  batch 40/264  loss=0.3092
  batch 50/264  loss=0.3227
  batch 60/264  loss=0.4087
  batch 70/264  loss=0.2687
  batch 80/264  loss=0.3081
  batch 90/264  loss=0.3357
  batch 100/264  loss=0.2954
  batch 110/264  loss=0.3934
  batch 120/264  loss=0.3007
  batch 130/264  loss=0.4783
  batch 140/264  loss=0.3892
  batch 150/264  loss=0.3702
  batch 160/264  loss=0.3157
  batch 170/264  loss=0.2995
  batch 180/264  loss=0.3069
  batch 190/264  loss=0.4019
  batch 200/264  loss=0.2989
  batch 210/264  loss=0.4127
  batch 220/264  loss=0.2761
  batch 230/264  loss=0.4839
  batch 240/264  loss=0.3046
  batch 250/264  loss=0.6871
  batch 260/264  loss=0.4827
Epoch 239/300  train=3.652e-01  rmse=2.0356  lr=5.0e-05  228s
  batch 10/264  loss=0.3096
  batch 20/264  loss=0.3125
  batch 30/264  loss=0.3719
  batch 40/264  loss=0.4691
  batch 50/264  loss=0.2796
  batch 60/264  loss=0.3157
  batch 70/264  loss=0.4019
  batch 80/264  loss=0.5035
  batch 90/264  loss=0.2928
  batch 100/264  loss=0.3318
  batch 110/264  loss=0.3304
  batch 120/264  loss=0.2991
  batch 130/264  loss=0.3356
  batch 140/264  loss=0.3369
  batch 150/264  loss=0.3026
  batch 160/264  loss=0.4142
  batch 170/264  loss=0.3665
  batch 180/264  loss=0.3181
  batch 190/264  loss=0.3533
  batch 200/264  loss=0.4110
  batch 210/264  loss=0.3366
  batch 220/264  loss=0.3178
  batch 230/264  loss=0.2922
  batch 240/264  loss=0.3951
  batch 250/264  loss=0.3061
  batch 260/264  loss=0.5584
Epoch 240/300  train=3.589e-01  rmse=1.9638  lr=5.0e-05  227s
  batch 10/264  loss=0.3598
  batch 20/264  loss=0.3024
  batch 30/264  loss=0.3530
  batch 40/264  loss=0.3296
  batch 50/264  loss=0.3331
  batch 60/264  loss=0.3279
  batch 70/264  loss=0.2891
  batch 80/264  loss=0.2874
  batch 90/264  loss=0.2867
  batch 100/264  loss=0.2822
  batch 110/264  loss=0.2941
  batch 120/264  loss=0.4333
  batch 130/264  loss=0.3868
  batch 140/264  loss=0.3402
  batch 150/264  loss=0.4372
  batch 160/264  loss=0.3232
  batch 170/264  loss=0.3295
  batch 180/264  loss=0.4821
  batch 190/264  loss=0.2907
  batch 200/264  loss=0.3187
  batch 210/264  loss=0.3023
  batch 220/264  loss=0.4876
  batch 230/264  loss=0.3911
  batch 240/264  loss=0.2858
  batch 250/264  loss=0.4182
  batch 260/264  loss=0.3904
Epoch 241/300  train=3.612e-01  rmse=2.2638  lr=5.0e-05  227s
  batch 10/264  loss=0.2711
  batch 20/264  loss=0.2771
  batch 30/264  loss=0.3772
  batch 40/264  loss=0.4146
  batch 50/264  loss=0.2830
  batch 60/264  loss=0.3016
  batch 70/264  loss=0.3638
  batch 80/264  loss=0.4316
  batch 90/264  loss=0.3111
  batch 100/264  loss=0.3226
  batch 110/264  loss=0.2782
  batch 120/264  loss=0.3304
  batch 130/264  loss=0.3424
  batch 140/264  loss=0.2874
  batch 150/264  loss=0.4401
  batch 160/264  loss=0.3684
  batch 170/264  loss=0.4792
  batch 180/264  loss=0.3497
  batch 190/264  loss=0.3727
  batch 200/264  loss=0.2618
  batch 210/264  loss=0.3052
  batch 220/264  loss=0.2710
  batch 230/264  loss=0.4529
  batch 240/264  loss=0.3786
  batch 250/264  loss=0.3512
  batch 260/264  loss=0.2899
Epoch 242/300  train=3.642e-01  rmse=2.6759  lr=5.0e-05  228s
  batch 10/264  loss=0.2902
  batch 20/264  loss=0.3799
  batch 30/264  loss=0.3004
  batch 40/264  loss=0.2508
  batch 50/264  loss=0.4371
  batch 60/264  loss=0.2823
  batch 70/264  loss=0.3467
  batch 80/264  loss=0.5918
  batch 90/264  loss=0.2926
  batch 100/264  loss=0.6428
  batch 110/264  loss=0.6908
  batch 120/264  loss=0.4932
  batch 130/264  loss=0.3748
  batch 140/264  loss=0.3156
  batch 150/264  loss=0.3323
  batch 160/264  loss=0.3702
  batch 170/264  loss=0.3017
  batch 180/264  loss=0.4827
  batch 190/264  loss=0.4044
  batch 200/264  loss=0.3308
  batch 210/264  loss=0.3008
  batch 220/264  loss=0.3333
  batch 230/264  loss=0.3580
  batch 240/264  loss=0.3779
  batch 250/264  loss=0.4534
  batch 260/264  loss=0.3119
Epoch 243/300  train=3.631e-01  rmse=5.0584  lr=5.0e-05  230s
  batch 10/264  loss=0.3343
  batch 20/264  loss=0.4218
  batch 30/264  loss=0.4309
  batch 40/264  loss=0.3305
  batch 50/264  loss=0.3459
  batch 60/264  loss=0.6641
  batch 70/264  loss=0.4319
  batch 80/264  loss=0.3268
  batch 90/264  loss=0.2861
  batch 100/264  loss=0.3551
  batch 110/264  loss=0.2984
  batch 120/264  loss=0.3089
  batch 130/264  loss=0.3630
  batch 140/264  loss=0.2988
  batch 150/264  loss=0.3971
  batch 160/264  loss=0.5447
  batch 170/264  loss=0.3898
  batch 180/264  loss=0.3279
  batch 190/264  loss=0.3318
  batch 200/264  loss=0.4027
  batch 210/264  loss=0.2923
  batch 220/264  loss=0.2694
  batch 230/264  loss=0.3586
  batch 240/264  loss=0.3326
  batch 250/264  loss=0.3070
  batch 260/264  loss=0.4096
Epoch 244/300  train=3.584e-01  rmse=2.5565  lr=5.0e-05  227s
  batch 10/264  loss=0.2935
  batch 20/264  loss=0.3529
  batch 30/264  loss=0.3057
  batch 40/264  loss=0.4334
  batch 50/264  loss=0.3087
  batch 60/264  loss=0.2931
  batch 70/264  loss=0.3345
  batch 80/264  loss=0.4074
  batch 90/264  loss=0.4391
  batch 100/264  loss=0.4536
  batch 110/264  loss=0.4540
  batch 120/264  loss=0.4957
  batch 130/264  loss=0.3131
  batch 140/264  loss=0.2902
  batch 150/264  loss=0.3603
  batch 160/264  loss=0.3017
  batch 170/264  loss=0.4052
  batch 180/264  loss=0.3701
  batch 190/264  loss=0.3536
  batch 200/264  loss=0.2766
  batch 210/264  loss=0.3031
  batch 220/264  loss=0.3534
  batch 230/264  loss=0.3131
  batch 240/264  loss=0.3016
  batch 250/264  loss=0.7096
  batch 260/264  loss=0.2829
Epoch 245/300  train=3.626e-01  rmse=8.3714  lr=5.0e-05  227s
  batch 10/264  loss=0.3338
  batch 20/264  loss=0.3476
  batch 30/264  loss=0.3331
  batch 40/264  loss=0.2825
  batch 50/264  loss=0.4209
  batch 60/264  loss=0.3035
  batch 70/264  loss=0.2641
  batch 80/264  loss=0.3402
  batch 90/264  loss=0.4943
  batch 100/264  loss=0.3393
  batch 110/264  loss=0.3554
  batch 120/264  loss=0.3511
  batch 130/264  loss=0.3129
  batch 140/264  loss=0.3203
  batch 150/264  loss=0.3057
  batch 160/264  loss=0.2753
  batch 170/264  loss=0.3120
  batch 180/264  loss=0.4566
  batch 190/264  loss=0.2523
  batch 200/264  loss=0.4641
  batch 210/264  loss=0.3664
  batch 220/264  loss=0.3414
  batch 230/264  loss=0.3995
  batch 240/264  loss=0.3450
  batch 250/264  loss=0.5850
  batch 260/264  loss=0.5140
Epoch 246/300  train=3.589e-01  rmse=2.4510  lr=5.0e-05  227s
  batch 10/264  loss=0.3254
  batch 20/264  loss=0.3070
  batch 30/264  loss=0.3281
  batch 40/264  loss=0.3371
  batch 50/264  loss=0.2978
  batch 60/264  loss=0.3633
  batch 70/264  loss=0.3036
  batch 80/264  loss=0.3514
  batch 90/264  loss=0.3994
  batch 100/264  loss=0.3086
  batch 110/264  loss=0.2700
  batch 120/264  loss=0.3027
  batch 130/264  loss=0.3217
  batch 140/264  loss=0.3309
  batch 150/264  loss=0.5534
  batch 160/264  loss=0.3969
  batch 170/264  loss=0.3292
  batch 180/264  loss=0.4282
  batch 190/264  loss=0.4097
  batch 200/264  loss=0.3739
  batch 210/264  loss=0.3133
  batch 220/264  loss=0.3958
  batch 230/264  loss=0.3415
  batch 240/264  loss=0.2686
  batch 250/264  loss=0.2797
  batch 260/264  loss=0.4062
Epoch 247/300  train=3.615e-01  rmse=2.2626  lr=2.5e-05  227s
  batch 10/264  loss=0.3201
  batch 20/264  loss=0.4266
  batch 30/264  loss=0.2935
  batch 40/264  loss=0.3533
  batch 50/264  loss=0.2736
  batch 60/264  loss=0.3399
  batch 70/264  loss=0.3822
  batch 80/264  loss=0.3482
  batch 90/264  loss=0.3147
  batch 100/264  loss=0.3435
  batch 110/264  loss=0.3466
  batch 120/264  loss=0.3359
  batch 130/264  loss=0.3595
  batch 140/264  loss=0.2975
  batch 150/264  loss=0.3345
  batch 160/264  loss=0.2967
  batch 170/264  loss=0.3938
  batch 180/264  loss=0.3836
  batch 190/264  loss=0.3226
  batch 200/264  loss=0.3583
  batch 210/264  loss=0.3988
  batch 220/264  loss=0.3586
  batch 230/264  loss=0.2847
  batch 240/264  loss=0.3313
  batch 250/264  loss=0.4092
  batch 260/264  loss=0.4643
Epoch 248/300  train=3.596e-01  rmse=3.0314  lr=2.5e-05  228s
  batch 10/264  loss=0.3150
  batch 20/264  loss=0.4502
  batch 30/264  loss=0.3081
  batch 40/264  loss=0.3124
  batch 50/264  loss=0.3367
  batch 60/264  loss=0.3002
  batch 70/264  loss=0.3078
  batch 80/264  loss=0.3499
  batch 90/264  loss=0.3726
  batch 100/264  loss=0.3146
  batch 110/264  loss=0.4085
  batch 120/264  loss=0.4547
  batch 130/264  loss=0.4004
  batch 140/264  loss=0.3777
  batch 150/264  loss=0.3375
  batch 160/264  loss=0.2939
  batch 170/264  loss=0.3278
  batch 180/264  loss=0.4317
  batch 190/264  loss=0.2854
  batch 200/264  loss=0.8173
  batch 210/264  loss=0.3114
  batch 220/264  loss=0.3457
  batch 230/264  loss=0.3961
  batch 240/264  loss=0.4156
  batch 250/264  loss=0.3556
  batch 260/264  loss=0.3008
Epoch 249/300  train=3.564e-01  rmse=2.1428  lr=2.5e-05  228s
  -> best  monitor=3.564e-01
  batch 10/264  loss=0.3680
  batch 20/264  loss=0.4927
  batch 30/264  loss=0.2968
  batch 40/264  loss=0.3882
  batch 50/264  loss=0.4115
  batch 60/264  loss=0.3971
  batch 70/264  loss=0.3622
  batch 80/264  loss=0.3479
  batch 90/264  loss=0.3792
  batch 100/264  loss=0.3385
  batch 110/264  loss=0.3050
  batch 120/264  loss=0.4858
  batch 130/264  loss=0.3217
  batch 140/264  loss=0.3960
  batch 150/264  loss=0.2893
  batch 160/264  loss=0.4366
  batch 170/264  loss=0.2859
  batch 180/264  loss=0.3168
  batch 190/264  loss=0.4374
  batch 200/264  loss=0.3377
  batch 210/264  loss=0.3634
  batch 220/264  loss=0.5018
  batch 230/264  loss=0.4758
  batch 240/264  loss=0.4008
  batch 250/264  loss=0.3723
  batch 260/264  loss=0.2887
Epoch 250/300  train=3.531e-01  rmse=3.0893  lr=2.5e-05  228s
  -> best  monitor=3.531e-01
  batch 10/264  loss=0.2972
  batch 20/264  loss=0.3225
  batch 30/264  loss=0.2970
  batch 40/264  loss=0.3261
  batch 50/264  loss=0.2688
  batch 60/264  loss=0.3835
  batch 70/264  loss=0.3114
  batch 80/264  loss=0.3661
  batch 90/264  loss=0.3731
  batch 100/264  loss=0.3702
  batch 110/264  loss=0.4444
  batch 120/264  loss=0.4240
  batch 130/264  loss=0.3773
  batch 140/264  loss=0.3034
  batch 150/264  loss=0.4176
  batch 160/264  loss=0.2895
  batch 170/264  loss=0.5284
  batch 180/264  loss=0.3633
  batch 190/264  loss=0.3986
  batch 200/264  loss=0.3443
  batch 210/264  loss=0.3032
  batch 220/264  loss=0.3027
  batch 230/264  loss=0.3762
  batch 240/264  loss=0.4320
  batch 250/264  loss=0.4097
  batch 260/264  loss=0.3766
Epoch 251/300  train=3.534e-01  rmse=1.8942  lr=2.5e-05  227s
  batch 10/264  loss=0.3933
  batch 20/264  loss=0.4758
  batch 30/264  loss=0.3003
  batch 40/264  loss=0.3257
  batch 50/264  loss=0.3990
  batch 60/264  loss=0.7155
  batch 70/264  loss=0.3133
  batch 80/264  loss=0.2735
  batch 90/264  loss=0.4074
  batch 100/264  loss=0.3264
  batch 110/264  loss=0.4060
  batch 120/264  loss=0.3343
  batch 130/264  loss=0.2901
  batch 140/264  loss=0.3228
  batch 150/264  loss=0.2886
  batch 160/264  loss=0.3397
  batch 170/264  loss=0.3091
  batch 180/264  loss=0.2950
  batch 190/264  loss=0.4266
  batch 200/264  loss=0.3129
  batch 210/264  loss=0.3093
  batch 220/264  loss=0.3183
  batch 230/264  loss=0.3056
  batch 240/264  loss=0.3568
  batch 250/264  loss=0.3226
  batch 260/264  loss=0.2720
Epoch 252/300  train=3.556e-01  rmse=1.8493  lr=2.5e-05  228s
  batch 10/264  loss=0.3772
  batch 20/264  loss=0.2730
  batch 30/264  loss=0.2704
  batch 40/264  loss=0.2469
  batch 50/264  loss=0.2858
  batch 60/264  loss=0.2887
  batch 70/264  loss=0.3118
  batch 80/264  loss=0.3664
  batch 90/264  loss=0.4536
  batch 100/264  loss=0.3134
  batch 110/264  loss=0.3021
  batch 120/264  loss=0.3146
  batch 130/264  loss=0.5045
  batch 140/264  loss=0.4061
  batch 150/264  loss=0.3354
  batch 160/264  loss=0.3908
  batch 170/264  loss=0.2840
  batch 180/264  loss=0.3235
  batch 190/264  loss=0.3230
  batch 200/264  loss=0.2960
  batch 210/264  loss=0.4818
  batch 220/264  loss=0.2776
  batch 230/264  loss=0.3348
  batch 240/264  loss=0.2890
  batch 250/264  loss=0.3339
  batch 260/264  loss=0.3510
Epoch 253/300  train=3.486e-01  rmse=3.4723  lr=2.5e-05  230s
  -> best  monitor=3.486e-01
  batch 10/264  loss=0.3673
  batch 20/264  loss=0.3471
  batch 30/264  loss=0.2918
  batch 40/264  loss=0.3263
  batch 50/264  loss=0.2749
  batch 60/264  loss=0.2809
  batch 70/264  loss=0.4673
  batch 80/264  loss=0.2931
  batch 90/264  loss=0.3732
  batch 100/264  loss=0.4373
  batch 110/264  loss=0.3035
  batch 120/264  loss=0.7864
  batch 130/264  loss=0.3676
  batch 140/264  loss=0.2904
  batch 150/264  loss=0.3786
  batch 160/264  loss=0.3011
  batch 170/264  loss=0.3215
  batch 180/264  loss=0.2459
  batch 190/264  loss=0.3053
  batch 200/264  loss=0.3034
  batch 210/264  loss=0.2629
  batch 220/264  loss=0.3998
  batch 230/264  loss=0.4184
  batch 240/264  loss=0.5812
  batch 250/264  loss=0.3201
  batch 260/264  loss=0.3406
Epoch 254/300  train=3.564e-01  rmse=1.8165  lr=2.5e-05  228s
  batch 10/264  loss=0.4238
  batch 20/264  loss=0.2948
  batch 30/264  loss=0.3043
  batch 40/264  loss=0.3826
  batch 50/264  loss=0.3921
  batch 60/264  loss=0.6320
  batch 70/264  loss=0.4790
  batch 80/264  loss=0.3554
  batch 90/264  loss=0.3857
  batch 100/264  loss=0.3082
  batch 110/264  loss=0.3522
  batch 120/264  loss=0.3783
  batch 130/264  loss=0.2857
  batch 140/264  loss=0.3830
  batch 150/264  loss=0.5038
  batch 160/264  loss=0.2883
  batch 170/264  loss=0.3069
  batch 180/264  loss=0.3962
  batch 190/264  loss=0.4855
  batch 200/264  loss=0.3353
  batch 210/264  loss=0.3313
  batch 220/264  loss=0.3297
  batch 230/264  loss=0.3399
  batch 240/264  loss=0.4187
  batch 250/264  loss=0.3862
  batch 260/264  loss=0.2932
Epoch 255/300  train=3.557e-01  rmse=2.0806  lr=2.5e-05  228s
  batch 10/264  loss=0.3100
  batch 20/264  loss=0.3561
  batch 30/264  loss=0.2590
  batch 40/264  loss=0.3352
  batch 50/264  loss=0.3140
  batch 60/264  loss=0.3014
  batch 70/264  loss=0.4890
  batch 80/264  loss=0.2965
  batch 90/264  loss=0.3292
  batch 100/264  loss=0.3278
  batch 110/264  loss=0.3360
  batch 120/264  loss=0.3964
  batch 130/264  loss=0.2507
  batch 140/264  loss=0.3273
  batch 150/264  loss=0.3055
  batch 160/264  loss=0.3292
  batch 170/264  loss=0.2801
  batch 180/264  loss=0.3058
  batch 190/264  loss=0.4074
  batch 200/264  loss=0.3275
  batch 210/264  loss=0.4726
  batch 220/264  loss=0.4756
  batch 230/264  loss=0.2657
  batch 240/264  loss=0.3740
  batch 250/264  loss=0.3362
  batch 260/264  loss=0.3350
Epoch 256/300  train=3.491e-01  rmse=2.0227  lr=2.5e-05  229s
  batch 10/264  loss=0.3699
  batch 20/264  loss=0.3483
  batch 30/264  loss=0.3898
  batch 40/264  loss=0.3954
  batch 50/264  loss=0.3506
  batch 60/264  loss=0.2685
  batch 70/264  loss=0.3073
  batch 80/264  loss=0.2627
  batch 90/264  loss=0.2900
  batch 100/264  loss=0.3664
  batch 110/264  loss=0.2721
  batch 120/264  loss=0.2539
  batch 130/264  loss=0.2938
  batch 140/264  loss=0.4705
  batch 150/264  loss=0.4598
  batch 160/264  loss=0.3071
  batch 170/264  loss=0.3012
  batch 180/264  loss=0.2850
  batch 190/264  loss=0.3422
  batch 200/264  loss=0.3524
  batch 210/264  loss=0.2814
  batch 220/264  loss=0.2918
  batch 230/264  loss=0.3004
  batch 240/264  loss=0.3925
  batch 250/264  loss=0.2793
  batch 260/264  loss=0.5583
Epoch 257/300  train=3.501e-01  rmse=1.9436  lr=2.5e-05  229s
  batch 10/264  loss=0.4612
  batch 20/264  loss=0.3224
  batch 30/264  loss=0.2833
  batch 40/264  loss=0.2865
  batch 50/264  loss=0.2992
  batch 60/264  loss=0.3158
  batch 70/264  loss=0.2619
  batch 80/264  loss=0.3228
  batch 90/264  loss=0.3557
  batch 100/264  loss=0.3728
  batch 110/264  loss=0.2726
  batch 120/264  loss=0.2961
  batch 130/264  loss=0.2850
  batch 140/264  loss=0.3269
  batch 150/264  loss=0.3686
  batch 160/264  loss=0.3034
  batch 170/264  loss=0.3340
  batch 180/264  loss=0.3704
  batch 190/264  loss=0.3214
  batch 200/264  loss=0.2741
  batch 210/264  loss=0.3145
  batch 220/264  loss=0.3490
  batch 230/264  loss=0.3182
  batch 240/264  loss=0.2776
  batch 250/264  loss=0.4530
  batch 260/264  loss=0.3129
Epoch 258/300  train=3.480e-01  rmse=2.6395  lr=2.5e-05  227s
  -> best  monitor=3.480e-01
  batch 10/264  loss=0.2696
  batch 20/264  loss=0.3282
  batch 30/264  loss=0.3197
  batch 40/264  loss=0.3202
  batch 50/264  loss=0.3586
  batch 60/264  loss=0.3014
  batch 70/264  loss=0.3506
  batch 80/264  loss=0.2917
  batch 90/264  loss=0.4689
  batch 100/264  loss=0.4044
  batch 110/264  loss=0.3111
  batch 120/264  loss=0.3159
  batch 130/264  loss=0.2958
  batch 140/264  loss=0.3728
  batch 150/264  loss=0.2963
  batch 160/264  loss=0.4572
  batch 170/264  loss=0.3891
  batch 180/264  loss=0.2724
  batch 190/264  loss=0.3160
  batch 200/264  loss=0.3513
  batch 210/264  loss=0.3051
  batch 220/264  loss=0.3640
  batch 230/264  loss=0.3366
  batch 240/264  loss=0.3051
  batch 250/264  loss=0.2346
  batch 260/264  loss=0.3103
Epoch 259/300  train=3.492e-01  rmse=2.1976  lr=2.5e-05  229s
  batch 10/264  loss=0.3030
  batch 20/264  loss=0.3360
  batch 30/264  loss=0.3145
  batch 40/264  loss=0.3228
  batch 50/264  loss=0.2943
  batch 60/264  loss=0.5368
  batch 70/264  loss=0.3046
  batch 80/264  loss=0.2881
  batch 90/264  loss=0.3073
  batch 100/264  loss=0.3345
  batch 110/264  loss=0.3188
  batch 120/264  loss=0.3084
  batch 130/264  loss=0.2858
  batch 140/264  loss=0.3319
  batch 150/264  loss=0.2643
  batch 160/264  loss=0.3417
  batch 170/264  loss=0.2742
  batch 180/264  loss=0.3275
  batch 190/264  loss=0.3050
  batch 200/264  loss=0.3847
  batch 210/264  loss=0.3384
  batch 220/264  loss=0.3498
  batch 230/264  loss=0.5739
  batch 240/264  loss=0.3309
  batch 250/264  loss=0.3070
  batch 260/264  loss=0.3146
Epoch 260/300  train=3.482e-01  rmse=3.0828  lr=2.5e-05  228s
  batch 10/264  loss=0.3543
  batch 20/264  loss=0.3584
  batch 30/264  loss=0.2630
  batch 40/264  loss=0.3280
  batch 50/264  loss=0.2917
  batch 60/264  loss=0.2621
  batch 70/264  loss=0.3126
  batch 80/264  loss=0.2783
  batch 90/264  loss=0.3277
  batch 100/264  loss=0.3365
  batch 110/264  loss=0.3019
  batch 120/264  loss=0.3844
  batch 130/264  loss=0.3691
  batch 140/264  loss=0.2477
  batch 150/264  loss=0.3136
  batch 160/264  loss=0.5015
  batch 170/264  loss=0.6285
  batch 180/264  loss=0.2802
  batch 190/264  loss=0.3493
  batch 200/264  loss=0.2743
  batch 210/264  loss=0.2784
  batch 220/264  loss=0.2665
  batch 230/264  loss=0.4343
  batch 240/264  loss=0.3273
  batch 250/264  loss=0.2761
  batch 260/264  loss=0.3359
Epoch 261/300  train=3.511e-01  rmse=3.2042  lr=2.5e-05  229s
  batch 10/264  loss=0.4714
  batch 20/264  loss=0.4774
  batch 30/264  loss=0.3065
  batch 40/264  loss=0.2883
  batch 50/264  loss=0.2970
  batch 60/264  loss=0.3285
  batch 70/264  loss=0.3629
  batch 80/264  loss=0.4160
  batch 90/264  loss=0.4279
  batch 100/264  loss=0.2750
  batch 110/264  loss=0.3012
  batch 120/264  loss=0.4337
  batch 130/264  loss=0.2916
  batch 140/264  loss=0.2867
  batch 150/264  loss=0.4767
  batch 160/264  loss=0.4240
  batch 170/264  loss=0.3234
  batch 180/264  loss=0.2910
  batch 190/264  loss=0.3566
  batch 200/264  loss=0.3232
  batch 210/264  loss=0.3142
  batch 220/264  loss=0.3003
  batch 230/264  loss=0.3575
  batch 240/264  loss=0.4005
  batch 250/264  loss=0.3132
  batch 260/264  loss=0.2870
Epoch 262/300  train=3.492e-01  rmse=2.0688  lr=2.5e-05  227s
  batch 10/264  loss=0.3758
  batch 20/264  loss=0.2950
  batch 30/264  loss=0.3421
  batch 40/264  loss=0.4709
  batch 50/264  loss=0.3476
  batch 60/264  loss=0.2849
  batch 70/264  loss=0.3296
  batch 80/264  loss=0.3263
  batch 90/264  loss=0.3357
  batch 100/264  loss=0.2837
  batch 110/264  loss=0.2935
  batch 120/264  loss=0.4130
  batch 130/264  loss=0.3527
  batch 140/264  loss=0.3691
  batch 150/264  loss=0.4063
  batch 160/264  loss=0.4998
  batch 170/264  loss=0.3656
  batch 180/264  loss=0.3842
  batch 190/264  loss=0.3041
  batch 200/264  loss=0.2932
  batch 210/264  loss=0.3839
  batch 220/264  loss=0.3394
  batch 230/264  loss=0.3183
  batch 240/264  loss=0.3713
  batch 250/264  loss=0.3473
  batch 260/264  loss=0.2658
Epoch 263/300  train=3.535e-01  rmse=5.9760  lr=2.5e-05  226s
  batch 10/264  loss=0.2974
  batch 20/264  loss=0.2678
  batch 30/264  loss=0.2882
  batch 40/264  loss=0.3153
  batch 50/264  loss=0.2852
  batch 60/264  loss=0.3407
  batch 70/264  loss=0.4119
  batch 80/264  loss=0.3918
  batch 90/264  loss=0.3759
  batch 100/264  loss=0.3944
  batch 110/264  loss=0.3446
  batch 120/264  loss=0.4408
  batch 130/264  loss=0.4698
  batch 140/264  loss=0.2658
  batch 150/264  loss=0.3559
  batch 160/264  loss=0.2928
  batch 170/264  loss=0.3673
  batch 180/264  loss=0.3920
  batch 190/264  loss=0.5096
  batch 200/264  loss=0.2549
  batch 210/264  loss=0.3471
  batch 220/264  loss=0.4981
  batch 230/264  loss=0.6515
  batch 240/264  loss=0.3361
  batch 250/264  loss=0.2860
  batch 260/264  loss=0.3107
Epoch 264/300  train=3.516e-01  rmse=2.0678  lr=2.5e-05  227s
  batch 10/264  loss=0.3443
  batch 20/264  loss=0.3776
  batch 30/264  loss=0.4451
  batch 40/264  loss=0.2715
  batch 50/264  loss=0.3833
  batch 60/264  loss=0.2904
  batch 70/264  loss=0.3784
  batch 80/264  loss=0.2735
  batch 90/264  loss=0.3238
  batch 100/264  loss=0.3061
  batch 110/264  loss=0.3240
  batch 120/264  loss=0.3852
  batch 130/264  loss=0.2943
  batch 140/264  loss=0.4232
  batch 150/264  loss=0.3385
  batch 160/264  loss=0.3360
  batch 170/264  loss=0.3324
  batch 180/264  loss=0.3569
  batch 190/264  loss=0.2871
  batch 200/264  loss=0.2783
  batch 210/264  loss=0.2675
  batch 220/264  loss=0.4127
  batch 230/264  loss=0.3047
  batch 240/264  loss=0.2895
  batch 250/264  loss=0.3335
  batch 260/264  loss=0.2606
Epoch 265/300  train=3.491e-01  rmse=1.9913  lr=2.5e-05  226s
  batch 10/264  loss=0.3737
  batch 20/264  loss=0.3625
  batch 30/264  loss=0.3463
  batch 40/264  loss=0.3658
  batch 50/264  loss=0.3145
  batch 60/264  loss=0.2581
  batch 70/264  loss=0.3067
  batch 80/264  loss=0.4539
  batch 90/264  loss=0.3272
  batch 100/264  loss=0.3393
  batch 110/264  loss=0.2851
  batch 120/264  loss=0.2802
  batch 130/264  loss=0.2853
  batch 140/264  loss=0.4572
  batch 150/264  loss=0.3013
  batch 160/264  loss=0.4998
  batch 170/264  loss=0.3408
  batch 180/264  loss=0.3425
  batch 190/264  loss=0.2929
  batch 200/264  loss=0.3168
  batch 210/264  loss=0.2639
  batch 220/264  loss=0.3154
  batch 230/264  loss=0.3145
  batch 240/264  loss=0.2598
  batch 250/264  loss=0.4666
  batch 260/264  loss=0.3157
Epoch 266/300  train=3.509e-01  rmse=4.4633  lr=2.5e-05  228s
  batch 10/264  loss=0.3807
  batch 20/264  loss=0.2828
  batch 30/264  loss=0.4704
  batch 40/264  loss=0.2863
  batch 50/264  loss=0.6168
  batch 60/264  loss=0.3370
  batch 70/264  loss=0.3669
  batch 80/264  loss=0.3218
  batch 90/264  loss=0.2920
  batch 100/264  loss=0.3234
  batch 110/264  loss=0.3830
  batch 120/264  loss=0.3342
  batch 130/264  loss=0.3463
  batch 140/264  loss=0.3451
  batch 150/264  loss=0.4122
  batch 160/264  loss=0.3142
  batch 170/264  loss=0.4029
  batch 180/264  loss=0.3226
  batch 190/264  loss=0.3971
  batch 200/264  loss=0.3007
  batch 210/264  loss=0.3027
  batch 220/264  loss=0.3424
  batch 230/264  loss=0.3773
  batch 240/264  loss=0.3442
  batch 250/264  loss=0.5118
  batch 260/264  loss=0.3178
Epoch 267/300  train=3.506e-01  rmse=1.8134  lr=2.5e-05  227s
  batch 10/264  loss=0.2959
  batch 20/264  loss=0.4621
  batch 30/264  loss=0.4498
  batch 40/264  loss=0.4284
  batch 50/264  loss=0.3495
  batch 60/264  loss=0.3735
  batch 70/264  loss=0.2465
  batch 80/264  loss=0.3157
  batch 90/264  loss=0.5044
  batch 100/264  loss=0.2766
  batch 110/264  loss=0.3087
  batch 120/264  loss=0.4334
  batch 130/264  loss=0.3295
  batch 140/264  loss=0.3259
  batch 150/264  loss=0.3393
  batch 160/264  loss=0.3471
  batch 170/264  loss=0.2813
  batch 180/264  loss=0.2318
  batch 190/264  loss=0.3896
  batch 200/264  loss=0.3677
  batch 210/264  loss=0.3528
  batch 220/264  loss=0.2945
  batch 230/264  loss=0.3306
  batch 240/264  loss=0.4302
  batch 250/264  loss=0.4524
  batch 260/264  loss=0.3734
Epoch 268/300  train=3.537e-01  rmse=5.5407  lr=2.5e-05  228s
  batch 10/264  loss=0.3564
  batch 20/264  loss=0.3090
  batch 30/264  loss=0.4210
  batch 40/264  loss=0.4322
  batch 50/264  loss=0.2508
  batch 60/264  loss=0.3779
  batch 70/264  loss=0.2715
  batch 80/264  loss=0.2947
  batch 90/264  loss=0.4544
  batch 100/264  loss=0.3089
  batch 110/264  loss=0.4714
  batch 120/264  loss=0.4450
  batch 130/264  loss=0.2677
  batch 140/264  loss=0.3061
  batch 150/264  loss=0.3943
  batch 160/264  loss=0.3470
  batch 170/264  loss=0.2884
  batch 180/264  loss=0.2894
  batch 190/264  loss=0.4312
  batch 200/264  loss=0.2987
  batch 210/264  loss=0.3066
  batch 220/264  loss=0.3066
  batch 230/264  loss=0.2779
  batch 240/264  loss=0.3730
  batch 250/264  loss=0.3691
  batch 260/264  loss=0.2966
Epoch 269/300  train=3.484e-01  rmse=3.1715  lr=1.3e-05  228s
  batch 10/264  loss=0.3437
  batch 20/264  loss=0.2933
  batch 30/264  loss=0.3019
  batch 40/264  loss=0.2468
  batch 50/264  loss=0.2657
  batch 60/264  loss=0.3112
  batch 70/264  loss=0.3000
  batch 80/264  loss=0.3204
  batch 90/264  loss=0.4579
  batch 100/264  loss=0.2680
  batch 110/264  loss=0.4547
  batch 120/264  loss=0.3272
  batch 130/264  loss=0.3376
  batch 140/264  loss=0.2896
  batch 150/264  loss=0.3877
  batch 160/264  loss=0.3100
  batch 170/264  loss=0.3181
  batch 180/264  loss=0.4148
  batch 190/264  loss=0.3584
  batch 200/264  loss=0.3262
  batch 210/264  loss=0.3608
  batch 220/264  loss=0.2919
  batch 230/264  loss=0.3057
  batch 240/264  loss=0.4880
  batch 250/264  loss=0.2642
  batch 260/264  loss=0.2600
Epoch 270/300  train=3.480e-01  rmse=2.1577  lr=1.3e-05  228s
  batch 10/264  loss=0.3689
  batch 20/264  loss=0.2533
  batch 30/264  loss=0.3556
  batch 40/264  loss=0.2856
  batch 50/264  loss=0.2935
  batch 60/264  loss=0.4623
  batch 70/264  loss=0.2836
  batch 80/264  loss=0.3674
  batch 90/264  loss=0.2518
  batch 100/264  loss=0.3689
  batch 110/264  loss=0.3115
  batch 120/264  loss=0.4359
  batch 130/264  loss=0.3049
  batch 140/264  loss=0.2727
  batch 150/264  loss=0.3499
  batch 160/264  loss=0.3596
  batch 170/264  loss=0.3693
  batch 180/264  loss=0.4540
  batch 190/264  loss=0.5953
  batch 200/264  loss=0.3025
  batch 210/264  loss=0.3106
  batch 220/264  loss=0.3722
  batch 230/264  loss=0.4297
  batch 240/264  loss=0.2735
  batch 250/264  loss=0.3614
  batch 260/264  loss=0.3447
Epoch 271/300  train=3.518e-01  rmse=2.1849  lr=1.3e-05  227s
  batch 10/264  loss=0.2869
  batch 20/264  loss=0.4152
  batch 30/264  loss=0.3385
  batch 40/264  loss=0.3478
  batch 50/264  loss=0.5446
  batch 60/264  loss=0.2957
  batch 70/264  loss=0.2940
  batch 80/264  loss=0.4437
  batch 90/264  loss=0.3411
  batch 100/264  loss=0.2544
  batch 110/264  loss=0.3394
  batch 120/264  loss=0.3314
  batch 130/264  loss=0.4015
  batch 140/264  loss=0.3582
  batch 150/264  loss=0.4829
  batch 160/264  loss=0.2876
  batch 170/264  loss=0.3680
  batch 180/264  loss=0.4022
  batch 190/264  loss=0.3917
  batch 200/264  loss=0.3418
  batch 210/264  loss=0.3416
  batch 220/264  loss=0.3974
  batch 230/264  loss=0.2920
  batch 240/264  loss=0.5540
  batch 250/264  loss=0.3384
  batch 260/264  loss=0.2974
Epoch 272/300  train=3.504e-01  rmse=3.0296  lr=1.3e-05  228s
  batch 10/264  loss=0.2988
  batch 20/264  loss=0.3068
  batch 30/264  loss=0.2604
  batch 40/264  loss=0.4335
  batch 50/264  loss=0.2856
  batch 60/264  loss=0.7707
  batch 70/264  loss=0.4413
  batch 80/264  loss=0.2565
  batch 90/264  loss=0.2493
  batch 100/264  loss=0.3794
  batch 110/264  loss=0.3329
  batch 120/264  loss=0.3443
  batch 130/264  loss=0.2992
  batch 140/264  loss=0.2926
  batch 150/264  loss=0.2768
  batch 160/264  loss=0.3474
  batch 170/264  loss=0.4128
  batch 180/264  loss=0.3390
  batch 190/264  loss=0.2900
  batch 200/264  loss=0.3497
  batch 210/264  loss=0.3856
  batch 220/264  loss=0.3821
  batch 230/264  loss=0.3353
  batch 240/264  loss=0.3414
  batch 250/264  loss=0.4674
  batch 260/264  loss=0.3283
Epoch 273/300  train=3.432e-01  rmse=2.0609  lr=1.3e-05  227s
  -> best  monitor=3.432e-01
  batch 10/264  loss=0.3554
  batch 20/264  loss=0.2955
  batch 30/264  loss=0.3011
  batch 40/264  loss=0.4369
  batch 50/264  loss=0.3673
  batch 60/264  loss=0.4656
  batch 70/264  loss=0.3984
  batch 80/264  loss=0.3101
  batch 90/264  loss=0.3881
  batch 100/264  loss=0.2780
  batch 110/264  loss=0.4976
  batch 120/264  loss=0.4809
  batch 130/264  loss=0.3405
  batch 140/264  loss=0.3692
  batch 150/264  loss=0.3243
  batch 160/264  loss=0.3861
  batch 170/264  loss=0.2393
  batch 180/264  loss=0.2595
  batch 190/264  loss=0.4384
  batch 200/264  loss=0.3327
  batch 210/264  loss=0.3430
  batch 220/264  loss=0.3543
  batch 230/264  loss=0.3663
  batch 240/264  loss=0.2922
  batch 250/264  loss=0.4645
  batch 260/264  loss=0.4182
Epoch 274/300  train=3.474e-01  rmse=2.3618  lr=1.3e-05  228s
  batch 10/264  loss=0.4053
  batch 20/264  loss=0.3585
  batch 30/264  loss=0.3519
  batch 40/264  loss=0.7149
  batch 50/264  loss=0.3768
  batch 60/264  loss=0.3417
  batch 70/264  loss=0.3859
  batch 80/264  loss=0.3390
  batch 90/264  loss=0.3055
  batch 100/264  loss=0.2918
  batch 110/264  loss=0.2837
  batch 120/264  loss=0.3135
  batch 130/264  loss=0.4398
  batch 140/264  loss=0.3070
  batch 150/264  loss=0.4336
  batch 160/264  loss=0.3816
  batch 170/264  loss=0.4835
  batch 180/264  loss=0.3174
  batch 190/264  loss=0.4828
  batch 200/264  loss=0.2875
  batch 210/264  loss=0.2932
  batch 220/264  loss=0.4243
  batch 230/264  loss=0.3870
  batch 240/264  loss=0.3423
  batch 250/264  loss=0.6438
  batch 260/264  loss=0.2839
Epoch 275/300  train=3.449e-01  rmse=2.2047  lr=1.3e-05  228s
  batch 10/264  loss=0.3374
  batch 20/264  loss=0.2872
  batch 30/264  loss=0.3719
  batch 40/264  loss=0.2891
  batch 50/264  loss=0.3278
  batch 60/264  loss=0.2773
  batch 70/264  loss=0.3397
  batch 80/264  loss=0.2722
  batch 90/264  loss=0.4108
  batch 100/264  loss=0.3128
  batch 110/264  loss=0.4054
  batch 120/264  loss=0.4145
  batch 130/264  loss=0.3080
  batch 140/264  loss=0.2932
  batch 150/264  loss=0.2927
  batch 160/264  loss=0.3685
  batch 170/264  loss=0.3052
  batch 180/264  loss=0.3537
  batch 190/264  loss=0.3903
  batch 200/264  loss=0.2905
  batch 210/264  loss=0.3605
  batch 220/264  loss=0.2772
  batch 230/264  loss=0.2924
  batch 240/264  loss=0.2578
  batch 250/264  loss=0.2830
  batch 260/264  loss=0.3393
Epoch 276/300  train=3.427e-01  rmse=3.2574  lr=1.3e-05  228s
  -> best  monitor=3.427e-01
  batch 10/264  loss=0.4311
  batch 20/264  loss=0.3074
  batch 30/264  loss=0.3570
  batch 40/264  loss=0.3127
  batch 50/264  loss=0.3251
  batch 60/264  loss=0.2672
  batch 70/264  loss=0.4021
  batch 80/264  loss=0.3776
  batch 90/264  loss=0.5136
  batch 100/264  loss=0.4696
  batch 110/264  loss=0.3008
  batch 120/264  loss=0.2853
  batch 130/264  loss=0.4074
  batch 140/264  loss=0.3031
  batch 150/264  loss=0.4214
  batch 160/264  loss=0.3847
  batch 170/264  loss=0.2989
  batch 180/264  loss=0.2678
  batch 190/264  loss=0.2945
  batch 200/264  loss=0.3049
  batch 210/264  loss=0.2990
  batch 220/264  loss=0.4218
  batch 230/264  loss=0.3225
  batch 240/264  loss=0.4530
  batch 250/264  loss=0.2914
  batch 260/264  loss=0.3287
Epoch 277/300  train=3.435e-01  rmse=1.9874  lr=1.3e-05  228s
  batch 10/264  loss=0.2893
  batch 20/264  loss=0.2920
  batch 30/264  loss=0.5003
  batch 40/264  loss=0.4162
  batch 50/264  loss=0.3307
  batch 60/264  loss=0.2756
  batch 70/264  loss=0.3721
  batch 80/264  loss=0.4225
  batch 90/264  loss=0.2734
  batch 100/264  loss=0.3473
  batch 110/264  loss=0.3529
  batch 120/264  loss=0.2694
  batch 130/264  loss=0.3660
  batch 140/264  loss=0.2830
  batch 150/264  loss=0.2973
  batch 160/264  loss=0.2934
  batch 170/264  loss=0.2847
  batch 180/264  loss=0.3496
  batch 190/264  loss=0.2904
  batch 200/264  loss=0.3104
  batch 210/264  loss=0.3553
  batch 220/264  loss=0.3492
  batch 230/264  loss=0.3633
  batch 240/264  loss=0.4712
  batch 250/264  loss=0.3957
  batch 260/264  loss=0.4139
Epoch 278/300  train=3.450e-01  rmse=1.9930  lr=1.3e-05  229s
  batch 10/264  loss=0.3380
  batch 20/264  loss=0.3536
  batch 30/264  loss=0.4640
  batch 40/264  loss=0.2477
  batch 50/264  loss=0.4240
  batch 60/264  loss=0.3555
  batch 70/264  loss=0.2911
  batch 80/264  loss=0.3535
  batch 90/264  loss=0.3307
  batch 100/264  loss=0.3784
  batch 110/264  loss=0.3186
  batch 120/264  loss=0.3461
  batch 130/264  loss=0.3084
  batch 140/264  loss=0.3852
  batch 150/264  loss=0.3307
  batch 160/264  loss=0.3506
  batch 170/264  loss=0.3681
  batch 180/264  loss=0.4053
  batch 190/264  loss=0.3050
  batch 200/264  loss=0.4100
  batch 210/264  loss=0.3872
  batch 220/264  loss=0.4252
  batch 230/264  loss=0.3344
  batch 240/264  loss=0.3214
  batch 250/264  loss=0.4033
  batch 260/264  loss=0.2987
Epoch 279/300  train=3.472e-01  rmse=2.7684  lr=1.3e-05  228s
  batch 10/264  loss=0.3427
  batch 20/264  loss=0.3873
  batch 30/264  loss=0.3985
  batch 40/264  loss=0.3054
  batch 50/264  loss=0.3894
  batch 60/264  loss=0.3981
  batch 70/264  loss=0.2831
  batch 80/264  loss=0.4920
  batch 90/264  loss=0.3181
  batch 100/264  loss=0.2799
  batch 110/264  loss=0.3064
  batch 120/264  loss=0.2756
  batch 130/264  loss=0.2882
  batch 140/264  loss=0.3383
  batch 150/264  loss=0.2377
  batch 160/264  loss=0.3420
  batch 170/264  loss=0.2775
  batch 180/264  loss=0.2846
  batch 190/264  loss=0.2679
  batch 200/264  loss=0.3499
  batch 210/264  loss=0.3558
  batch 220/264  loss=0.3535
  batch 230/264  loss=0.4331
  batch 240/264  loss=0.4154
  batch 250/264  loss=0.2879
  batch 260/264  loss=0.3238
Epoch 280/300  train=3.476e-01  rmse=4.2994  lr=1.3e-05  229s
  batch 10/264  loss=0.3796
  batch 20/264  loss=0.3418
  batch 30/264  loss=0.4377
  batch 40/264  loss=0.3722
  batch 50/264  loss=0.3821
  batch 60/264  loss=0.3338
  batch 70/264  loss=0.4071
  batch 80/264  loss=0.3101
  batch 90/264  loss=0.2536
  batch 100/264  loss=0.3489
  batch 110/264  loss=0.3228
  batch 120/264  loss=0.4030
  batch 130/264  loss=0.4371
  batch 140/264  loss=0.4105
  batch 150/264  loss=0.3624
  batch 160/264  loss=0.2787
  batch 170/264  loss=0.3153
  batch 180/264  loss=0.4562
  batch 190/264  loss=0.2913
  batch 200/264  loss=0.3441
  batch 210/264  loss=0.3247
  batch 220/264  loss=0.3992
  batch 230/264  loss=0.3513
  batch 240/264  loss=0.3032
  batch 250/264  loss=0.2826
  batch 260/264  loss=0.2827
Epoch 281/300  train=3.436e-01  rmse=2.4183  lr=1.3e-05  227s
  batch 10/264  loss=0.4309
  batch 20/264  loss=0.4119
  batch 30/264  loss=0.3178
  batch 40/264  loss=0.2892
  batch 50/264  loss=0.3771
  batch 60/264  loss=0.3178
  batch 70/264  loss=0.4172
  batch 80/264  loss=0.2874
  batch 90/264  loss=0.2876
  batch 100/264  loss=0.2743
  batch 110/264  loss=0.3109
  batch 120/264  loss=0.3154
  batch 130/264  loss=0.3689
  batch 140/264  loss=0.3039
  batch 150/264  loss=0.4193
  batch 160/264  loss=0.6262
  batch 170/264  loss=0.2708
  batch 180/264  loss=0.2731
  batch 190/264  loss=0.2820
  batch 200/264  loss=0.2947
  batch 210/264  loss=0.3043
  batch 220/264  loss=0.3309
  batch 230/264  loss=0.3281
  batch 240/264  loss=0.3539
  batch 250/264  loss=0.2366
  batch 260/264  loss=0.4379
Epoch 282/300  train=3.476e-01  rmse=2.0371  lr=1.3e-05  226s
  batch 10/264  loss=0.3519
  batch 20/264  loss=0.3399
  batch 30/264  loss=0.3215
  batch 40/264  loss=0.3162
  batch 50/264  loss=0.4146
  batch 60/264  loss=0.3336
  batch 70/264  loss=0.3238
  batch 80/264  loss=0.5784
  batch 90/264  loss=0.3412
  batch 100/264  loss=0.3024
  batch 110/264  loss=0.3010
  batch 120/264  loss=0.2613
  batch 130/264  loss=0.3784
  batch 140/264  loss=0.3975
  batch 150/264  loss=0.2949
  batch 160/264  loss=0.3018
  batch 170/264  loss=0.3680
  batch 180/264  loss=0.3635
  batch 190/264  loss=0.3104
  batch 200/264  loss=0.3372
  batch 210/264  loss=0.2791
  batch 220/264  loss=0.5575
  batch 230/264  loss=0.3460
  batch 240/264  loss=0.2829
  batch 250/264  loss=0.3495
  batch 260/264  loss=0.3518
Epoch 283/300  train=3.442e-01  rmse=2.2400  lr=1.3e-05  228s
  batch 10/264  loss=0.2762
  batch 20/264  loss=0.3562
  batch 30/264  loss=0.3745
  batch 40/264  loss=0.2925
  batch 50/264  loss=0.4553
  batch 60/264  loss=0.3157
  batch 70/264  loss=0.4065
  batch 80/264  loss=0.3018
  batch 90/264  loss=0.4151
  batch 100/264  loss=0.3058
  batch 110/264  loss=0.2862
  batch 120/264  loss=0.3418
  batch 130/264  loss=0.3528
  batch 140/264  loss=0.3349
  batch 150/264  loss=0.2994
  batch 160/264  loss=0.3417
  batch 170/264  loss=0.3056
  batch 180/264  loss=0.2689
  batch 190/264  loss=0.3174
  batch 200/264  loss=0.3318
  batch 210/264  loss=0.3609
  batch 220/264  loss=0.2878
  batch 230/264  loss=0.3251
  batch 240/264  loss=0.4551
  batch 250/264  loss=0.3051
  batch 260/264  loss=0.3105
Epoch 284/300  train=3.436e-01  rmse=1.6547  lr=1.3e-05  228s
  batch 10/264  loss=0.3967
  batch 20/264  loss=0.2903
  batch 30/264  loss=0.3403
  batch 40/264  loss=0.2709
  batch 50/264  loss=0.2980
  batch 60/264  loss=0.2527
  batch 70/264  loss=0.4480
  batch 80/264  loss=0.3920
  batch 90/264  loss=0.3043
  batch 100/264  loss=0.3015
  batch 110/264  loss=0.3312
  batch 120/264  loss=0.3982
  batch 130/264  loss=0.2930
  batch 140/264  loss=0.2961
  batch 150/264  loss=0.4435
  batch 160/264  loss=0.2940
  batch 170/264  loss=0.3294
  batch 180/264  loss=0.4282
  batch 190/264  loss=0.3894
  batch 200/264  loss=0.4245
  batch 210/264  loss=0.4202
  batch 220/264  loss=0.2755
  batch 230/264  loss=0.3615
  batch 240/264  loss=0.4112
  batch 250/264  loss=0.2965
  batch 260/264  loss=0.5434
Epoch 285/300  train=3.419e-01  rmse=3.4288  lr=1.3e-05  229s
  -> best  monitor=3.419e-01
  batch 10/264  loss=0.4057
  batch 20/264  loss=0.3375
  batch 30/264  loss=0.3219
  batch 40/264  loss=0.9973
  batch 50/264  loss=0.3909
  batch 60/264  loss=0.3864
  batch 70/264  loss=0.2718
  batch 80/264  loss=0.2519
  batch 90/264  loss=0.2925
  batch 100/264  loss=0.3125
  batch 110/264  loss=0.2688
  batch 120/264  loss=0.2626
  batch 130/264  loss=0.2822
  batch 140/264  loss=0.4601
  batch 150/264  loss=0.3135
  batch 160/264  loss=0.6902
  batch 170/264  loss=0.3652
  batch 180/264  loss=0.3245
  batch 190/264  loss=0.3232
  batch 200/264  loss=0.2373
  batch 210/264  loss=0.3857
  batch 220/264  loss=0.4072
  batch 230/264  loss=0.3430
  batch 240/264  loss=0.2667
  batch 250/264  loss=0.4193
  batch 260/264  loss=0.3421
Epoch 286/300  train=3.475e-01  rmse=5.7913  lr=1.3e-05  228s
  batch 10/264  loss=0.3222
  batch 20/264  loss=0.3678
  batch 30/264  loss=0.3054
  batch 40/264  loss=0.3000
  batch 50/264  loss=0.2988
  batch 60/264  loss=0.3258
  batch 70/264  loss=0.2660
  batch 80/264  loss=0.3981
  batch 90/264  loss=0.2922
  batch 100/264  loss=0.2822
  batch 110/264  loss=0.2744
  batch 120/264  loss=0.3326
  batch 130/264  loss=0.3119
  batch 140/264  loss=0.3480
  batch 150/264  loss=0.3031
  batch 160/264  loss=0.3422
  batch 170/264  loss=0.4280
  batch 180/264  loss=0.3090
  batch 190/264  loss=0.3001
  batch 200/264  loss=0.4114
  batch 210/264  loss=0.2610
  batch 220/264  loss=0.3198
  batch 230/264  loss=0.3355
  batch 240/264  loss=0.3110
  batch 250/264  loss=0.3507
  batch 260/264  loss=0.3215
Epoch 287/300  train=3.445e-01  rmse=3.0454  lr=1.3e-05  229s
  batch 10/264  loss=0.3941
  batch 20/264  loss=0.3731
  batch 30/264  loss=0.3010
  batch 40/264  loss=0.4038
  batch 50/264  loss=0.2825
  batch 60/264  loss=0.3354
  batch 70/264  loss=0.3488
  batch 80/264  loss=0.2997
  batch 90/264  loss=0.3750
  batch 100/264  loss=0.4655
  batch 110/264  loss=0.3034
  batch 120/264  loss=0.4293
  batch 130/264  loss=0.3777
  batch 140/264  loss=0.2740
  batch 150/264  loss=0.2924
  batch 160/264  loss=0.2363
  batch 170/264  loss=0.3081
  batch 180/264  loss=0.2911
  batch 190/264  loss=0.3818
  batch 200/264  loss=0.2977
  batch 210/264  loss=0.2884
  batch 220/264  loss=0.3350
  batch 230/264  loss=0.5057
  batch 240/264  loss=0.4883
  batch 250/264  loss=0.2880
  batch 260/264  loss=0.2768
Epoch 288/300  train=3.413e-01  rmse=2.6347  lr=1.3e-05  228s
  -> best  monitor=3.413e-01
  batch 10/264  loss=0.2982
  batch 20/264  loss=0.3841
  batch 30/264  loss=0.3183
  batch 40/264  loss=0.3610
  batch 50/264  loss=0.2462
  batch 60/264  loss=0.3552
  batch 70/264  loss=0.3417
  batch 80/264  loss=0.2935
  batch 90/264  loss=0.3236
  batch 100/264  loss=0.2947
  batch 110/264  loss=0.3368
  batch 120/264  loss=0.2859
  batch 130/264  loss=0.4052
  batch 140/264  loss=0.4095
  batch 150/264  loss=0.2678
  batch 160/264  loss=0.3134
  batch 170/264  loss=0.4520
  batch 180/264  loss=0.2672
  batch 190/264  loss=0.6385
  batch 200/264  loss=0.3391
  batch 210/264  loss=0.2633
  batch 220/264  loss=0.3348
  batch 230/264  loss=0.3063
  batch 240/264  loss=0.3196
  batch 250/264  loss=0.4028
  batch 260/264  loss=0.2556
Epoch 289/300  train=3.467e-01  rmse=2.0622  lr=1.3e-05  228s
  batch 10/264  loss=0.2856
  batch 20/264  loss=0.3556
  batch 30/264  loss=0.3737
  batch 40/264  loss=0.4081
  batch 50/264  loss=0.2914
  batch 60/264  loss=0.2901
  batch 70/264  loss=0.3138
  batch 80/264  loss=0.3982
  batch 90/264  loss=0.3223
  batch 100/264  loss=0.2715
  batch 110/264  loss=0.3334
  batch 120/264  loss=0.3720
  batch 130/264  loss=0.3780
  batch 140/264  loss=0.2691
  batch 150/264  loss=0.3034
  batch 160/264  loss=0.3955
  batch 170/264  loss=0.3086
  batch 180/264  loss=0.3105
  batch 190/264  loss=0.2794
  batch 200/264  loss=0.2630
  batch 210/264  loss=0.2765
  batch 220/264  loss=0.3029
  batch 230/264  loss=0.2779
  batch 240/264  loss=0.3975
  batch 250/264  loss=0.3048
  batch 260/264  loss=0.2837
Epoch 290/300  train=3.461e-01  rmse=3.2426  lr=1.3e-05  228s
  batch 10/264  loss=0.4590
  batch 20/264  loss=0.2937
  batch 30/264  loss=0.3208
  batch 40/264  loss=0.2915
  batch 50/264  loss=0.3192
  batch 60/264  loss=0.3136
  batch 70/264  loss=0.3275
  batch 80/264  loss=0.4701
  batch 90/264  loss=0.4888
  batch 100/264  loss=0.3413
  batch 110/264  loss=0.2785
  batch 120/264  loss=0.3937
  batch 130/264  loss=0.2753
  batch 140/264  loss=0.3993
  batch 150/264  loss=0.2985
  batch 160/264  loss=0.4226
  batch 170/264  loss=0.3199
  batch 180/264  loss=0.4805
  batch 190/264  loss=0.2751
  batch 200/264  loss=0.2999
  batch 210/264  loss=0.4438
  batch 220/264  loss=0.4135
  batch 230/264  loss=0.3434
  batch 240/264  loss=0.3176
  batch 250/264  loss=0.2827
  batch 260/264  loss=0.4347
Epoch 291/300  train=3.456e-01  rmse=3.8117  lr=1.3e-05  228s
  batch 10/264  loss=0.4032
  batch 20/264  loss=0.3547
  batch 30/264  loss=0.3465
  batch 40/264  loss=0.3401
  batch 50/264  loss=0.2994
  batch 60/264  loss=0.3034
  batch 70/264  loss=0.3193
  batch 80/264  loss=0.3653
  batch 90/264  loss=0.3547
  batch 100/264  loss=0.4573
  batch 110/264  loss=0.2815
  batch 120/264  loss=0.3800
  batch 130/264  loss=0.3107
  batch 140/264  loss=0.2867
  batch 150/264  loss=0.2772
  batch 160/264  loss=0.3694
  batch 170/264  loss=0.3529
  batch 180/264  loss=0.3551
  batch 190/264  loss=0.2952
  batch 200/264  loss=0.4554
  batch 210/264  loss=0.3437
  batch 220/264  loss=0.2814
  batch 230/264  loss=0.2914
  batch 240/264  loss=0.4083
  batch 250/264  loss=0.2792
  batch 260/264  loss=0.3314
Epoch 292/300  train=3.492e-01  rmse=2.3128  lr=1.3e-05  228s
  batch 10/264  loss=0.3352
  batch 20/264  loss=0.2953
  batch 30/264  loss=0.3662
  batch 40/264  loss=0.3914
  batch 50/264  loss=0.3404
  batch 60/264  loss=0.3267
  batch 70/264  loss=0.2724
  batch 80/264  loss=0.2836
  batch 90/264  loss=0.3252
  batch 100/264  loss=0.4205
  batch 110/264  loss=0.3143
  batch 120/264  loss=0.3625
  batch 130/264  loss=0.2550
  batch 140/264  loss=0.3286
  batch 150/264  loss=0.3125
  batch 160/264  loss=0.3608
  batch 170/264  loss=0.2675
  batch 180/264  loss=0.3198
  batch 190/264  loss=0.3318
  batch 200/264  loss=0.3473
  batch 210/264  loss=0.3273
  batch 220/264  loss=0.3077
  batch 230/264  loss=0.3454
  batch 240/264  loss=0.2513
  batch 250/264  loss=0.2830
  batch 260/264  loss=0.3067
Epoch 293/300  train=3.413e-01  rmse=6.2560  lr=1.3e-05  227s
  batch 10/264  loss=0.4651
  batch 20/264  loss=0.3611
  batch 30/264  loss=0.3400
  batch 40/264  loss=0.3534
  batch 50/264  loss=0.3001
  batch 60/264  loss=0.3016
  batch 70/264  loss=0.2735
  batch 80/264  loss=0.3933
  batch 90/264  loss=0.3730
  batch 100/264  loss=0.3990
  batch 110/264  loss=0.4303
  batch 120/264  loss=0.3393
  batch 130/264  loss=0.3446
  batch 140/264  loss=0.3195
  batch 150/264  loss=0.5173
  batch 160/264  loss=0.2941
  batch 170/264  loss=0.3076
  batch 180/264  loss=0.2972
  batch 190/264  loss=0.3584
  batch 200/264  loss=0.4244
  batch 210/264  loss=0.2806
  batch 220/264  loss=0.2969
  batch 230/264  loss=0.4560
  batch 240/264  loss=0.2611
  batch 250/264  loss=0.3861
  batch 260/264  loss=0.3198
Epoch 294/300  train=3.414e-01  rmse=2.6467  lr=1.3e-05  227s
  batch 10/264  loss=0.4174
  batch 20/264  loss=0.4541
  batch 30/264  loss=0.3479
  batch 40/264  loss=0.5046
  batch 50/264  loss=0.4298
  batch 60/264  loss=0.2634
  batch 70/264  loss=0.3297
  batch 80/264  loss=0.3399
  batch 90/264  loss=0.2884
  batch 100/264  loss=0.3240
  batch 110/264  loss=0.4007
  batch 120/264  loss=0.2866
  batch 130/264  loss=0.4929
  batch 140/264  loss=0.3174
  batch 150/264  loss=0.3466
  batch 160/264  loss=0.4204
  batch 170/264  loss=0.2952
  batch 180/264  loss=0.2891
  batch 190/264  loss=0.2843
  batch 200/264  loss=0.2687
  batch 210/264  loss=0.2692
  batch 220/264  loss=0.2601
  batch 230/264  loss=0.2717
  batch 240/264  loss=0.4109
  batch 250/264  loss=0.4594
  batch 260/264  loss=0.2909
Epoch 295/300  train=3.459e-01  rmse=2.4841  lr=1.3e-05  227s
  batch 10/264  loss=0.2754
  batch 20/264  loss=0.2766
  batch 30/264  loss=0.2632
  batch 40/264  loss=0.3883
  batch 50/264  loss=0.4665
  batch 60/264  loss=0.4365
  batch 70/264  loss=0.5762
  batch 80/264  loss=0.3346
  batch 90/264  loss=0.3679
  batch 100/264  loss=0.3353
  batch 110/264  loss=0.3919
  batch 120/264  loss=0.2929
  batch 130/264  loss=0.2892
  batch 140/264  loss=0.2357
  batch 150/264  loss=0.3176
  batch 160/264  loss=0.3788
  batch 170/264  loss=0.3146
  batch 180/264  loss=0.3505
  batch 190/264  loss=0.2919
  batch 200/264  loss=0.3911
  batch 210/264  loss=0.2734
  batch 220/264  loss=0.2756
  batch 230/264  loss=0.2724
  batch 240/264  loss=0.4164
  batch 250/264  loss=0.4516
  batch 260/264  loss=0.2858
Epoch 296/300  train=3.453e-01  rmse=3.6287  lr=1.3e-05  228s
  batch 10/264  loss=0.2870
  batch 20/264  loss=0.3859
  batch 30/264  loss=0.3927
  batch 40/264  loss=0.3571
  batch 50/264  loss=0.4004
  batch 60/264  loss=0.2908
  batch 70/264  loss=0.3614
  batch 80/264  loss=0.3118
  batch 90/264  loss=0.2695
  batch 100/264  loss=0.4665
  batch 110/264  loss=0.2839
  batch 120/264  loss=0.4416
  batch 130/264  loss=0.3533
  batch 140/264  loss=0.2340
  batch 150/264  loss=0.2995
  batch 160/264  loss=0.3346
  batch 170/264  loss=0.4851
  batch 180/264  loss=0.5116
  batch 190/264  loss=0.4810
  batch 200/264  loss=0.3131
  batch 210/264  loss=0.2940
  batch 220/264  loss=0.2721
  batch 230/264  loss=0.3311
  batch 240/264  loss=0.3233
  batch 250/264  loss=0.2971
  batch 260/264  loss=0.3325
Epoch 297/300  train=3.410e-01  rmse=2.1065  lr=1.3e-05  228s
  -> best  monitor=3.410e-01
  batch 10/264  loss=0.3672
  batch 20/264  loss=0.4526
  batch 30/264  loss=0.2855
  batch 40/264  loss=0.3501
  batch 50/264  loss=0.4331
  batch 60/264  loss=0.3136
  batch 70/264  loss=0.3546
  batch 80/264  loss=0.2398
  batch 90/264  loss=0.3246
  batch 100/264  loss=0.3446
  batch 110/264  loss=0.3371
  batch 120/264  loss=0.4961
  batch 130/264  loss=0.3188
  batch 140/264  loss=0.2966
  batch 150/264  loss=0.3941
  batch 160/264  loss=0.3940
  batch 170/264  loss=0.4038
  batch 180/264  loss=0.3357
  batch 190/264  loss=0.5200
  batch 200/264  loss=0.2982
  batch 210/264  loss=0.3007
  batch 220/264  loss=0.3320
  batch 230/264  loss=0.2352
  batch 240/264  loss=0.3053
  batch 250/264  loss=0.4296
  batch 260/264  loss=0.3392
Epoch 298/300  train=3.502e-01  rmse=3.2846  lr=1.3e-05  227s
  batch 10/264  loss=0.3468
  batch 20/264  loss=0.2851
  batch 30/264  loss=0.3026
  batch 40/264  loss=0.3056
  batch 50/264  loss=0.3096
  batch 60/264  loss=0.3934
  batch 70/264  loss=0.3181
  batch 80/264  loss=0.3018
  batch 90/264  loss=0.2763
  batch 100/264  loss=0.3652
  batch 110/264  loss=0.2865
  batch 120/264  loss=0.4378
  batch 130/264  loss=0.2992
  batch 140/264  loss=0.4945
  batch 150/264  loss=0.3755
  batch 160/264  loss=0.3211
  batch 170/264  loss=0.3929
  batch 180/264  loss=0.2857
  batch 190/264  loss=0.3504
  batch 200/264  loss=0.2831
  batch 210/264  loss=0.2540
  batch 220/264  loss=0.3081
  batch 230/264  loss=0.3380
  batch 240/264  loss=0.2868
  batch 250/264  loss=0.3867
  batch 260/264  loss=0.3468
Epoch 299/300  train=3.433e-01  rmse=1.9063  lr=1.3e-05  228s
  batch 10/264  loss=0.3026
  batch 20/264  loss=0.3334
  batch 30/264  loss=0.3244
  batch 40/264  loss=0.3441
  batch 50/264  loss=0.2634
  batch 60/264  loss=0.3833
  batch 70/264  loss=0.2717
  batch 80/264  loss=0.4214
  batch 90/264  loss=0.3399
  batch 100/264  loss=0.3315
  batch 110/264  loss=0.2832
  batch 120/264  loss=0.3343
  batch 130/264  loss=0.3014
  batch 140/264  loss=0.3929
  batch 150/264  loss=0.2527
  batch 160/264  loss=0.3620
  batch 170/264  loss=0.2988
  batch 180/264  loss=0.3073
  batch 190/264  loss=0.3229
  batch 200/264  loss=0.3458
  batch 210/264  loss=0.3250
  batch 220/264  loss=0.3259
  batch 230/264  loss=0.3281
  batch 240/264  loss=0.3199
  batch 250/264  loss=0.3408
  batch 260/264  loss=0.3696
Epoch 300/300  train=3.430e-01  rmse=2.7848  lr=1.3e-05  228s

Test evaluation (best checkpoint)...
Test (RMSE / MAE in μg/m³):
  total: 0.444963
  main: 0.024693
  nonneg: 0.000000
  smooth: 0.000000
  anom: 0.016093
  grad: 0.000552
  pattern: 0.108219
  spectral: 0.295406
  var: 0.000000
  rmse: 0.755424
  rmse_low: 0.993168
  rmse_high: 0.313270
  mae: 0.372869

  z  Height(m)        R²
--------------------------
  0       15.0    0.8249  <- ~0-100m
  1       25.0    0.8439  <- ~0-100m
  2       35.0    0.8712  <- ~0-100m
  3       45.0    0.8939  <- ~0-100m
  4       55.0    0.9028  <- ~0-100m
  5       75.0    0.9371  <- ~0-100m
  6       95.0    0.9579  <- ~0-100m
  7      115.0    0.9695  <- ~0-100m
  8      135.0    0.9752
  9      155.0    0.9797
 10      175.0    0.9821
 11      195.0    0.9832
