Device: cuda
Building datasets...
Temporal split:  train=264  val=0  test=72
Fitting normalisation on 264 samples...
  50/264
  100/264
  150/264
  200/264
  250/264
Done.
  emission  mean=5.6840  std=1.1291
  pm25      per-level  mean[0]=2.3826e+00  mean[-1]=1.1283e+00
height encoding zeroed (no-height ablation)
Model: UNet3D  base_ch=16  params: 1,598,466
No val set — using train loss for scheduler and checkpoint selection.

Training for 300 epochs...
  batch 10/264  loss=2.9156
  batch 20/264  loss=4.0987
  batch 30/264  loss=2.1935
  batch 40/264  loss=2.7557
  batch 50/264  loss=2.4082
  batch 60/264  loss=2.2203
  batch 70/264  loss=1.3259
  batch 80/264  loss=1.2370
  batch 90/264  loss=3.5222
  batch 100/264  loss=4.6844
  batch 110/264  loss=1.3312
  batch 120/264  loss=1.0925
  batch 130/264  loss=1.1761
  batch 140/264  loss=1.2168
  batch 150/264  loss=1.9836
  batch 160/264  loss=1.7923
  batch 170/264  loss=0.9667
  batch 180/264  loss=2.8158
  batch 190/264  loss=2.7217
  batch 200/264  loss=1.0399
  batch 210/264  loss=1.7252
  batch 220/264  loss=1.2137
  batch 230/264  loss=1.5521
  batch 240/264  loss=1.4542
  batch 250/264  loss=1.6203
  batch 260/264  loss=1.2289
Epoch   1/300  train=2.036e+00  rmse=4.4041  lr=1.0e-04  253s
  -> best  monitor=2.036e+00
  batch 10/264  loss=1.3852
  batch 20/264  loss=2.0974
  batch 30/264  loss=1.9079
  batch 40/264  loss=4.5773
  batch 50/264  loss=1.0927
  batch 60/264  loss=0.9248
  batch 70/264  loss=1.1034
  batch 80/264  loss=1.3602
  batch 90/264  loss=1.7052
  batch 100/264  loss=0.8080
  batch 110/264  loss=1.1526
  batch 120/264  loss=0.8225
  batch 130/264  loss=1.2540
  batch 140/264  loss=1.1558
  batch 150/264  loss=2.7590
  batch 160/264  loss=0.8355
  batch 170/264  loss=3.4455
  batch 180/264  loss=1.2244
  batch 190/264  loss=1.2761
  batch 200/264  loss=1.2074
  batch 210/264  loss=1.7847
  batch 220/264  loss=1.3004
  batch 230/264  loss=0.9488
  batch 240/264  loss=1.7573
  batch 250/264  loss=0.8567
  batch 260/264  loss=0.8793
Epoch   2/300  train=1.432e+00  rmse=3.6853  lr=1.0e-04  228s
  -> best  monitor=1.432e+00
  batch 10/264  loss=1.3642
  batch 20/264  loss=1.0216
  batch 30/264  loss=2.7289
  batch 40/264  loss=0.8958
  batch 50/264  loss=0.9715
  batch 60/264  loss=0.8675
  batch 70/264  loss=0.9847
  batch 80/264  loss=1.6090
  batch 90/264  loss=1.4342
  batch 100/264  loss=1.0646
  batch 110/264  loss=0.8327
  batch 120/264  loss=1.4940
  batch 130/264  loss=0.8872
  batch 140/264  loss=1.2896
  batch 150/264  loss=0.7451
  batch 160/264  loss=0.9460
  batch 170/264  loss=1.0892
  batch 180/264  loss=1.4535
  batch 190/264  loss=1.3246
  batch 200/264  loss=0.7638
  batch 210/264  loss=2.9679
  batch 220/264  loss=0.9305
  batch 230/264  loss=0.7164
  batch 240/264  loss=0.8153
  batch 250/264  loss=0.9080
  batch 260/264  loss=1.0599
Epoch   3/300  train=1.171e+00  rmse=3.2447  lr=1.0e-04  224s
  -> best  monitor=1.171e+00
  batch 10/264  loss=0.9295
  batch 20/264  loss=1.1659
  batch 30/264  loss=0.8164
  batch 40/264  loss=1.1701
  batch 50/264  loss=0.7581
  batch 60/264  loss=0.8404
  batch 70/264  loss=0.7692
  batch 80/264  loss=0.7866
  batch 90/264  loss=0.7881
  batch 100/264  loss=0.8382
  batch 110/264  loss=0.7667
  batch 120/264  loss=1.4274
  batch 130/264  loss=0.8926
  batch 140/264  loss=0.8254
  batch 150/264  loss=0.7252
  batch 160/264  loss=1.2521
  batch 170/264  loss=0.5986
  batch 180/264  loss=1.0343
  batch 190/264  loss=1.0692
  batch 200/264  loss=1.1385
  batch 210/264  loss=0.8049
  batch 220/264  loss=2.0492
  batch 230/264  loss=0.7148
  batch 240/264  loss=1.4799
  batch 250/264  loss=1.1874
  batch 260/264  loss=0.8685
Epoch   4/300  train=1.047e+00  rmse=3.0200  lr=1.0e-04  224s
  -> best  monitor=1.047e+00
  batch 10/264  loss=0.7646
  batch 20/264  loss=0.9014
  batch 30/264  loss=0.9053
  batch 40/264  loss=1.9284
  batch 50/264  loss=0.7786
  batch 60/264  loss=2.6792
  batch 70/264  loss=0.6038
  batch 80/264  loss=0.5837
  batch 90/264  loss=0.7927
  batch 100/264  loss=0.9132
  batch 110/264  loss=0.9002
  batch 120/264  loss=0.9044
  batch 130/264  loss=0.7740
  batch 140/264  loss=1.6885
  batch 150/264  loss=0.7259
  batch 160/264  loss=0.6451
  batch 170/264  loss=1.0161
  batch 180/264  loss=0.7167
  batch 190/264  loss=0.6733
  batch 200/264  loss=1.1306
  batch 210/264  loss=0.7252
  batch 220/264  loss=0.8017
  batch 230/264  loss=0.7895
  batch 240/264  loss=0.7171
  batch 250/264  loss=0.5882
  batch 260/264  loss=0.7561
Epoch   5/300  train=9.655e-01  rmse=2.8767  lr=1.0e-04  227s
  -> best  monitor=9.655e-01
  batch 10/264  loss=0.8600
  batch 20/264  loss=0.6406
  batch 30/264  loss=0.8499
  batch 40/264  loss=0.5992
  batch 50/264  loss=1.1337
  batch 60/264  loss=0.6791
  batch 70/264  loss=1.0199
  batch 80/264  loss=1.2468
  batch 90/264  loss=1.1278
  batch 100/264  loss=1.9312
  batch 110/264  loss=0.8388
  batch 120/264  loss=1.2563
  batch 130/264  loss=0.7436
  batch 140/264  loss=0.7582
  batch 150/264  loss=0.8110
  batch 160/264  loss=1.5773
  batch 170/264  loss=0.5419
  batch 180/264  loss=1.1199
  batch 190/264  loss=1.8554
  batch 200/264  loss=0.8206
  batch 210/264  loss=0.6936
  batch 220/264  loss=0.6917
  batch 230/264  loss=0.6609
  batch 240/264  loss=0.9566
  batch 250/264  loss=0.6708
  batch 260/264  loss=1.1064
Epoch   6/300  train=9.314e-01  rmse=2.8804  lr=1.0e-04  227s
  -> best  monitor=9.314e-01
  batch 10/264  loss=0.9645
  batch 20/264  loss=0.6795
  batch 30/264  loss=0.9921
  batch 40/264  loss=1.0353
  batch 50/264  loss=0.9369
  batch 60/264  loss=0.7139
  batch 70/264  loss=0.9271
  batch 80/264  loss=1.1449
  batch 90/264  loss=1.1689
  batch 100/264  loss=0.9632
  batch 110/264  loss=0.9598
  batch 120/264  loss=0.7234
  batch 130/264  loss=0.9631
  batch 140/264  loss=0.6844
  batch 150/264  loss=0.5159
  batch 160/264  loss=0.5220
  batch 170/264  loss=0.7740
  batch 180/264  loss=0.5327
  batch 190/264  loss=1.5167
  batch 200/264  loss=0.6490
  batch 210/264  loss=1.3795
  batch 220/264  loss=1.4562
  batch 230/264  loss=0.7161
  batch 240/264  loss=0.7379
  batch 250/264  loss=0.8338
  batch 260/264  loss=0.6745
Epoch   7/300  train=8.736e-01  rmse=2.8415  lr=1.0e-04  227s
  -> best  monitor=8.736e-01
  batch 10/264  loss=0.9236
  batch 20/264  loss=0.6937
  batch 30/264  loss=0.5808
  batch 40/264  loss=0.7984
  batch 50/264  loss=0.6837
  batch 60/264  loss=0.8056
  batch 70/264  loss=0.7550
  batch 80/264  loss=0.7634
  batch 90/264  loss=0.8389
  batch 100/264  loss=0.6281
  batch 110/264  loss=0.6290
  batch 120/264  loss=0.6062
  batch 130/264  loss=0.8027
  batch 140/264  loss=0.5631
  batch 150/264  loss=0.8841
  batch 160/264  loss=0.8338
  batch 170/264  loss=0.7499
  batch 180/264  loss=0.6831
  batch 190/264  loss=0.5564
  batch 200/264  loss=1.5841
  batch 210/264  loss=0.9602
  batch 220/264  loss=0.5493
  batch 230/264  loss=0.8566
  batch 240/264  loss=0.7040
  batch 250/264  loss=0.7418
  batch 260/264  loss=2.0488
Epoch   8/300  train=8.485e-01  rmse=2.7839  lr=1.0e-04  227s
  -> best  monitor=8.485e-01
  batch 10/264  loss=0.7102
  batch 20/264  loss=0.6658
  batch 30/264  loss=0.5841
  batch 40/264  loss=0.4727
  batch 50/264  loss=0.5280
  batch 60/264  loss=0.5505
  batch 70/264  loss=0.6669
  batch 80/264  loss=0.4423
  batch 90/264  loss=0.5450
  batch 100/264  loss=0.7547
  batch 110/264  loss=0.5813
  batch 120/264  loss=0.6211
  batch 130/264  loss=0.9772
  batch 140/264  loss=0.6479
  batch 150/264  loss=0.6133
  batch 160/264  loss=0.7483
  batch 170/264  loss=1.6666
  batch 180/264  loss=0.6856
  batch 190/264  loss=0.4834
  batch 200/264  loss=0.7352
  batch 210/264  loss=0.7207
  batch 220/264  loss=0.4746
  batch 230/264  loss=0.7064
  batch 240/264  loss=0.7122
  batch 250/264  loss=1.0923
  batch 260/264  loss=0.7017
Epoch   9/300  train=8.217e-01  rmse=2.8738  lr=1.0e-04  228s
  -> best  monitor=8.217e-01
  batch 10/264  loss=0.6042
  batch 20/264  loss=0.6752
  batch 30/264  loss=0.8275
  batch 40/264  loss=0.7877
  batch 50/264  loss=0.6466
  batch 60/264  loss=0.7285
  batch 70/264  loss=0.7305
  batch 80/264  loss=0.6441
  batch 90/264  loss=0.5880
  batch 100/264  loss=0.6181
  batch 110/264  loss=0.5654
  batch 120/264  loss=0.6938
  batch 130/264  loss=0.8090
  batch 140/264  loss=0.5624
  batch 150/264  loss=0.9367
  batch 160/264  loss=0.8390
  batch 170/264  loss=0.7231
  batch 180/264  loss=0.8311
  batch 190/264  loss=0.7358
  batch 200/264  loss=0.6333
  batch 210/264  loss=1.2257
  batch 220/264  loss=0.6138
  batch 230/264  loss=0.7998
  batch 240/264  loss=1.0746
  batch 250/264  loss=0.7924
  batch 260/264  loss=0.5715
Epoch  10/300  train=8.020e-01  rmse=2.7633  lr=1.0e-04  228s
  -> best  monitor=8.020e-01
  batch 10/264  loss=0.7891
  batch 20/264  loss=0.8017
  batch 30/264  loss=0.5457
  batch 40/264  loss=0.4997
  batch 50/264  loss=0.8167
  batch 60/264  loss=0.5297
  batch 70/264  loss=0.7355
  batch 80/264  loss=0.5786
  batch 90/264  loss=1.0160
  batch 100/264  loss=0.8938
  batch 110/264  loss=0.5822
  batch 120/264  loss=0.6892
  batch 130/264  loss=1.8343
  batch 140/264  loss=0.7407
  batch 150/264  loss=0.8120
  batch 160/264  loss=0.5897
  batch 170/264  loss=0.9173
  batch 180/264  loss=0.7058
  batch 190/264  loss=0.5849
  batch 200/264  loss=0.4995
  batch 210/264  loss=0.9616
  batch 220/264  loss=0.5194
  batch 230/264  loss=0.7447
  batch 240/264  loss=0.5236
  batch 250/264  loss=0.8161
  batch 260/264  loss=0.6616
Epoch  11/300  train=7.799e-01  rmse=2.6699  lr=1.0e-04  228s
  -> best  monitor=7.799e-01
  batch 10/264  loss=0.8631
  batch 20/264  loss=0.8118
  batch 30/264  loss=0.6142
  batch 40/264  loss=1.0567
  batch 50/264  loss=0.5758
  batch 60/264  loss=0.5638
  batch 70/264  loss=0.6169
  batch 80/264  loss=0.9087
  batch 90/264  loss=0.7438
  batch 100/264  loss=0.5080
  batch 110/264  loss=0.8420
  batch 120/264  loss=0.7101
  batch 130/264  loss=0.8745
  batch 140/264  loss=0.5935
  batch 150/264  loss=0.5370
  batch 160/264  loss=0.6309
  batch 170/264  loss=0.5387
  batch 180/264  loss=0.5793
  batch 190/264  loss=0.5845
  batch 200/264  loss=0.7836
  batch 210/264  loss=0.5558
  batch 220/264  loss=0.7313
  batch 230/264  loss=0.9263
  batch 240/264  loss=0.9261
  batch 250/264  loss=1.0525
  batch 260/264  loss=0.9378
Epoch  12/300  train=7.594e-01  rmse=2.6425  lr=1.0e-04  229s
  -> best  monitor=7.594e-01
  batch 10/264  loss=1.2327
  batch 20/264  loss=1.3042
  batch 30/264  loss=0.5098
  batch 40/264  loss=2.3321
  batch 50/264  loss=0.7999
  batch 60/264  loss=1.0326
  batch 70/264  loss=0.6873
  batch 80/264  loss=0.6618
  batch 90/264  loss=0.7832
  batch 100/264  loss=1.0123
  batch 110/264  loss=0.7908
  batch 120/264  loss=0.7744
  batch 130/264  loss=0.7301
  batch 140/264  loss=0.6032
  batch 150/264  loss=0.4741
  batch 160/264  loss=0.6055
  batch 170/264  loss=0.6701
  batch 180/264  loss=0.6233
  batch 190/264  loss=0.8032
  batch 200/264  loss=0.6551
  batch 210/264  loss=1.2169
  batch 220/264  loss=0.4421
  batch 230/264  loss=0.4959
  batch 240/264  loss=0.5092
  batch 250/264  loss=0.5496
  batch 260/264  loss=0.5846
Epoch  13/300  train=7.324e-01  rmse=2.5871  lr=1.0e-04  228s
  -> best  monitor=7.324e-01
  batch 10/264  loss=0.6088
  batch 20/264  loss=1.4415
  batch 30/264  loss=0.6152
  batch 40/264  loss=0.8208
  batch 50/264  loss=1.2289
  batch 60/264  loss=0.4782
  batch 70/264  loss=0.8025
  batch 80/264  loss=1.1609
  batch 90/264  loss=0.5589
  batch 100/264  loss=1.0398
  batch 110/264  loss=0.7286
  batch 120/264  loss=0.6420
  batch 130/264  loss=0.5010
  batch 140/264  loss=0.7689
  batch 150/264  loss=0.8357
  batch 160/264  loss=0.8950
  batch 170/264  loss=0.6404
  batch 180/264  loss=0.7397
  batch 190/264  loss=0.5566
  batch 200/264  loss=0.4897
  batch 210/264  loss=0.7088
  batch 220/264  loss=1.2358
  batch 230/264  loss=0.6776
  batch 240/264  loss=0.5334
  batch 250/264  loss=0.5711
  batch 260/264  loss=0.4782
Epoch  14/300  train=7.296e-01  rmse=2.5699  lr=1.0e-04  227s
  -> best  monitor=7.296e-01
  batch 10/264  loss=0.5161
  batch 20/264  loss=0.8291
  batch 30/264  loss=0.8178
  batch 40/264  loss=0.8173
  batch 50/264  loss=0.8074
  batch 60/264  loss=0.5678
  batch 70/264  loss=0.6636
  batch 80/264  loss=0.5801
  batch 90/264  loss=0.5647
  batch 100/264  loss=0.8399
  batch 110/264  loss=0.5961
  batch 120/264  loss=0.5239
  batch 130/264  loss=0.4434
  batch 140/264  loss=0.7687
  batch 150/264  loss=0.5593
  batch 160/264  loss=0.4561
  batch 170/264  loss=0.8073
  batch 180/264  loss=0.7333
  batch 190/264  loss=0.8209
  batch 200/264  loss=0.9650
  batch 210/264  loss=0.6180
  batch 220/264  loss=0.4793
  batch 230/264  loss=0.9131
  batch 240/264  loss=0.5160
  batch 250/264  loss=0.5294
  batch 260/264  loss=0.9099
Epoch  15/300  train=7.176e-01  rmse=2.5730  lr=1.0e-04  228s
  -> best  monitor=7.176e-01
  batch 10/264  loss=0.5711
  batch 20/264  loss=0.4153
  batch 30/264  loss=1.0614
  batch 40/264  loss=0.6684
  batch 50/264  loss=0.8870
  batch 60/264  loss=0.7511
  batch 70/264  loss=0.5293
  batch 80/264  loss=0.6383
  batch 90/264  loss=0.8202
  batch 100/264  loss=0.5436
  batch 110/264  loss=0.5897
  batch 120/264  loss=0.4231
  batch 130/264  loss=0.5518
  batch 140/264  loss=0.5332
  batch 150/264  loss=1.3958
  batch 160/264  loss=0.5188
  batch 170/264  loss=0.5816
  batch 180/264  loss=0.8827
  batch 190/264  loss=0.5852
  batch 200/264  loss=1.4415
  batch 210/264  loss=0.4394
  batch 220/264  loss=0.9213
  batch 230/264  loss=0.8303
  batch 240/264  loss=0.6194
  batch 250/264  loss=0.5405
  batch 260/264  loss=0.6206
Epoch  16/300  train=6.954e-01  rmse=2.4841  lr=1.0e-04  227s
  -> best  monitor=6.954e-01
  batch 10/264  loss=0.8980
  batch 20/264  loss=0.7600
  batch 30/264  loss=0.5735
  batch 40/264  loss=0.8923
  batch 50/264  loss=0.6589
  batch 60/264  loss=0.5368
  batch 70/264  loss=0.5284
  batch 80/264  loss=0.6278
  batch 90/264  loss=0.7455
  batch 100/264  loss=0.6251
  batch 110/264  loss=0.5343
  batch 120/264  loss=0.4432
  batch 130/264  loss=0.4522
  batch 140/264  loss=0.5059
  batch 150/264  loss=0.5724
  batch 160/264  loss=0.4704
  batch 170/264  loss=0.6803
  batch 180/264  loss=0.8676
  batch 190/264  loss=0.5161
  batch 200/264  loss=0.5755
  batch 210/264  loss=0.7044
  batch 220/264  loss=1.1815
  batch 230/264  loss=0.9939
  batch 240/264  loss=0.6490
  batch 250/264  loss=0.7006
  batch 260/264  loss=1.5106
Epoch  17/300  train=6.895e-01  rmse=2.4859  lr=1.0e-04  228s
  -> best  monitor=6.895e-01
  batch 10/264  loss=0.8424
  batch 20/264  loss=0.6537
  batch 30/264  loss=0.8112
  batch 40/264  loss=0.7139
  batch 50/264  loss=0.6569
  batch 60/264  loss=0.5206
  batch 70/264  loss=0.9640
  batch 80/264  loss=0.4872
  batch 90/264  loss=0.7340
  batch 100/264  loss=0.8838
  batch 110/264  loss=0.6104
  batch 120/264  loss=0.5657
  batch 130/264  loss=0.6456
  batch 140/264  loss=0.6309
  batch 150/264  loss=0.5731
  batch 160/264  loss=0.4870
  batch 170/264  loss=0.6336
  batch 180/264  loss=0.8202
  batch 190/264  loss=1.1613
  batch 200/264  loss=0.5919
  batch 210/264  loss=0.5448
  batch 220/264  loss=0.5101
  batch 230/264  loss=0.7365
  batch 240/264  loss=0.7856
  batch 250/264  loss=0.7760
  batch 260/264  loss=0.5553
Epoch  18/300  train=6.776e-01  rmse=2.5262  lr=1.0e-04  227s
  -> best  monitor=6.776e-01
  batch 10/264  loss=0.9786
  batch 20/264  loss=0.4950
  batch 30/264  loss=0.8525
  batch 40/264  loss=0.5242
  batch 50/264  loss=0.4506
  batch 60/264  loss=1.5931
  batch 70/264  loss=0.4897
  batch 80/264  loss=0.4603
  batch 90/264  loss=0.5550
  batch 100/264  loss=0.5342
  batch 110/264  loss=0.4946
  batch 120/264  loss=0.5202
  batch 130/264  loss=0.5239
  batch 140/264  loss=0.5473
  batch 150/264  loss=0.5264
  batch 160/264  loss=0.6706
  batch 170/264  loss=0.7345
  batch 180/264  loss=0.7391
  batch 190/264  loss=1.2327
  batch 200/264  loss=1.1359
  batch 210/264  loss=0.6099
  batch 220/264  loss=0.6804
  batch 230/264  loss=0.4673
  batch 240/264  loss=0.6663
  batch 250/264  loss=0.7593
  batch 260/264  loss=0.4961
Epoch  19/300  train=6.632e-01  rmse=2.4102  lr=1.0e-04  226s
  -> best  monitor=6.632e-01
  batch 10/264  loss=0.5306
  batch 20/264  loss=0.4759
  batch 30/264  loss=0.6021
  batch 40/264  loss=0.4530
  batch 50/264  loss=0.4446
  batch 60/264  loss=0.5782
  batch 70/264  loss=0.4302
  batch 80/264  loss=1.1008
  batch 90/264  loss=0.5610
  batch 100/264  loss=0.7325
  batch 110/264  loss=0.8164
  batch 120/264  loss=1.6472
  batch 130/264  loss=1.0521
  batch 140/264  loss=0.7695
  batch 150/264  loss=1.1490
  batch 160/264  loss=0.4582
  batch 170/264  loss=0.7654
  batch 180/264  loss=0.4605
  batch 190/264  loss=0.4947
  batch 200/264  loss=0.5913
  batch 210/264  loss=0.5898
  batch 220/264  loss=0.5593
  batch 230/264  loss=0.4612
  batch 240/264  loss=0.6478
  batch 250/264  loss=0.4704
  batch 260/264  loss=0.9328
Epoch  20/300  train=6.659e-01  rmse=2.4520  lr=1.0e-04  227s
  batch 10/264  loss=0.5870
  batch 20/264  loss=0.4866
  batch 30/264  loss=0.5929
  batch 40/264  loss=1.4540
  batch 50/264  loss=0.4857
  batch 60/264  loss=0.3978
  batch 70/264  loss=0.4915
  batch 80/264  loss=0.6504
  batch 90/264  loss=0.4800
  batch 100/264  loss=0.5596
  batch 110/264  loss=0.7748
  batch 120/264  loss=0.5519
  batch 130/264  loss=1.9718
  batch 140/264  loss=0.6649
  batch 150/264  loss=0.5276
  batch 160/264  loss=0.4631
  batch 170/264  loss=0.5770
  batch 180/264  loss=0.6210
  batch 190/264  loss=0.8078
  batch 200/264  loss=0.5289
  batch 210/264  loss=0.4758
  batch 220/264  loss=0.7844
  batch 230/264  loss=0.5854
  batch 240/264  loss=0.4943
  batch 250/264  loss=0.5231
  batch 260/264  loss=0.5802
Epoch  21/300  train=6.538e-01  rmse=2.4614  lr=1.0e-04  227s
  -> best  monitor=6.538e-01
  batch 10/264  loss=0.6272
  batch 20/264  loss=0.4041
  batch 30/264  loss=0.4862
  batch 40/264  loss=1.0593
  batch 50/264  loss=0.6328
  batch 60/264  loss=0.5120
  batch 70/264  loss=0.5384
  batch 80/264  loss=0.7610
  batch 90/264  loss=0.5635
  batch 100/264  loss=0.4971
  batch 110/264  loss=0.6430
  batch 120/264  loss=0.8222
  batch 130/264  loss=0.7293
  batch 140/264  loss=0.5394
  batch 150/264  loss=0.5086
  batch 160/264  loss=0.5422
  batch 170/264  loss=0.4658
  batch 180/264  loss=0.4789
  batch 190/264  loss=0.5898
  batch 200/264  loss=0.5317
  batch 210/264  loss=0.7681
  batch 220/264  loss=0.6246
  batch 230/264  loss=0.4395
  batch 240/264  loss=0.5783
  batch 250/264  loss=0.6493
  batch 260/264  loss=0.5878
Epoch  22/300  train=6.471e-01  rmse=2.4300  lr=1.0e-04  226s
  -> best  monitor=6.471e-01
  batch 10/264  loss=1.1196
  batch 20/264  loss=0.4761
  batch 30/264  loss=0.5476
  batch 40/264  loss=0.5463
  batch 50/264  loss=0.5578
  batch 60/264  loss=0.5618
  batch 70/264  loss=0.6326
  batch 80/264  loss=0.5149
  batch 90/264  loss=0.5188
  batch 100/264  loss=0.6461
  batch 110/264  loss=0.6072
  batch 120/264  loss=0.4280
  batch 130/264  loss=0.4975
  batch 140/264  loss=0.6080
  batch 150/264  loss=0.5749
  batch 160/264  loss=0.5544
  batch 170/264  loss=0.6507
  batch 180/264  loss=0.5864
  batch 190/264  loss=0.5115
  batch 200/264  loss=0.4336
  batch 210/264  loss=0.5857
  batch 220/264  loss=1.6997
  batch 230/264  loss=0.6082
  batch 240/264  loss=0.5654
  batch 250/264  loss=0.8747
  batch 260/264  loss=0.5135
Epoch  23/300  train=6.287e-01  rmse=2.3533  lr=1.0e-04  229s
  -> best  monitor=6.287e-01
  batch 10/264  loss=0.4724
  batch 20/264  loss=0.5895
  batch 30/264  loss=0.6712
  batch 40/264  loss=0.5954
  batch 50/264  loss=0.5647
  batch 60/264  loss=0.4019
  batch 70/264  loss=0.9970
  batch 80/264  loss=0.6037
  batch 90/264  loss=0.5766
  batch 100/264  loss=0.7278
  batch 110/264  loss=1.8005
  batch 120/264  loss=0.4904
  batch 130/264  loss=0.4764
  batch 140/264  loss=0.8504
  batch 150/264  loss=1.3590
  batch 160/264  loss=0.5106
  batch 170/264  loss=0.5048
  batch 180/264  loss=0.5042
  batch 190/264  loss=1.1703
  batch 200/264  loss=0.5104
  batch 210/264  loss=0.6929
  batch 220/264  loss=0.6388
  batch 230/264  loss=0.6455
  batch 240/264  loss=0.4123
  batch 250/264  loss=0.6339
  batch 260/264  loss=0.4546
Epoch  24/300  train=6.251e-01  rmse=2.3159  lr=1.0e-04  227s
  -> best  monitor=6.251e-01
  batch 10/264  loss=0.5000
  batch 20/264  loss=0.6619
  batch 30/264  loss=0.5167
  batch 40/264  loss=0.6004
  batch 50/264  loss=0.6578
  batch 60/264  loss=0.5138
  batch 70/264  loss=0.5641
  batch 80/264  loss=0.5253
  batch 90/264  loss=0.4565
  batch 100/264  loss=0.6287
  batch 110/264  loss=0.4604
  batch 120/264  loss=0.5978
  batch 130/264  loss=0.9741
  batch 140/264  loss=0.4042
  batch 150/264  loss=0.6145
  batch 160/264  loss=0.7145
  batch 170/264  loss=1.6238
  batch 180/264  loss=0.4196
  batch 190/264  loss=1.0791
  batch 200/264  loss=0.5616
  batch 210/264  loss=0.6245
  batch 220/264  loss=0.6657
  batch 230/264  loss=0.4611
  batch 240/264  loss=0.6592
  batch 250/264  loss=0.4902
  batch 260/264  loss=0.5241
Epoch  25/300  train=6.210e-01  rmse=2.3628  lr=1.0e-04  227s
  -> best  monitor=6.210e-01
  batch 10/264  loss=0.6784
  batch 20/264  loss=0.5925
  batch 30/264  loss=0.9241
  batch 40/264  loss=0.4518
  batch 50/264  loss=0.4553
  batch 60/264  loss=0.5795
  batch 70/264  loss=0.5802
  batch 80/264  loss=0.5551
  batch 90/264  loss=0.5599
  batch 100/264  loss=0.4591
  batch 110/264  loss=0.5110
  batch 120/264  loss=0.7932
  batch 130/264  loss=0.5299
  batch 140/264  loss=0.9806
  batch 150/264  loss=2.0926
  batch 160/264  loss=0.5030
  batch 170/264  loss=0.8930
  batch 180/264  loss=0.5008
  batch 190/264  loss=0.4838
  batch 200/264  loss=0.5764
  batch 210/264  loss=0.4723
  batch 220/264  loss=0.6563
  batch 230/264  loss=0.4703
  batch 240/264  loss=0.5738
  batch 250/264  loss=0.5422
  batch 260/264  loss=0.7948
Epoch  26/300  train=6.153e-01  rmse=2.2820  lr=1.0e-04  229s
  -> best  monitor=6.153e-01
  batch 10/264  loss=0.4406
  batch 20/264  loss=0.8812
  batch 30/264  loss=0.5163
  batch 40/264  loss=0.6030
  batch 50/264  loss=0.7576
  batch 60/264  loss=0.4198
  batch 70/264  loss=0.6213
  batch 80/264  loss=0.4937
  batch 90/264  loss=0.3963
  batch 100/264  loss=0.6573
  batch 110/264  loss=0.6031
  batch 120/264  loss=0.4326
  batch 130/264  loss=1.1598
  batch 140/264  loss=0.4403
  batch 150/264  loss=0.6468
  batch 160/264  loss=0.4580
  batch 170/264  loss=0.4390
  batch 180/264  loss=0.7132
  batch 190/264  loss=0.4112
  batch 200/264  loss=1.3388
  batch 210/264  loss=0.9017
  batch 220/264  loss=0.4465
  batch 230/264  loss=0.4262
  batch 240/264  loss=0.4479
  batch 250/264  loss=0.4378
  batch 260/264  loss=0.5924
Epoch  27/300  train=6.056e-01  rmse=2.3029  lr=1.0e-04  227s
  -> best  monitor=6.056e-01
  batch 10/264  loss=0.4565
  batch 20/264  loss=0.5715
  batch 30/264  loss=0.8029
  batch 40/264  loss=0.6137
  batch 50/264  loss=0.5482
  batch 60/264  loss=0.6068
  batch 70/264  loss=1.3484
  batch 80/264  loss=0.4696
  batch 90/264  loss=0.5431
  batch 100/264  loss=0.4584
  batch 110/264  loss=0.6355
  batch 120/264  loss=0.5952
  batch 130/264  loss=0.4778
  batch 140/264  loss=0.5311
  batch 150/264  loss=0.5885
  batch 160/264  loss=0.4407
  batch 170/264  loss=0.4412
  batch 180/264  loss=0.4778
  batch 190/264  loss=0.5334
  batch 200/264  loss=1.8706
  batch 210/264  loss=0.5804
  batch 220/264  loss=0.4376
  batch 230/264  loss=0.6237
  batch 240/264  loss=0.4268
  batch 250/264  loss=0.3995
  batch 260/264  loss=0.5584
Epoch  28/300  train=6.009e-01  rmse=2.3133  lr=1.0e-04  228s
  -> best  monitor=6.009e-01
  batch 10/264  loss=0.6457
  batch 20/264  loss=0.8158
  batch 30/264  loss=0.8259
  batch 40/264  loss=0.5101
  batch 50/264  loss=0.4791
  batch 60/264  loss=0.6482
  batch 70/264  loss=0.6685
  batch 80/264  loss=0.7235
  batch 90/264  loss=0.5713
  batch 100/264  loss=0.4694
  batch 110/264  loss=0.5517
  batch 120/264  loss=0.6203
  batch 130/264  loss=0.3985
  batch 140/264  loss=0.4688
  batch 150/264  loss=0.6839
  batch 160/264  loss=1.2986
  batch 170/264  loss=0.5309
  batch 180/264  loss=0.4734
  batch 190/264  loss=0.6536
  batch 200/264  loss=0.5613
  batch 210/264  loss=0.4954
  batch 220/264  loss=0.5005
  batch 230/264  loss=0.5346
  batch 240/264  loss=0.4364
  batch 250/264  loss=0.4835
  batch 260/264  loss=0.4406
Epoch  29/300  train=5.857e-01  rmse=2.2474  lr=1.0e-04  228s
  -> best  monitor=5.857e-01
  batch 10/264  loss=0.5061
  batch 20/264  loss=0.8479
  batch 30/264  loss=1.1002
  batch 40/264  loss=0.4307
  batch 50/264  loss=0.6131
  batch 60/264  loss=0.7164
  batch 70/264  loss=0.3838
  batch 80/264  loss=0.6822
  batch 90/264  loss=0.4458
  batch 100/264  loss=0.6517
  batch 110/264  loss=0.5669
  batch 120/264  loss=0.7122
  batch 130/264  loss=0.4015
  batch 140/264  loss=1.3571
  batch 150/264  loss=0.4864
  batch 160/264  loss=0.4027
  batch 170/264  loss=1.1600
  batch 180/264  loss=0.4383
  batch 190/264  loss=0.5656
  batch 200/264  loss=0.4707
  batch 210/264  loss=0.5418
  batch 220/264  loss=0.5429
  batch 230/264  loss=0.5177
  batch 240/264  loss=0.4747
  batch 250/264  loss=0.4795
  batch 260/264  loss=0.5846
Epoch  30/300  train=5.860e-01  rmse=2.2394  lr=1.0e-04  227s
  batch 10/264  loss=0.4956
  batch 20/264  loss=0.5657
  batch 30/264  loss=0.3797
  batch 40/264  loss=0.4177
  batch 50/264  loss=0.7437
  batch 60/264  loss=0.4715
  batch 70/264  loss=0.6274
  batch 80/264  loss=0.6986
  batch 90/264  loss=0.8950
  batch 100/264  loss=0.4693
  batch 110/264  loss=0.4572
  batch 120/264  loss=0.5234
  batch 130/264  loss=0.6951
  batch 140/264  loss=0.5501
  batch 150/264  loss=0.7085
  batch 160/264  loss=0.4248
  batch 170/264  loss=0.5327
  batch 180/264  loss=0.6660
  batch 190/264  loss=0.4516
  batch 200/264  loss=0.6720
  batch 210/264  loss=0.5411
  batch 220/264  loss=0.4130
  batch 230/264  loss=0.6487
  batch 240/264  loss=0.5162
  batch 250/264  loss=0.4827
  batch 260/264  loss=0.7013
Epoch  31/300  train=5.873e-01  rmse=2.2541  lr=1.0e-04  227s
  batch 10/264  loss=0.4695
  batch 20/264  loss=0.4210
  batch 30/264  loss=0.6172
  batch 40/264  loss=0.4805
  batch 50/264  loss=0.5220
  batch 60/264  loss=0.5161
  batch 70/264  loss=0.5253
  batch 80/264  loss=0.5543
  batch 90/264  loss=0.6515
  batch 100/264  loss=0.5828
  batch 110/264  loss=0.9391
  batch 120/264  loss=0.4922
  batch 130/264  loss=0.6075
  batch 140/264  loss=0.6420
  batch 150/264  loss=0.4986
  batch 160/264  loss=0.5258
  batch 170/264  loss=0.6137
  batch 180/264  loss=0.6503
  batch 190/264  loss=0.5136
  batch 200/264  loss=0.5110
  batch 210/264  loss=0.8448
  batch 220/264  loss=0.3998
  batch 230/264  loss=0.6008
  batch 240/264  loss=0.4413
  batch 250/264  loss=0.7183
  batch 260/264  loss=0.4255
Epoch  32/300  train=5.870e-01  rmse=2.2659  lr=1.0e-04  228s
  batch 10/264  loss=0.3927
  batch 20/264  loss=0.4925
  batch 30/264  loss=0.5425
  batch 40/264  loss=0.5159
  batch 50/264  loss=1.0314
  batch 60/264  loss=0.4568
  batch 70/264  loss=0.4569
  batch 80/264  loss=0.4279
  batch 90/264  loss=0.5059
  batch 100/264  loss=0.5400
  batch 110/264  loss=0.4018
  batch 120/264  loss=0.3816
  batch 130/264  loss=0.7267
  batch 140/264  loss=0.5511
  batch 150/264  loss=0.4651
  batch 160/264  loss=0.4990
  batch 170/264  loss=0.4369
  batch 180/264  loss=0.5357
  batch 190/264  loss=0.4414
  batch 200/264  loss=0.5131
  batch 210/264  loss=1.2821
  batch 220/264  loss=1.2987
  batch 230/264  loss=0.6648
  batch 240/264  loss=0.7210
  batch 250/264  loss=0.4749
  batch 260/264  loss=0.4699
Epoch  33/300  train=5.733e-01  rmse=2.2283  lr=1.0e-04  227s
  -> best  monitor=5.733e-01
  batch 10/264  loss=0.6068
  batch 20/264  loss=0.4373
  batch 30/264  loss=0.7147
  batch 40/264  loss=0.5572
  batch 50/264  loss=0.5716
  batch 60/264  loss=0.4266
  batch 70/264  loss=0.6684
  batch 80/264  loss=0.4956
  batch 90/264  loss=0.5279
  batch 100/264  loss=1.0909
  batch 110/264  loss=0.8571
  batch 120/264  loss=0.4707
  batch 130/264  loss=0.6207
  batch 140/264  loss=0.4165
  batch 150/264  loss=0.5200
  batch 160/264  loss=0.8508
  batch 170/264  loss=0.5886
  batch 180/264  loss=0.4213
  batch 190/264  loss=0.4963
  batch 200/264  loss=0.5170
  batch 210/264  loss=0.4742
  batch 220/264  loss=0.4920
  batch 230/264  loss=0.4390
  batch 240/264  loss=0.5294
  batch 250/264  loss=0.6288
  batch 260/264  loss=0.5069
Epoch  34/300  train=5.732e-01  rmse=2.2129  lr=1.0e-04  228s
  -> best  monitor=5.732e-01
  batch 10/264  loss=1.1473
  batch 20/264  loss=0.5100
  batch 30/264  loss=0.8038
  batch 40/264  loss=0.7807
  batch 50/264  loss=0.4443
  batch 60/264  loss=0.6084
  batch 70/264  loss=0.4430
  batch 80/264  loss=0.4924
  batch 90/264  loss=0.5662
  batch 100/264  loss=0.6291
  batch 110/264  loss=0.5469
  batch 120/264  loss=0.3766
  batch 130/264  loss=0.3855
  batch 140/264  loss=0.5192
  batch 150/264  loss=0.6811
  batch 160/264  loss=0.5861
  batch 170/264  loss=0.4332
  batch 180/264  loss=0.4934
  batch 190/264  loss=0.7385
  batch 200/264  loss=0.4678
  batch 210/264  loss=0.4290
  batch 220/264  loss=0.4190
  batch 230/264  loss=0.5918
  batch 240/264  loss=0.7550
  batch 250/264  loss=0.7937
  batch 260/264  loss=0.6609
Epoch  35/300  train=5.634e-01  rmse=2.2060  lr=1.0e-04  228s
  -> best  monitor=5.634e-01
  batch 10/264  loss=0.4841
  batch 20/264  loss=0.6254
  batch 30/264  loss=0.4821
  batch 40/264  loss=0.6311
  batch 50/264  loss=0.6938
  batch 60/264  loss=0.4629
  batch 70/264  loss=0.5923
  batch 80/264  loss=0.4407
  batch 90/264  loss=0.7008
  batch 100/264  loss=0.4983
  batch 110/264  loss=0.4614
  batch 120/264  loss=0.4535
  batch 130/264  loss=0.4329
  batch 140/264  loss=0.5935
  batch 150/264  loss=0.4359
  batch 160/264  loss=0.5179
  batch 170/264  loss=0.6156
  batch 180/264  loss=0.4397
  batch 190/264  loss=0.4009
  batch 200/264  loss=0.5364
  batch 210/264  loss=0.5678
  batch 220/264  loss=0.5484
  batch 230/264  loss=0.4259
  batch 240/264  loss=0.7276
  batch 250/264  loss=0.6639
  batch 260/264  loss=0.4261
Epoch  36/300  train=5.666e-01  rmse=2.2207  lr=1.0e-04  227s
  batch 10/264  loss=0.4316
  batch 20/264  loss=0.6690
  batch 30/264  loss=0.4656
  batch 40/264  loss=0.4353
  batch 50/264  loss=0.6754
  batch 60/264  loss=0.4878
  batch 70/264  loss=0.4772
  batch 80/264  loss=0.9454
  batch 90/264  loss=0.4793
  batch 100/264  loss=0.5005
  batch 110/264  loss=0.5909
  batch 120/264  loss=0.7877
  batch 130/264  loss=0.4505
  batch 140/264  loss=0.4650
  batch 150/264  loss=0.4552
  batch 160/264  loss=0.5427
  batch 170/264  loss=0.7835
  batch 180/264  loss=0.4609
  batch 190/264  loss=0.3584
  batch 200/264  loss=0.4086
  batch 210/264  loss=0.8682
  batch 220/264  loss=0.6351
  batch 230/264  loss=0.9798
  batch 240/264  loss=0.7720
  batch 250/264  loss=0.4029
  batch 260/264  loss=0.6932
Epoch  37/300  train=5.608e-01  rmse=2.2207  lr=1.0e-04  229s
  -> best  monitor=5.608e-01
  batch 10/264  loss=0.4596
  batch 20/264  loss=0.4236
  batch 30/264  loss=0.4965
  batch 40/264  loss=0.3758
  batch 50/264  loss=0.5289
  batch 60/264  loss=0.4109
  batch 70/264  loss=0.4536
  batch 80/264  loss=0.6286
  batch 90/264  loss=0.4666
  batch 100/264  loss=0.6469
  batch 110/264  loss=0.7239
  batch 120/264  loss=0.6630
  batch 130/264  loss=0.6355
  batch 140/264  loss=0.4052
  batch 150/264  loss=0.5587
  batch 160/264  loss=0.6977
  batch 170/264  loss=0.4034
  batch 180/264  loss=0.6624
  batch 190/264  loss=0.6342
  batch 200/264  loss=0.6762
  batch 210/264  loss=0.3841
  batch 220/264  loss=0.3975
  batch 230/264  loss=0.6190
  batch 240/264  loss=1.1871
  batch 250/264  loss=0.4335
  batch 260/264  loss=0.3954
Epoch  38/300  train=5.472e-01  rmse=2.1645  lr=1.0e-04  228s
  -> best  monitor=5.472e-01
  batch 10/264  loss=0.4549
  batch 20/264  loss=0.4892
  batch 30/264  loss=0.5281
  batch 40/264  loss=0.7020
  batch 50/264  loss=0.7325
  batch 60/264  loss=0.5162
  batch 70/264  loss=0.5241
  batch 80/264  loss=0.5046
  batch 90/264  loss=0.5810
  batch 100/264  loss=0.4465
  batch 110/264  loss=0.5913
  batch 120/264  loss=0.3499
  batch 130/264  loss=0.4341
  batch 140/264  loss=0.4935
  batch 150/264  loss=0.4137
  batch 160/264  loss=0.6512
  batch 170/264  loss=1.1498
  batch 180/264  loss=0.8134
  batch 190/264  loss=0.3598
  batch 200/264  loss=0.4961
  batch 210/264  loss=0.8682
  batch 220/264  loss=0.7300
  batch 230/264  loss=0.4126
  batch 240/264  loss=0.7467
  batch 250/264  loss=0.5336
  batch 260/264  loss=0.3781
Epoch  39/300  train=5.534e-01  rmse=2.1878  lr=1.0e-04  228s
  batch 10/264  loss=0.7628
  batch 20/264  loss=0.5173
  batch 30/264  loss=0.5549
  batch 40/264  loss=0.3773
  batch 50/264  loss=0.4307
  batch 60/264  loss=0.4524
  batch 70/264  loss=0.4532
  batch 80/264  loss=0.5024
  batch 90/264  loss=0.6237
  batch 100/264  loss=0.4852
  batch 110/264  loss=0.4949
  batch 120/264  loss=0.4592
  batch 130/264  loss=0.5302
  batch 140/264  loss=0.3861
  batch 150/264  loss=0.5469
  batch 160/264  loss=0.4346
  batch 170/264  loss=0.4299
  batch 180/264  loss=1.1585
  batch 190/264  loss=0.4745
  batch 200/264  loss=0.5005
  batch 210/264  loss=0.3981
  batch 220/264  loss=0.6972
  batch 230/264  loss=0.6931
  batch 240/264  loss=0.6123
  batch 250/264  loss=0.4710
  batch 260/264  loss=0.8413
Epoch  40/300  train=5.467e-01  rmse=2.1546  lr=1.0e-04  228s
  -> best  monitor=5.467e-01
  batch 10/264  loss=0.4379
  batch 20/264  loss=0.4307
  batch 30/264  loss=0.4387
  batch 40/264  loss=0.3977
  batch 50/264  loss=0.4279
  batch 60/264  loss=0.6695
  batch 70/264  loss=0.4427
  batch 80/264  loss=0.4729
  batch 90/264  loss=0.8997
  batch 100/264  loss=0.9515
  batch 110/264  loss=0.3822
  batch 120/264  loss=0.5886
  batch 130/264  loss=0.5041
  batch 140/264  loss=0.6230
  batch 150/264  loss=0.6230
  batch 160/264  loss=0.3824
  batch 170/264  loss=0.5370
  batch 180/264  loss=0.4520
  batch 190/264  loss=0.4117
  batch 200/264  loss=0.5649
  batch 210/264  loss=0.5339
  batch 220/264  loss=0.6912
  batch 230/264  loss=0.4548
  batch 240/264  loss=0.5667
  batch 250/264  loss=0.4167
  batch 260/264  loss=0.4132
Epoch  41/300  train=5.391e-01  rmse=2.1052  lr=1.0e-04  227s
  -> best  monitor=5.391e-01
  batch 10/264  loss=0.8151
  batch 20/264  loss=0.3767
  batch 30/264  loss=0.4895
  batch 40/264  loss=0.5834
  batch 50/264  loss=0.5685
  batch 60/264  loss=0.5120
  batch 70/264  loss=0.5376
  batch 80/264  loss=0.7676
  batch 90/264  loss=0.4226
  batch 100/264  loss=0.4307
  batch 110/264  loss=0.4924
  batch 120/264  loss=0.4915
  batch 130/264  loss=0.4661
  batch 140/264  loss=0.4210
  batch 150/264  loss=0.7071
  batch 160/264  loss=0.5325
  batch 170/264  loss=0.4392
  batch 180/264  loss=1.1874
  batch 190/264  loss=0.4209
  batch 200/264  loss=0.4717
  batch 210/264  loss=0.4500
  batch 220/264  loss=0.9899
  batch 230/264  loss=0.4281
  batch 240/264  loss=0.4718
  batch 250/264  loss=0.6193
  batch 260/264  loss=0.7674
Epoch  42/300  train=5.450e-01  rmse=2.1617  lr=1.0e-04  228s
  batch 10/264  loss=0.7331
  batch 20/264  loss=0.4814
  batch 30/264  loss=0.9900
  batch 40/264  loss=0.5255
  batch 50/264  loss=0.6434
  batch 60/264  loss=0.5266
  batch 70/264  loss=0.4193
  batch 80/264  loss=0.5625
  batch 90/264  loss=0.5483
  batch 100/264  loss=0.4062
  batch 110/264  loss=0.5905
  batch 120/264  loss=0.5739
  batch 130/264  loss=0.3836
  batch 140/264  loss=0.5484
  batch 150/264  loss=0.6596
  batch 160/264  loss=0.5228
  batch 170/264  loss=0.4277
  batch 180/264  loss=0.5280
  batch 190/264  loss=0.4982
  batch 200/264  loss=0.5836
  batch 210/264  loss=0.5398
  batch 220/264  loss=0.4549
  batch 230/264  loss=0.4449
  batch 240/264  loss=0.4685
  batch 250/264  loss=0.5726
  batch 260/264  loss=0.4722
Epoch  43/300  train=5.335e-01  rmse=2.1523  lr=1.0e-04  227s
  -> best  monitor=5.335e-01
  batch 10/264  loss=0.4469
  batch 20/264  loss=0.3821
  batch 30/264  loss=0.5064
  batch 40/264  loss=0.5069
  batch 50/264  loss=0.7144
  batch 60/264  loss=0.6448
  batch 70/264  loss=0.4617
  batch 80/264  loss=0.5250
  batch 90/264  loss=0.5383
  batch 100/264  loss=0.7830
  batch 110/264  loss=0.5449
  batch 120/264  loss=0.5497
  batch 130/264  loss=0.4914
  batch 140/264  loss=0.8089
  batch 150/264  loss=0.4791
  batch 160/264  loss=0.3650
  batch 170/264  loss=0.4244
  batch 180/264  loss=0.6504
  batch 190/264  loss=0.5988
  batch 200/264  loss=0.3940
  batch 210/264  loss=0.3843
  batch 220/264  loss=0.5775
  batch 230/264  loss=0.7283
  batch 240/264  loss=0.4765
  batch 250/264  loss=0.4065
  batch 260/264  loss=0.5139
Epoch  44/300  train=5.391e-01  rmse=2.1408  lr=1.0e-04  227s
  batch 10/264  loss=0.4516
  batch 20/264  loss=0.3777
  batch 30/264  loss=0.4393
  batch 40/264  loss=0.4840
  batch 50/264  loss=0.4838
  batch 60/264  loss=0.5963
  batch 70/264  loss=0.5591
  batch 80/264  loss=0.5077
  batch 90/264  loss=0.4988
  batch 100/264  loss=0.7339
  batch 110/264  loss=0.4006
  batch 120/264  loss=0.5359
  batch 130/264  loss=0.7684
  batch 140/264  loss=0.5185
  batch 150/264  loss=0.4377
  batch 160/264  loss=0.6990
  batch 170/264  loss=0.8515
  batch 180/264  loss=0.4939
  batch 190/264  loss=0.5575
  batch 200/264  loss=0.4812
  batch 210/264  loss=0.5067
  batch 220/264  loss=0.8663
  batch 230/264  loss=0.6393
  batch 240/264  loss=0.4016
  batch 250/264  loss=0.4518
  batch 260/264  loss=0.5448
Epoch  45/300  train=5.258e-01  rmse=2.0948  lr=1.0e-04  229s
  -> best  monitor=5.258e-01
  batch 10/264  loss=0.5602
  batch 20/264  loss=0.4746
  batch 30/264  loss=0.4083
  batch 40/264  loss=0.4360
  batch 50/264  loss=0.5946
  batch 60/264  loss=0.3981
  batch 70/264  loss=0.4246
  batch 80/264  loss=0.6349
  batch 90/264  loss=0.4202
  batch 100/264  loss=0.6064
  batch 110/264  loss=0.7038
  batch 120/264  loss=0.8521
  batch 130/264  loss=0.4362
  batch 140/264  loss=0.5395
  batch 150/264  loss=0.6139
  batch 160/264  loss=0.4609
  batch 170/264  loss=0.4833
  batch 180/264  loss=0.4055
  batch 190/264  loss=0.3449
  batch 200/264  loss=0.4117
  batch 210/264  loss=0.8384
  batch 220/264  loss=0.4181
  batch 230/264  loss=0.4025
  batch 240/264  loss=0.5562
  batch 250/264  loss=0.4556
  batch 260/264  loss=0.4085
Epoch  46/300  train=5.261e-01  rmse=2.1287  lr=1.0e-04  227s
  batch 10/264  loss=0.4690
  batch 20/264  loss=0.5439
  batch 30/264  loss=0.3665
  batch 40/264  loss=0.6613
  batch 50/264  loss=0.4067
  batch 60/264  loss=0.4241
  batch 70/264  loss=0.7242
  batch 80/264  loss=0.5523
  batch 90/264  loss=0.5494
  batch 100/264  loss=0.9838
  batch 110/264  loss=0.4033
  batch 120/264  loss=0.4461
  batch 130/264  loss=0.5728
  batch 140/264  loss=0.6593
  batch 150/264  loss=0.7852
  batch 160/264  loss=0.6957
  batch 170/264  loss=0.8023
  batch 180/264  loss=0.3917
  batch 190/264  loss=0.4537
  batch 200/264  loss=0.6749
  batch 210/264  loss=0.4718
  batch 220/264  loss=0.5191
  batch 230/264  loss=0.3981
  batch 240/264  loss=0.3967
  batch 250/264  loss=0.4514
  batch 260/264  loss=0.4989
Epoch  47/300  train=5.269e-01  rmse=2.1206  lr=1.0e-04  228s
  batch 10/264  loss=0.4022
  batch 20/264  loss=0.5278
  batch 30/264  loss=0.4873
  batch 40/264  loss=0.3744
  batch 50/264  loss=0.4491
  batch 60/264  loss=0.4256
  batch 70/264  loss=0.5204
  batch 80/264  loss=0.3796
  batch 90/264  loss=0.3937
  batch 100/264  loss=0.8411
  batch 110/264  loss=0.3506
  batch 120/264  loss=0.4003
  batch 130/264  loss=0.3771
  batch 140/264  loss=0.3642
  batch 150/264  loss=0.7662
  batch 160/264  loss=0.6624
  batch 170/264  loss=0.3765
  batch 180/264  loss=0.4655
  batch 190/264  loss=0.3934
  batch 200/264  loss=0.3755
  batch 210/264  loss=0.3673
  batch 220/264  loss=0.3958
  batch 230/264  loss=0.4874
  batch 240/264  loss=0.5463
  batch 250/264  loss=0.3988
  batch 260/264  loss=0.4321
Epoch  48/300  train=5.184e-01  rmse=2.0820  lr=1.0e-04  227s
  -> best  monitor=5.184e-01
  batch 10/264  loss=0.5261
  batch 20/264  loss=0.4226
  batch 30/264  loss=0.4999
  batch 40/264  loss=0.7951
  batch 50/264  loss=0.4115
  batch 60/264  loss=0.3425
  batch 70/264  loss=0.4843
  batch 80/264  loss=0.5518
  batch 90/264  loss=0.3890
  batch 100/264  loss=0.3859
  batch 110/264  loss=0.6983
  batch 120/264  loss=0.4954
  batch 130/264  loss=0.5294
  batch 140/264  loss=0.4284
  batch 150/264  loss=0.3986
  batch 160/264  loss=0.4591
  batch 170/264  loss=0.9473
  batch 180/264  loss=0.4085
  batch 190/264  loss=0.4177
  batch 200/264  loss=0.5535
  batch 210/264  loss=0.4450
  batch 220/264  loss=0.5462
  batch 230/264  loss=0.5020
  batch 240/264  loss=0.3846
  batch 250/264  loss=0.6820
  batch 260/264  loss=0.4580
Epoch  49/300  train=5.149e-01  rmse=2.0972  lr=1.0e-04  228s
  -> best  monitor=5.149e-01
  batch 10/264  loss=0.4941
  batch 20/264  loss=0.4770
  batch 30/264  loss=0.5154
  batch 40/264  loss=0.5049
  batch 50/264  loss=0.4436
  batch 60/264  loss=0.3839
  batch 70/264  loss=0.5800
  batch 80/264  loss=0.4309
  batch 90/264  loss=0.4098
  batch 100/264  loss=0.5844
  batch 110/264  loss=0.3810
  batch 120/264  loss=0.6130
  batch 130/264  loss=0.4548
  batch 140/264  loss=0.4265
  batch 150/264  loss=0.3883
  batch 160/264  loss=0.4830
  batch 170/264  loss=0.4692
  batch 180/264  loss=0.4117
  batch 190/264  loss=0.8138
  batch 200/264  loss=0.3925
  batch 210/264  loss=0.6379
  batch 220/264  loss=0.5691
  batch 230/264  loss=0.4119
  batch 240/264  loss=0.4912
  batch 250/264  loss=0.7382
  batch 260/264  loss=0.4907
Epoch  50/300  train=5.176e-01  rmse=2.1266  lr=1.0e-04  228s
  batch 10/264  loss=0.4499
  batch 20/264  loss=0.4628
  batch 30/264  loss=0.4124
  batch 40/264  loss=0.4107
  batch 50/264  loss=0.5394
  batch 60/264  loss=0.3921
  batch 70/264  loss=0.4219
  batch 80/264  loss=0.5014
  batch 90/264  loss=0.6980
  batch 100/264  loss=0.6519
  batch 110/264  loss=0.4068
  batch 120/264  loss=0.4820
  batch 130/264  loss=0.4375
  batch 140/264  loss=0.6644
  batch 150/264  loss=0.5639
  batch 160/264  loss=0.5285
  batch 170/264  loss=0.5088
  batch 180/264  loss=0.4310
  batch 190/264  loss=0.3846
  batch 200/264  loss=0.5313
  batch 210/264  loss=0.4198
  batch 220/264  loss=0.5621
  batch 230/264  loss=0.4020
  batch 240/264  loss=0.6885
  batch 250/264  loss=0.6075
  batch 260/264  loss=0.4484
Epoch  51/300  train=5.104e-01  rmse=2.0489  lr=1.0e-04  230s
  -> best  monitor=5.104e-01
  batch 10/264  loss=0.3979
  batch 20/264  loss=0.4523
  batch 30/264  loss=0.3126
  batch 40/264  loss=0.4675
  batch 50/264  loss=0.3611
  batch 60/264  loss=0.5324
  batch 70/264  loss=0.3723
  batch 80/264  loss=0.4543
  batch 90/264  loss=0.7412
  batch 100/264  loss=0.3912
  batch 110/264  loss=0.3531
  batch 120/264  loss=0.4383
  batch 130/264  loss=0.5974
  batch 140/264  loss=0.7462
  batch 150/264  loss=0.6406
  batch 160/264  loss=0.4761
  batch 170/264  loss=0.4266
  batch 180/264  loss=0.5723
  batch 190/264  loss=0.4157
  batch 200/264  loss=0.4507
  batch 210/264  loss=0.4757
  batch 220/264  loss=0.7774
  batch 230/264  loss=0.4526
  batch 240/264  loss=0.4655
  batch 250/264  loss=0.7240
  batch 260/264  loss=0.4857
Epoch  52/300  train=5.201e-01  rmse=2.0975  lr=1.0e-04  233s
  batch 10/264  loss=0.5520
  batch 20/264  loss=0.8851
  batch 30/264  loss=0.3695
  batch 40/264  loss=0.3924
  batch 50/264  loss=0.8377
  batch 60/264  loss=0.5047
  batch 70/264  loss=0.7284
  batch 80/264  loss=0.5104
  batch 90/264  loss=0.3892
  batch 100/264  loss=0.6211
  batch 110/264  loss=0.4659
  batch 120/264  loss=0.5471
  batch 130/264  loss=0.6289
  batch 140/264  loss=0.3783
  batch 150/264  loss=0.5084
  batch 160/264  loss=0.4231
  batch 170/264  loss=0.5440
  batch 180/264  loss=0.5169
  batch 190/264  loss=0.3971
  batch 200/264  loss=0.6023
  batch 210/264  loss=0.5349
  batch 220/264  loss=0.5615
  batch 230/264  loss=0.4530
  batch 240/264  loss=0.5657
  batch 250/264  loss=0.3492
  batch 260/264  loss=0.3360
Epoch  53/300  train=5.075e-01  rmse=2.0824  lr=1.0e-04  231s
  -> best  monitor=5.075e-01
  batch 10/264  loss=0.5494
  batch 20/264  loss=0.4214
  batch 30/264  loss=0.4628
  batch 40/264  loss=0.4635
  batch 50/264  loss=0.6123
  batch 60/264  loss=0.4989
  batch 70/264  loss=0.3937
  batch 80/264  loss=0.3783
  batch 90/264  loss=0.4268
  batch 100/264  loss=0.4570
  batch 110/264  loss=0.4513
  batch 120/264  loss=0.3894
  batch 130/264  loss=0.3993
  batch 140/264  loss=0.5262
  batch 150/264  loss=0.4132
  batch 160/264  loss=0.6253
  batch 170/264  loss=0.5612
  batch 180/264  loss=0.5453
  batch 190/264  loss=0.4006
  batch 200/264  loss=0.3742
  batch 210/264  loss=0.3769
  batch 220/264  loss=0.5500
  batch 230/264  loss=0.4004
  batch 240/264  loss=0.8582
  batch 250/264  loss=0.4220
  batch 260/264  loss=0.4368
Epoch  54/300  train=5.113e-01  rmse=2.1111  lr=1.0e-04  231s
  batch 10/264  loss=0.5142
  batch 20/264  loss=0.5208
  batch 30/264  loss=0.6302
  batch 40/264  loss=0.3850
  batch 50/264  loss=0.3974
  batch 60/264  loss=0.4982
  batch 70/264  loss=0.4744
  batch 80/264  loss=0.6736
  batch 90/264  loss=0.4233
  batch 100/264  loss=0.3945
  batch 110/264  loss=0.4054
  batch 120/264  loss=0.3909
  batch 130/264  loss=0.3363
  batch 140/264  loss=0.3874
  batch 150/264  loss=0.5644
  batch 160/264  loss=0.5025
  batch 170/264  loss=0.4187
  batch 180/264  loss=0.5627
  batch 190/264  loss=0.4614
  batch 200/264  loss=0.4522
  batch 210/264  loss=0.5028
  batch 220/264  loss=0.6024
  batch 230/264  loss=0.3824
  batch 240/264  loss=0.7532
  batch 250/264  loss=0.4212
  batch 260/264  loss=0.4279
Epoch  55/300  train=5.092e-01  rmse=2.0894  lr=1.0e-04  232s
  batch 10/264  loss=0.3422
  batch 20/264  loss=1.0404
  batch 30/264  loss=0.7001
  batch 40/264  loss=0.4092
  batch 50/264  loss=0.4423
  batch 60/264  loss=0.3981
  batch 70/264  loss=0.5926
  batch 80/264  loss=0.3780
  batch 90/264  loss=0.4457
  batch 100/264  loss=0.4677
  batch 110/264  loss=0.4303
  batch 120/264  loss=0.4658
  batch 130/264  loss=0.4839
  batch 140/264  loss=0.4609
  batch 150/264  loss=0.4885
  batch 160/264  loss=0.5369
  batch 170/264  loss=0.4162
  batch 180/264  loss=0.3569
  batch 190/264  loss=0.3558
  batch 200/264  loss=0.3337
  batch 210/264  loss=0.4852
  batch 220/264  loss=0.4789
  batch 230/264  loss=0.4771
  batch 240/264  loss=0.7638
  batch 250/264  loss=0.7842
  batch 260/264  loss=0.4532
Epoch  56/300  train=5.034e-01  rmse=2.0568  lr=1.0e-04  232s
  -> best  monitor=5.034e-01
  batch 10/264  loss=0.4286
  batch 20/264  loss=0.4403
  batch 30/264  loss=0.9935
  batch 40/264  loss=0.6111
  batch 50/264  loss=0.8657
  batch 60/264  loss=0.4597
  batch 70/264  loss=0.7401
  batch 80/264  loss=0.3874
  batch 90/264  loss=0.8277
  batch 100/264  loss=0.5101
  batch 110/264  loss=0.4050
  batch 120/264  loss=0.5481
  batch 130/264  loss=0.3799
  batch 140/264  loss=0.4471
  batch 150/264  loss=0.3775
  batch 160/264  loss=0.3497
  batch 170/264  loss=0.4493
  batch 180/264  loss=0.6241
  batch 190/264  loss=0.4444
  batch 200/264  loss=0.4021
  batch 210/264  loss=0.5064
  batch 220/264  loss=1.0398
  batch 230/264  loss=0.4118
  batch 240/264  loss=0.3760
  batch 250/264  loss=0.4177
  batch 260/264  loss=0.4314
Epoch  57/300  train=4.962e-01  rmse=2.0365  lr=1.0e-04  232s
  -> best  monitor=4.962e-01
  batch 10/264  loss=0.6928
  batch 20/264  loss=0.4483
  batch 30/264  loss=0.4065
  batch 40/264  loss=0.6254
  batch 50/264  loss=0.4860
  batch 60/264  loss=0.5611
  batch 70/264  loss=0.5867
  batch 80/264  loss=0.4808
  batch 90/264  loss=0.4014
  batch 100/264  loss=0.3865
  batch 110/264  loss=0.4060
  batch 120/264  loss=0.3666
  batch 130/264  loss=0.4022
  batch 140/264  loss=0.4192
  batch 150/264  loss=0.5103
  batch 160/264  loss=0.4529
  batch 170/264  loss=0.4789
  batch 180/264  loss=0.3893
  batch 190/264  loss=0.3453
  batch 200/264  loss=0.4416
  batch 210/264  loss=0.4288
  batch 220/264  loss=0.6955
  batch 230/264  loss=0.5280
  batch 240/264  loss=0.4285
  batch 250/264  loss=0.6884
  batch 260/264  loss=0.5655
Epoch  58/300  train=5.013e-01  rmse=2.0402  lr=1.0e-04  232s
  batch 10/264  loss=0.5995
  batch 20/264  loss=0.4529
  batch 30/264  loss=0.4484
  batch 40/264  loss=0.4341
  batch 50/264  loss=0.3649
  batch 60/264  loss=0.5967
  batch 70/264  loss=0.5205
  batch 80/264  loss=0.4627
  batch 90/264  loss=0.3674
  batch 100/264  loss=0.5005
  batch 110/264  loss=0.4049
  batch 120/264  loss=0.5859
  batch 130/264  loss=0.4133
  batch 140/264  loss=0.4164
  batch 150/264  loss=0.5747
  batch 160/264  loss=0.5851
  batch 170/264  loss=0.3829
  batch 180/264  loss=0.6515
  batch 190/264  loss=0.4013
  batch 200/264  loss=0.3935
  batch 210/264  loss=0.4594
  batch 220/264  loss=0.4280
  batch 230/264  loss=0.6312
  batch 240/264  loss=0.6263
  batch 250/264  loss=0.3707
  batch 260/264  loss=0.4037
Epoch  59/300  train=5.022e-01  rmse=2.0697  lr=1.0e-04  231s
  batch 10/264  loss=0.4040
  batch 20/264  loss=0.9531
  batch 30/264  loss=0.7506
  batch 40/264  loss=0.4455
  batch 50/264  loss=0.4027
  batch 60/264  loss=0.4794
  batch 70/264  loss=0.4336
  batch 80/264  loss=0.4474
  batch 90/264  loss=0.7380
  batch 100/264  loss=0.3697
  batch 110/264  loss=0.4752
  batch 120/264  loss=0.9659
  batch 130/264  loss=0.3999
  batch 140/264  loss=0.4934
  batch 150/264  loss=0.5264
  batch 160/264  loss=0.4921
  batch 170/264  loss=0.5540
  batch 180/264  loss=0.5042
  batch 190/264  loss=0.5891
  batch 200/264  loss=0.3469
  batch 210/264  loss=0.3916
  batch 220/264  loss=0.4161
  batch 230/264  loss=0.7109
  batch 240/264  loss=0.4133
  batch 250/264  loss=0.4567
  batch 260/264  loss=0.5562
Epoch  60/300  train=4.978e-01  rmse=2.0582  lr=1.0e-04  231s
  batch 10/264  loss=0.3640
  batch 20/264  loss=0.4487
  batch 30/264  loss=0.3628
  batch 40/264  loss=0.3985
  batch 50/264  loss=0.5409
  batch 60/264  loss=0.5877
  batch 70/264  loss=0.3499
  batch 80/264  loss=0.5313
  batch 90/264  loss=0.4699
  batch 100/264  loss=0.6121
  batch 110/264  loss=0.5357
  batch 120/264  loss=0.3968
  batch 130/264  loss=0.3874
  batch 140/264  loss=0.4104
  batch 150/264  loss=0.4909
  batch 160/264  loss=0.4684
  batch 170/264  loss=0.4533
  batch 180/264  loss=0.3618
  batch 190/264  loss=0.4084
  batch 200/264  loss=0.3820
  batch 210/264  loss=0.5161
  batch 220/264  loss=0.3701
  batch 230/264  loss=0.3714
  batch 240/264  loss=0.4733
  batch 250/264  loss=0.3794
  batch 260/264  loss=0.8382
Epoch  61/300  train=4.954e-01  rmse=2.0096  lr=1.0e-04  231s
  -> best  monitor=4.954e-01
  batch 10/264  loss=0.4093
  batch 20/264  loss=0.3999
  batch 30/264  loss=0.4848
  batch 40/264  loss=0.4397
  batch 50/264  loss=0.3853
  batch 60/264  loss=0.4667
  batch 70/264  loss=0.3978
  batch 80/264  loss=0.6394
  batch 90/264  loss=0.4194
  batch 100/264  loss=0.3386
  batch 110/264  loss=0.3849
  batch 120/264  loss=0.4554
  batch 130/264  loss=0.5331
  batch 140/264  loss=0.6675
  batch 150/264  loss=0.5158
  batch 160/264  loss=1.1787
  batch 170/264  loss=0.4994
  batch 180/264  loss=0.5281
  batch 190/264  loss=0.3762
  batch 200/264  loss=0.5292
  batch 210/264  loss=0.3767
  batch 220/264  loss=0.4069
  batch 230/264  loss=0.3882
  batch 240/264  loss=0.3666
  batch 250/264  loss=0.6063
  batch 260/264  loss=0.6759
Epoch  62/300  train=4.909e-01  rmse=2.0472  lr=1.0e-04  229s
  -> best  monitor=4.909e-01
  batch 10/264  loss=0.4319
  batch 20/264  loss=0.4534
  batch 30/264  loss=0.5910
  batch 40/264  loss=0.5610
  batch 50/264  loss=0.4378
  batch 60/264  loss=0.3805
  batch 70/264  loss=0.4622
  batch 80/264  loss=0.6455
  batch 90/264  loss=0.5413
  batch 100/264  loss=0.3909
  batch 110/264  loss=0.6007
  batch 120/264  loss=0.3915
  batch 130/264  loss=0.3952
  batch 140/264  loss=0.4487
  batch 150/264  loss=0.3701
  batch 160/264  loss=0.5323
  batch 170/264  loss=0.3866
  batch 180/264  loss=0.4358
  batch 190/264  loss=0.5982
  batch 200/264  loss=0.6943
  batch 210/264  loss=0.4601
  batch 220/264  loss=0.5768
  batch 230/264  loss=0.5485
  batch 240/264  loss=0.6425
  batch 250/264  loss=0.4194
  batch 260/264  loss=0.4589
Epoch  63/300  train=4.912e-01  rmse=2.0847  lr=1.0e-04  228s
  batch 10/264  loss=0.4030
  batch 20/264  loss=0.3852
  batch 30/264  loss=0.3622
  batch 40/264  loss=0.4251
  batch 50/264  loss=0.4457
  batch 60/264  loss=0.3740
  batch 70/264  loss=0.4054
  batch 80/264  loss=0.7245
  batch 90/264  loss=0.6471
  batch 100/264  loss=0.5261
  batch 110/264  loss=0.4240
  batch 120/264  loss=0.6133
  batch 130/264  loss=0.5878
  batch 140/264  loss=0.4590
  batch 150/264  loss=0.4556
  batch 160/264  loss=0.4763
  batch 170/264  loss=0.3360
  batch 180/264  loss=0.5837
  batch 190/264  loss=0.4255
  batch 200/264  loss=0.5600
  batch 210/264  loss=0.7026
  batch 220/264  loss=0.4355
  batch 230/264  loss=0.6580
  batch 240/264  loss=0.3680
  batch 250/264  loss=0.4975
  batch 260/264  loss=0.5328
Epoch  64/300  train=4.894e-01  rmse=2.0341  lr=1.0e-04  228s
  -> best  monitor=4.894e-01
  batch 10/264  loss=0.4268
  batch 20/264  loss=0.6663
  batch 30/264  loss=0.4126
  batch 40/264  loss=0.4280
  batch 50/264  loss=0.4533
  batch 60/264  loss=0.3630
  batch 70/264  loss=0.4065
  batch 80/264  loss=0.3983
  batch 90/264  loss=0.4829
  batch 100/264  loss=0.4851
  batch 110/264  loss=0.5348
  batch 120/264  loss=0.4864
  batch 130/264  loss=0.3745
  batch 140/264  loss=0.3552
  batch 150/264  loss=1.0259
  batch 160/264  loss=1.0332
  batch 170/264  loss=0.3994
  batch 180/264  loss=0.5563
  batch 190/264  loss=0.4349
  batch 200/264  loss=0.5377
  batch 210/264  loss=0.4303
  batch 220/264  loss=0.3372
  batch 230/264  loss=0.3716
  batch 240/264  loss=0.6374
  batch 250/264  loss=0.4328
  batch 260/264  loss=0.4081
Epoch  65/300  train=4.877e-01  rmse=2.0689  lr=1.0e-04  229s
  -> best  monitor=4.877e-01
  batch 10/264  loss=0.5966
  batch 20/264  loss=0.4880
  batch 30/264  loss=0.5577
  batch 40/264  loss=0.3898
  batch 50/264  loss=0.3678
  batch 60/264  loss=0.5488
  batch 70/264  loss=0.7290
  batch 80/264  loss=0.6071
  batch 90/264  loss=0.5837
  batch 100/264  loss=0.4009
  batch 110/264  loss=0.4424
  batch 120/264  loss=0.5066
  batch 130/264  loss=0.9479
  batch 140/264  loss=0.6732
  batch 150/264  loss=0.4025
  batch 160/264  loss=0.3472
  batch 170/264  loss=0.4582
  batch 180/264  loss=0.4218
  batch 190/264  loss=0.3740
  batch 200/264  loss=0.4981
  batch 210/264  loss=0.5086
  batch 220/264  loss=0.4102
  batch 230/264  loss=0.3382
  batch 240/264  loss=0.6691
  batch 250/264  loss=0.6712
  batch 260/264  loss=0.4162
Epoch  66/300  train=4.933e-01  rmse=2.0648  lr=1.0e-04  228s
  batch 10/264  loss=0.9508
  batch 20/264  loss=0.5361
  batch 30/264  loss=0.4369
  batch 40/264  loss=0.3718
  batch 50/264  loss=0.5752
  batch 60/264  loss=0.4847
  batch 70/264  loss=0.3826
  batch 80/264  loss=0.3557
  batch 90/264  loss=0.7031
  batch 100/264  loss=0.5944
  batch 110/264  loss=0.5172
  batch 120/264  loss=0.3727
  batch 130/264  loss=0.4670
  batch 140/264  loss=0.4630
  batch 150/264  loss=0.4026
  batch 160/264  loss=0.3351
  batch 170/264  loss=0.4120
  batch 180/264  loss=0.4290
  batch 190/264  loss=0.9315
  batch 200/264  loss=0.5241
  batch 210/264  loss=0.7254
  batch 220/264  loss=0.4144
  batch 230/264  loss=0.4253
  batch 240/264  loss=0.3918
  batch 250/264  loss=0.5505
  batch 260/264  loss=0.4872
Epoch  67/300  train=4.768e-01  rmse=1.9767  lr=1.0e-04  229s
  -> best  monitor=4.768e-01
  batch 10/264  loss=0.5658
  batch 20/264  loss=0.6048
  batch 30/264  loss=0.7439
  batch 40/264  loss=0.6503
  batch 50/264  loss=0.3864
  batch 60/264  loss=0.3864
  batch 70/264  loss=0.8101
  batch 80/264  loss=0.3700
  batch 90/264  loss=0.6139
  batch 100/264  loss=0.4720
  batch 110/264  loss=0.4635
  batch 120/264  loss=0.5271
  batch 130/264  loss=0.3879
  batch 140/264  loss=0.3351
  batch 150/264  loss=0.4025
  batch 160/264  loss=0.5272
  batch 170/264  loss=0.3741
  batch 180/264  loss=0.3809
  batch 190/264  loss=0.4425
  batch 200/264  loss=0.4441
  batch 210/264  loss=0.4143
  batch 220/264  loss=0.8767
  batch 230/264  loss=0.5640
  batch 240/264  loss=0.4756
  batch 250/264  loss=0.5684
  batch 260/264  loss=0.7025
Epoch  68/300  train=4.834e-01  rmse=2.0158  lr=1.0e-04  230s
  batch 10/264  loss=0.4237
  batch 20/264  loss=0.4789
  batch 30/264  loss=0.3224
  batch 40/264  loss=0.4070
  batch 50/264  loss=0.4342
  batch 60/264  loss=0.5644
  batch 70/264  loss=0.5075
  batch 80/264  loss=0.4273
  batch 90/264  loss=0.5480
  batch 100/264  loss=0.3779
  batch 110/264  loss=0.5537
  batch 120/264  loss=0.3648
  batch 130/264  loss=0.5260
  batch 140/264  loss=1.1406
  batch 150/264  loss=0.3784
  batch 160/264  loss=0.4228
  batch 170/264  loss=0.6495
  batch 180/264  loss=0.6044
  batch 190/264  loss=0.8247
  batch 200/264  loss=0.4666
  batch 210/264  loss=0.6681
  batch 220/264  loss=0.4338
  batch 230/264  loss=0.4589
  batch 240/264  loss=0.3892
  batch 250/264  loss=0.5089
  batch 260/264  loss=0.7336
Epoch  69/300  train=4.817e-01  rmse=1.9807  lr=1.0e-04  228s
  batch 10/264  loss=0.3617
  batch 20/264  loss=0.4725
  batch 30/264  loss=0.4343
  batch 40/264  loss=0.4234
  batch 50/264  loss=0.5170
  batch 60/264  loss=0.3531
  batch 70/264  loss=0.8529
  batch 80/264  loss=0.5400
  batch 90/264  loss=0.4083
  batch 100/264  loss=0.5532
  batch 110/264  loss=0.8123
  batch 120/264  loss=0.3579
  batch 130/264  loss=0.7698
  batch 140/264  loss=0.4975
  batch 150/264  loss=0.4876
  batch 160/264  loss=0.3944
  batch 170/264  loss=0.6008
  batch 180/264  loss=0.4031
  batch 190/264  loss=0.3894
  batch 200/264  loss=0.4238
  batch 210/264  loss=0.5649
  batch 220/264  loss=0.3881
  batch 230/264  loss=0.4223
  batch 240/264  loss=0.4891
  batch 250/264  loss=0.4691
  batch 260/264  loss=0.4071
Epoch  70/300  train=4.752e-01  rmse=1.9576  lr=1.0e-04  229s
  -> best  monitor=4.752e-01
  batch 10/264  loss=0.4544
  batch 20/264  loss=0.4595
  batch 30/264  loss=0.4431
  batch 40/264  loss=0.5563
  batch 50/264  loss=0.4215
  batch 60/264  loss=0.3776
  batch 70/264  loss=0.3997
  batch 80/264  loss=0.3877
  batch 90/264  loss=0.4004
  batch 100/264  loss=0.8009
  batch 110/264  loss=0.3956
  batch 120/264  loss=0.3917
  batch 130/264  loss=0.3675
  batch 140/264  loss=0.3489
  batch 150/264  loss=1.0471
  batch 160/264  loss=0.4874
  batch 170/264  loss=0.4601
  batch 180/264  loss=0.3819
  batch 190/264  loss=0.5282
  batch 200/264  loss=0.3823
  batch 210/264  loss=0.4831
  batch 220/264  loss=0.3661
  batch 230/264  loss=0.4420
  batch 240/264  loss=0.3550
  batch 250/264  loss=0.4696
  batch 260/264  loss=0.3733
Epoch  71/300  train=4.772e-01  rmse=1.9653  lr=1.0e-04  229s
  batch 10/264  loss=0.7738
  batch 20/264  loss=0.4937
  batch 30/264  loss=0.7569
  batch 40/264  loss=0.5170
  batch 50/264  loss=0.4495
  batch 60/264  loss=0.5167
  batch 70/264  loss=0.3643
  batch 80/264  loss=0.4967
  batch 90/264  loss=0.3332
  batch 100/264  loss=0.2919
  batch 110/264  loss=0.3667
  batch 120/264  loss=0.5250
  batch 130/264  loss=0.4634
  batch 140/264  loss=0.5572
  batch 150/264  loss=0.4097
  batch 160/264  loss=0.4131
  batch 170/264  loss=0.5535
  batch 180/264  loss=0.4485
  batch 190/264  loss=0.5605
  batch 200/264  loss=0.3609
  batch 210/264  loss=0.3267
  batch 220/264  loss=0.5314
  batch 230/264  loss=0.4875
  batch 240/264  loss=0.5017
  batch 250/264  loss=0.6178
  batch 260/264  loss=0.5887
Epoch  72/300  train=4.751e-01  rmse=1.9783  lr=1.0e-04  228s
  -> best  monitor=4.751e-01
  batch 10/264  loss=0.3651
  batch 20/264  loss=0.3709
  batch 30/264  loss=0.5100
  batch 40/264  loss=0.3733
  batch 50/264  loss=0.8402
  batch 60/264  loss=0.3645
  batch 70/264  loss=0.5016
  batch 80/264  loss=0.3908
  batch 90/264  loss=0.3364
  batch 100/264  loss=0.5669
  batch 110/264  loss=0.4712
  batch 120/264  loss=0.5531
  batch 130/264  loss=0.6145
  batch 140/264  loss=0.4713
  batch 150/264  loss=0.3322
  batch 160/264  loss=0.4560
  batch 170/264  loss=0.4640
  batch 180/264  loss=0.5594
  batch 190/264  loss=0.3314
  batch 200/264  loss=0.5456
  batch 210/264  loss=0.3471
  batch 220/264  loss=0.6713
  batch 230/264  loss=0.3655
  batch 240/264  loss=0.4781
  batch 250/264  loss=0.3279
  batch 260/264  loss=0.4151
Epoch  73/300  train=4.741e-01  rmse=1.9839  lr=1.0e-04  229s
  -> best  monitor=4.741e-01
  batch 10/264  loss=0.4131
  batch 20/264  loss=0.5512
  batch 30/264  loss=0.3442
  batch 40/264  loss=0.4247
  batch 50/264  loss=0.7476
  batch 60/264  loss=0.6296
  batch 70/264  loss=0.3364
  batch 80/264  loss=0.3653
  batch 90/264  loss=0.5096
  batch 100/264  loss=0.4500
  batch 110/264  loss=0.3770
  batch 120/264  loss=0.3438
  batch 130/264  loss=0.4768
  batch 140/264  loss=0.4349
  batch 150/264  loss=0.3842
  batch 160/264  loss=0.4172
  batch 170/264  loss=0.4374
  batch 180/264  loss=0.5698
  batch 190/264  loss=0.4844
  batch 200/264  loss=1.0699
  batch 210/264  loss=0.8469
  batch 220/264  loss=0.3610
  batch 230/264  loss=0.6608
  batch 240/264  loss=0.7805
  batch 250/264  loss=0.4037
  batch 260/264  loss=0.4069
Epoch  74/300  train=4.712e-01  rmse=1.9577  lr=1.0e-04  230s
  -> best  monitor=4.712e-01
  batch 10/264  loss=0.4569
  batch 20/264  loss=0.3433
  batch 30/264  loss=0.7129
  batch 40/264  loss=0.3284
  batch 50/264  loss=0.3838
  batch 60/264  loss=0.5975
  batch 70/264  loss=0.4786
  batch 80/264  loss=0.5141
  batch 90/264  loss=0.3351
  batch 100/264  loss=0.4098
  batch 110/264  loss=0.3712
  batch 120/264  loss=0.3230
  batch 130/264  loss=0.7590
  batch 140/264  loss=0.5674
  batch 150/264  loss=0.4786
  batch 160/264  loss=0.4057
  batch 170/264  loss=0.4997
  batch 180/264  loss=0.3790
  batch 190/264  loss=0.3811
  batch 200/264  loss=0.3873
  batch 210/264  loss=0.4754
  batch 220/264  loss=0.5072
  batch 230/264  loss=0.3786
  batch 240/264  loss=0.3251
  batch 250/264  loss=0.5654
  batch 260/264  loss=0.4149
Epoch  75/300  train=4.700e-01  rmse=1.9558  lr=1.0e-04  229s
  -> best  monitor=4.700e-01
  batch 10/264  loss=0.5083
  batch 20/264  loss=0.5665
  batch 30/264  loss=0.4175
  batch 40/264  loss=0.3994
  batch 50/264  loss=0.7453
  batch 60/264  loss=0.4026
  batch 70/264  loss=0.4912
  batch 80/264  loss=0.7549
  batch 90/264  loss=0.5615
  batch 100/264  loss=0.3845
  batch 110/264  loss=0.4733
  batch 120/264  loss=0.4330
  batch 130/264  loss=0.3743
  batch 140/264  loss=0.4543
  batch 150/264  loss=0.3916
  batch 160/264  loss=0.4507
  batch 170/264  loss=0.3981
  batch 180/264  loss=0.4576
  batch 190/264  loss=0.6451
  batch 200/264  loss=0.6417
  batch 210/264  loss=0.4131
  batch 220/264  loss=0.5593
  batch 230/264  loss=0.5075
  batch 240/264  loss=0.3462
  batch 250/264  loss=0.3798
  batch 260/264  loss=0.4543
Epoch  76/300  train=4.747e-01  rmse=1.9651  lr=1.0e-04  228s
  batch 10/264  loss=0.6297
  batch 20/264  loss=0.3269
  batch 30/264  loss=0.3770
  batch 40/264  loss=0.3707
  batch 50/264  loss=0.6954
  batch 60/264  loss=0.5181
  batch 70/264  loss=0.3699
  batch 80/264  loss=0.4333
  batch 90/264  loss=0.3701
  batch 100/264  loss=0.3663
  batch 110/264  loss=0.4914
  batch 120/264  loss=0.4240
  batch 130/264  loss=0.3671
  batch 140/264  loss=0.3544
  batch 150/264  loss=0.4742
  batch 160/264  loss=0.5235
  batch 170/264  loss=0.4182
  batch 180/264  loss=0.3651
  batch 190/264  loss=0.4045
  batch 200/264  loss=0.5851
  batch 210/264  loss=0.3581
  batch 220/264  loss=0.4546
  batch 230/264  loss=0.4865
  batch 240/264  loss=0.4836
  batch 250/264  loss=0.3792
  batch 260/264  loss=0.3320
Epoch  77/300  train=4.664e-01  rmse=1.9589  lr=1.0e-04  228s
  -> best  monitor=4.664e-01
  batch 10/264  loss=0.3516
  batch 20/264  loss=0.4783
  batch 30/264  loss=0.4505
  batch 40/264  loss=0.5098
  batch 50/264  loss=0.5555
  batch 60/264  loss=0.5151
  batch 70/264  loss=0.8701
  batch 80/264  loss=0.5432
  batch 90/264  loss=0.5412
  batch 100/264  loss=0.4417
  batch 110/264  loss=0.4599
  batch 120/264  loss=0.3848
  batch 130/264  loss=0.3630
  batch 140/264  loss=0.5337
  batch 150/264  loss=0.4614
  batch 160/264  loss=0.3973
  batch 170/264  loss=0.3495
  batch 180/264  loss=0.5709
  batch 190/264  loss=0.5571
  batch 200/264  loss=0.8476
  batch 210/264  loss=0.4906
  batch 220/264  loss=0.3696
  batch 230/264  loss=0.5010
  batch 240/264  loss=0.3445
  batch 250/264  loss=0.3833
  batch 260/264  loss=0.5164
Epoch  78/300  train=4.690e-01  rmse=1.9531  lr=1.0e-04  230s
  batch 10/264  loss=0.5505
  batch 20/264  loss=0.4567
  batch 30/264  loss=0.4840
  batch 40/264  loss=0.4139
  batch 50/264  loss=0.4196
  batch 60/264  loss=0.6509
  batch 70/264  loss=0.5007
  batch 80/264  loss=0.5272
  batch 90/264  loss=0.3821
  batch 100/264  loss=0.5780
  batch 110/264  loss=0.4888
  batch 120/264  loss=0.3829
  batch 130/264  loss=0.5741
  batch 140/264  loss=0.3769
  batch 150/264  loss=0.4073
  batch 160/264  loss=0.4579
  batch 170/264  loss=0.4640
  batch 180/264  loss=0.4973
  batch 190/264  loss=0.3682
  batch 200/264  loss=0.4213
  batch 210/264  loss=0.4237
  batch 220/264  loss=0.5688
  batch 230/264  loss=0.5412
  batch 240/264  loss=0.4843
  batch 250/264  loss=0.5406
  batch 260/264  loss=0.4624
Epoch  79/300  train=4.664e-01  rmse=1.9635  lr=1.0e-04  230s
  -> best  monitor=4.664e-01
  batch 10/264  loss=0.3661
  batch 20/264  loss=0.4615
  batch 30/264  loss=0.4779
  batch 40/264  loss=0.4256
  batch 50/264  loss=0.3331
  batch 60/264  loss=0.4005
  batch 70/264  loss=0.4008
  batch 80/264  loss=0.3704
  batch 90/264  loss=0.4567
  batch 100/264  loss=0.3425
  batch 110/264  loss=0.4353
  batch 120/264  loss=0.9989
  batch 130/264  loss=0.4212
  batch 140/264  loss=0.4317
  batch 150/264  loss=0.3785
  batch 160/264  loss=0.3646
  batch 170/264  loss=0.6900
  batch 180/264  loss=0.7670
  batch 190/264  loss=0.5794
  batch 200/264  loss=0.5381
  batch 210/264  loss=0.3849
  batch 220/264  loss=0.3867
  batch 230/264  loss=0.4401
  batch 240/264  loss=0.4948
  batch 250/264  loss=0.5323
  batch 260/264  loss=0.3301
Epoch  80/300  train=4.689e-01  rmse=1.9176  lr=1.0e-04  229s
  batch 10/264  loss=0.3951
  batch 20/264  loss=0.5320
  batch 30/264  loss=0.4353
  batch 40/264  loss=0.4840
  batch 50/264  loss=0.3858
  batch 60/264  loss=0.4808
  batch 70/264  loss=0.3762
  batch 80/264  loss=0.8013
  batch 90/264  loss=0.4217
  batch 100/264  loss=0.3501
  batch 110/264  loss=0.3754
  batch 120/264  loss=0.3661
  batch 130/264  loss=0.3330
  batch 140/264  loss=0.5494
  batch 150/264  loss=0.4689
  batch 160/264  loss=0.5818
  batch 170/264  loss=0.4410
  batch 180/264  loss=0.3668
  batch 190/264  loss=0.5167
  batch 200/264  loss=0.3540
  batch 210/264  loss=0.4653
  batch 220/264  loss=0.4038
  batch 230/264  loss=0.5162
  batch 240/264  loss=0.4210
  batch 250/264  loss=0.4906
  batch 260/264  loss=0.4525
Epoch  81/300  train=4.659e-01  rmse=1.9891  lr=1.0e-04  230s
  -> best  monitor=4.659e-01
  batch 10/264  loss=0.5422
  batch 20/264  loss=0.3999
  batch 30/264  loss=0.7686
  batch 40/264  loss=0.6179
  batch 50/264  loss=0.3544
  batch 60/264  loss=0.4092
  batch 70/264  loss=0.4476
  batch 80/264  loss=0.5561
  batch 90/264  loss=0.4509
  batch 100/264  loss=0.5696
  batch 110/264  loss=0.6946
  batch 120/264  loss=0.3272
  batch 130/264  loss=0.5770
  batch 140/264  loss=0.7484
  batch 150/264  loss=0.3726
  batch 160/264  loss=0.3964
  batch 170/264  loss=0.4094
  batch 180/264  loss=0.3583
  batch 190/264  loss=0.4209
  batch 200/264  loss=0.3699
  batch 210/264  loss=0.4595
  batch 220/264  loss=0.5532
  batch 230/264  loss=0.3781
  batch 240/264  loss=0.3697
  batch 250/264  loss=0.5502
  batch 260/264  loss=0.7991
Epoch  82/300  train=4.597e-01  rmse=1.8988  lr=1.0e-04  227s
  -> best  monitor=4.597e-01
  batch 10/264  loss=0.4163
  batch 20/264  loss=0.3703
  batch 30/264  loss=0.7203
  batch 40/264  loss=0.3726
  batch 50/264  loss=0.4298
  batch 60/264  loss=0.4693
  batch 70/264  loss=0.4805
  batch 80/264  loss=0.4314
  batch 90/264  loss=0.4532
  batch 100/264  loss=0.4495
  batch 110/264  loss=0.4796
  batch 120/264  loss=0.4364
  batch 130/264  loss=0.7316
  batch 140/264  loss=0.4624
  batch 150/264  loss=0.6359
  batch 160/264  loss=0.4574
  batch 170/264  loss=0.4266
  batch 180/264  loss=0.6093
  batch 190/264  loss=0.4516
  batch 200/264  loss=0.4476
  batch 210/264  loss=0.4190
  batch 220/264  loss=0.4238
  batch 230/264  loss=0.7769
  batch 240/264  loss=0.5057
  batch 250/264  loss=0.4817
  batch 260/264  loss=0.5999
Epoch  83/300  train=4.681e-01  rmse=1.9759  lr=1.0e-04  228s
  batch 10/264  loss=0.3786
  batch 20/264  loss=0.6024
  batch 30/264  loss=0.3761
  batch 40/264  loss=0.6212
  batch 50/264  loss=0.3576
  batch 60/264  loss=0.4204
  batch 70/264  loss=0.5145
  batch 80/264  loss=0.4519
  batch 90/264  loss=0.6310
  batch 100/264  loss=0.5714
  batch 110/264  loss=0.4482
  batch 120/264  loss=0.4396
  batch 130/264  loss=0.6526
  batch 140/264  loss=0.3995
  batch 150/264  loss=0.4006
  batch 160/264  loss=0.3760
  batch 170/264  loss=0.3407
  batch 180/264  loss=0.5438
  batch 190/264  loss=0.5387
  batch 200/264  loss=0.4252
  batch 210/264  loss=0.4190
  batch 220/264  loss=0.4365
  batch 230/264  loss=0.4709
  batch 240/264  loss=0.4017
  batch 250/264  loss=0.4084
  batch 260/264  loss=0.5212
Epoch  84/300  train=4.568e-01  rmse=1.9223  lr=1.0e-04  230s
  -> best  monitor=4.568e-01
  batch 10/264  loss=0.3697
  batch 20/264  loss=0.3728
  batch 30/264  loss=0.4834
  batch 40/264  loss=0.5172
  batch 50/264  loss=0.4088
  batch 60/264  loss=0.4692
  batch 70/264  loss=0.6360
  batch 80/264  loss=0.4310
  batch 90/264  loss=0.5036
  batch 100/264  loss=0.3808
  batch 110/264  loss=0.4902
  batch 120/264  loss=0.4072
  batch 130/264  loss=0.4551
  batch 140/264  loss=0.4741
  batch 150/264  loss=0.4219
  batch 160/264  loss=0.3754
  batch 170/264  loss=0.3813
  batch 180/264  loss=0.3276
  batch 190/264  loss=0.6811
  batch 200/264  loss=0.3866
  batch 210/264  loss=0.4573
  batch 220/264  loss=0.5931
  batch 230/264  loss=0.4491
  batch 240/264  loss=0.5475
  batch 250/264  loss=0.5060
  batch 260/264  loss=1.3295
Epoch  85/300  train=4.647e-01  rmse=2.0659  lr=1.0e-04  228s
  batch 10/264  loss=0.4436
  batch 20/264  loss=0.4371
  batch 30/264  loss=0.5179
  batch 40/264  loss=0.6172
  batch 50/264  loss=0.4684
  batch 60/264  loss=0.3508
  batch 70/264  loss=0.3891
  batch 80/264  loss=0.3716
  batch 90/264  loss=0.6161
  batch 100/264  loss=0.4656
  batch 110/264  loss=0.3650
  batch 120/264  loss=0.4829
  batch 130/264  loss=0.4306
  batch 140/264  loss=0.4515
  batch 150/264  loss=0.4342
  batch 160/264  loss=0.4488
  batch 170/264  loss=0.3946
  batch 180/264  loss=0.4516
  batch 190/264  loss=0.3776
  batch 200/264  loss=0.7382
  batch 210/264  loss=0.5973
  batch 220/264  loss=0.4016
  batch 230/264  loss=0.4919
  batch 240/264  loss=0.8517
  batch 250/264  loss=0.4725
  batch 260/264  loss=0.4679
Epoch  86/300  train=4.639e-01  rmse=1.9263  lr=1.0e-04  230s
  batch 10/264  loss=0.3607
  batch 20/264  loss=0.4904
  batch 30/264  loss=0.4131
  batch 40/264  loss=0.3423
  batch 50/264  loss=0.3559
  batch 60/264  loss=0.3317
  batch 70/264  loss=0.3583
  batch 80/264  loss=0.4840
  batch 90/264  loss=0.4897
  batch 100/264  loss=0.3841
  batch 110/264  loss=0.4118
  batch 120/264  loss=0.5680
  batch 130/264  loss=0.4381
  batch 140/264  loss=0.4846
  batch 150/264  loss=0.6161
  batch 160/264  loss=0.4000
  batch 170/264  loss=0.4659
  batch 180/264  loss=0.3905
  batch 190/264  loss=0.3359
  batch 200/264  loss=0.3996
  batch 210/264  loss=0.3839
  batch 220/264  loss=1.0861
  batch 230/264  loss=0.4309
  batch 240/264  loss=0.3854
  batch 250/264  loss=0.7756
  batch 260/264  loss=0.4298
Epoch  87/300  train=4.604e-01  rmse=1.9588  lr=1.0e-04  229s
  batch 10/264  loss=0.4507
  batch 20/264  loss=0.3979
  batch 30/264  loss=0.8605
  batch 40/264  loss=0.5617
  batch 50/264  loss=0.3246
  batch 60/264  loss=0.5663
  batch 70/264  loss=0.4357
  batch 80/264  loss=0.3867
  batch 90/264  loss=0.3792
  batch 100/264  loss=0.7082
  batch 110/264  loss=0.4335
  batch 120/264  loss=0.3678
  batch 130/264  loss=0.4805
  batch 140/264  loss=0.4075
  batch 150/264  loss=0.4548
  batch 160/264  loss=0.4347
  batch 170/264  loss=0.4694
  batch 180/264  loss=0.6284
  batch 190/264  loss=0.3362
  batch 200/264  loss=0.4261
  batch 210/264  loss=0.3951
  batch 220/264  loss=0.5110
  batch 230/264  loss=0.8344
  batch 240/264  loss=0.4604
  batch 250/264  loss=0.3925
  batch 260/264  loss=0.6744
Epoch  88/300  train=4.584e-01  rmse=1.9780  lr=1.0e-04  229s
  batch 10/264  loss=0.3077
  batch 20/264  loss=1.0116
  batch 30/264  loss=0.3513
  batch 40/264  loss=0.4471
  batch 50/264  loss=0.3937
  batch 60/264  loss=0.4442
  batch 70/264  loss=0.4391
  batch 80/264  loss=0.3594
  batch 90/264  loss=0.7829
  batch 100/264  loss=0.3222
  batch 110/264  loss=0.6914
  batch 120/264  loss=0.5492
  batch 130/264  loss=0.3910
  batch 140/264  loss=0.3473
  batch 150/264  loss=0.5174
  batch 160/264  loss=0.3482
  batch 170/264  loss=0.3899
  batch 180/264  loss=0.5386
  batch 190/264  loss=0.8782
  batch 200/264  loss=0.4157
  batch 210/264  loss=0.4034
  batch 220/264  loss=0.5944
  batch 230/264  loss=0.4221
  batch 240/264  loss=0.3928
  batch 250/264  loss=0.4550
  batch 260/264  loss=0.5746
Epoch  89/300  train=4.599e-01  rmse=1.9190  lr=1.0e-04  229s
  batch 10/264  loss=0.5143
  batch 20/264  loss=0.4058
  batch 30/264  loss=0.5276
  batch 40/264  loss=0.4198
  batch 50/264  loss=0.4047
  batch 60/264  loss=0.5922
  batch 70/264  loss=0.5556
  batch 80/264  loss=0.4747
  batch 90/264  loss=0.3523
  batch 100/264  loss=0.4222
  batch 110/264  loss=0.4153
  batch 120/264  loss=0.3965
  batch 130/264  loss=0.3494
  batch 140/264  loss=0.3564
  batch 150/264  loss=0.4375
  batch 160/264  loss=0.4431
  batch 170/264  loss=0.4997
  batch 180/264  loss=0.4554
  batch 190/264  loss=0.4566
  batch 200/264  loss=0.3518
  batch 210/264  loss=0.3894
  batch 220/264  loss=0.4468
  batch 230/264  loss=0.3773
  batch 240/264  loss=0.3625
  batch 250/264  loss=0.3236
  batch 260/264  loss=0.5758
Epoch  90/300  train=4.608e-01  rmse=1.9368  lr=1.0e-04  230s
  batch 10/264  loss=0.4003
  batch 20/264  loss=0.3845
  batch 30/264  loss=0.3815
  batch 40/264  loss=0.3375
  batch 50/264  loss=0.5908
  batch 60/264  loss=0.5564
  batch 70/264  loss=0.4271
  batch 80/264  loss=0.4116
  batch 90/264  loss=0.3821
  batch 100/264  loss=0.5220
  batch 110/264  loss=0.4213
  batch 120/264  loss=0.4067
  batch 130/264  loss=0.4120
  batch 140/264  loss=0.5505
  batch 150/264  loss=0.3503
  batch 160/264  loss=0.4244
  batch 170/264  loss=0.4576
  batch 180/264  loss=0.4417
  batch 190/264  loss=0.4420
  batch 200/264  loss=0.3519
  batch 210/264  loss=0.4635
  batch 220/264  loss=0.4687
  batch 230/264  loss=0.3974
  batch 240/264  loss=0.3774
  batch 250/264  loss=0.4068
  batch 260/264  loss=0.3933
Epoch  91/300  train=4.504e-01  rmse=1.8920  lr=1.0e-04  229s
  -> best  monitor=4.504e-01
  batch 10/264  loss=0.5288
  batch 20/264  loss=0.4570
  batch 30/264  loss=0.3933
  batch 40/264  loss=0.4667
  batch 50/264  loss=0.5828
  batch 60/264  loss=0.4633
  batch 70/264  loss=0.4276
  batch 80/264  loss=0.4017
  batch 90/264  loss=0.4360
  batch 100/264  loss=0.3576
  batch 110/264  loss=0.5680
  batch 120/264  loss=0.5886
  batch 130/264  loss=0.4722
  batch 140/264  loss=0.4400
  batch 150/264  loss=0.4411
  batch 160/264  loss=0.3926
  batch 170/264  loss=0.5069
  batch 180/264  loss=0.3916
  batch 190/264  loss=0.3876
  batch 200/264  loss=0.4080
  batch 210/264  loss=0.4708
  batch 220/264  loss=0.4351
  batch 230/264  loss=0.4622
  batch 240/264  loss=0.5432
  batch 250/264  loss=0.3205
  batch 260/264  loss=0.3422
Epoch  92/300  train=4.526e-01  rmse=1.9116  lr=1.0e-04  228s
  batch 10/264  loss=0.4488
  batch 20/264  loss=0.3714
  batch 30/264  loss=0.5089
  batch 40/264  loss=0.5174
  batch 50/264  loss=0.4237
  batch 60/264  loss=0.3600
  batch 70/264  loss=0.3486
  batch 80/264  loss=0.5013
  batch 90/264  loss=0.3829
  batch 100/264  loss=0.7916
  batch 110/264  loss=0.5819
  batch 120/264  loss=0.4390
  batch 130/264  loss=0.4181
  batch 140/264  loss=0.4696
  batch 150/264  loss=0.4695
  batch 160/264  loss=0.4751
  batch 170/264  loss=0.3863
  batch 180/264  loss=0.6298
  batch 190/264  loss=0.4431
  batch 200/264  loss=0.4855
  batch 210/264  loss=0.3479
  batch 220/264  loss=0.3528
  batch 230/264  loss=0.3603
  batch 240/264  loss=0.4003
  batch 250/264  loss=0.8708
  batch 260/264  loss=0.3968
Epoch  93/300  train=4.531e-01  rmse=2.0549  lr=1.0e-04  228s
  batch 10/264  loss=0.3331
  batch 20/264  loss=0.5801
  batch 30/264  loss=0.4821
  batch 40/264  loss=0.3616
  batch 50/264  loss=0.4177
  batch 60/264  loss=0.5043
  batch 70/264  loss=0.3777
  batch 80/264  loss=0.4650
  batch 90/264  loss=0.3137
  batch 100/264  loss=0.4683
  batch 110/264  loss=0.4823
  batch 120/264  loss=0.5063
  batch 130/264  loss=0.3531
  batch 140/264  loss=0.3695
  batch 150/264  loss=0.3994
  batch 160/264  loss=0.3867
  batch 170/264  loss=0.4002
  batch 180/264  loss=0.3406
  batch 190/264  loss=0.3573
  batch 200/264  loss=0.3306
  batch 210/264  loss=0.4643
  batch 220/264  loss=0.3778
  batch 230/264  loss=0.3587
  batch 240/264  loss=0.4485
  batch 250/264  loss=0.5222
  batch 260/264  loss=0.5129
Epoch  94/300  train=4.523e-01  rmse=1.9978  lr=1.0e-04  230s
  batch 10/264  loss=0.4360
  batch 20/264  loss=0.3555
  batch 30/264  loss=0.4017
  batch 40/264  loss=0.4169
  batch 50/264  loss=0.3944
  batch 60/264  loss=0.3612
  batch 70/264  loss=0.4199
  batch 80/264  loss=0.3906
  batch 90/264  loss=0.3395
  batch 100/264  loss=0.3912
  batch 110/264  loss=0.3748
  batch 120/264  loss=0.4122
  batch 130/264  loss=0.4265
  batch 140/264  loss=0.4871
  batch 150/264  loss=0.4731
  batch 160/264  loss=0.5440
  batch 170/264  loss=0.4100
  batch 180/264  loss=0.4234
  batch 190/264  loss=0.5864
  batch 200/264  loss=0.4484
  batch 210/264  loss=0.3223
  batch 220/264  loss=0.4072
  batch 230/264  loss=0.3969
  batch 240/264  loss=0.3428
  batch 250/264  loss=0.7239
  batch 260/264  loss=0.3786
Epoch  95/300  train=4.480e-01  rmse=2.0818  lr=1.0e-04  229s
  -> best  monitor=4.480e-01
  batch 10/264  loss=0.4231
  batch 20/264  loss=0.4964
  batch 30/264  loss=0.3283
  batch 40/264  loss=0.4325
  batch 50/264  loss=0.4689
  batch 60/264  loss=0.4169
  batch 70/264  loss=0.5179
  batch 80/264  loss=0.4067
  batch 90/264  loss=0.3530
  batch 100/264  loss=0.3911
  batch 110/264  loss=0.3896
  batch 120/264  loss=0.5346
  batch 130/264  loss=0.4054
  batch 140/264  loss=0.4743
  batch 150/264  loss=0.8417
  batch 160/264  loss=0.4489
  batch 170/264  loss=0.4682
  batch 180/264  loss=0.5664
  batch 190/264  loss=0.4092
  batch 200/264  loss=0.4008
  batch 210/264  loss=0.4015
  batch 220/264  loss=0.5108
  batch 230/264  loss=0.4101
  batch 240/264  loss=0.4523
  batch 250/264  loss=0.3810
  batch 260/264  loss=0.4319
Epoch  96/300  train=4.473e-01  rmse=2.0805  lr=1.0e-04  234s
  -> best  monitor=4.473e-01
  batch 10/264  loss=0.4515
  batch 20/264  loss=0.3424
  batch 30/264  loss=0.3631
  batch 40/264  loss=0.3889
  batch 50/264  loss=0.3640
  batch 60/264  loss=0.2991
  batch 70/264  loss=0.5583
  batch 80/264  loss=0.4332
  batch 90/264  loss=0.3421
  batch 100/264  loss=0.5712
  batch 110/264  loss=0.6049
  batch 120/264  loss=0.3581
  batch 130/264  loss=0.3696
  batch 140/264  loss=0.4567
  batch 150/264  loss=0.5870
  batch 160/264  loss=0.3565
  batch 170/264  loss=0.3307
  batch 180/264  loss=0.4238
  batch 190/264  loss=0.7609
  batch 200/264  loss=0.3898
  batch 210/264  loss=0.3919
  batch 220/264  loss=0.6977
  batch 230/264  loss=0.7146
  batch 240/264  loss=0.3163
  batch 250/264  loss=0.4700
  batch 260/264  loss=0.4391
Epoch  97/300  train=4.469e-01  rmse=2.4799  lr=1.0e-04  235s
  -> best  monitor=4.469e-01
  batch 10/264  loss=0.4159
  batch 20/264  loss=0.4493
  batch 30/264  loss=0.4679
  batch 40/264  loss=0.3290
  batch 50/264  loss=0.3505
  batch 60/264  loss=0.4317
  batch 70/264  loss=0.3596
  batch 80/264  loss=0.4385
  batch 90/264  loss=0.3874
  batch 100/264  loss=0.3552
  batch 110/264  loss=0.4887
  batch 120/264  loss=0.4075
  batch 130/264  loss=0.4397
  batch 140/264  loss=0.6115
  batch 150/264  loss=0.5577
  batch 160/264  loss=0.5466
  batch 170/264  loss=0.3507
  batch 180/264  loss=0.9587
  batch 190/264  loss=0.3253
  batch 200/264  loss=0.4259
  batch 210/264  loss=0.4568
  batch 220/264  loss=0.4028
  batch 230/264  loss=0.4953
  batch 240/264  loss=0.2869
  batch 250/264  loss=0.4290
  batch 260/264  loss=0.4214
Epoch  98/300  train=4.476e-01  rmse=2.2774  lr=1.0e-04  234s
  batch 10/264  loss=0.3564
  batch 20/264  loss=0.3594
  batch 30/264  loss=0.4650
  batch 40/264  loss=0.3784
  batch 50/264  loss=0.4536
  batch 60/264  loss=0.4594
  batch 70/264  loss=0.4822
  batch 80/264  loss=0.3947
  batch 90/264  loss=0.4163
  batch 100/264  loss=0.4445
  batch 110/264  loss=0.4194
  batch 120/264  loss=0.4129
  batch 130/264  loss=0.3658
  batch 140/264  loss=0.3861
  batch 150/264  loss=0.3519
  batch 160/264  loss=0.3415
  batch 170/264  loss=0.3513
  batch 180/264  loss=0.3497
  batch 190/264  loss=0.4135
  batch 200/264  loss=0.5525
  batch 210/264  loss=0.3657
  batch 220/264  loss=0.3751
  batch 230/264  loss=0.3450
  batch 240/264  loss=0.4852
  batch 250/264  loss=0.6587
  batch 260/264  loss=0.4519
Epoch  99/300  train=4.448e-01  rmse=2.1475  lr=1.0e-04  234s
  -> best  monitor=4.448e-01
  batch 10/264  loss=0.3957
  batch 20/264  loss=0.3796
  batch 30/264  loss=0.4238
  batch 40/264  loss=0.4804
  batch 50/264  loss=0.3890
  batch 60/264  loss=0.3096
  batch 70/264  loss=0.5832
  batch 80/264  loss=0.4266
  batch 90/264  loss=0.3837
  batch 100/264  loss=0.5685
  batch 110/264  loss=0.4227
  batch 120/264  loss=0.7088
  batch 130/264  loss=0.4537
  batch 140/264  loss=0.3979
  batch 150/264  loss=0.3718
  batch 160/264  loss=0.3932
  batch 170/264  loss=0.4452
  batch 180/264  loss=0.3526
  batch 190/264  loss=0.3211
  batch 200/264  loss=0.4140
  batch 210/264  loss=0.3783
  batch 220/264  loss=0.4615
  batch 230/264  loss=0.3849
  batch 240/264  loss=0.3139
  batch 250/264  loss=0.4202
  batch 260/264  loss=0.5088
Epoch 100/300  train=4.418e-01  rmse=1.8512  lr=1.0e-04  231s
  -> best  monitor=4.418e-01
  batch 10/264  loss=0.7198
  batch 20/264  loss=0.3895
  batch 30/264  loss=0.3592
  batch 40/264  loss=0.4922
  batch 50/264  loss=0.2714
  batch 60/264  loss=0.3500
  batch 70/264  loss=0.3545
  batch 80/264  loss=0.3439
  batch 90/264  loss=0.3940
  batch 100/264  loss=0.4855
  batch 110/264  loss=0.3426
  batch 120/264  loss=0.4377
  batch 130/264  loss=0.3813
  batch 140/264  loss=0.5077
  batch 150/264  loss=0.3859
  batch 160/264  loss=0.3343
  batch 170/264  loss=0.3362
  batch 180/264  loss=0.5208
  batch 190/264  loss=0.5081
  batch 200/264  loss=0.3742
  batch 210/264  loss=0.5595
  batch 220/264  loss=0.6176
  batch 230/264  loss=0.4709
  batch 240/264  loss=0.5874
  batch 250/264  loss=0.4699
  batch 260/264  loss=0.3276
Epoch 101/300  train=4.456e-01  rmse=2.5009  lr=1.0e-04  230s
  batch 10/264  loss=0.3763
  batch 20/264  loss=0.3441
  batch 30/264  loss=0.5537
  batch 40/264  loss=0.3698
  batch 50/264  loss=0.4733
  batch 60/264  loss=0.7982
  batch 70/264  loss=0.6583
  batch 80/264  loss=0.3307
  batch 90/264  loss=0.3817
  batch 100/264  loss=0.3677
  batch 110/264  loss=0.3876
  batch 120/264  loss=0.3569
  batch 130/264  loss=0.4011
  batch 140/264  loss=0.3535
  batch 150/264  loss=0.5226
  batch 160/264  loss=0.5220
  batch 170/264  loss=0.3669
  batch 180/264  loss=0.6908
  batch 190/264  loss=0.6345
  batch 200/264  loss=0.3434
  batch 210/264  loss=0.5135
  batch 220/264  loss=0.3436
  batch 230/264  loss=0.4528
  batch 240/264  loss=0.4122
  batch 250/264  loss=0.4309
  batch 260/264  loss=0.3767
Epoch 102/300  train=4.439e-01  rmse=1.8865  lr=1.0e-04  230s
  batch 10/264  loss=0.3507
  batch 20/264  loss=0.3160
  batch 30/264  loss=0.4161
  batch 40/264  loss=0.3694
  batch 50/264  loss=0.3133
  batch 60/264  loss=0.5418
  batch 70/264  loss=0.4741
  batch 80/264  loss=0.4223
  batch 90/264  loss=0.3121
  batch 100/264  loss=0.4340
  batch 110/264  loss=0.4118
  batch 120/264  loss=0.4874
  batch 130/264  loss=0.3326
  batch 140/264  loss=0.3290
  batch 150/264  loss=0.4289
  batch 160/264  loss=0.3390
  batch 170/264  loss=0.5589
  batch 180/264  loss=0.4215
  batch 190/264  loss=0.4808
  batch 200/264  loss=0.5169
  batch 210/264  loss=0.3712
  batch 220/264  loss=0.4931
  batch 230/264  loss=0.6575
  batch 240/264  loss=1.0925
  batch 250/264  loss=0.3798
  batch 260/264  loss=0.3752
Epoch 103/300  train=4.422e-01  rmse=1.9824  lr=1.0e-04  229s
  batch 10/264  loss=0.3385
  batch 20/264  loss=0.6580
  batch 30/264  loss=0.4790
  batch 40/264  loss=0.3964
  batch 50/264  loss=0.4775
  batch 60/264  loss=0.3580
  batch 70/264  loss=0.7383
  batch 80/264  loss=0.5085
  batch 90/264  loss=0.6801
  batch 100/264  loss=0.3372
  batch 110/264  loss=0.7447
  batch 120/264  loss=0.9116
  batch 130/264  loss=0.4072
  batch 140/264  loss=0.7707
  batch 150/264  loss=0.4403
  batch 160/264  loss=0.3811
  batch 170/264  loss=0.4995
  batch 180/264  loss=0.5455
  batch 190/264  loss=0.3309
  batch 200/264  loss=0.3982
  batch 210/264  loss=0.3938
  batch 220/264  loss=0.3420
  batch 230/264  loss=0.2718
  batch 240/264  loss=0.4050
  batch 250/264  loss=0.6654
  batch 260/264  loss=0.3966
Epoch 104/300  train=4.400e-01  rmse=1.7960  lr=1.0e-04  230s
  -> best  monitor=4.400e-01
  batch 10/264  loss=0.3750
  batch 20/264  loss=0.4437
  batch 30/264  loss=0.4817
  batch 40/264  loss=0.3925
  batch 50/264  loss=0.4042
  batch 60/264  loss=0.4155
  batch 70/264  loss=0.3263
  batch 80/264  loss=0.6399
  batch 90/264  loss=0.7150
  batch 100/264  loss=0.4755
  batch 110/264  loss=0.6195
  batch 120/264  loss=0.3704
  batch 130/264  loss=0.4265
  batch 140/264  loss=0.5152
  batch 150/264  loss=0.3968
  batch 160/264  loss=0.4444
  batch 170/264  loss=0.5195
  batch 180/264  loss=0.3320
  batch 190/264  loss=0.4256
  batch 200/264  loss=0.6759
  batch 210/264  loss=0.4556
  batch 220/264  loss=0.5734
  batch 230/264  loss=0.3198
  batch 240/264  loss=0.3692
  batch 250/264  loss=0.3342
  batch 260/264  loss=0.3884
Epoch 105/300  train=4.475e-01  rmse=2.0313  lr=1.0e-04  230s
  batch 10/264  loss=0.4052
  batch 20/264  loss=0.4560
  batch 30/264  loss=0.4125
  batch 40/264  loss=0.6944
  batch 50/264  loss=0.3427
  batch 60/264  loss=0.3746
  batch 70/264  loss=0.4787
  batch 80/264  loss=0.3458
  batch 90/264  loss=0.4049
  batch 100/264  loss=0.4979
  batch 110/264  loss=0.4506
  batch 120/264  loss=0.4095
  batch 130/264  loss=0.3445
  batch 140/264  loss=0.6648
  batch 150/264  loss=0.4669
  batch 160/264  loss=0.3588
  batch 170/264  loss=0.4199
  batch 180/264  loss=0.3285
  batch 190/264  loss=0.3275
  batch 200/264  loss=0.5353
  batch 210/264  loss=0.4619
  batch 220/264  loss=0.4680
  batch 230/264  loss=0.3292
  batch 240/264  loss=0.3563
  batch 250/264  loss=0.3605
  batch 260/264  loss=0.3677
Epoch 106/300  train=4.396e-01  rmse=2.4053  lr=1.0e-04  231s
  -> best  monitor=4.396e-01
  batch 10/264  loss=0.4831
  batch 20/264  loss=0.4644
  batch 30/264  loss=0.4087
  batch 40/264  loss=0.4316
  batch 50/264  loss=0.3688
  batch 60/264  loss=0.4018
  batch 70/264  loss=0.4116
  batch 80/264  loss=0.5434
  batch 90/264  loss=0.3221
  batch 100/264  loss=0.3648
  batch 110/264  loss=0.4076
  batch 120/264  loss=0.3809
  batch 130/264  loss=0.3271
  batch 140/264  loss=0.3567
  batch 150/264  loss=0.3499
  batch 160/264  loss=0.4790
  batch 170/264  loss=0.3683
  batch 180/264  loss=0.3870
  batch 190/264  loss=0.7263
  batch 200/264  loss=0.4556
  batch 210/264  loss=0.5021
  batch 220/264  loss=0.5254
  batch 230/264  loss=0.4476
  batch 240/264  loss=0.3512
  batch 250/264  loss=0.4424
  batch 260/264  loss=0.6261
Epoch 107/300  train=4.354e-01  rmse=1.9080  lr=1.0e-04  231s
  -> best  monitor=4.354e-01
  batch 10/264  loss=0.4676
  batch 20/264  loss=0.4503
  batch 30/264  loss=0.4230
  batch 40/264  loss=0.5157
  batch 50/264  loss=0.4157
  batch 60/264  loss=0.4658
  batch 70/264  loss=0.5329
  batch 80/264  loss=0.4041
  batch 90/264  loss=0.3970
  batch 100/264  loss=0.4083
  batch 110/264  loss=0.3674
  batch 120/264  loss=0.3858
  batch 130/264  loss=0.5036
  batch 140/264  loss=0.4098
  batch 150/264  loss=0.3498
  batch 160/264  loss=0.5258
  batch 170/264  loss=0.4385
  batch 180/264  loss=0.4040
  batch 190/264  loss=0.3567
  batch 200/264  loss=0.3419
  batch 210/264  loss=0.4272
  batch 220/264  loss=0.5122
  batch 230/264  loss=0.3374
  batch 240/264  loss=0.4245
  batch 250/264  loss=0.4236
  batch 260/264  loss=0.5381
Epoch 108/300  train=4.372e-01  rmse=1.8473  lr=1.0e-04  230s
  batch 10/264  loss=0.3639
  batch 20/264  loss=0.4789
  batch 30/264  loss=0.3838
  batch 40/264  loss=0.3573
  batch 50/264  loss=0.5779
  batch 60/264  loss=0.4500
  batch 70/264  loss=0.4180
  batch 80/264  loss=0.3302
  batch 90/264  loss=0.4010
  batch 100/264  loss=0.3834
  batch 110/264  loss=0.3431
  batch 120/264  loss=0.3501
  batch 130/264  loss=0.4165
  batch 140/264  loss=0.3344
  batch 150/264  loss=0.4627
  batch 160/264  loss=0.4119
  batch 170/264  loss=0.3418
  batch 180/264  loss=0.3427
  batch 190/264  loss=0.4861
  batch 200/264  loss=0.4432
  batch 210/264  loss=0.3543
  batch 220/264  loss=0.5850
  batch 230/264  loss=0.3156
  batch 240/264  loss=0.3688
  batch 250/264  loss=0.5763
  batch 260/264  loss=0.2801
Epoch 109/300  train=4.353e-01  rmse=1.8611  lr=1.0e-04  230s
  -> best  monitor=4.353e-01
  batch 10/264  loss=0.4965
  batch 20/264  loss=0.4005
  batch 30/264  loss=0.4148
  batch 40/264  loss=0.3835
  batch 50/264  loss=0.4388
  batch 60/264  loss=0.3800
  batch 70/264  loss=0.3378
  batch 80/264  loss=0.5305
  batch 90/264  loss=0.4456
  batch 100/264  loss=0.3405
  batch 110/264  loss=0.3471
  batch 120/264  loss=0.4137
  batch 130/264  loss=0.6369
  batch 140/264  loss=0.4627
  batch 150/264  loss=0.3858
  batch 160/264  loss=0.4192
  batch 170/264  loss=0.5671
  batch 180/264  loss=0.3342
  batch 190/264  loss=0.3148
  batch 200/264  loss=0.4915
  batch 210/264  loss=0.3641
  batch 220/264  loss=0.4527
  batch 230/264  loss=0.5377
  batch 240/264  loss=0.4579
  batch 250/264  loss=0.3780
  batch 260/264  loss=0.3607
Epoch 110/300  train=4.345e-01  rmse=1.9262  lr=1.0e-04  231s
  -> best  monitor=4.345e-01
  batch 10/264  loss=0.5044
  batch 20/264  loss=0.6234
  batch 30/264  loss=0.6617
  batch 40/264  loss=0.3455
  batch 50/264  loss=0.4075
  batch 60/264  loss=0.3849
  batch 70/264  loss=0.3225
  batch 80/264  loss=0.3538
  batch 90/264  loss=0.6765
  batch 100/264  loss=0.4285
  batch 110/264  loss=0.3306
  batch 120/264  loss=0.3776
  batch 130/264  loss=0.4793
  batch 140/264  loss=0.3894
  batch 150/264  loss=0.3605
  batch 160/264  loss=0.4783
  batch 170/264  loss=0.3894
  batch 180/264  loss=0.5172
  batch 190/264  loss=0.4618
  batch 200/264  loss=0.8535
  batch 210/264  loss=0.3609
  batch 220/264  loss=0.4019
  batch 230/264  loss=0.7442
  batch 240/264  loss=0.5625
  batch 250/264  loss=0.5162
  batch 260/264  loss=0.5268
Epoch 111/300  train=4.378e-01  rmse=1.9114  lr=1.0e-04  230s
  batch 10/264  loss=0.3421
  batch 20/264  loss=0.3468
  batch 30/264  loss=0.4379
  batch 40/264  loss=0.3139
  batch 50/264  loss=0.4260
  batch 60/264  loss=0.4088
  batch 70/264  loss=0.4278
  batch 80/264  loss=0.4465
  batch 90/264  loss=0.4014
  batch 100/264  loss=0.5479
  batch 110/264  loss=0.5223
  batch 120/264  loss=0.3928
  batch 130/264  loss=0.4631
  batch 140/264  loss=0.4381
  batch 150/264  loss=0.4058
  batch 160/264  loss=0.3146
  batch 170/264  loss=0.3527
  batch 180/264  loss=0.2835
  batch 190/264  loss=0.4441
  batch 200/264  loss=0.6019
  batch 210/264  loss=0.3225
  batch 220/264  loss=0.6147
  batch 230/264  loss=0.3614
  batch 240/264  loss=0.4931
  batch 250/264  loss=0.3244
  batch 260/264  loss=0.3931
Epoch 112/300  train=4.383e-01  rmse=1.8695  lr=1.0e-04  230s
  batch 10/264  loss=0.3777
  batch 20/264  loss=0.3807
  batch 30/264  loss=0.4391
  batch 40/264  loss=0.5540
  batch 50/264  loss=0.4681
  batch 60/264  loss=0.3727
  batch 70/264  loss=0.3191
  batch 80/264  loss=0.4209
  batch 90/264  loss=0.5057
  batch 100/264  loss=0.5164
  batch 110/264  loss=0.5492
  batch 120/264  loss=0.9067
  batch 130/264  loss=0.9168
  batch 140/264  loss=0.5484
  batch 150/264  loss=0.3949
  batch 160/264  loss=0.3077
  batch 170/264  loss=0.4681
  batch 180/264  loss=0.3689
  batch 190/264  loss=0.3636
  batch 200/264  loss=0.3976
  batch 210/264  loss=0.3189
  batch 220/264  loss=0.3848
  batch 230/264  loss=0.6137
  batch 240/264  loss=0.3386
  batch 250/264  loss=0.4647
  batch 260/264  loss=0.3618
Epoch 113/300  train=4.395e-01  rmse=6.9685  lr=1.0e-04  229s
  batch 10/264  loss=0.3700
  batch 20/264  loss=0.3220
  batch 30/264  loss=0.7070
  batch 40/264  loss=0.3461
  batch 50/264  loss=0.4115
  batch 60/264  loss=0.4583
  batch 70/264  loss=0.3675
  batch 80/264  loss=0.5211
  batch 90/264  loss=0.3843
  batch 100/264  loss=0.4272
  batch 110/264  loss=0.3919
  batch 120/264  loss=0.4812
  batch 130/264  loss=0.3994
  batch 140/264  loss=0.5055
  batch 150/264  loss=0.6664
  batch 160/264  loss=0.5544
  batch 170/264  loss=0.4730
  batch 180/264  loss=0.3074
  batch 190/264  loss=0.4230
  batch 200/264  loss=0.4998
  batch 210/264  loss=0.4018
  batch 220/264  loss=0.3422
  batch 230/264  loss=0.3494
  batch 240/264  loss=0.3169
  batch 250/264  loss=0.3671
  batch 260/264  loss=0.3569
Epoch 114/300  train=4.337e-01  rmse=2.0562  lr=1.0e-04  229s
  -> best  monitor=4.337e-01
  batch 10/264  loss=0.3788
  batch 20/264  loss=0.3474
  batch 30/264  loss=0.5191
  batch 40/264  loss=0.3503
  batch 50/264  loss=0.3457
  batch 60/264  loss=0.3643
  batch 70/264  loss=0.4906
  batch 80/264  loss=0.7943
  batch 90/264  loss=0.5129
  batch 100/264  loss=0.4321
  batch 110/264  loss=0.3871
  batch 120/264  loss=0.3529
  batch 130/264  loss=0.4299
  batch 140/264  loss=0.3342
  batch 150/264  loss=0.5309
  batch 160/264  loss=0.3464
  batch 170/264  loss=0.3259
  batch 180/264  loss=0.4246
  batch 190/264  loss=0.4211
  batch 200/264  loss=0.4007
  batch 210/264  loss=0.3494
  batch 220/264  loss=0.3584
  batch 230/264  loss=0.3264
  batch 240/264  loss=0.3718
  batch 250/264  loss=0.5561
  batch 260/264  loss=0.3603
Epoch 115/300  train=4.312e-01  rmse=1.8726  lr=1.0e-04  230s
  -> best  monitor=4.312e-01
  batch 10/264  loss=0.4116
  batch 20/264  loss=0.6336
  batch 30/264  loss=0.6316
  batch 40/264  loss=0.4808
  batch 50/264  loss=0.3849
  batch 60/264  loss=0.5318
  batch 70/264  loss=0.4321
  batch 80/264  loss=0.3615
  batch 90/264  loss=0.8189
  batch 100/264  loss=0.4925
  batch 110/264  loss=0.4211
  batch 120/264  loss=0.3722
  batch 130/264  loss=0.7508
  batch 140/264  loss=0.4860
  batch 150/264  loss=0.4174
  batch 160/264  loss=0.4317
  batch 170/264  loss=0.3756
  batch 180/264  loss=0.3585
  batch 190/264  loss=0.3632
  batch 200/264  loss=0.3367
  batch 210/264  loss=0.6366
  batch 220/264  loss=0.8677
  batch 230/264  loss=0.5405
  batch 240/264  loss=0.3453
  batch 250/264  loss=0.3466
  batch 260/264  loss=0.3810
Epoch 116/300  train=4.310e-01  rmse=2.1707  lr=1.0e-04  228s
  -> best  monitor=4.310e-01
  batch 10/264  loss=0.4301
  batch 20/264  loss=0.4056
  batch 30/264  loss=0.3242
  batch 40/264  loss=0.3269
  batch 50/264  loss=0.4399
  batch 60/264  loss=0.4187
  batch 70/264  loss=0.3496
  batch 80/264  loss=0.3191
  batch 90/264  loss=0.4458
  batch 100/264  loss=0.3872
  batch 110/264  loss=0.4411
  batch 120/264  loss=0.4730
  batch 130/264  loss=0.3985
  batch 140/264  loss=0.3419
  batch 150/264  loss=0.3910
  batch 160/264  loss=0.3868
  batch 170/264  loss=0.3434
  batch 180/264  loss=0.3176
  batch 190/264  loss=0.4609
  batch 200/264  loss=0.3508
  batch 210/264  loss=0.5318
  batch 220/264  loss=0.4115
  batch 230/264  loss=0.6601
  batch 240/264  loss=0.4195
  batch 250/264  loss=0.3780
  batch 260/264  loss=0.3877
Epoch 117/300  train=4.315e-01  rmse=2.6519  lr=1.0e-04  230s
  batch 10/264  loss=0.4424
  batch 20/264  loss=0.4091
  batch 30/264  loss=1.0565
  batch 40/264  loss=0.6409
  batch 50/264  loss=0.3963
  batch 60/264  loss=0.5883
  batch 70/264  loss=0.4300
  batch 80/264  loss=0.3495
  batch 90/264  loss=0.5609
  batch 100/264  loss=0.3810
  batch 110/264  loss=0.4375
  batch 120/264  loss=0.3147
  batch 130/264  loss=0.4159
  batch 140/264  loss=0.4199
  batch 150/264  loss=0.4021
  batch 160/264  loss=0.3662
  batch 170/264  loss=0.4316
  batch 180/264  loss=0.3766
  batch 190/264  loss=0.6132
  batch 200/264  loss=0.3526
  batch 210/264  loss=0.4091
  batch 220/264  loss=0.3803
  batch 230/264  loss=0.4746
  batch 240/264  loss=0.4902
  batch 250/264  loss=0.3247
  batch 260/264  loss=0.5268
Epoch 118/300  train=4.342e-01  rmse=2.1004  lr=1.0e-04  230s
  batch 10/264  loss=0.5434
  batch 20/264  loss=0.3784
  batch 30/264  loss=0.3446
  batch 40/264  loss=0.4178
  batch 50/264  loss=0.5231
  batch 60/264  loss=0.3510
  batch 70/264  loss=0.4720
  batch 80/264  loss=0.4533
  batch 90/264  loss=0.4761
  batch 100/264  loss=0.4404
  batch 110/264  loss=0.3322
  batch 120/264  loss=0.5313
  batch 130/264  loss=0.3788
  batch 140/264  loss=0.3605
  batch 150/264  loss=0.6002
  batch 160/264  loss=0.3861
  batch 170/264  loss=0.3405
  batch 180/264  loss=0.3709
  batch 190/264  loss=0.3787
  batch 200/264  loss=0.3425
  batch 210/264  loss=0.3430
  batch 220/264  loss=0.4120
  batch 230/264  loss=0.3860
  batch 240/264  loss=0.5326
  batch 250/264  loss=0.3815
  batch 260/264  loss=0.6849
Epoch 119/300  train=4.301e-01  rmse=1.8511  lr=1.0e-04  230s
  -> best  monitor=4.301e-01
  batch 10/264  loss=0.3596
  batch 20/264  loss=0.4667
  batch 30/264  loss=0.3616
  batch 40/264  loss=0.3310
  batch 50/264  loss=0.3682
  batch 60/264  loss=0.3956
  batch 70/264  loss=0.4140
  batch 80/264  loss=0.3887
  batch 90/264  loss=0.3370
  batch 100/264  loss=0.3382
  batch 110/264  loss=0.5841
  batch 120/264  loss=0.3906
  batch 130/264  loss=0.4280
  batch 140/264  loss=0.6686
  batch 150/264  loss=0.4371
  batch 160/264  loss=0.4188
  batch 170/264  loss=0.6320
  batch 180/264  loss=0.7306
  batch 190/264  loss=0.6624
  batch 200/264  loss=0.4595
  batch 210/264  loss=0.4783
  batch 220/264  loss=0.3748
  batch 230/264  loss=0.3716
  batch 240/264  loss=0.3985
  batch 250/264  loss=0.4036
  batch 260/264  loss=0.3587
Epoch 120/300  train=4.275e-01  rmse=1.9223  lr=1.0e-04  230s
  -> best  monitor=4.275e-01
  batch 10/264  loss=0.3865
  batch 20/264  loss=0.4569
  batch 30/264  loss=0.3233
  batch 40/264  loss=0.3850
  batch 50/264  loss=0.3319
  batch 60/264  loss=0.4836
  batch 70/264  loss=0.4021
  batch 80/264  loss=0.3513
  batch 90/264  loss=0.7788
  batch 100/264  loss=0.4274
  batch 110/264  loss=0.3669
  batch 120/264  loss=0.4192
  batch 130/264  loss=0.3686
  batch 140/264  loss=0.6567
  batch 150/264  loss=0.3349
  batch 160/264  loss=0.5021
  batch 170/264  loss=0.5661
  batch 180/264  loss=0.4764
  batch 190/264  loss=0.5553
  batch 200/264  loss=0.5717
  batch 210/264  loss=0.3705
  batch 220/264  loss=0.4588
  batch 230/264  loss=0.3794
  batch 240/264  loss=0.4274
  batch 250/264  loss=0.3631
  batch 260/264  loss=0.3294
Epoch 121/300  train=4.293e-01  rmse=2.0277  lr=1.0e-04  229s
  batch 10/264  loss=0.3748
  batch 20/264  loss=0.3934
  batch 30/264  loss=0.3661
  batch 40/264  loss=0.3855
  batch 50/264  loss=0.4048
  batch 60/264  loss=0.4562
  batch 70/264  loss=0.3312
  batch 80/264  loss=0.4095
  batch 90/264  loss=0.3202
  batch 100/264  loss=0.3903
  batch 110/264  loss=0.6454
  batch 120/264  loss=0.3613
  batch 130/264  loss=0.4174
  batch 140/264  loss=0.3628
  batch 150/264  loss=0.3286
  batch 160/264  loss=0.4357
  batch 170/264  loss=0.5075
  batch 180/264  loss=0.6679
  batch 190/264  loss=0.7189
  batch 200/264  loss=0.3817
  batch 210/264  loss=0.3457
  batch 220/264  loss=0.5726
  batch 230/264  loss=0.5572
  batch 240/264  loss=0.4396
  batch 250/264  loss=0.6097
  batch 260/264  loss=0.3810
Epoch 122/300  train=4.245e-01  rmse=2.4661  lr=1.0e-04  229s
  -> best  monitor=4.245e-01
  batch 10/264  loss=0.3678
  batch 20/264  loss=0.4201
  batch 30/264  loss=0.3079
  batch 40/264  loss=0.3071
  batch 50/264  loss=0.3808
  batch 60/264  loss=0.3457
  batch 70/264  loss=0.3573
  batch 80/264  loss=0.4579
  batch 90/264  loss=0.4742
  batch 100/264  loss=0.3188
  batch 110/264  loss=0.5377
  batch 120/264  loss=0.3808
  batch 130/264  loss=0.3314
  batch 140/264  loss=0.5734
  batch 150/264  loss=0.4331
  batch 160/264  loss=0.3341
  batch 170/264  loss=0.4618
  batch 180/264  loss=0.3436
  batch 190/264  loss=0.7241
  batch 200/264  loss=0.4527
  batch 210/264  loss=0.6391
  batch 220/264  loss=0.3575
  batch 230/264  loss=0.3987
  batch 240/264  loss=0.6022
  batch 250/264  loss=0.5705
  batch 260/264  loss=0.3167
Epoch 123/300  train=4.243e-01  rmse=1.9365  lr=1.0e-04  230s
  -> best  monitor=4.243e-01
  batch 10/264  loss=0.4540
  batch 20/264  loss=0.5924
  batch 30/264  loss=0.3184
  batch 40/264  loss=0.3194
  batch 50/264  loss=0.4387
  batch 60/264  loss=0.2964
  batch 70/264  loss=0.4393
  batch 80/264  loss=0.4652
  batch 90/264  loss=0.3955
  batch 100/264  loss=0.3970
  batch 110/264  loss=0.4005
  batch 120/264  loss=0.3768
  batch 130/264  loss=0.3595
  batch 140/264  loss=0.3811
  batch 150/264  loss=0.3568
  batch 160/264  loss=0.4232
  batch 170/264  loss=0.3838
  batch 180/264  loss=0.3583
  batch 190/264  loss=0.3795
  batch 200/264  loss=0.5790
  batch 210/264  loss=0.3970
  batch 220/264  loss=0.3381
  batch 230/264  loss=0.4402
  batch 240/264  loss=0.4787
  batch 250/264  loss=0.2947
  batch 260/264  loss=0.3594
Epoch 124/300  train=4.256e-01  rmse=1.9825  lr=1.0e-04  229s
  batch 10/264  loss=0.3831
  batch 20/264  loss=0.3194
  batch 30/264  loss=0.3434
  batch 40/264  loss=0.4596
  batch 50/264  loss=0.5290
  batch 60/264  loss=0.3828
  batch 70/264  loss=0.5859
  batch 80/264  loss=0.4066
  batch 90/264  loss=0.5454
  batch 100/264  loss=0.3082
  batch 110/264  loss=0.3814
  batch 120/264  loss=0.3559
  batch 130/264  loss=0.7429
  batch 140/264  loss=0.4785
  batch 150/264  loss=0.4058
  batch 160/264  loss=0.3598
  batch 170/264  loss=0.3764
  batch 180/264  loss=0.3885
  batch 190/264  loss=0.3640
  batch 200/264  loss=0.7039
  batch 210/264  loss=0.5141
  batch 220/264  loss=0.3263
  batch 230/264  loss=0.3989
  batch 240/264  loss=0.5312
  batch 250/264  loss=0.4988
  batch 260/264  loss=0.3588
Epoch 125/300  train=4.251e-01  rmse=2.3603  lr=1.0e-04  229s
  batch 10/264  loss=0.3388
  batch 20/264  loss=0.2767
  batch 30/264  loss=0.4484
  batch 40/264  loss=0.3767
  batch 50/264  loss=0.5186
  batch 60/264  loss=0.3789
  batch 70/264  loss=0.4228
  batch 80/264  loss=0.5299
  batch 90/264  loss=0.3252
  batch 100/264  loss=0.3701
  batch 110/264  loss=0.4171
  batch 120/264  loss=0.4836
  batch 130/264  loss=0.4555
  batch 140/264  loss=0.5002
  batch 150/264  loss=0.3576
  batch 160/264  loss=0.5539
  batch 170/264  loss=0.3930
  batch 180/264  loss=0.3785
  batch 190/264  loss=0.4407
  batch 200/264  loss=0.4501
  batch 210/264  loss=0.4438
  batch 220/264  loss=0.4114
  batch 230/264  loss=0.5444
  batch 240/264  loss=0.4985
  batch 250/264  loss=0.3073
  batch 260/264  loss=0.5936
Epoch 126/300  train=4.229e-01  rmse=1.9379  lr=1.0e-04  231s
  -> best  monitor=4.229e-01
  batch 10/264  loss=0.7581
  batch 20/264  loss=0.3594
  batch 30/264  loss=0.4276
  batch 40/264  loss=0.3381
  batch 50/264  loss=0.3909
  batch 60/264  loss=0.3893
  batch 70/264  loss=0.3096
  batch 80/264  loss=0.5640
  batch 90/264  loss=0.4497
  batch 100/264  loss=0.4578
  batch 110/264  loss=0.3053
  batch 120/264  loss=0.3549
  batch 130/264  loss=0.6525
  batch 140/264  loss=0.4198
  batch 150/264  loss=0.4618
  batch 160/264  loss=0.4703
  batch 170/264  loss=0.3921
  batch 180/264  loss=0.4384
  batch 190/264  loss=0.3964
  batch 200/264  loss=0.3164
  batch 210/264  loss=0.4276
  batch 220/264  loss=0.4097
  batch 230/264  loss=0.5582
  batch 240/264  loss=0.3853
  batch 250/264  loss=0.4969
  batch 260/264  loss=0.3474
Epoch 127/300  train=4.249e-01  rmse=2.0682  lr=1.0e-04  229s
  batch 10/264  loss=0.3277
  batch 20/264  loss=0.3958
  batch 30/264  loss=0.2581
  batch 40/264  loss=0.4519
  batch 50/264  loss=0.3426
  batch 60/264  loss=0.3970
  batch 70/264  loss=0.4913
  batch 80/264  loss=0.3101
  batch 90/264  loss=0.4095
  batch 100/264  loss=0.6201
  batch 110/264  loss=0.8533
  batch 120/264  loss=0.3549
  batch 130/264  loss=0.3842
  batch 140/264  loss=0.7943
  batch 150/264  loss=0.3451
  batch 160/264  loss=0.3763
  batch 170/264  loss=0.5091
  batch 180/264  loss=0.3753
  batch 190/264  loss=0.3665
  batch 200/264  loss=0.4088
  batch 210/264  loss=0.3843
  batch 220/264  loss=0.4587
  batch 230/264  loss=0.4036
  batch 240/264  loss=0.3935
  batch 250/264  loss=0.4099
  batch 260/264  loss=0.3722
Epoch 128/300  train=4.253e-01  rmse=1.9899  lr=1.0e-04  230s
  batch 10/264  loss=0.3387
  batch 20/264  loss=0.4407
  batch 30/264  loss=0.3743
  batch 40/264  loss=0.4838
  batch 50/264  loss=0.3816
  batch 60/264  loss=0.3537
  batch 70/264  loss=0.4719
  batch 80/264  loss=0.4589
  batch 90/264  loss=0.5492
  batch 100/264  loss=0.5176
  batch 110/264  loss=0.3995
  batch 120/264  loss=0.3815
  batch 130/264  loss=0.3571
  batch 140/264  loss=0.4511
  batch 150/264  loss=0.5061
  batch 160/264  loss=0.3538
  batch 170/264  loss=0.4213
  batch 180/264  loss=0.3042
  batch 190/264  loss=0.6098
  batch 200/264  loss=0.4116
  batch 210/264  loss=0.3946
  batch 220/264  loss=0.3253
  batch 230/264  loss=0.3137
  batch 240/264  loss=0.3203
  batch 250/264  loss=0.4186
  batch 260/264  loss=0.4204
Epoch 129/300  train=4.216e-01  rmse=4.9717  lr=1.0e-04  229s
  -> best  monitor=4.216e-01
  batch 10/264  loss=0.3876
  batch 20/264  loss=0.3680
  batch 30/264  loss=0.3320
  batch 40/264  loss=0.4106
  batch 50/264  loss=0.4570
  batch 60/264  loss=0.3163
  batch 70/264  loss=0.3438
  batch 80/264  loss=0.3595
  batch 90/264  loss=0.3390
  batch 100/264  loss=0.7052
  batch 110/264  loss=0.3911
  batch 120/264  loss=0.3702
  batch 130/264  loss=0.4405
  batch 140/264  loss=0.4347
  batch 150/264  loss=0.3685
  batch 160/264  loss=0.3205
  batch 170/264  loss=0.4108
  batch 180/264  loss=0.3661
  batch 190/264  loss=0.3590
  batch 200/264  loss=0.3435
  batch 210/264  loss=0.3907
  batch 220/264  loss=0.5140
  batch 230/264  loss=0.6848
  batch 240/264  loss=0.4922
  batch 250/264  loss=0.4505
  batch 260/264  loss=0.3408
Epoch 130/300  train=4.188e-01  rmse=2.2443  lr=1.0e-04  229s
  -> best  monitor=4.188e-01
  batch 10/264  loss=0.3759
  batch 20/264  loss=0.3950
  batch 30/264  loss=0.4077
  batch 40/264  loss=0.5071
  batch 50/264  loss=0.3987
  batch 60/264  loss=0.3504
  batch 70/264  loss=0.3302
  batch 80/264  loss=0.3569
  batch 90/264  loss=0.5103
  batch 100/264  loss=0.4448
  batch 110/264  loss=0.3444
  batch 120/264  loss=0.3753
  batch 130/264  loss=0.4853
  batch 140/264  loss=0.3907
  batch 150/264  loss=0.3817
  batch 160/264  loss=0.3235
  batch 170/264  loss=0.3687
  batch 180/264  loss=0.3720
  batch 190/264  loss=0.4421
  batch 200/264  loss=0.4469
  batch 210/264  loss=0.3616
  batch 220/264  loss=0.3232
  batch 230/264  loss=0.3498
  batch 240/264  loss=0.3454
  batch 250/264  loss=0.3206
  batch 260/264  loss=0.4004
Epoch 131/300  train=4.157e-01  rmse=1.7496  lr=1.0e-04  230s
  -> best  monitor=4.157e-01
  batch 10/264  loss=0.3757
  batch 20/264  loss=0.3687
  batch 30/264  loss=0.3632
  batch 40/264  loss=0.5195
  batch 50/264  loss=0.4829
  batch 60/264  loss=0.6692
  batch 70/264  loss=0.5254
  batch 80/264  loss=0.3872
  batch 90/264  loss=0.3120
  batch 100/264  loss=0.7237
  batch 110/264  loss=0.4383
  batch 120/264  loss=0.2631
  batch 130/264  loss=0.3473
  batch 140/264  loss=0.4781
  batch 150/264  loss=0.3202
  batch 160/264  loss=0.3947
  batch 170/264  loss=0.4109
  batch 180/264  loss=0.3254
  batch 190/264  loss=0.3795
  batch 200/264  loss=0.5381
  batch 210/264  loss=0.4004
  batch 220/264  loss=0.3807
  batch 230/264  loss=0.3589
  batch 240/264  loss=0.5207
  batch 250/264  loss=0.3863
  batch 260/264  loss=0.3840
Epoch 132/300  train=4.167e-01  rmse=2.9501  lr=1.0e-04  229s
  batch 10/264  loss=0.3032
  batch 20/264  loss=0.4012
  batch 30/264  loss=0.5850
  batch 40/264  loss=0.5058
  batch 50/264  loss=0.3875
  batch 60/264  loss=0.4399
  batch 70/264  loss=0.3656
  batch 80/264  loss=0.4068
  batch 90/264  loss=0.4027
  batch 100/264  loss=0.3612
  batch 110/264  loss=0.3914
  batch 120/264  loss=0.3974
  batch 130/264  loss=0.3813
  batch 140/264  loss=0.3730
  batch 150/264  loss=0.5984
  batch 160/264  loss=0.3178
  batch 170/264  loss=0.3852
  batch 180/264  loss=0.4879
  batch 190/264  loss=0.6550
  batch 200/264  loss=0.3662
  batch 210/264  loss=0.3338
  batch 220/264  loss=0.3347
  batch 230/264  loss=0.3267
  batch 240/264  loss=0.3473
  batch 250/264  loss=0.4283
  batch 260/264  loss=0.3040
Epoch 133/300  train=4.153e-01  rmse=1.9821  lr=1.0e-04  229s
  -> best  monitor=4.153e-01
  batch 10/264  loss=0.3703
  batch 20/264  loss=0.3888
  batch 30/264  loss=0.3311
  batch 40/264  loss=0.3307
  batch 50/264  loss=0.3212
  batch 60/264  loss=0.3519
  batch 70/264  loss=0.3581
  batch 80/264  loss=0.3708
  batch 90/264  loss=0.3958
  batch 100/264  loss=0.3846
  batch 110/264  loss=0.4962
  batch 120/264  loss=0.5759
  batch 130/264  loss=0.4003
  batch 140/264  loss=0.3413
  batch 150/264  loss=0.4395
  batch 160/264  loss=0.4607
  batch 170/264  loss=0.3946
  batch 180/264  loss=0.7420
  batch 190/264  loss=0.3657
  batch 200/264  loss=0.3905
  batch 210/264  loss=0.3622
  batch 220/264  loss=0.3866
  batch 230/264  loss=0.3257
  batch 240/264  loss=0.4390
  batch 250/264  loss=0.7864
  batch 260/264  loss=0.4246
Epoch 134/300  train=4.189e-01  rmse=1.8345  lr=1.0e-04  229s
  batch 10/264  loss=0.4212
  batch 20/264  loss=0.4491
  batch 30/264  loss=0.3224
  batch 40/264  loss=0.4630
  batch 50/264  loss=0.3168
  batch 60/264  loss=0.5084
  batch 70/264  loss=0.3940
  batch 80/264  loss=0.3171
  batch 90/264  loss=0.4258
  batch 100/264  loss=0.2965
  batch 110/264  loss=0.5436
  batch 120/264  loss=0.3174
  batch 130/264  loss=0.6112
  batch 140/264  loss=0.3382
  batch 150/264  loss=0.5379
  batch 160/264  loss=0.3826
  batch 170/264  loss=0.3803
  batch 180/264  loss=0.8919
  batch 190/264  loss=0.4219
  batch 200/264  loss=0.5144
  batch 210/264  loss=0.3541
  batch 220/264  loss=0.6676
  batch 230/264  loss=0.4845
  batch 240/264  loss=0.4370
  batch 250/264  loss=0.3846
  batch 260/264  loss=0.3366
Epoch 135/300  train=4.209e-01  rmse=1.9064  lr=1.0e-04  231s
  batch 10/264  loss=0.5104
  batch 20/264  loss=0.3362
  batch 30/264  loss=0.4070
  batch 40/264  loss=0.4224
  batch 50/264  loss=0.3507
  batch 60/264  loss=0.3811
  batch 70/264  loss=0.4518
  batch 80/264  loss=0.4054
  batch 90/264  loss=0.4864
  batch 100/264  loss=0.4043
  batch 110/264  loss=0.4557
  batch 120/264  loss=0.4369
  batch 130/264  loss=0.3641
  batch 140/264  loss=0.6405
  batch 150/264  loss=0.3095
  batch 160/264  loss=0.4472
  batch 170/264  loss=0.2971
  batch 180/264  loss=0.3608
  batch 190/264  loss=0.3355
  batch 200/264  loss=0.3934
  batch 210/264  loss=0.4132
  batch 220/264  loss=0.4117
  batch 230/264  loss=0.5240
  batch 240/264  loss=0.4115
  batch 250/264  loss=0.4583
  batch 260/264  loss=0.3939
Epoch 136/300  train=4.225e-01  rmse=1.8689  lr=1.0e-04  230s
  batch 10/264  loss=0.4317
  batch 20/264  loss=0.4276
  batch 30/264  loss=0.3212
  batch 40/264  loss=0.4421
  batch 50/264  loss=0.3107
  batch 60/264  loss=0.4299
  batch 70/264  loss=0.3561
  batch 80/264  loss=0.3630
  batch 90/264  loss=0.4025
  batch 100/264  loss=0.3422
  batch 110/264  loss=0.4218
  batch 120/264  loss=0.4852
  batch 130/264  loss=0.9835
  batch 140/264  loss=0.4058
  batch 150/264  loss=0.5900
  batch 160/264  loss=0.3735
  batch 170/264  loss=0.3895
  batch 180/264  loss=0.3884
  batch 190/264  loss=0.3472
  batch 200/264  loss=0.4008
  batch 210/264  loss=0.3678
  batch 220/264  loss=0.3382
  batch 230/264  loss=0.4307
  batch 240/264  loss=0.3443
  batch 250/264  loss=0.3539
  batch 260/264  loss=0.3272
Epoch 137/300  train=4.154e-01  rmse=1.8162  lr=1.0e-04  231s
  batch 10/264  loss=0.3439
  batch 20/264  loss=0.4485
  batch 30/264  loss=0.4472
  batch 40/264  loss=0.4164
  batch 50/264  loss=0.3809
  batch 60/264  loss=0.4506
  batch 70/264  loss=0.3700
  batch 80/264  loss=0.4269
  batch 90/264  loss=0.3719
  batch 100/264  loss=0.3859
  batch 110/264  loss=0.3488
  batch 120/264  loss=0.3555
  batch 130/264  loss=0.3910
  batch 140/264  loss=0.3217
  batch 150/264  loss=0.3807
  batch 160/264  loss=0.3564
  batch 170/264  loss=0.3491
  batch 180/264  loss=0.7012
  batch 190/264  loss=0.4374
  batch 200/264  loss=0.5970
  batch 210/264  loss=0.3920
  batch 220/264  loss=0.3388
  batch 230/264  loss=0.6312
  batch 240/264  loss=0.3431
  batch 250/264  loss=0.3863
  batch 260/264  loss=0.3758
Epoch 138/300  train=4.175e-01  rmse=1.9750  lr=1.0e-04  230s
  batch 10/264  loss=0.3677
  batch 20/264  loss=0.3966
  batch 30/264  loss=0.3668
  batch 40/264  loss=0.4145
  batch 50/264  loss=0.4159
  batch 60/264  loss=0.4295
  batch 70/264  loss=0.3445
  batch 80/264  loss=0.3864
  batch 90/264  loss=0.5018
  batch 100/264  loss=0.3383
  batch 110/264  loss=0.4050
  batch 120/264  loss=0.3503
  batch 130/264  loss=0.4887
  batch 140/264  loss=0.3357
  batch 150/264  loss=0.5236
  batch 160/264  loss=0.4379
  batch 170/264  loss=0.3110
  batch 180/264  loss=0.3774
  batch 190/264  loss=0.5186
  batch 200/264  loss=0.6010
  batch 210/264  loss=0.3939
  batch 220/264  loss=0.4614
  batch 230/264  loss=0.4252
  batch 240/264  loss=0.2815
  batch 250/264  loss=0.3197
  batch 260/264  loss=0.3627
Epoch 139/300  train=4.160e-01  rmse=1.8735  lr=1.0e-04  231s
  batch 10/264  loss=0.3625
  batch 20/264  loss=0.3971
  batch 30/264  loss=0.5178
  batch 40/264  loss=0.6150
  batch 50/264  loss=0.3732
  batch 60/264  loss=0.3517
  batch 70/264  loss=0.8304
  batch 80/264  loss=0.4496
  batch 90/264  loss=0.4331
  batch 100/264  loss=0.4399
  batch 110/264  loss=0.3882
  batch 120/264  loss=0.3854
  batch 130/264  loss=0.3568
  batch 140/264  loss=0.3464
  batch 150/264  loss=0.5742
  batch 160/264  loss=0.4904
  batch 170/264  loss=0.3087
  batch 180/264  loss=0.6610
  batch 190/264  loss=0.4150
  batch 200/264  loss=0.5339
  batch 210/264  loss=0.5549
  batch 220/264  loss=0.6007
  batch 230/264  loss=0.5067
  batch 240/264  loss=0.3573
  batch 250/264  loss=0.3038
  batch 260/264  loss=0.4294
Epoch 140/300  train=4.157e-01  rmse=3.0343  lr=1.0e-04  230s
  batch 10/264  loss=0.3120
  batch 20/264  loss=0.4139
  batch 30/264  loss=0.4280
  batch 40/264  loss=0.3536
  batch 50/264  loss=0.3208
  batch 60/264  loss=0.3568
  batch 70/264  loss=0.6159
  batch 80/264  loss=0.3366
  batch 90/264  loss=0.3170
  batch 100/264  loss=0.3386
  batch 110/264  loss=0.3837
  batch 120/264  loss=0.4841
  batch 130/264  loss=0.3295
  batch 140/264  loss=0.3134
  batch 150/264  loss=0.4855
  batch 160/264  loss=0.4222
  batch 170/264  loss=0.5776
  batch 180/264  loss=0.7194
  batch 190/264  loss=0.4517
  batch 200/264  loss=0.3487
  batch 210/264  loss=0.3716
  batch 220/264  loss=0.3828
  batch 230/264  loss=0.3462
  batch 240/264  loss=0.4263
  batch 250/264  loss=0.5058
  batch 260/264  loss=0.3170
Epoch 141/300  train=4.108e-01  rmse=1.7586  lr=1.0e-04  229s
  -> best  monitor=4.108e-01
  batch 10/264  loss=0.3637
  batch 20/264  loss=0.4851
  batch 30/264  loss=0.3421
  batch 40/264  loss=0.3783
  batch 50/264  loss=0.3346
  batch 60/264  loss=0.5331
  batch 70/264  loss=0.4061
  batch 80/264  loss=0.4555
  batch 90/264  loss=0.3746
  batch 100/264  loss=0.4467
  batch 110/264  loss=0.3459
  batch 120/264  loss=0.2945
  batch 130/264  loss=0.3153
  batch 140/264  loss=0.5076
  batch 150/264  loss=0.2940
  batch 160/264  loss=0.3928
  batch 170/264  loss=0.3241
  batch 180/264  loss=0.8322
  batch 190/264  loss=0.4162
  batch 200/264  loss=0.3302
  batch 210/264  loss=0.4901
  batch 220/264  loss=0.4127
  batch 230/264  loss=0.3576
  batch 240/264  loss=0.3860
  batch 250/264  loss=0.3869
  batch 260/264  loss=0.6605
Epoch 142/300  train=4.207e-01  rmse=3.2954  lr=1.0e-04  229s
  batch 10/264  loss=0.3656
  batch 20/264  loss=0.4971
  batch 30/264  loss=0.4843
  batch 40/264  loss=0.4442
  batch 50/264  loss=0.3606
  batch 60/264  loss=0.3894
  batch 70/264  loss=0.3457
  batch 80/264  loss=0.6064
  batch 90/264  loss=0.4973
  batch 100/264  loss=0.6242
  batch 110/264  loss=0.4811
  batch 120/264  loss=0.3913
  batch 130/264  loss=0.3588
  batch 140/264  loss=0.3387
  batch 150/264  loss=0.3416
  batch 160/264  loss=0.3427
  batch 170/264  loss=0.4162
  batch 180/264  loss=0.3435
  batch 190/264  loss=0.3311
  batch 200/264  loss=0.3131
  batch 210/264  loss=0.4623
  batch 220/264  loss=0.4494
  batch 230/264  loss=0.3834
  batch 240/264  loss=0.4121
  batch 250/264  loss=0.3167
  batch 260/264  loss=0.9795
Epoch 143/300  train=4.142e-01  rmse=1.7963  lr=1.0e-04  229s
  batch 10/264  loss=0.4269
  batch 20/264  loss=0.3241
  batch 30/264  loss=0.4330
  batch 40/264  loss=0.3881
  batch 50/264  loss=0.3431
  batch 60/264  loss=0.3758
  batch 70/264  loss=0.4781
  batch 80/264  loss=0.3633
  batch 90/264  loss=0.3187
  batch 100/264  loss=0.4419
  batch 110/264  loss=0.3586
  batch 120/264  loss=0.3793
  batch 130/264  loss=0.3850
  batch 140/264  loss=0.5030
  batch 150/264  loss=0.4773
  batch 160/264  loss=0.2996
  batch 170/264  loss=0.3113
  batch 180/264  loss=0.3576
  batch 190/264  loss=0.6791
  batch 200/264  loss=0.3434
  batch 210/264  loss=0.4042
  batch 220/264  loss=0.3671
  batch 230/264  loss=0.3986
  batch 240/264  loss=0.4680
  batch 250/264  loss=0.4695
  batch 260/264  loss=0.3851
Epoch 144/300  train=4.095e-01  rmse=1.7726  lr=1.0e-04  230s
  -> best  monitor=4.095e-01
  batch 10/264  loss=0.4709
  batch 20/264  loss=0.6320
  batch 30/264  loss=0.3480
  batch 40/264  loss=0.3539
  batch 50/264  loss=0.4106
  batch 60/264  loss=0.3434
  batch 70/264  loss=0.2921
  batch 80/264  loss=0.4285
  batch 90/264  loss=0.3582
  batch 100/264  loss=0.3870
  batch 110/264  loss=0.4335
  batch 120/264  loss=0.5210
  batch 130/264  loss=0.4098
  batch 140/264  loss=0.4273
  batch 150/264  loss=0.3040
  batch 160/264  loss=0.5075
  batch 170/264  loss=0.4573
  batch 180/264  loss=0.3783
  batch 190/264  loss=0.4669
  batch 200/264  loss=0.4003
  batch 210/264  loss=0.4532
  batch 220/264  loss=0.3530
  batch 230/264  loss=0.5268
  batch 240/264  loss=0.4110
  batch 250/264  loss=0.3159
  batch 260/264  loss=0.5252
Epoch 145/300  train=4.153e-01  rmse=2.9029  lr=1.0e-04  229s
  batch 10/264  loss=0.3998
  batch 20/264  loss=0.5478
  batch 30/264  loss=0.3819
  batch 40/264  loss=0.5123
  batch 50/264  loss=0.3140
  batch 60/264  loss=0.3655
  batch 70/264  loss=0.3086
  batch 80/264  loss=0.3698
  batch 90/264  loss=0.3685
  batch 100/264  loss=0.4468
  batch 110/264  loss=0.4056
  batch 120/264  loss=0.4614
  batch 130/264  loss=0.5781
  batch 140/264  loss=0.3494
  batch 150/264  loss=0.3565
  batch 160/264  loss=0.5244
  batch 170/264  loss=0.3649
  batch 180/264  loss=0.3687
  batch 190/264  loss=0.3057
  batch 200/264  loss=0.4168
  batch 210/264  loss=0.3890
  batch 220/264  loss=0.4382
  batch 230/264  loss=0.4058
  batch 240/264  loss=0.6209
  batch 250/264  loss=0.5251
  batch 260/264  loss=0.3711
Epoch 146/300  train=4.107e-01  rmse=2.2663  lr=1.0e-04  231s
  batch 10/264  loss=0.3946
  batch 20/264  loss=0.3701
  batch 30/264  loss=0.4251
  batch 40/264  loss=0.3392
  batch 50/264  loss=0.3830
  batch 60/264  loss=0.3765
  batch 70/264  loss=0.5443
  batch 80/264  loss=0.3340
  batch 90/264  loss=0.4977
  batch 100/264  loss=0.3747
  batch 110/264  loss=0.4086
  batch 120/264  loss=0.3558
  batch 130/264  loss=0.4029
  batch 140/264  loss=0.4486
  batch 150/264  loss=0.3163
  batch 160/264  loss=0.3911
  batch 170/264  loss=0.3753
  batch 180/264  loss=0.5231
  batch 190/264  loss=0.2979
  batch 200/264  loss=0.5798
  batch 210/264  loss=0.3906
  batch 220/264  loss=0.3502
  batch 230/264  loss=0.3535
  batch 240/264  loss=0.6007
  batch 250/264  loss=0.4369
  batch 260/264  loss=0.3691
Epoch 147/300  train=4.100e-01  rmse=2.5598  lr=1.0e-04  230s
  batch 10/264  loss=0.4667
  batch 20/264  loss=0.3199
  batch 30/264  loss=0.2761
  batch 40/264  loss=0.3015
  batch 50/264  loss=0.4578
  batch 60/264  loss=0.3642
  batch 70/264  loss=0.4501
  batch 80/264  loss=0.3623
  batch 90/264  loss=0.4187
  batch 100/264  loss=0.3331
  batch 110/264  loss=0.4259
  batch 120/264  loss=0.3550
  batch 130/264  loss=0.2963
  batch 140/264  loss=0.4744
  batch 150/264  loss=0.3298
  batch 160/264  loss=0.4614
  batch 170/264  loss=0.4676
  batch 180/264  loss=0.4025
  batch 190/264  loss=0.5531
  batch 200/264  loss=0.4427
  batch 210/264  loss=0.4138
  batch 220/264  loss=0.4362
  batch 230/264  loss=0.4317
  batch 240/264  loss=0.3366
  batch 250/264  loss=0.4398
  batch 260/264  loss=0.3339
Epoch 148/300  train=4.134e-01  rmse=2.8744  lr=1.0e-04  230s
  batch 10/264  loss=0.3660
  batch 20/264  loss=0.3293
  batch 30/264  loss=0.3336
  batch 40/264  loss=0.3915
  batch 50/264  loss=0.3799
  batch 60/264  loss=0.4386
  batch 70/264  loss=0.3325
  batch 80/264  loss=0.3481
  batch 90/264  loss=0.3414
  batch 100/264  loss=0.4814
  batch 110/264  loss=0.4630
  batch 120/264  loss=0.5011
  batch 130/264  loss=0.3644
  batch 140/264  loss=0.3322
  batch 150/264  loss=0.4051
  batch 160/264  loss=0.4672
  batch 170/264  loss=0.3889
  batch 180/264  loss=0.4523
  batch 190/264  loss=0.3099
  batch 200/264  loss=0.3808
  batch 210/264  loss=0.3072
  batch 220/264  loss=0.5331
  batch 230/264  loss=0.4325
  batch 240/264  loss=0.3764
  batch 250/264  loss=0.4211
  batch 260/264  loss=0.4836
Epoch 149/300  train=4.123e-01  rmse=2.7482  lr=1.0e-04  228s
  batch 10/264  loss=0.2866
  batch 20/264  loss=0.4028
  batch 30/264  loss=0.4637
  batch 40/264  loss=0.3407
  batch 50/264  loss=0.4426
  batch 60/264  loss=0.3657
  batch 70/264  loss=0.2813
  batch 80/264  loss=0.2994
  batch 90/264  loss=0.5930
  batch 100/264  loss=0.4135
  batch 110/264  loss=0.4005
  batch 120/264  loss=0.3952
  batch 130/264  loss=0.7740
  batch 140/264  loss=0.4386
  batch 150/264  loss=0.7387
  batch 160/264  loss=0.3693
  batch 170/264  loss=0.3283
  batch 180/264  loss=0.4730
  batch 190/264  loss=0.3085
  batch 200/264  loss=0.4083
  batch 210/264  loss=0.3920
  batch 220/264  loss=0.4232
  batch 230/264  loss=0.5768
  batch 240/264  loss=0.4314
  batch 250/264  loss=0.2876
  batch 260/264  loss=0.4991
Epoch 150/300  train=4.102e-01  rmse=2.4406  lr=1.0e-04  229s
  batch 10/264  loss=0.3885
  batch 20/264  loss=0.5456
  batch 30/264  loss=0.3052
  batch 40/264  loss=0.3153
  batch 50/264  loss=0.4678
  batch 60/264  loss=0.5566
  batch 70/264  loss=0.3310
  batch 80/264  loss=0.3417
  batch 90/264  loss=0.3470
  batch 100/264  loss=0.3372
  batch 110/264  loss=0.3038
  batch 120/264  loss=0.3351
  batch 130/264  loss=0.3932
  batch 140/264  loss=0.3302
  batch 150/264  loss=0.3680
  batch 160/264  loss=0.4474
  batch 170/264  loss=0.3716
  batch 180/264  loss=0.3405
  batch 190/264  loss=0.4588
  batch 200/264  loss=0.3302
  batch 210/264  loss=0.2957
  batch 220/264  loss=0.5682
  batch 230/264  loss=0.3132
  batch 240/264  loss=0.3989
  batch 250/264  loss=0.4138
  batch 260/264  loss=0.3295
Epoch 151/300  train=4.146e-01  rmse=2.0764  lr=1.0e-04  228s
  batch 10/264  loss=0.5393
  batch 20/264  loss=0.3123
  batch 30/264  loss=0.2967
  batch 40/264  loss=0.3674
  batch 50/264  loss=0.4782
  batch 60/264  loss=0.5237
  batch 70/264  loss=0.3599
  batch 80/264  loss=0.3880
  batch 90/264  loss=0.3142
  batch 100/264  loss=0.3730
  batch 110/264  loss=0.3739
  batch 120/264  loss=0.5556
  batch 130/264  loss=0.6233
  batch 140/264  loss=0.3234
  batch 150/264  loss=0.4486
  batch 160/264  loss=0.5256
  batch 170/264  loss=0.3737
  batch 180/264  loss=0.3288
  batch 190/264  loss=0.3205
  batch 200/264  loss=0.3251
  batch 210/264  loss=0.3465
  batch 220/264  loss=0.3039
  batch 230/264  loss=0.3663
  batch 240/264  loss=0.3855
  batch 250/264  loss=0.3749
  batch 260/264  loss=0.3182
Epoch 152/300  train=4.060e-01  rmse=2.2362  lr=1.0e-04  227s
  -> best  monitor=4.060e-01
  batch 10/264  loss=0.3314
  batch 20/264  loss=0.3380
  batch 30/264  loss=0.3748
  batch 40/264  loss=0.3472
  batch 50/264  loss=0.4812
  batch 60/264  loss=0.3395
  batch 70/264  loss=0.3589
  batch 80/264  loss=0.4146
  batch 90/264  loss=0.3140
  batch 100/264  loss=0.3334
  batch 110/264  loss=0.3554
  batch 120/264  loss=0.2806
  batch 130/264  loss=0.5530
  batch 140/264  loss=0.3550
  batch 150/264  loss=0.3138
  batch 160/264  loss=0.3568
  batch 170/264  loss=0.6201
  batch 180/264  loss=0.5141
  batch 190/264  loss=0.3353
  batch 200/264  loss=0.3844
  batch 210/264  loss=0.4151
  batch 220/264  loss=0.4382
  batch 230/264  loss=0.3823
  batch 240/264  loss=0.4429
  batch 250/264  loss=0.2672
  batch 260/264  loss=0.3230
Epoch 153/300  train=4.060e-01  rmse=1.9456  lr=1.0e-04  228s
  -> best  monitor=4.060e-01
  batch 10/264  loss=0.5628
  batch 20/264  loss=0.2812
  batch 30/264  loss=0.3577
  batch 40/264  loss=0.4372
  batch 50/264  loss=0.3293
  batch 60/264  loss=0.3992
  batch 70/264  loss=0.4323
  batch 80/264  loss=0.3793
  batch 90/264  loss=0.5705
  batch 100/264  loss=0.4673
  batch 110/264  loss=0.4232
  batch 120/264  loss=0.3799
  batch 130/264  loss=0.3555
  batch 140/264  loss=0.2789
  batch 150/264  loss=0.5250
  batch 160/264  loss=0.3307
  batch 170/264  loss=0.4194
  batch 180/264  loss=0.3305
  batch 190/264  loss=0.4455
  batch 200/264  loss=0.6154
  batch 210/264  loss=0.4394
  batch 220/264  loss=0.3653
  batch 230/264  loss=0.3237
  batch 240/264  loss=0.3375
  batch 250/264  loss=0.4629
  batch 260/264  loss=0.5203
Epoch 154/300  train=4.052e-01  rmse=1.8675  lr=1.0e-04  228s
  -> best  monitor=4.052e-01
  batch 10/264  loss=0.4464
  batch 20/264  loss=0.4099
  batch 30/264  loss=0.4163
  batch 40/264  loss=0.3653
  batch 50/264  loss=0.4124
  batch 60/264  loss=0.4726
  batch 70/264  loss=0.5048
  batch 80/264  loss=0.3684
  batch 90/264  loss=0.5849
  batch 100/264  loss=0.3745
  batch 110/264  loss=0.4223
  batch 120/264  loss=0.3382
  batch 130/264  loss=0.4231
  batch 140/264  loss=0.3976
  batch 150/264  loss=0.4722
  batch 160/264  loss=0.4049
  batch 170/264  loss=0.3562
  batch 180/264  loss=0.3494
  batch 190/264  loss=0.4063
  batch 200/264  loss=0.3180
  batch 210/264  loss=0.4557
  batch 220/264  loss=0.4199
  batch 230/264  loss=0.3199
  batch 240/264  loss=0.3490
  batch 250/264  loss=0.3825
  batch 260/264  loss=0.7343
Epoch 155/300  train=4.073e-01  rmse=1.7801  lr=1.0e-04  228s
  batch 10/264  loss=0.4608
  batch 20/264  loss=0.3729
  batch 30/264  loss=0.4316
  batch 40/264  loss=0.4217
  batch 50/264  loss=0.3471
  batch 60/264  loss=0.3173
  batch 70/264  loss=0.4037
  batch 80/264  loss=0.2960
  batch 90/264  loss=0.5693
  batch 100/264  loss=0.3751
  batch 110/264  loss=0.3076
  batch 120/264  loss=0.4653
  batch 130/264  loss=0.3253
  batch 140/264  loss=0.3550
  batch 150/264  loss=0.4365
  batch 160/264  loss=0.4030
  batch 170/264  loss=0.3117
  batch 180/264  loss=0.5134
  batch 190/264  loss=0.3367
  batch 200/264  loss=0.4255
  batch 210/264  loss=0.2679
  batch 220/264  loss=0.3361
  batch 230/264  loss=0.3734
  batch 240/264  loss=0.7561
  batch 250/264  loss=0.4536
  batch 260/264  loss=0.2908
Epoch 156/300  train=4.056e-01  rmse=2.3821  lr=1.0e-04  228s
  batch 10/264  loss=0.3480
  batch 20/264  loss=0.3405
  batch 30/264  loss=0.4273
  batch 40/264  loss=0.3035
  batch 50/264  loss=0.4763
  batch 60/264  loss=0.3374
  batch 70/264  loss=0.6817
  batch 80/264  loss=0.4073
  batch 90/264  loss=0.4573
  batch 100/264  loss=0.3025
  batch 110/264  loss=0.3442
  batch 120/264  loss=0.3727
  batch 130/264  loss=0.4144
  batch 140/264  loss=0.5767
  batch 150/264  loss=0.3894
  batch 160/264  loss=0.3584
  batch 170/264  loss=0.3322
  batch 180/264  loss=0.3399
  batch 190/264  loss=0.3949
  batch 200/264  loss=0.4974
  batch 210/264  loss=0.3811
  batch 220/264  loss=0.3475
  batch 230/264  loss=0.5911
  batch 240/264  loss=0.3507
  batch 250/264  loss=0.3729
  batch 260/264  loss=0.4347
Epoch 157/300  train=4.093e-01  rmse=2.4611  lr=1.0e-04  229s
  batch 10/264  loss=0.3062
  batch 20/264  loss=0.3695
  batch 30/264  loss=0.3510
  batch 40/264  loss=0.3057
  batch 50/264  loss=0.5881
  batch 60/264  loss=0.3994
  batch 70/264  loss=0.4672
  batch 80/264  loss=0.3411
  batch 90/264  loss=0.3422
  batch 100/264  loss=0.2928
  batch 110/264  loss=0.3432
  batch 120/264  loss=0.4331
  batch 130/264  loss=0.2945
  batch 140/264  loss=0.3316
  batch 150/264  loss=0.3071
  batch 160/264  loss=0.3749
  batch 170/264  loss=0.3496
  batch 180/264  loss=0.3308
  batch 190/264  loss=0.3692
  batch 200/264  loss=0.4062
  batch 210/264  loss=0.5684
  batch 220/264  loss=0.3874
  batch 230/264  loss=0.4294
  batch 240/264  loss=0.4373
  batch 250/264  loss=0.3698
  batch 260/264  loss=0.3808
Epoch 158/300  train=4.018e-01  rmse=2.0063  lr=1.0e-04  227s
  -> best  monitor=4.018e-01
  batch 10/264  loss=0.3463
  batch 20/264  loss=0.3477
  batch 30/264  loss=0.4178
  batch 40/264  loss=0.2946
  batch 50/264  loss=0.5068
  batch 60/264  loss=0.4243
  batch 70/264  loss=0.3423
  batch 80/264  loss=0.3866
  batch 90/264  loss=0.3451
  batch 100/264  loss=0.3328
  batch 110/264  loss=0.4825
  batch 120/264  loss=0.4491
  batch 130/264  loss=0.3449
  batch 140/264  loss=0.3533
  batch 150/264  loss=0.3930
  batch 160/264  loss=0.2939
  batch 170/264  loss=0.3328
  batch 180/264  loss=0.5068
  batch 190/264  loss=0.3343
  batch 200/264  loss=0.9512
  batch 210/264  loss=0.3519
  batch 220/264  loss=0.3674
  batch 230/264  loss=0.5843
  batch 240/264  loss=0.3570
  batch 250/264  loss=0.3884
  batch 260/264  loss=0.3758
Epoch 159/300  train=4.089e-01  rmse=2.2406  lr=1.0e-04  227s
  batch 10/264  loss=0.4345
  batch 20/264  loss=0.3383
  batch 30/264  loss=0.4230
  batch 40/264  loss=0.3337
  batch 50/264  loss=0.3736
  batch 60/264  loss=0.7337
  batch 70/264  loss=0.4218
  batch 80/264  loss=0.4931
  batch 90/264  loss=0.4115
  batch 100/264  loss=0.3326
  batch 110/264  loss=0.5646
  batch 120/264  loss=0.3286
  batch 130/264  loss=0.4718
  batch 140/264  loss=0.4497
  batch 150/264  loss=0.3276
  batch 160/264  loss=0.3047
  batch 170/264  loss=0.3397
  batch 180/264  loss=0.4874
  batch 190/264  loss=0.3688
  batch 200/264  loss=0.2911
  batch 210/264  loss=0.4149
  batch 220/264  loss=0.3044
  batch 230/264  loss=0.3214
  batch 240/264  loss=0.3993
  batch 250/264  loss=0.3323
  batch 260/264  loss=0.5067
Epoch 160/300  train=4.029e-01  rmse=2.0161  lr=1.0e-04  228s
  batch 10/264  loss=0.3227
  batch 20/264  loss=0.4169
  batch 30/264  loss=0.3549
  batch 40/264  loss=0.3360
  batch 50/264  loss=0.5436
  batch 60/264  loss=0.3780
  batch 70/264  loss=0.4973
  batch 80/264  loss=0.3853
  batch 90/264  loss=0.2992
  batch 100/264  loss=0.4402
  batch 110/264  loss=0.3327
  batch 120/264  loss=0.3018
  batch 130/264  loss=0.4156
  batch 140/264  loss=0.3511
  batch 150/264  loss=0.3412
  batch 160/264  loss=0.3530
  batch 170/264  loss=0.3812
  batch 180/264  loss=0.3723
  batch 190/264  loss=0.5480
  batch 200/264  loss=0.3049
  batch 210/264  loss=0.5320
  batch 220/264  loss=0.4571
  batch 230/264  loss=0.3414
  batch 240/264  loss=0.4008
  batch 250/264  loss=0.3862
  batch 260/264  loss=0.3794
Epoch 161/300  train=4.014e-01  rmse=6.5216  lr=1.0e-04  229s
  -> best  monitor=4.014e-01
  batch 10/264  loss=0.5902
  batch 20/264  loss=0.4391
  batch 30/264  loss=0.4380
  batch 40/264  loss=0.3721
  batch 50/264  loss=0.3691
  batch 60/264  loss=0.4059
  batch 70/264  loss=0.3849
  batch 80/264  loss=0.3982
  batch 90/264  loss=0.3551
  batch 100/264  loss=0.3429
  batch 110/264  loss=0.3536
  batch 120/264  loss=0.3177
  batch 130/264  loss=0.4618
  batch 140/264  loss=0.3738
  batch 150/264  loss=0.3371
  batch 160/264  loss=0.2951
  batch 170/264  loss=0.3497
  batch 180/264  loss=0.3494
  batch 190/264  loss=0.4723
  batch 200/264  loss=0.3777
  batch 210/264  loss=0.3751
  batch 220/264  loss=0.4127
  batch 230/264  loss=0.4011
  batch 240/264  loss=0.4234
  batch 250/264  loss=0.3072
  batch 260/264  loss=0.3378
Epoch 162/300  train=4.037e-01  rmse=2.4117  lr=1.0e-04  228s
  batch 10/264  loss=0.3967
  batch 20/264  loss=0.3382
  batch 30/264  loss=0.4941
  batch 40/264  loss=0.3405
  batch 50/264  loss=0.7366
  batch 60/264  loss=0.3819
  batch 70/264  loss=0.3061
  batch 80/264  loss=0.4383
  batch 90/264  loss=0.3441
  batch 100/264  loss=0.3497
  batch 110/264  loss=0.4334
  batch 120/264  loss=0.4239
  batch 130/264  loss=0.3608
  batch 140/264  loss=0.3285
  batch 150/264  loss=0.3631
  batch 160/264  loss=0.3429
  batch 170/264  loss=0.2981
  batch 180/264  loss=0.3571
  batch 190/264  loss=0.5966
  batch 200/264  loss=0.2641
  batch 210/264  loss=0.4173
  batch 220/264  loss=0.3949
  batch 230/264  loss=0.3790
  batch 240/264  loss=0.3667
  batch 250/264  loss=0.4609
  batch 260/264  loss=0.3351
Epoch 163/300  train=4.041e-01  rmse=2.3035  lr=1.0e-04  227s
  batch 10/264  loss=0.3782
  batch 20/264  loss=0.4001
  batch 30/264  loss=0.4449
  batch 40/264  loss=0.3554
  batch 50/264  loss=0.3438
  batch 60/264  loss=0.3351
  batch 70/264  loss=0.3998
  batch 80/264  loss=0.3891
  batch 90/264  loss=0.5380
  batch 100/264  loss=0.3397
  batch 110/264  loss=0.6002
  batch 120/264  loss=0.3920
  batch 130/264  loss=0.3349
  batch 140/264  loss=0.3262
  batch 150/264  loss=0.4119
  batch 160/264  loss=0.3590
  batch 170/264  loss=0.5638
  batch 180/264  loss=0.3949
  batch 190/264  loss=0.3720
  batch 200/264  loss=0.3836
  batch 210/264  loss=0.4638
  batch 220/264  loss=0.3122
  batch 230/264  loss=0.3214
  batch 240/264  loss=0.4278
  batch 250/264  loss=0.2803
  batch 260/264  loss=0.3025
Epoch 164/300  train=3.967e-01  rmse=2.0752  lr=1.0e-04  227s
  -> best  monitor=3.967e-01
  batch 10/264  loss=0.3967
  batch 20/264  loss=0.3371
  batch 30/264  loss=0.3177
  batch 40/264  loss=0.5013
  batch 50/264  loss=0.5039
  batch 60/264  loss=0.4193
  batch 70/264  loss=0.3199
  batch 80/264  loss=0.3640
  batch 90/264  loss=0.4073
  batch 100/264  loss=0.3729
  batch 110/264  loss=0.3983
  batch 120/264  loss=0.3763
  batch 130/264  loss=0.7759
  batch 140/264  loss=0.3727
  batch 150/264  loss=0.3494
  batch 160/264  loss=0.3994
  batch 170/264  loss=0.3160
  batch 180/264  loss=0.3957
  batch 190/264  loss=0.3345
  batch 200/264  loss=0.5254
  batch 210/264  loss=0.3995
  batch 220/264  loss=0.4099
  batch 230/264  loss=0.4134
  batch 240/264  loss=0.3559
  batch 250/264  loss=0.3507
  batch 260/264  loss=0.3611
Epoch 165/300  train=4.002e-01  rmse=1.9876  lr=1.0e-04  228s
  batch 10/264  loss=0.3134
  batch 20/264  loss=0.4180
  batch 30/264  loss=0.4947
  batch 40/264  loss=0.3430
  batch 50/264  loss=0.3161
  batch 60/264  loss=0.4338
  batch 70/264  loss=0.4632
  batch 80/264  loss=0.3141
  batch 90/264  loss=0.3876
  batch 100/264  loss=0.4165
  batch 110/264  loss=0.2611
  batch 120/264  loss=0.3093
  batch 130/264  loss=0.3554
  batch 140/264  loss=0.2764
  batch 150/264  loss=0.2979
  batch 160/264  loss=0.3930
  batch 170/264  loss=0.3460
  batch 180/264  loss=0.4726
  batch 190/264  loss=0.3597
  batch 200/264  loss=0.3425
  batch 210/264  loss=0.3465
  batch 220/264  loss=0.4049
  batch 230/264  loss=0.3974
  batch 240/264  loss=0.3391
  batch 250/264  loss=0.3399
  batch 260/264  loss=0.3992
Epoch 166/300  train=4.000e-01  rmse=2.3024  lr=1.0e-04  227s
  batch 10/264  loss=0.5220
  batch 20/264  loss=0.4402
  batch 30/264  loss=0.2668
  batch 40/264  loss=0.3581
  batch 50/264  loss=0.4175
  batch 60/264  loss=0.4215
  batch 70/264  loss=0.3412
  batch 80/264  loss=0.4418
  batch 90/264  loss=0.5304
  batch 100/264  loss=0.4167
  batch 110/264  loss=0.3441
  batch 120/264  loss=0.3679
  batch 130/264  loss=0.4679
  batch 140/264  loss=0.3706
  batch 150/264  loss=0.3263
  batch 160/264  loss=0.3352
  batch 170/264  loss=0.3769
  batch 180/264  loss=0.3444
  batch 190/264  loss=0.3767
  batch 200/264  loss=0.4541
  batch 210/264  loss=0.5374
  batch 220/264  loss=0.5270
  batch 230/264  loss=0.6703
  batch 240/264  loss=0.5622
  batch 250/264  loss=0.4837
  batch 260/264  loss=0.3520
Epoch 167/300  train=4.029e-01  rmse=3.2866  lr=1.0e-04  228s
  batch 10/264  loss=0.2935
  batch 20/264  loss=0.3970
  batch 30/264  loss=0.5152
  batch 40/264  loss=0.4869
  batch 50/264  loss=0.2939
  batch 60/264  loss=0.4903
  batch 70/264  loss=0.5383
  batch 80/264  loss=0.5650
  batch 90/264  loss=0.3788
  batch 100/264  loss=0.4245
  batch 110/264  loss=0.6237
  batch 120/264  loss=0.3960
  batch 130/264  loss=0.3797
  batch 140/264  loss=0.5533
  batch 150/264  loss=0.3079
  batch 160/264  loss=0.3622
  batch 170/264  loss=0.3174
  batch 180/264  loss=0.3662
  batch 190/264  loss=0.5041
  batch 200/264  loss=0.3009
  batch 210/264  loss=0.3685
  batch 220/264  loss=0.4309
  batch 230/264  loss=0.3464
  batch 240/264  loss=0.3064
  batch 250/264  loss=0.5590
  batch 260/264  loss=0.4800
Epoch 168/300  train=3.971e-01  rmse=2.5510  lr=1.0e-04  227s
  batch 10/264  loss=0.2873
  batch 20/264  loss=0.3288
  batch 30/264  loss=0.3325
  batch 40/264  loss=0.3728
  batch 50/264  loss=0.3895
  batch 60/264  loss=0.3059
  batch 70/264  loss=0.4585
  batch 80/264  loss=0.3486
  batch 90/264  loss=0.4201
  batch 100/264  loss=0.3397
  batch 110/264  loss=0.4994
  batch 120/264  loss=0.4270
  batch 130/264  loss=0.4347
  batch 140/264  loss=0.4302
  batch 150/264  loss=0.8227
  batch 160/264  loss=0.3310
  batch 170/264  loss=0.3095
  batch 180/264  loss=0.5502
  batch 190/264  loss=0.3756
  batch 200/264  loss=0.2993
  batch 210/264  loss=0.3563
  batch 220/264  loss=0.2967
  batch 230/264  loss=0.3964
  batch 240/264  loss=0.5418
  batch 250/264  loss=0.4910
  batch 260/264  loss=0.8223
Epoch 169/300  train=4.013e-01  rmse=2.1612  lr=1.0e-04  228s
  batch 10/264  loss=0.3807
  batch 20/264  loss=0.3572
  batch 30/264  loss=0.3740
  batch 40/264  loss=0.6542
  batch 50/264  loss=0.4099
  batch 60/264  loss=0.4503
  batch 70/264  loss=0.3310
  batch 80/264  loss=0.3164
  batch 90/264  loss=0.3883
  batch 100/264  loss=0.3243
  batch 110/264  loss=0.3304
  batch 120/264  loss=0.3972
  batch 130/264  loss=0.4659
  batch 140/264  loss=0.3424
  batch 150/264  loss=0.3201
  batch 160/264  loss=0.3750
  batch 170/264  loss=0.3549
  batch 180/264  loss=0.5939
  batch 190/264  loss=0.3640
  batch 200/264  loss=0.3338
  batch 210/264  loss=0.4034
  batch 220/264  loss=0.2970
  batch 230/264  loss=0.5019
  batch 240/264  loss=0.4283
  batch 250/264  loss=0.3666
  batch 260/264  loss=0.4280
Epoch 170/300  train=3.943e-01  rmse=2.9910  lr=1.0e-04  229s
  -> best  monitor=3.943e-01
  batch 10/264  loss=0.3597
  batch 20/264  loss=0.3844
  batch 30/264  loss=0.3612
  batch 40/264  loss=0.3681
  batch 50/264  loss=0.3433
  batch 60/264  loss=0.3961
  batch 70/264  loss=0.3701
  batch 80/264  loss=0.3129
  batch 90/264  loss=0.6208
  batch 100/264  loss=0.3623
  batch 110/264  loss=0.3214
  batch 120/264  loss=0.3586
  batch 130/264  loss=0.3397
  batch 140/264  loss=0.3558
  batch 150/264  loss=0.4203
  batch 160/264  loss=0.5103
  batch 170/264  loss=0.3215
  batch 180/264  loss=0.3004
  batch 190/264  loss=0.3283
  batch 200/264  loss=0.4286
  batch 210/264  loss=0.3578
  batch 220/264  loss=0.4406
  batch 230/264  loss=0.3502
  batch 240/264  loss=0.6766
  batch 250/264  loss=0.3384
  batch 260/264  loss=0.6332
Epoch 171/300  train=4.020e-01  rmse=2.2376  lr=1.0e-04  227s
  batch 10/264  loss=0.3307
  batch 20/264  loss=0.4383
  batch 30/264  loss=0.4200
  batch 40/264  loss=0.3463
  batch 50/264  loss=0.3279
  batch 60/264  loss=0.3188
  batch 70/264  loss=0.3041
  batch 80/264  loss=0.3067
  batch 90/264  loss=0.2905
  batch 100/264  loss=0.3297
  batch 110/264  loss=0.3615
  batch 120/264  loss=0.4262
  batch 130/264  loss=0.3195
  batch 140/264  loss=0.6156
  batch 150/264  loss=0.3461
  batch 160/264  loss=0.5609
  batch 170/264  loss=0.3548
  batch 180/264  loss=0.3300
  batch 190/264  loss=0.3505
  batch 200/264  loss=0.3241
  batch 210/264  loss=0.3586
  batch 220/264  loss=0.3845
  batch 230/264  loss=0.4236
  batch 240/264  loss=0.3098
  batch 250/264  loss=0.4063
  batch 260/264  loss=0.3452
Epoch 172/300  train=3.996e-01  rmse=2.8602  lr=1.0e-04  227s
  batch 10/264  loss=0.4725
  batch 20/264  loss=0.2983
  batch 30/264  loss=0.4402
  batch 40/264  loss=0.3004
  batch 50/264  loss=0.3422
  batch 60/264  loss=0.5005
  batch 70/264  loss=0.4096
  batch 80/264  loss=0.3334
  batch 90/264  loss=0.3738
  batch 100/264  loss=0.3447
  batch 110/264  loss=0.3849
  batch 120/264  loss=0.3078
  batch 130/264  loss=0.4632
  batch 140/264  loss=0.4021
  batch 150/264  loss=0.3830
  batch 160/264  loss=0.4576
  batch 170/264  loss=0.3159
  batch 180/264  loss=0.3209
  batch 190/264  loss=0.2919
  batch 200/264  loss=0.3320
  batch 210/264  loss=0.4018
  batch 220/264  loss=0.3845
  batch 230/264  loss=0.3371
  batch 240/264  loss=0.3280
  batch 250/264  loss=0.5491
  batch 260/264  loss=0.3997
Epoch 173/300  train=3.969e-01  rmse=2.9803  lr=1.0e-04  227s
  batch 10/264  loss=0.3852
  batch 20/264  loss=0.2922
  batch 30/264  loss=0.3554
  batch 40/264  loss=0.3001
  batch 50/264  loss=0.3350
  batch 60/264  loss=0.3395
  batch 70/264  loss=0.4789
  batch 80/264  loss=0.3688
  batch 90/264  loss=0.3333
  batch 100/264  loss=0.3282
  batch 110/264  loss=0.3159
  batch 120/264  loss=0.3493
  batch 130/264  loss=0.4912
  batch 140/264  loss=0.3279
  batch 150/264  loss=0.6622
  batch 160/264  loss=0.3287
  batch 170/264  loss=0.3135
  batch 180/264  loss=0.3974
  batch 190/264  loss=0.3162
  batch 200/264  loss=0.3338
  batch 210/264  loss=0.6508
  batch 220/264  loss=0.4389
  batch 230/264  loss=0.3699
  batch 240/264  loss=0.3616
  batch 250/264  loss=0.3404
  batch 260/264  loss=0.4184
Epoch 174/300  train=3.957e-01  rmse=1.8443  lr=1.0e-04  227s
  batch 10/264  loss=0.3850
  batch 20/264  loss=0.5703
  batch 30/264  loss=0.5777
  batch 40/264  loss=0.4349
  batch 50/264  loss=0.5806
  batch 60/264  loss=0.3726
  batch 70/264  loss=0.2797
  batch 80/264  loss=0.3482
  batch 90/264  loss=0.3330
  batch 100/264  loss=0.3061
  batch 110/264  loss=0.3675
  batch 120/264  loss=0.4676
  batch 130/264  loss=0.5397
  batch 140/264  loss=0.3759
  batch 150/264  loss=0.3272
  batch 160/264  loss=0.3416
  batch 170/264  loss=0.4634
  batch 180/264  loss=0.4189
  batch 190/264  loss=0.3361
  batch 200/264  loss=0.3291
  batch 210/264  loss=0.3287
  batch 220/264  loss=0.3618
  batch 230/264  loss=0.4911
  batch 240/264  loss=0.4081
  batch 250/264  loss=0.4036
  batch 260/264  loss=0.6989
Epoch 175/300  train=3.944e-01  rmse=5.0880  lr=1.0e-04  227s
  batch 10/264  loss=0.3173
  batch 20/264  loss=0.3492
  batch 30/264  loss=0.4442
  batch 40/264  loss=0.4477
  batch 50/264  loss=0.3053
  batch 60/264  loss=0.3377
  batch 70/264  loss=0.3157
  batch 80/264  loss=0.5380
  batch 90/264  loss=0.2629
  batch 100/264  loss=0.3478
  batch 110/264  loss=0.3372
  batch 120/264  loss=0.3604
  batch 130/264  loss=0.3738
  batch 140/264  loss=0.5046
  batch 150/264  loss=0.2999
  batch 160/264  loss=0.4454
  batch 170/264  loss=0.2623
  batch 180/264  loss=0.5488
  batch 190/264  loss=0.3646
  batch 200/264  loss=0.3588
  batch 210/264  loss=0.5177
  batch 220/264  loss=0.4151
  batch 230/264  loss=0.3849
  batch 240/264  loss=0.2960
  batch 250/264  loss=0.4152
  batch 260/264  loss=0.4231
Epoch 176/300  train=4.028e-01  rmse=2.2776  lr=1.0e-04  228s
  batch 10/264  loss=0.6468
  batch 20/264  loss=0.3144
  batch 30/264  loss=0.3583
  batch 40/264  loss=0.5852
  batch 50/264  loss=0.3631
  batch 60/264  loss=0.3419
  batch 70/264  loss=0.4547
  batch 80/264  loss=0.3753
  batch 90/264  loss=0.3140
  batch 100/264  loss=0.2884
  batch 110/264  loss=0.3922
  batch 120/264  loss=0.5934
  batch 130/264  loss=0.4641
  batch 140/264  loss=0.5225
  batch 150/264  loss=0.3755
  batch 160/264  loss=0.3932
  batch 170/264  loss=0.3660
  batch 180/264  loss=0.4457
  batch 190/264  loss=0.2927
  batch 200/264  loss=0.2915
  batch 210/264  loss=0.4425
  batch 220/264  loss=0.3006
  batch 230/264  loss=0.3029
  batch 240/264  loss=0.3569
  batch 250/264  loss=0.4069
  batch 260/264  loss=0.3180
Epoch 177/300  train=3.971e-01  rmse=1.9491  lr=1.0e-04  228s
  batch 10/264  loss=0.3139
  batch 20/264  loss=0.3192
  batch 30/264  loss=0.2871
  batch 40/264  loss=0.3810
  batch 50/264  loss=0.3876
  batch 60/264  loss=0.3689
  batch 70/264  loss=0.5301
  batch 80/264  loss=0.3588
  batch 90/264  loss=0.3131
  batch 100/264  loss=0.5032
  batch 110/264  loss=0.3375
  batch 120/264  loss=0.3671
  batch 130/264  loss=0.3338
  batch 140/264  loss=0.4067
  batch 150/264  loss=0.3952
  batch 160/264  loss=0.2686
  batch 170/264  loss=0.6749
  batch 180/264  loss=0.3861
  batch 190/264  loss=0.4092
  batch 200/264  loss=0.5050
  batch 210/264  loss=0.3550
  batch 220/264  loss=0.4071
  batch 230/264  loss=0.5195
  batch 240/264  loss=0.4732
  batch 250/264  loss=0.3767
  batch 260/264  loss=0.2856
Epoch 178/300  train=3.960e-01  rmse=1.9100  lr=1.0e-04  228s
  batch 10/264  loss=0.3350
  batch 20/264  loss=0.4747
  batch 30/264  loss=0.5462
  batch 40/264  loss=0.4544
  batch 50/264  loss=0.2679
  batch 60/264  loss=0.3017
  batch 70/264  loss=0.3332
  batch 80/264  loss=0.3721
  batch 90/264  loss=0.3244
  batch 100/264  loss=0.3143
  batch 110/264  loss=0.4215
  batch 120/264  loss=0.4896
  batch 130/264  loss=0.3717
  batch 140/264  loss=0.3727
  batch 150/264  loss=0.4038
  batch 160/264  loss=0.3583
  batch 170/264  loss=0.3920
  batch 180/264  loss=0.4046
  batch 190/264  loss=0.4340
  batch 200/264  loss=0.3306
  batch 210/264  loss=0.3550
  batch 220/264  loss=0.4371
  batch 230/264  loss=0.4099
  batch 240/264  loss=0.3649
  batch 250/264  loss=0.4765
  batch 260/264  loss=0.3501
Epoch 179/300  train=3.955e-01  rmse=7.0442  lr=1.0e-04  228s
  batch 10/264  loss=0.3546
  batch 20/264  loss=0.4456
  batch 30/264  loss=0.3392
  batch 40/264  loss=0.2716
  batch 50/264  loss=0.3522
  batch 60/264  loss=0.4017
  batch 70/264  loss=0.6644
  batch 80/264  loss=0.3354
  batch 90/264  loss=0.3194
  batch 100/264  loss=0.2972
  batch 110/264  loss=0.5001
  batch 120/264  loss=0.3011
  batch 130/264  loss=0.4332
  batch 140/264  loss=0.3126
  batch 150/264  loss=0.3636
  batch 160/264  loss=0.4237
  batch 170/264  loss=0.3828
  batch 180/264  loss=0.3193
  batch 190/264  loss=0.5401
  batch 200/264  loss=0.2938
  batch 210/264  loss=0.4916
  batch 220/264  loss=0.3966
  batch 230/264  loss=0.4415
  batch 240/264  loss=0.3850
  batch 250/264  loss=0.3877
  batch 260/264  loss=0.3059
Epoch 180/300  train=3.875e-01  rmse=2.3461  lr=1.0e-04  229s
  -> best  monitor=3.875e-01
  batch 10/264  loss=0.4353
  batch 20/264  loss=0.3958
  batch 30/264  loss=0.4641
  batch 40/264  loss=0.3122
  batch 50/264  loss=0.3974
  batch 60/264  loss=0.3161
  batch 70/264  loss=0.4053
  batch 80/264  loss=0.3366
  batch 90/264  loss=0.3323
  batch 100/264  loss=0.3116
  batch 110/264  loss=0.4480
  batch 120/264  loss=0.2986
  batch 130/264  loss=0.3308
  batch 140/264  loss=0.2990
  batch 150/264  loss=0.4284
  batch 160/264  loss=0.3657
  batch 170/264  loss=0.3805
  batch 180/264  loss=0.3376
  batch 190/264  loss=0.3649
  batch 200/264  loss=0.3269
  batch 210/264  loss=0.3723
  batch 220/264  loss=0.2980
  batch 230/264  loss=0.4649
  batch 240/264  loss=0.3109
  batch 250/264  loss=0.3637
  batch 260/264  loss=0.3437
Epoch 181/300  train=3.929e-01  rmse=2.3137  lr=1.0e-04  228s
  batch 10/264  loss=0.3420
  batch 20/264  loss=0.3269
  batch 30/264  loss=0.3453
  batch 40/264  loss=0.3609
  batch 50/264  loss=0.4446
  batch 60/264  loss=0.4168
  batch 70/264  loss=0.2972
  batch 80/264  loss=0.5502
  batch 90/264  loss=0.3064
  batch 100/264  loss=0.2982
  batch 110/264  loss=0.3326
  batch 120/264  loss=0.5074
  batch 130/264  loss=0.4057
  batch 140/264  loss=0.4325
  batch 150/264  loss=0.3622
  batch 160/264  loss=0.4346
  batch 170/264  loss=0.3844
  batch 180/264  loss=0.5331
  batch 190/264  loss=0.4009
  batch 200/264  loss=0.4424
  batch 210/264  loss=0.3829
  batch 220/264  loss=1.0543
  batch 230/264  loss=0.5381
  batch 240/264  loss=0.5745
  batch 250/264  loss=0.4004
  batch 260/264  loss=0.3601
Epoch 182/300  train=3.966e-01  rmse=1.7453  lr=1.0e-04  228s
  batch 10/264  loss=0.3964
  batch 20/264  loss=0.3899
  batch 30/264  loss=0.3415
  batch 40/264  loss=0.3188
  batch 50/264  loss=0.3950
  batch 60/264  loss=0.3440
  batch 70/264  loss=0.5084
  batch 80/264  loss=0.3714
  batch 90/264  loss=0.5937
  batch 100/264  loss=0.3181
  batch 110/264  loss=0.3655
  batch 120/264  loss=0.4362
  batch 130/264  loss=0.3538
  batch 140/264  loss=0.3360
  batch 150/264  loss=0.3139
  batch 160/264  loss=0.3230
  batch 170/264  loss=0.3939
  batch 180/264  loss=0.3959
  batch 190/264  loss=0.4647
  batch 200/264  loss=0.3252
  batch 210/264  loss=0.3247
  batch 220/264  loss=0.3578
  batch 230/264  loss=0.5392
  batch 240/264  loss=0.3384
  batch 250/264  loss=0.2806
  batch 260/264  loss=0.3307
Epoch 183/300  train=3.875e-01  rmse=2.4668  lr=1.0e-04  228s
  batch 10/264  loss=0.2810
  batch 20/264  loss=0.3044
  batch 30/264  loss=0.3328
  batch 40/264  loss=0.4259
  batch 50/264  loss=0.3920
  batch 60/264  loss=0.4266
  batch 70/264  loss=0.3206
  batch 80/264  loss=0.3038
  batch 90/264  loss=0.4757
  batch 100/264  loss=0.5431
  batch 110/264  loss=0.3993
  batch 120/264  loss=0.3102
  batch 130/264  loss=0.4031
  batch 140/264  loss=0.3712
  batch 150/264  loss=0.3556
  batch 160/264  loss=0.4324
  batch 170/264  loss=0.3140
  batch 180/264  loss=0.3390
  batch 190/264  loss=0.3499
  batch 200/264  loss=0.3693
  batch 210/264  loss=0.3872
  batch 220/264  loss=0.3582
  batch 230/264  loss=0.3501
  batch 240/264  loss=0.3983
  batch 250/264  loss=0.3142
  batch 260/264  loss=0.3811
Epoch 184/300  train=3.923e-01  rmse=3.4537  lr=1.0e-04  229s
  batch 10/264  loss=0.3008
  batch 20/264  loss=0.3751
  batch 30/264  loss=0.3170
  batch 40/264  loss=0.5051
  batch 50/264  loss=0.3912
  batch 60/264  loss=0.3791
  batch 70/264  loss=0.5476
  batch 80/264  loss=0.3782
  batch 90/264  loss=0.3296
  batch 100/264  loss=0.4472
  batch 110/264  loss=0.3861
  batch 120/264  loss=0.4810
  batch 130/264  loss=0.4686
  batch 140/264  loss=0.3861
  batch 150/264  loss=0.3354
  batch 160/264  loss=0.3334
  batch 170/264  loss=0.3233
  batch 180/264  loss=0.4617
  batch 190/264  loss=0.2779
  batch 200/264  loss=0.2906
  batch 210/264  loss=0.3656
  batch 220/264  loss=0.6182
  batch 230/264  loss=0.3145
  batch 240/264  loss=0.3126
  batch 250/264  loss=0.5163
  batch 260/264  loss=0.2992
Epoch 185/300  train=3.904e-01  rmse=2.0082  lr=1.0e-04  227s
  batch 10/264  loss=0.3747
  batch 20/264  loss=0.4009
  batch 30/264  loss=0.3517
  batch 40/264  loss=0.3943
  batch 50/264  loss=0.3612
  batch 60/264  loss=0.3308
  batch 70/264  loss=0.2878
  batch 80/264  loss=0.4141
  batch 90/264  loss=0.3769
  batch 100/264  loss=0.4553
  batch 110/264  loss=0.3574
  batch 120/264  loss=0.3501
  batch 130/264  loss=0.3881
  batch 140/264  loss=0.2984
  batch 150/264  loss=0.3390
  batch 160/264  loss=0.3357
  batch 170/264  loss=0.3244
  batch 180/264  loss=0.3477
  batch 190/264  loss=0.3530
  batch 200/264  loss=0.3241
  batch 210/264  loss=0.3957
  batch 220/264  loss=0.2851
  batch 230/264  loss=0.3741
  batch 240/264  loss=0.4343
  batch 250/264  loss=0.3135
  batch 260/264  loss=0.4419
Epoch 186/300  train=3.902e-01  rmse=2.6034  lr=1.0e-04  228s
  batch 10/264  loss=0.3095
  batch 20/264  loss=0.4163
  batch 30/264  loss=0.4348
  batch 40/264  loss=0.3180
  batch 50/264  loss=0.3306
  batch 60/264  loss=0.4563
  batch 70/264  loss=0.3794
  batch 80/264  loss=0.3285
  batch 90/264  loss=0.4059
  batch 100/264  loss=0.3374
  batch 110/264  loss=0.3216
  batch 120/264  loss=0.3753
  batch 130/264  loss=0.5549
  batch 140/264  loss=0.3520
  batch 150/264  loss=0.4337
  batch 160/264  loss=0.4191
  batch 170/264  loss=0.3137
  batch 180/264  loss=0.3638
  batch 190/264  loss=0.4967
  batch 200/264  loss=0.3455
  batch 210/264  loss=0.4646
  batch 220/264  loss=0.3678
  batch 230/264  loss=0.3415
  batch 240/264  loss=0.4154
  batch 250/264  loss=0.3358
  batch 260/264  loss=0.3906
Epoch 187/300  train=3.899e-01  rmse=5.9868  lr=1.0e-04  227s
  batch 10/264  loss=0.3151
  batch 20/264  loss=0.5802
  batch 30/264  loss=0.3139
  batch 40/264  loss=0.3202
  batch 50/264  loss=0.3139
  batch 60/264  loss=0.2990
  batch 70/264  loss=0.3482
  batch 80/264  loss=0.3560
  batch 90/264  loss=0.3864
  batch 100/264  loss=0.3662
  batch 110/264  loss=0.3277
  batch 120/264  loss=0.2591
  batch 130/264  loss=0.3150
  batch 140/264  loss=0.6914
  batch 150/264  loss=0.3437
  batch 160/264  loss=0.3834
  batch 170/264  loss=0.3518
  batch 180/264  loss=0.3561
  batch 190/264  loss=0.3308
  batch 200/264  loss=0.3674
  batch 210/264  loss=0.4382
  batch 220/264  loss=0.3108
  batch 230/264  loss=0.3382
  batch 240/264  loss=0.4492
  batch 250/264  loss=0.3041
  batch 260/264  loss=0.3816
Epoch 188/300  train=3.912e-01  rmse=5.0946  lr=1.0e-04  228s
  batch 10/264  loss=0.6552
  batch 20/264  loss=0.3386
  batch 30/264  loss=0.4470
  batch 40/264  loss=0.3660
  batch 50/264  loss=0.3072
  batch 60/264  loss=0.3640
  batch 70/264  loss=0.4763
  batch 80/264  loss=0.4551
  batch 90/264  loss=0.3013
  batch 100/264  loss=0.3573
  batch 110/264  loss=0.3220
  batch 120/264  loss=0.3387
  batch 130/264  loss=0.3853
  batch 140/264  loss=0.3317
  batch 150/264  loss=0.3559
  batch 160/264  loss=0.4451
  batch 170/264  loss=0.3575
  batch 180/264  loss=0.3905
  batch 190/264  loss=0.2818
  batch 200/264  loss=0.3543
  batch 210/264  loss=0.4276
  batch 220/264  loss=0.3101
  batch 230/264  loss=0.3299
  batch 240/264  loss=0.6899
  batch 250/264  loss=0.4648
  batch 260/264  loss=0.3447
Epoch 189/300  train=3.926e-01  rmse=2.6606  lr=1.0e-04  227s
  batch 10/264  loss=0.3364
  batch 20/264  loss=0.4712
  batch 30/264  loss=0.2833
  batch 40/264  loss=0.3574
  batch 50/264  loss=0.2986
  batch 60/264  loss=0.2989
  batch 70/264  loss=0.4857
  batch 80/264  loss=0.4655
  batch 90/264  loss=0.3618
  batch 100/264  loss=0.3583
  batch 110/264  loss=0.4050
  batch 120/264  loss=0.3308
  batch 130/264  loss=0.4751
  batch 140/264  loss=0.4393
  batch 150/264  loss=0.3446
  batch 160/264  loss=0.4173
  batch 170/264  loss=0.3667
  batch 180/264  loss=0.3759
  batch 190/264  loss=0.3277
  batch 200/264  loss=0.3314
  batch 210/264  loss=0.2747
  batch 220/264  loss=0.3130
  batch 230/264  loss=0.5440
  batch 240/264  loss=0.3337
  batch 250/264  loss=0.3645
  batch 260/264  loss=0.4045
Epoch 190/300  train=3.882e-01  rmse=3.5617  lr=1.0e-04  229s
  batch 10/264  loss=0.3929
  batch 20/264  loss=0.3566
  batch 30/264  loss=0.3320
  batch 40/264  loss=0.4080
  batch 50/264  loss=0.5414
  batch 60/264  loss=0.3680
  batch 70/264  loss=0.2916
  batch 80/264  loss=0.3725
  batch 90/264  loss=0.3418
  batch 100/264  loss=0.4264
  batch 110/264  loss=0.3445
  batch 120/264  loss=0.3167
  batch 130/264  loss=0.3510
  batch 140/264  loss=0.3869
  batch 150/264  loss=0.3446
  batch 160/264  loss=0.3309
  batch 170/264  loss=0.3470
  batch 180/264  loss=0.5613
  batch 190/264  loss=0.3458
  batch 200/264  loss=0.4380
  batch 210/264  loss=0.3881
  batch 220/264  loss=0.3174
  batch 230/264  loss=0.4985
  batch 240/264  loss=0.3703
  batch 250/264  loss=0.3179
  batch 260/264  loss=0.3359
Epoch 191/300  train=3.889e-01  rmse=1.9672  lr=5.0e-05  229s
  batch 10/264  loss=0.3815
  batch 20/264  loss=0.3471
  batch 30/264  loss=0.3464
  batch 40/264  loss=0.4126
  batch 50/264  loss=0.5279
  batch 60/264  loss=0.3810
  batch 70/264  loss=0.7479
  batch 80/264  loss=0.3804
  batch 90/264  loss=0.3177
  batch 100/264  loss=0.3084
  batch 110/264  loss=0.3194
  batch 120/264  loss=0.3546
  batch 130/264  loss=0.3145
  batch 140/264  loss=0.2928
  batch 150/264  loss=0.6495
  batch 160/264  loss=0.3313
  batch 170/264  loss=0.5441
  batch 180/264  loss=0.4118
  batch 190/264  loss=0.2884
  batch 200/264  loss=0.5013
  batch 210/264  loss=0.3672
  batch 220/264  loss=0.4077
  batch 230/264  loss=0.5016
  batch 240/264  loss=0.4971
  batch 250/264  loss=0.3238
  batch 260/264  loss=0.3978
Epoch 192/300  train=3.789e-01  rmse=2.0025  lr=5.0e-05  229s
  -> best  monitor=3.789e-01
  batch 10/264  loss=0.4018
  batch 20/264  loss=0.3565
  batch 30/264  loss=0.3483
  batch 40/264  loss=0.3803
  batch 50/264  loss=0.3107
  batch 60/264  loss=0.3290
  batch 70/264  loss=0.3015
  batch 80/264  loss=0.3441
  batch 90/264  loss=0.4275
  batch 100/264  loss=0.3087
  batch 110/264  loss=0.3629
  batch 120/264  loss=0.4121
  batch 130/264  loss=0.3422
  batch 140/264  loss=0.3062
  batch 150/264  loss=0.3290
  batch 160/264  loss=0.3361
  batch 170/264  loss=0.4377
  batch 180/264  loss=0.6256
  batch 190/264  loss=0.3339
  batch 200/264  loss=0.3557
  batch 210/264  loss=0.3481
  batch 220/264  loss=0.3588
  batch 230/264  loss=0.4433
  batch 240/264  loss=0.3632
  batch 250/264  loss=0.4106
  batch 260/264  loss=0.4271
Epoch 193/300  train=3.719e-01  rmse=3.0988  lr=5.0e-05  229s
  -> best  monitor=3.719e-01
  batch 10/264  loss=0.3001
  batch 20/264  loss=0.3307
  batch 30/264  loss=0.3686
  batch 40/264  loss=0.3408
  batch 50/264  loss=0.4810
  batch 60/264  loss=0.3050
  batch 70/264  loss=0.4450
  batch 80/264  loss=0.3252
  batch 90/264  loss=0.3440
  batch 100/264  loss=0.4672
  batch 110/264  loss=0.3068
  batch 120/264  loss=0.4531
  batch 130/264  loss=0.3569
  batch 140/264  loss=0.6110
  batch 150/264  loss=0.6060
  batch 160/264  loss=0.3070
  batch 170/264  loss=0.3885
  batch 180/264  loss=0.2886
  batch 190/264  loss=0.3264
  batch 200/264  loss=0.3497
  batch 210/264  loss=0.4072
  batch 220/264  loss=0.3876
  batch 230/264  loss=0.3202
  batch 240/264  loss=0.3539
  batch 250/264  loss=0.3537
  batch 260/264  loss=0.3335
Epoch 194/300  train=3.742e-01  rmse=2.3503  lr=5.0e-05  229s
  batch 10/264  loss=0.3427
  batch 20/264  loss=0.4991
  batch 30/264  loss=0.2809
  batch 40/264  loss=0.3672
  batch 50/264  loss=0.3406
  batch 60/264  loss=0.3301
  batch 70/264  loss=0.3705
  batch 80/264  loss=0.3402
  batch 90/264  loss=0.4509
  batch 100/264  loss=0.4565
  batch 110/264  loss=0.2767
  batch 120/264  loss=0.2834
  batch 130/264  loss=0.3107
  batch 140/264  loss=0.6422
  batch 150/264  loss=0.3049
  batch 160/264  loss=0.3244
  batch 170/264  loss=0.4005
  batch 180/264  loss=0.4066
  batch 190/264  loss=0.3588
  batch 200/264  loss=0.3220
  batch 210/264  loss=0.3197
  batch 220/264  loss=0.3847
  batch 230/264  loss=0.3330
  batch 240/264  loss=0.4347
  batch 250/264  loss=0.2706
  batch 260/264  loss=0.2983
Epoch 195/300  train=3.681e-01  rmse=2.0203  lr=5.0e-05  229s
  -> best  monitor=3.681e-01
  batch 10/264  loss=0.4213
  batch 20/264  loss=0.2957
  batch 30/264  loss=0.4461
  batch 40/264  loss=0.2978
  batch 50/264  loss=0.3643
  batch 60/264  loss=0.3765
  batch 70/264  loss=0.4166
  batch 80/264  loss=0.3164
  batch 90/264  loss=0.3778
  batch 100/264  loss=0.3529
  batch 110/264  loss=0.3708
  batch 120/264  loss=0.2710
  batch 130/264  loss=0.3318
  batch 140/264  loss=0.3878
  batch 150/264  loss=0.3146
  batch 160/264  loss=0.4577
  batch 170/264  loss=0.5389
  batch 180/264  loss=0.3446
  batch 190/264  loss=0.2983
  batch 200/264  loss=0.2918
  batch 210/264  loss=0.4741
  batch 220/264  loss=0.3836
  batch 230/264  loss=0.3955
  batch 240/264  loss=0.3558
  batch 250/264  loss=0.4338
  batch 260/264  loss=0.3607
Epoch 196/300  train=3.706e-01  rmse=2.7878  lr=5.0e-05  228s
  batch 10/264  loss=0.3356
  batch 20/264  loss=0.2784
  batch 30/264  loss=0.2747
  batch 40/264  loss=0.3595
  batch 50/264  loss=0.3239
  batch 60/264  loss=0.3502
  batch 70/264  loss=0.3450
  batch 80/264  loss=0.5078
  batch 90/264  loss=0.4769
  batch 100/264  loss=0.3648
  batch 110/264  loss=0.3215
  batch 120/264  loss=0.2967
  batch 130/264  loss=0.8241
  batch 140/264  loss=0.4736
  batch 150/264  loss=0.4674
  batch 160/264  loss=0.3174
  batch 170/264  loss=0.3414
  batch 180/264  loss=0.3125
  batch 190/264  loss=0.3028
  batch 200/264  loss=0.3731
  batch 210/264  loss=0.3414
  batch 220/264  loss=0.3381
  batch 230/264  loss=0.4638
  batch 240/264  loss=0.4505
  batch 250/264  loss=0.3329
  batch 260/264  loss=0.3689
Epoch 197/300  train=3.756e-01  rmse=2.1610  lr=5.0e-05  229s
  batch 10/264  loss=0.3720
  batch 20/264  loss=0.3075
  batch 30/264  loss=0.3577
  batch 40/264  loss=0.2927
  batch 50/264  loss=0.3523
  batch 60/264  loss=0.3780
  batch 70/264  loss=0.2859
  batch 80/264  loss=0.4541
  batch 90/264  loss=0.2971
  batch 100/264  loss=0.2849
  batch 110/264  loss=0.3625
  batch 120/264  loss=0.3006
  batch 130/264  loss=0.3632
  batch 140/264  loss=0.3217
  batch 150/264  loss=0.3484
  batch 160/264  loss=0.2887
  batch 170/264  loss=0.4223
  batch 180/264  loss=0.4523
  batch 190/264  loss=0.3497
  batch 200/264  loss=0.3849
  batch 210/264  loss=0.4038
  batch 220/264  loss=0.4486
  batch 230/264  loss=0.3334
  batch 240/264  loss=0.4122
  batch 250/264  loss=0.3427
  batch 260/264  loss=0.3447
Epoch 198/300  train=3.698e-01  rmse=1.9160  lr=5.0e-05  229s
  batch 10/264  loss=0.2647
  batch 20/264  loss=0.4351
  batch 30/264  loss=0.4289
  batch 40/264  loss=0.3689
  batch 50/264  loss=0.4475
  batch 60/264  loss=0.2697
  batch 70/264  loss=0.3287
  batch 80/264  loss=0.3190
  batch 90/264  loss=0.3087
  batch 100/264  loss=0.3033
  batch 110/264  loss=0.3783
  batch 120/264  loss=0.3669
  batch 130/264  loss=0.3507
  batch 140/264  loss=0.4494
  batch 150/264  loss=0.3168
  batch 160/264  loss=0.4512
  batch 170/264  loss=0.3005
  batch 180/264  loss=0.2987
  batch 190/264  loss=0.4979
  batch 200/264  loss=0.3207
  batch 210/264  loss=0.3514
  batch 220/264  loss=0.3720
  batch 230/264  loss=0.2755
  batch 240/264  loss=0.3244
  batch 250/264  loss=0.3948
  batch 260/264  loss=0.5395
Epoch 199/300  train=3.741e-01  rmse=2.7022  lr=5.0e-05  228s
  batch 10/264  loss=0.4315
  batch 20/264  loss=0.4185
  batch 30/264  loss=0.3578
  batch 40/264  loss=0.4666
  batch 50/264  loss=0.3528
  batch 60/264  loss=0.5089
  batch 70/264  loss=0.4539
  batch 80/264  loss=0.3186
  batch 90/264  loss=0.3955
  batch 100/264  loss=0.3123
  batch 110/264  loss=0.3120
  batch 120/264  loss=0.6085
  batch 130/264  loss=0.3867
  batch 140/264  loss=0.3363
  batch 150/264  loss=0.4268
  batch 160/264  loss=0.3538
  batch 170/264  loss=0.4810
  batch 180/264  loss=0.3160
  batch 190/264  loss=0.3025
  batch 200/264  loss=0.4904
  batch 210/264  loss=0.4955
  batch 220/264  loss=0.4101
  batch 230/264  loss=0.3943
  batch 240/264  loss=0.3765
  batch 250/264  loss=0.3566
  batch 260/264  loss=0.3114
Epoch 200/300  train=3.698e-01  rmse=3.3274  lr=5.0e-05  228s
  batch 10/264  loss=0.3217
  batch 20/264  loss=0.3653
  batch 30/264  loss=0.3416
  batch 40/264  loss=0.3706
  batch 50/264  loss=0.4101
  batch 60/264  loss=0.3039
  batch 70/264  loss=0.3666
  batch 80/264  loss=0.3896
  batch 90/264  loss=0.4208
  batch 100/264  loss=0.4102
  batch 110/264  loss=0.3057
  batch 120/264  loss=0.3720
  batch 130/264  loss=0.3288
  batch 140/264  loss=0.3853
  batch 150/264  loss=0.3057
  batch 160/264  loss=0.3557
  batch 170/264  loss=0.5051
  batch 180/264  loss=0.4454
  batch 190/264  loss=0.3544
  batch 200/264  loss=0.5070
  batch 210/264  loss=0.3042
  batch 220/264  loss=0.5591
  batch 230/264  loss=0.2885
  batch 240/264  loss=0.3634
  batch 250/264  loss=0.3411
  batch 260/264  loss=0.3063
Epoch 201/300  train=3.726e-01  rmse=2.1885  lr=5.0e-05  229s
  batch 10/264  loss=0.2958
  batch 20/264  loss=0.4201
  batch 30/264  loss=0.3951
  batch 40/264  loss=0.3356
  batch 50/264  loss=0.3640
  batch 60/264  loss=0.3273
  batch 70/264  loss=0.3625
  batch 80/264  loss=0.5678
  batch 90/264  loss=0.2774
  batch 100/264  loss=0.4402
  batch 110/264  loss=0.2486
  batch 120/264  loss=0.3178
  batch 130/264  loss=0.2860
  batch 140/264  loss=0.4960
  batch 150/264  loss=0.4152
  batch 160/264  loss=0.3535
  batch 170/264  loss=0.4488
  batch 180/264  loss=0.3978
  batch 190/264  loss=0.2965
  batch 200/264  loss=0.2931
  batch 210/264  loss=0.3312
  batch 220/264  loss=0.4000
  batch 230/264  loss=0.3898
  batch 240/264  loss=0.2748
  batch 250/264  loss=0.4730
  batch 260/264  loss=0.4362
Epoch 202/300  train=3.706e-01  rmse=4.0247  lr=5.0e-05  229s
  batch 10/264  loss=0.4193
  batch 20/264  loss=0.4964
  batch 30/264  loss=0.3875
  batch 40/264  loss=0.3293
  batch 50/264  loss=0.3679
  batch 60/264  loss=0.3717
  batch 70/264  loss=0.4052
  batch 80/264  loss=0.5231
  batch 90/264  loss=0.2885
  batch 100/264  loss=0.3105
  batch 110/264  loss=0.2779
  batch 120/264  loss=0.4540
  batch 130/264  loss=0.3681
  batch 140/264  loss=0.3137
  batch 150/264  loss=0.3291
  batch 160/264  loss=0.3013
  batch 170/264  loss=0.2763
  batch 180/264  loss=0.4541
  batch 190/264  loss=0.5460
  batch 200/264  loss=0.2613
  batch 210/264  loss=0.3090
  batch 220/264  loss=0.3981
  batch 230/264  loss=0.4684
  batch 240/264  loss=0.2854
  batch 250/264  loss=0.3944
  batch 260/264  loss=0.3180
Epoch 203/300  train=3.704e-01  rmse=2.0583  lr=5.0e-05  228s
  batch 10/264  loss=0.2999
  batch 20/264  loss=0.3388
  batch 30/264  loss=0.3538
  batch 40/264  loss=0.3163
  batch 50/264  loss=0.4437
  batch 60/264  loss=0.2902
  batch 70/264  loss=0.3586
  batch 80/264  loss=0.3451
  batch 90/264  loss=0.3086
  batch 100/264  loss=0.4720
  batch 110/264  loss=0.3184
  batch 120/264  loss=0.4024
  batch 130/264  loss=0.4427
  batch 140/264  loss=0.5419
  batch 150/264  loss=0.4462
  batch 160/264  loss=0.4937
  batch 170/264  loss=0.3334
  batch 180/264  loss=0.3078
  batch 190/264  loss=0.4512
  batch 200/264  loss=0.2977
  batch 210/264  loss=0.3406
  batch 220/264  loss=0.4407
  batch 230/264  loss=0.2924
  batch 240/264  loss=0.3267
  batch 250/264  loss=0.3275
  batch 260/264  loss=0.3130
Epoch 204/300  train=3.714e-01  rmse=1.9349  lr=5.0e-05  228s
  batch 10/264  loss=0.4021
  batch 20/264  loss=0.3539
  batch 30/264  loss=0.3415
  batch 40/264  loss=0.4254
  batch 50/264  loss=0.4411
  batch 60/264  loss=0.3015
  batch 70/264  loss=0.4261
  batch 80/264  loss=0.3709
  batch 90/264  loss=0.3575
  batch 100/264  loss=0.3568
  batch 110/264  loss=0.3545
  batch 120/264  loss=0.3387
  batch 130/264  loss=0.3713
  batch 140/264  loss=0.3330
  batch 150/264  loss=0.4154
  batch 160/264  loss=0.3088
  batch 170/264  loss=0.3151
  batch 180/264  loss=0.4466
  batch 190/264  loss=0.2960
  batch 200/264  loss=0.3259
  batch 210/264  loss=0.3698
  batch 220/264  loss=0.3296
  batch 230/264  loss=0.4906
  batch 240/264  loss=0.2606
  batch 250/264  loss=0.3786
  batch 260/264  loss=0.4926
Epoch 205/300  train=3.676e-01  rmse=4.3316  lr=5.0e-05  227s
  -> best  monitor=3.676e-01
  batch 10/264  loss=0.3611
  batch 20/264  loss=0.3090
  batch 30/264  loss=0.3385
  batch 40/264  loss=0.3292
  batch 50/264  loss=0.2755
  batch 60/264  loss=0.3802
  batch 70/264  loss=0.2854
  batch 80/264  loss=0.3516
  batch 90/264  loss=0.3788
  batch 100/264  loss=0.2839
  batch 110/264  loss=0.4348
  batch 120/264  loss=0.4252
  batch 130/264  loss=0.4791
  batch 140/264  loss=0.5124
  batch 150/264  loss=0.3270
  batch 160/264  loss=0.3790
  batch 170/264  loss=0.5071
  batch 180/264  loss=0.3315
  batch 190/264  loss=0.3303
  batch 200/264  loss=0.3243
  batch 210/264  loss=0.3477
  batch 220/264  loss=0.3325
  batch 230/264  loss=0.3191
  batch 240/264  loss=0.3597
  batch 250/264  loss=0.3760
  batch 260/264  loss=0.3270
Epoch 206/300  train=3.701e-01  rmse=1.8734  lr=5.0e-05  229s
  batch 10/264  loss=0.3407
  batch 20/264  loss=0.3309
  batch 30/264  loss=0.3868
  batch 40/264  loss=0.2847
  batch 50/264  loss=0.3272
  batch 60/264  loss=0.3958
  batch 70/264  loss=0.6011
  batch 80/264  loss=0.3015
  batch 90/264  loss=0.3316
  batch 100/264  loss=0.5342
  batch 110/264  loss=0.5255
  batch 120/264  loss=0.3000
  batch 130/264  loss=0.3171
  batch 140/264  loss=0.3357
  batch 150/264  loss=0.3626
  batch 160/264  loss=0.3118
  batch 170/264  loss=0.5519
  batch 180/264  loss=0.3200
  batch 190/264  loss=0.3636
  batch 200/264  loss=0.3158
  batch 210/264  loss=0.3288
  batch 220/264  loss=0.3227
  batch 230/264  loss=0.3993
  batch 240/264  loss=0.4328
  batch 250/264  loss=0.3227
  batch 260/264  loss=0.3149
Epoch 207/300  train=3.703e-01  rmse=2.7530  lr=5.0e-05  228s
  batch 10/264  loss=0.3771
  batch 20/264  loss=0.3220
  batch 30/264  loss=0.4184
  batch 40/264  loss=0.4734
  batch 50/264  loss=0.3127
  batch 60/264  loss=0.2899
  batch 70/264  loss=0.3948
  batch 80/264  loss=0.2935
  batch 90/264  loss=0.4085
  batch 100/264  loss=0.3881
  batch 110/264  loss=0.3604
  batch 120/264  loss=0.3501
  batch 130/264  loss=0.2659
  batch 140/264  loss=0.3569
  batch 150/264  loss=0.4269
  batch 160/264  loss=0.4874
  batch 170/264  loss=0.3957
  batch 180/264  loss=0.6546
  batch 190/264  loss=0.2733
  batch 200/264  loss=0.4961
  batch 210/264  loss=0.2785
  batch 220/264  loss=0.3212
  batch 230/264  loss=0.3265
  batch 240/264  loss=0.3957
  batch 250/264  loss=0.4228
  batch 260/264  loss=0.3047
Epoch 208/300  train=3.682e-01  rmse=3.4583  lr=5.0e-05  228s
  batch 10/264  loss=0.3616
  batch 20/264  loss=0.5285
  batch 30/264  loss=0.2711
  batch 40/264  loss=0.4373
  batch 50/264  loss=0.3157
  batch 60/264  loss=0.3460
  batch 70/264  loss=0.3184
  batch 80/264  loss=0.3878
  batch 90/264  loss=0.2829
  batch 100/264  loss=0.3463
  batch 110/264  loss=0.2933
  batch 120/264  loss=0.3485
  batch 130/264  loss=0.3490
  batch 140/264  loss=0.3425
  batch 150/264  loss=0.3734
  batch 160/264  loss=0.2849
  batch 170/264  loss=0.3754
  batch 180/264  loss=0.3732
  batch 190/264  loss=0.4487
  batch 200/264  loss=0.3432
  batch 210/264  loss=0.3408
  batch 220/264  loss=0.3716
  batch 230/264  loss=0.3203
  batch 240/264  loss=0.4788
  batch 250/264  loss=0.3573
  batch 260/264  loss=0.3273
Epoch 209/300  train=3.662e-01  rmse=2.7173  lr=5.0e-05  228s
  -> best  monitor=3.662e-01
  batch 10/264  loss=0.3692
  batch 20/264  loss=0.3408
  batch 30/264  loss=0.3641
  batch 40/264  loss=0.3308
  batch 50/264  loss=0.3350
  batch 60/264  loss=0.3515
  batch 70/264  loss=0.3781
  batch 80/264  loss=0.3200
  batch 90/264  loss=0.4277
  batch 100/264  loss=0.3980
  batch 110/264  loss=0.3753
  batch 120/264  loss=0.3428
  batch 130/264  loss=0.3770
  batch 140/264  loss=0.3730
  batch 150/264  loss=0.3660
  batch 160/264  loss=0.4441
  batch 170/264  loss=0.3966
  batch 180/264  loss=0.4282
  batch 190/264  loss=0.4514
  batch 200/264  loss=0.5011
  batch 210/264  loss=0.4625
  batch 220/264  loss=0.3478
  batch 230/264  loss=0.3028
  batch 240/264  loss=0.3159
  batch 250/264  loss=0.2830
  batch 260/264  loss=0.2791
Epoch 210/300  train=3.681e-01  rmse=2.6551  lr=5.0e-05  228s
  batch 10/264  loss=0.3103
  batch 20/264  loss=0.4817
  batch 30/264  loss=0.3206
  batch 40/264  loss=0.3101
  batch 50/264  loss=0.4221
  batch 60/264  loss=0.4481
  batch 70/264  loss=0.2817
  batch 80/264  loss=0.4073
  batch 90/264  loss=0.4850
  batch 100/264  loss=0.4618
  batch 110/264  loss=0.4137
  batch 120/264  loss=0.3463
  batch 130/264  loss=0.2889
  batch 140/264  loss=0.3727
  batch 150/264  loss=0.3686
  batch 160/264  loss=0.4798
  batch 170/264  loss=0.3644
  batch 180/264  loss=0.3677
  batch 190/264  loss=0.3813
  batch 200/264  loss=0.3489
  batch 210/264  loss=0.2646
  batch 220/264  loss=0.3309
  batch 230/264  loss=0.3478
  batch 240/264  loss=0.4358
  batch 250/264  loss=0.3431
  batch 260/264  loss=0.3621
Epoch 211/300  train=3.672e-01  rmse=2.1536  lr=5.0e-05  229s
  batch 10/264  loss=0.4413
  batch 20/264  loss=0.4191
  batch 30/264  loss=0.3075
  batch 40/264  loss=0.3471
  batch 50/264  loss=0.3309
  batch 60/264  loss=0.2753
  batch 70/264  loss=0.2818
  batch 80/264  loss=0.3369
  batch 90/264  loss=0.3011
  batch 100/264  loss=0.6231
  batch 110/264  loss=0.3342
  batch 120/264  loss=0.4080
  batch 130/264  loss=0.3046
  batch 140/264  loss=0.3013
  batch 150/264  loss=0.3212
  batch 160/264  loss=0.4645
  batch 170/264  loss=0.3982
  batch 180/264  loss=0.2876
  batch 190/264  loss=0.3676
  batch 200/264  loss=0.2917
  batch 210/264  loss=0.4701
  batch 220/264  loss=0.4166
  batch 230/264  loss=0.3075
  batch 240/264  loss=0.2805
  batch 250/264  loss=0.3963
  batch 260/264  loss=0.4405
Epoch 212/300  train=3.677e-01  rmse=2.5188  lr=5.0e-05  230s
  batch 10/264  loss=0.3565
  batch 20/264  loss=0.2931
  batch 30/264  loss=0.2627
  batch 40/264  loss=0.3200
  batch 50/264  loss=0.3874
  batch 60/264  loss=0.3365
  batch 70/264  loss=0.3361
  batch 80/264  loss=0.3513
  batch 90/264  loss=0.3983
  batch 100/264  loss=0.3605
  batch 110/264  loss=0.4005
  batch 120/264  loss=0.2894
  batch 130/264  loss=0.3001
  batch 140/264  loss=0.3461
  batch 150/264  loss=0.3040
  batch 160/264  loss=0.3154
  batch 170/264  loss=0.3247
  batch 180/264  loss=0.3328
  batch 190/264  loss=0.3660
  batch 200/264  loss=0.3556
  batch 210/264  loss=0.3603
  batch 220/264  loss=0.3088
  batch 230/264  loss=0.3078
  batch 240/264  loss=0.3884
  batch 250/264  loss=0.5658
  batch 260/264  loss=0.2924
Epoch 213/300  train=3.643e-01  rmse=4.6567  lr=5.0e-05  228s
  -> best  monitor=3.643e-01
  batch 10/264  loss=0.4134
  batch 20/264  loss=0.3201
  batch 30/264  loss=0.2734
  batch 40/264  loss=0.3906
  batch 50/264  loss=0.3037
  batch 60/264  loss=0.3508
  batch 70/264  loss=0.6261
  batch 80/264  loss=0.6296
  batch 90/264  loss=0.4005
  batch 100/264  loss=0.2881
  batch 110/264  loss=0.3738
  batch 120/264  loss=0.3247
  batch 130/264  loss=0.3812
  batch 140/264  loss=0.3020
  batch 150/264  loss=0.4438
  batch 160/264  loss=0.3024
  batch 170/264  loss=0.4443
  batch 180/264  loss=0.3651
  batch 190/264  loss=0.4062
  batch 200/264  loss=0.3463
  batch 210/264  loss=0.3056
  batch 220/264  loss=0.3620
  batch 230/264  loss=0.2935
  batch 240/264  loss=0.2921
  batch 250/264  loss=0.3820
  batch 260/264  loss=0.3010
Epoch 214/300  train=3.670e-01  rmse=1.9176  lr=5.0e-05  228s
  batch 10/264  loss=0.3113
  batch 20/264  loss=0.3676
  batch 30/264  loss=0.3891
  batch 40/264  loss=0.3559
  batch 50/264  loss=0.4827
  batch 60/264  loss=0.3070
  batch 70/264  loss=0.3848
  batch 80/264  loss=0.3598
  batch 90/264  loss=0.4054
  batch 100/264  loss=0.4449
  batch 110/264  loss=0.3024
  batch 120/264  loss=0.3182
  batch 130/264  loss=0.3826
  batch 140/264  loss=0.3130
  batch 150/264  loss=0.3199
  batch 160/264  loss=0.3796
  batch 170/264  loss=0.4149
  batch 180/264  loss=0.4375
  batch 190/264  loss=0.2822
  batch 200/264  loss=0.4051
  batch 210/264  loss=0.3106
  batch 220/264  loss=0.2927
  batch 230/264  loss=0.2732
  batch 240/264  loss=0.3153
  batch 250/264  loss=0.3488
  batch 260/264  loss=0.2822
Epoch 215/300  train=3.666e-01  rmse=1.9371  lr=5.0e-05  228s
  batch 10/264  loss=0.3382
  batch 20/264  loss=0.4950
  batch 30/264  loss=0.3891
  batch 40/264  loss=0.3309
  batch 50/264  loss=0.3660
  batch 60/264  loss=0.3438
  batch 70/264  loss=0.3450
  batch 80/264  loss=0.4298
  batch 90/264  loss=0.3226
  batch 100/264  loss=0.3234
  batch 110/264  loss=0.3342
  batch 120/264  loss=0.3275
  batch 130/264  loss=0.5105
  batch 140/264  loss=0.3058
  batch 150/264  loss=0.3060
  batch 160/264  loss=0.4118
  batch 170/264  loss=0.3469
  batch 180/264  loss=0.4631
  batch 190/264  loss=0.3927
  batch 200/264  loss=0.4236
  batch 210/264  loss=0.3620
  batch 220/264  loss=0.4469
  batch 230/264  loss=0.3025
  batch 240/264  loss=0.4872
  batch 250/264  loss=0.3470
  batch 260/264  loss=0.5267
Epoch 216/300  train=3.639e-01  rmse=4.3769  lr=5.0e-05  228s
  -> best  monitor=3.639e-01
  batch 10/264  loss=0.3301
  batch 20/264  loss=0.4395
  batch 30/264  loss=0.2989
  batch 40/264  loss=0.3973
  batch 50/264  loss=0.4120
  batch 60/264  loss=0.3578
  batch 70/264  loss=0.4059
  batch 80/264  loss=0.3435
  batch 90/264  loss=0.3224
  batch 100/264  loss=0.3692
  batch 110/264  loss=0.3152
  batch 120/264  loss=0.3364
  batch 130/264  loss=0.3481
  batch 140/264  loss=0.3437
  batch 150/264  loss=0.2629
  batch 160/264  loss=0.2600
  batch 170/264  loss=0.2858
  batch 180/264  loss=0.4475
  batch 190/264  loss=0.2818
  batch 200/264  loss=0.4229
  batch 210/264  loss=0.5198
  batch 220/264  loss=0.2854
  batch 230/264  loss=0.2779
  batch 240/264  loss=0.3306
  batch 250/264  loss=0.3297
  batch 260/264  loss=0.2957
Epoch 217/300  train=3.655e-01  rmse=1.9741  lr=5.0e-05  229s
  batch 10/264  loss=0.4354
  batch 20/264  loss=0.3738
  batch 30/264  loss=0.2734
  batch 40/264  loss=0.4551
  batch 50/264  loss=0.2758
  batch 60/264  loss=0.3067
  batch 70/264  loss=0.5593
  batch 80/264  loss=0.3776
  batch 90/264  loss=0.3179
  batch 100/264  loss=0.2854
  batch 110/264  loss=0.3620
  batch 120/264  loss=0.3731
  batch 130/264  loss=0.3784
  batch 140/264  loss=0.3205
  batch 150/264  loss=0.3190
  batch 160/264  loss=0.3767
  batch 170/264  loss=0.2528
  batch 180/264  loss=0.4179
  batch 190/264  loss=0.3097
  batch 200/264  loss=0.3331
  batch 210/264  loss=0.5271
  batch 220/264  loss=0.2765
  batch 230/264  loss=0.2864
  batch 240/264  loss=0.3442
  batch 250/264  loss=0.2973
  batch 260/264  loss=0.4450
Epoch 218/300  train=3.678e-01  rmse=1.9027  lr=5.0e-05  228s
  batch 10/264  loss=0.3360
  batch 20/264  loss=0.4201
  batch 30/264  loss=0.3850
  batch 40/264  loss=0.7578
  batch 50/264  loss=0.2910
  batch 60/264  loss=0.3940
  batch 70/264  loss=0.5696
  batch 80/264  loss=0.3583
  batch 90/264  loss=0.5397
  batch 100/264  loss=0.4042
  batch 110/264  loss=0.3374
  batch 120/264  loss=0.2720
  batch 130/264  loss=0.3499
  batch 140/264  loss=0.2852
  batch 150/264  loss=0.2996
  batch 160/264  loss=0.4024
  batch 170/264  loss=0.5387
  batch 180/264  loss=0.3570
  batch 190/264  loss=0.2891
  batch 200/264  loss=0.3750
  batch 210/264  loss=0.3631
  batch 220/264  loss=0.4085
  batch 230/264  loss=0.3505
  batch 240/264  loss=0.3431
  batch 250/264  loss=0.3299
  batch 260/264  loss=0.5034
Epoch 219/300  train=3.652e-01  rmse=1.8821  lr=5.0e-05  228s
  batch 10/264  loss=0.3445
  batch 20/264  loss=0.5794
  batch 30/264  loss=0.3370
  batch 40/264  loss=0.4814
  batch 50/264  loss=0.4327
  batch 60/264  loss=0.3703
  batch 70/264  loss=0.2805
  batch 80/264  loss=0.2904
  batch 90/264  loss=0.3173
  batch 100/264  loss=0.4372
  batch 110/264  loss=0.3479
  batch 120/264  loss=0.3331
  batch 130/264  loss=0.4322
  batch 140/264  loss=0.2675
  batch 150/264  loss=0.2804
  batch 160/264  loss=0.4604
  batch 170/264  loss=0.3823
  batch 180/264  loss=0.2907
  batch 190/264  loss=0.3240
  batch 200/264  loss=0.3459
  batch 210/264  loss=0.3541
  batch 220/264  loss=0.3694
  batch 230/264  loss=0.3206
  batch 240/264  loss=0.3814
  batch 250/264  loss=0.3361
  batch 260/264  loss=0.5508
Epoch 220/300  train=3.657e-01  rmse=3.3873  lr=5.0e-05  228s
  batch 10/264  loss=0.4059
  batch 20/264  loss=0.2913
  batch 30/264  loss=0.4177
  batch 40/264  loss=0.3602
  batch 50/264  loss=0.3629
  batch 60/264  loss=0.3531
  batch 70/264  loss=0.3903
  batch 80/264  loss=0.4691
  batch 90/264  loss=0.2922
  batch 100/264  loss=0.3461
  batch 110/264  loss=0.3001
  batch 120/264  loss=0.4191
  batch 130/264  loss=0.3299
  batch 140/264  loss=0.3904
  batch 150/264  loss=0.4597
  batch 160/264  loss=0.3975
  batch 170/264  loss=0.3720
  batch 180/264  loss=0.3155
  batch 190/264  loss=0.3036
  batch 200/264  loss=0.3578
  batch 210/264  loss=0.3514
  batch 220/264  loss=0.2748
  batch 230/264  loss=0.3376
  batch 240/264  loss=0.3328
  batch 250/264  loss=0.3726
  batch 260/264  loss=0.2846
Epoch 221/300  train=3.648e-01  rmse=2.3398  lr=5.0e-05  229s
  batch 10/264  loss=0.4019
  batch 20/264  loss=0.2924
  batch 30/264  loss=0.2851
  batch 40/264  loss=0.3968
  batch 50/264  loss=0.4577
  batch 60/264  loss=0.3397
  batch 70/264  loss=0.3205
  batch 80/264  loss=0.2998
  batch 90/264  loss=0.3406
  batch 100/264  loss=0.3736
  batch 110/264  loss=0.3312
  batch 120/264  loss=0.2843
  batch 130/264  loss=0.3435
  batch 140/264  loss=0.3130
  batch 150/264  loss=0.3687
  batch 160/264  loss=0.2839
  batch 170/264  loss=0.3063
  batch 180/264  loss=0.3109
  batch 190/264  loss=0.3466
  batch 200/264  loss=0.2702
  batch 210/264  loss=0.3239
  batch 220/264  loss=0.5121
  batch 230/264  loss=0.3817
  batch 240/264  loss=0.3353
  batch 250/264  loss=0.4789
  batch 260/264  loss=0.3787
Epoch 222/300  train=3.677e-01  rmse=2.8541  lr=5.0e-05  229s
  batch 10/264  loss=0.4316
  batch 20/264  loss=0.3029
  batch 30/264  loss=0.3051
  batch 40/264  loss=0.3561
  batch 50/264  loss=0.4102
  batch 60/264  loss=0.3228
  batch 70/264  loss=0.3586
  batch 80/264  loss=0.3009
  batch 90/264  loss=0.2872
  batch 100/264  loss=0.3440
  batch 110/264  loss=0.3256
  batch 120/264  loss=0.3954
  batch 130/264  loss=0.3524
  batch 140/264  loss=0.3827
  batch 150/264  loss=0.3875
  batch 160/264  loss=0.3196
  batch 170/264  loss=0.2903
  batch 180/264  loss=0.4009
  batch 190/264  loss=0.3787
  batch 200/264  loss=0.3866
  batch 210/264  loss=0.3234
  batch 220/264  loss=0.3230
  batch 230/264  loss=0.3443
  batch 240/264  loss=0.3832
  batch 250/264  loss=0.4958
  batch 260/264  loss=0.4981
Epoch 223/300  train=3.605e-01  rmse=2.5622  lr=5.0e-05  228s
  -> best  monitor=3.605e-01
  batch 10/264  loss=0.3992
  batch 20/264  loss=0.3724
  batch 30/264  loss=0.3530
  batch 40/264  loss=0.3341
  batch 50/264  loss=0.3850
  batch 60/264  loss=0.2836
  batch 70/264  loss=0.2584
  batch 80/264  loss=0.6414
  batch 90/264  loss=0.3078
  batch 100/264  loss=0.3349
  batch 110/264  loss=0.4633
  batch 120/264  loss=0.3518
  batch 130/264  loss=0.3028
  batch 140/264  loss=0.3776
  batch 150/264  loss=0.4321
  batch 160/264  loss=0.3260
  batch 170/264  loss=0.3192
  batch 180/264  loss=0.4096
  batch 190/264  loss=0.4912
  batch 200/264  loss=0.4781
  batch 210/264  loss=0.4888
  batch 220/264  loss=0.3479
  batch 230/264  loss=0.3487
  batch 240/264  loss=0.3934
  batch 250/264  loss=0.3271
  batch 260/264  loss=0.3288
Epoch 224/300  train=3.641e-01  rmse=2.4369  lr=5.0e-05  228s
  batch 10/264  loss=0.2889
  batch 20/264  loss=0.3085
  batch 30/264  loss=0.5202
  batch 40/264  loss=0.2980
  batch 50/264  loss=0.3653
  batch 60/264  loss=0.3363
  batch 70/264  loss=0.2729
  batch 80/264  loss=0.3377
  batch 90/264  loss=0.3258
  batch 100/264  loss=0.2826
  batch 110/264  loss=0.9731
  batch 120/264  loss=0.2993
  batch 130/264  loss=0.2997
  batch 140/264  loss=0.2888
  batch 150/264  loss=0.4835
  batch 160/264  loss=0.2766
  batch 170/264  loss=0.3778
  batch 180/264  loss=0.3129
  batch 190/264  loss=0.3507
  batch 200/264  loss=0.3864
  batch 210/264  loss=0.3695
  batch 220/264  loss=0.3075
  batch 230/264  loss=0.3243
  batch 240/264  loss=0.5093
  batch 250/264  loss=0.3231
  batch 260/264  loss=0.5479
Epoch 225/300  train=3.643e-01  rmse=2.4743  lr=5.0e-05  230s
  batch 10/264  loss=0.2848
  batch 20/264  loss=0.3488
  batch 30/264  loss=0.4497
  batch 40/264  loss=0.3635
  batch 50/264  loss=0.3355
  batch 60/264  loss=0.3842
  batch 70/264  loss=0.3083
  batch 80/264  loss=0.4701
  batch 90/264  loss=0.3226
  batch 100/264  loss=0.2894
  batch 110/264  loss=0.3533
  batch 120/264  loss=0.3459
  batch 130/264  loss=0.5162
  batch 140/264  loss=0.4358
  batch 150/264  loss=0.3004
  batch 160/264  loss=0.5163
  batch 170/264  loss=0.4115
  batch 180/264  loss=0.4116
  batch 190/264  loss=0.3380
  batch 200/264  loss=0.3297
  batch 210/264  loss=0.4062
  batch 220/264  loss=0.2944
  batch 230/264  loss=0.4090
  batch 240/264  loss=0.2718
  batch 250/264  loss=0.4235
  batch 260/264  loss=0.3146
Epoch 226/300  train=3.623e-01  rmse=3.3398  lr=5.0e-05  229s
  batch 10/264  loss=0.3654
  batch 20/264  loss=0.4604
  batch 30/264  loss=0.4786
  batch 40/264  loss=0.3528
  batch 50/264  loss=0.3701
  batch 60/264  loss=0.2946
  batch 70/264  loss=0.3736
  batch 80/264  loss=0.3645
  batch 90/264  loss=0.3328
  batch 100/264  loss=0.2960
  batch 110/264  loss=0.4146
  batch 120/264  loss=0.2957
  batch 130/264  loss=0.2656
  batch 140/264  loss=0.5633
  batch 150/264  loss=0.4635
  batch 160/264  loss=0.2697
  batch 170/264  loss=0.2977
  batch 180/264  loss=0.3598
  batch 190/264  loss=0.3041
  batch 200/264  loss=0.3122
  batch 210/264  loss=0.3306
  batch 220/264  loss=0.3298
  batch 230/264  loss=0.3136
  batch 240/264  loss=0.3244
  batch 250/264  loss=0.3051
  batch 260/264  loss=0.4408
Epoch 227/300  train=3.624e-01  rmse=2.3304  lr=5.0e-05  227s
  batch 10/264  loss=0.2949
  batch 20/264  loss=0.3164
  batch 30/264  loss=0.5453
  batch 40/264  loss=0.3026
  batch 50/264  loss=0.3401
  batch 60/264  loss=0.5293
  batch 70/264  loss=0.3306
  batch 80/264  loss=0.3598
  batch 90/264  loss=0.4283
  batch 100/264  loss=0.3002
  batch 110/264  loss=0.3691
  batch 120/264  loss=0.2982
  batch 130/264  loss=0.3405
  batch 140/264  loss=0.4209
  batch 150/264  loss=0.2688
  batch 160/264  loss=0.3645
  batch 170/264  loss=0.4017
  batch 180/264  loss=0.2951
  batch 190/264  loss=0.4113
  batch 200/264  loss=0.4084
  batch 210/264  loss=0.3262
  batch 220/264  loss=0.4072
  batch 230/264  loss=0.2929
  batch 240/264  loss=0.3215
  batch 250/264  loss=0.2505
  batch 260/264  loss=0.7029
Epoch 228/300  train=3.646e-01  rmse=2.2847  lr=5.0e-05  229s
  batch 10/264  loss=0.3438
  batch 20/264  loss=0.3820
  batch 30/264  loss=0.3253
  batch 40/264  loss=0.3634
  batch 50/264  loss=0.3120
  batch 60/264  loss=0.4155
  batch 70/264  loss=0.4058
  batch 80/264  loss=0.3593
  batch 90/264  loss=0.3735
  batch 100/264  loss=0.2895
  batch 110/264  loss=0.4213
  batch 120/264  loss=0.2559
  batch 130/264  loss=0.3667
  batch 140/264  loss=0.4873
  batch 150/264  loss=0.3182
  batch 160/264  loss=0.3164
  batch 170/264  loss=0.4992
  batch 180/264  loss=0.3499
  batch 190/264  loss=0.3512
  batch 200/264  loss=0.3768
  batch 210/264  loss=0.3998
  batch 220/264  loss=0.3861
  batch 230/264  loss=0.3455
  batch 240/264  loss=0.4444
  batch 250/264  loss=0.3397
  batch 260/264  loss=0.3769
Epoch 229/300  train=3.669e-01  rmse=2.5847  lr=5.0e-05  228s
  batch 10/264  loss=0.3136
  batch 20/264  loss=0.3537
  batch 30/264  loss=0.3473
  batch 40/264  loss=0.3382
  batch 50/264  loss=0.2510
  batch 60/264  loss=0.2740
  batch 70/264  loss=0.5004
  batch 80/264  loss=0.2711
  batch 90/264  loss=0.4437
  batch 100/264  loss=0.3254
  batch 110/264  loss=0.3910
  batch 120/264  loss=0.2891
  batch 130/264  loss=0.3141
  batch 140/264  loss=0.3659
  batch 150/264  loss=0.3372
  batch 160/264  loss=0.5220
  batch 170/264  loss=0.4237
  batch 180/264  loss=0.3276
  batch 190/264  loss=0.3839
  batch 200/264  loss=0.3816
  batch 210/264  loss=0.4674
  batch 220/264  loss=0.4386
  batch 230/264  loss=0.2978
  batch 240/264  loss=0.4579
  batch 250/264  loss=0.3344
  batch 260/264  loss=0.3554
Epoch 230/300  train=3.617e-01  rmse=2.5172  lr=5.0e-05  228s
  batch 10/264  loss=0.3129
  batch 20/264  loss=0.3856
  batch 30/264  loss=0.4173
  batch 40/264  loss=0.3334
  batch 50/264  loss=0.4127
  batch 60/264  loss=0.3101
  batch 70/264  loss=0.3787
  batch 80/264  loss=0.3028
  batch 90/264  loss=0.3311
  batch 100/264  loss=0.3221
  batch 110/264  loss=0.7268
  batch 120/264  loss=0.3247
  batch 130/264  loss=0.3471
  batch 140/264  loss=0.2588
  batch 150/264  loss=0.3119
  batch 160/264  loss=0.7303
  batch 170/264  loss=0.4258
  batch 180/264  loss=0.3239
  batch 190/264  loss=0.3423
  batch 200/264  loss=0.4047
  batch 210/264  loss=0.2854
  batch 220/264  loss=0.3114
  batch 230/264  loss=0.5173
  batch 240/264  loss=0.3274
  batch 250/264  loss=0.2934
  batch 260/264  loss=0.2846
Epoch 231/300  train=3.596e-01  rmse=3.2212  lr=5.0e-05  229s
  -> best  monitor=3.596e-01
  batch 10/264  loss=0.3277
  batch 20/264  loss=0.3151
  batch 30/264  loss=0.3494
  batch 40/264  loss=0.3037
  batch 50/264  loss=0.2797
  batch 60/264  loss=0.3974
  batch 70/264  loss=0.3270
  batch 80/264  loss=0.4222
  batch 90/264  loss=0.2952
  batch 100/264  loss=0.4534
  batch 110/264  loss=0.2789
  batch 120/264  loss=0.3184
  batch 130/264  loss=0.4797
  batch 140/264  loss=0.2586
  batch 150/264  loss=0.3284
  batch 160/264  loss=0.3251
  batch 170/264  loss=0.3796
  batch 180/264  loss=0.6440
  batch 190/264  loss=0.5001
  batch 200/264  loss=0.3866
  batch 210/264  loss=0.3254
  batch 220/264  loss=0.3108
  batch 230/264  loss=0.4910
  batch 240/264  loss=0.3848
  batch 250/264  loss=0.4113
  batch 260/264  loss=0.3634
Epoch 232/300  train=3.638e-01  rmse=2.7544  lr=5.0e-05  229s
  batch 10/264  loss=0.3022
  batch 20/264  loss=0.3142
  batch 30/264  loss=0.3315
  batch 40/264  loss=0.3742
  batch 50/264  loss=0.3950
  batch 60/264  loss=0.3183
  batch 70/264  loss=0.3781
  batch 80/264  loss=0.2678
  batch 90/264  loss=0.2802
  batch 100/264  loss=0.2702
  batch 110/264  loss=0.2635
  batch 120/264  loss=0.3815
  batch 130/264  loss=0.7005
  batch 140/264  loss=0.3067
  batch 150/264  loss=0.3223
  batch 160/264  loss=0.4385
  batch 170/264  loss=0.4387
  batch 180/264  loss=0.3587
  batch 190/264  loss=0.4795
  batch 200/264  loss=0.4321
  batch 210/264  loss=0.3384
  batch 220/264  loss=0.3125
  batch 230/264  loss=0.3552
  batch 240/264  loss=0.3885
  batch 250/264  loss=0.5380
  batch 260/264  loss=0.5445
Epoch 233/300  train=3.637e-01  rmse=5.8389  lr=5.0e-05  228s
  batch 10/264  loss=0.2937
  batch 20/264  loss=0.2565
  batch 30/264  loss=0.3246
  batch 40/264  loss=0.2802
  batch 50/264  loss=0.3112
  batch 60/264  loss=0.4206
  batch 70/264  loss=0.4225
  batch 80/264  loss=0.3866
  batch 90/264  loss=0.3715
  batch 100/264  loss=0.2966
  batch 110/264  loss=0.3670
  batch 120/264  loss=0.2738
  batch 130/264  loss=0.3508
  batch 140/264  loss=0.2958
  batch 150/264  loss=0.3075
  batch 160/264  loss=0.5278
  batch 170/264  loss=0.3400
  batch 180/264  loss=0.4471
  batch 190/264  loss=0.3535
  batch 200/264  loss=0.3429
  batch 210/264  loss=0.3472
  batch 220/264  loss=0.3410
  batch 230/264  loss=0.2953
  batch 240/264  loss=0.3833
  batch 250/264  loss=0.2375
  batch 260/264  loss=0.3224
Epoch 234/300  train=3.623e-01  rmse=2.2111  lr=5.0e-05  228s
  batch 10/264  loss=0.3083
  batch 20/264  loss=0.3494
  batch 30/264  loss=0.3494
  batch 40/264  loss=0.4180
  batch 50/264  loss=0.3462
  batch 60/264  loss=0.2740
  batch 70/264  loss=0.4730
  batch 80/264  loss=0.2797
  batch 90/264  loss=0.5264
  batch 100/264  loss=0.3689
  batch 110/264  loss=0.3075
  batch 120/264  loss=0.4288
  batch 130/264  loss=0.3220
  batch 140/264  loss=0.4234
  batch 150/264  loss=0.3629
  batch 160/264  loss=0.3332
  batch 170/264  loss=0.4474
  batch 180/264  loss=0.3361
  batch 190/264  loss=0.3431
  batch 200/264  loss=0.2802
  batch 210/264  loss=0.4791
  batch 220/264  loss=0.3450
  batch 230/264  loss=0.2897
  batch 240/264  loss=0.4187
  batch 250/264  loss=0.3283
  batch 260/264  loss=0.2764
Epoch 235/300  train=3.638e-01  rmse=1.6113  lr=5.0e-05  228s
  batch 10/264  loss=0.2737
  batch 20/264  loss=0.2949
  batch 30/264  loss=0.3950
  batch 40/264  loss=0.2927
  batch 50/264  loss=0.3900
  batch 60/264  loss=0.3095
  batch 70/264  loss=0.3044
  batch 80/264  loss=0.5273
  batch 90/264  loss=0.3169
  batch 100/264  loss=0.3057
  batch 110/264  loss=0.3674
  batch 120/264  loss=0.4872
  batch 130/264  loss=0.4336
  batch 140/264  loss=0.2862
  batch 150/264  loss=0.4096
  batch 160/264  loss=0.3962
  batch 170/264  loss=0.3144
  batch 180/264  loss=0.3331
  batch 190/264  loss=0.6070
  batch 200/264  loss=0.4141
  batch 210/264  loss=0.3831
  batch 220/264  loss=0.2837
  batch 230/264  loss=0.2852
  batch 240/264  loss=0.5053
  batch 250/264  loss=0.3939
  batch 260/264  loss=0.2910
Epoch 236/300  train=3.577e-01  rmse=3.5574  lr=5.0e-05  230s
  -> best  monitor=3.577e-01
  batch 10/264  loss=0.4536
  batch 20/264  loss=0.4037
  batch 30/264  loss=0.3089
  batch 40/264  loss=0.4215
  batch 50/264  loss=0.3371
  batch 60/264  loss=0.2876
  batch 70/264  loss=0.5537
  batch 80/264  loss=0.3299
  batch 90/264  loss=0.4313
  batch 100/264  loss=0.3702
  batch 110/264  loss=0.2909
  batch 120/264  loss=0.3044
  batch 130/264  loss=0.3316
  batch 140/264  loss=0.3599
  batch 150/264  loss=0.3995
  batch 160/264  loss=0.3300
  batch 170/264  loss=0.4064
  batch 180/264  loss=0.3517
  batch 190/264  loss=0.3665
  batch 200/264  loss=0.3131
  batch 210/264  loss=0.3235
  batch 220/264  loss=0.3370
  batch 230/264  loss=0.3695
  batch 240/264  loss=0.3620
  batch 250/264  loss=0.2664
  batch 260/264  loss=0.3091
Epoch 237/300  train=3.594e-01  rmse=2.1884  lr=5.0e-05  230s
  batch 10/264  loss=0.3750
  batch 20/264  loss=0.2857
  batch 30/264  loss=0.3264
  batch 40/264  loss=0.4250
  batch 50/264  loss=0.3145
  batch 60/264  loss=0.3490
  batch 70/264  loss=0.3311
  batch 80/264  loss=0.4410
  batch 90/264  loss=0.3094
  batch 100/264  loss=0.4489
  batch 110/264  loss=0.4220
  batch 120/264  loss=0.3539
  batch 130/264  loss=0.3061
  batch 140/264  loss=0.3591
  batch 150/264  loss=0.3520
  batch 160/264  loss=0.3885
  batch 170/264  loss=0.3021
  batch 180/264  loss=0.2795
  batch 190/264  loss=0.3353
  batch 200/264  loss=0.2876
  batch 210/264  loss=0.3396
  batch 220/264  loss=0.3695
  batch 230/264  loss=0.3563
  batch 240/264  loss=0.3082
  batch 250/264  loss=0.2939
  batch 260/264  loss=0.3433
Epoch 238/300  train=3.630e-01  rmse=1.7961  lr=5.0e-05  229s
  batch 10/264  loss=0.3290
  batch 20/264  loss=0.3801
  batch 30/264  loss=0.4024
  batch 40/264  loss=0.3051
  batch 50/264  loss=0.3141
  batch 60/264  loss=0.3970
  batch 70/264  loss=0.2762
  batch 80/264  loss=0.2947
  batch 90/264  loss=0.3326
  batch 100/264  loss=0.2916
  batch 110/264  loss=0.4181
  batch 120/264  loss=0.2990
  batch 130/264  loss=0.4562
  batch 140/264  loss=0.5049
  batch 150/264  loss=0.3821
  batch 160/264  loss=0.3151
  batch 170/264  loss=0.3184
  batch 180/264  loss=0.2916
  batch 190/264  loss=0.3629
  batch 200/264  loss=0.3097
  batch 210/264  loss=0.3809
  batch 220/264  loss=0.2693
  batch 230/264  loss=0.4935
  batch 240/264  loss=0.3101
  batch 250/264  loss=0.6845
  batch 260/264  loss=0.4695
Epoch 239/300  train=3.652e-01  rmse=3.2855  lr=5.0e-05  228s
  batch 10/264  loss=0.3217
  batch 20/264  loss=0.3350
  batch 30/264  loss=0.3504
  batch 40/264  loss=0.4194
  batch 50/264  loss=0.2831
  batch 60/264  loss=0.3267
  batch 70/264  loss=0.3332
  batch 80/264  loss=0.4906
  batch 90/264  loss=0.2775
  batch 100/264  loss=0.3515
  batch 110/264  loss=0.3494
  batch 120/264  loss=0.2924
  batch 130/264  loss=0.3375
  batch 140/264  loss=0.3420
  batch 150/264  loss=0.3070
  batch 160/264  loss=0.4302
  batch 170/264  loss=0.3654
  batch 180/264  loss=0.3318
  batch 190/264  loss=0.3566
  batch 200/264  loss=0.4075
  batch 210/264  loss=0.3497
  batch 220/264  loss=0.3111
  batch 230/264  loss=0.2897
  batch 240/264  loss=0.3780
  batch 250/264  loss=0.3052
  batch 260/264  loss=0.5657
Epoch 240/300  train=3.573e-01  rmse=1.7603  lr=5.0e-05  229s
  -> best  monitor=3.573e-01
  batch 10/264  loss=0.3268
  batch 20/264  loss=0.3041
  batch 30/264  loss=0.3766
  batch 40/264  loss=0.3818
  batch 50/264  loss=0.3316
  batch 60/264  loss=0.3498
  batch 70/264  loss=0.3003
  batch 80/264  loss=0.3066
  batch 90/264  loss=0.2902
  batch 100/264  loss=0.2841
  batch 110/264  loss=0.3102
  batch 120/264  loss=0.4369
  batch 130/264  loss=0.3985
  batch 140/264  loss=0.3447
  batch 150/264  loss=0.4060
  batch 160/264  loss=0.3169
  batch 170/264  loss=0.3417
  batch 180/264  loss=0.5092
  batch 190/264  loss=0.2935
  batch 200/264  loss=0.3155
  batch 210/264  loss=0.3083
  batch 220/264  loss=0.4585
  batch 230/264  loss=0.3760
  batch 240/264  loss=0.2907
  batch 250/264  loss=0.4327
  batch 260/264  loss=0.3941
Epoch 241/300  train=3.590e-01  rmse=3.2309  lr=5.0e-05  229s
  batch 10/264  loss=0.2739
  batch 20/264  loss=0.2749
  batch 30/264  loss=0.3924
  batch 40/264  loss=0.3959
  batch 50/264  loss=0.2975
  batch 60/264  loss=0.2872
  batch 70/264  loss=0.4112
  batch 80/264  loss=0.4065
  batch 90/264  loss=0.3180
  batch 100/264  loss=0.3200
  batch 110/264  loss=0.3052
  batch 120/264  loss=0.3373
  batch 130/264  loss=0.3166
  batch 140/264  loss=0.2820
  batch 150/264  loss=0.4493
  batch 160/264  loss=0.3496
  batch 170/264  loss=0.4667
  batch 180/264  loss=0.3714
  batch 190/264  loss=0.3560
  batch 200/264  loss=0.2672
  batch 210/264  loss=0.2916
  batch 220/264  loss=0.2780
  batch 230/264  loss=0.4957
  batch 240/264  loss=0.3683
  batch 250/264  loss=0.3542
  batch 260/264  loss=0.3109
Epoch 242/300  train=3.650e-01  rmse=2.2850  lr=5.0e-05  228s
  batch 10/264  loss=0.2818
  batch 20/264  loss=0.3627
  batch 30/264  loss=0.3034
  batch 40/264  loss=0.2613
  batch 50/264  loss=0.4001
  batch 60/264  loss=0.2917
  batch 70/264  loss=0.3516
  batch 80/264  loss=0.4861
  batch 90/264  loss=0.2873
  batch 100/264  loss=0.6497
  batch 110/264  loss=0.7341
  batch 120/264  loss=0.4503
  batch 130/264  loss=0.3650
  batch 140/264  loss=0.3025
  batch 150/264  loss=0.3194
  batch 160/264  loss=0.3801
  batch 170/264  loss=0.2876
  batch 180/264  loss=0.4906
  batch 190/264  loss=0.3788
  batch 200/264  loss=0.3305
  batch 210/264  loss=0.2764
  batch 220/264  loss=0.3394
  batch 230/264  loss=0.3705
  batch 240/264  loss=0.3750
  batch 250/264  loss=0.4017
  batch 260/264  loss=0.3230
Epoch 243/300  train=3.638e-01  rmse=2.9397  lr=5.0e-05  229s
  batch 10/264  loss=0.3512
  batch 20/264  loss=0.4367
  batch 30/264  loss=0.4602
  batch 40/264  loss=0.3636
  batch 50/264  loss=0.3504
  batch 60/264  loss=0.6518
  batch 70/264  loss=0.3934
  batch 80/264  loss=0.3233
  batch 90/264  loss=0.2960
  batch 100/264  loss=0.3534
  batch 110/264  loss=0.3065
  batch 120/264  loss=0.2946
  batch 130/264  loss=0.3749
  batch 140/264  loss=0.2985
  batch 150/264  loss=0.3707
  batch 160/264  loss=0.5273
  batch 170/264  loss=0.4080
  batch 180/264  loss=0.3070
  batch 190/264  loss=0.3477
  batch 200/264  loss=0.3946
  batch 210/264  loss=0.2897
  batch 220/264  loss=0.2825
  batch 230/264  loss=0.3300
  batch 240/264  loss=0.3255
  batch 250/264  loss=0.3304
  batch 260/264  loss=0.3891
Epoch 244/300  train=3.591e-01  rmse=2.9943  lr=5.0e-05  230s
  batch 10/264  loss=0.2785
  batch 20/264  loss=0.3433
  batch 30/264  loss=0.3211
  batch 40/264  loss=0.3366
  batch 50/264  loss=0.3242
  batch 60/264  loss=0.3123
  batch 70/264  loss=0.3175
  batch 80/264  loss=0.3828
  batch 90/264  loss=0.4247
  batch 100/264  loss=0.5138
  batch 110/264  loss=0.4722
  batch 120/264  loss=0.5590
  batch 130/264  loss=0.3134
  batch 140/264  loss=0.3139
  batch 150/264  loss=0.3652
  batch 160/264  loss=0.2926
  batch 170/264  loss=0.4200
  batch 180/264  loss=0.3556
  batch 190/264  loss=0.3506
  batch 200/264  loss=0.2966
  batch 210/264  loss=0.3052
  batch 220/264  loss=0.3460
  batch 230/264  loss=0.3379
  batch 240/264  loss=0.2975
  batch 250/264  loss=0.6570
  batch 260/264  loss=0.2792
Epoch 245/300  train=3.612e-01  rmse=3.1187  lr=5.0e-05  234s
  batch 10/264  loss=0.3326
  batch 20/264  loss=0.3448
  batch 30/264  loss=0.3425
  batch 40/264  loss=0.3095
  batch 50/264  loss=0.4012
  batch 60/264  loss=0.3002
  batch 70/264  loss=0.2690
  batch 80/264  loss=0.3304
  batch 90/264  loss=0.4844
  batch 100/264  loss=0.3371
  batch 110/264  loss=0.3418
  batch 120/264  loss=0.3457
  batch 130/264  loss=0.3236
  batch 140/264  loss=0.3033
  batch 150/264  loss=0.2907
  batch 160/264  loss=0.2985
  batch 170/264  loss=0.3144
  batch 180/264  loss=0.5425
  batch 190/264  loss=0.2480
  batch 200/264  loss=0.4698
  batch 210/264  loss=0.3847
  batch 220/264  loss=0.3477
  batch 230/264  loss=0.3888
  batch 240/264  loss=0.3420
  batch 250/264  loss=0.6126
  batch 260/264  loss=0.5096
Epoch 246/300  train=3.607e-01  rmse=3.1421  lr=5.0e-05  234s
  batch 10/264  loss=0.3259
  batch 20/264  loss=0.3169
  batch 30/264  loss=0.3440
  batch 40/264  loss=0.3614
  batch 50/264  loss=0.3171
  batch 60/264  loss=0.3435
  batch 70/264  loss=0.3052
  batch 80/264  loss=0.3498
  batch 90/264  loss=0.4489
  batch 100/264  loss=0.2910
  batch 110/264  loss=0.2582
  batch 120/264  loss=0.2856
  batch 130/264  loss=0.3546
  batch 140/264  loss=0.2980
  batch 150/264  loss=0.4767
  batch 160/264  loss=0.3909
  batch 170/264  loss=0.3187
  batch 180/264  loss=0.4303
  batch 190/264  loss=0.4198
  batch 200/264  loss=0.3471
  batch 210/264  loss=0.3141
  batch 220/264  loss=0.4875
  batch 230/264  loss=0.3258
  batch 240/264  loss=0.2740
  batch 250/264  loss=0.2861
  batch 260/264  loss=0.3999
Epoch 247/300  train=3.590e-01  rmse=2.0725  lr=5.0e-05  235s
  batch 10/264  loss=0.3138
  batch 20/264  loss=0.4026
  batch 30/264  loss=0.2880
  batch 40/264  loss=0.3548
  batch 50/264  loss=0.2782
  batch 60/264  loss=0.3532
  batch 70/264  loss=0.4102
  batch 80/264  loss=0.3098
  batch 90/264  loss=0.3317
  batch 100/264  loss=0.3395
  batch 110/264  loss=0.3674
  batch 120/264  loss=0.3397
  batch 130/264  loss=0.3797
  batch 140/264  loss=0.2917
  batch 150/264  loss=0.3479
  batch 160/264  loss=0.2990
  batch 170/264  loss=0.3718
  batch 180/264  loss=0.3794
  batch 190/264  loss=0.3252
  batch 200/264  loss=0.3648
  batch 210/264  loss=0.3818
  batch 220/264  loss=0.3800
  batch 230/264  loss=0.2819
  batch 240/264  loss=0.3422
  batch 250/264  loss=0.4341
  batch 260/264  loss=0.5281
Epoch 248/300  train=3.609e-01  rmse=2.3459  lr=5.0e-05  235s
  batch 10/264  loss=0.3284
  batch 20/264  loss=0.5247
  batch 30/264  loss=0.3035
  batch 40/264  loss=0.3119
  batch 50/264  loss=0.3498
  batch 60/264  loss=0.3348
  batch 70/264  loss=0.3166
  batch 80/264  loss=0.3443
  batch 90/264  loss=0.3882
  batch 100/264  loss=0.3151
  batch 110/264  loss=0.3936
  batch 120/264  loss=0.4689
  batch 130/264  loss=0.4017
  batch 140/264  loss=0.3765
  batch 150/264  loss=0.3286
  batch 160/264  loss=0.3158
  batch 170/264  loss=0.2936
  batch 180/264  loss=0.4121
  batch 190/264  loss=0.2849
  batch 200/264  loss=0.6669
  batch 210/264  loss=0.3643
  batch 220/264  loss=0.3448
  batch 230/264  loss=0.4680
  batch 240/264  loss=0.4269
  batch 250/264  loss=0.3443
  batch 260/264  loss=0.3257
Epoch 249/300  train=3.630e-01  rmse=1.7809  lr=5.0e-05  234s
  batch 10/264  loss=0.3664
  batch 20/264  loss=0.6018
  batch 30/264  loss=0.3123
  batch 40/264  loss=0.4356
  batch 50/264  loss=0.3917
  batch 60/264  loss=0.3869
  batch 70/264  loss=0.3652
  batch 80/264  loss=0.3508
  batch 90/264  loss=0.3965
  batch 100/264  loss=0.3710
  batch 110/264  loss=0.2821
  batch 120/264  loss=0.4794
  batch 130/264  loss=0.3123
  batch 140/264  loss=0.4003
  batch 150/264  loss=0.3112
  batch 160/264  loss=0.4497
  batch 170/264  loss=0.2846
  batch 180/264  loss=0.3253
  batch 190/264  loss=0.4685
  batch 200/264  loss=0.3463
  batch 210/264  loss=0.3706
  batch 220/264  loss=0.4859
  batch 230/264  loss=0.4541
  batch 240/264  loss=0.4012
  batch 250/264  loss=0.3454
  batch 260/264  loss=0.2931
Epoch 250/300  train=3.603e-01  rmse=3.6264  lr=5.0e-05  234s
  batch 10/264  loss=0.2941
  batch 20/264  loss=0.3226
  batch 30/264  loss=0.2775
  batch 40/264  loss=0.3186
  batch 50/264  loss=0.2825
  batch 60/264  loss=0.3610
  batch 70/264  loss=0.3357
  batch 80/264  loss=0.3575
  batch 90/264  loss=0.4049
  batch 100/264  loss=0.3686
  batch 110/264  loss=0.4700
  batch 120/264  loss=0.4076
  batch 130/264  loss=0.3944
  batch 140/264  loss=0.3162
  batch 150/264  loss=0.3927
  batch 160/264  loss=0.3105
  batch 170/264  loss=0.5842
  batch 180/264  loss=0.3694
  batch 190/264  loss=0.3783
  batch 200/264  loss=0.3318
  batch 210/264  loss=0.3055
  batch 220/264  loss=0.2834
  batch 230/264  loss=0.3800
  batch 240/264  loss=0.4586
  batch 250/264  loss=0.3885
  batch 260/264  loss=0.3581
Epoch 251/300  train=3.563e-01  rmse=1.8099  lr=5.0e-05  234s
  -> best  monitor=3.563e-01
  batch 10/264  loss=0.4142
  batch 20/264  loss=0.5381
  batch 30/264  loss=0.2981
  batch 40/264  loss=0.3142
  batch 50/264  loss=0.3152
  batch 60/264  loss=1.0057
  batch 70/264  loss=0.3329
  batch 80/264  loss=0.2754
  batch 90/264  loss=0.3745
  batch 100/264  loss=0.3254
  batch 110/264  loss=0.4109
  batch 120/264  loss=0.3048
  batch 130/264  loss=0.2955
  batch 140/264  loss=0.3409
  batch 150/264  loss=0.2759
  batch 160/264  loss=0.3771
  batch 170/264  loss=0.3273
  batch 180/264  loss=0.3033
  batch 190/264  loss=0.3632
  batch 200/264  loss=0.3183
  batch 210/264  loss=0.3029
  batch 220/264  loss=0.3027
  batch 230/264  loss=0.3260
  batch 240/264  loss=0.3279
  batch 250/264  loss=0.3198
  batch 260/264  loss=0.2816
Epoch 252/300  train=3.626e-01  rmse=2.7796  lr=5.0e-05  232s
  batch 10/264  loss=0.4139
  batch 20/264  loss=0.2809
  batch 30/264  loss=0.2847
  batch 40/264  loss=0.2521
  batch 50/264  loss=0.2884
  batch 60/264  loss=0.3426
  batch 70/264  loss=0.3167
  batch 80/264  loss=0.3738
  batch 90/264  loss=0.4310
  batch 100/264  loss=0.2994
  batch 110/264  loss=0.3082
  batch 120/264  loss=0.3373
  batch 130/264  loss=0.6269
  batch 140/264  loss=0.4030
  batch 150/264  loss=0.3845
  batch 160/264  loss=0.3826
  batch 170/264  loss=0.2917
  batch 180/264  loss=0.3304
  batch 190/264  loss=0.3130
  batch 200/264  loss=0.2940
  batch 210/264  loss=0.4249
  batch 220/264  loss=0.2867
  batch 230/264  loss=0.3371
  batch 240/264  loss=0.2835
  batch 250/264  loss=0.3292
  batch 260/264  loss=0.3689
Epoch 253/300  train=3.554e-01  rmse=1.9435  lr=5.0e-05  231s
  -> best  monitor=3.554e-01
  batch 10/264  loss=0.3929
  batch 20/264  loss=0.3548
  batch 30/264  loss=0.2883
  batch 40/264  loss=0.3219
  batch 50/264  loss=0.2783
  batch 60/264  loss=0.2577
  batch 70/264  loss=0.4652
  batch 80/264  loss=0.3030
  batch 90/264  loss=0.3655
  batch 100/264  loss=0.4969
  batch 110/264  loss=0.3187
  batch 120/264  loss=0.6112
  batch 130/264  loss=0.4064
  batch 140/264  loss=0.3090
  batch 150/264  loss=0.4298
  batch 160/264  loss=0.3010
  batch 170/264  loss=0.3101
  batch 180/264  loss=0.2716
  batch 190/264  loss=0.3173
  batch 200/264  loss=0.2991
  batch 210/264  loss=0.2786
  batch 220/264  loss=0.3992
  batch 230/264  loss=0.4411
  batch 240/264  loss=0.5566
  batch 250/264  loss=0.3232
  batch 260/264  loss=0.3281
Epoch 254/300  train=3.624e-01  rmse=1.7580  lr=5.0e-05  228s
  batch 10/264  loss=0.3814
  batch 20/264  loss=0.2887
  batch 30/264  loss=0.3251
  batch 40/264  loss=0.3840
  batch 50/264  loss=0.3895
  batch 60/264  loss=0.6281
  batch 70/264  loss=0.5230
  batch 80/264  loss=0.3304
  batch 90/264  loss=0.3869
  batch 100/264  loss=0.3086
  batch 110/264  loss=0.3445
  batch 120/264  loss=0.3864
  batch 130/264  loss=0.2884
  batch 140/264  loss=0.3763
  batch 150/264  loss=0.4494
  batch 160/264  loss=0.2944
  batch 170/264  loss=0.3062
  batch 180/264  loss=0.4258
  batch 190/264  loss=0.4570
  batch 200/264  loss=0.3414
  batch 210/264  loss=0.4202
  batch 220/264  loss=0.3143
  batch 230/264  loss=0.3252
  batch 240/264  loss=0.4102
  batch 250/264  loss=0.3843
  batch 260/264  loss=0.3051
Epoch 255/300  train=3.591e-01  rmse=1.8984  lr=5.0e-05  230s
  batch 10/264  loss=0.3170
  batch 20/264  loss=0.3919
  batch 30/264  loss=0.2909
  batch 40/264  loss=0.3321
  batch 50/264  loss=0.3468
  batch 60/264  loss=0.2921
  batch 70/264  loss=0.4861
  batch 80/264  loss=0.3171
  batch 90/264  loss=0.3286
  batch 100/264  loss=0.3390
  batch 110/264  loss=0.3445
  batch 120/264  loss=0.3483
  batch 130/264  loss=0.2732
  batch 140/264  loss=0.3352
  batch 150/264  loss=0.3221
  batch 160/264  loss=0.3333
  batch 170/264  loss=0.3248
  batch 180/264  loss=0.2978
  batch 190/264  loss=0.3831
  batch 200/264  loss=0.3266
  batch 210/264  loss=0.5182
  batch 220/264  loss=0.4477
  batch 230/264  loss=0.2803
  batch 240/264  loss=0.4002
  batch 250/264  loss=0.3410
  batch 260/264  loss=0.3185
Epoch 256/300  train=3.565e-01  rmse=1.8833  lr=5.0e-05  230s
  batch 10/264  loss=0.3906
  batch 20/264  loss=0.3794
  batch 30/264  loss=0.3920
  batch 40/264  loss=0.4283
  batch 50/264  loss=0.3524
  batch 60/264  loss=0.2914
  batch 70/264  loss=0.2977
  batch 80/264  loss=0.2844
  batch 90/264  loss=0.2967
  batch 100/264  loss=0.3868
  batch 110/264  loss=0.2765
  batch 120/264  loss=0.2692
  batch 130/264  loss=0.3026
  batch 140/264  loss=0.4357
  batch 150/264  loss=0.5221
  batch 160/264  loss=0.2875
  batch 170/264  loss=0.2922
  batch 180/264  loss=0.3512
  batch 190/264  loss=0.3461
  batch 200/264  loss=0.3702
  batch 210/264  loss=0.2706
  batch 220/264  loss=0.3165
  batch 230/264  loss=0.2973
  batch 240/264  loss=0.3870
  batch 250/264  loss=0.2744
  batch 260/264  loss=0.5473
Epoch 257/300  train=3.583e-01  rmse=2.7443  lr=5.0e-05  230s
  batch 10/264  loss=0.5505
  batch 20/264  loss=0.3332
  batch 30/264  loss=0.2862
  batch 40/264  loss=0.2804
  batch 50/264  loss=0.3020
  batch 60/264  loss=0.3528
  batch 70/264  loss=0.2563
  batch 80/264  loss=0.3426
  batch 90/264  loss=0.3516
  batch 100/264  loss=0.3854
  batch 110/264  loss=0.2795
  batch 120/264  loss=0.2943
  batch 130/264  loss=0.3134
  batch 140/264  loss=0.3039
  batch 150/264  loss=0.3603
  batch 160/264  loss=0.3025
  batch 170/264  loss=0.3520
  batch 180/264  loss=0.3135
  batch 190/264  loss=0.3023
  batch 200/264  loss=0.2568
  batch 210/264  loss=0.3303
  batch 220/264  loss=0.3441
  batch 230/264  loss=0.3224
  batch 240/264  loss=0.3161
  batch 250/264  loss=0.4785
  batch 260/264  loss=0.3808
Epoch 258/300  train=3.556e-01  rmse=1.9745  lr=5.0e-05  230s
  batch 10/264  loss=0.2604
  batch 20/264  loss=0.3375
  batch 30/264  loss=0.3175
  batch 40/264  loss=0.3350
  batch 50/264  loss=0.3531
  batch 60/264  loss=0.2974
  batch 70/264  loss=0.3585
  batch 80/264  loss=0.3206
  batch 90/264  loss=0.4758
  batch 100/264  loss=0.3594
  batch 110/264  loss=0.3093
  batch 120/264  loss=0.2884
  batch 130/264  loss=0.2848
  batch 140/264  loss=0.4039
  batch 150/264  loss=0.3021
  batch 160/264  loss=0.4937
  batch 170/264  loss=0.3481
  batch 180/264  loss=0.2701
  batch 190/264  loss=0.3260
  batch 200/264  loss=0.3796
  batch 210/264  loss=0.3079
  batch 220/264  loss=0.3659
  batch 230/264  loss=0.3253
  batch 240/264  loss=0.2936
  batch 250/264  loss=0.2502
  batch 260/264  loss=0.3182
Epoch 259/300  train=3.547e-01  rmse=2.1899  lr=5.0e-05  230s
  -> best  monitor=3.547e-01
  batch 10/264  loss=0.3054
  batch 20/264  loss=0.3582
  batch 30/264  loss=0.3260
  batch 40/264  loss=0.3078
  batch 50/264  loss=0.2884
  batch 60/264  loss=0.5761
  batch 70/264  loss=0.3301
  batch 80/264  loss=0.2812
  batch 90/264  loss=0.3208
  batch 100/264  loss=0.3413
  batch 110/264  loss=0.3324
  batch 120/264  loss=0.3250
  batch 130/264  loss=0.2852
  batch 140/264  loss=0.3223
  batch 150/264  loss=0.2785
  batch 160/264  loss=0.3707
  batch 170/264  loss=0.2737
  batch 180/264  loss=0.3256
  batch 190/264  loss=0.3005
  batch 200/264  loss=0.3901
  batch 210/264  loss=0.3344
  batch 220/264  loss=0.3549
  batch 230/264  loss=0.5844
  batch 240/264  loss=0.3109
  batch 250/264  loss=0.3039
  batch 260/264  loss=0.3178
Epoch 260/300  train=3.543e-01  rmse=3.4963  lr=5.0e-05  230s
  -> best  monitor=3.543e-01
  batch 10/264  loss=0.3479
  batch 20/264  loss=0.3281
  batch 30/264  loss=0.2870
  batch 40/264  loss=0.3494
  batch 50/264  loss=0.3067
  batch 60/264  loss=0.2803
  batch 70/264  loss=0.3159
  batch 80/264  loss=0.2830
  batch 90/264  loss=0.3144
  batch 100/264  loss=0.3086
  batch 110/264  loss=0.2898
  batch 120/264  loss=0.4006
  batch 130/264  loss=0.3612
  batch 140/264  loss=0.2556
  batch 150/264  loss=0.3184
  batch 160/264  loss=0.4975
  batch 170/264  loss=0.6203
  batch 180/264  loss=0.2802
  batch 190/264  loss=0.3502
  batch 200/264  loss=0.2798
  batch 210/264  loss=0.2734
  batch 220/264  loss=0.2529
  batch 230/264  loss=0.4679
  batch 240/264  loss=0.3189
  batch 250/264  loss=0.3018
  batch 260/264  loss=0.3512
Epoch 261/300  train=3.571e-01  rmse=3.7601  lr=5.0e-05  231s
  batch 10/264  loss=0.4881
  batch 20/264  loss=0.5136
  batch 30/264  loss=0.3094
  batch 40/264  loss=0.2887
  batch 50/264  loss=0.2958
  batch 60/264  loss=0.3130
  batch 70/264  loss=0.3589
  batch 80/264  loss=0.4381
  batch 90/264  loss=0.4574
  batch 100/264  loss=0.3011
  batch 110/264  loss=0.3130
  batch 120/264  loss=0.4525
  batch 130/264  loss=0.2994
  batch 140/264  loss=0.2980
  batch 150/264  loss=0.4405
  batch 160/264  loss=0.4103
  batch 170/264  loss=0.3427
  batch 180/264  loss=0.2894
  batch 190/264  loss=0.3140
  batch 200/264  loss=0.3465
  batch 210/264  loss=0.2864
  batch 220/264  loss=0.3245
  batch 230/264  loss=0.3679
  batch 240/264  loss=0.5170
  batch 250/264  loss=0.3200
  batch 260/264  loss=0.2921
Epoch 262/300  train=3.547e-01  rmse=9.9529  lr=5.0e-05  230s
  batch 10/264  loss=0.3298
  batch 20/264  loss=0.2749
  batch 30/264  loss=0.3456
  batch 40/264  loss=0.4601
  batch 50/264  loss=0.3497
  batch 60/264  loss=0.3029
  batch 70/264  loss=0.3269
  batch 80/264  loss=0.3472
  batch 90/264  loss=0.3593
  batch 100/264  loss=0.3156
  batch 110/264  loss=0.3143
  batch 120/264  loss=0.4279
  batch 130/264  loss=0.3533
  batch 140/264  loss=0.3598
  batch 150/264  loss=0.3882
  batch 160/264  loss=0.4870
  batch 170/264  loss=0.3756
  batch 180/264  loss=0.4064
  batch 190/264  loss=0.3013
  batch 200/264  loss=0.2898
  batch 210/264  loss=0.3899
  batch 220/264  loss=0.3499
  batch 230/264  loss=0.3399
  batch 240/264  loss=0.3849
  batch 250/264  loss=0.3414
  batch 260/264  loss=0.2839
Epoch 263/300  train=3.598e-01  rmse=3.3076  lr=5.0e-05  229s
  batch 10/264  loss=0.3029
  batch 20/264  loss=0.2980
  batch 30/264  loss=0.3350
  batch 40/264  loss=0.3208
  batch 50/264  loss=0.2707
  batch 60/264  loss=0.3465
  batch 70/264  loss=0.4176
  batch 80/264  loss=0.3957
  batch 90/264  loss=0.3969
  batch 100/264  loss=0.4136
  batch 110/264  loss=0.3413
  batch 120/264  loss=0.4386
  batch 130/264  loss=0.5336
  batch 140/264  loss=0.2895
  batch 150/264  loss=0.4120
  batch 160/264  loss=0.3205
  batch 170/264  loss=0.3776
  batch 180/264  loss=0.4197
  batch 190/264  loss=0.4908
  batch 200/264  loss=0.2516
  batch 210/264  loss=0.3486
  batch 220/264  loss=0.5419
  batch 230/264  loss=0.4842
  batch 240/264  loss=0.3328
  batch 250/264  loss=0.2818
  batch 260/264  loss=0.3154
Epoch 264/300  train=3.584e-01  rmse=2.1740  lr=5.0e-05  230s
  batch 10/264  loss=0.3372
  batch 20/264  loss=0.3778
  batch 30/264  loss=0.4515
  batch 40/264  loss=0.2847
  batch 50/264  loss=0.3631
  batch 60/264  loss=0.2884
  batch 70/264  loss=0.3689
  batch 80/264  loss=0.2718
  batch 90/264  loss=0.3331
  batch 100/264  loss=0.2992
  batch 110/264  loss=0.3367
  batch 120/264  loss=0.4609
  batch 130/264  loss=0.2851
  batch 140/264  loss=0.4667
  batch 150/264  loss=0.3596
  batch 160/264  loss=0.3515
  batch 170/264  loss=0.3373
  batch 180/264  loss=0.3721
  batch 190/264  loss=0.3166
  batch 200/264  loss=0.3260
  batch 210/264  loss=0.2721
  batch 220/264  loss=0.4511
  batch 230/264  loss=0.3161
  batch 240/264  loss=0.2886
  batch 250/264  loss=0.3719
  batch 260/264  loss=0.3040
Epoch 265/300  train=3.593e-01  rmse=3.1091  lr=5.0e-05  230s
  batch 10/264  loss=0.4091
  batch 20/264  loss=0.3761
  batch 30/264  loss=0.3928
  batch 40/264  loss=0.4029
  batch 50/264  loss=0.3096
  batch 60/264  loss=0.2489
  batch 70/264  loss=0.3203
  batch 80/264  loss=0.4352
  batch 90/264  loss=0.3360
  batch 100/264  loss=0.3238
  batch 110/264  loss=0.2848
  batch 120/264  loss=0.2779
  batch 130/264  loss=0.3077
  batch 140/264  loss=0.4307
  batch 150/264  loss=0.3035
  batch 160/264  loss=0.4847
  batch 170/264  loss=0.3530
  batch 180/264  loss=0.3258
  batch 190/264  loss=0.2972
  batch 200/264  loss=0.3147
  batch 210/264  loss=0.2788
  batch 220/264  loss=0.3402
  batch 230/264  loss=0.3200
  batch 240/264  loss=0.2575
  batch 250/264  loss=0.4477
  batch 260/264  loss=0.3267
Epoch 266/300  train=3.572e-01  rmse=3.2639  lr=5.0e-05  232s
  batch 10/264  loss=0.3560
  batch 20/264  loss=0.3217
  batch 30/264  loss=0.4874
  batch 40/264  loss=0.2805
  batch 50/264  loss=0.6507
  batch 60/264  loss=0.3545
  batch 70/264  loss=0.4035
  batch 80/264  loss=0.3377
  batch 90/264  loss=0.2863
  batch 100/264  loss=0.3199
  batch 110/264  loss=0.3353
  batch 120/264  loss=0.3424
  batch 130/264  loss=0.3493
  batch 140/264  loss=0.3308
  batch 150/264  loss=0.4370
  batch 160/264  loss=0.3507
  batch 170/264  loss=0.3896
  batch 180/264  loss=0.3197
  batch 190/264  loss=0.4064
  batch 200/264  loss=0.2988
  batch 210/264  loss=0.3127
  batch 220/264  loss=0.3319
  batch 230/264  loss=0.3807
  batch 240/264  loss=0.3172
  batch 250/264  loss=0.4967
  batch 260/264  loss=0.3326
Epoch 267/300  train=3.552e-01  rmse=3.1809  lr=5.0e-05  230s
  batch 10/264  loss=0.3388
  batch 20/264  loss=0.6004
  batch 30/264  loss=0.4709
  batch 40/264  loss=0.4278
  batch 50/264  loss=0.3677
  batch 60/264  loss=0.3622
  batch 70/264  loss=0.3077
  batch 80/264  loss=0.3721
  batch 90/264  loss=0.5222
  batch 100/264  loss=0.2659
  batch 110/264  loss=0.3124
  batch 120/264  loss=0.3883
  batch 130/264  loss=0.3306
  batch 140/264  loss=0.3313
  batch 150/264  loss=0.3359
  batch 160/264  loss=0.3618
  batch 170/264  loss=0.2852
  batch 180/264  loss=0.2474
  batch 190/264  loss=0.3892
  batch 200/264  loss=0.3693
  batch 210/264  loss=0.3595
  batch 220/264  loss=0.2972
  batch 230/264  loss=0.3445
  batch 240/264  loss=0.4638
  batch 250/264  loss=0.5710
  batch 260/264  loss=0.3702
Epoch 268/300  train=3.606e-01  rmse=1.8757  lr=5.0e-05  230s
  batch 10/264  loss=0.3396
  batch 20/264  loss=0.3184
  batch 30/264  loss=0.4305
  batch 40/264  loss=0.4222
  batch 50/264  loss=0.2617
  batch 60/264  loss=0.3765
  batch 70/264  loss=0.2705
  batch 80/264  loss=0.3013
  batch 90/264  loss=0.4786
  batch 100/264  loss=0.3299
  batch 110/264  loss=0.6220
  batch 120/264  loss=0.4241
  batch 130/264  loss=0.3063
  batch 140/264  loss=0.2951
  batch 150/264  loss=0.3845
  batch 160/264  loss=0.3743
  batch 170/264  loss=0.2940
  batch 180/264  loss=0.2996
  batch 190/264  loss=0.4738
  batch 200/264  loss=0.2996
  batch 210/264  loss=0.3080
  batch 220/264  loss=0.3153
  batch 230/264  loss=0.2656
  batch 240/264  loss=0.3670
  batch 250/264  loss=0.3659
  batch 260/264  loss=0.3189
Epoch 269/300  train=3.557e-01  rmse=2.8888  lr=5.0e-05  229s
  batch 10/264  loss=0.3404
  batch 20/264  loss=0.2970
  batch 30/264  loss=0.3063
  batch 40/264  loss=0.2593
  batch 50/264  loss=0.2743
  batch 60/264  loss=0.3165
  batch 70/264  loss=0.2933
  batch 80/264  loss=0.3385
  batch 90/264  loss=0.4486
  batch 100/264  loss=0.2761
  batch 110/264  loss=0.4033
  batch 120/264  loss=0.3580
  batch 130/264  loss=0.3309
  batch 140/264  loss=0.2848
  batch 150/264  loss=0.3843
  batch 160/264  loss=0.3303
  batch 170/264  loss=0.3065
  batch 180/264  loss=0.4294
  batch 190/264  loss=0.3453
  batch 200/264  loss=0.3382
  batch 210/264  loss=0.3741
  batch 220/264  loss=0.2946
  batch 230/264  loss=0.2993
  batch 240/264  loss=0.4942
  batch 250/264  loss=0.2846
  batch 260/264  loss=0.2811
Epoch 270/300  train=3.559e-01  rmse=3.3327  lr=5.0e-05  231s
  batch 10/264  loss=0.3546
  batch 20/264  loss=0.2600
  batch 30/264  loss=0.3736
  batch 40/264  loss=0.3024
  batch 50/264  loss=0.3159
  batch 60/264  loss=0.4668
  batch 70/264  loss=0.2585
  batch 80/264  loss=0.3468
  batch 90/264  loss=0.2694
  batch 100/264  loss=0.3566
  batch 110/264  loss=0.2847
  batch 120/264  loss=0.5077
  batch 130/264  loss=0.3147
  batch 140/264  loss=0.2685
  batch 150/264  loss=0.3553
  batch 160/264  loss=0.3569
  batch 170/264  loss=0.3735
  batch 180/264  loss=0.4450
  batch 190/264  loss=0.6689
  batch 200/264  loss=0.3187
  batch 210/264  loss=0.3169
  batch 220/264  loss=0.3607
  batch 230/264  loss=0.4611
  batch 240/264  loss=0.3098
  batch 250/264  loss=0.3909
  batch 260/264  loss=0.3240
Epoch 271/300  train=3.590e-01  rmse=1.6909  lr=2.5e-05  230s
  batch 10/264  loss=0.2967
  batch 20/264  loss=0.4493
  batch 30/264  loss=0.3453
  batch 40/264  loss=0.3598
  batch 50/264  loss=0.4671
  batch 60/264  loss=0.2890
  batch 70/264  loss=0.2870
  batch 80/264  loss=0.4335
  batch 90/264  loss=0.3922
  batch 100/264  loss=0.2561
  batch 110/264  loss=0.3542
  batch 120/264  loss=0.2968
  batch 130/264  loss=0.4142
  batch 140/264  loss=0.3700
  batch 150/264  loss=0.5159
  batch 160/264  loss=0.2927
  batch 170/264  loss=0.3860
  batch 180/264  loss=0.3716
  batch 190/264  loss=0.4112
  batch 200/264  loss=0.3444
  batch 210/264  loss=0.3378
  batch 220/264  loss=0.4061
  batch 230/264  loss=0.3339
  batch 240/264  loss=0.5383
  batch 250/264  loss=0.3456
  batch 260/264  loss=0.3211
Epoch 272/300  train=3.520e-01  rmse=2.5037  lr=2.5e-05  229s
  -> best  monitor=3.520e-01
  batch 10/264  loss=0.2997
  batch 20/264  loss=0.2969
  batch 30/264  loss=0.2842
  batch 40/264  loss=0.3657
  batch 50/264  loss=0.2986
  batch 60/264  loss=0.6610
  batch 70/264  loss=0.4347
  batch 80/264  loss=0.2612
  batch 90/264  loss=0.2707
  batch 100/264  loss=0.3758
  batch 110/264  loss=0.3094
  batch 120/264  loss=0.3659
  batch 130/264  loss=0.3071
  batch 140/264  loss=0.2833
  batch 150/264  loss=0.2708
  batch 160/264  loss=0.3367
  batch 170/264  loss=0.4322
  batch 180/264  loss=0.3003
  batch 190/264  loss=0.2994
  batch 200/264  loss=0.3595
  batch 210/264  loss=0.3839
  batch 220/264  loss=0.3868
  batch 230/264  loss=0.3263
  batch 240/264  loss=0.3207
  batch 250/264  loss=0.4566
  batch 260/264  loss=0.3520
Epoch 273/300  train=3.460e-01  rmse=3.2886  lr=2.5e-05  231s
  -> best  monitor=3.460e-01
  batch 10/264  loss=0.3407
  batch 20/264  loss=0.2938
  batch 30/264  loss=0.2738
  batch 40/264  loss=0.4657
  batch 50/264  loss=0.3600
  batch 60/264  loss=0.4482
  batch 70/264  loss=0.4209
  batch 80/264  loss=0.2970
  batch 90/264  loss=0.3687
  batch 100/264  loss=0.2913
  batch 110/264  loss=0.5744
  batch 120/264  loss=0.4976
  batch 130/264  loss=0.3228
  batch 140/264  loss=0.3614
  batch 150/264  loss=0.3440
  batch 160/264  loss=0.4221
  batch 170/264  loss=0.2587
  batch 180/264  loss=0.2655
  batch 190/264  loss=0.4363
  batch 200/264  loss=0.3197
  batch 210/264  loss=0.3370
  batch 220/264  loss=0.3512
  batch 230/264  loss=0.3885
  batch 240/264  loss=0.3124
  batch 250/264  loss=0.5059
  batch 260/264  loss=0.4175
Epoch 274/300  train=3.502e-01  rmse=1.8828  lr=2.5e-05  231s
  batch 10/264  loss=0.4022
  batch 20/264  loss=0.3756
  batch 30/264  loss=0.3583
  batch 40/264  loss=0.6532
  batch 50/264  loss=0.3858
  batch 60/264  loss=0.3303
  batch 70/264  loss=0.4087
  batch 80/264  loss=0.3772
  batch 90/264  loss=0.2888
  batch 100/264  loss=0.2907
  batch 110/264  loss=0.3115
  batch 120/264  loss=0.3019
  batch 130/264  loss=0.4100
  batch 140/264  loss=0.3079
  batch 150/264  loss=0.4214
  batch 160/264  loss=0.3849
  batch 170/264  loss=0.5395
  batch 180/264  loss=0.3212
  batch 190/264  loss=0.5395
  batch 200/264  loss=0.2811
  batch 210/264  loss=0.2817
  batch 220/264  loss=0.4319
  batch 230/264  loss=0.3843
  batch 240/264  loss=0.3433
  batch 250/264  loss=0.7221
  batch 260/264  loss=0.2972
Epoch 275/300  train=3.473e-01  rmse=3.2348  lr=2.5e-05  229s
  batch 10/264  loss=0.3529
  batch 20/264  loss=0.2877
  batch 30/264  loss=0.3682
  batch 40/264  loss=0.2861
  batch 50/264  loss=0.3279
  batch 60/264  loss=0.2797
  batch 70/264  loss=0.3239
  batch 80/264  loss=0.3050
  batch 90/264  loss=0.3637
  batch 100/264  loss=0.3304
  batch 110/264  loss=0.3752
  batch 120/264  loss=0.4130
  batch 130/264  loss=0.3246
  batch 140/264  loss=0.2823
  batch 150/264  loss=0.2863
  batch 160/264  loss=0.3542
  batch 170/264  loss=0.3032
  batch 180/264  loss=0.3167
  batch 190/264  loss=0.3792
  batch 200/264  loss=0.2745
  batch 210/264  loss=0.3536
  batch 220/264  loss=0.2760
  batch 230/264  loss=0.2895
  batch 240/264  loss=0.2734
  batch 250/264  loss=0.2791
  batch 260/264  loss=0.3520
Epoch 276/300  train=3.430e-01  rmse=2.2330  lr=2.5e-05  230s
  -> best  monitor=3.430e-01
  batch 10/264  loss=0.4610
  batch 20/264  loss=0.3012
  batch 30/264  loss=0.3670
  batch 40/264  loss=0.3005
  batch 50/264  loss=0.2918
  batch 60/264  loss=0.2699
  batch 70/264  loss=0.4073
  batch 80/264  loss=0.3335
  batch 90/264  loss=0.5164
  batch 100/264  loss=0.4336
  batch 110/264  loss=0.3050
  batch 120/264  loss=0.2912
  batch 130/264  loss=0.3871
  batch 140/264  loss=0.3064
  batch 150/264  loss=0.4204
  batch 160/264  loss=0.3872
  batch 170/264  loss=0.3038
  batch 180/264  loss=0.2782
  batch 190/264  loss=0.3041
  batch 200/264  loss=0.2913
  batch 210/264  loss=0.3029
  batch 220/264  loss=0.4107
  batch 230/264  loss=0.3672
  batch 240/264  loss=0.5008
  batch 250/264  loss=0.2823
  batch 260/264  loss=0.3513
Epoch 277/300  train=3.463e-01  rmse=2.3707  lr=2.5e-05  230s
  batch 10/264  loss=0.2871
  batch 20/264  loss=0.3087
  batch 30/264  loss=0.5100
  batch 40/264  loss=0.4490
  batch 50/264  loss=0.3243
  batch 60/264  loss=0.2915
  batch 70/264  loss=0.3719
  batch 80/264  loss=0.4910
  batch 90/264  loss=0.2766
  batch 100/264  loss=0.3115
  batch 110/264  loss=0.3605
  batch 120/264  loss=0.2708
  batch 130/264  loss=0.3604
  batch 140/264  loss=0.2858
  batch 150/264  loss=0.2858
  batch 160/264  loss=0.2922
  batch 170/264  loss=0.3038
  batch 180/264  loss=0.3485
  batch 190/264  loss=0.2989
  batch 200/264  loss=0.3110
  batch 210/264  loss=0.3489
  batch 220/264  loss=0.3354
  batch 230/264  loss=0.3805
  batch 240/264  loss=0.4552
  batch 250/264  loss=0.3906
  batch 260/264  loss=0.5086
Epoch 278/300  train=3.466e-01  rmse=1.7326  lr=2.5e-05  230s
  batch 10/264  loss=0.3571
  batch 20/264  loss=0.3490
  batch 30/264  loss=0.4788
  batch 40/264  loss=0.2644
  batch 50/264  loss=0.3955
  batch 60/264  loss=0.3577
  batch 70/264  loss=0.2959
  batch 80/264  loss=0.3423
  batch 90/264  loss=0.3274
  batch 100/264  loss=0.3597
  batch 110/264  loss=0.3218
  batch 120/264  loss=0.3487
  batch 130/264  loss=0.3378
  batch 140/264  loss=0.4088
  batch 150/264  loss=0.3153
  batch 160/264  loss=0.3516
  batch 170/264  loss=0.3723
  batch 180/264  loss=0.4418
  batch 190/264  loss=0.3193
  batch 200/264  loss=0.4093
  batch 210/264  loss=0.3256
  batch 220/264  loss=0.4467
  batch 230/264  loss=0.3616
  batch 240/264  loss=0.3278
  batch 250/264  loss=0.3745
  batch 260/264  loss=0.2801
Epoch 279/300  train=3.493e-01  rmse=1.6314  lr=2.5e-05  230s
  batch 10/264  loss=0.3477
  batch 20/264  loss=0.3950
  batch 30/264  loss=0.3863
  batch 40/264  loss=0.3060
  batch 50/264  loss=0.3985
  batch 60/264  loss=0.3460
  batch 70/264  loss=0.2923
  batch 80/264  loss=0.4574
  batch 90/264  loss=0.3104
  batch 100/264  loss=0.2900
  batch 110/264  loss=0.3229
  batch 120/264  loss=0.2911
  batch 130/264  loss=0.2794
  batch 140/264  loss=0.3367
  batch 150/264  loss=0.2427
  batch 160/264  loss=0.3426
  batch 170/264  loss=0.2871
  batch 180/264  loss=0.3053
  batch 190/264  loss=0.2692
  batch 200/264  loss=0.3335
  batch 210/264  loss=0.3552
  batch 220/264  loss=0.3565
  batch 230/264  loss=0.4090
  batch 240/264  loss=0.4419
  batch 250/264  loss=0.2799
  batch 260/264  loss=0.3444
Epoch 280/300  train=3.470e-01  rmse=2.1264  lr=2.5e-05  230s
  batch 10/264  loss=0.4158
  batch 20/264  loss=0.3479
  batch 30/264  loss=0.4492
  batch 40/264  loss=0.3678
  batch 50/264  loss=0.3714
  batch 60/264  loss=0.3231
  batch 70/264  loss=0.4112
  batch 80/264  loss=0.3562
  batch 90/264  loss=0.2515
  batch 100/264  loss=0.3475
  batch 110/264  loss=0.3163
  batch 120/264  loss=0.3650
  batch 130/264  loss=0.4455
  batch 140/264  loss=0.4021
  batch 150/264  loss=0.4031
  batch 160/264  loss=0.2728
  batch 170/264  loss=0.3053
  batch 180/264  loss=0.4227
  batch 190/264  loss=0.2988
  batch 200/264  loss=0.3558
  batch 210/264  loss=0.3268
  batch 220/264  loss=0.4160
  batch 230/264  loss=0.3429
  batch 240/264  loss=0.3185
  batch 250/264  loss=0.2939
  batch 260/264  loss=0.3532
Epoch 281/300  train=3.448e-01  rmse=2.5068  lr=2.5e-05  229s
  batch 10/264  loss=0.4732
  batch 20/264  loss=0.4117
  batch 30/264  loss=0.3130
  batch 40/264  loss=0.2750
  batch 50/264  loss=0.3540
  batch 60/264  loss=0.3613
  batch 70/264  loss=0.3743
  batch 80/264  loss=0.2678
  batch 90/264  loss=0.2826
  batch 100/264  loss=0.2800
  batch 110/264  loss=0.3136
  batch 120/264  loss=0.3124
  batch 130/264  loss=0.3745
  batch 140/264  loss=0.3169
  batch 150/264  loss=0.4194
  batch 160/264  loss=0.6542
  batch 170/264  loss=0.2944
  batch 180/264  loss=0.2846
  batch 190/264  loss=0.2829
  batch 200/264  loss=0.2902
  batch 210/264  loss=0.3043
  batch 220/264  loss=0.3618
  batch 230/264  loss=0.3317
  batch 240/264  loss=0.3472
  batch 250/264  loss=0.2444
  batch 260/264  loss=0.4246
Epoch 282/300  train=3.494e-01  rmse=2.6038  lr=2.5e-05  229s
  batch 10/264  loss=0.3495
  batch 20/264  loss=0.3222
  batch 30/264  loss=0.3508
  batch 40/264  loss=0.3226
  batch 50/264  loss=0.3995
  batch 60/264  loss=0.3386
  batch 70/264  loss=0.3279
  batch 80/264  loss=0.5649
  batch 90/264  loss=0.3175
  batch 100/264  loss=0.2832
  batch 110/264  loss=0.2995
  batch 120/264  loss=0.2920
  batch 130/264  loss=0.3819
  batch 140/264  loss=0.5011
  batch 150/264  loss=0.2966
  batch 160/264  loss=0.3175
  batch 170/264  loss=0.3716
  batch 180/264  loss=0.3703
  batch 190/264  loss=0.3071
  batch 200/264  loss=0.3411
  batch 210/264  loss=0.2786
  batch 220/264  loss=0.5402
  batch 230/264  loss=0.3596
  batch 240/264  loss=0.2813
  batch 250/264  loss=0.3603
  batch 260/264  loss=0.3536
Epoch 283/300  train=3.450e-01  rmse=2.5080  lr=2.5e-05  232s
  batch 10/264  loss=0.2668
  batch 20/264  loss=0.3490
  batch 30/264  loss=0.3645
  batch 40/264  loss=0.2882
  batch 50/264  loss=0.4324
  batch 60/264  loss=0.3180
  batch 70/264  loss=0.4210
  batch 80/264  loss=0.2996
  batch 90/264  loss=0.3805
  batch 100/264  loss=0.3013
  batch 110/264  loss=0.2774
  batch 120/264  loss=0.3468
  batch 130/264  loss=0.3649
  batch 140/264  loss=0.3084
  batch 150/264  loss=0.2934
  batch 160/264  loss=0.3682
  batch 170/264  loss=0.3061
  batch 180/264  loss=0.2697
  batch 190/264  loss=0.2811
  batch 200/264  loss=0.3367
  batch 210/264  loss=0.3547
  batch 220/264  loss=0.3026
  batch 230/264  loss=0.3429
  batch 240/264  loss=0.4593
  batch 250/264  loss=0.3007
  batch 260/264  loss=0.3234
Epoch 284/300  train=3.461e-01  rmse=1.9527  lr=2.5e-05  232s
  batch 10/264  loss=0.4031
  batch 20/264  loss=0.3070
  batch 30/264  loss=0.3343
  batch 40/264  loss=0.2702
  batch 50/264  loss=0.3044
  batch 60/264  loss=0.2760
  batch 70/264  loss=0.4139
  batch 80/264  loss=0.3999
  batch 90/264  loss=0.3205
  batch 100/264  loss=0.2982
  batch 110/264  loss=0.3083
  batch 120/264  loss=0.4582
  batch 130/264  loss=0.2896
  batch 140/264  loss=0.3019
  batch 150/264  loss=0.4797
  batch 160/264  loss=0.2824
  batch 170/264  loss=0.3184
  batch 180/264  loss=0.4722
  batch 190/264  loss=0.3840
  batch 200/264  loss=0.4065
  batch 210/264  loss=0.3877
  batch 220/264  loss=0.2680
  batch 230/264  loss=0.3748
  batch 240/264  loss=0.4207
  batch 250/264  loss=0.3056
  batch 260/264  loss=0.4772
Epoch 285/300  train=3.439e-01  rmse=1.7332  lr=2.5e-05  235s
  batch 10/264  loss=0.4132
  batch 20/264  loss=0.3303
  batch 30/264  loss=0.3131
  batch 40/264  loss=1.0780
  batch 50/264  loss=0.4243
  batch 60/264  loss=0.3561
  batch 70/264  loss=0.2733
  batch 80/264  loss=0.2621
  batch 90/264  loss=0.3172
  batch 100/264  loss=0.3201
  batch 110/264  loss=0.2636
  batch 120/264  loss=0.2676
  batch 130/264  loss=0.2605
  batch 140/264  loss=0.4578
  batch 150/264  loss=0.3565
  batch 160/264  loss=0.7300
  batch 170/264  loss=0.3368
  batch 180/264  loss=0.3432
  batch 190/264  loss=0.3149
  batch 200/264  loss=0.2424
  batch 210/264  loss=0.3847
  batch 220/264  loss=0.4287
  batch 230/264  loss=0.3566
  batch 240/264  loss=0.2957
  batch 250/264  loss=0.3939
  batch 260/264  loss=0.3389
Epoch 286/300  train=3.497e-01  rmse=3.5782  lr=2.5e-05  233s
  batch 10/264  loss=0.3314
  batch 20/264  loss=0.3711
  batch 30/264  loss=0.3050
  batch 40/264  loss=0.3237
  batch 50/264  loss=0.2811
  batch 60/264  loss=0.3391
  batch 70/264  loss=0.2545
  batch 80/264  loss=0.3668
  batch 90/264  loss=0.2914
  batch 100/264  loss=0.2761
  batch 110/264  loss=0.2710
  batch 120/264  loss=0.3466
  batch 130/264  loss=0.3447
  batch 140/264  loss=0.3546
  batch 150/264  loss=0.3053
  batch 160/264  loss=0.3452
  batch 170/264  loss=0.4301
  batch 180/264  loss=0.3125
  batch 190/264  loss=0.3026
  batch 200/264  loss=0.3707
  batch 210/264  loss=0.2609
  batch 220/264  loss=0.3094
  batch 230/264  loss=0.3312
  batch 240/264  loss=0.2908
  batch 250/264  loss=0.3236
  batch 260/264  loss=0.3513
Epoch 287/300  train=3.431e-01  rmse=2.4302  lr=1.3e-05  230s
  batch 10/264  loss=0.3896
  batch 20/264  loss=0.3737
  batch 30/264  loss=0.3025
  batch 40/264  loss=0.4144
  batch 50/264  loss=0.2907
  batch 60/264  loss=0.3409
  batch 70/264  loss=0.3563
  batch 80/264  loss=0.3088
  batch 90/264  loss=0.3734
  batch 100/264  loss=0.4787
  batch 110/264  loss=0.2928
  batch 120/264  loss=0.4246
  batch 130/264  loss=0.3786
  batch 140/264  loss=0.2641
  batch 150/264  loss=0.2852
  batch 160/264  loss=0.2492
  batch 170/264  loss=0.3306
  batch 180/264  loss=0.2887
  batch 190/264  loss=0.3741
  batch 200/264  loss=0.2995
  batch 210/264  loss=0.2893
  batch 220/264  loss=0.3216
  batch 230/264  loss=0.5485
  batch 240/264  loss=0.4362
  batch 250/264  loss=0.2660
  batch 260/264  loss=0.2944
Epoch 288/300  train=3.396e-01  rmse=1.6852  lr=1.3e-05  232s
  -> best  monitor=3.396e-01
  batch 10/264  loss=0.2851
  batch 20/264  loss=0.3798
  batch 30/264  loss=0.3495
  batch 40/264  loss=0.3320
  batch 50/264  loss=0.2477
  batch 60/264  loss=0.3549
  batch 70/264  loss=0.3389
  batch 80/264  loss=0.3287
  batch 90/264  loss=0.3459
  batch 100/264  loss=0.3020
  batch 110/264  loss=0.3482
  batch 120/264  loss=0.3165
  batch 130/264  loss=0.3953
  batch 140/264  loss=0.3902
  batch 150/264  loss=0.2578
  batch 160/264  loss=0.3100
  batch 170/264  loss=0.5029
  batch 180/264  loss=0.2895
  batch 190/264  loss=0.5991
  batch 200/264  loss=0.3312
  batch 210/264  loss=0.2377
  batch 220/264  loss=0.3279
  batch 230/264  loss=0.2941
  batch 240/264  loss=0.3025
  batch 250/264  loss=0.3662
  batch 260/264  loss=0.2782
Epoch 289/300  train=3.447e-01  rmse=1.5851  lr=1.3e-05  232s
  batch 10/264  loss=0.2727
  batch 20/264  loss=0.3410
  batch 30/264  loss=0.3295
  batch 40/264  loss=0.4287
  batch 50/264  loss=0.3194
  batch 60/264  loss=0.2937
  batch 70/264  loss=0.3124
  batch 80/264  loss=0.3988
  batch 90/264  loss=0.3196
  batch 100/264  loss=0.2652
  batch 110/264  loss=0.3422
  batch 120/264  loss=0.3808
  batch 130/264  loss=0.3803
  batch 140/264  loss=0.2690
  batch 150/264  loss=0.2965
  batch 160/264  loss=0.3977
  batch 170/264  loss=0.2800
  batch 180/264  loss=0.3082
  batch 190/264  loss=0.2826
  batch 200/264  loss=0.2657
  batch 210/264  loss=0.2742
  batch 220/264  loss=0.3053
  batch 230/264  loss=0.2733
  batch 240/264  loss=0.3936
  batch 250/264  loss=0.2745
  batch 260/264  loss=0.2857
Epoch 290/300  train=3.425e-01  rmse=2.8017  lr=1.3e-05  231s
  batch 10/264  loss=0.4549
  batch 20/264  loss=0.2949
  batch 30/264  loss=0.2944
  batch 40/264  loss=0.3263
  batch 50/264  loss=0.3128
  batch 60/264  loss=0.3192
  batch 70/264  loss=0.3117
  batch 80/264  loss=0.4419
  batch 90/264  loss=0.4591
  batch 100/264  loss=0.3225
  batch 110/264  loss=0.2747
  batch 120/264  loss=0.3567
  batch 130/264  loss=0.2845
  batch 140/264  loss=0.4111
  batch 150/264  loss=0.2875
  batch 160/264  loss=0.4782
  batch 170/264  loss=0.3135
  batch 180/264  loss=0.4751
  batch 190/264  loss=0.2784
  batch 200/264  loss=0.2790
  batch 210/264  loss=0.4764
  batch 220/264  loss=0.4445
  batch 230/264  loss=0.3390
  batch 240/264  loss=0.3133
  batch 250/264  loss=0.2744
  batch 260/264  loss=0.4253
Epoch 291/300  train=3.421e-01  rmse=2.2471  lr=1.3e-05  231s
  batch 10/264  loss=0.4159
  batch 20/264  loss=0.3660
  batch 30/264  loss=0.3533
  batch 40/264  loss=0.3501
  batch 50/264  loss=0.3129
  batch 60/264  loss=0.2783
  batch 70/264  loss=0.3241
  batch 80/264  loss=0.3752
  batch 90/264  loss=0.3569
  batch 100/264  loss=0.4921
  batch 110/264  loss=0.2865
  batch 120/264  loss=0.4009
  batch 130/264  loss=0.2998
  batch 140/264  loss=0.2870
  batch 150/264  loss=0.2878
  batch 160/264  loss=0.3602
  batch 170/264  loss=0.3989
  batch 180/264  loss=0.3428
  batch 190/264  loss=0.2906
  batch 200/264  loss=0.4617
  batch 210/264  loss=0.3225
  batch 220/264  loss=0.2760
  batch 230/264  loss=0.3036
  batch 240/264  loss=0.4273
  batch 250/264  loss=0.2926
  batch 260/264  loss=0.2987
Epoch 292/300  train=3.465e-01  rmse=2.8195  lr=1.3e-05  232s
  batch 10/264  loss=0.3185
  batch 20/264  loss=0.3013
  batch 30/264  loss=0.3443
  batch 40/264  loss=0.3982
  batch 50/264  loss=0.3441
  batch 60/264  loss=0.3147
  batch 70/264  loss=0.2819
  batch 80/264  loss=0.2813
  batch 90/264  loss=0.3498
  batch 100/264  loss=0.3618
  batch 110/264  loss=0.3070
  batch 120/264  loss=0.3470
  batch 130/264  loss=0.2482
  batch 140/264  loss=0.3696
  batch 150/264  loss=0.3242
  batch 160/264  loss=0.3543
  batch 170/264  loss=0.2735
  batch 180/264  loss=0.3109
  batch 190/264  loss=0.3238
  batch 200/264  loss=0.3488
  batch 210/264  loss=0.3314
  batch 220/264  loss=0.3294
  batch 230/264  loss=0.3633
  batch 240/264  loss=0.2419
  batch 250/264  loss=0.2787
  batch 260/264  loss=0.3132
Epoch 293/300  train=3.412e-01  rmse=2.4704  lr=1.3e-05  230s
  batch 10/264  loss=0.4458
  batch 20/264  loss=0.3591
  batch 30/264  loss=0.3329
  batch 40/264  loss=0.3537
  batch 50/264  loss=0.2773
  batch 60/264  loss=0.2982
  batch 70/264  loss=0.2747
  batch 80/264  loss=0.3814
  batch 90/264  loss=0.3698
  batch 100/264  loss=0.3979
  batch 110/264  loss=0.4025
  batch 120/264  loss=0.3417
  batch 130/264  loss=0.3373
  batch 140/264  loss=0.3093
  batch 150/264  loss=0.4687
  batch 160/264  loss=0.2949
  batch 170/264  loss=0.2937
  batch 180/264  loss=0.2786
  batch 190/264  loss=0.3286
  batch 200/264  loss=0.4650
  batch 210/264  loss=0.2809
  batch 220/264  loss=0.3111
  batch 230/264  loss=0.5131
  batch 240/264  loss=0.2532
  batch 250/264  loss=0.3866
  batch 260/264  loss=0.3197
Epoch 294/300  train=3.387e-01  rmse=1.8981  lr=1.3e-05  230s
  -> best  monitor=3.387e-01
  batch 10/264  loss=0.3993
  batch 20/264  loss=0.4492
  batch 30/264  loss=0.2872
  batch 40/264  loss=0.4746
  batch 50/264  loss=0.3419
  batch 60/264  loss=0.2719
  batch 70/264  loss=0.3249
  batch 80/264  loss=0.3079
  batch 90/264  loss=0.2702
  batch 100/264  loss=0.3169
  batch 110/264  loss=0.3359
  batch 120/264  loss=0.2932
  batch 130/264  loss=0.5070
  batch 140/264  loss=0.3082
  batch 150/264  loss=0.3433
  batch 160/264  loss=0.4358
  batch 170/264  loss=0.3009
  batch 180/264  loss=0.2593
  batch 190/264  loss=0.2991
  batch 200/264  loss=0.2791
  batch 210/264  loss=0.2801
  batch 220/264  loss=0.2562
  batch 230/264  loss=0.2687
  batch 240/264  loss=0.3951
  batch 250/264  loss=0.4508
  batch 260/264  loss=0.2781
Epoch 295/300  train=3.420e-01  rmse=1.8140  lr=1.3e-05  231s
  batch 10/264  loss=0.2655
  batch 20/264  loss=0.2605
  batch 30/264  loss=0.2773
  batch 40/264  loss=0.4065
  batch 50/264  loss=0.4572
  batch 60/264  loss=0.4617
  batch 70/264  loss=0.5671
  batch 80/264  loss=0.3376
  batch 90/264  loss=0.3394
  batch 100/264  loss=0.3313
  batch 110/264  loss=0.3880
  batch 120/264  loss=0.2897
  batch 130/264  loss=0.2699
  batch 140/264  loss=0.2469
  batch 150/264  loss=0.3095
  batch 160/264  loss=0.3426
  batch 170/264  loss=0.3166
  batch 180/264  loss=0.3535
  batch 190/264  loss=0.2668
  batch 200/264  loss=0.3637
  batch 210/264  loss=0.2737
  batch 220/264  loss=0.2658
  batch 230/264  loss=0.2694
  batch 240/264  loss=0.3913
  batch 250/264  loss=0.4406
  batch 260/264  loss=0.2883
Epoch 296/300  train=3.433e-01  rmse=3.6087  lr=1.3e-05  230s
  batch 10/264  loss=0.2784
  batch 20/264  loss=0.3794
  batch 30/264  loss=0.3521
  batch 40/264  loss=0.3276
  batch 50/264  loss=0.3733
  batch 60/264  loss=0.2850
  batch 70/264  loss=0.3651
  batch 80/264  loss=0.3071
  batch 90/264  loss=0.2763
  batch 100/264  loss=0.4843
  batch 110/264  loss=0.2714
  batch 120/264  loss=0.4643
  batch 130/264  loss=0.3729
  batch 140/264  loss=0.2497
  batch 150/264  loss=0.2911
  batch 160/264  loss=0.3911
  batch 170/264  loss=0.4854
  batch 180/264  loss=0.5136
  batch 190/264  loss=0.4853
  batch 200/264  loss=0.3221
  batch 210/264  loss=0.2959
  batch 220/264  loss=0.2619
  batch 230/264  loss=0.3165
  batch 240/264  loss=0.3254
  batch 250/264  loss=0.2921
  batch 260/264  loss=0.3308
Epoch 297/300  train=3.395e-01  rmse=2.7546  lr=1.3e-05  231s
  batch 10/264  loss=0.3600
  batch 20/264  loss=0.4010
  batch 30/264  loss=0.2988
  batch 40/264  loss=0.3423
  batch 50/264  loss=0.3936
  batch 60/264  loss=0.3123
  batch 70/264  loss=0.3576
  batch 80/264  loss=0.2541
  batch 90/264  loss=0.3151
  batch 100/264  loss=0.3370
  batch 110/264  loss=0.3544
  batch 120/264  loss=0.4645
  batch 130/264  loss=0.2899
  batch 140/264  loss=0.2897
  batch 150/264  loss=0.3857
  batch 160/264  loss=0.3974
  batch 170/264  loss=0.4455
  batch 180/264  loss=0.3417
  batch 190/264  loss=0.6613
  batch 200/264  loss=0.2979
  batch 210/264  loss=0.2937
  batch 220/264  loss=0.3379
  batch 230/264  loss=0.2463
  batch 240/264  loss=0.2848
  batch 250/264  loss=0.4126
  batch 260/264  loss=0.3279
Epoch 298/300  train=3.500e-01  rmse=3.0621  lr=1.3e-05  230s
  batch 10/264  loss=0.3420
  batch 20/264  loss=0.2906
  batch 30/264  loss=0.3247
  batch 40/264  loss=0.2935
  batch 50/264  loss=0.3086
  batch 60/264  loss=0.4224
  batch 70/264  loss=0.3298
  batch 80/264  loss=0.3104
  batch 90/264  loss=0.2886
  batch 100/264  loss=0.3688
  batch 110/264  loss=0.2860
  batch 120/264  loss=0.4637
  batch 130/264  loss=0.2936
  batch 140/264  loss=0.4941
  batch 150/264  loss=0.3608
  batch 160/264  loss=0.3298
  batch 170/264  loss=0.4103
  batch 180/264  loss=0.3059
  batch 190/264  loss=0.3632
  batch 200/264  loss=0.2801
  batch 210/264  loss=0.2328
  batch 220/264  loss=0.2971
  batch 230/264  loss=0.3190
  batch 240/264  loss=0.2968
  batch 250/264  loss=0.3981
  batch 260/264  loss=0.3399
Epoch 299/300  train=3.417e-01  rmse=2.2568  lr=1.3e-05  231s
  batch 10/264  loss=0.2894
  batch 20/264  loss=0.3239
  batch 30/264  loss=0.3259
  batch 40/264  loss=0.3626
  batch 50/264  loss=0.2753
  batch 60/264  loss=0.3759
  batch 70/264  loss=0.2762
  batch 80/264  loss=0.3983
  batch 90/264  loss=0.3364
  batch 100/264  loss=0.3296
  batch 110/264  loss=0.2923
  batch 120/264  loss=0.3303
  batch 130/264  loss=0.3010
  batch 140/264  loss=0.3645
  batch 150/264  loss=0.2568
  batch 160/264  loss=0.3755
  batch 170/264  loss=0.2934
  batch 180/264  loss=0.2930
  batch 190/264  loss=0.2894
  batch 200/264  loss=0.3287
  batch 210/264  loss=0.3199
  batch 220/264  loss=0.3320
  batch 230/264  loss=0.3372
  batch 240/264  loss=0.2986
  batch 250/264  loss=0.3312
  batch 260/264  loss=0.3573
Epoch 300/300  train=3.424e-01  rmse=2.3336  lr=1.3e-05  232s

Test evaluation (best checkpoint)...
Test (RMSE / MAE in μg/m³):
  total: 0.464679
  main: 0.029339
  nonneg: 0.000000
  smooth: 0.000000
  anom: 0.018183
  grad: 0.000556
  pattern: 0.114013
  spectral: 0.302587
  var: 0.000000
  rmse: 0.795285
  rmse_low: 1.040653
  rmse_high: 0.347040
  mae: 0.407253

  z  Height(m)        R²
--------------------------
  0       15.0    0.8289  <- ~0-100m
  1       25.0    0.8254  <- ~0-100m
  2       35.0    0.8605  <- ~0-100m
  3       45.0    0.8798  <- ~0-100m
  4       55.0    0.8932  <- ~0-100m
  5       75.0    0.9344  <- ~0-100m
  6       95.0    0.9535  <- ~0-100m
  7      115.0    0.9632  <- ~0-100m
  8      135.0    0.9694
  9      155.0    0.9740
 10      175.0    0.9787
 11      195.0    0.9802
