Device: cuda
Building datasets...
Temporal split:  train=264  val=0  test=72
Fitting normalisation on 264 samples...
  50/264
  100/264
  150/264
  200/264
  250/264
Done.
  emission  mean=5.6840  std=1.1291
  pm25      per-level  mean[0]=2.3826e+00  mean[-1]=1.1283e+00
Model: UNet3D  base_ch=16  params: 1,598,466
No val set — using train loss for scheduler and checkpoint selection.

Training for 300 epochs...
  batch 10/264  loss=2.6986
  batch 20/264  loss=4.0640
  batch 30/264  loss=2.0018
  batch 40/264  loss=2.9438
  batch 50/264  loss=2.3208
  batch 60/264  loss=2.1559
  batch 70/264  loss=1.2814
  batch 80/264  loss=1.2644
  batch 90/264  loss=3.4778
  batch 100/264  loss=4.5473
  batch 110/264  loss=1.3187
  batch 120/264  loss=1.1009
  batch 130/264  loss=1.1518
  batch 140/264  loss=1.2121
  batch 150/264  loss=2.1491
  batch 160/264  loss=1.8562
  batch 170/264  loss=0.9994
  batch 180/264  loss=2.8437
  batch 190/264  loss=2.4958
  batch 200/264  loss=1.0470
  batch 210/264  loss=1.7975
  batch 220/264  loss=1.4587
  batch 230/264  loss=1.6219
  batch 240/264  loss=1.5255
  batch 250/264  loss=1.9491
  batch 260/264  loss=1.1416
Epoch   1/300  train=2.041e+00  rmse=4.4203  lr=1.0e-04  251s
  -> best  monitor=2.041e+00
  batch 10/264  loss=1.3328
  batch 20/264  loss=2.0422
  batch 30/264  loss=1.8595
  batch 40/264  loss=4.1970
  batch 50/264  loss=1.0436
  batch 60/264  loss=1.1000
  batch 70/264  loss=1.0854
  batch 80/264  loss=1.5735
  batch 90/264  loss=1.6918
  batch 100/264  loss=0.8336
  batch 110/264  loss=1.2010
  batch 120/264  loss=0.9450
  batch 130/264  loss=1.2475
  batch 140/264  loss=1.2939
  batch 150/264  loss=3.0445
  batch 160/264  loss=1.0264
  batch 170/264  loss=3.3934
  batch 180/264  loss=1.2802
  batch 190/264  loss=1.2429
  batch 200/264  loss=1.3747
  batch 210/264  loss=1.7497
  batch 220/264  loss=1.4860
  batch 230/264  loss=1.0287
  batch 240/264  loss=1.7276
  batch 250/264  loss=0.7890
  batch 260/264  loss=0.9803
Epoch   2/300  train=1.486e+00  rmse=3.6767  lr=1.0e-04  227s
  -> best  monitor=1.486e+00
  batch 10/264  loss=1.3340
  batch 20/264  loss=1.1028
  batch 30/264  loss=2.6034
  batch 40/264  loss=0.9150
  batch 50/264  loss=1.0079
  batch 60/264  loss=0.8549
  batch 70/264  loss=1.0962
  batch 80/264  loss=1.7242
  batch 90/264  loss=1.3558
  batch 100/264  loss=1.0429
  batch 110/264  loss=0.8053
  batch 120/264  loss=1.7315
  batch 130/264  loss=0.9083
  batch 140/264  loss=1.2162
  batch 150/264  loss=0.8334
  batch 160/264  loss=1.2373
  batch 170/264  loss=1.0770
  batch 180/264  loss=1.6912
  batch 190/264  loss=1.3105
  batch 200/264  loss=0.8131
  batch 210/264  loss=2.9199
  batch 220/264  loss=1.0652
  batch 230/264  loss=0.9260
  batch 240/264  loss=0.8875
  batch 250/264  loss=0.8529
  batch 260/264  loss=1.4271
Epoch   3/300  train=1.211e+00  rmse=3.1802  lr=1.0e-04  227s
  -> best  monitor=1.211e+00
  batch 10/264  loss=1.0764
  batch 20/264  loss=1.2772
  batch 30/264  loss=0.9824
  batch 40/264  loss=1.0285
  batch 50/264  loss=0.8136
  batch 60/264  loss=0.9732
  batch 70/264  loss=0.7692
  batch 80/264  loss=0.7785
  batch 90/264  loss=0.8797
  batch 100/264  loss=0.8781
  batch 110/264  loss=0.9359
  batch 120/264  loss=1.5020
  batch 130/264  loss=1.0024
  batch 140/264  loss=0.8389
  batch 150/264  loss=0.7545
  batch 160/264  loss=1.4164
  batch 170/264  loss=0.5976
  batch 180/264  loss=1.0860
  batch 190/264  loss=1.2618
  batch 200/264  loss=1.3243
  batch 210/264  loss=0.8788
  batch 220/264  loss=1.9848
  batch 230/264  loss=0.7622
  batch 240/264  loss=1.3446
  batch 250/264  loss=1.1149
  batch 260/264  loss=0.9079
Epoch   4/300  train=1.075e+00  rmse=2.9716  lr=1.0e-04  227s
  -> best  monitor=1.075e+00
  batch 10/264  loss=0.9186
  batch 20/264  loss=1.0906
  batch 30/264  loss=0.9510
  batch 40/264  loss=1.8424
  batch 50/264  loss=0.8052
  batch 60/264  loss=2.4684
  batch 70/264  loss=0.6367
  batch 80/264  loss=0.6644
  batch 90/264  loss=0.7310
  batch 100/264  loss=0.8274
  batch 110/264  loss=0.8467
  batch 120/264  loss=0.9273
  batch 130/264  loss=0.9965
  batch 140/264  loss=1.5075
  batch 150/264  loss=0.7827
  batch 160/264  loss=0.6228
  batch 170/264  loss=1.0442
  batch 180/264  loss=0.6664
  batch 190/264  loss=0.7556
  batch 200/264  loss=1.0303
  batch 210/264  loss=0.8070
  batch 220/264  loss=0.9095
  batch 230/264  loss=0.6110
  batch 240/264  loss=0.7357
  batch 250/264  loss=0.6095
  batch 260/264  loss=0.7439
Epoch   5/300  train=9.937e-01  rmse=2.8786  lr=1.0e-04  227s
  -> best  monitor=9.937e-01
  batch 10/264  loss=0.9568
  batch 20/264  loss=0.5776
  batch 30/264  loss=0.9579
  batch 40/264  loss=0.6027
  batch 50/264  loss=1.0796
  batch 60/264  loss=0.8298
  batch 70/264  loss=1.1226
  batch 80/264  loss=1.3359
  batch 90/264  loss=1.0720
  batch 100/264  loss=2.1311
  batch 110/264  loss=1.0349
  batch 120/264  loss=1.3788
  batch 130/264  loss=0.7562
  batch 140/264  loss=0.8405
  batch 150/264  loss=0.8666
  batch 160/264  loss=1.3470
  batch 170/264  loss=0.6218
  batch 180/264  loss=1.0745
  batch 190/264  loss=1.9261
  batch 200/264  loss=0.6603
  batch 210/264  loss=0.8830
  batch 220/264  loss=0.6770
  batch 230/264  loss=0.8638
  batch 240/264  loss=0.9310
  batch 250/264  loss=0.7110
  batch 260/264  loss=1.1180
Epoch   6/300  train=9.658e-01  rmse=2.8796  lr=1.0e-04  227s
  -> best  monitor=9.658e-01
  batch 10/264  loss=1.2271
  batch 20/264  loss=0.5780
  batch 30/264  loss=0.7943
  batch 40/264  loss=0.9822
  batch 50/264  loss=0.8868
  batch 60/264  loss=0.7886
  batch 70/264  loss=1.0367
  batch 80/264  loss=1.4676
  batch 90/264  loss=0.9297
  batch 100/264  loss=1.0562
  batch 110/264  loss=0.9888
  batch 120/264  loss=0.6770
  batch 130/264  loss=0.8493
  batch 140/264  loss=0.6642
  batch 150/264  loss=0.6555
  batch 160/264  loss=0.5361
  batch 170/264  loss=0.8203
  batch 180/264  loss=0.6685
  batch 190/264  loss=1.5349
  batch 200/264  loss=0.7251
  batch 210/264  loss=1.3080
  batch 220/264  loss=1.2111
  batch 230/264  loss=0.8229
  batch 240/264  loss=0.7479
  batch 250/264  loss=1.0431
  batch 260/264  loss=0.7374
Epoch   7/300  train=9.033e-01  rmse=2.7986  lr=1.0e-04  228s
  -> best  monitor=9.033e-01
  batch 10/264  loss=0.7920
  batch 20/264  loss=0.8387
  batch 30/264  loss=0.6243
  batch 40/264  loss=0.8340
  batch 50/264  loss=0.6275
  batch 60/264  loss=0.7525
  batch 70/264  loss=0.7308
  batch 80/264  loss=0.8139
  batch 90/264  loss=0.7311
  batch 100/264  loss=0.8197
  batch 110/264  loss=0.8757
  batch 120/264  loss=0.6685
  batch 130/264  loss=0.8174
  batch 140/264  loss=0.5764
  batch 150/264  loss=0.8822
  batch 160/264  loss=0.8055
  batch 170/264  loss=0.8070
  batch 180/264  loss=0.6914
  batch 190/264  loss=0.6019
  batch 200/264  loss=1.6432
  batch 210/264  loss=0.8468
  batch 220/264  loss=0.5592
  batch 230/264  loss=0.6971
  batch 240/264  loss=0.7866
  batch 250/264  loss=0.8199
  batch 260/264  loss=1.6612
Epoch   8/300  train=8.821e-01  rmse=2.7573  lr=1.0e-04  226s
  -> best  monitor=8.821e-01
  batch 10/264  loss=0.6780
  batch 20/264  loss=0.8728
  batch 30/264  loss=0.5775
  batch 40/264  loss=0.5115
  batch 50/264  loss=0.5623
  batch 60/264  loss=0.6060
  batch 70/264  loss=0.7442
  batch 80/264  loss=0.4930
  batch 90/264  loss=0.5093
  batch 100/264  loss=0.6618
  batch 110/264  loss=0.6659
  batch 120/264  loss=0.8936
  batch 130/264  loss=0.8315
  batch 140/264  loss=0.8642
  batch 150/264  loss=0.5988
  batch 160/264  loss=0.7546
  batch 170/264  loss=1.1491
  batch 180/264  loss=0.6953
  batch 190/264  loss=0.5100
  batch 200/264  loss=0.9724
  batch 210/264  loss=0.8064
  batch 220/264  loss=0.5097
  batch 230/264  loss=0.6559
  batch 240/264  loss=0.7725
  batch 250/264  loss=0.7768
  batch 260/264  loss=0.6489
Epoch   9/300  train=8.479e-01  rmse=2.7501  lr=1.0e-04  227s
  -> best  monitor=8.479e-01
  batch 10/264  loss=0.6233
  batch 20/264  loss=0.9161
  batch 30/264  loss=0.7638
  batch 40/264  loss=0.8455
  batch 50/264  loss=1.0227
  batch 60/264  loss=0.7800
  batch 70/264  loss=0.7614
  batch 80/264  loss=0.6891
  batch 90/264  loss=0.6834
  batch 100/264  loss=0.5615
  batch 110/264  loss=0.5343
  batch 120/264  loss=0.6316
  batch 130/264  loss=0.7234
  batch 140/264  loss=0.6334
  batch 150/264  loss=0.7955
  batch 160/264  loss=0.8317
  batch 170/264  loss=0.5986
  batch 180/264  loss=0.8894
  batch 190/264  loss=0.7848
  batch 200/264  loss=0.6219
  batch 210/264  loss=1.2201
  batch 220/264  loss=0.6499
  batch 230/264  loss=0.7611
  batch 240/264  loss=1.0979
  batch 250/264  loss=0.7885
  batch 260/264  loss=0.5977
Epoch  10/300  train=8.252e-01  rmse=2.6913  lr=1.0e-04  225s
  -> best  monitor=8.252e-01
  batch 10/264  loss=0.7891
  batch 20/264  loss=0.8728
  batch 30/264  loss=0.5962
  batch 40/264  loss=0.6419
  batch 50/264  loss=0.8246
  batch 60/264  loss=0.5788
  batch 70/264  loss=0.8243
  batch 80/264  loss=0.6025
  batch 90/264  loss=0.7734
  batch 100/264  loss=0.8288
  batch 110/264  loss=0.9036
  batch 120/264  loss=0.6584
  batch 130/264  loss=1.8978
  batch 140/264  loss=0.7098
  batch 150/264  loss=0.8017
  batch 160/264  loss=0.6864
  batch 170/264  loss=0.8204
  batch 180/264  loss=0.7651
  batch 190/264  loss=0.6230
  batch 200/264  loss=0.5419
  batch 210/264  loss=0.7741
  batch 220/264  loss=0.5763
  batch 230/264  loss=0.8134
  batch 240/264  loss=0.6781
  batch 250/264  loss=0.7660
  batch 260/264  loss=0.6349
Epoch  11/300  train=8.114e-01  rmse=2.6745  lr=1.0e-04  227s
  -> best  monitor=8.114e-01
  batch 10/264  loss=0.9243
  batch 20/264  loss=0.9155
  batch 30/264  loss=0.6446
  batch 40/264  loss=1.0722
  batch 50/264  loss=0.6249
  batch 60/264  loss=0.6173
  batch 70/264  loss=0.6604
  batch 80/264  loss=0.6913
  batch 90/264  loss=0.7825
  batch 100/264  loss=0.6003
  batch 110/264  loss=0.7671
  batch 120/264  loss=0.7415
  batch 130/264  loss=0.8208
  batch 140/264  loss=0.5788
  batch 150/264  loss=0.5459
  batch 160/264  loss=0.6854
  batch 170/264  loss=0.5954
  batch 180/264  loss=0.7249
  batch 190/264  loss=0.5832
  batch 200/264  loss=0.7768
  batch 210/264  loss=0.6098
  batch 220/264  loss=0.8296
  batch 230/264  loss=0.8795
  batch 240/264  loss=1.0216
  batch 250/264  loss=0.9532
  batch 260/264  loss=1.0219
Epoch  12/300  train=7.924e-01  rmse=2.6612  lr=1.0e-04  227s
  -> best  monitor=7.924e-01
  batch 10/264  loss=1.2214
  batch 20/264  loss=1.3995
  batch 30/264  loss=0.5064
  batch 40/264  loss=2.1681
  batch 50/264  loss=0.8020
  batch 60/264  loss=1.3408
  batch 70/264  loss=0.7433
  batch 80/264  loss=0.8411
  batch 90/264  loss=0.7099
  batch 100/264  loss=1.1406
  batch 110/264  loss=0.8585
  batch 120/264  loss=0.6820
  batch 130/264  loss=0.9074
  batch 140/264  loss=0.7129
  batch 150/264  loss=0.5218
  batch 160/264  loss=0.6472
  batch 170/264  loss=0.6512
  batch 180/264  loss=0.5441
  batch 190/264  loss=0.8700
  batch 200/264  loss=0.6407
  batch 210/264  loss=1.0433
  batch 220/264  loss=0.4838
  batch 230/264  loss=0.5662
  batch 240/264  loss=0.5481
  batch 250/264  loss=0.5889
  batch 260/264  loss=0.5918
Epoch  13/300  train=7.571e-01  rmse=2.6394  lr=1.0e-04  227s
  -> best  monitor=7.571e-01
  batch 10/264  loss=0.7483
  batch 20/264  loss=1.7707
  batch 30/264  loss=0.6680
  batch 40/264  loss=1.2811
  batch 50/264  loss=0.8934
  batch 60/264  loss=0.7112
  batch 70/264  loss=0.8366
  batch 80/264  loss=1.1401
  batch 90/264  loss=0.6133
  batch 100/264  loss=0.9050
  batch 110/264  loss=0.7356
  batch 120/264  loss=0.6765
  batch 130/264  loss=0.4568
  batch 140/264  loss=0.6974
  batch 150/264  loss=1.1006
  batch 160/264  loss=1.0261
  batch 170/264  loss=0.7047
  batch 180/264  loss=1.0223
  batch 190/264  loss=0.5723
  batch 200/264  loss=0.4630
  batch 210/264  loss=0.6739
  batch 220/264  loss=1.4527
  batch 230/264  loss=0.6609
  batch 240/264  loss=0.5637
  batch 250/264  loss=0.5256
  batch 260/264  loss=0.5088
Epoch  14/300  train=7.564e-01  rmse=2.5802  lr=1.0e-04  228s
  -> best  monitor=7.564e-01
  batch 10/264  loss=0.5338
  batch 20/264  loss=0.7684
  batch 30/264  loss=0.7193
  batch 40/264  loss=0.7995
  batch 50/264  loss=0.8877
  batch 60/264  loss=0.6858
  batch 70/264  loss=0.5932
  batch 80/264  loss=0.6387
  batch 90/264  loss=0.6346
  batch 100/264  loss=0.8376
  batch 110/264  loss=0.6806
  batch 120/264  loss=0.5511
  batch 130/264  loss=0.5390
  batch 140/264  loss=0.8658
  batch 150/264  loss=0.5537
  batch 160/264  loss=0.4727
  batch 170/264  loss=0.7982
  batch 180/264  loss=0.9817
  batch 190/264  loss=0.9446
  batch 200/264  loss=1.3096
  batch 210/264  loss=0.7142
  batch 220/264  loss=0.5464
  batch 230/264  loss=0.7687
  batch 240/264  loss=0.5907
  batch 250/264  loss=0.5190
  batch 260/264  loss=0.8474
Epoch  15/300  train=7.361e-01  rmse=2.5441  lr=1.0e-04  226s
  -> best  monitor=7.361e-01
  batch 10/264  loss=0.5618
  batch 20/264  loss=0.5288
  batch 30/264  loss=1.0956
  batch 40/264  loss=0.6245
  batch 50/264  loss=0.9924
  batch 60/264  loss=0.6352
  batch 70/264  loss=0.5341
  batch 80/264  loss=0.5532
  batch 90/264  loss=0.7612
  batch 100/264  loss=0.5173
  batch 110/264  loss=0.6274
  batch 120/264  loss=0.4685
  batch 130/264  loss=0.5611
  batch 140/264  loss=0.9626
  batch 150/264  loss=1.0214
  batch 160/264  loss=0.5427
  batch 170/264  loss=0.6306
  batch 180/264  loss=0.7731
  batch 190/264  loss=0.7981
  batch 200/264  loss=1.4197
  batch 210/264  loss=0.4856
  batch 220/264  loss=1.0975
  batch 230/264  loss=1.1737
  batch 240/264  loss=0.6565
  batch 250/264  loss=0.7270
  batch 260/264  loss=0.6057
Epoch  16/300  train=7.108e-01  rmse=2.4427  lr=1.0e-04  227s
  -> best  monitor=7.108e-01
  batch 10/264  loss=0.8323
  batch 20/264  loss=0.8946
  batch 30/264  loss=0.5900
  batch 40/264  loss=0.8826
  batch 50/264  loss=0.6351
  batch 60/264  loss=0.5907
  batch 70/264  loss=0.5919
  batch 80/264  loss=0.7212
  batch 90/264  loss=0.7531
  batch 100/264  loss=0.6250
  batch 110/264  loss=0.6385
  batch 120/264  loss=0.4991
  batch 130/264  loss=0.5022
  batch 140/264  loss=0.5039
  batch 150/264  loss=0.7285
  batch 160/264  loss=0.5508
  batch 170/264  loss=0.6708
  batch 180/264  loss=0.8679
  batch 190/264  loss=0.6239
  batch 200/264  loss=0.5345
  batch 210/264  loss=0.7785
  batch 220/264  loss=1.2333
  batch 230/264  loss=1.1369
  batch 240/264  loss=0.7443
  batch 250/264  loss=0.7858
  batch 260/264  loss=1.2924
Epoch  17/300  train=7.104e-01  rmse=2.4979  lr=1.0e-04  227s
  -> best  monitor=7.104e-01
  batch 10/264  loss=1.0125
  batch 20/264  loss=0.6638
  batch 30/264  loss=0.7990
  batch 40/264  loss=0.7202
  batch 50/264  loss=0.6517
  batch 60/264  loss=0.6253
  batch 70/264  loss=1.0024
  batch 80/264  loss=0.4802
  batch 90/264  loss=0.6161
  batch 100/264  loss=0.8202
  batch 110/264  loss=0.5759
  batch 120/264  loss=0.5744
  batch 130/264  loss=0.6762
  batch 140/264  loss=0.6606
  batch 150/264  loss=0.6211
  batch 160/264  loss=0.4765
  batch 170/264  loss=0.8711
  batch 180/264  loss=1.0518
  batch 190/264  loss=1.0252
  batch 200/264  loss=0.5436
  batch 210/264  loss=0.5168
  batch 220/264  loss=0.5708
  batch 230/264  loss=0.6572
  batch 240/264  loss=0.7817
  batch 250/264  loss=0.6308
  batch 260/264  loss=0.7999
Epoch  18/300  train=6.956e-01  rmse=2.5384  lr=1.0e-04  227s
  -> best  monitor=6.956e-01
  batch 10/264  loss=1.0052
  batch 20/264  loss=0.5194
  batch 30/264  loss=1.1579
  batch 40/264  loss=0.6022
  batch 50/264  loss=0.4747
  batch 60/264  loss=1.6730
  batch 70/264  loss=0.5134
  batch 80/264  loss=0.5461
  batch 90/264  loss=0.4974
  batch 100/264  loss=0.6643
  batch 110/264  loss=0.5074
  batch 120/264  loss=0.5087
  batch 130/264  loss=0.7125
  batch 140/264  loss=0.5613
  batch 150/264  loss=0.6918
  batch 160/264  loss=0.6015
  batch 170/264  loss=0.8141
  batch 180/264  loss=0.7320
  batch 190/264  loss=1.6430
  batch 200/264  loss=1.3887
  batch 210/264  loss=0.6706
  batch 220/264  loss=0.6453
  batch 230/264  loss=0.4795
  batch 240/264  loss=0.6089
  batch 250/264  loss=0.7516
  batch 260/264  loss=0.5543
Epoch  19/300  train=6.888e-01  rmse=2.4552  lr=1.0e-04  228s
  -> best  monitor=6.888e-01
  batch 10/264  loss=0.6260
  batch 20/264  loss=0.6728
  batch 30/264  loss=0.5994
  batch 40/264  loss=0.5150
  batch 50/264  loss=0.4862
  batch 60/264  loss=0.6834
  batch 70/264  loss=0.4954
  batch 80/264  loss=0.9375
  batch 90/264  loss=0.5483
  batch 100/264  loss=0.6055
  batch 110/264  loss=0.8586
  batch 120/264  loss=1.7063
  batch 130/264  loss=1.0692
  batch 140/264  loss=0.7622
  batch 150/264  loss=1.0365
  batch 160/264  loss=0.4408
  batch 170/264  loss=0.8914
  batch 180/264  loss=0.4439
  batch 190/264  loss=0.5005
  batch 200/264  loss=0.6404
  batch 210/264  loss=0.8187
  batch 220/264  loss=0.5361
  batch 230/264  loss=0.5117
  batch 240/264  loss=0.7459
  batch 250/264  loss=0.5257
  batch 260/264  loss=0.9543
Epoch  20/300  train=6.915e-01  rmse=2.4578  lr=1.0e-04  227s
  batch 10/264  loss=0.5722
  batch 20/264  loss=0.5018
  batch 30/264  loss=0.5494
  batch 40/264  loss=1.2787
  batch 50/264  loss=0.5321
  batch 60/264  loss=0.6101
  batch 70/264  loss=0.5734
  batch 80/264  loss=0.5816
  batch 90/264  loss=0.5456
  batch 100/264  loss=0.6495
  batch 110/264  loss=0.7620
  batch 120/264  loss=0.6434
  batch 130/264  loss=1.7234
  batch 140/264  loss=0.6740
  batch 150/264  loss=0.5293
  batch 160/264  loss=0.4630
  batch 170/264  loss=0.5867
  batch 180/264  loss=0.7404
  batch 190/264  loss=0.8055
  batch 200/264  loss=0.6527
  batch 210/264  loss=0.4902
  batch 220/264  loss=0.7653
  batch 230/264  loss=0.6418
  batch 240/264  loss=0.5148
  batch 250/264  loss=0.7698
  batch 260/264  loss=0.5272
Epoch  21/300  train=6.756e-01  rmse=2.4588  lr=1.0e-04  227s
  -> best  monitor=6.756e-01
  batch 10/264  loss=0.6626
  batch 20/264  loss=0.4488
  batch 30/264  loss=0.5098
  batch 40/264  loss=0.9134
  batch 50/264  loss=0.5752
  batch 60/264  loss=0.4882
  batch 70/264  loss=0.7200
  batch 80/264  loss=0.7587
  batch 90/264  loss=0.6083
  batch 100/264  loss=0.4798
  batch 110/264  loss=0.5639
  batch 120/264  loss=0.9168
  batch 130/264  loss=0.9107
  batch 140/264  loss=0.5494
  batch 150/264  loss=0.6105
  batch 160/264  loss=0.6588
  batch 170/264  loss=0.5233
  batch 180/264  loss=0.5487
  batch 190/264  loss=0.6152
  batch 200/264  loss=0.5937
  batch 210/264  loss=0.6802
  batch 220/264  loss=0.9858
  batch 230/264  loss=0.4826
  batch 240/264  loss=0.6281
  batch 250/264  loss=0.6874
  batch 260/264  loss=0.5067
Epoch  22/300  train=6.751e-01  rmse=2.4457  lr=1.0e-04  226s
  -> best  monitor=6.751e-01
  batch 10/264  loss=1.1414
  batch 20/264  loss=0.5380
  batch 30/264  loss=0.5417
  batch 40/264  loss=0.5443
  batch 50/264  loss=0.5383
  batch 60/264  loss=0.5256
  batch 70/264  loss=0.6442
  batch 80/264  loss=0.5310
  batch 90/264  loss=0.5910
  batch 100/264  loss=0.7087
  batch 110/264  loss=0.6209
  batch 120/264  loss=0.4507
  batch 130/264  loss=0.5145
  batch 140/264  loss=0.5822
  batch 150/264  loss=0.5110
  batch 160/264  loss=0.5091
  batch 170/264  loss=0.6293
  batch 180/264  loss=0.5970
  batch 190/264  loss=0.4995
  batch 200/264  loss=0.4617
  batch 210/264  loss=0.5796
  batch 220/264  loss=1.6204
  batch 230/264  loss=0.8131
  batch 240/264  loss=0.5947
  batch 250/264  loss=0.8917
  batch 260/264  loss=0.6672
Epoch  23/300  train=6.564e-01  rmse=2.3853  lr=1.0e-04  226s
  -> best  monitor=6.564e-01
  batch 10/264  loss=0.5188
  batch 20/264  loss=0.6343
  batch 30/264  loss=0.5869
  batch 40/264  loss=0.5447
  batch 50/264  loss=0.6894
  batch 60/264  loss=0.4434
  batch 70/264  loss=0.9360
  batch 80/264  loss=0.5725
  batch 90/264  loss=1.0475
  batch 100/264  loss=0.8356
  batch 110/264  loss=1.5225
  batch 120/264  loss=0.5845
  batch 130/264  loss=0.4922
  batch 140/264  loss=0.7495
  batch 150/264  loss=1.4863
  batch 160/264  loss=0.5700
  batch 170/264  loss=0.5931
  batch 180/264  loss=0.5217
  batch 190/264  loss=1.1866
  batch 200/264  loss=0.4619
  batch 210/264  loss=0.7068
  batch 220/264  loss=0.5844
  batch 230/264  loss=0.6527
  batch 240/264  loss=0.4458
  batch 250/264  loss=0.6695
  batch 260/264  loss=0.4512
Epoch  24/300  train=6.512e-01  rmse=2.3742  lr=1.0e-04  227s
  -> best  monitor=6.512e-01
  batch 10/264  loss=0.4626
  batch 20/264  loss=0.7252
  batch 30/264  loss=0.5462
  batch 40/264  loss=0.5332
  batch 50/264  loss=0.6545
  batch 60/264  loss=0.6523
  batch 70/264  loss=0.4999
  batch 80/264  loss=0.5356
  batch 90/264  loss=0.5490
  batch 100/264  loss=0.6005
  batch 110/264  loss=0.4466
  batch 120/264  loss=0.5503
  batch 130/264  loss=0.8676
  batch 140/264  loss=0.5101
  batch 150/264  loss=0.6150
  batch 160/264  loss=0.8610
  batch 170/264  loss=1.7566
  batch 180/264  loss=0.8059
  batch 190/264  loss=1.1257
  batch 200/264  loss=0.5883
  batch 210/264  loss=0.6820
  batch 220/264  loss=0.5505
  batch 230/264  loss=0.4585
  batch 240/264  loss=0.8644
  batch 250/264  loss=0.4547
  batch 260/264  loss=0.7127
Epoch  25/300  train=6.471e-01  rmse=2.3680  lr=1.0e-04  227s
  -> best  monitor=6.471e-01
  batch 10/264  loss=0.6593
  batch 20/264  loss=0.5991
  batch 30/264  loss=0.9422
  batch 40/264  loss=0.4573
  batch 50/264  loss=0.5255
  batch 60/264  loss=0.6958
  batch 70/264  loss=0.6409
  batch 80/264  loss=0.5390
  batch 90/264  loss=0.5537
  batch 100/264  loss=0.4738
  batch 110/264  loss=0.4813
  batch 120/264  loss=0.7332
  batch 130/264  loss=0.6043
  batch 140/264  loss=0.7261
  batch 150/264  loss=1.8622
  batch 160/264  loss=0.8645
  batch 170/264  loss=0.6231
  batch 180/264  loss=0.5541
  batch 190/264  loss=0.7935
  batch 200/264  loss=0.6052
  batch 210/264  loss=0.5536
  batch 220/264  loss=0.5738
  batch 230/264  loss=0.4911
  batch 240/264  loss=0.5755
  batch 250/264  loss=0.5734
  batch 260/264  loss=0.7258
Epoch  26/300  train=6.441e-01  rmse=2.3321  lr=1.0e-04  226s
  -> best  monitor=6.441e-01
  batch 10/264  loss=0.5671
  batch 20/264  loss=0.8182
  batch 30/264  loss=0.4784
  batch 40/264  loss=0.5296
  batch 50/264  loss=0.7652
  batch 60/264  loss=0.4336
  batch 70/264  loss=0.5535
  batch 80/264  loss=0.4183
  batch 90/264  loss=0.4752
  batch 100/264  loss=0.6468
  batch 110/264  loss=0.6168
  batch 120/264  loss=0.4973
  batch 130/264  loss=1.1097
  batch 140/264  loss=0.4364
  batch 150/264  loss=0.7111
  batch 160/264  loss=0.4363
  batch 170/264  loss=0.4542
  batch 180/264  loss=0.7164
  batch 190/264  loss=0.6771
  batch 200/264  loss=1.6082
  batch 210/264  loss=0.9569
  batch 220/264  loss=0.4516
  batch 230/264  loss=0.4566
  batch 240/264  loss=0.4308
  batch 250/264  loss=0.4992
  batch 260/264  loss=0.6940
Epoch  27/300  train=6.366e-01  rmse=2.3600  lr=1.0e-04  226s
  -> best  monitor=6.366e-01
  batch 10/264  loss=0.5362
  batch 20/264  loss=0.5550
  batch 30/264  loss=0.7698
  batch 40/264  loss=0.7262
  batch 50/264  loss=0.5628
  batch 60/264  loss=0.6119
  batch 70/264  loss=1.5672
  batch 80/264  loss=0.4909
  batch 90/264  loss=0.4788
  batch 100/264  loss=0.4746
  batch 110/264  loss=0.6595
  batch 120/264  loss=0.6274
  batch 130/264  loss=0.4707
  batch 140/264  loss=0.4669
  batch 150/264  loss=0.7285
  batch 160/264  loss=0.4406
  batch 170/264  loss=0.4594
  batch 180/264  loss=0.4450
  batch 190/264  loss=0.5193
  batch 200/264  loss=1.6058
  batch 210/264  loss=0.5340
  batch 220/264  loss=0.5140
  batch 230/264  loss=0.6253
  batch 240/264  loss=0.4536
  batch 250/264  loss=0.3986
  batch 260/264  loss=0.5822
Epoch  28/300  train=6.335e-01  rmse=2.3757  lr=1.0e-04  228s
  -> best  monitor=6.335e-01
  batch 10/264  loss=0.6356
  batch 20/264  loss=0.9565
  batch 30/264  loss=0.7823
  batch 40/264  loss=0.6646
  batch 50/264  loss=0.4932
  batch 60/264  loss=0.7075
  batch 70/264  loss=0.7319
  batch 80/264  loss=0.7826
  batch 90/264  loss=0.5533
  batch 100/264  loss=0.5353
  batch 110/264  loss=0.5509
  batch 120/264  loss=0.5971
  batch 130/264  loss=0.4470
  batch 140/264  loss=0.4368
  batch 150/264  loss=0.7267
  batch 160/264  loss=1.1799
  batch 170/264  loss=0.5405
  batch 180/264  loss=0.5201
  batch 190/264  loss=0.7532
  batch 200/264  loss=0.5070
  batch 210/264  loss=0.7312
  batch 220/264  loss=0.4566
  batch 230/264  loss=0.5676
  batch 240/264  loss=0.5099
  batch 250/264  loss=0.5236
  batch 260/264  loss=0.5212
Epoch  29/300  train=6.166e-01  rmse=2.3021  lr=1.0e-04  227s
  -> best  monitor=6.166e-01
  batch 10/264  loss=0.5788
  batch 20/264  loss=0.9125
  batch 30/264  loss=1.1840
  batch 40/264  loss=0.5208
  batch 50/264  loss=0.7673
  batch 60/264  loss=0.9794
  batch 70/264  loss=0.4992
  batch 80/264  loss=0.7106
  batch 90/264  loss=0.4931
  batch 100/264  loss=0.8696
  batch 110/264  loss=0.6675
  batch 120/264  loss=0.6880
  batch 130/264  loss=0.4299
  batch 140/264  loss=1.7274
  batch 150/264  loss=0.4896
  batch 160/264  loss=0.4013
  batch 170/264  loss=1.1265
  batch 180/264  loss=0.4545
  batch 190/264  loss=0.5172
  batch 200/264  loss=0.4999
  batch 210/264  loss=0.5928
  batch 220/264  loss=0.5281
  batch 230/264  loss=0.5039
  batch 240/264  loss=0.4834
  batch 250/264  loss=0.4432
  batch 260/264  loss=0.5625
Epoch  30/300  train=6.139e-01  rmse=2.2320  lr=1.0e-04  227s
  -> best  monitor=6.139e-01
  batch 10/264  loss=0.5210
  batch 20/264  loss=0.5759
  batch 30/264  loss=0.3911
  batch 40/264  loss=0.4104
  batch 50/264  loss=0.6614
  batch 60/264  loss=0.4541
  batch 70/264  loss=0.6039
  batch 80/264  loss=0.6708
  batch 90/264  loss=0.8258
  batch 100/264  loss=0.4265
  batch 110/264  loss=0.7932
  batch 120/264  loss=0.5710
  batch 130/264  loss=0.6760
  batch 140/264  loss=0.5385
  batch 150/264  loss=0.6986
  batch 160/264  loss=0.4327
  batch 170/264  loss=0.5055
  batch 180/264  loss=0.6593
  batch 190/264  loss=0.5505
  batch 200/264  loss=0.5678
  batch 210/264  loss=0.5876
  batch 220/264  loss=0.4850
  batch 230/264  loss=0.5809
  batch 240/264  loss=0.5234
  batch 250/264  loss=0.4455
  batch 260/264  loss=0.6136
Epoch  31/300  train=6.096e-01  rmse=2.2846  lr=1.0e-04  227s
  -> best  monitor=6.096e-01
  batch 10/264  loss=0.4525
  batch 20/264  loss=0.4055
  batch 30/264  loss=0.6009
  batch 40/264  loss=0.5730
  batch 50/264  loss=0.5253
  batch 60/264  loss=0.4790
  batch 70/264  loss=0.5685
  batch 80/264  loss=0.5944
  batch 90/264  loss=0.7422
  batch 100/264  loss=0.5782
  batch 110/264  loss=1.0169
  batch 120/264  loss=0.6305
  batch 130/264  loss=0.5286
  batch 140/264  loss=0.6839
  batch 150/264  loss=0.5114
  batch 160/264  loss=0.5676
  batch 170/264  loss=0.6294
  batch 180/264  loss=0.7554
  batch 190/264  loss=0.5535
  batch 200/264  loss=0.5316
  batch 210/264  loss=0.7801
  batch 220/264  loss=0.3869
  batch 230/264  loss=0.6181
  batch 240/264  loss=0.4702
  batch 250/264  loss=0.7283
  batch 260/264  loss=0.4718
Epoch  32/300  train=6.138e-01  rmse=2.3067  lr=1.0e-04  226s
  batch 10/264  loss=0.4171
  batch 20/264  loss=0.5580
  batch 30/264  loss=0.5288
  batch 40/264  loss=0.5219
  batch 50/264  loss=1.1746
  batch 60/264  loss=0.4105
  batch 70/264  loss=0.4658
  batch 80/264  loss=0.4203
  batch 90/264  loss=0.4915
  batch 100/264  loss=0.5632
  batch 110/264  loss=0.4724
  batch 120/264  loss=0.3842
  batch 130/264  loss=0.7027
  batch 140/264  loss=0.5978
  batch 150/264  loss=0.5558
  batch 160/264  loss=0.4652
  batch 170/264  loss=0.4413
  batch 180/264  loss=0.5249
  batch 190/264  loss=0.4797
  batch 200/264  loss=0.5668
  batch 210/264  loss=1.2193
  batch 220/264  loss=1.2260
  batch 230/264  loss=0.7033
  batch 240/264  loss=0.8339
  batch 250/264  loss=0.5255
  batch 260/264  loss=0.5987
Epoch  33/300  train=5.990e-01  rmse=2.2582  lr=1.0e-04  226s
  -> best  monitor=5.990e-01
  batch 10/264  loss=0.6913
  batch 20/264  loss=0.4361
  batch 30/264  loss=0.6478
  batch 40/264  loss=0.7990
  batch 50/264  loss=0.6518
  batch 60/264  loss=0.4397
  batch 70/264  loss=0.7412
  batch 80/264  loss=0.5362
  batch 90/264  loss=0.5129
  batch 100/264  loss=1.1945
  batch 110/264  loss=0.9212
  batch 120/264  loss=0.4980
  batch 130/264  loss=0.5692
  batch 140/264  loss=0.4005
  batch 150/264  loss=0.5044
  batch 160/264  loss=0.9666
  batch 170/264  loss=0.5959
  batch 180/264  loss=0.4361
  batch 190/264  loss=0.4645
  batch 200/264  loss=0.6086
  batch 210/264  loss=0.4845
  batch 220/264  loss=0.6072
  batch 230/264  loss=0.4680
  batch 240/264  loss=0.5188
  batch 250/264  loss=0.6272
  batch 260/264  loss=0.5100
Epoch  34/300  train=5.981e-01  rmse=2.2497  lr=1.0e-04  225s
  -> best  monitor=5.981e-01
  batch 10/264  loss=0.9310
  batch 20/264  loss=0.5617
  batch 30/264  loss=0.8192
  batch 40/264  loss=0.7611
  batch 50/264  loss=0.4213
  batch 60/264  loss=0.6787
  batch 70/264  loss=0.5112
  batch 80/264  loss=0.5166
  batch 90/264  loss=0.5730
  batch 100/264  loss=0.7106
  batch 110/264  loss=0.5202
  batch 120/264  loss=0.3895
  batch 130/264  loss=0.4630
  batch 140/264  loss=0.4613
  batch 150/264  loss=0.7907
  batch 160/264  loss=0.6303
  batch 170/264  loss=0.4313
  batch 180/264  loss=0.4692
  batch 190/264  loss=0.7805
  batch 200/264  loss=0.5171
  batch 210/264  loss=0.9751
  batch 220/264  loss=0.4515
  batch 230/264  loss=0.6387
  batch 240/264  loss=0.8527
  batch 250/264  loss=0.7691
  batch 260/264  loss=0.6878
Epoch  35/300  train=5.933e-01  rmse=2.2534  lr=1.0e-04  226s
  -> best  monitor=5.933e-01
  batch 10/264  loss=0.5086
  batch 20/264  loss=0.6271
  batch 30/264  loss=0.4838
  batch 40/264  loss=0.5962
  batch 50/264  loss=0.7388
  batch 60/264  loss=0.5001
  batch 70/264  loss=0.6742
  batch 80/264  loss=0.4222
  batch 90/264  loss=0.6890
  batch 100/264  loss=0.6369
  batch 110/264  loss=0.4442
  batch 120/264  loss=0.4103
  batch 130/264  loss=0.3998
  batch 140/264  loss=0.6397
  batch 150/264  loss=0.4732
  batch 160/264  loss=0.5234
  batch 170/264  loss=0.5258
  batch 180/264  loss=0.4548
  batch 190/264  loss=0.4193
  batch 200/264  loss=0.6169
  batch 210/264  loss=0.5518
  batch 220/264  loss=0.5040
  batch 230/264  loss=0.5110
  batch 240/264  loss=0.7740
  batch 250/264  loss=0.6700
  batch 260/264  loss=0.4552
Epoch  36/300  train=5.920e-01  rmse=2.2301  lr=1.0e-04  226s
  -> best  monitor=5.920e-01
  batch 10/264  loss=0.4377
  batch 20/264  loss=0.7346
  batch 30/264  loss=0.5643
  batch 40/264  loss=0.4326
  batch 50/264  loss=0.7758
  batch 60/264  loss=0.5850
  batch 70/264  loss=0.5483
  batch 80/264  loss=0.9310
  batch 90/264  loss=0.4551
  batch 100/264  loss=0.5926
  batch 110/264  loss=0.5285
  batch 120/264  loss=0.9542
  batch 130/264  loss=0.4556
  batch 140/264  loss=0.7047
  batch 150/264  loss=0.4605
  batch 160/264  loss=0.5254
  batch 170/264  loss=0.7986
  batch 180/264  loss=0.5495
  batch 190/264  loss=0.4575
  batch 200/264  loss=0.4129
  batch 210/264  loss=0.5184
  batch 220/264  loss=0.6744
  batch 230/264  loss=0.9383
  batch 240/264  loss=0.7882
  batch 250/264  loss=0.5532
  batch 260/264  loss=0.7359
Epoch  37/300  train=5.865e-01  rmse=2.2653  lr=1.0e-04  226s
  -> best  monitor=5.865e-01
  batch 10/264  loss=0.4852
  batch 20/264  loss=0.4680
  batch 30/264  loss=0.6146
  batch 40/264  loss=1.0086
  batch 50/264  loss=0.5056
  batch 60/264  loss=0.4106
  batch 70/264  loss=0.4369
  batch 80/264  loss=0.6118
  batch 90/264  loss=0.4497
  batch 100/264  loss=0.6366
  batch 110/264  loss=0.9579
  batch 120/264  loss=0.6044
  batch 130/264  loss=0.5307
  batch 140/264  loss=0.4161
  batch 150/264  loss=0.5220
  batch 160/264  loss=0.7000
  batch 170/264  loss=0.4531
  batch 180/264  loss=0.6356
  batch 190/264  loss=0.7395
  batch 200/264  loss=0.6679
  batch 210/264  loss=0.3650
  batch 220/264  loss=0.4273
  batch 230/264  loss=0.6171
  batch 240/264  loss=1.2754
  batch 250/264  loss=0.4612
  batch 260/264  loss=0.4332
Epoch  38/300  train=5.765e-01  rmse=2.1918  lr=1.0e-04  225s
  -> best  monitor=5.765e-01
  batch 10/264  loss=0.5458
  batch 20/264  loss=0.5213
  batch 30/264  loss=0.5124
  batch 40/264  loss=0.8887
  batch 50/264  loss=0.6152
  batch 60/264  loss=0.5022
  batch 70/264  loss=0.5193
  batch 80/264  loss=0.6101
  batch 90/264  loss=0.5649
  batch 100/264  loss=0.5534
  batch 110/264  loss=0.6488
  batch 120/264  loss=0.4571
  batch 130/264  loss=0.5877
  batch 140/264  loss=0.5415
  batch 150/264  loss=0.5303
  batch 160/264  loss=0.7397
  batch 170/264  loss=1.2850
  batch 180/264  loss=1.0770
  batch 190/264  loss=0.6963
  batch 200/264  loss=0.5136
  batch 210/264  loss=0.9047
  batch 220/264  loss=0.8060
  batch 230/264  loss=0.4970
  batch 240/264  loss=0.8805
  batch 250/264  loss=0.5864
  batch 260/264  loss=0.3988
Epoch  39/300  train=5.740e-01  rmse=2.1932  lr=1.0e-04  226s
  -> best  monitor=5.740e-01
  batch 10/264  loss=0.6997
  batch 20/264  loss=0.4798
  batch 30/264  loss=0.7757
  batch 40/264  loss=0.3896
  batch 50/264  loss=0.4231
  batch 60/264  loss=0.4392
  batch 70/264  loss=0.4349
  batch 80/264  loss=0.5512
  batch 90/264  loss=0.6291
  batch 100/264  loss=0.5028
  batch 110/264  loss=0.4994
  batch 120/264  loss=0.4175
  batch 130/264  loss=0.4969
  batch 140/264  loss=0.4252
  batch 150/264  loss=0.5436
  batch 160/264  loss=0.4668
  batch 170/264  loss=0.4584
  batch 180/264  loss=0.9336
  batch 190/264  loss=0.4538
  batch 200/264  loss=0.5626
  batch 210/264  loss=0.4056
  batch 220/264  loss=0.8006
  batch 230/264  loss=0.6738
  batch 240/264  loss=0.6712
  batch 250/264  loss=0.4590
  batch 260/264  loss=1.0263
Epoch  40/300  train=5.722e-01  rmse=2.2139  lr=1.0e-04  226s
  -> best  monitor=5.722e-01
  batch 10/264  loss=0.4048
  batch 20/264  loss=0.4768
  batch 30/264  loss=0.4317
  batch 40/264  loss=0.4525
  batch 50/264  loss=0.4493
  batch 60/264  loss=0.7152
  batch 70/264  loss=0.3654
  batch 80/264  loss=0.5207
  batch 90/264  loss=1.0395
  batch 100/264  loss=1.2232
  batch 110/264  loss=0.3982
  batch 120/264  loss=0.6495
  batch 130/264  loss=0.4926
  batch 140/264  loss=0.5736
  batch 150/264  loss=0.6107
  batch 160/264  loss=0.5379
  batch 170/264  loss=0.5800
  batch 180/264  loss=0.5325
  batch 190/264  loss=0.5142
  batch 200/264  loss=0.5555
  batch 210/264  loss=0.5705
  batch 220/264  loss=0.6110
  batch 230/264  loss=0.5261
  batch 240/264  loss=0.5611
  batch 250/264  loss=0.4291
  batch 260/264  loss=0.4071
Epoch  41/300  train=5.682e-01  rmse=2.1660  lr=1.0e-04  227s
  -> best  monitor=5.682e-01
  batch 10/264  loss=0.7300
  batch 20/264  loss=0.3756
  batch 30/264  loss=0.4857
  batch 40/264  loss=0.6272
  batch 50/264  loss=0.5687
  batch 60/264  loss=0.5361
  batch 70/264  loss=0.6260
  batch 80/264  loss=0.8135
  batch 90/264  loss=0.3682
  batch 100/264  loss=0.4230
  batch 110/264  loss=0.4939
  batch 120/264  loss=0.5362
  batch 130/264  loss=0.5640
  batch 140/264  loss=0.5241
  batch 150/264  loss=0.7255
  batch 160/264  loss=0.5930
  batch 170/264  loss=0.4881
  batch 180/264  loss=0.9680
  batch 190/264  loss=0.4378
  batch 200/264  loss=0.4636
  batch 210/264  loss=0.4236
  batch 220/264  loss=0.8417
  batch 230/264  loss=0.4312
  batch 240/264  loss=0.4989
  batch 250/264  loss=0.7300
  batch 260/264  loss=0.6448
Epoch  42/300  train=5.648e-01  rmse=2.1970  lr=1.0e-04  227s
  -> best  monitor=5.648e-01
  batch 10/264  loss=0.7720
  batch 20/264  loss=0.4937
  batch 30/264  loss=1.0622
  batch 40/264  loss=0.5908
  batch 50/264  loss=0.6885
  batch 60/264  loss=0.5144
  batch 70/264  loss=0.4034
  batch 80/264  loss=0.5531
  batch 90/264  loss=0.5007
  batch 100/264  loss=0.4451
  batch 110/264  loss=0.6643
  batch 120/264  loss=0.6137
  batch 130/264  loss=0.5947
  batch 140/264  loss=0.6166
  batch 150/264  loss=0.7771
  batch 160/264  loss=0.5552
  batch 170/264  loss=0.5050
  batch 180/264  loss=0.5645
  batch 190/264  loss=0.5244
  batch 200/264  loss=0.6466
  batch 210/264  loss=0.5695
  batch 220/264  loss=0.4886
  batch 230/264  loss=0.4926
  batch 240/264  loss=0.4241
  batch 250/264  loss=0.5201
  batch 260/264  loss=0.4503
Epoch  43/300  train=5.637e-01  rmse=2.1521  lr=1.0e-04  227s
  -> best  monitor=5.637e-01
  batch 10/264  loss=0.4406
  batch 20/264  loss=0.4209
  batch 30/264  loss=0.5167
  batch 40/264  loss=0.4759
  batch 50/264  loss=0.7366
  batch 60/264  loss=0.6468
  batch 70/264  loss=0.4867
  batch 80/264  loss=0.5255
  batch 90/264  loss=0.4933
  batch 100/264  loss=0.9959
  batch 110/264  loss=0.5352
  batch 120/264  loss=0.5004
  batch 130/264  loss=0.5174
  batch 140/264  loss=0.7632
  batch 150/264  loss=0.4623
  batch 160/264  loss=0.3853
  batch 170/264  loss=0.4444
  batch 180/264  loss=0.6329
  batch 190/264  loss=0.5434
  batch 200/264  loss=0.4331
  batch 210/264  loss=0.3870
  batch 220/264  loss=0.6092
  batch 230/264  loss=0.9267
  batch 240/264  loss=0.4714
  batch 250/264  loss=0.4656
  batch 260/264  loss=0.5284
Epoch  44/300  train=5.640e-01  rmse=2.1501  lr=1.0e-04  227s
  batch 10/264  loss=0.4187
  batch 20/264  loss=0.3971
  batch 30/264  loss=0.4475
  batch 40/264  loss=0.5040
  batch 50/264  loss=0.5064
  batch 60/264  loss=0.5812
  batch 70/264  loss=0.6045
  batch 80/264  loss=0.5126
  batch 90/264  loss=0.7010
  batch 100/264  loss=0.7218
  batch 110/264  loss=0.3854
  batch 120/264  loss=0.4564
  batch 130/264  loss=0.7374
  batch 140/264  loss=0.5358
  batch 150/264  loss=0.4415
  batch 160/264  loss=0.7097
  batch 170/264  loss=0.8517
  batch 180/264  loss=0.5368
  batch 190/264  loss=0.5254
  batch 200/264  loss=0.4886
  batch 210/264  loss=0.5186
  batch 220/264  loss=1.0274
  batch 230/264  loss=0.7073
  batch 240/264  loss=0.4076
  batch 250/264  loss=0.4609
  batch 260/264  loss=0.5908
Epoch  45/300  train=5.526e-01  rmse=2.1299  lr=1.0e-04  228s
  -> best  monitor=5.526e-01
  batch 10/264  loss=0.5679
  batch 20/264  loss=0.5099
  batch 30/264  loss=0.4350
  batch 40/264  loss=0.4029
  batch 50/264  loss=0.6186
  batch 60/264  loss=0.3727
  batch 70/264  loss=0.4336
  batch 80/264  loss=0.6503
  batch 90/264  loss=0.3954
  batch 100/264  loss=0.6845
  batch 110/264  loss=0.6524
  batch 120/264  loss=0.7956
  batch 130/264  loss=0.4806
  batch 140/264  loss=0.5136
  batch 150/264  loss=0.6174
  batch 160/264  loss=0.5175
  batch 170/264  loss=0.5213
  batch 180/264  loss=0.4672
  batch 190/264  loss=0.4228
  batch 200/264  loss=0.5118
  batch 210/264  loss=0.8995
  batch 220/264  loss=0.4447
  batch 230/264  loss=0.4198
  batch 240/264  loss=0.4960
  batch 250/264  loss=0.4658
  batch 260/264  loss=0.4338
Epoch  46/300  train=5.511e-01  rmse=2.1144  lr=1.0e-04  227s
  -> best  monitor=5.511e-01
  batch 10/264  loss=0.4759
  batch 20/264  loss=0.5389
  batch 30/264  loss=0.4131
  batch 40/264  loss=0.5462
  batch 50/264  loss=0.4355
  batch 60/264  loss=0.4351
  batch 70/264  loss=0.7778
  batch 80/264  loss=0.5887
  batch 90/264  loss=0.4420
  batch 100/264  loss=0.9624
  batch 110/264  loss=0.4148
  batch 120/264  loss=0.4308
  batch 130/264  loss=0.5167
  batch 140/264  loss=0.5028
  batch 150/264  loss=0.7170
  batch 160/264  loss=0.5313
  batch 170/264  loss=0.8467
  batch 180/264  loss=0.3747
  batch 190/264  loss=0.5086
  batch 200/264  loss=0.6819
  batch 210/264  loss=0.4660
  batch 220/264  loss=0.5351
  batch 230/264  loss=0.4261
  batch 240/264  loss=0.4033
  batch 250/264  loss=0.4635
  batch 260/264  loss=0.4920
Epoch  47/300  train=5.504e-01  rmse=2.1423  lr=1.0e-04  227s
  -> best  monitor=5.504e-01
  batch 10/264  loss=0.3774
  batch 20/264  loss=0.5078
  batch 30/264  loss=0.5098
  batch 40/264  loss=0.4064
  batch 50/264  loss=0.4130
  batch 60/264  loss=0.5099
  batch 70/264  loss=0.5538
  batch 80/264  loss=0.4237
  batch 90/264  loss=0.3990
  batch 100/264  loss=0.8863
  batch 110/264  loss=0.4306
  batch 120/264  loss=0.3942
  batch 130/264  loss=0.3811
  batch 140/264  loss=0.4287
  batch 150/264  loss=0.8782
  batch 160/264  loss=0.5729
  batch 170/264  loss=0.4297
  batch 180/264  loss=0.4989
  batch 190/264  loss=0.4110
  batch 200/264  loss=0.4407
  batch 210/264  loss=0.4085
  batch 220/264  loss=0.4260
  batch 230/264  loss=0.4758
  batch 240/264  loss=0.5549
  batch 250/264  loss=0.3994
  batch 260/264  loss=0.4465
Epoch  48/300  train=5.454e-01  rmse=2.1304  lr=1.0e-04  228s
  -> best  monitor=5.454e-01
  batch 10/264  loss=0.5841
  batch 20/264  loss=0.4408
  batch 30/264  loss=0.5133
  batch 40/264  loss=0.8943
  batch 50/264  loss=0.4645
  batch 60/264  loss=0.4010
  batch 70/264  loss=0.5043
  batch 80/264  loss=0.5641
  batch 90/264  loss=0.4702
  batch 100/264  loss=0.4430
  batch 110/264  loss=0.7420
  batch 120/264  loss=0.5333
  batch 130/264  loss=0.5266
  batch 140/264  loss=0.4048
  batch 150/264  loss=0.4563
  batch 160/264  loss=0.4440
  batch 170/264  loss=1.0412
  batch 180/264  loss=0.3878
  batch 190/264  loss=0.4506
  batch 200/264  loss=0.5697
  batch 210/264  loss=0.4637
  batch 220/264  loss=0.5872
  batch 230/264  loss=0.4907
  batch 240/264  loss=0.4567
  batch 250/264  loss=0.7000
  batch 260/264  loss=0.4836
Epoch  49/300  train=5.423e-01  rmse=2.1542  lr=1.0e-04  228s
  -> best  monitor=5.423e-01
  batch 10/264  loss=0.5022
  batch 20/264  loss=0.4501
  batch 30/264  loss=0.5325
  batch 40/264  loss=0.4763
  batch 50/264  loss=0.4162
  batch 60/264  loss=0.3795
  batch 70/264  loss=0.5982
  batch 80/264  loss=0.4123
  batch 90/264  loss=0.4133
  batch 100/264  loss=0.6499
  batch 110/264  loss=0.4069
  batch 120/264  loss=0.6188
  batch 130/264  loss=0.4804
  batch 140/264  loss=0.5014
  batch 150/264  loss=0.3824
  batch 160/264  loss=0.4875
  batch 170/264  loss=0.4280
  batch 180/264  loss=0.3728
  batch 190/264  loss=0.7904
  batch 200/264  loss=0.4999
  batch 210/264  loss=0.6022
  batch 220/264  loss=0.5932
  batch 230/264  loss=0.4280
  batch 240/264  loss=0.5046
  batch 250/264  loss=0.6864
  batch 260/264  loss=0.4983
Epoch  50/300  train=5.426e-01  rmse=2.1211  lr=1.0e-04  228s
  batch 10/264  loss=0.5204
  batch 20/264  loss=0.4134
  batch 30/264  loss=0.4104
  batch 40/264  loss=0.3909
  batch 50/264  loss=0.5527
  batch 60/264  loss=0.3946
  batch 70/264  loss=0.4407
  batch 80/264  loss=0.4610
  batch 90/264  loss=0.7923
  batch 100/264  loss=0.7296
  batch 110/264  loss=0.3605
  batch 120/264  loss=0.5863
  batch 130/264  loss=0.5220
  batch 140/264  loss=0.6535
  batch 150/264  loss=0.4838
  batch 160/264  loss=0.5758
  batch 170/264  loss=0.5071
  batch 180/264  loss=0.4685
  batch 190/264  loss=0.4340
  batch 200/264  loss=0.5456
  batch 210/264  loss=0.4043
  batch 220/264  loss=0.6114
  batch 230/264  loss=0.3748
  batch 240/264  loss=0.7862
  batch 250/264  loss=0.5598
  batch 260/264  loss=0.4331
Epoch  51/300  train=5.348e-01  rmse=2.0558  lr=1.0e-04  227s
  -> best  monitor=5.348e-01
  batch 10/264  loss=0.4255
  batch 20/264  loss=0.5883
  batch 30/264  loss=0.5525
  batch 40/264  loss=0.4794
  batch 50/264  loss=0.4658
  batch 60/264  loss=0.5642
  batch 70/264  loss=0.4560
  batch 80/264  loss=0.4418
  batch 90/264  loss=0.6440
  batch 100/264  loss=0.4360
  batch 110/264  loss=0.3888
  batch 120/264  loss=0.5154
  batch 130/264  loss=0.6288
  batch 140/264  loss=0.6833
  batch 150/264  loss=0.6869
  batch 160/264  loss=0.5129
  batch 170/264  loss=0.4265
  batch 180/264  loss=0.6032
  batch 190/264  loss=0.4805
  batch 200/264  loss=0.4322
  batch 210/264  loss=0.5226
  batch 220/264  loss=0.7754
  batch 230/264  loss=0.4408
  batch 240/264  loss=0.4639
  batch 250/264  loss=0.7298
  batch 260/264  loss=0.4300
Epoch  52/300  train=5.420e-01  rmse=2.0872  lr=1.0e-04  226s
  batch 10/264  loss=0.6417
  batch 20/264  loss=1.1363
  batch 30/264  loss=0.4425
  batch 40/264  loss=0.3845
  batch 50/264  loss=0.9086
  batch 60/264  loss=0.5986
  batch 70/264  loss=0.6135
  batch 80/264  loss=0.4964
  batch 90/264  loss=0.3591
  batch 100/264  loss=0.6272
  batch 110/264  loss=0.4801
  batch 120/264  loss=0.5603
  batch 130/264  loss=0.5505
  batch 140/264  loss=0.3777
  batch 150/264  loss=0.5580
  batch 160/264  loss=0.4057
  batch 170/264  loss=0.5539
  batch 180/264  loss=0.4765
  batch 190/264  loss=0.5088
  batch 200/264  loss=0.5359
  batch 210/264  loss=0.5956
  batch 220/264  loss=0.5178
  batch 230/264  loss=0.4533
  batch 240/264  loss=0.6535
  batch 250/264  loss=0.3631
  batch 260/264  loss=0.8271
Epoch  53/300  train=5.387e-01  rmse=2.1027  lr=1.0e-04  225s
  batch 10/264  loss=0.5481
  batch 20/264  loss=0.4916
  batch 30/264  loss=0.4793
  batch 40/264  loss=0.5324
  batch 50/264  loss=0.6663
  batch 60/264  loss=0.5361
  batch 70/264  loss=0.4009
  batch 80/264  loss=0.3778
  batch 90/264  loss=0.3873
  batch 100/264  loss=0.4467
  batch 110/264  loss=0.4357
  batch 120/264  loss=0.4064
  batch 130/264  loss=0.4126
  batch 140/264  loss=0.4947
  batch 150/264  loss=0.4143
  batch 160/264  loss=0.7373
  batch 170/264  loss=0.6117
  batch 180/264  loss=0.6145
  batch 190/264  loss=0.4293
  batch 200/264  loss=0.4229
  batch 210/264  loss=0.4073
  batch 220/264  loss=0.6814
  batch 230/264  loss=0.4331
  batch 240/264  loss=0.7244
  batch 250/264  loss=0.4671
  batch 260/264  loss=0.4362
Epoch  54/300  train=5.355e-01  rmse=2.0888  lr=1.0e-04  226s
  batch 10/264  loss=0.5063
  batch 20/264  loss=0.5244
  batch 30/264  loss=0.7932
  batch 40/264  loss=0.3864
  batch 50/264  loss=0.4024
  batch 60/264  loss=0.5775
  batch 70/264  loss=0.4978
  batch 80/264  loss=0.6495
  batch 90/264  loss=0.4681
  batch 100/264  loss=0.3829
  batch 110/264  loss=0.4470
  batch 120/264  loss=0.4247
  batch 130/264  loss=0.3477
  batch 140/264  loss=0.3914
  batch 150/264  loss=0.5934
  batch 160/264  loss=0.5525
  batch 170/264  loss=0.4167
  batch 180/264  loss=0.5834
  batch 190/264  loss=0.4515
  batch 200/264  loss=0.4449
  batch 210/264  loss=0.4712
  batch 220/264  loss=0.5689
  batch 230/264  loss=0.3722
  batch 240/264  loss=0.6825
  batch 250/264  loss=0.4681
  batch 260/264  loss=0.4586
Epoch  55/300  train=5.311e-01  rmse=2.1019  lr=1.0e-04  227s
  -> best  monitor=5.311e-01
  batch 10/264  loss=0.6214
  batch 20/264  loss=0.9588
  batch 30/264  loss=0.6884
  batch 40/264  loss=0.3902
  batch 50/264  loss=0.4942
  batch 60/264  loss=0.3922
  batch 70/264  loss=0.4682
  batch 80/264  loss=0.4179
  batch 90/264  loss=0.4291
  batch 100/264  loss=0.5070
  batch 110/264  loss=0.4186
  batch 120/264  loss=0.4351
  batch 130/264  loss=0.5171
  batch 140/264  loss=0.4683
  batch 150/264  loss=0.5260
  batch 160/264  loss=0.5596
  batch 170/264  loss=0.4337
  batch 180/264  loss=0.3878
  batch 190/264  loss=0.4648
  batch 200/264  loss=0.3932
  batch 210/264  loss=0.5416
  batch 220/264  loss=0.4991
  batch 230/264  loss=0.5818
  batch 240/264  loss=0.6919
  batch 250/264  loss=0.6916
  batch 260/264  loss=0.4227
Epoch  56/300  train=5.222e-01  rmse=2.0375  lr=1.0e-04  228s
  -> best  monitor=5.222e-01
  batch 10/264  loss=0.4063
  batch 20/264  loss=0.4716
  batch 30/264  loss=0.7882
  batch 40/264  loss=0.6329
  batch 50/264  loss=0.8167
  batch 60/264  loss=0.4850
  batch 70/264  loss=0.9243
  batch 80/264  loss=0.4637
  batch 90/264  loss=0.8396
  batch 100/264  loss=0.5517
  batch 110/264  loss=0.4529
  batch 120/264  loss=0.5584
  batch 130/264  loss=0.3768
  batch 140/264  loss=0.5011
  batch 150/264  loss=0.3959
  batch 160/264  loss=0.3727
  batch 170/264  loss=0.5437
  batch 180/264  loss=0.8857
  batch 190/264  loss=0.4572
  batch 200/264  loss=0.4440
  batch 210/264  loss=0.5329
  batch 220/264  loss=1.1381
  batch 230/264  loss=0.4562
  batch 240/264  loss=0.4339
  batch 250/264  loss=0.4127
  batch 260/264  loss=0.4496
Epoch  57/300  train=5.216e-01  rmse=2.0796  lr=1.0e-04  228s
  -> best  monitor=5.216e-01
  batch 10/264  loss=0.6982
  batch 20/264  loss=0.4461
  batch 30/264  loss=0.4415
  batch 40/264  loss=0.9183
  batch 50/264  loss=0.5086
  batch 60/264  loss=0.6220
  batch 70/264  loss=0.6956
  batch 80/264  loss=0.5339
  batch 90/264  loss=0.4179
  batch 100/264  loss=0.3786
  batch 110/264  loss=0.4577
  batch 120/264  loss=0.4065
  batch 130/264  loss=0.4255
  batch 140/264  loss=0.4371
  batch 150/264  loss=0.5886
  batch 160/264  loss=0.4857
  batch 170/264  loss=0.5114
  batch 180/264  loss=0.3836
  batch 190/264  loss=0.3510
  batch 200/264  loss=0.4557
  batch 210/264  loss=0.5631
  batch 220/264  loss=0.8028
  batch 230/264  loss=0.5331
  batch 240/264  loss=0.4048
  batch 250/264  loss=0.8234
  batch 260/264  loss=0.5596
Epoch  58/300  train=5.283e-01  rmse=2.0608  lr=1.0e-04  226s
  batch 10/264  loss=0.5983
  batch 20/264  loss=0.4401
  batch 30/264  loss=0.4526
  batch 40/264  loss=0.4438
  batch 50/264  loss=0.3923
  batch 60/264  loss=0.5509
  batch 70/264  loss=0.5544
  batch 80/264  loss=0.4796
  batch 90/264  loss=0.3718
  batch 100/264  loss=0.4894
  batch 110/264  loss=0.4360
  batch 120/264  loss=0.6037
  batch 130/264  loss=0.4281
  batch 140/264  loss=0.3827
  batch 150/264  loss=0.6004
  batch 160/264  loss=0.5736
  batch 170/264  loss=0.3788
  batch 180/264  loss=0.7035
  batch 190/264  loss=0.4070
  batch 200/264  loss=0.4103
  batch 210/264  loss=0.4981
  batch 220/264  loss=0.4405
  batch 230/264  loss=0.6595
  batch 240/264  loss=0.6786
  batch 250/264  loss=0.3824
  batch 260/264  loss=0.4333
Epoch  59/300  train=5.219e-01  rmse=2.0583  lr=1.0e-04  228s
  batch 10/264  loss=0.4393
  batch 20/264  loss=0.8661
  batch 30/264  loss=0.7876
  batch 40/264  loss=0.4140
  batch 50/264  loss=0.4018
  batch 60/264  loss=0.5150
  batch 70/264  loss=0.5127
  batch 80/264  loss=0.4789
  batch 90/264  loss=0.7147
  batch 100/264  loss=0.3847
  batch 110/264  loss=0.4302
  batch 120/264  loss=0.8300
  batch 130/264  loss=0.3949
  batch 140/264  loss=0.4819
  batch 150/264  loss=0.5494
  batch 160/264  loss=0.4810
  batch 170/264  loss=0.5517
  batch 180/264  loss=0.5897
  batch 190/264  loss=0.6416
  batch 200/264  loss=0.4257
  batch 210/264  loss=0.4146
  batch 220/264  loss=0.4527
  batch 230/264  loss=0.7807
  batch 240/264  loss=0.4903
  batch 250/264  loss=0.4570
  batch 260/264  loss=0.5252
Epoch  60/300  train=5.183e-01  rmse=2.0763  lr=1.0e-04  227s
  -> best  monitor=5.183e-01
  batch 10/264  loss=0.3861
  batch 20/264  loss=0.4456
  batch 30/264  loss=0.3675
  batch 40/264  loss=0.4160
  batch 50/264  loss=0.6598
  batch 60/264  loss=0.6143
  batch 70/264  loss=0.3763
  batch 80/264  loss=0.5317
  batch 90/264  loss=0.4785
  batch 100/264  loss=0.5515
  batch 110/264  loss=0.5543
  batch 120/264  loss=0.4277
  batch 130/264  loss=0.3682
  batch 140/264  loss=0.4048
  batch 150/264  loss=0.4470
  batch 160/264  loss=0.5439
  batch 170/264  loss=0.4826
  batch 180/264  loss=0.3704
  batch 190/264  loss=0.4633
  batch 200/264  loss=0.3793
  batch 210/264  loss=0.4720
  batch 220/264  loss=0.3654
  batch 230/264  loss=0.4009
  batch 240/264  loss=0.4993
  batch 250/264  loss=0.4470
  batch 260/264  loss=1.0958
Epoch  61/300  train=5.208e-01  rmse=2.0305  lr=1.0e-04  227s
  batch 10/264  loss=0.4582
  batch 20/264  loss=0.4242
  batch 30/264  loss=0.5149
  batch 40/264  loss=0.4558
  batch 50/264  loss=0.4516
  batch 60/264  loss=0.4433
  batch 70/264  loss=0.4569
  batch 80/264  loss=0.6712
  batch 90/264  loss=0.4031
  batch 100/264  loss=0.4934
  batch 110/264  loss=0.4206
  batch 120/264  loss=0.4320
  batch 130/264  loss=0.6549
  batch 140/264  loss=0.5849
  batch 150/264  loss=0.4350
  batch 160/264  loss=1.1215
  batch 170/264  loss=0.5057
  batch 180/264  loss=0.5424
  batch 190/264  loss=0.3825
  batch 200/264  loss=0.5140
  batch 210/264  loss=0.4284
  batch 220/264  loss=0.4283
  batch 230/264  loss=0.4265
  batch 240/264  loss=0.4167
  batch 250/264  loss=0.7190
  batch 260/264  loss=0.7961
Epoch  62/300  train=5.133e-01  rmse=2.0294  lr=1.0e-04  226s
  -> best  monitor=5.133e-01
  batch 10/264  loss=0.4493
  batch 20/264  loss=0.4434
  batch 30/264  loss=0.5815
  batch 40/264  loss=0.6108
  batch 50/264  loss=0.4473
  batch 60/264  loss=0.4069
  batch 70/264  loss=0.5114
  batch 80/264  loss=0.6100
  batch 90/264  loss=0.5462
  batch 100/264  loss=0.3842
  batch 110/264  loss=0.5848
  batch 120/264  loss=0.4995
  batch 130/264  loss=0.3970
  batch 140/264  loss=0.4217
  batch 150/264  loss=0.4455
  batch 160/264  loss=0.5141
  batch 170/264  loss=0.4301
  batch 180/264  loss=0.4639
  batch 190/264  loss=0.6851
  batch 200/264  loss=0.6617
  batch 210/264  loss=0.4561
  batch 220/264  loss=0.7485
  batch 230/264  loss=0.5406
  batch 240/264  loss=0.6146
  batch 250/264  loss=0.4309
  batch 260/264  loss=0.4809
Epoch  63/300  train=5.152e-01  rmse=2.0955  lr=1.0e-04  228s
  batch 10/264  loss=0.3977
  batch 20/264  loss=0.4953
  batch 30/264  loss=0.3640
  batch 40/264  loss=0.4378
  batch 50/264  loss=0.4706
  batch 60/264  loss=0.3633
  batch 70/264  loss=0.4126
  batch 80/264  loss=0.8558
  batch 90/264  loss=0.5190
  batch 100/264  loss=0.5237
  batch 110/264  loss=0.5099
  batch 120/264  loss=0.6317
  batch 130/264  loss=0.5886
  batch 140/264  loss=0.4689
  batch 150/264  loss=0.4973
  batch 160/264  loss=0.4519
  batch 170/264  loss=0.4418
  batch 180/264  loss=0.6481
  batch 190/264  loss=0.4646
  batch 200/264  loss=0.5594
  batch 210/264  loss=0.5170
  batch 220/264  loss=0.4886
  batch 230/264  loss=0.6233
  batch 240/264  loss=0.4005
  batch 250/264  loss=0.5386
  batch 260/264  loss=0.5911
Epoch  64/300  train=5.072e-01  rmse=2.0366  lr=1.0e-04  227s
  -> best  monitor=5.072e-01
  batch 10/264  loss=0.4791
  batch 20/264  loss=0.7014
  batch 30/264  loss=0.4830
  batch 40/264  loss=0.5013
  batch 50/264  loss=0.4112
  batch 60/264  loss=0.3721
  batch 70/264  loss=0.4280
  batch 80/264  loss=0.4373
  batch 90/264  loss=0.5627
  batch 100/264  loss=0.4543
  batch 110/264  loss=0.9705
  batch 120/264  loss=0.4387
  batch 130/264  loss=0.3818
  batch 140/264  loss=0.4518
  batch 150/264  loss=1.0871
  batch 160/264  loss=0.8773
  batch 170/264  loss=0.3867
  batch 180/264  loss=0.5405
  batch 190/264  loss=0.4820
  batch 200/264  loss=0.5128
  batch 210/264  loss=0.4676
  batch 220/264  loss=0.4730
  batch 230/264  loss=0.3884
  batch 240/264  loss=0.6329
  batch 250/264  loss=0.4957
  batch 260/264  loss=0.4405
Epoch  65/300  train=5.092e-01  rmse=2.1008  lr=1.0e-04  227s
  batch 10/264  loss=0.5733
  batch 20/264  loss=0.5118
  batch 30/264  loss=0.5453
  batch 40/264  loss=0.3952
  batch 50/264  loss=0.3964
  batch 60/264  loss=0.6045
  batch 70/264  loss=0.6913
  batch 80/264  loss=0.5918
  batch 90/264  loss=0.5982
  batch 100/264  loss=0.4325
  batch 110/264  loss=0.4820
  batch 120/264  loss=0.4755
  batch 130/264  loss=0.9839
  batch 140/264  loss=0.6735
  batch 150/264  loss=0.4205
  batch 160/264  loss=0.4496
  batch 170/264  loss=0.4307
  batch 180/264  loss=0.4358
  batch 190/264  loss=0.3680
  batch 200/264  loss=0.5871
  batch 210/264  loss=0.3911
  batch 220/264  loss=0.4396
  batch 230/264  loss=0.3785
  batch 240/264  loss=0.7054
  batch 250/264  loss=0.6865
  batch 260/264  loss=0.4071
Epoch  66/300  train=5.100e-01  rmse=2.0533  lr=1.0e-04  226s
  batch 10/264  loss=0.8584
  batch 20/264  loss=0.8005
  batch 30/264  loss=0.4293
  batch 40/264  loss=0.4169
  batch 50/264  loss=0.5625
  batch 60/264  loss=0.5037
  batch 70/264  loss=0.4060
  batch 80/264  loss=0.3999
  batch 90/264  loss=0.9089
  batch 100/264  loss=0.6275
  batch 110/264  loss=0.5345
  batch 120/264  loss=0.4554
  batch 130/264  loss=0.6035
  batch 140/264  loss=0.4604
  batch 150/264  loss=0.4220
  batch 160/264  loss=0.3401
  batch 170/264  loss=0.3989
  batch 180/264  loss=0.4541
  batch 190/264  loss=0.7990
  batch 200/264  loss=0.5161
  batch 210/264  loss=0.7011
  batch 220/264  loss=0.4250
  batch 230/264  loss=0.4915
  batch 240/264  loss=0.4441
  batch 250/264  loss=0.5904
  batch 260/264  loss=0.6438
Epoch  67/300  train=5.064e-01  rmse=1.9910  lr=1.0e-04  227s
  -> best  monitor=5.064e-01
  batch 10/264  loss=0.6290
  batch 20/264  loss=0.5706
  batch 30/264  loss=0.7398
  batch 40/264  loss=0.7458
  batch 50/264  loss=0.3648
  batch 60/264  loss=0.4674
  batch 70/264  loss=0.7879
  batch 80/264  loss=0.3741
  batch 90/264  loss=0.5537
  batch 100/264  loss=0.4827
  batch 110/264  loss=0.4706
  batch 120/264  loss=0.5365
  batch 130/264  loss=0.3755
  batch 140/264  loss=0.3720
  batch 150/264  loss=0.3609
  batch 160/264  loss=0.5544
  batch 170/264  loss=0.3883
  batch 180/264  loss=0.4101
  batch 190/264  loss=0.4606
  batch 200/264  loss=0.4676
  batch 210/264  loss=0.4174
  batch 220/264  loss=0.8124
  batch 230/264  loss=0.6358
  batch 240/264  loss=0.4564
  batch 250/264  loss=0.7923
  batch 260/264  loss=0.6618
Epoch  68/300  train=5.095e-01  rmse=2.0552  lr=1.0e-04  226s
  batch 10/264  loss=0.4256
  batch 20/264  loss=0.4965
  batch 30/264  loss=0.3912
  batch 40/264  loss=0.5089
  batch 50/264  loss=0.4904
  batch 60/264  loss=0.5531
  batch 70/264  loss=0.5941
  batch 80/264  loss=0.4397
  batch 90/264  loss=0.6067
  batch 100/264  loss=0.4074
  batch 110/264  loss=0.5884
  batch 120/264  loss=0.3875
  batch 130/264  loss=0.5228
  batch 140/264  loss=1.1660
  batch 150/264  loss=0.4288
  batch 160/264  loss=0.4222
  batch 170/264  loss=0.6861
  batch 180/264  loss=0.6371
  batch 190/264  loss=0.7071
  batch 200/264  loss=0.5671
  batch 210/264  loss=0.7391
  batch 220/264  loss=0.4699
  batch 230/264  loss=0.4663
  batch 240/264  loss=0.4535
  batch 250/264  loss=0.4434
  batch 260/264  loss=0.6768
Epoch  69/300  train=5.069e-01  rmse=2.0344  lr=1.0e-04  226s
  batch 10/264  loss=0.3746
  batch 20/264  loss=0.5269
  batch 30/264  loss=0.4892
  batch 40/264  loss=0.4181
  batch 50/264  loss=0.4992
  batch 60/264  loss=0.3836
  batch 70/264  loss=0.8287
  batch 80/264  loss=0.5466
  batch 90/264  loss=0.3937
  batch 100/264  loss=0.5620
  batch 110/264  loss=1.0716
  batch 120/264  loss=0.3910
  batch 130/264  loss=0.7050
  batch 140/264  loss=0.4975
  batch 150/264  loss=0.5716
  batch 160/264  loss=0.4139
  batch 170/264  loss=0.6005
  batch 180/264  loss=0.4101
  batch 190/264  loss=0.4226
  batch 200/264  loss=0.4409
  batch 210/264  loss=0.5711
  batch 220/264  loss=0.4004
  batch 230/264  loss=0.5052
  batch 240/264  loss=0.4873
  batch 250/264  loss=0.4428
  batch 260/264  loss=0.4060
Epoch  70/300  train=4.988e-01  rmse=1.9884  lr=1.0e-04  227s
  -> best  monitor=4.988e-01
  batch 10/264  loss=0.4363
  batch 20/264  loss=0.4616
  batch 30/264  loss=0.4356
  batch 40/264  loss=0.6261
  batch 50/264  loss=0.4444
  batch 60/264  loss=0.4056
  batch 70/264  loss=0.4094
  batch 80/264  loss=0.3997
  batch 90/264  loss=0.3823
  batch 100/264  loss=0.8697
  batch 110/264  loss=0.3912
  batch 120/264  loss=0.4109
  batch 130/264  loss=0.4302
  batch 140/264  loss=0.3492
  batch 150/264  loss=1.0597
  batch 160/264  loss=0.5563
  batch 170/264  loss=0.4626
  batch 180/264  loss=0.3814
  batch 190/264  loss=0.5196
  batch 200/264  loss=0.4154
  batch 210/264  loss=0.4735
  batch 220/264  loss=0.3884
  batch 230/264  loss=0.4493
  batch 240/264  loss=0.3703
  batch 250/264  loss=0.5797
  batch 260/264  loss=0.3877
Epoch  71/300  train=5.007e-01  rmse=2.0235  lr=1.0e-04  225s
  batch 10/264  loss=0.8491
  batch 20/264  loss=0.4659
  batch 30/264  loss=0.8527
  batch 40/264  loss=0.5729
  batch 50/264  loss=0.4768
  batch 60/264  loss=0.5556
  batch 70/264  loss=0.3962
  batch 80/264  loss=0.5002
  batch 90/264  loss=0.3773
  batch 100/264  loss=0.4639
  batch 110/264  loss=0.3460
  batch 120/264  loss=0.5369
  batch 130/264  loss=0.4551
  batch 140/264  loss=0.5436
  batch 150/264  loss=0.4100
  batch 160/264  loss=0.4811
  batch 170/264  loss=0.6130
  batch 180/264  loss=0.4871
  batch 190/264  loss=0.5988
  batch 200/264  loss=0.3782
  batch 210/264  loss=0.3475
  batch 220/264  loss=0.5544
  batch 230/264  loss=0.5320
  batch 240/264  loss=0.4756
  batch 250/264  loss=0.6259
  batch 260/264  loss=0.5551
Epoch  72/300  train=5.011e-01  rmse=2.0255  lr=1.0e-04  228s
  batch 10/264  loss=0.4303
  batch 20/264  loss=0.4156
  batch 30/264  loss=0.4425
  batch 40/264  loss=0.3899
  batch 50/264  loss=0.7727
  batch 60/264  loss=0.3916
  batch 70/264  loss=0.5546
  batch 80/264  loss=0.4061
  batch 90/264  loss=0.3708
  batch 100/264  loss=0.5280
  batch 110/264  loss=0.4948
  batch 120/264  loss=0.5910
  batch 130/264  loss=0.7923
  batch 140/264  loss=0.4439
  batch 150/264  loss=0.3446
  batch 160/264  loss=0.4613
  batch 170/264  loss=0.4476
  batch 180/264  loss=0.6434
  batch 190/264  loss=0.4074
  batch 200/264  loss=0.5892
  batch 210/264  loss=0.3582
  batch 220/264  loss=0.7173
  batch 230/264  loss=0.3831
  batch 240/264  loss=0.4169
  batch 250/264  loss=0.3760
  batch 260/264  loss=0.4411
Epoch  73/300  train=4.951e-01  rmse=1.9651  lr=1.0e-04  227s
  -> best  monitor=4.951e-01
  batch 10/264  loss=0.3566
  batch 20/264  loss=0.6526
  batch 30/264  loss=0.3721
  batch 40/264  loss=0.4438
  batch 50/264  loss=0.6784
  batch 60/264  loss=0.6582
  batch 70/264  loss=0.3563
  batch 80/264  loss=0.4158
  batch 90/264  loss=0.5437
  batch 100/264  loss=0.4197
  batch 110/264  loss=0.3962
  batch 120/264  loss=0.3693
  batch 130/264  loss=0.5025
  batch 140/264  loss=0.4276
  batch 150/264  loss=0.3730
  batch 160/264  loss=0.4384
  batch 170/264  loss=0.4638
  batch 180/264  loss=0.5532
  batch 190/264  loss=0.5660
  batch 200/264  loss=1.2138
  batch 210/264  loss=0.7606
  batch 220/264  loss=0.3897
  batch 230/264  loss=0.7041
  batch 240/264  loss=0.7195
  batch 250/264  loss=0.4120
  batch 260/264  loss=0.4336
Epoch  74/300  train=4.852e-01  rmse=1.9564  lr=1.0e-04  226s
  -> best  monitor=4.852e-01
  batch 10/264  loss=0.4745
  batch 20/264  loss=0.4332
  batch 30/264  loss=0.7489
  batch 40/264  loss=0.4101
  batch 50/264  loss=0.4023
  batch 60/264  loss=0.6048
  batch 70/264  loss=0.5721
  batch 80/264  loss=0.5209
  batch 90/264  loss=0.3825
  batch 100/264  loss=0.4266
  batch 110/264  loss=0.4508
  batch 120/264  loss=0.3415
  batch 130/264  loss=0.9616
  batch 140/264  loss=0.5627
  batch 150/264  loss=0.4023
  batch 160/264  loss=0.3980
  batch 170/264  loss=0.5220
  batch 180/264  loss=0.3618
  batch 190/264  loss=0.4014
  batch 200/264  loss=0.4612
  batch 210/264  loss=0.4245
  batch 220/264  loss=0.4061
  batch 230/264  loss=0.4011
  batch 240/264  loss=0.4651
  batch 250/264  loss=0.5837
  batch 260/264  loss=0.3803
Epoch  75/300  train=4.993e-01  rmse=2.2382  lr=1.0e-04  226s
  batch 10/264  loss=0.5623
  batch 20/264  loss=0.5524
  batch 30/264  loss=0.4395
  batch 40/264  loss=0.3909
  batch 50/264  loss=0.6452
  batch 60/264  loss=0.3969
  batch 70/264  loss=0.5318
  batch 80/264  loss=0.5672
  batch 90/264  loss=0.6106
  batch 100/264  loss=0.4847
  batch 110/264  loss=0.4931
  batch 120/264  loss=0.4192
  batch 130/264  loss=0.3656
  batch 140/264  loss=0.5039
  batch 150/264  loss=0.4295
  batch 160/264  loss=0.4509
  batch 170/264  loss=0.3836
  batch 180/264  loss=0.4275
  batch 190/264  loss=0.7150
  batch 200/264  loss=0.6103
  batch 210/264  loss=0.3716
  batch 220/264  loss=0.5546
  batch 230/264  loss=0.5066
  batch 240/264  loss=0.3734
  batch 250/264  loss=0.4110
  batch 260/264  loss=0.5144
Epoch  76/300  train=4.968e-01  rmse=2.1076  lr=1.0e-04  227s
  batch 10/264  loss=0.6685
  batch 20/264  loss=0.3508
  batch 30/264  loss=0.4336
  batch 40/264  loss=0.3683
  batch 50/264  loss=0.5845
  batch 60/264  loss=0.5580
  batch 70/264  loss=0.3816
  batch 80/264  loss=0.4905
  batch 90/264  loss=0.3974
  batch 100/264  loss=0.3646
  batch 110/264  loss=0.4932
  batch 120/264  loss=0.4405
  batch 130/264  loss=0.3729
  batch 140/264  loss=0.3865
  batch 150/264  loss=0.4671
  batch 160/264  loss=0.5043
  batch 170/264  loss=0.4419
  batch 180/264  loss=0.4148
  batch 190/264  loss=0.3931
  batch 200/264  loss=0.5427
  batch 210/264  loss=0.4098
  batch 220/264  loss=0.5127
  batch 230/264  loss=0.4666
  batch 240/264  loss=0.4682
  batch 250/264  loss=0.4356
  batch 260/264  loss=0.3666
Epoch  77/300  train=4.846e-01  rmse=2.4169  lr=1.0e-04  228s
  -> best  monitor=4.846e-01
  batch 10/264  loss=0.4102
  batch 20/264  loss=0.4927
  batch 30/264  loss=0.5090
  batch 40/264  loss=0.4606
  batch 50/264  loss=0.4957
  batch 60/264  loss=0.4982
  batch 70/264  loss=0.8971
  batch 80/264  loss=0.5809
  batch 90/264  loss=0.5728
  batch 100/264  loss=0.4713
  batch 110/264  loss=0.5866
  batch 120/264  loss=0.3854
  batch 130/264  loss=0.3723
  batch 140/264  loss=0.5861
  batch 150/264  loss=0.4970
  batch 160/264  loss=0.4052
  batch 170/264  loss=0.3557
  batch 180/264  loss=0.5146
  batch 190/264  loss=0.5512
  batch 200/264  loss=0.8262
  batch 210/264  loss=0.5015
  batch 220/264  loss=0.4158
  batch 230/264  loss=0.4257
  batch 240/264  loss=0.3577
  batch 250/264  loss=0.4677
  batch 260/264  loss=0.5168
Epoch  78/300  train=4.905e-01  rmse=1.9808  lr=1.0e-04  227s
  batch 10/264  loss=0.5863
  batch 20/264  loss=0.4440
  batch 30/264  loss=0.5022
  batch 40/264  loss=0.4342
  batch 50/264  loss=0.4603
  batch 60/264  loss=0.6681
  batch 70/264  loss=0.6101
  batch 80/264  loss=0.4934
  batch 90/264  loss=0.3696
  batch 100/264  loss=0.6398
  batch 110/264  loss=0.5159
  batch 120/264  loss=0.3986
  batch 130/264  loss=0.6352
  batch 140/264  loss=0.4170
  batch 150/264  loss=0.4161
  batch 160/264  loss=0.4341
  batch 170/264  loss=0.5344
  batch 180/264  loss=0.4829
  batch 190/264  loss=0.3639
  batch 200/264  loss=0.4505
  batch 210/264  loss=0.4479
  batch 220/264  loss=0.6869
  batch 230/264  loss=0.4758
  batch 240/264  loss=0.4677
  batch 250/264  loss=0.4951
  batch 260/264  loss=0.4711
Epoch  79/300  train=4.819e-01  rmse=2.0037  lr=1.0e-04  227s
  -> best  monitor=4.819e-01
  batch 10/264  loss=0.4302
  batch 20/264  loss=0.4514
  batch 30/264  loss=0.4356
  batch 40/264  loss=0.5231
  batch 50/264  loss=0.3476
  batch 60/264  loss=0.3830
  batch 70/264  loss=0.4224
  batch 80/264  loss=0.4564
  batch 90/264  loss=0.5049
  batch 100/264  loss=0.3512
  batch 110/264  loss=0.5178
  batch 120/264  loss=1.0402
  batch 130/264  loss=0.4045
  batch 140/264  loss=0.4454
  batch 150/264  loss=0.4132
  batch 160/264  loss=0.3694
  batch 170/264  loss=0.6632
  batch 180/264  loss=0.7506
  batch 190/264  loss=0.4993
  batch 200/264  loss=0.5682
  batch 210/264  loss=0.3797
  batch 220/264  loss=0.4033
  batch 230/264  loss=0.3916
  batch 240/264  loss=0.5271
  batch 250/264  loss=0.4989
  batch 260/264  loss=0.3302
Epoch  80/300  train=4.889e-01  rmse=1.9326  lr=1.0e-04  227s
  batch 10/264  loss=0.4100
  batch 20/264  loss=0.5169
  batch 30/264  loss=0.4001
  batch 40/264  loss=0.4485
  batch 50/264  loss=0.4070
  batch 60/264  loss=0.5112
  batch 70/264  loss=0.3886
  batch 80/264  loss=0.7289
  batch 90/264  loss=0.4357
  batch 100/264  loss=0.3644
  batch 110/264  loss=0.4304
  batch 120/264  loss=0.5487
  batch 130/264  loss=0.3773
  batch 140/264  loss=0.4276
  batch 150/264  loss=0.4645
  batch 160/264  loss=0.5582
  batch 170/264  loss=0.4807
  batch 180/264  loss=0.4245
  batch 190/264  loss=0.5150
  batch 200/264  loss=0.3666
  batch 210/264  loss=0.5695
  batch 220/264  loss=0.5590
  batch 230/264  loss=0.5429
  batch 240/264  loss=0.4172
  batch 250/264  loss=0.5705
  batch 260/264  loss=0.4683
Epoch  81/300  train=4.870e-01  rmse=2.0661  lr=1.0e-04  227s
  batch 10/264  loss=0.5592
  batch 20/264  loss=0.3975
  batch 30/264  loss=0.8138
  batch 40/264  loss=0.6918
  batch 50/264  loss=0.3405
  batch 60/264  loss=0.5174
  batch 70/264  loss=0.5402
  batch 80/264  loss=0.5512
  batch 90/264  loss=0.4688
  batch 100/264  loss=0.6439
  batch 110/264  loss=0.6474
  batch 120/264  loss=0.4562
  batch 130/264  loss=0.5822
  batch 140/264  loss=0.6009
  batch 150/264  loss=0.3761
  batch 160/264  loss=0.5261
  batch 170/264  loss=0.4654
  batch 180/264  loss=0.4210
  batch 190/264  loss=0.4118
  batch 200/264  loss=0.3898
  batch 210/264  loss=0.4531
  batch 220/264  loss=0.6002
  batch 230/264  loss=0.3751
  batch 240/264  loss=0.3384
  batch 250/264  loss=0.5970
  batch 260/264  loss=0.7749
Epoch  82/300  train=4.803e-01  rmse=2.0396  lr=1.0e-04  228s
  -> best  monitor=4.803e-01
  batch 10/264  loss=0.4325
  batch 20/264  loss=0.3761
  batch 30/264  loss=0.6057
  batch 40/264  loss=0.3767
  batch 50/264  loss=0.4587
  batch 60/264  loss=0.4718
  batch 70/264  loss=0.5610
  batch 80/264  loss=0.4723
  batch 90/264  loss=0.4461
  batch 100/264  loss=0.4488
  batch 110/264  loss=0.4815
  batch 120/264  loss=0.4826
  batch 130/264  loss=0.6707
  batch 140/264  loss=0.4702
  batch 150/264  loss=0.6447
  batch 160/264  loss=0.5757
  batch 170/264  loss=0.4152
  batch 180/264  loss=0.6138
  batch 190/264  loss=0.4306
  batch 200/264  loss=0.5688
  batch 210/264  loss=0.4346
  batch 220/264  loss=0.4182
  batch 230/264  loss=1.0065
  batch 240/264  loss=0.4980
  batch 250/264  loss=0.4652
  batch 260/264  loss=0.6167
Epoch  83/300  train=4.857e-01  rmse=3.9882  lr=1.0e-04  226s
  batch 10/264  loss=0.3973
  batch 20/264  loss=0.6899
  batch 30/264  loss=0.3908
  batch 40/264  loss=0.6935
  batch 50/264  loss=0.3457
  batch 60/264  loss=0.4440
  batch 70/264  loss=0.5068
  batch 80/264  loss=0.4401
  batch 90/264  loss=0.5824
  batch 100/264  loss=0.4925
  batch 110/264  loss=0.4318
  batch 120/264  loss=0.4777
  batch 130/264  loss=0.6235
  batch 140/264  loss=0.4033
  batch 150/264  loss=0.4042
  batch 160/264  loss=0.3894
  batch 170/264  loss=0.3530
  batch 180/264  loss=0.6273
  batch 190/264  loss=0.5286
  batch 200/264  loss=0.3931
  batch 210/264  loss=0.4966
  batch 220/264  loss=0.4360
  batch 230/264  loss=0.4390
  batch 240/264  loss=0.4014
  batch 250/264  loss=0.4204
  batch 260/264  loss=0.6117
Epoch  84/300  train=4.772e-01  rmse=1.9510  lr=1.0e-04  229s
  -> best  monitor=4.772e-01
  batch 10/264  loss=0.3894
  batch 20/264  loss=0.3951
  batch 30/264  loss=0.6062
  batch 40/264  loss=0.5844
  batch 50/264  loss=0.4340
  batch 60/264  loss=0.4995
  batch 70/264  loss=0.7377
  batch 80/264  loss=0.4760
  batch 90/264  loss=0.5157
  batch 100/264  loss=0.3871
  batch 110/264  loss=0.6361
  batch 120/264  loss=0.4461
  batch 130/264  loss=0.4496
  batch 140/264  loss=0.4915
  batch 150/264  loss=0.4704
  batch 160/264  loss=0.3598
  batch 170/264  loss=0.4102
  batch 180/264  loss=0.3616
  batch 190/264  loss=0.6603
  batch 200/264  loss=0.4828
  batch 210/264  loss=0.4455
  batch 220/264  loss=0.6507
  batch 230/264  loss=0.4548
  batch 240/264  loss=0.7339
  batch 250/264  loss=0.5195
  batch 260/264  loss=1.2847
Epoch  85/300  train=4.825e-01  rmse=2.0388  lr=1.0e-04  231s
  batch 10/264  loss=0.4780
  batch 20/264  loss=0.4275
  batch 30/264  loss=0.4971
  batch 40/264  loss=0.6561
  batch 50/264  loss=0.4624
  batch 60/264  loss=0.4084
  batch 70/264  loss=0.4179
  batch 80/264  loss=0.3476
  batch 90/264  loss=0.5347
  batch 100/264  loss=0.4368
  batch 110/264  loss=0.3891
  batch 120/264  loss=0.4679
  batch 130/264  loss=0.4095
  batch 140/264  loss=0.4029
  batch 150/264  loss=0.4344
  batch 160/264  loss=0.4712
  batch 170/264  loss=0.3815
  batch 180/264  loss=0.5034
  batch 190/264  loss=0.4043
  batch 200/264  loss=0.9253
  batch 210/264  loss=0.6504
  batch 220/264  loss=0.4226
  batch 230/264  loss=0.5322
  batch 240/264  loss=0.7088
  batch 250/264  loss=0.4805
  batch 260/264  loss=0.4374
Epoch  86/300  train=4.796e-01  rmse=2.0064  lr=1.0e-04  232s
  batch 10/264  loss=0.3924
  batch 20/264  loss=0.5165
  batch 30/264  loss=0.4140
  batch 40/264  loss=0.3332
  batch 50/264  loss=0.3863
  batch 60/264  loss=0.3875
  batch 70/264  loss=0.3541
  batch 80/264  loss=0.4543
  batch 90/264  loss=0.4543
  batch 100/264  loss=0.4615
  batch 110/264  loss=0.4367
  batch 120/264  loss=0.6190
  batch 130/264  loss=0.4236
  batch 140/264  loss=0.4273
  batch 150/264  loss=0.6213
  batch 160/264  loss=0.4176
  batch 170/264  loss=0.4121
  batch 180/264  loss=0.3884
  batch 190/264  loss=0.3227
  batch 200/264  loss=0.4566
  batch 210/264  loss=0.3972
  batch 220/264  loss=1.0739
  batch 230/264  loss=0.4477
  batch 240/264  loss=0.3837
  batch 250/264  loss=0.8000
  batch 260/264  loss=0.4386
Epoch  87/300  train=4.763e-01  rmse=1.9823  lr=1.0e-04  232s
  -> best  monitor=4.763e-01
  batch 10/264  loss=0.4513
  batch 20/264  loss=0.4110
  batch 30/264  loss=1.1968
  batch 40/264  loss=0.5407
  batch 50/264  loss=0.4013
  batch 60/264  loss=0.5844
  batch 70/264  loss=0.4440
  batch 80/264  loss=0.4180
  batch 90/264  loss=0.3756
  batch 100/264  loss=0.6197
  batch 110/264  loss=0.4520
  batch 120/264  loss=0.3486
  batch 130/264  loss=0.5558
  batch 140/264  loss=0.3958
  batch 150/264  loss=0.4868
  batch 160/264  loss=0.3909
  batch 170/264  loss=0.4165
  batch 180/264  loss=0.6217
  batch 190/264  loss=0.3706
  batch 200/264  loss=0.4646
  batch 210/264  loss=0.4275
  batch 220/264  loss=0.5161
  batch 230/264  loss=0.8417
  batch 240/264  loss=0.4260
  batch 250/264  loss=0.5635
  batch 260/264  loss=0.5845
Epoch  88/300  train=4.770e-01  rmse=2.0311  lr=1.0e-04  232s
  batch 10/264  loss=0.3654
  batch 20/264  loss=0.9366
  batch 30/264  loss=0.3720
  batch 40/264  loss=0.4812
  batch 50/264  loss=0.3900
  batch 60/264  loss=0.4653
  batch 70/264  loss=0.5235
  batch 80/264  loss=0.4027
  batch 90/264  loss=0.7998
  batch 100/264  loss=0.3504
  batch 110/264  loss=0.5730
  batch 120/264  loss=0.5862
  batch 130/264  loss=0.4136
  batch 140/264  loss=0.3789
  batch 150/264  loss=0.5305
  batch 160/264  loss=0.4898
  batch 170/264  loss=0.4506
  batch 180/264  loss=0.5371
  batch 190/264  loss=0.7868
  batch 200/264  loss=0.4401
  batch 210/264  loss=0.4329
  batch 220/264  loss=0.7566
  batch 230/264  loss=0.4811
  batch 240/264  loss=0.3480
  batch 250/264  loss=0.4941
  batch 260/264  loss=0.5732
Epoch  89/300  train=4.779e-01  rmse=2.0228  lr=1.0e-04  228s
  batch 10/264  loss=0.5948
  batch 20/264  loss=0.3782
  batch 30/264  loss=0.4849
  batch 40/264  loss=0.4036
  batch 50/264  loss=0.4109
  batch 60/264  loss=0.9156
  batch 70/264  loss=0.5559
  batch 80/264  loss=0.4761
  batch 90/264  loss=0.3534
  batch 100/264  loss=0.4532
  batch 110/264  loss=0.4398
  batch 120/264  loss=0.4316
  batch 130/264  loss=0.4358
  batch 140/264  loss=0.4277
  batch 150/264  loss=0.4251
  batch 160/264  loss=0.4610
  batch 170/264  loss=0.5334
  batch 180/264  loss=0.4750
  batch 190/264  loss=0.4890
  batch 200/264  loss=0.3640
  batch 210/264  loss=0.4114
  batch 220/264  loss=0.4569
  batch 230/264  loss=0.3602
  batch 240/264  loss=0.4076
  batch 250/264  loss=0.3352
  batch 260/264  loss=0.6511
Epoch  90/300  train=4.810e-01  rmse=1.9682  lr=1.0e-04  230s
  batch 10/264  loss=0.4234
  batch 20/264  loss=0.4036
  batch 30/264  loss=0.4562
  batch 40/264  loss=0.3591
  batch 50/264  loss=0.6661
  batch 60/264  loss=0.7359
  batch 70/264  loss=0.4412
  batch 80/264  loss=0.4438
  batch 90/264  loss=0.4003
  batch 100/264  loss=0.5167
  batch 110/264  loss=0.4408
  batch 120/264  loss=0.4507
  batch 130/264  loss=0.4088
  batch 140/264  loss=0.5986
  batch 150/264  loss=0.4058
  batch 160/264  loss=0.4526
  batch 170/264  loss=0.4921
  batch 180/264  loss=0.4748
  batch 190/264  loss=0.5382
  batch 200/264  loss=0.3979
  batch 210/264  loss=0.4805
  batch 220/264  loss=0.5352
  batch 230/264  loss=0.3859
  batch 240/264  loss=0.3714
  batch 250/264  loss=0.4396
  batch 260/264  loss=0.4203
Epoch  91/300  train=4.758e-01  rmse=2.0060  lr=1.0e-04  231s
  -> best  monitor=4.758e-01
  batch 10/264  loss=0.5524
  batch 20/264  loss=0.4295
  batch 30/264  loss=0.3997
  batch 40/264  loss=0.4830
  batch 50/264  loss=0.5882
  batch 60/264  loss=0.4109
  batch 70/264  loss=0.4804
  batch 80/264  loss=0.4031
  batch 90/264  loss=0.4533
  batch 100/264  loss=0.3464
  batch 110/264  loss=0.5592
  batch 120/264  loss=0.6725
  batch 130/264  loss=0.4918
  batch 140/264  loss=0.5003
  batch 150/264  loss=0.4625
  batch 160/264  loss=0.4038
  batch 170/264  loss=0.4525
  batch 180/264  loss=0.3900
  batch 190/264  loss=0.3862
  batch 200/264  loss=0.4105
  batch 210/264  loss=0.4621
  batch 220/264  loss=0.4110
  batch 230/264  loss=0.5369
  batch 240/264  loss=0.4605
  batch 250/264  loss=0.3516
  batch 260/264  loss=0.3763
Epoch  92/300  train=4.727e-01  rmse=2.0022  lr=1.0e-04  234s
  -> best  monitor=4.727e-01
  batch 10/264  loss=0.4781
  batch 20/264  loss=0.3853
  batch 30/264  loss=0.5418
  batch 40/264  loss=0.5066
  batch 50/264  loss=0.5046
  batch 60/264  loss=0.4091
  batch 70/264  loss=0.4180
  batch 80/264  loss=0.4925
  batch 90/264  loss=0.5293
  batch 100/264  loss=0.8418
  batch 110/264  loss=0.5134
  batch 120/264  loss=0.4191
  batch 130/264  loss=0.4328
  batch 140/264  loss=0.4784
  batch 150/264  loss=0.5001
  batch 160/264  loss=0.5040
  batch 170/264  loss=0.3934
  batch 180/264  loss=0.7394
  batch 190/264  loss=0.4500
  batch 200/264  loss=0.4966
  batch 210/264  loss=0.3634
  batch 220/264  loss=0.3606
  batch 230/264  loss=0.3725
  batch 240/264  loss=0.4195
  batch 250/264  loss=0.6965
  batch 260/264  loss=0.3935
Epoch  93/300  train=4.716e-01  rmse=2.1998  lr=1.0e-04  233s
  -> best  monitor=4.716e-01
  batch 10/264  loss=0.3907
  batch 20/264  loss=0.6435
  batch 30/264  loss=0.5563
  batch 40/264  loss=0.3501
  batch 50/264  loss=0.4496
  batch 60/264  loss=0.5571
  batch 70/264  loss=0.4070
  batch 80/264  loss=0.5527
  batch 90/264  loss=0.3741
  batch 100/264  loss=0.4575
  batch 110/264  loss=0.5016
  batch 120/264  loss=0.5027
  batch 130/264  loss=0.3280
  batch 140/264  loss=0.3801
  batch 150/264  loss=0.4192
  batch 160/264  loss=0.3910
  batch 170/264  loss=0.3982
  batch 180/264  loss=0.3635
  batch 190/264  loss=0.3483
  batch 200/264  loss=0.4122
  batch 210/264  loss=0.4662
  batch 220/264  loss=0.3781
  batch 230/264  loss=0.3785
  batch 240/264  loss=0.4601
  batch 250/264  loss=0.4680
  batch 260/264  loss=0.5530
Epoch  94/300  train=4.765e-01  rmse=2.3457  lr=1.0e-04  234s
  batch 10/264  loss=0.3957
  batch 20/264  loss=0.3955
  batch 30/264  loss=0.4177
  batch 40/264  loss=0.4841
  batch 50/264  loss=0.4083
  batch 60/264  loss=0.4048
  batch 70/264  loss=0.4086
  batch 80/264  loss=0.4145
  batch 90/264  loss=0.3657
  batch 100/264  loss=0.3902
  batch 110/264  loss=0.3941
  batch 120/264  loss=0.4554
  batch 130/264  loss=0.4641
  batch 140/264  loss=0.4666
  batch 150/264  loss=0.6131
  batch 160/264  loss=0.5685
  batch 170/264  loss=0.4752
  batch 180/264  loss=0.4375
  batch 190/264  loss=0.6186
  batch 200/264  loss=0.4246
  batch 210/264  loss=0.3381
  batch 220/264  loss=0.4019
  batch 230/264  loss=0.4137
  batch 240/264  loss=0.3714
  batch 250/264  loss=0.7483
  batch 260/264  loss=0.3847
Epoch  95/300  train=4.684e-01  rmse=2.1556  lr=1.0e-04  234s
  -> best  monitor=4.684e-01
  batch 10/264  loss=0.4696
  batch 20/264  loss=0.5159
  batch 30/264  loss=0.3454
  batch 40/264  loss=0.4667
  batch 50/264  loss=0.4752
  batch 60/264  loss=0.4647
  batch 70/264  loss=0.6020
  batch 80/264  loss=0.4613
  batch 90/264  loss=0.3963
  batch 100/264  loss=0.4282
  batch 110/264  loss=0.3589
  batch 120/264  loss=0.5181
  batch 130/264  loss=0.3924
  batch 140/264  loss=0.4871
  batch 150/264  loss=0.8202
  batch 160/264  loss=0.4480
  batch 170/264  loss=0.5327
  batch 180/264  loss=0.5547
  batch 190/264  loss=0.3872
  batch 200/264  loss=0.4216
  batch 210/264  loss=0.4003
  batch 220/264  loss=0.5352
  batch 230/264  loss=0.3870
  batch 240/264  loss=0.4532
  batch 250/264  loss=0.3877
  batch 260/264  loss=0.4454
Epoch  96/300  train=4.636e-01  rmse=1.9647  lr=1.0e-04  233s
  -> best  monitor=4.636e-01
  batch 10/264  loss=0.4376
  batch 20/264  loss=0.3572
  batch 30/264  loss=0.4439
  batch 40/264  loss=0.4154
  batch 50/264  loss=0.3711
  batch 60/264  loss=0.4138
  batch 70/264  loss=0.5867
  batch 80/264  loss=0.4662
  batch 90/264  loss=0.3305
  batch 100/264  loss=0.6014
  batch 110/264  loss=0.6362
  batch 120/264  loss=0.3696
  batch 130/264  loss=0.3912
  batch 140/264  loss=0.4615
  batch 150/264  loss=0.6797
  batch 160/264  loss=0.3953
  batch 170/264  loss=0.3143
  batch 180/264  loss=0.3596
  batch 190/264  loss=0.7596
  batch 200/264  loss=0.4224
  batch 210/264  loss=0.4071
  batch 220/264  loss=0.7217
  batch 230/264  loss=0.9221
  batch 240/264  loss=0.3889
  batch 250/264  loss=0.4136
  batch 260/264  loss=0.4684
Epoch  97/300  train=4.664e-01  rmse=2.6052  lr=1.0e-04  235s
  batch 10/264  loss=0.4311
  batch 20/264  loss=0.5917
  batch 30/264  loss=0.5348
  batch 40/264  loss=0.3319
  batch 50/264  loss=0.3715
  batch 60/264  loss=0.4420
  batch 70/264  loss=0.3569
  batch 80/264  loss=0.4501
  batch 90/264  loss=0.4461
  batch 100/264  loss=0.3642
  batch 110/264  loss=0.5220
  batch 120/264  loss=0.4104
  batch 130/264  loss=0.4093
  batch 140/264  loss=0.6549
  batch 150/264  loss=0.6610
  batch 160/264  loss=0.4733
  batch 170/264  loss=0.3780
  batch 180/264  loss=0.9516
  batch 190/264  loss=0.3318
  batch 200/264  loss=0.4202
  batch 210/264  loss=0.4821
  batch 220/264  loss=0.4134
  batch 230/264  loss=0.4532
  batch 240/264  loss=0.3677
  batch 250/264  loss=0.4453
  batch 260/264  loss=0.4161
Epoch  98/300  train=4.656e-01  rmse=3.2074  lr=1.0e-04  233s
  batch 10/264  loss=0.4604
  batch 20/264  loss=0.3814
  batch 30/264  loss=0.5252
  batch 40/264  loss=0.3701
  batch 50/264  loss=0.4610
  batch 60/264  loss=0.5413
  batch 70/264  loss=0.5235
  batch 80/264  loss=0.4048
  batch 90/264  loss=0.4168
  batch 100/264  loss=0.4210
  batch 110/264  loss=0.4230
  batch 120/264  loss=0.3965
  batch 130/264  loss=0.3697
  batch 140/264  loss=0.4362
  batch 150/264  loss=0.3373
  batch 160/264  loss=0.3693
  batch 170/264  loss=0.3530
  batch 180/264  loss=0.3774
  batch 190/264  loss=0.4228
  batch 200/264  loss=0.5745
  batch 210/264  loss=0.3690
  batch 220/264  loss=0.4389
  batch 230/264  loss=0.3688
  batch 240/264  loss=0.5376
  batch 250/264  loss=0.7354
  batch 260/264  loss=0.4587
Epoch  99/300  train=4.643e-01  rmse=3.1635  lr=1.0e-04  233s
  batch 10/264  loss=0.3933
  batch 20/264  loss=0.3723
  batch 30/264  loss=0.3974
  batch 40/264  loss=0.3938
  batch 50/264  loss=0.4145
  batch 60/264  loss=0.3678
  batch 70/264  loss=0.6639
  batch 80/264  loss=0.4808
  batch 90/264  loss=0.4166
  batch 100/264  loss=0.6718
  batch 110/264  loss=0.4464
  batch 120/264  loss=0.5925
  batch 130/264  loss=0.5109
  batch 140/264  loss=0.4160
  batch 150/264  loss=0.3766
  batch 160/264  loss=0.4615
  batch 170/264  loss=0.4763
  batch 180/264  loss=0.3456
  batch 190/264  loss=0.3420
  batch 200/264  loss=0.5018
  batch 210/264  loss=0.4039
  batch 220/264  loss=0.4199
  batch 230/264  loss=0.4180
  batch 240/264  loss=0.3363
  batch 250/264  loss=0.5091
  batch 260/264  loss=0.5496
Epoch 100/300  train=4.611e-01  rmse=1.9254  lr=1.0e-04  232s
  -> best  monitor=4.611e-01
  batch 10/264  loss=0.6572
  batch 20/264  loss=0.4362
  batch 30/264  loss=0.3873
  batch 40/264  loss=0.5324
  batch 50/264  loss=0.4529
  batch 60/264  loss=0.3656
  batch 70/264  loss=0.3520
  batch 80/264  loss=0.3933
  batch 90/264  loss=0.3629
  batch 100/264  loss=0.4424
  batch 110/264  loss=0.3547
  batch 120/264  loss=0.4549
  batch 130/264  loss=0.4084
  batch 140/264  loss=0.4769
  batch 150/264  loss=0.4332
  batch 160/264  loss=0.3504
  batch 170/264  loss=0.3764
  batch 180/264  loss=0.6298
  batch 190/264  loss=0.5184
  batch 200/264  loss=0.4290
  batch 210/264  loss=0.6527
  batch 220/264  loss=0.6220
  batch 230/264  loss=0.5158
  batch 240/264  loss=0.6104
  batch 250/264  loss=0.4260
  batch 260/264  loss=0.3646
Epoch 101/300  train=4.619e-01  rmse=2.0243  lr=1.0e-04  232s
  batch 10/264  loss=0.4085
  batch 20/264  loss=0.3757
  batch 30/264  loss=0.7183
  batch 40/264  loss=0.4003
  batch 50/264  loss=0.4893
  batch 60/264  loss=0.7346
  batch 70/264  loss=0.6450
  batch 80/264  loss=0.3690
  batch 90/264  loss=0.4054
  batch 100/264  loss=0.4167
  batch 110/264  loss=0.4371
  batch 120/264  loss=0.3879
  batch 130/264  loss=0.4455
  batch 140/264  loss=0.4251
  batch 150/264  loss=0.4991
  batch 160/264  loss=0.4764
  batch 170/264  loss=0.3852
  batch 180/264  loss=0.6556
  batch 190/264  loss=0.6475
  batch 200/264  loss=0.3677
  batch 210/264  loss=0.4842
  batch 220/264  loss=0.3294
  batch 230/264  loss=0.4655
  batch 240/264  loss=0.4743
  batch 250/264  loss=0.3877
  batch 260/264  loss=0.3969
Epoch 102/300  train=4.600e-01  rmse=1.9712  lr=1.0e-04  232s
  -> best  monitor=4.600e-01
  batch 10/264  loss=0.3651
  batch 20/264  loss=0.3332
  batch 30/264  loss=0.4046
  batch 40/264  loss=0.3809
  batch 50/264  loss=0.3238
  batch 60/264  loss=0.4126
  batch 70/264  loss=0.4655
  batch 80/264  loss=0.3940
  batch 90/264  loss=0.3546
  batch 100/264  loss=0.4703
  batch 110/264  loss=0.4103
  batch 120/264  loss=0.5309
  batch 130/264  loss=0.3666
  batch 140/264  loss=0.3587
  batch 150/264  loss=0.4530
  batch 160/264  loss=0.3345
  batch 170/264  loss=0.6548
  batch 180/264  loss=0.4218
  batch 190/264  loss=0.5450
  batch 200/264  loss=0.5238
  batch 210/264  loss=0.4000
  batch 220/264  loss=0.5148
  batch 230/264  loss=0.6966
  batch 240/264  loss=1.1339
  batch 250/264  loss=0.3565
  batch 260/264  loss=0.3955
Epoch 103/300  train=4.623e-01  rmse=2.1187  lr=1.0e-04  233s
  batch 10/264  loss=0.4327
  batch 20/264  loss=0.6845
  batch 30/264  loss=0.4710
  batch 40/264  loss=0.3503
  batch 50/264  loss=0.4709
  batch 60/264  loss=0.3494
  batch 70/264  loss=0.6828
  batch 80/264  loss=0.5247
  batch 90/264  loss=0.7215
  batch 100/264  loss=0.3421
  batch 110/264  loss=0.9927
  batch 120/264  loss=0.9044
  batch 130/264  loss=0.4234
  batch 140/264  loss=1.0415
  batch 150/264  loss=0.3915
  batch 160/264  loss=0.3679
  batch 170/264  loss=0.4939
  batch 180/264  loss=0.5601
  batch 190/264  loss=0.3337
  batch 200/264  loss=0.4444
  batch 210/264  loss=0.4648
  batch 220/264  loss=0.3638
  batch 230/264  loss=0.4071
  batch 240/264  loss=0.3922
  batch 250/264  loss=0.8080
  batch 260/264  loss=0.4855
Epoch 104/300  train=4.619e-01  rmse=2.8255  lr=1.0e-04  232s
  batch 10/264  loss=0.4259
  batch 20/264  loss=0.5106
  batch 30/264  loss=0.4301
  batch 40/264  loss=0.4204
  batch 50/264  loss=0.4072
  batch 60/264  loss=0.3835
  batch 70/264  loss=0.3372
  batch 80/264  loss=0.6351
  batch 90/264  loss=0.9799
  batch 100/264  loss=0.5160
  batch 110/264  loss=0.6319
  batch 120/264  loss=0.3908
  batch 130/264  loss=0.4205
  batch 140/264  loss=0.5354
  batch 150/264  loss=0.4456
  batch 160/264  loss=0.4441
  batch 170/264  loss=0.5073
  batch 180/264  loss=0.3691
  batch 190/264  loss=0.4302
  batch 200/264  loss=0.6445
  batch 210/264  loss=0.4308
  batch 220/264  loss=0.5588
  batch 230/264  loss=0.3270
  batch 240/264  loss=0.4016
  batch 250/264  loss=0.3782
  batch 260/264  loss=0.4449
Epoch 105/300  train=4.649e-01  rmse=2.0887  lr=1.0e-04  231s
  batch 10/264  loss=0.4189
  batch 20/264  loss=0.4094
  batch 30/264  loss=0.4798
  batch 40/264  loss=0.7686
  batch 50/264  loss=0.3859
  batch 60/264  loss=0.3159
  batch 70/264  loss=0.4870
  batch 80/264  loss=0.3579
  batch 90/264  loss=0.4191
  batch 100/264  loss=0.5176
  batch 110/264  loss=0.4409
  batch 120/264  loss=0.4314
  batch 130/264  loss=0.3504
  batch 140/264  loss=0.5885
  batch 150/264  loss=0.4943
  batch 160/264  loss=0.3779
  batch 170/264  loss=0.4817
  batch 180/264  loss=0.3812
  batch 190/264  loss=0.3424
  batch 200/264  loss=0.5888
  batch 210/264  loss=0.4003
  batch 220/264  loss=0.5074
  batch 230/264  loss=0.3467
  batch 240/264  loss=0.4151
  batch 250/264  loss=0.3815
  batch 260/264  loss=0.3857
Epoch 106/300  train=4.557e-01  rmse=1.9959  lr=1.0e-04  232s
  -> best  monitor=4.557e-01
  batch 10/264  loss=0.4958
  batch 20/264  loss=0.5156
  batch 30/264  loss=0.4279
  batch 40/264  loss=0.4113
  batch 50/264  loss=0.4266
  batch 60/264  loss=0.4491
  batch 70/264  loss=0.4479
  batch 80/264  loss=0.5547
  batch 90/264  loss=0.3224
  batch 100/264  loss=0.4149
  batch 110/264  loss=0.3932
  batch 120/264  loss=0.3935
  batch 130/264  loss=0.3269
  batch 140/264  loss=0.3732
  batch 150/264  loss=0.3769
  batch 160/264  loss=0.6026
  batch 170/264  loss=0.3574
  batch 180/264  loss=0.4154
  batch 190/264  loss=0.6289
  batch 200/264  loss=0.5176
  batch 210/264  loss=0.4272
  batch 220/264  loss=0.5224
  batch 230/264  loss=0.4153
  batch 240/264  loss=0.3523
  batch 250/264  loss=0.4996
  batch 260/264  loss=0.6298
Epoch 107/300  train=4.545e-01  rmse=1.9378  lr=1.0e-04  231s
  -> best  monitor=4.545e-01
  batch 10/264  loss=0.4444
  batch 20/264  loss=0.4794
  batch 30/264  loss=0.3984
  batch 40/264  loss=0.5328
  batch 50/264  loss=0.4071
  batch 60/264  loss=0.4952
  batch 70/264  loss=0.5307
  batch 80/264  loss=0.4134
  batch 90/264  loss=0.4046
  batch 100/264  loss=0.4663
  batch 110/264  loss=0.3565
  batch 120/264  loss=0.4044
  batch 130/264  loss=0.4928
  batch 140/264  loss=0.3806
  batch 150/264  loss=0.4725
  batch 160/264  loss=0.6583
  batch 170/264  loss=0.4325
  batch 180/264  loss=0.4030
  batch 190/264  loss=0.3833
  batch 200/264  loss=0.3930
  batch 210/264  loss=0.3635
  batch 220/264  loss=0.5682
  batch 230/264  loss=0.4027
  batch 240/264  loss=0.4167
  batch 250/264  loss=0.3651
  batch 260/264  loss=0.5658
Epoch 108/300  train=4.510e-01  rmse=1.8580  lr=1.0e-04  232s
  -> best  monitor=4.510e-01
  batch 10/264  loss=0.3773
  batch 20/264  loss=0.4750
  batch 30/264  loss=0.3666
  batch 40/264  loss=0.4142
  batch 50/264  loss=0.6118
  batch 60/264  loss=0.5253
  batch 70/264  loss=0.3914
  batch 80/264  loss=0.3672
  batch 90/264  loss=0.3939
  batch 100/264  loss=0.3992
  batch 110/264  loss=0.4365
  batch 120/264  loss=0.3642
  batch 130/264  loss=0.4536
  batch 140/264  loss=0.3664
  batch 150/264  loss=0.4443
  batch 160/264  loss=0.4017
  batch 170/264  loss=0.4036
  batch 180/264  loss=0.3394
  batch 190/264  loss=0.5379
  batch 200/264  loss=0.4234
  batch 210/264  loss=0.3669
  batch 220/264  loss=0.6975
  batch 230/264  loss=0.3258
  batch 240/264  loss=0.3840
  batch 250/264  loss=0.5456
  batch 260/264  loss=0.3657
Epoch 109/300  train=4.543e-01  rmse=1.9479  lr=1.0e-04  231s
  batch 10/264  loss=0.4918
  batch 20/264  loss=0.4020
  batch 30/264  loss=0.4319
  batch 40/264  loss=0.4218
  batch 50/264  loss=0.4135
  batch 60/264  loss=0.4029
  batch 70/264  loss=0.3661
  batch 80/264  loss=0.5001
  batch 90/264  loss=0.4961
  batch 100/264  loss=0.3493
  batch 110/264  loss=0.3471
  batch 120/264  loss=0.4384
  batch 130/264  loss=0.7258
  batch 140/264  loss=0.4680
  batch 150/264  loss=0.3624
  batch 160/264  loss=0.4405
  batch 170/264  loss=0.5014
  batch 180/264  loss=0.3627
  batch 190/264  loss=0.3340
  batch 200/264  loss=0.4872
  batch 210/264  loss=0.3944
  batch 220/264  loss=0.4384
  batch 230/264  loss=0.5990
  batch 240/264  loss=0.4512
  batch 250/264  loss=0.4048
  batch 260/264  loss=0.4036
Epoch 110/300  train=4.550e-01  rmse=4.3305  lr=1.0e-04  234s
  batch 10/264  loss=0.4205
  batch 20/264  loss=0.6955
  batch 30/264  loss=0.5368
  batch 40/264  loss=0.3509
  batch 50/264  loss=0.4138
  batch 60/264  loss=0.3976
  batch 70/264  loss=0.4014
  batch 80/264  loss=0.3915
  batch 90/264  loss=0.6853
  batch 100/264  loss=0.4265
  batch 110/264  loss=0.3716
  batch 120/264  loss=0.4089
  batch 130/264  loss=0.5041
  batch 140/264  loss=0.4457
  batch 150/264  loss=0.3480
  batch 160/264  loss=0.4921
  batch 170/264  loss=0.4356
  batch 180/264  loss=0.5647
  batch 190/264  loss=0.5547
  batch 200/264  loss=0.8859
  batch 210/264  loss=0.3992
  batch 220/264  loss=0.3934
  batch 230/264  loss=0.7889
  batch 240/264  loss=0.5808
  batch 250/264  loss=0.4999
  batch 260/264  loss=0.5518
Epoch 111/300  train=4.577e-01  rmse=1.8961  lr=1.0e-04  233s
  batch 10/264  loss=0.3618
  batch 20/264  loss=0.3725
  batch 30/264  loss=0.4313
  batch 40/264  loss=0.3455
  batch 50/264  loss=0.4102
  batch 60/264  loss=0.5298
  batch 70/264  loss=0.4474
  batch 80/264  loss=0.4483
  batch 90/264  loss=0.4240
  batch 100/264  loss=0.5221
  batch 110/264  loss=0.5073
  batch 120/264  loss=0.4088
  batch 130/264  loss=0.5005
  batch 140/264  loss=0.4445
  batch 150/264  loss=0.3983
  batch 160/264  loss=0.3093
  batch 170/264  loss=0.3858
  batch 180/264  loss=0.3392
  batch 190/264  loss=0.4443
  batch 200/264  loss=0.5846
  batch 210/264  loss=0.3525
  batch 220/264  loss=0.6447
  batch 230/264  loss=0.3731
  batch 240/264  loss=0.6978
  batch 250/264  loss=0.3228
  batch 260/264  loss=0.3957
Epoch 112/300  train=4.537e-01  rmse=1.8953  lr=1.0e-04  232s
  batch 10/264  loss=0.3930
  batch 20/264  loss=0.3947
  batch 30/264  loss=0.4592
  batch 40/264  loss=0.6044
  batch 50/264  loss=0.4747
  batch 60/264  loss=0.3979
  batch 70/264  loss=0.3462
  batch 80/264  loss=0.5031
  batch 90/264  loss=0.4944
  batch 100/264  loss=0.5237
  batch 110/264  loss=0.5509
  batch 120/264  loss=1.0669
  batch 130/264  loss=0.6980
  batch 140/264  loss=0.5741
  batch 150/264  loss=0.3832
  batch 160/264  loss=0.3087
  batch 170/264  loss=0.6860
  batch 180/264  loss=0.3983
  batch 190/264  loss=0.3589
  batch 200/264  loss=0.4001
  batch 210/264  loss=0.3402
  batch 220/264  loss=0.3570
  batch 230/264  loss=0.7634
  batch 240/264  loss=0.3537
  batch 250/264  loss=0.5626
  batch 260/264  loss=0.3809
Epoch 113/300  train=4.559e-01  rmse=3.1976  lr=1.0e-04  233s
  batch 10/264  loss=0.3764
  batch 20/264  loss=0.3293
  batch 30/264  loss=0.8115
  batch 40/264  loss=0.3677
  batch 50/264  loss=0.4487
  batch 60/264  loss=0.6290
  batch 70/264  loss=0.3659
  batch 80/264  loss=0.5047
  batch 90/264  loss=0.4081
  batch 100/264  loss=0.4430
  batch 110/264  loss=0.4267
  batch 120/264  loss=0.5689
  batch 130/264  loss=0.4762
  batch 140/264  loss=0.4961
  batch 150/264  loss=0.8646
  batch 160/264  loss=0.6304
  batch 170/264  loss=0.4721
  batch 180/264  loss=0.3653
  batch 190/264  loss=0.3885
  batch 200/264  loss=0.5431
  batch 210/264  loss=0.4478
  batch 220/264  loss=0.3848
  batch 230/264  loss=0.3641
  batch 240/264  loss=0.3479
  batch 250/264  loss=0.3777
  batch 260/264  loss=0.4267
Epoch 114/300  train=4.570e-01  rmse=2.2258  lr=1.0e-04  236s
  batch 10/264  loss=0.4108
  batch 20/264  loss=0.3830
  batch 30/264  loss=0.5273
  batch 40/264  loss=0.3327
  batch 50/264  loss=0.3400
  batch 60/264  loss=0.3801
  batch 70/264  loss=0.5037
  batch 80/264  loss=0.7528
  batch 90/264  loss=0.4140
  batch 100/264  loss=0.3783
  batch 110/264  loss=0.3844
  batch 120/264  loss=0.3577
  batch 130/264  loss=0.4019
  batch 140/264  loss=0.3585
  batch 150/264  loss=0.5325
  batch 160/264  loss=0.3793
  batch 170/264  loss=0.3648
  batch 180/264  loss=0.4479
  batch 190/264  loss=0.4448
  batch 200/264  loss=0.4860
  batch 210/264  loss=0.3679
  batch 220/264  loss=0.3724
  batch 230/264  loss=0.3367
  batch 240/264  loss=0.3994
  batch 250/264  loss=0.5452
  batch 260/264  loss=0.3806
Epoch 115/300  train=4.483e-01  rmse=2.6890  lr=1.0e-04  233s
  -> best  monitor=4.483e-01
  batch 10/264  loss=0.3818
  batch 20/264  loss=0.6802
  batch 30/264  loss=0.6048
  batch 40/264  loss=0.6090
  batch 50/264  loss=0.4069
  batch 60/264  loss=0.5447
  batch 70/264  loss=0.4648
  batch 80/264  loss=0.3698
  batch 90/264  loss=1.0310
  batch 100/264  loss=0.5665
  batch 110/264  loss=0.4336
  batch 120/264  loss=0.3756
  batch 130/264  loss=0.6201
  batch 140/264  loss=0.5415
  batch 150/264  loss=0.4096
  batch 160/264  loss=0.4552
  batch 170/264  loss=0.4087
  batch 180/264  loss=0.3737
  batch 190/264  loss=0.4102
  batch 200/264  loss=0.3468
  batch 210/264  loss=0.6159
  batch 220/264  loss=0.7478
  batch 230/264  loss=0.5817
  batch 240/264  loss=0.3785
  batch 250/264  loss=0.3846
  batch 260/264  loss=0.4169
Epoch 116/300  train=4.528e-01  rmse=1.8855  lr=1.0e-04  235s
  batch 10/264  loss=0.4596
  batch 20/264  loss=0.4155
  batch 30/264  loss=0.3305
  batch 40/264  loss=0.3529
  batch 50/264  loss=0.4678
  batch 60/264  loss=0.4435
  batch 70/264  loss=0.3772
  batch 80/264  loss=0.4324
  batch 90/264  loss=0.4352
  batch 100/264  loss=0.3974
  batch 110/264  loss=0.4430
  batch 120/264  loss=0.5034
  batch 130/264  loss=0.4305
  batch 140/264  loss=0.3654
  batch 150/264  loss=0.4117
  batch 160/264  loss=0.3749
  batch 170/264  loss=0.3421
  batch 180/264  loss=0.3791
  batch 190/264  loss=0.4704
  batch 200/264  loss=0.3769
  batch 210/264  loss=0.5472
  batch 220/264  loss=0.4704
  batch 230/264  loss=0.9382
  batch 240/264  loss=0.4084
  batch 250/264  loss=0.4295
  batch 260/264  loss=0.3939
Epoch 117/300  train=4.488e-01  rmse=1.9616  lr=1.0e-04  235s
  batch 10/264  loss=0.5075
  batch 20/264  loss=0.4617
  batch 30/264  loss=0.8716
  batch 40/264  loss=0.6885
  batch 50/264  loss=0.4540
  batch 60/264  loss=0.5241
  batch 70/264  loss=0.4663
  batch 80/264  loss=0.3312
  batch 90/264  loss=0.5352
  batch 100/264  loss=0.3712
  batch 110/264  loss=0.4892
  batch 120/264  loss=0.3321
  batch 130/264  loss=0.4275
  batch 140/264  loss=0.4054
  batch 150/264  loss=0.3979
  batch 160/264  loss=0.3849
  batch 170/264  loss=0.4385
  batch 180/264  loss=0.3697
  batch 190/264  loss=0.6025
  batch 200/264  loss=0.3705
  batch 210/264  loss=0.4374
  batch 220/264  loss=0.3578
  batch 230/264  loss=0.5241
  batch 240/264  loss=0.4210
  batch 250/264  loss=0.3775
  batch 260/264  loss=0.4283
Epoch 118/300  train=4.490e-01  rmse=2.0069  lr=1.0e-04  230s
  batch 10/264  loss=0.5712
  batch 20/264  loss=0.3733
  batch 30/264  loss=0.3434
  batch 40/264  loss=0.4436
  batch 50/264  loss=0.5550
  batch 60/264  loss=0.3964
  batch 70/264  loss=0.4810
  batch 80/264  loss=0.4606
  batch 90/264  loss=0.5359
  batch 100/264  loss=0.4628
  batch 110/264  loss=0.3401
  batch 120/264  loss=0.5340
  batch 130/264  loss=0.4277
  batch 140/264  loss=0.3825
  batch 150/264  loss=0.6138
  batch 160/264  loss=0.4567
  batch 170/264  loss=0.3742
  batch 180/264  loss=0.3829
  batch 190/264  loss=0.3775
  batch 200/264  loss=0.3535
  batch 210/264  loss=0.3550
  batch 220/264  loss=0.4148
  batch 230/264  loss=0.3845
  batch 240/264  loss=0.5364
  batch 250/264  loss=0.4098
  batch 260/264  loss=0.5686
Epoch 119/300  train=4.470e-01  rmse=1.8276  lr=1.0e-04  230s
  -> best  monitor=4.470e-01
  batch 10/264  loss=0.3545
  batch 20/264  loss=0.4879
  batch 30/264  loss=0.3990
  batch 40/264  loss=0.3876
  batch 50/264  loss=0.3999
  batch 60/264  loss=0.3746
  batch 70/264  loss=0.4099
  batch 80/264  loss=0.4339
  batch 90/264  loss=0.3453
  batch 100/264  loss=0.3727
  batch 110/264  loss=0.7509
  batch 120/264  loss=0.4608
  batch 130/264  loss=0.4256
  batch 140/264  loss=0.5733
  batch 150/264  loss=0.4827
  batch 160/264  loss=0.4146
  batch 170/264  loss=0.6012
  batch 180/264  loss=0.6935
  batch 190/264  loss=0.6963
  batch 200/264  loss=0.4897
  batch 210/264  loss=0.4682
  batch 220/264  loss=0.3793
  batch 230/264  loss=0.3584
  batch 240/264  loss=0.4104
  batch 250/264  loss=0.3760
  batch 260/264  loss=0.3742
Epoch 120/300  train=4.446e-01  rmse=4.8492  lr=1.0e-04  230s
  -> best  monitor=4.446e-01
  batch 10/264  loss=0.3873
  batch 20/264  loss=0.5058
  batch 30/264  loss=0.3510
  batch 40/264  loss=0.3979
  batch 50/264  loss=0.3734
  batch 60/264  loss=0.5040
  batch 70/264  loss=0.4409
  batch 80/264  loss=0.3213
  batch 90/264  loss=0.5922
  batch 100/264  loss=0.4640
  batch 110/264  loss=0.3583
  batch 120/264  loss=0.4642
  batch 130/264  loss=0.4401
  batch 140/264  loss=0.6583
  batch 150/264  loss=0.3689
  batch 160/264  loss=0.5018
  batch 170/264  loss=0.5649
  batch 180/264  loss=0.4996
  batch 190/264  loss=0.5724
  batch 200/264  loss=0.5784
  batch 210/264  loss=0.4087
  batch 220/264  loss=0.4359
  batch 230/264  loss=0.3971
  batch 240/264  loss=0.4261
  batch 250/264  loss=0.3490
  batch 260/264  loss=0.3769
Epoch 121/300  train=4.480e-01  rmse=3.2007  lr=1.0e-04  230s
  batch 10/264  loss=0.3600
  batch 20/264  loss=0.3992
  batch 30/264  loss=0.3666
  batch 40/264  loss=0.4095
  batch 50/264  loss=0.4430
  batch 60/264  loss=0.5320
  batch 70/264  loss=0.3535
  batch 80/264  loss=0.4516
  batch 90/264  loss=0.4242
  batch 100/264  loss=0.4073
  batch 110/264  loss=0.5535
  batch 120/264  loss=0.3660
  batch 130/264  loss=0.3980
  batch 140/264  loss=0.3655
  batch 150/264  loss=0.3325
  batch 160/264  loss=0.4795
  batch 170/264  loss=0.5953
  batch 180/264  loss=0.7737
  batch 190/264  loss=0.6892
  batch 200/264  loss=0.4193
  batch 210/264  loss=0.3574
  batch 220/264  loss=0.5930
  batch 230/264  loss=0.5289
  batch 240/264  loss=0.4901
  batch 250/264  loss=0.5135
  batch 260/264  loss=0.4122
Epoch 122/300  train=4.409e-01  rmse=30.9152  lr=1.0e-04  230s
  -> best  monitor=4.409e-01
  batch 10/264  loss=0.3926
  batch 20/264  loss=0.3967
  batch 30/264  loss=0.3760
  batch 40/264  loss=0.3184
  batch 50/264  loss=0.3805
  batch 60/264  loss=0.3620
  batch 70/264  loss=0.4052
  batch 80/264  loss=0.3995
  batch 90/264  loss=0.5240
  batch 100/264  loss=0.3024
  batch 110/264  loss=0.6758
  batch 120/264  loss=0.4227
  batch 130/264  loss=0.3382
  batch 140/264  loss=0.5825
  batch 150/264  loss=0.4194
  batch 160/264  loss=0.3334
  batch 170/264  loss=0.4640
  batch 180/264  loss=0.3369
  batch 190/264  loss=0.7551
  batch 200/264  loss=0.4453
  batch 210/264  loss=0.6175
  batch 220/264  loss=0.3448
  batch 230/264  loss=0.3966
  batch 240/264  loss=0.5934
  batch 250/264  loss=0.6052
  batch 260/264  loss=0.3496
Epoch 123/300  train=4.429e-01  rmse=2.0412  lr=1.0e-04  234s
  batch 10/264  loss=0.4438
  batch 20/264  loss=0.6252
  batch 30/264  loss=0.3540
  batch 40/264  loss=0.3468
  batch 50/264  loss=0.4794
  batch 60/264  loss=0.3679
  batch 70/264  loss=0.4562
  batch 80/264  loss=0.5198
  batch 90/264  loss=0.3838
  batch 100/264  loss=0.4229
  batch 110/264  loss=0.4730
  batch 120/264  loss=0.3531
  batch 130/264  loss=0.3659
  batch 140/264  loss=0.3865
  batch 150/264  loss=0.3980
  batch 160/264  loss=0.4404
  batch 170/264  loss=0.4068
  batch 180/264  loss=0.3122
  batch 190/264  loss=0.3590
  batch 200/264  loss=0.6287
  batch 210/264  loss=0.4296
  batch 220/264  loss=0.3444
  batch 230/264  loss=0.4677
  batch 240/264  loss=0.5149
  batch 250/264  loss=0.3722
  batch 260/264  loss=0.3746
Epoch 124/300  train=4.416e-01  rmse=1.8477  lr=1.0e-04  232s
  batch 10/264  loss=0.4086
  batch 20/264  loss=0.3263
  batch 30/264  loss=0.3833
  batch 40/264  loss=0.5023
  batch 50/264  loss=0.5704
  batch 60/264  loss=0.3779
  batch 70/264  loss=0.6221
  batch 80/264  loss=0.3970
  batch 90/264  loss=0.5619
  batch 100/264  loss=0.3385
  batch 110/264  loss=0.3875
  batch 120/264  loss=0.3835
  batch 130/264  loss=0.7811
  batch 140/264  loss=0.5803
  batch 150/264  loss=0.4577
  batch 160/264  loss=0.4545
  batch 170/264  loss=0.3747
  batch 180/264  loss=0.4086
  batch 190/264  loss=0.3892
  batch 200/264  loss=0.6635
  batch 210/264  loss=0.5143
  batch 220/264  loss=0.3312
  batch 230/264  loss=0.4050
  batch 240/264  loss=0.5497
  batch 250/264  loss=0.5361
  batch 260/264  loss=0.3661
Epoch 125/300  train=4.429e-01  rmse=2.1994  lr=1.0e-04  237s
  batch 10/264  loss=0.3795
  batch 20/264  loss=0.2909
  batch 30/264  loss=0.4238
  batch 40/264  loss=0.4708
  batch 50/264  loss=0.6695
  batch 60/264  loss=0.4354
  batch 70/264  loss=0.3525
  batch 80/264  loss=0.5381
  batch 90/264  loss=0.3611
  batch 100/264  loss=0.4137
  batch 110/264  loss=0.4496
  batch 120/264  loss=0.4920
  batch 130/264  loss=0.4495
  batch 140/264  loss=0.5948
  batch 150/264  loss=0.3760
  batch 160/264  loss=0.6672
  batch 170/264  loss=0.3883
  batch 180/264  loss=0.4181
  batch 190/264  loss=0.4471
  batch 200/264  loss=0.4824
  batch 210/264  loss=0.4728
  batch 220/264  loss=0.4224
  batch 230/264  loss=0.5979
  batch 240/264  loss=0.5311
  batch 250/264  loss=0.3362
  batch 260/264  loss=0.5583
Epoch 126/300  train=4.433e-01  rmse=2.4426  lr=1.0e-04  235s
  batch 10/264  loss=0.7249
  batch 20/264  loss=0.3356
  batch 30/264  loss=0.4299
  batch 40/264  loss=0.4090
  batch 50/264  loss=0.4072
  batch 60/264  loss=0.4353
  batch 70/264  loss=0.3157
  batch 80/264  loss=0.5894
  batch 90/264  loss=0.4909
  batch 100/264  loss=0.4077
  batch 110/264  loss=0.3427
  batch 120/264  loss=0.3652
  batch 130/264  loss=0.6254
  batch 140/264  loss=0.3752
  batch 150/264  loss=0.4302
  batch 160/264  loss=0.5131
  batch 170/264  loss=0.4644
  batch 180/264  loss=0.4640
  batch 190/264  loss=0.3605
  batch 200/264  loss=0.3147
  batch 210/264  loss=0.4415
  batch 220/264  loss=0.4242
  batch 230/264  loss=0.6719
  batch 240/264  loss=0.3807
  batch 250/264  loss=0.5239
  batch 260/264  loss=0.3766
Epoch 127/300  train=4.426e-01  rmse=1.9187  lr=1.0e-04  230s
  batch 10/264  loss=0.3453
  batch 20/264  loss=0.4479
  batch 30/264  loss=0.4180
  batch 40/264  loss=0.4512
  batch 50/264  loss=0.4120
  batch 60/264  loss=0.4084
  batch 70/264  loss=0.5812
  batch 80/264  loss=0.3252
  batch 90/264  loss=0.4715
  batch 100/264  loss=0.6476
  batch 110/264  loss=0.9478
  batch 120/264  loss=0.3638
  batch 130/264  loss=0.4141
  batch 140/264  loss=0.8629
  batch 150/264  loss=0.3685
  batch 160/264  loss=0.3427
  batch 170/264  loss=0.5493
  batch 180/264  loss=0.3757
  batch 190/264  loss=0.3575
  batch 200/264  loss=0.4194
  batch 210/264  loss=0.4001
  batch 220/264  loss=0.4465
  batch 230/264  loss=0.4777
  batch 240/264  loss=0.3942
  batch 250/264  loss=0.3868
  batch 260/264  loss=0.3564
Epoch 128/300  train=4.450e-01  rmse=1.8606  lr=1.0e-04  230s
  batch 10/264  loss=0.3673
  batch 20/264  loss=0.4210
  batch 30/264  loss=0.4014
  batch 40/264  loss=0.4808
  batch 50/264  loss=0.3963
  batch 60/264  loss=0.3707
  batch 70/264  loss=0.4734
  batch 80/264  loss=0.4772
  batch 90/264  loss=0.6069
  batch 100/264  loss=0.5087
  batch 110/264  loss=0.4059
  batch 120/264  loss=0.3839
  batch 130/264  loss=0.3824
  batch 140/264  loss=0.5942
  batch 150/264  loss=0.3974
  batch 160/264  loss=0.3869
  batch 170/264  loss=0.4951
  batch 180/264  loss=0.3367
  batch 190/264  loss=0.6516
  batch 200/264  loss=0.4044
  batch 210/264  loss=0.4363
  batch 220/264  loss=0.3645
  batch 230/264  loss=0.3214
  batch 240/264  loss=0.3352
  batch 250/264  loss=0.4196
  batch 260/264  loss=0.4392
Epoch 129/300  train=4.442e-01  rmse=1.9159  lr=1.0e-04  231s
  batch 10/264  loss=0.4120
  batch 20/264  loss=0.3914
  batch 30/264  loss=0.3502
  batch 40/264  loss=0.4364
  batch 50/264  loss=0.5366
  batch 60/264  loss=0.3776
  batch 70/264  loss=0.3347
  batch 80/264  loss=0.3689
  batch 90/264  loss=0.4112
  batch 100/264  loss=0.6906
  batch 110/264  loss=0.3939
  batch 120/264  loss=0.3968
  batch 130/264  loss=0.4540
  batch 140/264  loss=0.4240
  batch 150/264  loss=0.3800
  batch 160/264  loss=0.3364
  batch 170/264  loss=0.4284
  batch 180/264  loss=0.4049
  batch 190/264  loss=0.4009
  batch 200/264  loss=0.3334
  batch 210/264  loss=0.4479
  batch 220/264  loss=0.3849
  batch 230/264  loss=0.6644
  batch 240/264  loss=0.5270
  batch 250/264  loss=0.4495
  batch 260/264  loss=0.3754
Epoch 130/300  train=4.376e-01  rmse=2.0672  lr=1.0e-04  233s
  -> best  monitor=4.376e-01
  batch 10/264  loss=0.3729
  batch 20/264  loss=0.4089
  batch 30/264  loss=0.3941
  batch 40/264  loss=0.5272
  batch 50/264  loss=0.4196
  batch 60/264  loss=0.3703
  batch 70/264  loss=0.3367
  batch 80/264  loss=0.4160
  batch 90/264  loss=0.5185
  batch 100/264  loss=0.4285
  batch 110/264  loss=0.3585
  batch 120/264  loss=0.3526
  batch 130/264  loss=0.4995
  batch 140/264  loss=0.4117
  batch 150/264  loss=0.4214
  batch 160/264  loss=0.3576
  batch 170/264  loss=0.3838
  batch 180/264  loss=0.4780
  batch 190/264  loss=0.5008
  batch 200/264  loss=0.4443
  batch 210/264  loss=0.3826
  batch 220/264  loss=0.3489
  batch 230/264  loss=0.3536
  batch 240/264  loss=0.3850
  batch 250/264  loss=0.3489
  batch 260/264  loss=0.4418
Epoch 131/300  train=4.406e-01  rmse=2.3746  lr=1.0e-04  231s
  batch 10/264  loss=0.3939
  batch 20/264  loss=0.3992
  batch 30/264  loss=0.3454
  batch 40/264  loss=0.5639
  batch 50/264  loss=0.4624
  batch 60/264  loss=0.7593
  batch 70/264  loss=0.4878
  batch 80/264  loss=0.3713
  batch 90/264  loss=0.3352
  batch 100/264  loss=0.6886
  batch 110/264  loss=0.4750
  batch 120/264  loss=0.3203
  batch 130/264  loss=0.3525
  batch 140/264  loss=0.4466
  batch 150/264  loss=0.3270
  batch 160/264  loss=0.3716
  batch 170/264  loss=0.4065
  batch 180/264  loss=0.3515
  batch 190/264  loss=0.4407
  batch 200/264  loss=0.5655
  batch 210/264  loss=0.4458
  batch 220/264  loss=0.4267
  batch 230/264  loss=0.4039
  batch 240/264  loss=0.5369
  batch 250/264  loss=0.3509
  batch 260/264  loss=0.4218
Epoch 132/300  train=4.349e-01  rmse=2.0174  lr=1.0e-04  231s
  -> best  monitor=4.349e-01
  batch 10/264  loss=0.3181
  batch 20/264  loss=0.3819
  batch 30/264  loss=0.5657
  batch 40/264  loss=0.4857
  batch 50/264  loss=0.4016
  batch 60/264  loss=0.4554
  batch 70/264  loss=0.4166
  batch 80/264  loss=0.4278
  batch 90/264  loss=0.4843
  batch 100/264  loss=0.3733
  batch 110/264  loss=0.4445
  batch 120/264  loss=0.4187
  batch 130/264  loss=0.3795
  batch 140/264  loss=0.3882
  batch 150/264  loss=0.6377
  batch 160/264  loss=0.3209
  batch 170/264  loss=0.3926
  batch 180/264  loss=0.4266
  batch 190/264  loss=0.5624
  batch 200/264  loss=0.3945
  batch 210/264  loss=0.3651
  batch 220/264  loss=0.3699
  batch 230/264  loss=0.3306
  batch 240/264  loss=0.4321
  batch 250/264  loss=0.4175
  batch 260/264  loss=0.3091
Epoch 133/300  train=4.319e-01  rmse=1.8206  lr=1.0e-04  231s
  -> best  monitor=4.319e-01
  batch 10/264  loss=0.3738
  batch 20/264  loss=0.4068
  batch 30/264  loss=0.3442
  batch 40/264  loss=0.3374
  batch 50/264  loss=0.3400
  batch 60/264  loss=0.3839
  batch 70/264  loss=0.3654
  batch 80/264  loss=0.3523
  batch 90/264  loss=0.4039
  batch 100/264  loss=0.4266
  batch 110/264  loss=0.5158
  batch 120/264  loss=0.5948
  batch 130/264  loss=0.4016
  batch 140/264  loss=0.3482
  batch 150/264  loss=0.4118
  batch 160/264  loss=0.4480
  batch 170/264  loss=0.3840
  batch 180/264  loss=0.5971
  batch 190/264  loss=0.3778
  batch 200/264  loss=0.3754
  batch 210/264  loss=0.3755
  batch 220/264  loss=0.3944
  batch 230/264  loss=0.3379
  batch 240/264  loss=0.4600
  batch 250/264  loss=0.8173
  batch 260/264  loss=0.4219
Epoch 134/300  train=4.365e-01  rmse=2.1723  lr=1.0e-04  230s
  batch 10/264  loss=0.5407
  batch 20/264  loss=0.4713
  batch 30/264  loss=0.3621
  batch 40/264  loss=0.5009
  batch 50/264  loss=0.3423
  batch 60/264  loss=0.5051
  batch 70/264  loss=0.4075
  batch 80/264  loss=0.4215
  batch 90/264  loss=0.4449
  batch 100/264  loss=0.3439
  batch 110/264  loss=0.5582
  batch 120/264  loss=0.3388
  batch 130/264  loss=0.6322
  batch 140/264  loss=0.3536
  batch 150/264  loss=0.5574
  batch 160/264  loss=0.3977
  batch 170/264  loss=0.3620
  batch 180/264  loss=0.7959
  batch 190/264  loss=0.4403
  batch 200/264  loss=0.5702
  batch 210/264  loss=0.3923
  batch 220/264  loss=0.6826
  batch 230/264  loss=0.4889
  batch 240/264  loss=0.4594
  batch 250/264  loss=0.4578
  batch 260/264  loss=0.3453
Epoch 135/300  train=4.401e-01  rmse=1.9064  lr=1.0e-04  232s
  batch 10/264  loss=0.5060
  batch 20/264  loss=0.3208
  batch 30/264  loss=0.4408
  batch 40/264  loss=0.4458
  batch 50/264  loss=0.3625
  batch 60/264  loss=0.3339
  batch 70/264  loss=0.4514
  batch 80/264  loss=0.4571
  batch 90/264  loss=0.6246
  batch 100/264  loss=0.4066
  batch 110/264  loss=0.4842
  batch 120/264  loss=0.5656
  batch 130/264  loss=0.3534
  batch 140/264  loss=0.5437
  batch 150/264  loss=0.3702
  batch 160/264  loss=0.4626
  batch 170/264  loss=0.3541
  batch 180/264  loss=0.3439
  batch 190/264  loss=0.3394
  batch 200/264  loss=0.3922
  batch 210/264  loss=0.4955
  batch 220/264  loss=0.4122
  batch 230/264  loss=0.5492
  batch 240/264  loss=0.4140
  batch 250/264  loss=0.5022
  batch 260/264  loss=0.4050
Epoch 136/300  train=4.377e-01  rmse=4.9946  lr=1.0e-04  233s
  batch 10/264  loss=0.4812
  batch 20/264  loss=0.4413
  batch 30/264  loss=0.3388
  batch 40/264  loss=0.4095
  batch 50/264  loss=0.3204
  batch 60/264  loss=0.4204
  batch 70/264  loss=0.4063
  batch 80/264  loss=0.3918
  batch 90/264  loss=0.4006
  batch 100/264  loss=0.3694
  batch 110/264  loss=0.4066
  batch 120/264  loss=0.5138
  batch 130/264  loss=1.0681
  batch 140/264  loss=0.3365
  batch 150/264  loss=0.5877
  batch 160/264  loss=0.3859
  batch 170/264  loss=0.4597
  batch 180/264  loss=0.3984
  batch 190/264  loss=0.3397
  batch 200/264  loss=0.4854
  batch 210/264  loss=0.3499
  batch 220/264  loss=0.4201
  batch 230/264  loss=0.4529
  batch 240/264  loss=0.3712
  batch 250/264  loss=0.3761
  batch 260/264  loss=0.3520
Epoch 137/300  train=4.317e-01  rmse=2.3548  lr=1.0e-04  232s
  -> best  monitor=4.317e-01
  batch 10/264  loss=0.4753
  batch 20/264  loss=0.4645
  batch 30/264  loss=0.4917
  batch 40/264  loss=0.3905
  batch 50/264  loss=0.4057
  batch 60/264  loss=0.4554
  batch 70/264  loss=0.3694
  batch 80/264  loss=0.4486
  batch 90/264  loss=0.3924
  batch 100/264  loss=0.3869
  batch 110/264  loss=0.3953
  batch 120/264  loss=0.3712
  batch 130/264  loss=0.4015
  batch 140/264  loss=0.3431
  batch 150/264  loss=0.4465
  batch 160/264  loss=0.3470
  batch 170/264  loss=0.3308
  batch 180/264  loss=0.7010
  batch 190/264  loss=0.3896
  batch 200/264  loss=0.6410
  batch 210/264  loss=0.4148
  batch 220/264  loss=0.3388
  batch 230/264  loss=0.6461
  batch 240/264  loss=0.3661
  batch 250/264  loss=0.3891
  batch 260/264  loss=0.3926
Epoch 138/300  train=4.354e-01  rmse=1.7930  lr=1.0e-04  231s
  batch 10/264  loss=0.3702
  batch 20/264  loss=0.4158
  batch 30/264  loss=0.3436
  batch 40/264  loss=0.4441
  batch 50/264  loss=0.4360
  batch 60/264  loss=0.3944
  batch 70/264  loss=0.3857
  batch 80/264  loss=0.4123
  batch 90/264  loss=0.4973
  batch 100/264  loss=0.3462
  batch 110/264  loss=0.4066
  batch 120/264  loss=0.3441
  batch 130/264  loss=0.4865
  batch 140/264  loss=0.3639
  batch 150/264  loss=0.5460
  batch 160/264  loss=0.4512
  batch 170/264  loss=0.3878
  batch 180/264  loss=0.3785
  batch 190/264  loss=0.5454
  batch 200/264  loss=0.6173
  batch 210/264  loss=0.4178
  batch 220/264  loss=0.4744
  batch 230/264  loss=0.4269
  batch 240/264  loss=0.3434
  batch 250/264  loss=0.3367
  batch 260/264  loss=0.3688
Epoch 139/300  train=4.394e-01  rmse=2.3755  lr=1.0e-04  234s
  batch 10/264  loss=0.3896
  batch 20/264  loss=0.3957
  batch 30/264  loss=0.5205
  batch 40/264  loss=0.5827
  batch 50/264  loss=0.4087
  batch 60/264  loss=0.4568
  batch 70/264  loss=0.7641
  batch 80/264  loss=0.4606
  batch 90/264  loss=0.4216
  batch 100/264  loss=0.5079
  batch 110/264  loss=0.4139
  batch 120/264  loss=0.4016
  batch 130/264  loss=0.3508
  batch 140/264  loss=0.3648
  batch 150/264  loss=0.5753
  batch 160/264  loss=0.4692
  batch 170/264  loss=0.3367
  batch 180/264  loss=0.7531
  batch 190/264  loss=0.4492
  batch 200/264  loss=0.5317
  batch 210/264  loss=0.6462
  batch 220/264  loss=0.5968
  batch 230/264  loss=0.5473
  batch 240/264  loss=0.3589
  batch 250/264  loss=0.3111
  batch 260/264  loss=0.4320
Epoch 140/300  train=4.291e-01  rmse=2.0962  lr=1.0e-04  231s
  -> best  monitor=4.291e-01
  batch 10/264  loss=0.3569
  batch 20/264  loss=0.4297
  batch 30/264  loss=0.4769
  batch 40/264  loss=0.3740
  batch 50/264  loss=0.3240
  batch 60/264  loss=0.3872
  batch 70/264  loss=0.5814
  batch 80/264  loss=0.3356
  batch 90/264  loss=0.3337
  batch 100/264  loss=0.3229
  batch 110/264  loss=0.3567
  batch 120/264  loss=0.4594
  batch 130/264  loss=0.4176
  batch 140/264  loss=0.3084
  batch 150/264  loss=0.4723
  batch 160/264  loss=0.4280
  batch 170/264  loss=0.4898
  batch 180/264  loss=0.6978
  batch 190/264  loss=0.5031
  batch 200/264  loss=0.3163
  batch 210/264  loss=0.4040
  batch 220/264  loss=0.4121
  batch 230/264  loss=0.3423
  batch 240/264  loss=0.4123
  batch 250/264  loss=0.4997
  batch 260/264  loss=0.3120
Epoch 141/300  train=4.303e-01  rmse=1.9089  lr=1.0e-04  235s
  batch 10/264  loss=0.3747
  batch 20/264  loss=0.4350
  batch 30/264  loss=0.3892
  batch 40/264  loss=0.3419
  batch 50/264  loss=0.3383
  batch 60/264  loss=0.5502
  batch 70/264  loss=0.4085
  batch 80/264  loss=0.4620
  batch 90/264  loss=0.3784
  batch 100/264  loss=0.4503
  batch 110/264  loss=0.3496
  batch 120/264  loss=0.3121
  batch 130/264  loss=0.3200
  batch 140/264  loss=0.5393
  batch 150/264  loss=0.4262
  batch 160/264  loss=0.4451
  batch 170/264  loss=0.3156
  batch 180/264  loss=0.6504
  batch 190/264  loss=0.3854
  batch 200/264  loss=0.3165
  batch 210/264  loss=0.5565
  batch 220/264  loss=0.4372
  batch 230/264  loss=0.3684
  batch 240/264  loss=0.3866
  batch 250/264  loss=0.4691
  batch 260/264  loss=0.7175
Epoch 142/300  train=4.370e-01  rmse=3.3376  lr=1.0e-04  231s
  batch 10/264  loss=0.4142
  batch 20/264  loss=0.6146
  batch 30/264  loss=0.5212
  batch 40/264  loss=0.4157
  batch 50/264  loss=0.3547
  batch 60/264  loss=0.4263
  batch 70/264  loss=0.3545
  batch 80/264  loss=0.6954
  batch 90/264  loss=0.4856
  batch 100/264  loss=0.6128
  batch 110/264  loss=0.5115
  batch 120/264  loss=0.4253
  batch 130/264  loss=0.3574
  batch 140/264  loss=0.3291
  batch 150/264  loss=0.3586
  batch 160/264  loss=0.3576
  batch 170/264  loss=0.4220
  batch 180/264  loss=0.3471
  batch 190/264  loss=0.3629
  batch 200/264  loss=0.3223
  batch 210/264  loss=0.3839
  batch 220/264  loss=0.4904
  batch 230/264  loss=0.4032
  batch 240/264  loss=0.4137
  batch 250/264  loss=0.3513
  batch 260/264  loss=0.9258
Epoch 143/300  train=4.316e-01  rmse=2.0249  lr=1.0e-04  230s
  batch 10/264  loss=0.4259
  batch 20/264  loss=0.3866
  batch 30/264  loss=0.3797
  batch 40/264  loss=0.4325
  batch 50/264  loss=0.3587
  batch 60/264  loss=0.3774
  batch 70/264  loss=0.5506
  batch 80/264  loss=0.3570
  batch 90/264  loss=0.3633
  batch 100/264  loss=0.4211
  batch 110/264  loss=0.3719
  batch 120/264  loss=0.3984
  batch 130/264  loss=0.3950
  batch 140/264  loss=0.4989
  batch 150/264  loss=0.3975
  batch 160/264  loss=0.2962
  batch 170/264  loss=0.3471
  batch 180/264  loss=0.3612
  batch 190/264  loss=0.6463
  batch 200/264  loss=0.3462
  batch 210/264  loss=0.4107
  batch 220/264  loss=0.3788
  batch 230/264  loss=0.5059
  batch 240/264  loss=0.5145
  batch 250/264  loss=0.4665
  batch 260/264  loss=0.3885
Epoch 144/300  train=4.313e-01  rmse=1.8960  lr=1.0e-04  231s
  batch 10/264  loss=0.4832
  batch 20/264  loss=0.5445
  batch 30/264  loss=0.3405
  batch 40/264  loss=0.3396
  batch 50/264  loss=0.4095
  batch 60/264  loss=0.3606
  batch 70/264  loss=0.3343
  batch 80/264  loss=0.4233
  batch 90/264  loss=0.3922
  batch 100/264  loss=0.4400
  batch 110/264  loss=0.4462
  batch 120/264  loss=0.5252
  batch 130/264  loss=0.4145
  batch 140/264  loss=0.4373
  batch 150/264  loss=0.3243
  batch 160/264  loss=0.5487
  batch 170/264  loss=0.4570
  batch 180/264  loss=0.3985
  batch 190/264  loss=0.6671
  batch 200/264  loss=0.3623
  batch 210/264  loss=0.4693
  batch 220/264  loss=0.4014
  batch 230/264  loss=0.5110
  batch 240/264  loss=0.4430
  batch 250/264  loss=0.3592
  batch 260/264  loss=0.4967
Epoch 145/300  train=4.381e-01  rmse=1.9996  lr=1.0e-04  230s
  batch 10/264  loss=0.4104
  batch 20/264  loss=0.4734
  batch 30/264  loss=0.3159
  batch 40/264  loss=0.5102
  batch 50/264  loss=0.3045
  batch 60/264  loss=0.3868
  batch 70/264  loss=0.3035
  batch 80/264  loss=0.3686
  batch 90/264  loss=0.3711
  batch 100/264  loss=0.4166
  batch 110/264  loss=0.4161
  batch 120/264  loss=0.4403
  batch 130/264  loss=0.5952
  batch 140/264  loss=0.3276
  batch 150/264  loss=0.4300
  batch 160/264  loss=0.5483
  batch 170/264  loss=0.3585
  batch 180/264  loss=0.4087
  batch 190/264  loss=0.3561
  batch 200/264  loss=0.4103
  batch 210/264  loss=0.4397
  batch 220/264  loss=0.4459
  batch 230/264  loss=0.4050
  batch 240/264  loss=0.6593
  batch 250/264  loss=0.6532
  batch 260/264  loss=0.4842
Epoch 146/300  train=4.263e-01  rmse=2.0839  lr=1.0e-04  230s
  -> best  monitor=4.263e-01
  batch 10/264  loss=0.4408
  batch 20/264  loss=0.4431
  batch 30/264  loss=0.4720
  batch 40/264  loss=0.3861
  batch 50/264  loss=0.3751
  batch 60/264  loss=0.3814
  batch 70/264  loss=0.7439
  batch 80/264  loss=0.3836
  batch 90/264  loss=0.6452
  batch 100/264  loss=0.4059
  batch 110/264  loss=0.4462
  batch 120/264  loss=0.3792
  batch 130/264  loss=0.4621
  batch 140/264  loss=0.3984
  batch 150/264  loss=0.3431
  batch 160/264  loss=0.3476
  batch 170/264  loss=0.4536
  batch 180/264  loss=0.5010
  batch 190/264  loss=0.3004
  batch 200/264  loss=0.5802
  batch 210/264  loss=0.4291
  batch 220/264  loss=0.3895
  batch 230/264  loss=0.3672
  batch 240/264  loss=0.5428
  batch 250/264  loss=0.4640
  batch 260/264  loss=0.3590
Epoch 147/300  train=4.285e-01  rmse=2.5936  lr=1.0e-04  231s
  batch 10/264  loss=0.5242
  batch 20/264  loss=0.3159
  batch 30/264  loss=0.3470
  batch 40/264  loss=0.3624
  batch 50/264  loss=0.4604
  batch 60/264  loss=0.3680
  batch 70/264  loss=0.4068
  batch 80/264  loss=0.3707
  batch 90/264  loss=0.4758
  batch 100/264  loss=0.3243
  batch 110/264  loss=0.4208
  batch 120/264  loss=0.3488
  batch 130/264  loss=0.3310
  batch 140/264  loss=0.4849
  batch 150/264  loss=0.3333
  batch 160/264  loss=0.4411
  batch 170/264  loss=0.4792
  batch 180/264  loss=0.4771
  batch 190/264  loss=0.5830
  batch 200/264  loss=0.4824
  batch 210/264  loss=0.4691
  batch 220/264  loss=0.4299
  batch 230/264  loss=0.4513
  batch 240/264  loss=0.3578
  batch 250/264  loss=0.4396
  batch 260/264  loss=0.3874
Epoch 148/300  train=4.293e-01  rmse=2.1292  lr=1.0e-04  230s
  batch 10/264  loss=0.3505
  batch 20/264  loss=0.3443
  batch 30/264  loss=0.3334
  batch 40/264  loss=0.4554
  batch 50/264  loss=0.4177
  batch 60/264  loss=0.4484
  batch 70/264  loss=0.3174
  batch 80/264  loss=0.4023
  batch 90/264  loss=0.3617
  batch 100/264  loss=0.5599
  batch 110/264  loss=0.4811
  batch 120/264  loss=0.5764
  batch 130/264  loss=0.4315
  batch 140/264  loss=0.3064
  batch 150/264  loss=0.4874
  batch 160/264  loss=0.5172
  batch 170/264  loss=0.4129
  batch 180/264  loss=0.4784
  batch 190/264  loss=0.3280
  batch 200/264  loss=0.4159
  batch 210/264  loss=0.3233
  batch 220/264  loss=0.5043
  batch 230/264  loss=0.4494
  batch 240/264  loss=0.4159
  batch 250/264  loss=0.4350
  batch 260/264  loss=0.4953
Epoch 149/300  train=4.264e-01  rmse=2.4866  lr=1.0e-04  233s
  batch 10/264  loss=0.3567
  batch 20/264  loss=0.4372
  batch 30/264  loss=0.5293
  batch 40/264  loss=0.3570
  batch 50/264  loss=0.4064
  batch 60/264  loss=0.3820
  batch 70/264  loss=0.3027
  batch 80/264  loss=0.3071
  batch 90/264  loss=0.6065
  batch 100/264  loss=0.3945
  batch 110/264  loss=0.4295
  batch 120/264  loss=0.3992
  batch 130/264  loss=0.6673
  batch 140/264  loss=0.4837
  batch 150/264  loss=0.7798
  batch 160/264  loss=0.4228
  batch 170/264  loss=0.3458
  batch 180/264  loss=0.5544
  batch 190/264  loss=0.3414
  batch 200/264  loss=0.4043
  batch 210/264  loss=0.3765
  batch 220/264  loss=0.4477
  batch 230/264  loss=0.6156
  batch 240/264  loss=0.4488
  batch 250/264  loss=0.3075
  batch 260/264  loss=0.5156
Epoch 150/300  train=4.260e-01  rmse=1.9598  lr=1.0e-04  234s
  -> best  monitor=4.260e-01
  batch 10/264  loss=0.4032
  batch 20/264  loss=0.5441
  batch 30/264  loss=0.3196
  batch 40/264  loss=0.3304
  batch 50/264  loss=0.4588
  batch 60/264  loss=0.5363
  batch 70/264  loss=0.3141
  batch 80/264  loss=0.3546
  batch 90/264  loss=0.4020
  batch 100/264  loss=0.3443
  batch 110/264  loss=0.3313
  batch 120/264  loss=0.3499
  batch 130/264  loss=0.3628
  batch 140/264  loss=0.3426
  batch 150/264  loss=0.3427
  batch 160/264  loss=0.4709
  batch 170/264  loss=0.3379
  batch 180/264  loss=0.3627
  batch 190/264  loss=0.4448
  batch 200/264  loss=0.3552
  batch 210/264  loss=0.2938
  batch 220/264  loss=0.4789
  batch 230/264  loss=0.3596
  batch 240/264  loss=0.4066
  batch 250/264  loss=0.3976
  batch 260/264  loss=0.3696
Epoch 151/300  train=4.279e-01  rmse=2.0412  lr=1.0e-04  233s
  batch 10/264  loss=0.5299
  batch 20/264  loss=0.3124
  batch 30/264  loss=0.3113
  batch 40/264  loss=0.3285
  batch 50/264  loss=0.4921
  batch 60/264  loss=0.5203
  batch 70/264  loss=0.4020
  batch 80/264  loss=0.3762
  batch 90/264  loss=0.3146
  batch 100/264  loss=0.3675
  batch 110/264  loss=0.3546
  batch 120/264  loss=0.5519
  batch 130/264  loss=0.6411
  batch 140/264  loss=0.3358
  batch 150/264  loss=0.5427
  batch 160/264  loss=0.4669
  batch 170/264  loss=0.3892
  batch 180/264  loss=0.3211
  batch 190/264  loss=0.3199
  batch 200/264  loss=0.3188
  batch 210/264  loss=0.3588
  batch 220/264  loss=0.4522
  batch 230/264  loss=0.3989
  batch 240/264  loss=0.3689
  batch 250/264  loss=0.3926
  batch 260/264  loss=0.3251
Epoch 152/300  train=4.235e-01  rmse=1.7696  lr=1.0e-04  231s
  -> best  monitor=4.235e-01
  batch 10/264  loss=0.3757
  batch 20/264  loss=0.3231
  batch 30/264  loss=0.3922
  batch 40/264  loss=0.3836
  batch 50/264  loss=0.5697
  batch 60/264  loss=0.3491
  batch 70/264  loss=0.3570
  batch 80/264  loss=0.3883
  batch 90/264  loss=0.3156
  batch 100/264  loss=0.3322
  batch 110/264  loss=0.4279
  batch 120/264  loss=0.3363
  batch 130/264  loss=0.5651
  batch 140/264  loss=0.3680
  batch 150/264  loss=0.2987
  batch 160/264  loss=0.3704
  batch 170/264  loss=0.7448
  batch 180/264  loss=0.5280
  batch 190/264  loss=0.3921
  batch 200/264  loss=0.3970
  batch 210/264  loss=0.3998
  batch 220/264  loss=0.5920
  batch 230/264  loss=0.4161
  batch 240/264  loss=0.4490
  batch 250/264  loss=0.3407
  batch 260/264  loss=0.4045
Epoch 153/300  train=4.239e-01  rmse=2.0456  lr=1.0e-04  232s
  batch 10/264  loss=0.5533
  batch 20/264  loss=0.3457
  batch 30/264  loss=0.3518
  batch 40/264  loss=0.4460
  batch 50/264  loss=0.3336
  batch 60/264  loss=0.4376
  batch 70/264  loss=0.4563
  batch 80/264  loss=0.4058
  batch 90/264  loss=0.5511
  batch 100/264  loss=0.5095
  batch 110/264  loss=0.4171
  batch 120/264  loss=0.4014
  batch 130/264  loss=0.3716
  batch 140/264  loss=0.3507
  batch 150/264  loss=0.4230
  batch 160/264  loss=0.3487
  batch 170/264  loss=0.4523
  batch 180/264  loss=0.3417
  batch 190/264  loss=0.4627
  batch 200/264  loss=0.7333
  batch 210/264  loss=0.4396
  batch 220/264  loss=0.4129
  batch 230/264  loss=0.3981
  batch 240/264  loss=0.3564
  batch 250/264  loss=0.4293
  batch 260/264  loss=0.6155
Epoch 154/300  train=4.234e-01  rmse=2.1542  lr=1.0e-04  231s
  -> best  monitor=4.234e-01
  batch 10/264  loss=0.4536
  batch 20/264  loss=0.3786
  batch 30/264  loss=0.4098
  batch 40/264  loss=0.3821
  batch 50/264  loss=0.3942
  batch 60/264  loss=0.5035
  batch 70/264  loss=0.4927
  batch 80/264  loss=0.3176
  batch 90/264  loss=0.6543
  batch 100/264  loss=0.3988
  batch 110/264  loss=0.4706
  batch 120/264  loss=0.4090
  batch 130/264  loss=0.4466
  batch 140/264  loss=0.4082
  batch 150/264  loss=0.4867
  batch 160/264  loss=0.4294
  batch 170/264  loss=0.3576
  batch 180/264  loss=0.3522
  batch 190/264  loss=0.4004
  batch 200/264  loss=0.3125
  batch 210/264  loss=0.4730
  batch 220/264  loss=0.4379
  batch 230/264  loss=0.3279
  batch 240/264  loss=0.3740
  batch 250/264  loss=0.4058
  batch 260/264  loss=0.7593
Epoch 155/300  train=4.283e-01  rmse=1.8683  lr=1.0e-04  230s
  batch 10/264  loss=0.4402
  batch 20/264  loss=0.3599
  batch 30/264  loss=0.4927
  batch 40/264  loss=0.4442
  batch 50/264  loss=0.3272
  batch 60/264  loss=0.3498
  batch 70/264  loss=0.3859
  batch 80/264  loss=0.3066
  batch 90/264  loss=0.6356
  batch 100/264  loss=0.4253
  batch 110/264  loss=0.3243
  batch 120/264  loss=0.4953
  batch 130/264  loss=0.3485
  batch 140/264  loss=0.3946
  batch 150/264  loss=0.4760
  batch 160/264  loss=0.4716
  batch 170/264  loss=0.3471
  batch 180/264  loss=0.5276
  batch 190/264  loss=0.3771
  batch 200/264  loss=0.4575
  batch 210/264  loss=0.3114
  batch 220/264  loss=0.3543
  batch 230/264  loss=0.3738
  batch 240/264  loss=0.9469
  batch 250/264  loss=0.4742
  batch 260/264  loss=0.3198
Epoch 156/300  train=4.242e-01  rmse=2.1086  lr=1.0e-04  233s
  batch 10/264  loss=0.3687
  batch 20/264  loss=0.3503
  batch 30/264  loss=0.3712
  batch 40/264  loss=0.3100
  batch 50/264  loss=0.5044
  batch 60/264  loss=0.3736
  batch 70/264  loss=0.6623
  batch 80/264  loss=0.3825
  batch 90/264  loss=0.4793
  batch 100/264  loss=0.3443
  batch 110/264  loss=0.3586
  batch 120/264  loss=0.3651
  batch 130/264  loss=0.4676
  batch 140/264  loss=0.6539
  batch 150/264  loss=0.3820
  batch 160/264  loss=0.4326
  batch 170/264  loss=0.3453
  batch 180/264  loss=0.3582
  batch 190/264  loss=0.4115
  batch 200/264  loss=0.5604
  batch 210/264  loss=0.4096
  batch 220/264  loss=0.3475
  batch 230/264  loss=0.6635
  batch 240/264  loss=0.3874
  batch 250/264  loss=0.3715
  batch 260/264  loss=0.4387
Epoch 157/300  train=4.257e-01  rmse=2.5956  lr=1.0e-04  231s
  batch 10/264  loss=0.3170
  batch 20/264  loss=0.4654
  batch 30/264  loss=0.3994
  batch 40/264  loss=0.3186
  batch 50/264  loss=0.6158
  batch 60/264  loss=0.3904
  batch 70/264  loss=0.4676
  batch 80/264  loss=0.3708
  batch 90/264  loss=0.3731
  batch 100/264  loss=0.3144
  batch 110/264  loss=0.3615
  batch 120/264  loss=0.4339
  batch 130/264  loss=0.3209
  batch 140/264  loss=0.3809
  batch 150/264  loss=0.3322
  batch 160/264  loss=0.3787
  batch 170/264  loss=0.3584
  batch 180/264  loss=0.3527
  batch 190/264  loss=0.3774
  batch 200/264  loss=0.4300
  batch 210/264  loss=0.5770
  batch 220/264  loss=0.3710
  batch 230/264  loss=0.4295
  batch 240/264  loss=0.4682
  batch 250/264  loss=0.4477
  batch 260/264  loss=0.4377
Epoch 158/300  train=4.231e-01  rmse=1.7743  lr=1.0e-04  230s
  -> best  monitor=4.231e-01
  batch 10/264  loss=0.3275
  batch 20/264  loss=0.3861
  batch 30/264  loss=0.4260
  batch 40/264  loss=0.3023
  batch 50/264  loss=0.6055
  batch 60/264  loss=0.4569
  batch 70/264  loss=0.3518
  batch 80/264  loss=0.3363
  batch 90/264  loss=0.3757
  batch 100/264  loss=0.3072
  batch 110/264  loss=0.5017
  batch 120/264  loss=0.4455
  batch 130/264  loss=0.3279
  batch 140/264  loss=0.3506
  batch 150/264  loss=0.4243
  batch 160/264  loss=0.3423
  batch 170/264  loss=0.3430
  batch 180/264  loss=0.4766
  batch 190/264  loss=0.4038
  batch 200/264  loss=0.8986
  batch 210/264  loss=0.3846
  batch 220/264  loss=0.3824
  batch 230/264  loss=0.5370
  batch 240/264  loss=0.4645
  batch 250/264  loss=0.3686
  batch 260/264  loss=0.3608
Epoch 159/300  train=4.243e-01  rmse=3.0750  lr=1.0e-04  232s
  batch 10/264  loss=0.4372
  batch 20/264  loss=0.3579
  batch 30/264  loss=0.4556
  batch 40/264  loss=0.3488
  batch 50/264  loss=0.3612
  batch 60/264  loss=0.7330
  batch 70/264  loss=0.4324
  batch 80/264  loss=0.4375
  batch 90/264  loss=0.4005
  batch 100/264  loss=0.3503
  batch 110/264  loss=0.7061
  batch 120/264  loss=0.3583
  batch 130/264  loss=0.5424
  batch 140/264  loss=0.4783
  batch 150/264  loss=0.3606
  batch 160/264  loss=0.3260
  batch 170/264  loss=0.3485
  batch 180/264  loss=0.4903
  batch 190/264  loss=0.4018
  batch 200/264  loss=0.3640
  batch 210/264  loss=0.4304
  batch 220/264  loss=0.3126
  batch 230/264  loss=0.3225
  batch 240/264  loss=0.4410
  batch 250/264  loss=0.3368
  batch 260/264  loss=0.4802
Epoch 160/300  train=4.228e-01  rmse=2.2156  lr=1.0e-04  231s
  -> best  monitor=4.228e-01
  batch 10/264  loss=0.3425
  batch 20/264  loss=0.3903
  batch 30/264  loss=0.3584
  batch 40/264  loss=0.3624
  batch 50/264  loss=0.5895
  batch 60/264  loss=0.3045
  batch 70/264  loss=0.4914
  batch 80/264  loss=0.4104
  batch 90/264  loss=0.3414
  batch 100/264  loss=0.4530
  batch 110/264  loss=0.3402
  batch 120/264  loss=0.3340
  batch 130/264  loss=0.4532
  batch 140/264  loss=0.3795
  batch 150/264  loss=0.3672
  batch 160/264  loss=0.3448
  batch 170/264  loss=0.3929
  batch 180/264  loss=0.3838
  batch 190/264  loss=0.6202
  batch 200/264  loss=0.2955
  batch 210/264  loss=0.5952
  batch 220/264  loss=0.4869
  batch 230/264  loss=0.3187
  batch 240/264  loss=0.4130
  batch 250/264  loss=0.4153
  batch 260/264  loss=0.3605
Epoch 161/300  train=4.214e-01  rmse=1.9842  lr=1.0e-04  233s
  -> best  monitor=4.214e-01
  batch 10/264  loss=0.5271
  batch 20/264  loss=0.4859
  batch 30/264  loss=0.3925
  batch 40/264  loss=0.3691
  batch 50/264  loss=0.3815
  batch 60/264  loss=0.3898
  batch 70/264  loss=0.3875
  batch 80/264  loss=0.4357
  batch 90/264  loss=0.4070
  batch 100/264  loss=0.3435
  batch 110/264  loss=0.3727
  batch 120/264  loss=0.3349
  batch 130/264  loss=0.4437
  batch 140/264  loss=0.4726
  batch 150/264  loss=0.3331
  batch 160/264  loss=0.2988
  batch 170/264  loss=0.4070
  batch 180/264  loss=0.3865
  batch 190/264  loss=0.4542
  batch 200/264  loss=0.3908
  batch 210/264  loss=0.3887
  batch 220/264  loss=0.4246
  batch 230/264  loss=0.4308
  batch 240/264  loss=0.4338
  batch 250/264  loss=0.3504
  batch 260/264  loss=0.3429
Epoch 162/300  train=4.198e-01  rmse=1.9974  lr=1.0e-04  233s
  -> best  monitor=4.198e-01
  batch 10/264  loss=0.4706
  batch 20/264  loss=0.3177
  batch 30/264  loss=0.5409
  batch 40/264  loss=0.3389
  batch 50/264  loss=0.6709
  batch 60/264  loss=0.3983
  batch 70/264  loss=0.3577
  batch 80/264  loss=0.4521
  batch 90/264  loss=0.3573
  batch 100/264  loss=0.3473
  batch 110/264  loss=0.4143
  batch 120/264  loss=0.3756
  batch 130/264  loss=0.4432
  batch 140/264  loss=0.3316
  batch 150/264  loss=0.3440
  batch 160/264  loss=0.3407
  batch 170/264  loss=0.3069
  batch 180/264  loss=0.3870
  batch 190/264  loss=0.7035
  batch 200/264  loss=0.3273
  batch 210/264  loss=0.5038
  batch 220/264  loss=0.4413
  batch 230/264  loss=0.3875
  batch 240/264  loss=0.3797
  batch 250/264  loss=0.5012
  batch 260/264  loss=0.3355
Epoch 163/300  train=4.208e-01  rmse=1.9133  lr=1.0e-04  232s
  batch 10/264  loss=0.3939
  batch 20/264  loss=0.3929
  batch 30/264  loss=0.4725
  batch 40/264  loss=0.4311
  batch 50/264  loss=0.3365
  batch 60/264  loss=0.4032
  batch 70/264  loss=0.3589
  batch 80/264  loss=0.3766
  batch 90/264  loss=0.5157
  batch 100/264  loss=0.3450
  batch 110/264  loss=0.6495
  batch 120/264  loss=0.4059
  batch 130/264  loss=0.3452
  batch 140/264  loss=0.3615
  batch 150/264  loss=0.4200
  batch 160/264  loss=0.3392
  batch 170/264  loss=0.6273
  batch 180/264  loss=0.3853
  batch 190/264  loss=0.3736
  batch 200/264  loss=0.4063
  batch 210/264  loss=0.4860
  batch 220/264  loss=0.2985
  batch 230/264  loss=0.3695
  batch 240/264  loss=0.4248
  batch 250/264  loss=0.3262
  batch 260/264  loss=0.3482
Epoch 164/300  train=4.140e-01  rmse=1.8681  lr=1.0e-04  232s
  -> best  monitor=4.140e-01
  batch 10/264  loss=0.4889
  batch 20/264  loss=0.3444
  batch 30/264  loss=0.3158
  batch 40/264  loss=0.4739
  batch 50/264  loss=0.5216
  batch 60/264  loss=0.4700
  batch 70/264  loss=0.3114
  batch 80/264  loss=0.4146
  batch 90/264  loss=0.4094
  batch 100/264  loss=0.3630
  batch 110/264  loss=0.4056
  batch 120/264  loss=0.3513
  batch 130/264  loss=0.7080
  batch 140/264  loss=0.3837
  batch 150/264  loss=0.3524
  batch 160/264  loss=0.4066
  batch 170/264  loss=0.3263
  batch 180/264  loss=0.3819
  batch 190/264  loss=0.3422
  batch 200/264  loss=0.5702
  batch 210/264  loss=0.3934
  batch 220/264  loss=0.4430
  batch 230/264  loss=0.4617
  batch 240/264  loss=0.3809
  batch 250/264  loss=0.4120
  batch 260/264  loss=0.3762
Epoch 165/300  train=4.187e-01  rmse=4.1337  lr=1.0e-04  232s
  batch 10/264  loss=0.3160
  batch 20/264  loss=0.3823
  batch 30/264  loss=0.4414
  batch 40/264  loss=0.3609
  batch 50/264  loss=0.3048
  batch 60/264  loss=0.4511
  batch 70/264  loss=0.4608
  batch 80/264  loss=0.3245
  batch 90/264  loss=0.4063
  batch 100/264  loss=0.4430
  batch 110/264  loss=0.2755
  batch 120/264  loss=0.3532
  batch 130/264  loss=0.3729
  batch 140/264  loss=0.3177
  batch 150/264  loss=0.3296
  batch 160/264  loss=0.4315
  batch 170/264  loss=0.3831
  batch 180/264  loss=0.6055
  batch 190/264  loss=0.3666
  batch 200/264  loss=0.3697
  batch 210/264  loss=0.3888
  batch 220/264  loss=0.4659
  batch 230/264  loss=0.4066
  batch 240/264  loss=0.3701
  batch 250/264  loss=0.3573
  batch 260/264  loss=0.3971
Epoch 166/300  train=4.203e-01  rmse=2.6665  lr=1.0e-04  231s
  batch 10/264  loss=0.4948
  batch 20/264  loss=0.5091
  batch 30/264  loss=0.3121
  batch 40/264  loss=0.3497
  batch 50/264  loss=0.4074
  batch 60/264  loss=0.5233
  batch 70/264  loss=0.3467
  batch 80/264  loss=0.3999
  batch 90/264  loss=0.5692
  batch 100/264  loss=0.3504
  batch 110/264  loss=0.3559
  batch 120/264  loss=0.3321
  batch 130/264  loss=0.4760
  batch 140/264  loss=0.3807
  batch 150/264  loss=0.3208
  batch 160/264  loss=0.3686
  batch 170/264  loss=0.3697
  batch 180/264  loss=0.3615
  batch 190/264  loss=0.3606
  batch 200/264  loss=0.4001
  batch 210/264  loss=0.5847
  batch 220/264  loss=0.4809
  batch 230/264  loss=0.7390
  batch 240/264  loss=0.5073
  batch 250/264  loss=0.5155
  batch 260/264  loss=0.3855
Epoch 167/300  train=4.189e-01  rmse=3.6511  lr=1.0e-04  230s
  batch 10/264  loss=0.3039
  batch 20/264  loss=0.4454
  batch 30/264  loss=0.5443
  batch 40/264  loss=0.4643
  batch 50/264  loss=0.3653
  batch 60/264  loss=0.6049
  batch 70/264  loss=0.4482
  batch 80/264  loss=0.5682
  batch 90/264  loss=0.3904
  batch 100/264  loss=0.4475
  batch 110/264  loss=0.6091
  batch 120/264  loss=0.3995
  batch 130/264  loss=0.4064
  batch 140/264  loss=0.5377
  batch 150/264  loss=0.3276
  batch 160/264  loss=0.3878
  batch 170/264  loss=0.3200
  batch 180/264  loss=0.3804
  batch 190/264  loss=0.5173
  batch 200/264  loss=0.3533
  batch 210/264  loss=0.4504
  batch 220/264  loss=0.4609
  batch 230/264  loss=0.3634
  batch 240/264  loss=0.3808
  batch 250/264  loss=0.5881
  batch 260/264  loss=0.4977
Epoch 168/300  train=4.154e-01  rmse=4.2329  lr=1.0e-04  230s
  batch 10/264  loss=0.3061
  batch 20/264  loss=0.3553
  batch 30/264  loss=0.3823
  batch 40/264  loss=0.4023
  batch 50/264  loss=0.3774
  batch 60/264  loss=0.3222
  batch 70/264  loss=0.4158
  batch 80/264  loss=0.4078
  batch 90/264  loss=0.4215
  batch 100/264  loss=0.3483
  batch 110/264  loss=0.4921
  batch 120/264  loss=0.4488
  batch 130/264  loss=0.4278
  batch 140/264  loss=0.4463
  batch 150/264  loss=0.9147
  batch 160/264  loss=0.4046
  batch 170/264  loss=0.3177
  batch 180/264  loss=0.6491
  batch 190/264  loss=0.3611
  batch 200/264  loss=0.3827
  batch 210/264  loss=0.4135
  batch 220/264  loss=0.3800
  batch 230/264  loss=0.4278
  batch 240/264  loss=0.5288
  batch 250/264  loss=0.6172
  batch 260/264  loss=0.8490
Epoch 169/300  train=4.170e-01  rmse=1.9823  lr=1.0e-04  230s
  batch 10/264  loss=0.4071
  batch 20/264  loss=0.3975
  batch 30/264  loss=0.3604
  batch 40/264  loss=0.6427
  batch 50/264  loss=0.3851
  batch 60/264  loss=0.4909
  batch 70/264  loss=0.3079
  batch 80/264  loss=0.3289
  batch 90/264  loss=0.3992
  batch 100/264  loss=0.3019
  batch 110/264  loss=0.3194
  batch 120/264  loss=0.4406
  batch 130/264  loss=0.4796
  batch 140/264  loss=0.3283
  batch 150/264  loss=0.3500
  batch 160/264  loss=0.3551
  batch 170/264  loss=0.3795
  batch 180/264  loss=0.6004
  batch 190/264  loss=0.4268
  batch 200/264  loss=0.3908
  batch 210/264  loss=0.4585
  batch 220/264  loss=0.3109
  batch 230/264  loss=0.5444
  batch 240/264  loss=0.4853
  batch 250/264  loss=0.4683
  batch 260/264  loss=0.4320
Epoch 170/300  train=4.122e-01  rmse=2.9667  lr=1.0e-04  229s
  -> best  monitor=4.122e-01
  batch 10/264  loss=0.3286
  batch 20/264  loss=0.4713
  batch 30/264  loss=0.4047
  batch 40/264  loss=0.4053
  batch 50/264  loss=0.3479
  batch 60/264  loss=0.4115
  batch 70/264  loss=0.3872
  batch 80/264  loss=0.3043
  batch 90/264  loss=0.5051
  batch 100/264  loss=0.3364
  batch 110/264  loss=0.3322
  batch 120/264  loss=0.3645
  batch 130/264  loss=0.3360
  batch 140/264  loss=0.3666
  batch 150/264  loss=0.4058
  batch 160/264  loss=0.4569
  batch 170/264  loss=0.3460
  batch 180/264  loss=0.3149
  batch 190/264  loss=0.3728
  batch 200/264  loss=0.4627
  batch 210/264  loss=0.3739
  batch 220/264  loss=0.3854
  batch 230/264  loss=0.4432
  batch 240/264  loss=0.6636
  batch 250/264  loss=0.3677
  batch 260/264  loss=0.4576
Epoch 171/300  train=4.191e-01  rmse=2.0504  lr=1.0e-04  230s
  batch 10/264  loss=0.4050
  batch 20/264  loss=0.4256
  batch 30/264  loss=0.4644
  batch 40/264  loss=0.3744
  batch 50/264  loss=0.3561
  batch 60/264  loss=0.3244
  batch 70/264  loss=0.3008
  batch 80/264  loss=0.3321
  batch 90/264  loss=0.3047
  batch 100/264  loss=0.3581
  batch 110/264  loss=0.3761
  batch 120/264  loss=0.4468
  batch 130/264  loss=0.3319
  batch 140/264  loss=0.7229
  batch 150/264  loss=0.3757
  batch 160/264  loss=0.5672
  batch 170/264  loss=0.3921
  batch 180/264  loss=0.3739
  batch 190/264  loss=0.3461
  batch 200/264  loss=0.3290
  batch 210/264  loss=0.3606
  batch 220/264  loss=0.3925
  batch 230/264  loss=0.4232
  batch 240/264  loss=0.2976
  batch 250/264  loss=0.4311
  batch 260/264  loss=0.3693
Epoch 172/300  train=4.173e-01  rmse=2.4994  lr=1.0e-04  230s
  batch 10/264  loss=0.5868
  batch 20/264  loss=0.3127
  batch 30/264  loss=0.5027
  batch 40/264  loss=0.3082
  batch 50/264  loss=0.4080
  batch 60/264  loss=0.4800
  batch 70/264  loss=0.4155
  batch 80/264  loss=0.3488
  batch 90/264  loss=0.3812
  batch 100/264  loss=0.3433
  batch 110/264  loss=0.4019
  batch 120/264  loss=0.3128
  batch 130/264  loss=0.5129
  batch 140/264  loss=0.3912
  batch 150/264  loss=0.4444
  batch 160/264  loss=0.4648
  batch 170/264  loss=0.3528
  batch 180/264  loss=0.3753
  batch 190/264  loss=0.3617
  batch 200/264  loss=0.3550
  batch 210/264  loss=0.3766
  batch 220/264  loss=0.4246
  batch 230/264  loss=0.3959
  batch 240/264  loss=0.3369
  batch 250/264  loss=0.5672
  batch 260/264  loss=0.4417
Epoch 173/300  train=4.126e-01  rmse=3.5557  lr=1.0e-04  229s
  batch 10/264  loss=0.3676
  batch 20/264  loss=0.3643
  batch 30/264  loss=0.3653
  batch 40/264  loss=0.3041
  batch 50/264  loss=0.3550
  batch 60/264  loss=0.3275
  batch 70/264  loss=0.4696
  batch 80/264  loss=0.3825
  batch 90/264  loss=0.3431
  batch 100/264  loss=0.3362
  batch 110/264  loss=0.3258
  batch 120/264  loss=0.3834
  batch 130/264  loss=0.5105
  batch 140/264  loss=0.3348
  batch 150/264  loss=0.6012
  batch 160/264  loss=0.3544
  batch 170/264  loss=0.3387
  batch 180/264  loss=0.3957
  batch 190/264  loss=0.3667
  batch 200/264  loss=0.3525
  batch 210/264  loss=0.5894
  batch 220/264  loss=0.4535
  batch 230/264  loss=0.3952
  batch 240/264  loss=0.3977
  batch 250/264  loss=0.3759
  batch 260/264  loss=0.4550
Epoch 174/300  train=4.106e-01  rmse=1.7571  lr=1.0e-04  230s
  -> best  monitor=4.106e-01
  batch 10/264  loss=0.4005
  batch 20/264  loss=0.5482
  batch 30/264  loss=0.5757
  batch 40/264  loss=0.4045
  batch 50/264  loss=0.5792
  batch 60/264  loss=0.3586
  batch 70/264  loss=0.3294
  batch 80/264  loss=0.3363
  batch 90/264  loss=0.3394
  batch 100/264  loss=0.3111
  batch 110/264  loss=0.3738
  batch 120/264  loss=0.6035
  batch 130/264  loss=0.5951
  batch 140/264  loss=0.3754
  batch 150/264  loss=0.3384
  batch 160/264  loss=0.3687
  batch 170/264  loss=0.4827
  batch 180/264  loss=0.5405
  batch 190/264  loss=0.3480
  batch 200/264  loss=0.3083
  batch 210/264  loss=0.3562
  batch 220/264  loss=0.3715
  batch 230/264  loss=0.4973
  batch 240/264  loss=0.3842
  batch 250/264  loss=0.3908
  batch 260/264  loss=0.6278
Epoch 175/300  train=4.113e-01  rmse=61.7254  lr=1.0e-04  230s
  batch 10/264  loss=0.3426
  batch 20/264  loss=0.4165
  batch 30/264  loss=0.4446
  batch 40/264  loss=0.4126
  batch 50/264  loss=0.3208
  batch 60/264  loss=0.3622
  batch 70/264  loss=0.3340
  batch 80/264  loss=0.4958
  batch 90/264  loss=0.2772
  batch 100/264  loss=0.3645
  batch 110/264  loss=0.3980
  batch 120/264  loss=0.3928
  batch 130/264  loss=0.3851
  batch 140/264  loss=0.5154
  batch 150/264  loss=0.3027
  batch 160/264  loss=0.4775
  batch 170/264  loss=0.3013
  batch 180/264  loss=0.4800
  batch 190/264  loss=0.3976
  batch 200/264  loss=0.3261
  batch 210/264  loss=0.4964
  batch 220/264  loss=0.4414
  batch 230/264  loss=0.3846
  batch 240/264  loss=0.3159
  batch 250/264  loss=0.4643
  batch 260/264  loss=0.4221
Epoch 176/300  train=4.193e-01  rmse=3.8228  lr=1.0e-04  231s
  batch 10/264  loss=0.7928
  batch 20/264  loss=0.3274
  batch 30/264  loss=0.3888
  batch 40/264  loss=0.5667
  batch 50/264  loss=0.3590
  batch 60/264  loss=0.3845
  batch 70/264  loss=0.4416
  batch 80/264  loss=0.4107
  batch 90/264  loss=0.3411
  batch 100/264  loss=0.2950
  batch 110/264  loss=0.4361
  batch 120/264  loss=0.5898
  batch 130/264  loss=0.3304
  batch 140/264  loss=0.5236
  batch 150/264  loss=0.4012
  batch 160/264  loss=0.3841
  batch 170/264  loss=0.3433
  batch 180/264  loss=0.4895
  batch 190/264  loss=0.3174
  batch 200/264  loss=0.3386
  batch 210/264  loss=0.4682
  batch 220/264  loss=0.3206
  batch 230/264  loss=0.3020
  batch 240/264  loss=0.3709
  batch 250/264  loss=0.3971
  batch 260/264  loss=0.3051
Epoch 177/300  train=4.126e-01  rmse=1.8465  lr=1.0e-04  231s
  batch 10/264  loss=0.3196
  batch 20/264  loss=0.3441
  batch 30/264  loss=0.3367
  batch 40/264  loss=0.4063
  batch 50/264  loss=0.3816
  batch 60/264  loss=0.3818
  batch 70/264  loss=0.6163
  batch 80/264  loss=0.3943
  batch 90/264  loss=0.3125
  batch 100/264  loss=0.4754
  batch 110/264  loss=0.3591
  batch 120/264  loss=0.3775
  batch 130/264  loss=0.3173
  batch 140/264  loss=0.3962
  batch 150/264  loss=0.4236
  batch 160/264  loss=0.2781
  batch 170/264  loss=0.6188
  batch 180/264  loss=0.3758
  batch 190/264  loss=0.4197
  batch 200/264  loss=0.5408
  batch 210/264  loss=0.3278
  batch 220/264  loss=0.4162
  batch 230/264  loss=0.6928
  batch 240/264  loss=0.4950
  batch 250/264  loss=0.4038
  batch 260/264  loss=0.3021
Epoch 178/300  train=4.094e-01  rmse=2.9060  lr=1.0e-04  230s
  -> best  monitor=4.094e-01
  batch 10/264  loss=0.3481
  batch 20/264  loss=0.4722
  batch 30/264  loss=0.5560
  batch 40/264  loss=0.4661
  batch 50/264  loss=0.3107
  batch 60/264  loss=0.3276
  batch 70/264  loss=0.3844
  batch 80/264  loss=0.3416
  batch 90/264  loss=0.3094
  batch 100/264  loss=0.3028
  batch 110/264  loss=0.4159
  batch 120/264  loss=0.4909
  batch 130/264  loss=0.3888
  batch 140/264  loss=0.3856
  batch 150/264  loss=0.3908
  batch 160/264  loss=0.3363
  batch 170/264  loss=0.4152
  batch 180/264  loss=0.3830
  batch 190/264  loss=0.3726
  batch 200/264  loss=0.3549
  batch 210/264  loss=0.3633
  batch 220/264  loss=0.4068
  batch 230/264  loss=0.4257
  batch 240/264  loss=0.3771
  batch 250/264  loss=0.5175
  batch 260/264  loss=0.3178
Epoch 179/300  train=4.097e-01  rmse=3.3728  lr=1.0e-04  231s
  batch 10/264  loss=0.3868
  batch 20/264  loss=0.4515
  batch 30/264  loss=0.3656
  batch 40/264  loss=0.2876
  batch 50/264  loss=0.3616
  batch 60/264  loss=0.4500
  batch 70/264  loss=0.6761
  batch 80/264  loss=0.3524
  batch 90/264  loss=0.3121
  batch 100/264  loss=0.3060
  batch 110/264  loss=0.5061
  batch 120/264  loss=0.3310
  batch 130/264  loss=0.3804
  batch 140/264  loss=0.3223
  batch 150/264  loss=0.3610
  batch 160/264  loss=0.4408
  batch 170/264  loss=0.4022
  batch 180/264  loss=0.3305
  batch 190/264  loss=0.5170
  batch 200/264  loss=0.2908
  batch 210/264  loss=0.5090
  batch 220/264  loss=0.3940
  batch 230/264  loss=0.4358
  batch 240/264  loss=0.4044
  batch 250/264  loss=0.4184
  batch 260/264  loss=0.3212
Epoch 180/300  train=4.005e-01  rmse=3.2312  lr=1.0e-04  231s
  -> best  monitor=4.005e-01
  batch 10/264  loss=0.5312
  batch 20/264  loss=0.4178
  batch 30/264  loss=0.4860
  batch 40/264  loss=0.3327
  batch 50/264  loss=0.4189
  batch 60/264  loss=0.3171
  batch 70/264  loss=0.5262
  batch 80/264  loss=0.3191
  batch 90/264  loss=0.3467
  batch 100/264  loss=0.3416
  batch 110/264  loss=0.4384
  batch 120/264  loss=0.3116
  batch 130/264  loss=0.3913
  batch 140/264  loss=0.2942
  batch 150/264  loss=0.4893
  batch 160/264  loss=0.3920
  batch 170/264  loss=0.3880
  batch 180/264  loss=0.3634
  batch 190/264  loss=0.4030
  batch 200/264  loss=0.3389
  batch 210/264  loss=0.3963
  batch 220/264  loss=0.3302
  batch 230/264  loss=0.4821
  batch 240/264  loss=0.3278
  batch 250/264  loss=0.3927
  batch 260/264  loss=0.3761
Epoch 181/300  train=4.127e-01  rmse=3.4289  lr=1.0e-04  231s
  batch 10/264  loss=0.3700
  batch 20/264  loss=0.3334
  batch 30/264  loss=0.3593
  batch 40/264  loss=0.3969
  batch 50/264  loss=0.4740
  batch 60/264  loss=0.3754
  batch 70/264  loss=0.3240
  batch 80/264  loss=0.7754
  batch 90/264  loss=0.3144
  batch 100/264  loss=0.3417
  batch 110/264  loss=0.3268
  batch 120/264  loss=0.5227
  batch 130/264  loss=0.3849
  batch 140/264  loss=0.4555
  batch 150/264  loss=0.3677
  batch 160/264  loss=0.4297
  batch 170/264  loss=0.3807
  batch 180/264  loss=0.5312
  batch 190/264  loss=0.4207
  batch 200/264  loss=0.4519
  batch 210/264  loss=0.3916
  batch 220/264  loss=0.9430
  batch 230/264  loss=0.5624
  batch 240/264  loss=0.6234
  batch 250/264  loss=0.4225
  batch 260/264  loss=0.3983
Epoch 182/300  train=4.143e-01  rmse=17.4046  lr=1.0e-04  231s
  batch 10/264  loss=0.3978
  batch 20/264  loss=0.4125
  batch 30/264  loss=0.3428
  batch 40/264  loss=0.3694
  batch 50/264  loss=0.3721
  batch 60/264  loss=0.3457
  batch 70/264  loss=0.5209
  batch 80/264  loss=0.3734
  batch 90/264  loss=0.6470
  batch 100/264  loss=0.3278
  batch 110/264  loss=0.3578
  batch 120/264  loss=0.3700
  batch 130/264  loss=0.3700
  batch 140/264  loss=0.3453
  batch 150/264  loss=0.3230
  batch 160/264  loss=0.3351
  batch 170/264  loss=0.4213
  batch 180/264  loss=0.4123
  batch 190/264  loss=0.4693
  batch 200/264  loss=0.3349
  batch 210/264  loss=0.3244
  batch 220/264  loss=0.3441
  batch 230/264  loss=0.5113
  batch 240/264  loss=0.3590
  batch 250/264  loss=0.3080
  batch 260/264  loss=0.3381
Epoch 183/300  train=4.048e-01  rmse=9.2239  lr=1.0e-04  229s
  batch 10/264  loss=0.2975
  batch 20/264  loss=0.3140
  batch 30/264  loss=0.3207
  batch 40/264  loss=0.4367
  batch 50/264  loss=0.3848
  batch 60/264  loss=0.3944
  batch 70/264  loss=0.3485
  batch 80/264  loss=0.3492
  batch 90/264  loss=0.4940
  batch 100/264  loss=0.6163
  batch 110/264  loss=0.3826
  batch 120/264  loss=0.3169
  batch 130/264  loss=0.3848
  batch 140/264  loss=0.4422
  batch 150/264  loss=0.3508
  batch 160/264  loss=0.4455
  batch 170/264  loss=0.3301
  batch 180/264  loss=0.3449
  batch 190/264  loss=0.3844
  batch 200/264  loss=0.3968
  batch 210/264  loss=0.4287
  batch 220/264  loss=0.3596
  batch 230/264  loss=0.3680
  batch 240/264  loss=0.4241
  batch 250/264  loss=0.3338
  batch 260/264  loss=0.4006
Epoch 184/300  train=4.076e-01  rmse=1.8539  lr=1.0e-04  228s
  batch 10/264  loss=0.3393
  batch 20/264  loss=0.3755
  batch 30/264  loss=0.3325
  batch 40/264  loss=0.5323
  batch 50/264  loss=0.4053
  batch 60/264  loss=0.4052
  batch 70/264  loss=0.6026
  batch 80/264  loss=0.3910
  batch 90/264  loss=0.3361
  batch 100/264  loss=0.4656
  batch 110/264  loss=0.4015
  batch 120/264  loss=0.4815
  batch 130/264  loss=0.4527
  batch 140/264  loss=0.4124
  batch 150/264  loss=0.3350
  batch 160/264  loss=0.3540
  batch 170/264  loss=0.3135
  batch 180/264  loss=0.4730
  batch 190/264  loss=0.2931
  batch 200/264  loss=0.2941
  batch 210/264  loss=0.4168
  batch 220/264  loss=0.6716
  batch 230/264  loss=0.3152
  batch 240/264  loss=0.3328
  batch 250/264  loss=0.5718
  batch 260/264  loss=0.3031
Epoch 185/300  train=4.065e-01  rmse=4.2607  lr=1.0e-04  229s
  batch 10/264  loss=0.3726
  batch 20/264  loss=0.4214
  batch 30/264  loss=0.3581
  batch 40/264  loss=0.3978
  batch 50/264  loss=0.3648
  batch 60/264  loss=0.3805
  batch 70/264  loss=0.3187
  batch 80/264  loss=0.4556
  batch 90/264  loss=0.3819
  batch 100/264  loss=0.4169
  batch 110/264  loss=0.3954
  batch 120/264  loss=0.3301
  batch 130/264  loss=0.4602
  batch 140/264  loss=0.3075
  batch 150/264  loss=0.3543
  batch 160/264  loss=0.3387
  batch 170/264  loss=0.3416
  batch 180/264  loss=0.3374
  batch 190/264  loss=0.3757
  batch 200/264  loss=0.3765
  batch 210/264  loss=0.4283
  batch 220/264  loss=0.2959
  batch 230/264  loss=0.3927
  batch 240/264  loss=0.3731
  batch 250/264  loss=0.3229
  batch 260/264  loss=0.4705
Epoch 186/300  train=4.030e-01  rmse=2.9704  lr=1.0e-04  229s
  batch 10/264  loss=0.3138
  batch 20/264  loss=0.4267
  batch 30/264  loss=0.4359
  batch 40/264  loss=0.3226
  batch 50/264  loss=0.3480
  batch 60/264  loss=0.4684
  batch 70/264  loss=0.4053
  batch 80/264  loss=0.3644
  batch 90/264  loss=0.3650
  batch 100/264  loss=0.3777
  batch 110/264  loss=0.3146
  batch 120/264  loss=0.3747
  batch 130/264  loss=0.6254
  batch 140/264  loss=0.3027
  batch 150/264  loss=0.6837
  batch 160/264  loss=0.4054
  batch 170/264  loss=0.3782
  batch 180/264  loss=0.3555
  batch 190/264  loss=0.4682
  batch 200/264  loss=0.3544
  batch 210/264  loss=0.5332
  batch 220/264  loss=0.4069
  batch 230/264  loss=0.3493
  batch 240/264  loss=0.3815
  batch 250/264  loss=0.3223
  batch 260/264  loss=0.4094
Epoch 187/300  train=4.061e-01  rmse=1.9421  lr=1.0e-04  229s
  batch 10/264  loss=0.3380
  batch 20/264  loss=0.5318
  batch 30/264  loss=0.3302
  batch 40/264  loss=0.3201
  batch 50/264  loss=0.3245
  batch 60/264  loss=0.3250
  batch 70/264  loss=0.4207
  batch 80/264  loss=0.3707
  batch 90/264  loss=0.4045
  batch 100/264  loss=0.3635
  batch 110/264  loss=0.3610
  batch 120/264  loss=0.2964
  batch 130/264  loss=0.3258
  batch 140/264  loss=0.5803
  batch 150/264  loss=0.3437
  batch 160/264  loss=0.3971
  batch 170/264  loss=0.3581
  batch 180/264  loss=0.3819
  batch 190/264  loss=0.3473
  batch 200/264  loss=0.3900
  batch 210/264  loss=0.4349
  batch 220/264  loss=0.3167
  batch 230/264  loss=0.3342
  batch 240/264  loss=0.5004
  batch 250/264  loss=0.3067
  batch 260/264  loss=0.3949
Epoch 188/300  train=4.032e-01  rmse=2.6406  lr=1.0e-04  229s
  batch 10/264  loss=0.5845
  batch 20/264  loss=0.3467
  batch 30/264  loss=0.3902
  batch 40/264  loss=0.3791
  batch 50/264  loss=0.3242
  batch 60/264  loss=0.3644
  batch 70/264  loss=0.5709
  batch 80/264  loss=0.4497
  batch 90/264  loss=0.3069
  batch 100/264  loss=0.3756
  batch 110/264  loss=0.3404
  batch 120/264  loss=0.3399
  batch 130/264  loss=0.3783
  batch 140/264  loss=0.3415
  batch 150/264  loss=0.3596
  batch 160/264  loss=0.4284
  batch 170/264  loss=0.3288
  batch 180/264  loss=0.3682
  batch 190/264  loss=0.3053
  batch 200/264  loss=0.4020
  batch 210/264  loss=0.4622
  batch 220/264  loss=0.3246
  batch 230/264  loss=0.3584
  batch 240/264  loss=0.8047
  batch 250/264  loss=0.5133
  batch 260/264  loss=0.3469
Epoch 189/300  train=4.103e-01  rmse=5.3887  lr=1.0e-04  230s
  batch 10/264  loss=0.3651
  batch 20/264  loss=0.5431
  batch 30/264  loss=0.2963
  batch 40/264  loss=0.3560
  batch 50/264  loss=0.2984
  batch 60/264  loss=0.3260
  batch 70/264  loss=0.4656
  batch 80/264  loss=0.4785
  batch 90/264  loss=0.3990
  batch 100/264  loss=0.3799
  batch 110/264  loss=0.3926
  batch 120/264  loss=0.3783
  batch 130/264  loss=0.4795
  batch 140/264  loss=0.3933
  batch 150/264  loss=0.3517
  batch 160/264  loss=0.4534
  batch 170/264  loss=0.3759
  batch 180/264  loss=0.3121
  batch 190/264  loss=0.3231
  batch 200/264  loss=0.3223
  batch 210/264  loss=0.3051
  batch 220/264  loss=0.3470
  batch 230/264  loss=0.7283
  batch 240/264  loss=0.3687
  batch 250/264  loss=0.3510
  batch 260/264  loss=0.4166
Epoch 190/300  train=4.040e-01  rmse=3.1507  lr=1.0e-04  231s
  batch 10/264  loss=0.4006
  batch 20/264  loss=0.3934
  batch 30/264  loss=0.3409
  batch 40/264  loss=0.4505
  batch 50/264  loss=0.6203
  batch 60/264  loss=0.4009
  batch 70/264  loss=0.3059
  batch 80/264  loss=0.3847
  batch 90/264  loss=0.3329
  batch 100/264  loss=0.4147
  batch 110/264  loss=0.3493
  batch 120/264  loss=0.3679
  batch 130/264  loss=0.4150
  batch 140/264  loss=0.3860
  batch 150/264  loss=0.3477
  batch 160/264  loss=0.3186
  batch 170/264  loss=0.3668
  batch 180/264  loss=0.5953
  batch 190/264  loss=0.3433
  batch 200/264  loss=0.3944
  batch 210/264  loss=0.3817
  batch 220/264  loss=0.3356
  batch 230/264  loss=0.6050
  batch 240/264  loss=0.3751
  batch 250/264  loss=0.3595
  batch 260/264  loss=0.3671
Epoch 191/300  train=4.032e-01  rmse=4.0223  lr=5.0e-05  229s
  batch 10/264  loss=0.3988
  batch 20/264  loss=0.4275
  batch 30/264  loss=0.3314
  batch 40/264  loss=0.4064
  batch 50/264  loss=0.5295
  batch 60/264  loss=0.4123
  batch 70/264  loss=0.8441
  batch 80/264  loss=0.3723
  batch 90/264  loss=0.3459
  batch 100/264  loss=0.3448
  batch 110/264  loss=0.2998
  batch 120/264  loss=0.3637
  batch 130/264  loss=0.3097
  batch 140/264  loss=0.2902
  batch 150/264  loss=0.6564
  batch 160/264  loss=0.3889
  batch 170/264  loss=0.4820
  batch 180/264  loss=0.4175
  batch 190/264  loss=0.3045
  batch 200/264  loss=0.4842
  batch 210/264  loss=0.3912
  batch 220/264  loss=0.4597
  batch 230/264  loss=0.5405
  batch 240/264  loss=0.4956
  batch 250/264  loss=0.3166
  batch 260/264  loss=0.3921
Epoch 192/300  train=3.947e-01  rmse=1.7786  lr=5.0e-05  230s
  -> best  monitor=3.947e-01
  batch 10/264  loss=0.4493
  batch 20/264  loss=0.3509
  batch 30/264  loss=0.3518
  batch 40/264  loss=0.3893
  batch 50/264  loss=0.3305
  batch 60/264  loss=0.3422
  batch 70/264  loss=0.3281
  batch 80/264  loss=0.3634
  batch 90/264  loss=0.4358
  batch 100/264  loss=0.2832
  batch 110/264  loss=0.4023
  batch 120/264  loss=0.4256
  batch 130/264  loss=0.3550
  batch 140/264  loss=0.3089
  batch 150/264  loss=0.3401
  batch 160/264  loss=0.3325
  batch 170/264  loss=0.4538
  batch 180/264  loss=0.7056
  batch 190/264  loss=0.3173
  batch 200/264  loss=0.3820
  batch 210/264  loss=0.3714
  batch 220/264  loss=0.3848
  batch 230/264  loss=0.4471
  batch 240/264  loss=0.3735
  batch 250/264  loss=0.3602
  batch 260/264  loss=0.4304
Epoch 193/300  train=3.855e-01  rmse=1.9029  lr=5.0e-05  230s
  -> best  monitor=3.855e-01
  batch 10/264  loss=0.3253
  batch 20/264  loss=0.3414
  batch 30/264  loss=0.3530
  batch 40/264  loss=0.3641
  batch 50/264  loss=0.5240
  batch 60/264  loss=0.3108
  batch 70/264  loss=0.4508
  batch 80/264  loss=0.3208
  batch 90/264  loss=0.3498
  batch 100/264  loss=0.4548
  batch 110/264  loss=0.3195
  batch 120/264  loss=0.4393
  batch 130/264  loss=0.3582
  batch 140/264  loss=0.6408
  batch 150/264  loss=0.5021
  batch 160/264  loss=0.3254
  batch 170/264  loss=0.3910
  batch 180/264  loss=0.2952
  batch 190/264  loss=0.2953
  batch 200/264  loss=0.3414
  batch 210/264  loss=0.4102
  batch 220/264  loss=0.3988
  batch 230/264  loss=0.3384
  batch 240/264  loss=0.3649
  batch 250/264  loss=0.4043
  batch 260/264  loss=0.3424
Epoch 194/300  train=3.867e-01  rmse=1.7419  lr=5.0e-05  231s
  batch 10/264  loss=0.4364
  batch 20/264  loss=0.4935
  batch 30/264  loss=0.3110
  batch 40/264  loss=0.3732
  batch 50/264  loss=0.3725
  batch 60/264  loss=0.3644
  batch 70/264  loss=0.3731
  batch 80/264  loss=0.3577
  batch 90/264  loss=0.4673
  batch 100/264  loss=0.4717
  batch 110/264  loss=0.3061
  batch 120/264  loss=0.3113
  batch 130/264  loss=0.3261
  batch 140/264  loss=0.6516
  batch 150/264  loss=0.3163
  batch 160/264  loss=0.3548
  batch 170/264  loss=0.4280
  batch 180/264  loss=0.4199
  batch 190/264  loss=0.3555
  batch 200/264  loss=0.3263
  batch 210/264  loss=0.3419
  batch 220/264  loss=0.3941
  batch 230/264  loss=0.3471
  batch 240/264  loss=0.4340
  batch 250/264  loss=0.2948
  batch 260/264  loss=0.3116
Epoch 195/300  train=3.803e-01  rmse=2.8492  lr=5.0e-05  230s
  -> best  monitor=3.803e-01
  batch 10/264  loss=0.4304
  batch 20/264  loss=0.2956
  batch 30/264  loss=0.4394
  batch 40/264  loss=0.2930
  batch 50/264  loss=0.4023
  batch 60/264  loss=0.3630
  batch 70/264  loss=0.3960
  batch 80/264  loss=0.3443
  batch 90/264  loss=0.4050
  batch 100/264  loss=0.3105
  batch 110/264  loss=0.3768
  batch 120/264  loss=0.3063
  batch 130/264  loss=0.3736
  batch 140/264  loss=0.3884
  batch 150/264  loss=0.3379
  batch 160/264  loss=0.5212
  batch 170/264  loss=0.5391
  batch 180/264  loss=0.3560
  batch 190/264  loss=0.3056
  batch 200/264  loss=0.3027
  batch 210/264  loss=0.4914
  batch 220/264  loss=0.3984
  batch 230/264  loss=0.3661
  batch 240/264  loss=0.3690
  batch 250/264  loss=0.5345
  batch 260/264  loss=0.3628
Epoch 196/300  train=3.874e-01  rmse=4.4541  lr=5.0e-05  228s
  batch 10/264  loss=0.3469
  batch 20/264  loss=0.2913
  batch 30/264  loss=0.3113
  batch 40/264  loss=0.3804
  batch 50/264  loss=0.3360
  batch 60/264  loss=0.3744
  batch 70/264  loss=0.3898
  batch 80/264  loss=0.4984
  batch 90/264  loss=0.4934
  batch 100/264  loss=0.3760
  batch 110/264  loss=0.3229
  batch 120/264  loss=0.3149
  batch 130/264  loss=0.8388
  batch 140/264  loss=0.4926
  batch 150/264  loss=0.5039
  batch 160/264  loss=0.3303
  batch 170/264  loss=0.3443
  batch 180/264  loss=0.2946
  batch 190/264  loss=0.3411
  batch 200/264  loss=0.4013
  batch 210/264  loss=0.3673
  batch 220/264  loss=0.3434
  batch 230/264  loss=0.4846
  batch 240/264  loss=0.4418
  batch 250/264  loss=0.3404
  batch 260/264  loss=0.4095
Epoch 197/300  train=3.898e-01  rmse=3.1579  lr=5.0e-05  229s
  batch 10/264  loss=0.3914
  batch 20/264  loss=0.2989
  batch 30/264  loss=0.3503
  batch 40/264  loss=0.3307
  batch 50/264  loss=0.3887
  batch 60/264  loss=0.3563
  batch 70/264  loss=0.3022
  batch 80/264  loss=0.4596
  batch 90/264  loss=0.3284
  batch 100/264  loss=0.3135
  batch 110/264  loss=0.3330
  batch 120/264  loss=0.2751
  batch 130/264  loss=0.3889
  batch 140/264  loss=0.3412
  batch 150/264  loss=0.3583
  batch 160/264  loss=0.2878
  batch 170/264  loss=0.3968
  batch 180/264  loss=0.5055
  batch 190/264  loss=0.3558
  batch 200/264  loss=0.3862
  batch 210/264  loss=0.3971
  batch 220/264  loss=0.4835
  batch 230/264  loss=0.4166
  batch 240/264  loss=0.4033
  batch 250/264  loss=0.3367
  batch 260/264  loss=0.3489
Epoch 198/300  train=3.832e-01  rmse=1.9452  lr=5.0e-05  230s
  batch 10/264  loss=0.2931
  batch 20/264  loss=0.4447
  batch 30/264  loss=0.4562
  batch 40/264  loss=0.3835
  batch 50/264  loss=0.4650
  batch 60/264  loss=0.2987
  batch 70/264  loss=0.3471
  batch 80/264  loss=0.3395
  batch 90/264  loss=0.3065
  batch 100/264  loss=0.3198
  batch 110/264  loss=0.3907
  batch 120/264  loss=0.3775
  batch 130/264  loss=0.3800
  batch 140/264  loss=0.4660
  batch 150/264  loss=0.3275
  batch 160/264  loss=0.4672
  batch 170/264  loss=0.3214
  batch 180/264  loss=0.3155
  batch 190/264  loss=0.5247
  batch 200/264  loss=0.3255
  batch 210/264  loss=0.3381
  batch 220/264  loss=0.3771
  batch 230/264  loss=0.2953
  batch 240/264  loss=0.3605
  batch 250/264  loss=0.3703
  batch 260/264  loss=0.4899
Epoch 199/300  train=3.885e-01  rmse=2.0949  lr=5.0e-05  230s
  batch 10/264  loss=0.4312
  batch 20/264  loss=0.4461
  batch 30/264  loss=0.3776
  batch 40/264  loss=0.5072
  batch 50/264  loss=0.3788
  batch 60/264  loss=0.5352
  batch 70/264  loss=0.4779
  batch 80/264  loss=0.3326
  batch 90/264  loss=0.4003
  batch 100/264  loss=0.3319
  batch 110/264  loss=0.3287
  batch 120/264  loss=0.5653
  batch 130/264  loss=0.4178
  batch 140/264  loss=0.3621
  batch 150/264  loss=0.3935
  batch 160/264  loss=0.3932
  batch 170/264  loss=0.4746
  batch 180/264  loss=0.3327
  batch 190/264  loss=0.3218
  batch 200/264  loss=0.5668
  batch 210/264  loss=0.5472
  batch 220/264  loss=0.5085
  batch 230/264  loss=0.4052
  batch 240/264  loss=0.3139
  batch 250/264  loss=0.3658
  batch 260/264  loss=0.3021
Epoch 200/300  train=3.852e-01  rmse=2.9790  lr=5.0e-05  229s
  batch 10/264  loss=0.3143
  batch 20/264  loss=0.3676
  batch 30/264  loss=0.3374
  batch 40/264  loss=0.3639
  batch 50/264  loss=0.4193
  batch 60/264  loss=0.3105
  batch 70/264  loss=0.3596
  batch 80/264  loss=0.3595
  batch 90/264  loss=0.4300
  batch 100/264  loss=0.4595
  batch 110/264  loss=0.2936
  batch 120/264  loss=0.3832
  batch 130/264  loss=0.3392
  batch 140/264  loss=0.3679
  batch 150/264  loss=0.3365
  batch 160/264  loss=0.3716
  batch 170/264  loss=0.4906
  batch 180/264  loss=0.4718
  batch 190/264  loss=0.3212
  batch 200/264  loss=0.5183
  batch 210/264  loss=0.3124
  batch 220/264  loss=0.4665
  batch 230/264  loss=0.3696
  batch 240/264  loss=0.3618
  batch 250/264  loss=0.3348
  batch 260/264  loss=0.2865
Epoch 201/300  train=3.851e-01  rmse=2.3491  lr=5.0e-05  229s
  batch 10/264  loss=0.3182
  batch 20/264  loss=0.4220
  batch 30/264  loss=0.4109
  batch 40/264  loss=0.3418
  batch 50/264  loss=0.3864
  batch 60/264  loss=0.3523
  batch 70/264  loss=0.3620
  batch 80/264  loss=0.6321
  batch 90/264  loss=0.2970
  batch 100/264  loss=0.4696
  batch 110/264  loss=0.2610
  batch 120/264  loss=0.3244
  batch 130/264  loss=0.2742
  batch 140/264  loss=0.5692
  batch 150/264  loss=0.4259
  batch 160/264  loss=0.3526
  batch 170/264  loss=0.4890
  batch 180/264  loss=0.3963
  batch 190/264  loss=0.3034
  batch 200/264  loss=0.3100
  batch 210/264  loss=0.3394
  batch 220/264  loss=0.4127
  batch 230/264  loss=0.4186
  batch 240/264  loss=0.3154
  batch 250/264  loss=0.4808
  batch 260/264  loss=0.4592
Epoch 202/300  train=3.839e-01  rmse=2.6435  lr=5.0e-05  229s
  batch 10/264  loss=0.4338
  batch 20/264  loss=0.5074
  batch 30/264  loss=0.3605
  batch 40/264  loss=0.3416
  batch 50/264  loss=0.3801
  batch 60/264  loss=0.3942
  batch 70/264  loss=0.3896
  batch 80/264  loss=0.5172
  batch 90/264  loss=0.2946
  batch 100/264  loss=0.3090
  batch 110/264  loss=0.2871
  batch 120/264  loss=0.4787
  batch 130/264  loss=0.3871
  batch 140/264  loss=0.3306
  batch 150/264  loss=0.3485
  batch 160/264  loss=0.3269
  batch 170/264  loss=0.3163
  batch 180/264  loss=0.3730
  batch 190/264  loss=0.5487
  batch 200/264  loss=0.2698
  batch 210/264  loss=0.3208
  batch 220/264  loss=0.4106
  batch 230/264  loss=0.4505
  batch 240/264  loss=0.2934
  batch 250/264  loss=0.4273
  batch 260/264  loss=0.3144
Epoch 203/300  train=3.838e-01  rmse=1.7724  lr=5.0e-05  228s
  batch 10/264  loss=0.3346
  batch 20/264  loss=0.3561
  batch 30/264  loss=0.3686
  batch 40/264  loss=0.3408
  batch 50/264  loss=0.4171
  batch 60/264  loss=0.3108
  batch 70/264  loss=0.3800
  batch 80/264  loss=0.3756
  batch 90/264  loss=0.3142
  batch 100/264  loss=0.5095
  batch 110/264  loss=0.3239
  batch 120/264  loss=0.4166
  batch 130/264  loss=0.4920
  batch 140/264  loss=0.5804
  batch 150/264  loss=0.4522
  batch 160/264  loss=0.4390
  batch 170/264  loss=0.3447
  batch 180/264  loss=0.3189
  batch 190/264  loss=0.4414
  batch 200/264  loss=0.2951
  batch 210/264  loss=0.3436
  batch 220/264  loss=0.4201
  batch 230/264  loss=0.3091
  batch 240/264  loss=0.3399
  batch 250/264  loss=0.3630
  batch 260/264  loss=0.3323
Epoch 204/300  train=3.874e-01  rmse=2.0179  lr=5.0e-05  229s
  batch 10/264  loss=0.3619
  batch 20/264  loss=0.3697
  batch 30/264  loss=0.3568
  batch 40/264  loss=0.4454
  batch 50/264  loss=0.4400
  batch 60/264  loss=0.3221
  batch 70/264  loss=0.4379
  batch 80/264  loss=0.3997
  batch 90/264  loss=0.3768
  batch 100/264  loss=0.3570
  batch 110/264  loss=0.3679
  batch 120/264  loss=0.3429
  batch 130/264  loss=0.4040
  batch 140/264  loss=0.3892
  batch 150/264  loss=0.4622
  batch 160/264  loss=0.3101
  batch 170/264  loss=0.3436
  batch 180/264  loss=0.4402
  batch 190/264  loss=0.3165
  batch 200/264  loss=0.3466
  batch 210/264  loss=0.3655
  batch 220/264  loss=0.3516
  batch 230/264  loss=0.5748
  batch 240/264  loss=0.2727
  batch 250/264  loss=0.3740
  batch 260/264  loss=0.5416
Epoch 205/300  train=3.808e-01  rmse=2.0019  lr=5.0e-05  229s
  batch 10/264  loss=0.3642
  batch 20/264  loss=0.3146
  batch 30/264  loss=0.3420
  batch 40/264  loss=0.3428
  batch 50/264  loss=0.3176
  batch 60/264  loss=0.4127
  batch 70/264  loss=0.3106
  batch 80/264  loss=0.3640
  batch 90/264  loss=0.3924
  batch 100/264  loss=0.3188
  batch 110/264  loss=0.4280
  batch 120/264  loss=0.4481
  batch 130/264  loss=0.4644
  batch 140/264  loss=0.5427
  batch 150/264  loss=0.3394
  batch 160/264  loss=0.4284
  batch 170/264  loss=0.5891
  batch 180/264  loss=0.3375
  batch 190/264  loss=0.3293
  batch 200/264  loss=0.3510
  batch 210/264  loss=0.3343
  batch 220/264  loss=0.3389
  batch 230/264  loss=0.3801
  batch 240/264  loss=0.3615
  batch 250/264  loss=0.3886
  batch 260/264  loss=0.3681
Epoch 206/300  train=3.850e-01  rmse=2.5307  lr=2.5e-05  228s
  batch 10/264  loss=0.4186
  batch 20/264  loss=0.3353
  batch 30/264  loss=0.3905
  batch 40/264  loss=0.3024
  batch 50/264  loss=0.3152
  batch 60/264  loss=0.4202
  batch 70/264  loss=0.5857
  batch 80/264  loss=0.3049
  batch 90/264  loss=0.3570
  batch 100/264  loss=0.5272
  batch 110/264  loss=0.4937
  batch 120/264  loss=0.3059
  batch 130/264  loss=0.3205
  batch 140/264  loss=0.3396
  batch 150/264  loss=0.3506
  batch 160/264  loss=0.3136
  batch 170/264  loss=0.5151
  batch 180/264  loss=0.2998
  batch 190/264  loss=0.3714
  batch 200/264  loss=0.3282
  batch 210/264  loss=0.3480
  batch 220/264  loss=0.3441
  batch 230/264  loss=0.4225
  batch 240/264  loss=0.4277
  batch 250/264  loss=0.3043
  batch 260/264  loss=0.3335
Epoch 207/300  train=3.801e-01  rmse=3.3644  lr=2.5e-05  229s
  -> best  monitor=3.801e-01
  batch 10/264  loss=0.3688
  batch 20/264  loss=0.3406
  batch 30/264  loss=0.4402
  batch 40/264  loss=0.4945
  batch 50/264  loss=0.3280
  batch 60/264  loss=0.2986
  batch 70/264  loss=0.4360
  batch 80/264  loss=0.3028
  batch 90/264  loss=0.4818
  batch 100/264  loss=0.4244
  batch 110/264  loss=0.3603
  batch 120/264  loss=0.3670
  batch 130/264  loss=0.2793
  batch 140/264  loss=0.3371
  batch 150/264  loss=0.4161
  batch 160/264  loss=0.4537
  batch 170/264  loss=0.4178
  batch 180/264  loss=0.6972
  batch 190/264  loss=0.2856
  batch 200/264  loss=0.4739
  batch 210/264  loss=0.2849
  batch 220/264  loss=0.3139
  batch 230/264  loss=0.3310
  batch 240/264  loss=0.4061
  batch 250/264  loss=0.4054
  batch 260/264  loss=0.3099
Epoch 208/300  train=3.747e-01  rmse=2.4179  lr=2.5e-05  229s
  -> best  monitor=3.747e-01
  batch 10/264  loss=0.3857
  batch 20/264  loss=0.5217
  batch 30/264  loss=0.3362
  batch 40/264  loss=0.4876
  batch 50/264  loss=0.3226
  batch 60/264  loss=0.3366
  batch 70/264  loss=0.3409
  batch 80/264  loss=0.3982
  batch 90/264  loss=0.3044
  batch 100/264  loss=0.3381
  batch 110/264  loss=0.2883
  batch 120/264  loss=0.3802
  batch 130/264  loss=0.3594
  batch 140/264  loss=0.3725
  batch 150/264  loss=0.4129
  batch 160/264  loss=0.2971
  batch 170/264  loss=0.3232
  batch 180/264  loss=0.3833
  batch 190/264  loss=0.4603
  batch 200/264  loss=0.3346
  batch 210/264  loss=0.3670
  batch 220/264  loss=0.3988
  batch 230/264  loss=0.3492
  batch 240/264  loss=0.4475
  batch 250/264  loss=0.3536
  batch 260/264  loss=0.3181
Epoch 209/300  train=3.738e-01  rmse=2.0769  lr=2.5e-05  229s
  -> best  monitor=3.738e-01
  batch 10/264  loss=0.3984
  batch 20/264  loss=0.3288
  batch 30/264  loss=0.3252
  batch 40/264  loss=0.3415
  batch 50/264  loss=0.3572
  batch 60/264  loss=0.3434
  batch 70/264  loss=0.3786
  batch 80/264  loss=0.3459
  batch 90/264  loss=0.3983
  batch 100/264  loss=0.3566
  batch 110/264  loss=0.3479
  batch 120/264  loss=0.3502
  batch 130/264  loss=0.4020
  batch 140/264  loss=0.3464
  batch 150/264  loss=0.3639
  batch 160/264  loss=0.4861
  batch 170/264  loss=0.4388
  batch 180/264  loss=0.4195
  batch 190/264  loss=0.5036
  batch 200/264  loss=0.5247
  batch 210/264  loss=0.4836
  batch 220/264  loss=0.3329
  batch 230/264  loss=0.3273
  batch 240/264  loss=0.3195
  batch 250/264  loss=0.2973
  batch 260/264  loss=0.2846
Epoch 210/300  train=3.747e-01  rmse=5.6648  lr=2.5e-05  230s
  batch 10/264  loss=0.2926
  batch 20/264  loss=0.4609
  batch 30/264  loss=0.3198
  batch 40/264  loss=0.3098
  batch 50/264  loss=0.4324
  batch 60/264  loss=0.4456
  batch 70/264  loss=0.2876
  batch 80/264  loss=0.4110
  batch 90/264  loss=0.4476
  batch 100/264  loss=0.5149
  batch 110/264  loss=0.3523
  batch 120/264  loss=0.3775
  batch 130/264  loss=0.3172
  batch 140/264  loss=0.3679
  batch 150/264  loss=0.3560
  batch 160/264  loss=0.5114
  batch 170/264  loss=0.4018
  batch 180/264  loss=0.4175
  batch 190/264  loss=0.3705
  batch 200/264  loss=0.3311
  batch 210/264  loss=0.2857
  batch 220/264  loss=0.3119
  batch 230/264  loss=0.3609
  batch 240/264  loss=0.4605
  batch 250/264  loss=0.3394
  batch 260/264  loss=0.3562
Epoch 211/300  train=3.745e-01  rmse=1.9938  lr=2.5e-05  230s
  batch 10/264  loss=0.4966
  batch 20/264  loss=0.4011
  batch 30/264  loss=0.3263
  batch 40/264  loss=0.3592
  batch 50/264  loss=0.3396
  batch 60/264  loss=0.2796
  batch 70/264  loss=0.2973
  batch 80/264  loss=0.3386
  batch 90/264  loss=0.3064
  batch 100/264  loss=0.5233
  batch 110/264  loss=0.3223
  batch 120/264  loss=0.3957
  batch 130/264  loss=0.3015
  batch 140/264  loss=0.3114
  batch 150/264  loss=0.3133
  batch 160/264  loss=0.4674
  batch 170/264  loss=0.3882
  batch 180/264  loss=0.2840
  batch 190/264  loss=0.3996
  batch 200/264  loss=0.2922
  batch 210/264  loss=0.4816
  batch 220/264  loss=0.3983
  batch 230/264  loss=0.2928
  batch 240/264  loss=0.2957
  batch 250/264  loss=0.4309
  batch 260/264  loss=0.4534
Epoch 212/300  train=3.721e-01  rmse=2.3315  lr=2.5e-05  231s
  -> best  monitor=3.721e-01
  batch 10/264  loss=0.3517
  batch 20/264  loss=0.3138
  batch 30/264  loss=0.2893
  batch 40/264  loss=0.3500
  batch 50/264  loss=0.3607
  batch 60/264  loss=0.3352
  batch 70/264  loss=0.3325
  batch 80/264  loss=0.3592
  batch 90/264  loss=0.4117
  batch 100/264  loss=0.3656
  batch 110/264  loss=0.3974
  batch 120/264  loss=0.2994
  batch 130/264  loss=0.3254
  batch 140/264  loss=0.3477
  batch 150/264  loss=0.3088
  batch 160/264  loss=0.3104
  batch 170/264  loss=0.3411
  batch 180/264  loss=0.3345
  batch 190/264  loss=0.4119
  batch 200/264  loss=0.3447
  batch 210/264  loss=0.3721
  batch 220/264  loss=0.3053
  batch 230/264  loss=0.3240
  batch 240/264  loss=0.4216
  batch 250/264  loss=0.5042
  batch 260/264  loss=0.2967
Epoch 213/300  train=3.724e-01  rmse=3.3853  lr=2.5e-05  229s
  batch 10/264  loss=0.4177
  batch 20/264  loss=0.3316
  batch 30/264  loss=0.2861
  batch 40/264  loss=0.3692
  batch 50/264  loss=0.3131
  batch 60/264  loss=0.4094
  batch 70/264  loss=0.5102
  batch 80/264  loss=0.5810
  batch 90/264  loss=0.4121
  batch 100/264  loss=0.2924
  batch 110/264  loss=0.3884
  batch 120/264  loss=0.3568
  batch 130/264  loss=0.4269
  batch 140/264  loss=0.3156
  batch 150/264  loss=0.4388
  batch 160/264  loss=0.3168
  batch 170/264  loss=0.4309
  batch 180/264  loss=0.3556
  batch 190/264  loss=0.3888
  batch 200/264  loss=0.3692
  batch 210/264  loss=0.3166
  batch 220/264  loss=0.3589
  batch 230/264  loss=0.2937
  batch 240/264  loss=0.2935
  batch 250/264  loss=0.4160
  batch 260/264  loss=0.3013
Epoch 214/300  train=3.738e-01  rmse=3.6624  lr=2.5e-05  228s
  batch 10/264  loss=0.3151
  batch 20/264  loss=0.3522
  batch 30/264  loss=0.3947
  batch 40/264  loss=0.3600
  batch 50/264  loss=0.4630
  batch 60/264  loss=0.3170
  batch 70/264  loss=0.3633
  batch 80/264  loss=0.3895
  batch 90/264  loss=0.4021
  batch 100/264  loss=0.4744
  batch 110/264  loss=0.3180
  batch 120/264  loss=0.3422
  batch 130/264  loss=0.3667
  batch 140/264  loss=0.2925
  batch 150/264  loss=0.3149
  batch 160/264  loss=0.4621
  batch 170/264  loss=0.3938
  batch 180/264  loss=0.4291
  batch 190/264  loss=0.2909
  batch 200/264  loss=0.4209
  batch 210/264  loss=0.3129
  batch 220/264  loss=0.3021
  batch 230/264  loss=0.3176
  batch 240/264  loss=0.3364
  batch 250/264  loss=0.3890
  batch 260/264  loss=0.2763
Epoch 215/300  train=3.736e-01  rmse=3.1933  lr=2.5e-05  229s
  batch 10/264  loss=0.3527
  batch 20/264  loss=0.5403
  batch 30/264  loss=0.3814
  batch 40/264  loss=0.3667
  batch 50/264  loss=0.3406
  batch 60/264  loss=0.3542
  batch 70/264  loss=0.3519
  batch 80/264  loss=0.4537
  batch 90/264  loss=0.3375
  batch 100/264  loss=0.3369
  batch 110/264  loss=0.3291
  batch 120/264  loss=0.3620
  batch 130/264  loss=0.5135
  batch 140/264  loss=0.2948
  batch 150/264  loss=0.3256
  batch 160/264  loss=0.4234
  batch 170/264  loss=0.4139
  batch 180/264  loss=0.4154
  batch 190/264  loss=0.3694
  batch 200/264  loss=0.3857
  batch 210/264  loss=0.3698
  batch 220/264  loss=0.4850
  batch 230/264  loss=0.3246
  batch 240/264  loss=0.4794
  batch 250/264  loss=0.3433
  batch 260/264  loss=0.5594
Epoch 216/300  train=3.726e-01  rmse=2.2822  lr=2.5e-05  229s
  batch 10/264  loss=0.3203
  batch 20/264  loss=0.4643
  batch 30/264  loss=0.2962
  batch 40/264  loss=0.4525
  batch 50/264  loss=0.4127
  batch 60/264  loss=0.3925
  batch 70/264  loss=0.3850
  batch 80/264  loss=0.3147
  batch 90/264  loss=0.3315
  batch 100/264  loss=0.3910
  batch 110/264  loss=0.3291
  batch 120/264  loss=0.3641
  batch 130/264  loss=0.3756
  batch 140/264  loss=0.3518
  batch 150/264  loss=0.2724
  batch 160/264  loss=0.2982
  batch 170/264  loss=0.2852
  batch 180/264  loss=0.4693
  batch 190/264  loss=0.3049
  batch 200/264  loss=0.4091
  batch 210/264  loss=0.5445
  batch 220/264  loss=0.3129
  batch 230/264  loss=0.3015
  batch 240/264  loss=0.3399
  batch 250/264  loss=0.3558
  batch 260/264  loss=0.3090
Epoch 217/300  train=3.730e-01  rmse=2.5858  lr=2.5e-05  231s
  batch 10/264  loss=0.4506
  batch 20/264  loss=0.3899
  batch 30/264  loss=0.2752
  batch 40/264  loss=0.4495
  batch 50/264  loss=0.2843
  batch 60/264  loss=0.3143
  batch 70/264  loss=0.6266
  batch 80/264  loss=0.3842
  batch 90/264  loss=0.3341
  batch 100/264  loss=0.3234
  batch 110/264  loss=0.3675
  batch 120/264  loss=0.3535
  batch 130/264  loss=0.3550
  batch 140/264  loss=0.3168
  batch 150/264  loss=0.3176
  batch 160/264  loss=0.3808
  batch 170/264  loss=0.2684
  batch 180/264  loss=0.4541
  batch 190/264  loss=0.3118
  batch 200/264  loss=0.3196
  batch 210/264  loss=0.5240
  batch 220/264  loss=0.2870
  batch 230/264  loss=0.3102
  batch 240/264  loss=0.3556
  batch 250/264  loss=0.3006
  batch 260/264  loss=0.4314
Epoch 218/300  train=3.735e-01  rmse=1.7742  lr=2.5e-05  230s
  batch 10/264  loss=0.3459
  batch 20/264  loss=0.4041
  batch 30/264  loss=0.3983
  batch 40/264  loss=0.6884
  batch 50/264  loss=0.3009
  batch 60/264  loss=0.3748
  batch 70/264  loss=0.5441
  batch 80/264  loss=0.3688
  batch 90/264  loss=0.5164
  batch 100/264  loss=0.4216
  batch 110/264  loss=0.3517
  batch 120/264  loss=0.2967
  batch 130/264  loss=0.3568
  batch 140/264  loss=0.3231
  batch 150/264  loss=0.2945
  batch 160/264  loss=0.4149
  batch 170/264  loss=0.4565
  batch 180/264  loss=0.4819
  batch 190/264  loss=0.2901
  batch 200/264  loss=0.3959
  batch 210/264  loss=0.3245
  batch 220/264  loss=0.4303
  batch 230/264  loss=0.3627
  batch 240/264  loss=0.3456
  batch 250/264  loss=0.3112
  batch 260/264  loss=0.4697
Epoch 219/300  train=3.727e-01  rmse=2.0698  lr=2.5e-05  229s
  batch 10/264  loss=0.3410
  batch 20/264  loss=0.6924
  batch 30/264  loss=0.3380
  batch 40/264  loss=0.4560
  batch 50/264  loss=0.3989
  batch 60/264  loss=0.3556
  batch 70/264  loss=0.3146
  batch 80/264  loss=0.3152
  batch 90/264  loss=0.2791
  batch 100/264  loss=0.3943
  batch 110/264  loss=0.3684
  batch 120/264  loss=0.2922
  batch 130/264  loss=0.4400
  batch 140/264  loss=0.2781
  batch 150/264  loss=0.3023
  batch 160/264  loss=0.4841
  batch 170/264  loss=0.4357
  batch 180/264  loss=0.2960
  batch 190/264  loss=0.3375
  batch 200/264  loss=0.3612
  batch 210/264  loss=0.3120
  batch 220/264  loss=0.3760
  batch 230/264  loss=0.2982
  batch 240/264  loss=0.3016
  batch 250/264  loss=0.3439
  batch 260/264  loss=0.5034
Epoch 220/300  train=3.729e-01  rmse=2.5821  lr=2.5e-05  229s
  batch 10/264  loss=0.4348
  batch 20/264  loss=0.2841
  batch 30/264  loss=0.4161
  batch 40/264  loss=0.3820
  batch 50/264  loss=0.3733
  batch 60/264  loss=0.3552
  batch 70/264  loss=0.4018
  batch 80/264  loss=0.4511
  batch 90/264  loss=0.3037
  batch 100/264  loss=0.3628
  batch 110/264  loss=0.3016
  batch 120/264  loss=0.3601
  batch 130/264  loss=0.3340
  batch 140/264  loss=0.4139
  batch 150/264  loss=0.4490
  batch 160/264  loss=0.4044
  batch 170/264  loss=0.3719
  batch 180/264  loss=0.3044
  batch 190/264  loss=0.3123
  batch 200/264  loss=0.3423
  batch 210/264  loss=0.3115
  batch 220/264  loss=0.2842
  batch 230/264  loss=0.3461
  batch 240/264  loss=0.3763
  batch 250/264  loss=0.3743
  batch 260/264  loss=0.2884
Epoch 221/300  train=3.719e-01  rmse=2.8017  lr=2.5e-05  230s
  -> best  monitor=3.719e-01
  batch 10/264  loss=0.4446
  batch 20/264  loss=0.3187
  batch 30/264  loss=0.2706
  batch 40/264  loss=0.3561
  batch 50/264  loss=0.6207
  batch 60/264  loss=0.3403
  batch 70/264  loss=0.3539
  batch 80/264  loss=0.3114
  batch 90/264  loss=0.4186
  batch 100/264  loss=0.3435
  batch 110/264  loss=0.3518
  batch 120/264  loss=0.2918
  batch 130/264  loss=0.3414
  batch 140/264  loss=0.3228
  batch 150/264  loss=0.4220
  batch 160/264  loss=0.3020
  batch 170/264  loss=0.3096
  batch 180/264  loss=0.3285
  batch 190/264  loss=0.3616
  batch 200/264  loss=0.2977
  batch 210/264  loss=0.3326
  batch 220/264  loss=0.5924
  batch 230/264  loss=0.3831
  batch 240/264  loss=0.3070
  batch 250/264  loss=0.5675
  batch 260/264  loss=0.3842
Epoch 222/300  train=3.767e-01  rmse=1.7685  lr=2.5e-05  231s
  batch 10/264  loss=0.4538
  batch 20/264  loss=0.3045
  batch 30/264  loss=0.3124
  batch 40/264  loss=0.3515
  batch 50/264  loss=0.4644
  batch 60/264  loss=0.3431
  batch 70/264  loss=0.3881
  batch 80/264  loss=0.3154
  batch 90/264  loss=0.3007
  batch 100/264  loss=0.3456
  batch 110/264  loss=0.3270
  batch 120/264  loss=0.4175
  batch 130/264  loss=0.3625
  batch 140/264  loss=0.4233
  batch 150/264  loss=0.3874
  batch 160/264  loss=0.3156
  batch 170/264  loss=0.2956
  batch 180/264  loss=0.4139
  batch 190/264  loss=0.3709
  batch 200/264  loss=0.3917
  batch 210/264  loss=0.3471
  batch 220/264  loss=0.3118
  batch 230/264  loss=0.3364
  batch 240/264  loss=0.3893
  batch 250/264  loss=0.4985
  batch 260/264  loss=0.5177
Epoch 223/300  train=3.677e-01  rmse=3.6436  lr=2.5e-05  230s
  -> best  monitor=3.677e-01
  batch 10/264  loss=0.3833
  batch 20/264  loss=0.3960
  batch 30/264  loss=0.3568
  batch 40/264  loss=0.3285
  batch 50/264  loss=0.3542
  batch 60/264  loss=0.2803
  batch 70/264  loss=0.2637
  batch 80/264  loss=0.6650
  batch 90/264  loss=0.3133
  batch 100/264  loss=0.3662
  batch 110/264  loss=0.4940
  batch 120/264  loss=0.3713
  batch 130/264  loss=0.3180
  batch 140/264  loss=0.3655
  batch 150/264  loss=0.4663
  batch 160/264  loss=0.3374
  batch 170/264  loss=0.3350
  batch 180/264  loss=0.4057
  batch 190/264  loss=0.5207
  batch 200/264  loss=0.5053
  batch 210/264  loss=0.5232
  batch 220/264  loss=0.3655
  batch 230/264  loss=0.3489
  batch 240/264  loss=0.4076
  batch 250/264  loss=0.3376
  batch 260/264  loss=0.3424
Epoch 224/300  train=3.718e-01  rmse=2.0052  lr=2.5e-05  230s
  batch 10/264  loss=0.3012
  batch 20/264  loss=0.3146
  batch 30/264  loss=0.5142
  batch 40/264  loss=0.2980
  batch 50/264  loss=0.4153
  batch 60/264  loss=0.3634
  batch 70/264  loss=0.2930
  batch 80/264  loss=0.3601
  batch 90/264  loss=0.3060
  batch 100/264  loss=0.2836
  batch 110/264  loss=1.0174
  batch 120/264  loss=0.3209
  batch 130/264  loss=0.3075
  batch 140/264  loss=0.3072
  batch 150/264  loss=0.4996
  batch 160/264  loss=0.3001
  batch 170/264  loss=0.4411
  batch 180/264  loss=0.3539
  batch 190/264  loss=0.3446
  batch 200/264  loss=0.3542
  batch 210/264  loss=0.3970
  batch 220/264  loss=0.3064
  batch 230/264  loss=0.3274
  batch 240/264  loss=0.5515
  batch 250/264  loss=0.3239
  batch 260/264  loss=0.5568
Epoch 225/300  train=3.736e-01  rmse=1.8987  lr=2.5e-05  231s
  batch 10/264  loss=0.2933
  batch 20/264  loss=0.3563
  batch 30/264  loss=0.4245
  batch 40/264  loss=0.3531
  batch 50/264  loss=0.3366
  batch 60/264  loss=0.3945
  batch 70/264  loss=0.3112
  batch 80/264  loss=0.5081
  batch 90/264  loss=0.3464
  batch 100/264  loss=0.3236
  batch 110/264  loss=0.3796
  batch 120/264  loss=0.3595
  batch 130/264  loss=0.5368
  batch 140/264  loss=0.4592
  batch 150/264  loss=0.3057
  batch 160/264  loss=0.5323
  batch 170/264  loss=0.4165
  batch 180/264  loss=0.4081
  batch 190/264  loss=0.3471
  batch 200/264  loss=0.3504
  batch 210/264  loss=0.4262
  batch 220/264  loss=0.2917
  batch 230/264  loss=0.4770
  batch 240/264  loss=0.2652
  batch 250/264  loss=0.4246
  batch 260/264  loss=0.3306
Epoch 226/300  train=3.724e-01  rmse=2.8859  lr=2.5e-05  230s
  batch 10/264  loss=0.3588
  batch 20/264  loss=0.5283
  batch 30/264  loss=0.4703
  batch 40/264  loss=0.3674
  batch 50/264  loss=0.3479
  batch 60/264  loss=0.3006
  batch 70/264  loss=0.3709
  batch 80/264  loss=0.3400
  batch 90/264  loss=0.3205
  batch 100/264  loss=0.3046
  batch 110/264  loss=0.4402
  batch 120/264  loss=0.3132
  batch 130/264  loss=0.2990
  batch 140/264  loss=0.5358
  batch 150/264  loss=0.4405
  batch 160/264  loss=0.2601
  batch 170/264  loss=0.2985
  batch 180/264  loss=0.3899
  batch 190/264  loss=0.3184
  batch 200/264  loss=0.3367
  batch 210/264  loss=0.3865
  batch 220/264  loss=0.3632
  batch 230/264  loss=0.3357
  batch 240/264  loss=0.3460
  batch 250/264  loss=0.3260
  batch 260/264  loss=0.4725
Epoch 227/300  train=3.706e-01  rmse=2.1072  lr=2.5e-05  228s
  batch 10/264  loss=0.2953
  batch 20/264  loss=0.3296
  batch 30/264  loss=0.4703
  batch 40/264  loss=0.3240
  batch 50/264  loss=0.3091
  batch 60/264  loss=0.5666
  batch 70/264  loss=0.3512
  batch 80/264  loss=0.3591
  batch 90/264  loss=0.4194
  batch 100/264  loss=0.2996
  batch 110/264  loss=0.3771
  batch 120/264  loss=0.3028
  batch 130/264  loss=0.3316
  batch 140/264  loss=0.3745
  batch 150/264  loss=0.2913
  batch 160/264  loss=0.5790
  batch 170/264  loss=0.3931
  batch 180/264  loss=0.2990
  batch 190/264  loss=0.4283
  batch 200/264  loss=0.4644
  batch 210/264  loss=0.3480
  batch 220/264  loss=0.4215
  batch 230/264  loss=0.3006
  batch 240/264  loss=0.3198
  batch 250/264  loss=0.2561
  batch 260/264  loss=0.7449
Epoch 228/300  train=3.751e-01  rmse=2.0331  lr=2.5e-05  228s
  batch 10/264  loss=0.3136
  batch 20/264  loss=0.3899
  batch 30/264  loss=0.3171
  batch 40/264  loss=0.3527
  batch 50/264  loss=0.3193
  batch 60/264  loss=0.4521
  batch 70/264  loss=0.4544
  batch 80/264  loss=0.3775
  batch 90/264  loss=0.3840
  batch 100/264  loss=0.3065
  batch 110/264  loss=0.4163
  batch 120/264  loss=0.2815
  batch 130/264  loss=0.3772
  batch 140/264  loss=0.4022
  batch 150/264  loss=0.3346
  batch 160/264  loss=0.3134
  batch 170/264  loss=0.6276
  batch 180/264  loss=0.3655
  batch 190/264  loss=0.4009
  batch 200/264  loss=0.3913
  batch 210/264  loss=0.4371
  batch 220/264  loss=0.4137
  batch 230/264  loss=0.3373
  batch 240/264  loss=0.4404
  batch 250/264  loss=0.3460
  batch 260/264  loss=0.3930
Epoch 229/300  train=3.762e-01  rmse=5.2837  lr=2.5e-05  229s
  batch 10/264  loss=0.3231
  batch 20/264  loss=0.3690
  batch 30/264  loss=0.3634
  batch 40/264  loss=0.3474
  batch 50/264  loss=0.2641
  batch 60/264  loss=0.3140
  batch 70/264  loss=0.5285
  batch 80/264  loss=0.2941
  batch 90/264  loss=0.3698
  batch 100/264  loss=0.3282
  batch 110/264  loss=0.3713
  batch 120/264  loss=0.2933
  batch 130/264  loss=0.3235
  batch 140/264  loss=0.4093
  batch 150/264  loss=0.3774
  batch 160/264  loss=0.4735
  batch 170/264  loss=0.4567
  batch 180/264  loss=0.3350
  batch 190/264  loss=0.3955
  batch 200/264  loss=0.3588
  batch 210/264  loss=0.4062
  batch 220/264  loss=0.4465
  batch 230/264  loss=0.3127
  batch 240/264  loss=0.4623
  batch 250/264  loss=0.3053
  batch 260/264  loss=0.3447
Epoch 230/300  train=3.695e-01  rmse=2.5307  lr=2.5e-05  229s
  batch 10/264  loss=0.3175
  batch 20/264  loss=0.3913
  batch 30/264  loss=0.4308
  batch 40/264  loss=0.3596
  batch 50/264  loss=0.4060
  batch 60/264  loss=0.3114
  batch 70/264  loss=0.3841
  batch 80/264  loss=0.3072
  batch 90/264  loss=0.3309
  batch 100/264  loss=0.3321
  batch 110/264  loss=0.6867
  batch 120/264  loss=0.3388
  batch 130/264  loss=0.3756
  batch 140/264  loss=0.2819
  batch 150/264  loss=0.3039
  batch 160/264  loss=0.6663
  batch 170/264  loss=0.3861
  batch 180/264  loss=0.3192
  batch 190/264  loss=0.3442
  batch 200/264  loss=0.3398
  batch 210/264  loss=0.2938
  batch 220/264  loss=0.3458
  batch 230/264  loss=0.5154
  batch 240/264  loss=0.3224
  batch 250/264  loss=0.3166
  batch 260/264  loss=0.2972
Epoch 231/300  train=3.693e-01  rmse=3.0137  lr=2.5e-05  230s
  batch 10/264  loss=0.3177
  batch 20/264  loss=0.3220
  batch 30/264  loss=0.3740
  batch 40/264  loss=0.3129
  batch 50/264  loss=0.3040
  batch 60/264  loss=0.4003
  batch 70/264  loss=0.3317
  batch 80/264  loss=0.4067
  batch 90/264  loss=0.2977
  batch 100/264  loss=0.4558
  batch 110/264  loss=0.2838
  batch 120/264  loss=0.3279
  batch 130/264  loss=0.4439
  batch 140/264  loss=0.3101
  batch 150/264  loss=0.3305
  batch 160/264  loss=0.3093
  batch 170/264  loss=0.3347
  batch 180/264  loss=0.6223
  batch 190/264  loss=0.5276
  batch 200/264  loss=0.4192
  batch 210/264  loss=0.3367
  batch 220/264  loss=0.3287
  batch 230/264  loss=0.5101
  batch 240/264  loss=0.3535
  batch 250/264  loss=0.4202
  batch 260/264  loss=0.4236
Epoch 232/300  train=3.716e-01  rmse=3.0891  lr=2.5e-05  230s
  batch 10/264  loss=0.2924
  batch 20/264  loss=0.2974
  batch 30/264  loss=0.3368
  batch 40/264  loss=0.4306
  batch 50/264  loss=0.3963
  batch 60/264  loss=0.3388
  batch 70/264  loss=0.4197
  batch 80/264  loss=0.2816
  batch 90/264  loss=0.2998
  batch 100/264  loss=0.2800
  batch 110/264  loss=0.2827
  batch 120/264  loss=0.4281
  batch 130/264  loss=0.7585
  batch 140/264  loss=0.2973
  batch 150/264  loss=0.3553
  batch 160/264  loss=0.4496
  batch 170/264  loss=0.5029
  batch 180/264  loss=0.3429
  batch 190/264  loss=0.4357
  batch 200/264  loss=0.4605
  batch 210/264  loss=0.3544
  batch 220/264  loss=0.3189
  batch 230/264  loss=0.3735
  batch 240/264  loss=0.4243
  batch 250/264  loss=0.4705
  batch 260/264  loss=0.4827
Epoch 233/300  train=3.727e-01  rmse=5.1338  lr=2.5e-05  230s
  batch 10/264  loss=0.3003
  batch 20/264  loss=0.2924
  batch 30/264  loss=0.3639
  batch 40/264  loss=0.2955
  batch 50/264  loss=0.3116
  batch 60/264  loss=0.4209
  batch 70/264  loss=0.4198
  batch 80/264  loss=0.4497
  batch 90/264  loss=0.3811
  batch 100/264  loss=0.3240
  batch 110/264  loss=0.4453
  batch 120/264  loss=0.2698
  batch 130/264  loss=0.3570
  batch 140/264  loss=0.3075
  batch 150/264  loss=0.3392
  batch 160/264  loss=0.5808
  batch 170/264  loss=0.3557
  batch 180/264  loss=0.4666
  batch 190/264  loss=0.3579
  batch 200/264  loss=0.3796
  batch 210/264  loss=0.3575
  batch 220/264  loss=0.3722
  batch 230/264  loss=0.2953
  batch 240/264  loss=0.4066
  batch 250/264  loss=0.2471
  batch 260/264  loss=0.3373
Epoch 234/300  train=3.737e-01  rmse=2.6528  lr=1.3e-05  229s
  batch 10/264  loss=0.3198
  batch 20/264  loss=0.3798
  batch 30/264  loss=0.3417
  batch 40/264  loss=0.4447
  batch 50/264  loss=0.3151
  batch 60/264  loss=0.2816
  batch 70/264  loss=0.4917
  batch 80/264  loss=0.2852
  batch 90/264  loss=0.5233
  batch 100/264  loss=0.3887
  batch 110/264  loss=0.2975
  batch 120/264  loss=0.4143
  batch 130/264  loss=0.3248
  batch 140/264  loss=0.4671
  batch 150/264  loss=0.3882
  batch 160/264  loss=0.3601
  batch 170/264  loss=0.4518
  batch 180/264  loss=0.3612
  batch 190/264  loss=0.3632
  batch 200/264  loss=0.2863
  batch 210/264  loss=0.4604
  batch 220/264  loss=0.3626
  batch 230/264  loss=0.3362
  batch 240/264  loss=0.4200
  batch 250/264  loss=0.3301
  batch 260/264  loss=0.2950
Epoch 235/300  train=3.712e-01  rmse=2.3967  lr=1.3e-05  231s
  batch 10/264  loss=0.2775
  batch 20/264  loss=0.2968
  batch 30/264  loss=0.4086
  batch 40/264  loss=0.2931
  batch 50/264  loss=0.3863
  batch 60/264  loss=0.3222
  batch 70/264  loss=0.3179
  batch 80/264  loss=0.4975
  batch 90/264  loss=0.3262
  batch 100/264  loss=0.3014
  batch 110/264  loss=0.3906
  batch 120/264  loss=0.4820
  batch 130/264  loss=0.4222
  batch 140/264  loss=0.2934
  batch 150/264  loss=0.4308
  batch 160/264  loss=0.3912
  batch 170/264  loss=0.2715
  batch 180/264  loss=0.3146
  batch 190/264  loss=0.5833
  batch 200/264  loss=0.4291
  batch 210/264  loss=0.4012
  batch 220/264  loss=0.2898
  batch 230/264  loss=0.2991
  batch 240/264  loss=0.5059
  batch 250/264  loss=0.3910
  batch 260/264  loss=0.3144
Epoch 236/300  train=3.641e-01  rmse=2.1278  lr=1.3e-05  229s
  -> best  monitor=3.641e-01
  batch 10/264  loss=0.4743
  batch 20/264  loss=0.4569
  batch 30/264  loss=0.3196
  batch 40/264  loss=0.3552
  batch 50/264  loss=0.3553
  batch 60/264  loss=0.3215
  batch 70/264  loss=0.5292
  batch 80/264  loss=0.3303
  batch 90/264  loss=0.4295
  batch 100/264  loss=0.3627
  batch 110/264  loss=0.2982
  batch 120/264  loss=0.3186
  batch 130/264  loss=0.3456
  batch 140/264  loss=0.3851
  batch 150/264  loss=0.4337
  batch 160/264  loss=0.3345
  batch 170/264  loss=0.3901
  batch 180/264  loss=0.4056
  batch 190/264  loss=0.3452
  batch 200/264  loss=0.3136
  batch 210/264  loss=0.3191
  batch 220/264  loss=0.3409
  batch 230/264  loss=0.4027
  batch 240/264  loss=0.3519
  batch 250/264  loss=0.2639
  batch 260/264  loss=0.3049
Epoch 237/300  train=3.649e-01  rmse=2.0912  lr=1.3e-05  228s
  batch 10/264  loss=0.3704
  batch 20/264  loss=0.2844
  batch 30/264  loss=0.3545
  batch 40/264  loss=0.4511
  batch 50/264  loss=0.3069
  batch 60/264  loss=0.3941
  batch 70/264  loss=0.3683
  batch 80/264  loss=0.4746
  batch 90/264  loss=0.3143
  batch 100/264  loss=0.4375
  batch 110/264  loss=0.5233
  batch 120/264  loss=0.3553
  batch 130/264  loss=0.3494
  batch 140/264  loss=0.3514
  batch 150/264  loss=0.3663
  batch 160/264  loss=0.3633
  batch 170/264  loss=0.3287
  batch 180/264  loss=0.2829
  batch 190/264  loss=0.3327
  batch 200/264  loss=0.3188
  batch 210/264  loss=0.3662
  batch 220/264  loss=0.3207
  batch 230/264  loss=0.3621
  batch 240/264  loss=0.3283
  batch 250/264  loss=0.2926
  batch 260/264  loss=0.3353
Epoch 238/300  train=3.693e-01  rmse=5.1010  lr=1.3e-05  230s
  batch 10/264  loss=0.3238
  batch 20/264  loss=0.3506
  batch 30/264  loss=0.4045
  batch 40/264  loss=0.3161
  batch 50/264  loss=0.3243
  batch 60/264  loss=0.3993
  batch 70/264  loss=0.2740
  batch 80/264  loss=0.3144
  batch 90/264  loss=0.3181
  batch 100/264  loss=0.3030
  batch 110/264  loss=0.4069
  batch 120/264  loss=0.3098
  batch 130/264  loss=0.4572
  batch 140/264  loss=0.3466
  batch 150/264  loss=0.3816
  batch 160/264  loss=0.3362
  batch 170/264  loss=0.3157
  batch 180/264  loss=0.3128
  batch 190/264  loss=0.4277
  batch 200/264  loss=0.3167
  batch 210/264  loss=0.4192
  batch 220/264  loss=0.2857
  batch 230/264  loss=0.5289
  batch 240/264  loss=0.3356
  batch 250/264  loss=0.7761
  batch 260/264  loss=0.4607
Epoch 239/300  train=3.709e-01  rmse=3.0915  lr=1.3e-05  229s
  batch 10/264  loss=0.3208
  batch 20/264  loss=0.3045
  batch 30/264  loss=0.3941
  batch 40/264  loss=0.4168
  batch 50/264  loss=0.2927
  batch 60/264  loss=0.3433
  batch 70/264  loss=0.3427
  batch 80/264  loss=0.5040
  batch 90/264  loss=0.2814
  batch 100/264  loss=0.3565
  batch 110/264  loss=0.3135
  batch 120/264  loss=0.3027
  batch 130/264  loss=0.3374
  batch 140/264  loss=0.3491
  batch 150/264  loss=0.3114
  batch 160/264  loss=0.4456
  batch 170/264  loss=0.3459
  batch 180/264  loss=0.3458
  batch 190/264  loss=0.3798
  batch 200/264  loss=0.4247
  batch 210/264  loss=0.3543
  batch 220/264  loss=0.3341
  batch 230/264  loss=0.3069
  batch 240/264  loss=0.3930
  batch 250/264  loss=0.3213
  batch 260/264  loss=0.5312
Epoch 240/300  train=3.642e-01  rmse=3.2185  lr=1.3e-05  230s
  batch 10/264  loss=0.3785
  batch 20/264  loss=0.3141
  batch 30/264  loss=0.3406
  batch 40/264  loss=0.3334
  batch 50/264  loss=0.3516
  batch 60/264  loss=0.3367
  batch 70/264  loss=0.2903
  batch 80/264  loss=0.3065
  batch 90/264  loss=0.2915
  batch 100/264  loss=0.2726
  batch 110/264  loss=0.3292
  batch 120/264  loss=0.4435
  batch 130/264  loss=0.3851
  batch 140/264  loss=0.3379
  batch 150/264  loss=0.4187
  batch 160/264  loss=0.3336
  batch 170/264  loss=0.3407
  batch 180/264  loss=0.4927
  batch 190/264  loss=0.2915
  batch 200/264  loss=0.3118
  batch 210/264  loss=0.3099
  batch 220/264  loss=0.4529
  batch 230/264  loss=0.3954
  batch 240/264  loss=0.2960
  batch 250/264  loss=0.4103
  batch 260/264  loss=0.4050
Epoch 241/300  train=3.644e-01  rmse=2.4197  lr=1.3e-05  231s
  batch 10/264  loss=0.2682
  batch 20/264  loss=0.2857
  batch 30/264  loss=0.3707
  batch 40/264  loss=0.4226
  batch 50/264  loss=0.3051
  batch 60/264  loss=0.3148
  batch 70/264  loss=0.3981
  batch 80/264  loss=0.4149
  batch 90/264  loss=0.2980
  batch 100/264  loss=0.3107
  batch 110/264  loss=0.3090
  batch 120/264  loss=0.3315
  batch 130/264  loss=0.3295
  batch 140/264  loss=0.2953
  batch 150/264  loss=0.4630
  batch 160/264  loss=0.3986
  batch 170/264  loss=0.4777
  batch 180/264  loss=0.3768
  batch 190/264  loss=0.3574
  batch 200/264  loss=0.2750
  batch 210/264  loss=0.3172
  batch 220/264  loss=0.2959
  batch 230/264  loss=0.5034
  batch 240/264  loss=0.3731
  batch 250/264  loss=0.3753
  batch 260/264  loss=0.3027
Epoch 242/300  train=3.712e-01  rmse=3.3800  lr=1.3e-05  231s
  batch 10/264  loss=0.3089
  batch 20/264  loss=0.3800
  batch 30/264  loss=0.3088
  batch 40/264  loss=0.2842
  batch 50/264  loss=0.3946
  batch 60/264  loss=0.3062
  batch 70/264  loss=0.3697
  batch 80/264  loss=0.5970
  batch 90/264  loss=0.2911
  batch 100/264  loss=0.6570
  batch 110/264  loss=0.6734
  batch 120/264  loss=0.4948
  batch 130/264  loss=0.3899
  batch 140/264  loss=0.2652
  batch 150/264  loss=0.3414
  batch 160/264  loss=0.3951
  batch 170/264  loss=0.2883
  batch 180/264  loss=0.4772
  batch 190/264  loss=0.3835
  batch 200/264  loss=0.3931
  batch 210/264  loss=0.2975
  batch 220/264  loss=0.3438
  batch 230/264  loss=0.3652
  batch 240/264  loss=0.3694
  batch 250/264  loss=0.4291
  batch 260/264  loss=0.3869
Epoch 243/300  train=3.701e-01  rmse=3.4928  lr=1.3e-05  231s
  batch 10/264  loss=0.3099
  batch 20/264  loss=0.4533
  batch 30/264  loss=0.4317
  batch 40/264  loss=0.3310
  batch 50/264  loss=0.3478
  batch 60/264  loss=0.7068
  batch 70/264  loss=0.4258
  batch 80/264  loss=0.3381
  batch 90/264  loss=0.3324
  batch 100/264  loss=0.3635
  batch 110/264  loss=0.3064
  batch 120/264  loss=0.3049
  batch 130/264  loss=0.3627
  batch 140/264  loss=0.3102
  batch 150/264  loss=0.3961
  batch 160/264  loss=0.6488
  batch 170/264  loss=0.4027
  batch 180/264  loss=0.3177
  batch 190/264  loss=0.3346
  batch 200/264  loss=0.3902
  batch 210/264  loss=0.2964
  batch 220/264  loss=0.2873
  batch 230/264  loss=0.3571
  batch 240/264  loss=0.3209
  batch 250/264  loss=0.3519
  batch 260/264  loss=0.4044
Epoch 244/300  train=3.659e-01  rmse=1.8123  lr=1.3e-05  231s
  batch 10/264  loss=0.3090
  batch 20/264  loss=0.3309
  batch 30/264  loss=0.3194
  batch 40/264  loss=0.4310
  batch 50/264  loss=0.3275
  batch 60/264  loss=0.3087
  batch 70/264  loss=0.3625
  batch 80/264  loss=0.3940
  batch 90/264  loss=0.4433
  batch 100/264  loss=0.5090
  batch 110/264  loss=0.4742
  batch 120/264  loss=0.5258
  batch 130/264  loss=0.3193
  batch 140/264  loss=0.2666
  batch 150/264  loss=0.3846
  batch 160/264  loss=0.3071
  batch 170/264  loss=0.4222
  batch 180/264  loss=0.3488
  batch 190/264  loss=0.3546
  batch 200/264  loss=0.2903
  batch 210/264  loss=0.3183
  batch 220/264  loss=0.3401
  batch 230/264  loss=0.3483
  batch 240/264  loss=0.3030
  batch 250/264  loss=0.6478
  batch 260/264  loss=0.2883
Epoch 245/300  train=3.664e-01  rmse=3.4088  lr=1.3e-05  229s
  batch 10/264  loss=0.3326
  batch 20/264  loss=0.3642
  batch 30/264  loss=0.3561
  batch 40/264  loss=0.2965
  batch 50/264  loss=0.4098
  batch 60/264  loss=0.3192
  batch 70/264  loss=0.2798
  batch 80/264  loss=0.3283
  batch 90/264  loss=0.4731
  batch 100/264  loss=0.3397
  batch 110/264  loss=0.3523
  batch 120/264  loss=0.3546
  batch 130/264  loss=0.3535
  batch 140/264  loss=0.3168
  batch 150/264  loss=0.3124
  batch 160/264  loss=0.2728
  batch 170/264  loss=0.3150
  batch 180/264  loss=0.5287
  batch 190/264  loss=0.2576
  batch 200/264  loss=0.5231
  batch 210/264  loss=0.3797
  batch 220/264  loss=0.3376
  batch 230/264  loss=0.3729
  batch 240/264  loss=0.3767
  batch 250/264  loss=0.5809
  batch 260/264  loss=0.4639
Epoch 246/300  train=3.665e-01  rmse=3.8206  lr=1.3e-05  231s
  batch 10/264  loss=0.3226
  batch 20/264  loss=0.3272
  batch 30/264  loss=0.3394
  batch 40/264  loss=0.3239
  batch 50/264  loss=0.3259
  batch 60/264  loss=0.3507
  batch 70/264  loss=0.3131
  batch 80/264  loss=0.3557
  batch 90/264  loss=0.3980
  batch 100/264  loss=0.2916
  batch 110/264  loss=0.2847
  batch 120/264  loss=0.3131
  batch 130/264  loss=0.3338
  batch 140/264  loss=0.3140
  batch 150/264  loss=0.5271
  batch 160/264  loss=0.4026
  batch 170/264  loss=0.3365
  batch 180/264  loss=0.4376
  batch 190/264  loss=0.4304
  batch 200/264  loss=0.3371
  batch 210/264  loss=0.3268
  batch 220/264  loss=0.4447
  batch 230/264  loss=0.3289
  batch 240/264  loss=0.2782
  batch 250/264  loss=0.2867
  batch 260/264  loss=0.3981
Epoch 247/300  train=3.652e-01  rmse=3.2699  lr=6.3e-06  229s
  batch 10/264  loss=0.3433
  batch 20/264  loss=0.4797
  batch 30/264  loss=0.2960
  batch 40/264  loss=0.3950
  batch 50/264  loss=0.2881
  batch 60/264  loss=0.3354
  batch 70/264  loss=0.4062
  batch 80/264  loss=0.3032
  batch 90/264  loss=0.3284
  batch 100/264  loss=0.3435
  batch 110/264  loss=0.3616
  batch 120/264  loss=0.3333
  batch 130/264  loss=0.3520
  batch 140/264  loss=0.2878
  batch 150/264  loss=0.3694
  batch 160/264  loss=0.3130
  batch 170/264  loss=0.3805
  batch 180/264  loss=0.3912
  batch 190/264  loss=0.3482
  batch 200/264  loss=0.3462
  batch 210/264  loss=0.3845
  batch 220/264  loss=0.3724
  batch 230/264  loss=0.2948
  batch 240/264  loss=0.3679
  batch 250/264  loss=0.4352
  batch 260/264  loss=0.4961
Epoch 248/300  train=3.702e-01  rmse=2.5036  lr=6.3e-06  229s
  batch 10/264  loss=0.3830
  batch 20/264  loss=0.4858
  batch 30/264  loss=0.3171
  batch 40/264  loss=0.3232
  batch 50/264  loss=0.3426
  batch 60/264  loss=0.3062
  batch 70/264  loss=0.3124
  batch 80/264  loss=0.3724
  batch 90/264  loss=0.4069
  batch 100/264  loss=0.3238
  batch 110/264  loss=0.4447
  batch 120/264  loss=0.4845
  batch 130/264  loss=0.4193
  batch 140/264  loss=0.4075
  batch 150/264  loss=0.3477
  batch 160/264  loss=0.3133
  batch 170/264  loss=0.2989
  batch 180/264  loss=0.4907
  batch 190/264  loss=0.2907
  batch 200/264  loss=0.8173
  batch 210/264  loss=0.3407
  batch 220/264  loss=0.3509
  batch 230/264  loss=0.4660
  batch 240/264  loss=0.5121
  batch 250/264  loss=0.3415
  batch 260/264  loss=0.2997
Epoch 249/300  train=3.671e-01  rmse=2.1612  lr=6.3e-06  230s
  batch 10/264  loss=0.3629
  batch 20/264  loss=0.4874
  batch 30/264  loss=0.3152
  batch 40/264  loss=0.3685
  batch 50/264  loss=0.4264
  batch 60/264  loss=0.4046
  batch 70/264  loss=0.4013
  batch 80/264  loss=0.4168
  batch 90/264  loss=0.3928
  batch 100/264  loss=0.3672
  batch 110/264  loss=0.3328
  batch 120/264  loss=0.5404
  batch 130/264  loss=0.3340
  batch 140/264  loss=0.4379
  batch 150/264  loss=0.3022
  batch 160/264  loss=0.4809
  batch 170/264  loss=0.2922
  batch 180/264  loss=0.3351
  batch 190/264  loss=0.4479
  batch 200/264  loss=0.3526
  batch 210/264  loss=0.3996
  batch 220/264  loss=0.4936
  batch 230/264  loss=0.4740
  batch 240/264  loss=0.4112
  batch 250/264  loss=0.3668
  batch 260/264  loss=0.2836
Epoch 250/300  train=3.658e-01  rmse=2.5607  lr=6.3e-06  229s
  batch 10/264  loss=0.2832
  batch 20/264  loss=0.3365
  batch 30/264  loss=0.2999
  batch 40/264  loss=0.3485
  batch 50/264  loss=0.2836
  batch 60/264  loss=0.3699
  batch 70/264  loss=0.3375
  batch 80/264  loss=0.4232
  batch 90/264  loss=0.3933
  batch 100/264  loss=0.3896
  batch 110/264  loss=0.4698
  batch 120/264  loss=0.4133
  batch 130/264  loss=0.3934
  batch 140/264  loss=0.3120
  batch 150/264  loss=0.4343
  batch 160/264  loss=0.3018
  batch 170/264  loss=0.5818
  batch 180/264  loss=0.3860
  batch 190/264  loss=0.3792
  batch 200/264  loss=0.3343
  batch 210/264  loss=0.3183
  batch 220/264  loss=0.3000
  batch 230/264  loss=0.3880
  batch 240/264  loss=0.4903
  batch 250/264  loss=0.3926
  batch 260/264  loss=0.3938
Epoch 251/300  train=3.641e-01  rmse=2.1031  lr=6.3e-06  229s
  -> best  monitor=3.641e-01
  batch 10/264  loss=0.3819
  batch 20/264  loss=0.5101
  batch 30/264  loss=0.3071
  batch 40/264  loss=0.3270
  batch 50/264  loss=0.4047
  batch 60/264  loss=0.8020
  batch 70/264  loss=0.3263
  batch 80/264  loss=0.2891
  batch 90/264  loss=0.4273
  batch 100/264  loss=0.3323
  batch 110/264  loss=0.4042
  batch 120/264  loss=0.3446
  batch 130/264  loss=0.3123
  batch 140/264  loss=0.3402
  batch 150/264  loss=0.2862
  batch 160/264  loss=0.3407
  batch 170/264  loss=0.3169
  batch 180/264  loss=0.3010
  batch 190/264  loss=0.3963
  batch 200/264  loss=0.3291
  batch 210/264  loss=0.3184
  batch 220/264  loss=0.3113
  batch 230/264  loss=0.3060
  batch 240/264  loss=0.3512
  batch 250/264  loss=0.3336
  batch 260/264  loss=0.2832
Epoch 252/300  train=3.660e-01  rmse=2.1000  lr=6.3e-06  231s
  batch 10/264  loss=0.4283
  batch 20/264  loss=0.3005
  batch 30/264  loss=0.2874
  batch 40/264  loss=0.2671
  batch 50/264  loss=0.3132
  batch 60/264  loss=0.3091
  batch 70/264  loss=0.3250
  batch 80/264  loss=0.3962
  batch 90/264  loss=0.4443
  batch 100/264  loss=0.3217
  batch 110/264  loss=0.3233
  batch 120/264  loss=0.3377
  batch 130/264  loss=0.4955
  batch 140/264  loss=0.4125
  batch 150/264  loss=0.3593
  batch 160/264  loss=0.3947
  batch 170/264  loss=0.2995
  batch 180/264  loss=0.3749
  batch 190/264  loss=0.3313
  batch 200/264  loss=0.2962
  batch 210/264  loss=0.4669
  batch 220/264  loss=0.2778
  batch 230/264  loss=0.3350
  batch 240/264  loss=0.3035
  batch 250/264  loss=0.3373
  batch 260/264  loss=0.3593
Epoch 253/300  train=3.612e-01  rmse=1.7456  lr=6.3e-06  231s
  -> best  monitor=3.612e-01
  batch 10/264  loss=0.4053
  batch 20/264  loss=0.3583
  batch 30/264  loss=0.2803
  batch 40/264  loss=0.3322
  batch 50/264  loss=0.2888
  batch 60/264  loss=0.3036
  batch 70/264  loss=0.4703
  batch 80/264  loss=0.3103
  batch 90/264  loss=0.3884
  batch 100/264  loss=0.4434
  batch 110/264  loss=0.3185
  batch 120/264  loss=0.7973
  batch 130/264  loss=0.4069
  batch 140/264  loss=0.3013
  batch 150/264  loss=0.3658
  batch 160/264  loss=0.3028
  batch 170/264  loss=0.3409
  batch 180/264  loss=0.2894
  batch 190/264  loss=0.3218
  batch 200/264  loss=0.3429
  batch 210/264  loss=0.3000
  batch 220/264  loss=0.3974
  batch 230/264  loss=0.4347
  batch 240/264  loss=0.5891
  batch 250/264  loss=0.3324
  batch 260/264  loss=0.3044
Epoch 254/300  train=3.681e-01  rmse=2.0805  lr=6.3e-06  229s
  batch 10/264  loss=0.4030
  batch 20/264  loss=0.2996
  batch 30/264  loss=0.2998
  batch 40/264  loss=0.4070
  batch 50/264  loss=0.4194
  batch 60/264  loss=0.7145
  batch 70/264  loss=0.5194
  batch 80/264  loss=0.3579
  batch 90/264  loss=0.4464
  batch 100/264  loss=0.3372
  batch 110/264  loss=0.3504
  batch 120/264  loss=0.4424
  batch 130/264  loss=0.3019
  batch 140/264  loss=0.3810
  batch 150/264  loss=0.4763
  batch 160/264  loss=0.3010
  batch 170/264  loss=0.3207
  batch 180/264  loss=0.3959
  batch 190/264  loss=0.4684
  batch 200/264  loss=0.3437
  batch 210/264  loss=0.3930
  batch 220/264  loss=0.3444
  batch 230/264  loss=0.3691
  batch 240/264  loss=0.4671
  batch 250/264  loss=0.3906
  batch 260/264  loss=0.3090
Epoch 255/300  train=3.663e-01  rmse=2.7031  lr=6.3e-06  230s
  batch 10/264  loss=0.3197
  batch 20/264  loss=0.4067
  batch 30/264  loss=0.2673
  batch 40/264  loss=0.3700
  batch 50/264  loss=0.3218
  batch 60/264  loss=0.3057
  batch 70/264  loss=0.5120
  batch 80/264  loss=0.3105
  batch 90/264  loss=0.3419
  batch 100/264  loss=0.3450
  batch 110/264  loss=0.3227
  batch 120/264  loss=0.4093
  batch 130/264  loss=0.2855
  batch 140/264  loss=0.3522
  batch 150/264  loss=0.3227
  batch 160/264  loss=0.3649
  batch 170/264  loss=0.3362
  batch 180/264  loss=0.3110
  batch 190/264  loss=0.3737
  batch 200/264  loss=0.3412
  batch 210/264  loss=0.4963
  batch 220/264  loss=0.4328
  batch 230/264  loss=0.2776
  batch 240/264  loss=0.3793
  batch 250/264  loss=0.3401
  batch 260/264  loss=0.3486
Epoch 256/300  train=3.625e-01  rmse=1.9463  lr=6.3e-06  231s
  batch 10/264  loss=0.3936
  batch 20/264  loss=0.3741
  batch 30/264  loss=0.3913
  batch 40/264  loss=0.4166
  batch 50/264  loss=0.3606
  batch 60/264  loss=0.2897
  batch 70/264  loss=0.3509
  batch 80/264  loss=0.2870
  batch 90/264  loss=0.3002
  batch 100/264  loss=0.3912
  batch 110/264  loss=0.2785
  batch 120/264  loss=0.2804
  batch 130/264  loss=0.2966
  batch 140/264  loss=0.4443
  batch 150/264  loss=0.4314
  batch 160/264  loss=0.3009
  batch 170/264  loss=0.3218
  batch 180/264  loss=0.3048
  batch 190/264  loss=0.3499
  batch 200/264  loss=0.3472
  batch 210/264  loss=0.2784
  batch 220/264  loss=0.2896
  batch 230/264  loss=0.3168
  batch 240/264  loss=0.3704
  batch 250/264  loss=0.2897
  batch 260/264  loss=0.5766
Epoch 257/300  train=3.618e-01  rmse=1.8614  lr=6.3e-06  230s
  batch 10/264  loss=0.4622
  batch 20/264  loss=0.3200
  batch 30/264  loss=0.3117
  batch 40/264  loss=0.2929
  batch 50/264  loss=0.2973
  batch 60/264  loss=0.3040
  batch 70/264  loss=0.2824
  batch 80/264  loss=0.3422
  batch 90/264  loss=0.3838
  batch 100/264  loss=0.4115
  batch 110/264  loss=0.2952
  batch 120/264  loss=0.3168
  batch 130/264  loss=0.3028
  batch 140/264  loss=0.3437
  batch 150/264  loss=0.3967
  batch 160/264  loss=0.3317
  batch 170/264  loss=0.3463
  batch 180/264  loss=0.3569
  batch 190/264  loss=0.3196
  batch 200/264  loss=0.2644
  batch 210/264  loss=0.3331
  batch 220/264  loss=0.3593
  batch 230/264  loss=0.3359
  batch 240/264  loss=0.2915
  batch 250/264  loss=0.4642
  batch 260/264  loss=0.3379
Epoch 258/300  train=3.612e-01  rmse=2.1512  lr=6.3e-06  231s
  -> best  monitor=3.612e-01
  batch 10/264  loss=0.2728
  batch 20/264  loss=0.3886
  batch 30/264  loss=0.3188
  batch 40/264  loss=0.3442
  batch 50/264  loss=0.3536
  batch 60/264  loss=0.3145
  batch 70/264  loss=0.3670
  batch 80/264  loss=0.3075
  batch 90/264  loss=0.4652
  batch 100/264  loss=0.4265
  batch 110/264  loss=0.3319
  batch 120/264  loss=0.2811
  batch 130/264  loss=0.3149
  batch 140/264  loss=0.3908
  batch 150/264  loss=0.3015
  batch 160/264  loss=0.4993
  batch 170/264  loss=0.3788
  batch 180/264  loss=0.2887
  batch 190/264  loss=0.3551
  batch 200/264  loss=0.3630
  batch 210/264  loss=0.2951
  batch 220/264  loss=0.3855
  batch 230/264  loss=0.3267
  batch 240/264  loss=0.3133
  batch 250/264  loss=0.2528
  batch 260/264  loss=0.3581
Epoch 259/300  train=3.623e-01  rmse=2.1079  lr=6.3e-06  232s
  batch 10/264  loss=0.3223
  batch 20/264  loss=0.3732
  batch 30/264  loss=0.3430
  batch 40/264  loss=0.3197
  batch 50/264  loss=0.2941
  batch 60/264  loss=0.5311
  batch 70/264  loss=0.3162
  batch 80/264  loss=0.2952
  batch 90/264  loss=0.3532
  batch 100/264  loss=0.3718
  batch 110/264  loss=0.3483
  batch 120/264  loss=0.3297
  batch 130/264  loss=0.3075
  batch 140/264  loss=0.3479
  batch 150/264  loss=0.2954
  batch 160/264  loss=0.3645
  batch 170/264  loss=0.2808
  batch 180/264  loss=0.3376
  batch 190/264  loss=0.2970
  batch 200/264  loss=0.3926
  batch 210/264  loss=0.3412
  batch 220/264  loss=0.3516
  batch 230/264  loss=0.5871
  batch 240/264  loss=0.3102
  batch 250/264  loss=0.3141
  batch 260/264  loss=0.3161
Epoch 260/300  train=3.629e-01  rmse=3.0942  lr=6.3e-06  230s
  batch 10/264  loss=0.3519
  batch 20/264  loss=0.3596
  batch 30/264  loss=0.2662
  batch 40/264  loss=0.3358
  batch 50/264  loss=0.3072
  batch 60/264  loss=0.2738
  batch 70/264  loss=0.3122
  batch 80/264  loss=0.2708
  batch 90/264  loss=0.3467
  batch 100/264  loss=0.3512
  batch 110/264  loss=0.3022
  batch 120/264  loss=0.4032
  batch 130/264  loss=0.3725
  batch 140/264  loss=0.2616
  batch 150/264  loss=0.3256
  batch 160/264  loss=0.5065
  batch 170/264  loss=0.7643
  batch 180/264  loss=0.2890
  batch 190/264  loss=0.3667
  batch 200/264  loss=0.2715
  batch 210/264  loss=0.2735
  batch 220/264  loss=0.2646
  batch 230/264  loss=0.4792
  batch 240/264  loss=0.3249
  batch 250/264  loss=0.3052
  batch 260/264  loss=0.3144
Epoch 261/300  train=3.655e-01  rmse=2.0278  lr=6.3e-06  230s
  batch 10/264  loss=0.4803
  batch 20/264  loss=0.4811
  batch 30/264  loss=0.3318
  batch 40/264  loss=0.2934
  batch 50/264  loss=0.2901
  batch 60/264  loss=0.3308
  batch 70/264  loss=0.3663
  batch 80/264  loss=0.4310
  batch 90/264  loss=0.4604
  batch 100/264  loss=0.2932
  batch 110/264  loss=0.3089
  batch 120/264  loss=0.4498
  batch 130/264  loss=0.3162
  batch 140/264  loss=0.3118
  batch 150/264  loss=0.5117
  batch 160/264  loss=0.4374
  batch 170/264  loss=0.3191
  batch 180/264  loss=0.2915
  batch 190/264  loss=0.3664
  batch 200/264  loss=0.3424
  batch 210/264  loss=0.2836
  batch 220/264  loss=0.3151
  batch 230/264  loss=0.3716
  batch 240/264  loss=0.4723
  batch 250/264  loss=0.3446
  batch 260/264  loss=0.2889
Epoch 262/300  train=3.632e-01  rmse=2.0483  lr=6.3e-06  230s
  batch 10/264  loss=0.3903
  batch 20/264  loss=0.3115
  batch 30/264  loss=0.3563
  batch 40/264  loss=0.4496
  batch 50/264  loss=0.3579
  batch 60/264  loss=0.3111
  batch 70/264  loss=0.3320
  batch 80/264  loss=0.3430
  batch 90/264  loss=0.3570
  batch 100/264  loss=0.3246
  batch 110/264  loss=0.3283
  batch 120/264  loss=0.3775
  batch 130/264  loss=0.3694
  batch 140/264  loss=0.3775
  batch 150/264  loss=0.4023
  batch 160/264  loss=0.5039
  batch 170/264  loss=0.3930
  batch 180/264  loss=0.3992
  batch 190/264  loss=0.3118
  batch 200/264  loss=0.3032
  batch 210/264  loss=0.4099
  batch 220/264  loss=0.3575
  batch 230/264  loss=0.3407
  batch 240/264  loss=0.3827
  batch 250/264  loss=0.3328
  batch 260/264  loss=0.2863
Epoch 263/300  train=3.644e-01  rmse=3.1969  lr=6.3e-06  231s
  batch 10/264  loss=0.3136
  batch 20/264  loss=0.2858
  batch 30/264  loss=0.3071
  batch 40/264  loss=0.3325
  batch 50/264  loss=0.2995
  batch 60/264  loss=0.3472
  batch 70/264  loss=0.4380
  batch 80/264  loss=0.4007
  batch 90/264  loss=0.3831
  batch 100/264  loss=0.4276
  batch 110/264  loss=0.3444
  batch 120/264  loss=0.4586
  batch 130/264  loss=0.5132
  batch 140/264  loss=0.2740
  batch 150/264  loss=0.3519
  batch 160/264  loss=0.3185
  batch 170/264  loss=0.3875
  batch 180/264  loss=0.4140
  batch 190/264  loss=0.4855
  batch 200/264  loss=0.2557
  batch 210/264  loss=0.3535
  batch 220/264  loss=0.5608
  batch 230/264  loss=0.6438
  batch 240/264  loss=0.3232
  batch 250/264  loss=0.2938
  batch 260/264  loss=0.3110
Epoch 264/300  train=3.646e-01  rmse=2.2031  lr=3.1e-06  230s
  batch 10/264  loss=0.3403
  batch 20/264  loss=0.3922
  batch 30/264  loss=0.4563
  batch 40/264  loss=0.2854
  batch 50/264  loss=0.3860
  batch 60/264  loss=0.3023
  batch 70/264  loss=0.3653
  batch 80/264  loss=0.3061
  batch 90/264  loss=0.3301
  batch 100/264  loss=0.3031
  batch 110/264  loss=0.3129
  batch 120/264  loss=0.3634
  batch 130/264  loss=0.2980
  batch 140/264  loss=0.4275
  batch 150/264  loss=0.3539
  batch 160/264  loss=0.3595
  batch 170/264  loss=0.3486
  batch 180/264  loss=0.3694
  batch 190/264  loss=0.3471
  batch 200/264  loss=0.3280
  batch 210/264  loss=0.2859
  batch 220/264  loss=0.4786
  batch 230/264  loss=0.3293
  batch 240/264  loss=0.2894
  batch 250/264  loss=0.3369
  batch 260/264  loss=0.2954
Epoch 265/300  train=3.640e-01  rmse=6.2175  lr=3.1e-06  230s
  batch 10/264  loss=0.4331
  batch 20/264  loss=0.3871
  batch 30/264  loss=0.3878
  batch 40/264  loss=0.3586
  batch 50/264  loss=0.3076
  batch 60/264  loss=0.2750
  batch 70/264  loss=0.3235
  batch 80/264  loss=0.4624
  batch 90/264  loss=0.3397
  batch 100/264  loss=0.3183
  batch 110/264  loss=0.3004
  batch 120/264  loss=0.2900
  batch 130/264  loss=0.3005
  batch 140/264  loss=0.4488
  batch 150/264  loss=0.3400
  batch 160/264  loss=0.5246
  batch 170/264  loss=0.3438
  batch 180/264  loss=0.3554
  batch 190/264  loss=0.3035
  batch 200/264  loss=0.3150
  batch 210/264  loss=0.2682
  batch 220/264  loss=0.3343
  batch 230/264  loss=0.3350
  batch 240/264  loss=0.2696
  batch 250/264  loss=0.4862
  batch 260/264  loss=0.3309
Epoch 266/300  train=3.625e-01  rmse=2.6771  lr=3.1e-06  231s
  batch 10/264  loss=0.3466
  batch 20/264  loss=0.3068
  batch 30/264  loss=0.4903
  batch 40/264  loss=0.2987
  batch 50/264  loss=0.6700
  batch 60/264  loss=0.3525
  batch 70/264  loss=0.4161
  batch 80/264  loss=0.3562
  batch 90/264  loss=0.3120
  batch 100/264  loss=0.3290
  batch 110/264  loss=0.3738
  batch 120/264  loss=0.3491
  batch 130/264  loss=0.3693
  batch 140/264  loss=0.3522
  batch 150/264  loss=0.4385
  batch 160/264  loss=0.3635
  batch 170/264  loss=0.3614
  batch 180/264  loss=0.3352
  batch 190/264  loss=0.4122
  batch 200/264  loss=0.3087
  batch 210/264  loss=0.3127
  batch 220/264  loss=0.3463
  batch 230/264  loss=0.3974
  batch 240/264  loss=0.3501
  batch 250/264  loss=0.5075
  batch 260/264  loss=0.2961
Epoch 267/300  train=3.626e-01  rmse=1.6636  lr=3.1e-06  229s
  batch 10/264  loss=0.3433
  batch 20/264  loss=0.4712
  batch 30/264  loss=0.4895
  batch 40/264  loss=0.4556
  batch 50/264  loss=0.3804
  batch 60/264  loss=0.3648
  batch 70/264  loss=0.2735
  batch 80/264  loss=0.3055
  batch 90/264  loss=0.5767
  batch 100/264  loss=0.2853
  batch 110/264  loss=0.3199
  batch 120/264  loss=0.5368
  batch 130/264  loss=0.3502
  batch 140/264  loss=0.3496
  batch 150/264  loss=0.3244
  batch 160/264  loss=0.3383
  batch 170/264  loss=0.2967
  batch 180/264  loss=0.2585
  batch 190/264  loss=0.4081
  batch 200/264  loss=0.3831
  batch 210/264  loss=0.3480
  batch 220/264  loss=0.3017
  batch 230/264  loss=0.3587
  batch 240/264  loss=0.4383
  batch 250/264  loss=0.5156
  batch 260/264  loss=0.3935
Epoch 268/300  train=3.652e-01  rmse=1.8621  lr=3.1e-06  231s
  batch 10/264  loss=0.3654
  batch 20/264  loss=0.3103
  batch 30/264  loss=0.4308
  batch 40/264  loss=0.4298
  batch 50/264  loss=0.2697
  batch 60/264  loss=0.3701
  batch 70/264  loss=0.2805
  batch 80/264  loss=0.2893
  batch 90/264  loss=0.4705
  batch 100/264  loss=0.3305
  batch 110/264  loss=0.4881
  batch 120/264  loss=0.4664
  batch 130/264  loss=0.2903
  batch 140/264  loss=0.2974
  batch 150/264  loss=0.4177
  batch 160/264  loss=0.3661
  batch 170/264  loss=0.3233
  batch 180/264  loss=0.3059
  batch 190/264  loss=0.5075
  batch 200/264  loss=0.3118
  batch 210/264  loss=0.3313
  batch 220/264  loss=0.3345
  batch 230/264  loss=0.2758
  batch 240/264  loss=0.3937
  batch 250/264  loss=0.4054
  batch 260/264  loss=0.3047
Epoch 269/300  train=3.618e-01  rmse=2.4606  lr=3.1e-06  231s
  batch 10/264  loss=0.3481
  batch 20/264  loss=0.3333
  batch 30/264  loss=0.3191
  batch 40/264  loss=0.2637
  batch 50/264  loss=0.2771
  batch 60/264  loss=0.3723
  batch 70/264  loss=0.2995
  batch 80/264  loss=0.3529
  batch 90/264  loss=0.5294
  batch 100/264  loss=0.2758
  batch 110/264  loss=0.5122
  batch 120/264  loss=0.3423
  batch 130/264  loss=0.3321
  batch 140/264  loss=0.3283
  batch 150/264  loss=0.4226
  batch 160/264  loss=0.3180
  batch 170/264  loss=0.3174
  batch 180/264  loss=0.4042
  batch 190/264  loss=0.3600
  batch 200/264  loss=0.3390
  batch 210/264  loss=0.3880
  batch 220/264  loss=0.3048
  batch 230/264  loss=0.3087
  batch 240/264  loss=0.5259
  batch 250/264  loss=0.2768
  batch 260/264  loss=0.2730
Epoch 270/300  train=3.635e-01  rmse=2.8526  lr=3.1e-06  231s
  batch 10/264  loss=0.3561
  batch 20/264  loss=0.2588
  batch 30/264  loss=0.3496
  batch 40/264  loss=0.2994
  batch 50/264  loss=0.3095
  batch 60/264  loss=0.5298
  batch 70/264  loss=0.2779
  batch 80/264  loss=0.3597
  batch 90/264  loss=0.3085
  batch 100/264  loss=0.3980
  batch 110/264  loss=0.3179
  batch 120/264  loss=0.5359
  batch 130/264  loss=0.3131
  batch 140/264  loss=0.2649
  batch 150/264  loss=0.3463
  batch 160/264  loss=0.3685
  batch 170/264  loss=0.3928
  batch 180/264  loss=0.4775
  batch 190/264  loss=0.6336
  batch 200/264  loss=0.3043
  batch 210/264  loss=0.3306
  batch 220/264  loss=0.3665
  batch 230/264  loss=0.4806
  batch 240/264  loss=0.2938
  batch 250/264  loss=0.3837
  batch 260/264  loss=0.3721
Epoch 271/300  train=3.674e-01  rmse=3.6171  lr=3.1e-06  231s
  batch 10/264  loss=0.3027
  batch 20/264  loss=0.4410
  batch 30/264  loss=0.3477
  batch 40/264  loss=0.3631
  batch 50/264  loss=0.5449
  batch 60/264  loss=0.3164
  batch 70/264  loss=0.3082
  batch 80/264  loss=0.4733
  batch 90/264  loss=0.3676
  batch 100/264  loss=0.2781
  batch 110/264  loss=0.3587
  batch 120/264  loss=0.2858
  batch 130/264  loss=0.4263
  batch 140/264  loss=0.4015
  batch 150/264  loss=0.5552
  batch 160/264  loss=0.3058
  batch 170/264  loss=0.4253
  batch 180/264  loss=0.4083
  batch 190/264  loss=0.4008
  batch 200/264  loss=0.3632
  batch 210/264  loss=0.3460
  batch 220/264  loss=0.4318
  batch 230/264  loss=0.2869
  batch 240/264  loss=0.5263
  batch 250/264  loss=0.3547
  batch 260/264  loss=0.3262
Epoch 272/300  train=3.652e-01  rmse=2.5779  lr=3.1e-06  230s
  batch 10/264  loss=0.3142
  batch 20/264  loss=0.3224
  batch 30/264  loss=0.2918
  batch 40/264  loss=0.4435
  batch 50/264  loss=0.2982
  batch 60/264  loss=0.8059
  batch 70/264  loss=0.4843
  batch 80/264  loss=0.2836
  batch 90/264  loss=0.2680
  batch 100/264  loss=0.3962
  batch 110/264  loss=0.3424
  batch 120/264  loss=0.3766
  batch 130/264  loss=0.3128
  batch 140/264  loss=0.3097
  batch 150/264  loss=0.2877
  batch 160/264  loss=0.3630
  batch 170/264  loss=0.4351
  batch 180/264  loss=0.2896
  batch 190/264  loss=0.2936
  batch 200/264  loss=0.3766
  batch 210/264  loss=0.4356
  batch 220/264  loss=0.4158
  batch 230/264  loss=0.3274
  batch 240/264  loss=0.3554
  batch 250/264  loss=0.4849
  batch 260/264  loss=0.3312
Epoch 273/300  train=3.597e-01  rmse=2.4375  lr=3.1e-06  229s
  -> best  monitor=3.597e-01
  batch 10/264  loss=0.3564
  batch 20/264  loss=0.3069
  batch 30/264  loss=0.2953
  batch 40/264  loss=0.4203
  batch 50/264  loss=0.3492
  batch 60/264  loss=0.4813
  batch 70/264  loss=0.4471
  batch 80/264  loss=0.3234
  batch 90/264  loss=0.3887
  batch 100/264  loss=0.2882
  batch 110/264  loss=0.5527
  batch 120/264  loss=0.4668
  batch 130/264  loss=0.3607
  batch 140/264  loss=0.3604
  batch 150/264  loss=0.3804
  batch 160/264  loss=0.4138
  batch 170/264  loss=0.2539
  batch 180/264  loss=0.2957
  batch 190/264  loss=0.4385
  batch 200/264  loss=0.3263
  batch 210/264  loss=0.3453
  batch 220/264  loss=0.3624
  batch 230/264  loss=0.4076
  batch 240/264  loss=0.3108
  batch 250/264  loss=0.4809
  batch 260/264  loss=0.4347
Epoch 274/300  train=3.619e-01  rmse=1.9161  lr=3.1e-06  230s
  batch 10/264  loss=0.4333
  batch 20/264  loss=0.3872
  batch 30/264  loss=0.3778
  batch 40/264  loss=0.7378
  batch 50/264  loss=0.4074
  batch 60/264  loss=0.3332
  batch 70/264  loss=0.4138
  batch 80/264  loss=0.3426
  batch 90/264  loss=0.3093
  batch 100/264  loss=0.3128
  batch 110/264  loss=0.3247
  batch 120/264  loss=0.3353
  batch 130/264  loss=0.5328
  batch 140/264  loss=0.3179
  batch 150/264  loss=0.4424
  batch 160/264  loss=0.3914
  batch 170/264  loss=0.5225
  batch 180/264  loss=0.3453
  batch 190/264  loss=0.5809
  batch 200/264  loss=0.3116
  batch 210/264  loss=0.3077
  batch 220/264  loss=0.4513
  batch 230/264  loss=0.4341
  batch 240/264  loss=0.3636
  batch 250/264  loss=0.7338
  batch 260/264  loss=0.2870
Epoch 275/300  train=3.630e-01  rmse=1.9378  lr=3.1e-06  230s
  batch 10/264  loss=0.3421
  batch 20/264  loss=0.3006
  batch 30/264  loss=0.3859
  batch 40/264  loss=0.3055
  batch 50/264  loss=0.3370
  batch 60/264  loss=0.2876
  batch 70/264  loss=0.3535
  batch 80/264  loss=0.2869
  batch 90/264  loss=0.3704
  batch 100/264  loss=0.3164
  batch 110/264  loss=0.4147
  batch 120/264  loss=0.4458
  batch 130/264  loss=0.3332
  batch 140/264  loss=0.2935
  batch 150/264  loss=0.3152
  batch 160/264  loss=0.3859
  batch 170/264  loss=0.3100
  batch 180/264  loss=0.3530
  batch 190/264  loss=0.3985
  batch 200/264  loss=0.2920
  batch 210/264  loss=0.4252
  batch 220/264  loss=0.3140
  batch 230/264  loss=0.3078
  batch 240/264  loss=0.2913
  batch 250/264  loss=0.2877
  batch 260/264  loss=0.3407
Epoch 276/300  train=3.571e-01  rmse=2.4100  lr=3.1e-06  230s
  -> best  monitor=3.571e-01
  batch 10/264  loss=0.4500
  batch 20/264  loss=0.3199
  batch 30/264  loss=0.3483
  batch 40/264  loss=0.3163
  batch 50/264  loss=0.3587
  batch 60/264  loss=0.2748
  batch 70/264  loss=0.4186
  batch 80/264  loss=0.3669
  batch 90/264  loss=0.5036
  batch 100/264  loss=0.4782
  batch 110/264  loss=0.3173
  batch 120/264  loss=0.2949
  batch 130/264  loss=0.4009
  batch 140/264  loss=0.3126
  batch 150/264  loss=0.4126
  batch 160/264  loss=0.4005
  batch 170/264  loss=0.3190
  batch 180/264  loss=0.2711
  batch 190/264  loss=0.2916
  batch 200/264  loss=0.3212
  batch 210/264  loss=0.3044
  batch 220/264  loss=0.4528
  batch 230/264  loss=0.3557
  batch 240/264  loss=0.5282
  batch 250/264  loss=0.2947
  batch 260/264  loss=0.3364
Epoch 277/300  train=3.601e-01  rmse=1.8075  lr=3.1e-06  235s
  batch 10/264  loss=0.3196
  batch 20/264  loss=0.3181
  batch 30/264  loss=0.5432
  batch 40/264  loss=0.4804
  batch 50/264  loss=0.3391
  batch 60/264  loss=0.3022
  batch 70/264  loss=0.4071
  batch 80/264  loss=0.5369
  batch 90/264  loss=0.2831
  batch 100/264  loss=0.3388
  batch 110/264  loss=0.3575
  batch 120/264  loss=0.2749
  batch 130/264  loss=0.3568
  batch 140/264  loss=0.2829
  batch 150/264  loss=0.2993
  batch 160/264  loss=0.3029
  batch 170/264  loss=0.3189
  batch 180/264  loss=0.3465
  batch 190/264  loss=0.3157
  batch 200/264  loss=0.3203
  batch 210/264  loss=0.3512
  batch 220/264  loss=0.3543
  batch 230/264  loss=0.3680
  batch 240/264  loss=0.4666
  batch 250/264  loss=0.4025
  batch 260/264  loss=0.4516
Epoch 278/300  train=3.620e-01  rmse=2.4710  lr=3.1e-06  259s
  batch 10/264  loss=0.3680
  batch 20/264  loss=0.3358
  batch 30/264  loss=0.5313
  batch 40/264  loss=0.2854
  batch 50/264  loss=0.4301
  batch 60/264  loss=0.3685
  batch 70/264  loss=0.3160
  batch 80/264  loss=0.3708
  batch 90/264  loss=0.3309
  batch 100/264  loss=0.3800
  batch 110/264  loss=0.3398
  batch 120/264  loss=0.3588
  batch 130/264  loss=0.3333
  batch 140/264  loss=0.4608
  batch 150/264  loss=0.3342
  batch 160/264  loss=0.3525
  batch 170/264  loss=0.3785
  batch 180/264  loss=0.4331
  batch 190/264  loss=0.3268
  batch 200/264  loss=0.4133
  batch 210/264  loss=0.3344
  batch 220/264  loss=0.4311
  batch 230/264  loss=0.3350
  batch 240/264  loss=0.3381
  batch 250/264  loss=0.4407
  batch 260/264  loss=0.2913
Epoch 279/300  train=3.638e-01  rmse=2.4099  lr=3.1e-06  258s
  batch 10/264  loss=0.3723
  batch 20/264  loss=0.3919
  batch 30/264  loss=0.4257
  batch 40/264  loss=0.3292
  batch 50/264  loss=0.4218
  batch 60/264  loss=0.3854
  batch 70/264  loss=0.3236
  batch 80/264  loss=0.4954
  batch 90/264  loss=0.3304
  batch 100/264  loss=0.2931
  batch 110/264  loss=0.3389
  batch 120/264  loss=0.3085
  batch 130/264  loss=0.3012
  batch 140/264  loss=0.3947
  batch 150/264  loss=0.2488
  batch 160/264  loss=0.3520
  batch 170/264  loss=0.3047
  batch 180/264  loss=0.3046
  batch 190/264  loss=0.2806
  batch 200/264  loss=0.3426
  batch 210/264  loss=0.3528
  batch 220/264  loss=0.3589
  batch 230/264  loss=0.4284
  batch 240/264  loss=0.4430
  batch 250/264  loss=0.2968
  batch 260/264  loss=0.3531
Epoch 280/300  train=3.634e-01  rmse=3.3931  lr=3.1e-06  253s
  batch 10/264  loss=0.4770
  batch 20/264  loss=0.3465
  batch 30/264  loss=0.4510
  batch 40/264  loss=0.3822
  batch 50/264  loss=0.4107
  batch 60/264  loss=0.3362
  batch 70/264  loss=0.4458
  batch 80/264  loss=0.3353
  batch 90/264  loss=0.2634
  batch 100/264  loss=0.3521
  batch 110/264  loss=0.3350
  batch 120/264  loss=0.3747
  batch 130/264  loss=0.5329
  batch 140/264  loss=0.4547
  batch 150/264  loss=0.3668
  batch 160/264  loss=0.2951
  batch 170/264  loss=0.3535
  batch 180/264  loss=0.4532
  batch 190/264  loss=0.3027
  batch 200/264  loss=0.4040
  batch 210/264  loss=0.3450
  batch 220/264  loss=0.4016
  batch 230/264  loss=0.3584
  batch 240/264  loss=0.3249
  batch 250/264  loss=0.3029
  batch 260/264  loss=0.3247
Epoch 281/300  train=3.616e-01  rmse=2.3953  lr=3.1e-06  228s
  batch 10/264  loss=0.4992
  batch 20/264  loss=0.4311
  batch 30/264  loss=0.3238
  batch 40/264  loss=0.2925
  batch 50/264  loss=0.3681
  batch 60/264  loss=0.3565
  batch 70/264  loss=0.4252
  batch 80/264  loss=0.2772
  batch 90/264  loss=0.3087
  batch 100/264  loss=0.2713
  batch 110/264  loss=0.3326
  batch 120/264  loss=0.3279
  batch 130/264  loss=0.4143
  batch 140/264  loss=0.3102
  batch 150/264  loss=0.4300
  batch 160/264  loss=0.7240
  batch 170/264  loss=0.2784
  batch 180/264  loss=0.2854
  batch 190/264  loss=0.2938
  batch 200/264  loss=0.3051
  batch 210/264  loss=0.2921
  batch 220/264  loss=0.3320
  batch 230/264  loss=0.3359
  batch 240/264  loss=0.3641
  batch 250/264  loss=0.2524
  batch 260/264  loss=0.4605
Epoch 282/300  train=3.628e-01  rmse=1.9822  lr=3.1e-06  229s
  batch 10/264  loss=0.3737
  batch 20/264  loss=0.3954
  batch 30/264  loss=0.3361
  batch 40/264  loss=0.3155
  batch 50/264  loss=0.4264
  batch 60/264  loss=0.3373
  batch 70/264  loss=0.3348
  batch 80/264  loss=0.6310
  batch 90/264  loss=0.3390
  batch 100/264  loss=0.3069
  batch 110/264  loss=0.3128
  batch 120/264  loss=0.2792
  batch 130/264  loss=0.4047
  batch 140/264  loss=0.4755
  batch 150/264  loss=0.3286
  batch 160/264  loss=0.3129
  batch 170/264  loss=0.4125
  batch 180/264  loss=0.3620
  batch 190/264  loss=0.3337
  batch 200/264  loss=0.3476
  batch 210/264  loss=0.2951
  batch 220/264  loss=0.5441
  batch 230/264  loss=0.3784
  batch 240/264  loss=0.2985
  batch 250/264  loss=0.3584
  batch 260/264  loss=0.3739
Epoch 283/300  train=3.609e-01  rmse=2.7354  lr=3.1e-06  229s
  batch 10/264  loss=0.2876
  batch 20/264  loss=0.3925
  batch 30/264  loss=0.3828
  batch 40/264  loss=0.2967
  batch 50/264  loss=0.4832
  batch 60/264  loss=0.3382
  batch 70/264  loss=0.4469
  batch 80/264  loss=0.3464
  batch 90/264  loss=0.4202
  batch 100/264  loss=0.3210
  batch 110/264  loss=0.3013
  batch 120/264  loss=0.3545
  batch 130/264  loss=0.4051
  batch 140/264  loss=0.3538
  batch 150/264  loss=0.3030
  batch 160/264  loss=0.3440
  batch 170/264  loss=0.3150
  batch 180/264  loss=0.2701
  batch 190/264  loss=0.3128
  batch 200/264  loss=0.3427
  batch 210/264  loss=0.3670
  batch 220/264  loss=0.3166
  batch 230/264  loss=0.3539
  batch 240/264  loss=0.5196
  batch 250/264  loss=0.3229
  batch 260/264  loss=0.3307
Epoch 284/300  train=3.605e-01  rmse=1.7815  lr=3.1e-06  229s
  batch 10/264  loss=0.4403
  batch 20/264  loss=0.3086
  batch 30/264  loss=0.3604
  batch 40/264  loss=0.2743
  batch 50/264  loss=0.3150
  batch 60/264  loss=0.2817
  batch 70/264  loss=0.4420
  batch 80/264  loss=0.3631
  batch 90/264  loss=0.3331
  batch 100/264  loss=0.3194
  batch 110/264  loss=0.3245
  batch 120/264  loss=0.3924
  batch 130/264  loss=0.2907
  batch 140/264  loss=0.3276
  batch 150/264  loss=0.4785
  batch 160/264  loss=0.3024
  batch 170/264  loss=0.3419
  batch 180/264  loss=0.4898
  batch 190/264  loss=0.3802
  batch 200/264  loss=0.4504
  batch 210/264  loss=0.4055
  batch 220/264  loss=0.2964
  batch 230/264  loss=0.3772
  batch 240/264  loss=0.4122
  batch 250/264  loss=0.3180
  batch 260/264  loss=0.4951
Epoch 285/300  train=3.598e-01  rmse=3.1164  lr=3.1e-06  229s
  batch 10/264  loss=0.4381
  batch 20/264  loss=0.3541
  batch 30/264  loss=0.3252
  batch 40/264  loss=1.1129
  batch 50/264  loss=0.4299
  batch 60/264  loss=0.4107
  batch 70/264  loss=0.3056
  batch 80/264  loss=0.2689
  batch 90/264  loss=0.3087
  batch 100/264  loss=0.3302
  batch 110/264  loss=0.2789
  batch 120/264  loss=0.2788
  batch 130/264  loss=0.3056
  batch 140/264  loss=0.4863
  batch 150/264  loss=0.3556
  batch 160/264  loss=0.7271
  batch 170/264  loss=0.3970
  batch 180/264  loss=0.3332
  batch 190/264  loss=0.3339
  batch 200/264  loss=0.2631
  batch 210/264  loss=0.4144
  batch 220/264  loss=0.4304
  batch 230/264  loss=0.3819
  batch 240/264  loss=0.2987
  batch 250/264  loss=0.5261
  batch 260/264  loss=0.3748
Epoch 286/300  train=3.644e-01  rmse=2.3446  lr=3.1e-06  229s
  batch 10/264  loss=0.3378
  batch 20/264  loss=0.3893
  batch 30/264  loss=0.3228
  batch 40/264  loss=0.3244
  batch 50/264  loss=0.3027
  batch 60/264  loss=0.3256
  batch 70/264  loss=0.2850
  batch 80/264  loss=0.4212
  batch 90/264  loss=0.3076
  batch 100/264  loss=0.2917
  batch 110/264  loss=0.2758
  batch 120/264  loss=0.3794
  batch 130/264  loss=0.3574
  batch 140/264  loss=0.3729
  batch 150/264  loss=0.3432
  batch 160/264  loss=0.3366
  batch 170/264  loss=0.4426
  batch 180/264  loss=0.3244
  batch 190/264  loss=0.3172
  batch 200/264  loss=0.4333
  batch 210/264  loss=0.2696
  batch 220/264  loss=0.3367
  batch 230/264  loss=0.3614
  batch 240/264  loss=0.3350
  batch 250/264  loss=0.3461
  batch 260/264  loss=0.3861
Epoch 287/300  train=3.584e-01  rmse=1.9376  lr=1.6e-06  228s
  batch 10/264  loss=0.4332
  batch 20/264  loss=0.3961
  batch 30/264  loss=0.3094
  batch 40/264  loss=0.4309
  batch 50/264  loss=0.3010
  batch 60/264  loss=0.3446
  batch 70/264  loss=0.3593
  batch 80/264  loss=0.3164
  batch 90/264  loss=0.3897
  batch 100/264  loss=0.4868
  batch 110/264  loss=0.3120
  batch 120/264  loss=0.4331
  batch 130/264  loss=0.3977
  batch 140/264  loss=0.3054
  batch 150/264  loss=0.2912
  batch 160/264  loss=0.2605
  batch 170/264  loss=0.3118
  batch 180/264  loss=0.3178
  batch 190/264  loss=0.4265
  batch 200/264  loss=0.3296
  batch 210/264  loss=0.2951
  batch 220/264  loss=0.3589
  batch 230/264  loss=0.5148
  batch 240/264  loss=0.4667
  batch 250/264  loss=0.2896
  batch 260/264  loss=0.3100
Epoch 288/300  train=3.581e-01  rmse=1.8267  lr=1.6e-06  228s
  batch 10/264  loss=0.3076
  batch 20/264  loss=0.4266
  batch 30/264  loss=0.3157
  batch 40/264  loss=0.3443
  batch 50/264  loss=0.2665
  batch 60/264  loss=0.3619
  batch 70/264  loss=0.3499
  batch 80/264  loss=0.3090
  batch 90/264  loss=0.3340
  batch 100/264  loss=0.3095
  batch 110/264  loss=0.3463
  batch 120/264  loss=0.3080
  batch 130/264  loss=0.4568
  batch 140/264  loss=0.4595
  batch 150/264  loss=0.2751
  batch 160/264  loss=0.3268
  batch 170/264  loss=0.4893
  batch 180/264  loss=0.2968
  batch 190/264  loss=0.5955
  batch 200/264  loss=0.3497
  batch 210/264  loss=0.2613
  batch 220/264  loss=0.3404
  batch 230/264  loss=0.3253
  batch 240/264  loss=0.3240
  batch 250/264  loss=0.3599
  batch 260/264  loss=0.2713
Epoch 289/300  train=3.630e-01  rmse=2.0220  lr=1.6e-06  230s
  batch 10/264  loss=0.3110
  batch 20/264  loss=0.3694
  batch 30/264  loss=0.3581
  batch 40/264  loss=0.4122
  batch 50/264  loss=0.2849
  batch 60/264  loss=0.3080
  batch 70/264  loss=0.3296
  batch 80/264  loss=0.4160
  batch 90/264  loss=0.3361
  batch 100/264  loss=0.3037
  batch 110/264  loss=0.3556
  batch 120/264  loss=0.4554
  batch 130/264  loss=0.3943
  batch 140/264  loss=0.2899
  batch 150/264  loss=0.3102
  batch 160/264  loss=0.4144
  batch 170/264  loss=0.3016
  batch 180/264  loss=0.3201
  batch 190/264  loss=0.2959
  batch 200/264  loss=0.2853
  batch 210/264  loss=0.2847
  batch 220/264  loss=0.3246
  batch 230/264  loss=0.2893
  batch 240/264  loss=0.4443
  batch 250/264  loss=0.3181
  batch 260/264  loss=0.3100
Epoch 290/300  train=3.636e-01  rmse=3.6938  lr=1.6e-06  230s
  batch 10/264  loss=0.4957
  batch 20/264  loss=0.3135
  batch 30/264  loss=0.3104
  batch 40/264  loss=0.3284
  batch 50/264  loss=0.3201
  batch 60/264  loss=0.3262
  batch 70/264  loss=0.3333
  batch 80/264  loss=0.4407
  batch 90/264  loss=0.5190
  batch 100/264  loss=0.3536
  batch 110/264  loss=0.2790
  batch 120/264  loss=0.4191
  batch 130/264  loss=0.3270
  batch 140/264  loss=0.4169
  batch 150/264  loss=0.3032
  batch 160/264  loss=0.5322
  batch 170/264  loss=0.3295
  batch 180/264  loss=0.4815
  batch 190/264  loss=0.3015
  batch 200/264  loss=0.3358
  batch 210/264  loss=0.4645
  batch 220/264  loss=0.4308
  batch 230/264  loss=0.3450
  batch 240/264  loss=0.3545
  batch 250/264  loss=0.2801
  batch 260/264  loss=0.4473
Epoch 291/300  train=3.629e-01  rmse=5.7829  lr=1.6e-06  229s
  batch 10/264  loss=0.4307
  batch 20/264  loss=0.3909
  batch 30/264  loss=0.3757
  batch 40/264  loss=0.3470
  batch 50/264  loss=0.3238
  batch 60/264  loss=0.3341
  batch 70/264  loss=0.3677
  batch 80/264  loss=0.3739
  batch 90/264  loss=0.3781
  batch 100/264  loss=0.4849
  batch 110/264  loss=0.2842
  batch 120/264  loss=0.3790
  batch 130/264  loss=0.3131
  batch 140/264  loss=0.2957
  batch 150/264  loss=0.3206
  batch 160/264  loss=0.3846
  batch 170/264  loss=0.3642
  batch 180/264  loss=0.3509
  batch 190/264  loss=0.3138
  batch 200/264  loss=0.4856
  batch 210/264  loss=0.3583
  batch 220/264  loss=0.2856
  batch 230/264  loss=0.3122
  batch 240/264  loss=0.4464
  batch 250/264  loss=0.3284
  batch 260/264  loss=0.3037
Epoch 292/300  train=3.661e-01  rmse=2.9652  lr=1.6e-06  228s
  batch 10/264  loss=0.3359
  batch 20/264  loss=0.2985
  batch 30/264  loss=0.3485
  batch 40/264  loss=0.4044
  batch 50/264  loss=0.3456
  batch 60/264  loss=0.3392
  batch 70/264  loss=0.2826
  batch 80/264  loss=0.2932
  batch 90/264  loss=0.3856
  batch 100/264  loss=0.4073
  batch 110/264  loss=0.3303
  batch 120/264  loss=0.3685
  batch 130/264  loss=0.2697
  batch 140/264  loss=0.3302
  batch 150/264  loss=0.3350
  batch 160/264  loss=0.3636
  batch 170/264  loss=0.2823
  batch 180/264  loss=0.3282
  batch 190/264  loss=0.3561
  batch 200/264  loss=0.3725
  batch 210/264  loss=0.3273
  batch 220/264  loss=0.3287
  batch 230/264  loss=0.3565
  batch 240/264  loss=0.2598
  batch 250/264  loss=0.2981
  batch 260/264  loss=0.3193
Epoch 293/300  train=3.574e-01  rmse=2.7544  lr=1.6e-06  229s
  batch 10/264  loss=0.4673
  batch 20/264  loss=0.3799
  batch 30/264  loss=0.3693
  batch 40/264  loss=0.3997
  batch 50/264  loss=0.2896
  batch 60/264  loss=0.3314
  batch 70/264  loss=0.2914
  batch 80/264  loss=0.4195
  batch 90/264  loss=0.3895
  batch 100/264  loss=0.4141
  batch 110/264  loss=0.4091
  batch 120/264  loss=0.3388
  batch 130/264  loss=0.3534
  batch 140/264  loss=0.3160
  batch 150/264  loss=0.5286
  batch 160/264  loss=0.3207
  batch 170/264  loss=0.3103
  batch 180/264  loss=0.2895
  batch 190/264  loss=0.3707
  batch 200/264  loss=0.4554
  batch 210/264  loss=0.2953
  batch 220/264  loss=0.3182
  batch 230/264  loss=0.5141
  batch 240/264  loss=0.2646
  batch 250/264  loss=0.4089
  batch 260/264  loss=0.3330
Epoch 294/300  train=3.562e-01  rmse=2.4428  lr=1.6e-06  231s
  -> best  monitor=3.562e-01
  batch 10/264  loss=0.4293
  batch 20/264  loss=0.4816
  batch 30/264  loss=0.3395
  batch 40/264  loss=0.5046
  batch 50/264  loss=0.4454
  batch 60/264  loss=0.3189
  batch 70/264  loss=0.3519
  batch 80/264  loss=0.3390
  batch 90/264  loss=0.2725
  batch 100/264  loss=0.3394
  batch 110/264  loss=0.3917
  batch 120/264  loss=0.2995
  batch 130/264  loss=0.5634
  batch 140/264  loss=0.3304
  batch 150/264  loss=0.3658
  batch 160/264  loss=0.4427
  batch 170/264  loss=0.3104
  batch 180/264  loss=0.2948
  batch 190/264  loss=0.3032
  batch 200/264  loss=0.2688
  batch 210/264  loss=0.2894
  batch 220/264  loss=0.2697
  batch 230/264  loss=0.2972
  batch 240/264  loss=0.4463
  batch 250/264  loss=0.4746
  batch 260/264  loss=0.2926
Epoch 295/300  train=3.617e-01  rmse=1.9653  lr=1.6e-06  231s
  batch 10/264  loss=0.3009
  batch 20/264  loss=0.2832
  batch 30/264  loss=0.2874
  batch 40/264  loss=0.4529
  batch 50/264  loss=0.4875
  batch 60/264  loss=0.5304
  batch 70/264  loss=0.5761
  batch 80/264  loss=0.3445
  batch 90/264  loss=0.3586
  batch 100/264  loss=0.3686
  batch 110/264  loss=0.4374
  batch 120/264  loss=0.3205
  batch 130/264  loss=0.2794
  batch 140/264  loss=0.2572
  batch 150/264  loss=0.3440
  batch 160/264  loss=0.3621
  batch 170/264  loss=0.3152
  batch 180/264  loss=0.3465
  batch 190/264  loss=0.3192
  batch 200/264  loss=0.3907
  batch 210/264  loss=0.2829
  batch 220/264  loss=0.2877
  batch 230/264  loss=0.2952
  batch 240/264  loss=0.4377
  batch 250/264  loss=0.4508
  batch 260/264  loss=0.2973
Epoch 296/300  train=3.626e-01  rmse=2.8018  lr=1.6e-06  229s
  batch 10/264  loss=0.3136
  batch 20/264  loss=0.3763
  batch 30/264  loss=0.4125
  batch 40/264  loss=0.3760
  batch 50/264  loss=0.4222
  batch 60/264  loss=0.3014
  batch 70/264  loss=0.3632
  batch 80/264  loss=0.3189
  batch 90/264  loss=0.2649
  batch 100/264  loss=0.4968
  batch 110/264  loss=0.3017
  batch 120/264  loss=0.4600
  batch 130/264  loss=0.3931
  batch 140/264  loss=0.2489
  batch 150/264  loss=0.3043
  batch 160/264  loss=0.3511
  batch 170/264  loss=0.4923
  batch 180/264  loss=0.5217
  batch 190/264  loss=0.4922
  batch 200/264  loss=0.3230
  batch 210/264  loss=0.3137
  batch 220/264  loss=0.2711
  batch 230/264  loss=0.3312
  batch 240/264  loss=0.3370
  batch 250/264  loss=0.3238
  batch 260/264  loss=0.3610
Epoch 297/300  train=3.605e-01  rmse=3.4362  lr=1.6e-06  225s
  batch 10/264  loss=0.3932
  batch 20/264  loss=0.4620
  batch 30/264  loss=0.3040
  batch 40/264  loss=0.3620
  batch 50/264  loss=0.4180
  batch 60/264  loss=0.3507
  batch 70/264  loss=0.4058
  batch 80/264  loss=0.2712
  batch 90/264  loss=0.3376
  batch 100/264  loss=0.3677
  batch 110/264  loss=0.3695
  batch 120/264  loss=0.5150
  batch 130/264  loss=0.3123
  batch 140/264  loss=0.3026
  batch 150/264  loss=0.3999
  batch 160/264  loss=0.4470
  batch 170/264  loss=0.4814
  batch 180/264  loss=0.3328
  batch 190/264  loss=0.6049
  batch 200/264  loss=0.3363
  batch 210/264  loss=0.3326
  batch 220/264  loss=0.3778
  batch 230/264  loss=0.2558
  batch 240/264  loss=0.2921
  batch 250/264  loss=0.4643
  batch 260/264  loss=0.3432
Epoch 298/300  train=3.685e-01  rmse=2.7040  lr=1.6e-06  229s
  batch 10/264  loss=0.3553
  batch 20/264  loss=0.3051
  batch 30/264  loss=0.3150
  batch 40/264  loss=0.3244
  batch 50/264  loss=0.3201
  batch 60/264  loss=0.4352
  batch 70/264  loss=0.3408
  batch 80/264  loss=0.3320
  batch 90/264  loss=0.2822
  batch 100/264  loss=0.3768
  batch 110/264  loss=0.3023
  batch 120/264  loss=0.4503
  batch 130/264  loss=0.3113
  batch 140/264  loss=0.5532
  batch 150/264  loss=0.5254
  batch 160/264  loss=0.3397
  batch 170/264  loss=0.4096
  batch 180/264  loss=0.3078
  batch 190/264  loss=0.3830
  batch 200/264  loss=0.3098
  batch 210/264  loss=0.2510
  batch 220/264  loss=0.3214
  batch 230/264  loss=0.3391
  batch 240/264  loss=0.2975
  batch 250/264  loss=0.4207
  batch 260/264  loss=0.3934
Epoch 299/300  train=3.607e-01  rmse=1.7738  lr=1.6e-06  228s
  batch 10/264  loss=0.2836
  batch 20/264  loss=0.3332
  batch 30/264  loss=0.3369
  batch 40/264  loss=0.4121
  batch 50/264  loss=0.3289
  batch 60/264  loss=0.4067
  batch 70/264  loss=0.2952
  batch 80/264  loss=0.4374
  batch 90/264  loss=0.3484
  batch 100/264  loss=0.3517
  batch 110/264  loss=0.2981
  batch 120/264  loss=0.3657
  batch 130/264  loss=0.3001
  batch 140/264  loss=0.4225
  batch 150/264  loss=0.2715
  batch 160/264  loss=0.3770
  batch 170/264  loss=0.3058
  batch 180/264  loss=0.3065
  batch 190/264  loss=0.3017
  batch 200/264  loss=0.3543
  batch 210/264  loss=0.3454
  batch 220/264  loss=0.3606
  batch 230/264  loss=0.3504
  batch 240/264  loss=0.3282
  batch 250/264  loss=0.3276
  batch 260/264  loss=0.3834
Epoch 300/300  train=3.618e-01  rmse=2.6524  lr=1.6e-06  229s

Test evaluation (best checkpoint)...
Test (RMSE / MAE in μg/m³):
  total: 0.584970
  main: 0.033267
  nonneg: 0.000000
  smooth: 0.000000
  anom: 0.024011
  grad: 0.000589
  pattern: 0.175311
  spectral: 0.351792
  var: 0.000000
  rmse: 0.927024
  rmse_low: 1.215368
  rmse_high: 0.396498
  mae: 0.449291

  z  Height(m)        R²
--------------------------
  0       15.0    0.7254  <- ~0-100m
  1       25.0    0.7440  <- ~0-100m
  2       35.0    0.7927  <- ~0-100m
  3       45.0    0.8352  <- ~0-100m
  4       55.0    0.8678  <- ~0-100m
  5       75.0    0.9157  <- ~0-100m
  6       95.0    0.9428  <- ~0-100m
  7      115.0    0.9587  <- ~0-100m
  8      135.0    0.9674
  9      155.0    0.9690
 10      175.0    0.9672
 11      195.0    0.9656
