Device: cuda
Building datasets...
Temporal split:  train=264  val=0  test=72
Fitting normalisation on 264 samples...
  50/264
  100/264
  150/264
  200/264
  250/264
Done.
  emission  mean=5.6840  std=1.1291
  pm25      per-level  mean[0]=2.3826e+00  mean[-1]=1.1283e+00
Model: UNet3D  base_ch=16  params: 1,598,466
No val set — using train loss for scheduler and checkpoint selection.

Training for 300 epochs...
  batch 10/264  loss=2.7185
  batch 20/264  loss=4.1321
  batch 30/264  loss=1.9809
  batch 40/264  loss=2.9687
  batch 50/264  loss=2.3190
  batch 60/264  loss=2.1639
  batch 70/264  loss=1.2854
  batch 80/264  loss=1.2457
  batch 90/264  loss=3.6664
  batch 100/264  loss=4.6916
  batch 110/264  loss=1.3196
  batch 120/264  loss=1.0753
  batch 130/264  loss=1.2419
  batch 140/264  loss=1.2288
  batch 150/264  loss=1.9904
  batch 160/264  loss=1.8695
  batch 170/264  loss=1.0022
  batch 180/264  loss=2.7578
  batch 190/264  loss=2.6510
  batch 200/264  loss=1.0850
  batch 210/264  loss=1.6484
  batch 220/264  loss=1.2823
  batch 230/264  loss=1.5098
  batch 240/264  loss=1.6933
  batch 250/264  loss=1.6804
  batch 260/264  loss=1.3119
Epoch   1/300  train=2.053e+00  rmse=4.4569  lr=1.0e-04  258s
  -> best  monitor=2.053e+00
  batch 10/264  loss=1.4590
  batch 20/264  loss=2.3363
  batch 30/264  loss=2.0724
  batch 40/264  loss=4.5361
  batch 50/264  loss=1.1693
  batch 60/264  loss=1.0399
  batch 70/264  loss=1.1676
  batch 80/264  loss=1.4959
  batch 90/264  loss=1.7822
  batch 100/264  loss=0.9861
  batch 110/264  loss=1.1049
  batch 120/264  loss=0.9529
  batch 130/264  loss=1.3019
  batch 140/264  loss=1.2230
  batch 150/264  loss=2.8161
  batch 160/264  loss=1.0184
  batch 170/264  loss=3.3115
  batch 180/264  loss=1.6849
  batch 190/264  loss=1.3805
  batch 200/264  loss=1.4150
  batch 210/264  loss=1.8399
  batch 220/264  loss=1.2806
  batch 230/264  loss=0.9811
  batch 240/264  loss=1.6677
  batch 250/264  loss=0.9465
  batch 260/264  loss=0.9100
Epoch   2/300  train=1.508e+00  rmse=3.8193  lr=1.0e-04  231s
  -> best  monitor=1.508e+00
  batch 10/264  loss=1.3815
  batch 20/264  loss=1.0222
  batch 30/264  loss=2.9445
  batch 40/264  loss=1.0207
  batch 50/264  loss=1.0272
  batch 60/264  loss=0.8142
  batch 70/264  loss=0.9738
  batch 80/264  loss=1.8971
  batch 90/264  loss=1.7686
  batch 100/264  loss=1.0095
  batch 110/264  loss=0.7478
  batch 120/264  loss=1.7132
  batch 130/264  loss=1.0284
  batch 140/264  loss=1.3565
  batch 150/264  loss=0.7855
  batch 160/264  loss=1.0777
  batch 170/264  loss=1.4555
  batch 180/264  loss=1.1643
  batch 190/264  loss=1.3119
  batch 200/264  loss=0.8251
  batch 210/264  loss=2.9136
  batch 220/264  loss=0.8889
  batch 230/264  loss=0.9354
  batch 240/264  loss=0.8115
  batch 250/264  loss=0.8584
  batch 260/264  loss=1.3779
Epoch   3/300  train=1.216e+00  rmse=3.2988  lr=1.0e-04  228s
  -> best  monitor=1.216e+00
  batch 10/264  loss=0.8909
  batch 20/264  loss=1.0926
  batch 30/264  loss=0.8736
  batch 40/264  loss=0.9111
  batch 50/264  loss=0.7411
  batch 60/264  loss=0.9624
  batch 70/264  loss=0.7680
  batch 80/264  loss=0.8026
  batch 90/264  loss=0.7720
  batch 100/264  loss=0.8960
  batch 110/264  loss=0.9351
  batch 120/264  loss=1.5582
  batch 130/264  loss=0.7783
  batch 140/264  loss=1.1523
  batch 150/264  loss=0.7465
  batch 160/264  loss=1.4885
  batch 170/264  loss=0.6172
  batch 180/264  loss=1.3973
  batch 190/264  loss=0.9132
  batch 200/264  loss=1.4439
  batch 210/264  loss=0.7693
  batch 220/264  loss=1.9070
  batch 230/264  loss=0.6945
  batch 240/264  loss=1.5640
  batch 250/264  loss=1.0839
  batch 260/264  loss=0.8187
Epoch   4/300  train=1.069e+00  rmse=3.0133  lr=1.0e-04  229s
  -> best  monitor=1.069e+00
  batch 10/264  loss=0.7834
  batch 20/264  loss=0.8116
  batch 30/264  loss=1.0033
  batch 40/264  loss=2.0010
  batch 50/264  loss=0.9176
  batch 60/264  loss=2.3288
  batch 70/264  loss=0.7463
  batch 80/264  loss=0.6296
  batch 90/264  loss=0.7759
  batch 100/264  loss=0.8465
  batch 110/264  loss=0.8309
  batch 120/264  loss=0.8940
  batch 130/264  loss=0.8045
  batch 140/264  loss=1.9151
  batch 150/264  loss=0.9177
  batch 160/264  loss=0.6187
  batch 170/264  loss=0.9979
  batch 180/264  loss=0.6689
  batch 190/264  loss=0.7208
  batch 200/264  loss=1.0779
  batch 210/264  loss=0.7611
  batch 220/264  loss=0.7360
  batch 230/264  loss=0.5983
  batch 240/264  loss=0.7750
  batch 250/264  loss=0.6329
  batch 260/264  loss=0.8451
Epoch   5/300  train=9.873e-01  rmse=2.8784  lr=1.0e-04  228s
  -> best  monitor=9.873e-01
  batch 10/264  loss=0.9401
  batch 20/264  loss=0.6084
  batch 30/264  loss=0.8026
  batch 40/264  loss=0.6795
  batch 50/264  loss=1.1302
  batch 60/264  loss=0.6978
  batch 70/264  loss=1.1117
  batch 80/264  loss=1.2321
  batch 90/264  loss=1.0580
  batch 100/264  loss=2.0469
  batch 110/264  loss=0.9787
  batch 120/264  loss=1.3555
  batch 130/264  loss=0.7227
  batch 140/264  loss=0.8073
  batch 150/264  loss=0.7931
  batch 160/264  loss=1.4004
  batch 170/264  loss=0.5712
  batch 180/264  loss=0.8771
  batch 190/264  loss=2.0934
  batch 200/264  loss=0.8108
  batch 210/264  loss=0.7906
  batch 220/264  loss=0.5858
  batch 230/264  loss=0.6454
  batch 240/264  loss=1.0332
  batch 250/264  loss=0.7490
  batch 260/264  loss=1.1504
Epoch   6/300  train=9.551e-01  rmse=2.8844  lr=1.0e-04  228s
  -> best  monitor=9.551e-01
  batch 10/264  loss=0.9706
  batch 20/264  loss=0.5441
  batch 30/264  loss=0.7316
  batch 40/264  loss=0.9556
  batch 50/264  loss=1.0775
  batch 60/264  loss=0.7182
  batch 70/264  loss=0.8917
  batch 80/264  loss=1.1255
  batch 90/264  loss=0.8950
  batch 100/264  loss=0.8136
  batch 110/264  loss=1.0312
  batch 120/264  loss=0.7980
  batch 130/264  loss=0.8672
  batch 140/264  loss=0.6970
  batch 150/264  loss=0.6483
  batch 160/264  loss=0.5282
  batch 170/264  loss=0.8428
  batch 180/264  loss=0.7917
  batch 190/264  loss=1.5688
  batch 200/264  loss=0.6582
  batch 210/264  loss=1.5552
  batch 220/264  loss=1.3460
  batch 230/264  loss=0.7114
  batch 240/264  loss=0.7911
  batch 250/264  loss=0.8112
  batch 260/264  loss=0.7060
Epoch   7/300  train=9.009e-01  rmse=2.8343  lr=1.0e-04  229s
  -> best  monitor=9.009e-01
  batch 10/264  loss=0.7574
  batch 20/264  loss=0.6896
  batch 30/264  loss=0.6023
  batch 40/264  loss=0.8929
  batch 50/264  loss=0.6662
  batch 60/264  loss=0.8874
  batch 70/264  loss=0.7393
  batch 80/264  loss=0.7700
  batch 90/264  loss=0.7983
  batch 100/264  loss=0.7713
  batch 110/264  loss=0.6553
  batch 120/264  loss=0.7297
  batch 130/264  loss=0.6641
  batch 140/264  loss=0.5137
  batch 150/264  loss=0.9464
  batch 160/264  loss=0.9102
  batch 170/264  loss=0.7156
  batch 180/264  loss=0.6690
  batch 190/264  loss=0.6250
  batch 200/264  loss=1.7156
  batch 210/264  loss=0.8847
  batch 220/264  loss=0.5223
  batch 230/264  loss=0.8128
  batch 240/264  loss=0.6653
  batch 250/264  loss=0.7687
  batch 260/264  loss=1.7731
Epoch   8/300  train=8.765e-01  rmse=2.7880  lr=1.0e-04  229s
  -> best  monitor=8.765e-01
  batch 10/264  loss=0.6193
  batch 20/264  loss=0.6938
  batch 30/264  loss=0.6294
  batch 40/264  loss=0.5075
  batch 50/264  loss=0.5864
  batch 60/264  loss=0.5805
  batch 70/264  loss=0.6136
  batch 80/264  loss=0.5449
  batch 90/264  loss=0.4982
  batch 100/264  loss=0.8494
  batch 110/264  loss=0.6117
  batch 120/264  loss=0.6455
  batch 130/264  loss=0.7185
  batch 140/264  loss=0.6673
  batch 150/264  loss=0.6824
  batch 160/264  loss=0.6573
  batch 170/264  loss=1.2278
  batch 180/264  loss=0.6112
  batch 190/264  loss=0.6687
  batch 200/264  loss=0.8561
  batch 210/264  loss=0.7586
  batch 220/264  loss=0.5633
  batch 230/264  loss=0.8505
  batch 240/264  loss=0.6385
  batch 250/264  loss=1.2954
  batch 260/264  loss=0.6090
Epoch   9/300  train=8.625e-01  rmse=2.8319  lr=1.0e-04  229s
  -> best  monitor=8.625e-01
  batch 10/264  loss=0.6179
  batch 20/264  loss=0.6893
  batch 30/264  loss=0.7827
  batch 40/264  loss=0.7255
  batch 50/264  loss=0.8256
  batch 60/264  loss=0.8609
  batch 70/264  loss=0.6820
  batch 80/264  loss=0.7978
  batch 90/264  loss=0.6928
  batch 100/264  loss=0.6442
  batch 110/264  loss=0.6576
  batch 120/264  loss=0.7776
  batch 130/264  loss=0.7301
  batch 140/264  loss=0.7615
  batch 150/264  loss=0.8545
  batch 160/264  loss=0.8153
  batch 170/264  loss=0.7135
  batch 180/264  loss=1.0096
  batch 190/264  loss=0.7434
  batch 200/264  loss=0.6174
  batch 210/264  loss=1.6998
  batch 220/264  loss=0.6363
  batch 230/264  loss=0.7909
  batch 240/264  loss=1.4980
  batch 250/264  loss=0.7589
  batch 260/264  loss=0.5638
Epoch  10/300  train=8.364e-01  rmse=2.7657  lr=1.0e-04  228s
  -> best  monitor=8.364e-01
  batch 10/264  loss=0.8473
  batch 20/264  loss=0.7652
  batch 30/264  loss=0.5214
  batch 40/264  loss=0.5417
  batch 50/264  loss=0.9047
  batch 60/264  loss=0.5861
  batch 70/264  loss=0.7060
  batch 80/264  loss=0.6967
  batch 90/264  loss=1.0788
  batch 100/264  loss=0.8913
  batch 110/264  loss=0.8511
  batch 120/264  loss=0.5800
  batch 130/264  loss=2.0140
  batch 140/264  loss=0.7342
  batch 150/264  loss=0.8978
  batch 160/264  loss=0.6531
  batch 170/264  loss=0.8173
  batch 180/264  loss=0.6362
  batch 190/264  loss=0.6090
  batch 200/264  loss=0.5165
  batch 210/264  loss=0.9836
  batch 220/264  loss=0.5063
  batch 230/264  loss=0.7749
  batch 240/264  loss=0.5456
  batch 250/264  loss=0.7376
  batch 260/264  loss=0.6681
Epoch  11/300  train=8.132e-01  rmse=2.7306  lr=1.0e-04  229s
  -> best  monitor=8.132e-01
  batch 10/264  loss=0.8996
  batch 20/264  loss=0.9791
  batch 30/264  loss=0.7107
  batch 40/264  loss=1.1205
  batch 50/264  loss=0.5642
  batch 60/264  loss=0.5967
  batch 70/264  loss=0.5668
  batch 80/264  loss=0.8289
  batch 90/264  loss=0.5874
  batch 100/264  loss=0.5772
  batch 110/264  loss=0.7827
  batch 120/264  loss=0.7056
  batch 130/264  loss=0.7449
  batch 140/264  loss=0.5572
  batch 150/264  loss=0.5629
  batch 160/264  loss=0.6425
  batch 170/264  loss=0.5782
  batch 180/264  loss=0.5426
  batch 190/264  loss=0.6500
  batch 200/264  loss=0.9080
  batch 210/264  loss=0.8119
  batch 220/264  loss=0.7689
  batch 230/264  loss=0.7699
  batch 240/264  loss=1.1929
  batch 250/264  loss=0.9149
  batch 260/264  loss=0.7569
Epoch  12/300  train=8.022e-01  rmse=2.6960  lr=1.0e-04  229s
  -> best  monitor=8.022e-01
  batch 10/264  loss=1.3682
  batch 20/264  loss=1.5502
  batch 30/264  loss=0.4962
  batch 40/264  loss=2.3347
  batch 50/264  loss=0.7248
  batch 60/264  loss=1.0486
  batch 70/264  loss=0.6387
  batch 80/264  loss=0.7242
  batch 90/264  loss=0.7225
  batch 100/264  loss=1.0940
  batch 110/264  loss=0.8502
  batch 120/264  loss=0.8401
  batch 130/264  loss=0.7857
  batch 140/264  loss=0.6085
  batch 150/264  loss=0.6252
  batch 160/264  loss=0.5889
  batch 170/264  loss=0.6127
  batch 180/264  loss=0.5921
  batch 190/264  loss=0.9654
  batch 200/264  loss=0.6090
  batch 210/264  loss=1.0722
  batch 220/264  loss=0.5320
  batch 230/264  loss=0.5081
  batch 240/264  loss=0.4633
  batch 250/264  loss=0.6041
  batch 260/264  loss=0.5941
Epoch  13/300  train=7.680e-01  rmse=2.6428  lr=1.0e-04  228s
  -> best  monitor=7.680e-01
  batch 10/264  loss=0.6119
  batch 20/264  loss=1.8126
  batch 30/264  loss=0.7978
  batch 40/264  loss=1.2615
  batch 50/264  loss=1.1003
  batch 60/264  loss=0.5492
  batch 70/264  loss=0.8020
  batch 80/264  loss=0.9035
  batch 90/264  loss=0.5242
  batch 100/264  loss=1.1108
  batch 110/264  loss=0.7225
  batch 120/264  loss=0.6408
  batch 130/264  loss=0.6966
  batch 140/264  loss=0.8093
  batch 150/264  loss=0.7659
  batch 160/264  loss=1.2286
  batch 170/264  loss=0.6610
  batch 180/264  loss=0.8335
  batch 190/264  loss=0.5989
  batch 200/264  loss=0.5594
  batch 210/264  loss=0.7514
  batch 220/264  loss=1.2918
  batch 230/264  loss=0.7390
  batch 240/264  loss=0.4781
  batch 250/264  loss=0.5107
  batch 260/264  loss=0.5399
Epoch  14/300  train=7.618e-01  rmse=2.6224  lr=1.0e-04  229s
  -> best  monitor=7.618e-01
  batch 10/264  loss=0.5192
  batch 20/264  loss=1.0236
  batch 30/264  loss=0.8028
  batch 40/264  loss=0.8691
  batch 50/264  loss=0.8695
  batch 60/264  loss=0.5081
  batch 70/264  loss=0.6322
  batch 80/264  loss=0.7219
  batch 90/264  loss=0.6999
  batch 100/264  loss=1.0009
  batch 110/264  loss=0.6218
  batch 120/264  loss=0.5263
  batch 130/264  loss=0.4949
  batch 140/264  loss=0.7936
  batch 150/264  loss=0.6533
  batch 160/264  loss=0.4866
  batch 170/264  loss=0.7811
  batch 180/264  loss=0.8014
  batch 190/264  loss=0.9261
  batch 200/264  loss=1.2622
  batch 210/264  loss=0.6432
  batch 220/264  loss=0.5823
  batch 230/264  loss=0.8064
  batch 240/264  loss=0.5883
  batch 250/264  loss=0.5642
  batch 260/264  loss=1.2664
Epoch  15/300  train=7.516e-01  rmse=2.5951  lr=1.0e-04  229s
  -> best  monitor=7.516e-01
  batch 10/264  loss=0.5945
  batch 20/264  loss=0.5058
  batch 30/264  loss=0.9911
  batch 40/264  loss=0.6683
  batch 50/264  loss=1.1988
  batch 60/264  loss=0.7136
  batch 70/264  loss=0.5336
  batch 80/264  loss=0.6023
  batch 90/264  loss=0.6608
  batch 100/264  loss=0.5009
  batch 110/264  loss=0.7207
  batch 120/264  loss=0.4287
  batch 130/264  loss=0.5650
  batch 140/264  loss=0.5227
  batch 150/264  loss=0.9771
  batch 160/264  loss=0.5047
  batch 170/264  loss=0.5332
  batch 180/264  loss=0.7830
  batch 190/264  loss=0.7675
  batch 200/264  loss=1.8521
  batch 210/264  loss=0.5416
  batch 220/264  loss=0.8651
  batch 230/264  loss=1.1065
  batch 240/264  loss=0.5477
  batch 250/264  loss=0.6619
  batch 260/264  loss=0.6004
Epoch  16/300  train=7.283e-01  rmse=2.5323  lr=1.0e-04  229s
  -> best  monitor=7.283e-01
  batch 10/264  loss=0.8208
  batch 20/264  loss=0.7934
  batch 30/264  loss=0.6373
  batch 40/264  loss=0.8676
  batch 50/264  loss=0.6667
  batch 60/264  loss=0.5413
  batch 70/264  loss=0.5972
  batch 80/264  loss=0.7198
  batch 90/264  loss=0.7327
  batch 100/264  loss=0.6326
  batch 110/264  loss=0.5777
  batch 120/264  loss=0.4838
  batch 130/264  loss=0.4940
  batch 140/264  loss=0.4567
  batch 150/264  loss=0.6047
  batch 160/264  loss=0.5535
  batch 170/264  loss=0.7103
  batch 180/264  loss=0.7084
  batch 190/264  loss=0.5262
  batch 200/264  loss=0.6018
  batch 210/264  loss=0.7033
  batch 220/264  loss=1.4290
  batch 230/264  loss=1.4213
  batch 240/264  loss=0.6451
  batch 250/264  loss=0.5498
  batch 260/264  loss=1.4674
Epoch  17/300  train=7.192e-01  rmse=2.5144  lr=1.0e-04  229s
  -> best  monitor=7.192e-01
  batch 10/264  loss=0.9732
  batch 20/264  loss=0.7755
  batch 30/264  loss=0.9298
  batch 40/264  loss=0.8111
  batch 50/264  loss=0.6299
  batch 60/264  loss=0.5636
  batch 70/264  loss=1.0286
  batch 80/264  loss=0.4873
  batch 90/264  loss=0.6365
  batch 100/264  loss=0.6228
  batch 110/264  loss=0.6324
  batch 120/264  loss=0.6127
  batch 130/264  loss=0.6350
  batch 140/264  loss=0.6462
  batch 150/264  loss=0.6285
  batch 160/264  loss=0.4740
  batch 170/264  loss=0.6590
  batch 180/264  loss=1.0310
  batch 190/264  loss=1.2106
  batch 200/264  loss=0.7264
  batch 210/264  loss=0.4673
  batch 220/264  loss=0.5574
  batch 230/264  loss=0.7925
  batch 240/264  loss=0.8570
  batch 250/264  loss=0.6152
  batch 260/264  loss=0.6566
Epoch  18/300  train=7.126e-01  rmse=2.6005  lr=1.0e-04  229s
  -> best  monitor=7.126e-01
  batch 10/264  loss=1.0363
  batch 20/264  loss=0.5137
  batch 30/264  loss=0.8783
  batch 40/264  loss=0.7440
  batch 50/264  loss=0.4585
  batch 60/264  loss=1.8519
  batch 70/264  loss=0.4901
  batch 80/264  loss=0.5408
  batch 90/264  loss=0.5018
  batch 100/264  loss=0.5872
  batch 110/264  loss=0.4709
  batch 120/264  loss=0.6142
  batch 130/264  loss=0.6018
  batch 140/264  loss=0.6027
  batch 150/264  loss=0.5863
  batch 160/264  loss=0.5428
  batch 170/264  loss=0.7574
  batch 180/264  loss=0.9552
  batch 190/264  loss=1.3524
  batch 200/264  loss=1.5053
  batch 210/264  loss=0.5357
  batch 220/264  loss=0.6406
  batch 230/264  loss=0.4234
  batch 240/264  loss=0.6441
  batch 250/264  loss=0.8121
  batch 260/264  loss=0.6120
Epoch  19/300  train=6.968e-01  rmse=2.4982  lr=1.0e-04  229s
  -> best  monitor=6.968e-01
  batch 10/264  loss=0.6158
  batch 20/264  loss=0.5571
  batch 30/264  loss=0.6150
  batch 40/264  loss=0.5005
  batch 50/264  loss=0.4850
  batch 60/264  loss=0.6138
  batch 70/264  loss=0.5723
  batch 80/264  loss=1.1664
  batch 90/264  loss=0.5244
  batch 100/264  loss=0.6520
  batch 110/264  loss=0.9601
  batch 120/264  loss=2.0656
  batch 130/264  loss=1.1273
  batch 140/264  loss=0.7993
  batch 150/264  loss=1.1375
  batch 160/264  loss=0.4356
  batch 170/264  loss=0.7318
  batch 180/264  loss=0.4310
  batch 190/264  loss=0.4658
  batch 200/264  loss=0.6439
  batch 210/264  loss=0.5409
  batch 220/264  loss=0.5439
  batch 230/264  loss=0.4274
  batch 240/264  loss=0.9863
  batch 250/264  loss=0.5245
  batch 260/264  loss=0.9661
Epoch  20/300  train=6.975e-01  rmse=2.5335  lr=1.0e-04  230s
  batch 10/264  loss=0.5752
  batch 20/264  loss=0.6087
  batch 30/264  loss=0.5892
  batch 40/264  loss=1.6884
  batch 50/264  loss=0.4787
  batch 60/264  loss=0.4833
  batch 70/264  loss=0.5632
  batch 80/264  loss=0.6130
  batch 90/264  loss=0.4943
  batch 100/264  loss=0.6474
  batch 110/264  loss=0.7395
  batch 120/264  loss=0.5754
  batch 130/264  loss=2.0615
  batch 140/264  loss=0.6585
  batch 150/264  loss=0.5250
  batch 160/264  loss=0.4643
  batch 170/264  loss=1.0127
  batch 180/264  loss=0.9323
  batch 190/264  loss=0.9319
  batch 200/264  loss=0.4657
  batch 210/264  loss=0.5265
  batch 220/264  loss=0.8465
  batch 230/264  loss=0.4860
  batch 240/264  loss=0.4807
  batch 250/264  loss=0.5495
  batch 260/264  loss=0.5038
Epoch  21/300  train=6.906e-01  rmse=2.5357  lr=1.0e-04  228s
  -> best  monitor=6.906e-01
  batch 10/264  loss=0.6047
  batch 20/264  loss=0.4655
  batch 30/264  loss=0.4376
  batch 40/264  loss=1.0410
  batch 50/264  loss=0.5804
  batch 60/264  loss=0.5421
  batch 70/264  loss=0.5906
  batch 80/264  loss=0.8168
  batch 90/264  loss=0.5646
  batch 100/264  loss=0.5640
  batch 110/264  loss=0.5512
  batch 120/264  loss=0.8874
  batch 130/264  loss=0.7270
  batch 140/264  loss=0.6185
  batch 150/264  loss=0.5803
  batch 160/264  loss=0.7788
  batch 170/264  loss=0.5430
  batch 180/264  loss=0.4752
  batch 190/264  loss=0.6581
  batch 200/264  loss=0.5795
  batch 210/264  loss=0.7796
  batch 220/264  loss=0.5302
  batch 230/264  loss=0.4785
  batch 240/264  loss=0.5652
  batch 250/264  loss=0.9897
  batch 260/264  loss=0.5300
Epoch  22/300  train=6.726e-01  rmse=2.4495  lr=1.0e-04  230s
  -> best  monitor=6.726e-01
  batch 10/264  loss=1.1455
  batch 20/264  loss=0.4774
  batch 30/264  loss=0.6727
  batch 40/264  loss=0.5860
  batch 50/264  loss=0.5495
  batch 60/264  loss=0.5333
  batch 70/264  loss=0.6595
  batch 80/264  loss=0.5006
  batch 90/264  loss=0.5273
  batch 100/264  loss=0.6817
  batch 110/264  loss=0.6677
  batch 120/264  loss=0.4460
  batch 130/264  loss=0.5230
  batch 140/264  loss=0.6328
  batch 150/264  loss=0.5094
  batch 160/264  loss=0.5396
  batch 170/264  loss=0.6656
  batch 180/264  loss=0.5710
  batch 190/264  loss=0.4630
  batch 200/264  loss=0.5123
  batch 210/264  loss=0.5313
  batch 220/264  loss=2.0675
  batch 230/264  loss=0.5006
  batch 240/264  loss=0.5265
  batch 250/264  loss=0.8112
  batch 260/264  loss=0.5339
Epoch  23/300  train=6.582e-01  rmse=2.4147  lr=1.0e-04  229s
  -> best  monitor=6.582e-01
  batch 10/264  loss=0.6121
  batch 20/264  loss=0.6203
  batch 30/264  loss=0.6244
  batch 40/264  loss=0.4469
  batch 50/264  loss=0.6613
  batch 60/264  loss=0.5331
  batch 70/264  loss=1.1115
  batch 80/264  loss=0.6938
  batch 90/264  loss=0.5515
  batch 100/264  loss=0.7067
  batch 110/264  loss=1.9546
  batch 120/264  loss=0.4570
  batch 130/264  loss=0.5358
  batch 140/264  loss=0.7237
  batch 150/264  loss=1.3592
  batch 160/264  loss=0.5797
  batch 170/264  loss=0.4912
  batch 180/264  loss=0.4964
  batch 190/264  loss=1.2300
  batch 200/264  loss=0.5426
  batch 210/264  loss=0.5813
  batch 220/264  loss=0.5704
  batch 230/264  loss=0.6482
  batch 240/264  loss=0.4070
  batch 250/264  loss=0.6116
  batch 260/264  loss=0.5011
Epoch  24/300  train=6.492e-01  rmse=2.3939  lr=1.0e-04  229s
  -> best  monitor=6.492e-01
  batch 10/264  loss=0.4732
  batch 20/264  loss=0.7291
  batch 30/264  loss=0.5088
  batch 40/264  loss=0.5286
  batch 50/264  loss=0.6414
  batch 60/264  loss=0.5079
  batch 70/264  loss=0.5100
  batch 80/264  loss=0.6952
  batch 90/264  loss=0.4671
  batch 100/264  loss=0.6281
  batch 110/264  loss=0.4537
  batch 120/264  loss=0.5835
  batch 130/264  loss=0.9638
  batch 140/264  loss=0.4572
  batch 150/264  loss=0.6932
  batch 160/264  loss=0.8616
  batch 170/264  loss=1.9457
  batch 180/264  loss=0.3976
  batch 190/264  loss=1.1833
  batch 200/264  loss=0.6443
  batch 210/264  loss=0.6148
  batch 220/264  loss=0.6230
  batch 230/264  loss=0.5178
  batch 240/264  loss=0.7180
  batch 250/264  loss=0.4545
  batch 260/264  loss=0.5411
Epoch  25/300  train=6.459e-01  rmse=2.4250  lr=1.0e-04  229s
  -> best  monitor=6.459e-01
  batch 10/264  loss=0.6350
  batch 20/264  loss=0.5637
  batch 30/264  loss=0.8651
  batch 40/264  loss=0.4163
  batch 50/264  loss=0.4982
  batch 60/264  loss=0.6771
  batch 70/264  loss=0.6237
  batch 80/264  loss=0.5025
  batch 90/264  loss=0.6546
  batch 100/264  loss=0.4660
  batch 110/264  loss=0.4254
  batch 120/264  loss=0.8471
  batch 130/264  loss=0.5895
  batch 140/264  loss=0.7697
  batch 150/264  loss=2.1890
  batch 160/264  loss=0.5328
  batch 170/264  loss=0.7598
  batch 180/264  loss=0.5102
  batch 190/264  loss=0.4122
  batch 200/264  loss=0.6313
  batch 210/264  loss=0.5528
  batch 220/264  loss=0.5869
  batch 230/264  loss=0.4994
  batch 240/264  loss=0.6148
  batch 250/264  loss=0.5896
  batch 260/264  loss=0.5902
Epoch  26/300  train=6.389e-01  rmse=2.3692  lr=1.0e-04  230s
  -> best  monitor=6.389e-01
  batch 10/264  loss=0.5230
  batch 20/264  loss=0.8737
  batch 30/264  loss=0.5128
  batch 40/264  loss=0.5517
  batch 50/264  loss=0.7411
  batch 60/264  loss=0.4553
  batch 70/264  loss=0.5698
  batch 80/264  loss=0.4959
  batch 90/264  loss=0.4226
  batch 100/264  loss=0.6822
  batch 110/264  loss=0.5894
  batch 120/264  loss=0.5639
  batch 130/264  loss=1.3436
  batch 140/264  loss=0.4058
  batch 150/264  loss=0.6616
  batch 160/264  loss=0.4356
  batch 170/264  loss=0.4640
  batch 180/264  loss=0.7155
  batch 190/264  loss=0.4857
  batch 200/264  loss=1.6260
  batch 210/264  loss=0.9299
  batch 220/264  loss=0.4495
  batch 230/264  loss=0.4897
  batch 240/264  loss=0.4528
  batch 250/264  loss=0.4447
  batch 260/264  loss=0.5782
Epoch  27/300  train=6.276e-01  rmse=2.3560  lr=1.0e-04  230s
  -> best  monitor=6.276e-01
  batch 10/264  loss=0.4368
  batch 20/264  loss=0.5582
  batch 30/264  loss=0.6955
  batch 40/264  loss=0.6374
  batch 50/264  loss=0.6141
  batch 60/264  loss=0.5274
  batch 70/264  loss=1.4350
  batch 80/264  loss=0.5218
  batch 90/264  loss=0.5390
  batch 100/264  loss=0.4572
  batch 110/264  loss=0.6854
  batch 120/264  loss=0.8111
  batch 130/264  loss=0.5167
  batch 140/264  loss=0.5265
  batch 150/264  loss=0.5083
  batch 160/264  loss=0.4644
  batch 170/264  loss=0.4768
  batch 180/264  loss=0.4475
  batch 190/264  loss=0.5099
  batch 200/264  loss=1.7731
  batch 210/264  loss=0.5748
  batch 220/264  loss=0.4353
  batch 230/264  loss=0.6645
  batch 240/264  loss=0.4409
  batch 250/264  loss=0.4139
  batch 260/264  loss=0.6104
Epoch  28/300  train=6.264e-01  rmse=2.3749  lr=1.0e-04  229s
  -> best  monitor=6.264e-01
  batch 10/264  loss=0.6666
  batch 20/264  loss=0.8401
  batch 30/264  loss=0.9661
  batch 40/264  loss=0.5067
  batch 50/264  loss=0.4806
  batch 60/264  loss=0.6893
  batch 70/264  loss=0.7612
  batch 80/264  loss=0.9643
  batch 90/264  loss=0.6331
  batch 100/264  loss=0.5588
  batch 110/264  loss=0.5834
  batch 120/264  loss=0.6081
  batch 130/264  loss=0.3709
  batch 140/264  loss=0.4504
  batch 150/264  loss=0.6250
  batch 160/264  loss=1.4530
  batch 170/264  loss=0.5206
  batch 180/264  loss=0.5120
  batch 190/264  loss=0.6581
  batch 200/264  loss=0.5451
  batch 210/264  loss=0.5865
  batch 220/264  loss=0.4485
  batch 230/264  loss=0.5490
  batch 240/264  loss=0.4920
  batch 250/264  loss=0.5942
  batch 260/264  loss=0.4629
Epoch  29/300  train=6.099e-01  rmse=2.2882  lr=1.0e-04  229s
  -> best  monitor=6.099e-01
  batch 10/264  loss=0.5565
  batch 20/264  loss=1.1798
  batch 30/264  loss=1.4551
  batch 40/264  loss=0.3755
  batch 50/264  loss=0.6650
  batch 60/264  loss=1.0376
  batch 70/264  loss=0.4220
  batch 80/264  loss=0.7359
  batch 90/264  loss=0.4612
  batch 100/264  loss=0.6205
  batch 110/264  loss=0.4555
  batch 120/264  loss=0.6418
  batch 130/264  loss=0.4306
  batch 140/264  loss=1.4164
  batch 150/264  loss=0.5222
  batch 160/264  loss=0.4215
  batch 170/264  loss=1.3879
  batch 180/264  loss=0.5396
  batch 190/264  loss=0.5026
  batch 200/264  loss=0.4573
  batch 210/264  loss=0.4844
  batch 220/264  loss=0.5298
  batch 230/264  loss=0.5044
  batch 240/264  loss=0.4354
  batch 250/264  loss=0.5079
  batch 260/264  loss=0.5706
Epoch  30/300  train=6.106e-01  rmse=2.2813  lr=1.0e-04  229s
  batch 10/264  loss=0.4901
  batch 20/264  loss=0.5062
  batch 30/264  loss=0.4011
  batch 40/264  loss=0.5018
  batch 50/264  loss=0.9211
  batch 60/264  loss=0.4633
  batch 70/264  loss=0.5163
  batch 80/264  loss=0.7690
  batch 90/264  loss=1.3776
  batch 100/264  loss=0.4491
  batch 110/264  loss=0.5563
  batch 120/264  loss=0.5301
  batch 130/264  loss=0.7813
  batch 140/264  loss=0.5229
  batch 150/264  loss=0.7623
  batch 160/264  loss=0.4580
  batch 170/264  loss=0.5544
  batch 180/264  loss=0.5175
  batch 190/264  loss=0.5400
  batch 200/264  loss=0.6399
  batch 210/264  loss=0.5730
  batch 220/264  loss=0.4821
  batch 230/264  loss=0.6070
  batch 240/264  loss=0.5617
  batch 250/264  loss=0.4758
  batch 260/264  loss=0.6756
Epoch  31/300  train=6.077e-01  rmse=2.2929  lr=1.0e-04  229s
  -> best  monitor=6.077e-01
  batch 10/264  loss=0.4407
  batch 20/264  loss=0.4412
  batch 30/264  loss=0.6176
  batch 40/264  loss=0.5316
  batch 50/264  loss=0.5035
  batch 60/264  loss=0.4578
  batch 70/264  loss=0.5091
  batch 80/264  loss=0.5805
  batch 90/264  loss=0.6554
  batch 100/264  loss=0.5495
  batch 110/264  loss=1.1138
  batch 120/264  loss=0.5814
  batch 130/264  loss=0.4562
  batch 140/264  loss=0.5385
  batch 150/264  loss=0.4763
  batch 160/264  loss=0.5351
  batch 170/264  loss=0.5541
  batch 180/264  loss=0.7035
  batch 190/264  loss=0.5120
  batch 200/264  loss=0.5182
  batch 210/264  loss=1.0503
  batch 220/264  loss=0.4230
  batch 230/264  loss=0.6376
  batch 240/264  loss=0.4401
  batch 250/264  loss=0.7994
  batch 260/264  loss=0.4496
Epoch  32/300  train=6.076e-01  rmse=2.3018  lr=1.0e-04  229s
  -> best  monitor=6.076e-01
  batch 10/264  loss=0.4338
  batch 20/264  loss=0.5841
  batch 30/264  loss=0.5362
  batch 40/264  loss=0.5100
  batch 50/264  loss=1.1534
  batch 60/264  loss=0.4650
  batch 70/264  loss=0.4630
  batch 80/264  loss=0.4472
  batch 90/264  loss=0.4837
  batch 100/264  loss=0.6406
  batch 110/264  loss=0.4048
  batch 120/264  loss=0.3969
  batch 130/264  loss=0.8594
  batch 140/264  loss=0.5973
  batch 150/264  loss=0.4668
  batch 160/264  loss=0.4679
  batch 170/264  loss=0.5131
  batch 180/264  loss=0.6119
  batch 190/264  loss=0.4582
  batch 200/264  loss=0.5147
  batch 210/264  loss=1.0899
  batch 220/264  loss=1.2556
  batch 230/264  loss=0.6715
  batch 240/264  loss=0.8513
  batch 250/264  loss=0.6186
  batch 260/264  loss=0.5252
Epoch  33/300  train=5.892e-01  rmse=2.2727  lr=1.0e-04  229s
  -> best  monitor=5.892e-01
  batch 10/264  loss=0.6547
  batch 20/264  loss=0.4281
  batch 30/264  loss=0.7512
  batch 40/264  loss=0.5512
  batch 50/264  loss=0.4345
  batch 60/264  loss=0.4746
  batch 70/264  loss=0.7989
  batch 80/264  loss=0.5507
  batch 90/264  loss=0.5420
  batch 100/264  loss=0.9787
  batch 110/264  loss=0.8663
  batch 120/264  loss=0.5177
  batch 130/264  loss=0.6035
  batch 140/264  loss=0.4187
  batch 150/264  loss=0.4547
  batch 160/264  loss=1.0132
  batch 170/264  loss=0.5705
  batch 180/264  loss=0.4210
  batch 190/264  loss=0.5209
  batch 200/264  loss=0.5416
  batch 210/264  loss=0.4597
  batch 220/264  loss=0.5508
  batch 230/264  loss=0.4550
  batch 240/264  loss=0.5395
  batch 250/264  loss=0.6557
  batch 260/264  loss=0.4639
Epoch  34/300  train=5.900e-01  rmse=2.2383  lr=1.0e-04  230s
  batch 10/264  loss=1.1798
  batch 20/264  loss=0.4781
  batch 30/264  loss=1.3164
  batch 40/264  loss=0.9478
  batch 50/264  loss=0.5000
  batch 60/264  loss=0.6778
  batch 70/264  loss=0.4633
  batch 80/264  loss=0.4536
  batch 90/264  loss=0.5513
  batch 100/264  loss=0.7341
  batch 110/264  loss=0.5230
  batch 120/264  loss=0.4038
  batch 130/264  loss=0.4216
  batch 140/264  loss=0.4452
  batch 150/264  loss=0.8246
  batch 160/264  loss=0.6357
  batch 170/264  loss=0.4451
  batch 180/264  loss=0.4933
  batch 190/264  loss=0.7138
  batch 200/264  loss=0.4484
  batch 210/264  loss=0.3865
  batch 220/264  loss=0.4541
  batch 230/264  loss=0.6826
  batch 240/264  loss=0.8297
  batch 250/264  loss=0.7394
  batch 260/264  loss=0.6561
Epoch  35/300  train=5.885e-01  rmse=2.2806  lr=1.0e-04  229s
  -> best  monitor=5.885e-01
  batch 10/264  loss=0.5079
  batch 20/264  loss=0.6126
  batch 30/264  loss=0.4168
  batch 40/264  loss=0.5454
  batch 50/264  loss=0.7959
  batch 60/264  loss=0.4631
  batch 70/264  loss=0.5837
  batch 80/264  loss=0.4503
  batch 90/264  loss=0.6478
  batch 100/264  loss=0.4392
  batch 110/264  loss=0.4162
  batch 120/264  loss=0.3977
  batch 130/264  loss=0.4823
  batch 140/264  loss=0.5127
  batch 150/264  loss=0.4213
  batch 160/264  loss=0.5184
  batch 170/264  loss=0.5677
  batch 180/264  loss=0.4395
  batch 190/264  loss=0.4337
  batch 200/264  loss=0.5622
  batch 210/264  loss=0.5894
  batch 220/264  loss=0.4983
  batch 230/264  loss=0.4795
  batch 240/264  loss=0.7294
  batch 250/264  loss=0.7528
  batch 260/264  loss=0.3717
Epoch  36/300  train=5.855e-01  rmse=2.2643  lr=1.0e-04  229s
  -> best  monitor=5.855e-01
  batch 10/264  loss=0.4188
  batch 20/264  loss=0.7392
  batch 30/264  loss=0.5161
  batch 40/264  loss=0.4563
  batch 50/264  loss=0.6527
  batch 60/264  loss=0.6320
  batch 70/264  loss=0.6466
  batch 80/264  loss=0.7981
  batch 90/264  loss=0.4655
  batch 100/264  loss=0.5229
  batch 110/264  loss=0.5700
  batch 120/264  loss=1.2605
  batch 130/264  loss=0.4770
  batch 140/264  loss=0.4537
  batch 150/264  loss=0.4814
  batch 160/264  loss=0.5384
  batch 170/264  loss=0.7722
  batch 180/264  loss=0.4380
  batch 190/264  loss=0.3784
  batch 200/264  loss=0.4952
  batch 210/264  loss=0.5492
  batch 220/264  loss=0.5656
  batch 230/264  loss=0.9049
  batch 240/264  loss=0.9058
  batch 250/264  loss=0.4682
  batch 260/264  loss=0.6842
Epoch  37/300  train=5.808e-01  rmse=2.2682  lr=1.0e-04  228s
  -> best  monitor=5.808e-01
  batch 10/264  loss=0.4573
  batch 20/264  loss=0.4341
  batch 30/264  loss=0.5051
  batch 40/264  loss=0.3692
  batch 50/264  loss=0.5263
  batch 60/264  loss=0.4675
  batch 70/264  loss=0.4613
  batch 80/264  loss=0.6755
  batch 90/264  loss=0.5045
  batch 100/264  loss=0.9199
  batch 110/264  loss=0.7529
  batch 120/264  loss=0.7333
  batch 130/264  loss=0.7219
  batch 140/264  loss=0.4377
  batch 150/264  loss=0.6153
  batch 160/264  loss=0.7368
  batch 170/264  loss=0.4393
  batch 180/264  loss=0.6769
  batch 190/264  loss=0.7801
  batch 200/264  loss=0.7178
  batch 210/264  loss=0.5119
  batch 220/264  loss=0.4148
  batch 230/264  loss=0.5593
  batch 240/264  loss=1.0318
  batch 250/264  loss=0.4685
  batch 260/264  loss=0.4150
Epoch  38/300  train=5.712e-01  rmse=2.1845  lr=1.0e-04  229s
  -> best  monitor=5.712e-01
  batch 10/264  loss=0.5620
  batch 20/264  loss=0.5542
  batch 30/264  loss=0.5757
  batch 40/264  loss=1.1868
  batch 50/264  loss=0.5845
  batch 60/264  loss=0.4605
  batch 70/264  loss=0.6202
  batch 80/264  loss=0.5172
  batch 90/264  loss=0.6123
  batch 100/264  loss=0.4621
  batch 110/264  loss=0.7170
  batch 120/264  loss=0.3696
  batch 130/264  loss=0.4273
  batch 140/264  loss=0.4457
  batch 150/264  loss=0.4196
  batch 160/264  loss=0.7053
  batch 170/264  loss=1.3802
  batch 180/264  loss=0.8790
  batch 190/264  loss=0.3517
  batch 200/264  loss=0.5275
  batch 210/264  loss=0.8269
  batch 220/264  loss=0.8528
  batch 230/264  loss=0.4968
  batch 240/264  loss=0.9638
  batch 250/264  loss=0.5024
  batch 260/264  loss=0.4013
Epoch  39/300  train=5.768e-01  rmse=2.2192  lr=1.0e-04  228s
  batch 10/264  loss=0.8346
  batch 20/264  loss=0.5001
  batch 30/264  loss=0.4559
  batch 40/264  loss=0.3725
  batch 50/264  loss=0.4490
  batch 60/264  loss=0.4616
  batch 70/264  loss=0.4225
  batch 80/264  loss=0.4940
  batch 90/264  loss=0.6896
  batch 100/264  loss=0.5029
  batch 110/264  loss=0.5188
  batch 120/264  loss=0.3926
  batch 130/264  loss=0.5206
  batch 140/264  loss=0.4228
  batch 150/264  loss=0.5114
  batch 160/264  loss=0.4137
  batch 170/264  loss=0.4697
  batch 180/264  loss=1.0685
  batch 190/264  loss=0.4613
  batch 200/264  loss=0.5449
  batch 210/264  loss=0.4059
  batch 220/264  loss=0.8311
  batch 230/264  loss=0.5978
  batch 240/264  loss=0.6236
  batch 250/264  loss=0.4649
  batch 260/264  loss=0.9385
Epoch  40/300  train=5.652e-01  rmse=2.2025  lr=1.0e-04  229s
  -> best  monitor=5.652e-01
  batch 10/264  loss=0.4276
  batch 20/264  loss=0.5077
  batch 30/264  loss=0.4511
  batch 40/264  loss=0.4148
  batch 50/264  loss=0.4774
  batch 60/264  loss=0.8724
  batch 70/264  loss=0.4255
  batch 80/264  loss=0.4762
  batch 90/264  loss=1.1499
  batch 100/264  loss=0.9673
  batch 110/264  loss=0.4001
  batch 120/264  loss=0.5889
  batch 130/264  loss=0.5172
  batch 140/264  loss=0.5549
  batch 150/264  loss=0.6469
  batch 160/264  loss=0.4111
  batch 170/264  loss=0.5294
  batch 180/264  loss=0.4302
  batch 190/264  loss=0.4721
  batch 200/264  loss=0.5188
  batch 210/264  loss=0.5116
  batch 220/264  loss=0.5514
  batch 230/264  loss=0.4611
  batch 240/264  loss=0.5978
  batch 250/264  loss=0.4169
  batch 260/264  loss=0.4222
Epoch  41/300  train=5.605e-01  rmse=2.1811  lr=1.0e-04  229s
  -> best  monitor=5.605e-01
  batch 10/264  loss=0.7499
  batch 20/264  loss=0.3949
  batch 30/264  loss=0.5702
  batch 40/264  loss=0.5470
  batch 50/264  loss=0.5539
  batch 60/264  loss=0.6114
  batch 70/264  loss=0.5751
  batch 80/264  loss=0.8304
  batch 90/264  loss=0.4204
  batch 100/264  loss=0.4095
  batch 110/264  loss=0.4614
  batch 120/264  loss=0.4601
  batch 130/264  loss=0.5195
  batch 140/264  loss=0.4264
  batch 150/264  loss=0.9660
  batch 160/264  loss=0.5088
  batch 170/264  loss=0.4791
  batch 180/264  loss=1.0195
  batch 190/264  loss=0.4056
  batch 200/264  loss=0.5034
  batch 210/264  loss=0.5191
  batch 220/264  loss=1.0578
  batch 230/264  loss=0.4184
  batch 240/264  loss=0.5157
  batch 250/264  loss=0.6377
  batch 260/264  loss=0.6552
Epoch  42/300  train=5.652e-01  rmse=2.2013  lr=1.0e-04  229s
  batch 10/264  loss=0.7759
  batch 20/264  loss=0.4786
  batch 30/264  loss=1.1019
  batch 40/264  loss=0.5894
  batch 50/264  loss=0.6313
  batch 60/264  loss=0.5462
  batch 70/264  loss=0.4034
  batch 80/264  loss=0.5929
  batch 90/264  loss=0.4997
  batch 100/264  loss=0.4068
  batch 110/264  loss=0.8256
  batch 120/264  loss=0.5935
  batch 130/264  loss=0.3369
  batch 140/264  loss=0.5541
  batch 150/264  loss=0.5952
  batch 160/264  loss=0.5454
  batch 170/264  loss=0.4488
  batch 180/264  loss=0.5540
  batch 190/264  loss=0.5578
  batch 200/264  loss=0.6680
  batch 210/264  loss=0.5715
  batch 220/264  loss=0.4323
  batch 230/264  loss=0.4569
  batch 240/264  loss=0.3924
  batch 250/264  loss=0.5591
  batch 260/264  loss=0.4884
Epoch  43/300  train=5.508e-01  rmse=2.1701  lr=1.0e-04  229s
  -> best  monitor=5.508e-01
  batch 10/264  loss=0.4637
  batch 20/264  loss=0.3611
  batch 30/264  loss=0.4697
  batch 40/264  loss=0.4964
  batch 50/264  loss=0.6482
  batch 60/264  loss=0.6299
  batch 70/264  loss=0.4984
  batch 80/264  loss=0.5029
  batch 90/264  loss=0.5262
  batch 100/264  loss=0.7462
  batch 110/264  loss=0.7048
  batch 120/264  loss=0.5832
  batch 130/264  loss=0.4406
  batch 140/264  loss=1.0595
  batch 150/264  loss=0.4856
  batch 160/264  loss=0.4309
  batch 170/264  loss=0.4400
  batch 180/264  loss=0.6957
  batch 190/264  loss=0.5897
  batch 200/264  loss=0.4356
  batch 210/264  loss=0.3947
  batch 220/264  loss=0.5076
  batch 230/264  loss=0.6476
  batch 240/264  loss=0.4829
  batch 250/264  loss=0.3768
  batch 260/264  loss=0.4880
Epoch  44/300  train=5.490e-01  rmse=2.1391  lr=1.0e-04  229s
  -> best  monitor=5.490e-01
  batch 10/264  loss=0.5004
  batch 20/264  loss=0.4043
  batch 30/264  loss=0.4568
  batch 40/264  loss=0.4800
  batch 50/264  loss=0.4786
  batch 60/264  loss=0.6228
  batch 70/264  loss=0.5374
  batch 80/264  loss=0.5907
  batch 90/264  loss=0.8534
  batch 100/264  loss=0.7033
  batch 110/264  loss=0.4015
  batch 120/264  loss=0.5246
  batch 130/264  loss=0.6671
  batch 140/264  loss=0.5104
  batch 150/264  loss=0.4887
  batch 160/264  loss=0.7371
  batch 170/264  loss=0.7081
  batch 180/264  loss=0.5115
  batch 190/264  loss=0.5072
  batch 200/264  loss=0.5008
  batch 210/264  loss=0.4239
  batch 220/264  loss=0.8868
  batch 230/264  loss=0.6966
  batch 240/264  loss=0.4021
  batch 250/264  loss=0.5262
  batch 260/264  loss=0.5949
Epoch  45/300  train=5.468e-01  rmse=2.1183  lr=1.0e-04  229s
  -> best  monitor=5.468e-01
  batch 10/264  loss=0.6065
  batch 20/264  loss=0.4825
  batch 30/264  loss=0.4233
  batch 40/264  loss=0.4166
  batch 50/264  loss=0.6144
  batch 60/264  loss=0.4940
  batch 70/264  loss=0.4624
  batch 80/264  loss=0.6659
  batch 90/264  loss=0.4245
  batch 100/264  loss=0.6875
  batch 110/264  loss=0.7026
  batch 120/264  loss=0.8442
  batch 130/264  loss=0.4374
  batch 140/264  loss=0.5304
  batch 150/264  loss=0.6875
  batch 160/264  loss=0.5084
  batch 170/264  loss=0.5253
  batch 180/264  loss=0.4376
  batch 190/264  loss=0.3790
  batch 200/264  loss=0.4651
  batch 210/264  loss=0.8156
  batch 220/264  loss=0.4322
  batch 230/264  loss=0.3923
  batch 240/264  loss=0.4422
  batch 250/264  loss=0.4612
  batch 260/264  loss=0.4308
Epoch  46/300  train=5.398e-01  rmse=2.0990  lr=1.0e-04  230s
  -> best  monitor=5.398e-01
  batch 10/264  loss=0.4643
  batch 20/264  loss=0.5446
  batch 30/264  loss=0.4123
  batch 40/264  loss=0.5454
  batch 50/264  loss=0.4426
  batch 60/264  loss=0.4370
  batch 70/264  loss=0.9887
  batch 80/264  loss=0.5051
  batch 90/264  loss=0.4571
  batch 100/264  loss=0.9037
  batch 110/264  loss=0.3813
  batch 120/264  loss=0.4079
  batch 130/264  loss=0.6301
  batch 140/264  loss=0.4471
  batch 150/264  loss=0.6822
  batch 160/264  loss=0.6304
  batch 170/264  loss=0.9934
  batch 180/264  loss=0.3814
  batch 190/264  loss=0.4809
  batch 200/264  loss=0.6402
  batch 210/264  loss=0.4685
  batch 220/264  loss=0.5097
  batch 230/264  loss=0.4683
  batch 240/264  loss=0.3953
  batch 250/264  loss=0.3799
  batch 260/264  loss=0.4756
Epoch  47/300  train=5.453e-01  rmse=2.1499  lr=1.0e-04  229s
  batch 10/264  loss=0.4099
  batch 20/264  loss=0.5571
  batch 30/264  loss=0.5081
  batch 40/264  loss=0.4431
  batch 50/264  loss=0.3734
  batch 60/264  loss=0.5159
  batch 70/264  loss=0.4747
  batch 80/264  loss=0.4147
  batch 90/264  loss=0.3983
  batch 100/264  loss=0.7551
  batch 110/264  loss=0.5509
  batch 120/264  loss=0.4135
  batch 130/264  loss=0.3906
  batch 140/264  loss=0.4036
  batch 150/264  loss=0.8060
  batch 160/264  loss=0.5519
  batch 170/264  loss=0.3789
  batch 180/264  loss=0.5028
  batch 190/264  loss=0.4014
  batch 200/264  loss=0.3935
  batch 210/264  loss=0.3586
  batch 220/264  loss=0.4244
  batch 230/264  loss=0.4748
  batch 240/264  loss=0.5636
  batch 250/264  loss=0.4138
  batch 260/264  loss=0.4482
Epoch  48/300  train=5.337e-01  rmse=2.0932  lr=1.0e-04  230s
  -> best  monitor=5.337e-01
  batch 10/264  loss=0.6080
  batch 20/264  loss=0.4350
  batch 30/264  loss=0.5286
  batch 40/264  loss=0.9853
  batch 50/264  loss=0.3813
  batch 60/264  loss=0.3469
  batch 70/264  loss=0.5600
  batch 80/264  loss=0.6196
  batch 90/264  loss=0.3727
  batch 100/264  loss=0.3995
  batch 110/264  loss=0.7116
  batch 120/264  loss=0.4768
  batch 130/264  loss=0.5736
  batch 140/264  loss=0.4155
  batch 150/264  loss=0.3864
  batch 160/264  loss=0.4544
  batch 170/264  loss=1.0576
  batch 180/264  loss=0.4064
  batch 190/264  loss=0.4378
  batch 200/264  loss=0.5664
  batch 210/264  loss=0.4408
  batch 220/264  loss=0.5583
  batch 230/264  loss=0.5779
  batch 240/264  loss=0.4132
  batch 250/264  loss=0.8848
  batch 260/264  loss=0.5315
Epoch  49/300  train=5.344e-01  rmse=2.1215  lr=1.0e-04  230s
  batch 10/264  loss=0.4576
  batch 20/264  loss=0.4770
  batch 30/264  loss=0.4886
  batch 40/264  loss=0.4869
  batch 50/264  loss=0.4180
  batch 60/264  loss=0.4273
  batch 70/264  loss=0.5813
  batch 80/264  loss=0.4161
  batch 90/264  loss=0.4047
  batch 100/264  loss=0.6372
  batch 110/264  loss=0.3990
  batch 120/264  loss=0.8449
  batch 130/264  loss=0.4816
  batch 140/264  loss=0.4376
  batch 150/264  loss=0.4012
  batch 160/264  loss=0.4739
  batch 170/264  loss=0.4441
  batch 180/264  loss=0.3990
  batch 190/264  loss=0.8251
  batch 200/264  loss=0.4450
  batch 210/264  loss=0.5970
  batch 220/264  loss=0.6111
  batch 230/264  loss=0.4399
  batch 240/264  loss=0.5476
  batch 250/264  loss=0.7378
  batch 260/264  loss=0.5382
Epoch  50/300  train=5.317e-01  rmse=2.1313  lr=1.0e-04  228s
  -> best  monitor=5.317e-01
  batch 10/264  loss=0.5105
  batch 20/264  loss=0.3990
  batch 30/264  loss=0.4466
  batch 40/264  loss=0.3755
  batch 50/264  loss=0.5658
  batch 60/264  loss=0.4262
  batch 70/264  loss=0.4352
  batch 80/264  loss=0.5333
  batch 90/264  loss=0.8269
  batch 100/264  loss=0.7554
  batch 110/264  loss=0.3558
  batch 120/264  loss=0.5708
  batch 130/264  loss=0.4481
  batch 140/264  loss=0.6021
  batch 150/264  loss=0.4570
  batch 160/264  loss=0.5710
  batch 170/264  loss=0.4480
  batch 180/264  loss=0.4770
  batch 190/264  loss=0.3622
  batch 200/264  loss=0.4691
  batch 210/264  loss=0.4666
  batch 220/264  loss=0.6135
  batch 230/264  loss=0.3687
  batch 240/264  loss=0.8802
  batch 250/264  loss=0.6215
  batch 260/264  loss=0.4756
Epoch  51/300  train=5.252e-01  rmse=2.0559  lr=1.0e-04  230s
  -> best  monitor=5.252e-01
  batch 10/264  loss=0.3659
  batch 20/264  loss=0.5154
  batch 30/264  loss=0.3326
  batch 40/264  loss=0.4321
  batch 50/264  loss=0.3271
  batch 60/264  loss=0.4950
  batch 70/264  loss=0.3888
  batch 80/264  loss=0.4603
  batch 90/264  loss=0.7218
  batch 100/264  loss=0.4054
  batch 110/264  loss=0.3831
  batch 120/264  loss=0.4323
  batch 130/264  loss=0.7685
  batch 140/264  loss=0.6336
  batch 150/264  loss=0.6916
  batch 160/264  loss=0.4939
  batch 170/264  loss=0.5104
  batch 180/264  loss=0.4751
  batch 190/264  loss=0.4127
  batch 200/264  loss=0.4591
  batch 210/264  loss=0.4785
  batch 220/264  loss=0.8469
  batch 230/264  loss=0.4282
  batch 240/264  loss=0.4813
  batch 250/264  loss=0.7225
  batch 260/264  loss=0.4703
Epoch  52/300  train=5.246e-01  rmse=2.0923  lr=1.0e-04  230s
  -> best  monitor=5.246e-01
  batch 10/264  loss=0.5134
  batch 20/264  loss=0.8426
  batch 30/264  loss=0.4318
  batch 40/264  loss=0.3807
  batch 50/264  loss=0.8622
  batch 60/264  loss=0.6382
  batch 70/264  loss=0.6223
  batch 80/264  loss=0.5176
  batch 90/264  loss=0.3798
  batch 100/264  loss=0.6355
  batch 110/264  loss=0.5056
  batch 120/264  loss=0.5121
  batch 130/264  loss=0.5760
  batch 140/264  loss=0.4119
  batch 150/264  loss=0.4652
  batch 160/264  loss=0.4126
  batch 170/264  loss=0.5604
  batch 180/264  loss=0.4670
  batch 190/264  loss=0.4062
  batch 200/264  loss=0.5306
  batch 210/264  loss=0.5401
  batch 220/264  loss=0.5810
  batch 230/264  loss=0.4876
  batch 240/264  loss=0.6662
  batch 250/264  loss=0.3756
  batch 260/264  loss=0.4031
Epoch  53/300  train=5.288e-01  rmse=2.1215  lr=1.0e-04  229s
  batch 10/264  loss=0.5543
  batch 20/264  loss=0.4491
  batch 30/264  loss=0.4566
  batch 40/264  loss=0.5177
  batch 50/264  loss=0.6394
  batch 60/264  loss=0.5401
  batch 70/264  loss=0.4001
  batch 80/264  loss=0.4762
  batch 90/264  loss=0.3805
  batch 100/264  loss=0.4525
  batch 110/264  loss=0.4725
  batch 120/264  loss=0.3963
  batch 130/264  loss=0.4134
  batch 140/264  loss=0.4945
  batch 150/264  loss=0.4597
  batch 160/264  loss=0.5610
  batch 170/264  loss=0.5597
  batch 180/264  loss=0.6100
  batch 190/264  loss=0.4198
  batch 200/264  loss=0.3857
  batch 210/264  loss=0.4109
  batch 220/264  loss=0.5973
  batch 230/264  loss=0.4525
  batch 240/264  loss=0.7114
  batch 250/264  loss=0.4629
  batch 260/264  loss=0.4013
Epoch  54/300  train=5.265e-01  rmse=2.1056  lr=1.0e-04  230s
  batch 10/264  loss=0.5645
  batch 20/264  loss=0.5267
  batch 30/264  loss=0.7692
  batch 40/264  loss=0.3933
  batch 50/264  loss=0.4485
  batch 60/264  loss=0.5614
  batch 70/264  loss=0.4851
  batch 80/264  loss=0.7149
  batch 90/264  loss=0.4374
  batch 100/264  loss=0.4112
  batch 110/264  loss=0.4946
  batch 120/264  loss=0.3777
  batch 130/264  loss=0.3549
  batch 140/264  loss=0.3703
  batch 150/264  loss=0.4688
  batch 160/264  loss=0.5659
  batch 170/264  loss=0.4269
  batch 180/264  loss=0.5817
  batch 190/264  loss=0.4765
  batch 200/264  loss=0.4479
  batch 210/264  loss=0.4605
  batch 220/264  loss=0.7208
  batch 230/264  loss=0.4092
  batch 240/264  loss=0.7392
  batch 250/264  loss=0.5164
  batch 260/264  loss=0.4829
Epoch  55/300  train=5.246e-01  rmse=2.1234  lr=1.0e-04  230s
  -> best  monitor=5.246e-01
  batch 10/264  loss=0.3336
  batch 20/264  loss=0.9196
  batch 30/264  loss=0.8681
  batch 40/264  loss=0.3958
  batch 50/264  loss=0.4557
  batch 60/264  loss=0.3999
  batch 70/264  loss=0.5330
  batch 80/264  loss=0.4032
  batch 90/264  loss=0.4095
  batch 100/264  loss=0.4982
  batch 110/264  loss=0.4355
  batch 120/264  loss=0.4290
  batch 130/264  loss=0.4780
  batch 140/264  loss=0.4792
  batch 150/264  loss=0.5611
  batch 160/264  loss=0.4912
  batch 170/264  loss=0.4025
  batch 180/264  loss=0.3752
  batch 190/264  loss=0.3631
  batch 200/264  loss=0.3366
  batch 210/264  loss=0.4508
  batch 220/264  loss=0.4902
  batch 230/264  loss=0.6789
  batch 240/264  loss=0.6967
  batch 250/264  loss=0.7058
  batch 260/264  loss=0.4371
Epoch  56/300  train=5.185e-01  rmse=2.0953  lr=1.0e-04  231s
  -> best  monitor=5.185e-01
  batch 10/264  loss=0.3541
  batch 20/264  loss=0.4626
  batch 30/264  loss=0.9222
  batch 40/264  loss=0.7097
  batch 50/264  loss=0.8249
  batch 60/264  loss=0.5027
  batch 70/264  loss=0.9137
  batch 80/264  loss=0.4141
  batch 90/264  loss=0.9533
  batch 100/264  loss=0.5385
  batch 110/264  loss=0.3914
  batch 120/264  loss=0.5568
  batch 130/264  loss=0.4201
  batch 140/264  loss=0.4422
  batch 150/264  loss=0.3777
  batch 160/264  loss=0.4163
  batch 170/264  loss=0.4483
  batch 180/264  loss=0.6014
  batch 190/264  loss=0.4591
  batch 200/264  loss=0.3996
  batch 210/264  loss=0.5377
  batch 220/264  loss=1.1228
  batch 230/264  loss=0.4245
  batch 240/264  loss=0.4125
  batch 250/264  loss=0.4222
  batch 260/264  loss=0.4194
Epoch  57/300  train=5.108e-01  rmse=2.0647  lr=1.0e-04  230s
  -> best  monitor=5.108e-01
  batch 10/264  loss=0.6321
  batch 20/264  loss=0.4250
  batch 30/264  loss=0.4304
  batch 40/264  loss=0.6689
  batch 50/264  loss=0.5619
  batch 60/264  loss=0.6355
  batch 70/264  loss=0.7190
  batch 80/264  loss=0.4428
  batch 90/264  loss=0.3874
  batch 100/264  loss=0.4809
  batch 110/264  loss=0.4443
  batch 120/264  loss=0.3626
  batch 130/264  loss=0.4128
  batch 140/264  loss=0.4483
  batch 150/264  loss=0.4757
  batch 160/264  loss=0.4834
  batch 170/264  loss=0.4852
  batch 180/264  loss=0.3905
  batch 190/264  loss=0.3633
  batch 200/264  loss=0.4326
  batch 210/264  loss=0.4561
  batch 220/264  loss=0.7595
  batch 230/264  loss=0.6308
  batch 240/264  loss=0.4442
  batch 250/264  loss=0.7917
  batch 260/264  loss=0.5206
Epoch  58/300  train=5.101e-01  rmse=2.0598  lr=1.0e-04  230s
  -> best  monitor=5.101e-01
  batch 10/264  loss=0.5356
  batch 20/264  loss=0.3992
  batch 30/264  loss=0.4482
  batch 40/264  loss=0.4224
  batch 50/264  loss=0.4367
  batch 60/264  loss=0.5174
  batch 70/264  loss=0.5756
  batch 80/264  loss=0.5774
  batch 90/264  loss=0.3715
  batch 100/264  loss=0.4460
  batch 110/264  loss=0.3931
  batch 120/264  loss=0.6230
  batch 130/264  loss=0.4867
  batch 140/264  loss=0.3923
  batch 150/264  loss=0.5945
  batch 160/264  loss=0.7340
  batch 170/264  loss=0.3849
  batch 180/264  loss=0.6873
  batch 190/264  loss=0.3929
  batch 200/264  loss=0.4140
  batch 210/264  loss=0.4468
  batch 220/264  loss=0.3678
  batch 230/264  loss=0.6123
  batch 240/264  loss=0.6444
  batch 250/264  loss=0.3688
  batch 260/264  loss=0.3827
Epoch  59/300  train=5.091e-01  rmse=2.0542  lr=1.0e-04  230s
  -> best  monitor=5.091e-01
  batch 10/264  loss=0.4443
  batch 20/264  loss=0.8709
  batch 30/264  loss=0.8390
  batch 40/264  loss=0.4287
  batch 50/264  loss=0.4055
  batch 60/264  loss=0.5709
  batch 70/264  loss=0.4948
  batch 80/264  loss=0.5505
  batch 90/264  loss=0.6746
  batch 100/264  loss=0.3945
  batch 110/264  loss=0.4332
  batch 120/264  loss=0.7894
  batch 130/264  loss=0.4022
  batch 140/264  loss=0.4240
  batch 150/264  loss=0.4761
  batch 160/264  loss=0.5321
  batch 170/264  loss=0.6464
  batch 180/264  loss=0.5349
  batch 190/264  loss=0.5813
  batch 200/264  loss=0.3763
  batch 210/264  loss=0.4117
  batch 220/264  loss=0.4540
  batch 230/264  loss=0.9898
  batch 240/264  loss=0.5415
  batch 250/264  loss=0.4780
  batch 260/264  loss=0.5333
Epoch  60/300  train=5.152e-01  rmse=2.1276  lr=1.0e-04  230s
  batch 10/264  loss=0.3746
  batch 20/264  loss=0.4124
  batch 30/264  loss=0.3966
  batch 40/264  loss=0.3811
  batch 50/264  loss=0.6223
  batch 60/264  loss=0.5570
  batch 70/264  loss=0.3803
  batch 80/264  loss=0.4842
  batch 90/264  loss=0.4307
  batch 100/264  loss=0.6375
  batch 110/264  loss=0.4895
  batch 120/264  loss=0.5235
  batch 130/264  loss=0.3806
  batch 140/264  loss=0.3954
  batch 150/264  loss=0.4302
  batch 160/264  loss=0.5062
  batch 170/264  loss=0.4979
  batch 180/264  loss=0.3821
  batch 190/264  loss=0.4189
  batch 200/264  loss=0.3833
  batch 210/264  loss=0.6067
  batch 220/264  loss=0.3691
  batch 230/264  loss=0.4710
  batch 240/264  loss=0.4690
  batch 250/264  loss=0.4908
  batch 260/264  loss=0.8227
Epoch  61/300  train=5.088e-01  rmse=2.0409  lr=1.0e-04  230s
  -> best  monitor=5.088e-01
  batch 10/264  loss=0.3654
  batch 20/264  loss=0.4542
  batch 30/264  loss=0.4617
  batch 40/264  loss=0.4562
  batch 50/264  loss=0.3742
  batch 60/264  loss=0.4593
  batch 70/264  loss=0.4489
  batch 80/264  loss=0.5362
  batch 90/264  loss=0.4112
  batch 100/264  loss=0.3677
  batch 110/264  loss=0.4160
  batch 120/264  loss=0.3867
  batch 130/264  loss=0.6146
  batch 140/264  loss=0.6454
  batch 150/264  loss=0.3946
  batch 160/264  loss=1.0537
  batch 170/264  loss=0.5216
  batch 180/264  loss=0.5173
  batch 190/264  loss=0.3705
  batch 200/264  loss=0.4942
  batch 210/264  loss=0.3871
  batch 220/264  loss=0.4000
  batch 230/264  loss=0.3917
  batch 240/264  loss=0.4129
  batch 250/264  loss=0.5111
  batch 260/264  loss=0.9198
Epoch  62/300  train=5.033e-01  rmse=2.0370  lr=1.0e-04  231s
  -> best  monitor=5.033e-01
  batch 10/264  loss=0.4890
  batch 20/264  loss=0.4643
  batch 30/264  loss=0.5928
  batch 40/264  loss=0.5202
  batch 50/264  loss=0.5009
  batch 60/264  loss=0.3946
  batch 70/264  loss=0.4313
  batch 80/264  loss=0.6997
  batch 90/264  loss=0.5367
  batch 100/264  loss=0.3918
  batch 110/264  loss=0.6163
  batch 120/264  loss=0.4298
  batch 130/264  loss=0.3897
  batch 140/264  loss=0.4735
  batch 150/264  loss=0.4172
  batch 160/264  loss=0.5310
  batch 170/264  loss=0.4247
  batch 180/264  loss=0.4904
  batch 190/264  loss=0.6577
  batch 200/264  loss=0.6500
  batch 210/264  loss=0.4190
  batch 220/264  loss=0.6956
  batch 230/264  loss=0.5481
  batch 240/264  loss=0.6885
  batch 250/264  loss=0.4424
  batch 260/264  loss=0.4333
Epoch  63/300  train=5.058e-01  rmse=2.0525  lr=1.0e-04  230s
  batch 10/264  loss=0.4346
  batch 20/264  loss=0.3971
  batch 30/264  loss=0.3645
  batch 40/264  loss=0.4309
  batch 50/264  loss=0.4445
  batch 60/264  loss=0.4161
  batch 70/264  loss=0.4231
  batch 80/264  loss=0.8459
  batch 90/264  loss=0.4818
  batch 100/264  loss=0.5288
  batch 110/264  loss=0.4816
  batch 120/264  loss=0.6147
  batch 130/264  loss=0.6421
  batch 140/264  loss=0.5003
  batch 150/264  loss=0.4766
  batch 160/264  loss=0.4599
  batch 170/264  loss=0.3370
  batch 180/264  loss=0.5635
  batch 190/264  loss=0.4532
  batch 200/264  loss=0.5744
  batch 210/264  loss=0.6011
  batch 220/264  loss=0.4542
  batch 230/264  loss=0.5906
  batch 240/264  loss=0.3708
  batch 250/264  loss=0.4950
  batch 260/264  loss=0.6979
Epoch  64/300  train=5.060e-01  rmse=2.0860  lr=1.0e-04  231s
  batch 10/264  loss=0.6583
  batch 20/264  loss=0.9736
  batch 30/264  loss=0.4465
  batch 40/264  loss=0.4452
  batch 50/264  loss=0.4939
  batch 60/264  loss=0.3963
  batch 70/264  loss=0.4605
  batch 80/264  loss=0.4527
  batch 90/264  loss=0.5980
  batch 100/264  loss=0.4646
  batch 110/264  loss=0.8257
  batch 120/264  loss=0.4341
  batch 130/264  loss=0.3593
  batch 140/264  loss=0.3484
  batch 150/264  loss=1.0769
  batch 160/264  loss=0.7530
  batch 170/264  loss=0.4037
  batch 180/264  loss=0.5467
  batch 190/264  loss=0.4814
  batch 200/264  loss=0.5005
  batch 210/264  loss=0.4574
  batch 220/264  loss=0.3568
  batch 230/264  loss=0.3532
  batch 240/264  loss=0.5796
  batch 250/264  loss=0.4682
  batch 260/264  loss=0.5092
Epoch  65/300  train=5.010e-01  rmse=2.0810  lr=1.0e-04  230s
  -> best  monitor=5.010e-01
  batch 10/264  loss=0.5597
  batch 20/264  loss=0.5056
  batch 30/264  loss=0.4227
  batch 40/264  loss=0.3943
  batch 50/264  loss=0.4303
  batch 60/264  loss=0.6061
  batch 70/264  loss=0.5742
  batch 80/264  loss=0.6271
  batch 90/264  loss=0.6013
  batch 100/264  loss=0.4056
  batch 110/264  loss=0.4758
  batch 120/264  loss=0.5904
  batch 130/264  loss=1.0170
  batch 140/264  loss=0.6841
  batch 150/264  loss=0.4248
  batch 160/264  loss=0.3163
  batch 170/264  loss=0.4415
  batch 180/264  loss=0.4167
  batch 190/264  loss=0.3917
  batch 200/264  loss=0.5342
  batch 210/264  loss=0.3733
  batch 220/264  loss=0.4652
  batch 230/264  loss=0.3445
  batch 240/264  loss=0.6812
  batch 250/264  loss=0.7302
  batch 260/264  loss=0.3928
Epoch  66/300  train=5.063e-01  rmse=2.0709  lr=1.0e-04  231s
  batch 10/264  loss=0.8504
  batch 20/264  loss=0.5674
  batch 30/264  loss=0.4339
  batch 40/264  loss=0.4211
  batch 50/264  loss=0.6036
  batch 60/264  loss=0.4880
  batch 70/264  loss=0.3878
  batch 80/264  loss=0.3787
  batch 90/264  loss=0.7642
  batch 100/264  loss=0.6055
  batch 110/264  loss=0.5260
  batch 120/264  loss=0.3777
  batch 130/264  loss=0.5115
  batch 140/264  loss=0.4758
  batch 150/264  loss=0.4878
  batch 160/264  loss=0.3241
  batch 170/264  loss=0.4176
  batch 180/264  loss=0.4390
  batch 190/264  loss=0.7873
  batch 200/264  loss=0.4776
  batch 210/264  loss=0.7912
  batch 220/264  loss=0.4308
  batch 230/264  loss=0.4428
  batch 240/264  loss=0.3959
  batch 250/264  loss=0.5673
  batch 260/264  loss=0.7360
Epoch  67/300  train=4.977e-01  rmse=2.0371  lr=1.0e-04  230s
  -> best  monitor=4.977e-01
  batch 10/264  loss=0.5210
  batch 20/264  loss=0.5811
  batch 30/264  loss=0.6484
  batch 40/264  loss=0.8593
  batch 50/264  loss=0.3787
  batch 60/264  loss=0.3851
  batch 70/264  loss=0.8292
  batch 80/264  loss=0.4000
  batch 90/264  loss=0.5762
  batch 100/264  loss=0.5160
  batch 110/264  loss=0.4697
  batch 120/264  loss=0.5200
  batch 130/264  loss=0.3683
  batch 140/264  loss=0.3346
  batch 150/264  loss=0.3797
  batch 160/264  loss=0.5359
  batch 170/264  loss=0.4180
  batch 180/264  loss=0.4243
  batch 190/264  loss=0.4508
  batch 200/264  loss=0.4646
  batch 210/264  loss=0.4863
  batch 220/264  loss=0.9002
  batch 230/264  loss=0.5286
  batch 240/264  loss=0.4821
  batch 250/264  loss=0.7373
  batch 260/264  loss=0.7080
Epoch  68/300  train=4.990e-01  rmse=2.0473  lr=1.0e-04  230s
  batch 10/264  loss=0.4821
  batch 20/264  loss=0.5128
  batch 30/264  loss=0.3295
  batch 40/264  loss=0.4221
  batch 50/264  loss=0.4251
  batch 60/264  loss=0.5725
  batch 70/264  loss=0.5614
  batch 80/264  loss=0.3430
  batch 90/264  loss=0.5705
  batch 100/264  loss=0.3414
  batch 110/264  loss=0.5984
  batch 120/264  loss=0.3723
  batch 130/264  loss=0.5150
  batch 140/264  loss=1.0231
  batch 150/264  loss=0.3927
  batch 160/264  loss=0.4087
  batch 170/264  loss=0.6477
  batch 180/264  loss=0.6152
  batch 190/264  loss=0.8405
  batch 200/264  loss=0.5115
  batch 210/264  loss=0.6526
  batch 220/264  loss=0.4633
  batch 230/264  loss=0.4847
  batch 240/264  loss=0.4023
  batch 250/264  loss=0.4961
  batch 260/264  loss=0.6401
Epoch  69/300  train=4.914e-01  rmse=2.0376  lr=1.0e-04  230s
  -> best  monitor=4.914e-01
  batch 10/264  loss=0.3918
  batch 20/264  loss=0.4145
  batch 30/264  loss=0.4456
  batch 40/264  loss=0.4060
  batch 50/264  loss=0.4996
  batch 60/264  loss=0.3789
  batch 70/264  loss=0.7264
  batch 80/264  loss=0.4871
  batch 90/264  loss=0.3847
  batch 100/264  loss=0.5190
  batch 110/264  loss=0.9554
  batch 120/264  loss=0.3959
  batch 130/264  loss=0.7553
  batch 140/264  loss=0.4759
  batch 150/264  loss=0.5089
  batch 160/264  loss=0.3979
  batch 170/264  loss=0.5941
  batch 180/264  loss=0.4516
  batch 190/264  loss=0.3943
  batch 200/264  loss=0.4347
  batch 210/264  loss=0.5226
  batch 220/264  loss=0.4690
  batch 230/264  loss=0.4640
  batch 240/264  loss=0.6069
  batch 250/264  loss=0.4583
  batch 260/264  loss=0.4232
Epoch  70/300  train=4.860e-01  rmse=2.0011  lr=1.0e-04  230s
  -> best  monitor=4.860e-01
  batch 10/264  loss=0.4734
  batch 20/264  loss=0.4525
  batch 30/264  loss=0.4293
  batch 40/264  loss=0.6699
  batch 50/264  loss=0.4099
  batch 60/264  loss=0.3790
  batch 70/264  loss=0.4526
  batch 80/264  loss=0.3821
  batch 90/264  loss=0.3678
  batch 100/264  loss=0.9166
  batch 110/264  loss=0.4268
  batch 120/264  loss=0.4018
  batch 130/264  loss=0.3986
  batch 140/264  loss=0.3552
  batch 150/264  loss=0.9809
  batch 160/264  loss=0.5800
  batch 170/264  loss=0.4759
  batch 180/264  loss=0.4231
  batch 190/264  loss=0.4493
  batch 200/264  loss=0.3883
  batch 210/264  loss=0.4467
  batch 220/264  loss=0.3800
  batch 230/264  loss=0.5220
  batch 240/264  loss=0.3924
  batch 250/264  loss=0.4431
  batch 260/264  loss=0.4017
Epoch  71/300  train=4.904e-01  rmse=2.0045  lr=1.0e-04  229s
  batch 10/264  loss=0.8583
  batch 20/264  loss=0.4909
  batch 30/264  loss=0.7851
  batch 40/264  loss=0.6046
  batch 50/264  loss=0.4895
  batch 60/264  loss=0.5048
  batch 70/264  loss=0.3651
  batch 80/264  loss=0.5019
  batch 90/264  loss=0.3566
  batch 100/264  loss=0.3317
  batch 110/264  loss=0.3455
  batch 120/264  loss=0.5144
  batch 130/264  loss=0.4741
  batch 140/264  loss=0.6239
  batch 150/264  loss=0.3977
  batch 160/264  loss=0.4392
  batch 170/264  loss=0.5423
  batch 180/264  loss=0.4785
  batch 190/264  loss=0.5377
  batch 200/264  loss=0.3548
  batch 210/264  loss=0.3435
  batch 220/264  loss=0.5290
  batch 230/264  loss=0.4346
  batch 240/264  loss=0.4297
  batch 250/264  loss=0.7053
  batch 260/264  loss=0.5569
Epoch  72/300  train=4.859e-01  rmse=2.0129  lr=1.0e-04  229s
  -> best  monitor=4.859e-01
  batch 10/264  loss=0.4162
  batch 20/264  loss=0.3720
  batch 30/264  loss=0.4469
  batch 40/264  loss=0.3826
  batch 50/264  loss=0.8255
  batch 60/264  loss=0.3687
  batch 70/264  loss=0.5559
  batch 80/264  loss=0.4059
  batch 90/264  loss=0.3716
  batch 100/264  loss=0.4702
  batch 110/264  loss=0.4529
  batch 120/264  loss=0.5451
  batch 130/264  loss=0.6363
  batch 140/264  loss=0.4695
  batch 150/264  loss=0.3440
  batch 160/264  loss=0.4977
  batch 170/264  loss=0.4584
  batch 180/264  loss=0.6704
  batch 190/264  loss=0.3682
  batch 200/264  loss=0.5205
  batch 210/264  loss=0.3778
  batch 220/264  loss=0.6246
  batch 230/264  loss=0.3750
  batch 240/264  loss=0.4451
  batch 250/264  loss=0.4147
  batch 260/264  loss=0.4121
Epoch  73/300  train=4.838e-01  rmse=2.0068  lr=1.0e-04  230s
  -> best  monitor=4.838e-01
  batch 10/264  loss=0.3495
  batch 20/264  loss=0.5669
  batch 30/264  loss=0.4056
  batch 40/264  loss=0.4355
  batch 50/264  loss=0.7397
  batch 60/264  loss=0.7055
  batch 70/264  loss=0.3255
  batch 80/264  loss=0.4861
  batch 90/264  loss=0.5826
  batch 100/264  loss=0.4187
  batch 110/264  loss=0.4022
  batch 120/264  loss=0.3932
  batch 130/264  loss=0.5596
  batch 140/264  loss=0.4503
  batch 150/264  loss=0.3801
  batch 160/264  loss=0.4473
  batch 170/264  loss=0.4287
  batch 180/264  loss=0.5197
  batch 190/264  loss=0.4844
  batch 200/264  loss=0.9261
  batch 210/264  loss=0.8239
  batch 220/264  loss=0.3536
  batch 230/264  loss=0.7115
  batch 240/264  loss=0.7406
  batch 250/264  loss=0.4295
  batch 260/264  loss=0.4736
Epoch  74/300  train=4.804e-01  rmse=1.9760  lr=1.0e-04  230s
  -> best  monitor=4.804e-01
  batch 10/264  loss=0.4272
  batch 20/264  loss=0.3330
  batch 30/264  loss=0.8495
  batch 40/264  loss=0.3517
  batch 50/264  loss=0.4077
  batch 60/264  loss=0.6323
  batch 70/264  loss=0.5149
  batch 80/264  loss=0.5483
  batch 90/264  loss=0.3659
  batch 100/264  loss=0.3473
  batch 110/264  loss=0.4053
  batch 120/264  loss=0.3559
  batch 130/264  loss=0.7292
  batch 140/264  loss=0.5138
  batch 150/264  loss=0.4365
  batch 160/264  loss=0.4234
  batch 170/264  loss=0.5253
  batch 180/264  loss=0.3724
  batch 190/264  loss=0.3843
  batch 200/264  loss=0.4753
  batch 210/264  loss=0.4935
  batch 220/264  loss=0.3975
  batch 230/264  loss=0.3909
  batch 240/264  loss=0.2996
  batch 250/264  loss=0.5701
  batch 260/264  loss=0.4466
Epoch  75/300  train=4.856e-01  rmse=1.9960  lr=1.0e-04  230s
  batch 10/264  loss=0.5653
  batch 20/264  loss=0.6050
  batch 30/264  loss=0.4815
  batch 40/264  loss=0.4212
  batch 50/264  loss=0.7585
  batch 60/264  loss=0.3891
  batch 70/264  loss=0.4881
  batch 80/264  loss=0.6132
  batch 90/264  loss=0.5783
  batch 100/264  loss=0.3754
  batch 110/264  loss=0.6177
  batch 120/264  loss=0.4958
  batch 130/264  loss=0.3567
  batch 140/264  loss=0.4338
  batch 150/264  loss=0.4093
  batch 160/264  loss=0.5372
  batch 170/264  loss=0.3728
  batch 180/264  loss=0.4322
  batch 190/264  loss=0.8210
  batch 200/264  loss=0.6698
  batch 210/264  loss=0.4220
  batch 220/264  loss=0.6459
  batch 230/264  loss=0.4756
  batch 240/264  loss=0.3749
  batch 250/264  loss=0.4101
  batch 260/264  loss=0.4690
Epoch  76/300  train=4.925e-01  rmse=2.0230  lr=1.0e-04  230s
  batch 10/264  loss=0.5047
  batch 20/264  loss=0.3508
  batch 30/264  loss=0.4030
  batch 40/264  loss=0.3631
  batch 50/264  loss=0.5523
  batch 60/264  loss=0.5804
  batch 70/264  loss=0.3974
  batch 80/264  loss=0.4598
  batch 90/264  loss=0.3747
  batch 100/264  loss=0.3837
  batch 110/264  loss=0.5114
  batch 120/264  loss=0.4549
  batch 130/264  loss=0.4200
  batch 140/264  loss=0.3892
  batch 150/264  loss=0.5193
  batch 160/264  loss=0.5882
  batch 170/264  loss=0.4408
  batch 180/264  loss=0.4142
  batch 190/264  loss=0.3758
  batch 200/264  loss=0.4761
  batch 210/264  loss=0.3803
  batch 220/264  loss=0.4904
  batch 230/264  loss=0.5605
  batch 240/264  loss=0.4557
  batch 250/264  loss=0.3726
  batch 260/264  loss=0.3192
Epoch  77/300  train=4.816e-01  rmse=1.9980  lr=1.0e-04  230s
  batch 10/264  loss=0.4020
  batch 20/264  loss=0.4925
  batch 30/264  loss=0.4383
  batch 40/264  loss=0.4619
  batch 50/264  loss=0.4972
  batch 60/264  loss=0.6481
  batch 70/264  loss=0.8707
  batch 80/264  loss=0.5660
  batch 90/264  loss=0.5484
  batch 100/264  loss=0.4795
  batch 110/264  loss=0.4681
  batch 120/264  loss=0.3711
  batch 130/264  loss=0.3659
  batch 140/264  loss=0.6023
  batch 150/264  loss=0.4351
  batch 160/264  loss=0.4027
  batch 170/264  loss=0.3709
  batch 180/264  loss=0.5002
  batch 190/264  loss=0.7770
  batch 200/264  loss=0.7793
  batch 210/264  loss=0.5164
  batch 220/264  loss=0.5845
  batch 230/264  loss=0.4805
  batch 240/264  loss=0.3922
  batch 250/264  loss=0.3911
  batch 260/264  loss=0.5319
Epoch  78/300  train=4.804e-01  rmse=1.9671  lr=1.0e-04  229s
  -> best  monitor=4.804e-01
  batch 10/264  loss=0.5682
  batch 20/264  loss=0.3931
  batch 30/264  loss=0.5295
  batch 40/264  loss=0.4359
  batch 50/264  loss=0.4318
  batch 60/264  loss=0.6588
  batch 70/264  loss=0.4991
  batch 80/264  loss=0.5177
  batch 90/264  loss=0.4030
  batch 100/264  loss=0.5866
  batch 110/264  loss=0.5192
  batch 120/264  loss=0.3794
  batch 130/264  loss=0.6732
  batch 140/264  loss=0.4020
  batch 150/264  loss=0.4193
  batch 160/264  loss=0.4409
  batch 170/264  loss=0.4551
  batch 180/264  loss=0.5036
  batch 190/264  loss=0.3570
  batch 200/264  loss=0.4175
  batch 210/264  loss=0.4587
  batch 220/264  loss=0.5621
  batch 230/264  loss=0.4652
  batch 240/264  loss=0.4476
  batch 250/264  loss=0.5473
  batch 260/264  loss=0.3837
Epoch  79/300  train=4.752e-01  rmse=1.9862  lr=1.0e-04  230s
  -> best  monitor=4.752e-01
  batch 10/264  loss=0.3466
  batch 20/264  loss=0.4023
  batch 30/264  loss=0.4872
  batch 40/264  loss=0.4347
  batch 50/264  loss=0.3708
  batch 60/264  loss=0.3964
  batch 70/264  loss=0.4218
  batch 80/264  loss=0.3481
  batch 90/264  loss=0.4676
  batch 100/264  loss=0.3409
  batch 110/264  loss=0.4645
  batch 120/264  loss=1.0341
  batch 130/264  loss=0.4183
  batch 140/264  loss=0.4486
  batch 150/264  loss=0.4118
  batch 160/264  loss=0.4264
  batch 170/264  loss=0.6613
  batch 180/264  loss=0.7399
  batch 190/264  loss=0.4232
  batch 200/264  loss=0.6308
  batch 210/264  loss=0.4761
  batch 220/264  loss=0.3636
  batch 230/264  loss=0.4048
  batch 240/264  loss=0.4782
  batch 250/264  loss=0.5103
  batch 260/264  loss=0.4104
Epoch  80/300  train=4.802e-01  rmse=1.9543  lr=1.0e-04  229s
  batch 10/264  loss=0.4014
  batch 20/264  loss=0.4643
  batch 30/264  loss=0.3347
  batch 40/264  loss=0.4439
  batch 50/264  loss=0.4042
  batch 60/264  loss=0.4616
  batch 70/264  loss=0.3645
  batch 80/264  loss=0.7440
  batch 90/264  loss=0.4264
  batch 100/264  loss=0.3802
  batch 110/264  loss=0.3718
  batch 120/264  loss=0.4059
  batch 130/264  loss=0.3930
  batch 140/264  loss=0.5329
  batch 150/264  loss=0.4760
  batch 160/264  loss=0.5511
  batch 170/264  loss=0.4608
  batch 180/264  loss=0.4404
  batch 190/264  loss=0.5519
  batch 200/264  loss=0.3606
  batch 210/264  loss=0.3539
  batch 220/264  loss=0.5005
  batch 230/264  loss=0.4632
  batch 240/264  loss=0.4781
  batch 250/264  loss=0.4411
  batch 260/264  loss=0.4484
Epoch  81/300  train=4.802e-01  rmse=1.9879  lr=1.0e-04  229s
  batch 10/264  loss=0.5758
  batch 20/264  loss=0.4327
  batch 30/264  loss=0.9482
  batch 40/264  loss=0.6210
  batch 50/264  loss=0.3598
  batch 60/264  loss=0.4027
  batch 70/264  loss=0.4883
  batch 80/264  loss=0.5193
  batch 90/264  loss=0.3992
  batch 100/264  loss=0.6700
  batch 110/264  loss=0.6743
  batch 120/264  loss=0.3624
  batch 130/264  loss=0.6110
  batch 140/264  loss=0.7241
  batch 150/264  loss=0.3652
  batch 160/264  loss=0.4505
  batch 170/264  loss=0.4105
  batch 180/264  loss=0.3524
  batch 190/264  loss=0.4162
  batch 200/264  loss=0.4475
  batch 210/264  loss=0.3853
  batch 220/264  loss=0.6539
  batch 230/264  loss=0.4086
  batch 240/264  loss=0.3212
  batch 250/264  loss=0.5826
  batch 260/264  loss=0.8192
Epoch  82/300  train=4.715e-01  rmse=1.9522  lr=1.0e-04  231s
  -> best  monitor=4.715e-01
  batch 10/264  loss=0.4382
  batch 20/264  loss=0.3996
  batch 30/264  loss=0.6971
  batch 40/264  loss=0.3675
  batch 50/264  loss=0.4231
  batch 60/264  loss=0.4761
  batch 70/264  loss=0.5387
  batch 80/264  loss=0.4734
  batch 90/264  loss=0.4230
  batch 100/264  loss=0.4958
  batch 110/264  loss=0.4767
  batch 120/264  loss=0.4878
  batch 130/264  loss=0.6908
  batch 140/264  loss=0.4705
  batch 150/264  loss=0.6341
  batch 160/264  loss=0.4630
  batch 170/264  loss=0.4463
  batch 180/264  loss=0.6252
  batch 190/264  loss=0.4288
  batch 200/264  loss=0.4682
  batch 210/264  loss=0.4676
  batch 220/264  loss=0.4235
  batch 230/264  loss=0.9731
  batch 240/264  loss=0.4889
  batch 250/264  loss=0.4632
  batch 260/264  loss=0.6163
Epoch  83/300  train=4.796e-01  rmse=2.0463  lr=1.0e-04  229s
  batch 10/264  loss=0.4121
  batch 20/264  loss=0.6676
  batch 30/264  loss=0.3545
  batch 40/264  loss=0.6487
  batch 50/264  loss=0.3440
  batch 60/264  loss=0.4373
  batch 70/264  loss=0.5188
  batch 80/264  loss=0.4147
  batch 90/264  loss=0.6760
  batch 100/264  loss=0.5030
  batch 110/264  loss=0.4109
  batch 120/264  loss=0.4814
  batch 130/264  loss=0.6126
  batch 140/264  loss=0.3991
  batch 150/264  loss=0.3941
  batch 160/264  loss=0.3828
  batch 170/264  loss=0.3441
  batch 180/264  loss=0.5589
  batch 190/264  loss=0.5187
  batch 200/264  loss=0.3912
  batch 210/264  loss=0.5012
  batch 220/264  loss=0.4730
  batch 230/264  loss=0.4604
  batch 240/264  loss=0.4348
  batch 250/264  loss=0.4129
  batch 260/264  loss=0.5186
Epoch  84/300  train=4.658e-01  rmse=1.9385  lr=1.0e-04  230s
  -> best  monitor=4.658e-01
  batch 10/264  loss=0.4433
  batch 20/264  loss=0.3984
  batch 30/264  loss=0.5676
  batch 40/264  loss=0.4916
  batch 50/264  loss=0.4296
  batch 60/264  loss=0.4937
  batch 70/264  loss=0.6571
  batch 80/264  loss=0.4615
  batch 90/264  loss=0.4838
  batch 100/264  loss=0.4108
  batch 110/264  loss=0.6325
  batch 120/264  loss=0.4572
  batch 130/264  loss=0.4493
  batch 140/264  loss=0.5617
  batch 150/264  loss=0.5166
  batch 160/264  loss=0.3518
  batch 170/264  loss=0.3737
  batch 180/264  loss=0.4021
  batch 190/264  loss=0.7130
  batch 200/264  loss=0.4183
  batch 210/264  loss=0.4170
  batch 220/264  loss=0.5696
  batch 230/264  loss=0.4323
  batch 240/264  loss=0.6366
  batch 250/264  loss=0.4703
  batch 260/264  loss=1.2349
Epoch  85/300  train=4.746e-01  rmse=2.0158  lr=1.0e-04  230s
  batch 10/264  loss=0.5099
  batch 20/264  loss=0.4255
  batch 30/264  loss=0.5080
  batch 40/264  loss=0.6386
  batch 50/264  loss=0.4726
  batch 60/264  loss=0.4010
  batch 70/264  loss=0.4381
  batch 80/264  loss=0.3960
  batch 90/264  loss=0.5479
  batch 100/264  loss=0.4060
  batch 110/264  loss=0.3958
  batch 120/264  loss=0.4752
  batch 130/264  loss=0.3775
  batch 140/264  loss=0.4128
  batch 150/264  loss=0.3785
  batch 160/264  loss=0.4383
  batch 170/264  loss=0.3643
  batch 180/264  loss=0.4885
  batch 190/264  loss=0.4004
  batch 200/264  loss=0.8866
  batch 210/264  loss=0.5947
  batch 220/264  loss=0.4738
  batch 230/264  loss=0.5171
  batch 240/264  loss=0.8370
  batch 250/264  loss=0.5093
  batch 260/264  loss=0.4529
Epoch  86/300  train=4.699e-01  rmse=2.2274  lr=1.0e-04  231s
  batch 10/264  loss=0.3940
  batch 20/264  loss=0.5041
  batch 30/264  loss=0.4301
  batch 40/264  loss=0.3341
  batch 50/264  loss=0.4040
  batch 60/264  loss=0.3585
  batch 70/264  loss=0.3663
  batch 80/264  loss=0.4562
  batch 90/264  loss=0.4455
  batch 100/264  loss=0.4010
  batch 110/264  loss=0.4847
  batch 120/264  loss=0.5458
  batch 130/264  loss=0.4589
  batch 140/264  loss=0.4884
  batch 150/264  loss=0.6647
  batch 160/264  loss=0.4343
  batch 170/264  loss=0.4174
  batch 180/264  loss=0.4085
  batch 190/264  loss=0.3597
  batch 200/264  loss=0.4389
  batch 210/264  loss=0.4371
  batch 220/264  loss=0.9773
  batch 230/264  loss=0.4667
  batch 240/264  loss=0.3908
  batch 250/264  loss=0.7843
  batch 260/264  loss=0.4758
Epoch  87/300  train=4.684e-01  rmse=1.9993  lr=1.0e-04  230s
  batch 10/264  loss=0.4902
  batch 20/264  loss=0.3902
  batch 30/264  loss=1.2310
  batch 40/264  loss=0.5571
  batch 50/264  loss=0.3467
  batch 60/264  loss=0.6301
  batch 70/264  loss=0.4464
  batch 80/264  loss=0.3850
  batch 90/264  loss=0.3807
  batch 100/264  loss=0.8986
  batch 110/264  loss=0.4113
  batch 120/264  loss=0.3345
  batch 130/264  loss=0.5251
  batch 140/264  loss=0.4027
  batch 150/264  loss=0.5005
  batch 160/264  loss=0.4146
  batch 170/264  loss=0.4194
  batch 180/264  loss=0.6135
  batch 190/264  loss=0.3346
  batch 200/264  loss=0.4063
  batch 210/264  loss=0.3774
  batch 220/264  loss=0.5153
  batch 230/264  loss=0.8912
  batch 240/264  loss=0.4319
  batch 250/264  loss=0.4136
  batch 260/264  loss=0.6155
Epoch  88/300  train=4.687e-01  rmse=1.9903  lr=1.0e-04  229s
  batch 10/264  loss=0.3433
  batch 20/264  loss=0.9084
  batch 30/264  loss=0.3694
  batch 40/264  loss=0.4702
  batch 50/264  loss=0.4039
  batch 60/264  loss=0.4658
  batch 70/264  loss=0.4603
  batch 80/264  loss=0.4336
  batch 90/264  loss=0.7410
  batch 100/264  loss=0.3809
  batch 110/264  loss=0.5955
  batch 120/264  loss=0.5837
  batch 130/264  loss=0.4043
  batch 140/264  loss=0.3590
  batch 150/264  loss=0.5318
  batch 160/264  loss=0.3875
  batch 170/264  loss=0.3899
  batch 180/264  loss=0.5354
  batch 190/264  loss=0.8699
  batch 200/264  loss=0.4321
  batch 210/264  loss=0.4211
  batch 220/264  loss=0.6661
  batch 230/264  loss=0.4381
  batch 240/264  loss=0.3561
  batch 250/264  loss=0.4505
  batch 260/264  loss=0.5563
Epoch  89/300  train=4.699e-01  rmse=1.9321  lr=1.0e-04  230s
  batch 10/264  loss=0.5636
  batch 20/264  loss=0.3500
  batch 30/264  loss=0.5645
  batch 40/264  loss=0.4147
  batch 50/264  loss=0.4250
  batch 60/264  loss=0.7017
  batch 70/264  loss=0.5706
  batch 80/264  loss=0.5010
  batch 90/264  loss=0.3527
  batch 100/264  loss=0.4464
  batch 110/264  loss=0.4271
  batch 120/264  loss=0.4735
  batch 130/264  loss=0.3327
  batch 140/264  loss=0.3492
  batch 150/264  loss=0.4250
  batch 160/264  loss=0.4643
  batch 170/264  loss=0.5288
  batch 180/264  loss=0.4402
  batch 190/264  loss=0.4548
  batch 200/264  loss=0.3541
  batch 210/264  loss=0.3759
  batch 220/264  loss=0.4416
  batch 230/264  loss=0.3582
  batch 240/264  loss=0.3777
  batch 250/264  loss=0.3448
  batch 260/264  loss=0.6063
Epoch  90/300  train=4.733e-01  rmse=1.9771  lr=1.0e-04  232s
  batch 10/264  loss=0.3880
  batch 20/264  loss=0.3660
  batch 30/264  loss=0.3989
  batch 40/264  loss=0.4011
  batch 50/264  loss=0.5698
  batch 60/264  loss=0.5904
  batch 70/264  loss=0.4161
  batch 80/264  loss=0.4305
  batch 90/264  loss=0.3860
  batch 100/264  loss=0.5143
  batch 110/264  loss=0.3931
  batch 120/264  loss=0.4503
  batch 130/264  loss=0.4179
  batch 140/264  loss=0.6966
  batch 150/264  loss=0.4268
  batch 160/264  loss=0.4290
  batch 170/264  loss=0.4812
  batch 180/264  loss=0.4597
  batch 190/264  loss=0.4664
  batch 200/264  loss=0.4077
  batch 210/264  loss=0.4877
  batch 220/264  loss=0.4939
  batch 230/264  loss=0.3968
  batch 240/264  loss=0.3466
  batch 250/264  loss=0.3911
  batch 260/264  loss=0.3795
Epoch  91/300  train=4.587e-01  rmse=1.9533  lr=1.0e-04  230s
  -> best  monitor=4.587e-01
  batch 10/264  loss=0.5468
  batch 20/264  loss=0.4495
  batch 30/264  loss=0.4038
  batch 40/264  loss=0.4139
  batch 50/264  loss=0.6006
  batch 60/264  loss=0.4221
  batch 70/264  loss=0.4649
  batch 80/264  loss=0.4798
  batch 90/264  loss=0.4874
  batch 100/264  loss=0.3532
  batch 110/264  loss=0.5635
  batch 120/264  loss=0.5670
  batch 130/264  loss=0.4869
  batch 140/264  loss=0.4547
  batch 150/264  loss=0.4614
  batch 160/264  loss=0.3655
  batch 170/264  loss=0.4920
  batch 180/264  loss=0.3909
  batch 190/264  loss=0.3723
  batch 200/264  loss=0.4042
  batch 210/264  loss=0.4523
  batch 220/264  loss=0.4139
  batch 230/264  loss=0.7293
  batch 240/264  loss=0.4630
  batch 250/264  loss=0.3386
  batch 260/264  loss=0.3649
Epoch  92/300  train=4.652e-01  rmse=1.9632  lr=1.0e-04  230s
  batch 10/264  loss=0.4761
  batch 20/264  loss=0.3627
  batch 30/264  loss=0.5291
  batch 40/264  loss=0.5222
  batch 50/264  loss=0.4208
  batch 60/264  loss=0.3746
  batch 70/264  loss=0.4306
  batch 80/264  loss=0.5769
  batch 90/264  loss=0.3566
  batch 100/264  loss=0.7594
  batch 110/264  loss=0.5452
  batch 120/264  loss=0.4051
  batch 130/264  loss=0.3857
  batch 140/264  loss=0.4553
  batch 150/264  loss=0.4671
  batch 160/264  loss=0.5091
  batch 170/264  loss=0.3917
  batch 180/264  loss=0.6522
  batch 190/264  loss=0.4537
  batch 200/264  loss=0.5048
  batch 210/264  loss=0.3103
  batch 220/264  loss=0.3590
  batch 230/264  loss=0.3464
  batch 240/264  loss=0.4100
  batch 250/264  loss=0.7058
  batch 260/264  loss=0.3737
Epoch  93/300  train=4.610e-01  rmse=1.9459  lr=1.0e-04  229s
  batch 10/264  loss=0.3557
  batch 20/264  loss=0.7073
  batch 30/264  loss=0.3996
  batch 40/264  loss=0.3511
  batch 50/264  loss=0.4275
  batch 60/264  loss=0.4796
  batch 70/264  loss=0.4458
  batch 80/264  loss=0.5209
  batch 90/264  loss=0.3120
  batch 100/264  loss=0.4095
  batch 110/264  loss=0.5120
  batch 120/264  loss=0.4671
  batch 130/264  loss=0.3435
  batch 140/264  loss=0.3877
  batch 150/264  loss=0.4126
  batch 160/264  loss=0.3641
  batch 170/264  loss=0.4269
  batch 180/264  loss=0.3453
  batch 190/264  loss=0.3842
  batch 200/264  loss=0.3730
  batch 210/264  loss=0.4718
  batch 220/264  loss=0.3688
  batch 230/264  loss=0.3968
  batch 240/264  loss=0.4019
  batch 250/264  loss=0.4825
  batch 260/264  loss=0.5616
Epoch  94/300  train=4.669e-01  rmse=2.0453  lr=1.0e-04  229s
  batch 10/264  loss=0.4434
  batch 20/264  loss=0.3965
  batch 30/264  loss=0.4008
  batch 40/264  loss=0.4949
  batch 50/264  loss=0.4069
  batch 60/264  loss=0.4488
  batch 70/264  loss=0.4410
  batch 80/264  loss=0.4188
  batch 90/264  loss=0.3792
  batch 100/264  loss=0.4162
  batch 110/264  loss=0.3599
  batch 120/264  loss=0.4562
  batch 130/264  loss=0.5022
  batch 140/264  loss=0.4969
  batch 150/264  loss=0.4050
  batch 160/264  loss=0.6166
  batch 170/264  loss=0.3706
  batch 180/264  loss=0.4576
  batch 190/264  loss=0.5986
  batch 200/264  loss=0.3879
  batch 210/264  loss=0.3419
  batch 220/264  loss=0.4175
  batch 230/264  loss=0.3884
  batch 240/264  loss=0.3795
  batch 250/264  loss=0.7167
  batch 260/264  loss=0.3571
Epoch  95/300  train=4.613e-01  rmse=3.9735  lr=1.0e-04  229s
  batch 10/264  loss=0.4266
  batch 20/264  loss=0.5158
  batch 30/264  loss=0.3239
  batch 40/264  loss=0.4289
  batch 50/264  loss=0.4693
  batch 60/264  loss=0.4151
  batch 70/264  loss=0.5783
  batch 80/264  loss=0.4468
  batch 90/264  loss=0.3718
  batch 100/264  loss=0.4249
  batch 110/264  loss=0.3521
  batch 120/264  loss=0.5350
  batch 130/264  loss=0.3706
  batch 140/264  loss=0.4581
  batch 150/264  loss=0.7955
  batch 160/264  loss=0.4511
  batch 170/264  loss=0.4400
  batch 180/264  loss=0.5346
  batch 190/264  loss=0.3852
  batch 200/264  loss=0.3836
  batch 210/264  loss=0.3359
  batch 220/264  loss=0.4863
  batch 230/264  loss=0.3582
  batch 240/264  loss=0.4700
  batch 250/264  loss=0.3223
  batch 260/264  loss=0.4318
Epoch  96/300  train=4.560e-01  rmse=2.0529  lr=1.0e-04  230s
  -> best  monitor=4.560e-01
  batch 10/264  loss=0.4300
  batch 20/264  loss=0.3778
  batch 30/264  loss=0.3581
  batch 40/264  loss=0.4847
  batch 50/264  loss=0.4627
  batch 60/264  loss=0.3182
  batch 70/264  loss=0.6346
  batch 80/264  loss=0.4503
  batch 90/264  loss=0.3591
  batch 100/264  loss=0.5492
  batch 110/264  loss=0.6295
  batch 120/264  loss=0.3561
  batch 130/264  loss=0.3924
  batch 140/264  loss=0.4586
  batch 150/264  loss=0.5323
  batch 160/264  loss=0.3959
  batch 170/264  loss=0.3510
  batch 180/264  loss=0.3574
  batch 190/264  loss=0.8342
  batch 200/264  loss=0.3799
  batch 210/264  loss=0.4047
  batch 220/264  loss=0.7620
  batch 230/264  loss=0.8949
  batch 240/264  loss=0.3734
  batch 250/264  loss=0.4517
  batch 260/264  loss=0.3633
Epoch  97/300  train=4.575e-01  rmse=1.9181  lr=1.0e-04  230s
  batch 10/264  loss=0.3966
  batch 20/264  loss=0.4727
  batch 30/264  loss=0.4944
  batch 40/264  loss=0.3796
  batch 50/264  loss=0.3710
  batch 60/264  loss=0.4719
  batch 70/264  loss=0.3689
  batch 80/264  loss=0.4511
  batch 90/264  loss=0.5022
  batch 100/264  loss=0.3512
  batch 110/264  loss=0.4844
  batch 120/264  loss=0.4183
  batch 130/264  loss=0.4017
  batch 140/264  loss=0.7161
  batch 150/264  loss=0.6967
  batch 160/264  loss=0.6218
  batch 170/264  loss=0.3407
  batch 180/264  loss=0.9352
  batch 190/264  loss=0.3386
  batch 200/264  loss=0.3853
  batch 210/264  loss=0.4455
  batch 220/264  loss=0.4089
  batch 230/264  loss=0.3915
  batch 240/264  loss=0.3469
  batch 250/264  loss=0.4708
  batch 260/264  loss=0.4302
Epoch  98/300  train=4.566e-01  rmse=2.3969  lr=1.0e-04  230s
  batch 10/264  loss=0.3684
  batch 20/264  loss=0.3703
  batch 30/264  loss=0.4703
  batch 40/264  loss=0.3657
  batch 50/264  loss=0.4515
  batch 60/264  loss=0.4324
  batch 70/264  loss=0.4800
  batch 80/264  loss=0.4067
  batch 90/264  loss=0.3726
  batch 100/264  loss=0.4344
  batch 110/264  loss=0.4624
  batch 120/264  loss=0.4509
  batch 130/264  loss=0.3597
  batch 140/264  loss=0.4308
  batch 150/264  loss=0.3433
  batch 160/264  loss=0.3695
  batch 170/264  loss=0.3560
  batch 180/264  loss=0.3924
  batch 190/264  loss=0.4296
  batch 200/264  loss=0.5757
  batch 210/264  loss=0.3800
  batch 220/264  loss=0.3742
  batch 230/264  loss=0.3769
  batch 240/264  loss=0.5853
  batch 250/264  loss=0.6949
  batch 260/264  loss=0.4276
Epoch  99/300  train=4.577e-01  rmse=1.9293  lr=1.0e-04  229s
  batch 10/264  loss=0.3864
  batch 20/264  loss=0.3921
  batch 30/264  loss=0.4230
  batch 40/264  loss=0.4722
  batch 50/264  loss=0.3854
  batch 60/264  loss=0.3263
  batch 70/264  loss=0.5502
  batch 80/264  loss=0.4568
  batch 90/264  loss=0.4551
  batch 100/264  loss=0.6498
  batch 110/264  loss=0.4650
  batch 120/264  loss=0.6615
  batch 130/264  loss=0.4467
  batch 140/264  loss=0.4213
  batch 150/264  loss=0.3682
  batch 160/264  loss=0.4685
  batch 170/264  loss=0.5332
  batch 180/264  loss=0.3907
  batch 190/264  loss=0.3130
  batch 200/264  loss=0.4093
  batch 210/264  loss=0.3706
  batch 220/264  loss=0.4543
  batch 230/264  loss=0.4213
  batch 240/264  loss=0.3193
  batch 250/264  loss=0.4093
  batch 260/264  loss=0.6256
Epoch 100/300  train=4.544e-01  rmse=1.9765  lr=1.0e-04  229s
  -> best  monitor=4.544e-01
  batch 10/264  loss=0.6836
  batch 20/264  loss=0.3512
  batch 30/264  loss=0.3398
  batch 40/264  loss=0.4096
  batch 50/264  loss=0.2971
  batch 60/264  loss=0.3621
  batch 70/264  loss=0.3179
  batch 80/264  loss=0.3651
  batch 90/264  loss=0.3758
  batch 100/264  loss=0.4275
  batch 110/264  loss=0.3384
  batch 120/264  loss=0.4453
  batch 130/264  loss=0.4149
  batch 140/264  loss=0.4928
  batch 150/264  loss=0.4042
  batch 160/264  loss=0.3736
  batch 170/264  loss=0.3614
  batch 180/264  loss=0.4791
  batch 190/264  loss=0.5369
  batch 200/264  loss=0.4017
  batch 210/264  loss=0.5766
  batch 220/264  loss=0.5296
  batch 230/264  loss=0.5448
  batch 240/264  loss=0.6362
  batch 250/264  loss=0.4420
  batch 260/264  loss=0.3374
Epoch 101/300  train=4.555e-01  rmse=1.8842  lr=1.0e-04  229s
  batch 10/264  loss=0.4158
  batch 20/264  loss=0.3602
  batch 30/264  loss=0.5020
  batch 40/264  loss=0.4158
  batch 50/264  loss=0.5137
  batch 60/264  loss=0.7248
  batch 70/264  loss=0.6461
  batch 80/264  loss=0.3909
  batch 90/264  loss=0.3559
  batch 100/264  loss=0.3708
  batch 110/264  loss=0.4174
  batch 120/264  loss=0.3571
  batch 130/264  loss=0.4227
  batch 140/264  loss=0.3861
  batch 150/264  loss=0.4602
  batch 160/264  loss=0.4958
  batch 170/264  loss=0.3684
  batch 180/264  loss=0.8895
  batch 190/264  loss=0.6675
  batch 200/264  loss=0.3783
  batch 210/264  loss=0.5168
  batch 220/264  loss=0.3215
  batch 230/264  loss=0.4514
  batch 240/264  loss=0.4471
  batch 250/264  loss=0.3820
  batch 260/264  loss=0.3747
Epoch 102/300  train=4.544e-01  rmse=3.7852  lr=1.0e-04  229s
  batch 10/264  loss=0.3487
  batch 20/264  loss=0.3414
  batch 30/264  loss=0.3584
  batch 40/264  loss=0.3903
  batch 50/264  loss=0.3543
  batch 60/264  loss=0.4236
  batch 70/264  loss=0.4165
  batch 80/264  loss=0.4055
  batch 90/264  loss=0.3350
  batch 100/264  loss=0.4993
  batch 110/264  loss=0.3973
  batch 120/264  loss=0.5577
  batch 130/264  loss=0.3279
  batch 140/264  loss=0.3396
  batch 150/264  loss=0.4678
  batch 160/264  loss=0.3386
  batch 170/264  loss=0.5298
  batch 180/264  loss=0.4549
  batch 190/264  loss=0.5672
  batch 200/264  loss=0.5406
  batch 210/264  loss=0.3996
  batch 220/264  loss=0.4878
  batch 230/264  loss=0.5885
  batch 240/264  loss=1.1080
  batch 250/264  loss=0.4237
  batch 260/264  loss=0.3581
Epoch 103/300  train=4.516e-01  rmse=4.7367  lr=1.0e-04  229s
  -> best  monitor=4.516e-01
  batch 10/264  loss=0.3796
  batch 20/264  loss=0.7098
  batch 30/264  loss=0.4237
  batch 40/264  loss=0.3393
  batch 50/264  loss=0.4188
  batch 60/264  loss=0.4223
  batch 70/264  loss=0.7411
  batch 80/264  loss=0.7264
  batch 90/264  loss=0.6338
  batch 100/264  loss=0.3494
  batch 110/264  loss=0.8013
  batch 120/264  loss=0.8194
  batch 130/264  loss=0.4346
  batch 140/264  loss=0.5217
  batch 150/264  loss=0.3785
  batch 160/264  loss=0.3872
  batch 170/264  loss=0.4847
  batch 180/264  loss=0.5923
  batch 190/264  loss=0.3158
  batch 200/264  loss=0.4412
  batch 210/264  loss=0.4720
  batch 220/264  loss=0.3534
  batch 230/264  loss=0.2938
  batch 240/264  loss=0.4011
  batch 250/264  loss=0.6961
  batch 260/264  loss=0.4748
Epoch 104/300  train=4.496e-01  rmse=3.2000  lr=1.0e-04  230s
  -> best  monitor=4.496e-01
  batch 10/264  loss=0.3728
  batch 20/264  loss=0.4431
  batch 30/264  loss=0.4964
  batch 40/264  loss=0.4071
  batch 50/264  loss=0.4592
  batch 60/264  loss=0.3789
  batch 70/264  loss=0.3592
  batch 80/264  loss=0.7421
  batch 90/264  loss=0.6931
  batch 100/264  loss=0.5354
  batch 110/264  loss=0.6510
  batch 120/264  loss=0.3597
  batch 130/264  loss=0.4039
  batch 140/264  loss=0.5405
  batch 150/264  loss=0.4229
  batch 160/264  loss=0.4649
  batch 170/264  loss=0.5748
  batch 180/264  loss=0.3360
  batch 190/264  loss=0.4281
  batch 200/264  loss=0.5968
  batch 210/264  loss=0.4674
  batch 220/264  loss=0.5946
  batch 230/264  loss=0.3358
  batch 240/264  loss=0.3777
  batch 250/264  loss=0.3713
  batch 260/264  loss=0.4121
Epoch 105/300  train=4.545e-01  rmse=1.9367  lr=1.0e-04  230s
  batch 10/264  loss=0.3895
  batch 20/264  loss=0.4333
  batch 30/264  loss=0.4760
  batch 40/264  loss=0.7129
  batch 50/264  loss=0.3835
  batch 60/264  loss=0.3441
  batch 70/264  loss=0.4680
  batch 80/264  loss=0.3719
  batch 90/264  loss=0.4015
  batch 100/264  loss=0.5079
  batch 110/264  loss=0.5033
  batch 120/264  loss=0.4674
  batch 130/264  loss=0.3309
  batch 140/264  loss=0.6327
  batch 150/264  loss=0.4562
  batch 160/264  loss=0.3795
  batch 170/264  loss=0.4655
  batch 180/264  loss=0.3255
  batch 190/264  loss=0.3545
  batch 200/264  loss=0.5590
  batch 210/264  loss=0.3643
  batch 220/264  loss=0.5030
  batch 230/264  loss=0.3436
  batch 240/264  loss=0.3716
  batch 250/264  loss=0.3744
  batch 260/264  loss=0.3839
Epoch 106/300  train=4.529e-01  rmse=1.9276  lr=1.0e-04  230s
  batch 10/264  loss=0.4623
  batch 20/264  loss=0.6018
  batch 30/264  loss=0.4615
  batch 40/264  loss=0.4249
  batch 50/264  loss=0.3621
  batch 60/264  loss=0.5221
  batch 70/264  loss=0.4363
  batch 80/264  loss=0.7457
  batch 90/264  loss=0.3320
  batch 100/264  loss=0.3922
  batch 110/264  loss=0.4144
  batch 120/264  loss=0.3912
  batch 130/264  loss=0.3302
  batch 140/264  loss=0.3553
  batch 150/264  loss=0.3682
  batch 160/264  loss=0.7545
  batch 170/264  loss=0.3583
  batch 180/264  loss=0.4062
  batch 190/264  loss=0.6454
  batch 200/264  loss=0.5351
  batch 210/264  loss=0.4185
  batch 220/264  loss=0.5625
  batch 230/264  loss=0.4108
  batch 240/264  loss=0.3507
  batch 250/264  loss=0.4345
  batch 260/264  loss=0.6106
Epoch 107/300  train=4.444e-01  rmse=1.9059  lr=1.0e-04  230s
  -> best  monitor=4.444e-01
  batch 10/264  loss=0.4602
  batch 20/264  loss=0.4246
  batch 30/264  loss=0.4131
  batch 40/264  loss=0.4284
  batch 50/264  loss=0.4283
  batch 60/264  loss=0.4506
  batch 70/264  loss=0.4639
  batch 80/264  loss=0.4281
  batch 90/264  loss=0.3964
  batch 100/264  loss=0.5429
  batch 110/264  loss=0.3699
  batch 120/264  loss=0.3830
  batch 130/264  loss=0.4791
  batch 140/264  loss=0.3994
  batch 150/264  loss=0.3565
  batch 160/264  loss=0.5667
  batch 170/264  loss=0.4745
  batch 180/264  loss=0.3936
  batch 190/264  loss=0.3481
  batch 200/264  loss=0.4588
  batch 210/264  loss=0.3905
  batch 220/264  loss=0.5140
  batch 230/264  loss=0.3914
  batch 240/264  loss=0.4179
  batch 250/264  loss=0.4511
  batch 260/264  loss=0.5242
Epoch 108/300  train=4.479e-01  rmse=1.8792  lr=1.0e-04  230s
  batch 10/264  loss=0.3509
  batch 20/264  loss=0.5111
  batch 30/264  loss=0.3472
  batch 40/264  loss=0.3478
  batch 50/264  loss=0.6340
  batch 60/264  loss=0.5196
  batch 70/264  loss=0.4205
  batch 80/264  loss=0.3264
  batch 90/264  loss=0.4202
  batch 100/264  loss=0.3829
  batch 110/264  loss=0.4084
  batch 120/264  loss=0.3534
  batch 130/264  loss=0.4339
  batch 140/264  loss=0.3625
  batch 150/264  loss=0.4545
  batch 160/264  loss=0.4002
  batch 170/264  loss=0.3417
  batch 180/264  loss=0.3510
  batch 190/264  loss=0.5131
  batch 200/264  loss=0.4740
  batch 210/264  loss=0.3592
  batch 220/264  loss=0.5843
  batch 230/264  loss=0.3135
  batch 240/264  loss=0.3683
  batch 250/264  loss=0.5511
  batch 260/264  loss=0.2870
Epoch 109/300  train=4.466e-01  rmse=1.9209  lr=1.0e-04  230s
  batch 10/264  loss=0.5108
  batch 20/264  loss=0.4313
  batch 30/264  loss=0.3989
  batch 40/264  loss=0.3933
  batch 50/264  loss=0.4758
  batch 60/264  loss=0.3872
  batch 70/264  loss=0.3479
  batch 80/264  loss=0.4496
  batch 90/264  loss=0.4500
  batch 100/264  loss=0.3448
  batch 110/264  loss=0.3409
  batch 120/264  loss=0.4144
  batch 130/264  loss=0.6729
  batch 140/264  loss=0.4562
  batch 150/264  loss=0.3602
  batch 160/264  loss=0.4227
  batch 170/264  loss=0.4594
  batch 180/264  loss=0.3418
  batch 190/264  loss=0.3345
  batch 200/264  loss=0.4482
  batch 210/264  loss=0.4053
  batch 220/264  loss=0.3878
  batch 230/264  loss=0.6847
  batch 240/264  loss=0.4057
  batch 250/264  loss=0.4044
  batch 260/264  loss=0.4273
Epoch 110/300  train=4.450e-01  rmse=2.6298  lr=1.0e-04  230s
  batch 10/264  loss=0.4490
  batch 20/264  loss=0.7246
  batch 30/264  loss=0.5734
  batch 40/264  loss=0.3661
  batch 50/264  loss=0.4079
  batch 60/264  loss=0.3653
  batch 70/264  loss=0.3837
  batch 80/264  loss=0.4031
  batch 90/264  loss=0.7255
  batch 100/264  loss=0.4591
  batch 110/264  loss=0.3465
  batch 120/264  loss=0.3676
  batch 130/264  loss=0.5522
  batch 140/264  loss=0.3894
  batch 150/264  loss=0.3464
  batch 160/264  loss=0.4279
  batch 170/264  loss=0.4168
  batch 180/264  loss=0.5507
  batch 190/264  loss=0.5154
  batch 200/264  loss=0.7062
  batch 210/264  loss=0.3567
  batch 220/264  loss=0.3949
  batch 230/264  loss=0.7306
  batch 240/264  loss=0.6319
  batch 250/264  loss=0.5039
  batch 260/264  loss=0.5674
Epoch 111/300  train=4.481e-01  rmse=1.9387  lr=1.0e-04  229s
  batch 10/264  loss=0.3869
  batch 20/264  loss=0.3517
  batch 30/264  loss=0.4426
  batch 40/264  loss=0.3162
  batch 50/264  loss=0.4067
  batch 60/264  loss=0.5247
  batch 70/264  loss=0.3806
  batch 80/264  loss=0.4050
  batch 90/264  loss=0.4599
  batch 100/264  loss=0.5665
  batch 110/264  loss=0.4652
  batch 120/264  loss=0.4021
  batch 130/264  loss=0.4318
  batch 140/264  loss=0.4351
  batch 150/264  loss=0.3935
  batch 160/264  loss=0.3408
  batch 170/264  loss=0.3987
  batch 180/264  loss=0.3084
  batch 190/264  loss=0.4970
  batch 200/264  loss=0.5933
  batch 210/264  loss=0.3508
  batch 220/264  loss=0.6374
  batch 230/264  loss=0.4368
  batch 240/264  loss=0.5684
  batch 250/264  loss=0.3310
  batch 260/264  loss=0.3778
Epoch 112/300  train=4.439e-01  rmse=1.9237  lr=1.0e-04  230s
  -> best  monitor=4.439e-01
  batch 10/264  loss=0.4148
  batch 20/264  loss=0.3342
  batch 30/264  loss=0.5617
  batch 40/264  loss=0.5209
  batch 50/264  loss=0.5029
  batch 60/264  loss=0.3871
  batch 70/264  loss=0.3400
  batch 80/264  loss=0.4990
  batch 90/264  loss=0.5273
  batch 100/264  loss=0.5019
  batch 110/264  loss=0.6571
  batch 120/264  loss=1.1827
  batch 130/264  loss=0.7588
  batch 140/264  loss=0.5421
  batch 150/264  loss=0.4756
  batch 160/264  loss=0.3306
  batch 170/264  loss=0.8323
  batch 180/264  loss=0.3472
  batch 190/264  loss=0.3694
  batch 200/264  loss=0.3882
  batch 210/264  loss=0.3251
  batch 220/264  loss=0.3684
  batch 230/264  loss=0.6065
  batch 240/264  loss=0.3256
  batch 250/264  loss=0.5608
  batch 260/264  loss=0.3245
Epoch 113/300  train=4.510e-01  rmse=2.3642  lr=1.0e-04  231s
  batch 10/264  loss=0.3835
  batch 20/264  loss=0.3509
  batch 30/264  loss=1.0161
  batch 40/264  loss=0.3770
  batch 50/264  loss=0.4357
  batch 60/264  loss=0.7359
  batch 70/264  loss=0.3457
  batch 80/264  loss=0.5280
  batch 90/264  loss=0.4114
  batch 100/264  loss=0.5054
  batch 110/264  loss=0.4325
  batch 120/264  loss=0.4936
  batch 130/264  loss=0.3732
  batch 140/264  loss=0.4701
  batch 150/264  loss=0.7902
  batch 160/264  loss=0.7627
  batch 170/264  loss=0.4630
  batch 180/264  loss=0.3115
  batch 190/264  loss=0.3809
  batch 200/264  loss=0.5457
  batch 210/264  loss=0.4145
  batch 220/264  loss=0.3655
  batch 230/264  loss=0.3681
  batch 240/264  loss=0.3352
  batch 250/264  loss=0.3730
  batch 260/264  loss=0.3855
Epoch 114/300  train=4.460e-01  rmse=3.4475  lr=1.0e-04  230s
  batch 10/264  loss=0.3747
  batch 20/264  loss=0.3336
  batch 30/264  loss=0.5542
  batch 40/264  loss=0.3240
  batch 50/264  loss=0.3388
  batch 60/264  loss=0.3604
  batch 70/264  loss=0.4832
  batch 80/264  loss=0.8451
  batch 90/264  loss=0.4850
  batch 100/264  loss=0.3780
  batch 110/264  loss=0.3990
  batch 120/264  loss=0.3861
  batch 130/264  loss=0.4369
  batch 140/264  loss=0.3353
  batch 150/264  loss=0.7816
  batch 160/264  loss=0.3711
  batch 170/264  loss=0.3542
  batch 180/264  loss=0.4239
  batch 190/264  loss=0.4103
  batch 200/264  loss=0.4820
  batch 210/264  loss=0.3681
  batch 220/264  loss=0.3612
  batch 230/264  loss=0.3347
  batch 240/264  loss=0.4010
  batch 250/264  loss=0.6546
  batch 260/264  loss=0.3467
Epoch 115/300  train=4.427e-01  rmse=1.8968  lr=1.0e-04  230s
  -> best  monitor=4.427e-01
  batch 10/264  loss=0.4201
  batch 20/264  loss=0.6332
  batch 30/264  loss=0.6001
  batch 40/264  loss=0.4433
  batch 50/264  loss=0.4025
  batch 60/264  loss=0.5762
  batch 70/264  loss=0.4278
  batch 80/264  loss=0.3490
  batch 90/264  loss=0.8524
  batch 100/264  loss=0.4898
  batch 110/264  loss=0.4097
  batch 120/264  loss=0.3977
  batch 130/264  loss=0.6513
  batch 140/264  loss=0.6258
  batch 150/264  loss=0.4233
  batch 160/264  loss=0.4220
  batch 170/264  loss=0.3900
  batch 180/264  loss=0.3486
  batch 190/264  loss=0.3696
  batch 200/264  loss=0.3950
  batch 210/264  loss=0.6263
  batch 220/264  loss=0.7890
  batch 230/264  loss=0.5927
  batch 240/264  loss=0.3613
  batch 250/264  loss=0.3249
  batch 260/264  loss=0.3959
Epoch 116/300  train=4.430e-01  rmse=2.2405  lr=1.0e-04  230s
  batch 10/264  loss=0.4245
  batch 20/264  loss=0.3991
  batch 30/264  loss=0.3936
  batch 40/264  loss=0.3499
  batch 50/264  loss=0.4524
  batch 60/264  loss=0.4832
  batch 70/264  loss=0.3314
  batch 80/264  loss=0.3498
  batch 90/264  loss=0.4103
  batch 100/264  loss=0.4588
  batch 110/264  loss=0.4610
  batch 120/264  loss=0.5011
  batch 130/264  loss=0.4471
  batch 140/264  loss=0.3471
  batch 150/264  loss=0.4225
  batch 160/264  loss=0.3930
  batch 170/264  loss=0.3284
  batch 180/264  loss=0.3385
  batch 190/264  loss=0.4628
  batch 200/264  loss=0.3577
  batch 210/264  loss=0.5643
  batch 220/264  loss=0.4226
  batch 230/264  loss=0.7361
  batch 240/264  loss=0.4222
  batch 250/264  loss=0.3855
  batch 260/264  loss=0.3755
Epoch 117/300  train=4.402e-01  rmse=3.2227  lr=1.0e-04  228s
  -> best  monitor=4.402e-01
  batch 10/264  loss=0.4368
  batch 20/264  loss=0.3957
  batch 30/264  loss=0.8940
  batch 40/264  loss=0.6264
  batch 50/264  loss=0.3858
  batch 60/264  loss=0.5252
  batch 70/264  loss=0.5109
  batch 80/264  loss=0.3593
  batch 90/264  loss=0.5538
  batch 100/264  loss=0.3480
  batch 110/264  loss=0.4428
  batch 120/264  loss=0.3371
  batch 130/264  loss=0.4311
  batch 140/264  loss=0.3659
  batch 150/264  loss=0.4090
  batch 160/264  loss=0.3534
  batch 170/264  loss=0.4554
  batch 180/264  loss=0.3882
  batch 190/264  loss=0.5860
  batch 200/264  loss=0.3581
  batch 210/264  loss=0.4072
  batch 220/264  loss=0.3414
  batch 230/264  loss=0.4411
  batch 240/264  loss=0.4641
  batch 250/264  loss=0.3688
  batch 260/264  loss=0.4677
Epoch 118/300  train=4.396e-01  rmse=1.8904  lr=1.0e-04  229s
  -> best  monitor=4.396e-01
  batch 10/264  loss=0.5779
  batch 20/264  loss=0.3540
  batch 30/264  loss=0.3437
  batch 40/264  loss=0.5317
  batch 50/264  loss=0.5291
  batch 60/264  loss=0.4045
  batch 70/264  loss=0.5151
  batch 80/264  loss=0.5018
  batch 90/264  loss=0.4871
  batch 100/264  loss=0.3454
  batch 110/264  loss=0.3646
  batch 120/264  loss=0.5136
  batch 130/264  loss=0.3928
  batch 140/264  loss=0.3505
  batch 150/264  loss=0.6113
  batch 160/264  loss=0.4642
  batch 170/264  loss=0.3627
  batch 180/264  loss=0.3549
  batch 190/264  loss=0.4303
  batch 200/264  loss=0.3242
  batch 210/264  loss=0.3756
  batch 220/264  loss=0.4197
  batch 230/264  loss=0.3552
  batch 240/264  loss=0.5517
  batch 250/264  loss=0.4009
  batch 260/264  loss=0.6238
Epoch 119/300  train=4.380e-01  rmse=1.9591  lr=1.0e-04  230s
  -> best  monitor=4.380e-01
  batch 10/264  loss=0.3313
  batch 20/264  loss=0.4992
  batch 30/264  loss=0.3773
  batch 40/264  loss=0.3371
  batch 50/264  loss=0.4058
  batch 60/264  loss=0.3908
  batch 70/264  loss=0.4142
  batch 80/264  loss=0.4226
  batch 90/264  loss=0.3333
  batch 100/264  loss=0.3614
  batch 110/264  loss=0.6619
  batch 120/264  loss=0.3846
  batch 130/264  loss=0.4214
  batch 140/264  loss=0.6831
  batch 150/264  loss=0.4446
  batch 160/264  loss=0.4203
  batch 170/264  loss=0.5567
  batch 180/264  loss=0.6526
  batch 190/264  loss=0.5533
  batch 200/264  loss=0.4415
  batch 210/264  loss=0.4519
  batch 220/264  loss=0.3456
  batch 230/264  loss=0.3858
  batch 240/264  loss=0.4118
  batch 250/264  loss=0.4408
  batch 260/264  loss=0.4167
Epoch 120/300  train=4.371e-01  rmse=22.3410  lr=1.0e-04  229s
  -> best  monitor=4.371e-01
  batch 10/264  loss=0.3754
  batch 20/264  loss=0.4068
  batch 30/264  loss=0.3560
  batch 40/264  loss=0.3951
  batch 50/264  loss=0.3845
  batch 60/264  loss=0.5124
  batch 70/264  loss=0.3993
  batch 80/264  loss=0.3288
  batch 90/264  loss=0.5732
  batch 100/264  loss=0.4241
  batch 110/264  loss=0.3590
  batch 120/264  loss=0.4154
  batch 130/264  loss=0.3612
  batch 140/264  loss=0.5913
  batch 150/264  loss=0.4192
  batch 160/264  loss=0.5317
  batch 170/264  loss=0.5454
  batch 180/264  loss=0.4873
  batch 190/264  loss=0.5596
  batch 200/264  loss=0.6445
  batch 210/264  loss=0.4846
  batch 220/264  loss=0.4318
  batch 230/264  loss=0.4275
  batch 240/264  loss=0.4028
  batch 250/264  loss=0.3946
  batch 260/264  loss=0.3223
Epoch 121/300  train=4.354e-01  rmse=1.9849  lr=1.0e-04  231s
  -> best  monitor=4.354e-01
  batch 10/264  loss=0.3870
  batch 20/264  loss=0.3853
  batch 30/264  loss=0.3903
  batch 40/264  loss=0.4059
  batch 50/264  loss=0.4070
  batch 60/264  loss=0.4635
  batch 70/264  loss=0.3017
  batch 80/264  loss=0.4757
  batch 90/264  loss=0.3653
  batch 100/264  loss=0.3967
  batch 110/264  loss=0.5382
  batch 120/264  loss=0.3806
  batch 130/264  loss=0.4248
  batch 140/264  loss=0.4320
  batch 150/264  loss=0.3331
  batch 160/264  loss=0.4796
  batch 170/264  loss=0.5179
  batch 180/264  loss=0.7473
  batch 190/264  loss=0.6771
  batch 200/264  loss=0.3858
  batch 210/264  loss=0.3999
  batch 220/264  loss=0.5360
  batch 230/264  loss=0.5642
  batch 240/264  loss=0.4950
  batch 250/264  loss=0.6809
  batch 260/264  loss=0.3990
Epoch 122/300  train=4.325e-01  rmse=2.2594  lr=1.0e-04  229s
  -> best  monitor=4.325e-01
  batch 10/264  loss=0.3974
  batch 20/264  loss=0.3808
  batch 30/264  loss=0.3565
  batch 40/264  loss=0.3393
  batch 50/264  loss=0.3961
  batch 60/264  loss=0.3289
  batch 70/264  loss=0.3962
  batch 80/264  loss=0.5041
  batch 90/264  loss=0.4530
  batch 100/264  loss=0.3056
  batch 110/264  loss=0.7261
  batch 120/264  loss=0.4289
  batch 130/264  loss=0.3462
  batch 140/264  loss=0.6494
  batch 150/264  loss=0.4085
  batch 160/264  loss=0.3547
  batch 170/264  loss=0.4612
  batch 180/264  loss=0.3366
  batch 190/264  loss=0.6964
  batch 200/264  loss=0.4656
  batch 210/264  loss=0.5939
  batch 220/264  loss=0.3434
  batch 230/264  loss=0.4119
  batch 240/264  loss=0.4802
  batch 250/264  loss=0.6245
  batch 260/264  loss=0.3252
Epoch 123/300  train=4.358e-01  rmse=5.4458  lr=1.0e-04  230s
  batch 10/264  loss=0.4215
  batch 20/264  loss=0.5875
  batch 30/264  loss=0.3915
  batch 40/264  loss=0.3404
  batch 50/264  loss=0.4924
  batch 60/264  loss=0.3446
  batch 70/264  loss=0.4382
  batch 80/264  loss=0.6189
  batch 90/264  loss=0.3802
  batch 100/264  loss=0.4108
  batch 110/264  loss=0.3740
  batch 120/264  loss=0.3723
  batch 130/264  loss=0.4012
  batch 140/264  loss=0.3801
  batch 150/264  loss=0.3755
  batch 160/264  loss=0.4352
  batch 170/264  loss=0.3907
  batch 180/264  loss=0.3158
  batch 190/264  loss=0.3723
  batch 200/264  loss=0.5650
  batch 210/264  loss=0.3999
  batch 220/264  loss=0.3498
  batch 230/264  loss=0.4739
  batch 240/264  loss=0.5018
  batch 250/264  loss=0.3087
  batch 260/264  loss=0.3521
Epoch 124/300  train=4.337e-01  rmse=3.3261  lr=1.0e-04  230s
  batch 10/264  loss=0.3833
  batch 20/264  loss=0.3430
  batch 30/264  loss=0.3515
  batch 40/264  loss=0.4206
  batch 50/264  loss=0.6628
  batch 60/264  loss=0.3746
  batch 70/264  loss=0.5966
  batch 80/264  loss=0.4109
  batch 90/264  loss=0.5593
  batch 100/264  loss=0.3167
  batch 110/264  loss=0.4200
  batch 120/264  loss=0.3769
  batch 130/264  loss=0.6365
  batch 140/264  loss=0.5077
  batch 150/264  loss=0.4015
  batch 160/264  loss=0.4438
  batch 170/264  loss=0.3646
  batch 180/264  loss=0.4028
  batch 190/264  loss=0.3802
  batch 200/264  loss=0.5866
  batch 210/264  loss=0.5337
  batch 220/264  loss=0.3186
  batch 230/264  loss=0.4152
  batch 240/264  loss=0.5777
  batch 250/264  loss=0.5480
  batch 260/264  loss=0.3493
Epoch 125/300  train=4.352e-01  rmse=1.8669  lr=1.0e-04  231s
  batch 10/264  loss=0.3464
  batch 20/264  loss=0.2818
  batch 30/264  loss=0.4061
  batch 40/264  loss=0.3957
  batch 50/264  loss=0.6228
  batch 60/264  loss=0.4555
  batch 70/264  loss=0.4062
  batch 80/264  loss=0.5715
  batch 90/264  loss=0.3384
  batch 100/264  loss=0.3542
  batch 110/264  loss=0.4443
  batch 120/264  loss=0.4858
  batch 130/264  loss=0.3767
  batch 140/264  loss=0.4373
  batch 150/264  loss=0.4040
  batch 160/264  loss=0.5563
  batch 170/264  loss=0.4046
  batch 180/264  loss=0.3729
  batch 190/264  loss=0.4600
  batch 200/264  loss=0.5010
  batch 210/264  loss=0.3966
  batch 220/264  loss=0.4127
  batch 230/264  loss=0.5436
  batch 240/264  loss=0.4970
  batch 250/264  loss=0.3493
  batch 260/264  loss=0.5185
Epoch 126/300  train=4.349e-01  rmse=2.0680  lr=1.0e-04  229s
  batch 10/264  loss=0.6900
  batch 20/264  loss=0.3437
  batch 30/264  loss=0.3982
  batch 40/264  loss=0.3429
  batch 50/264  loss=0.4426
  batch 60/264  loss=0.4000
  batch 70/264  loss=0.3231
  batch 80/264  loss=0.6186
  batch 90/264  loss=0.4522
  batch 100/264  loss=0.4197
  batch 110/264  loss=0.2980
  batch 120/264  loss=0.3594
  batch 130/264  loss=0.6710
  batch 140/264  loss=0.4809
  batch 150/264  loss=0.4122
  batch 160/264  loss=0.5036
  batch 170/264  loss=0.3713
  batch 180/264  loss=0.4378
  batch 190/264  loss=0.3893
  batch 200/264  loss=0.3244
  batch 210/264  loss=0.4441
  batch 220/264  loss=0.4030
  batch 230/264  loss=0.6875
  batch 240/264  loss=0.3893
  batch 250/264  loss=0.5221
  batch 260/264  loss=0.3483
Epoch 127/300  train=4.330e-01  rmse=2.7929  lr=1.0e-04  229s
  batch 10/264  loss=0.3346
  batch 20/264  loss=0.4282
  batch 30/264  loss=0.2759
  batch 40/264  loss=0.4657
  batch 50/264  loss=0.2982
  batch 60/264  loss=0.4308
  batch 70/264  loss=0.6060
  batch 80/264  loss=0.3061
  batch 90/264  loss=0.4853
  batch 100/264  loss=0.6170
  batch 110/264  loss=0.7643
  batch 120/264  loss=0.3774
  batch 130/264  loss=0.4254
  batch 140/264  loss=0.9267
  batch 150/264  loss=0.3694
  batch 160/264  loss=0.3479
  batch 170/264  loss=0.4934
  batch 180/264  loss=0.3907
  batch 190/264  loss=0.3349
  batch 200/264  loss=0.4127
  batch 210/264  loss=0.4003
  batch 220/264  loss=0.4219
  batch 230/264  loss=0.4038
  batch 240/264  loss=0.3933
  batch 250/264  loss=0.3978
  batch 260/264  loss=0.3549
Epoch 128/300  train=4.312e-01  rmse=3.4697  lr=1.0e-04  231s
  -> best  monitor=4.312e-01
  batch 10/264  loss=0.3762
  batch 20/264  loss=0.4145
  batch 30/264  loss=0.3699
  batch 40/264  loss=0.4544
  batch 50/264  loss=0.4487
  batch 60/264  loss=0.3811
  batch 70/264  loss=0.4593
  batch 80/264  loss=0.4825
  batch 90/264  loss=0.6329
  batch 100/264  loss=0.5777
  batch 110/264  loss=0.4141
  batch 120/264  loss=0.3827
  batch 130/264  loss=0.3818
  batch 140/264  loss=0.4542
  batch 150/264  loss=0.3751
  batch 160/264  loss=0.4307
  batch 170/264  loss=0.3895
  batch 180/264  loss=0.3137
  batch 190/264  loss=0.6428
  batch 200/264  loss=0.3965
  batch 210/264  loss=0.4649
  batch 220/264  loss=0.3663
  batch 230/264  loss=0.3372
  batch 240/264  loss=0.3423
  batch 250/264  loss=0.4028
  batch 260/264  loss=0.4229
Epoch 129/300  train=4.335e-01  rmse=1.9586  lr=1.0e-04  230s
  batch 10/264  loss=0.4147
  batch 20/264  loss=0.4054
  batch 30/264  loss=0.3504
  batch 40/264  loss=0.3774
  batch 50/264  loss=0.5258
  batch 60/264  loss=0.3478
  batch 70/264  loss=0.3399
  batch 80/264  loss=0.3722
  batch 90/264  loss=0.3488
  batch 100/264  loss=0.7245
  batch 110/264  loss=0.3890
  batch 120/264  loss=0.3536
  batch 130/264  loss=0.4813
  batch 140/264  loss=0.4347
  batch 150/264  loss=0.3599
  batch 160/264  loss=0.3418
  batch 170/264  loss=0.4338
  batch 180/264  loss=0.3670
  batch 190/264  loss=0.4096
  batch 200/264  loss=0.4134
  batch 210/264  loss=0.4076
  batch 220/264  loss=0.3998
  batch 230/264  loss=0.6874
  batch 240/264  loss=0.4820
  batch 250/264  loss=0.5309
  batch 260/264  loss=0.3521
Epoch 130/300  train=4.315e-01  rmse=2.1707  lr=1.0e-04  231s
  batch 10/264  loss=0.4023
  batch 20/264  loss=0.3998
  batch 30/264  loss=0.4014
  batch 40/264  loss=0.5590
  batch 50/264  loss=0.4238
  batch 60/264  loss=0.3586
  batch 70/264  loss=0.3464
  batch 80/264  loss=0.3931
  batch 90/264  loss=0.5651
  batch 100/264  loss=0.3885
  batch 110/264  loss=0.3929
  batch 120/264  loss=0.3175
  batch 130/264  loss=0.4872
  batch 140/264  loss=0.4464
  batch 150/264  loss=0.3941
  batch 160/264  loss=0.3446
  batch 170/264  loss=0.3718
  batch 180/264  loss=0.4131
  batch 190/264  loss=0.4963
  batch 200/264  loss=0.4710
  batch 210/264  loss=0.3664
  batch 220/264  loss=0.3036
  batch 230/264  loss=0.3652
  batch 240/264  loss=0.3832
  batch 250/264  loss=0.3361
  batch 260/264  loss=0.4146
Epoch 131/300  train=4.276e-01  rmse=1.8281  lr=1.0e-04  230s
  -> best  monitor=4.276e-01
  batch 10/264  loss=0.4033
  batch 20/264  loss=0.3721
  batch 30/264  loss=0.3536
  batch 40/264  loss=0.5772
  batch 50/264  loss=0.4459
  batch 60/264  loss=0.8498
  batch 70/264  loss=0.5251
  batch 80/264  loss=0.3693
  batch 90/264  loss=0.3396
  batch 100/264  loss=0.7277
  batch 110/264  loss=0.4506
  batch 120/264  loss=0.2742
  batch 130/264  loss=0.3901
  batch 140/264  loss=0.4207
  batch 150/264  loss=0.3366
  batch 160/264  loss=0.3523
  batch 170/264  loss=0.4042
  batch 180/264  loss=0.3314
  batch 190/264  loss=0.3855
  batch 200/264  loss=0.5769
  batch 210/264  loss=0.4832
  batch 220/264  loss=0.3970
  batch 230/264  loss=0.3441
  batch 240/264  loss=0.5694
  batch 250/264  loss=0.3235
  batch 260/264  loss=0.3860
Epoch 132/300  train=4.300e-01  rmse=2.6521  lr=1.0e-04  230s
  batch 10/264  loss=0.3172
  batch 20/264  loss=0.4039
  batch 30/264  loss=0.5795
  batch 40/264  loss=0.4555
  batch 50/264  loss=0.4546
  batch 60/264  loss=0.4971
  batch 70/264  loss=0.4327
  batch 80/264  loss=0.4440
  batch 90/264  loss=0.4261
  batch 100/264  loss=0.3558
  batch 110/264  loss=0.4459
  batch 120/264  loss=0.4160
  batch 130/264  loss=0.3583
  batch 140/264  loss=0.3840
  batch 150/264  loss=0.6129
  batch 160/264  loss=0.3407
  batch 170/264  loss=0.4286
  batch 180/264  loss=0.4160
  batch 190/264  loss=0.5373
  batch 200/264  loss=0.3716
  batch 210/264  loss=0.3323
  batch 220/264  loss=0.3224
  batch 230/264  loss=0.3325
  batch 240/264  loss=0.3691
  batch 250/264  loss=0.4786
  batch 260/264  loss=0.3113
Epoch 133/300  train=4.256e-01  rmse=1.8405  lr=1.0e-04  230s
  -> best  monitor=4.256e-01
  batch 10/264  loss=0.3509
  batch 20/264  loss=0.4034
  batch 30/264  loss=0.3530
  batch 40/264  loss=0.3422
  batch 50/264  loss=0.3225
  batch 60/264  loss=0.3693
  batch 70/264  loss=0.3547
  batch 80/264  loss=0.3691
  batch 90/264  loss=0.4102
  batch 100/264  loss=0.3863
  batch 110/264  loss=0.5493
  batch 120/264  loss=0.6093
  batch 130/264  loss=0.4165
  batch 140/264  loss=0.3473
  batch 150/264  loss=0.4917
  batch 160/264  loss=0.4394
  batch 170/264  loss=0.3698
  batch 180/264  loss=0.6988
  batch 190/264  loss=0.3758
  batch 200/264  loss=0.4217
  batch 210/264  loss=0.3675
  batch 220/264  loss=0.4224
  batch 230/264  loss=0.3335
  batch 240/264  loss=0.4584
  batch 250/264  loss=0.7996
  batch 260/264  loss=0.4764
Epoch 134/300  train=4.268e-01  rmse=2.3906  lr=1.0e-04  230s
  batch 10/264  loss=0.4800
  batch 20/264  loss=0.4636
  batch 30/264  loss=0.3468
  batch 40/264  loss=0.5214
  batch 50/264  loss=0.3176
  batch 60/264  loss=0.5389
  batch 70/264  loss=0.4001
  batch 80/264  loss=0.4014
  batch 90/264  loss=0.4456
  batch 100/264  loss=0.3288
  batch 110/264  loss=0.5964
  batch 120/264  loss=0.3144
  batch 130/264  loss=0.6892
  batch 140/264  loss=0.3665
  batch 150/264  loss=0.5432
  batch 160/264  loss=0.3851
  batch 170/264  loss=0.3714
  batch 180/264  loss=0.6970
  batch 190/264  loss=0.3992
  batch 200/264  loss=0.5071
  batch 210/264  loss=0.3611
  batch 220/264  loss=0.5944
  batch 230/264  loss=0.4791
  batch 240/264  loss=0.4473
  batch 250/264  loss=0.4031
  batch 260/264  loss=0.3642
Epoch 135/300  train=4.300e-01  rmse=1.9624  lr=1.0e-04  230s
  batch 10/264  loss=0.5047
  batch 20/264  loss=0.3457
  batch 30/264  loss=0.4076
  batch 40/264  loss=0.4684
  batch 50/264  loss=0.3775
  batch 60/264  loss=0.3636
  batch 70/264  loss=0.4429
  batch 80/264  loss=0.4397
  batch 90/264  loss=0.5436
  batch 100/264  loss=0.4043
  batch 110/264  loss=0.5054
  batch 120/264  loss=0.4388
  batch 130/264  loss=0.3710
  batch 140/264  loss=0.5699
  batch 150/264  loss=0.3290
  batch 160/264  loss=0.4321
  batch 170/264  loss=0.3138
  batch 180/264  loss=0.3448
  batch 190/264  loss=0.3422
  batch 200/264  loss=0.4407
  batch 210/264  loss=0.4530
  batch 220/264  loss=0.3882
  batch 230/264  loss=0.4734
  batch 240/264  loss=0.4097
  batch 250/264  loss=0.4933
  batch 260/264  loss=0.4108
Epoch 136/300  train=4.262e-01  rmse=2.1404  lr=1.0e-04  229s
  batch 10/264  loss=0.4985
  batch 20/264  loss=0.4738
  batch 30/264  loss=0.3286
  batch 40/264  loss=0.4325
  batch 50/264  loss=0.3131
  batch 60/264  loss=0.3932
  batch 70/264  loss=0.3457
  batch 80/264  loss=0.3637
  batch 90/264  loss=0.3999
  batch 100/264  loss=0.3325
  batch 110/264  loss=0.4188
  batch 120/264  loss=0.5312
  batch 130/264  loss=0.9038
  batch 140/264  loss=0.3659
  batch 150/264  loss=0.5696
  batch 160/264  loss=0.3800
  batch 170/264  loss=0.4364
  batch 180/264  loss=0.4706
  batch 190/264  loss=0.3503
  batch 200/264  loss=0.5147
  batch 210/264  loss=0.3644
  batch 220/264  loss=0.3442
  batch 230/264  loss=0.4695
  batch 240/264  loss=0.3728
  batch 250/264  loss=0.4021
  batch 260/264  loss=0.3309
Epoch 137/300  train=4.235e-01  rmse=2.4695  lr=1.0e-04  230s
  -> best  monitor=4.235e-01
  batch 10/264  loss=0.3878
  batch 20/264  loss=0.4427
  batch 30/264  loss=0.4878
  batch 40/264  loss=0.4543
  batch 50/264  loss=0.3713
  batch 60/264  loss=0.4457
  batch 70/264  loss=0.3781
  batch 80/264  loss=0.3918
  batch 90/264  loss=0.3966
  batch 100/264  loss=0.4000
  batch 110/264  loss=0.3608
  batch 120/264  loss=0.3532
  batch 130/264  loss=0.3777
  batch 140/264  loss=0.3663
  batch 150/264  loss=0.4084
  batch 160/264  loss=0.3449
  batch 170/264  loss=0.3296
  batch 180/264  loss=0.6965
  batch 190/264  loss=0.3962
  batch 200/264  loss=0.6089
  batch 210/264  loss=0.4039
  batch 220/264  loss=0.3879
  batch 230/264  loss=0.7599
  batch 240/264  loss=0.3546
  batch 250/264  loss=0.4171
  batch 260/264  loss=0.3864
Epoch 138/300  train=4.251e-01  rmse=2.3643  lr=1.0e-04  231s
  batch 10/264  loss=0.3676
  batch 20/264  loss=0.4285
  batch 30/264  loss=0.3638
  batch 40/264  loss=0.4315
  batch 50/264  loss=0.3978
  batch 60/264  loss=0.4240
  batch 70/264  loss=0.3751
  batch 80/264  loss=0.5179
  batch 90/264  loss=0.4450
  batch 100/264  loss=0.3466
  batch 110/264  loss=0.4197
  batch 120/264  loss=0.3676
  batch 130/264  loss=0.5081
  batch 140/264  loss=0.3461
  batch 150/264  loss=0.5619
  batch 160/264  loss=0.4698
  batch 170/264  loss=0.4116
  batch 180/264  loss=0.3727
  batch 190/264  loss=0.4752
  batch 200/264  loss=0.6767
  batch 210/264  loss=0.3939
  batch 220/264  loss=0.4088
  batch 230/264  loss=0.3639
  batch 240/264  loss=0.3201
  batch 250/264  loss=0.2956
  batch 260/264  loss=0.3789
Epoch 139/300  train=4.306e-01  rmse=2.3930  lr=1.0e-04  230s
  batch 10/264  loss=0.3528
  batch 20/264  loss=0.4002
  batch 30/264  loss=0.5268
  batch 40/264  loss=0.5415
  batch 50/264  loss=0.3733
  batch 60/264  loss=0.3527
  batch 70/264  loss=0.7382
  batch 80/264  loss=0.4542
  batch 90/264  loss=0.3808
  batch 100/264  loss=0.3779
  batch 110/264  loss=0.3754
  batch 120/264  loss=0.3868
  batch 130/264  loss=0.3359
  batch 140/264  loss=0.3711
  batch 150/264  loss=0.5188
  batch 160/264  loss=0.4523
  batch 170/264  loss=0.3279
  batch 180/264  loss=0.9243
  batch 190/264  loss=0.4808
  batch 200/264  loss=0.4873
  batch 210/264  loss=0.5919
  batch 220/264  loss=0.5704
  batch 230/264  loss=0.5464
  batch 240/264  loss=0.4328
  batch 250/264  loss=0.3041
  batch 260/264  loss=0.4390
Epoch 140/300  train=4.205e-01  rmse=1.8827  lr=1.0e-04  230s
  -> best  monitor=4.205e-01
  batch 10/264  loss=0.3353
  batch 20/264  loss=0.4414
  batch 30/264  loss=0.5000
  batch 40/264  loss=0.3773
  batch 50/264  loss=0.3018
  batch 60/264  loss=0.3836
  batch 70/264  loss=0.6290
  batch 80/264  loss=0.3451
  batch 90/264  loss=0.3213
  batch 100/264  loss=0.4078
  batch 110/264  loss=0.3726
  batch 120/264  loss=0.4695
  batch 130/264  loss=0.3189
  batch 140/264  loss=0.3187
  batch 150/264  loss=0.4530
  batch 160/264  loss=0.4400
  batch 170/264  loss=0.5042
  batch 180/264  loss=0.7203
  batch 190/264  loss=0.4635
  batch 200/264  loss=0.3747
  batch 210/264  loss=0.3938
  batch 220/264  loss=0.3830
  batch 230/264  loss=0.3410
  batch 240/264  loss=0.4206
  batch 250/264  loss=0.5621
  batch 260/264  loss=0.3335
Epoch 141/300  train=4.175e-01  rmse=1.8479  lr=1.0e-04  230s
  -> best  monitor=4.175e-01
  batch 10/264  loss=0.3724
  batch 20/264  loss=0.4635
  batch 30/264  loss=0.4032
  batch 40/264  loss=0.3786
  batch 50/264  loss=0.3322
  batch 60/264  loss=0.5238
  batch 70/264  loss=0.3413
  batch 80/264  loss=0.4295
  batch 90/264  loss=0.3616
  batch 100/264  loss=0.4542
  batch 110/264  loss=0.3470
  batch 120/264  loss=0.3111
  batch 130/264  loss=0.3242
  batch 140/264  loss=0.6168
  batch 150/264  loss=0.3171
  batch 160/264  loss=0.3917
  batch 170/264  loss=0.3192
  batch 180/264  loss=0.5285
  batch 190/264  loss=0.3669
  batch 200/264  loss=0.3585
  batch 210/264  loss=0.5227
  batch 220/264  loss=0.4517
  batch 230/264  loss=0.3511
  batch 240/264  loss=0.4015
  batch 250/264  loss=0.3893
  batch 260/264  loss=0.6360
Epoch 142/300  train=4.278e-01  rmse=1.8980  lr=1.0e-04  229s
  batch 10/264  loss=0.3798
  batch 20/264  loss=0.5569
  batch 30/264  loss=0.5397
  batch 40/264  loss=0.4180
  batch 50/264  loss=0.3342
  batch 60/264  loss=0.4243
  batch 70/264  loss=0.3370
  batch 80/264  loss=0.6573
  batch 90/264  loss=0.4951
  batch 100/264  loss=0.6250
  batch 110/264  loss=0.4412
  batch 120/264  loss=0.3761
  batch 130/264  loss=0.3494
  batch 140/264  loss=0.3840
  batch 150/264  loss=0.3751
  batch 160/264  loss=0.3434
  batch 170/264  loss=0.3883
  batch 180/264  loss=0.3472
  batch 190/264  loss=0.3489
  batch 200/264  loss=0.3327
  batch 210/264  loss=0.4660
  batch 220/264  loss=0.4490
  batch 230/264  loss=0.4011
  batch 240/264  loss=0.3972
  batch 250/264  loss=0.3328
  batch 260/264  loss=0.8309
Epoch 143/300  train=4.258e-01  rmse=6.0282  lr=1.0e-04  230s
  batch 10/264  loss=0.3989
  batch 20/264  loss=0.3357
  batch 30/264  loss=0.4574
  batch 40/264  loss=0.4669
  batch 50/264  loss=0.3555
  batch 60/264  loss=0.4096
  batch 70/264  loss=0.4794
  batch 80/264  loss=0.3445
  batch 90/264  loss=0.3333
  batch 100/264  loss=0.4867
  batch 110/264  loss=0.3631
  batch 120/264  loss=0.3705
  batch 130/264  loss=0.3901
  batch 140/264  loss=0.5170
  batch 150/264  loss=0.3954
  batch 160/264  loss=0.3649
  batch 170/264  loss=0.3450
  batch 180/264  loss=0.3565
  batch 190/264  loss=0.7412
  batch 200/264  loss=0.3422
  batch 210/264  loss=0.4031
  batch 220/264  loss=0.3581
  batch 230/264  loss=0.5136
  batch 240/264  loss=0.5264
  batch 250/264  loss=0.4427
  batch 260/264  loss=0.3991
Epoch 144/300  train=4.220e-01  rmse=1.9778  lr=1.0e-04  230s
  batch 10/264  loss=0.4862
  batch 20/264  loss=0.5140
  batch 30/264  loss=0.3524
  batch 40/264  loss=0.3412
  batch 50/264  loss=0.3531
  batch 60/264  loss=0.3333
  batch 70/264  loss=0.3391
  batch 80/264  loss=0.4616
  batch 90/264  loss=0.3736
  batch 100/264  loss=0.4022
  batch 110/264  loss=0.4656
  batch 120/264  loss=0.5709
  batch 130/264  loss=0.4356
  batch 140/264  loss=0.4560
  batch 150/264  loss=0.3090
  batch 160/264  loss=0.4999
  batch 170/264  loss=0.4641
  batch 180/264  loss=0.3837
  batch 190/264  loss=0.4495
  batch 200/264  loss=0.3812
  batch 210/264  loss=0.4638
  batch 220/264  loss=0.3545
  batch 230/264  loss=0.4976
  batch 240/264  loss=0.4279
  batch 250/264  loss=0.4154
  batch 260/264  loss=0.4908
Epoch 145/300  train=4.234e-01  rmse=2.0802  lr=1.0e-04  230s
  batch 10/264  loss=0.4020
  batch 20/264  loss=0.4699
  batch 30/264  loss=0.3664
  batch 40/264  loss=0.5584
  batch 50/264  loss=0.3611
  batch 60/264  loss=0.3890
  batch 70/264  loss=0.3013
  batch 80/264  loss=0.3564
  batch 90/264  loss=0.3679
  batch 100/264  loss=0.3956
  batch 110/264  loss=0.4212
  batch 120/264  loss=0.4047
  batch 130/264  loss=0.5609
  batch 140/264  loss=0.3232
  batch 150/264  loss=0.3515
  batch 160/264  loss=0.4986
  batch 170/264  loss=0.3451
  batch 180/264  loss=0.4138
  batch 190/264  loss=0.3421
  batch 200/264  loss=0.4186
  batch 210/264  loss=0.4046
  batch 220/264  loss=0.4518
  batch 230/264  loss=0.4060
  batch 240/264  loss=0.6002
  batch 250/264  loss=0.5127
  batch 260/264  loss=0.3917
Epoch 146/300  train=4.157e-01  rmse=2.3648  lr=1.0e-04  229s
  -> best  monitor=4.157e-01
  batch 10/264  loss=0.3693
  batch 20/264  loss=0.3769
  batch 30/264  loss=0.4590
  batch 40/264  loss=0.3590
  batch 50/264  loss=0.3855
  batch 60/264  loss=0.3854
  batch 70/264  loss=0.5348
  batch 80/264  loss=0.3373
  batch 90/264  loss=0.5648
  batch 100/264  loss=0.3540
  batch 110/264  loss=0.4414
  batch 120/264  loss=0.3432
  batch 130/264  loss=0.4458
  batch 140/264  loss=0.3606
  batch 150/264  loss=0.3202
  batch 160/264  loss=0.3634
  batch 170/264  loss=0.4404
  batch 180/264  loss=0.5218
  batch 190/264  loss=0.3149
  batch 200/264  loss=0.6477
  batch 210/264  loss=0.4649
  batch 220/264  loss=0.3728
  batch 230/264  loss=0.3914
  batch 240/264  loss=0.5370
  batch 250/264  loss=0.4432
  batch 260/264  loss=0.3858
Epoch 147/300  train=4.163e-01  rmse=1.8942  lr=1.0e-04  231s
  batch 10/264  loss=0.4975
  batch 20/264  loss=0.3119
  batch 30/264  loss=0.3111
  batch 40/264  loss=0.3350
  batch 50/264  loss=0.4521
  batch 60/264  loss=0.3665
  batch 70/264  loss=0.4385
  batch 80/264  loss=0.3454
  batch 90/264  loss=0.4559
  batch 100/264  loss=0.3278
  batch 110/264  loss=0.4131
  batch 120/264  loss=0.3629
  batch 130/264  loss=0.3086
  batch 140/264  loss=0.4261
  batch 150/264  loss=0.3332
  batch 160/264  loss=0.3668
  batch 170/264  loss=0.4724
  batch 180/264  loss=0.4563
  batch 190/264  loss=0.6072
  batch 200/264  loss=0.4525
  batch 210/264  loss=0.4584
  batch 220/264  loss=0.4411
  batch 230/264  loss=0.4744
  batch 240/264  loss=0.3738
  batch 250/264  loss=0.4294
  batch 260/264  loss=0.3757
Epoch 148/300  train=4.217e-01  rmse=5.7004  lr=1.0e-04  231s
  batch 10/264  loss=0.3629
  batch 20/264  loss=0.3812
  batch 30/264  loss=0.3025
  batch 40/264  loss=0.4096
  batch 50/264  loss=0.4032
  batch 60/264  loss=0.4694
  batch 70/264  loss=0.3217
  batch 80/264  loss=0.3365
  batch 90/264  loss=0.3751
  batch 100/264  loss=0.5234
  batch 110/264  loss=0.5072
  batch 120/264  loss=0.5730
  batch 130/264  loss=0.3941
  batch 140/264  loss=0.3192
  batch 150/264  loss=0.4322
  batch 160/264  loss=0.4801
  batch 170/264  loss=0.3433
  batch 180/264  loss=0.5171
  batch 190/264  loss=0.3252
  batch 200/264  loss=0.3954
  batch 210/264  loss=0.3346
  batch 220/264  loss=0.4818
  batch 230/264  loss=0.4438
  batch 240/264  loss=0.3906
  batch 250/264  loss=0.4323
  batch 260/264  loss=0.4721
Epoch 149/300  train=4.202e-01  rmse=2.7769  lr=1.0e-04  229s
  batch 10/264  loss=0.3282
  batch 20/264  loss=0.4339
  batch 30/264  loss=0.4777
  batch 40/264  loss=0.3307
  batch 50/264  loss=0.3901
  batch 60/264  loss=0.3845
  batch 70/264  loss=0.2997
  batch 80/264  loss=0.3095
  batch 90/264  loss=0.5699
  batch 100/264  loss=0.4666
  batch 110/264  loss=0.4438
  batch 120/264  loss=0.3866
  batch 130/264  loss=0.7460
  batch 140/264  loss=0.4630
  batch 150/264  loss=0.8132
  batch 160/264  loss=0.4377
  batch 170/264  loss=0.3446
  batch 180/264  loss=0.5202
  batch 190/264  loss=0.3725
  batch 200/264  loss=0.3931
  batch 210/264  loss=0.3688
  batch 220/264  loss=0.4473
  batch 230/264  loss=0.6566
  batch 240/264  loss=0.4505
  batch 250/264  loss=0.3265
  batch 260/264  loss=0.4769
Epoch 150/300  train=4.170e-01  rmse=1.9512  lr=1.0e-04  230s
  batch 10/264  loss=0.4422
  batch 20/264  loss=0.5230
  batch 30/264  loss=0.3182
  batch 40/264  loss=0.3683
  batch 50/264  loss=0.4273
  batch 60/264  loss=0.5118
  batch 70/264  loss=0.3321
  batch 80/264  loss=0.3462
  batch 90/264  loss=0.3619
  batch 100/264  loss=0.3350
  batch 110/264  loss=0.3280
  batch 120/264  loss=0.3640
  batch 130/264  loss=0.3643
  batch 140/264  loss=0.3391
  batch 150/264  loss=0.4156
  batch 160/264  loss=0.3878
  batch 170/264  loss=0.3382
  batch 180/264  loss=0.3445
  batch 190/264  loss=0.4698
  batch 200/264  loss=0.3136
  batch 210/264  loss=0.2882
  batch 220/264  loss=0.4976
  batch 230/264  loss=0.3438
  batch 240/264  loss=0.3804
  batch 250/264  loss=0.4257
  batch 260/264  loss=0.3789
Epoch 151/300  train=4.197e-01  rmse=2.1523  lr=1.0e-04  230s
  batch 10/264  loss=0.5813
  batch 20/264  loss=0.3262
  batch 30/264  loss=0.3069
  batch 40/264  loss=0.3206
  batch 50/264  loss=0.4560
  batch 60/264  loss=0.5210
  batch 70/264  loss=0.3817
  batch 80/264  loss=0.4000
  batch 90/264  loss=0.3111
  batch 100/264  loss=0.3784
  batch 110/264  loss=0.3614
  batch 120/264  loss=0.5677
  batch 130/264  loss=0.6074
  batch 140/264  loss=0.3153
  batch 150/264  loss=0.5165
  batch 160/264  loss=0.5775
  batch 170/264  loss=0.3648
  batch 180/264  loss=0.3216
  batch 190/264  loss=0.3869
  batch 200/264  loss=0.2979
  batch 210/264  loss=0.3969
  batch 220/264  loss=0.3392
  batch 230/264  loss=0.3592
  batch 240/264  loss=0.3431
  batch 250/264  loss=0.3698
  batch 260/264  loss=0.3262
Epoch 152/300  train=4.146e-01  rmse=1.9991  lr=1.0e-04  230s
  -> best  monitor=4.146e-01
  batch 10/264  loss=0.3577
  batch 20/264  loss=0.3276
  batch 30/264  loss=0.4103
  batch 40/264  loss=0.3538
  batch 50/264  loss=0.5158
  batch 60/264  loss=0.3277
  batch 70/264  loss=0.3411
  batch 80/264  loss=0.3852
  batch 90/264  loss=0.3047
  batch 100/264  loss=0.2980
  batch 110/264  loss=0.4866
  batch 120/264  loss=0.3035
  batch 130/264  loss=0.5609
  batch 140/264  loss=0.3521
  batch 150/264  loss=0.3183
  batch 160/264  loss=0.4066
  batch 170/264  loss=0.7269
  batch 180/264  loss=0.5366
  batch 190/264  loss=0.3697
  batch 200/264  loss=0.4175
  batch 210/264  loss=0.4058
  batch 220/264  loss=0.6719
  batch 230/264  loss=0.3859
  batch 240/264  loss=0.4207
  batch 250/264  loss=0.2636
  batch 260/264  loss=0.4561
Epoch 153/300  train=4.160e-01  rmse=1.8722  lr=1.0e-04  230s
  batch 10/264  loss=0.6336
  batch 20/264  loss=0.2860
  batch 30/264  loss=0.3446
  batch 40/264  loss=0.4258
  batch 50/264  loss=0.3322
  batch 60/264  loss=0.4231
  batch 70/264  loss=0.4125
  batch 80/264  loss=0.4100
  batch 90/264  loss=0.5605
  batch 100/264  loss=0.4852
  batch 110/264  loss=0.4292
  batch 120/264  loss=0.4047
  batch 130/264  loss=0.3548
  batch 140/264  loss=0.2857
  batch 150/264  loss=0.4975
  batch 160/264  loss=0.3405
  batch 170/264  loss=0.4909
  batch 180/264  loss=0.3607
  batch 190/264  loss=0.4545
  batch 200/264  loss=0.6644
  batch 210/264  loss=0.4154
  batch 220/264  loss=0.3965
  batch 230/264  loss=0.3498
  batch 240/264  loss=0.3728
  batch 250/264  loss=0.4118
  batch 260/264  loss=0.7173
Epoch 154/300  train=4.127e-01  rmse=3.4817  lr=1.0e-04  230s
  -> best  monitor=4.127e-01
  batch 10/264  loss=0.4320
  batch 20/264  loss=0.3691
  batch 30/264  loss=0.4156
  batch 40/264  loss=0.3756
  batch 50/264  loss=0.4363
  batch 60/264  loss=0.5485
  batch 70/264  loss=0.5028
  batch 80/264  loss=0.3660
  batch 90/264  loss=0.5162
  batch 100/264  loss=0.3819
  batch 110/264  loss=0.4356
  batch 120/264  loss=0.3259
  batch 130/264  loss=0.4366
  batch 140/264  loss=0.4145
  batch 150/264  loss=0.4882
  batch 160/264  loss=0.3783
  batch 170/264  loss=0.3562
  batch 180/264  loss=0.3377
  batch 190/264  loss=0.3997
  batch 200/264  loss=0.3126
  batch 210/264  loss=0.4534
  batch 220/264  loss=0.4395
  batch 230/264  loss=0.3711
  batch 240/264  loss=0.3467
  batch 250/264  loss=0.3855
  batch 260/264  loss=0.6532
Epoch 155/300  train=4.125e-01  rmse=2.7584  lr=1.0e-04  230s
  -> best  monitor=4.125e-01
  batch 10/264  loss=0.4457
  batch 20/264  loss=0.3982
  batch 30/264  loss=0.4324
  batch 40/264  loss=0.4296
  batch 50/264  loss=0.3338
  batch 60/264  loss=0.3621
  batch 70/264  loss=0.3644
  batch 80/264  loss=0.3303
  batch 90/264  loss=0.6370
  batch 100/264  loss=0.3798
  batch 110/264  loss=0.3131
  batch 120/264  loss=0.5458
  batch 130/264  loss=0.3288
  batch 140/264  loss=0.4113
  batch 150/264  loss=0.4525
  batch 160/264  loss=0.4750
  batch 170/264  loss=0.3297
  batch 180/264  loss=0.5123
  batch 190/264  loss=0.3860
  batch 200/264  loss=0.4461
  batch 210/264  loss=0.2684
  batch 220/264  loss=0.3285
  batch 230/264  loss=0.3960
  batch 240/264  loss=0.9352
  batch 250/264  loss=0.6203
  batch 260/264  loss=0.3160
Epoch 156/300  train=4.165e-01  rmse=2.8410  lr=1.0e-04  230s
  batch 10/264  loss=0.3284
  batch 20/264  loss=0.3671
  batch 30/264  loss=0.3780
  batch 40/264  loss=0.3019
  batch 50/264  loss=0.4945
  batch 60/264  loss=0.3374
  batch 70/264  loss=0.5693
  batch 80/264  loss=0.3607
  batch 90/264  loss=0.4540
  batch 100/264  loss=0.3166
  batch 110/264  loss=0.3424
  batch 120/264  loss=0.3740
  batch 130/264  loss=0.4498
  batch 140/264  loss=0.5664
  batch 150/264  loss=0.4073
  batch 160/264  loss=0.4495
  batch 170/264  loss=0.3194
  batch 180/264  loss=0.3424
  batch 190/264  loss=0.3913
  batch 200/264  loss=0.4315
  batch 210/264  loss=0.3861
  batch 220/264  loss=0.3464
  batch 230/264  loss=0.5516
  batch 240/264  loss=0.4099
  batch 250/264  loss=0.3823
  batch 260/264  loss=0.4391
Epoch 157/300  train=4.150e-01  rmse=7.4023  lr=1.0e-04  230s
  batch 10/264  loss=0.3215
  batch 20/264  loss=0.3850
  batch 30/264  loss=0.4448
  batch 40/264  loss=0.3591
  batch 50/264  loss=0.5292
  batch 60/264  loss=0.3791
  batch 70/264  loss=0.4582
  batch 80/264  loss=0.3617
  batch 90/264  loss=0.3604
  batch 100/264  loss=0.2994
  batch 110/264  loss=0.3590
  batch 120/264  loss=0.4498
  batch 130/264  loss=0.3042
  batch 140/264  loss=0.4177
  batch 150/264  loss=0.2915
  batch 160/264  loss=0.4019
  batch 170/264  loss=0.3524
  batch 180/264  loss=0.3370
  batch 190/264  loss=0.4199
  batch 200/264  loss=0.4448
  batch 210/264  loss=0.5503
  batch 220/264  loss=0.4171
  batch 230/264  loss=0.4382
  batch 240/264  loss=0.4510
  batch 250/264  loss=0.4065
  batch 260/264  loss=0.4409
Epoch 158/300  train=4.165e-01  rmse=4.3330  lr=1.0e-04  230s
  batch 10/264  loss=0.3096
  batch 20/264  loss=0.3547
  batch 30/264  loss=0.4110
  batch 40/264  loss=0.2600
  batch 50/264  loss=0.4890
  batch 60/264  loss=0.4076
  batch 70/264  loss=0.3561
  batch 80/264  loss=0.3647
  batch 90/264  loss=0.3368
  batch 100/264  loss=0.3446
  batch 110/264  loss=0.4953
  batch 120/264  loss=0.4281
  batch 130/264  loss=0.3308
  batch 140/264  loss=0.3723
  batch 150/264  loss=0.3629
  batch 160/264  loss=0.2971
  batch 170/264  loss=0.3513
  batch 180/264  loss=0.5133
  batch 190/264  loss=0.3327
  batch 200/264  loss=1.0160
  batch 210/264  loss=0.3859
  batch 220/264  loss=0.3840
  batch 230/264  loss=0.5668
  batch 240/264  loss=0.3487
  batch 250/264  loss=0.3939
  batch 260/264  loss=0.3835
Epoch 159/300  train=4.172e-01  rmse=1.9318  lr=1.0e-04  231s
  batch 10/264  loss=0.4429
  batch 20/264  loss=0.3330
  batch 30/264  loss=0.4500
  batch 40/264  loss=0.3443
  batch 50/264  loss=0.3642
  batch 60/264  loss=0.7465
  batch 70/264  loss=0.4454
  batch 80/264  loss=0.4145
  batch 90/264  loss=0.4211
  batch 100/264  loss=0.3806
  batch 110/264  loss=0.5525
  batch 120/264  loss=0.3254
  batch 130/264  loss=0.7007
  batch 140/264  loss=0.4120
  batch 150/264  loss=0.3398
  batch 160/264  loss=0.3145
  batch 170/264  loss=0.3500
  batch 180/264  loss=0.5022
  batch 190/264  loss=0.3717
  batch 200/264  loss=0.3219
  batch 210/264  loss=0.4199
  batch 220/264  loss=0.2937
  batch 230/264  loss=0.3335
  batch 240/264  loss=0.4123
  batch 250/264  loss=0.3559
  batch 260/264  loss=0.4902
Epoch 160/300  train=4.164e-01  rmse=2.0225  lr=1.0e-04  229s
  batch 10/264  loss=0.3402
  batch 20/264  loss=0.4025
  batch 30/264  loss=0.3932
  batch 40/264  loss=0.3416
  batch 50/264  loss=0.5740
  batch 60/264  loss=0.3606
  batch 70/264  loss=0.4518
  batch 80/264  loss=0.4194
  batch 90/264  loss=0.2923
  batch 100/264  loss=0.4314
  batch 110/264  loss=0.3541
  batch 120/264  loss=0.3114
  batch 130/264  loss=0.4279
  batch 140/264  loss=0.3342
  batch 150/264  loss=0.3204
  batch 160/264  loss=0.3868
  batch 170/264  loss=0.4276
  batch 180/264  loss=0.4073
  batch 190/264  loss=0.5955
  batch 200/264  loss=0.2965
  batch 210/264  loss=0.5835
  batch 220/264  loss=0.5244
  batch 230/264  loss=0.3276
  batch 240/264  loss=0.4575
  batch 250/264  loss=0.3809
  batch 260/264  loss=0.3695
Epoch 161/300  train=4.104e-01  rmse=2.8651  lr=1.0e-04  230s
  -> best  monitor=4.104e-01
  batch 10/264  loss=0.5282
  batch 20/264  loss=0.4409
  batch 30/264  loss=0.4155
  batch 40/264  loss=0.3838
  batch 50/264  loss=0.4151
  batch 60/264  loss=0.4040
  batch 70/264  loss=0.3349
  batch 80/264  loss=0.4385
  batch 90/264  loss=0.4033
  batch 100/264  loss=0.3694
  batch 110/264  loss=0.3693
  batch 120/264  loss=0.3334
  batch 130/264  loss=0.4496
  batch 140/264  loss=0.3957
  batch 150/264  loss=0.3489
  batch 160/264  loss=0.3117
  batch 170/264  loss=0.3548
  batch 180/264  loss=0.3669
  batch 190/264  loss=0.4536
  batch 200/264  loss=0.4439
  batch 210/264  loss=0.3795
  batch 220/264  loss=0.4234
  batch 230/264  loss=0.4114
  batch 240/264  loss=0.4378
  batch 250/264  loss=0.3282
  batch 260/264  loss=0.3718
Epoch 162/300  train=4.091e-01  rmse=2.2957  lr=1.0e-04  230s
  -> best  monitor=4.091e-01
  batch 10/264  loss=0.3935
  batch 20/264  loss=0.3087
  batch 30/264  loss=0.5488
  batch 40/264  loss=0.3987
  batch 50/264  loss=0.7587
  batch 60/264  loss=0.3656
  batch 70/264  loss=0.3131
  batch 80/264  loss=0.4858
  batch 90/264  loss=0.3579
  batch 100/264  loss=0.3648
  batch 110/264  loss=0.4123
  batch 120/264  loss=0.3684
  batch 130/264  loss=0.4685
  batch 140/264  loss=0.3514
  batch 150/264  loss=0.3660
  batch 160/264  loss=0.3385
  batch 170/264  loss=0.3120
  batch 180/264  loss=0.4004
  batch 190/264  loss=0.7608
  batch 200/264  loss=0.2933
  batch 210/264  loss=0.3838
  batch 220/264  loss=0.4172
  batch 230/264  loss=0.4279
  batch 240/264  loss=0.3702
  batch 250/264  loss=0.4891
  batch 260/264  loss=0.3287
Epoch 163/300  train=4.141e-01  rmse=4.0413  lr=1.0e-04  229s
  batch 10/264  loss=0.3795
  batch 20/264  loss=0.4171
  batch 30/264  loss=0.4530
  batch 40/264  loss=0.3649
  batch 50/264  loss=0.3506
  batch 60/264  loss=0.3692
  batch 70/264  loss=0.3724
  batch 80/264  loss=0.3888
  batch 90/264  loss=0.5037
  batch 100/264  loss=0.3101
  batch 110/264  loss=0.6490
  batch 120/264  loss=0.3737
  batch 130/264  loss=0.3264
  batch 140/264  loss=0.3476
  batch 150/264  loss=0.4039
  batch 160/264  loss=0.3737
  batch 170/264  loss=0.5928
  batch 180/264  loss=0.3865
  batch 190/264  loss=0.3770
  batch 200/264  loss=0.4327
  batch 210/264  loss=0.4869
  batch 220/264  loss=0.3131
  batch 230/264  loss=0.3522
  batch 240/264  loss=0.4821
  batch 250/264  loss=0.2934
  batch 260/264  loss=0.3064
Epoch 164/300  train=4.078e-01  rmse=2.1281  lr=1.0e-04  230s
  -> best  monitor=4.078e-01
  batch 10/264  loss=0.4601
  batch 20/264  loss=0.3846
  batch 30/264  loss=0.3189
  batch 40/264  loss=0.4728
  batch 50/264  loss=0.4985
  batch 60/264  loss=0.5108
  batch 70/264  loss=0.3010
  batch 80/264  loss=0.3857
  batch 90/264  loss=0.4094
  batch 100/264  loss=0.3917
  batch 110/264  loss=0.4122
  batch 120/264  loss=0.3264
  batch 130/264  loss=0.6691
  batch 140/264  loss=0.3687
  batch 150/264  loss=0.3450
  batch 160/264  loss=0.3995
  batch 170/264  loss=0.3520
  batch 180/264  loss=0.3732
  batch 190/264  loss=0.3371
  batch 200/264  loss=0.6182
  batch 210/264  loss=0.3970
  batch 220/264  loss=0.4333
  batch 230/264  loss=0.4433
  batch 240/264  loss=0.3978
  batch 250/264  loss=0.3507
  batch 260/264  loss=0.3719
Epoch 165/300  train=4.119e-01  rmse=1.9219  lr=1.0e-04  230s
  batch 10/264  loss=0.3453
  batch 20/264  loss=0.3524
  batch 30/264  loss=0.4640
  batch 40/264  loss=0.3451
  batch 50/264  loss=0.3184
  batch 60/264  loss=0.4463
  batch 70/264  loss=0.4889
  batch 80/264  loss=0.3216
  batch 90/264  loss=0.4008
  batch 100/264  loss=0.4264
  batch 110/264  loss=0.2643
  batch 120/264  loss=0.3151
  batch 130/264  loss=0.3818
  batch 140/264  loss=0.2921
  batch 150/264  loss=0.3284
  batch 160/264  loss=0.3946
  batch 170/264  loss=0.3758
  batch 180/264  loss=0.5668
  batch 190/264  loss=0.4114
  batch 200/264  loss=0.3347
  batch 210/264  loss=0.3319
  batch 220/264  loss=0.4917
  batch 230/264  loss=0.4603
  batch 240/264  loss=0.3546
  batch 250/264  loss=0.3673
  batch 260/264  loss=0.3887
Epoch 166/300  train=4.105e-01  rmse=3.4000  lr=1.0e-04  230s
  batch 10/264  loss=0.5626
  batch 20/264  loss=0.4698
  batch 30/264  loss=0.2668
  batch 40/264  loss=0.3795
  batch 50/264  loss=0.4332
  batch 60/264  loss=0.4457
  batch 70/264  loss=0.3635
  batch 80/264  loss=0.3843
  batch 90/264  loss=0.5637
  batch 100/264  loss=0.3349
  batch 110/264  loss=0.3583
  batch 120/264  loss=0.3478
  batch 130/264  loss=0.4727
  batch 140/264  loss=0.3950
  batch 150/264  loss=0.3448
  batch 160/264  loss=0.3430
  batch 170/264  loss=0.3708
  batch 180/264  loss=0.3647
  batch 190/264  loss=0.3760
  batch 200/264  loss=0.3940
  batch 210/264  loss=0.5917
  batch 220/264  loss=0.5104
  batch 230/264  loss=0.7417
  batch 240/264  loss=0.5263
  batch 250/264  loss=0.5673
  batch 260/264  loss=0.3554
Epoch 167/300  train=4.094e-01  rmse=2.6676  lr=1.0e-04  229s
  batch 10/264  loss=0.3078
  batch 20/264  loss=0.4091
  batch 30/264  loss=0.4772
  batch 40/264  loss=0.5050
  batch 50/264  loss=0.3388
  batch 60/264  loss=0.6064
  batch 70/264  loss=0.4729
  batch 80/264  loss=0.5811
  batch 90/264  loss=0.3711
  batch 100/264  loss=0.4265
  batch 110/264  loss=0.6766
  batch 120/264  loss=0.3893
  batch 130/264  loss=0.3858
  batch 140/264  loss=0.5199
  batch 150/264  loss=0.3206
  batch 160/264  loss=0.3621
  batch 170/264  loss=0.3081
  batch 180/264  loss=0.3804
  batch 190/264  loss=0.5103
  batch 200/264  loss=0.3244
  batch 210/264  loss=0.4077
  batch 220/264  loss=0.5815
  batch 230/264  loss=0.3788
  batch 240/264  loss=0.3144
  batch 250/264  loss=0.6491
  batch 260/264  loss=0.4344
Epoch 168/300  train=4.046e-01  rmse=2.4713  lr=1.0e-04  229s
  -> best  monitor=4.046e-01
  batch 10/264  loss=0.3070
  batch 20/264  loss=0.3382
  batch 30/264  loss=0.3527
  batch 40/264  loss=0.3955
  batch 50/264  loss=0.4135
  batch 60/264  loss=0.3334
  batch 70/264  loss=0.4160
  batch 80/264  loss=0.3606
  batch 90/264  loss=0.4224
  batch 100/264  loss=0.3625
  batch 110/264  loss=0.4915
  batch 120/264  loss=0.4113
  batch 130/264  loss=0.4372
  batch 140/264  loss=0.4673
  batch 150/264  loss=0.8195
  batch 160/264  loss=0.3701
  batch 170/264  loss=0.3200
  batch 180/264  loss=0.5685
  batch 190/264  loss=0.3610
  batch 200/264  loss=0.3298
  batch 210/264  loss=0.3645
  batch 220/264  loss=0.2975
  batch 230/264  loss=0.3968
  batch 240/264  loss=0.4024
  batch 250/264  loss=0.5360
  batch 260/264  loss=0.7296
Epoch 169/300  train=4.072e-01  rmse=3.3242  lr=1.0e-04  230s
  batch 10/264  loss=0.4035
  batch 20/264  loss=0.4127
  batch 30/264  loss=0.3822
  batch 40/264  loss=0.6171
  batch 50/264  loss=0.4221
  batch 60/264  loss=0.4560
  batch 70/264  loss=0.3207
  batch 80/264  loss=0.3385
  batch 90/264  loss=0.3780
  batch 100/264  loss=0.3066
  batch 110/264  loss=0.3231
  batch 120/264  loss=0.5553
  batch 130/264  loss=0.4815
  batch 140/264  loss=0.3378
  batch 150/264  loss=0.3626
  batch 160/264  loss=0.3612
  batch 170/264  loss=0.3838
  batch 180/264  loss=0.6129
  batch 190/264  loss=0.4103
  batch 200/264  loss=0.3484
  batch 210/264  loss=0.4260
  batch 220/264  loss=0.3283
  batch 230/264  loss=0.5016
  batch 240/264  loss=0.4382
  batch 250/264  loss=0.3877
  batch 260/264  loss=0.4381
Epoch 170/300  train=4.035e-01  rmse=5.0766  lr=1.0e-04  230s
  -> best  monitor=4.035e-01
  batch 10/264  loss=0.3428
  batch 20/264  loss=0.4421
  batch 30/264  loss=0.3484
  batch 40/264  loss=0.3761
  batch 50/264  loss=0.3326
  batch 60/264  loss=0.4155
  batch 70/264  loss=0.3507
  batch 80/264  loss=0.3010
  batch 90/264  loss=0.5402
  batch 100/264  loss=0.3450
  batch 110/264  loss=0.3319
  batch 120/264  loss=0.3655
  batch 130/264  loss=0.3321
  batch 140/264  loss=0.3661
  batch 150/264  loss=0.3946
  batch 160/264  loss=0.5107
  batch 170/264  loss=0.3329
  batch 180/264  loss=0.2956
  batch 190/264  loss=0.3349
  batch 200/264  loss=0.4692
  batch 210/264  loss=0.3693
  batch 220/264  loss=0.3998
  batch 230/264  loss=0.4458
  batch 240/264  loss=0.5124
  batch 250/264  loss=0.3384
  batch 260/264  loss=0.4190
Epoch 171/300  train=4.106e-01  rmse=1.9985  lr=1.0e-04  231s
  batch 10/264  loss=0.3573
  batch 20/264  loss=0.4425
  batch 30/264  loss=0.4800
  batch 40/264  loss=0.3913
  batch 50/264  loss=0.3768
  batch 60/264  loss=0.3586
  batch 70/264  loss=0.3183
  batch 80/264  loss=0.3089
  batch 90/264  loss=0.3002
  batch 100/264  loss=0.3358
  batch 110/264  loss=0.3730
  batch 120/264  loss=0.4940
  batch 130/264  loss=0.3351
  batch 140/264  loss=0.5836
  batch 150/264  loss=0.4119
  batch 160/264  loss=0.5174
  batch 170/264  loss=0.4115
  batch 180/264  loss=0.3275
  batch 190/264  loss=0.3489
  batch 200/264  loss=0.3267
  batch 210/264  loss=0.3736
  batch 220/264  loss=0.3566
  batch 230/264  loss=0.4892
  batch 240/264  loss=0.3081
  batch 250/264  loss=0.4414
  batch 260/264  loss=0.3706
Epoch 172/300  train=4.115e-01  rmse=2.5392  lr=1.0e-04  230s
  batch 10/264  loss=0.5060
  batch 20/264  loss=0.3112
  batch 30/264  loss=0.4627
  batch 40/264  loss=0.3231
  batch 50/264  loss=0.3438
  batch 60/264  loss=0.4990
  batch 70/264  loss=0.4641
  batch 80/264  loss=0.3469
  batch 90/264  loss=0.3747
  batch 100/264  loss=0.3565
  batch 110/264  loss=0.4220
  batch 120/264  loss=0.3474
  batch 130/264  loss=0.4871
  batch 140/264  loss=0.3974
  batch 150/264  loss=0.3991
  batch 160/264  loss=0.4530
  batch 170/264  loss=0.3404
  batch 180/264  loss=0.3929
  batch 190/264  loss=0.3165
  batch 200/264  loss=0.3245
  batch 210/264  loss=0.3734
  batch 220/264  loss=0.3840
  batch 230/264  loss=0.3773
  batch 240/264  loss=0.3526
  batch 250/264  loss=0.5776
  batch 260/264  loss=0.4023
Epoch 173/300  train=4.095e-01  rmse=2.6961  lr=1.0e-04  230s
  batch 10/264  loss=0.4152
  batch 20/264  loss=0.3352
  batch 30/264  loss=0.3525
  batch 40/264  loss=0.3156
  batch 50/264  loss=0.3156
  batch 60/264  loss=0.3331
  batch 70/264  loss=0.4708
  batch 80/264  loss=0.4000
  batch 90/264  loss=0.3818
  batch 100/264  loss=0.3455
  batch 110/264  loss=0.3813
  batch 120/264  loss=0.3637
  batch 130/264  loss=0.5246
  batch 140/264  loss=0.3575
  batch 150/264  loss=0.7362
  batch 160/264  loss=0.3488
  batch 170/264  loss=0.3630
  batch 180/264  loss=0.3798
  batch 190/264  loss=0.3848
  batch 200/264  loss=0.3303
  batch 210/264  loss=0.5394
  batch 220/264  loss=0.4277
  batch 230/264  loss=0.3686
  batch 240/264  loss=0.3618
  batch 250/264  loss=0.3707
  batch 260/264  loss=0.4023
Epoch 174/300  train=4.078e-01  rmse=2.3713  lr=1.0e-04  230s
  batch 10/264  loss=0.3903
  batch 20/264  loss=0.6683
  batch 30/264  loss=0.6469
  batch 40/264  loss=0.4406
  batch 50/264  loss=0.6423
  batch 60/264  loss=0.3680
  batch 70/264  loss=0.2941
  batch 80/264  loss=0.3723
  batch 90/264  loss=0.3131
  batch 100/264  loss=0.3111
  batch 110/264  loss=0.3886
  batch 120/264  loss=0.5743
  batch 130/264  loss=0.6311
  batch 140/264  loss=0.3585
  batch 150/264  loss=0.3336
  batch 160/264  loss=0.3478
  batch 170/264  loss=0.4881
  batch 180/264  loss=0.4264
  batch 190/264  loss=0.3557
  batch 200/264  loss=0.3059
  batch 210/264  loss=0.3461
  batch 220/264  loss=0.3700
  batch 230/264  loss=0.4689
  batch 240/264  loss=0.4112
  batch 250/264  loss=0.4264
  batch 260/264  loss=0.6579
Epoch 175/300  train=4.055e-01  rmse=2.2116  lr=1.0e-04  229s
  batch 10/264  loss=0.3714
  batch 20/264  loss=0.3552
  batch 30/264  loss=0.4753
  batch 40/264  loss=0.4369
  batch 50/264  loss=0.2945
  batch 60/264  loss=0.3754
  batch 70/264  loss=0.3334
  batch 80/264  loss=0.6101
  batch 90/264  loss=0.2759
  batch 100/264  loss=0.3597
  batch 110/264  loss=0.3224
  batch 120/264  loss=0.3881
  batch 130/264  loss=0.3952
  batch 140/264  loss=0.4857
  batch 150/264  loss=0.3677
  batch 160/264  loss=0.4847
  batch 170/264  loss=0.2797
  batch 180/264  loss=0.4710
  batch 190/264  loss=0.4262
  batch 200/264  loss=0.3210
  batch 210/264  loss=0.4766
  batch 220/264  loss=0.4202
  batch 230/264  loss=0.3572
  batch 240/264  loss=0.3259
  batch 250/264  loss=0.4912
  batch 260/264  loss=0.4559
Epoch 176/300  train=4.128e-01  rmse=1.8854  lr=1.0e-04  231s
  batch 10/264  loss=0.7422
  batch 20/264  loss=0.3319
  batch 30/264  loss=0.3629
  batch 40/264  loss=0.6289
  batch 50/264  loss=0.3634
  batch 60/264  loss=0.3660
  batch 70/264  loss=0.4505
  batch 80/264  loss=0.4067
  batch 90/264  loss=0.3333
  batch 100/264  loss=0.3003
  batch 110/264  loss=0.4199
  batch 120/264  loss=0.5300
  batch 130/264  loss=0.3916
  batch 140/264  loss=0.5425
  batch 150/264  loss=0.3656
  batch 160/264  loss=0.3922
  batch 170/264  loss=0.3241
  batch 180/264  loss=0.5128
  batch 190/264  loss=0.3299
  batch 200/264  loss=0.3102
  batch 210/264  loss=0.4330
  batch 220/264  loss=0.3331
  batch 230/264  loss=0.3399
  batch 240/264  loss=0.3764
  batch 250/264  loss=0.4069
  batch 260/264  loss=0.3273
Epoch 177/300  train=4.073e-01  rmse=2.1365  lr=1.0e-04  231s
  batch 10/264  loss=0.3262
  batch 20/264  loss=0.3671
  batch 30/264  loss=0.3827
  batch 40/264  loss=0.4081
  batch 50/264  loss=0.4008
  batch 60/264  loss=0.3563
  batch 70/264  loss=0.6563
  batch 80/264  loss=0.3539
  batch 90/264  loss=0.3473
  batch 100/264  loss=0.5070
  batch 110/264  loss=0.3368
  batch 120/264  loss=0.3650
  batch 130/264  loss=0.3346
  batch 140/264  loss=0.3661
  batch 150/264  loss=0.3944
  batch 160/264  loss=0.2737
  batch 170/264  loss=0.6430
  batch 180/264  loss=0.3839
  batch 190/264  loss=0.3774
  batch 200/264  loss=0.5118
  batch 210/264  loss=0.3416
  batch 220/264  loss=0.4262
  batch 230/264  loss=0.7112
  batch 240/264  loss=0.5250
  batch 250/264  loss=0.3948
  batch 260/264  loss=0.3018
Epoch 178/300  train=4.023e-01  rmse=1.8740  lr=1.0e-04  230s
  -> best  monitor=4.023e-01
  batch 10/264  loss=0.3600
  batch 20/264  loss=0.4951
  batch 30/264  loss=0.5564
  batch 40/264  loss=0.4865
  batch 50/264  loss=0.2725
  batch 60/264  loss=0.3385
  batch 70/264  loss=0.4485
  batch 80/264  loss=0.3846
  batch 90/264  loss=0.3423
  batch 100/264  loss=0.3105
  batch 110/264  loss=0.4806
  batch 120/264  loss=0.4984
  batch 130/264  loss=0.3988
  batch 140/264  loss=0.3952
  batch 150/264  loss=0.3842
  batch 160/264  loss=0.3334
  batch 170/264  loss=0.3989
  batch 180/264  loss=0.3305
  batch 190/264  loss=0.4254
  batch 200/264  loss=0.3475
  batch 210/264  loss=0.3498
  batch 220/264  loss=0.3654
  batch 230/264  loss=0.4458
  batch 240/264  loss=0.3810
  batch 250/264  loss=0.5218
  batch 260/264  loss=0.3519
Epoch 179/300  train=4.034e-01  rmse=1.9247  lr=1.0e-04  231s
  batch 10/264  loss=0.3815
  batch 20/264  loss=0.4748
  batch 30/264  loss=0.3916
  batch 40/264  loss=0.2819
  batch 50/264  loss=0.3775
  batch 60/264  loss=0.3826
  batch 70/264  loss=0.6330
  batch 80/264  loss=0.3613
  batch 90/264  loss=0.3276
  batch 100/264  loss=0.2919
  batch 110/264  loss=0.4679
  batch 120/264  loss=0.3320
  batch 130/264  loss=0.4110
  batch 140/264  loss=0.3224
  batch 150/264  loss=0.3168
  batch 160/264  loss=0.3954
  batch 170/264  loss=0.3984
  batch 180/264  loss=0.3178
  batch 190/264  loss=0.5190
  batch 200/264  loss=0.2935
  batch 210/264  loss=0.5284
  batch 220/264  loss=0.3989
  batch 230/264  loss=0.4603
  batch 240/264  loss=0.3852
  batch 250/264  loss=0.3833
  batch 260/264  loss=0.3045
Epoch 180/300  train=3.972e-01  rmse=2.2222  lr=1.0e-04  230s
  -> best  monitor=3.972e-01
  batch 10/264  loss=0.4775
  batch 20/264  loss=0.3827
  batch 30/264  loss=0.4897
  batch 40/264  loss=0.3152
  batch 50/264  loss=0.4590
  batch 60/264  loss=0.3241
  batch 70/264  loss=0.5329
  batch 80/264  loss=0.2992
  batch 90/264  loss=0.3426
  batch 100/264  loss=0.3322
  batch 110/264  loss=0.4583
  batch 120/264  loss=0.3202
  batch 130/264  loss=0.4028
  batch 140/264  loss=0.3012
  batch 150/264  loss=0.4526
  batch 160/264  loss=0.4005
  batch 170/264  loss=0.3779
  batch 180/264  loss=0.3725
  batch 190/264  loss=0.3717
  batch 200/264  loss=0.3382
  batch 210/264  loss=0.3939
  batch 220/264  loss=0.2730
  batch 230/264  loss=0.4610
  batch 240/264  loss=0.3460
  batch 250/264  loss=0.3727
  batch 260/264  loss=0.3699
Epoch 181/300  train=4.018e-01  rmse=4.3600  lr=1.0e-04  230s
  batch 10/264  loss=0.3510
  batch 20/264  loss=0.2882
  batch 30/264  loss=0.3589
  batch 40/264  loss=0.4156
  batch 50/264  loss=0.4530
  batch 60/264  loss=0.3955
  batch 70/264  loss=0.3578
  batch 80/264  loss=0.5168
  batch 90/264  loss=0.3198
  batch 100/264  loss=0.3494
  batch 110/264  loss=0.3335
  batch 120/264  loss=0.5113
  batch 130/264  loss=0.3452
  batch 140/264  loss=0.4284
  batch 150/264  loss=0.3594
  batch 160/264  loss=0.4400
  batch 170/264  loss=0.3853
  batch 180/264  loss=0.5325
  batch 190/264  loss=0.4083
  batch 200/264  loss=0.4940
  batch 210/264  loss=0.3931
  batch 220/264  loss=1.0938
  batch 230/264  loss=0.5254
  batch 240/264  loss=0.6581
  batch 250/264  loss=0.3824
  batch 260/264  loss=0.3813
Epoch 182/300  train=4.097e-01  rmse=1.7717  lr=1.0e-04  230s
  batch 10/264  loss=0.3901
  batch 20/264  loss=0.4147
  batch 30/264  loss=0.3196
  batch 40/264  loss=0.3822
  batch 50/264  loss=0.3623
  batch 60/264  loss=0.3491
  batch 70/264  loss=0.5220
  batch 80/264  loss=0.3772
  batch 90/264  loss=0.5327
  batch 100/264  loss=0.3557
  batch 110/264  loss=0.3457
  batch 120/264  loss=0.3397
  batch 130/264  loss=0.3462
  batch 140/264  loss=0.3684
  batch 150/264  loss=0.3396
  batch 160/264  loss=0.3251
  batch 170/264  loss=0.3703
  batch 180/264  loss=0.4073
  batch 190/264  loss=0.4599
  batch 200/264  loss=0.3301
  batch 210/264  loss=0.3807
  batch 220/264  loss=0.3662
  batch 230/264  loss=0.4984
  batch 240/264  loss=0.3290
  batch 250/264  loss=0.3026
  batch 260/264  loss=0.3220
Epoch 183/300  train=3.979e-01  rmse=5.1390  lr=1.0e-04  228s
  batch 10/264  loss=0.3634
  batch 20/264  loss=0.3035
  batch 30/264  loss=0.3381
  batch 40/264  loss=0.4564
  batch 50/264  loss=0.3746
  batch 60/264  loss=0.3787
  batch 70/264  loss=0.3476
  batch 80/264  loss=0.3232
  batch 90/264  loss=0.4219
  batch 100/264  loss=0.6036
  batch 110/264  loss=0.4415
  batch 120/264  loss=0.3539
  batch 130/264  loss=0.3804
  batch 140/264  loss=0.3870
  batch 150/264  loss=0.3204
  batch 160/264  loss=0.4490
  batch 170/264  loss=0.3233
  batch 180/264  loss=0.3682
  batch 190/264  loss=0.3633
  batch 200/264  loss=0.4034
  batch 210/264  loss=0.4076
  batch 220/264  loss=0.3791
  batch 230/264  loss=0.3620
  batch 240/264  loss=0.4316
  batch 250/264  loss=0.3140
  batch 260/264  loss=0.4141
Epoch 184/300  train=4.019e-01  rmse=6.4552  lr=1.0e-04  229s
  batch 10/264  loss=0.3307
  batch 20/264  loss=0.3657
  batch 30/264  loss=0.3400
  batch 40/264  loss=0.5913
  batch 50/264  loss=0.4237
  batch 60/264  loss=0.4063
  batch 70/264  loss=0.6929
  batch 80/264  loss=0.3707
  batch 90/264  loss=0.3484
  batch 100/264  loss=0.4606
  batch 110/264  loss=0.4182
  batch 120/264  loss=0.7784
  batch 130/264  loss=0.4156
  batch 140/264  loss=0.4145
  batch 150/264  loss=0.3217
  batch 160/264  loss=0.3782
  batch 170/264  loss=0.2961
  batch 180/264  loss=0.4927
  batch 190/264  loss=0.3269
  batch 200/264  loss=0.3001
  batch 210/264  loss=0.3820
  batch 220/264  loss=0.6958
  batch 230/264  loss=0.3254
  batch 240/264  loss=0.2911
  batch 250/264  loss=0.5412
  batch 260/264  loss=0.2895
Epoch 185/300  train=4.055e-01  rmse=3.1648  lr=1.0e-04  230s
  batch 10/264  loss=0.3983
  batch 20/264  loss=0.4120
  batch 30/264  loss=0.3451
  batch 40/264  loss=0.3595
  batch 50/264  loss=0.3609
  batch 60/264  loss=0.3411
  batch 70/264  loss=0.2809
  batch 80/264  loss=0.4278
  batch 90/264  loss=0.3812
  batch 100/264  loss=0.3654
  batch 110/264  loss=0.3735
  batch 120/264  loss=0.3626
  batch 130/264  loss=0.3652
  batch 140/264  loss=0.3026
  batch 150/264  loss=0.3563
  batch 160/264  loss=0.3531
  batch 170/264  loss=0.3492
  batch 180/264  loss=0.3477
  batch 190/264  loss=0.3815
  batch 200/264  loss=0.3435
  batch 210/264  loss=0.4073
  batch 220/264  loss=0.2953
  batch 230/264  loss=0.4023
  batch 240/264  loss=0.4372
  batch 250/264  loss=0.3161
  batch 260/264  loss=0.4521
Epoch 186/300  train=3.968e-01  rmse=1.7712  lr=1.0e-04  231s
  -> best  monitor=3.968e-01
  batch 10/264  loss=0.3337
  batch 20/264  loss=0.4482
  batch 30/264  loss=0.4428
  batch 40/264  loss=0.2773
  batch 50/264  loss=0.3938
  batch 60/264  loss=0.4639
  batch 70/264  loss=0.4033
  batch 80/264  loss=0.3439
  batch 90/264  loss=0.4238
  batch 100/264  loss=0.2953
  batch 110/264  loss=0.3332
  batch 120/264  loss=0.3757
  batch 130/264  loss=0.5358
  batch 140/264  loss=0.3525
  batch 150/264  loss=0.5167
  batch 160/264  loss=0.4128
  batch 170/264  loss=0.3847
  batch 180/264  loss=0.3945
  batch 190/264  loss=0.4163
  batch 200/264  loss=0.3554
  batch 210/264  loss=0.4541
  batch 220/264  loss=0.3611
  batch 230/264  loss=0.3282
  batch 240/264  loss=0.3878
  batch 250/264  loss=0.3352
  batch 260/264  loss=0.3993
Epoch 187/300  train=4.000e-01  rmse=2.4207  lr=1.0e-04  230s
  batch 10/264  loss=0.3359
  batch 20/264  loss=0.5526
  batch 30/264  loss=0.3327
  batch 40/264  loss=0.3449
  batch 50/264  loss=0.3263
  batch 60/264  loss=0.3227
  batch 70/264  loss=0.3851
  batch 80/264  loss=0.3804
  batch 90/264  loss=0.3775
  batch 100/264  loss=0.3735
  batch 110/264  loss=0.3450
  batch 120/264  loss=0.2875
  batch 130/264  loss=0.3201
  batch 140/264  loss=0.6865
  batch 150/264  loss=0.3443
  batch 160/264  loss=0.4059
  batch 170/264  loss=0.3511
  batch 180/264  loss=0.3791
  batch 190/264  loss=0.3326
  batch 200/264  loss=0.3738
  batch 210/264  loss=0.3575
  batch 220/264  loss=0.3309
  batch 230/264  loss=0.3014
  batch 240/264  loss=0.4956
  batch 250/264  loss=0.2943
  batch 260/264  loss=0.3799
Epoch 188/300  train=3.986e-01  rmse=2.7140  lr=1.0e-04  229s
  batch 10/264  loss=0.6090
  batch 20/264  loss=0.3997
  batch 30/264  loss=0.4033
  batch 40/264  loss=0.3981
  batch 50/264  loss=0.3615
  batch 60/264  loss=0.3628
  batch 70/264  loss=0.6598
  batch 80/264  loss=0.4778
  batch 90/264  loss=0.3180
  batch 100/264  loss=0.3568
  batch 110/264  loss=0.3603
  batch 120/264  loss=0.3401
  batch 130/264  loss=0.4054
  batch 140/264  loss=0.3376
  batch 150/264  loss=0.3335
  batch 160/264  loss=0.4452
  batch 170/264  loss=0.3353
  batch 180/264  loss=0.3798
  batch 190/264  loss=0.3014
  batch 200/264  loss=0.3836
  batch 210/264  loss=0.4559
  batch 220/264  loss=0.2888
  batch 230/264  loss=0.3444
  batch 240/264  loss=0.5677
  batch 250/264  loss=0.4641
  batch 260/264  loss=0.3666
Epoch 189/300  train=4.015e-01  rmse=1.9287  lr=1.0e-04  231s
  batch 10/264  loss=0.3495
  batch 20/264  loss=0.5296
  batch 30/264  loss=0.2945
  batch 40/264  loss=0.3541
  batch 50/264  loss=0.3079
  batch 60/264  loss=0.3084
  batch 70/264  loss=0.4869
  batch 80/264  loss=0.4788
  batch 90/264  loss=0.4044
  batch 100/264  loss=0.3988
  batch 110/264  loss=0.3775
  batch 120/264  loss=0.4234
  batch 130/264  loss=0.4880
  batch 140/264  loss=0.3704
  batch 150/264  loss=0.4249
  batch 160/264  loss=0.4619
  batch 170/264  loss=0.4324
  batch 180/264  loss=0.3656
  batch 190/264  loss=0.3404
  batch 200/264  loss=0.3475
  batch 210/264  loss=0.3014
  batch 220/264  loss=0.3044
  batch 230/264  loss=0.7856
  batch 240/264  loss=0.3214
  batch 250/264  loss=0.3418
  batch 260/264  loss=0.4314
Epoch 190/300  train=4.010e-01  rmse=2.1569  lr=1.0e-04  231s
  batch 10/264  loss=0.3766
  batch 20/264  loss=0.3741
  batch 30/264  loss=0.2908
  batch 40/264  loss=0.3900
  batch 50/264  loss=0.5162
  batch 60/264  loss=0.4067
  batch 70/264  loss=0.3073
  batch 80/264  loss=0.3639
  batch 90/264  loss=0.3423
  batch 100/264  loss=0.4374
  batch 110/264  loss=0.3868
  batch 120/264  loss=0.3307
  batch 130/264  loss=0.3706
  batch 140/264  loss=0.3745
  batch 150/264  loss=0.3375
  batch 160/264  loss=0.3274
  batch 170/264  loss=0.3370
  batch 180/264  loss=0.5391
  batch 190/264  loss=0.3173
  batch 200/264  loss=0.4134
  batch 210/264  loss=0.3682
  batch 220/264  loss=0.3257
  batch 230/264  loss=0.5158
  batch 240/264  loss=0.3816
  batch 250/264  loss=0.3193
  batch 260/264  loss=0.3558
Epoch 191/300  train=3.965e-01  rmse=3.4213  lr=1.0e-04  230s
  -> best  monitor=3.965e-01
  batch 10/264  loss=0.3781
  batch 20/264  loss=0.3924
  batch 30/264  loss=0.3562
  batch 40/264  loss=0.4080
  batch 50/264  loss=0.5451
  batch 60/264  loss=0.3721
  batch 70/264  loss=0.8018
  batch 80/264  loss=0.3893
  batch 90/264  loss=0.3328
  batch 100/264  loss=0.3590
  batch 110/264  loss=0.3506
  batch 120/264  loss=0.3667
  batch 130/264  loss=0.3081
  batch 140/264  loss=0.2985
  batch 150/264  loss=0.6114
  batch 160/264  loss=0.4168
  batch 170/264  loss=0.5227
  batch 180/264  loss=0.4526
  batch 190/264  loss=0.3006
  batch 200/264  loss=0.5113
  batch 210/264  loss=0.3618
  batch 220/264  loss=0.4801
  batch 230/264  loss=0.4995
  batch 240/264  loss=0.4819
  batch 250/264  loss=0.3272
  batch 260/264  loss=0.3873
Epoch 192/300  train=3.994e-01  rmse=1.7941  lr=1.0e-04  230s
  batch 10/264  loss=0.4222
  batch 20/264  loss=0.3496
  batch 30/264  loss=0.3704
  batch 40/264  loss=0.4344
  batch 50/264  loss=0.3251
  batch 60/264  loss=0.3971
  batch 70/264  loss=0.3505
  batch 80/264  loss=0.3587
  batch 90/264  loss=0.4529
  batch 100/264  loss=0.3020
  batch 110/264  loss=0.4369
  batch 120/264  loss=0.4411
  batch 130/264  loss=0.3480
  batch 140/264  loss=0.3042
  batch 150/264  loss=0.3449
  batch 160/264  loss=0.3214
  batch 170/264  loss=0.5642
  batch 180/264  loss=0.6784
  batch 190/264  loss=0.3486
  batch 200/264  loss=0.3864
  batch 210/264  loss=0.3432
  batch 220/264  loss=0.3719
  batch 230/264  loss=0.4852
  batch 240/264  loss=0.3482
  batch 250/264  loss=0.3654
  batch 260/264  loss=0.4533
Epoch 193/300  train=3.942e-01  rmse=3.2945  lr=1.0e-04  230s
  -> best  monitor=3.942e-01
  batch 10/264  loss=0.3253
  batch 20/264  loss=0.3292
  batch 30/264  loss=0.3527
  batch 40/264  loss=0.3876
  batch 50/264  loss=0.4980
  batch 60/264  loss=0.3675
  batch 70/264  loss=0.4786
  batch 80/264  loss=0.3892
  batch 90/264  loss=0.3773
  batch 100/264  loss=0.4644
  batch 110/264  loss=0.3193
  batch 120/264  loss=0.5134
  batch 130/264  loss=0.4341
  batch 140/264  loss=0.6295
  batch 150/264  loss=0.5779
  batch 160/264  loss=0.3728
  batch 170/264  loss=0.4203
  batch 180/264  loss=0.3340
  batch 190/264  loss=0.3176
  batch 200/264  loss=0.3613
  batch 210/264  loss=0.4027
  batch 220/264  loss=0.4203
  batch 230/264  loss=0.3471
  batch 240/264  loss=0.3770
  batch 250/264  loss=0.3643
  batch 260/264  loss=0.3348
Epoch 194/300  train=3.976e-01  rmse=2.2313  lr=1.0e-04  231s
  batch 10/264  loss=0.4134
  batch 20/264  loss=0.5939
  batch 30/264  loss=0.2974
  batch 40/264  loss=0.3728
  batch 50/264  loss=0.3404
  batch 60/264  loss=0.3561
  batch 70/264  loss=0.3535
  batch 80/264  loss=0.3644
  batch 90/264  loss=0.4569
  batch 100/264  loss=0.4663
  batch 110/264  loss=0.2877
  batch 120/264  loss=0.2826
  batch 130/264  loss=0.3637
  batch 140/264  loss=0.6531
  batch 150/264  loss=0.3205
  batch 160/264  loss=0.3543
  batch 170/264  loss=0.4488
  batch 180/264  loss=0.4713
  batch 190/264  loss=0.3983
  batch 200/264  loss=0.3348
  batch 210/264  loss=0.3017
  batch 220/264  loss=0.4133
  batch 230/264  loss=0.3936
  batch 240/264  loss=0.4260
  batch 250/264  loss=0.2655
  batch 260/264  loss=0.3100
Epoch 195/300  train=3.932e-01  rmse=3.0032  lr=1.0e-04  229s
  -> best  monitor=3.932e-01
  batch 10/264  loss=0.4171
  batch 20/264  loss=0.2835
  batch 30/264  loss=0.4209
  batch 40/264  loss=0.3082
  batch 50/264  loss=0.3936
  batch 60/264  loss=0.3531
  batch 70/264  loss=0.4078
  batch 80/264  loss=0.3513
  batch 90/264  loss=0.4082
  batch 100/264  loss=0.3452
  batch 110/264  loss=0.3834
  batch 120/264  loss=0.2799
  batch 130/264  loss=0.3196
  batch 140/264  loss=0.3650
  batch 150/264  loss=0.3822
  batch 160/264  loss=0.5770
  batch 170/264  loss=0.6425
  batch 180/264  loss=0.3769
  batch 190/264  loss=0.3019
  batch 200/264  loss=0.3394
  batch 210/264  loss=0.5226
  batch 220/264  loss=0.4182
  batch 230/264  loss=0.3834
  batch 240/264  loss=0.3820
  batch 250/264  loss=0.5334
  batch 260/264  loss=0.3737
Epoch 196/300  train=3.968e-01  rmse=2.1504  lr=1.0e-04  230s
  batch 10/264  loss=0.3051
  batch 20/264  loss=0.2941
  batch 30/264  loss=0.3272
  batch 40/264  loss=0.3893
  batch 50/264  loss=0.3343
  batch 60/264  loss=0.3892
  batch 70/264  loss=0.3386
  batch 80/264  loss=0.5040
  batch 90/264  loss=0.5032
  batch 100/264  loss=0.3972
  batch 110/264  loss=0.3193
  batch 120/264  loss=0.3197
  batch 130/264  loss=0.7485
  batch 140/264  loss=0.5083
  batch 150/264  loss=0.5865
  batch 160/264  loss=0.3463
  batch 170/264  loss=0.4679
  batch 180/264  loss=0.3269
  batch 190/264  loss=0.2819
  batch 200/264  loss=0.3898
  batch 210/264  loss=0.3724
  batch 220/264  loss=0.3541
  batch 230/264  loss=0.5040
  batch 240/264  loss=0.4055
  batch 250/264  loss=0.3382
  batch 260/264  loss=0.4040
Epoch 197/300  train=3.971e-01  rmse=2.5966  lr=1.0e-04  230s
  batch 10/264  loss=0.3688
  batch 20/264  loss=0.3233
  batch 30/264  loss=0.3759
  batch 40/264  loss=0.3495
  batch 50/264  loss=0.4155
  batch 60/264  loss=0.3458
  batch 70/264  loss=0.3669
  batch 80/264  loss=0.4840
  batch 90/264  loss=0.3031
  batch 100/264  loss=0.2968
  batch 110/264  loss=0.3801
  batch 120/264  loss=0.2973
  batch 130/264  loss=0.3788
  batch 140/264  loss=0.3458
  batch 150/264  loss=0.3779
  batch 160/264  loss=0.3183
  batch 170/264  loss=0.4096
  batch 180/264  loss=0.5091
  batch 190/264  loss=0.3623
  batch 200/264  loss=0.4243
  batch 210/264  loss=0.4166
  batch 220/264  loss=0.4689
  batch 230/264  loss=0.3828
  batch 240/264  loss=0.3880
  batch 250/264  loss=0.3333
  batch 260/264  loss=0.3229
Epoch 198/300  train=3.921e-01  rmse=1.9105  lr=1.0e-04  230s
  -> best  monitor=3.921e-01
  batch 10/264  loss=0.2827
  batch 20/264  loss=0.4307
  batch 30/264  loss=0.4564
  batch 40/264  loss=0.3660
  batch 50/264  loss=0.4792
  batch 60/264  loss=0.2949
  batch 70/264  loss=0.3178
  batch 80/264  loss=0.3217
  batch 90/264  loss=0.4028
  batch 100/264  loss=0.3397
  batch 110/264  loss=0.3900
  batch 120/264  loss=0.3592
  batch 130/264  loss=0.3861
  batch 140/264  loss=0.4587
  batch 150/264  loss=0.3666
  batch 160/264  loss=0.5417
  batch 170/264  loss=0.3263
  batch 180/264  loss=0.2937
  batch 190/264  loss=0.5486
  batch 200/264  loss=0.3531
  batch 210/264  loss=0.3347
  batch 220/264  loss=0.3825
  batch 230/264  loss=0.2770
  batch 240/264  loss=0.3699
  batch 250/264  loss=0.3748
  batch 260/264  loss=0.4824
Epoch 199/300  train=3.949e-01  rmse=2.3659  lr=1.0e-04  230s
  batch 10/264  loss=0.4547
  batch 20/264  loss=0.4877
  batch 30/264  loss=0.4014
  batch 40/264  loss=0.5092
  batch 50/264  loss=0.3693
  batch 60/264  loss=0.6036
  batch 70/264  loss=0.4405
  batch 80/264  loss=0.3323
  batch 90/264  loss=0.3962
  batch 100/264  loss=0.3308
  batch 110/264  loss=0.3288
  batch 120/264  loss=0.6202
  batch 130/264  loss=0.4537
  batch 140/264  loss=0.3380
  batch 150/264  loss=0.3643
  batch 160/264  loss=0.3761
  batch 170/264  loss=0.5106
  batch 180/264  loss=0.3236
  batch 190/264  loss=0.3178
  batch 200/264  loss=0.6424
  batch 210/264  loss=0.4884
  batch 220/264  loss=0.5234
  batch 230/264  loss=0.4092
  batch 240/264  loss=0.3210
  batch 250/264  loss=0.3612
  batch 260/264  loss=0.3090
Epoch 200/300  train=3.954e-01  rmse=3.6054  lr=1.0e-04  229s
  batch 10/264  loss=0.3309
  batch 20/264  loss=0.3570
  batch 30/264  loss=0.3382
  batch 40/264  loss=0.3854
  batch 50/264  loss=0.4208
  batch 60/264  loss=0.3239
  batch 70/264  loss=0.3870
  batch 80/264  loss=0.4026
  batch 90/264  loss=0.4458
  batch 100/264  loss=0.3939
  batch 110/264  loss=0.3001
  batch 120/264  loss=0.3900
  batch 130/264  loss=0.3510
  batch 140/264  loss=0.3958
  batch 150/264  loss=0.3342
  batch 160/264  loss=0.3776
  batch 170/264  loss=0.5702
  batch 180/264  loss=0.4933
  batch 190/264  loss=0.3558
  batch 200/264  loss=0.5940
  batch 210/264  loss=0.3425
  batch 220/264  loss=0.4733
  batch 230/264  loss=0.3320
  batch 240/264  loss=0.3681
  batch 250/264  loss=0.3385
  batch 260/264  loss=0.3187
Epoch 201/300  train=3.939e-01  rmse=2.1281  lr=1.0e-04  230s
  batch 10/264  loss=0.3103
  batch 20/264  loss=0.4782
  batch 30/264  loss=0.4298
  batch 40/264  loss=0.3331
  batch 50/264  loss=0.4134
  batch 60/264  loss=0.3480
  batch 70/264  loss=0.4362
  batch 80/264  loss=0.6855
  batch 90/264  loss=0.2950
  batch 100/264  loss=0.4838
  batch 110/264  loss=0.2761
  batch 120/264  loss=0.3500
  batch 130/264  loss=0.2617
  batch 140/264  loss=0.5089
  batch 150/264  loss=0.4617
  batch 160/264  loss=0.3466
  batch 170/264  loss=0.4714
  batch 180/264  loss=0.4162
  batch 190/264  loss=0.2916
  batch 200/264  loss=0.3062
  batch 210/264  loss=0.3339
  batch 220/264  loss=0.3905
  batch 230/264  loss=0.4219
  batch 240/264  loss=0.3424
  batch 250/264  loss=0.4850
  batch 260/264  loss=0.4590
Epoch 202/300  train=3.936e-01  rmse=5.1920  lr=1.0e-04  229s
  batch 10/264  loss=0.4680
  batch 20/264  loss=0.4876
  batch 30/264  loss=0.3878
  batch 40/264  loss=0.3386
  batch 50/264  loss=0.4116
  batch 60/264  loss=0.4074
  batch 70/264  loss=0.3911
  batch 80/264  loss=0.5778
  batch 90/264  loss=0.3025
  batch 100/264  loss=0.3219
  batch 110/264  loss=0.2933
  batch 120/264  loss=0.4717
  batch 130/264  loss=0.3884
  batch 140/264  loss=0.3283
  batch 150/264  loss=0.3533
  batch 160/264  loss=0.3597
  batch 170/264  loss=0.2897
  batch 180/264  loss=0.3889
  batch 190/264  loss=0.5561
  batch 200/264  loss=0.2723
  batch 210/264  loss=0.3068
  batch 220/264  loss=0.4169
  batch 230/264  loss=0.4757
  batch 240/264  loss=0.3169
  batch 250/264  loss=0.4667
  batch 260/264  loss=0.3038
Epoch 203/300  train=3.935e-01  rmse=2.1449  lr=1.0e-04  231s
  batch 10/264  loss=0.3303
  batch 20/264  loss=0.3696
  batch 30/264  loss=0.3601
  batch 40/264  loss=0.3154
  batch 50/264  loss=0.4488
  batch 60/264  loss=0.2973
  batch 70/264  loss=0.3727
  batch 80/264  loss=0.3783
  batch 90/264  loss=0.3300
  batch 100/264  loss=0.5117
  batch 110/264  loss=0.3196
  batch 120/264  loss=0.4306
  batch 130/264  loss=0.4913
  batch 140/264  loss=0.4725
  batch 150/264  loss=0.4688
  batch 160/264  loss=0.4481
  batch 170/264  loss=0.3572
  batch 180/264  loss=0.3145
  batch 190/264  loss=0.4682
  batch 200/264  loss=0.3146
  batch 210/264  loss=0.3381
  batch 220/264  loss=0.4993
  batch 230/264  loss=0.3024
  batch 240/264  loss=0.3266
  batch 250/264  loss=0.3393
  batch 260/264  loss=0.3304
Epoch 204/300  train=3.966e-01  rmse=2.6438  lr=1.0e-04  230s
  batch 10/264  loss=0.3511
  batch 20/264  loss=0.3638
  batch 30/264  loss=0.3483
  batch 40/264  loss=0.4556
  batch 50/264  loss=0.4817
  batch 60/264  loss=0.3271
  batch 70/264  loss=0.5322
  batch 80/264  loss=0.3833
  batch 90/264  loss=0.3794
  batch 100/264  loss=0.4025
  batch 110/264  loss=0.3629
  batch 120/264  loss=0.3423
  batch 130/264  loss=0.3930
  batch 140/264  loss=0.3809
  batch 150/264  loss=0.4346
  batch 160/264  loss=0.3093
  batch 170/264  loss=0.3438
  batch 180/264  loss=0.5893
  batch 190/264  loss=0.3537
  batch 200/264  loss=0.3546
  batch 210/264  loss=0.4281
  batch 220/264  loss=0.3687
  batch 230/264  loss=0.5262
  batch 240/264  loss=0.2783
  batch 250/264  loss=0.3662
  batch 260/264  loss=0.5330
Epoch 205/300  train=3.903e-01  rmse=3.2777  lr=1.0e-04  230s
  -> best  monitor=3.903e-01
  batch 10/264  loss=0.3536
  batch 20/264  loss=0.3565
  batch 30/264  loss=0.3935
  batch 40/264  loss=0.3666
  batch 50/264  loss=0.2580
  batch 60/264  loss=0.4125
  batch 70/264  loss=0.3035
  batch 80/264  loss=0.3349
  batch 90/264  loss=0.3875
  batch 100/264  loss=0.3010
  batch 110/264  loss=0.4609
  batch 120/264  loss=0.4598
  batch 130/264  loss=0.4982
  batch 140/264  loss=0.5441
  batch 150/264  loss=0.3795
  batch 160/264  loss=0.3658
  batch 170/264  loss=0.5650
  batch 180/264  loss=0.3293
  batch 190/264  loss=0.3227
  batch 200/264  loss=0.3773
  batch 210/264  loss=0.3122
  batch 220/264  loss=0.3334
  batch 230/264  loss=0.3296
  batch 240/264  loss=0.4119
  batch 250/264  loss=0.3933
  batch 260/264  loss=0.4117
Epoch 206/300  train=3.922e-01  rmse=3.2714  lr=1.0e-04  229s
  batch 10/264  loss=0.3372
  batch 20/264  loss=0.3529
  batch 30/264  loss=0.4023
  batch 40/264  loss=0.3124
  batch 50/264  loss=0.3234
  batch 60/264  loss=0.4521
  batch 70/264  loss=0.6278
  batch 80/264  loss=0.3043
  batch 90/264  loss=0.3974
  batch 100/264  loss=0.6109
  batch 110/264  loss=0.5518
  batch 120/264  loss=0.3080
  batch 130/264  loss=0.3161
  batch 140/264  loss=0.3412
  batch 150/264  loss=0.3710
  batch 160/264  loss=0.3181
  batch 170/264  loss=0.5364
  batch 180/264  loss=0.3392
  batch 190/264  loss=0.3805
  batch 200/264  loss=0.3274
  batch 210/264  loss=0.3513
  batch 220/264  loss=0.3512
  batch 230/264  loss=0.4616
  batch 240/264  loss=0.4601
  batch 250/264  loss=0.3736
  batch 260/264  loss=0.3364
Epoch 207/300  train=3.949e-01  rmse=2.4675  lr=1.0e-04  229s
  batch 10/264  loss=0.3282
  batch 20/264  loss=0.3337
  batch 30/264  loss=0.4250
  batch 40/264  loss=0.4913
  batch 50/264  loss=0.3261
  batch 60/264  loss=0.3224
  batch 70/264  loss=0.4319
  batch 80/264  loss=0.3118
  batch 90/264  loss=0.4694
  batch 100/264  loss=0.4901
  batch 110/264  loss=0.3658
  batch 120/264  loss=0.3438
  batch 130/264  loss=0.2809
  batch 140/264  loss=0.3639
  batch 150/264  loss=0.4286
  batch 160/264  loss=0.5227
  batch 170/264  loss=0.4152
  batch 180/264  loss=0.6597
  batch 190/264  loss=0.2924
  batch 200/264  loss=0.4655
  batch 210/264  loss=0.2786
  batch 220/264  loss=0.3351
  batch 230/264  loss=0.3347
  batch 240/264  loss=0.4231
  batch 250/264  loss=0.4095
  batch 260/264  loss=0.3306
Epoch 208/300  train=3.895e-01  rmse=2.3675  lr=1.0e-04  229s
  -> best  monitor=3.895e-01
  batch 10/264  loss=0.3749
  batch 20/264  loss=0.5248
  batch 30/264  loss=0.3050
  batch 40/264  loss=0.5208
  batch 50/264  loss=0.3438
  batch 60/264  loss=0.3553
  batch 70/264  loss=0.3163
  batch 80/264  loss=0.4035
  batch 90/264  loss=0.2934
  batch 100/264  loss=0.3505
  batch 110/264  loss=0.2906
  batch 120/264  loss=0.3391
  batch 130/264  loss=0.3599
  batch 140/264  loss=0.3472
  batch 150/264  loss=0.4066
  batch 160/264  loss=0.2872
  batch 170/264  loss=0.3596
  batch 180/264  loss=0.3920
  batch 190/264  loss=0.4858
  batch 200/264  loss=0.3218
  batch 210/264  loss=0.4461
  batch 220/264  loss=0.3902
  batch 230/264  loss=0.3518
  batch 240/264  loss=0.4835
  batch 250/264  loss=0.3792
  batch 260/264  loss=0.3599
Epoch 209/300  train=3.881e-01  rmse=1.8022  lr=1.0e-04  229s
  -> best  monitor=3.881e-01
  batch 10/264  loss=0.4016
  batch 20/264  loss=0.4741
  batch 30/264  loss=0.3331
  batch 40/264  loss=0.3576
  batch 50/264  loss=0.3354
  batch 60/264  loss=0.3765
  batch 70/264  loss=0.4051
  batch 80/264  loss=0.3471
  batch 90/264  loss=0.4387
  batch 100/264  loss=0.3611
  batch 110/264  loss=0.3661
  batch 120/264  loss=0.3783
  batch 130/264  loss=0.4126
  batch 140/264  loss=0.4012
  batch 150/264  loss=0.3752
  batch 160/264  loss=0.5074
  batch 170/264  loss=0.3867
  batch 180/264  loss=0.4244
  batch 190/264  loss=0.4643
  batch 200/264  loss=0.5087
  batch 210/264  loss=0.5112
  batch 220/264  loss=0.3514
  batch 230/264  loss=0.3184
  batch 240/264  loss=0.3442
  batch 250/264  loss=0.3047
  batch 260/264  loss=0.2931
Epoch 210/300  train=3.940e-01  rmse=2.7092  lr=1.0e-04  230s
  batch 10/264  loss=0.2926
  batch 20/264  loss=0.5003
  batch 30/264  loss=0.3813
  batch 40/264  loss=0.3470
  batch 50/264  loss=0.4531
  batch 60/264  loss=0.4903
  batch 70/264  loss=0.3098
  batch 80/264  loss=0.4552
  batch 90/264  loss=0.4829
  batch 100/264  loss=0.5767
  batch 110/264  loss=0.3990
  batch 120/264  loss=0.3457
  batch 130/264  loss=0.3117
  batch 140/264  loss=0.3805
  batch 150/264  loss=0.3829
  batch 160/264  loss=0.5345
  batch 170/264  loss=0.3626
  batch 180/264  loss=0.3985
  batch 190/264  loss=0.3836
  batch 200/264  loss=0.3443
  batch 210/264  loss=0.2954
  batch 220/264  loss=0.3695
  batch 230/264  loss=0.3536
  batch 240/264  loss=0.5013
  batch 250/264  loss=0.3612
  batch 260/264  loss=0.4372
Epoch 211/300  train=3.901e-01  rmse=2.0361  lr=1.0e-04  230s
  batch 10/264  loss=0.6679
  batch 20/264  loss=0.4118
  batch 30/264  loss=0.3018
  batch 40/264  loss=0.3782
  batch 50/264  loss=0.3780
  batch 60/264  loss=0.3084
  batch 70/264  loss=0.2825
  batch 80/264  loss=0.3511
  batch 90/264  loss=0.3136
  batch 100/264  loss=0.5668
  batch 110/264  loss=0.3296
  batch 120/264  loss=0.4126
  batch 130/264  loss=0.3116
  batch 140/264  loss=0.3234
  batch 150/264  loss=0.3141
  batch 160/264  loss=0.4482
  batch 170/264  loss=0.4943
  batch 180/264  loss=0.2851
  batch 190/264  loss=0.3978
  batch 200/264  loss=0.3162
  batch 210/264  loss=0.5111
  batch 220/264  loss=0.3825
  batch 230/264  loss=0.3585
  batch 240/264  loss=0.3074
  batch 250/264  loss=0.4346
  batch 260/264  loss=0.4967
Epoch 212/300  train=3.887e-01  rmse=1.8114  lr=1.0e-04  229s
  batch 10/264  loss=0.4043
  batch 20/264  loss=0.3269
  batch 30/264  loss=0.2759
  batch 40/264  loss=0.3193
  batch 50/264  loss=0.3737
  batch 60/264  loss=0.3406
  batch 70/264  loss=0.3281
  batch 80/264  loss=0.3790
  batch 90/264  loss=0.3975
  batch 100/264  loss=0.3618
  batch 110/264  loss=0.4163
  batch 120/264  loss=0.3044
  batch 130/264  loss=0.3597
  batch 140/264  loss=0.3889
  batch 150/264  loss=0.3084
  batch 160/264  loss=0.3146
  batch 170/264  loss=0.3185
  batch 180/264  loss=0.3552
  batch 190/264  loss=0.3885
  batch 200/264  loss=0.3190
  batch 210/264  loss=0.3665
  batch 220/264  loss=0.3131
  batch 230/264  loss=0.3183
  batch 240/264  loss=0.4157
  batch 250/264  loss=0.5481
  batch 260/264  loss=0.3113
Epoch 213/300  train=3.837e-01  rmse=2.6730  lr=1.0e-04  230s
  -> best  monitor=3.837e-01
  batch 10/264  loss=0.3805
  batch 20/264  loss=0.3302
  batch 30/264  loss=0.2614
  batch 40/264  loss=0.3774
  batch 50/264  loss=0.3514
  batch 60/264  loss=0.3886
  batch 70/264  loss=0.5232
  batch 80/264  loss=0.5965
  batch 90/264  loss=0.3985
  batch 100/264  loss=0.3014
  batch 110/264  loss=0.4212
  batch 120/264  loss=0.3385
  batch 130/264  loss=0.4167
  batch 140/264  loss=0.3306
  batch 150/264  loss=0.5674
  batch 160/264  loss=0.3361
  batch 170/264  loss=0.4602
  batch 180/264  loss=0.4020
  batch 190/264  loss=0.4229
  batch 200/264  loss=0.3561
  batch 210/264  loss=0.3165
  batch 220/264  loss=0.3877
  batch 230/264  loss=0.2959
  batch 240/264  loss=0.3114
  batch 250/264  loss=0.4887
  batch 260/264  loss=0.3097
Epoch 214/300  train=3.894e-01  rmse=5.3398  lr=1.0e-04  229s
  batch 10/264  loss=0.3018
  batch 20/264  loss=0.3813
  batch 30/264  loss=0.4172
  batch 40/264  loss=0.3761
  batch 50/264  loss=0.4764
  batch 60/264  loss=0.3977
  batch 70/264  loss=0.3787
  batch 80/264  loss=0.3648
  batch 90/264  loss=0.4473
  batch 100/264  loss=0.5498
  batch 110/264  loss=0.3293
  batch 120/264  loss=0.3188
  batch 130/264  loss=0.3963
  batch 140/264  loss=0.3101
  batch 150/264  loss=0.3148
  batch 160/264  loss=0.4122
  batch 170/264  loss=0.4118
  batch 180/264  loss=0.4649
  batch 190/264  loss=0.2937
  batch 200/264  loss=0.4500
  batch 210/264  loss=0.3384
  batch 220/264  loss=0.3097
  batch 230/264  loss=0.2865
  batch 240/264  loss=0.3437
  batch 250/264  loss=0.3620
  batch 260/264  loss=0.2693
Epoch 215/300  train=3.891e-01  rmse=2.7991  lr=1.0e-04  229s
  batch 10/264  loss=0.3679
  batch 20/264  loss=0.5248
  batch 30/264  loss=0.3911
  batch 40/264  loss=0.3452
  batch 50/264  loss=0.3556
  batch 60/264  loss=0.3727
  batch 70/264  loss=0.3544
  batch 80/264  loss=0.4717
  batch 90/264  loss=0.3418
  batch 100/264  loss=0.3647
  batch 110/264  loss=0.3499
  batch 120/264  loss=0.3608
  batch 130/264  loss=0.5003
  batch 140/264  loss=0.3104
  batch 150/264  loss=0.3502
  batch 160/264  loss=0.4788
  batch 170/264  loss=0.3901
  batch 180/264  loss=0.4235
  batch 190/264  loss=0.3872
  batch 200/264  loss=0.3683
  batch 210/264  loss=0.4033
  batch 220/264  loss=0.4837
  batch 230/264  loss=0.3061
  batch 240/264  loss=0.5157
  batch 250/264  loss=0.3467
  batch 260/264  loss=0.5084
Epoch 216/300  train=3.873e-01  rmse=5.2751  lr=1.0e-04  229s
  batch 10/264  loss=0.3448
  batch 20/264  loss=0.4779
  batch 30/264  loss=0.3171
  batch 40/264  loss=0.4061
  batch 50/264  loss=0.4338
  batch 60/264  loss=0.3895
  batch 70/264  loss=0.3931
  batch 80/264  loss=0.3285
  batch 90/264  loss=0.3534
  batch 100/264  loss=0.4278
  batch 110/264  loss=0.3336
  batch 120/264  loss=0.3514
  batch 130/264  loss=0.4381
  batch 140/264  loss=0.4151
  batch 150/264  loss=0.2692
  batch 160/264  loss=0.2971
  batch 170/264  loss=0.2970
  batch 180/264  loss=0.5198
  batch 190/264  loss=0.2998
  batch 200/264  loss=0.4172
  batch 210/264  loss=0.5281
  batch 220/264  loss=0.3160
  batch 230/264  loss=0.2788
  batch 240/264  loss=0.3554
  batch 250/264  loss=0.3686
  batch 260/264  loss=0.3689
Epoch 217/300  train=3.871e-01  rmse=2.5219  lr=1.0e-04  231s
  batch 10/264  loss=0.4432
  batch 20/264  loss=0.3455
  batch 30/264  loss=0.3254
  batch 40/264  loss=0.4729
  batch 50/264  loss=0.2983
  batch 60/264  loss=0.3075
  batch 70/264  loss=0.5943
  batch 80/264  loss=0.4376
  batch 90/264  loss=0.3356
  batch 100/264  loss=0.3116
  batch 110/264  loss=0.3959
  batch 120/264  loss=0.3917
  batch 130/264  loss=0.3741
  batch 140/264  loss=0.3607
  batch 150/264  loss=0.3537
  batch 160/264  loss=0.3788
  batch 170/264  loss=0.2927
  batch 180/264  loss=0.4603
  batch 190/264  loss=0.3329
  batch 200/264  loss=0.3719
  batch 210/264  loss=0.5334
  batch 220/264  loss=0.2871
  batch 230/264  loss=0.2828
  batch 240/264  loss=0.3427
  batch 250/264  loss=0.2960
  batch 260/264  loss=0.4994
Epoch 218/300  train=3.898e-01  rmse=2.0470  lr=1.0e-04  230s
  batch 10/264  loss=0.3416
  batch 20/264  loss=0.3994
  batch 30/264  loss=0.4320
  batch 40/264  loss=0.6846
  batch 50/264  loss=0.3298
  batch 60/264  loss=0.3600
  batch 70/264  loss=0.6167
  batch 80/264  loss=0.3691
  batch 90/264  loss=0.5138
  batch 100/264  loss=0.3926
  batch 110/264  loss=0.3666
  batch 120/264  loss=0.3160
  batch 130/264  loss=0.3748
  batch 140/264  loss=0.3030
  batch 150/264  loss=0.2995
  batch 160/264  loss=0.3708
  batch 170/264  loss=0.4568
  batch 180/264  loss=0.3726
  batch 190/264  loss=0.2815
  batch 200/264  loss=0.4080
  batch 210/264  loss=0.3290
  batch 220/264  loss=0.4395
  batch 230/264  loss=0.3703
  batch 240/264  loss=0.3473
  batch 250/264  loss=0.3156
  batch 260/264  loss=0.6549
Epoch 219/300  train=3.868e-01  rmse=2.6093  lr=1.0e-04  231s
  batch 10/264  loss=0.3591
  batch 20/264  loss=0.7224
  batch 30/264  loss=0.3416
  batch 40/264  loss=0.4765
  batch 50/264  loss=0.4044
  batch 60/264  loss=0.3851
  batch 70/264  loss=0.3281
  batch 80/264  loss=0.2896
  batch 90/264  loss=0.3088
  batch 100/264  loss=0.3810
  batch 110/264  loss=0.3486
  batch 120/264  loss=0.3561
  batch 130/264  loss=0.4656
  batch 140/264  loss=0.2805
  batch 150/264  loss=0.2883
  batch 160/264  loss=0.4774
  batch 170/264  loss=0.4020
  batch 180/264  loss=0.2869
  batch 190/264  loss=0.3438
  batch 200/264  loss=0.3740
  batch 210/264  loss=0.3223
  batch 220/264  loss=0.3964
  batch 230/264  loss=0.3007
  batch 240/264  loss=0.4151
  batch 250/264  loss=0.3471
  batch 260/264  loss=0.5405
Epoch 220/300  train=3.864e-01  rmse=1.8880  lr=1.0e-04  231s
  batch 10/264  loss=0.4385
  batch 20/264  loss=0.2926
  batch 30/264  loss=0.4403
  batch 40/264  loss=0.4116
  batch 50/264  loss=0.5037
  batch 60/264  loss=0.3725
  batch 70/264  loss=0.3976
  batch 80/264  loss=0.4222
  batch 90/264  loss=0.3123
  batch 100/264  loss=0.3356
  batch 110/264  loss=0.3271
  batch 120/264  loss=0.4099
  batch 130/264  loss=0.3648
  batch 140/264  loss=0.4119
  batch 150/264  loss=0.4272
  batch 160/264  loss=0.4377
  batch 170/264  loss=0.3998
  batch 180/264  loss=0.3150
  batch 190/264  loss=0.3415
  batch 200/264  loss=0.3114
  batch 210/264  loss=0.3471
  batch 220/264  loss=0.2617
  batch 230/264  loss=0.3801
  batch 240/264  loss=0.4074
  batch 250/264  loss=0.4120
  batch 260/264  loss=0.3136
Epoch 221/300  train=3.864e-01  rmse=5.2075  lr=1.0e-04  229s
  batch 10/264  loss=0.4310
  batch 20/264  loss=0.3022
  batch 30/264  loss=0.2796
  batch 40/264  loss=0.3627
  batch 50/264  loss=0.5784
  batch 60/264  loss=0.3774
  batch 70/264  loss=0.3378
  batch 80/264  loss=0.3228
  batch 90/264  loss=0.3742
  batch 100/264  loss=0.4379
  batch 110/264  loss=0.3810
  batch 120/264  loss=0.2996
  batch 130/264  loss=0.3284
  batch 140/264  loss=0.3088
  batch 150/264  loss=0.4226
  batch 160/264  loss=0.3059
  batch 170/264  loss=0.3217
  batch 180/264  loss=0.3353
  batch 190/264  loss=0.3560
  batch 200/264  loss=0.2824
  batch 210/264  loss=0.3791
  batch 220/264  loss=0.6333
  batch 230/264  loss=0.4240
  batch 240/264  loss=0.3137
  batch 250/264  loss=0.5512
  batch 260/264  loss=0.3923
Epoch 222/300  train=3.897e-01  rmse=1.9519  lr=1.0e-04  231s
  batch 10/264  loss=0.4243
  batch 20/264  loss=0.2791
  batch 30/264  loss=0.3305
  batch 40/264  loss=0.3391
  batch 50/264  loss=0.4604
  batch 60/264  loss=0.3452
  batch 70/264  loss=0.3942
  batch 80/264  loss=0.3148
  batch 90/264  loss=0.2855
  batch 100/264  loss=0.3521
  batch 110/264  loss=0.3527
  batch 120/264  loss=0.4300
  batch 130/264  loss=0.3489
  batch 140/264  loss=0.4409
  batch 150/264  loss=0.4234
  batch 160/264  loss=0.3715
  batch 170/264  loss=0.2997
  batch 180/264  loss=0.4347
  batch 190/264  loss=0.3697
  batch 200/264  loss=0.3998
  batch 210/264  loss=0.3233
  batch 220/264  loss=0.3213
  batch 230/264  loss=0.3624
  batch 240/264  loss=0.3931
  batch 250/264  loss=0.5465
  batch 260/264  loss=0.5755
Epoch 223/300  train=3.834e-01  rmse=2.0606  lr=1.0e-04  230s
  -> best  monitor=3.834e-01
  batch 10/264  loss=0.3826
  batch 20/264  loss=0.4153
  batch 30/264  loss=0.3995
  batch 40/264  loss=0.3532
  batch 50/264  loss=0.3968
  batch 60/264  loss=0.3191
  batch 70/264  loss=0.2623
  batch 80/264  loss=0.6956
  batch 90/264  loss=0.3207
  batch 100/264  loss=0.3609
  batch 110/264  loss=0.5216
  batch 120/264  loss=0.3556
  batch 130/264  loss=0.3199
  batch 140/264  loss=0.3715
  batch 150/264  loss=0.5322
  batch 160/264  loss=0.3535
  batch 170/264  loss=0.3309
  batch 180/264  loss=0.4182
  batch 190/264  loss=0.4938
  batch 200/264  loss=0.5108
  batch 210/264  loss=0.4936
  batch 220/264  loss=0.3957
  batch 230/264  loss=0.3846
  batch 240/264  loss=0.3832
  batch 250/264  loss=0.3370
  batch 260/264  loss=0.3756
Epoch 224/300  train=3.850e-01  rmse=3.3785  lr=1.0e-04  231s
  batch 10/264  loss=0.2846
  batch 20/264  loss=0.3266
  batch 30/264  loss=0.5967
  batch 40/264  loss=0.2926
  batch 50/264  loss=0.3908
  batch 60/264  loss=0.3384
  batch 70/264  loss=0.2925
  batch 80/264  loss=0.3684
  batch 90/264  loss=0.3175
  batch 100/264  loss=0.2875
  batch 110/264  loss=0.9820
  batch 120/264  loss=0.3299
  batch 130/264  loss=0.3461
  batch 140/264  loss=0.3110
  batch 150/264  loss=0.5154
  batch 160/264  loss=0.3165
  batch 170/264  loss=0.4680
  batch 180/264  loss=0.3482
  batch 190/264  loss=0.3402
  batch 200/264  loss=0.3471
  batch 210/264  loss=0.3815
  batch 220/264  loss=0.3313
  batch 230/264  loss=0.3583
  batch 240/264  loss=0.5585
  batch 250/264  loss=0.3138
  batch 260/264  loss=0.6793
Epoch 225/300  train=3.836e-01  rmse=3.3360  lr=1.0e-04  230s
  batch 10/264  loss=0.2715
  batch 20/264  loss=0.3893
  batch 30/264  loss=0.4520
  batch 40/264  loss=0.3549
  batch 50/264  loss=0.3791
  batch 60/264  loss=0.4060
  batch 70/264  loss=0.3738
  batch 80/264  loss=0.4275
  batch 90/264  loss=0.3377
  batch 100/264  loss=0.3242
  batch 110/264  loss=0.4067
  batch 120/264  loss=0.3830
  batch 130/264  loss=0.5707
  batch 140/264  loss=0.4898
  batch 150/264  loss=0.3301
  batch 160/264  loss=0.5504
  batch 170/264  loss=0.4458
  batch 180/264  loss=0.4009
  batch 190/264  loss=0.3530
  batch 200/264  loss=0.3442
  batch 210/264  loss=0.4573
  batch 220/264  loss=0.3316
  batch 230/264  loss=0.4992
  batch 240/264  loss=0.2742
  batch 250/264  loss=0.4126
  batch 260/264  loss=0.3218
Epoch 226/300  train=3.866e-01  rmse=1.9709  lr=1.0e-04  230s
  batch 10/264  loss=0.3523
  batch 20/264  loss=0.5574
  batch 30/264  loss=0.4758
  batch 40/264  loss=0.3857
  batch 50/264  loss=0.3589
  batch 60/264  loss=0.3175
  batch 70/264  loss=0.4033
  batch 80/264  loss=0.3414
  batch 90/264  loss=0.3363
  batch 100/264  loss=0.3279
  batch 110/264  loss=0.4307
  batch 120/264  loss=0.3568
  batch 130/264  loss=0.3136
  batch 140/264  loss=0.6272
  batch 150/264  loss=0.4716
  batch 160/264  loss=0.2680
  batch 170/264  loss=0.3481
  batch 180/264  loss=0.4152
  batch 190/264  loss=0.3095
  batch 200/264  loss=0.3218
  batch 210/264  loss=0.3465
  batch 220/264  loss=0.3490
  batch 230/264  loss=0.2974
  batch 240/264  loss=0.3289
  batch 250/264  loss=0.3103
  batch 260/264  loss=0.4906
Epoch 227/300  train=3.821e-01  rmse=2.7851  lr=1.0e-04  230s
  -> best  monitor=3.821e-01
  batch 10/264  loss=0.3057
  batch 20/264  loss=0.4042
  batch 30/264  loss=0.5098
  batch 40/264  loss=0.3591
  batch 50/264  loss=0.3004
  batch 60/264  loss=0.5843
  batch 70/264  loss=0.3489
  batch 80/264  loss=0.3833
  batch 90/264  loss=0.4152
  batch 100/264  loss=0.3334
  batch 110/264  loss=0.3865
  batch 120/264  loss=0.3102
  batch 130/264  loss=0.3583
  batch 140/264  loss=0.4253
  batch 150/264  loss=0.3099
  batch 160/264  loss=0.4813
  batch 170/264  loss=0.4205
  batch 180/264  loss=0.3155
  batch 190/264  loss=0.4263
  batch 200/264  loss=0.4702
  batch 210/264  loss=0.3347
  batch 220/264  loss=0.5300
  batch 230/264  loss=0.3112
  batch 240/264  loss=0.3386
  batch 250/264  loss=0.2471
  batch 260/264  loss=0.7099
Epoch 228/300  train=3.849e-01  rmse=2.6075  lr=1.0e-04  230s
  batch 10/264  loss=0.3591
  batch 20/264  loss=0.4163
  batch 30/264  loss=0.3212
  batch 40/264  loss=0.3520
  batch 50/264  loss=0.3130
  batch 60/264  loss=0.4044
  batch 70/264  loss=0.4304
  batch 80/264  loss=0.3609
  batch 90/264  loss=0.3879
  batch 100/264  loss=0.2952
  batch 110/264  loss=0.4290
  batch 120/264  loss=0.2944
  batch 130/264  loss=0.3825
  batch 140/264  loss=0.4041
  batch 150/264  loss=0.3509
  batch 160/264  loss=0.3302
  batch 170/264  loss=0.6942
  batch 180/264  loss=0.3969
  batch 190/264  loss=0.3442
  batch 200/264  loss=0.4243
  batch 210/264  loss=0.4411
  batch 220/264  loss=0.4374
  batch 230/264  loss=0.3533
  batch 240/264  loss=0.4528
  batch 250/264  loss=0.3588
  batch 260/264  loss=0.4499
Epoch 229/300  train=3.880e-01  rmse=3.6746  lr=1.0e-04  229s
  batch 10/264  loss=0.3226
  batch 20/264  loss=0.3669
  batch 30/264  loss=0.3715
  batch 40/264  loss=0.3537
  batch 50/264  loss=0.2578
  batch 60/264  loss=0.3217
  batch 70/264  loss=0.5514
  batch 80/264  loss=0.2863
  batch 90/264  loss=0.3968
  batch 100/264  loss=0.3340
  batch 110/264  loss=0.3924
  batch 120/264  loss=0.3148
  batch 130/264  loss=0.3242
  batch 140/264  loss=0.3769
  batch 150/264  loss=0.4465
  batch 160/264  loss=0.5055
  batch 170/264  loss=0.4550
  batch 180/264  loss=0.3321
  batch 190/264  loss=0.3950
  batch 200/264  loss=0.3859
  batch 210/264  loss=0.4339
  batch 220/264  loss=0.4564
  batch 230/264  loss=0.3327
  batch 240/264  loss=0.5273
  batch 250/264  loss=0.3154
  batch 260/264  loss=0.3656
Epoch 230/300  train=3.849e-01  rmse=1.8616  lr=1.0e-04  229s
  batch 10/264  loss=0.3055
  batch 20/264  loss=0.4027
  batch 30/264  loss=0.4299
  batch 40/264  loss=0.3341
  batch 50/264  loss=0.4244
  batch 60/264  loss=0.3320
  batch 70/264  loss=0.4077
  batch 80/264  loss=0.3079
  batch 90/264  loss=0.3684
  batch 100/264  loss=0.3454
  batch 110/264  loss=0.6636
  batch 120/264  loss=0.3131
  batch 130/264  loss=0.3500
  batch 140/264  loss=0.2719
  batch 150/264  loss=0.3159
  batch 160/264  loss=0.7275
  batch 170/264  loss=0.4073
  batch 180/264  loss=0.3683
  batch 190/264  loss=0.3657
  batch 200/264  loss=0.3859
  batch 210/264  loss=0.2951
  batch 220/264  loss=0.3563
  batch 230/264  loss=0.6592
  batch 240/264  loss=0.3535
  batch 250/264  loss=0.3232
  batch 260/264  loss=0.2885
Epoch 231/300  train=3.812e-01  rmse=3.1563  lr=1.0e-04  230s
  -> best  monitor=3.812e-01
  batch 10/264  loss=0.3365
  batch 20/264  loss=0.3471
  batch 30/264  loss=0.3807
  batch 40/264  loss=0.3138
  batch 50/264  loss=0.2826
  batch 60/264  loss=0.4183
  batch 70/264  loss=0.3665
  batch 80/264  loss=0.4445
  batch 90/264  loss=0.2948
  batch 100/264  loss=0.4685
  batch 110/264  loss=0.3059
  batch 120/264  loss=0.4044
  batch 130/264  loss=0.4672
  batch 140/264  loss=0.3093
  batch 150/264  loss=0.3269
  batch 160/264  loss=0.3318
  batch 170/264  loss=0.3432
  batch 180/264  loss=0.6404
  batch 190/264  loss=0.5682
  batch 200/264  loss=0.4258
  batch 210/264  loss=0.3378
  batch 220/264  loss=0.3096
  batch 230/264  loss=0.5049
  batch 240/264  loss=0.3845
  batch 250/264  loss=0.4547
  batch 260/264  loss=0.4088
Epoch 232/300  train=3.855e-01  rmse=17.1198  lr=1.0e-04  228s
  batch 10/264  loss=0.2741
  batch 20/264  loss=0.3321
  batch 30/264  loss=0.3280
  batch 40/264  loss=0.4934
  batch 50/264  loss=0.3961
  batch 60/264  loss=0.3175
  batch 70/264  loss=0.4050
  batch 80/264  loss=0.2638
  batch 90/264  loss=0.2892
  batch 100/264  loss=0.2957
  batch 110/264  loss=0.2632
  batch 120/264  loss=0.4012
  batch 130/264  loss=0.7379
  batch 140/264  loss=0.3308
  batch 150/264  loss=0.3468
  batch 160/264  loss=0.4631
  batch 170/264  loss=0.5417
  batch 180/264  loss=0.3601
  batch 190/264  loss=0.4909
  batch 200/264  loss=0.4990
  batch 210/264  loss=0.3303
  batch 220/264  loss=0.3313
  batch 230/264  loss=0.3810
  batch 240/264  loss=0.4206
  batch 250/264  loss=0.5915
  batch 260/264  loss=0.5583
Epoch 233/300  train=3.830e-01  rmse=2.3262  lr=1.0e-04  230s
  batch 10/264  loss=0.3379
  batch 20/264  loss=0.2830
  batch 30/264  loss=0.3521
  batch 40/264  loss=0.3073
  batch 50/264  loss=0.3348
  batch 60/264  loss=0.4517
  batch 70/264  loss=0.4205
  batch 80/264  loss=0.3810
  batch 90/264  loss=0.4059
  batch 100/264  loss=0.2988
  batch 110/264  loss=0.4373
  batch 120/264  loss=0.3368
  batch 130/264  loss=0.3678
  batch 140/264  loss=0.3425
  batch 150/264  loss=0.3453
  batch 160/264  loss=0.5184
  batch 170/264  loss=0.3537
  batch 180/264  loss=0.5219
  batch 190/264  loss=0.4106
  batch 200/264  loss=0.3882
  batch 210/264  loss=0.3460
  batch 220/264  loss=0.3711
  batch 230/264  loss=0.2931
  batch 240/264  loss=0.3862
  batch 250/264  loss=0.2461
  batch 260/264  loss=0.3299
Epoch 234/300  train=3.856e-01  rmse=4.3416  lr=1.0e-04  229s
  batch 10/264  loss=0.3193
  batch 20/264  loss=0.3641
  batch 30/264  loss=0.3687
  batch 40/264  loss=0.4127
  batch 50/264  loss=0.3111
  batch 60/264  loss=0.3120
  batch 70/264  loss=0.4989
  batch 80/264  loss=0.2882
  batch 90/264  loss=0.5516
  batch 100/264  loss=0.3718
  batch 110/264  loss=0.3016
  batch 120/264  loss=0.4744
  batch 130/264  loss=0.3573
  batch 140/264  loss=0.4435
  batch 150/264  loss=0.3456
  batch 160/264  loss=0.3624
  batch 170/264  loss=0.4762
  batch 180/264  loss=0.3355
  batch 190/264  loss=0.3621
  batch 200/264  loss=0.2847
  batch 210/264  loss=0.5147
  batch 220/264  loss=0.3702
  batch 230/264  loss=0.2853
  batch 240/264  loss=0.5078
  batch 250/264  loss=0.3341
  batch 260/264  loss=0.2875
Epoch 235/300  train=3.853e-01  rmse=3.9287  lr=1.0e-04  230s
  batch 10/264  loss=0.3118
  batch 20/264  loss=0.3033
  batch 30/264  loss=0.4455
  batch 40/264  loss=0.3229
  batch 50/264  loss=0.4567
  batch 60/264  loss=0.3075
  batch 70/264  loss=0.3178
  batch 80/264  loss=0.4656
  batch 90/264  loss=0.3251
  batch 100/264  loss=0.3299
  batch 110/264  loss=0.4269
  batch 120/264  loss=0.4686
  batch 130/264  loss=0.4547
  batch 140/264  loss=0.3054
  batch 150/264  loss=0.4421
  batch 160/264  loss=0.3531
  batch 170/264  loss=0.3301
  batch 180/264  loss=0.3037
  batch 190/264  loss=0.6210
  batch 200/264  loss=0.4729
  batch 210/264  loss=0.4257
  batch 220/264  loss=0.3061
  batch 230/264  loss=0.3272
  batch 240/264  loss=0.4763
  batch 250/264  loss=0.4350
  batch 260/264  loss=0.3340
Epoch 236/300  train=3.805e-01  rmse=2.1920  lr=1.0e-04  229s
  -> best  monitor=3.805e-01
  batch 10/264  loss=0.5932
  batch 20/264  loss=0.4458
  batch 30/264  loss=0.3353
  batch 40/264  loss=0.4177
  batch 50/264  loss=0.3586
  batch 60/264  loss=0.3029
  batch 70/264  loss=0.6761
  batch 80/264  loss=0.3789
  batch 90/264  loss=0.4590
  batch 100/264  loss=0.3627
  batch 110/264  loss=0.3040
  batch 120/264  loss=0.2910
  batch 130/264  loss=0.3811
  batch 140/264  loss=0.3563
  batch 150/264  loss=0.4273
  batch 160/264  loss=0.3479
  batch 170/264  loss=0.4687
  batch 180/264  loss=0.3862
  batch 190/264  loss=0.3835
  batch 200/264  loss=0.3600
  batch 210/264  loss=0.3365
  batch 220/264  loss=0.3286
  batch 230/264  loss=0.3739
  batch 240/264  loss=0.3715
  batch 250/264  loss=0.2745
  batch 260/264  loss=0.3059
Epoch 237/300  train=3.792e-01  rmse=2.5789  lr=1.0e-04  229s
  -> best  monitor=3.792e-01
  batch 10/264  loss=0.3716
  batch 20/264  loss=0.3031
  batch 30/264  loss=0.3642
  batch 40/264  loss=0.4601
  batch 50/264  loss=0.3226
  batch 60/264  loss=0.3500
  batch 70/264  loss=0.3654
  batch 80/264  loss=0.4844
  batch 90/264  loss=0.3104
  batch 100/264  loss=0.4433
  batch 110/264  loss=0.4625
  batch 120/264  loss=0.3824
  batch 130/264  loss=0.3355
  batch 140/264  loss=0.4033
  batch 150/264  loss=0.3586
  batch 160/264  loss=0.4042
  batch 170/264  loss=0.3721
  batch 180/264  loss=0.2962
  batch 190/264  loss=0.3328
  batch 200/264  loss=0.3300
  batch 210/264  loss=0.3636
  batch 220/264  loss=0.3059
  batch 230/264  loss=0.3768
  batch 240/264  loss=0.3228
  batch 250/264  loss=0.3072
  batch 260/264  loss=0.3191
Epoch 238/300  train=3.821e-01  rmse=3.4772  lr=1.0e-04  229s
  batch 10/264  loss=0.3432
  batch 20/264  loss=0.3750
  batch 30/264  loss=0.4127
  batch 40/264  loss=0.3235
  batch 50/264  loss=0.3531
  batch 60/264  loss=0.4194
  batch 70/264  loss=0.3376
  batch 80/264  loss=0.3014
  batch 90/264  loss=0.3246
  batch 100/264  loss=0.3432
  batch 110/264  loss=0.4253
  batch 120/264  loss=0.3097
  batch 130/264  loss=0.5058
  batch 140/264  loss=0.5140
  batch 150/264  loss=0.3790
  batch 160/264  loss=0.3290
  batch 170/264  loss=0.3048
  batch 180/264  loss=0.3090
  batch 190/264  loss=0.4033
  batch 200/264  loss=0.3457
  batch 210/264  loss=0.5091
  batch 220/264  loss=0.2914
  batch 230/264  loss=0.4961
  batch 240/264  loss=0.3197
  batch 250/264  loss=0.7188
  batch 260/264  loss=0.4757
Epoch 239/300  train=3.857e-01  rmse=3.2421  lr=1.0e-04  230s
  batch 10/264  loss=0.3582
  batch 20/264  loss=0.3846
  batch 30/264  loss=0.4355
  batch 40/264  loss=0.4545
  batch 50/264  loss=0.3010
  batch 60/264  loss=0.3664
  batch 70/264  loss=0.3730
  batch 80/264  loss=0.5115
  batch 90/264  loss=0.2983
  batch 100/264  loss=0.3716
  batch 110/264  loss=0.3586
  batch 120/264  loss=0.3581
  batch 130/264  loss=0.3794
  batch 140/264  loss=0.3678
  batch 150/264  loss=0.3418
  batch 160/264  loss=0.4398
  batch 170/264  loss=0.4233
  batch 180/264  loss=0.3273
  batch 190/264  loss=0.3695
  batch 200/264  loss=0.4394
  batch 210/264  loss=0.3689
  batch 220/264  loss=0.3304
  batch 230/264  loss=0.3057
  batch 240/264  loss=0.4290
  batch 250/264  loss=0.3031
  batch 260/264  loss=0.5601
Epoch 240/300  train=3.788e-01  rmse=1.9563  lr=1.0e-04  229s
  -> best  monitor=3.788e-01
  batch 10/264  loss=0.4157
  batch 20/264  loss=0.3479
  batch 30/264  loss=0.3737
  batch 40/264  loss=0.3660
  batch 50/264  loss=0.3560
  batch 60/264  loss=0.3821
  batch 70/264  loss=0.3717
  batch 80/264  loss=0.3114
  batch 90/264  loss=0.3677
  batch 100/264  loss=0.3133
  batch 110/264  loss=0.3247
  batch 120/264  loss=0.4565
  batch 130/264  loss=0.4521
  batch 140/264  loss=0.3447
  batch 150/264  loss=0.4865
  batch 160/264  loss=0.3219
  batch 170/264  loss=0.3277
  batch 180/264  loss=0.5182
  batch 190/264  loss=0.3009
  batch 200/264  loss=0.3454
  batch 210/264  loss=0.3143
  batch 220/264  loss=0.5111
  batch 230/264  loss=0.4366
  batch 240/264  loss=0.3135
  batch 250/264  loss=0.3990
  batch 260/264  loss=0.4179
Epoch 241/300  train=3.805e-01  rmse=3.7494  lr=1.0e-04  229s
  batch 10/264  loss=0.2782
  batch 20/264  loss=0.2850
  batch 30/264  loss=0.3823
  batch 40/264  loss=0.4898
  batch 50/264  loss=0.3030
  batch 60/264  loss=0.3132
  batch 70/264  loss=0.4168
  batch 80/264  loss=0.4415
  batch 90/264  loss=0.3627
  batch 100/264  loss=0.3141
  batch 110/264  loss=0.3283
  batch 120/264  loss=0.3250
  batch 130/264  loss=0.3489
  batch 140/264  loss=0.2909
  batch 150/264  loss=0.4934
  batch 160/264  loss=0.3838
  batch 170/264  loss=0.4939
  batch 180/264  loss=0.3616
  batch 190/264  loss=0.3865
  batch 200/264  loss=0.2834
  batch 210/264  loss=0.3340
  batch 220/264  loss=0.3107
  batch 230/264  loss=0.5381
  batch 240/264  loss=0.3539
  batch 250/264  loss=0.3599
  batch 260/264  loss=0.2944
Epoch 242/300  train=3.826e-01  rmse=2.4177  lr=1.0e-04  229s
  batch 10/264  loss=0.3141
  batch 20/264  loss=0.3815
  batch 30/264  loss=0.3069
  batch 40/264  loss=0.2918
  batch 50/264  loss=0.3669
  batch 60/264  loss=0.3182
  batch 70/264  loss=0.3536
  batch 80/264  loss=0.5570
  batch 90/264  loss=0.3732
  batch 100/264  loss=0.7761
  batch 110/264  loss=0.6346
  batch 120/264  loss=0.4799
  batch 130/264  loss=0.3977
  batch 140/264  loss=0.2862
  batch 150/264  loss=0.3372
  batch 160/264  loss=0.4293
  batch 170/264  loss=0.3122
  batch 180/264  loss=0.4645
  batch 190/264  loss=0.4332
  batch 200/264  loss=0.3328
  batch 210/264  loss=0.3074
  batch 220/264  loss=0.3607
  batch 230/264  loss=0.3879
  batch 240/264  loss=0.4325
  batch 250/264  loss=0.5670
  batch 260/264  loss=0.3428
Epoch 243/300  train=3.843e-01  rmse=2.5884  lr=1.0e-04  229s
  batch 10/264  loss=0.3944
  batch 20/264  loss=0.4254
  batch 30/264  loss=0.4965
  batch 40/264  loss=0.3340
  batch 50/264  loss=0.3941
  batch 60/264  loss=0.6774
  batch 70/264  loss=0.4408
  batch 80/264  loss=0.3293
  batch 90/264  loss=0.2977
  batch 100/264  loss=0.3703
  batch 110/264  loss=0.3085
  batch 120/264  loss=0.2917
  batch 130/264  loss=0.3961
  batch 140/264  loss=0.3038
  batch 150/264  loss=0.3865
  batch 160/264  loss=0.5426
  batch 170/264  loss=0.4272
  batch 180/264  loss=0.3233
  batch 190/264  loss=0.4486
  batch 200/264  loss=0.3922
  batch 210/264  loss=0.3009
  batch 220/264  loss=0.2912
  batch 230/264  loss=0.3873
  batch 240/264  loss=0.3384
  batch 250/264  loss=0.3341
  batch 260/264  loss=0.5175
Epoch 244/300  train=3.765e-01  rmse=1.8865  lr=1.0e-04  230s
  -> best  monitor=3.765e-01
  batch 10/264  loss=0.2972
  batch 20/264  loss=0.3516
  batch 30/264  loss=0.3094
  batch 40/264  loss=0.4579
  batch 50/264  loss=0.3178
  batch 60/264  loss=0.3303
  batch 70/264  loss=0.3322
  batch 80/264  loss=0.4000
  batch 90/264  loss=0.4501
  batch 100/264  loss=0.5799
  batch 110/264  loss=0.4713
  batch 120/264  loss=0.6826
  batch 130/264  loss=0.3217
  batch 140/264  loss=0.2825
  batch 150/264  loss=0.3696
  batch 160/264  loss=0.3083
  batch 170/264  loss=0.4385
  batch 180/264  loss=0.3637
  batch 190/264  loss=0.3935
  batch 200/264  loss=0.2948
  batch 210/264  loss=0.3368
  batch 220/264  loss=0.3585
  batch 230/264  loss=0.3569
  batch 240/264  loss=0.3244
  batch 250/264  loss=0.6730
  batch 260/264  loss=0.3048
Epoch 245/300  train=3.812e-01  rmse=2.0496  lr=1.0e-04  230s
  batch 10/264  loss=0.3440
  batch 20/264  loss=0.3462
  batch 30/264  loss=0.3482
  batch 40/264  loss=0.3140
  batch 50/264  loss=0.4395
  batch 60/264  loss=0.3126
  batch 70/264  loss=0.2931
  batch 80/264  loss=0.3743
  batch 90/264  loss=0.4942
  batch 100/264  loss=0.3196
  batch 110/264  loss=0.3478
  batch 120/264  loss=0.3462
  batch 130/264  loss=0.3363
  batch 140/264  loss=0.3340
  batch 150/264  loss=0.3323
  batch 160/264  loss=0.2822
  batch 170/264  loss=0.3434
  batch 180/264  loss=0.5231
  batch 190/264  loss=0.2546
  batch 200/264  loss=0.4990
  batch 210/264  loss=0.3972
  batch 220/264  loss=0.3309
  batch 230/264  loss=0.3517
  batch 240/264  loss=0.3479
  batch 250/264  loss=0.5874
  batch 260/264  loss=0.5863
Epoch 246/300  train=3.774e-01  rmse=2.8131  lr=1.0e-04  231s
  batch 10/264  loss=0.3496
  batch 20/264  loss=0.3298
  batch 30/264  loss=0.3318
  batch 40/264  loss=0.3245
  batch 50/264  loss=0.3289
  batch 60/264  loss=0.4189
  batch 70/264  loss=0.3049
  batch 80/264  loss=0.3767
  batch 90/264  loss=0.4057
  batch 100/264  loss=0.3203
  batch 110/264  loss=0.2851
  batch 120/264  loss=0.3055
  batch 130/264  loss=0.3463
  batch 140/264  loss=0.3142
  batch 150/264  loss=0.5792
  batch 160/264  loss=0.4135
  batch 170/264  loss=0.3228
  batch 180/264  loss=0.4349
  batch 190/264  loss=0.4323
  batch 200/264  loss=0.3875
  batch 210/264  loss=0.3055
  batch 220/264  loss=0.4090
  batch 230/264  loss=0.3553
  batch 240/264  loss=0.2832
  batch 250/264  loss=0.3011
  batch 260/264  loss=0.4277
Epoch 247/300  train=3.843e-01  rmse=3.0390  lr=1.0e-04  230s
  batch 10/264  loss=0.3550
  batch 20/264  loss=0.4995
  batch 30/264  loss=0.3118
  batch 40/264  loss=0.3822
  batch 50/264  loss=0.2870
  batch 60/264  loss=0.3458
  batch 70/264  loss=0.3836
  batch 80/264  loss=0.3791
  batch 90/264  loss=0.3510
  batch 100/264  loss=0.3580
  batch 110/264  loss=0.3852
  batch 120/264  loss=0.3413
  batch 130/264  loss=0.4000
  batch 140/264  loss=0.3008
  batch 150/264  loss=0.3612
  batch 160/264  loss=0.3161
  batch 170/264  loss=0.3985
  batch 180/264  loss=0.3633
  batch 190/264  loss=0.3361
  batch 200/264  loss=0.3602
  batch 210/264  loss=0.3779
  batch 220/264  loss=0.3739
  batch 230/264  loss=0.3011
  batch 240/264  loss=0.3602
  batch 250/264  loss=0.4439
  batch 260/264  loss=0.5621
Epoch 248/300  train=3.821e-01  rmse=2.5536  lr=1.0e-04  230s
  batch 10/264  loss=0.3065
  batch 20/264  loss=0.5114
  batch 30/264  loss=0.3093
  batch 40/264  loss=0.3332
  batch 50/264  loss=0.3533
  batch 60/264  loss=0.3179
  batch 70/264  loss=0.3464
  batch 80/264  loss=0.3965
  batch 90/264  loss=0.4476
  batch 100/264  loss=0.3400
  batch 110/264  loss=0.6259
  batch 120/264  loss=0.4886
  batch 130/264  loss=0.4062
  batch 140/264  loss=0.3946
  batch 150/264  loss=0.3247
  batch 160/264  loss=0.3099
  batch 170/264  loss=0.3335
  batch 180/264  loss=0.8857
  batch 190/264  loss=0.2945
  batch 200/264  loss=0.8640
  batch 210/264  loss=0.3421
  batch 220/264  loss=0.3233
  batch 230/264  loss=0.4287
  batch 240/264  loss=0.4239
  batch 250/264  loss=0.3841
  batch 260/264  loss=0.3622
Epoch 249/300  train=3.843e-01  rmse=2.0965  lr=1.0e-04  230s
  batch 10/264  loss=0.4142
  batch 20/264  loss=0.6820
  batch 30/264  loss=0.3031
  batch 40/264  loss=0.3891
  batch 50/264  loss=0.4296
  batch 60/264  loss=0.3941
  batch 70/264  loss=0.3976
  batch 80/264  loss=0.4105
  batch 90/264  loss=0.3922
  batch 100/264  loss=0.3958
  batch 110/264  loss=0.3457
  batch 120/264  loss=0.5000
  batch 130/264  loss=0.3115
  batch 140/264  loss=0.4662
  batch 150/264  loss=0.2950
  batch 160/264  loss=0.4776
  batch 170/264  loss=0.2879
  batch 180/264  loss=0.3609
  batch 190/264  loss=0.5086
  batch 200/264  loss=0.3672
  batch 210/264  loss=0.4317
  batch 220/264  loss=0.5466
  batch 230/264  loss=0.5123
  batch 240/264  loss=0.4693
  batch 250/264  loss=0.3702
  batch 260/264  loss=0.2859
Epoch 250/300  train=3.779e-01  rmse=4.5717  lr=1.0e-04  230s
  batch 10/264  loss=0.2827
  batch 20/264  loss=0.3436
  batch 30/264  loss=0.2835
  batch 40/264  loss=0.3417
  batch 50/264  loss=0.2997
  batch 60/264  loss=0.3697
  batch 70/264  loss=0.3363
  batch 80/264  loss=0.3881
  batch 90/264  loss=0.3975
  batch 100/264  loss=0.3839
  batch 110/264  loss=0.4892
  batch 120/264  loss=0.4596
  batch 130/264  loss=0.3938
  batch 140/264  loss=0.3264
  batch 150/264  loss=0.4295
  batch 160/264  loss=0.2919
  batch 170/264  loss=0.6341
  batch 180/264  loss=0.3784
  batch 190/264  loss=0.3957
  batch 200/264  loss=0.3666
  batch 210/264  loss=0.3205
  batch 220/264  loss=0.3020
  batch 230/264  loss=0.4066
  batch 240/264  loss=0.4615
  batch 250/264  loss=0.4203
  batch 260/264  loss=0.3887
Epoch 251/300  train=3.762e-01  rmse=1.9925  lr=1.0e-04  229s
  -> best  monitor=3.762e-01
  batch 10/264  loss=0.4245
  batch 20/264  loss=0.5593
  batch 30/264  loss=0.3173
  batch 40/264  loss=0.3281
  batch 50/264  loss=0.4302
  batch 60/264  loss=0.8686
  batch 70/264  loss=0.3353
  batch 80/264  loss=0.2912
  batch 90/264  loss=0.4141
  batch 100/264  loss=0.3358
  batch 110/264  loss=0.4257
  batch 120/264  loss=0.3289
  batch 130/264  loss=0.3166
  batch 140/264  loss=0.3431
  batch 150/264  loss=0.2893
  batch 160/264  loss=0.3762
  batch 170/264  loss=0.3370
  batch 180/264  loss=0.2931
  batch 190/264  loss=0.4497
  batch 200/264  loss=0.3551
  batch 210/264  loss=0.3138
  batch 220/264  loss=0.3467
  batch 230/264  loss=0.3012
  batch 240/264  loss=0.3674
  batch 250/264  loss=0.3641
  batch 260/264  loss=0.2842
Epoch 252/300  train=3.824e-01  rmse=2.0651  lr=1.0e-04  230s
  batch 10/264  loss=0.4369
  batch 20/264  loss=0.2954
  batch 30/264  loss=0.3169
  batch 40/264  loss=0.2806
  batch 50/264  loss=0.2877
  batch 60/264  loss=0.3552
  batch 70/264  loss=0.3161
  batch 80/264  loss=0.4425
  batch 90/264  loss=0.4688
  batch 100/264  loss=0.3137
  batch 110/264  loss=0.3188
  batch 120/264  loss=0.3363
  batch 130/264  loss=0.6152
  batch 140/264  loss=0.4173
  batch 150/264  loss=0.4381
  batch 160/264  loss=0.4055
  batch 170/264  loss=0.2923
  batch 180/264  loss=0.3076
  batch 190/264  loss=0.3207
  batch 200/264  loss=0.3235
  batch 210/264  loss=0.4904
  batch 220/264  loss=0.2781
  batch 230/264  loss=0.3567
  batch 240/264  loss=0.3064
  batch 250/264  loss=0.3458
  batch 260/264  loss=0.3553
Epoch 253/300  train=3.698e-01  rmse=3.0177  lr=1.0e-04  230s
  -> best  monitor=3.698e-01
  batch 10/264  loss=0.4147
  batch 20/264  loss=0.3544
  batch 30/264  loss=0.2865
  batch 40/264  loss=0.3345
  batch 50/264  loss=0.2648
  batch 60/264  loss=0.2842
  batch 70/264  loss=0.5132
  batch 80/264  loss=0.3377
  batch 90/264  loss=0.4026
  batch 100/264  loss=0.4682
  batch 110/264  loss=0.3335
  batch 120/264  loss=0.8265
  batch 130/264  loss=0.3723
  batch 140/264  loss=0.3296
  batch 150/264  loss=0.4492
  batch 160/264  loss=0.3226
  batch 170/264  loss=0.3207
  batch 180/264  loss=0.2664
  batch 190/264  loss=0.3329
  batch 200/264  loss=0.3396
  batch 210/264  loss=0.2748
  batch 220/264  loss=0.3628
  batch 230/264  loss=0.4563
  batch 240/264  loss=0.6303
  batch 250/264  loss=0.3373
  batch 260/264  loss=0.3329
Epoch 254/300  train=3.792e-01  rmse=1.7286  lr=1.0e-04  230s
  batch 10/264  loss=0.4094
  batch 20/264  loss=0.3165
  batch 30/264  loss=0.3258
  batch 40/264  loss=0.4252
  batch 50/264  loss=0.3632
  batch 60/264  loss=0.6679
  batch 70/264  loss=0.4757
  batch 80/264  loss=0.3609
  batch 90/264  loss=0.4212
  batch 100/264  loss=0.3200
  batch 110/264  loss=0.3972
  batch 120/264  loss=0.4395
  batch 130/264  loss=0.3080
  batch 140/264  loss=0.3964
  batch 150/264  loss=0.5092
  batch 160/264  loss=0.2905
  batch 170/264  loss=0.3190
  batch 180/264  loss=0.3946
  batch 190/264  loss=0.4793
  batch 200/264  loss=0.3318
  batch 210/264  loss=0.3984
  batch 220/264  loss=0.3419
  batch 230/264  loss=0.3691
  batch 240/264  loss=0.4190
  batch 250/264  loss=0.3865
  batch 260/264  loss=0.3189
Epoch 255/300  train=3.756e-01  rmse=2.8360  lr=1.0e-04  230s
  batch 10/264  loss=0.3266
  batch 20/264  loss=0.4280
  batch 30/264  loss=0.2802
  batch 40/264  loss=0.3349
  batch 50/264  loss=0.3365
  batch 60/264  loss=0.2998
  batch 70/264  loss=0.5077
  batch 80/264  loss=0.3019
  batch 90/264  loss=0.3408
  batch 100/264  loss=0.3692
  batch 110/264  loss=0.3190
  batch 120/264  loss=0.3709
  batch 130/264  loss=0.2850
  batch 140/264  loss=0.3561
  batch 150/264  loss=0.3360
  batch 160/264  loss=0.3475
  batch 170/264  loss=0.3180
  batch 180/264  loss=0.3065
  batch 190/264  loss=0.4022
  batch 200/264  loss=0.3400
  batch 210/264  loss=0.5137
  batch 220/264  loss=0.5108
  batch 230/264  loss=0.2763
  batch 240/264  loss=0.4009
  batch 250/264  loss=0.3626
  batch 260/264  loss=0.3377
Epoch 256/300  train=3.709e-01  rmse=2.2488  lr=1.0e-04  229s
  batch 10/264  loss=0.3929
  batch 20/264  loss=0.4009
  batch 30/264  loss=0.3857
  batch 40/264  loss=0.4912
  batch 50/264  loss=0.3734
  batch 60/264  loss=0.2850
  batch 70/264  loss=0.3152
  batch 80/264  loss=0.2946
  batch 90/264  loss=0.2969
  batch 100/264  loss=0.3693
  batch 110/264  loss=0.3022
  batch 120/264  loss=0.2833
  batch 130/264  loss=0.3167
  batch 140/264  loss=0.5145
  batch 150/264  loss=0.4307
  batch 160/264  loss=0.3227
  batch 170/264  loss=0.3048
  batch 180/264  loss=0.3808
  batch 190/264  loss=0.3306
  batch 200/264  loss=0.3594
  batch 210/264  loss=0.2887
  batch 220/264  loss=0.2941
  batch 230/264  loss=0.3172
  batch 240/264  loss=0.3784
  batch 250/264  loss=0.3161
  batch 260/264  loss=0.5311
Epoch 257/300  train=3.708e-01  rmse=1.9226  lr=1.0e-04  229s
  batch 10/264  loss=0.5062
  batch 20/264  loss=0.3683
  batch 30/264  loss=0.3074
  batch 40/264  loss=0.3090
  batch 50/264  loss=0.3255
  batch 60/264  loss=0.3203
  batch 70/264  loss=0.2776
  batch 80/264  loss=0.3760
  batch 90/264  loss=0.3443
  batch 100/264  loss=0.3983
  batch 110/264  loss=0.2889
  batch 120/264  loss=0.3320
  batch 130/264  loss=0.3337
  batch 140/264  loss=0.3496
  batch 150/264  loss=0.3682
  batch 160/264  loss=0.3131
  batch 170/264  loss=0.3344
  batch 180/264  loss=0.3780
  batch 190/264  loss=0.3250
  batch 200/264  loss=0.2721
  batch 210/264  loss=0.3204
  batch 220/264  loss=0.3656
  batch 230/264  loss=0.3366
  batch 240/264  loss=0.3020
  batch 250/264  loss=0.4461
  batch 260/264  loss=0.4054
Epoch 258/300  train=3.696e-01  rmse=1.8549  lr=1.0e-04  231s
  -> best  monitor=3.696e-01
  batch 10/264  loss=0.2898
  batch 20/264  loss=0.3538
  batch 30/264  loss=0.3337
  batch 40/264  loss=0.3454
  batch 50/264  loss=0.3826
  batch 60/264  loss=0.3019
  batch 70/264  loss=0.3620
  batch 80/264  loss=0.3738
  batch 90/264  loss=0.4682
  batch 100/264  loss=0.4107
  batch 110/264  loss=0.3132
  batch 120/264  loss=0.3114
  batch 130/264  loss=0.3048
  batch 140/264  loss=0.4110
  batch 150/264  loss=0.3188
  batch 160/264  loss=0.5737
  batch 170/264  loss=0.4003
  batch 180/264  loss=0.3310
  batch 190/264  loss=0.3564
  batch 200/264  loss=0.3269
  batch 210/264  loss=0.3017
  batch 220/264  loss=0.3508
  batch 230/264  loss=0.3276
  batch 240/264  loss=0.3048
  batch 250/264  loss=0.2423
  batch 260/264  loss=0.3345
Epoch 259/300  train=3.719e-01  rmse=1.9161  lr=1.0e-04  231s
  batch 10/264  loss=0.3074
  batch 20/264  loss=0.3435
  batch 30/264  loss=0.3448
  batch 40/264  loss=0.3113
  batch 50/264  loss=0.3261
  batch 60/264  loss=0.5321
  batch 70/264  loss=0.3355
  batch 80/264  loss=0.2914
  batch 90/264  loss=0.4040
  batch 100/264  loss=0.3511
  batch 110/264  loss=0.3600
  batch 120/264  loss=0.3382
  batch 130/264  loss=0.3121
  batch 140/264  loss=0.3453
  batch 150/264  loss=0.2873
  batch 160/264  loss=0.3372
  batch 170/264  loss=0.3163
  batch 180/264  loss=0.3583
  batch 190/264  loss=0.3389
  batch 200/264  loss=0.3968
  batch 210/264  loss=0.3470
  batch 220/264  loss=0.3558
  batch 230/264  loss=0.6145
  batch 240/264  loss=0.3480
  batch 250/264  loss=0.3046
  batch 260/264  loss=0.3168
Epoch 260/300  train=3.726e-01  rmse=2.0457  lr=1.0e-04  230s
  batch 10/264  loss=0.3656
  batch 20/264  loss=0.3421
  batch 30/264  loss=0.2822
  batch 40/264  loss=0.3541
  batch 50/264  loss=0.2858
  batch 60/264  loss=0.2732
  batch 70/264  loss=0.3335
  batch 80/264  loss=0.2891
  batch 90/264  loss=0.3081
  batch 100/264  loss=0.3047
  batch 110/264  loss=0.3365
  batch 120/264  loss=0.4058
  batch 130/264  loss=0.3776
  batch 140/264  loss=0.2703
  batch 150/264  loss=0.3324
  batch 160/264  loss=0.5200
  batch 170/264  loss=0.7641
  batch 180/264  loss=0.2944
  batch 190/264  loss=0.3922
  batch 200/264  loss=0.3191
  batch 210/264  loss=0.2782
  batch 220/264  loss=0.2758
  batch 230/264  loss=0.5131
  batch 240/264  loss=0.3511
  batch 250/264  loss=0.3281
  batch 260/264  loss=0.3236
Epoch 261/300  train=3.766e-01  rmse=3.3032  lr=1.0e-04  230s
  batch 10/264  loss=0.6100
  batch 20/264  loss=0.5119
  batch 30/264  loss=0.3117
  batch 40/264  loss=0.3095
  batch 50/264  loss=0.3177
  batch 60/264  loss=0.3364
  batch 70/264  loss=0.3562
  batch 80/264  loss=0.4441
  batch 90/264  loss=0.4564
  batch 100/264  loss=0.3265
  batch 110/264  loss=0.3225
  batch 120/264  loss=0.4790
  batch 130/264  loss=0.3053
  batch 140/264  loss=0.2942
  batch 150/264  loss=0.4974
  batch 160/264  loss=0.4489
  batch 170/264  loss=0.3466
  batch 180/264  loss=0.2790
  batch 190/264  loss=0.3576
  batch 200/264  loss=0.3392
  batch 210/264  loss=0.3057
  batch 220/264  loss=0.3318
  batch 230/264  loss=0.4197
  batch 240/264  loss=0.5271
  batch 250/264  loss=0.3370
  batch 260/264  loss=0.3374
Epoch 262/300  train=3.725e-01  rmse=11.8762  lr=1.0e-04  229s
  batch 10/264  loss=0.4994
  batch 20/264  loss=0.2952
  batch 30/264  loss=0.3579
  batch 40/264  loss=0.4974
  batch 50/264  loss=0.3896
  batch 60/264  loss=0.3448
  batch 70/264  loss=0.3174
  batch 80/264  loss=0.3088
  batch 90/264  loss=0.3478
  batch 100/264  loss=0.3288
  batch 110/264  loss=0.3226
  batch 120/264  loss=0.4472
  batch 130/264  loss=0.3904
  batch 140/264  loss=0.3795
  batch 150/264  loss=0.4060
  batch 160/264  loss=0.4982
  batch 170/264  loss=0.3743
  batch 180/264  loss=0.3971
  batch 190/264  loss=0.3354
  batch 200/264  loss=0.2923
  batch 210/264  loss=0.4006
  batch 220/264  loss=0.3966
  batch 230/264  loss=0.3466
  batch 240/264  loss=0.3891
  batch 250/264  loss=0.3335
  batch 260/264  loss=0.2908
Epoch 263/300  train=3.770e-01  rmse=4.2238  lr=1.0e-04  230s
  batch 10/264  loss=0.3336
  batch 20/264  loss=0.2999
  batch 30/264  loss=0.3619
  batch 40/264  loss=0.3423
  batch 50/264  loss=0.2859
  batch 60/264  loss=0.3640
  batch 70/264  loss=0.4388
  batch 80/264  loss=0.4055
  batch 90/264  loss=0.3913
  batch 100/264  loss=0.4640
  batch 110/264  loss=0.3239
  batch 120/264  loss=0.4939
  batch 130/264  loss=0.5651
  batch 140/264  loss=0.2911
  batch 150/264  loss=0.3374
  batch 160/264  loss=0.3197
  batch 170/264  loss=0.4228
  batch 180/264  loss=0.4108
  batch 190/264  loss=0.5305
  batch 200/264  loss=0.2773
  batch 210/264  loss=0.3916
  batch 220/264  loss=0.5195
  batch 230/264  loss=0.6461
  batch 240/264  loss=0.3483
  batch 250/264  loss=0.3005
  batch 260/264  loss=0.3272
Epoch 264/300  train=3.748e-01  rmse=1.9819  lr=1.0e-04  230s
  batch 10/264  loss=0.3605
  batch 20/264  loss=0.3748
  batch 30/264  loss=0.4780
  batch 40/264  loss=0.2926
  batch 50/264  loss=0.3763
  batch 60/264  loss=0.3015
  batch 70/264  loss=0.4191
  batch 80/264  loss=0.2996
  batch 90/264  loss=0.3231
  batch 100/264  loss=0.3090
  batch 110/264  loss=0.3564
  batch 120/264  loss=0.4340
  batch 130/264  loss=0.2913
  batch 140/264  loss=0.4505
  batch 150/264  loss=0.3766
  batch 160/264  loss=0.3411
  batch 170/264  loss=0.3403
  batch 180/264  loss=0.4067
  batch 190/264  loss=0.3198
  batch 200/264  loss=0.3073
  batch 210/264  loss=0.2585
  batch 220/264  loss=0.5163
  batch 230/264  loss=0.3466
  batch 240/264  loss=0.2919
  batch 250/264  loss=0.3671
  batch 260/264  loss=0.2929
Epoch 265/300  train=3.720e-01  rmse=2.5011  lr=1.0e-04  229s
  batch 10/264  loss=0.4541
  batch 20/264  loss=0.3957
  batch 30/264  loss=0.4437
  batch 40/264  loss=0.3243
  batch 50/264  loss=0.3364
  batch 60/264  loss=0.2760
  batch 70/264  loss=0.3350
  batch 80/264  loss=0.4625
  batch 90/264  loss=0.3520
  batch 100/264  loss=0.3248
  batch 110/264  loss=0.2947
  batch 120/264  loss=0.2894
  batch 130/264  loss=0.2884
  batch 140/264  loss=0.4767
  batch 150/264  loss=0.3157
  batch 160/264  loss=0.5336
  batch 170/264  loss=0.3834
  batch 180/264  loss=0.4009
  batch 190/264  loss=0.3148
  batch 200/264  loss=0.3021
  batch 210/264  loss=0.2718
  batch 220/264  loss=0.3657
  batch 230/264  loss=0.3090
  batch 240/264  loss=0.2813
  batch 250/264  loss=0.5007
  batch 260/264  loss=0.3549
Epoch 266/300  train=3.762e-01  rmse=2.9220  lr=1.0e-04  230s
  batch 10/264  loss=0.3462
  batch 20/264  loss=0.3197
  batch 30/264  loss=0.5034
  batch 40/264  loss=0.2985
  batch 50/264  loss=0.6423
  batch 60/264  loss=0.3933
  batch 70/264  loss=0.4429
  batch 80/264  loss=0.3904
  batch 90/264  loss=0.3103
  batch 100/264  loss=0.3710
  batch 110/264  loss=0.3328
  batch 120/264  loss=0.3446
  batch 130/264  loss=0.3504
  batch 140/264  loss=0.3551
  batch 150/264  loss=0.4501
  batch 160/264  loss=0.3178
  batch 170/264  loss=0.4003
  batch 180/264  loss=0.3341
  batch 190/264  loss=0.4927
  batch 200/264  loss=0.3010
  batch 210/264  loss=0.3182
  batch 220/264  loss=0.3316
  batch 230/264  loss=0.3919
  batch 240/264  loss=0.3687
  batch 250/264  loss=0.5683
  batch 260/264  loss=0.3340
Epoch 267/300  train=3.724e-01  rmse=2.8959  lr=1.0e-04  230s
  batch 10/264  loss=0.3559
  batch 20/264  loss=0.4770
  batch 30/264  loss=0.4792
  batch 40/264  loss=0.4811
  batch 50/264  loss=0.4182
  batch 60/264  loss=0.3772
  batch 70/264  loss=0.2934
  batch 80/264  loss=0.4480
  batch 90/264  loss=0.5002
  batch 100/264  loss=0.2599
  batch 110/264  loss=0.3127
  batch 120/264  loss=0.3968
  batch 130/264  loss=0.3400
  batch 140/264  loss=0.3601
  batch 150/264  loss=0.3548
  batch 160/264  loss=0.3821
  batch 170/264  loss=0.2963
  batch 180/264  loss=0.2449
  batch 190/264  loss=0.4052
  batch 200/264  loss=0.3864
  batch 210/264  loss=0.4092
  batch 220/264  loss=0.3001
  batch 230/264  loss=0.3351
  batch 240/264  loss=0.4527
  batch 250/264  loss=0.5285
  batch 260/264  loss=0.3819
Epoch 268/300  train=3.761e-01  rmse=2.5140  lr=1.0e-04  229s
  batch 10/264  loss=0.3734
  batch 20/264  loss=0.3132
  batch 30/264  loss=0.4603
  batch 40/264  loss=0.4653
  batch 50/264  loss=0.3175
  batch 60/264  loss=0.4141
  batch 70/264  loss=0.2806
  batch 80/264  loss=0.2827
  batch 90/264  loss=0.4762
  batch 100/264  loss=0.3353
  batch 110/264  loss=0.5539
  batch 120/264  loss=0.5197
  batch 130/264  loss=0.2868
  batch 140/264  loss=0.3080
  batch 150/264  loss=0.4130
  batch 160/264  loss=0.3503
  batch 170/264  loss=0.3105
  batch 180/264  loss=0.3156
  batch 190/264  loss=0.5426
  batch 200/264  loss=0.2998
  batch 210/264  loss=0.3193
  batch 220/264  loss=0.3417
  batch 230/264  loss=0.3108
  batch 240/264  loss=0.3768
  batch 250/264  loss=0.4076
  batch 260/264  loss=0.3273
Epoch 269/300  train=3.727e-01  rmse=2.6370  lr=5.0e-05  229s
  batch 10/264  loss=0.3586
  batch 20/264  loss=0.2933
  batch 30/264  loss=0.3414
  batch 40/264  loss=0.2744
  batch 50/264  loss=0.2850
  batch 60/264  loss=0.3320
  batch 70/264  loss=0.3131
  batch 80/264  loss=0.3418
  batch 90/264  loss=0.4519
  batch 100/264  loss=0.2970
  batch 110/264  loss=0.4549
  batch 120/264  loss=0.3496
  batch 130/264  loss=0.3550
  batch 140/264  loss=0.2861
  batch 150/264  loss=0.4165
  batch 160/264  loss=0.3300
  batch 170/264  loss=0.3166
  batch 180/264  loss=0.4300
  batch 190/264  loss=0.3665
  batch 200/264  loss=0.3144
  batch 210/264  loss=0.4014
  batch 220/264  loss=0.3271
  batch 230/264  loss=0.3052
  batch 240/264  loss=0.4947
  batch 250/264  loss=0.2857
  batch 260/264  loss=0.3094
Epoch 270/300  train=3.595e-01  rmse=1.6772  lr=5.0e-05  229s
  -> best  monitor=3.595e-01
  batch 10/264  loss=0.3781
  batch 20/264  loss=0.2607
  batch 30/264  loss=0.3587
  batch 40/264  loss=0.2981
  batch 50/264  loss=0.2893
  batch 60/264  loss=0.4583
  batch 70/264  loss=0.3008
  batch 80/264  loss=0.3738
  batch 90/264  loss=0.2821
  batch 100/264  loss=0.3645
  batch 110/264  loss=0.2730
  batch 120/264  loss=0.4861
  batch 130/264  loss=0.3063
  batch 140/264  loss=0.2682
  batch 150/264  loss=0.3853
  batch 160/264  loss=0.3817
  batch 170/264  loss=0.3919
  batch 180/264  loss=0.4938
  batch 190/264  loss=0.5867
  batch 200/264  loss=0.3242
  batch 210/264  loss=0.3162
  batch 220/264  loss=0.3623
  batch 230/264  loss=0.4651
  batch 240/264  loss=0.2769
  batch 250/264  loss=0.4548
  batch 260/264  loss=0.3302
Epoch 271/300  train=3.629e-01  rmse=1.9892  lr=5.0e-05  228s
  batch 10/264  loss=0.2897
  batch 20/264  loss=0.4585
  batch 30/264  loss=0.3319
  batch 40/264  loss=0.3582
  batch 50/264  loss=0.5711
  batch 60/264  loss=0.2912
  batch 70/264  loss=0.2937
  batch 80/264  loss=0.4774
  batch 90/264  loss=0.3536
  batch 100/264  loss=0.2725
  batch 110/264  loss=0.3262
  batch 120/264  loss=0.3000
  batch 130/264  loss=0.4034
  batch 140/264  loss=0.3671
  batch 150/264  loss=0.5158
  batch 160/264  loss=0.3044
  batch 170/264  loss=0.3727
  batch 180/264  loss=0.4545
  batch 190/264  loss=0.3936
  batch 200/264  loss=0.3672
  batch 210/264  loss=0.3528
  batch 220/264  loss=0.4155
  batch 230/264  loss=0.2989
  batch 240/264  loss=0.5228
  batch 250/264  loss=0.3394
  batch 260/264  loss=0.3057
Epoch 272/300  train=3.604e-01  rmse=2.1475  lr=5.0e-05  229s
  batch 10/264  loss=0.3142
  batch 20/264  loss=0.3008
  batch 30/264  loss=0.2821
  batch 40/264  loss=0.3879
  batch 50/264  loss=0.2973
  batch 60/264  loss=0.7226
  batch 70/264  loss=0.4696
  batch 80/264  loss=0.2540
  batch 90/264  loss=0.2629
  batch 100/264  loss=0.3730
  batch 110/264  loss=0.3147
  batch 120/264  loss=0.3503
  batch 130/264  loss=0.3071
  batch 140/264  loss=0.2896
  batch 150/264  loss=0.2680
  batch 160/264  loss=0.3349
  batch 170/264  loss=0.3664
  batch 180/264  loss=0.3039
  batch 190/264  loss=0.2957
  batch 200/264  loss=0.3610
  batch 210/264  loss=0.4164
  batch 220/264  loss=0.3941
  batch 230/264  loss=0.3379
  batch 240/264  loss=0.3549
  batch 250/264  loss=0.4604
  batch 260/264  loss=0.3405
Epoch 273/300  train=3.541e-01  rmse=2.0558  lr=5.0e-05  229s
  -> best  monitor=3.541e-01
  batch 10/264  loss=0.3434
  batch 20/264  loss=0.3127
  batch 30/264  loss=0.2852
  batch 40/264  loss=0.4478
  batch 50/264  loss=0.3560
  batch 60/264  loss=0.4415
  batch 70/264  loss=0.4191
  batch 80/264  loss=0.2994
  batch 90/264  loss=0.4338
  batch 100/264  loss=0.2897
  batch 110/264  loss=0.5559
  batch 120/264  loss=0.5221
  batch 130/264  loss=0.3198
  batch 140/264  loss=0.3592
  batch 150/264  loss=0.3957
  batch 160/264  loss=0.4091
  batch 170/264  loss=0.2437
  batch 180/264  loss=0.2578
  batch 190/264  loss=0.4466
  batch 200/264  loss=0.3368
  batch 210/264  loss=0.3799
  batch 220/264  loss=0.3680
  batch 230/264  loss=0.4143
  batch 240/264  loss=0.3015
  batch 250/264  loss=0.4633
  batch 260/264  loss=0.4252
Epoch 274/300  train=3.588e-01  rmse=2.4082  lr=5.0e-05  230s
  batch 10/264  loss=0.4126
  batch 20/264  loss=0.3809
  batch 30/264  loss=0.3695
  batch 40/264  loss=0.7469
  batch 50/264  loss=0.3916
  batch 60/264  loss=0.3277
  batch 70/264  loss=0.4045
  batch 80/264  loss=0.3600
  batch 90/264  loss=0.2988
  batch 100/264  loss=0.3095
  batch 110/264  loss=0.2955
  batch 120/264  loss=0.3082
  batch 130/264  loss=0.3774
  batch 140/264  loss=0.3023
  batch 150/264  loss=0.4895
  batch 160/264  loss=0.3720
  batch 170/264  loss=0.5101
  batch 180/264  loss=0.3212
  batch 190/264  loss=0.6508
  batch 200/264  loss=0.2817
  batch 210/264  loss=0.2988
  batch 220/264  loss=0.4719
  batch 230/264  loss=0.3344
  batch 240/264  loss=0.3475
  batch 250/264  loss=0.7301
  batch 260/264  loss=0.2841
Epoch 275/300  train=3.550e-01  rmse=2.7690  lr=5.0e-05  229s
  batch 10/264  loss=0.3436
  batch 20/264  loss=0.2834
  batch 30/264  loss=0.3780
  batch 40/264  loss=0.2981
  batch 50/264  loss=0.3384
  batch 60/264  loss=0.2949
  batch 70/264  loss=0.3241
  batch 80/264  loss=0.2873
  batch 90/264  loss=0.3932
  batch 100/264  loss=0.3187
  batch 110/264  loss=0.4068
  batch 120/264  loss=0.4210
  batch 130/264  loss=0.3323
  batch 140/264  loss=0.2959
  batch 150/264  loss=0.2854
  batch 160/264  loss=0.3638
  batch 170/264  loss=0.2981
  batch 180/264  loss=0.3509
  batch 190/264  loss=0.3804
  batch 200/264  loss=0.2919
  batch 210/264  loss=0.3722
  batch 220/264  loss=0.3351
  batch 230/264  loss=0.2963
  batch 240/264  loss=0.2827
  batch 250/264  loss=0.2777
  batch 260/264  loss=0.3401
Epoch 276/300  train=3.511e-01  rmse=2.8052  lr=5.0e-05  228s
  -> best  monitor=3.511e-01
  batch 10/264  loss=0.4673
  batch 20/264  loss=0.3475
  batch 30/264  loss=0.4015
  batch 40/264  loss=0.3253
  batch 50/264  loss=0.3308
  batch 60/264  loss=0.2697
  batch 70/264  loss=0.4201
  batch 80/264  loss=0.3709
  batch 90/264  loss=0.4986
  batch 100/264  loss=0.4445
  batch 110/264  loss=0.3085
  batch 120/264  loss=0.2833
  batch 130/264  loss=0.4081
  batch 140/264  loss=0.3207
  batch 150/264  loss=0.4464
  batch 160/264  loss=0.3787
  batch 170/264  loss=0.2906
  batch 180/264  loss=0.2910
  batch 190/264  loss=0.3111
  batch 200/264  loss=0.3109
  batch 210/264  loss=0.3020
  batch 220/264  loss=0.4374
  batch 230/264  loss=0.3220
  batch 240/264  loss=0.4719
  batch 250/264  loss=0.2811
  batch 260/264  loss=0.3510
Epoch 277/300  train=3.526e-01  rmse=2.7776  lr=5.0e-05  230s
  batch 10/264  loss=0.2896
  batch 20/264  loss=0.2916
  batch 30/264  loss=0.4976
  batch 40/264  loss=0.4878
  batch 50/264  loss=0.3366
  batch 60/264  loss=0.2945
  batch 70/264  loss=0.3644
  batch 80/264  loss=0.5871
  batch 90/264  loss=0.2834
  batch 100/264  loss=0.3196
  batch 110/264  loss=0.3715
  batch 120/264  loss=0.2815
  batch 130/264  loss=0.3798
  batch 140/264  loss=0.2750
  batch 150/264  loss=0.3153
  batch 160/264  loss=0.3020
  batch 170/264  loss=0.3087
  batch 180/264  loss=0.3374
  batch 190/264  loss=0.2823
  batch 200/264  loss=0.3281
  batch 210/264  loss=0.3393
  batch 220/264  loss=0.3429
  batch 230/264  loss=0.3375
  batch 240/264  loss=0.4938
  batch 250/264  loss=0.3824
  batch 260/264  loss=0.4656
Epoch 278/300  train=3.546e-01  rmse=2.4323  lr=5.0e-05  230s
  batch 10/264  loss=0.3594
  batch 20/264  loss=0.3292
  batch 30/264  loss=0.4825
  batch 40/264  loss=0.2649
  batch 50/264  loss=0.4222
  batch 60/264  loss=0.3563
  batch 70/264  loss=0.2940
  batch 80/264  loss=0.3442
  batch 90/264  loss=0.3250
  batch 100/264  loss=0.3950
  batch 110/264  loss=0.3228
  batch 120/264  loss=0.3517
  batch 130/264  loss=0.3412
  batch 140/264  loss=0.4117
  batch 150/264  loss=0.3104
  batch 160/264  loss=0.3528
  batch 170/264  loss=0.3591
  batch 180/264  loss=0.4264
  batch 190/264  loss=0.3229
  batch 200/264  loss=0.4670
  batch 210/264  loss=0.3266
  batch 220/264  loss=0.3994
  batch 230/264  loss=0.3365
  batch 240/264  loss=0.3263
  batch 250/264  loss=0.4175
  batch 260/264  loss=0.3000
Epoch 279/300  train=3.552e-01  rmse=2.1284  lr=5.0e-05  231s
  batch 10/264  loss=0.3505
  batch 20/264  loss=0.3819
  batch 30/264  loss=0.4496
  batch 40/264  loss=0.2909
  batch 50/264  loss=0.3904
  batch 60/264  loss=0.4211
  batch 70/264  loss=0.3072
  batch 80/264  loss=0.5044
  batch 90/264  loss=0.3208
  batch 100/264  loss=0.2945
  batch 110/264  loss=0.3092
  batch 120/264  loss=0.2875
  batch 130/264  loss=0.2893
  batch 140/264  loss=0.3418
  batch 150/264  loss=0.2362
  batch 160/264  loss=0.3541
  batch 170/264  loss=0.2748
  batch 180/264  loss=0.3337
  batch 190/264  loss=0.2542
  batch 200/264  loss=0.3388
  batch 210/264  loss=0.3421
  batch 220/264  loss=0.3565
  batch 230/264  loss=0.4416
  batch 240/264  loss=0.4543
  batch 250/264  loss=0.3015
  batch 260/264  loss=0.3426
Epoch 280/300  train=3.571e-01  rmse=3.6952  lr=5.0e-05  231s
  batch 10/264  loss=0.4085
  batch 20/264  loss=0.3538
  batch 30/264  loss=0.4333
  batch 40/264  loss=0.3674
  batch 50/264  loss=0.4082
  batch 60/264  loss=0.3189
  batch 70/264  loss=0.4144
  batch 80/264  loss=0.3412
  batch 90/264  loss=0.2735
  batch 100/264  loss=0.3538
  batch 110/264  loss=0.3200
  batch 120/264  loss=0.4105
  batch 130/264  loss=0.4735
  batch 140/264  loss=0.4579
  batch 150/264  loss=0.3739
  batch 160/264  loss=0.2946
  batch 170/264  loss=0.3118
  batch 180/264  loss=0.4937
  batch 190/264  loss=0.3115
  batch 200/264  loss=0.3778
  batch 210/264  loss=0.3239
  batch 220/264  loss=0.4082
  batch 230/264  loss=0.3553
  batch 240/264  loss=0.2901
  batch 250/264  loss=0.2852
  batch 260/264  loss=0.3054
Epoch 281/300  train=3.519e-01  rmse=2.2325  lr=5.0e-05  230s
  batch 10/264  loss=0.4390
  batch 20/264  loss=0.4176
  batch 30/264  loss=0.3180
  batch 40/264  loss=0.2897
  batch 50/264  loss=0.3787
  batch 60/264  loss=0.3220
  batch 70/264  loss=0.4408
  batch 80/264  loss=0.2782
  batch 90/264  loss=0.2905
  batch 100/264  loss=0.2743
  batch 110/264  loss=0.3049
  batch 120/264  loss=0.3266
  batch 130/264  loss=0.3894
  batch 140/264  loss=0.3142
  batch 150/264  loss=0.4466
  batch 160/264  loss=0.6320
  batch 170/264  loss=0.2840
  batch 180/264  loss=0.3155
  batch 190/264  loss=0.2783
  batch 200/264  loss=0.3012
  batch 210/264  loss=0.3281
  batch 220/264  loss=0.3515
  batch 230/264  loss=0.3204
  batch 240/264  loss=0.3554
  batch 250/264  loss=0.2343
  batch 260/264  loss=0.4617
Epoch 282/300  train=3.561e-01  rmse=2.5828  lr=5.0e-05  230s
  batch 10/264  loss=0.3462
  batch 20/264  loss=0.3383
  batch 30/264  loss=0.3489
  batch 40/264  loss=0.3000
  batch 50/264  loss=0.3828
  batch 60/264  loss=0.3456
  batch 70/264  loss=0.3457
  batch 80/264  loss=0.6051
  batch 90/264  loss=0.3144
  batch 100/264  loss=0.2840
  batch 110/264  loss=0.2993
  batch 120/264  loss=0.3005
  batch 130/264  loss=0.3843
  batch 140/264  loss=0.4256
  batch 150/264  loss=0.2998
  batch 160/264  loss=0.3185
  batch 170/264  loss=0.3741
  batch 180/264  loss=0.3737
  batch 190/264  loss=0.2991
  batch 200/264  loss=0.3405
  batch 210/264  loss=0.2864
  batch 220/264  loss=0.5402
  batch 230/264  loss=0.3599
  batch 240/264  loss=0.2904
  batch 250/264  loss=0.3273
  batch 260/264  loss=0.3297
Epoch 283/300  train=3.524e-01  rmse=3.4706  lr=5.0e-05  229s
  batch 10/264  loss=0.2856
  batch 20/264  loss=0.3530
  batch 30/264  loss=0.3799
  batch 40/264  loss=0.3370
  batch 50/264  loss=0.4742
  batch 60/264  loss=0.3390
  batch 70/264  loss=0.4353
  batch 80/264  loss=0.2979
  batch 90/264  loss=0.4070
  batch 100/264  loss=0.3428
  batch 110/264  loss=0.3126
  batch 120/264  loss=0.3269
  batch 130/264  loss=0.3524
  batch 140/264  loss=0.3089
  batch 150/264  loss=0.3021
  batch 160/264  loss=0.3481
  batch 170/264  loss=0.3217
  batch 180/264  loss=0.2662
  batch 190/264  loss=0.2822
  batch 200/264  loss=0.3687
  batch 210/264  loss=0.3692
  batch 220/264  loss=0.3449
  batch 230/264  loss=0.3402
  batch 240/264  loss=0.4419
  batch 250/264  loss=0.3021
  batch 260/264  loss=0.3233
Epoch 284/300  train=3.539e-01  rmse=2.0948  lr=5.0e-05  230s
  batch 10/264  loss=0.4099
  batch 20/264  loss=0.3085
  batch 30/264  loss=0.3529
  batch 40/264  loss=0.2667
  batch 50/264  loss=0.3068
  batch 60/264  loss=0.2604
  batch 70/264  loss=0.3713
  batch 80/264  loss=0.3718
  batch 90/264  loss=0.3278
  batch 100/264  loss=0.3326
  batch 110/264  loss=0.3309
  batch 120/264  loss=0.3619
  batch 130/264  loss=0.2874
  batch 140/264  loss=0.3083
  batch 150/264  loss=0.4536
  batch 160/264  loss=0.3141
  batch 170/264  loss=0.3425
  batch 180/264  loss=0.4293
  batch 190/264  loss=0.4130
  batch 200/264  loss=0.4239
  batch 210/264  loss=0.4212
  batch 220/264  loss=0.2844
  batch 230/264  loss=0.3989
  batch 240/264  loss=0.3988
  batch 250/264  loss=0.3084
  batch 260/264  loss=0.4848
Epoch 285/300  train=3.508e-01  rmse=2.1202  lr=5.0e-05  229s
  -> best  monitor=3.508e-01
  batch 10/264  loss=0.4398
  batch 20/264  loss=0.3365
  batch 30/264  loss=0.3033
  batch 40/264  loss=1.0939
  batch 50/264  loss=0.4474
  batch 60/264  loss=0.3922
  batch 70/264  loss=0.2814
  batch 80/264  loss=0.2516
  batch 90/264  loss=0.3155
  batch 100/264  loss=0.3227
  batch 110/264  loss=0.2765
  batch 120/264  loss=0.2658
  batch 130/264  loss=0.2700
  batch 140/264  loss=0.4551
  batch 150/264  loss=0.3399
  batch 160/264  loss=0.7334
  batch 170/264  loss=0.3360
  batch 180/264  loss=0.3413
  batch 190/264  loss=0.3127
  batch 200/264  loss=0.2475
  batch 210/264  loss=0.3668
  batch 220/264  loss=0.4021
  batch 230/264  loss=0.3488
  batch 240/264  loss=0.2739
  batch 250/264  loss=0.4443
  batch 260/264  loss=0.3721
Epoch 286/300  train=3.565e-01  rmse=2.1600  lr=5.0e-05  230s
  batch 10/264  loss=0.3302
  batch 20/264  loss=0.3857
  batch 30/264  loss=0.3083
  batch 40/264  loss=0.3024
  batch 50/264  loss=0.2790
  batch 60/264  loss=0.3390
  batch 70/264  loss=0.2709
  batch 80/264  loss=0.3618
  batch 90/264  loss=0.3110
  batch 100/264  loss=0.2864
  batch 110/264  loss=0.2687
  batch 120/264  loss=0.3385
  batch 130/264  loss=0.3127
  batch 140/264  loss=0.3553
  batch 150/264  loss=0.2974
  batch 160/264  loss=0.3455
  batch 170/264  loss=0.4417
  batch 180/264  loss=0.3216
  batch 190/264  loss=0.3051
  batch 200/264  loss=0.3801
  batch 210/264  loss=0.2658
  batch 220/264  loss=0.3677
  batch 230/264  loss=0.3369
  batch 240/264  loss=0.3256
  batch 250/264  loss=0.3317
  batch 260/264  loss=0.3514
Epoch 287/300  train=3.492e-01  rmse=2.0756  lr=5.0e-05  229s
  -> best  monitor=3.492e-01
  batch 10/264  loss=0.4202
  batch 20/264  loss=0.3465
  batch 30/264  loss=0.3030
  batch 40/264  loss=0.4104
  batch 50/264  loss=0.2982
  batch 60/264  loss=0.3374
  batch 70/264  loss=0.3531
  batch 80/264  loss=0.3295
  batch 90/264  loss=0.4073
  batch 100/264  loss=0.4604
  batch 110/264  loss=0.2996
  batch 120/264  loss=0.4305
  batch 130/264  loss=0.3771
  batch 140/264  loss=0.2822
  batch 150/264  loss=0.3171
  batch 160/264  loss=0.2362
  batch 170/264  loss=0.2875
  batch 180/264  loss=0.3256
  batch 190/264  loss=0.3834
  batch 200/264  loss=0.2995
  batch 210/264  loss=0.2828
  batch 220/264  loss=0.3371
  batch 230/264  loss=0.4971
  batch 240/264  loss=0.5281
  batch 250/264  loss=0.2735
  batch 260/264  loss=0.2974
Epoch 288/300  train=3.483e-01  rmse=2.2199  lr=5.0e-05  231s
  -> best  monitor=3.483e-01
  batch 10/264  loss=0.3076
  batch 20/264  loss=0.4164
  batch 30/264  loss=0.3377
  batch 40/264  loss=0.3565
  batch 50/264  loss=0.2361
  batch 60/264  loss=0.3611
  batch 70/264  loss=0.3863
  batch 80/264  loss=0.2989
  batch 90/264  loss=0.3483
  batch 100/264  loss=0.3115
  batch 110/264  loss=0.3196
  batch 120/264  loss=0.2911
  batch 130/264  loss=0.4482
  batch 140/264  loss=0.4624
  batch 150/264  loss=0.2755
  batch 160/264  loss=0.3351
  batch 170/264  loss=0.4908
  batch 180/264  loss=0.2820
  batch 190/264  loss=0.5974
  batch 200/264  loss=0.3292
  batch 210/264  loss=0.2422
  batch 220/264  loss=0.3585
  batch 230/264  loss=0.3306
  batch 240/264  loss=0.3207
  batch 250/264  loss=0.4130
  batch 260/264  loss=0.2632
Epoch 289/300  train=3.543e-01  rmse=1.8306  lr=5.0e-05  230s
  batch 10/264  loss=0.2832
  batch 20/264  loss=0.3713
  batch 30/264  loss=0.3938
  batch 40/264  loss=0.4253
  batch 50/264  loss=0.2995
  batch 60/264  loss=0.2982
  batch 70/264  loss=0.3065
  batch 80/264  loss=0.3983
  batch 90/264  loss=0.3346
  batch 100/264  loss=0.2870
  batch 110/264  loss=0.3557
  batch 120/264  loss=0.4113
  batch 130/264  loss=0.3874
  batch 140/264  loss=0.2832
  batch 150/264  loss=0.3074
  batch 160/264  loss=0.3898
  batch 170/264  loss=0.3058
  batch 180/264  loss=0.3172
  batch 190/264  loss=0.3030
  batch 200/264  loss=0.2654
  batch 210/264  loss=0.2861
  batch 220/264  loss=0.3142
  batch 230/264  loss=0.2808
  batch 240/264  loss=0.4475
  batch 250/264  loss=0.3035
  batch 260/264  loss=0.3015
Epoch 290/300  train=3.525e-01  rmse=3.7257  lr=5.0e-05  230s
  batch 10/264  loss=0.4564
  batch 20/264  loss=0.2885
  batch 30/264  loss=0.3031
  batch 40/264  loss=0.3201
  batch 50/264  loss=0.3333
  batch 60/264  loss=0.3223
  batch 70/264  loss=0.3653
  batch 80/264  loss=0.4247
  batch 90/264  loss=0.4646
  batch 100/264  loss=0.3358
  batch 110/264  loss=0.3043
  batch 120/264  loss=0.3930
  batch 130/264  loss=0.2947
  batch 140/264  loss=0.4039
  batch 150/264  loss=0.2897
  batch 160/264  loss=0.4559
  batch 170/264  loss=0.3212
  batch 180/264  loss=0.4952
  batch 190/264  loss=0.2805
  batch 200/264  loss=0.2749
  batch 210/264  loss=0.5128
  batch 220/264  loss=0.4064
  batch 230/264  loss=0.3394
  batch 240/264  loss=0.3273
  batch 250/264  loss=0.2906
  batch 260/264  loss=0.4727
Epoch 291/300  train=3.524e-01  rmse=1.9909  lr=5.0e-05  230s
  batch 10/264  loss=0.4187
  batch 20/264  loss=0.3776
  batch 30/264  loss=0.3646
  batch 40/264  loss=0.3409
  batch 50/264  loss=0.3275
  batch 60/264  loss=0.2697
  batch 70/264  loss=0.3054
  batch 80/264  loss=0.4109
  batch 90/264  loss=0.3643
  batch 100/264  loss=0.5265
  batch 110/264  loss=0.2927
  batch 120/264  loss=0.3951
  batch 130/264  loss=0.3152
  batch 140/264  loss=0.2908
  batch 150/264  loss=0.2892
  batch 160/264  loss=0.3854
  batch 170/264  loss=0.4307
  batch 180/264  loss=0.3528
  batch 190/264  loss=0.2951
  batch 200/264  loss=0.4608
  batch 210/264  loss=0.3691
  batch 220/264  loss=0.2653
  batch 230/264  loss=0.2945
  batch 240/264  loss=0.4366
  batch 250/264  loss=0.2779
  batch 260/264  loss=0.3516
Epoch 292/300  train=3.558e-01  rmse=2.6741  lr=5.0e-05  229s
  batch 10/264  loss=0.3275
  batch 20/264  loss=0.2995
  batch 30/264  loss=0.3406
  batch 40/264  loss=0.3993
  batch 50/264  loss=0.3602
  batch 60/264  loss=0.3409
  batch 70/264  loss=0.2735
  batch 80/264  loss=0.2819
  batch 90/264  loss=0.3840
  batch 100/264  loss=0.4139
  batch 110/264  loss=0.3245
  batch 120/264  loss=0.3560
  batch 130/264  loss=0.2787
  batch 140/264  loss=0.3095
  batch 150/264  loss=0.3603
  batch 160/264  loss=0.3425
  batch 170/264  loss=0.2858
  batch 180/264  loss=0.3142
  batch 190/264  loss=0.3382
  batch 200/264  loss=0.3624
  batch 210/264  loss=0.3371
  batch 220/264  loss=0.3161
  batch 230/264  loss=0.3552
  batch 240/264  loss=0.2590
  batch 250/264  loss=0.3140
  batch 260/264  loss=0.3236
Epoch 293/300  train=3.491e-01  rmse=1.8207  lr=5.0e-05  230s
  batch 10/264  loss=0.4334
  batch 20/264  loss=0.3625
  batch 30/264  loss=0.3578
  batch 40/264  loss=0.3513
  batch 50/264  loss=0.3018
  batch 60/264  loss=0.3069
  batch 70/264  loss=0.2677
  batch 80/264  loss=0.4116
  batch 90/264  loss=0.3822
  batch 100/264  loss=0.4013
  batch 110/264  loss=0.4093
  batch 120/264  loss=0.3458
  batch 130/264  loss=0.3357
  batch 140/264  loss=0.3287
  batch 150/264  loss=0.5216
  batch 160/264  loss=0.3237
  batch 170/264  loss=0.3197
  batch 180/264  loss=0.2872
  batch 190/264  loss=0.3356
  batch 200/264  loss=0.4652
  batch 210/264  loss=0.2907
  batch 220/264  loss=0.2918
  batch 230/264  loss=0.4578
  batch 240/264  loss=0.2582
  batch 250/264  loss=0.3827
  batch 260/264  loss=0.3393
Epoch 294/300  train=3.506e-01  rmse=3.7488  lr=5.0e-05  230s
  batch 10/264  loss=0.3985
  batch 20/264  loss=0.4902
  batch 30/264  loss=0.3245
  batch 40/264  loss=0.4884
  batch 50/264  loss=0.4055
  batch 60/264  loss=0.2539
  batch 70/264  loss=0.3440
  batch 80/264  loss=0.3310
  batch 90/264  loss=0.2765
  batch 100/264  loss=0.3258
  batch 110/264  loss=0.3653
  batch 120/264  loss=0.2892
  batch 130/264  loss=0.5542
  batch 140/264  loss=0.3498
  batch 150/264  loss=0.3452
  batch 160/264  loss=0.4137
  batch 170/264  loss=0.2974
  batch 180/264  loss=0.2923
  batch 190/264  loss=0.2840
  batch 200/264  loss=0.2880
  batch 210/264  loss=0.2812
  batch 220/264  loss=0.2824
  batch 230/264  loss=0.2826
  batch 240/264  loss=0.4001
  batch 250/264  loss=0.4682
  batch 260/264  loss=0.3099
Epoch 295/300  train=3.552e-01  rmse=1.8372  lr=5.0e-05  230s
  batch 10/264  loss=0.2842
  batch 20/264  loss=0.2642
  batch 30/264  loss=0.2831
  batch 40/264  loss=0.4236
  batch 50/264  loss=0.4812
  batch 60/264  loss=0.5465
  batch 70/264  loss=0.5539
  batch 80/264  loss=0.3459
  batch 90/264  loss=0.3499
  batch 100/264  loss=0.3369
  batch 110/264  loss=0.4085
  batch 120/264  loss=0.3078
  batch 130/264  loss=0.3131
  batch 140/264  loss=0.2415
  batch 150/264  loss=0.3053
  batch 160/264  loss=0.3648
  batch 170/264  loss=0.3079
  batch 180/264  loss=0.4187
  batch 190/264  loss=0.2810
  batch 200/264  loss=0.3926
  batch 210/264  loss=0.2641
  batch 220/264  loss=0.2652
  batch 230/264  loss=0.3172
  batch 240/264  loss=0.4456
  batch 250/264  loss=0.4517
  batch 260/264  loss=0.2856
Epoch 296/300  train=3.516e-01  rmse=2.5775  lr=5.0e-05  230s
  batch 10/264  loss=0.2862
  batch 20/264  loss=0.3943
  batch 30/264  loss=0.3643
  batch 40/264  loss=0.3273
  batch 50/264  loss=0.3791
  batch 60/264  loss=0.3023
  batch 70/264  loss=0.3525
  batch 80/264  loss=0.2952
  batch 90/264  loss=0.2775
  batch 100/264  loss=0.5070
  batch 110/264  loss=0.2645
  batch 120/264  loss=0.4304
  batch 130/264  loss=0.3745
  batch 140/264  loss=0.2413
  batch 150/264  loss=0.2982
  batch 160/264  loss=0.3248
  batch 170/264  loss=0.4743
  batch 180/264  loss=0.4919
  batch 190/264  loss=0.4778
  batch 200/264  loss=0.3182
  batch 210/264  loss=0.2972
  batch 220/264  loss=0.2872
  batch 230/264  loss=0.3552
  batch 240/264  loss=0.3105
  batch 250/264  loss=0.2953
  batch 260/264  loss=0.3251
Epoch 297/300  train=3.467e-01  rmse=2.4718  lr=5.0e-05  230s
  -> best  monitor=3.467e-01
  batch 10/264  loss=0.3822
  batch 20/264  loss=0.4737
  batch 30/264  loss=0.3125
  batch 40/264  loss=0.3412
  batch 50/264  loss=0.4194
  batch 60/264  loss=0.3152
  batch 70/264  loss=0.3712
  batch 80/264  loss=0.2473
  batch 90/264  loss=0.3281
  batch 100/264  loss=0.3584
  batch 110/264  loss=0.3540
  batch 120/264  loss=0.4765
  batch 130/264  loss=0.3286
  batch 140/264  loss=0.3245
  batch 150/264  loss=0.4047
  batch 160/264  loss=0.4008
  batch 170/264  loss=0.4060
  batch 180/264  loss=0.3469
  batch 190/264  loss=0.5064
  batch 200/264  loss=0.3066
  batch 210/264  loss=0.3004
  batch 220/264  loss=0.3341
  batch 230/264  loss=0.2781
  batch 240/264  loss=0.2847
  batch 250/264  loss=0.4356
  batch 260/264  loss=0.3673
Epoch 298/300  train=3.570e-01  rmse=2.4311  lr=5.0e-05  231s
  batch 10/264  loss=0.3427
  batch 20/264  loss=0.2901
  batch 30/264  loss=0.3051
  batch 40/264  loss=0.3049
  batch 50/264  loss=0.3094
  batch 60/264  loss=0.4561
  batch 70/264  loss=0.3265
  batch 80/264  loss=0.3191
  batch 90/264  loss=0.2846
  batch 100/264  loss=0.3459
  batch 110/264  loss=0.3035
  batch 120/264  loss=0.4568
  batch 130/264  loss=0.2902
  batch 140/264  loss=0.5018
  batch 150/264  loss=0.3891
  batch 160/264  loss=0.3200
  batch 170/264  loss=0.4227
  batch 180/264  loss=0.3150
  batch 190/264  loss=0.3533
  batch 200/264  loss=0.3082
  batch 210/264  loss=0.2535
  batch 220/264  loss=0.3200
  batch 230/264  loss=0.3276
  batch 240/264  loss=0.2832
  batch 250/264  loss=0.3920
  batch 260/264  loss=0.3241
Epoch 299/300  train=3.516e-01  rmse=3.2056  lr=5.0e-05  229s
  batch 10/264  loss=0.2937
  batch 20/264  loss=0.3494
  batch 30/264  loss=0.3285
  batch 40/264  loss=0.3639
  batch 50/264  loss=0.2735
  batch 60/264  loss=0.3937
  batch 70/264  loss=0.2805
  batch 80/264  loss=0.4111
  batch 90/264  loss=0.3383
  batch 100/264  loss=0.3179
  batch 110/264  loss=0.3081
  batch 120/264  loss=0.3265
  batch 130/264  loss=0.3242
  batch 140/264  loss=0.4731
  batch 150/264  loss=0.2771
  batch 160/264  loss=0.3980
  batch 170/264  loss=0.3011
  batch 180/264  loss=0.3197
  batch 190/264  loss=0.2917
  batch 200/264  loss=0.3359
  batch 210/264  loss=0.3202
  batch 220/264  loss=0.3223
  batch 230/264  loss=0.3260
  batch 240/264  loss=0.3035
  batch 250/264  loss=0.3943
  batch 260/264  loss=0.3911
Epoch 300/300  train=3.493e-01  rmse=1.9483  lr=5.0e-05  231s

Test evaluation (best checkpoint)...
Test (RMSE / MAE in μg/m³):
  total: 0.547876
  main: 0.037578
  nonneg: 0.000000
  smooth: 0.000000
  anom: 0.023201
  grad: 0.000560
  pattern: 0.155791
  spectral: 0.330747
  var: 0.000000
  rmse: 0.886436
  rmse_low: 1.175900
  rmse_high: 0.327441
  mae: 0.417760

  z  Height(m)        R²
--------------------------
  0       15.0    0.7184  <- ~0-100m
  1       25.0    0.7492  <- ~0-100m
  2       35.0    0.8111  <- ~0-100m
  3       45.0    0.8469  <- ~0-100m
  4       55.0    0.8690  <- ~0-100m
  5       75.0    0.9237  <- ~0-100m
  6       95.0    0.9523  <- ~0-100m
  7      115.0    0.9664  <- ~0-100m
  8      135.0    0.9743
  9      155.0    0.9777
 10      175.0    0.9789
 11      195.0    0.9814
