Device: cuda
Building datasets...
Temporal split:  train=264  val=0  test=72
Fitting normalisation on 264 samples...
  50/264
  100/264
  150/264
  200/264
  250/264
Done.
  emission  mean=5.6840  std=1.1291
  pm25      per-level  mean[0]=2.3826e+00  mean[-1]=1.1283e+00
Model: UNet3D  base_ch=16  params: 1,598,466
No val set — using train loss for scheduler and checkpoint selection.

Training for 300 epochs...
  batch 10/264  loss=2.7091
  batch 20/264  loss=4.1105
  batch 30/264  loss=1.9907
  batch 40/264  loss=2.9566
  batch 50/264  loss=2.3236
  batch 60/264  loss=2.1608
  batch 70/264  loss=1.2972
  batch 80/264  loss=1.2676
  batch 90/264  loss=3.5464
  batch 100/264  loss=4.5751
  batch 110/264  loss=1.3159
  batch 120/264  loss=1.1185
  batch 130/264  loss=1.2253
  batch 140/264  loss=1.2069
  batch 150/264  loss=2.0762
  batch 160/264  loss=1.9282
  batch 170/264  loss=0.9563
  batch 180/264  loss=2.8018
  batch 190/264  loss=2.5886
  batch 200/264  loss=1.0410
  batch 210/264  loss=1.6654
  batch 220/264  loss=1.3195
  batch 230/264  loss=1.5545
  batch 240/264  loss=1.6096
  batch 250/264  loss=1.9344
  batch 260/264  loss=1.1774
Epoch   1/300  train=2.040e+00  rmse=4.4411  lr=1.0e-04  254s
  -> best  monitor=2.040e+00
  batch 10/264  loss=1.3727
  batch 20/264  loss=2.1688
  batch 30/264  loss=2.0560
  batch 40/264  loss=4.6058
  batch 50/264  loss=1.1628
  batch 60/264  loss=1.0624
  batch 70/264  loss=1.1008
  batch 80/264  loss=1.3632
  batch 90/264  loss=1.6803
  batch 100/264  loss=0.7847
  batch 110/264  loss=1.1223
  batch 120/264  loss=1.0250
  batch 130/264  loss=1.2273
  batch 140/264  loss=1.4268
  batch 150/264  loss=3.0720
  batch 160/264  loss=0.7557
  batch 170/264  loss=3.2634
  batch 180/264  loss=1.3132
  batch 190/264  loss=1.2038
  batch 200/264  loss=1.3220
  batch 210/264  loss=1.9376
  batch 220/264  loss=1.3837
  batch 230/264  loss=1.0026
  batch 240/264  loss=1.8516
  batch 250/264  loss=0.8428
  batch 260/264  loss=0.9638
Epoch   2/300  train=1.504e+00  rmse=3.7810  lr=1.0e-04  228s
  -> best  monitor=1.504e+00
  batch 10/264  loss=1.3948
  batch 20/264  loss=0.9846
  batch 30/264  loss=2.9811
  batch 40/264  loss=0.8640
  batch 50/264  loss=1.0226
  batch 60/264  loss=0.8961
  batch 70/264  loss=1.0574
  batch 80/264  loss=1.6023
  batch 90/264  loss=1.4663
  batch 100/264  loss=1.0688
  batch 110/264  loss=0.8926
  batch 120/264  loss=1.6236
  batch 130/264  loss=0.9392
  batch 140/264  loss=1.0881
  batch 150/264  loss=0.9236
  batch 160/264  loss=1.1046
  batch 170/264  loss=1.0689
  batch 180/264  loss=1.4289
  batch 190/264  loss=1.4450
  batch 200/264  loss=0.8718
  batch 210/264  loss=3.0527
  batch 220/264  loss=1.0911
  batch 230/264  loss=0.9351
  batch 240/264  loss=0.8024
  batch 250/264  loss=0.9479
  batch 260/264  loss=1.4633
Epoch   3/300  train=1.206e+00  rmse=3.2943  lr=1.0e-04  230s
  -> best  monitor=1.206e+00
  batch 10/264  loss=0.8685
  batch 20/264  loss=1.1503
  batch 30/264  loss=0.9437
  batch 40/264  loss=1.0583
  batch 50/264  loss=0.8967
  batch 60/264  loss=1.0412
  batch 70/264  loss=0.8887
  batch 80/264  loss=0.8995
  batch 90/264  loss=1.0140
  batch 100/264  loss=0.8119
  batch 110/264  loss=0.9706
  batch 120/264  loss=1.4078
  batch 130/264  loss=0.9499
  batch 140/264  loss=0.8289
  batch 150/264  loss=0.7923
  batch 160/264  loss=1.3527
  batch 170/264  loss=0.6774
  batch 180/264  loss=1.1528
  batch 190/264  loss=0.8491
  batch 200/264  loss=1.3593
  batch 210/264  loss=1.0007
  batch 220/264  loss=2.0348
  batch 230/264  loss=0.7372
  batch 240/264  loss=1.4254
  batch 250/264  loss=1.1056
  batch 260/264  loss=0.8659
Epoch   4/300  train=1.070e+00  rmse=3.0138  lr=1.0e-04  224s
  -> best  monitor=1.070e+00
  batch 10/264  loss=0.7410
  batch 20/264  loss=0.7634
  batch 30/264  loss=0.9392
  batch 40/264  loss=1.9328
  batch 50/264  loss=0.8505
  batch 60/264  loss=2.1709
  batch 70/264  loss=0.6803
  batch 80/264  loss=0.6387
  batch 90/264  loss=0.7186
  batch 100/264  loss=0.9764
  batch 110/264  loss=0.8237
  batch 120/264  loss=1.0106
  batch 130/264  loss=0.7878
  batch 140/264  loss=1.6336
  batch 150/264  loss=0.8049
  batch 160/264  loss=0.5667
  batch 170/264  loss=1.0730
  batch 180/264  loss=0.7022
  batch 190/264  loss=0.6798
  batch 200/264  loss=1.0896
  batch 210/264  loss=0.7263
  batch 220/264  loss=0.7833
  batch 230/264  loss=0.6393
  batch 240/264  loss=0.7519
  batch 250/264  loss=0.5943
  batch 260/264  loss=0.7628
Epoch   5/300  train=9.919e-01  rmse=2.9086  lr=1.0e-04  229s
  -> best  monitor=9.919e-01
  batch 10/264  loss=0.8456
  batch 20/264  loss=0.5819
  batch 30/264  loss=0.8484
  batch 40/264  loss=0.5897
  batch 50/264  loss=1.0477
  batch 60/264  loss=0.7522
  batch 70/264  loss=1.1161
  batch 80/264  loss=1.1105
  batch 90/264  loss=1.1815
  batch 100/264  loss=2.1204
  batch 110/264  loss=0.8329
  batch 120/264  loss=1.4764
  batch 130/264  loss=0.7228
  batch 140/264  loss=0.8230
  batch 150/264  loss=0.8127
  batch 160/264  loss=1.4833
  batch 170/264  loss=0.5976
  batch 180/264  loss=0.8897
  batch 190/264  loss=2.1761
  batch 200/264  loss=0.7882
  batch 210/264  loss=0.7841
  batch 220/264  loss=0.6964
  batch 230/264  loss=0.6354
  batch 240/264  loss=1.0149
  batch 250/264  loss=0.7384
  batch 260/264  loss=1.0924
Epoch   6/300  train=9.448e-01  rmse=2.8928  lr=1.0e-04  228s
  -> best  monitor=9.448e-01
  batch 10/264  loss=1.0313
  batch 20/264  loss=0.5883
  batch 30/264  loss=0.8540
  batch 40/264  loss=0.9345
  batch 50/264  loss=0.8652
  batch 60/264  loss=0.7983
  batch 70/264  loss=0.8046
  batch 80/264  loss=1.1051
  batch 90/264  loss=1.0140
  batch 100/264  loss=0.8688
  batch 110/264  loss=1.0326
  batch 120/264  loss=0.7560
  batch 130/264  loss=0.8976
  batch 140/264  loss=0.6193
  batch 150/264  loss=0.6379
  batch 160/264  loss=0.5489
  batch 170/264  loss=0.8289
  batch 180/264  loss=0.6061
  batch 190/264  loss=1.4372
  batch 200/264  loss=0.6334
  batch 210/264  loss=1.3228
  batch 220/264  loss=1.3495
  batch 230/264  loss=0.6915
  batch 240/264  loss=0.7315
  batch 250/264  loss=0.9142
  batch 260/264  loss=0.6771
Epoch   7/300  train=8.878e-01  rmse=2.8235  lr=1.0e-04  227s
  -> best  monitor=8.878e-01
  batch 10/264  loss=0.7279
  batch 20/264  loss=0.6667
  batch 30/264  loss=0.6179
  batch 40/264  loss=0.7833
  batch 50/264  loss=0.7253
  batch 60/264  loss=0.8121
  batch 70/264  loss=0.8307
  batch 80/264  loss=0.9255
  batch 90/264  loss=0.8010
  batch 100/264  loss=0.7651
  batch 110/264  loss=0.7046
  batch 120/264  loss=0.5811
  batch 130/264  loss=0.6198
  batch 140/264  loss=0.5411
  batch 150/264  loss=0.8405
  batch 160/264  loss=0.8316
  batch 170/264  loss=0.8636
  batch 180/264  loss=0.6600
  batch 190/264  loss=0.5192
  batch 200/264  loss=1.7111
  batch 210/264  loss=0.8788
  batch 220/264  loss=0.5531
  batch 230/264  loss=0.7864
  batch 240/264  loss=0.6731
  batch 250/264  loss=0.7173
  batch 260/264  loss=1.5664
Epoch   8/300  train=8.740e-01  rmse=2.7925  lr=1.0e-04  228s
  -> best  monitor=8.740e-01
  batch 10/264  loss=0.6697
  batch 20/264  loss=0.7583
  batch 30/264  loss=0.5656
  batch 40/264  loss=0.5293
  batch 50/264  loss=0.5052
  batch 60/264  loss=0.5640
  batch 70/264  loss=0.6584
  batch 80/264  loss=0.5138
  batch 90/264  loss=0.5029
  batch 100/264  loss=0.7233
  batch 110/264  loss=0.7408
  batch 120/264  loss=0.7523
  batch 130/264  loss=0.7497
  batch 140/264  loss=0.7338
  batch 150/264  loss=0.5792
  batch 160/264  loss=0.6781
  batch 170/264  loss=1.4844
  batch 180/264  loss=0.5907
  batch 190/264  loss=0.5016
  batch 200/264  loss=0.8722
  batch 210/264  loss=0.7051
  batch 220/264  loss=0.5415
  batch 230/264  loss=0.6340
  batch 240/264  loss=0.7081
  batch 250/264  loss=1.1594
  batch 260/264  loss=0.6892
Epoch   9/300  train=8.407e-01  rmse=2.8238  lr=1.0e-04  230s
  -> best  monitor=8.407e-01
  batch 10/264  loss=0.6029
  batch 20/264  loss=0.7239
  batch 30/264  loss=0.7417
  batch 40/264  loss=0.7690
  batch 50/264  loss=0.7859
  batch 60/264  loss=0.9067
  batch 70/264  loss=0.6581
  batch 80/264  loss=0.5952
  batch 90/264  loss=0.6308
  batch 100/264  loss=0.6050
  batch 110/264  loss=0.6153
  batch 120/264  loss=0.6274
  batch 130/264  loss=0.7931
  batch 140/264  loss=0.7153
  batch 150/264  loss=0.7800
  batch 160/264  loss=0.7589
  batch 170/264  loss=0.8309
  batch 180/264  loss=1.0187
  batch 190/264  loss=0.7739
  batch 200/264  loss=0.6288
  batch 210/264  loss=1.2795
  batch 220/264  loss=0.6393
  batch 230/264  loss=0.8057
  batch 240/264  loss=1.2213
  batch 250/264  loss=0.7410
  batch 260/264  loss=0.5399
Epoch  10/300  train=8.117e-01  rmse=2.7332  lr=1.0e-04  226s
  -> best  monitor=8.117e-01
  batch 10/264  loss=0.7484
  batch 20/264  loss=0.7338
  batch 30/264  loss=0.5403
  batch 40/264  loss=0.5239
  batch 50/264  loss=1.0257
  batch 60/264  loss=0.6329
  batch 70/264  loss=0.6739
  batch 80/264  loss=0.5693
  batch 90/264  loss=1.0374
  batch 100/264  loss=0.9057
  batch 110/264  loss=0.7299
  batch 120/264  loss=0.6138
  batch 130/264  loss=2.1614
  batch 140/264  loss=0.6624
  batch 150/264  loss=0.8420
  batch 160/264  loss=0.7581
  batch 170/264  loss=0.9809
  batch 180/264  loss=0.6095
  batch 190/264  loss=0.6219
  batch 200/264  loss=0.5523
  batch 210/264  loss=0.8659
  batch 220/264  loss=0.4770
  batch 230/264  loss=0.6239
  batch 240/264  loss=0.5124
  batch 250/264  loss=0.8055
  batch 260/264  loss=0.6757
Epoch  11/300  train=7.954e-01  rmse=2.6767  lr=1.0e-04  228s
  -> best  monitor=7.954e-01
  batch 10/264  loss=0.8983
  batch 20/264  loss=0.8861
  batch 30/264  loss=0.7224
  batch 40/264  loss=1.0867
  batch 50/264  loss=0.6665
  batch 60/264  loss=0.6885
  batch 70/264  loss=0.4806
  batch 80/264  loss=0.8815
  batch 90/264  loss=0.6458
  batch 100/264  loss=0.6841
  batch 110/264  loss=0.7319
  batch 120/264  loss=0.7214
  batch 130/264  loss=0.8632
  batch 140/264  loss=0.6479
  batch 150/264  loss=0.4974
  batch 160/264  loss=0.6126
  batch 170/264  loss=0.5659
  batch 180/264  loss=0.5611
  batch 190/264  loss=0.5435
  batch 200/264  loss=0.9912
  batch 210/264  loss=0.6243
  batch 220/264  loss=0.7282
  batch 230/264  loss=0.9292
  batch 240/264  loss=1.1356
  batch 250/264  loss=0.9789
  batch 260/264  loss=0.7898
Epoch  12/300  train=7.815e-01  rmse=2.6875  lr=1.0e-04  229s
  -> best  monitor=7.815e-01
  batch 10/264  loss=1.4267
  batch 20/264  loss=1.6030
  batch 30/264  loss=0.4894
  batch 40/264  loss=2.1308
  batch 50/264  loss=0.6957
  batch 60/264  loss=1.2154
  batch 70/264  loss=0.5523
  batch 80/264  loss=0.7900
  batch 90/264  loss=0.8990
  batch 100/264  loss=1.0331
  batch 110/264  loss=0.8413
  batch 120/264  loss=0.8079
  batch 130/264  loss=0.7027
  batch 140/264  loss=0.5827
  batch 150/264  loss=0.5211
  batch 160/264  loss=0.6840
  batch 170/264  loss=0.6170
  batch 180/264  loss=0.5674
  batch 190/264  loss=0.9249
  batch 200/264  loss=0.5824
  batch 210/264  loss=1.2742
  batch 220/264  loss=0.5049
  batch 230/264  loss=0.5322
  batch 240/264  loss=0.5263
  batch 250/264  loss=0.6331
  batch 260/264  loss=0.5750
Epoch  13/300  train=7.499e-01  rmse=2.6221  lr=1.0e-04  228s
  -> best  monitor=7.499e-01
  batch 10/264  loss=0.5976
  batch 20/264  loss=1.4140
  batch 30/264  loss=0.8881
  batch 40/264  loss=1.4286
  batch 50/264  loss=1.1272
  batch 60/264  loss=0.5414
  batch 70/264  loss=0.8183
  batch 80/264  loss=0.9793
  batch 90/264  loss=0.6524
  batch 100/264  loss=0.9260
  batch 110/264  loss=0.7547
  batch 120/264  loss=0.6130
  batch 130/264  loss=0.5167
  batch 140/264  loss=0.7829
  batch 150/264  loss=0.8599
  batch 160/264  loss=1.1181
  batch 170/264  loss=0.6428
  batch 180/264  loss=0.9034
  batch 190/264  loss=0.5752
  batch 200/264  loss=0.5220
  batch 210/264  loss=0.8087
  batch 220/264  loss=1.1596
  batch 230/264  loss=0.7190
  batch 240/264  loss=0.5067
  batch 250/264  loss=0.4959
  batch 260/264  loss=0.5459
Epoch  14/300  train=7.439e-01  rmse=2.5499  lr=1.0e-04  227s
  -> best  monitor=7.439e-01
  batch 10/264  loss=0.5637
  batch 20/264  loss=0.8355
  batch 30/264  loss=0.8133
  batch 40/264  loss=0.8020
  batch 50/264  loss=0.8417
  batch 60/264  loss=0.5618
  batch 70/264  loss=0.6308
  batch 80/264  loss=0.5854
  batch 90/264  loss=0.6119
  batch 100/264  loss=0.8914
  batch 110/264  loss=0.5990
  batch 120/264  loss=0.5898
  batch 130/264  loss=0.5068
  batch 140/264  loss=0.6711
  batch 150/264  loss=0.5365
  batch 160/264  loss=0.4766
  batch 170/264  loss=0.7445
  batch 180/264  loss=0.8939
  batch 190/264  loss=0.8258
  batch 200/264  loss=1.5080
  batch 210/264  loss=0.6255
  batch 220/264  loss=0.5117
  batch 230/264  loss=0.8283
  batch 240/264  loss=0.5179
  batch 250/264  loss=0.5493
  batch 260/264  loss=0.8868
Epoch  15/300  train=7.249e-01  rmse=2.5155  lr=1.0e-04  228s
  -> best  monitor=7.249e-01
  batch 10/264  loss=0.6286
  batch 20/264  loss=0.4044
  batch 30/264  loss=1.0606
  batch 40/264  loss=0.7794
  batch 50/264  loss=1.1966
  batch 60/264  loss=0.5881
  batch 70/264  loss=0.5473
  batch 80/264  loss=0.6352
  batch 90/264  loss=0.8681
  batch 100/264  loss=0.4670
  batch 110/264  loss=0.5983
  batch 120/264  loss=0.5009
  batch 130/264  loss=0.5003
  batch 140/264  loss=0.4604
  batch 150/264  loss=0.9796
  batch 160/264  loss=0.5596
  batch 170/264  loss=0.6142
  batch 180/264  loss=0.7486
  batch 190/264  loss=0.6501
  batch 200/264  loss=1.2779
  batch 210/264  loss=0.4852
  batch 220/264  loss=0.8155
  batch 230/264  loss=0.9609
  batch 240/264  loss=0.6006
  batch 250/264  loss=0.6024
  batch 260/264  loss=0.7146
Epoch  16/300  train=7.063e-01  rmse=2.4533  lr=1.0e-04  229s
  -> best  monitor=7.063e-01
  batch 10/264  loss=0.8994
  batch 20/264  loss=1.1006
  batch 30/264  loss=0.5873
  batch 40/264  loss=0.8304
  batch 50/264  loss=0.6801
  batch 60/264  loss=0.5965
  batch 70/264  loss=0.5223
  batch 80/264  loss=0.6905
  batch 90/264  loss=0.8692
  batch 100/264  loss=0.6900
  batch 110/264  loss=0.5598
  batch 120/264  loss=0.4967
  batch 130/264  loss=0.4668
  batch 140/264  loss=0.5098
  batch 150/264  loss=0.6153
  batch 160/264  loss=0.4794
  batch 170/264  loss=0.6153
  batch 180/264  loss=0.6764
  batch 190/264  loss=0.4645
  batch 200/264  loss=0.6257
  batch 210/264  loss=0.6870
  batch 220/264  loss=1.0869
  batch 230/264  loss=1.1831
  batch 240/264  loss=0.6134
  batch 250/264  loss=0.5368
  batch 260/264  loss=1.3338
Epoch  17/300  train=7.027e-01  rmse=2.4332  lr=1.0e-04  229s
  -> best  monitor=7.027e-01
  batch 10/264  loss=0.8725
  batch 20/264  loss=0.8577
  batch 30/264  loss=0.9014
  batch 40/264  loss=0.8167
  batch 50/264  loss=0.7101
  batch 60/264  loss=0.6222
  batch 70/264  loss=0.8734
  batch 80/264  loss=0.5208
  batch 90/264  loss=0.6463
  batch 100/264  loss=0.6910
  batch 110/264  loss=0.5893
  batch 120/264  loss=0.5939
  batch 130/264  loss=0.6717
  batch 140/264  loss=0.8338
  batch 150/264  loss=0.6005
  batch 160/264  loss=0.5071
  batch 170/264  loss=0.7358
  batch 180/264  loss=0.8816
  batch 190/264  loss=0.9945
  batch 200/264  loss=0.6572
  batch 210/264  loss=0.5546
  batch 220/264  loss=0.6221
  batch 230/264  loss=0.6638
  batch 240/264  loss=0.7420
  batch 250/264  loss=0.6907
  batch 260/264  loss=0.5751
Epoch  18/300  train=6.954e-01  rmse=2.5200  lr=1.0e-04  229s
  -> best  monitor=6.954e-01
  batch 10/264  loss=1.0045
  batch 20/264  loss=0.5880
  batch 30/264  loss=1.1818
  batch 40/264  loss=0.5058
  batch 50/264  loss=0.4463
  batch 60/264  loss=1.7858
  batch 70/264  loss=0.5572
  batch 80/264  loss=0.4182
  batch 90/264  loss=0.4966
  batch 100/264  loss=0.6051
  batch 110/264  loss=0.5106
  batch 120/264  loss=0.4973
  batch 130/264  loss=0.5740
  batch 140/264  loss=0.5580
  batch 150/264  loss=0.5492
  batch 160/264  loss=0.5239
  batch 170/264  loss=0.6899
  batch 180/264  loss=0.8239
  batch 190/264  loss=1.4736
  batch 200/264  loss=1.5167
  batch 210/264  loss=0.5731
  batch 220/264  loss=0.6483
  batch 230/264  loss=0.4447
  batch 240/264  loss=0.6508
  batch 250/264  loss=0.7649
  batch 260/264  loss=0.4909
Epoch  19/300  train=6.767e-01  rmse=2.4463  lr=1.0e-04  230s
  -> best  monitor=6.767e-01
  batch 10/264  loss=0.5975
  batch 20/264  loss=0.6105
  batch 30/264  loss=0.5080
  batch 40/264  loss=0.4504
  batch 50/264  loss=0.5097
  batch 60/264  loss=0.6312
  batch 70/264  loss=0.4658
  batch 80/264  loss=1.0133
  batch 90/264  loss=0.4922
  batch 100/264  loss=0.7975
  batch 110/264  loss=0.9120
  batch 120/264  loss=1.8207
  batch 130/264  loss=1.1206
  batch 140/264  loss=0.7748
  batch 150/264  loss=1.0346
  batch 160/264  loss=0.4362
  batch 170/264  loss=0.7582
  batch 180/264  loss=0.4414
  batch 190/264  loss=0.5797
  batch 200/264  loss=0.6918
  batch 210/264  loss=0.5401
  batch 220/264  loss=0.6037
  batch 230/264  loss=0.4555
  batch 240/264  loss=0.7288
  batch 250/264  loss=0.5119
  batch 260/264  loss=0.8730
Epoch  20/300  train=6.790e-01  rmse=2.4739  lr=1.0e-04  229s
  batch 10/264  loss=0.6791
  batch 20/264  loss=0.4876
  batch 30/264  loss=0.6373
  batch 40/264  loss=1.3617
  batch 50/264  loss=0.5078
  batch 60/264  loss=0.4415
  batch 70/264  loss=0.5263
  batch 80/264  loss=0.5936
  batch 90/264  loss=0.5020
  batch 100/264  loss=0.6800
  batch 110/264  loss=0.7825
  batch 120/264  loss=0.5257
  batch 130/264  loss=1.6803
  batch 140/264  loss=0.6689
  batch 150/264  loss=0.5918
  batch 160/264  loss=0.4749
  batch 170/264  loss=0.6525
  batch 180/264  loss=0.8465
  batch 190/264  loss=0.7835
  batch 200/264  loss=0.5934
  batch 210/264  loss=0.4786
  batch 220/264  loss=0.7583
  batch 230/264  loss=0.6243
  batch 240/264  loss=0.6068
  batch 250/264  loss=0.5116
  batch 260/264  loss=0.4708
Epoch  21/300  train=6.713e-01  rmse=2.4708  lr=1.0e-04  229s
  -> best  monitor=6.713e-01
  batch 10/264  loss=0.6377
  batch 20/264  loss=0.5299
  batch 30/264  loss=0.4659
  batch 40/264  loss=1.0375
  batch 50/264  loss=0.5713
  batch 60/264  loss=0.5348
  batch 70/264  loss=0.6123
  batch 80/264  loss=0.8480
  batch 90/264  loss=0.5926
  batch 100/264  loss=0.4997
  batch 110/264  loss=0.5433
  batch 120/264  loss=0.9921
  batch 130/264  loss=0.7682
  batch 140/264  loss=0.6350
  batch 150/264  loss=0.5891
  batch 160/264  loss=0.7821
  batch 170/264  loss=0.4631
  batch 180/264  loss=0.5427
  batch 190/264  loss=0.6830
  batch 200/264  loss=0.7066
  batch 210/264  loss=0.6786
  batch 220/264  loss=0.5985
  batch 230/264  loss=0.5122
  batch 240/264  loss=0.5327
  batch 250/264  loss=0.7532
  batch 260/264  loss=0.5694
Epoch  22/300  train=6.665e-01  rmse=2.3954  lr=1.0e-04  230s
  -> best  monitor=6.665e-01
  batch 10/264  loss=1.0316
  batch 20/264  loss=0.4832
  batch 30/264  loss=0.7053
  batch 40/264  loss=0.5630
  batch 50/264  loss=0.5462
  batch 60/264  loss=0.5844
  batch 70/264  loss=0.6159
  batch 80/264  loss=0.5370
  batch 90/264  loss=0.6374
  batch 100/264  loss=0.6629
  batch 110/264  loss=0.7628
  batch 120/264  loss=0.4416
  batch 130/264  loss=0.5021
  batch 140/264  loss=0.7040
  batch 150/264  loss=0.5090
  batch 160/264  loss=0.6059
  batch 170/264  loss=0.6819
  batch 180/264  loss=0.5861
  batch 190/264  loss=0.4986
  batch 200/264  loss=0.5247
  batch 210/264  loss=0.5187
  batch 220/264  loss=1.6341
  batch 230/264  loss=0.5500
  batch 240/264  loss=0.5879
  batch 250/264  loss=0.8945
  batch 260/264  loss=0.5900
Epoch  23/300  train=6.488e-01  rmse=2.3538  lr=1.0e-04  228s
  -> best  monitor=6.488e-01
  batch 10/264  loss=0.5570
  batch 20/264  loss=0.6330
  batch 30/264  loss=0.8302
  batch 40/264  loss=0.4937
  batch 50/264  loss=0.5746
  batch 60/264  loss=0.4828
  batch 70/264  loss=0.9919
  batch 80/264  loss=0.6634
  batch 90/264  loss=0.5721
  batch 100/264  loss=0.7446
  batch 110/264  loss=1.6637
  batch 120/264  loss=0.4308
  batch 130/264  loss=0.5238
  batch 140/264  loss=0.8115
  batch 150/264  loss=1.6374
  batch 160/264  loss=0.5423
  batch 170/264  loss=0.5913
  batch 180/264  loss=0.5287
  batch 190/264  loss=1.1218
  batch 200/264  loss=0.4862
  batch 210/264  loss=0.7930
  batch 220/264  loss=0.5941
  batch 230/264  loss=0.6959
  batch 240/264  loss=0.4118
  batch 250/264  loss=0.6180
  batch 260/264  loss=0.4402
Epoch  24/300  train=6.447e-01  rmse=2.3112  lr=1.0e-04  229s
  -> best  monitor=6.447e-01
  batch 10/264  loss=0.5183
  batch 20/264  loss=0.6511
  batch 30/264  loss=0.6372
  batch 40/264  loss=0.5312
  batch 50/264  loss=0.6682
  batch 60/264  loss=0.5560
  batch 70/264  loss=0.5516
  batch 80/264  loss=0.8371
  batch 90/264  loss=0.4998
  batch 100/264  loss=0.7999
  batch 110/264  loss=0.4818
  batch 120/264  loss=0.6712
  batch 130/264  loss=0.9345
  batch 140/264  loss=0.4529
  batch 150/264  loss=0.6022
  batch 160/264  loss=0.9683
  batch 170/264  loss=1.6538
  batch 180/264  loss=0.4355
  batch 190/264  loss=1.2239
  batch 200/264  loss=0.6412
  batch 210/264  loss=0.5718
  batch 220/264  loss=0.6111
  batch 230/264  loss=0.5173
  batch 240/264  loss=0.6409
  batch 250/264  loss=0.5588
  batch 260/264  loss=0.5750
Epoch  25/300  train=6.446e-01  rmse=2.4051  lr=1.0e-04  229s
  -> best  monitor=6.446e-01
  batch 10/264  loss=0.7178
  batch 20/264  loss=0.6264
  batch 30/264  loss=0.9675
  batch 40/264  loss=0.5123
  batch 50/264  loss=0.4707
  batch 60/264  loss=0.6245
  batch 70/264  loss=0.7215
  batch 80/264  loss=0.5018
  batch 90/264  loss=0.6413
  batch 100/264  loss=0.4767
  batch 110/264  loss=0.4354
  batch 120/264  loss=0.7919
  batch 130/264  loss=0.5660
  batch 140/264  loss=0.9052
  batch 150/264  loss=1.9901
  batch 160/264  loss=0.5185
  batch 170/264  loss=0.6809
  batch 180/264  loss=0.5025
  batch 190/264  loss=0.4206
  batch 200/264  loss=0.5743
  batch 210/264  loss=0.4858
  batch 220/264  loss=0.5703
  batch 230/264  loss=0.4950
  batch 240/264  loss=0.5940
  batch 250/264  loss=0.5558
  batch 260/264  loss=0.6093
Epoch  26/300  train=6.355e-01  rmse=2.3049  lr=1.0e-04  228s
  -> best  monitor=6.355e-01
  batch 10/264  loss=0.4644
  batch 20/264  loss=0.8309
  batch 30/264  loss=0.4925
  batch 40/264  loss=0.6054
  batch 50/264  loss=0.6792
  batch 60/264  loss=0.4372
  batch 70/264  loss=0.6118
  batch 80/264  loss=0.4648
  batch 90/264  loss=0.5130
  batch 100/264  loss=0.6803
  batch 110/264  loss=0.5708
  batch 120/264  loss=0.5268
  batch 130/264  loss=1.2573
  batch 140/264  loss=0.4215
  batch 150/264  loss=0.7040
  batch 160/264  loss=0.4529
  batch 170/264  loss=0.4958
  batch 180/264  loss=0.8308
  batch 190/264  loss=0.4484
  batch 200/264  loss=1.2470
  batch 210/264  loss=1.0037
  batch 220/264  loss=0.5469
  batch 230/264  loss=0.4395
  batch 240/264  loss=0.4860
  batch 250/264  loss=0.4548
  batch 260/264  loss=0.6450
Epoch  27/300  train=6.249e-01  rmse=2.2900  lr=1.0e-04  229s
  -> best  monitor=6.249e-01
  batch 10/264  loss=0.4173
  batch 20/264  loss=0.5988
  batch 30/264  loss=0.7078
  batch 40/264  loss=0.6215
  batch 50/264  loss=0.5741
  batch 60/264  loss=0.5597
  batch 70/264  loss=1.5505
  batch 80/264  loss=0.4884
  batch 90/264  loss=0.4805
  batch 100/264  loss=0.5241
  batch 110/264  loss=0.6831
  batch 120/264  loss=0.6654
  batch 130/264  loss=0.4806
  batch 140/264  loss=0.5703
  batch 150/264  loss=0.8010
  batch 160/264  loss=0.4541
  batch 170/264  loss=0.4527
  batch 180/264  loss=0.4049
  batch 190/264  loss=0.5137
  batch 200/264  loss=1.4363
  batch 210/264  loss=0.5021
  batch 220/264  loss=0.4674
  batch 230/264  loss=0.5922
  batch 240/264  loss=0.4797
  batch 250/264  loss=0.4184
  batch 260/264  loss=0.6815
Epoch  28/300  train=6.216e-01  rmse=2.3371  lr=1.0e-04  229s
  -> best  monitor=6.216e-01
  batch 10/264  loss=0.6460
  batch 20/264  loss=1.2783
  batch 30/264  loss=0.9183
  batch 40/264  loss=0.5546
  batch 50/264  loss=0.4653
  batch 60/264  loss=0.6966
  batch 70/264  loss=0.6779
  batch 80/264  loss=0.8746
  batch 90/264  loss=0.6261
  batch 100/264  loss=0.5212
  batch 110/264  loss=0.5739
  batch 120/264  loss=0.5875
  batch 130/264  loss=0.3787
  batch 140/264  loss=0.5505
  batch 150/264  loss=0.6363
  batch 160/264  loss=1.4383
  batch 170/264  loss=0.5432
  batch 180/264  loss=0.5016
  batch 190/264  loss=0.6826
  batch 200/264  loss=0.5631
  batch 210/264  loss=0.6330
  batch 220/264  loss=0.5090
  batch 230/264  loss=0.5398
  batch 240/264  loss=0.4585
  batch 250/264  loss=0.4486
  batch 260/264  loss=0.4215
Epoch  29/300  train=6.130e-01  rmse=2.2865  lr=1.0e-04  228s
  -> best  monitor=6.130e-01
  batch 10/264  loss=0.6260
  batch 20/264  loss=0.9779
  batch 30/264  loss=1.1590
  batch 40/264  loss=0.4343
  batch 50/264  loss=0.6398
  batch 60/264  loss=0.8011
  batch 70/264  loss=0.4910
  batch 80/264  loss=0.7272
  batch 90/264  loss=0.4902
  batch 100/264  loss=0.7461
  batch 110/264  loss=0.5291
  batch 120/264  loss=0.6737
  batch 130/264  loss=0.4737
  batch 140/264  loss=1.3433
  batch 150/264  loss=0.4909
  batch 160/264  loss=0.4566
  batch 170/264  loss=1.0703
  batch 180/264  loss=0.4742
  batch 190/264  loss=0.4804
  batch 200/264  loss=0.5043
  batch 210/264  loss=0.5217
  batch 220/264  loss=0.5790
  batch 230/264  loss=0.4486
  batch 240/264  loss=0.4920
  batch 250/264  loss=0.4945
  batch 260/264  loss=0.5585
Epoch  30/300  train=6.004e-01  rmse=2.2080  lr=1.0e-04  229s
  -> best  monitor=6.004e-01
  batch 10/264  loss=0.5316
  batch 20/264  loss=0.5806
  batch 30/264  loss=0.3807
  batch 40/264  loss=0.4662
  batch 50/264  loss=0.7191
  batch 60/264  loss=0.4679
  batch 70/264  loss=0.5637
  batch 80/264  loss=0.7028
  batch 90/264  loss=0.8435
  batch 100/264  loss=0.4499
  batch 110/264  loss=0.5963
  batch 120/264  loss=0.5161
  batch 130/264  loss=0.6299
  batch 140/264  loss=0.5981
  batch 150/264  loss=0.7073
  batch 160/264  loss=0.4546
  batch 170/264  loss=0.6158
  batch 180/264  loss=0.5783
  batch 190/264  loss=0.4687
  batch 200/264  loss=0.6582
  batch 210/264  loss=0.5960
  batch 220/264  loss=0.4472
  batch 230/264  loss=0.6141
  batch 240/264  loss=0.6004
  batch 250/264  loss=0.5184
  batch 260/264  loss=0.6462
Epoch  31/300  train=6.044e-01  rmse=2.2535  lr=1.0e-04  229s
  batch 10/264  loss=0.4359
  batch 20/264  loss=0.5054
  batch 30/264  loss=0.5566
  batch 40/264  loss=0.5736
  batch 50/264  loss=0.5538
  batch 60/264  loss=0.4810
  batch 70/264  loss=0.6856
  batch 80/264  loss=0.5724
  batch 90/264  loss=0.6267
  batch 100/264  loss=0.6685
  batch 110/264  loss=1.1156
  batch 120/264  loss=0.5025
  batch 130/264  loss=0.5568
  batch 140/264  loss=0.7035
  batch 150/264  loss=0.4844
  batch 160/264  loss=0.5053
  batch 170/264  loss=0.7345
  batch 180/264  loss=0.5456
  batch 190/264  loss=0.5528
  batch 200/264  loss=0.5324
  batch 210/264  loss=0.7404
  batch 220/264  loss=0.4119
  batch 230/264  loss=0.6287
  batch 240/264  loss=0.5470
  batch 250/264  loss=0.6507
  batch 260/264  loss=0.4619
Epoch  32/300  train=6.119e-01  rmse=2.3214  lr=1.0e-04  229s
  batch 10/264  loss=0.4456
  batch 20/264  loss=0.5855
  batch 30/264  loss=0.5412
  batch 40/264  loss=0.5564
  batch 50/264  loss=1.1184
  batch 60/264  loss=0.4162
  batch 70/264  loss=0.4772
  batch 80/264  loss=0.4388
  batch 90/264  loss=0.4842
  batch 100/264  loss=0.5275
  batch 110/264  loss=0.4014
  batch 120/264  loss=0.4379
  batch 130/264  loss=0.7274
  batch 140/264  loss=0.5423
  batch 150/264  loss=0.5668
  batch 160/264  loss=0.5112
  batch 170/264  loss=0.4932
  batch 180/264  loss=0.5606
  batch 190/264  loss=0.5035
  batch 200/264  loss=0.5387
  batch 210/264  loss=1.2441
  batch 220/264  loss=1.3433
  batch 230/264  loss=0.6895
  batch 240/264  loss=0.9297
  batch 250/264  loss=0.5639
  batch 260/264  loss=0.4695
Epoch  33/300  train=5.961e-01  rmse=2.2823  lr=1.0e-04  229s
  -> best  monitor=5.961e-01
  batch 10/264  loss=0.7969
  batch 20/264  loss=0.4518
  batch 30/264  loss=0.6902
  batch 40/264  loss=0.6099
  batch 50/264  loss=0.5341
  batch 60/264  loss=0.5184
  batch 70/264  loss=0.6319
  batch 80/264  loss=0.5803
  batch 90/264  loss=0.5805
  batch 100/264  loss=1.1734
  batch 110/264  loss=0.8678
  batch 120/264  loss=0.5171
  batch 130/264  loss=0.5632
  batch 140/264  loss=0.4244
  batch 150/264  loss=0.4576
  batch 160/264  loss=0.8718
  batch 170/264  loss=0.6026
  batch 180/264  loss=0.4389
  batch 190/264  loss=0.5159
  batch 200/264  loss=0.5273
  batch 210/264  loss=0.4708
  batch 220/264  loss=0.5558
  batch 230/264  loss=0.4537
  batch 240/264  loss=0.6103
  batch 250/264  loss=0.7134
  batch 260/264  loss=0.5227
Epoch  34/300  train=5.874e-01  rmse=2.1903  lr=1.0e-04  228s
  -> best  monitor=5.874e-01
  batch 10/264  loss=0.9274
  batch 20/264  loss=0.4931
  batch 30/264  loss=0.8935
  batch 40/264  loss=0.9221
  batch 50/264  loss=0.4898
  batch 60/264  loss=0.7348
  batch 70/264  loss=0.4416
  batch 80/264  loss=0.4784
  batch 90/264  loss=0.5952
  batch 100/264  loss=0.7371
  batch 110/264  loss=0.5157
  batch 120/264  loss=0.3966
  batch 130/264  loss=0.4466
  batch 140/264  loss=0.4431
  batch 150/264  loss=0.8796
  batch 160/264  loss=0.7285
  batch 170/264  loss=0.4447
  batch 180/264  loss=0.5344
  batch 190/264  loss=0.8912
  batch 200/264  loss=0.4669
  batch 210/264  loss=0.5230
  batch 220/264  loss=0.3745
  batch 230/264  loss=0.7569
  batch 240/264  loss=0.7669
  batch 250/264  loss=0.7716
  batch 260/264  loss=0.5744
Epoch  35/300  train=5.933e-01  rmse=2.2532  lr=1.0e-04  229s
  batch 10/264  loss=0.5154
  batch 20/264  loss=0.6387
  batch 30/264  loss=0.4821
  batch 40/264  loss=0.6427
  batch 50/264  loss=0.6584
  batch 60/264  loss=0.4452
  batch 70/264  loss=0.6586
  batch 80/264  loss=0.4756
  batch 90/264  loss=0.7178
  batch 100/264  loss=0.4734
  batch 110/264  loss=0.4198
  batch 120/264  loss=0.5256
  batch 130/264  loss=0.4279
  batch 140/264  loss=0.5392
  batch 150/264  loss=0.4150
  batch 160/264  loss=0.5460
  batch 170/264  loss=0.5437
  batch 180/264  loss=0.4536
  batch 190/264  loss=0.5252
  batch 200/264  loss=0.5487
  batch 210/264  loss=0.5572
  batch 220/264  loss=0.5065
  batch 230/264  loss=0.4942
  batch 240/264  loss=0.8569
  batch 250/264  loss=0.7967
  batch 260/264  loss=0.4138
Epoch  36/300  train=5.884e-01  rmse=2.2510  lr=1.0e-04  231s
  batch 10/264  loss=0.4563
  batch 20/264  loss=0.7351
  batch 30/264  loss=0.5222
  batch 40/264  loss=0.4507
  batch 50/264  loss=0.7423
  batch 60/264  loss=0.5369
  batch 70/264  loss=0.5550
  batch 80/264  loss=0.8718
  batch 90/264  loss=0.5184
  batch 100/264  loss=0.5093
  batch 110/264  loss=0.5416
  batch 120/264  loss=0.9669
  batch 130/264  loss=0.4970
  batch 140/264  loss=0.4069
  batch 150/264  loss=0.4557
  batch 160/264  loss=0.6325
  batch 170/264  loss=0.8649
  batch 180/264  loss=0.4140
  batch 190/264  loss=0.3838
  batch 200/264  loss=0.4169
  batch 210/264  loss=0.4964
  batch 220/264  loss=0.5582
  batch 230/264  loss=0.9510
  batch 240/264  loss=1.0322
  batch 250/264  loss=0.4238
  batch 260/264  loss=0.7702
Epoch  37/300  train=5.805e-01  rmse=2.2378  lr=1.0e-04  229s
  -> best  monitor=5.805e-01
  batch 10/264  loss=0.4673
  batch 20/264  loss=0.4507
  batch 30/264  loss=0.5506
  batch 40/264  loss=0.3872
  batch 50/264  loss=0.5740
  batch 60/264  loss=0.4136
  batch 70/264  loss=0.4870
  batch 80/264  loss=0.6389
  batch 90/264  loss=0.5737
  batch 100/264  loss=0.6193
  batch 110/264  loss=0.8707
  batch 120/264  loss=0.5137
  batch 130/264  loss=0.6585
  batch 140/264  loss=0.4492
  batch 150/264  loss=0.6474
  batch 160/264  loss=0.8194
  batch 170/264  loss=0.4024
  batch 180/264  loss=0.7344
  batch 190/264  loss=0.7594
  batch 200/264  loss=0.7086
  batch 210/264  loss=0.3708
  batch 220/264  loss=0.4824
  batch 230/264  loss=0.6146
  batch 240/264  loss=1.1699
  batch 250/264  loss=0.5082
  batch 260/264  loss=0.3735
Epoch  38/300  train=5.777e-01  rmse=2.1844  lr=1.0e-04  229s
  -> best  monitor=5.777e-01
  batch 10/264  loss=0.5681
  batch 20/264  loss=0.6285
  batch 30/264  loss=0.5293
  batch 40/264  loss=0.7964
  batch 50/264  loss=0.6904
  batch 60/264  loss=0.4379
  batch 70/264  loss=0.5474
  batch 80/264  loss=0.5484
  batch 90/264  loss=0.5132
  batch 100/264  loss=0.4678
  batch 110/264  loss=0.7960
  batch 120/264  loss=0.3415
  batch 130/264  loss=0.4491
  batch 140/264  loss=0.5564
  batch 150/264  loss=0.4043
  batch 160/264  loss=0.7953
  batch 170/264  loss=1.2333
  batch 180/264  loss=0.9009
  batch 190/264  loss=0.3713
  batch 200/264  loss=0.6091
  batch 210/264  loss=0.7897
  batch 220/264  loss=0.6568
  batch 230/264  loss=0.4769
  batch 240/264  loss=0.8859
  batch 250/264  loss=0.4865
  batch 260/264  loss=0.3693
Epoch  39/300  train=5.723e-01  rmse=2.1594  lr=1.0e-04  229s
  -> best  monitor=5.723e-01
  batch 10/264  loss=0.7221
  batch 20/264  loss=0.4840
  batch 30/264  loss=0.5489
  batch 40/264  loss=0.3984
  batch 50/264  loss=0.4371
  batch 60/264  loss=0.5103
  batch 70/264  loss=0.5542
  batch 80/264  loss=0.5115
  batch 90/264  loss=0.7080
  batch 100/264  loss=0.5290
  batch 110/264  loss=0.4902
  batch 120/264  loss=0.3862
  batch 130/264  loss=0.5106
  batch 140/264  loss=0.3255
  batch 150/264  loss=0.5850
  batch 160/264  loss=0.4101
  batch 170/264  loss=0.5029
  batch 180/264  loss=0.9028
  batch 190/264  loss=0.4503
  batch 200/264  loss=0.7283
  batch 210/264  loss=0.3999
  batch 220/264  loss=0.6487
  batch 230/264  loss=0.7485
  batch 240/264  loss=0.5805
  batch 250/264  loss=0.4443
  batch 260/264  loss=0.9023
Epoch  40/300  train=5.651e-01  rmse=2.1701  lr=1.0e-04  230s
  -> best  monitor=5.651e-01
  batch 10/264  loss=0.5248
  batch 20/264  loss=0.4672
  batch 30/264  loss=0.4550
  batch 40/264  loss=0.4219
  batch 50/264  loss=0.4099
  batch 60/264  loss=0.7645
  batch 70/264  loss=0.3816
  batch 80/264  loss=0.4855
  batch 90/264  loss=0.8686
  batch 100/264  loss=0.9817
  batch 110/264  loss=0.4283
  batch 120/264  loss=0.6989
  batch 130/264  loss=0.4018
  batch 140/264  loss=0.6871
  batch 150/264  loss=0.6907
  batch 160/264  loss=0.4286
  batch 170/264  loss=0.6011
  batch 180/264  loss=0.4548
  batch 190/264  loss=0.4420
  batch 200/264  loss=0.5672
  batch 210/264  loss=0.5824
  batch 220/264  loss=0.5855
  batch 230/264  loss=0.6572
  batch 240/264  loss=0.6000
  batch 250/264  loss=0.4361
  batch 260/264  loss=0.4569
Epoch  41/300  train=5.636e-01  rmse=2.1723  lr=1.0e-04  228s
  -> best  monitor=5.636e-01
  batch 10/264  loss=0.6763
  batch 20/264  loss=0.4120
  batch 30/264  loss=0.5814
  batch 40/264  loss=0.6452
  batch 50/264  loss=0.5778
  batch 60/264  loss=0.5594
  batch 70/264  loss=0.4741
  batch 80/264  loss=0.7085
  batch 90/264  loss=0.3956
  batch 100/264  loss=0.4958
  batch 110/264  loss=0.5005
  batch 120/264  loss=0.4209
  batch 130/264  loss=0.5039
  batch 140/264  loss=0.4168
  batch 150/264  loss=0.8356
  batch 160/264  loss=0.5833
  batch 170/264  loss=0.4699
  batch 180/264  loss=1.3347
  batch 190/264  loss=0.3798
  batch 200/264  loss=0.4637
  batch 210/264  loss=0.4459
  batch 220/264  loss=0.9052
  batch 230/264  loss=0.4597
  batch 240/264  loss=0.4846
  batch 250/264  loss=0.6682
  batch 260/264  loss=0.5411
Epoch  42/300  train=5.716e-01  rmse=2.1764  lr=1.0e-04  230s
  batch 10/264  loss=0.7976
  batch 20/264  loss=0.4819
  batch 30/264  loss=1.0640
  batch 40/264  loss=0.6429
  batch 50/264  loss=0.6884
  batch 60/264  loss=0.4180
  batch 70/264  loss=0.4148
  batch 80/264  loss=0.5813
  batch 90/264  loss=0.6110
  batch 100/264  loss=0.4194
  batch 110/264  loss=0.8097
  batch 120/264  loss=0.6407
  batch 130/264  loss=0.4466
  batch 140/264  loss=0.6236
  batch 150/264  loss=0.7527
  batch 160/264  loss=0.5840
  batch 170/264  loss=0.4178
  batch 180/264  loss=0.5386
  batch 190/264  loss=0.5184
  batch 200/264  loss=0.6466
  batch 210/264  loss=0.6673
  batch 220/264  loss=0.4419
  batch 230/264  loss=0.4810
  batch 240/264  loss=0.3936
  batch 250/264  loss=0.5569
  batch 260/264  loss=0.4652
Epoch  43/300  train=5.635e-01  rmse=2.1693  lr=1.0e-04  230s
  -> best  monitor=5.635e-01
  batch 10/264  loss=0.4806
  batch 20/264  loss=0.3796
  batch 30/264  loss=0.4809
  batch 40/264  loss=0.5680
  batch 50/264  loss=0.6988
  batch 60/264  loss=0.6656
  batch 70/264  loss=0.4611
  batch 80/264  loss=0.5620
  batch 90/264  loss=0.4468
  batch 100/264  loss=0.7683
  batch 110/264  loss=0.6651
  batch 120/264  loss=0.5193
  batch 130/264  loss=0.5311
  batch 140/264  loss=0.7632
  batch 150/264  loss=0.5584
  batch 160/264  loss=0.4139
  batch 170/264  loss=0.5028
  batch 180/264  loss=0.6221
  batch 190/264  loss=0.5383
  batch 200/264  loss=0.3843
  batch 210/264  loss=0.3944
  batch 220/264  loss=0.5769
  batch 230/264  loss=0.8182
  batch 240/264  loss=0.4902
  batch 250/264  loss=0.3908
  batch 260/264  loss=0.6704
Epoch  44/300  train=5.583e-01  rmse=2.1163  lr=1.0e-04  230s
  -> best  monitor=5.583e-01
  batch 10/264  loss=0.4189
  batch 20/264  loss=0.3999
  batch 30/264  loss=0.5141
  batch 40/264  loss=0.4886
  batch 50/264  loss=0.4911
  batch 60/264  loss=0.5990
  batch 70/264  loss=0.5664
  batch 80/264  loss=0.5827
  batch 90/264  loss=0.7527
  batch 100/264  loss=0.7318
  batch 110/264  loss=0.3964
  batch 120/264  loss=0.5121
  batch 130/264  loss=0.7571
  batch 140/264  loss=0.6337
  batch 150/264  loss=0.4571
  batch 160/264  loss=0.7647
  batch 170/264  loss=0.8140
  batch 180/264  loss=0.5848
  batch 190/264  loss=0.5242
  batch 200/264  loss=0.4556
  batch 210/264  loss=0.4364
  batch 220/264  loss=0.8823
  batch 230/264  loss=0.6262
  batch 240/264  loss=0.3607
  batch 250/264  loss=0.4695
  batch 260/264  loss=0.6716
Epoch  45/300  train=5.448e-01  rmse=2.1121  lr=1.0e-04  229s
  -> best  monitor=5.448e-01
  batch 10/264  loss=0.5616
  batch 20/264  loss=0.4788
  batch 30/264  loss=0.4571
  batch 40/264  loss=0.4610
  batch 50/264  loss=0.6850
  batch 60/264  loss=0.4537
  batch 70/264  loss=0.4565
  batch 80/264  loss=0.7167
  batch 90/264  loss=0.3866
  batch 100/264  loss=0.6639
  batch 110/264  loss=0.7370
  batch 120/264  loss=0.7521
  batch 130/264  loss=0.4543
  batch 140/264  loss=0.5084
  batch 150/264  loss=0.6464
  batch 160/264  loss=0.5170
  batch 170/264  loss=0.5152
  batch 180/264  loss=0.4305
  batch 190/264  loss=0.3690
  batch 200/264  loss=0.4499
  batch 210/264  loss=0.7774
  batch 220/264  loss=0.4828
  batch 230/264  loss=0.4208
  batch 240/264  loss=0.4502
  batch 250/264  loss=0.4937
  batch 260/264  loss=0.4066
Epoch  46/300  train=5.440e-01  rmse=2.0992  lr=1.0e-04  231s
  -> best  monitor=5.440e-01
  batch 10/264  loss=0.5077
  batch 20/264  loss=0.5330
  batch 30/264  loss=0.4117
  batch 40/264  loss=0.5382
  batch 50/264  loss=0.4388
  batch 60/264  loss=0.4543
  batch 70/264  loss=0.7823
  batch 80/264  loss=0.6010
  batch 90/264  loss=0.5028
  batch 100/264  loss=1.0188
  batch 110/264  loss=0.3822
  batch 120/264  loss=0.4609
  batch 130/264  loss=0.5351
  batch 140/264  loss=0.6514
  batch 150/264  loss=0.7036
  batch 160/264  loss=0.5712
  batch 170/264  loss=0.9935
  batch 180/264  loss=0.3864
  batch 190/264  loss=0.4987
  batch 200/264  loss=0.7741
  batch 210/264  loss=0.4730
  batch 220/264  loss=0.5155
  batch 230/264  loss=0.4415
  batch 240/264  loss=0.4227
  batch 250/264  loss=0.4636
  batch 260/264  loss=0.5146
Epoch  47/300  train=5.507e-01  rmse=2.1355  lr=1.0e-04  229s
  batch 10/264  loss=0.4165
  batch 20/264  loss=0.5309
  batch 30/264  loss=0.5553
  batch 40/264  loss=0.3687
  batch 50/264  loss=0.4461
  batch 60/264  loss=0.4635
  batch 70/264  loss=0.6336
  batch 80/264  loss=0.4457
  batch 90/264  loss=0.4066
  batch 100/264  loss=0.7658
  batch 110/264  loss=0.4602
  batch 120/264  loss=0.4389
  batch 130/264  loss=0.4250
  batch 140/264  loss=0.4101
  batch 150/264  loss=0.7832
  batch 160/264  loss=0.5961
  batch 170/264  loss=0.3698
  batch 180/264  loss=0.4655
  batch 190/264  loss=0.4217
  batch 200/264  loss=0.3808
  batch 210/264  loss=0.3490
  batch 220/264  loss=0.4852
  batch 230/264  loss=0.6819
  batch 240/264  loss=0.5760
  batch 250/264  loss=0.4143
  batch 260/264  loss=0.4663
Epoch  48/300  train=5.389e-01  rmse=2.0799  lr=1.0e-04  230s
  -> best  monitor=5.389e-01
  batch 10/264  loss=0.6029
  batch 20/264  loss=0.3994
  batch 30/264  loss=0.5189
  batch 40/264  loss=0.6520
  batch 50/264  loss=0.4199
  batch 60/264  loss=0.3546
  batch 70/264  loss=0.5128
  batch 80/264  loss=0.6142
  batch 90/264  loss=0.3596
  batch 100/264  loss=0.4818
  batch 110/264  loss=0.7471
  batch 120/264  loss=0.4928
  batch 130/264  loss=0.5381
  batch 140/264  loss=0.4006
  batch 150/264  loss=0.4002
  batch 160/264  loss=0.4850
  batch 170/264  loss=0.8271
  batch 180/264  loss=0.3962
  batch 190/264  loss=0.4587
  batch 200/264  loss=0.5586
  batch 210/264  loss=0.4548
  batch 220/264  loss=0.5430
  batch 230/264  loss=0.5110
  batch 240/264  loss=0.3874
  batch 250/264  loss=0.8003
  batch 260/264  loss=0.4974
Epoch  49/300  train=5.397e-01  rmse=2.1026  lr=1.0e-04  229s
  batch 10/264  loss=0.4758
  batch 20/264  loss=0.5086
  batch 30/264  loss=0.6043
  batch 40/264  loss=0.4775
  batch 50/264  loss=0.4126
  batch 60/264  loss=0.4127
  batch 70/264  loss=0.7064
  batch 80/264  loss=0.4018
  batch 90/264  loss=0.4567
  batch 100/264  loss=0.6933
  batch 110/264  loss=0.4378
  batch 120/264  loss=0.7118
  batch 130/264  loss=0.4861
  batch 140/264  loss=0.5070
  batch 150/264  loss=0.4036
  batch 160/264  loss=0.4351
  batch 170/264  loss=0.4468
  batch 180/264  loss=0.4072
  batch 190/264  loss=0.8044
  batch 200/264  loss=0.4540
  batch 210/264  loss=0.5971
  batch 220/264  loss=0.6366
  batch 230/264  loss=0.4304
  batch 240/264  loss=0.4981
  batch 250/264  loss=0.7600
  batch 260/264  loss=0.4920
Epoch  50/300  train=5.443e-01  rmse=2.1308  lr=1.0e-04  229s
  batch 10/264  loss=0.5412
  batch 20/264  loss=0.4291
  batch 30/264  loss=0.4160
  batch 40/264  loss=0.3767
  batch 50/264  loss=0.5359
  batch 60/264  loss=0.4511
  batch 70/264  loss=0.4540
  batch 80/264  loss=0.5253
  batch 90/264  loss=0.8518
  batch 100/264  loss=0.6584
  batch 110/264  loss=0.3655
  batch 120/264  loss=0.5168
  batch 130/264  loss=0.4861
  batch 140/264  loss=0.5736
  batch 150/264  loss=0.5672
  batch 160/264  loss=0.5575
  batch 170/264  loss=0.5369
  batch 180/264  loss=0.4106
  batch 190/264  loss=0.3663
  batch 200/264  loss=0.5561
  batch 210/264  loss=0.4890
  batch 220/264  loss=0.5834
  batch 230/264  loss=0.3665
  batch 240/264  loss=0.8616
  batch 250/264  loss=0.5629
  batch 260/264  loss=0.4723
Epoch  51/300  train=5.322e-01  rmse=2.0722  lr=1.0e-04  228s
  -> best  monitor=5.322e-01
  batch 10/264  loss=0.3674
  batch 20/264  loss=0.5720
  batch 30/264  loss=0.3678
  batch 40/264  loss=0.4030
  batch 50/264  loss=0.3576
  batch 60/264  loss=0.4906
  batch 70/264  loss=0.3944
  batch 80/264  loss=0.4718
  batch 90/264  loss=0.6837
  batch 100/264  loss=0.3902
  batch 110/264  loss=0.3928
  batch 120/264  loss=0.4463
  batch 130/264  loss=0.6197
  batch 140/264  loss=0.6254
  batch 150/264  loss=0.7232
  batch 160/264  loss=0.4539
  batch 170/264  loss=0.4158
  batch 180/264  loss=0.5963
  batch 190/264  loss=0.4350
  batch 200/264  loss=0.4576
  batch 210/264  loss=0.5524
  batch 220/264  loss=0.8206
  batch 230/264  loss=0.4283
  batch 240/264  loss=0.4680
  batch 250/264  loss=0.7591
  batch 260/264  loss=0.4931
Epoch  52/300  train=5.300e-01  rmse=2.0884  lr=1.0e-04  230s
  -> best  monitor=5.300e-01
  batch 10/264  loss=0.5725
  batch 20/264  loss=1.0764
  batch 30/264  loss=0.4207
  batch 40/264  loss=0.3683
  batch 50/264  loss=0.7745
  batch 60/264  loss=0.6090
  batch 70/264  loss=0.5527
  batch 80/264  loss=0.5587
  batch 90/264  loss=0.3622
  batch 100/264  loss=0.7120
  batch 110/264  loss=0.5292
  batch 120/264  loss=0.5194
  batch 130/264  loss=0.5917
  batch 140/264  loss=0.4386
  batch 150/264  loss=0.5100
  batch 160/264  loss=0.4070
  batch 170/264  loss=0.5661
  batch 180/264  loss=0.4816
  batch 190/264  loss=0.4548
  batch 200/264  loss=0.4753
  batch 210/264  loss=0.5620
  batch 220/264  loss=0.5944
  batch 230/264  loss=0.4901
  batch 240/264  loss=0.7490
  batch 250/264  loss=0.4073
  batch 260/264  loss=0.3591
Epoch  53/300  train=5.337e-01  rmse=2.1028  lr=1.0e-04  230s
  batch 10/264  loss=0.6123
  batch 20/264  loss=0.4444
  batch 30/264  loss=0.4647
  batch 40/264  loss=0.4958
  batch 50/264  loss=0.5906
  batch 60/264  loss=0.5138
  batch 70/264  loss=0.4049
  batch 80/264  loss=0.3911
  batch 90/264  loss=0.3941
  batch 100/264  loss=0.4749
  batch 110/264  loss=0.5134
  batch 120/264  loss=0.4274
  batch 130/264  loss=0.4188
  batch 140/264  loss=0.7552
  batch 150/264  loss=0.4668
  batch 160/264  loss=0.5362
  batch 170/264  loss=0.5417
  batch 180/264  loss=0.5906
  batch 190/264  loss=0.4246
  batch 200/264  loss=0.4281
  batch 210/264  loss=0.4000
  batch 220/264  loss=0.7909
  batch 230/264  loss=0.4321
  batch 240/264  loss=0.9635
  batch 250/264  loss=0.5250
  batch 260/264  loss=0.4345
Epoch  54/300  train=5.380e-01  rmse=2.0957  lr=1.0e-04  230s
  batch 10/264  loss=0.5041
  batch 20/264  loss=0.5393
  batch 30/264  loss=0.6984
  batch 40/264  loss=0.4144
  batch 50/264  loss=0.4381
  batch 60/264  loss=0.5324
  batch 70/264  loss=0.5117
  batch 80/264  loss=0.8031
  batch 90/264  loss=0.4406
  batch 100/264  loss=0.4009
  batch 110/264  loss=0.4249
  batch 120/264  loss=0.4104
  batch 130/264  loss=0.3517
  batch 140/264  loss=0.4008
  batch 150/264  loss=0.5597
  batch 160/264  loss=0.5676
  batch 170/264  loss=0.4347
  batch 180/264  loss=0.5968
  batch 190/264  loss=0.4012
  batch 200/264  loss=0.4589
  batch 210/264  loss=0.4533
  batch 220/264  loss=0.6500
  batch 230/264  loss=0.4130
  batch 240/264  loss=0.7914
  batch 250/264  loss=0.4897
  batch 260/264  loss=0.4476
Epoch  55/300  train=5.298e-01  rmse=2.0995  lr=1.0e-04  229s
  -> best  monitor=5.298e-01
  batch 10/264  loss=0.3608
  batch 20/264  loss=1.0686
  batch 30/264  loss=0.7766
  batch 40/264  loss=0.3693
  batch 50/264  loss=0.4467
  batch 60/264  loss=0.3871
  batch 70/264  loss=0.4716
  batch 80/264  loss=0.4141
  batch 90/264  loss=0.4349
  batch 100/264  loss=0.4872
  batch 110/264  loss=0.4595
  batch 120/264  loss=0.4290
  batch 130/264  loss=0.5491
  batch 140/264  loss=0.5622
  batch 150/264  loss=0.5045
  batch 160/264  loss=0.5512
  batch 170/264  loss=0.4183
  batch 180/264  loss=0.3865
  batch 190/264  loss=0.3938
  batch 200/264  loss=0.3411
  batch 210/264  loss=0.4242
  batch 220/264  loss=0.4123
  batch 230/264  loss=0.6399
  batch 240/264  loss=0.7021
  batch 250/264  loss=0.7551
  batch 260/264  loss=0.4601
Epoch  56/300  train=5.209e-01  rmse=2.0631  lr=1.0e-04  230s
  -> best  monitor=5.209e-01
  batch 10/264  loss=0.4273
  batch 20/264  loss=0.4493
  batch 30/264  loss=0.8198
  batch 40/264  loss=0.6241
  batch 50/264  loss=0.8261
  batch 60/264  loss=0.4876
  batch 70/264  loss=0.7762
  batch 80/264  loss=0.4820
  batch 90/264  loss=0.7856
  batch 100/264  loss=0.4865
  batch 110/264  loss=0.3774
  batch 120/264  loss=0.5670
  batch 130/264  loss=0.3852
  batch 140/264  loss=0.3956
  batch 150/264  loss=0.3853
  batch 160/264  loss=0.4152
  batch 170/264  loss=0.6874
  batch 180/264  loss=0.7649
  batch 190/264  loss=0.4640
  batch 200/264  loss=0.3999
  batch 210/264  loss=0.5435
  batch 220/264  loss=1.1161
  batch 230/264  loss=0.4281
  batch 240/264  loss=0.3769
  batch 250/264  loss=0.4279
  batch 260/264  loss=0.4361
Epoch  57/300  train=5.160e-01  rmse=2.0415  lr=1.0e-04  229s
  -> best  monitor=5.160e-01
  batch 10/264  loss=0.6823
  batch 20/264  loss=0.4806
  batch 30/264  loss=0.4195
  batch 40/264  loss=0.5471
  batch 50/264  loss=0.5018
  batch 60/264  loss=0.7936
  batch 70/264  loss=0.7946
  batch 80/264  loss=0.5320
  batch 90/264  loss=0.3987
  batch 100/264  loss=0.4456
  batch 110/264  loss=0.4123
  batch 120/264  loss=0.3555
  batch 130/264  loss=0.4524
  batch 140/264  loss=0.4788
  batch 150/264  loss=0.5205
  batch 160/264  loss=0.4802
  batch 170/264  loss=0.5390
  batch 180/264  loss=0.4580
  batch 190/264  loss=0.4075
  batch 200/264  loss=0.4632
  batch 210/264  loss=0.4080
  batch 220/264  loss=0.7355
  batch 230/264  loss=0.5309
  batch 240/264  loss=0.4703
  batch 250/264  loss=0.8313
  batch 260/264  loss=0.5776
Epoch  58/300  train=5.182e-01  rmse=2.0492  lr=1.0e-04  230s
  batch 10/264  loss=0.5063
  batch 20/264  loss=0.4343
  batch 30/264  loss=0.4509
  batch 40/264  loss=0.4464
  batch 50/264  loss=0.4428
  batch 60/264  loss=0.5402
  batch 70/264  loss=0.6320
  batch 80/264  loss=0.5097
  batch 90/264  loss=0.3810
  batch 100/264  loss=0.5396
  batch 110/264  loss=0.4062
  batch 120/264  loss=0.5987
  batch 130/264  loss=0.4472
  batch 140/264  loss=0.4707
  batch 150/264  loss=0.6252
  batch 160/264  loss=0.5786
  batch 170/264  loss=0.3312
  batch 180/264  loss=0.6658
  batch 190/264  loss=0.3979
  batch 200/264  loss=0.5327
  batch 210/264  loss=0.4726
  batch 220/264  loss=0.4006
  batch 230/264  loss=0.5439
  batch 240/264  loss=0.6840
  batch 250/264  loss=0.4567
  batch 260/264  loss=0.4032
Epoch  59/300  train=5.225e-01  rmse=2.0678  lr=1.0e-04  230s
  batch 10/264  loss=0.4366
  batch 20/264  loss=0.8914
  batch 30/264  loss=0.7894
  batch 40/264  loss=0.4503
  batch 50/264  loss=0.4491
  batch 60/264  loss=0.4793
  batch 70/264  loss=0.4977
  batch 80/264  loss=0.4461
  batch 90/264  loss=0.8483
  batch 100/264  loss=0.4124
  batch 110/264  loss=0.4590
  batch 120/264  loss=0.7913
  batch 130/264  loss=0.3619
  batch 140/264  loss=0.4853
  batch 150/264  loss=0.5079
  batch 160/264  loss=0.6403
  batch 170/264  loss=0.6360
  batch 180/264  loss=0.6612
  batch 190/264  loss=0.7001
  batch 200/264  loss=0.3800
  batch 210/264  loss=0.4320
  batch 220/264  loss=0.4753
  batch 230/264  loss=0.8608
  batch 240/264  loss=0.4587
  batch 250/264  loss=0.4680
  batch 260/264  loss=0.5281
Epoch  60/300  train=5.186e-01  rmse=2.1178  lr=1.0e-04  230s
  batch 10/264  loss=0.4083
  batch 20/264  loss=0.3996
  batch 30/264  loss=0.3610
  batch 40/264  loss=0.3799
  batch 50/264  loss=0.4964
  batch 60/264  loss=0.6437
  batch 70/264  loss=0.3825
  batch 80/264  loss=0.5722
  batch 90/264  loss=0.4558
  batch 100/264  loss=0.6768
  batch 110/264  loss=0.5621
  batch 120/264  loss=0.4412
  batch 130/264  loss=0.3870
  batch 140/264  loss=0.4324
  batch 150/264  loss=0.4217
  batch 160/264  loss=0.5020
  batch 170/264  loss=0.4889
  batch 180/264  loss=0.3520
  batch 190/264  loss=0.4565
  batch 200/264  loss=0.3684
  batch 210/264  loss=0.6055
  batch 220/264  loss=0.3872
  batch 230/264  loss=0.3857
  batch 240/264  loss=0.4715
  batch 250/264  loss=0.5194
  batch 260/264  loss=0.7444
Epoch  61/300  train=5.150e-01  rmse=2.0391  lr=1.0e-04  230s
  -> best  monitor=5.150e-01
  batch 10/264  loss=0.3870
  batch 20/264  loss=0.4432
  batch 30/264  loss=0.5357
  batch 40/264  loss=0.5831
  batch 50/264  loss=0.4111
  batch 60/264  loss=0.4775
  batch 70/264  loss=0.4036
  batch 80/264  loss=0.5959
  batch 90/264  loss=0.3945
  batch 100/264  loss=0.3432
  batch 110/264  loss=0.4029
  batch 120/264  loss=0.4142
  batch 130/264  loss=0.5965
  batch 140/264  loss=0.6041
  batch 150/264  loss=0.3830
  batch 160/264  loss=1.1610
  batch 170/264  loss=0.5041
  batch 180/264  loss=0.5220
  batch 190/264  loss=0.4172
  batch 200/264  loss=0.5137
  batch 210/264  loss=0.4042
  batch 220/264  loss=0.5436
  batch 230/264  loss=0.3744
  batch 240/264  loss=0.3816
  batch 250/264  loss=0.6509
  batch 260/264  loss=0.7771
Epoch  62/300  train=5.125e-01  rmse=2.0373  lr=1.0e-04  229s
  -> best  monitor=5.125e-01
  batch 10/264  loss=0.4975
  batch 20/264  loss=0.4343
  batch 30/264  loss=0.5876
  batch 40/264  loss=0.5577
  batch 50/264  loss=0.5153
  batch 60/264  loss=0.3881
  batch 70/264  loss=0.4259
  batch 80/264  loss=0.7098
  batch 90/264  loss=0.6184
  batch 100/264  loss=0.3926
  batch 110/264  loss=0.6271
  batch 120/264  loss=0.4165
  batch 130/264  loss=0.4457
  batch 140/264  loss=0.5636
  batch 150/264  loss=0.3925
  batch 160/264  loss=0.5282
  batch 170/264  loss=0.4185
  batch 180/264  loss=0.4651
  batch 190/264  loss=0.5969
  batch 200/264  loss=0.6357
  batch 210/264  loss=0.4640
  batch 220/264  loss=0.6885
  batch 230/264  loss=0.5410
  batch 240/264  loss=0.6623
  batch 250/264  loss=0.4124
  batch 260/264  loss=0.4801
Epoch  63/300  train=5.130e-01  rmse=2.1001  lr=1.0e-04  229s
  batch 10/264  loss=0.4174
  batch 20/264  loss=0.4674
  batch 30/264  loss=0.3772
  batch 40/264  loss=0.5173
  batch 50/264  loss=0.4511
  batch 60/264  loss=0.4158
  batch 70/264  loss=0.4654
  batch 80/264  loss=0.7516
  batch 90/264  loss=0.5776
  batch 100/264  loss=0.5631
  batch 110/264  loss=0.4534
  batch 120/264  loss=0.6843
  batch 130/264  loss=0.6254
  batch 140/264  loss=0.5194
  batch 150/264  loss=0.4941
  batch 160/264  loss=0.4347
  batch 170/264  loss=0.4039
  batch 180/264  loss=0.6348
  batch 190/264  loss=0.4729
  batch 200/264  loss=0.6708
  batch 210/264  loss=0.6656
  batch 220/264  loss=0.5926
  batch 230/264  loss=0.6736
  batch 240/264  loss=0.3549
  batch 250/264  loss=0.5193
  batch 260/264  loss=0.4593
Epoch  64/300  train=5.094e-01  rmse=2.0527  lr=1.0e-04  231s
  -> best  monitor=5.094e-01
  batch 10/264  loss=0.4413
  batch 20/264  loss=0.6916
  batch 30/264  loss=0.4737
  batch 40/264  loss=0.3968
  batch 50/264  loss=0.4192
  batch 60/264  loss=0.3744
  batch 70/264  loss=0.3916
  batch 80/264  loss=0.4251
  batch 90/264  loss=0.5416
  batch 100/264  loss=0.4929
  batch 110/264  loss=0.6058
  batch 120/264  loss=0.4755
  batch 130/264  loss=0.4353
  batch 140/264  loss=0.3527
  batch 150/264  loss=1.0834
  batch 160/264  loss=0.8980
  batch 170/264  loss=0.3883
  batch 180/264  loss=0.5284
  batch 190/264  loss=0.4692
  batch 200/264  loss=0.5071
  batch 210/264  loss=0.5202
  batch 220/264  loss=0.3484
  batch 230/264  loss=0.4062
  batch 240/264  loss=0.6546
  batch 250/264  loss=0.4520
  batch 260/264  loss=0.4611
Epoch  65/300  train=5.048e-01  rmse=2.0596  lr=1.0e-04  230s
  -> best  monitor=5.048e-01
  batch 10/264  loss=0.6533
  batch 20/264  loss=0.4975
  batch 30/264  loss=0.5119
  batch 40/264  loss=0.3937
  batch 50/264  loss=0.4043
  batch 60/264  loss=0.5338
  batch 70/264  loss=0.8435
  batch 80/264  loss=0.6097
  batch 90/264  loss=0.5941
  batch 100/264  loss=0.4939
  batch 110/264  loss=0.4194
  batch 120/264  loss=0.4737
  batch 130/264  loss=0.8703
  batch 140/264  loss=0.5831
  batch 150/264  loss=0.4695
  batch 160/264  loss=0.3488
  batch 170/264  loss=0.4995
  batch 180/264  loss=0.4923
  batch 190/264  loss=0.3722
  batch 200/264  loss=0.5413
  batch 210/264  loss=0.3980
  batch 220/264  loss=0.4129
  batch 230/264  loss=0.3328
  batch 240/264  loss=0.6620
  batch 250/264  loss=0.6345
  batch 260/264  loss=0.4671
Epoch  66/300  train=5.101e-01  rmse=2.0627  lr=1.0e-04  230s
  batch 10/264  loss=0.8517
  batch 20/264  loss=0.5857
  batch 30/264  loss=0.4217
  batch 40/264  loss=0.4868
  batch 50/264  loss=0.5962
  batch 60/264  loss=0.5032
  batch 70/264  loss=0.3682
  batch 80/264  loss=0.4047
  batch 90/264  loss=0.9023
  batch 100/264  loss=0.6339
  batch 110/264  loss=0.5402
  batch 120/264  loss=0.3699
  batch 130/264  loss=0.5286
  batch 140/264  loss=0.4817
  batch 150/264  loss=0.4203
  batch 160/264  loss=0.3469
  batch 170/264  loss=0.4395
  batch 180/264  loss=0.5178
  batch 190/264  loss=0.7998
  batch 200/264  loss=0.5101
  batch 210/264  loss=0.7549
  batch 220/264  loss=0.4834
  batch 230/264  loss=0.4461
  batch 240/264  loss=0.4104
  batch 250/264  loss=0.5160
  batch 260/264  loss=0.6346
Epoch  67/300  train=5.008e-01  rmse=2.0059  lr=1.0e-04  229s
  -> best  monitor=5.008e-01
  batch 10/264  loss=0.4754
  batch 20/264  loss=0.6103
  batch 30/264  loss=0.8287
  batch 40/264  loss=0.7920
  batch 50/264  loss=0.3649
  batch 60/264  loss=0.4409
  batch 70/264  loss=0.8093
  batch 80/264  loss=0.4166
  batch 90/264  loss=0.5896
  batch 100/264  loss=0.5387
  batch 110/264  loss=0.4741
  batch 120/264  loss=0.4610
  batch 130/264  loss=0.3890
  batch 140/264  loss=0.4109
  batch 150/264  loss=0.4479
  batch 160/264  loss=0.5369
  batch 170/264  loss=0.4027
  batch 180/264  loss=0.4523
  batch 190/264  loss=0.4358
  batch 200/264  loss=0.5691
  batch 210/264  loss=0.5055
  batch 220/264  loss=0.8136
  batch 230/264  loss=0.5670
  batch 240/264  loss=0.5030
  batch 250/264  loss=0.6473
  batch 260/264  loss=0.7133
Epoch  68/300  train=5.119e-01  rmse=2.0490  lr=1.0e-04  229s
  batch 10/264  loss=0.3939
  batch 20/264  loss=0.4892
  batch 30/264  loss=0.3272
  batch 40/264  loss=0.5053
  batch 50/264  loss=0.4536
  batch 60/264  loss=0.6166
  batch 70/264  loss=0.5099
  batch 80/264  loss=0.4507
  batch 90/264  loss=0.6588
  batch 100/264  loss=0.3829
  batch 110/264  loss=0.6303
  batch 120/264  loss=0.3782
  batch 130/264  loss=0.5405
  batch 140/264  loss=0.9508
  batch 150/264  loss=0.4051
  batch 160/264  loss=0.4173
  batch 170/264  loss=0.6317
  batch 180/264  loss=0.6801
  batch 190/264  loss=0.7338
  batch 200/264  loss=0.4640
  batch 210/264  loss=0.5902
  batch 220/264  loss=0.5127
  batch 230/264  loss=0.5423
  batch 240/264  loss=0.4719
  batch 250/264  loss=0.4999
  batch 260/264  loss=0.6800
Epoch  69/300  train=4.968e-01  rmse=2.0242  lr=1.0e-04  230s
  -> best  monitor=4.968e-01
  batch 10/264  loss=0.3843
  batch 20/264  loss=0.4824
  batch 30/264  loss=0.4635
  batch 40/264  loss=0.4216
  batch 50/264  loss=0.4958
  batch 60/264  loss=0.4348
  batch 70/264  loss=0.7506
  batch 80/264  loss=0.4760
  batch 90/264  loss=0.4234
  batch 100/264  loss=0.5377
  batch 110/264  loss=0.8394
  batch 120/264  loss=0.3836
  batch 130/264  loss=0.7983
  batch 140/264  loss=0.4149
  batch 150/264  loss=0.5346
  batch 160/264  loss=0.4291
  batch 170/264  loss=0.6580
  batch 180/264  loss=0.4540
  batch 190/264  loss=0.4006
  batch 200/264  loss=0.4288
  batch 210/264  loss=0.5449
  batch 220/264  loss=0.3789
  batch 230/264  loss=0.4936
  batch 240/264  loss=0.5092
  batch 250/264  loss=0.5770
  batch 260/264  loss=0.4372
Epoch  70/300  train=5.006e-01  rmse=2.0107  lr=1.0e-04  230s
  batch 10/264  loss=0.4743
  batch 20/264  loss=0.4221
  batch 30/264  loss=0.4974
  batch 40/264  loss=0.5463
  batch 50/264  loss=0.4586
  batch 60/264  loss=0.3805
  batch 70/264  loss=0.4461
  batch 80/264  loss=0.3915
  batch 90/264  loss=0.4446
  batch 100/264  loss=0.9334
  batch 110/264  loss=0.5059
  batch 120/264  loss=0.4077
  batch 130/264  loss=0.3601
  batch 140/264  loss=0.3664
  batch 150/264  loss=0.9496
  batch 160/264  loss=0.6142
  batch 170/264  loss=0.4601
  batch 180/264  loss=0.3946
  batch 190/264  loss=0.4432
  batch 200/264  loss=0.4158
  batch 210/264  loss=0.4378
  batch 220/264  loss=0.3709
  batch 230/264  loss=0.4569
  batch 240/264  loss=0.3615
  batch 250/264  loss=0.4588
  batch 260/264  loss=0.6033
Epoch  71/300  train=4.969e-01  rmse=1.9838  lr=1.0e-04  229s
  batch 10/264  loss=0.8721
  batch 20/264  loss=0.5721
  batch 30/264  loss=0.7087
  batch 40/264  loss=0.5976
  batch 50/264  loss=0.4812
  batch 60/264  loss=0.4977
  batch 70/264  loss=0.3772
  batch 80/264  loss=0.5248
  batch 90/264  loss=0.3486
  batch 100/264  loss=0.3369
  batch 110/264  loss=0.3694
  batch 120/264  loss=0.5208
  batch 130/264  loss=0.5374
  batch 140/264  loss=0.5624
  batch 150/264  loss=0.3998
  batch 160/264  loss=0.4640
  batch 170/264  loss=0.6698
  batch 180/264  loss=0.4665
  batch 190/264  loss=0.5394
  batch 200/264  loss=0.3828
  batch 210/264  loss=0.3308
  batch 220/264  loss=0.5391
  batch 230/264  loss=0.4480
  batch 240/264  loss=0.4368
  batch 250/264  loss=0.6252
  batch 260/264  loss=0.5898
Epoch  72/300  train=4.994e-01  rmse=2.0477  lr=1.0e-04  230s
  batch 10/264  loss=0.3806
  batch 20/264  loss=0.4275
  batch 30/264  loss=0.5170
  batch 40/264  loss=0.4104
  batch 50/264  loss=0.7192
  batch 60/264  loss=0.3486
  batch 70/264  loss=0.5063
  batch 80/264  loss=0.4329
  batch 90/264  loss=0.3966
  batch 100/264  loss=0.5050
  batch 110/264  loss=0.4695
  batch 120/264  loss=0.6021
  batch 130/264  loss=0.7056
  batch 140/264  loss=0.5766
  batch 150/264  loss=0.3889
  batch 160/264  loss=0.4984
  batch 170/264  loss=0.4684
  batch 180/264  loss=0.6312
  batch 190/264  loss=0.4658
  batch 200/264  loss=0.4908
  batch 210/264  loss=0.3926
  batch 220/264  loss=0.7082
  batch 230/264  loss=0.3646
  batch 240/264  loss=0.4262
  batch 250/264  loss=0.4028
  batch 260/264  loss=0.4315
Epoch  73/300  train=4.971e-01  rmse=2.0151  lr=1.0e-04  230s
  batch 10/264  loss=0.3825
  batch 20/264  loss=0.6851
  batch 30/264  loss=0.3843
  batch 40/264  loss=0.4346
  batch 50/264  loss=0.7643
  batch 60/264  loss=0.7815
  batch 70/264  loss=0.3153
  batch 80/264  loss=0.4490
  batch 90/264  loss=0.5364
  batch 100/264  loss=0.4483
  batch 110/264  loss=0.3790
  batch 120/264  loss=0.3660
  batch 130/264  loss=0.5207
  batch 140/264  loss=0.4725
  batch 150/264  loss=0.4190
  batch 160/264  loss=0.4279
  batch 170/264  loss=0.4339
  batch 180/264  loss=0.5836
  batch 190/264  loss=0.5037
  batch 200/264  loss=1.0216
  batch 210/264  loss=0.8164
  batch 220/264  loss=0.4249
  batch 230/264  loss=0.8048
  batch 240/264  loss=0.7029
  batch 250/264  loss=0.4182
  batch 260/264  loss=0.4496
Epoch  74/300  train=4.876e-01  rmse=2.0206  lr=1.0e-04  230s
  -> best  monitor=4.876e-01
  batch 10/264  loss=0.4894
  batch 20/264  loss=0.3593
  batch 30/264  loss=0.7642
  batch 40/264  loss=0.3643
  batch 50/264  loss=0.4155
  batch 60/264  loss=0.6363
  batch 70/264  loss=0.5705
  batch 80/264  loss=0.5840
  batch 90/264  loss=0.3913
  batch 100/264  loss=0.3649
  batch 110/264  loss=0.4185
  batch 120/264  loss=0.3816
  batch 130/264  loss=0.7000
  batch 140/264  loss=0.5889
  batch 150/264  loss=0.4426
  batch 160/264  loss=0.4122
  batch 170/264  loss=0.5728
  batch 180/264  loss=0.3870
  batch 190/264  loss=0.3828
  batch 200/264  loss=0.4918
  batch 210/264  loss=0.4120
  batch 220/264  loss=0.4240
  batch 230/264  loss=0.3966
  batch 240/264  loss=0.3412
  batch 250/264  loss=0.6145
  batch 260/264  loss=0.4071
Epoch  75/300  train=4.923e-01  rmse=1.9906  lr=1.0e-04  231s
  batch 10/264  loss=0.5680
  batch 20/264  loss=0.6071
  batch 30/264  loss=0.4444
  batch 40/264  loss=0.4255
  batch 50/264  loss=0.6495
  batch 60/264  loss=0.4166
  batch 70/264  loss=0.4868
  batch 80/264  loss=0.7365
  batch 90/264  loss=0.6179
  batch 100/264  loss=0.3607
  batch 110/264  loss=0.4957
  batch 120/264  loss=0.4749
  batch 130/264  loss=0.3360
  batch 140/264  loss=0.4999
  batch 150/264  loss=0.3989
  batch 160/264  loss=0.4633
  batch 170/264  loss=0.3890
  batch 180/264  loss=0.4287
  batch 190/264  loss=0.7819
  batch 200/264  loss=0.6788
  batch 210/264  loss=0.3548
  batch 220/264  loss=0.5581
  batch 230/264  loss=0.4995
  batch 240/264  loss=0.3902
  batch 250/264  loss=0.4532
  batch 260/264  loss=0.4955
Epoch  76/300  train=4.936e-01  rmse=1.9912  lr=1.0e-04  231s
  batch 10/264  loss=0.5079
  batch 20/264  loss=0.3327
  batch 30/264  loss=0.3953
  batch 40/264  loss=0.3793
  batch 50/264  loss=0.6767
  batch 60/264  loss=0.5800
  batch 70/264  loss=0.3955
  batch 80/264  loss=0.5143
  batch 90/264  loss=0.4188
  batch 100/264  loss=0.5009
  batch 110/264  loss=0.5971
  batch 120/264  loss=0.4553
  batch 130/264  loss=0.4094
  batch 140/264  loss=0.3767
  batch 150/264  loss=0.4949
  batch 160/264  loss=0.5411
  batch 170/264  loss=0.4194
  batch 180/264  loss=0.3952
  batch 190/264  loss=0.4150
  batch 200/264  loss=0.5250
  batch 210/264  loss=0.3814
  batch 220/264  loss=0.4767
  batch 230/264  loss=0.5095
  batch 240/264  loss=0.4695
  batch 250/264  loss=0.4819
  batch 260/264  loss=0.3130
Epoch  77/300  train=4.856e-01  rmse=1.9937  lr=1.0e-04  231s
  -> best  monitor=4.856e-01
  batch 10/264  loss=0.3792
  batch 20/264  loss=0.4965
  batch 30/264  loss=0.5081
  batch 40/264  loss=0.4430
  batch 50/264  loss=0.4930
  batch 60/264  loss=0.4882
  batch 70/264  loss=0.7238
  batch 80/264  loss=0.6051
  batch 90/264  loss=0.6102
  batch 100/264  loss=0.4710
  batch 110/264  loss=0.5001
  batch 120/264  loss=0.4001
  batch 130/264  loss=0.3811
  batch 140/264  loss=0.6286
  batch 150/264  loss=0.4404
  batch 160/264  loss=0.4141
  batch 170/264  loss=0.3649
  batch 180/264  loss=0.4921
  batch 190/264  loss=0.5588
  batch 200/264  loss=0.7426
  batch 210/264  loss=0.4555
  batch 220/264  loss=0.4335
  batch 230/264  loss=0.5126
  batch 240/264  loss=0.3651
  batch 250/264  loss=0.3982
  batch 260/264  loss=0.5125
Epoch  78/300  train=4.858e-01  rmse=1.9834  lr=1.0e-04  229s
  batch 10/264  loss=0.5763
  batch 20/264  loss=0.4141
  batch 30/264  loss=0.6460
  batch 40/264  loss=0.4258
  batch 50/264  loss=0.4306
  batch 60/264  loss=0.7026
  batch 70/264  loss=0.5750
  batch 80/264  loss=0.5634
  batch 90/264  loss=0.3920
  batch 100/264  loss=0.6885
  batch 110/264  loss=0.7040
  batch 120/264  loss=0.3932
  batch 130/264  loss=0.5650
  batch 140/264  loss=0.3958
  batch 150/264  loss=0.4835
  batch 160/264  loss=0.4624
  batch 170/264  loss=0.4482
  batch 180/264  loss=0.4990
  batch 190/264  loss=0.4095
  batch 200/264  loss=0.3756
  batch 210/264  loss=0.5259
  batch 220/264  loss=0.7308
  batch 230/264  loss=0.4930
  batch 240/264  loss=0.5227
  batch 250/264  loss=0.5593
  batch 260/264  loss=0.3951
Epoch  79/300  train=4.854e-01  rmse=2.0256  lr=1.0e-04  230s
  -> best  monitor=4.854e-01
  batch 10/264  loss=0.3664
  batch 20/264  loss=0.4208
  batch 30/264  loss=0.4902
  batch 40/264  loss=0.4793
  batch 50/264  loss=0.3610
  batch 60/264  loss=0.4153
  batch 70/264  loss=0.4092
  batch 80/264  loss=0.3403
  batch 90/264  loss=0.5189
  batch 100/264  loss=0.3640
  batch 110/264  loss=0.5299
  batch 120/264  loss=0.9705
  batch 130/264  loss=0.4787
  batch 140/264  loss=0.4492
  batch 150/264  loss=0.4015
  batch 160/264  loss=0.3771
  batch 170/264  loss=0.6739
  batch 180/264  loss=0.7332
  batch 190/264  loss=0.5077
  batch 200/264  loss=0.5909
  batch 210/264  loss=0.4293
  batch 220/264  loss=0.3702
  batch 230/264  loss=0.4006
  batch 240/264  loss=0.5113
  batch 250/264  loss=0.5288
  batch 260/264  loss=0.3840
Epoch  80/300  train=4.870e-01  rmse=1.9563  lr=1.0e-04  232s
  batch 10/264  loss=0.4578
  batch 20/264  loss=0.5408
  batch 30/264  loss=0.4023
  batch 40/264  loss=0.4869
  batch 50/264  loss=0.3955
  batch 60/264  loss=0.4842
  batch 70/264  loss=0.3801
  batch 80/264  loss=0.6653
  batch 90/264  loss=0.4221
  batch 100/264  loss=0.4237
  batch 110/264  loss=0.4379
  batch 120/264  loss=0.4325
  batch 130/264  loss=0.3840
  batch 140/264  loss=0.4368
  batch 150/264  loss=0.4997
  batch 160/264  loss=0.6107
  batch 170/264  loss=0.5443
  batch 180/264  loss=0.4115
  batch 190/264  loss=0.5810
  batch 200/264  loss=0.3762
  batch 210/264  loss=0.3446
  batch 220/264  loss=0.5808
  batch 230/264  loss=0.4868
  batch 240/264  loss=0.4487
  batch 250/264  loss=0.6063
  batch 260/264  loss=0.4626
Epoch  81/300  train=4.831e-01  rmse=1.9832  lr=1.0e-04  229s
  -> best  monitor=4.831e-01
  batch 10/264  loss=0.5051
  batch 20/264  loss=0.4125
  batch 30/264  loss=0.7910
  batch 40/264  loss=0.6035
  batch 50/264  loss=0.3650
  batch 60/264  loss=0.3851
  batch 70/264  loss=0.5040
  batch 80/264  loss=0.5364
  batch 90/264  loss=0.4278
  batch 100/264  loss=0.7489
  batch 110/264  loss=0.7474
  batch 120/264  loss=0.3516
  batch 130/264  loss=0.7189
  batch 140/264  loss=0.6446
  batch 150/264  loss=0.3692
  batch 160/264  loss=0.4639
  batch 170/264  loss=0.4003
  batch 180/264  loss=0.3806
  batch 190/264  loss=0.4499
  batch 200/264  loss=0.3859
  batch 210/264  loss=0.4098
  batch 220/264  loss=0.6150
  batch 230/264  loss=0.3775
  batch 240/264  loss=0.3415
  batch 250/264  loss=0.6354
  batch 260/264  loss=0.7144
Epoch  82/300  train=4.789e-01  rmse=1.9486  lr=1.0e-04  230s
  -> best  monitor=4.789e-01
  batch 10/264  loss=0.5085
  batch 20/264  loss=0.3605
  batch 30/264  loss=0.6091
  batch 40/264  loss=0.3510
  batch 50/264  loss=0.4782
  batch 60/264  loss=0.4424
  batch 70/264  loss=0.4673
  batch 80/264  loss=0.5074
  batch 90/264  loss=0.4568
  batch 100/264  loss=0.5114
  batch 110/264  loss=0.5197
  batch 120/264  loss=0.5343
  batch 130/264  loss=0.6227
  batch 140/264  loss=0.5445
  batch 150/264  loss=0.6122
  batch 160/264  loss=0.5194
  batch 170/264  loss=0.4608
  batch 180/264  loss=0.5945
  batch 190/264  loss=0.4630
  batch 200/264  loss=0.3769
  batch 210/264  loss=0.4207
  batch 220/264  loss=0.4336
  batch 230/264  loss=0.8024
  batch 240/264  loss=0.4861
  batch 250/264  loss=0.5138
  batch 260/264  loss=0.6525
Epoch  83/300  train=4.860e-01  rmse=1.9795  lr=1.0e-04  230s
  batch 10/264  loss=0.3722
  batch 20/264  loss=0.7149
  batch 30/264  loss=0.3763
  batch 40/264  loss=0.6830
  batch 50/264  loss=0.3619
  batch 60/264  loss=0.4905
  batch 70/264  loss=0.5597
  batch 80/264  loss=0.4384
  batch 90/264  loss=0.5487
  batch 100/264  loss=0.4963
  batch 110/264  loss=0.5310
  batch 120/264  loss=0.4878
  batch 130/264  loss=0.6816
  batch 140/264  loss=0.4157
  batch 150/264  loss=0.4150
  batch 160/264  loss=0.4067
  batch 170/264  loss=0.3537
  batch 180/264  loss=0.6332
  batch 190/264  loss=0.5423
  batch 200/264  loss=0.4136
  batch 210/264  loss=0.4459
  batch 220/264  loss=0.5097
  batch 230/264  loss=0.4650
  batch 240/264  loss=0.4438
  batch 250/264  loss=0.4247
  batch 260/264  loss=0.5417
Epoch  84/300  train=4.777e-01  rmse=2.0010  lr=1.0e-04  229s
  -> best  monitor=4.777e-01
  batch 10/264  loss=0.4735
  batch 20/264  loss=0.3843
  batch 30/264  loss=0.6281
  batch 40/264  loss=0.7036
  batch 50/264  loss=0.4312
  batch 60/264  loss=0.5201
  batch 70/264  loss=0.7039
  batch 80/264  loss=0.4444
  batch 90/264  loss=0.5449
  batch 100/264  loss=0.3750
  batch 110/264  loss=0.5449
  batch 120/264  loss=0.4136
  batch 130/264  loss=0.4489
  batch 140/264  loss=0.4629
  batch 150/264  loss=0.5556
  batch 160/264  loss=0.3241
  batch 170/264  loss=0.4060
  batch 180/264  loss=0.3594
  batch 190/264  loss=0.7104
  batch 200/264  loss=0.4193
  batch 210/264  loss=0.4479
  batch 220/264  loss=0.6545
  batch 230/264  loss=0.4879
  batch 240/264  loss=0.6319
  batch 250/264  loss=0.5613
  batch 260/264  loss=1.2124
Epoch  85/300  train=4.817e-01  rmse=1.9906  lr=1.0e-04  230s
  batch 10/264  loss=0.4827
  batch 20/264  loss=0.4398
  batch 30/264  loss=0.5228
  batch 40/264  loss=0.5704
  batch 50/264  loss=0.4710
  batch 60/264  loss=0.4167
  batch 70/264  loss=0.4124
  batch 80/264  loss=0.3958
  batch 90/264  loss=0.5257
  batch 100/264  loss=0.4776
  batch 110/264  loss=0.4048
  batch 120/264  loss=0.4720
  batch 130/264  loss=0.4758
  batch 140/264  loss=0.5197
  batch 150/264  loss=0.4071
  batch 160/264  loss=0.4772
  batch 170/264  loss=0.3610
  batch 180/264  loss=0.5127
  batch 190/264  loss=0.4419
  batch 200/264  loss=0.8983
  batch 210/264  loss=0.6718
  batch 220/264  loss=0.4329
  batch 230/264  loss=0.5597
  batch 240/264  loss=0.7461
  batch 250/264  loss=0.5246
  batch 260/264  loss=0.4357
Epoch  86/300  train=4.811e-01  rmse=1.9909  lr=1.0e-04  230s
  batch 10/264  loss=0.3804
  batch 20/264  loss=0.5256
  batch 30/264  loss=0.4415
  batch 40/264  loss=0.3550
  batch 50/264  loss=0.4016
  batch 60/264  loss=0.3981
  batch 70/264  loss=0.3636
  batch 80/264  loss=0.4415
  batch 90/264  loss=0.4748
  batch 100/264  loss=0.4609
  batch 110/264  loss=0.4841
  batch 120/264  loss=0.5325
  batch 130/264  loss=0.5063
  batch 140/264  loss=0.4267
  batch 150/264  loss=0.6516
  batch 160/264  loss=0.4305
  batch 170/264  loss=0.3895
  batch 180/264  loss=0.3892
  batch 190/264  loss=0.3644
  batch 200/264  loss=0.3936
  batch 210/264  loss=0.4236
  batch 220/264  loss=0.9236
  batch 230/264  loss=0.4523
  batch 240/264  loss=0.3803
  batch 250/264  loss=0.7739
  batch 260/264  loss=0.4655
Epoch  87/300  train=4.746e-01  rmse=1.9754  lr=1.0e-04  230s
  -> best  monitor=4.746e-01
  batch 10/264  loss=0.4118
  batch 20/264  loss=0.3552
  batch 30/264  loss=0.9019
  batch 40/264  loss=0.5763
  batch 50/264  loss=0.3644
  batch 60/264  loss=0.6435
  batch 70/264  loss=0.4681
  batch 80/264  loss=0.4194
  batch 90/264  loss=0.3963
  batch 100/264  loss=0.5782
  batch 110/264  loss=0.4241
  batch 120/264  loss=0.3679
  batch 130/264  loss=0.5353
  batch 140/264  loss=0.3997
  batch 150/264  loss=0.5312
  batch 160/264  loss=0.4293
  batch 170/264  loss=0.4688
  batch 180/264  loss=0.6092
  batch 190/264  loss=0.3598
  batch 200/264  loss=0.4237
  batch 210/264  loss=0.4185
  batch 220/264  loss=0.5705
  batch 230/264  loss=0.7662
  batch 240/264  loss=0.4758
  batch 250/264  loss=0.4318
  batch 260/264  loss=0.6633
Epoch  88/300  train=4.739e-01  rmse=1.9710  lr=1.0e-04  229s
  -> best  monitor=4.739e-01
  batch 10/264  loss=0.3513
  batch 20/264  loss=0.9356
  batch 30/264  loss=0.3578
  batch 40/264  loss=0.4881
  batch 50/264  loss=0.4268
  batch 60/264  loss=0.4896
  batch 70/264  loss=0.4666
  batch 80/264  loss=0.4032
  batch 90/264  loss=0.7063
  batch 100/264  loss=0.3534
  batch 110/264  loss=0.5985
  batch 120/264  loss=0.6152
  batch 130/264  loss=0.4133
  batch 140/264  loss=0.4842
  batch 150/264  loss=0.5001
  batch 160/264  loss=0.3671
  batch 170/264  loss=0.5169
  batch 180/264  loss=0.6650
  batch 190/264  loss=0.7285
  batch 200/264  loss=0.4621
  batch 210/264  loss=0.4467
  batch 220/264  loss=0.5924
  batch 230/264  loss=0.4093
  batch 240/264  loss=0.3996
  batch 250/264  loss=0.4945
  batch 260/264  loss=0.6253
Epoch  89/300  train=4.800e-01  rmse=1.9390  lr=1.0e-04  229s
  batch 10/264  loss=0.5806
  batch 20/264  loss=0.3554
  batch 30/264  loss=0.5812
  batch 40/264  loss=0.4266
  batch 50/264  loss=0.4716
  batch 60/264  loss=0.6140
  batch 70/264  loss=0.5146
  batch 80/264  loss=0.5088
  batch 90/264  loss=0.3536
  batch 100/264  loss=0.4380
  batch 110/264  loss=0.4304
  batch 120/264  loss=0.4837
  batch 130/264  loss=0.3157
  batch 140/264  loss=0.3611
  batch 150/264  loss=0.4171
  batch 160/264  loss=0.4539
  batch 170/264  loss=0.5647
  batch 180/264  loss=0.4810
  batch 190/264  loss=0.4665
  batch 200/264  loss=0.3802
  batch 210/264  loss=0.4035
  batch 220/264  loss=0.4779
  batch 230/264  loss=0.4168
  batch 240/264  loss=0.4028
  batch 250/264  loss=0.4067
  batch 260/264  loss=0.6488
Epoch  90/300  train=4.809e-01  rmse=1.9816  lr=1.0e-04  230s
  batch 10/264  loss=0.3882
  batch 20/264  loss=0.3825
  batch 30/264  loss=0.4132
  batch 40/264  loss=0.3497
  batch 50/264  loss=0.5995
  batch 60/264  loss=0.6633
  batch 70/264  loss=0.5854
  batch 80/264  loss=0.4697
  batch 90/264  loss=0.3762
  batch 100/264  loss=0.5656
  batch 110/264  loss=0.4114
  batch 120/264  loss=0.4385
  batch 130/264  loss=0.4020
  batch 140/264  loss=0.5986
  batch 150/264  loss=0.3942
  batch 160/264  loss=0.4483
  batch 170/264  loss=0.4687
  batch 180/264  loss=0.4808
  batch 190/264  loss=0.5305
  batch 200/264  loss=0.3593
  batch 210/264  loss=0.5030
  batch 220/264  loss=0.4975
  batch 230/264  loss=0.3787
  batch 240/264  loss=0.3796
  batch 250/264  loss=0.4258
  batch 260/264  loss=0.3677
Epoch  91/300  train=4.730e-01  rmse=2.0214  lr=1.0e-04  230s
  -> best  monitor=4.730e-01
  batch 10/264  loss=0.5560
  batch 20/264  loss=0.4302
  batch 30/264  loss=0.4100
  batch 40/264  loss=0.4638
  batch 50/264  loss=0.6207
  batch 60/264  loss=0.4082
  batch 70/264  loss=0.4770
  batch 80/264  loss=0.4230
  batch 90/264  loss=0.5090
  batch 100/264  loss=0.3694
  batch 110/264  loss=0.6614
  batch 120/264  loss=0.6567
  batch 130/264  loss=0.4805
  batch 140/264  loss=0.5030
  batch 150/264  loss=0.4463
  batch 160/264  loss=0.3717
  batch 170/264  loss=0.5727
  batch 180/264  loss=0.4072
  batch 190/264  loss=0.3766
  batch 200/264  loss=0.3968
  batch 210/264  loss=0.4754
  batch 220/264  loss=0.5304
  batch 230/264  loss=0.4331
  batch 240/264  loss=0.4371
  batch 250/264  loss=0.3614
  batch 260/264  loss=0.3848
Epoch  92/300  train=4.693e-01  rmse=1.9612  lr=1.0e-04  231s
  -> best  monitor=4.693e-01
  batch 10/264  loss=0.4516
  batch 20/264  loss=0.3686
  batch 30/264  loss=0.5486
  batch 40/264  loss=0.5173
  batch 50/264  loss=0.4890
  batch 60/264  loss=0.3606
  batch 70/264  loss=0.3891
  batch 80/264  loss=0.4943
  batch 90/264  loss=0.3888
  batch 100/264  loss=0.7992
  batch 110/264  loss=0.5289
  batch 120/264  loss=0.4258
  batch 130/264  loss=0.4236
  batch 140/264  loss=0.4668
  batch 150/264  loss=0.4753
  batch 160/264  loss=0.4921
  batch 170/264  loss=0.3883
  batch 180/264  loss=0.6528
  batch 190/264  loss=0.4671
  batch 200/264  loss=0.5051
  batch 210/264  loss=0.3278
  batch 220/264  loss=0.3664
  batch 230/264  loss=0.3411
  batch 240/264  loss=0.4216
  batch 250/264  loss=0.6814
  batch 260/264  loss=0.3938
Epoch  93/300  train=4.682e-01  rmse=1.9528  lr=1.0e-04  229s
  -> best  monitor=4.682e-01
  batch 10/264  loss=0.4143
  batch 20/264  loss=0.5395
  batch 30/264  loss=0.4473
  batch 40/264  loss=0.3693
  batch 50/264  loss=0.4291
  batch 60/264  loss=0.5067
  batch 70/264  loss=0.4001
  batch 80/264  loss=0.4901
  batch 90/264  loss=0.3566
  batch 100/264  loss=0.4200
  batch 110/264  loss=0.4634
  batch 120/264  loss=0.5110
  batch 130/264  loss=0.3194
  batch 140/264  loss=0.3813
  batch 150/264  loss=0.4026
  batch 160/264  loss=0.3626
  batch 170/264  loss=0.4085
  batch 180/264  loss=0.4417
  batch 190/264  loss=0.3437
  batch 200/264  loss=0.3626
  batch 210/264  loss=0.4922
  batch 220/264  loss=0.3805
  batch 230/264  loss=0.3923
  batch 240/264  loss=0.4830
  batch 250/264  loss=0.4581
  batch 260/264  loss=0.5506
Epoch  94/300  train=4.680e-01  rmse=1.9797  lr=1.0e-04  231s
  -> best  monitor=4.680e-01
  batch 10/264  loss=0.4054
  batch 20/264  loss=0.3779
  batch 30/264  loss=0.4313
  batch 40/264  loss=0.5306
  batch 50/264  loss=0.4330
  batch 60/264  loss=0.3715
  batch 70/264  loss=0.4169
  batch 80/264  loss=0.4028
  batch 90/264  loss=0.3362
  batch 100/264  loss=0.4188
  batch 110/264  loss=0.3680
  batch 120/264  loss=0.4619
  batch 130/264  loss=0.4566
  batch 140/264  loss=0.4674
  batch 150/264  loss=0.4615
  batch 160/264  loss=0.5671
  batch 170/264  loss=0.4192
  batch 180/264  loss=0.4632
  batch 190/264  loss=0.7319
  batch 200/264  loss=0.4833
  batch 210/264  loss=0.3580
  batch 220/264  loss=0.4339
  batch 230/264  loss=0.3940
  batch 240/264  loss=0.3397
  batch 250/264  loss=0.7862
  batch 260/264  loss=0.3565
Epoch  95/300  train=4.691e-01  rmse=1.9762  lr=1.0e-04  228s
  batch 10/264  loss=0.4281
  batch 20/264  loss=0.5019
  batch 30/264  loss=0.3314
  batch 40/264  loss=0.4668
  batch 50/264  loss=0.5053
  batch 60/264  loss=0.4378
  batch 70/264  loss=0.6354
  batch 80/264  loss=0.4340
  batch 90/264  loss=0.3869
  batch 100/264  loss=0.3911
  batch 110/264  loss=0.3737
  batch 120/264  loss=0.5309
  batch 130/264  loss=0.4280
  batch 140/264  loss=0.5447
  batch 150/264  loss=0.7197
  batch 160/264  loss=0.5114
  batch 170/264  loss=0.4929
  batch 180/264  loss=0.5252
  batch 190/264  loss=0.4119
  batch 200/264  loss=0.4557
  batch 210/264  loss=0.3603
  batch 220/264  loss=0.4888
  batch 230/264  loss=0.4162
  batch 240/264  loss=0.4464
  batch 250/264  loss=0.3178
  batch 260/264  loss=0.4338
Epoch  96/300  train=4.625e-01  rmse=2.0060  lr=1.0e-04  231s
  -> best  monitor=4.625e-01
  batch 10/264  loss=0.4171
  batch 20/264  loss=0.3578
  batch 30/264  loss=0.3713
  batch 40/264  loss=0.4405
  batch 50/264  loss=0.4361
  batch 60/264  loss=0.3405
  batch 70/264  loss=0.7336
  batch 80/264  loss=0.5249
  batch 90/264  loss=0.3545
  batch 100/264  loss=0.5403
  batch 110/264  loss=0.6045
  batch 120/264  loss=0.3567
  batch 130/264  loss=0.4497
  batch 140/264  loss=0.5650
  batch 150/264  loss=0.5381
  batch 160/264  loss=0.3741
  batch 170/264  loss=0.3321
  batch 180/264  loss=0.3608
  batch 190/264  loss=0.7492
  batch 200/264  loss=0.4082
  batch 210/264  loss=0.4244
  batch 220/264  loss=0.7906
  batch 230/264  loss=0.7743
  batch 240/264  loss=0.3745
  batch 250/264  loss=0.4173
  batch 260/264  loss=0.4139
Epoch  97/300  train=4.696e-01  rmse=2.0448  lr=1.0e-04  229s
  batch 10/264  loss=0.4341
  batch 20/264  loss=0.4702
  batch 30/264  loss=0.5609
  batch 40/264  loss=0.3406
  batch 50/264  loss=0.4146
  batch 60/264  loss=0.5009
  batch 70/264  loss=0.3728
  batch 80/264  loss=0.4723
  batch 90/264  loss=0.4183
  batch 100/264  loss=0.3913
  batch 110/264  loss=0.5116
  batch 120/264  loss=0.4403
  batch 130/264  loss=0.4212
  batch 140/264  loss=0.6853
  batch 150/264  loss=0.5879
  batch 160/264  loss=0.6253
  batch 170/264  loss=0.3478
  batch 180/264  loss=0.9101
  batch 190/264  loss=0.3638
  batch 200/264  loss=0.4425
  batch 210/264  loss=0.4644
  batch 220/264  loss=0.4078
  batch 230/264  loss=0.4815
  batch 240/264  loss=0.3061
  batch 250/264  loss=0.4528
  batch 260/264  loss=0.4295
Epoch  98/300  train=4.635e-01  rmse=1.9856  lr=1.0e-04  229s
  batch 10/264  loss=0.3880
  batch 20/264  loss=0.3708
  batch 30/264  loss=0.4740
  batch 40/264  loss=0.4033
  batch 50/264  loss=0.4893
  batch 60/264  loss=0.4587
  batch 70/264  loss=0.5230
  batch 80/264  loss=0.3992
  batch 90/264  loss=0.4250
  batch 100/264  loss=0.4450
  batch 110/264  loss=0.4336
  batch 120/264  loss=0.4077
  batch 130/264  loss=0.4055
  batch 140/264  loss=0.3970
  batch 150/264  loss=0.3396
  batch 160/264  loss=0.3721
  batch 170/264  loss=0.3701
  batch 180/264  loss=0.3877
  batch 190/264  loss=0.4271
  batch 200/264  loss=0.6787
  batch 210/264  loss=0.3990
  batch 220/264  loss=0.3871
  batch 230/264  loss=0.3764
  batch 240/264  loss=0.5031
  batch 250/264  loss=0.8477
  batch 260/264  loss=0.4302
Epoch  99/300  train=4.586e-01  rmse=1.9193  lr=1.0e-04  230s
  -> best  monitor=4.586e-01
  batch 10/264  loss=0.4079
  batch 20/264  loss=0.3975
  batch 30/264  loss=0.4329
  batch 40/264  loss=0.5218
  batch 50/264  loss=0.4024
  batch 60/264  loss=0.3373
  batch 70/264  loss=0.6232
  batch 80/264  loss=0.4435
  batch 90/264  loss=0.4399
  batch 100/264  loss=0.7201
  batch 110/264  loss=0.4339
  batch 120/264  loss=0.7225
  batch 130/264  loss=0.4643
  batch 140/264  loss=0.4388
  batch 150/264  loss=0.4023
  batch 160/264  loss=0.4941
  batch 170/264  loss=0.4541
  batch 180/264  loss=0.3709
  batch 190/264  loss=0.3237
  batch 200/264  loss=0.4467
  batch 210/264  loss=0.4291
  batch 220/264  loss=0.4481
  batch 230/264  loss=0.4120
  batch 240/264  loss=0.3558
  batch 250/264  loss=0.4834
  batch 260/264  loss=0.4916
Epoch 100/300  train=4.617e-01  rmse=1.9299  lr=1.0e-04  230s
  batch 10/264  loss=0.6703
  batch 20/264  loss=0.3685
  batch 30/264  loss=0.3470
  batch 40/264  loss=0.5336
  batch 50/264  loss=0.3207
  batch 60/264  loss=0.3675
  batch 70/264  loss=0.3663
  batch 80/264  loss=0.4333
  batch 90/264  loss=0.4240
  batch 100/264  loss=0.4603
  batch 110/264  loss=0.4131
  batch 120/264  loss=0.4844
  batch 130/264  loss=0.4345
  batch 140/264  loss=0.6544
  batch 150/264  loss=0.3773
  batch 160/264  loss=0.4055
  batch 170/264  loss=0.3520
  batch 180/264  loss=0.4839
  batch 190/264  loss=0.4997
  batch 200/264  loss=0.3984
  batch 210/264  loss=0.6364
  batch 220/264  loss=0.5722
  batch 230/264  loss=0.5394
  batch 240/264  loss=0.5317
  batch 250/264  loss=0.4521
  batch 260/264  loss=0.3122
Epoch 101/300  train=4.614e-01  rmse=1.9818  lr=1.0e-04  229s
  batch 10/264  loss=0.4251
  batch 20/264  loss=0.3697
  batch 30/264  loss=0.4561
  batch 40/264  loss=0.3990
  batch 50/264  loss=0.4992
  batch 60/264  loss=0.7085
  batch 70/264  loss=0.5791
  batch 80/264  loss=0.3713
  batch 90/264  loss=0.3918
  batch 100/264  loss=0.3988
  batch 110/264  loss=0.4397
  batch 120/264  loss=0.3953
  batch 130/264  loss=0.4416
  batch 140/264  loss=0.4003
  batch 150/264  loss=0.4867
  batch 160/264  loss=0.5957
  batch 170/264  loss=0.3703
  batch 180/264  loss=0.7436
  batch 190/264  loss=0.7431
  batch 200/264  loss=0.3563
  batch 210/264  loss=0.5781
  batch 220/264  loss=0.3252
  batch 230/264  loss=0.4334
  batch 240/264  loss=0.4164
  batch 250/264  loss=0.4410
  batch 260/264  loss=0.3701
Epoch 102/300  train=4.613e-01  rmse=1.9098  lr=1.0e-04  231s
  batch 10/264  loss=0.3504
  batch 20/264  loss=0.3458
  batch 30/264  loss=0.4262
  batch 40/264  loss=0.4424
  batch 50/264  loss=0.3274
  batch 60/264  loss=0.4261
  batch 70/264  loss=0.4386
  batch 80/264  loss=0.4112
  batch 90/264  loss=0.3198
  batch 100/264  loss=0.4621
  batch 110/264  loss=0.3981
  batch 120/264  loss=0.5777
  batch 130/264  loss=0.3960
  batch 140/264  loss=0.3726
  batch 150/264  loss=0.4514
  batch 160/264  loss=0.3298
  batch 170/264  loss=0.5691
  batch 180/264  loss=0.4502
  batch 190/264  loss=0.5797
  batch 200/264  loss=0.5145
  batch 210/264  loss=0.4521
  batch 220/264  loss=0.4394
  batch 230/264  loss=0.6693
  batch 240/264  loss=0.9519
  batch 250/264  loss=0.3825
  batch 260/264  loss=0.3819
Epoch 103/300  train=4.577e-01  rmse=2.1817  lr=1.0e-04  230s
  -> best  monitor=4.577e-01
  batch 10/264  loss=0.3818
  batch 20/264  loss=0.7183
  batch 30/264  loss=0.4363
  batch 40/264  loss=0.3511
  batch 50/264  loss=0.5118
  batch 60/264  loss=0.3684
  batch 70/264  loss=0.6453
  batch 80/264  loss=0.5235
  batch 90/264  loss=0.6304
  batch 100/264  loss=0.3413
  batch 110/264  loss=0.8432
  batch 120/264  loss=0.8632
  batch 130/264  loss=0.4450
  batch 140/264  loss=0.7343
  batch 150/264  loss=0.4660
  batch 160/264  loss=0.4059
  batch 170/264  loss=0.4756
  batch 180/264  loss=0.5622
  batch 190/264  loss=0.3483
  batch 200/264  loss=0.4145
  batch 210/264  loss=0.4217
  batch 220/264  loss=0.3689
  batch 230/264  loss=0.3060
  batch 240/264  loss=0.4242
  batch 250/264  loss=0.5884
  batch 260/264  loss=0.4484
Epoch 104/300  train=4.522e-01  rmse=2.4836  lr=1.0e-04  229s
  -> best  monitor=4.522e-01
  batch 10/264  loss=0.3397
  batch 20/264  loss=0.4838
  batch 30/264  loss=0.4690
  batch 40/264  loss=0.4351
  batch 50/264  loss=0.4356
  batch 60/264  loss=0.3903
  batch 70/264  loss=0.3892
  batch 80/264  loss=0.7552
  batch 90/264  loss=0.8100
  batch 100/264  loss=0.5418
  batch 110/264  loss=0.6196
  batch 120/264  loss=0.3663
  batch 130/264  loss=0.3962
  batch 140/264  loss=0.6175
  batch 150/264  loss=0.4013
  batch 160/264  loss=0.4433
  batch 170/264  loss=0.4939
  batch 180/264  loss=0.3060
  batch 190/264  loss=0.4955
  batch 200/264  loss=0.6827
  batch 210/264  loss=0.4771
  batch 220/264  loss=0.6190
  batch 230/264  loss=0.3546
  batch 240/264  loss=0.3826
  batch 250/264  loss=0.3675
  batch 260/264  loss=0.4539
Epoch 105/300  train=4.659e-01  rmse=1.9361  lr=1.0e-04  230s
  batch 10/264  loss=0.4162
  batch 20/264  loss=0.4525
  batch 30/264  loss=0.5499
  batch 40/264  loss=0.6788
  batch 50/264  loss=0.3255
  batch 60/264  loss=0.3641
  batch 70/264  loss=0.5548
  batch 80/264  loss=0.3874
  batch 90/264  loss=0.4149
  batch 100/264  loss=0.5205
  batch 110/264  loss=0.4187
  batch 120/264  loss=0.4186
  batch 130/264  loss=0.3602
  batch 140/264  loss=0.6153
  batch 150/264  loss=0.5019
  batch 160/264  loss=0.3918
  batch 170/264  loss=0.4319
  batch 180/264  loss=0.3745
  batch 190/264  loss=0.3337
  batch 200/264  loss=0.5982
  batch 210/264  loss=0.4739
  batch 220/264  loss=0.5679
  batch 230/264  loss=0.3500
  batch 240/264  loss=0.4256
  batch 250/264  loss=0.3766
  batch 260/264  loss=0.3997
Epoch 106/300  train=4.551e-01  rmse=5.9084  lr=1.0e-04  229s
  batch 10/264  loss=0.4598
  batch 20/264  loss=0.5687
  batch 30/264  loss=0.4387
  batch 40/264  loss=0.4838
  batch 50/264  loss=0.4606
  batch 60/264  loss=0.4455
  batch 70/264  loss=0.5127
  batch 80/264  loss=0.6397
  batch 90/264  loss=0.3406
  batch 100/264  loss=0.3754
  batch 110/264  loss=0.3998
  batch 120/264  loss=0.3693
  batch 130/264  loss=0.3444
  batch 140/264  loss=0.3924
  batch 150/264  loss=0.3976
  batch 160/264  loss=0.5355
  batch 170/264  loss=0.3614
  batch 180/264  loss=0.3975
  batch 190/264  loss=0.6934
  batch 200/264  loss=0.5180
  batch 210/264  loss=0.4471
  batch 220/264  loss=0.5530
  batch 230/264  loss=0.5322
  batch 240/264  loss=0.3674
  batch 250/264  loss=0.5047
  batch 260/264  loss=0.5509
Epoch 107/300  train=4.526e-01  rmse=2.1754  lr=1.0e-04  229s
  batch 10/264  loss=0.4703
  batch 20/264  loss=0.4340
  batch 30/264  loss=0.4187
  batch 40/264  loss=0.4733
  batch 50/264  loss=0.4131
  batch 60/264  loss=0.4947
  batch 70/264  loss=0.4563
  batch 80/264  loss=0.4123
  batch 90/264  loss=0.3965
  batch 100/264  loss=0.4769
  batch 110/264  loss=0.3960
  batch 120/264  loss=0.3901
  batch 130/264  loss=0.5102
  batch 140/264  loss=0.3807
  batch 150/264  loss=0.4108
  batch 160/264  loss=0.6219
  batch 170/264  loss=0.4662
  batch 180/264  loss=0.3913
  batch 190/264  loss=0.3742
  batch 200/264  loss=0.3955
  batch 210/264  loss=0.3875
  batch 220/264  loss=0.5146
  batch 230/264  loss=0.4100
  batch 240/264  loss=0.4321
  batch 250/264  loss=0.3701
  batch 260/264  loss=0.5751
Epoch 108/300  train=4.536e-01  rmse=1.8656  lr=1.0e-04  230s
  batch 10/264  loss=0.3337
  batch 20/264  loss=0.5355
  batch 30/264  loss=0.3839
  batch 40/264  loss=0.3708
  batch 50/264  loss=0.6591
  batch 60/264  loss=0.4911
  batch 70/264  loss=0.4359
  batch 80/264  loss=0.3323
  batch 90/264  loss=0.4195
  batch 100/264  loss=0.4526
  batch 110/264  loss=0.3517
  batch 120/264  loss=0.3859
  batch 130/264  loss=0.4352
  batch 140/264  loss=0.3604
  batch 150/264  loss=0.4371
  batch 160/264  loss=0.4392
  batch 170/264  loss=0.3782
  batch 180/264  loss=0.3387
  batch 190/264  loss=0.5608
  batch 200/264  loss=0.4965
  batch 210/264  loss=0.3830
  batch 220/264  loss=0.7181
  batch 230/264  loss=0.3070
  batch 240/264  loss=0.3775
  batch 250/264  loss=0.5740
  batch 260/264  loss=0.2934
Epoch 109/300  train=4.535e-01  rmse=1.9561  lr=1.0e-04  228s
  batch 10/264  loss=0.5198
  batch 20/264  loss=0.5239
  batch 30/264  loss=0.4284
  batch 40/264  loss=0.3922
  batch 50/264  loss=0.4452
  batch 60/264  loss=0.3963
  batch 70/264  loss=0.3873
  batch 80/264  loss=0.4713
  batch 90/264  loss=0.4483
  batch 100/264  loss=0.4104
  batch 110/264  loss=0.3296
  batch 120/264  loss=0.4361
  batch 130/264  loss=0.6855
  batch 140/264  loss=0.4542
  batch 150/264  loss=0.4021
  batch 160/264  loss=0.4355
  batch 170/264  loss=0.4658
  batch 180/264  loss=0.3485
  batch 190/264  loss=0.3318
  batch 200/264  loss=0.5334
  batch 210/264  loss=0.3992
  batch 220/264  loss=0.4198
  batch 230/264  loss=0.6275
  batch 240/264  loss=0.4229
  batch 250/264  loss=0.4098
  batch 260/264  loss=0.4138
Epoch 110/300  train=4.543e-01  rmse=2.4740  lr=1.0e-04  231s
  batch 10/264  loss=0.4289
  batch 20/264  loss=0.6598
  batch 30/264  loss=0.5537
  batch 40/264  loss=0.3634
  batch 50/264  loss=0.4248
  batch 60/264  loss=0.4041
  batch 70/264  loss=0.3438
  batch 80/264  loss=0.3900
  batch 90/264  loss=0.7838
  batch 100/264  loss=0.4281
  batch 110/264  loss=0.3725
  batch 120/264  loss=0.4344
  batch 130/264  loss=0.5366
  batch 140/264  loss=0.5023
  batch 150/264  loss=0.3883
  batch 160/264  loss=0.4490
  batch 170/264  loss=0.3968
  batch 180/264  loss=0.6615
  batch 190/264  loss=0.5553
  batch 200/264  loss=0.6605
  batch 210/264  loss=0.3758
  batch 220/264  loss=0.3852
  batch 230/264  loss=0.7160
  batch 240/264  loss=0.5916
  batch 250/264  loss=0.5124
  batch 260/264  loss=0.5743
Epoch 111/300  train=4.545e-01  rmse=1.9065  lr=1.0e-04  230s
  batch 10/264  loss=0.3701
  batch 20/264  loss=0.3891
  batch 30/264  loss=0.4781
  batch 40/264  loss=0.3114
  batch 50/264  loss=0.4177
  batch 60/264  loss=0.5281
  batch 70/264  loss=0.5419
  batch 80/264  loss=0.4492
  batch 90/264  loss=0.5058
  batch 100/264  loss=0.6019
  batch 110/264  loss=0.4427
  batch 120/264  loss=0.3572
  batch 130/264  loss=0.4685
  batch 140/264  loss=0.4452
  batch 150/264  loss=0.4369
  batch 160/264  loss=0.3179
  batch 170/264  loss=0.3732
  batch 180/264  loss=0.3245
  batch 190/264  loss=0.4533
  batch 200/264  loss=0.5363
  batch 210/264  loss=0.3691
  batch 220/264  loss=0.6399
  batch 230/264  loss=0.5235
  batch 240/264  loss=0.4620
  batch 250/264  loss=0.3528
  batch 260/264  loss=0.3945
Epoch 112/300  train=4.515e-01  rmse=1.8788  lr=1.0e-04  230s
  -> best  monitor=4.515e-01
  batch 10/264  loss=0.3946
  batch 20/264  loss=0.3522
  batch 30/264  loss=0.4039
  batch 40/264  loss=0.5841
  batch 50/264  loss=0.5101
  batch 60/264  loss=0.3912
  batch 70/264  loss=0.3362
  batch 80/264  loss=0.5064
  batch 90/264  loss=0.5074
  batch 100/264  loss=0.4934
  batch 110/264  loss=0.6555
  batch 120/264  loss=0.9776
  batch 130/264  loss=0.8903
  batch 140/264  loss=0.5741
  batch 150/264  loss=0.4327
  batch 160/264  loss=0.3152
  batch 170/264  loss=0.5833
  batch 180/264  loss=0.4335
  batch 190/264  loss=0.3712
  batch 200/264  loss=0.3659
  batch 210/264  loss=0.3510
  batch 220/264  loss=0.3789
  batch 230/264  loss=0.6190
  batch 240/264  loss=0.3463
  batch 250/264  loss=0.5269
  batch 260/264  loss=0.3361
Epoch 113/300  train=4.563e-01  rmse=1.9110  lr=1.0e-04  230s
  batch 10/264  loss=0.3820
  batch 20/264  loss=0.3295
  batch 30/264  loss=0.9127
  batch 40/264  loss=0.3617
  batch 50/264  loss=0.4167
  batch 60/264  loss=0.5136
  batch 70/264  loss=0.3965
  batch 80/264  loss=0.5136
  batch 90/264  loss=0.4463
  batch 100/264  loss=0.5007
  batch 110/264  loss=0.4384
  batch 120/264  loss=0.5295
  batch 130/264  loss=0.3900
  batch 140/264  loss=0.4335
  batch 150/264  loss=0.7471
  batch 160/264  loss=0.5630
  batch 170/264  loss=0.4792
  batch 180/264  loss=0.3445
  batch 190/264  loss=0.4758
  batch 200/264  loss=0.5417
  batch 210/264  loss=0.4831
  batch 220/264  loss=0.3421
  batch 230/264  loss=0.3799
  batch 240/264  loss=0.3496
  batch 250/264  loss=0.3860
  batch 260/264  loss=0.3687
Epoch 114/300  train=4.526e-01  rmse=2.3012  lr=1.0e-04  230s
  batch 10/264  loss=0.4002
  batch 20/264  loss=0.3313
  batch 30/264  loss=0.4870
  batch 40/264  loss=0.3341
  batch 50/264  loss=0.3624
  batch 60/264  loss=0.3781
  batch 70/264  loss=0.4415
  batch 80/264  loss=0.7101
  batch 90/264  loss=0.4765
  batch 100/264  loss=0.3474
  batch 110/264  loss=0.4257
  batch 120/264  loss=0.3733
  batch 130/264  loss=0.4330
  batch 140/264  loss=0.3979
  batch 150/264  loss=0.5045
  batch 160/264  loss=0.3690
  batch 170/264  loss=0.3959
  batch 180/264  loss=0.4756
  batch 190/264  loss=0.4107
  batch 200/264  loss=0.4394
  batch 210/264  loss=0.3703
  batch 220/264  loss=0.4045
  batch 230/264  loss=0.3750
  batch 240/264  loss=0.3939
  batch 250/264  loss=0.6062
  batch 260/264  loss=0.3466
Epoch 115/300  train=4.461e-01  rmse=1.8798  lr=1.0e-04  231s
  -> best  monitor=4.461e-01
  batch 10/264  loss=0.3826
  batch 20/264  loss=0.6461
  batch 30/264  loss=0.7335
  batch 40/264  loss=0.5434
  batch 50/264  loss=0.3650
  batch 60/264  loss=0.6180
  batch 70/264  loss=0.4257
  batch 80/264  loss=0.3689
  batch 90/264  loss=0.8507
  batch 100/264  loss=0.6417
  batch 110/264  loss=0.4577
  batch 120/264  loss=0.3860
  batch 130/264  loss=0.6744
  batch 140/264  loss=0.5627
  batch 150/264  loss=0.4518
  batch 160/264  loss=0.4635
  batch 170/264  loss=0.4094
  batch 180/264  loss=0.3554
  batch 190/264  loss=0.3965
  batch 200/264  loss=0.3423
  batch 210/264  loss=0.7206
  batch 220/264  loss=0.7665
  batch 230/264  loss=0.5357
  batch 240/264  loss=0.3388
  batch 250/264  loss=0.3317
  batch 260/264  loss=0.4225
Epoch 116/300  train=4.500e-01  rmse=1.9073  lr=1.0e-04  229s
  batch 10/264  loss=0.4661
  batch 20/264  loss=0.4442
  batch 30/264  loss=0.3573
  batch 40/264  loss=0.3747
  batch 50/264  loss=0.4965
  batch 60/264  loss=0.4206
  batch 70/264  loss=0.3674
  batch 80/264  loss=0.3339
  batch 90/264  loss=0.4495
  batch 100/264  loss=0.4086
  batch 110/264  loss=0.4309
  batch 120/264  loss=0.5115
  batch 130/264  loss=0.4224
  batch 140/264  loss=0.3215
  batch 150/264  loss=0.4871
  batch 160/264  loss=0.4018
  batch 170/264  loss=0.3522
  batch 180/264  loss=0.4003
  batch 190/264  loss=0.4426
  batch 200/264  loss=0.3804
  batch 210/264  loss=0.5760
  batch 220/264  loss=0.4903
  batch 230/264  loss=0.7800
  batch 240/264  loss=0.4183
  batch 250/264  loss=0.4334
  batch 260/264  loss=0.4201
Epoch 117/300  train=4.534e-01  rmse=1.9473  lr=1.0e-04  230s
  batch 10/264  loss=0.4666
  batch 20/264  loss=0.3993
  batch 30/264  loss=0.8549
  batch 40/264  loss=0.6561
  batch 50/264  loss=0.4056
  batch 60/264  loss=0.5056
  batch 70/264  loss=0.5209
  batch 80/264  loss=0.4396
  batch 90/264  loss=0.4978
  batch 100/264  loss=0.3684
  batch 110/264  loss=0.4323
  batch 120/264  loss=0.3567
  batch 130/264  loss=0.4167
  batch 140/264  loss=0.4917
  batch 150/264  loss=0.4076
  batch 160/264  loss=0.3633
  batch 170/264  loss=0.4614
  batch 180/264  loss=0.3582
  batch 190/264  loss=0.7028
  batch 200/264  loss=0.3562
  batch 210/264  loss=0.4438
  batch 220/264  loss=0.3368
  batch 230/264  loss=0.6499
  batch 240/264  loss=0.4306
  batch 250/264  loss=0.3496
  batch 260/264  loss=0.4558
Epoch 118/300  train=4.488e-01  rmse=1.9051  lr=1.0e-04  231s
  batch 10/264  loss=0.5867
  batch 20/264  loss=0.3866
  batch 30/264  loss=0.3345
  batch 40/264  loss=0.5068
  batch 50/264  loss=0.5155
  batch 60/264  loss=0.3444
  batch 70/264  loss=0.4799
  batch 80/264  loss=0.4598
  batch 90/264  loss=0.4900
  batch 100/264  loss=0.4117
  batch 110/264  loss=0.3575
  batch 120/264  loss=0.5397
  batch 130/264  loss=0.3781
  batch 140/264  loss=0.3523
  batch 150/264  loss=0.7334
  batch 160/264  loss=0.4120
  batch 170/264  loss=0.3427
  batch 180/264  loss=0.3851
  batch 190/264  loss=0.4195
  batch 200/264  loss=0.3565
  batch 210/264  loss=0.3784
  batch 220/264  loss=0.4082
  batch 230/264  loss=0.3775
  batch 240/264  loss=0.5811
  batch 250/264  loss=0.4166
  batch 260/264  loss=0.5987
Epoch 119/300  train=4.430e-01  rmse=2.0453  lr=1.0e-04  231s
  -> best  monitor=4.430e-01
  batch 10/264  loss=0.3571
  batch 20/264  loss=0.4968
  batch 30/264  loss=0.3478
  batch 40/264  loss=0.3886
  batch 50/264  loss=0.3672
  batch 60/264  loss=0.3993
  batch 70/264  loss=0.4373
  batch 80/264  loss=0.4208
  batch 90/264  loss=0.3592
  batch 100/264  loss=0.3734
  batch 110/264  loss=0.6755
  batch 120/264  loss=0.4111
  batch 130/264  loss=0.4037
  batch 140/264  loss=0.7091
  batch 150/264  loss=0.5432
  batch 160/264  loss=0.4710
  batch 170/264  loss=0.5741
  batch 180/264  loss=0.6742
  batch 190/264  loss=0.5891
  batch 200/264  loss=0.4673
  batch 210/264  loss=0.5092
  batch 220/264  loss=0.3505
  batch 230/264  loss=0.3594
  batch 240/264  loss=0.5096
  batch 250/264  loss=0.3991
  batch 260/264  loss=0.4039
Epoch 120/300  train=4.388e-01  rmse=1.8598  lr=1.0e-04  231s
  -> best  monitor=4.388e-01
  batch 10/264  loss=0.3746
  batch 20/264  loss=0.5180
  batch 30/264  loss=0.3949
  batch 40/264  loss=0.4780
  batch 50/264  loss=0.3493
  batch 60/264  loss=0.5367
  batch 70/264  loss=0.3933
  batch 80/264  loss=0.3536
  batch 90/264  loss=0.5943
  batch 100/264  loss=0.4470
  batch 110/264  loss=0.3691
  batch 120/264  loss=0.4351
  batch 130/264  loss=0.3842
  batch 140/264  loss=0.5971
  batch 150/264  loss=0.4002
  batch 160/264  loss=0.5141
  batch 170/264  loss=0.5702
  batch 180/264  loss=0.4387
  batch 190/264  loss=0.6046
  batch 200/264  loss=0.5723
  batch 210/264  loss=0.3926
  batch 220/264  loss=0.6190
  batch 230/264  loss=0.4645
  batch 240/264  loss=0.4006
  batch 250/264  loss=0.3713
  batch 260/264  loss=0.3146
Epoch 121/300  train=4.441e-01  rmse=1.9359  lr=1.0e-04  230s
  batch 10/264  loss=0.3931
  batch 20/264  loss=0.4549
  batch 30/264  loss=0.3711
  batch 40/264  loss=0.3962
  batch 50/264  loss=0.3859
  batch 60/264  loss=0.4963
  batch 70/264  loss=0.3136
  batch 80/264  loss=0.4579
  batch 90/264  loss=0.3683
  batch 100/264  loss=0.3987
  batch 110/264  loss=0.5646
  batch 120/264  loss=0.3976
  batch 130/264  loss=0.4964
  batch 140/264  loss=0.3685
  batch 150/264  loss=0.3486
  batch 160/264  loss=0.4744
  batch 170/264  loss=0.5320
  batch 180/264  loss=0.7322
  batch 190/264  loss=0.6671
  batch 200/264  loss=0.3939
  batch 210/264  loss=0.3804
  batch 220/264  loss=0.6065
  batch 230/264  loss=0.5037
  batch 240/264  loss=0.4962
  batch 250/264  loss=0.6282
  batch 260/264  loss=0.4094
Epoch 122/300  train=4.385e-01  rmse=27.2745  lr=1.0e-04  231s
  -> best  monitor=4.385e-01
  batch 10/264  loss=0.4135
  batch 20/264  loss=0.3893
  batch 30/264  loss=0.3432
  batch 40/264  loss=0.3389
  batch 50/264  loss=0.3777
  batch 60/264  loss=0.3283
  batch 70/264  loss=0.3685
  batch 80/264  loss=0.4044
  batch 90/264  loss=0.4424
  batch 100/264  loss=0.3165
  batch 110/264  loss=0.7238
  batch 120/264  loss=0.4137
  batch 130/264  loss=0.3604
  batch 140/264  loss=0.6088
  batch 150/264  loss=0.4092
  batch 160/264  loss=0.3392
  batch 170/264  loss=0.4796
  batch 180/264  loss=0.3440
  batch 190/264  loss=0.7828
  batch 200/264  loss=0.4511
  batch 210/264  loss=0.6810
  batch 220/264  loss=0.3522
  batch 230/264  loss=0.3965
  batch 240/264  loss=0.5430
  batch 250/264  loss=0.6154
  batch 260/264  loss=0.3321
Epoch 123/300  train=4.461e-01  rmse=2.1025  lr=1.0e-04  229s
  batch 10/264  loss=0.4275
  batch 20/264  loss=0.8111
  batch 30/264  loss=0.3468
  batch 40/264  loss=0.3283
  batch 50/264  loss=0.5327
  batch 60/264  loss=0.3026
  batch 70/264  loss=0.4786
  batch 80/264  loss=0.5921
  batch 90/264  loss=0.3975
  batch 100/264  loss=0.4123
  batch 110/264  loss=0.3899
  batch 120/264  loss=0.3583
  batch 130/264  loss=0.3600
  batch 140/264  loss=0.3806
  batch 150/264  loss=0.3796
  batch 160/264  loss=0.4457
  batch 170/264  loss=0.4079
  batch 180/264  loss=0.3162
  batch 190/264  loss=0.3403
  batch 200/264  loss=0.6712
  batch 210/264  loss=0.4090
  batch 220/264  loss=0.3387
  batch 230/264  loss=0.5016
  batch 240/264  loss=0.5277
  batch 250/264  loss=0.3100
  batch 260/264  loss=0.4019
Epoch 124/300  train=4.443e-01  rmse=1.9304  lr=1.0e-04  231s
  batch 10/264  loss=0.4176
  batch 20/264  loss=0.3058
  batch 30/264  loss=0.3469
  batch 40/264  loss=0.4944
  batch 50/264  loss=0.5357
  batch 60/264  loss=0.3819
  batch 70/264  loss=0.5837
  batch 80/264  loss=0.4370
  batch 90/264  loss=0.5289
  batch 100/264  loss=0.3353
  batch 110/264  loss=0.3889
  batch 120/264  loss=0.3625
  batch 130/264  loss=0.6931
  batch 140/264  loss=0.5410
  batch 150/264  loss=0.4329
  batch 160/264  loss=0.4071
  batch 170/264  loss=0.3622
  batch 180/264  loss=0.4265
  batch 190/264  loss=0.3720
  batch 200/264  loss=0.8449
  batch 210/264  loss=0.5438
  batch 220/264  loss=0.3380
  batch 230/264  loss=0.3612
  batch 240/264  loss=0.5845
  batch 250/264  loss=0.6037
  batch 260/264  loss=0.3589
Epoch 125/300  train=4.417e-01  rmse=1.8349  lr=1.0e-04  230s
  batch 10/264  loss=0.3335
  batch 20/264  loss=0.2730
  batch 30/264  loss=0.4241
  batch 40/264  loss=0.4118
  batch 50/264  loss=0.4786
  batch 60/264  loss=0.5516
  batch 70/264  loss=0.3688
  batch 80/264  loss=0.6038
  batch 90/264  loss=0.3409
  batch 100/264  loss=0.3730
  batch 110/264  loss=0.4496
  batch 120/264  loss=0.5132
  batch 130/264  loss=0.4108
  batch 140/264  loss=0.4765
  batch 150/264  loss=0.4255
  batch 160/264  loss=0.5702
  batch 170/264  loss=0.4394
  batch 180/264  loss=0.3812
  batch 190/264  loss=0.4513
  batch 200/264  loss=0.5407
  batch 210/264  loss=0.4317
  batch 220/264  loss=0.4092
  batch 230/264  loss=0.5116
  batch 240/264  loss=0.5386
  batch 250/264  loss=0.3312
  batch 260/264  loss=0.5260
Epoch 126/300  train=4.414e-01  rmse=2.0686  lr=1.0e-04  229s
  batch 10/264  loss=0.6855
  batch 20/264  loss=0.3527
  batch 30/264  loss=0.4384
  batch 40/264  loss=0.3116
  batch 50/264  loss=0.5085
  batch 60/264  loss=0.4378
  batch 70/264  loss=0.3233
  batch 80/264  loss=0.6488
  batch 90/264  loss=0.4604
  batch 100/264  loss=0.4433
  batch 110/264  loss=0.3161
  batch 120/264  loss=0.3637
  batch 130/264  loss=0.6912
  batch 140/264  loss=0.4232
  batch 150/264  loss=0.4189
  batch 160/264  loss=0.4686
  batch 170/264  loss=0.3832
  batch 180/264  loss=0.4490
  batch 190/264  loss=0.3603
  batch 200/264  loss=0.3329
  batch 210/264  loss=0.4147
  batch 220/264  loss=0.5331
  batch 230/264  loss=0.6763
  batch 240/264  loss=0.3906
  batch 250/264  loss=0.4912
  batch 260/264  loss=0.3802
Epoch 127/300  train=4.416e-01  rmse=1.9768  lr=1.0e-04  230s
  batch 10/264  loss=0.3561
  batch 20/264  loss=0.4556
  batch 30/264  loss=0.2944
  batch 40/264  loss=0.4226
  batch 50/264  loss=0.3312
  batch 60/264  loss=0.4195
  batch 70/264  loss=0.5169
  batch 80/264  loss=0.3238
  batch 90/264  loss=0.4769
  batch 100/264  loss=0.7189
  batch 110/264  loss=0.7196
  batch 120/264  loss=0.3719
  batch 130/264  loss=0.3993
  batch 140/264  loss=0.9088
  batch 150/264  loss=0.3548
  batch 160/264  loss=0.3782
  batch 170/264  loss=0.5124
  batch 180/264  loss=0.3953
  batch 190/264  loss=0.3513
  batch 200/264  loss=0.4038
  batch 210/264  loss=0.3861
  batch 220/264  loss=0.4675
  batch 230/264  loss=0.4198
  batch 240/264  loss=0.3900
  batch 250/264  loss=0.4120
  batch 260/264  loss=0.3513
Epoch 128/300  train=4.419e-01  rmse=1.8701  lr=1.0e-04  230s
  batch 10/264  loss=0.3475
  batch 20/264  loss=0.4175
  batch 30/264  loss=0.4200
  batch 40/264  loss=0.4580
  batch 50/264  loss=0.4209
  batch 60/264  loss=0.3510
  batch 70/264  loss=0.4277
  batch 80/264  loss=0.4979
  batch 90/264  loss=0.5858
  batch 100/264  loss=0.5514
  batch 110/264  loss=0.4089
  batch 120/264  loss=0.4101
  batch 130/264  loss=0.4103
  batch 140/264  loss=0.4821
  batch 150/264  loss=0.4477
  batch 160/264  loss=0.3996
  batch 170/264  loss=0.4351
  batch 180/264  loss=0.3098
  batch 190/264  loss=0.6050
  batch 200/264  loss=0.4021
  batch 210/264  loss=0.4491
  batch 220/264  loss=0.3475
  batch 230/264  loss=0.3315
  batch 240/264  loss=0.3631
  batch 250/264  loss=0.4309
  batch 260/264  loss=0.4539
Epoch 129/300  train=4.412e-01  rmse=1.8579  lr=1.0e-04  230s
  batch 10/264  loss=0.4059
  batch 20/264  loss=0.4032
  batch 30/264  loss=0.3441
  batch 40/264  loss=0.4733
  batch 50/264  loss=0.4689
  batch 60/264  loss=0.3599
  batch 70/264  loss=0.3421
  batch 80/264  loss=0.3836
  batch 90/264  loss=0.4099
  batch 100/264  loss=0.6873
  batch 110/264  loss=0.3891
  batch 120/264  loss=0.3834
  batch 130/264  loss=0.4770
  batch 140/264  loss=0.4286
  batch 150/264  loss=0.3868
  batch 160/264  loss=0.3457
  batch 170/264  loss=0.4227
  batch 180/264  loss=0.3851
  batch 190/264  loss=0.3762
  batch 200/264  loss=0.3533
  batch 210/264  loss=0.4169
  batch 220/264  loss=0.3389
  batch 230/264  loss=0.7707
  batch 240/264  loss=0.5136
  batch 250/264  loss=0.4726
  batch 260/264  loss=0.3807
Epoch 130/300  train=4.367e-01  rmse=2.3023  lr=1.0e-04  231s
  -> best  monitor=4.367e-01
  batch 10/264  loss=0.4217
  batch 20/264  loss=0.4123
  batch 30/264  loss=0.4020
  batch 40/264  loss=0.5604
  batch 50/264  loss=0.4597
  batch 60/264  loss=0.3838
  batch 70/264  loss=0.3437
  batch 80/264  loss=0.4216
  batch 90/264  loss=0.5946
  batch 100/264  loss=0.3920
  batch 110/264  loss=0.3635
  batch 120/264  loss=0.3186
  batch 130/264  loss=0.4854
  batch 140/264  loss=0.4258
  batch 150/264  loss=0.3910
  batch 160/264  loss=0.3582
  batch 170/264  loss=0.3992
  batch 180/264  loss=0.4378
  batch 190/264  loss=0.5669
  batch 200/264  loss=0.4591
  batch 210/264  loss=0.4350
  batch 220/264  loss=0.3129
  batch 230/264  loss=0.4020
  batch 240/264  loss=0.3712
  batch 250/264  loss=0.3574
  batch 260/264  loss=0.4643
Epoch 131/300  train=4.360e-01  rmse=1.8929  lr=1.0e-04  230s
  -> best  monitor=4.360e-01
  batch 10/264  loss=0.4010
  batch 20/264  loss=0.3877
  batch 30/264  loss=0.3505
  batch 40/264  loss=0.5494
  batch 50/264  loss=0.4978
  batch 60/264  loss=0.7415
  batch 70/264  loss=0.5240
  batch 80/264  loss=0.3864
  batch 90/264  loss=0.3143
  batch 100/264  loss=0.6484
  batch 110/264  loss=0.4369
  batch 120/264  loss=0.2782
  batch 130/264  loss=0.3487
  batch 140/264  loss=0.4704
  batch 150/264  loss=0.3265
  batch 160/264  loss=0.3793
  batch 170/264  loss=0.4063
  batch 180/264  loss=0.3431
  batch 190/264  loss=0.3731
  batch 200/264  loss=0.5524
  batch 210/264  loss=0.4836
  batch 220/264  loss=0.4150
  batch 230/264  loss=0.3949
  batch 240/264  loss=0.5732
  batch 250/264  loss=0.4134
  batch 260/264  loss=0.4226
Epoch 132/300  train=4.363e-01  rmse=4.3294  lr=1.0e-04  229s
  batch 10/264  loss=0.3078
  batch 20/264  loss=0.3606
  batch 30/264  loss=0.5679
  batch 40/264  loss=0.4432
  batch 50/264  loss=0.4096
  batch 60/264  loss=0.4400
  batch 70/264  loss=0.3747
  batch 80/264  loss=0.4273
  batch 90/264  loss=0.4959
  batch 100/264  loss=0.3828
  batch 110/264  loss=0.4197
  batch 120/264  loss=0.4283
  batch 130/264  loss=0.4472
  batch 140/264  loss=0.4252
  batch 150/264  loss=0.5767
  batch 160/264  loss=0.3068
  batch 170/264  loss=0.3549
  batch 180/264  loss=0.5032
  batch 190/264  loss=0.4698
  batch 200/264  loss=0.3887
  batch 210/264  loss=0.3282
  batch 220/264  loss=0.3462
  batch 230/264  loss=0.3380
  batch 240/264  loss=0.4972
  batch 250/264  loss=0.4201
  batch 260/264  loss=0.3260
Epoch 133/300  train=4.306e-01  rmse=2.1091  lr=1.0e-04  229s
  -> best  monitor=4.306e-01
  batch 10/264  loss=0.3797
  batch 20/264  loss=0.4154
  batch 30/264  loss=0.3821
  batch 40/264  loss=0.3463
  batch 50/264  loss=0.3356
  batch 60/264  loss=0.3674
  batch 70/264  loss=0.3705
  batch 80/264  loss=0.3704
  batch 90/264  loss=0.3945
  batch 100/264  loss=0.3893
  batch 110/264  loss=0.5220
  batch 120/264  loss=0.9445
  batch 130/264  loss=0.4253
  batch 140/264  loss=0.4372
  batch 150/264  loss=0.4132
  batch 160/264  loss=0.4897
  batch 170/264  loss=0.3953
  batch 180/264  loss=0.6140
  batch 190/264  loss=0.4022
  batch 200/264  loss=0.3770
  batch 210/264  loss=0.3761
  batch 220/264  loss=0.3962
  batch 230/264  loss=0.3219
  batch 240/264  loss=0.4945
  batch 250/264  loss=0.7309
  batch 260/264  loss=0.4317
Epoch 134/300  train=4.356e-01  rmse=1.9779  lr=1.0e-04  230s
  batch 10/264  loss=0.4514
  batch 20/264  loss=0.4539
  batch 30/264  loss=0.3487
  batch 40/264  loss=0.4790
  batch 50/264  loss=0.3589
  batch 60/264  loss=0.5602
  batch 70/264  loss=0.4192
  batch 80/264  loss=0.3925
  batch 90/264  loss=0.4856
  batch 100/264  loss=0.3380
  batch 110/264  loss=0.5556
  batch 120/264  loss=0.3426
  batch 130/264  loss=0.5816
  batch 140/264  loss=0.3629
  batch 150/264  loss=0.5413
  batch 160/264  loss=0.4043
  batch 170/264  loss=0.3419
  batch 180/264  loss=0.6840
  batch 190/264  loss=0.4702
  batch 200/264  loss=0.5963
  batch 210/264  loss=0.3530
  batch 220/264  loss=0.6255
  batch 230/264  loss=0.5582
  batch 240/264  loss=0.4122
  batch 250/264  loss=0.3958
  batch 260/264  loss=0.3794
Epoch 135/300  train=4.360e-01  rmse=2.3821  lr=1.0e-04  231s
  batch 10/264  loss=0.5140
  batch 20/264  loss=0.3387
  batch 30/264  loss=0.4255
  batch 40/264  loss=0.4643
  batch 50/264  loss=0.3522
  batch 60/264  loss=0.3391
  batch 70/264  loss=0.4368
  batch 80/264  loss=0.4825
  batch 90/264  loss=0.6905
  batch 100/264  loss=0.4150
  batch 110/264  loss=0.5293
  batch 120/264  loss=0.4838
  batch 130/264  loss=0.3741
  batch 140/264  loss=0.5724
  batch 150/264  loss=0.3417
  batch 160/264  loss=0.6016
  batch 170/264  loss=0.2988
  batch 180/264  loss=0.3456
  batch 190/264  loss=0.3558
  batch 200/264  loss=0.5077
  batch 210/264  loss=0.5161
  batch 220/264  loss=0.4170
  batch 230/264  loss=0.4668
  batch 240/264  loss=0.4185
  batch 250/264  loss=0.5517
  batch 260/264  loss=0.4115
Epoch 136/300  train=4.365e-01  rmse=1.9306  lr=1.0e-04  231s
  batch 10/264  loss=0.4229
  batch 20/264  loss=0.4510
  batch 30/264  loss=0.2936
  batch 40/264  loss=0.4355
  batch 50/264  loss=0.3359
  batch 60/264  loss=0.5014
  batch 70/264  loss=0.3085
  batch 80/264  loss=0.4145
  batch 90/264  loss=0.4324
  batch 100/264  loss=0.4285
  batch 110/264  loss=0.4120
  batch 120/264  loss=0.5434
  batch 130/264  loss=0.8136
  batch 140/264  loss=0.3787
  batch 150/264  loss=0.5819
  batch 160/264  loss=0.3994
  batch 170/264  loss=0.4277
  batch 180/264  loss=0.4201
  batch 190/264  loss=0.3772
  batch 200/264  loss=0.3991
  batch 210/264  loss=0.4792
  batch 220/264  loss=0.3747
  batch 230/264  loss=0.5058
  batch 240/264  loss=0.3944
  batch 250/264  loss=0.3839
  batch 260/264  loss=0.3703
Epoch 137/300  train=4.317e-01  rmse=1.8180  lr=1.0e-04  231s
  batch 10/264  loss=0.4387
  batch 20/264  loss=0.4748
  batch 30/264  loss=0.5163
  batch 40/264  loss=0.4245
  batch 50/264  loss=0.4473
  batch 60/264  loss=0.4452
  batch 70/264  loss=0.3744
  batch 80/264  loss=0.4179
  batch 90/264  loss=0.3800
  batch 100/264  loss=0.4129
  batch 110/264  loss=0.3590
  batch 120/264  loss=0.4182
  batch 130/264  loss=0.4029
  batch 140/264  loss=0.3638
  batch 150/264  loss=0.3970
  batch 160/264  loss=0.3636
  batch 170/264  loss=0.3492
  batch 180/264  loss=0.6205
  batch 190/264  loss=0.4585
  batch 200/264  loss=0.5919
  batch 210/264  loss=0.3971
  batch 220/264  loss=0.4010
  batch 230/264  loss=0.6017
  batch 240/264  loss=0.3999
  batch 250/264  loss=0.4046
  batch 260/264  loss=0.3863
Epoch 138/300  train=4.315e-01  rmse=1.8492  lr=1.0e-04  230s
  batch 10/264  loss=0.3678
  batch 20/264  loss=0.4438
  batch 30/264  loss=0.4297
  batch 40/264  loss=0.4158
  batch 50/264  loss=0.4547
  batch 60/264  loss=0.4591
  batch 70/264  loss=0.3679
  batch 80/264  loss=0.4753
  batch 90/264  loss=0.5096
  batch 100/264  loss=0.3190
  batch 110/264  loss=0.4349
  batch 120/264  loss=0.3353
  batch 130/264  loss=0.5427
  batch 140/264  loss=0.3513
  batch 150/264  loss=0.5434
  batch 160/264  loss=0.4606
  batch 170/264  loss=0.4294
  batch 180/264  loss=0.3482
  batch 190/264  loss=0.4994
  batch 200/264  loss=0.6590
  batch 210/264  loss=0.4037
  batch 220/264  loss=0.4392
  batch 230/264  loss=0.3612
  batch 240/264  loss=0.2777
  batch 250/264  loss=0.3318
  batch 260/264  loss=0.3655
Epoch 139/300  train=4.315e-01  rmse=1.8780  lr=1.0e-04  231s
  batch 10/264  loss=0.3819
  batch 20/264  loss=0.4298
  batch 30/264  loss=0.5754
  batch 40/264  loss=0.5915
  batch 50/264  loss=0.3776
  batch 60/264  loss=0.3889
  batch 70/264  loss=0.8817
  batch 80/264  loss=0.4810
  batch 90/264  loss=0.4027
  batch 100/264  loss=0.4435
  batch 110/264  loss=0.3792
  batch 120/264  loss=0.3984
  batch 130/264  loss=0.3334
  batch 140/264  loss=0.3584
  batch 150/264  loss=0.5578
  batch 160/264  loss=0.5138
  batch 170/264  loss=0.3267
  batch 180/264  loss=0.5872
  batch 190/264  loss=0.4149
  batch 200/264  loss=0.4792
  batch 210/264  loss=0.5226
  batch 220/264  loss=0.5998
  batch 230/264  loss=0.5852
  batch 240/264  loss=0.3815
  batch 250/264  loss=0.3187
  batch 260/264  loss=0.4623
Epoch 140/300  train=4.277e-01  rmse=1.9368  lr=1.0e-04  229s
  -> best  monitor=4.277e-01
  batch 10/264  loss=0.3361
  batch 20/264  loss=0.4544
  batch 30/264  loss=0.5437
  batch 40/264  loss=0.3338
  batch 50/264  loss=0.3153
  batch 60/264  loss=0.3854
  batch 70/264  loss=0.5984
  batch 80/264  loss=0.3440
  batch 90/264  loss=0.3453
  batch 100/264  loss=0.3626
  batch 110/264  loss=0.3766
  batch 120/264  loss=0.5642
  batch 130/264  loss=0.3673
  batch 140/264  loss=0.3508
  batch 150/264  loss=0.3779
  batch 160/264  loss=0.4174
  batch 170/264  loss=0.4893
  batch 180/264  loss=0.6376
  batch 190/264  loss=0.6358
  batch 200/264  loss=0.3332
  batch 210/264  loss=0.4450
  batch 220/264  loss=0.3961
  batch 230/264  loss=0.3427
  batch 240/264  loss=0.4059
  batch 250/264  loss=0.5415
  batch 260/264  loss=0.3339
Epoch 141/300  train=4.261e-01  rmse=1.9231  lr=1.0e-04  230s
  -> best  monitor=4.261e-01
  batch 10/264  loss=0.3639
  batch 20/264  loss=0.4391
  batch 30/264  loss=0.4463
  batch 40/264  loss=0.3496
  batch 50/264  loss=0.3477
  batch 60/264  loss=0.5481
  batch 70/264  loss=0.4108
  batch 80/264  loss=0.5077
  batch 90/264  loss=0.3994
  batch 100/264  loss=0.4090
  batch 110/264  loss=0.3510
  batch 120/264  loss=0.2924
  batch 130/264  loss=0.3804
  batch 140/264  loss=0.6221
  batch 150/264  loss=0.3284
  batch 160/264  loss=0.4053
  batch 170/264  loss=0.3616
  batch 180/264  loss=0.6925
  batch 190/264  loss=0.4791
  batch 200/264  loss=0.3315
  batch 210/264  loss=0.5342
  batch 220/264  loss=0.4476
  batch 230/264  loss=0.3784
  batch 240/264  loss=0.4265
  batch 250/264  loss=0.3890
  batch 260/264  loss=0.5341
Epoch 142/300  train=4.336e-01  rmse=2.0722  lr=1.0e-04  230s
  batch 10/264  loss=0.4274
  batch 20/264  loss=0.6911
  batch 30/264  loss=0.5138
  batch 40/264  loss=0.4517
  batch 50/264  loss=0.3875
  batch 60/264  loss=0.3984
  batch 70/264  loss=0.3437
  batch 80/264  loss=0.6399
  batch 90/264  loss=0.4808
  batch 100/264  loss=0.5963
  batch 110/264  loss=0.4398
  batch 120/264  loss=0.3941
  batch 130/264  loss=0.3513
  batch 140/264  loss=0.3556
  batch 150/264  loss=0.3487
  batch 160/264  loss=0.3597
  batch 170/264  loss=0.3736
  batch 180/264  loss=0.3555
  batch 190/264  loss=0.3581
  batch 200/264  loss=0.3289
  batch 210/264  loss=0.4921
  batch 220/264  loss=0.4574
  batch 230/264  loss=0.4272
  batch 240/264  loss=0.4176
  batch 250/264  loss=0.3529
  batch 260/264  loss=0.8977
Epoch 143/300  train=4.260e-01  rmse=1.8790  lr=1.0e-04  230s
  -> best  monitor=4.260e-01
  batch 10/264  loss=0.4819
  batch 20/264  loss=0.3676
  batch 30/264  loss=0.3877
  batch 40/264  loss=0.4069
  batch 50/264  loss=0.3621
  batch 60/264  loss=0.4322
  batch 70/264  loss=0.4768
  batch 80/264  loss=0.3429
  batch 90/264  loss=0.4177
  batch 100/264  loss=0.5611
  batch 110/264  loss=0.3769
  batch 120/264  loss=0.4129
  batch 130/264  loss=0.3941
  batch 140/264  loss=0.6019
  batch 150/264  loss=0.5494
  batch 160/264  loss=0.3258
  batch 170/264  loss=0.3058
  batch 180/264  loss=0.3689
  batch 190/264  loss=0.6638
  batch 200/264  loss=0.3620
  batch 210/264  loss=0.4510
  batch 220/264  loss=0.3710
  batch 230/264  loss=0.4025
  batch 240/264  loss=0.5129
  batch 250/264  loss=0.4642
  batch 260/264  loss=0.4089
Epoch 144/300  train=4.277e-01  rmse=1.9566  lr=1.0e-04  230s
  batch 10/264  loss=0.5294
  batch 20/264  loss=0.6358
  batch 30/264  loss=0.3628
  batch 40/264  loss=0.3515
  batch 50/264  loss=0.3888
  batch 60/264  loss=0.3581
  batch 70/264  loss=0.3178
  batch 80/264  loss=0.4501
  batch 90/264  loss=0.3910
  batch 100/264  loss=0.4371
  batch 110/264  loss=0.3853
  batch 120/264  loss=0.5490
  batch 130/264  loss=0.5210
  batch 140/264  loss=0.4369
  batch 150/264  loss=0.2977
  batch 160/264  loss=0.5358
  batch 170/264  loss=0.5043
  batch 180/264  loss=0.3797
  batch 190/264  loss=0.3974
  batch 200/264  loss=0.3516
  batch 210/264  loss=0.4579
  batch 220/264  loss=0.3653
  batch 230/264  loss=0.5007
  batch 240/264  loss=0.4766
  batch 250/264  loss=0.3309
  batch 260/264  loss=0.4999
Epoch 145/300  train=4.283e-01  rmse=2.5326  lr=1.0e-04  230s
  batch 10/264  loss=0.4144
  batch 20/264  loss=0.5214
  batch 30/264  loss=0.3909
  batch 40/264  loss=0.5298
  batch 50/264  loss=0.3340
  batch 60/264  loss=0.5167
  batch 70/264  loss=0.3086
  batch 80/264  loss=0.3919
  batch 90/264  loss=0.4007
  batch 100/264  loss=0.4207
  batch 110/264  loss=0.4221
  batch 120/264  loss=0.4005
  batch 130/264  loss=0.6247
  batch 140/264  loss=0.3373
  batch 150/264  loss=0.3840
  batch 160/264  loss=0.5434
  batch 170/264  loss=0.3490
  batch 180/264  loss=0.3931
  batch 190/264  loss=0.3360
  batch 200/264  loss=0.4155
  batch 210/264  loss=0.3717
  batch 220/264  loss=0.4427
  batch 230/264  loss=0.3954
  batch 240/264  loss=0.5746
  batch 250/264  loss=0.4689
  batch 260/264  loss=0.4575
Epoch 146/300  train=4.256e-01  rmse=1.8582  lr=1.0e-04  231s
  -> best  monitor=4.256e-01
  batch 10/264  loss=0.4630
  batch 20/264  loss=0.3511
  batch 30/264  loss=0.4414
  batch 40/264  loss=0.3813
  batch 50/264  loss=0.4357
  batch 60/264  loss=0.3821
  batch 70/264  loss=0.5425
  batch 80/264  loss=0.3374
  batch 90/264  loss=0.5726
  batch 100/264  loss=0.4260
  batch 110/264  loss=0.4534
  batch 120/264  loss=0.3562
  batch 130/264  loss=0.5003
  batch 140/264  loss=0.4058
  batch 150/264  loss=0.3405
  batch 160/264  loss=0.3956
  batch 170/264  loss=0.4011
  batch 180/264  loss=0.5365
  batch 190/264  loss=0.3299
  batch 200/264  loss=0.7183
  batch 210/264  loss=0.4332
  batch 220/264  loss=0.3837
  batch 230/264  loss=0.3788
  batch 240/264  loss=0.5865
  batch 250/264  loss=0.3854
  batch 260/264  loss=0.3784
Epoch 147/300  train=4.226e-01  rmse=2.3967  lr=1.0e-04  230s
  -> best  monitor=4.226e-01
  batch 10/264  loss=0.4649
  batch 20/264  loss=0.3261
  batch 30/264  loss=0.3108
  batch 40/264  loss=0.3494
  batch 50/264  loss=0.4503
  batch 60/264  loss=0.4781
  batch 70/264  loss=0.3859
  batch 80/264  loss=0.3705
  batch 90/264  loss=0.4184
  batch 100/264  loss=0.3465
  batch 110/264  loss=0.4084
  batch 120/264  loss=0.3432
  batch 130/264  loss=0.2876
  batch 140/264  loss=0.4359
  batch 150/264  loss=0.3424
  batch 160/264  loss=0.3591
  batch 170/264  loss=0.5504
  batch 180/264  loss=0.4148
  batch 190/264  loss=0.6467
  batch 200/264  loss=0.4965
  batch 210/264  loss=0.4339
  batch 220/264  loss=0.4731
  batch 230/264  loss=0.4513
  batch 240/264  loss=0.3625
  batch 250/264  loss=0.3765
  batch 260/264  loss=0.3727
Epoch 148/300  train=4.258e-01  rmse=3.3546  lr=1.0e-04  230s
  batch 10/264  loss=0.3945
  batch 20/264  loss=0.3343
  batch 30/264  loss=0.3711
  batch 40/264  loss=0.4568
  batch 50/264  loss=0.4100
  batch 60/264  loss=0.4484
  batch 70/264  loss=0.3488
  batch 80/264  loss=0.3620
  batch 90/264  loss=0.3831
  batch 100/264  loss=0.5179
  batch 110/264  loss=0.5562
  batch 120/264  loss=0.5169
  batch 130/264  loss=0.3771
  batch 140/264  loss=0.3121
  batch 150/264  loss=0.4262
  batch 160/264  loss=0.6058
  batch 170/264  loss=0.3916
  batch 180/264  loss=0.5021
  batch 190/264  loss=0.3069
  batch 200/264  loss=0.4291
  batch 210/264  loss=0.3498
  batch 220/264  loss=0.5424
  batch 230/264  loss=0.4660
  batch 240/264  loss=0.3986
  batch 250/264  loss=0.4145
  batch 260/264  loss=0.4899
Epoch 149/300  train=4.250e-01  rmse=1.9284  lr=1.0e-04  232s
  batch 10/264  loss=0.3167
  batch 20/264  loss=0.4392
  batch 30/264  loss=0.5179
  batch 40/264  loss=0.3415
  batch 50/264  loss=0.3978
  batch 60/264  loss=0.4199
  batch 70/264  loss=0.2899
  batch 80/264  loss=0.3441
  batch 90/264  loss=0.7110
  batch 100/264  loss=0.4172
  batch 110/264  loss=0.4376
  batch 120/264  loss=0.4223
  batch 130/264  loss=0.6775
  batch 140/264  loss=0.4367
  batch 150/264  loss=0.6869
  batch 160/264  loss=0.3807
  batch 170/264  loss=0.3626
  batch 180/264  loss=0.5093
  batch 190/264  loss=0.3515
  batch 200/264  loss=0.4372
  batch 210/264  loss=0.3767
  batch 220/264  loss=0.4338
  batch 230/264  loss=0.5545
  batch 240/264  loss=0.4647
  batch 250/264  loss=0.2961
  batch 260/264  loss=0.5030
Epoch 150/300  train=4.196e-01  rmse=2.3698  lr=1.0e-04  235s
  -> best  monitor=4.196e-01
  batch 10/264  loss=0.4055
  batch 20/264  loss=0.5245
  batch 30/264  loss=0.3151
  batch 40/264  loss=0.3533
  batch 50/264  loss=0.4607
  batch 60/264  loss=0.5331
  batch 70/264  loss=0.3340
  batch 80/264  loss=0.3265
  batch 90/264  loss=0.3765
  batch 100/264  loss=0.3497
  batch 110/264  loss=0.3444
  batch 120/264  loss=0.3423
  batch 130/264  loss=0.3783
  batch 140/264  loss=0.3711
  batch 150/264  loss=0.3929
  batch 160/264  loss=0.4497
  batch 170/264  loss=0.3784
  batch 180/264  loss=0.3760
  batch 190/264  loss=0.4548
  batch 200/264  loss=0.3352
  batch 210/264  loss=0.3014
  batch 220/264  loss=0.5047
  batch 230/264  loss=0.3555
  batch 240/264  loss=0.4430
  batch 250/264  loss=0.4095
  batch 260/264  loss=0.3680
Epoch 151/300  train=4.203e-01  rmse=2.2139  lr=1.0e-04  235s
  batch 10/264  loss=0.5277
  batch 20/264  loss=0.3252
  batch 30/264  loss=0.3280
  batch 40/264  loss=0.3496
  batch 50/264  loss=0.5049
  batch 60/264  loss=0.5968
  batch 70/264  loss=0.3848
  batch 80/264  loss=0.3859
  batch 90/264  loss=0.3129
  batch 100/264  loss=0.3694
  batch 110/264  loss=0.3723
  batch 120/264  loss=0.5647
  batch 130/264  loss=0.5623
  batch 140/264  loss=0.3756
  batch 150/264  loss=0.5690
  batch 160/264  loss=0.4485
  batch 170/264  loss=0.3655
  batch 180/264  loss=0.3344
  batch 190/264  loss=0.3234
  batch 200/264  loss=0.3251
  batch 210/264  loss=0.4009
  batch 220/264  loss=0.3553
  batch 230/264  loss=0.3943
  batch 240/264  loss=0.3907
  batch 250/264  loss=0.3737
  batch 260/264  loss=0.3405
Epoch 152/300  train=4.195e-01  rmse=2.0623  lr=1.0e-04  231s
  -> best  monitor=4.195e-01
  batch 10/264  loss=0.3827
  batch 20/264  loss=0.3153
  batch 30/264  loss=0.4436
  batch 40/264  loss=0.4015
  batch 50/264  loss=0.5222
  batch 60/264  loss=0.4081
  batch 70/264  loss=0.3630
  batch 80/264  loss=0.3944
  batch 90/264  loss=0.3867
  batch 100/264  loss=0.3086
  batch 110/264  loss=0.4121
  batch 120/264  loss=0.3136
  batch 130/264  loss=0.6293
  batch 140/264  loss=0.3910
  batch 150/264  loss=0.2938
  batch 160/264  loss=0.3816
  batch 170/264  loss=0.7066
  batch 180/264  loss=0.5759
  batch 190/264  loss=0.3687
  batch 200/264  loss=0.3852
  batch 210/264  loss=0.4136
  batch 220/264  loss=0.5562
  batch 230/264  loss=0.3669
  batch 240/264  loss=0.4066
  batch 250/264  loss=0.2748
  batch 260/264  loss=0.4886
Epoch 153/300  train=4.232e-01  rmse=2.0902  lr=1.0e-04  230s
  batch 10/264  loss=0.5613
  batch 20/264  loss=0.3108
  batch 30/264  loss=0.3420
  batch 40/264  loss=0.4937
  batch 50/264  loss=0.3800
  batch 60/264  loss=0.4181
  batch 70/264  loss=0.4490
  batch 80/264  loss=0.4421
  batch 90/264  loss=0.6421
  batch 100/264  loss=0.5418
  batch 110/264  loss=0.4320
  batch 120/264  loss=0.4592
  batch 130/264  loss=0.3835
  batch 140/264  loss=0.2841
  batch 150/264  loss=0.5776
  batch 160/264  loss=0.3422
  batch 170/264  loss=0.4759
  batch 180/264  loss=0.3435
  batch 190/264  loss=0.4852
  batch 200/264  loss=0.6583
  batch 210/264  loss=0.3964
  batch 220/264  loss=0.3795
  batch 230/264  loss=0.3293
  batch 240/264  loss=0.3673
  batch 250/264  loss=0.4718
  batch 260/264  loss=0.5438
Epoch 154/300  train=4.195e-01  rmse=1.9948  lr=1.0e-04  230s
  -> best  monitor=4.195e-01
  batch 10/264  loss=0.4150
  batch 20/264  loss=0.4009
  batch 30/264  loss=0.4478
  batch 40/264  loss=0.4064
  batch 50/264  loss=0.3997
  batch 60/264  loss=0.6194
  batch 70/264  loss=0.4895
  batch 80/264  loss=0.3333
  batch 90/264  loss=0.5383
  batch 100/264  loss=0.4459
  batch 110/264  loss=0.4161
  batch 120/264  loss=0.3872
  batch 130/264  loss=0.4226
  batch 140/264  loss=0.3954
  batch 150/264  loss=0.6313
  batch 160/264  loss=0.3619
  batch 170/264  loss=0.3226
  batch 180/264  loss=0.3480
  batch 190/264  loss=0.4165
  batch 200/264  loss=0.3014
  batch 210/264  loss=0.4658
  batch 220/264  loss=0.4296
  batch 230/264  loss=0.3368
  batch 240/264  loss=0.3303
  batch 250/264  loss=0.3897
  batch 260/264  loss=0.6998
Epoch 155/300  train=4.210e-01  rmse=1.8288  lr=1.0e-04  230s
  batch 10/264  loss=0.4228
  batch 20/264  loss=0.3726
  batch 30/264  loss=0.5181
  batch 40/264  loss=0.4372
  batch 50/264  loss=0.3789
  batch 60/264  loss=0.3574
  batch 70/264  loss=0.3944
  batch 80/264  loss=0.3169
  batch 90/264  loss=0.6044
  batch 100/264  loss=0.3934
  batch 110/264  loss=0.3075
  batch 120/264  loss=0.5888
  batch 130/264  loss=0.3188
  batch 140/264  loss=0.3964
  batch 150/264  loss=0.4728
  batch 160/264  loss=0.4784
  batch 170/264  loss=0.3557
  batch 180/264  loss=0.6116
  batch 190/264  loss=0.3683
  batch 200/264  loss=0.4295
  batch 210/264  loss=0.2611
  batch 220/264  loss=0.3285
  batch 230/264  loss=0.4007
  batch 240/264  loss=0.8045
  batch 250/264  loss=0.4863
  batch 260/264  loss=0.3042
Epoch 156/300  train=4.213e-01  rmse=1.8712  lr=1.0e-04  231s
  batch 10/264  loss=0.3693
  batch 20/264  loss=0.3771
  batch 30/264  loss=0.4246
  batch 40/264  loss=0.3124
  batch 50/264  loss=0.6006
  batch 60/264  loss=0.3503
  batch 70/264  loss=0.5485
  batch 80/264  loss=0.3848
  batch 90/264  loss=0.4647
  batch 100/264  loss=0.3130
  batch 110/264  loss=0.3507
  batch 120/264  loss=0.3789
  batch 130/264  loss=0.4658
  batch 140/264  loss=0.5390
  batch 150/264  loss=0.3834
  batch 160/264  loss=0.3753
  batch 170/264  loss=0.3089
  batch 180/264  loss=0.3336
  batch 190/264  loss=0.4363
  batch 200/264  loss=0.4815
  batch 210/264  loss=0.4531
  batch 220/264  loss=0.3566
  batch 230/264  loss=0.6215
  batch 240/264  loss=0.4216
  batch 250/264  loss=0.3861
  batch 260/264  loss=0.4197
Epoch 157/300  train=4.200e-01  rmse=1.9741  lr=1.0e-04  230s
  batch 10/264  loss=0.3070
  batch 20/264  loss=0.4027
  batch 30/264  loss=0.4652
  batch 40/264  loss=0.3502
  batch 50/264  loss=0.5411
  batch 60/264  loss=0.3696
  batch 70/264  loss=0.4532
  batch 80/264  loss=0.3843
  batch 90/264  loss=0.3673
  batch 100/264  loss=0.3273
  batch 110/264  loss=0.3611
  batch 120/264  loss=0.4534
  batch 130/264  loss=0.3312
  batch 140/264  loss=0.3762
  batch 150/264  loss=0.3133
  batch 160/264  loss=0.4008
  batch 170/264  loss=0.3620
  batch 180/264  loss=0.3254
  batch 190/264  loss=0.4116
  batch 200/264  loss=0.4284
  batch 210/264  loss=0.5772
  batch 220/264  loss=0.3825
  batch 230/264  loss=0.4295
  batch 240/264  loss=0.4375
  batch 250/264  loss=0.4534
  batch 260/264  loss=0.3606
Epoch 158/300  train=4.168e-01  rmse=2.4249  lr=1.0e-04  230s
  -> best  monitor=4.168e-01
  batch 10/264  loss=0.3353
  batch 20/264  loss=0.3729
  batch 30/264  loss=0.4581
  batch 40/264  loss=0.3017
  batch 50/264  loss=0.5270
  batch 60/264  loss=0.4174
  batch 70/264  loss=0.3250
  batch 80/264  loss=0.4315
  batch 90/264  loss=0.3647
  batch 100/264  loss=0.3211
  batch 110/264  loss=0.5137
  batch 120/264  loss=0.4599
  batch 130/264  loss=0.3496
  batch 140/264  loss=0.3503
  batch 150/264  loss=0.3672
  batch 160/264  loss=0.3477
  batch 170/264  loss=0.3545
  batch 180/264  loss=0.4910
  batch 190/264  loss=0.3514
  batch 200/264  loss=0.8193
  batch 210/264  loss=0.3762
  batch 220/264  loss=0.4769
  batch 230/264  loss=0.6195
  batch 240/264  loss=0.3924
  batch 250/264  loss=0.4082
  batch 260/264  loss=0.3801
Epoch 159/300  train=4.223e-01  rmse=2.3365  lr=1.0e-04  230s
  batch 10/264  loss=0.4224
  batch 20/264  loss=0.3408
  batch 30/264  loss=0.5264
  batch 40/264  loss=0.3459
  batch 50/264  loss=0.3779
  batch 60/264  loss=0.6856
  batch 70/264  loss=0.4217
  batch 80/264  loss=0.4344
  batch 90/264  loss=0.3900
  batch 100/264  loss=0.3339
  batch 110/264  loss=0.5161
  batch 120/264  loss=0.3374
  batch 130/264  loss=0.4656
  batch 140/264  loss=0.4556
  batch 150/264  loss=0.4006
  batch 160/264  loss=0.3474
  batch 170/264  loss=0.3560
  batch 180/264  loss=0.4761
  batch 190/264  loss=0.3809
  batch 200/264  loss=0.3343
  batch 210/264  loss=0.4256
  batch 220/264  loss=0.2969
  batch 230/264  loss=0.3346
  batch 240/264  loss=0.3971
  batch 250/264  loss=0.3382
  batch 260/264  loss=0.4960
Epoch 160/300  train=4.205e-01  rmse=1.7904  lr=1.0e-04  230s
  batch 10/264  loss=0.3365
  batch 20/264  loss=0.3840
  batch 30/264  loss=0.3544
  batch 40/264  loss=0.3468
  batch 50/264  loss=0.5920
  batch 60/264  loss=0.4364
  batch 70/264  loss=0.4481
  batch 80/264  loss=0.4043
  batch 90/264  loss=0.2972
  batch 100/264  loss=0.5338
  batch 110/264  loss=0.3821
  batch 120/264  loss=0.3325
  batch 130/264  loss=0.4263
  batch 140/264  loss=0.3491
  batch 150/264  loss=0.3719
  batch 160/264  loss=0.3509
  batch 170/264  loss=0.4005
  batch 180/264  loss=0.3586
  batch 190/264  loss=0.5901
  batch 200/264  loss=0.3110
  batch 210/264  loss=0.6332
  batch 220/264  loss=0.4525
  batch 230/264  loss=0.3293
  batch 240/264  loss=0.4125
  batch 250/264  loss=0.4366
  batch 260/264  loss=0.3742
Epoch 161/300  train=4.160e-01  rmse=1.9171  lr=1.0e-04  230s
  -> best  monitor=4.160e-01
  batch 10/264  loss=0.5105
  batch 20/264  loss=0.4553
  batch 30/264  loss=0.4304
  batch 40/264  loss=0.3583
  batch 50/264  loss=0.3865
  batch 60/264  loss=0.4057
  batch 70/264  loss=0.3702
  batch 80/264  loss=0.4338
  batch 90/264  loss=0.3764
  batch 100/264  loss=0.3517
  batch 110/264  loss=0.4136
  batch 120/264  loss=0.3726
  batch 130/264  loss=0.4928
  batch 140/264  loss=0.4116
  batch 150/264  loss=0.3532
  batch 160/264  loss=0.3547
  batch 170/264  loss=0.3465
  batch 180/264  loss=0.3249
  batch 190/264  loss=0.4903
  batch 200/264  loss=0.3740
  batch 210/264  loss=0.4228
  batch 220/264  loss=0.4184
  batch 230/264  loss=0.4176
  batch 240/264  loss=0.4474
  batch 250/264  loss=0.3119
  batch 260/264  loss=0.3581
Epoch 162/300  train=4.159e-01  rmse=3.8568  lr=1.0e-04  230s
  -> best  monitor=4.159e-01
  batch 10/264  loss=0.5125
  batch 20/264  loss=0.3295
  batch 30/264  loss=0.4670
  batch 40/264  loss=0.4695
  batch 50/264  loss=0.6851
  batch 60/264  loss=0.3828
  batch 70/264  loss=0.3111
  batch 80/264  loss=0.4765
  batch 90/264  loss=0.3739
  batch 100/264  loss=0.3417
  batch 110/264  loss=0.4184
  batch 120/264  loss=0.3829
  batch 130/264  loss=0.4369
  batch 140/264  loss=0.3258
  batch 150/264  loss=0.3573
  batch 160/264  loss=0.3316
  batch 170/264  loss=0.3693
  batch 180/264  loss=0.3733
  batch 190/264  loss=0.6593
  batch 200/264  loss=0.3553
  batch 210/264  loss=0.4038
  batch 220/264  loss=0.4159
  batch 230/264  loss=0.4106
  batch 240/264  loss=0.3684
  batch 250/264  loss=0.5426
  batch 260/264  loss=0.3519
Epoch 163/300  train=4.210e-01  rmse=1.8485  lr=1.0e-04  231s
  batch 10/264  loss=0.3872
  batch 20/264  loss=0.4021
  batch 30/264  loss=0.4506
  batch 40/264  loss=0.3628
  batch 50/264  loss=0.3248
  batch 60/264  loss=0.3561
  batch 70/264  loss=0.4123
  batch 80/264  loss=0.3963
  batch 90/264  loss=0.5818
  batch 100/264  loss=0.3656
  batch 110/264  loss=0.6098
  batch 120/264  loss=0.3624
  batch 130/264  loss=0.3180
  batch 140/264  loss=0.3361
  batch 150/264  loss=0.4144
  batch 160/264  loss=0.3556
  batch 170/264  loss=0.5388
  batch 180/264  loss=0.3859
  batch 190/264  loss=0.4285
  batch 200/264  loss=0.4433
  batch 210/264  loss=0.5167
  batch 220/264  loss=0.3190
  batch 230/264  loss=0.3379
  batch 240/264  loss=0.4008
  batch 250/264  loss=0.3023
  batch 260/264  loss=0.3418
Epoch 164/300  train=4.160e-01  rmse=1.9375  lr=1.0e-04  231s
  batch 10/264  loss=0.4111
  batch 20/264  loss=0.3433
  batch 30/264  loss=0.3511
  batch 40/264  loss=0.6442
  batch 50/264  loss=0.4643
  batch 60/264  loss=0.5181
  batch 70/264  loss=0.3151
  batch 80/264  loss=0.3629
  batch 90/264  loss=0.4541
  batch 100/264  loss=0.3964
  batch 110/264  loss=0.4434
  batch 120/264  loss=0.3708
  batch 130/264  loss=0.6789
  batch 140/264  loss=0.3336
  batch 150/264  loss=0.3674
  batch 160/264  loss=0.3941
  batch 170/264  loss=0.3428
  batch 180/264  loss=0.4094
  batch 190/264  loss=0.3287
  batch 200/264  loss=0.5422
  batch 210/264  loss=0.4070
  batch 220/264  loss=0.4450
  batch 230/264  loss=0.4378
  batch 240/264  loss=0.3879
  batch 250/264  loss=0.3815
  batch 260/264  loss=0.3456
Epoch 165/300  train=4.161e-01  rmse=4.1454  lr=1.0e-04  230s
  batch 10/264  loss=0.3989
  batch 20/264  loss=0.3679
  batch 30/264  loss=0.4017
  batch 40/264  loss=0.3644
  batch 50/264  loss=0.3381
  batch 60/264  loss=0.4168
  batch 70/264  loss=0.4823
  batch 80/264  loss=0.3220
  batch 90/264  loss=0.4196
  batch 100/264  loss=0.4123
  batch 110/264  loss=0.2720
  batch 120/264  loss=0.3272
  batch 130/264  loss=0.3697
  batch 140/264  loss=0.3054
  batch 150/264  loss=0.3099
  batch 160/264  loss=0.3984
  batch 170/264  loss=0.3809
  batch 180/264  loss=0.5463
  batch 190/264  loss=0.4353
  batch 200/264  loss=0.3106
  batch 210/264  loss=0.3607
  batch 220/264  loss=0.4243
  batch 230/264  loss=0.4021
  batch 240/264  loss=0.3516
  batch 250/264  loss=0.3375
  batch 260/264  loss=0.3900
Epoch 166/300  train=4.085e-01  rmse=5.4500  lr=1.0e-04  236s
  -> best  monitor=4.085e-01
  batch 10/264  loss=0.5074
  batch 20/264  loss=0.4485
  batch 30/264  loss=0.2790
  batch 40/264  loss=0.3450
  batch 50/264  loss=0.4219
  batch 60/264  loss=0.4675
  batch 70/264  loss=0.3370
  batch 80/264  loss=0.4076
  batch 90/264  loss=0.5304
  batch 100/264  loss=0.3841
  batch 110/264  loss=0.3720
  batch 120/264  loss=0.3941
  batch 130/264  loss=0.4517
  batch 140/264  loss=0.3924
  batch 150/264  loss=0.3642
  batch 160/264  loss=0.3343
  batch 170/264  loss=0.3883
  batch 180/264  loss=0.3567
  batch 190/264  loss=0.3599
  batch 200/264  loss=0.4157
  batch 210/264  loss=0.5946
  batch 220/264  loss=0.4662
  batch 230/264  loss=0.6084
  batch 240/264  loss=0.5839
  batch 250/264  loss=0.6188
  batch 260/264  loss=0.3501
Epoch 167/300  train=4.151e-01  rmse=2.1496  lr=1.0e-04  232s
  batch 10/264  loss=0.3187
  batch 20/264  loss=0.4748
  batch 30/264  loss=0.5530
  batch 40/264  loss=0.5730
  batch 50/264  loss=0.3101
  batch 60/264  loss=0.5636
  batch 70/264  loss=0.4379
  batch 80/264  loss=0.6294
  batch 90/264  loss=0.3898
  batch 100/264  loss=0.4527
  batch 110/264  loss=0.5851
  batch 120/264  loss=0.4077
  batch 130/264  loss=0.3745
  batch 140/264  loss=0.5549
  batch 150/264  loss=0.3528
  batch 160/264  loss=0.3855
  batch 170/264  loss=0.3057
  batch 180/264  loss=0.3498
  batch 190/264  loss=0.5294
  batch 200/264  loss=0.3234
  batch 210/264  loss=0.4428
  batch 220/264  loss=0.5231
  batch 230/264  loss=0.3681
  batch 240/264  loss=0.3702
  batch 250/264  loss=0.6187
  batch 260/264  loss=0.4095
Epoch 168/300  train=4.113e-01  rmse=2.0014  lr=1.0e-04  232s
  batch 10/264  loss=0.3141
  batch 20/264  loss=0.3351
  batch 30/264  loss=0.3507
  batch 40/264  loss=0.3832
  batch 50/264  loss=0.4094
  batch 60/264  loss=0.3108
  batch 70/264  loss=0.4332
  batch 80/264  loss=0.3760
  batch 90/264  loss=0.4373
  batch 100/264  loss=0.3569
  batch 110/264  loss=0.4493
  batch 120/264  loss=0.4012
  batch 130/264  loss=0.4421
  batch 140/264  loss=0.4888
  batch 150/264  loss=0.7716
  batch 160/264  loss=0.4131
  batch 170/264  loss=0.3162
  batch 180/264  loss=0.5171
  batch 190/264  loss=0.4187
  batch 200/264  loss=0.3317
  batch 210/264  loss=0.3649
  batch 220/264  loss=0.3129
  batch 230/264  loss=0.3879
  batch 240/264  loss=0.5785
  batch 250/264  loss=0.5579
  batch 260/264  loss=0.7584
Epoch 169/300  train=4.178e-01  rmse=6.4105  lr=1.0e-04  231s
  batch 10/264  loss=0.4374
  batch 20/264  loss=0.3816
  batch 30/264  loss=0.3273
  batch 40/264  loss=0.5215
  batch 50/264  loss=0.3970
  batch 60/264  loss=0.5103
  batch 70/264  loss=0.3116
  batch 80/264  loss=0.2908
  batch 90/264  loss=0.4001
  batch 100/264  loss=0.3101
  batch 110/264  loss=0.3362
  batch 120/264  loss=0.4040
  batch 130/264  loss=0.4597
  batch 140/264  loss=0.3387
  batch 150/264  loss=0.3652
  batch 160/264  loss=0.3599
  batch 170/264  loss=0.3764
  batch 180/264  loss=0.5472
  batch 190/264  loss=0.4073
  batch 200/264  loss=0.3723
  batch 210/264  loss=0.4274
  batch 220/264  loss=0.3965
  batch 230/264  loss=0.5647
  batch 240/264  loss=0.4735
  batch 250/264  loss=0.4047
  batch 260/264  loss=0.4217
Epoch 170/300  train=4.106e-01  rmse=4.6443  lr=1.0e-04  233s
  batch 10/264  loss=0.3820
  batch 20/264  loss=0.3923
  batch 30/264  loss=0.3698
  batch 40/264  loss=0.3855
  batch 50/264  loss=0.3377
  batch 60/264  loss=0.4203
  batch 70/264  loss=0.3563
  batch 80/264  loss=0.2928
  batch 90/264  loss=0.5835
  batch 100/264  loss=0.3427
  batch 110/264  loss=0.3401
  batch 120/264  loss=0.3780
  batch 130/264  loss=0.3712
  batch 140/264  loss=0.3720
  batch 150/264  loss=0.3988
  batch 160/264  loss=0.5017
  batch 170/264  loss=0.3411
  batch 180/264  loss=0.3166
  batch 190/264  loss=0.3374
  batch 200/264  loss=0.4386
  batch 210/264  loss=0.3866
  batch 220/264  loss=0.4307
  batch 230/264  loss=0.3858
  batch 240/264  loss=0.5908
  batch 250/264  loss=0.3446
  batch 260/264  loss=0.4991
Epoch 171/300  train=4.130e-01  rmse=1.7085  lr=1.0e-04  233s
  batch 10/264  loss=0.3800
  batch 20/264  loss=0.5480
  batch 30/264  loss=0.4258
  batch 40/264  loss=0.4216
  batch 50/264  loss=0.3629
  batch 60/264  loss=0.3440
  batch 70/264  loss=0.3164
  batch 80/264  loss=0.3554
  batch 90/264  loss=0.3232
  batch 100/264  loss=0.3223
  batch 110/264  loss=0.4810
  batch 120/264  loss=0.4635
  batch 130/264  loss=0.3490
  batch 140/264  loss=0.6311
  batch 150/264  loss=0.3832
  batch 160/264  loss=0.5263
  batch 170/264  loss=0.3627
  batch 180/264  loss=0.3014
  batch 190/264  loss=0.3530
  batch 200/264  loss=0.3411
  batch 210/264  loss=0.3495
  batch 220/264  loss=0.3459
  batch 230/264  loss=0.4062
  batch 240/264  loss=0.3228
  batch 250/264  loss=0.5287
  batch 260/264  loss=0.3640
Epoch 172/300  train=4.142e-01  rmse=9.2675  lr=1.0e-04  231s
  batch 10/264  loss=0.4822
  batch 20/264  loss=0.3055
  batch 30/264  loss=0.4718
  batch 40/264  loss=0.3128
  batch 50/264  loss=0.3674
  batch 60/264  loss=0.4405
  batch 70/264  loss=0.4495
  batch 80/264  loss=0.3532
  batch 90/264  loss=0.3848
  batch 100/264  loss=0.3575
  batch 110/264  loss=0.4434
  batch 120/264  loss=0.3865
  batch 130/264  loss=0.5335
  batch 140/264  loss=0.3827
  batch 150/264  loss=0.4090
  batch 160/264  loss=0.4098
  batch 170/264  loss=0.3233
  batch 180/264  loss=0.3425
  batch 190/264  loss=0.3188
  batch 200/264  loss=0.3547
  batch 210/264  loss=0.4231
  batch 220/264  loss=0.3901
  batch 230/264  loss=0.3755
  batch 240/264  loss=0.3523
  batch 250/264  loss=0.5605
  batch 260/264  loss=0.4266
Epoch 173/300  train=4.112e-01  rmse=1.9601  lr=1.0e-04  232s
  batch 10/264  loss=0.3913
  batch 20/264  loss=0.3161
  batch 30/264  loss=0.3601
  batch 40/264  loss=0.3035
  batch 50/264  loss=0.3170
  batch 60/264  loss=0.3954
  batch 70/264  loss=0.4515
  batch 80/264  loss=0.3600
  batch 90/264  loss=0.3289
  batch 100/264  loss=0.3383
  batch 110/264  loss=0.3543
  batch 120/264  loss=0.3652
  batch 130/264  loss=0.5584
  batch 140/264  loss=0.3250
  batch 150/264  loss=0.6293
  batch 160/264  loss=0.3599
  batch 170/264  loss=0.3467
  batch 180/264  loss=0.3720
  batch 190/264  loss=0.3690
  batch 200/264  loss=0.3687
  batch 210/264  loss=0.5059
  batch 220/264  loss=0.4478
  batch 230/264  loss=0.3923
  batch 240/264  loss=0.3922
  batch 250/264  loss=0.3731
  batch 260/264  loss=0.4117
Epoch 174/300  train=4.094e-01  rmse=2.0236  lr=1.0e-04  233s
  batch 10/264  loss=0.4436
  batch 20/264  loss=0.5261
  batch 30/264  loss=0.5249
  batch 40/264  loss=0.4704
  batch 50/264  loss=0.5925
  batch 60/264  loss=0.4280
  batch 70/264  loss=0.2967
  batch 80/264  loss=0.3457
  batch 90/264  loss=0.3471
  batch 100/264  loss=0.3357
  batch 110/264  loss=0.3877
  batch 120/264  loss=0.5149
  batch 130/264  loss=0.5780
  batch 140/264  loss=0.3708
  batch 150/264  loss=0.3282
  batch 160/264  loss=0.3459
  batch 170/264  loss=0.4887
  batch 180/264  loss=0.4010
  batch 190/264  loss=0.3379
  batch 200/264  loss=0.2843
  batch 210/264  loss=0.3498
  batch 220/264  loss=0.3880
  batch 230/264  loss=0.4479
  batch 240/264  loss=0.3801
  batch 250/264  loss=0.4053
  batch 260/264  loss=0.5981
Epoch 175/300  train=4.066e-01  rmse=2.0327  lr=1.0e-04  231s
  -> best  monitor=4.066e-01
  batch 10/264  loss=0.3750
  batch 20/264  loss=0.3555
  batch 30/264  loss=0.4016
  batch 40/264  loss=0.5282
  batch 50/264  loss=0.3219
  batch 60/264  loss=0.3859
  batch 70/264  loss=0.3518
  batch 80/264  loss=0.5679
  batch 90/264  loss=0.2636
  batch 100/264  loss=0.3324
  batch 110/264  loss=0.3298
  batch 120/264  loss=0.4503
  batch 130/264  loss=0.3696
  batch 140/264  loss=0.5655
  batch 150/264  loss=0.3481
  batch 160/264  loss=0.4951
  batch 170/264  loss=0.2687
  batch 180/264  loss=0.5388
  batch 190/264  loss=0.3906
  batch 200/264  loss=0.3255
  batch 210/264  loss=0.5284
  batch 220/264  loss=0.4078
  batch 230/264  loss=0.4159
  batch 240/264  loss=0.3285
  batch 250/264  loss=0.4624
  batch 260/264  loss=0.4101
Epoch 176/300  train=4.168e-01  rmse=1.9605  lr=1.0e-04  232s
  batch 10/264  loss=0.7236
  batch 20/264  loss=0.3225
  batch 30/264  loss=0.3900
  batch 40/264  loss=0.6690
  batch 50/264  loss=0.3610
  batch 60/264  loss=0.3319
  batch 70/264  loss=0.4533
  batch 80/264  loss=0.3878
  batch 90/264  loss=0.3610
  batch 100/264  loss=0.2997
  batch 110/264  loss=0.3865
  batch 120/264  loss=0.5988
  batch 130/264  loss=0.2963
  batch 140/264  loss=0.5360
  batch 150/264  loss=0.4270
  batch 160/264  loss=0.4115
  batch 170/264  loss=0.3885
  batch 180/264  loss=0.4506
  batch 190/264  loss=0.3031
  batch 200/264  loss=0.3276
  batch 210/264  loss=0.6180
  batch 220/264  loss=0.3009
  batch 230/264  loss=0.3222
  batch 240/264  loss=0.4230
  batch 250/264  loss=0.4014
  batch 260/264  loss=0.3086
Epoch 177/300  train=4.116e-01  rmse=1.9174  lr=1.0e-04  231s
  batch 10/264  loss=0.3204
  batch 20/264  loss=0.3237
  batch 30/264  loss=0.3726
  batch 40/264  loss=0.4134
  batch 50/264  loss=0.4344
  batch 60/264  loss=0.3717
  batch 70/264  loss=0.5599
  batch 80/264  loss=0.3402
  batch 90/264  loss=0.3260
  batch 100/264  loss=0.5097
  batch 110/264  loss=0.3654
  batch 120/264  loss=0.3894
  batch 130/264  loss=0.3266
  batch 140/264  loss=0.3692
  batch 150/264  loss=0.4116
  batch 160/264  loss=0.2695
  batch 170/264  loss=0.6976
  batch 180/264  loss=0.4016
  batch 190/264  loss=0.4509
  batch 200/264  loss=0.5010
  batch 210/264  loss=0.3635
  batch 220/264  loss=0.3908
  batch 230/264  loss=0.5652
  batch 240/264  loss=0.4795
  batch 250/264  loss=0.3714
  batch 260/264  loss=0.3116
Epoch 178/300  train=4.084e-01  rmse=3.3297  lr=1.0e-04  231s
  batch 10/264  loss=0.3585
  batch 20/264  loss=0.5087
  batch 30/264  loss=0.5570
  batch 40/264  loss=0.5204
  batch 50/264  loss=0.2825
  batch 60/264  loss=0.3493
  batch 70/264  loss=0.3656
  batch 80/264  loss=0.3830
  batch 90/264  loss=0.3152
  batch 100/264  loss=0.3069
  batch 110/264  loss=0.5164
  batch 120/264  loss=0.5062
  batch 130/264  loss=0.3892
  batch 140/264  loss=0.3980
  batch 150/264  loss=0.3922
  batch 160/264  loss=0.3526
  batch 170/264  loss=0.3851
  batch 180/264  loss=0.3693
  batch 190/264  loss=0.4181
  batch 200/264  loss=0.3502
  batch 210/264  loss=0.3690
  batch 220/264  loss=0.4110
  batch 230/264  loss=0.4162
  batch 240/264  loss=0.3812
  batch 250/264  loss=0.5460
  batch 260/264  loss=0.3047
Epoch 179/300  train=4.094e-01  rmse=25.2046  lr=1.0e-04  234s
  batch 10/264  loss=0.4128
  batch 20/264  loss=0.4476
  batch 30/264  loss=0.3723
  batch 40/264  loss=0.2707
  batch 50/264  loss=0.4523
  batch 60/264  loss=0.4066
  batch 70/264  loss=0.6207
  batch 80/264  loss=0.3448
  batch 90/264  loss=0.3203
  batch 100/264  loss=0.2836
  batch 110/264  loss=0.4565
  batch 120/264  loss=0.3262
  batch 130/264  loss=0.4109
  batch 140/264  loss=0.3183
  batch 150/264  loss=0.3561
  batch 160/264  loss=0.4339
  batch 170/264  loss=0.3771
  batch 180/264  loss=0.3256
  batch 190/264  loss=0.5211
  batch 200/264  loss=0.2830
  batch 210/264  loss=0.5132
  batch 220/264  loss=0.3879
  batch 230/264  loss=0.4412
  batch 240/264  loss=0.4056
  batch 250/264  loss=0.4150
  batch 260/264  loss=0.3174
Epoch 180/300  train=3.995e-01  rmse=2.1108  lr=1.0e-04  232s
  -> best  monitor=3.995e-01
  batch 10/264  loss=0.5167
  batch 20/264  loss=0.4137
  batch 30/264  loss=0.4430
  batch 40/264  loss=0.3307
  batch 50/264  loss=0.4688
  batch 60/264  loss=0.3293
  batch 70/264  loss=0.4939
  batch 80/264  loss=0.3232
  batch 90/264  loss=0.3343
  batch 100/264  loss=0.3421
  batch 110/264  loss=0.4565
  batch 120/264  loss=0.3352
  batch 130/264  loss=0.3580
  batch 140/264  loss=0.3016
  batch 150/264  loss=0.4905
  batch 160/264  loss=0.3835
  batch 170/264  loss=0.3912
  batch 180/264  loss=0.3462
  batch 190/264  loss=0.4173
  batch 200/264  loss=0.3290
  batch 210/264  loss=0.4171
  batch 220/264  loss=0.2891
  batch 230/264  loss=0.5330
  batch 240/264  loss=0.3127
  batch 250/264  loss=0.3855
  batch 260/264  loss=0.3488
Epoch 181/300  train=4.087e-01  rmse=4.1782  lr=1.0e-04  231s
  batch 10/264  loss=0.3620
  batch 20/264  loss=0.3101
  batch 30/264  loss=0.3608
  batch 40/264  loss=0.3698
  batch 50/264  loss=0.4723
  batch 60/264  loss=0.4564
  batch 70/264  loss=0.3230
  batch 80/264  loss=0.7418
  batch 90/264  loss=0.3145
  batch 100/264  loss=0.3202
  batch 110/264  loss=0.3672
  batch 120/264  loss=0.5231
  batch 130/264  loss=0.3592
  batch 140/264  loss=0.4066
  batch 150/264  loss=0.4187
  batch 160/264  loss=0.4656
  batch 170/264  loss=0.3703
  batch 180/264  loss=0.5292
  batch 190/264  loss=0.4562
  batch 200/264  loss=0.4192
  batch 210/264  loss=0.4348
  batch 220/264  loss=0.8670
  batch 230/264  loss=0.5316
  batch 240/264  loss=0.5813
  batch 250/264  loss=0.3816
  batch 260/264  loss=0.4025
Epoch 182/300  train=4.116e-01  rmse=3.6892  lr=1.0e-04  233s
  batch 10/264  loss=0.4211
  batch 20/264  loss=0.4580
  batch 30/264  loss=0.3145
  batch 40/264  loss=0.3269
  batch 50/264  loss=0.3665
  batch 60/264  loss=0.3521
  batch 70/264  loss=0.5202
  batch 80/264  loss=0.3910
  batch 90/264  loss=0.5366
  batch 100/264  loss=0.3131
  batch 110/264  loss=0.3700
  batch 120/264  loss=0.3830
  batch 130/264  loss=0.3274
  batch 140/264  loss=0.3597
  batch 150/264  loss=0.3416
  batch 160/264  loss=0.3210
  batch 170/264  loss=0.4356
  batch 180/264  loss=0.4080
  batch 190/264  loss=0.4780
  batch 200/264  loss=0.3471
  batch 210/264  loss=0.3486
  batch 220/264  loss=0.3398
  batch 230/264  loss=0.4647
  batch 240/264  loss=0.3551
  batch 250/264  loss=0.3023
  batch 260/264  loss=0.3404
Epoch 183/300  train=4.008e-01  rmse=3.1015  lr=1.0e-04  232s
  batch 10/264  loss=0.3011
  batch 20/264  loss=0.3102
  batch 30/264  loss=0.3268
  batch 40/264  loss=0.4169
  batch 50/264  loss=0.4154
  batch 60/264  loss=0.4101
  batch 70/264  loss=0.3802
  batch 80/264  loss=0.3212
  batch 90/264  loss=0.5415
  batch 100/264  loss=0.5230
  batch 110/264  loss=0.4664
  batch 120/264  loss=0.3916
  batch 130/264  loss=0.4192
  batch 140/264  loss=0.4042
  batch 150/264  loss=0.3704
  batch 160/264  loss=0.4477
  batch 170/264  loss=0.3242
  batch 180/264  loss=0.3781
  batch 190/264  loss=0.3751
  batch 200/264  loss=0.3948
  batch 210/264  loss=0.4371
  batch 220/264  loss=0.3512
  batch 230/264  loss=0.3544
  batch 240/264  loss=0.4891
  batch 250/264  loss=0.3600
  batch 260/264  loss=0.3986
Epoch 184/300  train=4.061e-01  rmse=6.7692  lr=1.0e-04  232s
  batch 10/264  loss=0.3194
  batch 20/264  loss=0.3698
  batch 30/264  loss=0.3590
  batch 40/264  loss=0.5310
  batch 50/264  loss=0.3964
  batch 60/264  loss=0.3905
  batch 70/264  loss=0.5275
  batch 80/264  loss=0.3836
  batch 90/264  loss=0.4014
  batch 100/264  loss=0.4583
  batch 110/264  loss=0.4004
  batch 120/264  loss=0.4578
  batch 130/264  loss=0.4191
  batch 140/264  loss=0.4054
  batch 150/264  loss=0.3294
  batch 160/264  loss=0.3571
  batch 170/264  loss=0.3458
  batch 180/264  loss=0.4494
  batch 190/264  loss=0.3242
  batch 200/264  loss=0.3038
  batch 210/264  loss=0.3308
  batch 220/264  loss=0.5360
  batch 230/264  loss=0.3165
  batch 240/264  loss=0.3075
  batch 250/264  loss=0.4669
  batch 260/264  loss=0.2854
Epoch 185/300  train=4.033e-01  rmse=2.4532  lr=1.0e-04  232s
  batch 10/264  loss=0.3884
  batch 20/264  loss=0.4133
  batch 30/264  loss=0.3544
  batch 40/264  loss=0.3863
  batch 50/264  loss=0.3604
  batch 60/264  loss=0.3292
  batch 70/264  loss=0.3431
  batch 80/264  loss=0.4178
  batch 90/264  loss=0.3718
  batch 100/264  loss=0.4088
  batch 110/264  loss=0.3406
  batch 120/264  loss=0.3423
  batch 130/264  loss=0.3891
  batch 140/264  loss=0.2927
  batch 150/264  loss=0.3706
  batch 160/264  loss=0.3257
  batch 170/264  loss=0.3552
  batch 180/264  loss=0.3708
  batch 190/264  loss=0.3458
  batch 200/264  loss=0.3502
  batch 210/264  loss=0.3972
  batch 220/264  loss=0.2918
  batch 230/264  loss=0.3869
  batch 240/264  loss=0.4524
  batch 250/264  loss=0.3421
  batch 260/264  loss=0.4509
Epoch 186/300  train=3.992e-01  rmse=1.9857  lr=1.0e-04  235s
  -> best  monitor=3.992e-01
  batch 10/264  loss=0.3121
  batch 20/264  loss=0.4231
  batch 30/264  loss=0.4312
  batch 40/264  loss=0.3129
  batch 50/264  loss=0.3670
  batch 60/264  loss=0.3997
  batch 70/264  loss=0.4983
  batch 80/264  loss=0.3412
  batch 90/264  loss=0.3635
  batch 100/264  loss=0.3013
  batch 110/264  loss=0.4011
  batch 120/264  loss=0.3909
  batch 130/264  loss=0.4906
  batch 140/264  loss=0.3587
  batch 150/264  loss=0.4822
  batch 160/264  loss=0.4581
  batch 170/264  loss=0.3276
  batch 180/264  loss=0.3792
  batch 190/264  loss=0.4365
  batch 200/264  loss=0.3397
  batch 210/264  loss=0.4772
  batch 220/264  loss=0.3958
  batch 230/264  loss=0.3718
  batch 240/264  loss=0.4423
  batch 250/264  loss=0.3313
  batch 260/264  loss=0.4063
Epoch 187/300  train=4.056e-01  rmse=3.5860  lr=1.0e-04  235s
  batch 10/264  loss=0.3060
  batch 20/264  loss=0.5666
  batch 30/264  loss=0.3508
  batch 40/264  loss=0.3397
  batch 50/264  loss=0.3400
  batch 60/264  loss=0.3430
  batch 70/264  loss=0.3979
  batch 80/264  loss=0.3802
  batch 90/264  loss=0.3965
  batch 100/264  loss=0.3928
  batch 110/264  loss=0.3431
  batch 120/264  loss=0.2774
  batch 130/264  loss=0.3558
  batch 140/264  loss=0.5513
  batch 150/264  loss=0.3525
  batch 160/264  loss=0.4608
  batch 170/264  loss=0.3588
  batch 180/264  loss=0.3782
  batch 190/264  loss=0.3251
  batch 200/264  loss=0.3715
  batch 210/264  loss=0.3600
  batch 220/264  loss=0.3297
  batch 230/264  loss=0.3193
  batch 240/264  loss=0.5410
  batch 250/264  loss=0.3204
  batch 260/264  loss=0.4510
Epoch 188/300  train=4.053e-01  rmse=4.2650  lr=1.0e-04  234s
  batch 10/264  loss=0.6200
  batch 20/264  loss=0.3553
  batch 30/264  loss=0.4278
  batch 40/264  loss=0.4243
  batch 50/264  loss=0.3555
  batch 60/264  loss=0.3663
  batch 70/264  loss=0.5792
  batch 80/264  loss=0.4776
  batch 90/264  loss=0.3179
  batch 100/264  loss=0.3482
  batch 110/264  loss=0.4084
  batch 120/264  loss=0.3517
  batch 130/264  loss=0.3990
  batch 140/264  loss=0.3292
  batch 150/264  loss=0.3596
  batch 160/264  loss=0.4447
  batch 170/264  loss=0.3549
  batch 180/264  loss=0.4037
  batch 190/264  loss=0.2979
  batch 200/264  loss=0.3776
  batch 210/264  loss=0.4733
  batch 220/264  loss=0.3496
  batch 230/264  loss=0.3717
  batch 240/264  loss=0.6828
  batch 250/264  loss=0.4323
  batch 260/264  loss=0.3128
Epoch 189/300  train=4.090e-01  rmse=2.9757  lr=1.0e-04  234s
  batch 10/264  loss=0.4516
  batch 20/264  loss=0.4797
  batch 30/264  loss=0.3047
  batch 40/264  loss=0.3480
  batch 50/264  loss=0.2994
  batch 60/264  loss=0.3131
  batch 70/264  loss=0.4593
  batch 80/264  loss=0.4461
  batch 90/264  loss=0.3858
  batch 100/264  loss=0.5439
  batch 110/264  loss=0.3998
  batch 120/264  loss=0.3203
  batch 130/264  loss=0.5793
  batch 140/264  loss=0.4761
  batch 150/264  loss=0.3662
  batch 160/264  loss=0.4760
  batch 170/264  loss=0.3809
  batch 180/264  loss=0.3205
  batch 190/264  loss=0.3363
  batch 200/264  loss=0.3445
  batch 210/264  loss=0.3082
  batch 220/264  loss=0.3109
  batch 230/264  loss=0.6213
  batch 240/264  loss=0.3146
  batch 250/264  loss=0.3686
  batch 260/264  loss=0.4759
Epoch 190/300  train=4.034e-01  rmse=4.6237  lr=1.0e-04  233s
  batch 10/264  loss=0.3551
  batch 20/264  loss=0.3726
  batch 30/264  loss=0.3117
  batch 40/264  loss=0.4219
  batch 50/264  loss=0.5294
  batch 60/264  loss=0.3694
  batch 70/264  loss=0.3149
  batch 80/264  loss=0.4019
  batch 90/264  loss=0.3160
  batch 100/264  loss=0.4256
  batch 110/264  loss=0.4034
  batch 120/264  loss=0.3515
  batch 130/264  loss=0.3849
  batch 140/264  loss=0.3786
  batch 150/264  loss=0.3564
  batch 160/264  loss=0.3140
  batch 170/264  loss=0.3402
  batch 180/264  loss=0.5886
  batch 190/264  loss=0.3334
  batch 200/264  loss=0.4993
  batch 210/264  loss=0.3837
  batch 220/264  loss=0.3368
  batch 230/264  loss=0.5257
  batch 240/264  loss=0.4235
  batch 250/264  loss=0.3580
  batch 260/264  loss=0.3017
Epoch 191/300  train=4.032e-01  rmse=2.4136  lr=1.0e-04  232s
  batch 10/264  loss=0.4000
  batch 20/264  loss=0.4103
  batch 30/264  loss=0.3290
  batch 40/264  loss=0.3683
  batch 50/264  loss=0.5663
  batch 60/264  loss=0.3616
  batch 70/264  loss=0.7236
  batch 80/264  loss=0.4274
  batch 90/264  loss=0.3320
  batch 100/264  loss=0.3250
  batch 110/264  loss=0.3329
  batch 120/264  loss=0.3663
  batch 130/264  loss=0.3599
  batch 140/264  loss=0.2927
  batch 150/264  loss=0.6258
  batch 160/264  loss=0.4913
  batch 170/264  loss=0.5023
  batch 180/264  loss=0.4537
  batch 190/264  loss=0.3148
  batch 200/264  loss=0.4874
  batch 210/264  loss=0.4514
  batch 220/264  loss=0.4361
  batch 230/264  loss=0.5944
  batch 240/264  loss=0.4755
  batch 250/264  loss=0.3110
  batch 260/264  loss=0.4182
Epoch 192/300  train=4.035e-01  rmse=2.6683  lr=1.0e-04  233s
  batch 10/264  loss=0.4367
  batch 20/264  loss=0.3355
  batch 30/264  loss=0.3858
  batch 40/264  loss=0.4109
  batch 50/264  loss=0.3484
  batch 60/264  loss=0.3536
  batch 70/264  loss=0.3369
  batch 80/264  loss=0.3358
  batch 90/264  loss=0.4895
  batch 100/264  loss=0.3586
  batch 110/264  loss=0.4387
  batch 120/264  loss=0.4437
  batch 130/264  loss=0.3318
  batch 140/264  loss=0.3144
  batch 150/264  loss=0.3373
  batch 160/264  loss=0.3284
  batch 170/264  loss=0.5273
  batch 180/264  loss=0.6406
  batch 190/264  loss=0.3267
  batch 200/264  loss=0.4056
  batch 210/264  loss=0.3586
  batch 220/264  loss=0.4334
  batch 230/264  loss=0.4390
  batch 240/264  loss=0.3519
  batch 250/264  loss=0.3656
  batch 260/264  loss=0.4379
Epoch 193/300  train=4.011e-01  rmse=3.9464  lr=1.0e-04  233s
  batch 10/264  loss=0.3454
  batch 20/264  loss=0.4010
  batch 30/264  loss=0.3551
  batch 40/264  loss=0.4044
  batch 50/264  loss=0.5750
  batch 60/264  loss=0.3163
  batch 70/264  loss=0.5184
  batch 80/264  loss=0.3788
  batch 90/264  loss=0.3634
  batch 100/264  loss=0.4844
  batch 110/264  loss=0.3278
  batch 120/264  loss=0.5379
  batch 130/264  loss=0.5100
  batch 140/264  loss=0.6206
  batch 150/264  loss=0.6067
  batch 160/264  loss=0.3427
  batch 170/264  loss=0.4036
  batch 180/264  loss=0.2885
  batch 190/264  loss=0.3360
  batch 200/264  loss=0.3893
  batch 210/264  loss=0.4160
  batch 220/264  loss=0.4150
  batch 230/264  loss=0.3388
  batch 240/264  loss=0.3586
  batch 250/264  loss=0.3655
  batch 260/264  loss=0.3826
Epoch 194/300  train=4.033e-01  rmse=2.0795  lr=1.0e-04  233s
  batch 10/264  loss=0.4410
  batch 20/264  loss=0.5911
  batch 30/264  loss=0.3161
  batch 40/264  loss=0.3734
  batch 50/264  loss=0.3591
  batch 60/264  loss=0.4018
  batch 70/264  loss=0.3869
  batch 80/264  loss=0.3593
  batch 90/264  loss=0.4573
  batch 100/264  loss=0.4707
  batch 110/264  loss=0.3221
  batch 120/264  loss=0.2990
  batch 130/264  loss=0.3620
  batch 140/264  loss=0.6282
  batch 150/264  loss=0.3426
  batch 160/264  loss=0.4061
  batch 170/264  loss=0.4850
  batch 180/264  loss=0.4239
  batch 190/264  loss=0.3569
  batch 200/264  loss=0.3450
  batch 210/264  loss=0.3525
  batch 220/264  loss=0.3912
  batch 230/264  loss=0.3499
  batch 240/264  loss=0.4698
  batch 250/264  loss=0.2916
  batch 260/264  loss=0.3155
Epoch 195/300  train=3.961e-01  rmse=5.6389  lr=1.0e-04  232s
  -> best  monitor=3.961e-01
  batch 10/264  loss=0.4618
  batch 20/264  loss=0.3240
  batch 30/264  loss=0.4680
  batch 40/264  loss=0.2934
  batch 50/264  loss=0.3780
  batch 60/264  loss=0.3859
  batch 70/264  loss=0.3897
  batch 80/264  loss=0.3563
  batch 90/264  loss=0.4479
  batch 100/264  loss=0.3234
  batch 110/264  loss=0.4206
  batch 120/264  loss=0.3269
  batch 130/264  loss=0.3262
  batch 140/264  loss=0.3821
  batch 150/264  loss=0.3486
  batch 160/264  loss=0.5157
  batch 170/264  loss=0.5811
  batch 180/264  loss=0.3548
  batch 190/264  loss=0.3457
  batch 200/264  loss=0.3104
  batch 210/264  loss=0.6322
  batch 220/264  loss=0.3965
  batch 230/264  loss=0.4265
  batch 240/264  loss=0.3923
  batch 250/264  loss=0.4871
  batch 260/264  loss=0.3680
Epoch 196/300  train=4.022e-01  rmse=4.9335  lr=1.0e-04  232s
  batch 10/264  loss=0.3575
  batch 20/264  loss=0.2987
  batch 30/264  loss=0.3361
  batch 40/264  loss=0.4182
  batch 50/264  loss=0.3698
  batch 60/264  loss=0.3854
  batch 70/264  loss=0.4348
  batch 80/264  loss=0.5072
  batch 90/264  loss=0.4594
  batch 100/264  loss=0.3785
  batch 110/264  loss=0.3227
  batch 120/264  loss=0.3127
  batch 130/264  loss=0.7448
  batch 140/264  loss=0.5509
  batch 150/264  loss=0.5452
  batch 160/264  loss=0.3382
  batch 170/264  loss=0.4366
  batch 180/264  loss=0.3179
  batch 190/264  loss=0.3347
  batch 200/264  loss=0.3677
  batch 210/264  loss=0.3667
  batch 220/264  loss=0.3500
  batch 230/264  loss=0.5647
  batch 240/264  loss=0.4308
  batch 250/264  loss=0.3508
  batch 260/264  loss=0.3868
Epoch 197/300  train=4.043e-01  rmse=2.0610  lr=1.0e-04  233s
  batch 10/264  loss=0.3599
  batch 20/264  loss=0.3719
  batch 30/264  loss=0.4431
  batch 40/264  loss=0.3468
  batch 50/264  loss=0.4589
  batch 60/264  loss=0.3468
  batch 70/264  loss=0.3032
  batch 80/264  loss=0.4784
  batch 90/264  loss=0.3341
  batch 100/264  loss=0.3015
  batch 110/264  loss=0.3486
  batch 120/264  loss=0.3127
  batch 130/264  loss=0.4145
  batch 140/264  loss=0.3671
  batch 150/264  loss=0.3998
  batch 160/264  loss=0.3112
  batch 170/264  loss=0.4259
  batch 180/264  loss=0.4955
  batch 190/264  loss=0.3666
  batch 200/264  loss=0.4299
  batch 210/264  loss=0.4557
  batch 220/264  loss=0.5443
  batch 230/264  loss=0.3397
  batch 240/264  loss=0.4746
  batch 250/264  loss=0.3431
  batch 260/264  loss=0.3371
Epoch 198/300  train=3.994e-01  rmse=2.6534  lr=1.0e-04  232s
  batch 10/264  loss=0.2822
  batch 20/264  loss=0.4217
  batch 30/264  loss=0.4599
  batch 40/264  loss=0.3791
  batch 50/264  loss=0.5239
  batch 60/264  loss=0.2741
  batch 70/264  loss=0.3323
  batch 80/264  loss=0.3481
  batch 90/264  loss=0.3618
  batch 100/264  loss=0.3698
  batch 110/264  loss=0.4166
  batch 120/264  loss=0.3752
  batch 130/264  loss=0.3792
  batch 140/264  loss=0.4282
  batch 150/264  loss=0.3378
  batch 160/264  loss=0.4865
  batch 170/264  loss=0.3413
  batch 180/264  loss=0.3141
  batch 190/264  loss=0.5451
  batch 200/264  loss=0.3565
  batch 210/264  loss=0.3617
  batch 220/264  loss=0.3831
  batch 230/264  loss=0.2875
  batch 240/264  loss=0.3741
  batch 250/264  loss=0.4748
  batch 260/264  loss=0.5882
Epoch 199/300  train=4.020e-01  rmse=1.8537  lr=1.0e-04  234s
  batch 10/264  loss=0.4792
  batch 20/264  loss=0.4284
  batch 30/264  loss=0.3941
  batch 40/264  loss=0.5338
  batch 50/264  loss=0.4247
  batch 60/264  loss=0.5397
  batch 70/264  loss=0.5321
  batch 80/264  loss=0.3234
  batch 90/264  loss=0.4629
  batch 100/264  loss=0.3465
  batch 110/264  loss=0.3944
  batch 120/264  loss=0.5527
  batch 130/264  loss=0.4410
  batch 140/264  loss=0.3690
  batch 150/264  loss=0.3814
  batch 160/264  loss=0.3783
  batch 170/264  loss=0.5867
  batch 180/264  loss=0.3348
  batch 190/264  loss=0.3346
  batch 200/264  loss=0.6297
  batch 210/264  loss=0.5853
  batch 220/264  loss=0.4804
  batch 230/264  loss=0.4146
  batch 240/264  loss=0.3428
  batch 250/264  loss=0.3706
  batch 260/264  loss=0.3169
Epoch 200/300  train=3.996e-01  rmse=2.3451  lr=1.0e-04  231s
  batch 10/264  loss=0.3226
  batch 20/264  loss=0.3801
  batch 30/264  loss=0.3262
  batch 40/264  loss=0.4109
  batch 50/264  loss=0.4202
  batch 60/264  loss=0.3267
  batch 70/264  loss=0.3530
  batch 80/264  loss=0.3994
  batch 90/264  loss=0.4602
  batch 100/264  loss=0.4442
  batch 110/264  loss=0.3084
  batch 120/264  loss=0.3799
  batch 130/264  loss=0.3448
  batch 140/264  loss=0.3577
  batch 150/264  loss=0.3193
  batch 160/264  loss=0.3861
  batch 170/264  loss=0.5794
  batch 180/264  loss=0.4336
  batch 190/264  loss=0.3217
  batch 200/264  loss=0.5735
  batch 210/264  loss=0.3486
  batch 220/264  loss=0.4339
  batch 230/264  loss=0.2746
  batch 240/264  loss=0.4915
  batch 250/264  loss=0.3372
  batch 260/264  loss=0.2970
Epoch 201/300  train=3.986e-01  rmse=2.3076  lr=1.0e-04  233s
  batch 10/264  loss=0.3354
  batch 20/264  loss=0.4892
  batch 30/264  loss=0.4197
  batch 40/264  loss=0.3383
  batch 50/264  loss=0.4094
  batch 60/264  loss=0.3387
  batch 70/264  loss=0.4157
  batch 80/264  loss=0.6176
  batch 90/264  loss=0.2777
  batch 100/264  loss=0.4779
  batch 110/264  loss=0.2615
  batch 120/264  loss=0.3344
  batch 130/264  loss=0.2768
  batch 140/264  loss=0.4988
  batch 150/264  loss=0.3951
  batch 160/264  loss=0.3661
  batch 170/264  loss=0.5241
  batch 180/264  loss=0.4304
  batch 190/264  loss=0.3232
  batch 200/264  loss=0.3202
  batch 210/264  loss=0.3627
  batch 220/264  loss=0.4348
  batch 230/264  loss=0.4400
  batch 240/264  loss=0.3213
  batch 250/264  loss=0.4994
  batch 260/264  loss=0.4912
Epoch 202/300  train=3.959e-01  rmse=2.5973  lr=1.0e-04  232s
  -> best  monitor=3.959e-01
  batch 10/264  loss=0.4246
  batch 20/264  loss=0.4590
  batch 30/264  loss=0.3501
  batch 40/264  loss=0.3782
  batch 50/264  loss=0.4386
  batch 60/264  loss=0.3829
  batch 70/264  loss=0.4021
  batch 80/264  loss=0.5073
  batch 90/264  loss=0.3130
  batch 100/264  loss=0.3249
  batch 110/264  loss=0.2991
  batch 120/264  loss=0.4687
  batch 130/264  loss=0.4215
  batch 140/264  loss=0.3791
  batch 150/264  loss=0.3599
  batch 160/264  loss=0.3248
  batch 170/264  loss=0.3133
  batch 180/264  loss=0.4357
  batch 190/264  loss=0.6316
  batch 200/264  loss=0.2897
  batch 210/264  loss=0.3340
  batch 220/264  loss=0.4005
  batch 230/264  loss=0.5163
  batch 240/264  loss=0.3529
  batch 250/264  loss=0.4111
  batch 260/264  loss=0.3580
Epoch 203/300  train=3.995e-01  rmse=2.2850  lr=1.0e-04  234s
  batch 10/264  loss=0.4129
  batch 20/264  loss=0.3687
  batch 30/264  loss=0.3429
  batch 40/264  loss=0.3326
  batch 50/264  loss=0.4344
  batch 60/264  loss=0.3514
  batch 70/264  loss=0.3940
  batch 80/264  loss=0.3476
  batch 90/264  loss=0.3297
  batch 100/264  loss=0.5502
  batch 110/264  loss=0.3238
  batch 120/264  loss=0.3836
  batch 130/264  loss=0.6050
  batch 140/264  loss=0.5109
  batch 150/264  loss=0.5394
  batch 160/264  loss=0.4441
  batch 170/264  loss=0.3493
  batch 180/264  loss=0.3139
  batch 190/264  loss=0.5009
  batch 200/264  loss=0.3269
  batch 210/264  loss=0.3414
  batch 220/264  loss=0.4593
  batch 230/264  loss=0.2926
  batch 240/264  loss=0.4773
  batch 250/264  loss=0.3814
  batch 260/264  loss=0.3280
Epoch 204/300  train=4.007e-01  rmse=5.7650  lr=1.0e-04  236s
  batch 10/264  loss=0.3648
  batch 20/264  loss=0.3392
  batch 30/264  loss=0.3698
  batch 40/264  loss=0.4152
  batch 50/264  loss=0.4937
  batch 60/264  loss=0.3115
  batch 70/264  loss=0.4845
  batch 80/264  loss=0.3833
  batch 90/264  loss=0.3703
  batch 100/264  loss=0.4483
  batch 110/264  loss=0.3541
  batch 120/264  loss=0.3369
  batch 130/264  loss=0.4338
  batch 140/264  loss=0.3992
  batch 150/264  loss=0.4195
  batch 160/264  loss=0.3307
  batch 170/264  loss=0.3805
  batch 180/264  loss=0.4498
  batch 190/264  loss=0.3239
  batch 200/264  loss=0.3496
  batch 210/264  loss=0.3866
  batch 220/264  loss=0.3873
  batch 230/264  loss=0.4883
  batch 240/264  loss=0.2913
  batch 250/264  loss=0.3528
  batch 260/264  loss=0.4604
Epoch 205/300  train=3.928e-01  rmse=3.5410  lr=1.0e-04  239s
  -> best  monitor=3.928e-01
  batch 10/264  loss=0.3619
  batch 20/264  loss=0.3720
  batch 30/264  loss=0.3871
  batch 40/264  loss=0.3606
  batch 50/264  loss=0.3200
  batch 60/264  loss=0.4809
  batch 70/264  loss=0.2908
  batch 80/264  loss=0.4050
  batch 90/264  loss=0.4001
  batch 100/264  loss=0.3467
  batch 110/264  loss=0.5189
  batch 120/264  loss=0.4604
  batch 130/264  loss=0.4511
  batch 140/264  loss=0.6288
  batch 150/264  loss=0.4593
  batch 160/264  loss=0.3569
  batch 170/264  loss=0.5212
  batch 180/264  loss=0.3616
  batch 190/264  loss=0.3532
  batch 200/264  loss=0.3404
  batch 210/264  loss=0.3268
  batch 220/264  loss=0.3580
  batch 230/264  loss=0.3510
  batch 240/264  loss=0.3955
  batch 250/264  loss=0.4044
  batch 260/264  loss=0.4055
Epoch 206/300  train=3.979e-01  rmse=2.0812  lr=1.0e-04  239s
  batch 10/264  loss=0.3405
  batch 20/264  loss=0.3868
  batch 30/264  loss=0.4012
  batch 40/264  loss=0.3277
  batch 50/264  loss=0.3283
  batch 60/264  loss=0.4468
  batch 70/264  loss=0.6164
  batch 80/264  loss=0.3245
  batch 90/264  loss=0.3257
  batch 100/264  loss=0.5609
  batch 110/264  loss=0.5272
  batch 120/264  loss=0.3183
  batch 130/264  loss=0.3471
  batch 140/264  loss=0.3482
  batch 150/264  loss=0.3748
  batch 160/264  loss=0.3392
  batch 170/264  loss=0.5377
  batch 180/264  loss=0.2882
  batch 190/264  loss=0.4547
  batch 200/264  loss=0.3661
  batch 210/264  loss=0.3757
  batch 220/264  loss=0.3836
  batch 230/264  loss=0.3651
  batch 240/264  loss=0.4548
  batch 250/264  loss=0.3179
  batch 260/264  loss=0.3647
Epoch 207/300  train=3.972e-01  rmse=2.2567  lr=1.0e-04  239s
  batch 10/264  loss=0.3292
  batch 20/264  loss=0.3261
  batch 30/264  loss=0.4405
  batch 40/264  loss=0.5974
  batch 50/264  loss=0.3359
  batch 60/264  loss=0.3000
  batch 70/264  loss=0.4704
  batch 80/264  loss=0.3083
  batch 90/264  loss=0.4467
  batch 100/264  loss=0.4338
  batch 110/264  loss=0.3706
  batch 120/264  loss=0.3646
  batch 130/264  loss=0.2872
  batch 140/264  loss=0.3877
  batch 150/264  loss=0.4720
  batch 160/264  loss=0.6495
  batch 170/264  loss=0.4578
  batch 180/264  loss=0.6691
  batch 190/264  loss=0.2887
  batch 200/264  loss=0.4777
  batch 210/264  loss=0.2863
  batch 220/264  loss=0.3249
  batch 230/264  loss=0.3581
  batch 240/264  loss=0.4092
  batch 250/264  loss=0.4205
  batch 260/264  loss=0.3380
Epoch 208/300  train=3.965e-01  rmse=2.5098  lr=1.0e-04  239s
  batch 10/264  loss=0.3761
  batch 20/264  loss=0.5507
  batch 30/264  loss=0.3015
  batch 40/264  loss=0.5005
  batch 50/264  loss=0.3466
  batch 60/264  loss=0.3121
  batch 70/264  loss=0.3280
  batch 80/264  loss=0.3904
  batch 90/264  loss=0.3034
  batch 100/264  loss=0.3357
  batch 110/264  loss=0.2966
  batch 120/264  loss=0.4500
  batch 130/264  loss=0.3655
  batch 140/264  loss=0.3743
  batch 150/264  loss=0.4957
  batch 160/264  loss=0.3065
  batch 170/264  loss=0.3708
  batch 180/264  loss=0.3815
  batch 190/264  loss=0.4506
  batch 200/264  loss=0.3492
  batch 210/264  loss=0.4171
  batch 220/264  loss=0.3909
  batch 230/264  loss=0.3291
  batch 240/264  loss=0.4651
  batch 250/264  loss=0.3824
  batch 260/264  loss=0.3623
Epoch 209/300  train=3.917e-01  rmse=2.4871  lr=1.0e-04  236s
  -> best  monitor=3.917e-01
  batch 10/264  loss=0.4059
  batch 20/264  loss=0.3440
  batch 30/264  loss=0.3325
  batch 40/264  loss=0.4023
  batch 50/264  loss=0.3463
  batch 60/264  loss=0.3675
  batch 70/264  loss=0.4048
  batch 80/264  loss=0.3552
  batch 90/264  loss=0.4267
  batch 100/264  loss=0.4012
  batch 110/264  loss=0.3851
  batch 120/264  loss=0.3684
  batch 130/264  loss=0.4381
  batch 140/264  loss=0.4313
  batch 150/264  loss=0.3785
  batch 160/264  loss=0.5014
  batch 170/264  loss=0.4968
  batch 180/264  loss=0.4161
  batch 190/264  loss=0.4279
  batch 200/264  loss=0.4403
  batch 210/264  loss=0.4762
  batch 220/264  loss=0.3669
  batch 230/264  loss=0.3321
  batch 240/264  loss=0.3438
  batch 250/264  loss=0.3172
  batch 260/264  loss=0.3095
Epoch 210/300  train=3.990e-01  rmse=1.8503  lr=1.0e-04  232s
  batch 10/264  loss=0.3318
  batch 20/264  loss=0.6032
  batch 30/264  loss=0.3483
  batch 40/264  loss=0.3774
  batch 50/264  loss=0.4525
  batch 60/264  loss=0.4951
  batch 70/264  loss=0.2912
  batch 80/264  loss=0.4265
  batch 90/264  loss=0.4861
  batch 100/264  loss=0.5162
  batch 110/264  loss=0.3595
  batch 120/264  loss=0.3440
  batch 130/264  loss=0.3129
  batch 140/264  loss=0.4118
  batch 150/264  loss=0.4242
  batch 160/264  loss=0.6150
  batch 170/264  loss=0.3602
  batch 180/264  loss=0.3849
  batch 190/264  loss=0.4060
  batch 200/264  loss=0.3542
  batch 210/264  loss=0.2690
  batch 220/264  loss=0.3415
  batch 230/264  loss=0.3759
  batch 240/264  loss=0.4442
  batch 250/264  loss=0.3463
  batch 260/264  loss=0.3989
Epoch 211/300  train=3.943e-01  rmse=1.9701  lr=1.0e-04  233s
  batch 10/264  loss=0.4757
  batch 20/264  loss=0.4514
  batch 30/264  loss=0.3241
  batch 40/264  loss=0.3813
  batch 50/264  loss=0.3484
  batch 60/264  loss=0.2908
  batch 70/264  loss=0.3140
  batch 80/264  loss=0.3603
  batch 90/264  loss=0.3107
  batch 100/264  loss=0.5100
  batch 110/264  loss=0.3951
  batch 120/264  loss=0.4052
  batch 130/264  loss=0.3899
  batch 140/264  loss=0.3235
  batch 150/264  loss=0.3599
  batch 160/264  loss=0.4654
  batch 170/264  loss=0.4241
  batch 180/264  loss=0.2976
  batch 190/264  loss=0.3844
  batch 200/264  loss=0.3157
  batch 210/264  loss=0.4994
  batch 220/264  loss=0.4216
  batch 230/264  loss=0.3466
  batch 240/264  loss=0.2920
  batch 250/264  loss=0.3889
  batch 260/264  loss=0.5156
Epoch 212/300  train=3.910e-01  rmse=2.2955  lr=1.0e-04  232s
  -> best  monitor=3.910e-01
  batch 10/264  loss=0.4150
  batch 20/264  loss=0.3450
  batch 30/264  loss=0.2672
  batch 40/264  loss=0.3505
  batch 50/264  loss=0.3812
  batch 60/264  loss=0.3568
  batch 70/264  loss=0.3476
  batch 80/264  loss=0.4212
  batch 90/264  loss=0.4248
  batch 100/264  loss=0.3680
  batch 110/264  loss=0.4076
  batch 120/264  loss=0.3091
  batch 130/264  loss=0.3318
  batch 140/264  loss=0.3556
  batch 150/264  loss=0.3134
  batch 160/264  loss=0.3152
  batch 170/264  loss=0.3620
  batch 180/264  loss=0.3339
  batch 190/264  loss=0.3721
  batch 200/264  loss=0.4428
  batch 210/264  loss=0.4175
  batch 220/264  loss=0.3151
  batch 230/264  loss=0.3465
  batch 240/264  loss=0.4927
  batch 250/264  loss=0.5357
  batch 260/264  loss=0.3233
Epoch 213/300  train=3.907e-01  rmse=4.1066  lr=1.0e-04  234s
  -> best  monitor=3.907e-01
  batch 10/264  loss=0.5273
  batch 20/264  loss=0.3403
  batch 30/264  loss=0.2702
  batch 40/264  loss=0.3891
  batch 50/264  loss=0.3375
  batch 60/264  loss=0.3825
  batch 70/264  loss=0.5251
  batch 80/264  loss=0.8619
  batch 90/264  loss=0.3934
  batch 100/264  loss=0.3109
  batch 110/264  loss=0.4186
  batch 120/264  loss=0.3400
  batch 130/264  loss=0.3678
  batch 140/264  loss=0.3418
  batch 150/264  loss=0.5053
  batch 160/264  loss=0.3244
  batch 170/264  loss=0.4481
  batch 180/264  loss=0.3693
  batch 190/264  loss=0.4470
  batch 200/264  loss=0.3487
  batch 210/264  loss=0.3496
  batch 220/264  loss=0.4175
  batch 230/264  loss=0.3008
  batch 240/264  loss=0.3079
  batch 250/264  loss=0.4131
  batch 260/264  loss=0.3119
Epoch 214/300  train=3.953e-01  rmse=1.9315  lr=1.0e-04  233s
  batch 10/264  loss=0.3043
  batch 20/264  loss=0.3770
  batch 30/264  loss=0.4131
  batch 40/264  loss=0.3660
  batch 50/264  loss=0.4681
  batch 60/264  loss=0.3676
  batch 70/264  loss=0.4097
  batch 80/264  loss=0.3575
  batch 90/264  loss=0.4269
  batch 100/264  loss=0.4583
  batch 110/264  loss=0.3291
  batch 120/264  loss=0.3437
  batch 130/264  loss=0.4209
  batch 140/264  loss=0.3122
  batch 150/264  loss=0.3723
  batch 160/264  loss=0.3932
  batch 170/264  loss=0.4034
  batch 180/264  loss=0.5133
  batch 190/264  loss=0.2984
  batch 200/264  loss=0.4348
  batch 210/264  loss=0.3481
  batch 220/264  loss=0.3150
  batch 230/264  loss=0.2872
  batch 240/264  loss=0.3464
  batch 250/264  loss=0.4806
  batch 260/264  loss=0.2878
Epoch 215/300  train=3.926e-01  rmse=3.5753  lr=1.0e-04  232s
  batch 10/264  loss=0.3614
  batch 20/264  loss=0.5623
  batch 30/264  loss=0.4266
  batch 40/264  loss=0.3599
  batch 50/264  loss=0.3686
  batch 60/264  loss=0.3704
  batch 70/264  loss=0.3391
  batch 80/264  loss=0.4173
  batch 90/264  loss=0.3317
  batch 100/264  loss=0.3339
  batch 110/264  loss=0.3636
  batch 120/264  loss=0.3664
  batch 130/264  loss=0.5069
  batch 140/264  loss=0.3086
  batch 150/264  loss=0.3544
  batch 160/264  loss=0.4301
  batch 170/264  loss=0.4723
  batch 180/264  loss=0.4034
  batch 190/264  loss=0.4037
  batch 200/264  loss=0.3767
  batch 210/264  loss=0.3944
  batch 220/264  loss=0.4870
  batch 230/264  loss=0.3136
  batch 240/264  loss=0.5531
  batch 250/264  loss=0.3760
  batch 260/264  loss=0.4894
Epoch 216/300  train=3.884e-01  rmse=2.5049  lr=1.0e-04  234s
  -> best  monitor=3.884e-01
  batch 10/264  loss=0.3393
  batch 20/264  loss=0.4277
  batch 30/264  loss=0.2968
  batch 40/264  loss=0.4507
  batch 50/264  loss=0.4301
  batch 60/264  loss=0.4214
  batch 70/264  loss=0.4776
  batch 80/264  loss=0.3121
  batch 90/264  loss=0.3251
  batch 100/264  loss=0.3938
  batch 110/264  loss=0.3322
  batch 120/264  loss=0.4041
  batch 130/264  loss=0.4009
  batch 140/264  loss=0.4291
  batch 150/264  loss=0.2864
  batch 160/264  loss=0.2965
  batch 170/264  loss=0.3062
  batch 180/264  loss=0.4907
  batch 190/264  loss=0.3005
  batch 200/264  loss=0.4199
  batch 210/264  loss=0.6075
  batch 220/264  loss=0.3044
  batch 230/264  loss=0.3137
  batch 240/264  loss=0.3413
  batch 250/264  loss=0.3485
  batch 260/264  loss=0.3395
Epoch 217/300  train=3.912e-01  rmse=2.7549  lr=1.0e-04  233s
  batch 10/264  loss=0.4989
  batch 20/264  loss=0.3688
  batch 30/264  loss=0.2711
  batch 40/264  loss=0.4697
  batch 50/264  loss=0.3254
  batch 60/264  loss=0.3374
  batch 70/264  loss=0.6344
  batch 80/264  loss=0.4638
  batch 90/264  loss=0.3397
  batch 100/264  loss=0.2955
  batch 110/264  loss=0.4219
  batch 120/264  loss=0.3578
  batch 130/264  loss=0.3942
  batch 140/264  loss=0.3432
  batch 150/264  loss=0.3263
  batch 160/264  loss=0.3834
  batch 170/264  loss=0.2796
  batch 180/264  loss=0.4139
  batch 190/264  loss=0.3297
  batch 200/264  loss=0.3674
  batch 210/264  loss=0.4908
  batch 220/264  loss=0.3123
  batch 230/264  loss=0.3048
  batch 240/264  loss=0.3568
  batch 250/264  loss=0.3019
  batch 260/264  loss=0.4963
Epoch 218/300  train=3.955e-01  rmse=2.1565  lr=1.0e-04  233s
  batch 10/264  loss=0.3528
  batch 20/264  loss=0.4301
  batch 30/264  loss=0.4082
  batch 40/264  loss=0.6127
  batch 50/264  loss=0.3425
  batch 60/264  loss=0.4462
  batch 70/264  loss=0.6103
  batch 80/264  loss=0.3935
  batch 90/264  loss=0.5281
  batch 100/264  loss=0.4465
  batch 110/264  loss=0.3605
  batch 120/264  loss=0.3115
  batch 130/264  loss=0.4136
  batch 140/264  loss=0.2999
  batch 150/264  loss=0.2987
  batch 160/264  loss=0.3979
  batch 170/264  loss=0.5473
  batch 180/264  loss=0.3892
  batch 190/264  loss=0.3110
  batch 200/264  loss=0.3867
  batch 210/264  loss=0.4097
  batch 220/264  loss=0.5895
  batch 230/264  loss=0.3815
  batch 240/264  loss=0.3605
  batch 250/264  loss=0.3211
  batch 260/264  loss=0.5027
Epoch 219/300  train=3.901e-01  rmse=2.4034  lr=1.0e-04  233s
  batch 10/264  loss=0.3754
  batch 20/264  loss=0.6712
  batch 30/264  loss=0.3494
  batch 40/264  loss=0.5387
  batch 50/264  loss=0.4270
  batch 60/264  loss=0.3913
  batch 70/264  loss=0.3150
  batch 80/264  loss=0.2982
  batch 90/264  loss=0.3289
  batch 100/264  loss=0.4255
  batch 110/264  loss=0.3914
  batch 120/264  loss=0.3179
  batch 130/264  loss=0.4571
  batch 140/264  loss=0.2846
  batch 150/264  loss=0.2957
  batch 160/264  loss=0.5197
  batch 170/264  loss=0.4171
  batch 180/264  loss=0.2986
  batch 190/264  loss=0.3508
  batch 200/264  loss=0.3865
  batch 210/264  loss=0.3508
  batch 220/264  loss=0.3828
  batch 230/264  loss=0.3096
  batch 240/264  loss=0.4115
  batch 250/264  loss=0.3592
  batch 260/264  loss=0.5114
Epoch 220/300  train=3.914e-01  rmse=2.0673  lr=1.0e-04  232s
  batch 10/264  loss=0.5394
  batch 20/264  loss=0.3409
  batch 30/264  loss=0.4237
  batch 40/264  loss=0.3842
  batch 50/264  loss=0.5100
  batch 60/264  loss=0.3823
  batch 70/264  loss=0.4050
  batch 80/264  loss=0.4391
  batch 90/264  loss=0.3330
  batch 100/264  loss=0.3828
  batch 110/264  loss=0.3561
  batch 120/264  loss=0.3768
  batch 130/264  loss=0.3728
  batch 140/264  loss=0.4494
  batch 150/264  loss=0.4739
  batch 160/264  loss=0.4023
  batch 170/264  loss=0.3777
  batch 180/264  loss=0.3089
  batch 190/264  loss=0.3237
  batch 200/264  loss=0.3324
  batch 210/264  loss=0.3595
  batch 220/264  loss=0.2806
  batch 230/264  loss=0.3514
  batch 240/264  loss=0.3686
  batch 250/264  loss=0.4083
  batch 260/264  loss=0.2927
Epoch 221/300  train=3.903e-01  rmse=2.2426  lr=1.0e-04  231s
  batch 10/264  loss=0.3799
  batch 20/264  loss=0.3223
  batch 30/264  loss=0.2831
  batch 40/264  loss=0.3783
  batch 50/264  loss=0.5120
  batch 60/264  loss=0.3698
  batch 70/264  loss=0.3350
  batch 80/264  loss=0.3375
  batch 90/264  loss=0.4038
  batch 100/264  loss=0.4258
  batch 110/264  loss=0.3520
  batch 120/264  loss=0.2757
  batch 130/264  loss=0.3166
  batch 140/264  loss=0.3315
  batch 150/264  loss=0.4007
  batch 160/264  loss=0.3135
  batch 170/264  loss=0.3283
  batch 180/264  loss=0.3168
  batch 190/264  loss=0.3547
  batch 200/264  loss=0.2990
  batch 210/264  loss=0.3411
  batch 220/264  loss=0.5445
  batch 230/264  loss=0.3942
  batch 240/264  loss=0.3192
  batch 250/264  loss=0.4488
  batch 260/264  loss=0.4030
Epoch 222/300  train=3.912e-01  rmse=2.3390  lr=1.0e-04  234s
  batch 10/264  loss=0.5194
  batch 20/264  loss=0.3259
  batch 30/264  loss=0.3174
  batch 40/264  loss=0.3626
  batch 50/264  loss=0.4768
  batch 60/264  loss=0.3658
  batch 70/264  loss=0.3696
  batch 80/264  loss=0.3090
  batch 90/264  loss=0.2978
  batch 100/264  loss=0.3594
  batch 110/264  loss=0.3224
  batch 120/264  loss=0.3831
  batch 130/264  loss=0.3742
  batch 140/264  loss=0.3984
  batch 150/264  loss=0.3942
  batch 160/264  loss=0.3327
  batch 170/264  loss=0.3286
  batch 180/264  loss=0.4227
  batch 190/264  loss=0.3955
  batch 200/264  loss=0.3998
  batch 210/264  loss=0.3656
  batch 220/264  loss=0.3455
  batch 230/264  loss=0.3479
  batch 240/264  loss=0.3857
  batch 250/264  loss=0.5074
  batch 260/264  loss=0.5686
Epoch 223/300  train=3.859e-01  rmse=2.0750  lr=1.0e-04  233s
  -> best  monitor=3.859e-01
  batch 10/264  loss=0.4181
  batch 20/264  loss=0.4190
  batch 30/264  loss=0.3716
  batch 40/264  loss=0.3544
  batch 50/264  loss=0.3823
  batch 60/264  loss=0.3104
  batch 70/264  loss=0.2657
  batch 80/264  loss=0.7838
  batch 90/264  loss=0.2954
  batch 100/264  loss=0.4076
  batch 110/264  loss=0.4735
  batch 120/264  loss=0.3586
  batch 130/264  loss=0.3248
  batch 140/264  loss=0.4641
  batch 150/264  loss=0.5191
  batch 160/264  loss=0.3354
  batch 170/264  loss=0.3327
  batch 180/264  loss=0.4195
  batch 190/264  loss=0.5328
  batch 200/264  loss=0.5018
  batch 210/264  loss=0.5213
  batch 220/264  loss=0.3980
  batch 230/264  loss=0.4222
  batch 240/264  loss=0.3966
  batch 250/264  loss=0.3599
  batch 260/264  loss=0.3361
Epoch 224/300  train=3.898e-01  rmse=2.3673  lr=1.0e-04  232s
  batch 10/264  loss=0.2905
  batch 20/264  loss=0.3335
  batch 30/264  loss=0.5320
  batch 40/264  loss=0.3109
  batch 50/264  loss=0.3944
  batch 60/264  loss=0.4632
  batch 70/264  loss=0.2991
  batch 80/264  loss=0.3500
  batch 90/264  loss=0.3470
  batch 100/264  loss=0.2934
  batch 110/264  loss=0.7835
  batch 120/264  loss=0.3113
  batch 130/264  loss=0.3260
  batch 140/264  loss=0.2992
  batch 150/264  loss=0.5289
  batch 160/264  loss=0.3060
  batch 170/264  loss=0.4001
  batch 180/264  loss=0.3572
  batch 190/264  loss=0.3807
  batch 200/264  loss=0.3848
  batch 210/264  loss=0.3815
  batch 220/264  loss=0.3595
  batch 230/264  loss=0.3613
  batch 240/264  loss=0.5120
  batch 250/264  loss=0.3275
  batch 260/264  loss=0.5460
Epoch 225/300  train=3.859e-01  rmse=2.3266  lr=1.0e-04  232s
  batch 10/264  loss=0.2817
  batch 20/264  loss=0.3725
  batch 30/264  loss=0.4569
  batch 40/264  loss=0.4716
  batch 50/264  loss=0.3860
  batch 60/264  loss=0.3723
  batch 70/264  loss=0.3194
  batch 80/264  loss=0.5525
  batch 90/264  loss=0.4078
  batch 100/264  loss=0.3316
  batch 110/264  loss=0.3536
  batch 120/264  loss=0.4043
  batch 130/264  loss=0.4759
  batch 140/264  loss=0.4710
  batch 150/264  loss=0.3126
  batch 160/264  loss=0.5838
  batch 170/264  loss=0.4256
  batch 180/264  loss=0.3884
  batch 190/264  loss=0.3430
  batch 200/264  loss=0.3550
  batch 210/264  loss=0.5226
  batch 220/264  loss=0.3147
  batch 230/264  loss=0.4234
  batch 240/264  loss=0.2912
  batch 250/264  loss=0.4179
  batch 260/264  loss=0.3044
Epoch 226/300  train=3.865e-01  rmse=3.8315  lr=1.0e-04  232s
  batch 10/264  loss=0.3575
  batch 20/264  loss=0.4988
  batch 30/264  loss=0.4742
  batch 40/264  loss=0.3875
  batch 50/264  loss=0.3966
  batch 60/264  loss=0.2941
  batch 70/264  loss=0.4176
  batch 80/264  loss=0.3850
  batch 90/264  loss=0.3354
  batch 100/264  loss=0.3483
  batch 110/264  loss=0.4167
  batch 120/264  loss=0.2949
  batch 130/264  loss=0.2960
  batch 140/264  loss=0.5431
  batch 150/264  loss=0.5084
  batch 160/264  loss=0.2732
  batch 170/264  loss=0.3499
  batch 180/264  loss=0.3906
  batch 190/264  loss=0.3143
  batch 200/264  loss=0.3406
  batch 210/264  loss=0.4400
  batch 220/264  loss=0.3300
  batch 230/264  loss=0.3504
  batch 240/264  loss=0.3589
  batch 250/264  loss=0.3266
  batch 260/264  loss=0.5134
Epoch 227/300  train=3.832e-01  rmse=2.5820  lr=1.0e-04  232s
  -> best  monitor=3.832e-01
  batch 10/264  loss=0.2883
  batch 20/264  loss=0.3464
  batch 30/264  loss=0.5258
  batch 40/264  loss=0.3301
  batch 50/264  loss=0.3377
  batch 60/264  loss=0.5310
  batch 70/264  loss=0.3538
  batch 80/264  loss=0.4304
  batch 90/264  loss=0.4155
  batch 100/264  loss=0.3572
  batch 110/264  loss=0.3755
  batch 120/264  loss=0.2897
  batch 130/264  loss=0.3585
  batch 140/264  loss=0.4387
  batch 150/264  loss=0.2930
  batch 160/264  loss=0.4170
  batch 170/264  loss=0.4763
  batch 180/264  loss=0.3089
  batch 190/264  loss=0.4161
  batch 200/264  loss=0.4874
  batch 210/264  loss=0.3322
  batch 220/264  loss=0.4384
  batch 230/264  loss=0.3100
  batch 240/264  loss=0.3548
  batch 250/264  loss=0.2619
  batch 260/264  loss=0.7275
Epoch 228/300  train=3.901e-01  rmse=2.2845  lr=1.0e-04  233s
  batch 10/264  loss=0.3471
  batch 20/264  loss=0.4141
  batch 30/264  loss=0.3230
  batch 40/264  loss=0.3997
  batch 50/264  loss=0.3613
  batch 60/264  loss=0.4803
  batch 70/264  loss=0.4392
  batch 80/264  loss=0.3519
  batch 90/264  loss=0.4325
  batch 100/264  loss=0.3062
  batch 110/264  loss=0.4578
  batch 120/264  loss=0.2707
  batch 130/264  loss=0.4614
  batch 140/264  loss=0.3863
  batch 150/264  loss=0.3128
  batch 160/264  loss=0.3444
  batch 170/264  loss=0.5879
  batch 180/264  loss=0.4378
  batch 190/264  loss=0.3468
  batch 200/264  loss=0.4302
  batch 210/264  loss=0.4968
  batch 220/264  loss=0.4053
  batch 230/264  loss=0.3487
  batch 240/264  loss=0.5135
  batch 250/264  loss=0.3875
  batch 260/264  loss=0.4595
Epoch 229/300  train=3.909e-01  rmse=5.4927  lr=1.0e-04  232s
  batch 10/264  loss=0.3149
  batch 20/264  loss=0.3576
  batch 30/264  loss=0.3798
  batch 40/264  loss=0.3458
  batch 50/264  loss=0.2577
  batch 60/264  loss=0.2971
  batch 70/264  loss=0.4948
  batch 80/264  loss=0.3204
  batch 90/264  loss=0.4628
  batch 100/264  loss=0.3385
  batch 110/264  loss=0.4305
  batch 120/264  loss=0.3590
  batch 130/264  loss=0.3447
  batch 140/264  loss=0.3794
  batch 150/264  loss=0.4495
  batch 160/264  loss=0.4934
  batch 170/264  loss=0.4273
  batch 180/264  loss=0.3299
  batch 190/264  loss=0.3837
  batch 200/264  loss=0.3797
  batch 210/264  loss=0.4745
  batch 220/264  loss=0.4759
  batch 230/264  loss=0.3208
  batch 240/264  loss=0.5386
  batch 250/264  loss=0.2998
  batch 260/264  loss=0.4004
Epoch 230/300  train=3.856e-01  rmse=5.1315  lr=1.0e-04  234s
  batch 10/264  loss=0.3775
  batch 20/264  loss=0.3790
  batch 30/264  loss=0.4134
  batch 40/264  loss=0.3553
  batch 50/264  loss=0.4465
  batch 60/264  loss=0.3107
  batch 70/264  loss=0.3543
  batch 80/264  loss=0.3760
  batch 90/264  loss=0.3332
  batch 100/264  loss=0.3499
  batch 110/264  loss=0.5849
  batch 120/264  loss=0.3380
  batch 130/264  loss=0.3789
  batch 140/264  loss=0.2771
  batch 150/264  loss=0.3403
  batch 160/264  loss=0.6838
  batch 170/264  loss=0.4036
  batch 180/264  loss=0.3363
  batch 190/264  loss=0.3990
  batch 200/264  loss=0.4440
  batch 210/264  loss=0.2939
  batch 220/264  loss=0.3488
  batch 230/264  loss=0.5039
  batch 240/264  loss=0.3524
  batch 250/264  loss=0.2924
  batch 260/264  loss=0.2880
Epoch 231/300  train=3.832e-01  rmse=2.8591  lr=1.0e-04  232s
  batch 10/264  loss=0.3486
  batch 20/264  loss=0.3348
  batch 30/264  loss=0.3771
  batch 40/264  loss=0.3222
  batch 50/264  loss=0.2919
  batch 60/264  loss=0.4091
  batch 70/264  loss=0.3962
  batch 80/264  loss=0.4773
  batch 90/264  loss=0.2887
  batch 100/264  loss=0.4550
  batch 110/264  loss=0.2965
  batch 120/264  loss=0.3359
  batch 130/264  loss=0.4924
  batch 140/264  loss=0.2725
  batch 150/264  loss=0.3514
  batch 160/264  loss=0.3230
  batch 170/264  loss=0.3768
  batch 180/264  loss=0.5937
  batch 190/264  loss=0.5514
  batch 200/264  loss=0.3997
  batch 210/264  loss=0.3159
  batch 220/264  loss=0.3424
  batch 230/264  loss=0.5001
  batch 240/264  loss=0.3775
  batch 250/264  loss=0.4189
  batch 260/264  loss=0.4505
Epoch 232/300  train=3.881e-01  rmse=2.1457  lr=1.0e-04  234s
  batch 10/264  loss=0.3158
  batch 20/264  loss=0.3093
  batch 30/264  loss=0.3344
  batch 40/264  loss=0.5138
  batch 50/264  loss=0.3858
  batch 60/264  loss=0.3430
  batch 70/264  loss=0.3953
  batch 80/264  loss=0.2811
  batch 90/264  loss=0.3141
  batch 100/264  loss=0.2830
  batch 110/264  loss=0.2988
  batch 120/264  loss=0.4411
  batch 130/264  loss=0.6786
  batch 140/264  loss=0.3179
  batch 150/264  loss=0.3168
  batch 160/264  loss=0.5443
  batch 170/264  loss=0.4323
  batch 180/264  loss=0.3662
  batch 190/264  loss=0.5194
  batch 200/264  loss=0.4787
  batch 210/264  loss=0.3564
  batch 220/264  loss=0.3296
  batch 230/264  loss=0.3894
  batch 240/264  loss=0.4420
  batch 250/264  loss=0.5944
  batch 260/264  loss=0.6297
Epoch 233/300  train=3.890e-01  rmse=7.9214  lr=1.0e-04  232s
  batch 10/264  loss=0.3952
  batch 20/264  loss=0.3013
  batch 30/264  loss=0.4061
  batch 40/264  loss=0.3423
  batch 50/264  loss=0.3349
  batch 60/264  loss=0.4382
  batch 70/264  loss=0.4253
  batch 80/264  loss=0.4069
  batch 90/264  loss=0.4125
  batch 100/264  loss=0.3198
  batch 110/264  loss=0.4279
  batch 120/264  loss=0.3644
  batch 130/264  loss=0.3768
  batch 140/264  loss=0.3546
  batch 150/264  loss=0.3283
  batch 160/264  loss=0.5894
  batch 170/264  loss=0.4233
  batch 180/264  loss=0.4836
  batch 190/264  loss=0.3604
  batch 200/264  loss=0.3717
  batch 210/264  loss=0.3429
  batch 220/264  loss=0.4898
  batch 230/264  loss=0.3402
  batch 240/264  loss=0.4079
  batch 250/264  loss=0.2530
  batch 260/264  loss=0.3270
Epoch 234/300  train=3.884e-01  rmse=2.5181  lr=1.0e-04  233s
  batch 10/264  loss=0.3264
  batch 20/264  loss=0.3557
  batch 30/264  loss=0.3753
  batch 40/264  loss=0.4164
  batch 50/264  loss=0.3811
  batch 60/264  loss=0.3001
  batch 70/264  loss=0.4835
  batch 80/264  loss=0.2881
  batch 90/264  loss=0.5409
  batch 100/264  loss=0.3899
  batch 110/264  loss=0.3268
  batch 120/264  loss=0.4897
  batch 130/264  loss=0.3563
  batch 140/264  loss=0.4896
  batch 150/264  loss=0.3484
  batch 160/264  loss=0.3237
  batch 170/264  loss=0.5017
  batch 180/264  loss=0.3881
  batch 190/264  loss=0.3819
  batch 200/264  loss=0.3006
  batch 210/264  loss=0.5398
  batch 220/264  loss=0.3653
  batch 230/264  loss=0.2876
  batch 240/264  loss=0.4302
  batch 250/264  loss=0.3330
  batch 260/264  loss=0.3057
Epoch 235/300  train=3.894e-01  rmse=2.7811  lr=1.0e-04  233s
  batch 10/264  loss=0.3394
  batch 20/264  loss=0.3202
  batch 30/264  loss=0.4037
  batch 40/264  loss=0.3394
  batch 50/264  loss=0.4755
  batch 60/264  loss=0.4159
  batch 70/264  loss=0.3368
  batch 80/264  loss=0.5834
  batch 90/264  loss=0.3291
  batch 100/264  loss=0.3872
  batch 110/264  loss=0.3652
  batch 120/264  loss=0.4631
  batch 130/264  loss=0.5081
  batch 140/264  loss=0.2964
  batch 150/264  loss=0.4621
  batch 160/264  loss=0.4148
  batch 170/264  loss=0.3128
  batch 180/264  loss=0.3425
  batch 190/264  loss=0.6467
  batch 200/264  loss=0.5014
  batch 210/264  loss=0.4667
  batch 220/264  loss=0.3353
  batch 230/264  loss=0.3194
  batch 240/264  loss=0.5551
  batch 250/264  loss=0.4444
  batch 260/264  loss=0.3187
Epoch 236/300  train=3.850e-01  rmse=2.4464  lr=1.0e-04  233s
  batch 10/264  loss=0.4383
  batch 20/264  loss=0.4485
  batch 30/264  loss=0.3207
  batch 40/264  loss=0.3927
  batch 50/264  loss=0.3713
  batch 60/264  loss=0.2961
  batch 70/264  loss=0.6196
  batch 80/264  loss=0.3766
  batch 90/264  loss=0.4438
  batch 100/264  loss=0.4223
  batch 110/264  loss=0.3178
  batch 120/264  loss=0.3176
  batch 130/264  loss=0.3957
  batch 140/264  loss=0.4088
  batch 150/264  loss=0.4121
  batch 160/264  loss=0.3400
  batch 170/264  loss=0.4327
  batch 180/264  loss=0.3943
  batch 190/264  loss=0.3760
  batch 200/264  loss=0.3663
  batch 210/264  loss=0.3304
  batch 220/264  loss=0.3538
  batch 230/264  loss=0.4298
  batch 240/264  loss=0.3860
  batch 250/264  loss=0.2661
  batch 260/264  loss=0.3145
Epoch 237/300  train=3.834e-01  rmse=1.9124  lr=1.0e-04  233s
  batch 10/264  loss=0.3950
  batch 20/264  loss=0.2988
  batch 30/264  loss=0.3588
  batch 40/264  loss=0.4332
  batch 50/264  loss=0.3017
  batch 60/264  loss=0.3700
  batch 70/264  loss=0.3450
  batch 80/264  loss=0.4354
  batch 90/264  loss=0.3194
  batch 100/264  loss=0.4977
  batch 110/264  loss=0.4726
  batch 120/264  loss=0.4234
  batch 130/264  loss=0.2957
  batch 140/264  loss=0.4392
  batch 150/264  loss=0.4173
  batch 160/264  loss=0.3677
  batch 170/264  loss=0.3789
  batch 180/264  loss=0.2864
  batch 190/264  loss=0.3713
  batch 200/264  loss=0.2989
  batch 210/264  loss=0.3746
  batch 220/264  loss=0.3142
  batch 230/264  loss=0.3900
  batch 240/264  loss=0.3440
  batch 250/264  loss=0.2816
  batch 260/264  loss=0.3589
Epoch 238/300  train=3.862e-01  rmse=2.2045  lr=5.0e-05  233s
  batch 10/264  loss=0.3702
  batch 20/264  loss=0.3732
  batch 30/264  loss=0.4051
  batch 40/264  loss=0.3169
  batch 50/264  loss=0.3452
  batch 60/264  loss=0.4200
  batch 70/264  loss=0.2891
  batch 80/264  loss=0.3144
  batch 90/264  loss=0.3360
  batch 100/264  loss=0.2959
  batch 110/264  loss=0.4097
  batch 120/264  loss=0.3025
  batch 130/264  loss=0.4774
  batch 140/264  loss=0.3800
  batch 150/264  loss=0.3922
  batch 160/264  loss=0.3349
  batch 170/264  loss=0.2990
  batch 180/264  loss=0.3080
  batch 190/264  loss=0.4508
  batch 200/264  loss=0.3125
  batch 210/264  loss=0.4026
  batch 220/264  loss=0.2882
  batch 230/264  loss=0.4659
  batch 240/264  loss=0.3292
  batch 250/264  loss=0.6682
  batch 260/264  loss=0.4646
Epoch 239/300  train=3.763e-01  rmse=2.2665  lr=5.0e-05  233s
  -> best  monitor=3.763e-01
  batch 10/264  loss=0.3176
  batch 20/264  loss=0.3121
  batch 30/264  loss=0.3733
  batch 40/264  loss=0.4201
  batch 50/264  loss=0.2887
  batch 60/264  loss=0.3332
  batch 70/264  loss=0.3552
  batch 80/264  loss=0.5064
  batch 90/264  loss=0.3052
  batch 100/264  loss=0.3734
  batch 110/264  loss=0.3682
  batch 120/264  loss=0.3161
  batch 130/264  loss=0.3627
  batch 140/264  loss=0.3575
  batch 150/264  loss=0.3187
  batch 160/264  loss=0.4651
  batch 170/264  loss=0.3915
  batch 180/264  loss=0.3276
  batch 190/264  loss=0.3547
  batch 200/264  loss=0.4448
  batch 210/264  loss=0.3338
  batch 220/264  loss=0.3199
  batch 230/264  loss=0.3034
  batch 240/264  loss=0.4069
  batch 250/264  loss=0.3212
  batch 260/264  loss=0.5171
Epoch 240/300  train=3.683e-01  rmse=1.8217  lr=5.0e-05  233s
  -> best  monitor=3.683e-01
  batch 10/264  loss=0.3501
  batch 20/264  loss=0.3168
  batch 30/264  loss=0.3878
  batch 40/264  loss=0.3755
  batch 50/264  loss=0.3513
  batch 60/264  loss=0.3361
  batch 70/264  loss=0.3156
  batch 80/264  loss=0.2945
  batch 90/264  loss=0.2878
  batch 100/264  loss=0.3073
  batch 110/264  loss=0.3245
  batch 120/264  loss=0.4749
  batch 130/264  loss=0.3926
  batch 140/264  loss=0.3491
  batch 150/264  loss=0.4229
  batch 160/264  loss=0.3195
  batch 170/264  loss=0.3473
  batch 180/264  loss=0.4821
  batch 190/264  loss=0.3029
  batch 200/264  loss=0.3305
  batch 210/264  loss=0.3125
  batch 220/264  loss=0.4466
  batch 230/264  loss=0.4268
  batch 240/264  loss=0.2906
  batch 250/264  loss=0.4454
  batch 260/264  loss=0.3926
Epoch 241/300  train=3.677e-01  rmse=2.0279  lr=5.0e-05  233s
  -> best  monitor=3.677e-01
  batch 10/264  loss=0.2649
  batch 20/264  loss=0.2746
  batch 30/264  loss=0.3887
  batch 40/264  loss=0.4252
  batch 50/264  loss=0.2978
  batch 60/264  loss=0.3200
  batch 70/264  loss=0.3989
  batch 80/264  loss=0.4752
  batch 90/264  loss=0.2842
  batch 100/264  loss=0.3376
  batch 110/264  loss=0.2928
  batch 120/264  loss=0.3467
  batch 130/264  loss=0.3129
  batch 140/264  loss=0.2879
  batch 150/264  loss=0.4618
  batch 160/264  loss=0.3884
  batch 170/264  loss=0.4902
  batch 180/264  loss=0.3668
  batch 190/264  loss=0.3884
  batch 200/264  loss=0.2662
  batch 210/264  loss=0.3476
  batch 220/264  loss=0.2789
  batch 230/264  loss=0.5291
  batch 240/264  loss=0.3806
  batch 250/264  loss=0.3566
  batch 260/264  loss=0.3014
Epoch 242/300  train=3.725e-01  rmse=2.6301  lr=5.0e-05  233s
  batch 10/264  loss=0.3004
  batch 20/264  loss=0.3775
  batch 30/264  loss=0.3146
  batch 40/264  loss=0.2687
  batch 50/264  loss=0.4074
  batch 60/264  loss=0.2945
  batch 70/264  loss=0.3648
  batch 80/264  loss=0.5466
  batch 90/264  loss=0.3274
  batch 100/264  loss=0.6004
  batch 110/264  loss=0.5925
  batch 120/264  loss=0.4523
  batch 130/264  loss=0.3864
  batch 140/264  loss=0.2632
  batch 150/264  loss=0.3444
  batch 160/264  loss=0.3754
  batch 170/264  loss=0.2838
  batch 180/264  loss=0.6146
  batch 190/264  loss=0.4502
  batch 200/264  loss=0.3044
  batch 210/264  loss=0.3652
  batch 220/264  loss=0.3311
  batch 230/264  loss=0.3562
  batch 240/264  loss=0.4154
  batch 250/264  loss=0.4265
  batch 260/264  loss=0.3692
Epoch 243/300  train=3.724e-01  rmse=17.4343  lr=5.0e-05  232s
  batch 10/264  loss=0.3128
  batch 20/264  loss=0.4228
  batch 30/264  loss=0.4309
  batch 40/264  loss=0.3267
  batch 50/264  loss=0.3798
  batch 60/264  loss=0.6128
  batch 70/264  loss=0.4193
  batch 80/264  loss=0.3580
  batch 90/264  loss=0.3079
  batch 100/264  loss=0.3710
  batch 110/264  loss=0.3109
  batch 120/264  loss=0.3197
  batch 130/264  loss=0.3565
  batch 140/264  loss=0.3089
  batch 150/264  loss=0.3802
  batch 160/264  loss=0.5492
  batch 170/264  loss=0.4253
  batch 180/264  loss=0.3279
  batch 190/264  loss=0.3387
  batch 200/264  loss=0.3880
  batch 210/264  loss=0.3005
  batch 220/264  loss=0.2685
  batch 230/264  loss=0.3754
  batch 240/264  loss=0.3375
  batch 250/264  loss=0.3722
  batch 260/264  loss=0.4391
Epoch 244/300  train=3.658e-01  rmse=1.6606  lr=5.0e-05  233s
  -> best  monitor=3.658e-01
  batch 10/264  loss=0.2912
  batch 20/264  loss=0.3279
  batch 30/264  loss=0.3332
  batch 40/264  loss=0.4044
  batch 50/264  loss=0.3178
  batch 60/264  loss=0.3309
  batch 70/264  loss=0.3366
  batch 80/264  loss=0.3974
  batch 90/264  loss=0.5072
  batch 100/264  loss=0.4789
  batch 110/264  loss=0.4757
  batch 120/264  loss=0.4825
  batch 130/264  loss=0.3221
  batch 140/264  loss=0.3445
  batch 150/264  loss=0.3680
  batch 160/264  loss=0.2973
  batch 170/264  loss=0.4303
  batch 180/264  loss=0.3378
  batch 190/264  loss=0.3386
  batch 200/264  loss=0.2973
  batch 210/264  loss=0.3227
  batch 220/264  loss=0.3413
  batch 230/264  loss=0.3267
  batch 240/264  loss=0.2961
  batch 250/264  loss=0.6658
  batch 260/264  loss=0.3012
Epoch 245/300  train=3.664e-01  rmse=3.8719  lr=5.0e-05  233s
  batch 10/264  loss=0.3429
  batch 20/264  loss=0.3496
  batch 30/264  loss=0.3541
  batch 40/264  loss=0.3030
  batch 50/264  loss=0.4062
  batch 60/264  loss=0.3287
  batch 70/264  loss=0.2834
  batch 80/264  loss=0.3394
  batch 90/264  loss=0.4990
  batch 100/264  loss=0.3037
  batch 110/264  loss=0.3479
  batch 120/264  loss=0.3491
  batch 130/264  loss=0.3133
  batch 140/264  loss=0.3064
  batch 150/264  loss=0.3147
  batch 160/264  loss=0.3029
  batch 170/264  loss=0.3333
  batch 180/264  loss=0.5070
  batch 190/264  loss=0.2484
  batch 200/264  loss=0.4548
  batch 210/264  loss=0.3775
  batch 220/264  loss=0.3366
  batch 230/264  loss=0.3548
  batch 240/264  loss=0.3490
  batch 250/264  loss=0.5520
  batch 260/264  loss=0.4736
Epoch 246/300  train=3.680e-01  rmse=6.7790  lr=5.0e-05  232s
  batch 10/264  loss=0.3366
  batch 20/264  loss=0.3250
  batch 30/264  loss=0.3360
  batch 40/264  loss=0.3559
  batch 50/264  loss=0.3234
  batch 60/264  loss=0.3376
  batch 70/264  loss=0.3090
  batch 80/264  loss=0.3660
  batch 90/264  loss=0.3891
  batch 100/264  loss=0.2956
  batch 110/264  loss=0.2630
  batch 120/264  loss=0.2932
  batch 130/264  loss=0.3359
  batch 140/264  loss=0.3375
  batch 150/264  loss=0.4489
  batch 160/264  loss=0.4152
  batch 170/264  loss=0.3177
  batch 180/264  loss=0.4609
  batch 190/264  loss=0.4166
  batch 200/264  loss=0.3303
  batch 210/264  loss=0.3393
  batch 220/264  loss=0.4416
  batch 230/264  loss=0.3300
  batch 240/264  loss=0.2900
  batch 250/264  loss=0.2923
  batch 260/264  loss=0.3928
Epoch 247/300  train=3.660e-01  rmse=2.0818  lr=5.0e-05  232s
  batch 10/264  loss=0.3283
  batch 20/264  loss=0.4087
  batch 30/264  loss=0.3013
  batch 40/264  loss=0.3624
  batch 50/264  loss=0.2909
  batch 60/264  loss=0.3712
  batch 70/264  loss=0.4360
  batch 80/264  loss=0.3282
  batch 90/264  loss=0.3578
  batch 100/264  loss=0.3545
  batch 110/264  loss=0.3684
  batch 120/264  loss=0.3411
  batch 130/264  loss=0.3712
  batch 140/264  loss=0.2895
  batch 150/264  loss=0.3240
  batch 160/264  loss=0.3051
  batch 170/264  loss=0.3697
  batch 180/264  loss=0.4180
  batch 190/264  loss=0.3105
  batch 200/264  loss=0.3498
  batch 210/264  loss=0.4294
  batch 220/264  loss=0.3763
  batch 230/264  loss=0.2948
  batch 240/264  loss=0.3628
  batch 250/264  loss=0.4352
  batch 260/264  loss=0.4871
Epoch 248/300  train=3.688e-01  rmse=1.9356  lr=5.0e-05  234s
  batch 10/264  loss=0.3249
  batch 20/264  loss=0.5212
  batch 30/264  loss=0.3066
  batch 40/264  loss=0.3128
  batch 50/264  loss=0.3574
  batch 60/264  loss=0.3278
  batch 70/264  loss=0.3276
  batch 80/264  loss=0.3513
  batch 90/264  loss=0.3755
  batch 100/264  loss=0.3368
  batch 110/264  loss=0.4125
  batch 120/264  loss=0.5032
  batch 130/264  loss=0.4392
  batch 140/264  loss=0.4094
  batch 150/264  loss=0.3370
  batch 160/264  loss=0.3060
  batch 170/264  loss=0.2852
  batch 180/264  loss=0.4289
  batch 190/264  loss=0.2906
  batch 200/264  loss=0.6837
  batch 210/264  loss=0.3415
  batch 220/264  loss=0.3389
  batch 230/264  loss=0.5042
  batch 240/264  loss=0.4376
  batch 250/264  loss=0.3382
  batch 260/264  loss=0.3468
Epoch 249/300  train=3.694e-01  rmse=1.9218  lr=5.0e-05  232s
  batch 10/264  loss=0.3664
  batch 20/264  loss=0.5438
  batch 30/264  loss=0.2982
  batch 40/264  loss=0.4407
  batch 50/264  loss=0.4017
  batch 60/264  loss=0.4151
  batch 70/264  loss=0.3709
  batch 80/264  loss=0.3754
  batch 90/264  loss=0.3866
  batch 100/264  loss=0.4305
  batch 110/264  loss=0.3350
  batch 120/264  loss=0.5044
  batch 130/264  loss=0.3108
  batch 140/264  loss=0.4587
  batch 150/264  loss=0.3069
  batch 160/264  loss=0.4331
  batch 170/264  loss=0.2982
  batch 180/264  loss=0.3439
  batch 190/264  loss=0.4527
  batch 200/264  loss=0.3509
  batch 210/264  loss=0.4163
  batch 220/264  loss=0.4932
  batch 230/264  loss=0.4354
  batch 240/264  loss=0.4463
  batch 250/264  loss=0.3532
  batch 260/264  loss=0.3053
Epoch 250/300  train=3.660e-01  rmse=2.6527  lr=5.0e-05  233s
  batch 10/264  loss=0.3121
  batch 20/264  loss=0.3477
  batch 30/264  loss=0.2882
  batch 40/264  loss=0.3430
  batch 50/264  loss=0.2784
  batch 60/264  loss=0.4310
  batch 70/264  loss=0.3094
  batch 80/264  loss=0.3770
  batch 90/264  loss=0.3824
  batch 100/264  loss=0.3998
  batch 110/264  loss=0.4882
  batch 120/264  loss=0.4034
  batch 130/264  loss=0.4099
  batch 140/264  loss=0.3009
  batch 150/264  loss=0.4059
  batch 160/264  loss=0.3165
  batch 170/264  loss=0.5568
  batch 180/264  loss=0.3644
  batch 190/264  loss=0.3854
  batch 200/264  loss=0.3315
  batch 210/264  loss=0.3262
  batch 220/264  loss=0.3000
  batch 230/264  loss=0.4135
  batch 240/264  loss=0.4585
  batch 250/264  loss=0.4078
  batch 260/264  loss=0.3840
Epoch 251/300  train=3.634e-01  rmse=1.9252  lr=5.0e-05  233s
  -> best  monitor=3.634e-01
  batch 10/264  loss=0.3985
  batch 20/264  loss=0.5259
  batch 30/264  loss=0.3138
  batch 40/264  loss=0.3281
  batch 50/264  loss=0.3777
  batch 60/264  loss=0.8483
  batch 70/264  loss=0.3298
  batch 80/264  loss=0.3078
  batch 90/264  loss=0.3975
  batch 100/264  loss=0.3401
  batch 110/264  loss=0.4211
  batch 120/264  loss=0.3492
  batch 130/264  loss=0.2921
  batch 140/264  loss=0.3429
  batch 150/264  loss=0.3394
  batch 160/264  loss=0.3748
  batch 170/264  loss=0.3248
  batch 180/264  loss=0.3066
  batch 190/264  loss=0.3989
  batch 200/264  loss=0.3133
  batch 210/264  loss=0.3257
  batch 220/264  loss=0.3121
  batch 230/264  loss=0.3386
  batch 240/264  loss=0.3446
  batch 250/264  loss=0.3468
  batch 260/264  loss=0.3039
Epoch 252/300  train=3.706e-01  rmse=3.8881  lr=5.0e-05  234s
  batch 10/264  loss=0.4066
  batch 20/264  loss=0.3034
  batch 30/264  loss=0.2902
  batch 40/264  loss=0.2562
  batch 50/264  loss=0.3004
  batch 60/264  loss=0.3340
  batch 70/264  loss=0.3165
  batch 80/264  loss=0.3799
  batch 90/264  loss=0.4634
  batch 100/264  loss=0.3207
  batch 110/264  loss=0.3145
  batch 120/264  loss=0.3539
  batch 130/264  loss=0.5215
  batch 140/264  loss=0.4404
  batch 150/264  loss=0.3530
  batch 160/264  loss=0.4009
  batch 170/264  loss=0.3015
  batch 180/264  loss=0.3350
  batch 190/264  loss=0.3360
  batch 200/264  loss=0.2994
  batch 210/264  loss=0.4825
  batch 220/264  loss=0.2799
  batch 230/264  loss=0.3301
  batch 240/264  loss=0.3006
  batch 250/264  loss=0.3554
  batch 260/264  loss=0.3514
Epoch 253/300  train=3.637e-01  rmse=2.0776  lr=5.0e-05  231s
  batch 10/264  loss=0.4323
  batch 20/264  loss=0.3598
  batch 30/264  loss=0.2730
  batch 40/264  loss=0.3231
  batch 50/264  loss=0.2821
  batch 60/264  loss=0.2935
  batch 70/264  loss=0.4608
  batch 80/264  loss=0.3037
  batch 90/264  loss=0.3818
  batch 100/264  loss=0.4760
  batch 110/264  loss=0.3462
  batch 120/264  loss=0.6610
  batch 130/264  loss=0.3897
  batch 140/264  loss=0.3105
  batch 150/264  loss=0.3856
  batch 160/264  loss=0.3486
  batch 170/264  loss=0.3370
  batch 180/264  loss=0.2664
  batch 190/264  loss=0.3145
  batch 200/264  loss=0.3517
  batch 210/264  loss=0.2974
  batch 220/264  loss=0.3931
  batch 230/264  loss=0.4668
  batch 240/264  loss=0.5310
  batch 250/264  loss=0.3216
  batch 260/264  loss=0.3560
Epoch 254/300  train=3.669e-01  rmse=2.8055  lr=5.0e-05  234s
  batch 10/264  loss=0.3964
  batch 20/264  loss=0.3065
  batch 30/264  loss=0.2957
  batch 40/264  loss=0.4151
  batch 50/264  loss=0.3728
  batch 60/264  loss=0.7180
  batch 70/264  loss=0.5002
  batch 80/264  loss=0.3413
  batch 90/264  loss=0.4623
  batch 100/264  loss=0.3319
  batch 110/264  loss=0.3736
  batch 120/264  loss=0.4105
  batch 130/264  loss=0.2964
  batch 140/264  loss=0.3713
  batch 150/264  loss=0.4724
  batch 160/264  loss=0.3077
  batch 170/264  loss=0.3237
  batch 180/264  loss=0.3989
  batch 190/264  loss=0.4575
  batch 200/264  loss=0.3428
  batch 210/264  loss=0.3373
  batch 220/264  loss=0.3671
  batch 230/264  loss=0.3687
  batch 240/264  loss=0.4190
  batch 250/264  loss=0.3805
  batch 260/264  loss=0.2929
Epoch 255/300  train=3.674e-01  rmse=4.8522  lr=5.0e-05  233s
  batch 10/264  loss=0.3483
  batch 20/264  loss=0.3735
  batch 30/264  loss=0.2827
  batch 40/264  loss=0.3272
  batch 50/264  loss=0.3213
  batch 60/264  loss=0.3118
  batch 70/264  loss=0.4946
  batch 80/264  loss=0.3183
  batch 90/264  loss=0.4193
  batch 100/264  loss=0.3550
  batch 110/264  loss=0.2941
  batch 120/264  loss=0.3774
  batch 130/264  loss=0.2689
  batch 140/264  loss=0.3329
  batch 150/264  loss=0.3401
  batch 160/264  loss=0.3467
  batch 170/264  loss=0.2913
  batch 180/264  loss=0.2776
  batch 190/264  loss=0.4042
  batch 200/264  loss=0.3396
  batch 210/264  loss=0.5036
  batch 220/264  loss=0.4461
  batch 230/264  loss=0.2845
  batch 240/264  loss=0.4134
  batch 250/264  loss=0.3347
  batch 260/264  loss=0.3139
Epoch 256/300  train=3.634e-01  rmse=1.8470  lr=5.0e-05  232s
  batch 10/264  loss=0.3746
  batch 20/264  loss=0.3570
  batch 30/264  loss=0.4179
  batch 40/264  loss=0.4584
  batch 50/264  loss=0.3794
  batch 60/264  loss=0.3067
  batch 70/264  loss=0.3111
  batch 80/264  loss=0.2777
  batch 90/264  loss=0.2889
  batch 100/264  loss=0.3651
  batch 110/264  loss=0.2886
  batch 120/264  loss=0.2809
  batch 130/264  loss=0.2990
  batch 140/264  loss=0.4693
  batch 150/264  loss=0.4967
  batch 160/264  loss=0.3046
  batch 170/264  loss=0.3098
  batch 180/264  loss=0.3043
  batch 190/264  loss=0.3394
  batch 200/264  loss=0.3496
  batch 210/264  loss=0.2700
  batch 220/264  loss=0.3073
  batch 230/264  loss=0.3080
  batch 240/264  loss=0.4198
  batch 250/264  loss=0.3054
  batch 260/264  loss=0.5027
Epoch 257/300  train=3.638e-01  rmse=2.1712  lr=5.0e-05  233s
  batch 10/264  loss=0.5953
  batch 20/264  loss=0.3932
  batch 30/264  loss=0.2977
  batch 40/264  loss=0.2872
  batch 50/264  loss=0.2969
  batch 60/264  loss=0.3030
  batch 70/264  loss=0.2702
  batch 80/264  loss=0.3466
  batch 90/264  loss=0.3578
  batch 100/264  loss=0.3768
  batch 110/264  loss=0.3022
  batch 120/264  loss=0.3182
  batch 130/264  loss=0.3021
  batch 140/264  loss=0.3275
  batch 150/264  loss=0.3710
  batch 160/264  loss=0.3141
  batch 170/264  loss=0.3256
  batch 180/264  loss=0.3236
  batch 190/264  loss=0.3296
  batch 200/264  loss=0.2653
  batch 210/264  loss=0.3267
  batch 220/264  loss=0.3524
  batch 230/264  loss=0.3469
  batch 240/264  loss=0.3033
  batch 250/264  loss=0.4732
  batch 260/264  loss=0.4233
Epoch 258/300  train=3.611e-01  rmse=4.2632  lr=5.0e-05  233s
  -> best  monitor=3.611e-01
  batch 10/264  loss=0.2632
  batch 20/264  loss=0.3479
  batch 30/264  loss=0.3410
  batch 40/264  loss=0.3497
  batch 50/264  loss=0.3463
  batch 60/264  loss=0.3154
  batch 70/264  loss=0.3655
  batch 80/264  loss=0.2997
  batch 90/264  loss=0.4830
  batch 100/264  loss=0.3523
  batch 110/264  loss=0.3486
  batch 120/264  loss=0.3157
  batch 130/264  loss=0.2967
  batch 140/264  loss=0.3632
  batch 150/264  loss=0.3025
  batch 160/264  loss=0.4544
  batch 170/264  loss=0.3971
  batch 180/264  loss=0.2972
  batch 190/264  loss=0.3294
  batch 200/264  loss=0.3819
  batch 210/264  loss=0.3053
  batch 220/264  loss=0.3905
  batch 230/264  loss=0.3158
  batch 240/264  loss=0.2851
  batch 250/264  loss=0.2414
  batch 260/264  loss=0.3328
Epoch 259/300  train=3.611e-01  rmse=2.5890  lr=5.0e-05  232s
  batch 10/264  loss=0.3061
  batch 20/264  loss=0.3826
  batch 30/264  loss=0.3363
  batch 40/264  loss=0.3137
  batch 50/264  loss=0.3002
  batch 60/264  loss=0.4905
  batch 70/264  loss=0.3554
  batch 80/264  loss=0.3129
  batch 90/264  loss=0.3301
  batch 100/264  loss=0.3603
  batch 110/264  loss=0.3294
  batch 120/264  loss=0.3371
  batch 130/264  loss=0.2970
  batch 140/264  loss=0.3266
  batch 150/264  loss=0.2835
  batch 160/264  loss=0.3582
  batch 170/264  loss=0.2790
  batch 180/264  loss=0.3253
  batch 190/264  loss=0.3343
  batch 200/264  loss=0.3939
  batch 210/264  loss=0.3373
  batch 220/264  loss=0.3556
  batch 230/264  loss=0.5986
  batch 240/264  loss=0.3599
  batch 250/264  loss=0.3471
  batch 260/264  loss=0.3137
Epoch 260/300  train=3.614e-01  rmse=3.1303  lr=5.0e-05  233s
  batch 10/264  loss=0.3496
  batch 20/264  loss=0.3569
  batch 30/264  loss=0.2724
  batch 40/264  loss=0.3705
  batch 50/264  loss=0.3156
  batch 60/264  loss=0.2710
  batch 70/264  loss=0.3060
  batch 80/264  loss=0.2849
  batch 90/264  loss=0.3405
  batch 100/264  loss=0.3553
  batch 110/264  loss=0.2996
  batch 120/264  loss=0.4070
  batch 130/264  loss=0.3980
  batch 140/264  loss=0.2484
  batch 150/264  loss=0.3389
  batch 160/264  loss=0.4999
  batch 170/264  loss=0.6395
  batch 180/264  loss=0.2867
  batch 190/264  loss=0.3802
  batch 200/264  loss=0.2875
  batch 210/264  loss=0.3228
  batch 220/264  loss=0.2565
  batch 230/264  loss=0.4433
  batch 240/264  loss=0.3644
  batch 250/264  loss=0.2883
  batch 260/264  loss=0.3677
Epoch 261/300  train=3.652e-01  rmse=2.9666  lr=5.0e-05  234s
  batch 10/264  loss=0.4652
  batch 20/264  loss=0.4597
  batch 30/264  loss=0.3159
  batch 40/264  loss=0.2930
  batch 50/264  loss=0.3000
  batch 60/264  loss=0.3238
  batch 70/264  loss=0.3567
  batch 80/264  loss=0.4416
  batch 90/264  loss=0.4566
  batch 100/264  loss=0.2809
  batch 110/264  loss=0.3227
  batch 120/264  loss=0.4741
  batch 130/264  loss=0.3030
  batch 140/264  loss=0.3001
  batch 150/264  loss=0.4864
  batch 160/264  loss=0.4367
  batch 170/264  loss=0.3378
  batch 180/264  loss=0.2967
  batch 190/264  loss=0.4665
  batch 200/264  loss=0.3620
  batch 210/264  loss=0.2942
  batch 220/264  loss=0.3342
  batch 230/264  loss=0.3871
  batch 240/264  loss=0.4599
  batch 250/264  loss=0.3194
  batch 260/264  loss=0.3112
Epoch 262/300  train=3.618e-01  rmse=1.9692  lr=5.0e-05  232s
  batch 10/264  loss=0.3312
  batch 20/264  loss=0.3129
  batch 30/264  loss=0.3575
  batch 40/264  loss=0.4591
  batch 50/264  loss=0.3379
  batch 60/264  loss=0.2742
  batch 70/264  loss=0.3473
  batch 80/264  loss=0.3634
  batch 90/264  loss=0.3566
  batch 100/264  loss=0.3075
  batch 110/264  loss=0.2983
  batch 120/264  loss=0.3693
  batch 130/264  loss=0.3803
  batch 140/264  loss=0.4098
  batch 150/264  loss=0.4038
  batch 160/264  loss=0.5238
  batch 170/264  loss=0.3978
  batch 180/264  loss=0.3967
  batch 190/264  loss=0.3029
  batch 200/264  loss=0.2986
  batch 210/264  loss=0.3962
  batch 220/264  loss=0.3686
  batch 230/264  loss=0.3491
  batch 240/264  loss=0.3922
  batch 250/264  loss=0.3450
  batch 260/264  loss=0.2831
Epoch 263/300  train=3.632e-01  rmse=2.4554  lr=5.0e-05  233s
  batch 10/264  loss=0.3149
  batch 20/264  loss=0.2795
  batch 30/264  loss=0.3242
  batch 40/264  loss=0.3449
  batch 50/264  loss=0.2825
  batch 60/264  loss=0.3680
  batch 70/264  loss=0.4337
  batch 80/264  loss=0.3938
  batch 90/264  loss=0.3957
  batch 100/264  loss=0.4273
  batch 110/264  loss=0.3409
  batch 120/264  loss=0.4671
  batch 130/264  loss=0.4941
  batch 140/264  loss=0.2571
  batch 150/264  loss=0.4133
  batch 160/264  loss=0.3307
  batch 170/264  loss=0.4188
  batch 180/264  loss=0.4131
  batch 190/264  loss=0.4574
  batch 200/264  loss=0.2532
  batch 210/264  loss=0.3495
  batch 220/264  loss=0.4852
  batch 230/264  loss=0.5300
  batch 240/264  loss=0.3282
  batch 250/264  loss=0.2981
  batch 260/264  loss=0.3271
Epoch 264/300  train=3.625e-01  rmse=2.0071  lr=5.0e-05  232s
  batch 10/264  loss=0.3661
  batch 20/264  loss=0.3820
  batch 30/264  loss=0.4564
  batch 40/264  loss=0.2887
  batch 50/264  loss=0.3785
  batch 60/264  loss=0.3297
  batch 70/264  loss=0.3803
  batch 80/264  loss=0.2816
  batch 90/264  loss=0.3352
  batch 100/264  loss=0.3121
  batch 110/264  loss=0.3347
  batch 120/264  loss=0.4582
  batch 130/264  loss=0.3166
  batch 140/264  loss=0.4413
  batch 150/264  loss=0.3503
  batch 160/264  loss=0.3416
  batch 170/264  loss=0.3325
  batch 180/264  loss=0.3940
  batch 190/264  loss=0.2999
  batch 200/264  loss=0.3067
  batch 210/264  loss=0.2699
  batch 220/264  loss=0.4342
  batch 230/264  loss=0.3593
  batch 240/264  loss=0.2970
  batch 250/264  loss=0.3665
  batch 260/264  loss=0.2819
Epoch 265/300  train=3.649e-01  rmse=2.4791  lr=5.0e-05  233s
  batch 10/264  loss=0.3917
  batch 20/264  loss=0.3753
  batch 30/264  loss=0.3750
  batch 40/264  loss=0.4221
  batch 50/264  loss=0.3076
  batch 60/264  loss=0.2962
  batch 70/264  loss=0.3159
  batch 80/264  loss=0.4345
  batch 90/264  loss=0.3265
  batch 100/264  loss=0.3223
  batch 110/264  loss=0.2961
  batch 120/264  loss=0.2908
  batch 130/264  loss=0.3336
  batch 140/264  loss=0.4484
  batch 150/264  loss=0.3158
  batch 160/264  loss=0.4899
  batch 170/264  loss=0.3550
  batch 180/264  loss=0.3515
  batch 190/264  loss=0.2949
  batch 200/264  loss=0.3322
  batch 210/264  loss=0.2922
  batch 220/264  loss=0.3210
  batch 230/264  loss=0.3262
  batch 240/264  loss=0.2644
  batch 250/264  loss=0.4596
  batch 260/264  loss=0.3410
Epoch 266/300  train=3.647e-01  rmse=1.8064  lr=5.0e-05  232s
  batch 10/264  loss=0.3492
  batch 20/264  loss=0.2946
  batch 30/264  loss=0.4445
  batch 40/264  loss=0.2840
  batch 50/264  loss=0.6019
  batch 60/264  loss=0.3616
  batch 70/264  loss=0.3661
  batch 80/264  loss=0.3187
  batch 90/264  loss=0.3024
  batch 100/264  loss=0.3503
  batch 110/264  loss=0.3187
  batch 120/264  loss=0.3484
  batch 130/264  loss=0.3497
  batch 140/264  loss=0.3811
  batch 150/264  loss=0.4208
  batch 160/264  loss=0.3255
  batch 170/264  loss=0.4128
  batch 180/264  loss=0.3336
  batch 190/264  loss=0.3994
  batch 200/264  loss=0.3108
  batch 210/264  loss=0.3170
  batch 220/264  loss=0.3420
  batch 230/264  loss=0.4101
  batch 240/264  loss=0.3812
  batch 250/264  loss=0.4947
  batch 260/264  loss=0.3015
Epoch 267/300  train=3.618e-01  rmse=2.5249  lr=5.0e-05  234s
  batch 10/264  loss=0.3641
  batch 20/264  loss=0.5092
  batch 30/264  loss=0.4674
  batch 40/264  loss=0.4587
  batch 50/264  loss=0.4075
  batch 60/264  loss=0.4348
  batch 70/264  loss=0.3010
  batch 80/264  loss=0.2984
  batch 90/264  loss=0.5024
  batch 100/264  loss=0.3043
  batch 110/264  loss=0.3024
  batch 120/264  loss=0.4091
  batch 130/264  loss=0.3262
  batch 140/264  loss=0.3268
  batch 150/264  loss=0.3334
  batch 160/264  loss=0.3778
  batch 170/264  loss=0.2971
  batch 180/264  loss=0.2364
  batch 190/264  loss=0.4078
  batch 200/264  loss=0.3790
  batch 210/264  loss=0.3930
  batch 220/264  loss=0.3010
  batch 230/264  loss=0.3301
  batch 240/264  loss=0.4358
  batch 250/264  loss=0.5786
  batch 260/264  loss=0.3989
Epoch 268/300  train=3.654e-01  rmse=2.1506  lr=5.0e-05  233s
  batch 10/264  loss=0.3520
  batch 20/264  loss=0.3331
  batch 30/264  loss=0.4661
  batch 40/264  loss=0.4498
  batch 50/264  loss=0.2723
  batch 60/264  loss=0.3754
  batch 70/264  loss=0.2857
  batch 80/264  loss=0.3362
  batch 90/264  loss=0.4838
  batch 100/264  loss=0.3372
  batch 110/264  loss=0.5498
  batch 120/264  loss=0.4662
  batch 130/264  loss=0.2999
  batch 140/264  loss=0.3031
  batch 150/264  loss=0.4036
  batch 160/264  loss=0.3540
  batch 170/264  loss=0.3040
  batch 180/264  loss=0.2980
  batch 190/264  loss=0.4434
  batch 200/264  loss=0.2977
  batch 210/264  loss=0.3256
  batch 220/264  loss=0.3288
  batch 230/264  loss=0.3137
  batch 240/264  loss=0.3593
  batch 250/264  loss=0.3701
  batch 260/264  loss=0.3432
Epoch 269/300  train=3.619e-01  rmse=3.5975  lr=2.5e-05  232s
  batch 10/264  loss=0.3512
  batch 20/264  loss=0.2839
  batch 30/264  loss=0.2951
  batch 40/264  loss=0.2671
  batch 50/264  loss=0.2716
  batch 60/264  loss=0.3236
  batch 70/264  loss=0.2966
  batch 80/264  loss=0.3492
  batch 90/264  loss=0.4501
  batch 100/264  loss=0.2616
  batch 110/264  loss=0.4021
  batch 120/264  loss=0.3751
  batch 130/264  loss=0.3207
  batch 140/264  loss=0.2866
  batch 150/264  loss=0.3892
  batch 160/264  loss=0.3077
  batch 170/264  loss=0.3109
  batch 180/264  loss=0.4254
  batch 190/264  loss=0.3806
  batch 200/264  loss=0.3329
  batch 210/264  loss=0.3551
  batch 220/264  loss=0.3023
  batch 230/264  loss=0.3016
  batch 240/264  loss=0.4623
  batch 250/264  loss=0.2687
  batch 260/264  loss=0.3229
Epoch 270/300  train=3.567e-01  rmse=2.6390  lr=2.5e-05  233s
  -> best  monitor=3.567e-01
  batch 10/264  loss=0.3720
  batch 20/264  loss=0.2520
  batch 30/264  loss=0.3663
  batch 40/264  loss=0.2956
  batch 50/264  loss=0.3012
  batch 60/264  loss=0.4709
  batch 70/264  loss=0.2612
  batch 80/264  loss=0.3742
  batch 90/264  loss=0.2736
  batch 100/264  loss=0.3820
  batch 110/264  loss=0.3041
  batch 120/264  loss=0.5189
  batch 130/264  loss=0.3347
  batch 140/264  loss=0.2596
  batch 150/264  loss=0.3495
  batch 160/264  loss=0.3682
  batch 170/264  loss=0.4012
  batch 180/264  loss=0.5073
  batch 190/264  loss=0.5660
  batch 200/264  loss=0.3324
  batch 210/264  loss=0.3267
  batch 220/264  loss=0.3752
  batch 230/264  loss=0.4563
  batch 240/264  loss=0.2889
  batch 250/264  loss=0.3796
  batch 260/264  loss=0.3564
Epoch 271/300  train=3.588e-01  rmse=2.3059  lr=2.5e-05  232s
  batch 10/264  loss=0.3020
  batch 20/264  loss=0.4325
  batch 30/264  loss=0.3496
  batch 40/264  loss=0.3634
  batch 50/264  loss=0.5017
  batch 60/264  loss=0.3037
  batch 70/264  loss=0.2925
  batch 80/264  loss=0.4461
  batch 90/264  loss=0.3812
  batch 100/264  loss=0.2801
  batch 110/264  loss=0.3467
  batch 120/264  loss=0.2834
  batch 130/264  loss=0.4030
  batch 140/264  loss=0.3641
  batch 150/264  loss=0.4852
  batch 160/264  loss=0.3002
  batch 170/264  loss=0.3844
  batch 180/264  loss=0.3944
  batch 190/264  loss=0.3715
  batch 200/264  loss=0.3637
  batch 210/264  loss=0.3615
  batch 220/264  loss=0.4650
  batch 230/264  loss=0.2844
  batch 240/264  loss=0.4892
  batch 250/264  loss=0.3582
  batch 260/264  loss=0.3078
Epoch 272/300  train=3.564e-01  rmse=2.0683  lr=2.5e-05  232s
  -> best  monitor=3.564e-01
  batch 10/264  loss=0.3174
  batch 20/264  loss=0.3077
  batch 30/264  loss=0.2868
  batch 40/264  loss=0.4175
  batch 50/264  loss=0.3021
  batch 60/264  loss=0.5847
  batch 70/264  loss=0.4377
  batch 80/264  loss=0.2624
  batch 90/264  loss=0.2612
  batch 100/264  loss=0.3845
  batch 110/264  loss=0.3290
  batch 120/264  loss=0.3518
  batch 130/264  loss=0.3009
  batch 140/264  loss=0.2775
  batch 150/264  loss=0.2815
  batch 160/264  loss=0.3589
  batch 170/264  loss=0.3621
  batch 180/264  loss=0.3055
  batch 190/264  loss=0.3215
  batch 200/264  loss=0.3557
  batch 210/264  loss=0.3947
  batch 220/264  loss=0.4130
  batch 230/264  loss=0.3333
  batch 240/264  loss=0.3480
  batch 250/264  loss=0.5091
  batch 260/264  loss=0.3697
Epoch 273/300  train=3.503e-01  rmse=2.3324  lr=2.5e-05  232s
  -> best  monitor=3.503e-01
  batch 10/264  loss=0.3545
  batch 20/264  loss=0.3085
  batch 30/264  loss=0.3040
  batch 40/264  loss=0.4724
  batch 50/264  loss=0.3647
  batch 60/264  loss=0.4395
  batch 70/264  loss=0.4117
  batch 80/264  loss=0.3230
  batch 90/264  loss=0.3981
  batch 100/264  loss=0.2846
  batch 110/264  loss=0.6024
  batch 120/264  loss=0.4697
  batch 130/264  loss=0.3549
  batch 140/264  loss=0.3737
  batch 150/264  loss=0.3363
  batch 160/264  loss=0.4030
  batch 170/264  loss=0.2631
  batch 180/264  loss=0.2777
  batch 190/264  loss=0.4303
  batch 200/264  loss=0.3373
  batch 210/264  loss=0.3214
  batch 220/264  loss=0.3478
  batch 230/264  loss=0.4447
  batch 240/264  loss=0.2959
  batch 250/264  loss=0.4337
  batch 260/264  loss=0.4110
Epoch 274/300  train=3.557e-01  rmse=2.3483  lr=2.5e-05  231s
  batch 10/264  loss=0.4022
  batch 20/264  loss=0.3660
  batch 30/264  loss=0.3714
  batch 40/264  loss=0.6377
  batch 50/264  loss=0.4177
  batch 60/264  loss=0.3253
  batch 70/264  loss=0.4233
  batch 80/264  loss=0.3477
  batch 90/264  loss=0.2857
  batch 100/264  loss=0.3057
  batch 110/264  loss=0.3094
  batch 120/264  loss=0.3169
  batch 130/264  loss=0.4242
  batch 140/264  loss=0.3113
  batch 150/264  loss=0.4860
  batch 160/264  loss=0.3815
  batch 170/264  loss=0.4756
  batch 180/264  loss=0.3439
  batch 190/264  loss=0.4902
  batch 200/264  loss=0.2949
  batch 210/264  loss=0.3114
  batch 220/264  loss=0.4476
  batch 230/264  loss=0.3519
  batch 240/264  loss=0.3559
  batch 250/264  loss=0.5982
  batch 260/264  loss=0.2970
Epoch 275/300  train=3.532e-01  rmse=3.4151  lr=2.5e-05  232s
  batch 10/264  loss=0.3672
  batch 20/264  loss=0.2925
  batch 30/264  loss=0.3735
  batch 40/264  loss=0.3005
  batch 50/264  loss=0.3373
  batch 60/264  loss=0.2797
  batch 70/264  loss=0.3390
  batch 80/264  loss=0.2883
  batch 90/264  loss=0.3182
  batch 100/264  loss=0.3339
  batch 110/264  loss=0.3968
  batch 120/264  loss=0.4300
  batch 130/264  loss=0.3329
  batch 140/264  loss=0.3036
  batch 150/264  loss=0.3075
  batch 160/264  loss=0.3932
  batch 170/264  loss=0.2946
  batch 180/264  loss=0.3252
  batch 190/264  loss=0.3898
  batch 200/264  loss=0.2763
  batch 210/264  loss=0.3532
  batch 220/264  loss=0.2954
  batch 230/264  loss=0.2874
  batch 240/264  loss=0.2931
  batch 250/264  loss=0.3000
  batch 260/264  loss=0.3529
Epoch 276/300  train=3.491e-01  rmse=2.5770  lr=2.5e-05  233s
  -> best  monitor=3.491e-01
  batch 10/264  loss=0.4870
  batch 20/264  loss=0.3181
  batch 30/264  loss=0.3899
  batch 40/264  loss=0.3101
  batch 50/264  loss=0.3123
  batch 60/264  loss=0.2727
  batch 70/264  loss=0.4299
  batch 80/264  loss=0.3618
  batch 90/264  loss=0.6214
  batch 100/264  loss=0.4779
  batch 110/264  loss=0.3092
  batch 120/264  loss=0.2872
  batch 130/264  loss=0.3866
  batch 140/264  loss=0.3049
  batch 150/264  loss=0.4116
  batch 160/264  loss=0.3932
  batch 170/264  loss=0.3148
  batch 180/264  loss=0.2793
  batch 190/264  loss=0.3089
  batch 200/264  loss=0.3026
  batch 210/264  loss=0.3012
  batch 220/264  loss=0.4151
  batch 230/264  loss=0.3490
  batch 240/264  loss=0.4815
  batch 250/264  loss=0.2857
  batch 260/264  loss=0.3507
Epoch 277/300  train=3.523e-01  rmse=2.3806  lr=2.5e-05  232s
  batch 10/264  loss=0.2964
  batch 20/264  loss=0.3124
  batch 30/264  loss=0.5383
  batch 40/264  loss=0.4160
  batch 50/264  loss=0.3564
  batch 60/264  loss=0.2711
  batch 70/264  loss=0.3718
  batch 80/264  loss=0.5434
  batch 90/264  loss=0.2943
  batch 100/264  loss=0.3110
  batch 110/264  loss=0.3763
  batch 120/264  loss=0.2813
  batch 130/264  loss=0.3530
  batch 140/264  loss=0.2946
  batch 150/264  loss=0.2900
  batch 160/264  loss=0.3015
  batch 170/264  loss=0.2814
  batch 180/264  loss=0.3416
  batch 190/264  loss=0.2930
  batch 200/264  loss=0.3161
  batch 210/264  loss=0.3504
  batch 220/264  loss=0.3528
  batch 230/264  loss=0.3730
  batch 240/264  loss=0.4684
  batch 250/264  loss=0.4347
  batch 260/264  loss=0.4750
Epoch 278/300  train=3.528e-01  rmse=4.7626  lr=2.5e-05  232s
  batch 10/264  loss=0.3506
  batch 20/264  loss=0.3372
  batch 30/264  loss=0.4522
  batch 40/264  loss=0.2791
  batch 50/264  loss=0.4299
  batch 60/264  loss=0.3480
  batch 70/264  loss=0.2982
  batch 80/264  loss=0.3724
  batch 90/264  loss=0.3254
  batch 100/264  loss=0.3835
  batch 110/264  loss=0.3263
  batch 120/264  loss=0.3658
  batch 130/264  loss=0.3094
  batch 140/264  loss=0.3948
  batch 150/264  loss=0.3116
  batch 160/264  loss=0.3559
  batch 170/264  loss=0.3726
  batch 180/264  loss=0.4200
  batch 190/264  loss=0.3377
  batch 200/264  loss=0.4285
  batch 210/264  loss=0.3361
  batch 220/264  loss=0.4147
  batch 230/264  loss=0.3792
  batch 240/264  loss=0.3582
  batch 250/264  loss=0.4216
  batch 260/264  loss=0.3212
Epoch 279/300  train=3.553e-01  rmse=2.4072  lr=2.5e-05  232s
  batch 10/264  loss=0.3676
  batch 20/264  loss=0.3811
  batch 30/264  loss=0.4108
  batch 40/264  loss=0.3319
  batch 50/264  loss=0.3787
  batch 60/264  loss=0.3828
  batch 70/264  loss=0.2986
  batch 80/264  loss=0.4840
  batch 90/264  loss=0.3091
  batch 100/264  loss=0.3159
  batch 110/264  loss=0.3121
  batch 120/264  loss=0.2929
  batch 130/264  loss=0.3176
  batch 140/264  loss=0.3313
  batch 150/264  loss=0.2557
  batch 160/264  loss=0.3829
  batch 170/264  loss=0.2890
  batch 180/264  loss=0.3057
  batch 190/264  loss=0.2763
  batch 200/264  loss=0.3340
  batch 210/264  loss=0.3548
  batch 220/264  loss=0.3464
  batch 230/264  loss=0.4178
  batch 240/264  loss=0.4125
  batch 250/264  loss=0.3329
  batch 260/264  loss=0.3414
Epoch 280/300  train=3.531e-01  rmse=3.1639  lr=2.5e-05  232s
  batch 10/264  loss=0.4036
  batch 20/264  loss=0.3785
  batch 30/264  loss=0.4356
  batch 40/264  loss=0.3619
  batch 50/264  loss=0.3987
  batch 60/264  loss=0.3212
  batch 70/264  loss=0.4113
  batch 80/264  loss=0.3320
  batch 90/264  loss=0.2627
  batch 100/264  loss=0.3475
  batch 110/264  loss=0.3255
  batch 120/264  loss=0.3481
  batch 130/264  loss=0.5256
  batch 140/264  loss=0.4482
  batch 150/264  loss=0.3767
  batch 160/264  loss=0.2858
  batch 170/264  loss=0.3328
  batch 180/264  loss=0.4584
  batch 190/264  loss=0.2973
  batch 200/264  loss=0.3943
  batch 210/264  loss=0.3287
  batch 220/264  loss=0.4045
  batch 230/264  loss=0.3610
  batch 240/264  loss=0.3085
  batch 250/264  loss=0.3032
  batch 260/264  loss=0.3659
Epoch 281/300  train=3.523e-01  rmse=2.1772  lr=2.5e-05  232s
  batch 10/264  loss=0.4307
  batch 20/264  loss=0.4367
  batch 30/264  loss=0.3210
  batch 40/264  loss=0.2842
  batch 50/264  loss=0.3927
  batch 60/264  loss=0.3632
  batch 70/264  loss=0.3850
  batch 80/264  loss=0.2781
  batch 90/264  loss=0.2849
  batch 100/264  loss=0.2869
  batch 110/264  loss=0.3190
  batch 120/264  loss=0.3456
  batch 130/264  loss=0.3764
  batch 140/264  loss=0.3193
  batch 150/264  loss=0.3877
  batch 160/264  loss=0.5934
  batch 170/264  loss=0.2970
  batch 180/264  loss=0.2891
  batch 190/264  loss=0.2779
  batch 200/264  loss=0.2996
  batch 210/264  loss=0.3055
  batch 220/264  loss=0.4001
  batch 230/264  loss=0.3256
  batch 240/264  loss=0.3666
  batch 250/264  loss=0.2362
  batch 260/264  loss=0.4165
Epoch 282/300  train=3.553e-01  rmse=2.2774  lr=2.5e-05  233s
  batch 10/264  loss=0.3559
  batch 20/264  loss=0.3897
  batch 30/264  loss=0.3531
  batch 40/264  loss=0.3286
  batch 50/264  loss=0.4512
  batch 60/264  loss=0.3590
  batch 70/264  loss=0.3366
  batch 80/264  loss=0.6035
  batch 90/264  loss=0.3458
  batch 100/264  loss=0.2962
  batch 110/264  loss=0.2994
  batch 120/264  loss=0.2756
  batch 130/264  loss=0.4008
  batch 140/264  loss=0.5008
  batch 150/264  loss=0.2961
  batch 160/264  loss=0.3024
  batch 170/264  loss=0.3662
  batch 180/264  loss=0.3824
  batch 190/264  loss=0.3119
  batch 200/264  loss=0.3548
  batch 210/264  loss=0.2842
  batch 220/264  loss=0.5939
  batch 230/264  loss=0.3435
  batch 240/264  loss=0.2872
  batch 250/264  loss=0.3260
  batch 260/264  loss=0.3834
Epoch 283/300  train=3.535e-01  rmse=2.7256  lr=2.5e-05  232s
  batch 10/264  loss=0.2724
  batch 20/264  loss=0.3549
  batch 30/264  loss=0.3700
  batch 40/264  loss=0.3212
  batch 50/264  loss=0.4492
  batch 60/264  loss=0.3340
  batch 70/264  loss=0.4275
  batch 80/264  loss=0.2851
  batch 90/264  loss=0.4226
  batch 100/264  loss=0.3347
  batch 110/264  loss=0.2933
  batch 120/264  loss=0.3586
  batch 130/264  loss=0.3517
  batch 140/264  loss=0.3354
  batch 150/264  loss=0.3067
  batch 160/264  loss=0.3566
  batch 170/264  loss=0.3102
  batch 180/264  loss=0.2928
  batch 190/264  loss=0.2981
  batch 200/264  loss=0.3271
  batch 210/264  loss=0.3557
  batch 220/264  loss=0.3114
  batch 230/264  loss=0.3464
  batch 240/264  loss=0.4515
  batch 250/264  loss=0.3168
  batch 260/264  loss=0.3370
Epoch 284/300  train=3.515e-01  rmse=2.4487  lr=2.5e-05  232s
  batch 10/264  loss=0.4540
  batch 20/264  loss=0.3067
  batch 30/264  loss=0.3434
  batch 40/264  loss=0.2740
  batch 50/264  loss=0.3438
  batch 60/264  loss=0.2814
  batch 70/264  loss=0.4183
  batch 80/264  loss=0.3361
  batch 90/264  loss=0.3238
  batch 100/264  loss=0.3008
  batch 110/264  loss=0.3382
  batch 120/264  loss=0.4097
  batch 130/264  loss=0.2918
  batch 140/264  loss=0.3148
  batch 150/264  loss=0.4338
  batch 160/264  loss=0.3119
  batch 170/264  loss=0.3312
  batch 180/264  loss=0.4846
  batch 190/264  loss=0.3935
  batch 200/264  loss=0.3903
  batch 210/264  loss=0.3939
  batch 220/264  loss=0.2772
  batch 230/264  loss=0.4091
  batch 240/264  loss=0.4427
  batch 250/264  loss=0.3151
  batch 260/264  loss=0.5465
Epoch 285/300  train=3.491e-01  rmse=3.1728  lr=2.5e-05  233s
  -> best  monitor=3.491e-01
  batch 10/264  loss=0.4112
  batch 20/264  loss=0.3602
  batch 30/264  loss=0.3123
  batch 40/264  loss=0.8647
  batch 50/264  loss=0.4351
  batch 60/264  loss=0.3369
  batch 70/264  loss=0.3138
  batch 80/264  loss=0.2493
  batch 90/264  loss=0.3289
  batch 100/264  loss=0.3046
  batch 110/264  loss=0.2835
  batch 120/264  loss=0.2751
  batch 130/264  loss=0.2796
  batch 140/264  loss=0.4745
  batch 150/264  loss=0.3410
  batch 160/264  loss=0.6179
  batch 170/264  loss=0.3879
  batch 180/264  loss=0.3146
  batch 190/264  loss=0.3228
  batch 200/264  loss=0.2518
  batch 210/264  loss=0.3920
  batch 220/264  loss=0.4117
  batch 230/264  loss=0.3427
  batch 240/264  loss=0.2738
  batch 250/264  loss=0.4682
  batch 260/264  loss=0.3681
Epoch 286/300  train=3.545e-01  rmse=11.1716  lr=2.5e-05  232s
  batch 10/264  loss=0.3239
  batch 20/264  loss=0.3694
  batch 30/264  loss=0.3053
  batch 40/264  loss=0.3094
  batch 50/264  loss=0.3339
  batch 60/264  loss=0.3507
  batch 70/264  loss=0.2650
  batch 80/264  loss=0.3602
  batch 90/264  loss=0.3049
  batch 100/264  loss=0.2799
  batch 110/264  loss=0.2788
  batch 120/264  loss=0.3483
  batch 130/264  loss=0.3275
  batch 140/264  loss=0.3703
  batch 150/264  loss=0.3233
  batch 160/264  loss=0.3292
  batch 170/264  loss=0.4270
  batch 180/264  loss=0.3285
  batch 190/264  loss=0.3050
  batch 200/264  loss=0.4010
  batch 210/264  loss=0.2673
  batch 220/264  loss=0.3434
  batch 230/264  loss=0.3387
  batch 240/264  loss=0.3125
  batch 250/264  loss=0.3325
  batch 260/264  loss=0.3544
Epoch 287/300  train=3.506e-01  rmse=2.0275  lr=1.3e-05  232s
  batch 10/264  loss=0.4588
  batch 20/264  loss=0.3713
  batch 30/264  loss=0.2988
  batch 40/264  loss=0.4369
  batch 50/264  loss=0.3053
  batch 60/264  loss=0.3473
  batch 70/264  loss=0.3776
  batch 80/264  loss=0.3040
  batch 90/264  loss=0.3805
  batch 100/264  loss=0.4506
  batch 110/264  loss=0.2983
  batch 120/264  loss=0.4175
  batch 130/264  loss=0.3686
  batch 140/264  loss=0.2860
  batch 150/264  loss=0.2931
  batch 160/264  loss=0.2450
  batch 170/264  loss=0.3412
  batch 180/264  loss=0.3042
  batch 190/264  loss=0.4613
  batch 200/264  loss=0.3006
  batch 210/264  loss=0.2848
  batch 220/264  loss=0.3361
  batch 230/264  loss=0.4642
  batch 240/264  loss=0.4690
  batch 250/264  loss=0.2923
  batch 260/264  loss=0.3036
Epoch 288/300  train=3.472e-01  rmse=2.7435  lr=1.3e-05  233s
  -> best  monitor=3.472e-01
  batch 10/264  loss=0.3074
  batch 20/264  loss=0.4009
  batch 30/264  loss=0.3047
  batch 40/264  loss=0.3486
  batch 50/264  loss=0.2497
  batch 60/264  loss=0.3652
  batch 70/264  loss=0.3435
  batch 80/264  loss=0.3208
  batch 90/264  loss=0.3477
  batch 100/264  loss=0.3128
  batch 110/264  loss=0.3398
  batch 120/264  loss=0.3269
  batch 130/264  loss=0.4123
  batch 140/264  loss=0.4465
  batch 150/264  loss=0.2742
  batch 160/264  loss=0.3301
  batch 170/264  loss=0.4972
  batch 180/264  loss=0.2829
  batch 190/264  loss=0.5667
  batch 200/264  loss=0.3396
  batch 210/264  loss=0.2512
  batch 220/264  loss=0.3415
  batch 230/264  loss=0.3051
  batch 240/264  loss=0.3339
  batch 250/264  loss=0.3907
  batch 260/264  loss=0.2615
Epoch 289/300  train=3.523e-01  rmse=1.7310  lr=1.3e-05  232s
  batch 10/264  loss=0.2848
  batch 20/264  loss=0.3571
  batch 30/264  loss=0.3749
  batch 40/264  loss=0.4191
  batch 50/264  loss=0.3081
  batch 60/264  loss=0.2901
  batch 70/264  loss=0.3220
  batch 80/264  loss=0.4321
  batch 90/264  loss=0.3144
  batch 100/264  loss=0.2804
  batch 110/264  loss=0.3626
  batch 120/264  loss=0.3856
  batch 130/264  loss=0.4017
  batch 140/264  loss=0.2664
  batch 150/264  loss=0.3168
  batch 160/264  loss=0.3989
  batch 170/264  loss=0.2896
  batch 180/264  loss=0.3143
  batch 190/264  loss=0.2864
  batch 200/264  loss=0.2789
  batch 210/264  loss=0.3047
  batch 220/264  loss=0.2996
  batch 230/264  loss=0.2876
  batch 240/264  loss=0.4185
  batch 250/264  loss=0.2751
  batch 260/264  loss=0.2976
Epoch 290/300  train=3.472e-01  rmse=5.4763  lr=1.3e-05  232s
  batch 10/264  loss=0.4345
  batch 20/264  loss=0.3203
  batch 30/264  loss=0.3009
  batch 40/264  loss=0.3073
  batch 50/264  loss=0.3174
  batch 60/264  loss=0.3389
  batch 70/264  loss=0.3369
  batch 80/264  loss=0.4631
  batch 90/264  loss=0.4684
  batch 100/264  loss=0.3506
  batch 110/264  loss=0.2796
  batch 120/264  loss=0.3672
  batch 130/264  loss=0.3100
  batch 140/264  loss=0.3929
  batch 150/264  loss=0.2912
  batch 160/264  loss=0.4430
  batch 170/264  loss=0.3236
  batch 180/264  loss=0.4568
  batch 190/264  loss=0.2973
  batch 200/264  loss=0.3000
  batch 210/264  loss=0.4968
  batch 220/264  loss=0.3957
  batch 230/264  loss=0.3580
  batch 240/264  loss=0.3254
  batch 250/264  loss=0.2895
  batch 260/264  loss=0.4297
Epoch 291/300  train=3.498e-01  rmse=2.9256  lr=1.3e-05  232s
  batch 10/264  loss=0.4153
  batch 20/264  loss=0.3667
  batch 30/264  loss=0.3580
  batch 40/264  loss=0.3528
  batch 50/264  loss=0.3117
  batch 60/264  loss=0.2626
  batch 70/264  loss=0.3124
  batch 80/264  loss=0.3636
  batch 90/264  loss=0.3638
  batch 100/264  loss=0.4682
  batch 110/264  loss=0.2838
  batch 120/264  loss=0.3816
  batch 130/264  loss=0.3156
  batch 140/264  loss=0.2796
  batch 150/264  loss=0.3068
  batch 160/264  loss=0.3536
  batch 170/264  loss=0.3604
  batch 180/264  loss=0.3432
  batch 190/264  loss=0.2930
  batch 200/264  loss=0.4531
  batch 210/264  loss=0.3408
  batch 220/264  loss=0.2802
  batch 230/264  loss=0.2999
  batch 240/264  loss=0.4417
  batch 250/264  loss=0.2741
  batch 260/264  loss=0.3202
Epoch 292/300  train=3.527e-01  rmse=2.9481  lr=1.3e-05  232s
  batch 10/264  loss=0.3264
  batch 20/264  loss=0.3079
  batch 30/264  loss=0.3503
  batch 40/264  loss=0.3716
  batch 50/264  loss=0.3560
  batch 60/264  loss=0.3298
  batch 70/264  loss=0.2738
  batch 80/264  loss=0.2883
  batch 90/264  loss=0.3974
  batch 100/264  loss=0.3953
  batch 110/264  loss=0.3106
  batch 120/264  loss=0.3543
  batch 130/264  loss=0.2634
  batch 140/264  loss=0.3053
  batch 150/264  loss=0.3404
  batch 160/264  loss=0.3497
  batch 170/264  loss=0.2875
  batch 180/264  loss=0.3346
  batch 190/264  loss=0.3510
  batch 200/264  loss=0.3568
  batch 210/264  loss=0.3204
  batch 220/264  loss=0.3277
  batch 230/264  loss=0.3530
  batch 240/264  loss=0.2540
  batch 250/264  loss=0.2810
  batch 260/264  loss=0.3055
Epoch 293/300  train=3.460e-01  rmse=5.2818  lr=1.3e-05  232s
  -> best  monitor=3.460e-01
  batch 10/264  loss=0.4606
  batch 20/264  loss=0.3615
  batch 30/264  loss=0.3504
  batch 40/264  loss=0.3547
  batch 50/264  loss=0.2773
  batch 60/264  loss=0.2961
  batch 70/264  loss=0.2925
  batch 80/264  loss=0.4096
  batch 90/264  loss=0.3770
  batch 100/264  loss=0.4172
  batch 110/264  loss=0.3779
  batch 120/264  loss=0.3749
  batch 130/264  loss=0.3354
  batch 140/264  loss=0.3051
  batch 150/264  loss=0.5023
  batch 160/264  loss=0.3119
  batch 170/264  loss=0.2812
  batch 180/264  loss=0.2919
  batch 190/264  loss=0.3216
  batch 200/264  loss=0.4387
  batch 210/264  loss=0.2895
  batch 220/264  loss=0.3127
  batch 230/264  loss=0.4373
  batch 240/264  loss=0.2714
  batch 250/264  loss=0.4428
  batch 260/264  loss=0.3334
Epoch 294/300  train=3.458e-01  rmse=1.6925  lr=1.3e-05  232s
  -> best  monitor=3.458e-01
  batch 10/264  loss=0.4307
  batch 20/264  loss=0.4599
  batch 30/264  loss=0.3045
  batch 40/264  loss=0.4790
  batch 50/264  loss=0.3687
  batch 60/264  loss=0.2563
  batch 70/264  loss=0.3355
  batch 80/264  loss=0.3150
  batch 90/264  loss=0.2823
  batch 100/264  loss=0.3444
  batch 110/264  loss=0.3380
  batch 120/264  loss=0.2955
  batch 130/264  loss=0.5108
  batch 140/264  loss=0.3215
  batch 150/264  loss=0.3708
  batch 160/264  loss=0.4475
  batch 170/264  loss=0.3260
  batch 180/264  loss=0.2953
  batch 190/264  loss=0.2959
  batch 200/264  loss=0.2494
  batch 210/264  loss=0.2687
  batch 220/264  loss=0.2700
  batch 230/264  loss=0.2679
  batch 240/264  loss=0.4138
  batch 250/264  loss=0.4421
  batch 260/264  loss=0.2871
Epoch 295/300  train=3.494e-01  rmse=2.4707  lr=1.3e-05  231s
  batch 10/264  loss=0.2885
  batch 20/264  loss=0.2740
  batch 30/264  loss=0.2850
  batch 40/264  loss=0.3996
  batch 50/264  loss=0.4539
  batch 60/264  loss=0.4368
  batch 70/264  loss=0.5505
  batch 80/264  loss=0.3568
  batch 90/264  loss=0.3650
  batch 100/264  loss=0.3349
  batch 110/264  loss=0.3894
  batch 120/264  loss=0.3069
  batch 130/264  loss=0.3055
  batch 140/264  loss=0.2449
  batch 150/264  loss=0.3321
  batch 160/264  loss=0.3555
  batch 170/264  loss=0.3226
  batch 180/264  loss=0.3427
  batch 190/264  loss=0.2638
  batch 200/264  loss=0.3748
  batch 210/264  loss=0.2686
  batch 220/264  loss=0.2704
  batch 230/264  loss=0.2934
  batch 240/264  loss=0.3960
  batch 250/264  loss=0.4380
  batch 260/264  loss=0.2866
Epoch 296/300  train=3.490e-01  rmse=2.4932  lr=1.3e-05  232s
  batch 10/264  loss=0.2976
  batch 20/264  loss=0.3943
  batch 30/264  loss=0.3664
  batch 40/264  loss=0.3410
  batch 50/264  loss=0.3688
  batch 60/264  loss=0.2881
  batch 70/264  loss=0.3670
  batch 80/264  loss=0.3123
  batch 90/264  loss=0.2711
  batch 100/264  loss=0.4622
  batch 110/264  loss=0.2670
  batch 120/264  loss=0.4192
  batch 130/264  loss=0.3700
  batch 140/264  loss=0.2430
  batch 150/264  loss=0.3019
  batch 160/264  loss=0.3284
  batch 170/264  loss=0.5243
  batch 180/264  loss=0.4650
  batch 190/264  loss=0.4802
  batch 200/264  loss=0.3068
  batch 210/264  loss=0.2982
  batch 220/264  loss=0.2622
  batch 230/264  loss=0.3287
  batch 240/264  loss=0.3263
  batch 250/264  loss=0.2941
  batch 260/264  loss=0.3383
Epoch 297/300  train=3.462e-01  rmse=2.1998  lr=1.3e-05  232s
  batch 10/264  loss=0.3622
  batch 20/264  loss=0.4083
  batch 30/264  loss=0.2813
  batch 40/264  loss=0.3489
  batch 50/264  loss=0.4032
  batch 60/264  loss=0.3262
  batch 70/264  loss=0.3601
  batch 80/264  loss=0.2534
  batch 90/264  loss=0.3347
  batch 100/264  loss=0.3725
  batch 110/264  loss=0.3524
  batch 120/264  loss=0.5043
  batch 130/264  loss=0.3387
  batch 140/264  loss=0.3032
  batch 150/264  loss=0.3962
  batch 160/264  loss=0.4151
  batch 170/264  loss=0.4249
  batch 180/264  loss=0.3425
  batch 190/264  loss=0.6092
  batch 200/264  loss=0.3148
  batch 210/264  loss=0.2957
  batch 220/264  loss=0.3329
  batch 230/264  loss=0.2495
  batch 240/264  loss=0.3029
  batch 250/264  loss=0.4268
  batch 260/264  loss=0.3056
Epoch 298/300  train=3.549e-01  rmse=2.6818  lr=1.3e-05  232s
  batch 10/264  loss=0.3622
  batch 20/264  loss=0.3139
  batch 30/264  loss=0.3365
  batch 40/264  loss=0.2963
  batch 50/264  loss=0.3053
  batch 60/264  loss=0.4096
  batch 70/264  loss=0.3269
  batch 80/264  loss=0.3035
  batch 90/264  loss=0.2876
  batch 100/264  loss=0.4053
  batch 110/264  loss=0.2904
  batch 120/264  loss=0.4380
  batch 130/264  loss=0.3072
  batch 140/264  loss=0.5196
  batch 150/264  loss=0.3810
  batch 160/264  loss=0.3207
  batch 170/264  loss=0.4442
  batch 180/264  loss=0.2860
  batch 190/264  loss=0.3765
  batch 200/264  loss=0.2777
  batch 210/264  loss=0.2483
  batch 220/264  loss=0.3169
  batch 230/264  loss=0.3369
  batch 240/264  loss=0.3064
  batch 250/264  loss=0.4020
  batch 260/264  loss=0.2945
Epoch 299/300  train=3.485e-01  rmse=1.6165  lr=1.3e-05  233s
  batch 10/264  loss=0.2860
  batch 20/264  loss=0.3545
  batch 30/264  loss=0.3226
  batch 40/264  loss=0.3665
  batch 50/264  loss=0.2938
  batch 60/264  loss=0.3817
  batch 70/264  loss=0.2621
  batch 80/264  loss=0.4337
  batch 90/264  loss=0.3607
  batch 100/264  loss=0.3336
  batch 110/264  loss=0.2899
  batch 120/264  loss=0.3609
  batch 130/264  loss=0.2934
  batch 140/264  loss=0.4146
  batch 150/264  loss=0.2543
  batch 160/264  loss=0.3698
  batch 170/264  loss=0.2987
  batch 180/264  loss=0.3041
  batch 190/264  loss=0.2839
  batch 200/264  loss=0.3402
  batch 210/264  loss=0.3397
  batch 220/264  loss=0.3094
  batch 230/264  loss=0.3671
  batch 240/264  loss=0.3120
  batch 250/264  loss=0.3411
  batch 260/264  loss=0.3671
Epoch 300/300  train=3.477e-01  rmse=2.3744  lr=1.3e-05  232s

Test evaluation (best checkpoint)...
Test (RMSE / MAE in μg/m³):
  total: 0.489168
  main: 0.034116
  nonneg: 0.000000
  smooth: 0.000000
  anom: 0.020139
  grad: 0.000560
  pattern: 0.125067
  spectral: 0.309286
  var: 0.000000
  rmse: 0.822295
  rmse_low: 1.071996
  rmse_high: 0.372188
  mae: 0.426010

  z  Height(m)        R²
--------------------------
  0       15.0    0.8316  <- ~0-100m
  1       25.0    0.8218  <- ~0-100m
  2       35.0    0.8520  <- ~0-100m
  3       45.0    0.8736  <- ~0-100m
  4       55.0    0.8843  <- ~0-100m
  5       75.0    0.9264  <- ~0-100m
  6       95.0    0.9493  <- ~0-100m
  7      115.0    0.9618  <- ~0-100m
  8      135.0    0.9673
  9      155.0    0.9710
 10      175.0    0.9735
 11      195.0    0.9747
