Device: cuda
Building datasets...
Temporal split:  train=264  val=0  test=72
Fitting normalisation on 264 samples...
  50/264
  100/264
  150/264
  200/264
  250/264
Done.
  emission  mean=5.6840  std=1.1291
  pm25      per-level  mean[0]=2.3826e+00  mean[-1]=1.1283e+00
Model: UNet3D  base_ch=16  params: 1,598,466
No val set — using train loss for scheduler and checkpoint selection.

Training for 300 epochs...
  batch 10/264  loss=2.7227
  batch 20/264  loss=4.1634
  batch 30/264  loss=1.9996
  batch 40/264  loss=3.0207
  batch 50/264  loss=2.3895
  batch 60/264  loss=2.2091
  batch 70/264  loss=1.2872
  batch 80/264  loss=1.3158
  batch 90/264  loss=3.7429
  batch 100/264  loss=4.8193
  batch 110/264  loss=1.3006
  batch 120/264  loss=1.1618
  batch 130/264  loss=1.1710
  batch 140/264  loss=1.2568
  batch 150/264  loss=2.1886
  batch 160/264  loss=1.9509
  batch 170/264  loss=0.9764
  batch 180/264  loss=3.0793
  batch 190/264  loss=2.6566
  batch 200/264  loss=1.1241
  batch 210/264  loss=1.9342
  batch 220/264  loss=1.5186
  batch 230/264  loss=1.6601
  batch 240/264  loss=1.5040
  batch 250/264  loss=1.9531
  batch 260/264  loss=1.2357
Epoch   1/300  train=2.137e+00  rmse=4.5814  lr=1.0e-04  251s
  -> best  monitor=2.137e+00
  batch 10/264  loss=1.5000
  batch 20/264  loss=2.7664
  batch 30/264  loss=2.6290
  batch 40/264  loss=4.9767
  batch 50/264  loss=1.0483
  batch 60/264  loss=1.1869
  batch 70/264  loss=1.0676
  batch 80/264  loss=1.6354
  batch 90/264  loss=2.1117
  batch 100/264  loss=0.8469
  batch 110/264  loss=1.1005
  batch 120/264  loss=0.8657
  batch 130/264  loss=1.2658
  batch 140/264  loss=1.5183
  batch 150/264  loss=3.6119
  batch 160/264  loss=1.2023
  batch 170/264  loss=3.9546
  batch 180/264  loss=1.4920
  batch 190/264  loss=1.6069
  batch 200/264  loss=1.6785
  batch 210/264  loss=2.3835
  batch 220/264  loss=1.9506
  batch 230/264  loss=0.8951
  batch 240/264  loss=1.8779
  batch 250/264  loss=0.9244
  batch 260/264  loss=1.3250
Epoch   2/300  train=1.756e+00  rmse=4.2435  lr=1.0e-04  228s
  -> best  monitor=1.756e+00
  batch 10/264  loss=1.3179
  batch 20/264  loss=0.9900
  batch 30/264  loss=3.5609
  batch 40/264  loss=0.8881
  batch 50/264  loss=1.0839
  batch 60/264  loss=0.9971
  batch 70/264  loss=0.9780
  batch 80/264  loss=2.2610
  batch 90/264  loss=1.9192
  batch 100/264  loss=0.9800
  batch 110/264  loss=1.2386
  batch 120/264  loss=2.2718
  batch 130/264  loss=1.1477
  batch 140/264  loss=2.1532
  batch 150/264  loss=1.0520
  batch 160/264  loss=1.5111
  batch 170/264  loss=1.6186
  batch 180/264  loss=1.5530
  batch 190/264  loss=1.7783
  batch 200/264  loss=0.8485
  batch 210/264  loss=3.0927
  batch 220/264  loss=1.1017
  batch 230/264  loss=1.1445
  batch 240/264  loss=1.1071
  batch 250/264  loss=1.3234
  batch 260/264  loss=1.2275
Epoch   3/300  train=1.551e+00  rmse=4.0013  lr=1.0e-04  227s
  -> best  monitor=1.551e+00
  batch 10/264  loss=1.3541
  batch 20/264  loss=1.8040
  batch 30/264  loss=1.6997
  batch 40/264  loss=1.0881
  batch 50/264  loss=1.3382
  batch 60/264  loss=1.0084
  batch 70/264  loss=0.8578
  batch 80/264  loss=0.9493
  batch 90/264  loss=0.8712
  batch 100/264  loss=0.8732
  batch 110/264  loss=1.3833
  batch 120/264  loss=1.9097
  batch 130/264  loss=0.9794
  batch 140/264  loss=0.8758
  batch 150/264  loss=0.8766
  batch 160/264  loss=2.4304
  batch 170/264  loss=0.6310
  batch 180/264  loss=3.1006
  batch 190/264  loss=0.9183
  batch 200/264  loss=1.2649
  batch 210/264  loss=0.8600
  batch 220/264  loss=2.6270
  batch 230/264  loss=0.6630
  batch 240/264  loss=2.1977
  batch 250/264  loss=1.0754
  batch 260/264  loss=1.1649
Epoch   4/300  train=1.436e+00  rmse=3.8079  lr=1.0e-04  228s
  -> best  monitor=1.436e+00
  batch 10/264  loss=1.2665
  batch 20/264  loss=1.3412
  batch 30/264  loss=1.1555
  batch 40/264  loss=2.5472
  batch 50/264  loss=1.4836
  batch 60/264  loss=2.6279
  batch 70/264  loss=0.6599
  batch 80/264  loss=0.5753
  batch 90/264  loss=0.7045
  batch 100/264  loss=1.0886
  batch 110/264  loss=0.9875
  batch 120/264  loss=0.9833
  batch 130/264  loss=1.5858
  batch 140/264  loss=2.9469
  batch 150/264  loss=0.7942
  batch 160/264  loss=0.6020
  batch 170/264  loss=2.4095
  batch 180/264  loss=0.8938
  batch 190/264  loss=0.7571
  batch 200/264  loss=2.6485
  batch 210/264  loss=0.9153
  batch 220/264  loss=1.7091
  batch 230/264  loss=0.6892
  batch 240/264  loss=0.7430
  batch 250/264  loss=0.6060
  batch 260/264  loss=1.1478
Epoch   5/300  train=1.337e+00  rmse=3.6286  lr=1.0e-04  229s
  -> best  monitor=1.337e+00
  batch 10/264  loss=1.5806
  batch 20/264  loss=1.2322
  batch 30/264  loss=0.8808
  batch 40/264  loss=0.6074
  batch 50/264  loss=0.9819
  batch 60/264  loss=1.3604
  batch 70/264  loss=1.0702
  batch 80/264  loss=1.2139
  batch 90/264  loss=1.3026
  batch 100/264  loss=2.2233
  batch 110/264  loss=0.8909
  batch 120/264  loss=2.2523
  batch 130/264  loss=0.6374
  batch 140/264  loss=1.6544
  batch 150/264  loss=1.5094
  batch 160/264  loss=1.5958
  batch 170/264  loss=0.5579
  batch 180/264  loss=0.8302
  batch 190/264  loss=2.4264
  batch 200/264  loss=0.7678
  batch 210/264  loss=0.7966
  batch 220/264  loss=1.5261
  batch 230/264  loss=0.8670
  batch 240/264  loss=1.0488
  batch 250/264  loss=0.7125
  batch 260/264  loss=1.0859
Epoch   6/300  train=1.268e+00  rmse=3.4906  lr=1.0e-04  228s
  -> best  monitor=1.268e+00
  batch 10/264  loss=2.6132
  batch 20/264  loss=0.6344
  batch 30/264  loss=1.6009
  batch 40/264  loss=1.1180
  batch 50/264  loss=0.9906
  batch 60/264  loss=2.1144
  batch 70/264  loss=2.5103
  batch 80/264  loss=1.4471
  batch 90/264  loss=0.9378
  batch 100/264  loss=1.1101
  batch 110/264  loss=1.0710
  batch 120/264  loss=1.2934
  batch 130/264  loss=0.7368
  batch 140/264  loss=1.9441
  batch 150/264  loss=1.0898
  batch 160/264  loss=0.5789
  batch 170/264  loss=1.1818
  batch 180/264  loss=0.5337
  batch 190/264  loss=2.2421
  batch 200/264  loss=0.8558
  batch 210/264  loss=1.6828
  batch 220/264  loss=1.6189
  batch 230/264  loss=1.0945
  batch 240/264  loss=0.7818
  batch 250/264  loss=1.7361
  batch 260/264  loss=0.8403
Epoch   7/300  train=1.207e+00  rmse=3.4041  lr=1.0e-04  228s
  -> best  monitor=1.207e+00
  batch 10/264  loss=2.1356
  batch 20/264  loss=0.8612
  batch 30/264  loss=1.1373
  batch 40/264  loss=1.1534
  batch 50/264  loss=0.6902
  batch 60/264  loss=0.8455
  batch 70/264  loss=0.8338
  batch 80/264  loss=1.4350
  batch 90/264  loss=0.9143
  batch 100/264  loss=0.7854
  batch 110/264  loss=1.0355
  batch 120/264  loss=0.7213
  batch 130/264  loss=1.2277
  batch 140/264  loss=0.7984
  batch 150/264  loss=1.1413
  batch 160/264  loss=1.1196
  batch 170/264  loss=0.8390
  batch 180/264  loss=0.9065
  batch 190/264  loss=0.5691
  batch 200/264  loss=2.1240
  batch 210/264  loss=1.1597
  batch 220/264  loss=1.4092
  batch 230/264  loss=1.4442
  batch 240/264  loss=1.5797
  batch 250/264  loss=0.8650
  batch 260/264  loss=2.1113
Epoch   8/300  train=1.130e+00  rmse=3.2602  lr=1.0e-04  229s
  -> best  monitor=1.130e+00
  batch 10/264  loss=0.7999
  batch 20/264  loss=1.6848
  batch 30/264  loss=0.5358
  batch 40/264  loss=0.5456
  batch 50/264  loss=0.5386
  batch 60/264  loss=0.7308
  batch 70/264  loss=0.6251
  batch 80/264  loss=0.5589
  batch 90/264  loss=0.5315
  batch 100/264  loss=0.8439
  batch 110/264  loss=0.6940
  batch 120/264  loss=0.6820
  batch 130/264  loss=1.0175
  batch 140/264  loss=1.2731
  batch 150/264  loss=0.6798
  batch 160/264  loss=1.8938
  batch 170/264  loss=1.2595
  batch 180/264  loss=0.6777
  batch 190/264  loss=0.6287
  batch 200/264  loss=1.0586
  batch 210/264  loss=1.8343
  batch 220/264  loss=0.5621
  batch 230/264  loss=0.7053
  batch 240/264  loss=0.7457
  batch 250/264  loss=1.1131
  batch 260/264  loss=0.7278
Epoch   9/300  train=1.087e+00  rmse=3.2055  lr=1.0e-04  229s
  -> best  monitor=1.087e+00
  batch 10/264  loss=0.6649
  batch 20/264  loss=0.7726
  batch 30/264  loss=0.7815
  batch 40/264  loss=1.1228
  batch 50/264  loss=1.1243
  batch 60/264  loss=0.9955
  batch 70/264  loss=0.7904
  batch 80/264  loss=0.6324
  batch 90/264  loss=0.7090
  batch 100/264  loss=0.5587
  batch 110/264  loss=0.6587
  batch 120/264  loss=0.8113
  batch 130/264  loss=1.0984
  batch 140/264  loss=2.6695
  batch 150/264  loss=0.9499
  batch 160/264  loss=0.9629
  batch 170/264  loss=0.7169
  batch 180/264  loss=3.3860
  batch 190/264  loss=1.1796
  batch 200/264  loss=0.7357
  batch 210/264  loss=1.3830
  batch 220/264  loss=0.7058
  batch 230/264  loss=0.8233
  batch 240/264  loss=1.9341
  batch 250/264  loss=0.8047
  batch 260/264  loss=1.1473
Epoch  10/300  train=1.035e+00  rmse=3.0855  lr=1.0e-04  229s
  -> best  monitor=1.035e+00
  batch 10/264  loss=1.0677
  batch 20/264  loss=0.8988
  batch 30/264  loss=0.6294
  batch 40/264  loss=0.5728
  batch 50/264  loss=1.0272
  batch 60/264  loss=0.5688
  batch 70/264  loss=1.0487
  batch 80/264  loss=0.6098
  batch 90/264  loss=0.9052
  batch 100/264  loss=1.0696
  batch 110/264  loss=0.5938
  batch 120/264  loss=0.8149
  batch 130/264  loss=2.7002
  batch 140/264  loss=0.8628
  batch 150/264  loss=1.0506
  batch 160/264  loss=0.6278
  batch 170/264  loss=0.7414
  batch 180/264  loss=1.3842
  batch 190/264  loss=1.8153
  batch 200/264  loss=0.5430
  batch 210/264  loss=1.6721
  batch 220/264  loss=0.8683
  batch 230/264  loss=2.2689
  batch 240/264  loss=0.5814
  batch 250/264  loss=0.7494
  batch 260/264  loss=0.6933
Epoch  11/300  train=1.015e+00  rmse=3.0383  lr=1.0e-04  227s
  -> best  monitor=1.015e+00
  batch 10/264  loss=0.8900
  batch 20/264  loss=0.9847
  batch 30/264  loss=0.5639
  batch 40/264  loss=1.0598
  batch 50/264  loss=1.6507
  batch 60/264  loss=0.8512
  batch 70/264  loss=0.5924
  batch 80/264  loss=0.9858
  batch 90/264  loss=1.0355
  batch 100/264  loss=0.5661
  batch 110/264  loss=0.9171
  batch 120/264  loss=0.6786
  batch 130/264  loss=0.8214
  batch 140/264  loss=0.5438
  batch 150/264  loss=0.7614
  batch 160/264  loss=0.6579
  batch 170/264  loss=0.5211
  batch 180/264  loss=0.5049
  batch 190/264  loss=1.2483
  batch 200/264  loss=0.9275
  batch 210/264  loss=1.1085
  batch 220/264  loss=0.7775
  batch 230/264  loss=1.1684
  batch 240/264  loss=1.0518
  batch 250/264  loss=1.1226
  batch 260/264  loss=1.6799
Epoch  12/300  train=9.829e-01  rmse=3.0163  lr=1.0e-04  228s
  -> best  monitor=9.829e-01
  batch 10/264  loss=1.5923
  batch 20/264  loss=2.0865
  batch 30/264  loss=0.7141
  batch 40/264  loss=1.7993
  batch 50/264  loss=0.8594
  batch 60/264  loss=1.3773
  batch 70/264  loss=1.6208
  batch 80/264  loss=0.6066
  batch 90/264  loss=0.6213
  batch 100/264  loss=0.9963
  batch 110/264  loss=0.9673
  batch 120/264  loss=0.7920
  batch 130/264  loss=0.7466
  batch 140/264  loss=1.3915
  batch 150/264  loss=0.5050
  batch 160/264  loss=0.6300
  batch 170/264  loss=0.6463
  batch 180/264  loss=0.6667
  batch 190/264  loss=0.9943
  batch 200/264  loss=1.7591
  batch 210/264  loss=1.2521
  batch 220/264  loss=0.7172
  batch 230/264  loss=0.5498
  batch 240/264  loss=0.6903
  batch 250/264  loss=0.5804
  batch 260/264  loss=0.5712
Epoch  13/300  train=9.303e-01  rmse=2.8907  lr=1.0e-04  228s
  -> best  monitor=9.303e-01
  batch 10/264  loss=1.2605
  batch 20/264  loss=1.5688
  batch 30/264  loss=0.6240
  batch 40/264  loss=1.1458
  batch 50/264  loss=1.6039
  batch 60/264  loss=1.0695
  batch 70/264  loss=0.8521
  batch 80/264  loss=1.0108
  batch 90/264  loss=1.8188
  batch 100/264  loss=0.8604
  batch 110/264  loss=0.7773
  batch 120/264  loss=0.7105
  batch 130/264  loss=0.6377
  batch 140/264  loss=0.7782
  batch 150/264  loss=0.9536
  batch 160/264  loss=0.9297
  batch 170/264  loss=0.8355
  batch 180/264  loss=0.7949
  batch 190/264  loss=0.5935
  batch 200/264  loss=0.4723
  batch 210/264  loss=0.8634
  batch 220/264  loss=1.1040
  batch 230/264  loss=0.9426
  batch 240/264  loss=0.6612
  batch 250/264  loss=0.7361
  batch 260/264  loss=0.5344
Epoch  14/300  train=9.125e-01  rmse=2.8765  lr=1.0e-04  228s
  -> best  monitor=9.125e-01
  batch 10/264  loss=0.5235
  batch 20/264  loss=0.9608
  batch 30/264  loss=0.8239
  batch 40/264  loss=0.9177
  batch 50/264  loss=0.8945
  batch 60/264  loss=0.5461
  batch 70/264  loss=0.6769
  batch 80/264  loss=0.7149
  batch 90/264  loss=0.5344
  batch 100/264  loss=0.9771
  batch 110/264  loss=0.8412
  batch 120/264  loss=0.5075
  batch 130/264  loss=0.7169
  batch 140/264  loss=0.6465
  batch 150/264  loss=0.6910
  batch 160/264  loss=0.5666
  batch 170/264  loss=0.7375
  batch 180/264  loss=1.0550
  batch 190/264  loss=0.9372
  batch 200/264  loss=1.3385
  batch 210/264  loss=0.6442
  batch 220/264  loss=0.5725
  batch 230/264  loss=0.8951
  batch 240/264  loss=0.6752
  batch 250/264  loss=0.6113
  batch 260/264  loss=1.4634
Epoch  15/300  train=8.895e-01  rmse=2.8549  lr=1.0e-04  228s
  -> best  monitor=8.895e-01
  batch 10/264  loss=0.8536
  batch 20/264  loss=0.5346
  batch 30/264  loss=1.1193
  batch 40/264  loss=0.5922
  batch 50/264  loss=1.3686
  batch 60/264  loss=1.5225
  batch 70/264  loss=0.6724
  batch 80/264  loss=0.7042
  batch 90/264  loss=1.2830
  batch 100/264  loss=1.2319
  batch 110/264  loss=0.6482
  batch 120/264  loss=0.5496
  batch 130/264  loss=0.5791
  batch 140/264  loss=0.8259
  batch 150/264  loss=1.0306
  batch 160/264  loss=0.5284
  batch 170/264  loss=0.8872
  batch 180/264  loss=0.9137
  batch 190/264  loss=0.7960
  batch 200/264  loss=1.3795
  batch 210/264  loss=0.4947
  batch 220/264  loss=0.6596
  batch 230/264  loss=0.8655
  batch 240/264  loss=0.6129
  batch 250/264  loss=0.5926
  batch 260/264  loss=0.6792
Epoch  16/300  train=8.585e-01  rmse=2.7609  lr=1.0e-04  227s
  -> best  monitor=8.585e-01
  batch 10/264  loss=0.7874
  batch 20/264  loss=0.8318
  batch 30/264  loss=0.6834
  batch 40/264  loss=1.0060
  batch 50/264  loss=0.7552
  batch 60/264  loss=0.5762
  batch 70/264  loss=0.5523
  batch 80/264  loss=0.7159
  batch 90/264  loss=1.5050
  batch 100/264  loss=0.7080
  batch 110/264  loss=1.0066
  batch 120/264  loss=0.5223
  batch 130/264  loss=0.7177
  batch 140/264  loss=0.5296
  batch 150/264  loss=0.6464
  batch 160/264  loss=0.6213
  batch 170/264  loss=0.9670
  batch 180/264  loss=0.7550
  batch 190/264  loss=0.7222
  batch 200/264  loss=1.4833
  batch 210/264  loss=0.6692
  batch 220/264  loss=1.3286
  batch 230/264  loss=1.4257
  batch 240/264  loss=0.6242
  batch 250/264  loss=0.6851
  batch 260/264  loss=1.4239
Epoch  17/300  train=8.426e-01  rmse=2.7440  lr=1.0e-04  228s
  -> best  monitor=8.426e-01
  batch 10/264  loss=0.9995
  batch 20/264  loss=0.6418
  batch 30/264  loss=0.8773
  batch 40/264  loss=1.0502
  batch 50/264  loss=0.8616
  batch 60/264  loss=0.9338
  batch 70/264  loss=0.8966
  batch 80/264  loss=0.5316
  batch 90/264  loss=0.9959
  batch 100/264  loss=1.1288
  batch 110/264  loss=0.8485
  batch 120/264  loss=0.6372
  batch 130/264  loss=0.6740
  batch 140/264  loss=1.4415
  batch 150/264  loss=0.7984
  batch 160/264  loss=0.4956
  batch 170/264  loss=0.7918
  batch 180/264  loss=1.0855
  batch 190/264  loss=1.0507
  batch 200/264  loss=0.5157
  batch 210/264  loss=0.6220
  batch 220/264  loss=0.6769
  batch 230/264  loss=1.5233
  batch 240/264  loss=0.9232
  batch 250/264  loss=0.7054
  batch 260/264  loss=0.7210
Epoch  18/300  train=8.231e-01  rmse=2.7716  lr=1.0e-04  228s
  -> best  monitor=8.231e-01
  batch 10/264  loss=1.1041
  batch 20/264  loss=0.5203
  batch 30/264  loss=0.9225
  batch 40/264  loss=0.5615
  batch 50/264  loss=0.7170
  batch 60/264  loss=1.5164
  batch 70/264  loss=0.5191
  batch 80/264  loss=0.4931
  batch 90/264  loss=0.4635
  batch 100/264  loss=0.7027
  batch 110/264  loss=0.6899
  batch 120/264  loss=0.5254
  batch 130/264  loss=1.9443
  batch 140/264  loss=0.6015
  batch 150/264  loss=0.5832
  batch 160/264  loss=0.4895
  batch 170/264  loss=0.8423
  batch 180/264  loss=1.0802
  batch 190/264  loss=1.7895
  batch 200/264  loss=1.8708
  batch 210/264  loss=0.8322
  batch 220/264  loss=0.7004
  batch 230/264  loss=0.5043
  batch 240/264  loss=0.6020
  batch 250/264  loss=0.7653
  batch 260/264  loss=0.7697
Epoch  19/300  train=8.085e-01  rmse=2.6540  lr=1.0e-04  227s
  -> best  monitor=8.085e-01
  batch 10/264  loss=0.5694
  batch 20/264  loss=0.6840
  batch 30/264  loss=0.5723
  batch 40/264  loss=0.8229
  batch 50/264  loss=0.5665
  batch 60/264  loss=1.2033
  batch 70/264  loss=0.6371
  batch 80/264  loss=1.0105
  batch 90/264  loss=1.0471
  batch 100/264  loss=1.4094
  batch 110/264  loss=0.9369
  batch 120/264  loss=1.7571
  batch 130/264  loss=1.2483
  batch 140/264  loss=0.8029
  batch 150/264  loss=1.0606
  batch 160/264  loss=0.4691
  batch 170/264  loss=0.8889
  batch 180/264  loss=0.6072
  batch 190/264  loss=0.5374
  batch 200/264  loss=0.6415
  batch 210/264  loss=1.2768
  batch 220/264  loss=0.5333
  batch 230/264  loss=0.5523
  batch 240/264  loss=0.6989
  batch 250/264  loss=0.5414
  batch 260/264  loss=0.9908
Epoch  20/300  train=8.108e-01  rmse=2.7110  lr=1.0e-04  229s
  batch 10/264  loss=0.6824
  batch 20/264  loss=0.5980
  batch 30/264  loss=0.5561
  batch 40/264  loss=1.3152
  batch 50/264  loss=0.7310
  batch 60/264  loss=0.6190
  batch 70/264  loss=1.1832
  batch 80/264  loss=0.5886
  batch 90/264  loss=1.8937
  batch 100/264  loss=0.5915
  batch 110/264  loss=0.5998
  batch 120/264  loss=0.5908
  batch 130/264  loss=1.5457
  batch 140/264  loss=0.7716
  batch 150/264  loss=0.6038
  batch 160/264  loss=0.4940
  batch 170/264  loss=0.5745
  batch 180/264  loss=0.7741
  batch 190/264  loss=1.1050
  batch 200/264  loss=0.7495
  batch 210/264  loss=0.4803
  batch 220/264  loss=0.7544
  batch 230/264  loss=0.5337
  batch 240/264  loss=0.9659
  batch 250/264  loss=0.8355
  batch 260/264  loss=0.6069
Epoch  21/300  train=7.711e-01  rmse=2.6587  lr=1.0e-04  227s
  -> best  monitor=7.711e-01
  batch 10/264  loss=0.5825
  batch 20/264  loss=0.4914
  batch 30/264  loss=0.6260
  batch 40/264  loss=0.9922
  batch 50/264  loss=0.5556
  batch 60/264  loss=0.6917
  batch 70/264  loss=0.7401
  batch 80/264  loss=0.9179
  batch 90/264  loss=0.6956
  batch 100/264  loss=0.5718
  batch 110/264  loss=1.0822
  batch 120/264  loss=1.7944
  batch 130/264  loss=0.9736
  batch 140/264  loss=1.3086
  batch 150/264  loss=0.7160
  batch 160/264  loss=0.6402
  batch 170/264  loss=0.4559
  batch 180/264  loss=0.5276
  batch 190/264  loss=0.7388
  batch 200/264  loss=1.2418
  batch 210/264  loss=0.7987
  batch 220/264  loss=0.6088
  batch 230/264  loss=0.5590
  batch 240/264  loss=0.7380
  batch 250/264  loss=0.7706
  batch 260/264  loss=0.4945
Epoch  22/300  train=7.668e-01  rmse=2.6349  lr=1.0e-04  227s
  -> best  monitor=7.668e-01
  batch 10/264  loss=1.1300
  batch 20/264  loss=0.6539
  batch 30/264  loss=0.5318
  batch 40/264  loss=0.8214
  batch 50/264  loss=0.6818
  batch 60/264  loss=0.7203
  batch 70/264  loss=0.7185
  batch 80/264  loss=1.0018
  batch 90/264  loss=0.5380
  batch 100/264  loss=0.7634
  batch 110/264  loss=0.6356
  batch 120/264  loss=0.4944
  batch 130/264  loss=0.5914
  batch 140/264  loss=0.7397
  batch 150/264  loss=0.5816
  batch 160/264  loss=0.5407
  batch 170/264  loss=1.0057
  batch 180/264  loss=0.6209
  batch 190/264  loss=0.5756
  batch 200/264  loss=0.4791
  batch 210/264  loss=0.5841
  batch 220/264  loss=1.4074
  batch 230/264  loss=0.7109
  batch 240/264  loss=0.5404
  batch 250/264  loss=0.7455
  batch 260/264  loss=0.7757
Epoch  23/300  train=7.527e-01  rmse=2.5897  lr=1.0e-04  230s
  -> best  monitor=7.527e-01
  batch 10/264  loss=0.5829
  batch 20/264  loss=0.6149
  batch 30/264  loss=0.6248
  batch 40/264  loss=0.5315
  batch 50/264  loss=0.9389
  batch 60/264  loss=0.4877
  batch 70/264  loss=0.8770
  batch 80/264  loss=1.1844
  batch 90/264  loss=0.4944
  batch 100/264  loss=0.7740
  batch 110/264  loss=1.5928
  batch 120/264  loss=0.6663
  batch 130/264  loss=0.5268
  batch 140/264  loss=0.7492
  batch 150/264  loss=1.6533
  batch 160/264  loss=0.6816
  batch 170/264  loss=0.5607
  batch 180/264  loss=0.5624
  batch 190/264  loss=1.2223
  batch 200/264  loss=0.4756
  batch 210/264  loss=0.6554
  batch 220/264  loss=0.6095
  batch 230/264  loss=0.6452
  batch 240/264  loss=0.4936
  batch 250/264  loss=0.6280
  batch 260/264  loss=0.5167
Epoch  24/300  train=7.351e-01  rmse=2.5256  lr=1.0e-04  228s
  -> best  monitor=7.351e-01
  batch 10/264  loss=0.4537
  batch 20/264  loss=0.6586
  batch 30/264  loss=0.5294
  batch 40/264  loss=0.6364
  batch 50/264  loss=0.7491
  batch 60/264  loss=0.8323
  batch 70/264  loss=0.5284
  batch 80/264  loss=0.7310
  batch 90/264  loss=0.4744
  batch 100/264  loss=0.7408
  batch 110/264  loss=0.4547
  batch 120/264  loss=0.7032
  batch 130/264  loss=0.9190
  batch 140/264  loss=0.5456
  batch 150/264  loss=0.6613
  batch 160/264  loss=0.9150
  batch 170/264  loss=1.4162
  batch 180/264  loss=0.6300
  batch 190/264  loss=1.3208
  batch 200/264  loss=0.7246
  batch 210/264  loss=0.6741
  batch 220/264  loss=0.7184
  batch 230/264  loss=0.6041
  batch 240/264  loss=0.5994
  batch 250/264  loss=0.4548
  batch 260/264  loss=0.6226
Epoch  25/300  train=7.345e-01  rmse=2.5666  lr=1.0e-04  228s
  -> best  monitor=7.345e-01
  batch 10/264  loss=0.5786
  batch 20/264  loss=0.6546
  batch 30/264  loss=0.8003
  batch 40/264  loss=0.4485
  batch 50/264  loss=0.4916
  batch 60/264  loss=0.7138
  batch 70/264  loss=0.6382
  batch 80/264  loss=0.9885
  batch 90/264  loss=0.5613
  batch 100/264  loss=0.5391
  batch 110/264  loss=0.5227
  batch 120/264  loss=0.7364
  batch 130/264  loss=0.5829
  batch 140/264  loss=0.6474
  batch 150/264  loss=1.6146
  batch 160/264  loss=0.5553
  batch 170/264  loss=0.7404
  batch 180/264  loss=0.5352
  batch 190/264  loss=0.5120
  batch 200/264  loss=0.7878
  batch 210/264  loss=0.8099
  batch 220/264  loss=0.7474
  batch 230/264  loss=0.5890
  batch 240/264  loss=0.8764
  batch 250/264  loss=0.5571
  batch 260/264  loss=0.7593
Epoch  26/300  train=7.194e-01  rmse=2.5081  lr=1.0e-04  228s
  -> best  monitor=7.194e-01
  batch 10/264  loss=0.4756
  batch 20/264  loss=1.2613
  batch 30/264  loss=0.5716
  batch 40/264  loss=0.6684
  batch 50/264  loss=0.8384
  batch 60/264  loss=0.5329
  batch 70/264  loss=0.5319
  batch 80/264  loss=0.5835
  batch 90/264  loss=0.5874
  batch 100/264  loss=0.7370
  batch 110/264  loss=0.5937
  batch 120/264  loss=0.5741
  batch 130/264  loss=1.3693
  batch 140/264  loss=0.4128
  batch 150/264  loss=0.6994
  batch 160/264  loss=0.4259
  batch 170/264  loss=0.6316
  batch 180/264  loss=0.9982
  batch 190/264  loss=0.4844
  batch 200/264  loss=1.7600
  batch 210/264  loss=1.0924
  batch 220/264  loss=0.5268
  batch 230/264  loss=0.5025
  batch 240/264  loss=0.5808
  batch 250/264  loss=0.4508
  batch 260/264  loss=0.6922
Epoch  27/300  train=7.040e-01  rmse=2.5245  lr=1.0e-04  228s
  -> best  monitor=7.040e-01
  batch 10/264  loss=0.6914
  batch 20/264  loss=0.5955
  batch 30/264  loss=1.1841
  batch 40/264  loss=0.6518
  batch 50/264  loss=0.5417
  batch 60/264  loss=0.8279
  batch 70/264  loss=1.5527
  batch 80/264  loss=0.5344
  batch 90/264  loss=0.5169
  batch 100/264  loss=0.5288
  batch 110/264  loss=1.2465
  batch 120/264  loss=0.7981
  batch 130/264  loss=0.4867
  batch 140/264  loss=0.5056
  batch 150/264  loss=0.6025
  batch 160/264  loss=0.5252
  batch 170/264  loss=0.4710
  batch 180/264  loss=0.5371
  batch 190/264  loss=0.6422
  batch 200/264  loss=1.4176
  batch 210/264  loss=0.5665
  batch 220/264  loss=0.5625
  batch 230/264  loss=0.5987
  batch 240/264  loss=0.4589
  batch 250/264  loss=0.4442
  batch 260/264  loss=0.7245
Epoch  28/300  train=7.046e-01  rmse=2.5652  lr=1.0e-04  228s
  batch 10/264  loss=0.7062
  batch 20/264  loss=1.1423
  batch 30/264  loss=0.9890
  batch 40/264  loss=0.7358
  batch 50/264  loss=0.4890
  batch 60/264  loss=0.8602
  batch 70/264  loss=0.6718
  batch 80/264  loss=1.0443
  batch 90/264  loss=0.8849
  batch 100/264  loss=0.5242
  batch 110/264  loss=0.6501
  batch 120/264  loss=0.6218
  batch 130/264  loss=0.4008
  batch 140/264  loss=0.5593
  batch 150/264  loss=1.2100
  batch 160/264  loss=1.0495
  batch 170/264  loss=0.5568
  batch 180/264  loss=0.5217
  batch 190/264  loss=0.7346
  batch 200/264  loss=0.5908
  batch 210/264  loss=0.9213
  batch 220/264  loss=0.5125
  batch 230/264  loss=0.5206
  batch 240/264  loss=0.7102
  batch 250/264  loss=0.6269
  batch 260/264  loss=0.6912
Epoch  29/300  train=6.905e-01  rmse=2.4154  lr=1.0e-04  228s
  -> best  monitor=6.905e-01
  batch 10/264  loss=0.5138
  batch 20/264  loss=1.1582
  batch 30/264  loss=1.2220
  batch 40/264  loss=0.4902
  batch 50/264  loss=0.6945
  batch 60/264  loss=0.8589
  batch 70/264  loss=0.5410
  batch 80/264  loss=0.7205
  batch 90/264  loss=0.5390
  batch 100/264  loss=0.6980
  batch 110/264  loss=0.7219
  batch 120/264  loss=0.8534
  batch 130/264  loss=0.4110
  batch 140/264  loss=2.2449
  batch 150/264  loss=0.5793
  batch 160/264  loss=0.4614
  batch 170/264  loss=1.3010
  batch 180/264  loss=0.4930
  batch 190/264  loss=0.6504
  batch 200/264  loss=0.8592
  batch 210/264  loss=0.5965
  batch 220/264  loss=0.5736
  batch 230/264  loss=0.5699
  batch 240/264  loss=0.9321
  batch 250/264  loss=0.5425
  batch 260/264  loss=0.5865
Epoch  30/300  train=6.756e-01  rmse=2.4058  lr=1.0e-04  229s
  -> best  monitor=6.756e-01
  batch 10/264  loss=0.5512
  batch 20/264  loss=0.5292
  batch 30/264  loss=0.5588
  batch 40/264  loss=0.4201
  batch 50/264  loss=1.3011
  batch 60/264  loss=0.5762
  batch 70/264  loss=0.6030
  batch 80/264  loss=0.6650
  batch 90/264  loss=0.9834
  batch 100/264  loss=0.4863
  batch 110/264  loss=0.6846
  batch 120/264  loss=0.6496
  batch 130/264  loss=1.4582
  batch 140/264  loss=0.8055
  batch 150/264  loss=1.2046
  batch 160/264  loss=0.6244
  batch 170/264  loss=0.6056
  batch 180/264  loss=0.5089
  batch 190/264  loss=0.4729
  batch 200/264  loss=0.6786
  batch 210/264  loss=0.6594
  batch 220/264  loss=0.6074
  batch 230/264  loss=0.8264
  batch 240/264  loss=0.6129
  batch 250/264  loss=0.5273
  batch 260/264  loss=0.6509
Epoch  31/300  train=6.796e-01  rmse=2.4141  lr=1.0e-04  228s
  batch 10/264  loss=0.5704
  batch 20/264  loss=0.4172
  batch 30/264  loss=0.8309
  batch 40/264  loss=0.5768
  batch 50/264  loss=0.5333
  batch 60/264  loss=0.5085
  batch 70/264  loss=0.4869
  batch 80/264  loss=0.6739
  batch 90/264  loss=0.7345
  batch 100/264  loss=0.5488
  batch 110/264  loss=1.3157
  batch 120/264  loss=0.5485
  batch 130/264  loss=0.5765
  batch 140/264  loss=1.0867
  batch 150/264  loss=0.5518
  batch 160/264  loss=0.6565
  batch 170/264  loss=0.7971
  batch 180/264  loss=0.5910
  batch 190/264  loss=0.7233
  batch 200/264  loss=0.7590
  batch 210/264  loss=0.9747
  batch 220/264  loss=0.4079
  batch 230/264  loss=0.6569
  batch 240/264  loss=0.5137
  batch 250/264  loss=0.7360
  batch 260/264  loss=0.4819
Epoch  32/300  train=6.760e-01  rmse=2.4554  lr=1.0e-04  228s
  batch 10/264  loss=0.5155
  batch 20/264  loss=0.5525
  batch 30/264  loss=0.6084
  batch 40/264  loss=0.5753
  batch 50/264  loss=1.1826
  batch 60/264  loss=0.4260
  batch 70/264  loss=0.4653
  batch 80/264  loss=0.4206
  batch 90/264  loss=0.5815
  batch 100/264  loss=0.5469
  batch 110/264  loss=0.4525
  batch 120/264  loss=0.4082
  batch 130/264  loss=0.7850
  batch 140/264  loss=0.5963
  batch 150/264  loss=0.5982
  batch 160/264  loss=0.5190
  batch 170/264  loss=0.4363
  batch 180/264  loss=0.7585
  batch 190/264  loss=0.4657
  batch 200/264  loss=0.6355
  batch 210/264  loss=1.2772
  batch 220/264  loss=1.2331
  batch 230/264  loss=0.6680
  batch 240/264  loss=0.8243
  batch 250/264  loss=0.6404
  batch 260/264  loss=0.5758
Epoch  33/300  train=6.607e-01  rmse=2.3994  lr=1.0e-04  228s
  -> best  monitor=6.607e-01
  batch 10/264  loss=0.6539
  batch 20/264  loss=0.4435
  batch 30/264  loss=0.7942
  batch 40/264  loss=0.5813
  batch 50/264  loss=0.5944
  batch 60/264  loss=0.4617
  batch 70/264  loss=0.6830
  batch 80/264  loss=0.6132
  batch 90/264  loss=0.6736
  batch 100/264  loss=1.0991
  batch 110/264  loss=0.7939
  batch 120/264  loss=0.6870
  batch 130/264  loss=0.6169
  batch 140/264  loss=0.4918
  batch 150/264  loss=0.5292
  batch 160/264  loss=1.0451
  batch 170/264  loss=0.6780
  batch 180/264  loss=0.4535
  batch 190/264  loss=0.5737
  batch 200/264  loss=0.5275
  batch 210/264  loss=0.4795
  batch 220/264  loss=0.5035
  batch 230/264  loss=0.5793
  batch 240/264  loss=0.6999
  batch 250/264  loss=0.7153
  batch 260/264  loss=0.4811
Epoch  34/300  train=6.514e-01  rmse=2.3013  lr=1.0e-04  229s
  -> best  monitor=6.514e-01
  batch 10/264  loss=0.9994
  batch 20/264  loss=0.5942
  batch 30/264  loss=1.0380
  batch 40/264  loss=0.8475
  batch 50/264  loss=0.4629
  batch 60/264  loss=0.7238
  batch 70/264  loss=0.5600
  batch 80/264  loss=0.4938
  batch 90/264  loss=0.8635
  batch 100/264  loss=0.7510
  batch 110/264  loss=0.6209
  batch 120/264  loss=0.4422
  batch 130/264  loss=0.4823
  batch 140/264  loss=0.5807
  batch 150/264  loss=0.6761
  batch 160/264  loss=0.8285
  batch 170/264  loss=0.6632
  batch 180/264  loss=0.5448
  batch 190/264  loss=0.7829
  batch 200/264  loss=1.0594
  batch 210/264  loss=0.4361
  batch 220/264  loss=0.4747
  batch 230/264  loss=1.1236
  batch 240/264  loss=0.7767
  batch 250/264  loss=0.7720
  batch 260/264  loss=0.7982
Epoch  35/300  train=6.555e-01  rmse=2.3999  lr=1.0e-04  228s
  batch 10/264  loss=0.5115
  batch 20/264  loss=0.6861
  batch 30/264  loss=0.4952
  batch 40/264  loss=0.5579
  batch 50/264  loss=0.7449
  batch 60/264  loss=0.5171
  batch 70/264  loss=1.0911
  batch 80/264  loss=0.6446
  batch 90/264  loss=0.8124
  batch 100/264  loss=0.5445
  batch 110/264  loss=0.4726
  batch 120/264  loss=0.4499
  batch 130/264  loss=0.4400
  batch 140/264  loss=0.6320
  batch 150/264  loss=0.4854
  batch 160/264  loss=0.5378
  batch 170/264  loss=0.8332
  batch 180/264  loss=0.4371
  batch 190/264  loss=0.5243
  batch 200/264  loss=0.4728
  batch 210/264  loss=0.6656
  batch 220/264  loss=0.5685
  batch 230/264  loss=0.4679
  batch 240/264  loss=0.7426
  batch 250/264  loss=0.6696
  batch 260/264  loss=0.5115
Epoch  36/300  train=6.464e-01  rmse=2.3859  lr=1.0e-04  228s
  -> best  monitor=6.464e-01
  batch 10/264  loss=0.4644
  batch 20/264  loss=0.7325
  batch 30/264  loss=0.5888
  batch 40/264  loss=0.4347
  batch 50/264  loss=0.6450
  batch 60/264  loss=0.5721
  batch 70/264  loss=0.5147
  batch 80/264  loss=1.0646
  batch 90/264  loss=0.5927
  batch 100/264  loss=0.5341
  batch 110/264  loss=0.5662
  batch 120/264  loss=1.2399
  batch 130/264  loss=0.4249
  batch 140/264  loss=0.4865
  batch 150/264  loss=0.4827
  batch 160/264  loss=0.5678
  batch 170/264  loss=0.7301
  batch 180/264  loss=0.5079
  batch 190/264  loss=0.5033
  batch 200/264  loss=0.3981
  batch 210/264  loss=0.5781
  batch 220/264  loss=0.6287
  batch 230/264  loss=0.8797
  batch 240/264  loss=0.8568
  batch 250/264  loss=0.5835
  batch 260/264  loss=0.7312
Epoch  37/300  train=6.358e-01  rmse=2.4081  lr=1.0e-04  228s
  -> best  monitor=6.358e-01
  batch 10/264  loss=0.5234
  batch 20/264  loss=0.6478
  batch 30/264  loss=0.5646
  batch 40/264  loss=0.4359
  batch 50/264  loss=0.5496
  batch 60/264  loss=0.5261
  batch 70/264  loss=0.5200
  batch 80/264  loss=0.9564
  batch 90/264  loss=0.5807
  batch 100/264  loss=0.7642
  batch 110/264  loss=0.9002
  batch 120/264  loss=0.9158
  batch 130/264  loss=0.7611
  batch 140/264  loss=0.4390
  batch 150/264  loss=0.5743
  batch 160/264  loss=0.7241
  batch 170/264  loss=0.4168
  batch 180/264  loss=0.7678
  batch 190/264  loss=0.6863
  batch 200/264  loss=0.7687
  batch 210/264  loss=0.3942
  batch 220/264  loss=0.4222
  batch 230/264  loss=1.1275
  batch 240/264  loss=1.2852
  batch 250/264  loss=0.4813
  batch 260/264  loss=0.6607
Epoch  38/300  train=6.300e-01  rmse=2.3084  lr=1.0e-04  228s
  -> best  monitor=6.300e-01
  batch 10/264  loss=0.5055
  batch 20/264  loss=0.5602
  batch 30/264  loss=0.4844
  batch 40/264  loss=0.9016
  batch 50/264  loss=0.6383
  batch 60/264  loss=0.4975
  batch 70/264  loss=0.6108
  batch 80/264  loss=0.7386
  batch 90/264  loss=0.6556
  batch 100/264  loss=0.4830
  batch 110/264  loss=0.6724
  batch 120/264  loss=0.4699
  batch 130/264  loss=0.6811
  batch 140/264  loss=0.5621
  batch 150/264  loss=0.4684
  batch 160/264  loss=0.8425
  batch 170/264  loss=1.2900
  batch 180/264  loss=0.9535
  batch 190/264  loss=0.5169
  batch 200/264  loss=0.5980
  batch 210/264  loss=0.7962
  batch 220/264  loss=1.2636
  batch 230/264  loss=0.4763
  batch 240/264  loss=0.7750
  batch 250/264  loss=0.5627
  batch 260/264  loss=0.4714
Epoch  39/300  train=6.353e-01  rmse=2.3168  lr=1.0e-04  228s
  batch 10/264  loss=0.9422
  batch 20/264  loss=0.5103
  batch 30/264  loss=0.7844
  batch 40/264  loss=0.4443
  batch 50/264  loss=0.4356
  batch 60/264  loss=0.5653
  batch 70/264  loss=0.4403
  batch 80/264  loss=0.5590
  batch 90/264  loss=0.7973
  batch 100/264  loss=0.4807
  batch 110/264  loss=0.5407
  batch 120/264  loss=0.4743
  batch 130/264  loss=0.6499
  batch 140/264  loss=0.4927
  batch 150/264  loss=0.5272
  batch 160/264  loss=0.6024
  batch 170/264  loss=0.5262
  batch 180/264  loss=0.9538
  batch 190/264  loss=0.5139
  batch 200/264  loss=0.5712
  batch 210/264  loss=0.4431
  batch 220/264  loss=0.8818
  batch 230/264  loss=0.6057
  batch 240/264  loss=0.6042
  batch 250/264  loss=0.5008
  batch 260/264  loss=0.9074
Epoch  40/300  train=6.210e-01  rmse=2.2857  lr=1.0e-04  228s
  -> best  monitor=6.210e-01
  batch 10/264  loss=0.4546
  batch 20/264  loss=0.4668
  batch 30/264  loss=0.5519
  batch 40/264  loss=0.6414
  batch 50/264  loss=0.4443
  batch 60/264  loss=0.6784
  batch 70/264  loss=0.4042
  batch 80/264  loss=0.6188
  batch 90/264  loss=0.9352
  batch 100/264  loss=1.1535
  batch 110/264  loss=0.4595
  batch 120/264  loss=0.7947
  batch 130/264  loss=0.4890
  batch 140/264  loss=0.6110
  batch 150/264  loss=0.6265
  batch 160/264  loss=0.4335
  batch 170/264  loss=0.6528
  batch 180/264  loss=0.4853
  batch 190/264  loss=0.5058
  batch 200/264  loss=0.5291
  batch 210/264  loss=0.7874
  batch 220/264  loss=0.6464
  batch 230/264  loss=0.5635
  batch 240/264  loss=0.7276
  batch 250/264  loss=0.4396
  batch 260/264  loss=0.4131
Epoch  41/300  train=6.201e-01  rmse=2.2856  lr=1.0e-04  228s
  -> best  monitor=6.201e-01
  batch 10/264  loss=0.8386
  batch 20/264  loss=0.4072
  batch 30/264  loss=1.0563
  batch 40/264  loss=0.8310
  batch 50/264  loss=0.6541
  batch 60/264  loss=0.5487
  batch 70/264  loss=0.5408
  batch 80/264  loss=0.7677
  batch 90/264  loss=0.4955
  batch 100/264  loss=0.4445
  batch 110/264  loss=0.5772
  batch 120/264  loss=0.6284
  batch 130/264  loss=0.5071
  batch 140/264  loss=0.5698
  batch 150/264  loss=0.9554
  batch 160/264  loss=0.5759
  batch 170/264  loss=0.4951
  batch 180/264  loss=1.3322
  batch 190/264  loss=0.7408
  batch 200/264  loss=0.5496
  batch 210/264  loss=0.5585
  batch 220/264  loss=0.8591
  batch 230/264  loss=0.4379
  batch 240/264  loss=0.4839
  batch 250/264  loss=0.7704
  batch 260/264  loss=0.6014
Epoch  42/300  train=6.338e-01  rmse=2.4270  lr=1.0e-04  229s
  batch 10/264  loss=0.7120
  batch 20/264  loss=0.4983
  batch 30/264  loss=1.4334
  batch 40/264  loss=0.6935
  batch 50/264  loss=0.7905
  batch 60/264  loss=0.4777
  batch 70/264  loss=0.6926
  batch 80/264  loss=0.5916
  batch 90/264  loss=0.4968
  batch 100/264  loss=0.7392
  batch 110/264  loss=0.5847
  batch 120/264  loss=0.6587
  batch 130/264  loss=0.4883
  batch 140/264  loss=0.5516
  batch 150/264  loss=0.7511
  batch 160/264  loss=0.5760
  batch 170/264  loss=0.4660
  batch 180/264  loss=0.5375
  batch 190/264  loss=0.5433
  batch 200/264  loss=0.5687
  batch 210/264  loss=0.5126
  batch 220/264  loss=0.4607
  batch 230/264  loss=0.5327
  batch 240/264  loss=0.7313
  batch 250/264  loss=0.5565
  batch 260/264  loss=0.4986
Epoch  43/300  train=6.038e-01  rmse=2.3077  lr=1.0e-04  227s
  -> best  monitor=6.038e-01
  batch 10/264  loss=0.4850
  batch 20/264  loss=0.5126
  batch 30/264  loss=0.6185
  batch 40/264  loss=0.4856
  batch 50/264  loss=0.6587
  batch 60/264  loss=0.6670
  batch 70/264  loss=0.5454
  batch 80/264  loss=0.5709
  batch 90/264  loss=0.7533
  batch 100/264  loss=0.7744
  batch 110/264  loss=0.7435
  batch 120/264  loss=0.5674
  batch 130/264  loss=0.9469
  batch 140/264  loss=0.8033
  batch 150/264  loss=0.4695
  batch 160/264  loss=0.4079
  batch 170/264  loss=0.6728
  batch 180/264  loss=0.7505
  batch 190/264  loss=1.5263
  batch 200/264  loss=0.4654
  batch 210/264  loss=0.4538
  batch 220/264  loss=0.6465
  batch 230/264  loss=0.6717
  batch 240/264  loss=0.5647
  batch 250/264  loss=0.4637
  batch 260/264  loss=0.5488
Epoch  44/300  train=6.165e-01  rmse=2.2736  lr=1.0e-04  229s
  batch 10/264  loss=0.4215
  batch 20/264  loss=0.4666
  batch 30/264  loss=0.5642
  batch 40/264  loss=0.4540
  batch 50/264  loss=0.6287
  batch 60/264  loss=0.7957
  batch 70/264  loss=0.6328
  batch 80/264  loss=0.5433
  batch 90/264  loss=0.7882
  batch 100/264  loss=0.8404
  batch 110/264  loss=0.4376
  batch 120/264  loss=0.5480
  batch 130/264  loss=0.6780
  batch 140/264  loss=0.8529
  batch 150/264  loss=0.5047
  batch 160/264  loss=0.6564
  batch 170/264  loss=0.8466
  batch 180/264  loss=0.5186
  batch 190/264  loss=0.6162
  batch 200/264  loss=0.5353
  batch 210/264  loss=0.4655
  batch 220/264  loss=0.9347
  batch 230/264  loss=0.6295
  batch 240/264  loss=0.4564
  batch 250/264  loss=0.5030
  batch 260/264  loss=0.6419
Epoch  45/300  train=6.025e-01  rmse=2.2205  lr=1.0e-04  228s
  -> best  monitor=6.025e-01
  batch 10/264  loss=0.5751
  batch 20/264  loss=0.5746
  batch 30/264  loss=0.4200
  batch 40/264  loss=0.4851
  batch 50/264  loss=0.6197
  batch 60/264  loss=0.5379
  batch 70/264  loss=0.5022
  batch 80/264  loss=0.6828
  batch 90/264  loss=0.4138
  batch 100/264  loss=0.7456
  batch 110/264  loss=0.7281
  batch 120/264  loss=0.8780
  batch 130/264  loss=0.4609
  batch 140/264  loss=0.5090
  batch 150/264  loss=0.6683
  batch 160/264  loss=0.5028
  batch 170/264  loss=0.6785
  batch 180/264  loss=0.5973
  batch 190/264  loss=0.4302
  batch 200/264  loss=0.6708
  batch 210/264  loss=0.8468
  batch 220/264  loss=0.4729
  batch 230/264  loss=0.4280
  batch 240/264  loss=0.5763
  batch 250/264  loss=0.4922
  batch 260/264  loss=0.4458
Epoch  46/300  train=6.002e-01  rmse=2.2644  lr=1.0e-04  228s
  -> best  monitor=6.002e-01
  batch 10/264  loss=0.5070
  batch 20/264  loss=0.5454
  batch 30/264  loss=0.3718
  batch 40/264  loss=0.7266
  batch 50/264  loss=0.4474
  batch 60/264  loss=0.5016
  batch 70/264  loss=0.8176
  batch 80/264  loss=0.5256
  batch 90/264  loss=0.7710
  batch 100/264  loss=0.9938
  batch 110/264  loss=0.3894
  batch 120/264  loss=0.5090
  batch 130/264  loss=0.5850
  batch 140/264  loss=0.5584
  batch 150/264  loss=0.8115
  batch 160/264  loss=0.6543
  batch 170/264  loss=0.8803
  batch 180/264  loss=0.4606
  batch 190/264  loss=0.5384
  batch 200/264  loss=0.6536
  batch 210/264  loss=0.5032
  batch 220/264  loss=0.5749
  batch 230/264  loss=0.4694
  batch 240/264  loss=0.4918
  batch 250/264  loss=0.5134
  batch 260/264  loss=0.4712
Epoch  47/300  train=6.075e-01  rmse=2.2524  lr=1.0e-04  229s
  batch 10/264  loss=0.4287
  batch 20/264  loss=0.5762
  batch 30/264  loss=0.5781
  batch 40/264  loss=0.5850
  batch 50/264  loss=0.4582
  batch 60/264  loss=0.5180
  batch 70/264  loss=0.5280
  batch 80/264  loss=0.4101
  batch 90/264  loss=0.4717
  batch 100/264  loss=0.7683
  batch 110/264  loss=0.4806
  batch 120/264  loss=0.4656
  batch 130/264  loss=0.3971
  batch 140/264  loss=0.4607
  batch 150/264  loss=0.7963
  batch 160/264  loss=0.5287
  batch 170/264  loss=0.4914
  batch 180/264  loss=0.4532
  batch 190/264  loss=0.4072
  batch 200/264  loss=0.3760
  batch 210/264  loss=0.5059
  batch 220/264  loss=0.4437
  batch 230/264  loss=0.5219
  batch 240/264  loss=0.6288
  batch 250/264  loss=0.4334
  batch 260/264  loss=0.4699
Epoch  48/300  train=5.830e-01  rmse=2.2254  lr=1.0e-04  232s
  -> best  monitor=5.830e-01
  batch 10/264  loss=0.8251
  batch 20/264  loss=0.5662
  batch 30/264  loss=0.5583
  batch 40/264  loss=0.6828
  batch 50/264  loss=0.4143
  batch 60/264  loss=0.4756
  batch 70/264  loss=0.6153
  batch 80/264  loss=0.5970
  batch 90/264  loss=0.4454
  batch 100/264  loss=0.4430
  batch 110/264  loss=0.7855
  batch 120/264  loss=0.6076
  batch 130/264  loss=0.5844
  batch 140/264  loss=0.5800
  batch 150/264  loss=0.5024
  batch 160/264  loss=0.4678
  batch 170/264  loss=0.9953
  batch 180/264  loss=0.5385
  batch 190/264  loss=0.5601
  batch 200/264  loss=0.6173
  batch 210/264  loss=0.5021
  batch 220/264  loss=0.6588
  batch 230/264  loss=0.5453
  batch 240/264  loss=0.4534
  batch 250/264  loss=0.7369
  batch 260/264  loss=0.6580
Epoch  49/300  train=5.878e-01  rmse=2.2144  lr=1.0e-04  233s
  batch 10/264  loss=0.5605
  batch 20/264  loss=0.5016
  batch 30/264  loss=0.5082
  batch 40/264  loss=0.5210
  batch 50/264  loss=0.4874
  batch 60/264  loss=0.4208
  batch 70/264  loss=0.6475
  batch 80/264  loss=0.5993
  batch 90/264  loss=0.7318
  batch 100/264  loss=0.5859
  batch 110/264  loss=0.4026
  batch 120/264  loss=0.5749
  batch 130/264  loss=0.5392
  batch 140/264  loss=0.4656
  batch 150/264  loss=0.5280
  batch 160/264  loss=0.4273
  batch 170/264  loss=0.4942
  batch 180/264  loss=0.4221
  batch 190/264  loss=1.2218
  batch 200/264  loss=0.4539
  batch 210/264  loss=0.6417
  batch 220/264  loss=0.6137
  batch 230/264  loss=0.4511
  batch 240/264  loss=1.0073
  batch 250/264  loss=0.6819
  batch 260/264  loss=0.5010
Epoch  50/300  train=5.949e-01  rmse=2.2539  lr=1.0e-04  233s
  batch 10/264  loss=0.4759
  batch 20/264  loss=0.4768
  batch 30/264  loss=0.4843
  batch 40/264  loss=0.6199
  batch 50/264  loss=0.5439
  batch 60/264  loss=0.4680
  batch 70/264  loss=0.4438
  batch 80/264  loss=0.5555
  batch 90/264  loss=0.7785
  batch 100/264  loss=0.7518
  batch 110/264  loss=0.4247
  batch 120/264  loss=0.6272
  batch 130/264  loss=0.5446
  batch 140/264  loss=0.6746
  batch 150/264  loss=0.4565
  batch 160/264  loss=0.6766
  batch 170/264  loss=0.5393
  batch 180/264  loss=0.4203
  batch 190/264  loss=0.5429
  batch 200/264  loss=0.4843
  batch 210/264  loss=0.5525
  batch 220/264  loss=0.5741
  batch 230/264  loss=0.6154
  batch 240/264  loss=0.7106
  batch 250/264  loss=0.5672
  batch 260/264  loss=0.4982
Epoch  51/300  train=5.748e-01  rmse=2.2198  lr=1.0e-04  232s
  -> best  monitor=5.748e-01
  batch 10/264  loss=0.5437
  batch 20/264  loss=0.5195
  batch 30/264  loss=0.3520
  batch 40/264  loss=0.4743
  batch 50/264  loss=0.5814
  batch 60/264  loss=0.5807
  batch 70/264  loss=0.4649
  batch 80/264  loss=0.4938
  batch 90/264  loss=0.7323
  batch 100/264  loss=0.5127
  batch 110/264  loss=0.4106
  batch 120/264  loss=0.5490
  batch 130/264  loss=0.6359
  batch 140/264  loss=1.4787
  batch 150/264  loss=0.6983
  batch 160/264  loss=0.4093
  batch 170/264  loss=0.5496
  batch 180/264  loss=0.5571
  batch 190/264  loss=0.5162
  batch 200/264  loss=0.4876
  batch 210/264  loss=0.5791
  batch 220/264  loss=0.7178
  batch 230/264  loss=0.4533
  batch 240/264  loss=0.5049
  batch 250/264  loss=0.6405
  batch 260/264  loss=0.5003
Epoch  52/300  train=5.844e-01  rmse=2.2397  lr=1.0e-04  233s
  batch 10/264  loss=0.5443
  batch 20/264  loss=0.9668
  batch 30/264  loss=0.4419
  batch 40/264  loss=0.4871
  batch 50/264  loss=0.8984
  batch 60/264  loss=0.5270
  batch 70/264  loss=0.6034
  batch 80/264  loss=0.6200
  batch 90/264  loss=0.3865
  batch 100/264  loss=0.7237
  batch 110/264  loss=0.5682
  batch 120/264  loss=0.5625
  batch 130/264  loss=0.7088
  batch 140/264  loss=0.4291
  batch 150/264  loss=0.4949
  batch 160/264  loss=0.4094
  batch 170/264  loss=0.5555
  batch 180/264  loss=0.5636
  batch 190/264  loss=0.5105
  batch 200/264  loss=0.5474
  batch 210/264  loss=0.7648
  batch 220/264  loss=0.5179
  batch 230/264  loss=0.4892
  batch 240/264  loss=0.6283
  batch 250/264  loss=0.3929
  batch 260/264  loss=0.4196
Epoch  53/300  train=5.887e-01  rmse=2.2687  lr=1.0e-04  233s
  batch 10/264  loss=0.5690
  batch 20/264  loss=0.4491
  batch 30/264  loss=0.5124
  batch 40/264  loss=0.5319
  batch 50/264  loss=0.9708
  batch 60/264  loss=0.5305
  batch 70/264  loss=0.4535
  batch 80/264  loss=0.4197
  batch 90/264  loss=0.4689
  batch 100/264  loss=0.5530
  batch 110/264  loss=0.4449
  batch 120/264  loss=0.4580
  batch 130/264  loss=0.4108
  batch 140/264  loss=0.4837
  batch 150/264  loss=0.4232
  batch 160/264  loss=0.7094
  batch 170/264  loss=0.6263
  batch 180/264  loss=0.6261
  batch 190/264  loss=0.4324
  batch 200/264  loss=0.4288
  batch 210/264  loss=0.4084
  batch 220/264  loss=0.6960
  batch 230/264  loss=0.4900
  batch 240/264  loss=0.7295
  batch 250/264  loss=0.4668
  batch 260/264  loss=0.5416
Epoch  54/300  train=5.756e-01  rmse=2.2277  lr=1.0e-04  233s
  batch 10/264  loss=0.6505
  batch 20/264  loss=0.5542
  batch 30/264  loss=0.5910
  batch 40/264  loss=0.4837
  batch 50/264  loss=0.4820
  batch 60/264  loss=0.5228
  batch 70/264  loss=0.5337
  batch 80/264  loss=0.7543
  batch 90/264  loss=0.4801
  batch 100/264  loss=0.4857
  batch 110/264  loss=0.5109
  batch 120/264  loss=0.4300
  batch 130/264  loss=0.3754
  batch 140/264  loss=0.3893
  batch 150/264  loss=0.6026
  batch 160/264  loss=0.7119
  batch 170/264  loss=0.4549
  batch 180/264  loss=0.6238
  batch 190/264  loss=0.4054
  batch 200/264  loss=0.4415
  batch 210/264  loss=0.5024
  batch 220/264  loss=0.5731
  batch 230/264  loss=0.4351
  batch 240/264  loss=0.7748
  batch 250/264  loss=0.4932
  batch 260/264  loss=0.4909
Epoch  55/300  train=5.788e-01  rmse=2.2395  lr=1.0e-04  232s
  batch 10/264  loss=0.3721
  batch 20/264  loss=0.9953
  batch 30/264  loss=0.7063
  batch 40/264  loss=0.4588
  batch 50/264  loss=0.5209
  batch 60/264  loss=0.5123
  batch 70/264  loss=0.4781
  batch 80/264  loss=0.4041
  batch 90/264  loss=0.4696
  batch 100/264  loss=0.4996
  batch 110/264  loss=0.4541
  batch 120/264  loss=0.4759
  batch 130/264  loss=0.5315
  batch 140/264  loss=0.3867
  batch 150/264  loss=0.5139
  batch 160/264  loss=0.4967
  batch 170/264  loss=0.4479
  batch 180/264  loss=0.3981
  batch 190/264  loss=0.4311
  batch 200/264  loss=0.4241
  batch 210/264  loss=0.5830
  batch 220/264  loss=0.4866
  batch 230/264  loss=0.5303
  batch 240/264  loss=0.7598
  batch 250/264  loss=0.7294
  batch 260/264  loss=0.6139
Epoch  56/300  train=5.639e-01  rmse=2.1990  lr=1.0e-04  233s
  -> best  monitor=5.639e-01
  batch 10/264  loss=0.4135
  batch 20/264  loss=0.4638
  batch 30/264  loss=0.9276
  batch 40/264  loss=0.6990
  batch 50/264  loss=0.7710
  batch 60/264  loss=0.4966
  batch 70/264  loss=0.7110
  batch 80/264  loss=0.6595
  batch 90/264  loss=0.8242
  batch 100/264  loss=0.5240
  batch 110/264  loss=0.4971
  batch 120/264  loss=1.2675
  batch 130/264  loss=0.4128
  batch 140/264  loss=0.5070
  batch 150/264  loss=0.5244
  batch 160/264  loss=0.3820
  batch 170/264  loss=0.5094
  batch 180/264  loss=0.8354
  batch 190/264  loss=0.4956
  batch 200/264  loss=0.4430
  batch 210/264  loss=0.5706
  batch 220/264  loss=1.1174
  batch 230/264  loss=0.4485
  batch 240/264  loss=0.4115
  batch 250/264  loss=0.4596
  batch 260/264  loss=0.4179
Epoch  57/300  train=5.661e-01  rmse=2.1653  lr=1.0e-04  232s
  batch 10/264  loss=0.7480
  batch 20/264  loss=0.6109
  batch 30/264  loss=0.4796
  batch 40/264  loss=0.6199
  batch 50/264  loss=0.5089
  batch 60/264  loss=0.6797
  batch 70/264  loss=0.7353
  batch 80/264  loss=0.6062
  batch 90/264  loss=0.3972
  batch 100/264  loss=0.4017
  batch 110/264  loss=0.4411
  batch 120/264  loss=0.4103
  batch 130/264  loss=0.4344
  batch 140/264  loss=0.4496
  batch 150/264  loss=1.0051
  batch 160/264  loss=0.4804
  batch 170/264  loss=0.5115
  batch 180/264  loss=0.4032
  batch 190/264  loss=0.3893
  batch 200/264  loss=0.4883
  batch 210/264  loss=0.5319
  batch 220/264  loss=0.9893
  batch 230/264  loss=0.5043
  batch 240/264  loss=0.4340
  batch 250/264  loss=0.6943
  batch 260/264  loss=0.5201
Epoch  58/300  train=5.597e-01  rmse=2.2176  lr=1.0e-04  230s
  -> best  monitor=5.597e-01
  batch 10/264  loss=0.5201
  batch 20/264  loss=0.4047
  batch 30/264  loss=0.6629
  batch 40/264  loss=0.4239
  batch 50/264  loss=0.4848
  batch 60/264  loss=0.7126
  batch 70/264  loss=0.6239
  batch 80/264  loss=0.6415
  batch 90/264  loss=0.3857
  batch 100/264  loss=0.4785
  batch 110/264  loss=0.4149
  batch 120/264  loss=0.6226
  batch 130/264  loss=0.4127
  batch 140/264  loss=0.3974
  batch 150/264  loss=0.7140
  batch 160/264  loss=1.0218
  batch 170/264  loss=0.4521
  batch 180/264  loss=0.7501
  batch 190/264  loss=0.3937
  batch 200/264  loss=0.4450
  batch 210/264  loss=0.5873
  batch 220/264  loss=0.4446
  batch 230/264  loss=0.6873
  batch 240/264  loss=0.7605
  batch 250/264  loss=0.3866
  batch 260/264  loss=0.4717
Epoch  59/300  train=5.747e-01  rmse=2.2100  lr=1.0e-04  229s
  batch 10/264  loss=0.4639
  batch 20/264  loss=0.9567
  batch 30/264  loss=1.2009
  batch 40/264  loss=0.4753
  batch 50/264  loss=0.3866
  batch 60/264  loss=0.5681
  batch 70/264  loss=0.4723
  batch 80/264  loss=0.4811
  batch 90/264  loss=0.6461
  batch 100/264  loss=0.3890
  batch 110/264  loss=0.4413
  batch 120/264  loss=0.8948
  batch 130/264  loss=0.3841
  batch 140/264  loss=0.4178
  batch 150/264  loss=0.5983
  batch 160/264  loss=0.5455
  batch 170/264  loss=0.7398
  batch 180/264  loss=0.6765
  batch 190/264  loss=0.6945
  batch 200/264  loss=0.4105
  batch 210/264  loss=0.4555
  batch 220/264  loss=0.5035
  batch 230/264  loss=0.8065
  batch 240/264  loss=0.9967
  batch 250/264  loss=0.4905
  batch 260/264  loss=0.5443
Epoch  60/300  train=5.659e-01  rmse=2.2761  lr=1.0e-04  230s
  batch 10/264  loss=0.3902
  batch 20/264  loss=0.4188
  batch 30/264  loss=0.3731
  batch 40/264  loss=0.8884
  batch 50/264  loss=0.7606
  batch 60/264  loss=0.6468
  batch 70/264  loss=0.3757
  batch 80/264  loss=0.5046
  batch 90/264  loss=0.5105
  batch 100/264  loss=0.7577
  batch 110/264  loss=0.4967
  batch 120/264  loss=0.4159
  batch 130/264  loss=0.3916
  batch 140/264  loss=0.4110
  batch 150/264  loss=0.5364
  batch 160/264  loss=0.5535
  batch 170/264  loss=0.4677
  batch 180/264  loss=0.4209
  batch 190/264  loss=0.5071
  batch 200/264  loss=0.4402
  batch 210/264  loss=0.5007
  batch 220/264  loss=0.4563
  batch 230/264  loss=0.4444
  batch 240/264  loss=0.5311
  batch 250/264  loss=0.5012
  batch 260/264  loss=1.3216
Epoch  61/300  train=5.675e-01  rmse=2.1823  lr=1.0e-04  229s
  batch 10/264  loss=0.3962
  batch 20/264  loss=0.4582
  batch 30/264  loss=0.5098
  batch 40/264  loss=0.5313
  batch 50/264  loss=0.4375
  batch 60/264  loss=0.4536
  batch 70/264  loss=0.5356
  batch 80/264  loss=0.5706
  batch 90/264  loss=0.4455
  batch 100/264  loss=0.4988
  batch 110/264  loss=0.3989
  batch 120/264  loss=0.3930
  batch 130/264  loss=0.5657
  batch 140/264  loss=0.6263
  batch 150/264  loss=0.6340
  batch 160/264  loss=1.1789
  batch 170/264  loss=0.5508
  batch 180/264  loss=0.6873
  batch 190/264  loss=0.3904
  batch 200/264  loss=0.5914
  batch 210/264  loss=0.4339
  batch 220/264  loss=0.3886
  batch 230/264  loss=0.4042
  batch 240/264  loss=0.4010
  batch 250/264  loss=0.6588
  batch 260/264  loss=0.5981
Epoch  62/300  train=5.458e-01  rmse=2.1196  lr=1.0e-04  230s
  -> best  monitor=5.458e-01
  batch 10/264  loss=0.6088
  batch 20/264  loss=0.4508
  batch 30/264  loss=0.6264
  batch 40/264  loss=0.6034
  batch 50/264  loss=0.4187
  batch 60/264  loss=0.5071
  batch 70/264  loss=0.4676
  batch 80/264  loss=0.6299
  batch 90/264  loss=0.6348
  batch 100/264  loss=0.3933
  batch 110/264  loss=0.7336
  batch 120/264  loss=0.4033
  batch 130/264  loss=0.3891
  batch 140/264  loss=0.4848
  batch 150/264  loss=0.4284
  batch 160/264  loss=0.5182
  batch 170/264  loss=0.4181
  batch 180/264  loss=0.5224
  batch 190/264  loss=0.6197
  batch 200/264  loss=0.7144
  batch 210/264  loss=0.4487
  batch 220/264  loss=0.9238
  batch 230/264  loss=0.6341
  batch 240/264  loss=0.6775
  batch 250/264  loss=0.4998
  batch 260/264  loss=0.5447
Epoch  63/300  train=5.666e-01  rmse=2.2096  lr=1.0e-04  229s
  batch 10/264  loss=0.5267
  batch 20/264  loss=0.4682
  batch 30/264  loss=0.5049
  batch 40/264  loss=0.4978
  batch 50/264  loss=0.4635
  batch 60/264  loss=0.4091
  batch 70/264  loss=0.4878
  batch 80/264  loss=1.0267
  batch 90/264  loss=0.4767
  batch 100/264  loss=0.5963
  batch 110/264  loss=0.5085
  batch 120/264  loss=0.6706
  batch 130/264  loss=0.6213
  batch 140/264  loss=0.5384
  batch 150/264  loss=0.4813
  batch 160/264  loss=0.4098
  batch 170/264  loss=0.3538
  batch 180/264  loss=0.8745
  batch 190/264  loss=0.4641
  batch 200/264  loss=0.6074
  batch 210/264  loss=0.5324
  batch 220/264  loss=0.5618
  batch 230/264  loss=0.6853
  batch 240/264  loss=0.4430
  batch 250/264  loss=0.5381
  batch 260/264  loss=1.1794
Epoch  64/300  train=5.465e-01  rmse=2.1854  lr=1.0e-04  230s
  batch 10/264  loss=0.5070
  batch 20/264  loss=0.9074
  batch 30/264  loss=0.6373
  batch 40/264  loss=0.4654
  batch 50/264  loss=0.4181
  batch 60/264  loss=0.3943
  batch 70/264  loss=0.4013
  batch 80/264  loss=0.4912
  batch 90/264  loss=0.5552
  batch 100/264  loss=0.4610
  batch 110/264  loss=0.5879
  batch 120/264  loss=0.5641
  batch 130/264  loss=0.3847
  batch 140/264  loss=0.4247
  batch 150/264  loss=1.1117
  batch 160/264  loss=0.9285
  batch 170/264  loss=0.3966
  batch 180/264  loss=0.5411
  batch 190/264  loss=0.4609
  batch 200/264  loss=0.5105
  batch 210/264  loss=0.5149
  batch 220/264  loss=0.3819
  batch 230/264  loss=0.4140
  batch 240/264  loss=0.6449
  batch 250/264  loss=0.4727
  batch 260/264  loss=0.5580
Epoch  65/300  train=5.493e-01  rmse=2.2318  lr=1.0e-04  230s
  batch 10/264  loss=0.6067
  batch 20/264  loss=0.5668
  batch 30/264  loss=0.6746
  batch 40/264  loss=0.4059
  batch 50/264  loss=0.4339
  batch 60/264  loss=0.5680
  batch 70/264  loss=0.7052
  batch 80/264  loss=0.6889
  batch 90/264  loss=0.6184
  batch 100/264  loss=0.4534
  batch 110/264  loss=0.4526
  batch 120/264  loss=0.5350
  batch 130/264  loss=1.2004
  batch 140/264  loss=0.7393
  batch 150/264  loss=0.4922
  batch 160/264  loss=0.3511
  batch 170/264  loss=0.4732
  batch 180/264  loss=0.4287
  batch 190/264  loss=0.4274
  batch 200/264  loss=0.5274
  batch 210/264  loss=0.6155
  batch 220/264  loss=0.4668
  batch 230/264  loss=0.3699
  batch 240/264  loss=0.9230
  batch 250/264  loss=0.7175
  batch 260/264  loss=0.5666
Epoch  66/300  train=5.550e-01  rmse=2.2245  lr=1.0e-04  229s
  batch 10/264  loss=0.8247
  batch 20/264  loss=0.5792
  batch 30/264  loss=0.4103
  batch 40/264  loss=0.5225
  batch 50/264  loss=0.6279
  batch 60/264  loss=0.5344
  batch 70/264  loss=0.4069
  batch 80/264  loss=0.4411
  batch 90/264  loss=0.9492
  batch 100/264  loss=0.6181
  batch 110/264  loss=0.5539
  batch 120/264  loss=0.4151
  batch 130/264  loss=0.5044
  batch 140/264  loss=0.5392
  batch 150/264  loss=0.4990
  batch 160/264  loss=0.3955
  batch 170/264  loss=0.4436
  batch 180/264  loss=0.5161
  batch 190/264  loss=0.8661
  batch 200/264  loss=0.4865
  batch 210/264  loss=0.7844
  batch 220/264  loss=0.4869
  batch 230/264  loss=0.4468
  batch 240/264  loss=0.5263
  batch 250/264  loss=0.5866
  batch 260/264  loss=0.6712
Epoch  67/300  train=5.478e-01  rmse=2.1173  lr=1.0e-04  231s
  batch 10/264  loss=0.5358
  batch 20/264  loss=0.6896
  batch 30/264  loss=0.6996
  batch 40/264  loss=0.7541
  batch 50/264  loss=0.3699
  batch 60/264  loss=0.5428
  batch 70/264  loss=0.8311
  batch 80/264  loss=0.4655
  batch 90/264  loss=0.5722
  batch 100/264  loss=0.5092
  batch 110/264  loss=0.5053
  batch 120/264  loss=0.7268
  batch 130/264  loss=0.3994
  batch 140/264  loss=0.4320
  batch 150/264  loss=0.4998
  batch 160/264  loss=0.5693
  batch 170/264  loss=0.4501
  batch 180/264  loss=0.4465
  batch 190/264  loss=0.4864
  batch 200/264  loss=0.6781
  batch 210/264  loss=0.4672
  batch 220/264  loss=0.8723
  batch 230/264  loss=0.6224
  batch 240/264  loss=0.5715
  batch 250/264  loss=0.6702
  batch 260/264  loss=0.6907
Epoch  68/300  train=5.461e-01  rmse=2.1409  lr=1.0e-04  230s
  batch 10/264  loss=0.4917
  batch 20/264  loss=0.5309
  batch 30/264  loss=0.4361
  batch 40/264  loss=0.4647
  batch 50/264  loss=0.5016
  batch 60/264  loss=0.5902
  batch 70/264  loss=0.5176
  batch 80/264  loss=0.4394
  batch 90/264  loss=0.5857
  batch 100/264  loss=0.5038
  batch 110/264  loss=0.7034
  batch 120/264  loss=0.4283
  batch 130/264  loss=0.4833
  batch 140/264  loss=1.2143
  batch 150/264  loss=0.4084
  batch 160/264  loss=0.4597
  batch 170/264  loss=0.7271
  batch 180/264  loss=0.6142
  batch 190/264  loss=0.9095
  batch 200/264  loss=0.4651
  batch 210/264  loss=0.7774
  batch 220/264  loss=0.5320
  batch 230/264  loss=0.4845
  batch 240/264  loss=0.4274
  batch 250/264  loss=0.5879
  batch 260/264  loss=0.7694
Epoch  69/300  train=5.496e-01  rmse=2.2275  lr=1.0e-04  230s
  batch 10/264  loss=0.4078
  batch 20/264  loss=0.5139
  batch 30/264  loss=0.6433
  batch 40/264  loss=0.4148
  batch 50/264  loss=0.5613
  batch 60/264  loss=0.4323
  batch 70/264  loss=1.0257
  batch 80/264  loss=0.6747
  batch 90/264  loss=0.4762
  batch 100/264  loss=0.5499
  batch 110/264  loss=1.0653
  batch 120/264  loss=0.3968
  batch 130/264  loss=0.8680
  batch 140/264  loss=1.1536
  batch 150/264  loss=0.5033
  batch 160/264  loss=0.4424
  batch 170/264  loss=0.6767
  batch 180/264  loss=0.4669
  batch 190/264  loss=0.4104
  batch 200/264  loss=0.4519
  batch 210/264  loss=0.6563
  batch 220/264  loss=0.4321
  batch 230/264  loss=0.6099
  batch 240/264  loss=0.5509
  batch 250/264  loss=0.5283
  batch 260/264  loss=0.4621
Epoch  70/300  train=5.408e-01  rmse=2.1167  lr=1.0e-04  230s
  -> best  monitor=5.408e-01
  batch 10/264  loss=0.5176
  batch 20/264  loss=0.5782
  batch 30/264  loss=0.4089
  batch 40/264  loss=0.5851
  batch 50/264  loss=0.4350
  batch 60/264  loss=0.4782
  batch 70/264  loss=0.4845
  batch 80/264  loss=0.4750
  batch 90/264  loss=0.3751
  batch 100/264  loss=0.8750
  batch 110/264  loss=0.5021
  batch 120/264  loss=0.4234
  batch 130/264  loss=0.4134
  batch 140/264  loss=0.3845
  batch 150/264  loss=1.0271
  batch 160/264  loss=0.6056
  batch 170/264  loss=0.5642
  batch 180/264  loss=0.4025
  batch 190/264  loss=0.7291
  batch 200/264  loss=0.3840
  batch 210/264  loss=0.4757
  batch 220/264  loss=0.3789
  batch 230/264  loss=0.4529
  batch 240/264  loss=0.4016
  batch 250/264  loss=0.5664
  batch 260/264  loss=0.4149
Epoch  71/300  train=5.420e-01  rmse=2.1503  lr=1.0e-04  230s
  batch 10/264  loss=1.0309
  batch 20/264  loss=0.4847
  batch 30/264  loss=0.8703
  batch 40/264  loss=0.6400
  batch 50/264  loss=0.5090
  batch 60/264  loss=0.5255
  batch 70/264  loss=0.3879
  batch 80/264  loss=0.5920
  batch 90/264  loss=0.3759
  batch 100/264  loss=0.3568
  batch 110/264  loss=0.3567
  batch 120/264  loss=0.5961
  batch 130/264  loss=0.5059
  batch 140/264  loss=0.5907
  batch 150/264  loss=0.4835
  batch 160/264  loss=0.5551
  batch 170/264  loss=0.5864
  batch 180/264  loss=0.5455
  batch 190/264  loss=0.5756
  batch 200/264  loss=0.4081
  batch 210/264  loss=0.3471
  batch 220/264  loss=0.6656
  batch 230/264  loss=0.5195
  batch 240/264  loss=0.4923
  batch 250/264  loss=0.7827
  batch 260/264  loss=0.6207
Epoch  72/300  train=5.404e-01  rmse=2.1304  lr=1.0e-04  229s
  -> best  monitor=5.404e-01
  batch 10/264  loss=0.4770
  batch 20/264  loss=0.4118
  batch 30/264  loss=0.5378
  batch 40/264  loss=0.3925
  batch 50/264  loss=0.8327
  batch 60/264  loss=0.4387
  batch 70/264  loss=0.5291
  batch 80/264  loss=0.3910
  batch 90/264  loss=0.4140
  batch 100/264  loss=0.5588
  batch 110/264  loss=0.5356
  batch 120/264  loss=0.6303
  batch 130/264  loss=0.6471
  batch 140/264  loss=0.5262
  batch 150/264  loss=0.6291
  batch 160/264  loss=0.4817
  batch 170/264  loss=0.5083
  batch 180/264  loss=0.8089
  batch 190/264  loss=0.5157
  batch 200/264  loss=0.6140
  batch 210/264  loss=0.4163
  batch 220/264  loss=0.5963
  batch 230/264  loss=0.3974
  batch 240/264  loss=0.4432
  batch 250/264  loss=0.4052
  batch 260/264  loss=0.4734
Epoch  73/300  train=5.348e-01  rmse=2.1635  lr=1.0e-04  228s
  -> best  monitor=5.348e-01
  batch 10/264  loss=0.4801
  batch 20/264  loss=0.6474
  batch 30/264  loss=0.3835
  batch 40/264  loss=0.4357
  batch 50/264  loss=0.8840
  batch 60/264  loss=0.7576
  batch 70/264  loss=0.4684
  batch 80/264  loss=0.5543
  batch 90/264  loss=0.6060
  batch 100/264  loss=0.6827
  batch 110/264  loss=0.4520
  batch 120/264  loss=0.3883
  batch 130/264  loss=0.5165
  batch 140/264  loss=0.4608
  batch 150/264  loss=0.3648
  batch 160/264  loss=0.4321
  batch 170/264  loss=0.4567
  batch 180/264  loss=0.5943
  batch 190/264  loss=0.5056
  batch 200/264  loss=1.0289
  batch 210/264  loss=0.8173
  batch 220/264  loss=0.4010
  batch 230/264  loss=0.7068
  batch 240/264  loss=0.7332
  batch 250/264  loss=0.4088
  batch 260/264  loss=0.4512
Epoch  74/300  train=5.310e-01  rmse=2.1627  lr=1.0e-04  230s
  -> best  monitor=5.310e-01
  batch 10/264  loss=0.4631
  batch 20/264  loss=0.4166
  batch 30/264  loss=0.9215
  batch 40/264  loss=0.3712
  batch 50/264  loss=0.4323
  batch 60/264  loss=0.6294
  batch 70/264  loss=0.6572
  batch 80/264  loss=0.5454
  batch 90/264  loss=0.4632
  batch 100/264  loss=0.4871
  batch 110/264  loss=0.3959
  batch 120/264  loss=0.3502
  batch 130/264  loss=0.8795
  batch 140/264  loss=0.5539
  batch 150/264  loss=0.4535
  batch 160/264  loss=0.5137
  batch 170/264  loss=0.6084
  batch 180/264  loss=0.4153
  batch 190/264  loss=0.3956
  batch 200/264  loss=0.5262
  batch 210/264  loss=0.4458
  batch 220/264  loss=0.5124
  batch 230/264  loss=0.4414
  batch 240/264  loss=0.4237
  batch 250/264  loss=0.5882
  batch 260/264  loss=0.4263
Epoch  75/300  train=5.373e-01  rmse=2.1215  lr=1.0e-04  230s
  batch 10/264  loss=0.5527
  batch 20/264  loss=0.6181
  batch 30/264  loss=0.4456
  batch 40/264  loss=0.4531
  batch 50/264  loss=0.9690
  batch 60/264  loss=0.4030
  batch 70/264  loss=0.6222
  batch 80/264  loss=0.6327
  batch 90/264  loss=0.6595
  batch 100/264  loss=0.4347
  batch 110/264  loss=0.7405
  batch 120/264  loss=0.4592
  batch 130/264  loss=0.3510
  batch 140/264  loss=0.7557
  batch 150/264  loss=0.4235
  batch 160/264  loss=0.5672
  batch 170/264  loss=0.4010
  batch 180/264  loss=0.4348
  batch 190/264  loss=0.6882
  batch 200/264  loss=0.6617
  batch 210/264  loss=0.4509
  batch 220/264  loss=0.6512
  batch 230/264  loss=0.5144
  batch 240/264  loss=0.3977
  batch 250/264  loss=0.3866
  batch 260/264  loss=0.5021
Epoch  76/300  train=5.339e-01  rmse=2.1258  lr=1.0e-04  230s
  batch 10/264  loss=0.7543
  batch 20/264  loss=0.3668
  batch 30/264  loss=0.4055
  batch 40/264  loss=0.4041
  batch 50/264  loss=0.6682
  batch 60/264  loss=0.5808
  batch 70/264  loss=0.4825
  batch 80/264  loss=0.4649
  batch 90/264  loss=0.3849
  batch 100/264  loss=0.4014
  batch 110/264  loss=0.5989
  batch 120/264  loss=0.4773
  batch 130/264  loss=0.4542
  batch 140/264  loss=0.4384
  batch 150/264  loss=0.4756
  batch 160/264  loss=0.6451
  batch 170/264  loss=0.4748
  batch 180/264  loss=0.4024
  batch 190/264  loss=0.4386
  batch 200/264  loss=0.4361
  batch 210/264  loss=0.3991
  batch 220/264  loss=0.4645
  batch 230/264  loss=0.5338
  batch 240/264  loss=0.4862
  batch 250/264  loss=0.3897
  batch 260/264  loss=0.3472
Epoch  77/300  train=5.282e-01  rmse=2.1805  lr=1.0e-04  230s
  -> best  monitor=5.282e-01
  batch 10/264  loss=0.5975
  batch 20/264  loss=0.5673
  batch 30/264  loss=0.4744
  batch 40/264  loss=0.6217
  batch 50/264  loss=0.5061
  batch 60/264  loss=0.5159
  batch 70/264  loss=0.7358
  batch 80/264  loss=0.6218
  batch 90/264  loss=0.6684
  batch 100/264  loss=0.5249
  batch 110/264  loss=0.4863
  batch 120/264  loss=0.5444
  batch 130/264  loss=0.4066
  batch 140/264  loss=1.3031
  batch 150/264  loss=0.4924
  batch 160/264  loss=0.4356
  batch 170/264  loss=0.3799
  batch 180/264  loss=0.4726
  batch 190/264  loss=0.5347
  batch 200/264  loss=0.7622
  batch 210/264  loss=0.5549
  batch 220/264  loss=0.4670
  batch 230/264  loss=0.4790
  batch 240/264  loss=0.3828
  batch 250/264  loss=0.4086
  batch 260/264  loss=0.5968
Epoch  78/300  train=5.256e-01  rmse=2.0707  lr=1.0e-04  229s
  -> best  monitor=5.256e-01
  batch 10/264  loss=0.5852
  batch 20/264  loss=0.4381
  batch 30/264  loss=0.6863
  batch 40/264  loss=0.4604
  batch 50/264  loss=0.4508
  batch 60/264  loss=0.7638
  batch 70/264  loss=0.6546
  batch 80/264  loss=0.5893
  batch 90/264  loss=0.4138
  batch 100/264  loss=0.7434
  batch 110/264  loss=0.5741
  batch 120/264  loss=0.4144
  batch 130/264  loss=0.5999
  batch 140/264  loss=0.4006
  batch 150/264  loss=0.5526
  batch 160/264  loss=0.4859
  batch 170/264  loss=0.5207
  batch 180/264  loss=0.5198
  batch 190/264  loss=0.3795
  batch 200/264  loss=0.4288
  batch 210/264  loss=0.4120
  batch 220/264  loss=0.5691
  batch 230/264  loss=0.5843
  batch 240/264  loss=0.4528
  batch 250/264  loss=0.5626
  batch 260/264  loss=0.4877
Epoch  79/300  train=5.218e-01  rmse=2.1510  lr=1.0e-04  228s
  -> best  monitor=5.218e-01
  batch 10/264  loss=0.4290
  batch 20/264  loss=0.4527
  batch 30/264  loss=0.5587
  batch 40/264  loss=0.3873
  batch 50/264  loss=0.4040
  batch 60/264  loss=0.4547
  batch 70/264  loss=0.4756
  batch 80/264  loss=0.4235
  batch 90/264  loss=0.3807
  batch 100/264  loss=0.3495
  batch 110/264  loss=0.4556
  batch 120/264  loss=1.1302
  batch 130/264  loss=0.6144
  batch 140/264  loss=0.4964
  batch 150/264  loss=0.4495
  batch 160/264  loss=0.3888
  batch 170/264  loss=0.6931
  batch 180/264  loss=0.7912
  batch 190/264  loss=0.4996
  batch 200/264  loss=0.6384
  batch 210/264  loss=0.4203
  batch 220/264  loss=0.4764
  batch 230/264  loss=0.4767
  batch 240/264  loss=0.5516
  batch 250/264  loss=0.5590
  batch 260/264  loss=0.3395
Epoch  80/300  train=5.329e-01  rmse=2.1103  lr=1.0e-04  230s
  batch 10/264  loss=0.5428
  batch 20/264  loss=0.5142
  batch 30/264  loss=0.5009
  batch 40/264  loss=0.4457
  batch 50/264  loss=0.4004
  batch 60/264  loss=0.5956
  batch 70/264  loss=0.3901
  batch 80/264  loss=0.7904
  batch 90/264  loss=0.4115
  batch 100/264  loss=0.3711
  batch 110/264  loss=0.4442
  batch 120/264  loss=0.4594
  batch 130/264  loss=0.3850
  batch 140/264  loss=0.6160
  batch 150/264  loss=0.5466
  batch 160/264  loss=0.6193
  batch 170/264  loss=0.4961
  batch 180/264  loss=0.5847
  batch 190/264  loss=0.5773
  batch 200/264  loss=0.3589
  batch 210/264  loss=0.5531
  batch 220/264  loss=0.6716
  batch 230/264  loss=0.5657
  batch 240/264  loss=0.5561
  batch 250/264  loss=0.5158
  batch 260/264  loss=0.4663
Epoch  81/300  train=5.260e-01  rmse=2.1369  lr=1.0e-04  230s
  batch 10/264  loss=0.5872
  batch 20/264  loss=0.3980
  batch 30/264  loss=0.7777
  batch 40/264  loss=0.5605
  batch 50/264  loss=0.3560
  batch 60/264  loss=0.4482
  batch 70/264  loss=0.4731
  batch 80/264  loss=0.5772
  batch 90/264  loss=0.4908
  batch 100/264  loss=0.6864
  batch 110/264  loss=0.6553
  batch 120/264  loss=0.3871
  batch 130/264  loss=0.6152
  batch 140/264  loss=0.6904
  batch 150/264  loss=0.4428
  batch 160/264  loss=0.4731
  batch 170/264  loss=0.4595
  batch 180/264  loss=0.4333
  batch 190/264  loss=0.4441
  batch 200/264  loss=0.3596
  batch 210/264  loss=0.4255
  batch 220/264  loss=0.7102
  batch 230/264  loss=0.3956
  batch 240/264  loss=0.3785
  batch 250/264  loss=0.6347
  batch 260/264  loss=0.8147
Epoch  82/300  train=5.125e-01  rmse=2.0189  lr=1.0e-04  229s
  -> best  monitor=5.125e-01
  batch 10/264  loss=0.4571
  batch 20/264  loss=0.5081
  batch 30/264  loss=0.7503
  batch 40/264  loss=0.4890
  batch 50/264  loss=0.4690
  batch 60/264  loss=0.5074
  batch 70/264  loss=0.5051
  batch 80/264  loss=0.8844
  batch 90/264  loss=0.5143
  batch 100/264  loss=0.5383
  batch 110/264  loss=0.5317
  batch 120/264  loss=0.4627
  batch 130/264  loss=0.7050
  batch 140/264  loss=0.5002
  batch 150/264  loss=0.9291
  batch 160/264  loss=0.5174
  batch 170/264  loss=0.4649
  batch 180/264  loss=0.5790
  batch 190/264  loss=0.4558
  batch 200/264  loss=0.4739
  batch 210/264  loss=0.4760
  batch 220/264  loss=0.4453
  batch 230/264  loss=0.8156
  batch 240/264  loss=0.5610
  batch 250/264  loss=0.5434
  batch 260/264  loss=0.6294
Epoch  83/300  train=5.247e-01  rmse=2.1511  lr=1.0e-04  230s
  batch 10/264  loss=0.4434
  batch 20/264  loss=0.7659
  batch 30/264  loss=0.4029
  batch 40/264  loss=0.7190
  batch 50/264  loss=0.3850
  batch 60/264  loss=0.4550
  batch 70/264  loss=0.5731
  batch 80/264  loss=0.4748
  batch 90/264  loss=0.6244
  batch 100/264  loss=0.7267
  batch 110/264  loss=0.4691
  batch 120/264  loss=0.5313
  batch 130/264  loss=0.5815
  batch 140/264  loss=0.4468
  batch 150/264  loss=0.4030
  batch 160/264  loss=0.3895
  batch 170/264  loss=0.3922
  batch 180/264  loss=0.6897
  batch 190/264  loss=0.5615
  batch 200/264  loss=0.4371
  batch 210/264  loss=0.5688
  batch 220/264  loss=0.5157
  batch 230/264  loss=0.4964
  batch 240/264  loss=0.4324
  batch 250/264  loss=0.5467
  batch 260/264  loss=0.8601
Epoch  84/300  train=5.103e-01  rmse=2.0795  lr=1.0e-04  230s
  -> best  monitor=5.103e-01
  batch 10/264  loss=0.4612
  batch 20/264  loss=0.4528
  batch 30/264  loss=0.5681
  batch 40/264  loss=0.5366
  batch 50/264  loss=0.4959
  batch 60/264  loss=0.4984
  batch 70/264  loss=0.7256
  batch 80/264  loss=0.6596
  batch 90/264  loss=0.6431
  batch 100/264  loss=0.3926
  batch 110/264  loss=0.5825
  batch 120/264  loss=0.3971
  batch 130/264  loss=0.4463
  batch 140/264  loss=0.4778
  batch 150/264  loss=0.5027
  batch 160/264  loss=0.3501
  batch 170/264  loss=0.4518
  batch 180/264  loss=0.3907
  batch 190/264  loss=0.7651
  batch 200/264  loss=0.4180
  batch 210/264  loss=0.4198
  batch 220/264  loss=0.6677
  batch 230/264  loss=0.5026
  batch 240/264  loss=0.5482
  batch 250/264  loss=0.5718
  batch 260/264  loss=1.4690
Epoch  85/300  train=5.151e-01  rmse=2.0936  lr=1.0e-04  231s
  batch 10/264  loss=0.4859
  batch 20/264  loss=0.5627
  batch 30/264  loss=0.4861
  batch 40/264  loss=0.6815
  batch 50/264  loss=0.5490
  batch 60/264  loss=0.5025
  batch 70/264  loss=0.4766
  batch 80/264  loss=0.3812
  batch 90/264  loss=0.6129
  batch 100/264  loss=0.5365
  batch 110/264  loss=0.3933
  batch 120/264  loss=0.4941
  batch 130/264  loss=0.4735
  batch 140/264  loss=0.4427
  batch 150/264  loss=0.3929
  batch 160/264  loss=0.4711
  batch 170/264  loss=0.5268
  batch 180/264  loss=0.5322
  batch 190/264  loss=0.5530
  batch 200/264  loss=0.9734
  batch 210/264  loss=0.6888
  batch 220/264  loss=0.4308
  batch 230/264  loss=0.5432
  batch 240/264  loss=0.6761
  batch 250/264  loss=0.5597
  batch 260/264  loss=0.5533
Epoch  86/300  train=5.231e-01  rmse=2.0847  lr=1.0e-04  230s
  batch 10/264  loss=0.4270
  batch 20/264  loss=0.5492
  batch 30/264  loss=0.4619
  batch 40/264  loss=0.3779
  batch 50/264  loss=0.4255
  batch 60/264  loss=0.5137
  batch 70/264  loss=0.3840
  batch 80/264  loss=0.4819
  batch 90/264  loss=0.4891
  batch 100/264  loss=0.5287
  batch 110/264  loss=0.5435
  batch 120/264  loss=0.5787
  batch 130/264  loss=0.4889
  batch 140/264  loss=0.5462
  batch 150/264  loss=0.6161
  batch 160/264  loss=0.4142
  batch 170/264  loss=0.5599
  batch 180/264  loss=0.4108
  batch 190/264  loss=0.3674
  batch 200/264  loss=0.4250
  batch 210/264  loss=0.3918
  batch 220/264  loss=0.9849
  batch 230/264  loss=0.4453
  batch 240/264  loss=0.4583
  batch 250/264  loss=0.8256
  batch 260/264  loss=0.4959
Epoch  87/300  train=5.192e-01  rmse=2.1189  lr=1.0e-04  230s
  batch 10/264  loss=0.4792
  batch 20/264  loss=0.3530
  batch 30/264  loss=1.6888
  batch 40/264  loss=0.6071
  batch 50/264  loss=0.4091
  batch 60/264  loss=0.5834
  batch 70/264  loss=0.5568
  batch 80/264  loss=0.5941
  batch 90/264  loss=0.3978
  batch 100/264  loss=0.5799
  batch 110/264  loss=0.5174
  batch 120/264  loss=0.3718
  batch 130/264  loss=0.5060
  batch 140/264  loss=0.4363
  batch 150/264  loss=0.5372
  batch 160/264  loss=0.4659
  batch 170/264  loss=0.4185
  batch 180/264  loss=0.6987
  batch 190/264  loss=0.4604
  batch 200/264  loss=0.4609
  batch 210/264  loss=0.4148
  batch 220/264  loss=0.5808
  batch 230/264  loss=0.9505
  batch 240/264  loss=0.5129
  batch 250/264  loss=0.5841
  batch 260/264  loss=0.8112
Epoch  88/300  train=5.190e-01  rmse=2.1798  lr=1.0e-04  230s
  batch 10/264  loss=0.3395
  batch 20/264  loss=1.1143
  batch 30/264  loss=0.3664
  batch 40/264  loss=0.4965
  batch 50/264  loss=0.4873
  batch 60/264  loss=0.7292
  batch 70/264  loss=0.4872
  batch 80/264  loss=0.4356
  batch 90/264  loss=0.7657
  batch 100/264  loss=0.3884
  batch 110/264  loss=0.7715
  batch 120/264  loss=0.6034
  batch 130/264  loss=0.4318
  batch 140/264  loss=0.4001
  batch 150/264  loss=0.5692
  batch 160/264  loss=0.4524
  batch 170/264  loss=0.4041
  batch 180/264  loss=0.6469
  batch 190/264  loss=0.7521
  batch 200/264  loss=0.5448
  batch 210/264  loss=0.5227
  batch 220/264  loss=0.5940
  batch 230/264  loss=0.6524
  batch 240/264  loss=0.3710
  batch 250/264  loss=0.4452
  batch 260/264  loss=0.5721
Epoch  89/300  train=5.114e-01  rmse=2.0707  lr=1.0e-04  229s
  batch 10/264  loss=0.5835
  batch 20/264  loss=0.4490
  batch 30/264  loss=0.5365
  batch 40/264  loss=0.5736
  batch 50/264  loss=0.4041
  batch 60/264  loss=0.7046
  batch 70/264  loss=0.5858
  batch 80/264  loss=0.5330
  batch 90/264  loss=0.6117
  batch 100/264  loss=0.4779
  batch 110/264  loss=0.4252
  batch 120/264  loss=0.5919
  batch 130/264  loss=0.4754
  batch 140/264  loss=0.4367
  batch 150/264  loss=0.4585
  batch 160/264  loss=0.4837
  batch 170/264  loss=0.5196
  batch 180/264  loss=0.5396
  batch 190/264  loss=0.5438
  batch 200/264  loss=0.3771
  batch 210/264  loss=0.3997
  batch 220/264  loss=0.4887
  batch 230/264  loss=0.3883
  batch 240/264  loss=0.4365
  batch 250/264  loss=0.3368
  batch 260/264  loss=0.6266
Epoch  90/300  train=5.260e-01  rmse=2.1364  lr=1.0e-04  230s
  batch 10/264  loss=0.4292
  batch 20/264  loss=0.4162
  batch 30/264  loss=0.4007
  batch 40/264  loss=0.3776
  batch 50/264  loss=0.6056
  batch 60/264  loss=0.6071
  batch 70/264  loss=0.4708
  batch 80/264  loss=0.3897
  batch 90/264  loss=0.4174
  batch 100/264  loss=0.4954
  batch 110/264  loss=0.4213
  batch 120/264  loss=0.4277
  batch 130/264  loss=0.6111
  batch 140/264  loss=0.6675
  batch 150/264  loss=0.3884
  batch 160/264  loss=0.4537
  batch 170/264  loss=0.5380
  batch 180/264  loss=0.4670
  batch 190/264  loss=0.5217
  batch 200/264  loss=0.4136
  batch 210/264  loss=0.5121
  batch 220/264  loss=0.4534
  batch 230/264  loss=0.3645
  batch 240/264  loss=0.3800
  batch 250/264  loss=0.4668
  batch 260/264  loss=0.4109
Epoch  91/300  train=4.997e-01  rmse=2.0595  lr=1.0e-04  230s
  -> best  monitor=4.997e-01
  batch 10/264  loss=0.5317
  batch 20/264  loss=0.5037
  batch 30/264  loss=0.4741
  batch 40/264  loss=0.4547
  batch 50/264  loss=0.5926
  batch 60/264  loss=0.4278
  batch 70/264  loss=0.4222
  batch 80/264  loss=0.4363
  batch 90/264  loss=0.4974
  batch 100/264  loss=0.3759
  batch 110/264  loss=0.6496
  batch 120/264  loss=0.7003
  batch 130/264  loss=0.5415
  batch 140/264  loss=0.5795
  batch 150/264  loss=0.4410
  batch 160/264  loss=0.4004
  batch 170/264  loss=1.1110
  batch 180/264  loss=0.4133
  batch 190/264  loss=0.4106
  batch 200/264  loss=0.4457
  batch 210/264  loss=0.5063
  batch 220/264  loss=0.4819
  batch 230/264  loss=0.8539
  batch 240/264  loss=0.5716
  batch 250/264  loss=0.3519
  batch 260/264  loss=0.3930
Epoch  92/300  train=5.060e-01  rmse=2.1262  lr=1.0e-04  230s
  batch 10/264  loss=0.4845
  batch 20/264  loss=0.3963
  batch 30/264  loss=0.6137
  batch 40/264  loss=0.4981
  batch 50/264  loss=0.5034
  batch 60/264  loss=0.4130
  batch 70/264  loss=0.4563
  batch 80/264  loss=0.4976
  batch 90/264  loss=0.4316
  batch 100/264  loss=0.8417
  batch 110/264  loss=1.0404
  batch 120/264  loss=0.4702
  batch 130/264  loss=0.4299
  batch 140/264  loss=0.4907
  batch 150/264  loss=0.4941
  batch 160/264  loss=0.4869
  batch 170/264  loss=0.4113
  batch 180/264  loss=0.6873
  batch 190/264  loss=0.5461
  batch 200/264  loss=0.5180
  batch 210/264  loss=0.4180
  batch 220/264  loss=0.4004
  batch 230/264  loss=0.3708
  batch 240/264  loss=0.7890
  batch 250/264  loss=0.7665
  batch 260/264  loss=0.4088
Epoch  93/300  train=5.176e-01  rmse=2.0954  lr=1.0e-04  236s
  batch 10/264  loss=0.3592
  batch 20/264  loss=0.6092
  batch 30/264  loss=0.4064
  batch 40/264  loss=0.3614
  batch 50/264  loss=0.4437
  batch 60/264  loss=0.5912
  batch 70/264  loss=0.4373
  batch 80/264  loss=0.5204
  batch 90/264  loss=0.3561
  batch 100/264  loss=0.4184
  batch 110/264  loss=0.4953
  batch 120/264  loss=0.5251
  batch 130/264  loss=0.3578
  batch 140/264  loss=0.3786
  batch 150/264  loss=0.3954
  batch 160/264  loss=0.3987
  batch 170/264  loss=0.3959
  batch 180/264  loss=0.3549
  batch 190/264  loss=0.3871
  batch 200/264  loss=0.3526
  batch 210/264  loss=0.5564
  batch 220/264  loss=0.5025
  batch 230/264  loss=0.4049
  batch 240/264  loss=0.4669
  batch 250/264  loss=0.5293
  batch 260/264  loss=0.5929
Epoch  94/300  train=5.101e-01  rmse=2.1596  lr=1.0e-04  235s
  batch 10/264  loss=0.4364
  batch 20/264  loss=0.4743
  batch 30/264  loss=0.4183
  batch 40/264  loss=0.5446
  batch 50/264  loss=0.4594
  batch 60/264  loss=0.4763
  batch 70/264  loss=0.4616
  batch 80/264  loss=0.4300
  batch 90/264  loss=0.3566
  batch 100/264  loss=0.5957
  batch 110/264  loss=0.3648
  batch 120/264  loss=0.4543
  batch 130/264  loss=0.4766
  batch 140/264  loss=0.4823
  batch 150/264  loss=0.4870
  batch 160/264  loss=0.5598
  batch 170/264  loss=0.4160
  batch 180/264  loss=0.4759
  batch 190/264  loss=0.6268
  batch 200/264  loss=0.4564
  batch 210/264  loss=0.3603
  batch 220/264  loss=0.4317
  batch 230/264  loss=0.4903
  batch 240/264  loss=0.4040
  batch 250/264  loss=0.7897
  batch 260/264  loss=0.5460
Epoch  95/300  train=5.066e-01  rmse=2.0829  lr=1.0e-04  235s
  batch 10/264  loss=0.4760
  batch 20/264  loss=0.5822
  batch 30/264  loss=0.3551
  batch 40/264  loss=0.4877
  batch 50/264  loss=0.4893
  batch 60/264  loss=0.4870
  batch 70/264  loss=0.5798
  batch 80/264  loss=0.4438
  batch 90/264  loss=0.4381
  batch 100/264  loss=0.3844
  batch 110/264  loss=0.3767
  batch 120/264  loss=0.5348
  batch 130/264  loss=0.4216
  batch 140/264  loss=0.4839
  batch 150/264  loss=0.7124
  batch 160/264  loss=0.4863
  batch 170/264  loss=0.4575
  batch 180/264  loss=0.5430
  batch 190/264  loss=0.4015
  batch 200/264  loss=0.3982
  batch 210/264  loss=0.3630
  batch 220/264  loss=0.5310
  batch 230/264  loss=0.3933
  batch 240/264  loss=0.4560
  batch 250/264  loss=0.3882
  batch 260/264  loss=0.4437
Epoch  96/300  train=4.986e-01  rmse=2.1291  lr=1.0e-04  234s
  -> best  monitor=4.986e-01
  batch 10/264  loss=0.4704
  batch 20/264  loss=0.3746
  batch 30/264  loss=0.4095
  batch 40/264  loss=0.4927
  batch 50/264  loss=0.4259
  batch 60/264  loss=0.3988
  batch 70/264  loss=0.6289
  batch 80/264  loss=0.4781
  batch 90/264  loss=0.3631
  batch 100/264  loss=0.5856
  batch 110/264  loss=0.6117
  batch 120/264  loss=0.4506
  batch 130/264  loss=0.5737
  batch 140/264  loss=0.4784
  batch 150/264  loss=0.5910
  batch 160/264  loss=0.3964
  batch 170/264  loss=0.3744
  batch 180/264  loss=0.3970
  batch 190/264  loss=0.7549
  batch 200/264  loss=0.4451
  batch 210/264  loss=0.4301
  batch 220/264  loss=0.7677
  batch 230/264  loss=0.8472
  batch 240/264  loss=0.3879
  batch 250/264  loss=0.4315
  batch 260/264  loss=0.4894
Epoch  97/300  train=5.020e-01  rmse=2.0762  lr=1.0e-04  231s
  batch 10/264  loss=0.4432
  batch 20/264  loss=0.4220
  batch 30/264  loss=0.5351
  batch 40/264  loss=0.3484
  batch 50/264  loss=0.3531
  batch 60/264  loss=0.4318
  batch 70/264  loss=0.4154
  batch 80/264  loss=0.4822
  batch 90/264  loss=0.3954
  batch 100/264  loss=0.3933
  batch 110/264  loss=0.5184
  batch 120/264  loss=0.6793
  batch 130/264  loss=0.4762
  batch 140/264  loss=0.6404
  batch 150/264  loss=0.6998
  batch 160/264  loss=0.6016
  batch 170/264  loss=0.3611
  batch 180/264  loss=0.9928
  batch 190/264  loss=0.3916
  batch 200/264  loss=0.4155
  batch 210/264  loss=0.5377
  batch 220/264  loss=0.3989
  batch 230/264  loss=0.5309
  batch 240/264  loss=0.5289
  batch 250/264  loss=0.5784
  batch 260/264  loss=0.4327
Epoch  98/300  train=4.992e-01  rmse=2.1289  lr=1.0e-04  231s
  batch 10/264  loss=0.3692
  batch 20/264  loss=0.3621
  batch 30/264  loss=0.5337
  batch 40/264  loss=0.3529
  batch 50/264  loss=0.4995
  batch 60/264  loss=0.4485
  batch 70/264  loss=0.5969
  batch 80/264  loss=0.4194
  batch 90/264  loss=0.4182
  batch 100/264  loss=0.4390
  batch 110/264  loss=0.5126
  batch 120/264  loss=0.4517
  batch 130/264  loss=0.4235
  batch 140/264  loss=0.5418
  batch 150/264  loss=0.3547
  batch 160/264  loss=0.3837
  batch 170/264  loss=0.3976
  batch 180/264  loss=0.4077
  batch 190/264  loss=0.4933
  batch 200/264  loss=0.6214
  batch 210/264  loss=0.3976
  batch 220/264  loss=0.5826
  batch 230/264  loss=0.3858
  batch 240/264  loss=0.5832
  batch 250/264  loss=0.7121
  batch 260/264  loss=0.4461
Epoch  99/300  train=5.029e-01  rmse=2.0632  lr=1.0e-04  230s
  batch 10/264  loss=0.4405
  batch 20/264  loss=0.3702
  batch 30/264  loss=0.3965
  batch 40/264  loss=0.6841
  batch 50/264  loss=0.5018
  batch 60/264  loss=0.3352
  batch 70/264  loss=0.5291
  batch 80/264  loss=0.5133
  batch 90/264  loss=0.5187
  batch 100/264  loss=0.8048
  batch 110/264  loss=0.4957
  batch 120/264  loss=0.7101
  batch 130/264  loss=0.4928
  batch 140/264  loss=0.4351
  batch 150/264  loss=0.4259
  batch 160/264  loss=0.4812
  batch 170/264  loss=0.4929
  batch 180/264  loss=0.3824
  batch 190/264  loss=0.3242
  batch 200/264  loss=0.4534
  batch 210/264  loss=0.4337
  batch 220/264  loss=0.4577
  batch 230/264  loss=0.3823
  batch 240/264  loss=0.3445
  batch 250/264  loss=0.4241
  batch 260/264  loss=0.5524
Epoch 100/300  train=5.006e-01  rmse=2.0760  lr=1.0e-04  230s
  batch 10/264  loss=0.6532
  batch 20/264  loss=0.3402
  batch 30/264  loss=0.4446
  batch 40/264  loss=0.7516
  batch 50/264  loss=0.3881
  batch 60/264  loss=0.3830
  batch 70/264  loss=0.3758
  batch 80/264  loss=0.3672
  batch 90/264  loss=0.4497
  batch 100/264  loss=0.8515
  batch 110/264  loss=0.4173
  batch 120/264  loss=0.5395
  batch 130/264  loss=0.4766
  batch 140/264  loss=0.5392
  batch 150/264  loss=0.5018
  batch 160/264  loss=0.3683
  batch 170/264  loss=0.3875
  batch 180/264  loss=0.4901
  batch 190/264  loss=0.5723
  batch 200/264  loss=0.3995
  batch 210/264  loss=0.6306
  batch 220/264  loss=0.5817
  batch 230/264  loss=0.5073
  batch 240/264  loss=0.7285
  batch 250/264  loss=0.5502
  batch 260/264  loss=0.3539
Epoch 101/300  train=5.007e-01  rmse=2.0389  lr=1.0e-04  231s
  batch 10/264  loss=0.4199
  batch 20/264  loss=0.3946
  batch 30/264  loss=0.5200
  batch 40/264  loss=0.6314
  batch 50/264  loss=0.4957
  batch 60/264  loss=0.7299
  batch 70/264  loss=0.6429
  batch 80/264  loss=0.4469
  batch 90/264  loss=0.3947
  batch 100/264  loss=0.3783
  batch 110/264  loss=0.4567
  batch 120/264  loss=0.4027
  batch 130/264  loss=0.4285
  batch 140/264  loss=0.3884
  batch 150/264  loss=0.4554
  batch 160/264  loss=0.5085
  batch 170/264  loss=0.3776
  batch 180/264  loss=0.6794
  batch 190/264  loss=0.6971
  batch 200/264  loss=0.3201
  batch 210/264  loss=0.4798
  batch 220/264  loss=0.3827
  batch 230/264  loss=0.4766
  batch 240/264  loss=0.4984
  batch 250/264  loss=0.4447
  batch 260/264  loss=0.3860
Epoch 102/300  train=4.923e-01  rmse=2.0247  lr=1.0e-04  231s
  -> best  monitor=4.923e-01
  batch 10/264  loss=0.3662
  batch 20/264  loss=0.3566
  batch 30/264  loss=0.4681
  batch 40/264  loss=0.4100
  batch 50/264  loss=0.3343
  batch 60/264  loss=0.7246
  batch 70/264  loss=0.4406
  batch 80/264  loss=0.4962
  batch 90/264  loss=0.3677
  batch 100/264  loss=0.5036
  batch 110/264  loss=0.4580
  batch 120/264  loss=0.5895
  batch 130/264  loss=0.4586
  batch 140/264  loss=0.3659
  batch 150/264  loss=0.5399
  batch 160/264  loss=0.3601
  batch 170/264  loss=0.7661
  batch 180/264  loss=0.4489
  batch 190/264  loss=0.5465
  batch 200/264  loss=0.5421
  batch 210/264  loss=0.3969
  batch 220/264  loss=0.5493
  batch 230/264  loss=0.6775
  batch 240/264  loss=1.2114
  batch 250/264  loss=0.4206
  batch 260/264  loss=0.3623
Epoch 103/300  train=4.924e-01  rmse=2.0011  lr=1.0e-04  231s
  batch 10/264  loss=0.3701
  batch 20/264  loss=0.6701
  batch 30/264  loss=0.5573
  batch 40/264  loss=0.3735
  batch 50/264  loss=0.4933
  batch 60/264  loss=0.4126
  batch 70/264  loss=0.6351
  batch 80/264  loss=0.5910
  batch 90/264  loss=0.6156
  batch 100/264  loss=0.3498
  batch 110/264  loss=0.7474
  batch 120/264  loss=1.1463
  batch 130/264  loss=0.4991
  batch 140/264  loss=0.6770
  batch 150/264  loss=0.3766
  batch 160/264  loss=0.3754
  batch 170/264  loss=0.6143
  batch 180/264  loss=0.6238
  batch 190/264  loss=0.4309
  batch 200/264  loss=0.4885
  batch 210/264  loss=0.5032
  batch 220/264  loss=0.3794
  batch 230/264  loss=0.3095
  batch 240/264  loss=0.4156
  batch 250/264  loss=0.6510
  batch 260/264  loss=0.5267
Epoch 104/300  train=4.965e-01  rmse=1.9953  lr=1.0e-04  230s
  batch 10/264  loss=0.5475
  batch 20/264  loss=0.4751
  batch 30/264  loss=0.5108
  batch 40/264  loss=0.4595
  batch 50/264  loss=0.5059
  batch 60/264  loss=0.4330
  batch 70/264  loss=0.3686
  batch 80/264  loss=0.6449
  batch 90/264  loss=0.7290
  batch 100/264  loss=0.5388
  batch 110/264  loss=0.6572
  batch 120/264  loss=0.3492
  batch 130/264  loss=0.4850
  batch 140/264  loss=0.5803
  batch 150/264  loss=0.4715
  batch 160/264  loss=0.5236
  batch 170/264  loss=0.5144
  batch 180/264  loss=0.4018
  batch 190/264  loss=0.4933
  batch 200/264  loss=0.7020
  batch 210/264  loss=0.4306
  batch 220/264  loss=0.6047
  batch 230/264  loss=0.3885
  batch 240/264  loss=0.3964
  batch 250/264  loss=0.3981
  batch 260/264  loss=0.5000
Epoch 105/300  train=5.018e-01  rmse=2.0735  lr=1.0e-04  231s
  batch 10/264  loss=0.4709
  batch 20/264  loss=0.4646
  batch 30/264  loss=0.5559
  batch 40/264  loss=0.6715
  batch 50/264  loss=0.3609
  batch 60/264  loss=0.3571
  batch 70/264  loss=0.7327
  batch 80/264  loss=0.3980
  batch 90/264  loss=0.4349
  batch 100/264  loss=0.5593
  batch 110/264  loss=0.4545
  batch 120/264  loss=0.4309
  batch 130/264  loss=0.3723
  batch 140/264  loss=0.7774
  batch 150/264  loss=0.4415
  batch 160/264  loss=0.4227
  batch 170/264  loss=0.4710
  batch 180/264  loss=0.3501
  batch 190/264  loss=0.3786
  batch 200/264  loss=0.6253
  batch 210/264  loss=0.3773
  batch 220/264  loss=0.5510
  batch 230/264  loss=0.3578
  batch 240/264  loss=0.4719
  batch 250/264  loss=0.4491
  batch 260/264  loss=0.4232
Epoch 106/300  train=4.917e-01  rmse=2.0065  lr=1.0e-04  231s
  -> best  monitor=4.917e-01
  batch 10/264  loss=0.5007
  batch 20/264  loss=0.5404
  batch 30/264  loss=0.5470
  batch 40/264  loss=0.4663
  batch 50/264  loss=0.3842
  batch 60/264  loss=0.4451
  batch 70/264  loss=0.4931
  batch 80/264  loss=0.5969
  batch 90/264  loss=0.3455
  batch 100/264  loss=0.3755
  batch 110/264  loss=0.4569
  batch 120/264  loss=0.3809
  batch 130/264  loss=0.3410
  batch 140/264  loss=0.3712
  batch 150/264  loss=0.3956
  batch 160/264  loss=0.6617
  batch 170/264  loss=0.3906
  batch 180/264  loss=0.4427
  batch 190/264  loss=0.7988
  batch 200/264  loss=0.8059
  batch 210/264  loss=0.4661
  batch 220/264  loss=0.5251
  batch 230/264  loss=0.4572
  batch 240/264  loss=0.3633
  batch 250/264  loss=0.4897
  batch 260/264  loss=0.5933
Epoch 107/300  train=4.825e-01  rmse=1.9994  lr=1.0e-04  231s
  -> best  monitor=4.825e-01
  batch 10/264  loss=0.4339
  batch 20/264  loss=0.4897
  batch 30/264  loss=0.4836
  batch 40/264  loss=0.5068
  batch 50/264  loss=0.4842
  batch 60/264  loss=0.5030
  batch 70/264  loss=0.4583
  batch 80/264  loss=0.4159
  batch 90/264  loss=0.4181
  batch 100/264  loss=0.5761
  batch 110/264  loss=0.3699
  batch 120/264  loss=0.4147
  batch 130/264  loss=0.5325
  batch 140/264  loss=0.4531
  batch 150/264  loss=0.3875
  batch 160/264  loss=0.6005
  batch 170/264  loss=0.4765
  batch 180/264  loss=0.4223
  batch 190/264  loss=0.4342
  batch 200/264  loss=0.3662
  batch 210/264  loss=0.3692
  batch 220/264  loss=0.7478
  batch 230/264  loss=0.3921
  batch 240/264  loss=0.4782
  batch 250/264  loss=0.3533
  batch 260/264  loss=0.6583
Epoch 108/300  train=4.818e-01  rmse=1.9841  lr=1.0e-04  230s
  -> best  monitor=4.818e-01
  batch 10/264  loss=0.3801
  batch 20/264  loss=0.5435
  batch 30/264  loss=0.4010
  batch 40/264  loss=0.4182
  batch 50/264  loss=0.6777
  batch 60/264  loss=0.4620
  batch 70/264  loss=0.4250
  batch 80/264  loss=0.3566
  batch 90/264  loss=0.4230
  batch 100/264  loss=0.6082
  batch 110/264  loss=0.3512
  batch 120/264  loss=0.3652
  batch 130/264  loss=0.4944
  batch 140/264  loss=0.3800
  batch 150/264  loss=0.4618
  batch 160/264  loss=0.4643
  batch 170/264  loss=0.3786
  batch 180/264  loss=0.3933
  batch 190/264  loss=0.5896
  batch 200/264  loss=0.4342
  batch 210/264  loss=0.3822
  batch 220/264  loss=0.6597
  batch 230/264  loss=0.3960
  batch 240/264  loss=0.3784
  batch 250/264  loss=0.6134
  batch 260/264  loss=0.3453
Epoch 109/300  train=4.911e-01  rmse=2.0733  lr=1.0e-04  231s
  batch 10/264  loss=0.5094
  batch 20/264  loss=0.4784
  batch 30/264  loss=0.4278
  batch 40/264  loss=0.4691
  batch 50/264  loss=0.5001
  batch 60/264  loss=0.3936
  batch 70/264  loss=0.3468
  batch 80/264  loss=0.5043
  batch 90/264  loss=0.4556
  batch 100/264  loss=0.3519
  batch 110/264  loss=0.3562
  batch 120/264  loss=0.4413
  batch 130/264  loss=0.7160
  batch 140/264  loss=0.4803
  batch 150/264  loss=0.3952
  batch 160/264  loss=0.4350
  batch 170/264  loss=0.4812
  batch 180/264  loss=0.3576
  batch 190/264  loss=0.4012
  batch 200/264  loss=0.5245
  batch 210/264  loss=0.4035
  batch 220/264  loss=0.4533
  batch 230/264  loss=0.7672
  batch 240/264  loss=0.5023
  batch 250/264  loss=0.3879
  batch 260/264  loss=0.4212
Epoch 110/300  train=4.893e-01  rmse=2.0499  lr=1.0e-04  229s
  batch 10/264  loss=0.4342
  batch 20/264  loss=0.9127
  batch 30/264  loss=0.6476
  batch 40/264  loss=0.3724
  batch 50/264  loss=0.4492
  batch 60/264  loss=0.5076
  batch 70/264  loss=0.4148
  batch 80/264  loss=0.4520
  batch 90/264  loss=0.7514
  batch 100/264  loss=0.4772
  batch 110/264  loss=0.3976
  batch 120/264  loss=0.3686
  batch 130/264  loss=0.6562
  batch 140/264  loss=0.4252
  batch 150/264  loss=0.3363
  batch 160/264  loss=0.5125
  batch 170/264  loss=0.4130
  batch 180/264  loss=0.6305
  batch 190/264  loss=0.4803
  batch 200/264  loss=0.7289
  batch 210/264  loss=0.4170
  batch 220/264  loss=0.4190
  batch 230/264  loss=0.7086
  batch 240/264  loss=0.6442
  batch 250/264  loss=0.6010
  batch 260/264  loss=0.5790
Epoch 111/300  train=4.933e-01  rmse=2.0161  lr=1.0e-04  230s
  batch 10/264  loss=0.3835
  batch 20/264  loss=0.4183
  batch 30/264  loss=0.4900
  batch 40/264  loss=0.4278
  batch 50/264  loss=0.4312
  batch 60/264  loss=0.6537
  batch 70/264  loss=0.4118
  batch 80/264  loss=0.4423
  batch 90/264  loss=0.5116
  batch 100/264  loss=0.5783
  batch 110/264  loss=0.5713
  batch 120/264  loss=0.5077
  batch 130/264  loss=0.4485
  batch 140/264  loss=0.5412
  batch 150/264  loss=0.6326
  batch 160/264  loss=0.3530
  batch 170/264  loss=0.4976
  batch 180/264  loss=0.3378
  batch 190/264  loss=0.4577
  batch 200/264  loss=0.5863
  batch 210/264  loss=0.3570
  batch 220/264  loss=0.6806
  batch 230/264  loss=0.4913
  batch 240/264  loss=0.6965
  batch 250/264  loss=0.4402
  batch 260/264  loss=0.5130
Epoch 112/300  train=4.915e-01  rmse=2.0322  lr=1.0e-04  230s
  batch 10/264  loss=0.4670
  batch 20/264  loss=0.3587
  batch 30/264  loss=0.4905
  batch 40/264  loss=0.5859
  batch 50/264  loss=0.5372
  batch 60/264  loss=0.3838
  batch 70/264  loss=0.3578
  batch 80/264  loss=0.5285
  batch 90/264  loss=0.5639
  batch 100/264  loss=0.5241
  batch 110/264  loss=0.6096
  batch 120/264  loss=1.4456
  batch 130/264  loss=0.9073
  batch 140/264  loss=0.5891
  batch 150/264  loss=0.3947
  batch 160/264  loss=0.3185
  batch 170/264  loss=0.7359
  batch 180/264  loss=0.5578
  batch 190/264  loss=0.3673
  batch 200/264  loss=0.4100
  batch 210/264  loss=0.3600
  batch 220/264  loss=0.3780
  batch 230/264  loss=0.6931
  batch 240/264  loss=0.4473
  batch 250/264  loss=0.5169
  batch 260/264  loss=0.4419
Epoch 113/300  train=4.883e-01  rmse=2.0224  lr=1.0e-04  230s
  batch 10/264  loss=0.4231
  batch 20/264  loss=0.3797
  batch 30/264  loss=0.8526
  batch 40/264  loss=0.3944
  batch 50/264  loss=0.5384
  batch 60/264  loss=0.5061
  batch 70/264  loss=0.3900
  batch 80/264  loss=0.7379
  batch 90/264  loss=0.4330
  batch 100/264  loss=0.5211
  batch 110/264  loss=0.4664
  batch 120/264  loss=0.5838
  batch 130/264  loss=0.3898
  batch 140/264  loss=0.4822
  batch 150/264  loss=0.7126
  batch 160/264  loss=0.7657
  batch 170/264  loss=0.4292
  batch 180/264  loss=0.3659
  batch 190/264  loss=0.4087
  batch 200/264  loss=0.6221
  batch 210/264  loss=0.4690
  batch 220/264  loss=0.4542
  batch 230/264  loss=0.7038
  batch 240/264  loss=0.3456
  batch 250/264  loss=0.4208
  batch 260/264  loss=0.3880
Epoch 114/300  train=4.938e-01  rmse=2.1329  lr=1.0e-04  230s
  batch 10/264  loss=0.4058
  batch 20/264  loss=0.3734
  batch 30/264  loss=0.5564
  batch 40/264  loss=0.3732
  batch 50/264  loss=0.4035
  batch 60/264  loss=0.4050
  batch 70/264  loss=0.5263
  batch 80/264  loss=0.7088
  batch 90/264  loss=0.4838
  batch 100/264  loss=0.3833
  batch 110/264  loss=0.4021
  batch 120/264  loss=0.4039
  batch 130/264  loss=0.4766
  batch 140/264  loss=0.3580
  batch 150/264  loss=0.5841
  batch 160/264  loss=0.3677
  batch 170/264  loss=0.4052
  batch 180/264  loss=0.4879
  batch 190/264  loss=0.4548
  batch 200/264  loss=0.5118
  batch 210/264  loss=0.3777
  batch 220/264  loss=0.3710
  batch 230/264  loss=0.3947
  batch 240/264  loss=0.3881
  batch 250/264  loss=0.5934
  batch 260/264  loss=0.3440
Epoch 115/300  train=4.817e-01  rmse=2.0372  lr=1.0e-04  232s
  -> best  monitor=4.817e-01
  batch 10/264  loss=0.4074
  batch 20/264  loss=0.7201
  batch 30/264  loss=0.6083
  batch 40/264  loss=0.4614
  batch 50/264  loss=0.4176
  batch 60/264  loss=0.5589
  batch 70/264  loss=0.5585
  batch 80/264  loss=0.3582
  batch 90/264  loss=0.8999
  batch 100/264  loss=0.5557
  batch 110/264  loss=0.5847
  batch 120/264  loss=0.3801
  batch 130/264  loss=0.6201
  batch 140/264  loss=0.5023
  batch 150/264  loss=0.4679
  batch 160/264  loss=0.6062
  batch 170/264  loss=0.4629
  batch 180/264  loss=0.3740
  batch 190/264  loss=0.4904
  batch 200/264  loss=0.3923
  batch 210/264  loss=0.7022
  batch 220/264  loss=0.8868
  batch 230/264  loss=0.6175
  batch 240/264  loss=0.4732
  batch 250/264  loss=0.5087
  batch 260/264  loss=0.4408
Epoch 116/300  train=4.782e-01  rmse=1.9689  lr=1.0e-04  230s
  -> best  monitor=4.782e-01
  batch 10/264  loss=0.4792
  batch 20/264  loss=0.5098
  batch 30/264  loss=0.3443
  batch 40/264  loss=0.3551
  batch 50/264  loss=0.5185
  batch 60/264  loss=0.4790
  batch 70/264  loss=0.3949
  batch 80/264  loss=0.3864
  batch 90/264  loss=0.4105
  batch 100/264  loss=0.4476
  batch 110/264  loss=0.4432
  batch 120/264  loss=0.5282
  batch 130/264  loss=0.4160
  batch 140/264  loss=0.3343
  batch 150/264  loss=0.3533
  batch 160/264  loss=0.4148
  batch 170/264  loss=0.4434
  batch 180/264  loss=0.3379
  batch 190/264  loss=0.4859
  batch 200/264  loss=0.3970
  batch 210/264  loss=0.5723
  batch 220/264  loss=0.9215
  batch 230/264  loss=0.8486
  batch 240/264  loss=0.4552
  batch 250/264  loss=0.4311
  batch 260/264  loss=0.4283
Epoch 117/300  train=4.761e-01  rmse=1.9739  lr=1.0e-04  230s
  -> best  monitor=4.761e-01
  batch 10/264  loss=0.4711
  batch 20/264  loss=0.3712
  batch 30/264  loss=0.8526
  batch 40/264  loss=0.6955
  batch 50/264  loss=0.4709
  batch 60/264  loss=0.5348
  batch 70/264  loss=0.5212
  batch 80/264  loss=0.3669
  batch 90/264  loss=0.4115
  batch 100/264  loss=0.4013
  batch 110/264  loss=0.4637
  batch 120/264  loss=0.3395
  batch 130/264  loss=0.4303
  batch 140/264  loss=0.4687
  batch 150/264  loss=0.5062
  batch 160/264  loss=0.3975
  batch 170/264  loss=0.4671
  batch 180/264  loss=0.3912
  batch 190/264  loss=0.6984
  batch 200/264  loss=0.3478
  batch 210/264  loss=0.5450
  batch 220/264  loss=0.3423
  batch 230/264  loss=1.0172
  batch 240/264  loss=0.5139
  batch 250/264  loss=0.3855
  batch 260/264  loss=0.6532
Epoch 118/300  train=4.821e-01  rmse=1.9783  lr=1.0e-04  231s
  batch 10/264  loss=0.6511
  batch 20/264  loss=0.4382
  batch 30/264  loss=0.3426
  batch 40/264  loss=0.4604
  batch 50/264  loss=0.6039
  batch 60/264  loss=0.4450
  batch 70/264  loss=0.4788
  batch 80/264  loss=0.4984
  batch 90/264  loss=0.4709
  batch 100/264  loss=0.4024
  batch 110/264  loss=0.3699
  batch 120/264  loss=0.6261
  batch 130/264  loss=0.4198
  batch 140/264  loss=0.3956
  batch 150/264  loss=0.7175
  batch 160/264  loss=0.4662
  batch 170/264  loss=0.4506
  batch 180/264  loss=0.3553
  batch 190/264  loss=0.4549
  batch 200/264  loss=0.3754
  batch 210/264  loss=0.3625
  batch 220/264  loss=0.4128
  batch 230/264  loss=0.3743
  batch 240/264  loss=0.6080
  batch 250/264  loss=0.4445
  batch 260/264  loss=0.6493
Epoch 119/300  train=4.805e-01  rmse=2.0387  lr=1.0e-04  230s
  batch 10/264  loss=0.3681
  batch 20/264  loss=0.5815
  batch 30/264  loss=0.4033
  batch 40/264  loss=0.3565
  batch 50/264  loss=0.4614
  batch 60/264  loss=0.3479
  batch 70/264  loss=0.4147
  batch 80/264  loss=0.5172
  batch 90/264  loss=0.3672
  batch 100/264  loss=0.3550
  batch 110/264  loss=0.7914
  batch 120/264  loss=0.4559
  batch 130/264  loss=0.4209
  batch 140/264  loss=0.9854
  batch 150/264  loss=0.5772
  batch 160/264  loss=0.4560
  batch 170/264  loss=0.5776
  batch 180/264  loss=0.7364
  batch 190/264  loss=0.7071
  batch 200/264  loss=0.4569
  batch 210/264  loss=0.5694
  batch 220/264  loss=0.4108
  batch 230/264  loss=0.3992
  batch 240/264  loss=0.4095
  batch 250/264  loss=0.3658
  batch 260/264  loss=0.3637
Epoch 120/300  train=4.733e-01  rmse=1.9855  lr=1.0e-04  230s
  -> best  monitor=4.733e-01
  batch 10/264  loss=0.4013
  batch 20/264  loss=0.4388
  batch 30/264  loss=0.3497
  batch 40/264  loss=0.4426
  batch 50/264  loss=0.6079
  batch 60/264  loss=0.6187
  batch 70/264  loss=0.4546
  batch 80/264  loss=0.4338
  batch 90/264  loss=0.6483
  batch 100/264  loss=0.4889
  batch 110/264  loss=0.4864
  batch 120/264  loss=0.4097
  batch 130/264  loss=0.3785
  batch 140/264  loss=0.6286
  batch 150/264  loss=0.3594
  batch 160/264  loss=0.5908
  batch 170/264  loss=0.6294
  batch 180/264  loss=0.4682
  batch 190/264  loss=0.5704
  batch 200/264  loss=0.6995
  batch 210/264  loss=0.4450
  batch 220/264  loss=0.4762
  batch 230/264  loss=0.4488
  batch 240/264  loss=0.4456
  batch 250/264  loss=0.4324
  batch 260/264  loss=0.4553
Epoch 121/300  train=4.725e-01  rmse=2.0175  lr=1.0e-04  229s
  -> best  monitor=4.725e-01
  batch 10/264  loss=0.3766
  batch 20/264  loss=0.4642
  batch 30/264  loss=0.4056
  batch 40/264  loss=0.4309
  batch 50/264  loss=0.4125
  batch 60/264  loss=0.5667
  batch 70/264  loss=0.3483
  batch 80/264  loss=0.5044
  batch 90/264  loss=0.3666
  batch 100/264  loss=0.4369
  batch 110/264  loss=0.6806
  batch 120/264  loss=0.4283
  batch 130/264  loss=0.4509
  batch 140/264  loss=0.4104
  batch 150/264  loss=0.3371
  batch 160/264  loss=0.5384
  batch 170/264  loss=0.5792
  batch 180/264  loss=0.6815
  batch 190/264  loss=0.6935
  batch 200/264  loss=0.4700
  batch 210/264  loss=0.4175
  batch 220/264  loss=0.5246
  batch 230/264  loss=0.6429
  batch 240/264  loss=0.5004
  batch 250/264  loss=0.5567
  batch 260/264  loss=0.4295
Epoch 122/300  train=4.711e-01  rmse=1.9914  lr=1.0e-04  230s
  -> best  monitor=4.711e-01
  batch 10/264  loss=0.3808
  batch 20/264  loss=0.4938
  batch 30/264  loss=0.3490
  batch 40/264  loss=0.3360
  batch 50/264  loss=0.4046
  batch 60/264  loss=0.6806
  batch 70/264  loss=0.3906
  batch 80/264  loss=0.4989
  batch 90/264  loss=0.4897
  batch 100/264  loss=0.3334
  batch 110/264  loss=0.6938
  batch 120/264  loss=0.4481
  batch 130/264  loss=0.3644
  batch 140/264  loss=0.4988
  batch 150/264  loss=0.4617
  batch 160/264  loss=0.3574
  batch 170/264  loss=0.4550
  batch 180/264  loss=0.3579
  batch 190/264  loss=0.7265
  batch 200/264  loss=0.4998
  batch 210/264  loss=0.9054
  batch 220/264  loss=0.3577
  batch 230/264  loss=0.4571
  batch 240/264  loss=0.5676
  batch 250/264  loss=0.6173
  batch 260/264  loss=0.3532
Epoch 123/300  train=4.704e-01  rmse=2.0196  lr=1.0e-04  231s
  -> best  monitor=4.704e-01
  batch 10/264  loss=0.4517
  batch 20/264  loss=0.6032
  batch 30/264  loss=0.3453
  batch 40/264  loss=0.3644
  batch 50/264  loss=0.5358
  batch 60/264  loss=0.4480
  batch 70/264  loss=0.5462
  batch 80/264  loss=0.4543
  batch 90/264  loss=0.4335
  batch 100/264  loss=0.4490
  batch 110/264  loss=0.4532
  batch 120/264  loss=0.3775
  batch 130/264  loss=0.4903
  batch 140/264  loss=0.4201
  batch 150/264  loss=0.6780
  batch 160/264  loss=0.4108
  batch 170/264  loss=0.4023
  batch 180/264  loss=0.3254
  batch 190/264  loss=0.3663
  batch 200/264  loss=0.6800
  batch 210/264  loss=0.4589
  batch 220/264  loss=0.3700
  batch 230/264  loss=0.4867
  batch 240/264  loss=0.5257
  batch 250/264  loss=0.3634
  batch 260/264  loss=0.4160
Epoch 124/300  train=4.657e-01  rmse=1.9368  lr=1.0e-04  230s
  -> best  monitor=4.657e-01
  batch 10/264  loss=0.3730
  batch 20/264  loss=0.3666
  batch 30/264  loss=0.4341
  batch 40/264  loss=0.5039
  batch 50/264  loss=0.5704
  batch 60/264  loss=0.3528
  batch 70/264  loss=0.5539
  batch 80/264  loss=0.4127
  batch 90/264  loss=0.5477
  batch 100/264  loss=0.3310
  batch 110/264  loss=0.4083
  batch 120/264  loss=0.5493
  batch 130/264  loss=0.6538
  batch 140/264  loss=0.7163
  batch 150/264  loss=0.4516
  batch 160/264  loss=0.5686
  batch 170/264  loss=0.3734
  batch 180/264  loss=0.4472
  batch 190/264  loss=0.4178
  batch 200/264  loss=0.7251
  batch 210/264  loss=0.5638
  batch 220/264  loss=0.3434
  batch 230/264  loss=0.4682
  batch 240/264  loss=0.6231
  batch 250/264  loss=0.5662
  batch 260/264  loss=0.4046
Epoch 125/300  train=4.729e-01  rmse=2.0092  lr=1.0e-04  230s
  batch 10/264  loss=0.4219
  batch 20/264  loss=0.3215
  batch 30/264  loss=0.4489
  batch 40/264  loss=0.4095
  batch 50/264  loss=0.6397
  batch 60/264  loss=0.4317
  batch 70/264  loss=0.3706
  batch 80/264  loss=0.5919
  batch 90/264  loss=0.3992
  batch 100/264  loss=0.4180
  batch 110/264  loss=0.4868
  batch 120/264  loss=0.4797
  batch 130/264  loss=0.5090
  batch 140/264  loss=0.7279
  batch 150/264  loss=0.4111
  batch 160/264  loss=0.5890
  batch 170/264  loss=0.4809
  batch 180/264  loss=0.5010
  batch 190/264  loss=0.5118
  batch 200/264  loss=0.5077
  batch 210/264  loss=0.4444
  batch 220/264  loss=0.5102
  batch 230/264  loss=0.5650
  batch 240/264  loss=0.5441
  batch 250/264  loss=0.3636
  batch 260/264  loss=0.5457
Epoch 126/300  train=4.781e-01  rmse=1.9893  lr=1.0e-04  230s
  batch 10/264  loss=0.9549
  batch 20/264  loss=0.3984
  batch 30/264  loss=0.4889
  batch 40/264  loss=0.3285
  batch 50/264  loss=0.4244
  batch 60/264  loss=0.4596
  batch 70/264  loss=0.3234
  batch 80/264  loss=0.7406
  batch 90/264  loss=0.4366
  batch 100/264  loss=0.5369
  batch 110/264  loss=0.4518
  batch 120/264  loss=0.4509
  batch 130/264  loss=0.6398
  batch 140/264  loss=0.4093
  batch 150/264  loss=0.4134
  batch 160/264  loss=0.4527
  batch 170/264  loss=0.4266
  batch 180/264  loss=0.5193
  batch 190/264  loss=0.4039
  batch 200/264  loss=0.3489
  batch 210/264  loss=0.4509
  batch 220/264  loss=0.4871
  batch 230/264  loss=0.6283
  batch 240/264  loss=0.4090
  batch 250/264  loss=0.5747
  batch 260/264  loss=0.3767
Epoch 127/300  train=4.745e-01  rmse=2.0198  lr=1.0e-04  229s
  batch 10/264  loss=0.3581
  batch 20/264  loss=0.4764
  batch 30/264  loss=0.3755
  batch 40/264  loss=0.4539
  batch 50/264  loss=0.5414
  batch 60/264  loss=0.4461
  batch 70/264  loss=0.6005
  batch 80/264  loss=0.3344
  batch 90/264  loss=0.4259
  batch 100/264  loss=0.6211
  batch 110/264  loss=0.7742
  batch 120/264  loss=0.4540
  batch 130/264  loss=0.4455
  batch 140/264  loss=0.9781
  batch 150/264  loss=0.3562
  batch 160/264  loss=0.3688
  batch 170/264  loss=0.5736
  batch 180/264  loss=0.4270
  batch 190/264  loss=0.4076
  batch 200/264  loss=0.3919
  batch 210/264  loss=0.4414
  batch 220/264  loss=0.4876
  batch 230/264  loss=0.5019
  batch 240/264  loss=0.3806
  batch 250/264  loss=0.4372
  batch 260/264  loss=0.3652
Epoch 128/300  train=4.725e-01  rmse=1.9900  lr=1.0e-04  230s
  batch 10/264  loss=0.3871
  batch 20/264  loss=0.4546
  batch 30/264  loss=0.3935
  batch 40/264  loss=0.4591
  batch 50/264  loss=0.4068
  batch 60/264  loss=0.4183
  batch 70/264  loss=0.7475
  batch 80/264  loss=0.4547
  batch 90/264  loss=0.5742
  batch 100/264  loss=0.4499
  batch 110/264  loss=0.5355
  batch 120/264  loss=0.3854
  batch 130/264  loss=0.3985
  batch 140/264  loss=0.5363
  batch 150/264  loss=0.8136
  batch 160/264  loss=0.4101
  batch 170/264  loss=0.4144
  batch 180/264  loss=0.3535
  batch 190/264  loss=0.7027
  batch 200/264  loss=0.4759
  batch 210/264  loss=0.4317
  batch 220/264  loss=0.3474
  batch 230/264  loss=0.3533
  batch 240/264  loss=0.4347
  batch 250/264  loss=0.4283
  batch 260/264  loss=0.4296
Epoch 129/300  train=4.693e-01  rmse=1.9667  lr=1.0e-04  229s
  batch 10/264  loss=0.3950
  batch 20/264  loss=0.4503
  batch 30/264  loss=0.4233
  batch 40/264  loss=0.5412
  batch 50/264  loss=0.5199
  batch 60/264  loss=0.3365
  batch 70/264  loss=0.3573
  batch 80/264  loss=0.4482
  batch 90/264  loss=0.4176
  batch 100/264  loss=0.7481
  batch 110/264  loss=0.3826
  batch 120/264  loss=0.5867
  batch 130/264  loss=0.5614
  batch 140/264  loss=0.5427
  batch 150/264  loss=0.4226
  batch 160/264  loss=0.3372
  batch 170/264  loss=0.4950
  batch 180/264  loss=0.4193
  batch 190/264  loss=0.3853
  batch 200/264  loss=0.4100
  batch 210/264  loss=0.5850
  batch 220/264  loss=0.4226
  batch 230/264  loss=0.8058
  batch 240/264  loss=0.4978
  batch 250/264  loss=0.5422
  batch 260/264  loss=0.4481
Epoch 130/300  train=4.726e-01  rmse=2.0326  lr=1.0e-04  230s
  batch 10/264  loss=0.4120
  batch 20/264  loss=0.4299
  batch 30/264  loss=0.4124
  batch 40/264  loss=0.5540
  batch 50/264  loss=0.4433
  batch 60/264  loss=0.3672
  batch 70/264  loss=0.3843
  batch 80/264  loss=0.3835
  batch 90/264  loss=0.5804
  batch 100/264  loss=0.4231
  batch 110/264  loss=0.3547
  batch 120/264  loss=0.3834
  batch 130/264  loss=0.5901
  batch 140/264  loss=0.4317
  batch 150/264  loss=0.4717
  batch 160/264  loss=0.3513
  batch 170/264  loss=0.3981
  batch 180/264  loss=0.5236
  batch 190/264  loss=0.5480
  batch 200/264  loss=0.4808
  batch 210/264  loss=0.4306
  batch 220/264  loss=0.3149
  batch 230/264  loss=0.3914
  batch 240/264  loss=0.3943
  batch 250/264  loss=0.3412
  batch 260/264  loss=0.5491
Epoch 131/300  train=4.707e-01  rmse=1.9739  lr=1.0e-04  231s
  batch 10/264  loss=0.4079
  batch 20/264  loss=0.3901
  batch 30/264  loss=0.3963
  batch 40/264  loss=0.5438
  batch 50/264  loss=0.5755
  batch 60/264  loss=0.7189
  batch 70/264  loss=0.5786
  batch 80/264  loss=0.4075
  batch 90/264  loss=0.3634
  batch 100/264  loss=0.7631
  batch 110/264  loss=0.4775
  batch 120/264  loss=0.3177
  batch 130/264  loss=0.3633
  batch 140/264  loss=0.4536
  batch 150/264  loss=0.3464
  batch 160/264  loss=0.3825
  batch 170/264  loss=0.4580
  batch 180/264  loss=0.3710
  batch 190/264  loss=0.3998
  batch 200/264  loss=0.7470
  batch 210/264  loss=0.4203
  batch 220/264  loss=0.4097
  batch 230/264  loss=0.3597
  batch 240/264  loss=0.8143
  batch 250/264  loss=0.3455
  batch 260/264  loss=0.4616
Epoch 132/300  train=4.721e-01  rmse=2.0312  lr=1.0e-04  231s
  batch 10/264  loss=0.3636
  batch 20/264  loss=0.4083
  batch 30/264  loss=0.5964
  batch 40/264  loss=0.4622
  batch 50/264  loss=0.4480
  batch 60/264  loss=0.4801
  batch 70/264  loss=0.4742
  batch 80/264  loss=0.5304
  batch 90/264  loss=0.4888
  batch 100/264  loss=0.3790
  batch 110/264  loss=0.4129
  batch 120/264  loss=0.5516
  batch 130/264  loss=0.4049
  batch 140/264  loss=0.4143
  batch 150/264  loss=0.6629
  batch 160/264  loss=0.3728
  batch 170/264  loss=0.3321
  batch 180/264  loss=0.5935
  batch 190/264  loss=0.5559
  batch 200/264  loss=0.4073
  batch 210/264  loss=0.3769
  batch 220/264  loss=0.3676
  batch 230/264  loss=0.3504
  batch 240/264  loss=0.4920
  batch 250/264  loss=0.4569
  batch 260/264  loss=0.3407
Epoch 133/300  train=4.630e-01  rmse=1.9814  lr=1.0e-04  231s
  -> best  monitor=4.630e-01
  batch 10/264  loss=0.4349
  batch 20/264  loss=0.4135
  batch 30/264  loss=0.3947
  batch 40/264  loss=0.3639
  batch 50/264  loss=0.3868
  batch 60/264  loss=0.3775
  batch 70/264  loss=0.4028
  batch 80/264  loss=0.3539
  batch 90/264  loss=0.4245
  batch 100/264  loss=0.4297
  batch 110/264  loss=0.5306
  batch 120/264  loss=0.5735
  batch 130/264  loss=0.4396
  batch 140/264  loss=0.3953
  batch 150/264  loss=0.4446
  batch 160/264  loss=0.5368
  batch 170/264  loss=0.3664
  batch 180/264  loss=0.8292
  batch 190/264  loss=0.4485
  batch 200/264  loss=0.4244
  batch 210/264  loss=0.3946
  batch 220/264  loss=0.3919
  batch 230/264  loss=0.3683
  batch 240/264  loss=0.4811
  batch 250/264  loss=0.9525
  batch 260/264  loss=0.5310
Epoch 134/300  train=4.763e-01  rmse=2.0286  lr=1.0e-04  231s
  batch 10/264  loss=0.5203
  batch 20/264  loss=0.5554
  batch 30/264  loss=0.5007
  batch 40/264  loss=0.5642
  batch 50/264  loss=0.3586
  batch 60/264  loss=0.5647
  batch 70/264  loss=0.4262
  batch 80/264  loss=0.3649
  batch 90/264  loss=0.4883
  batch 100/264  loss=0.3564
  batch 110/264  loss=0.5742
  batch 120/264  loss=0.3296
  batch 130/264  loss=0.6879
  batch 140/264  loss=0.3488
  batch 150/264  loss=0.5087
  batch 160/264  loss=0.4158
  batch 170/264  loss=0.9336
  batch 180/264  loss=0.8321
  batch 190/264  loss=0.4524
  batch 200/264  loss=0.6295
  batch 210/264  loss=0.4596
  batch 220/264  loss=0.5853
  batch 230/264  loss=0.5519
  batch 240/264  loss=0.5209
  batch 250/264  loss=0.4073
  batch 260/264  loss=0.3593
Epoch 135/300  train=4.679e-01  rmse=2.0500  lr=1.0e-04  231s
  batch 10/264  loss=0.4555
  batch 20/264  loss=0.3412
  batch 30/264  loss=0.4687
  batch 40/264  loss=0.5189
  batch 50/264  loss=0.4015
  batch 60/264  loss=0.3814
  batch 70/264  loss=0.5164
  batch 80/264  loss=0.4943
  batch 90/264  loss=0.7623
  batch 100/264  loss=0.4758
  batch 110/264  loss=0.5280
  batch 120/264  loss=0.4951
  batch 130/264  loss=0.3822
  batch 140/264  loss=0.5623
  batch 150/264  loss=0.3614
  batch 160/264  loss=0.4514
  batch 170/264  loss=0.3610
  batch 180/264  loss=0.4237
  batch 190/264  loss=0.3363
  batch 200/264  loss=0.3818
  batch 210/264  loss=0.6363
  batch 220/264  loss=0.4091
  batch 230/264  loss=0.4845
  batch 240/264  loss=0.7675
  batch 250/264  loss=0.5278
  batch 260/264  loss=0.4721
Epoch 136/300  train=4.738e-01  rmse=1.9334  lr=1.0e-04  230s
  batch 10/264  loss=0.5368
  batch 20/264  loss=0.4719
  batch 30/264  loss=0.3329
  batch 40/264  loss=0.4408
  batch 50/264  loss=0.3366
  batch 60/264  loss=0.4182
  batch 70/264  loss=0.3299
  batch 80/264  loss=0.3797
  batch 90/264  loss=0.4176
  batch 100/264  loss=0.3544
  batch 110/264  loss=0.4785
  batch 120/264  loss=0.5488
  batch 130/264  loss=0.8990
  batch 140/264  loss=0.3866
  batch 150/264  loss=0.6507
  batch 160/264  loss=0.4139
  batch 170/264  loss=0.4528
  batch 180/264  loss=0.6953
  batch 190/264  loss=0.3594
  batch 200/264  loss=0.5133
  batch 210/264  loss=0.3775
  batch 220/264  loss=0.3251
  batch 230/264  loss=0.5420
  batch 240/264  loss=0.4004
  batch 250/264  loss=0.3633
  batch 260/264  loss=0.3422
Epoch 137/300  train=4.622e-01  rmse=1.9260  lr=1.0e-04  231s
  -> best  monitor=4.622e-01
  batch 10/264  loss=0.4057
  batch 20/264  loss=0.5042
  batch 30/264  loss=0.4849
  batch 40/264  loss=0.4302
  batch 50/264  loss=0.4136
  batch 60/264  loss=0.4713
  batch 70/264  loss=0.3602
  batch 80/264  loss=0.4421
  batch 90/264  loss=0.4299
  batch 100/264  loss=0.4714
  batch 110/264  loss=0.3751
  batch 120/264  loss=0.4037
  batch 130/264  loss=0.4432
  batch 140/264  loss=0.3539
  batch 150/264  loss=0.6205
  batch 160/264  loss=0.3704
  batch 170/264  loss=0.3529
  batch 180/264  loss=0.7622
  batch 190/264  loss=0.4184
  batch 200/264  loss=0.6180
  batch 210/264  loss=0.4517
  batch 220/264  loss=0.3732
  batch 230/264  loss=0.6175
  batch 240/264  loss=0.3874
  batch 250/264  loss=0.5010
  batch 260/264  loss=0.4682
Epoch 138/300  train=4.655e-01  rmse=2.0170  lr=1.0e-04  229s
  batch 10/264  loss=0.6408
  batch 20/264  loss=0.5017
  batch 30/264  loss=0.3753
  batch 40/264  loss=0.4390
  batch 50/264  loss=0.4110
  batch 60/264  loss=0.4604
  batch 70/264  loss=0.3918
  batch 80/264  loss=0.6242
  batch 90/264  loss=0.4778
  batch 100/264  loss=0.3791
  batch 110/264  loss=0.4753
  batch 120/264  loss=0.4328
  batch 130/264  loss=0.5763
  batch 140/264  loss=0.3653
  batch 150/264  loss=0.5919
  batch 160/264  loss=0.4961
  batch 170/264  loss=0.3706
  batch 180/264  loss=0.4577
  batch 190/264  loss=0.5396
  batch 200/264  loss=0.6929
  batch 210/264  loss=0.4479
  batch 220/264  loss=0.4029
  batch 230/264  loss=0.3638
  batch 240/264  loss=0.2848
  batch 250/264  loss=0.3240
  batch 260/264  loss=0.3970
Epoch 139/300  train=4.740e-01  rmse=2.2224  lr=1.0e-04  231s
  batch 10/264  loss=0.4291
  batch 20/264  loss=0.4199
  batch 30/264  loss=0.5595
  batch 40/264  loss=0.6666
  batch 50/264  loss=0.4406
  batch 60/264  loss=0.3694
  batch 70/264  loss=0.7474
  batch 80/264  loss=0.5038
  batch 90/264  loss=0.4079
  batch 100/264  loss=0.6099
  batch 110/264  loss=0.3912
  batch 120/264  loss=0.4418
  batch 130/264  loss=0.3476
  batch 140/264  loss=0.4653
  batch 150/264  loss=0.6212
  batch 160/264  loss=0.5099
  batch 170/264  loss=0.3363
  batch 180/264  loss=1.0354
  batch 190/264  loss=0.4565
  batch 200/264  loss=0.5052
  batch 210/264  loss=0.6689
  batch 220/264  loss=0.6715
  batch 230/264  loss=0.5877
  batch 240/264  loss=0.5882
  batch 250/264  loss=0.3205
  batch 260/264  loss=0.4719
Epoch 140/300  train=4.622e-01  rmse=1.9906  lr=1.0e-04  230s
  batch 10/264  loss=0.3436
  batch 20/264  loss=0.4802
  batch 30/264  loss=0.4955
  batch 40/264  loss=0.4733
  batch 50/264  loss=0.3615
  batch 60/264  loss=0.4005
  batch 70/264  loss=0.6018
  batch 80/264  loss=0.3673
  batch 90/264  loss=0.3343
  batch 100/264  loss=0.4553
  batch 110/264  loss=0.3646
  batch 120/264  loss=0.5926
  batch 130/264  loss=0.3822
  batch 140/264  loss=0.3601
  batch 150/264  loss=0.4491
  batch 160/264  loss=0.4440
  batch 170/264  loss=0.5002
  batch 180/264  loss=0.7569
  batch 190/264  loss=0.5113
  batch 200/264  loss=0.3902
  batch 210/264  loss=0.4265
  batch 220/264  loss=0.3856
  batch 230/264  loss=0.3345
  batch 240/264  loss=0.4590
  batch 250/264  loss=0.5912
  batch 260/264  loss=0.3765
Epoch 141/300  train=4.559e-01  rmse=1.9656  lr=1.0e-04  230s
  -> best  monitor=4.559e-01
  batch 10/264  loss=0.3766
  batch 20/264  loss=0.4269
  batch 30/264  loss=0.3650
  batch 40/264  loss=0.3611
  batch 50/264  loss=0.3519
  batch 60/264  loss=0.5038
  batch 70/264  loss=0.4816
  batch 80/264  loss=0.4902
  batch 90/264  loss=0.4473
  batch 100/264  loss=0.5363
  batch 110/264  loss=0.3818
  batch 120/264  loss=0.3538
  batch 130/264  loss=0.3373
  batch 140/264  loss=0.6339
  batch 150/264  loss=0.3369
  batch 160/264  loss=0.4811
  batch 170/264  loss=0.3383
  batch 180/264  loss=0.5862
  batch 190/264  loss=0.5352
  batch 200/264  loss=0.3335
  batch 210/264  loss=0.5635
  batch 220/264  loss=0.4531
  batch 230/264  loss=0.3614
  batch 240/264  loss=0.4243
  batch 250/264  loss=0.4130
  batch 260/264  loss=0.5680
Epoch 142/300  train=4.665e-01  rmse=2.0614  lr=1.0e-04  230s
  batch 10/264  loss=0.4044
  batch 20/264  loss=0.5617
  batch 30/264  loss=0.5084
  batch 40/264  loss=0.4609
  batch 50/264  loss=0.3709
  batch 60/264  loss=0.4563
  batch 70/264  loss=0.3678
  batch 80/264  loss=0.5806
  batch 90/264  loss=0.5098
  batch 100/264  loss=0.6551
  batch 110/264  loss=0.4994
  batch 120/264  loss=0.4012
  batch 130/264  loss=0.3627
  batch 140/264  loss=0.4068
  batch 150/264  loss=0.3586
  batch 160/264  loss=0.3569
  batch 170/264  loss=0.3882
  batch 180/264  loss=0.3621
  batch 190/264  loss=0.5166
  batch 200/264  loss=0.4025
  batch 210/264  loss=0.4738
  batch 220/264  loss=0.4648
  batch 230/264  loss=0.3914
  batch 240/264  loss=0.3865
  batch 250/264  loss=0.3582
  batch 260/264  loss=0.8506
Epoch 143/300  train=4.637e-01  rmse=1.9552  lr=1.0e-04  230s
  batch 10/264  loss=0.5334
  batch 20/264  loss=0.6507
  batch 30/264  loss=0.4100
  batch 40/264  loss=0.4293
  batch 50/264  loss=0.3739
  batch 60/264  loss=0.4595
  batch 70/264  loss=0.5309
  batch 80/264  loss=0.3692
  batch 90/264  loss=0.3403
  batch 100/264  loss=0.3663
  batch 110/264  loss=0.3812
  batch 120/264  loss=0.3688
  batch 130/264  loss=0.4626
  batch 140/264  loss=0.5509
  batch 150/264  loss=0.5033
  batch 160/264  loss=0.4239
  batch 170/264  loss=0.3346
  batch 180/264  loss=0.3720
  batch 190/264  loss=0.5494
  batch 200/264  loss=0.3747
  batch 210/264  loss=0.4315
  batch 220/264  loss=0.3787
  batch 230/264  loss=0.4198
  batch 240/264  loss=0.5883
  batch 250/264  loss=0.4357
  batch 260/264  loss=0.4491
Epoch 144/300  train=4.599e-01  rmse=1.9641  lr=1.0e-04  230s
  batch 10/264  loss=0.4509
  batch 20/264  loss=0.5180
  batch 30/264  loss=0.4023
  batch 40/264  loss=0.3421
  batch 50/264  loss=0.4734
  batch 60/264  loss=0.3534
  batch 70/264  loss=0.4421
  batch 80/264  loss=0.4744
  batch 90/264  loss=0.4288
  batch 100/264  loss=0.4372
  batch 110/264  loss=0.3771
  batch 120/264  loss=0.5972
  batch 130/264  loss=0.4367
  batch 140/264  loss=0.4674
  batch 150/264  loss=0.3595
  batch 160/264  loss=0.5431
  batch 170/264  loss=0.5487
  batch 180/264  loss=0.3993
  batch 190/264  loss=0.4393
  batch 200/264  loss=0.3549
  batch 210/264  loss=0.5131
  batch 220/264  loss=0.4179
  batch 230/264  loss=0.6462
  batch 240/264  loss=0.4720
  batch 250/264  loss=0.3439
  batch 260/264  loss=0.5778
Epoch 145/300  train=4.619e-01  rmse=1.9495  lr=1.0e-04  230s
  batch 10/264  loss=0.4496
  batch 20/264  loss=0.5381
  batch 30/264  loss=0.3277
  batch 40/264  loss=0.5211
  batch 50/264  loss=0.3321
  batch 60/264  loss=0.3846
  batch 70/264  loss=0.3169
  batch 80/264  loss=0.3786
  batch 90/264  loss=0.4690
  batch 100/264  loss=0.4593
  batch 110/264  loss=0.4408
  batch 120/264  loss=0.4827
  batch 130/264  loss=0.6428
  batch 140/264  loss=0.4351
  batch 150/264  loss=0.3623
  batch 160/264  loss=0.5350
  batch 170/264  loss=0.3568
  batch 180/264  loss=0.4146
  batch 190/264  loss=0.4138
  batch 200/264  loss=0.5138
  batch 210/264  loss=0.3728
  batch 220/264  loss=0.4879
  batch 230/264  loss=0.4465
  batch 240/264  loss=0.6308
  batch 250/264  loss=0.5716
  batch 260/264  loss=0.5521
Epoch 146/300  train=4.548e-01  rmse=1.8833  lr=1.0e-04  229s
  -> best  monitor=4.548e-01
  batch 10/264  loss=0.5488
  batch 20/264  loss=0.3846
  batch 30/264  loss=0.5145
  batch 40/264  loss=0.3889
  batch 50/264  loss=0.4807
  batch 60/264  loss=0.4187
  batch 70/264  loss=0.6287
  batch 80/264  loss=0.4017
  batch 90/264  loss=0.5768
  batch 100/264  loss=0.5457
  batch 110/264  loss=0.4070
  batch 120/264  loss=0.4901
  batch 130/264  loss=0.4458
  batch 140/264  loss=0.9546
  batch 150/264  loss=0.3679
  batch 160/264  loss=0.4371
  batch 170/264  loss=0.5553
  batch 180/264  loss=0.5324
  batch 190/264  loss=0.3513
  batch 200/264  loss=0.6850
  batch 210/264  loss=0.4098
  batch 220/264  loss=0.3887
  batch 230/264  loss=0.4093
  batch 240/264  loss=0.5242
  batch 250/264  loss=0.4374
  batch 260/264  loss=0.3796
Epoch 147/300  train=4.548e-01  rmse=1.9820  lr=1.0e-04  230s
  -> best  monitor=4.548e-01
  batch 10/264  loss=0.4587
  batch 20/264  loss=0.4058
  batch 30/264  loss=0.3515
  batch 40/264  loss=0.4014
  batch 50/264  loss=0.4527
  batch 60/264  loss=0.4400
  batch 70/264  loss=0.5280
  batch 80/264  loss=0.3779
  batch 90/264  loss=0.4693
  batch 100/264  loss=0.4216
  batch 110/264  loss=0.4736
  batch 120/264  loss=0.3689
  batch 130/264  loss=0.3753
  batch 140/264  loss=0.4968
  batch 150/264  loss=0.3556
  batch 160/264  loss=0.5931
  batch 170/264  loss=0.5631
  batch 180/264  loss=0.5400
  batch 190/264  loss=0.6497
  batch 200/264  loss=0.5371
  batch 210/264  loss=0.6028
  batch 220/264  loss=0.4735
  batch 230/264  loss=0.4892
  batch 240/264  loss=0.3460
  batch 250/264  loss=0.4775
  batch 260/264  loss=0.3526
Epoch 148/300  train=4.664e-01  rmse=2.0067  lr=1.0e-04  228s
  batch 10/264  loss=0.4129
  batch 20/264  loss=0.3265
  batch 30/264  loss=0.3059
  batch 40/264  loss=0.6957
  batch 50/264  loss=0.4194
  batch 60/264  loss=0.4413
  batch 70/264  loss=0.4035
  batch 80/264  loss=0.3924
  batch 90/264  loss=0.4081
  batch 100/264  loss=0.5457
  batch 110/264  loss=0.5543
  batch 120/264  loss=0.5779
  batch 130/264  loss=0.4536
  batch 140/264  loss=0.3410
  batch 150/264  loss=0.5384
  batch 160/264  loss=0.5281
  batch 170/264  loss=0.3911
  batch 180/264  loss=0.4147
  batch 190/264  loss=0.3206
  batch 200/264  loss=0.5325
  batch 210/264  loss=0.3423
  batch 220/264  loss=0.4884
  batch 230/264  loss=0.6002
  batch 240/264  loss=0.4052
  batch 250/264  loss=0.4473
  batch 260/264  loss=0.5381
Epoch 149/300  train=4.625e-01  rmse=1.9408  lr=1.0e-04  229s
  batch 10/264  loss=0.3450
  batch 20/264  loss=0.4372
  batch 30/264  loss=0.5077
  batch 40/264  loss=0.3794
  batch 50/264  loss=0.4041
  batch 60/264  loss=0.3980
  batch 70/264  loss=0.3709
  batch 80/264  loss=0.3332
  batch 90/264  loss=0.6714
  batch 100/264  loss=0.4266
  batch 110/264  loss=0.4393
  batch 120/264  loss=0.5557
  batch 130/264  loss=0.6660
  batch 140/264  loss=0.5000
  batch 150/264  loss=1.2654
  batch 160/264  loss=0.3836
  batch 170/264  loss=0.3447
  batch 180/264  loss=0.6144
  batch 190/264  loss=0.3379
  batch 200/264  loss=0.4175
  batch 210/264  loss=0.3935
  batch 220/264  loss=0.4510
  batch 230/264  loss=0.6529
  batch 240/264  loss=0.5002
  batch 250/264  loss=0.3459
  batch 260/264  loss=0.5203
Epoch 150/300  train=4.593e-01  rmse=1.9351  lr=1.0e-04  229s
  batch 10/264  loss=0.4566
  batch 20/264  loss=0.4902
  batch 30/264  loss=0.3322
  batch 40/264  loss=0.3705
  batch 50/264  loss=0.5249
  batch 60/264  loss=0.4810
  batch 70/264  loss=0.3927
  batch 80/264  loss=0.3699
  batch 90/264  loss=0.3968
  batch 100/264  loss=0.3466
  batch 110/264  loss=0.3871
  batch 120/264  loss=0.3580
  batch 130/264  loss=0.3903
  batch 140/264  loss=0.3974
  batch 150/264  loss=0.3846
  batch 160/264  loss=0.4494
  batch 170/264  loss=0.4084
  batch 180/264  loss=0.4814
  batch 190/264  loss=0.4443
  batch 200/264  loss=0.3777
  batch 210/264  loss=0.3131
  batch 220/264  loss=0.5604
  batch 230/264  loss=0.3383
  batch 240/264  loss=0.4099
  batch 250/264  loss=0.4359
  batch 260/264  loss=0.3985
Epoch 151/300  train=4.619e-01  rmse=2.0161  lr=1.0e-04  230s
  batch 10/264  loss=0.7063
  batch 20/264  loss=0.3403
  batch 30/264  loss=0.3523
  batch 40/264  loss=0.3362
  batch 50/264  loss=0.7778
  batch 60/264  loss=0.5500
  batch 70/264  loss=0.4052
  batch 80/264  loss=0.3907
  batch 90/264  loss=0.3363
  batch 100/264  loss=0.5479
  batch 110/264  loss=0.3782
  batch 120/264  loss=0.7305
  batch 130/264  loss=0.5629
  batch 140/264  loss=0.3579
  batch 150/264  loss=0.4773
  batch 160/264  loss=0.5762
  batch 170/264  loss=0.3826
  batch 180/264  loss=0.3506
  batch 190/264  loss=0.3446
  batch 200/264  loss=0.3496
  batch 210/264  loss=0.4320
  batch 220/264  loss=0.4514
  batch 230/264  loss=0.3847
  batch 240/264  loss=0.7185
  batch 250/264  loss=0.4190
  batch 260/264  loss=0.3529
Epoch 152/300  train=4.499e-01  rmse=1.9594  lr=1.0e-04  229s
  -> best  monitor=4.499e-01
  batch 10/264  loss=0.3290
  batch 20/264  loss=0.3408
  batch 30/264  loss=0.3951
  batch 40/264  loss=0.4117
  batch 50/264  loss=0.6431
  batch 60/264  loss=0.4219
  batch 70/264  loss=0.3896
  batch 80/264  loss=0.4291
  batch 90/264  loss=0.3777
  batch 100/264  loss=0.3896
  batch 110/264  loss=0.3599
  batch 120/264  loss=0.3448
  batch 130/264  loss=0.6325
  batch 140/264  loss=0.3926
  batch 150/264  loss=0.3533
  batch 160/264  loss=0.5352
  batch 170/264  loss=0.6244
  batch 180/264  loss=0.6374
  batch 190/264  loss=0.3920
  batch 200/264  loss=0.3863
  batch 210/264  loss=0.4825
  batch 220/264  loss=0.5224
  batch 230/264  loss=0.3975
  batch 240/264  loss=0.4979
  batch 250/264  loss=0.3333
  batch 260/264  loss=0.4388
Epoch 153/300  train=4.573e-01  rmse=1.9252  lr=1.0e-04  230s
  batch 10/264  loss=0.7136
  batch 20/264  loss=0.4550
  batch 30/264  loss=0.3482
  batch 40/264  loss=0.4628
  batch 50/264  loss=0.4006
  batch 60/264  loss=0.4244
  batch 70/264  loss=0.4624
  batch 80/264  loss=0.4465
  batch 90/264  loss=0.6608
  batch 100/264  loss=0.5623
  batch 110/264  loss=0.4987
  batch 120/264  loss=0.4389
  batch 130/264  loss=0.4209
  batch 140/264  loss=0.3125
  batch 150/264  loss=0.4168
  batch 160/264  loss=0.3776
  batch 170/264  loss=0.4959
  batch 180/264  loss=0.3367
  batch 190/264  loss=0.4890
  batch 200/264  loss=0.6761
  batch 210/264  loss=0.7761
  batch 220/264  loss=0.4090
  batch 230/264  loss=0.3506
  batch 240/264  loss=0.3683
  batch 250/264  loss=0.4122
  batch 260/264  loss=0.5515
Epoch 154/300  train=4.525e-01  rmse=2.0000  lr=1.0e-04  229s
  batch 10/264  loss=0.4666
  batch 20/264  loss=0.3943
  batch 30/264  loss=0.4338
  batch 40/264  loss=0.5084
  batch 50/264  loss=0.4379
  batch 60/264  loss=0.5634
  batch 70/264  loss=0.8891
  batch 80/264  loss=0.3461
  batch 90/264  loss=0.6493
  batch 100/264  loss=0.4039
  batch 110/264  loss=0.5271
  batch 120/264  loss=0.4134
  batch 130/264  loss=0.4453
  batch 140/264  loss=0.5283
  batch 150/264  loss=0.5520
  batch 160/264  loss=0.3793
  batch 170/264  loss=0.4355
  batch 180/264  loss=0.3192
  batch 190/264  loss=0.4041
  batch 200/264  loss=0.3542
  batch 210/264  loss=0.5880
  batch 220/264  loss=0.4769
  batch 230/264  loss=0.6299
  batch 240/264  loss=0.3295
  batch 250/264  loss=0.4178
  batch 260/264  loss=0.6301
Epoch 155/300  train=4.519e-01  rmse=2.0276  lr=1.0e-04  228s
  batch 10/264  loss=0.4780
  batch 20/264  loss=0.3954
  batch 30/264  loss=0.4750
  batch 40/264  loss=0.4318
  batch 50/264  loss=0.3942
  batch 60/264  loss=0.3415
  batch 70/264  loss=0.3854
  batch 80/264  loss=0.3633
  batch 90/264  loss=0.5546
  batch 100/264  loss=0.4488
  batch 110/264  loss=0.3165
  batch 120/264  loss=0.5709
  batch 130/264  loss=0.3536
  batch 140/264  loss=0.4005
  batch 150/264  loss=0.4453
  batch 160/264  loss=0.4742
  batch 170/264  loss=0.3589
  batch 180/264  loss=0.5262
  batch 190/264  loss=0.3347
  batch 200/264  loss=0.5125
  batch 210/264  loss=0.3243
  batch 220/264  loss=0.3743
  batch 230/264  loss=0.4427
  batch 240/264  loss=0.8942
  batch 250/264  loss=0.5004
  batch 260/264  loss=0.3331
Epoch 156/300  train=4.498e-01  rmse=1.9031  lr=1.0e-04  229s
  -> best  monitor=4.498e-01
  batch 10/264  loss=0.3894
  batch 20/264  loss=0.4389
  batch 30/264  loss=0.4662
  batch 40/264  loss=0.3282
  batch 50/264  loss=0.5198
  batch 60/264  loss=0.3633
  batch 70/264  loss=0.5685
  batch 80/264  loss=0.4091
  batch 90/264  loss=0.4480
  batch 100/264  loss=0.3194
  batch 110/264  loss=0.3468
  batch 120/264  loss=0.3752
  batch 130/264  loss=0.4306
  batch 140/264  loss=0.6883
  batch 150/264  loss=0.4395
  batch 160/264  loss=0.4699
  batch 170/264  loss=0.3398
  batch 180/264  loss=0.3309
  batch 190/264  loss=0.4226
  batch 200/264  loss=0.7647
  batch 210/264  loss=0.4098
  batch 220/264  loss=0.4091
  batch 230/264  loss=0.7054
  batch 240/264  loss=0.3885
  batch 250/264  loss=0.4008
  batch 260/264  loss=0.4501
Epoch 157/300  train=4.493e-01  rmse=1.9097  lr=1.0e-04  229s
  -> best  monitor=4.493e-01
  batch 10/264  loss=0.3258
  batch 20/264  loss=0.4725
  batch 30/264  loss=0.3961
  batch 40/264  loss=0.3363
  batch 50/264  loss=0.5761
  batch 60/264  loss=0.4370
  batch 70/264  loss=0.5599
  batch 80/264  loss=0.3860
  batch 90/264  loss=0.4047
  batch 100/264  loss=0.3717
  batch 110/264  loss=0.3786
  batch 120/264  loss=0.4807
  batch 130/264  loss=0.3602
  batch 140/264  loss=0.3943
  batch 150/264  loss=0.3591
  batch 160/264  loss=0.4068
  batch 170/264  loss=0.3865
  batch 180/264  loss=0.3457
  batch 190/264  loss=0.4340
  batch 200/264  loss=0.4758
  batch 210/264  loss=0.5850
  batch 220/264  loss=0.4097
  batch 230/264  loss=0.4627
  batch 240/264  loss=0.4827
  batch 250/264  loss=0.4022
  batch 260/264  loss=0.3626
Epoch 158/300  train=4.530e-01  rmse=1.9642  lr=1.0e-04  229s
  batch 10/264  loss=0.3753
  batch 20/264  loss=0.4095
  batch 30/264  loss=0.4022
  batch 40/264  loss=0.3410
  batch 50/264  loss=0.5047
  batch 60/264  loss=0.5292
  batch 70/264  loss=0.3709
  batch 80/264  loss=0.3658
  batch 90/264  loss=0.5547
  batch 100/264  loss=0.3243
  batch 110/264  loss=0.6157
  batch 120/264  loss=0.4174
  batch 130/264  loss=0.3390
  batch 140/264  loss=0.3652
  batch 150/264  loss=0.3680
  batch 160/264  loss=0.3687
  batch 170/264  loss=0.3816
  batch 180/264  loss=0.5210
  batch 190/264  loss=0.4056
  batch 200/264  loss=1.0167
  batch 210/264  loss=0.4076
  batch 220/264  loss=0.4461
  batch 230/264  loss=0.6280
  batch 240/264  loss=0.4171
  batch 250/264  loss=0.4258
  batch 260/264  loss=0.4098
Epoch 159/300  train=4.557e-01  rmse=1.9635  lr=1.0e-04  228s
  batch 10/264  loss=0.4813
  batch 20/264  loss=0.3716
  batch 30/264  loss=0.4844
  batch 40/264  loss=0.4113
  batch 50/264  loss=0.3844
  batch 60/264  loss=0.8147
  batch 70/264  loss=0.4467
  batch 80/264  loss=0.4147
  batch 90/264  loss=0.4334
  batch 100/264  loss=0.3974
  batch 110/264  loss=0.6489
  batch 120/264  loss=0.3428
  batch 130/264  loss=0.5686
  batch 140/264  loss=0.4397
  batch 150/264  loss=0.3736
  batch 160/264  loss=0.4138
  batch 170/264  loss=0.3839
  batch 180/264  loss=0.5385
  batch 190/264  loss=0.4035
  batch 200/264  loss=0.3221
  batch 210/264  loss=0.4462
  batch 220/264  loss=0.3617
  batch 230/264  loss=0.3279
  batch 240/264  loss=0.4371
  batch 250/264  loss=0.4031
  batch 260/264  loss=0.5705
Epoch 160/300  train=4.544e-01  rmse=1.9292  lr=1.0e-04  228s
  batch 10/264  loss=0.3441
  batch 20/264  loss=0.4221
  batch 30/264  loss=0.3789
  batch 40/264  loss=0.4269
  batch 50/264  loss=0.7623
  batch 60/264  loss=0.3476
  batch 70/264  loss=0.5173
  batch 80/264  loss=0.4168
  batch 90/264  loss=0.3499
  batch 100/264  loss=0.4812
  batch 110/264  loss=0.3652
  batch 120/264  loss=0.3512
  batch 130/264  loss=0.4342
  batch 140/264  loss=0.3998
  batch 150/264  loss=0.3428
  batch 160/264  loss=0.3566
  batch 170/264  loss=0.4153
  batch 180/264  loss=0.4248
  batch 190/264  loss=0.6056
  batch 200/264  loss=0.3387
  batch 210/264  loss=0.6913
  batch 220/264  loss=0.5083
  batch 230/264  loss=0.3794
  batch 240/264  loss=0.4252
  batch 250/264  loss=0.3729
  batch 260/264  loss=0.4404
Epoch 161/300  train=4.449e-01  rmse=1.9181  lr=1.0e-04  228s
  -> best  monitor=4.449e-01
  batch 10/264  loss=0.6232
  batch 20/264  loss=0.4937
  batch 30/264  loss=0.4227
  batch 40/264  loss=0.3832
  batch 50/264  loss=0.3959
  batch 60/264  loss=0.4286
  batch 70/264  loss=0.4232
  batch 80/264  loss=0.4732
  batch 90/264  loss=0.4125
  batch 100/264  loss=0.3611
  batch 110/264  loss=0.3876
  batch 120/264  loss=0.3532
  batch 130/264  loss=0.4714
  batch 140/264  loss=0.4408
  batch 150/264  loss=0.3819
  batch 160/264  loss=0.3006
  batch 170/264  loss=0.4119
  batch 180/264  loss=0.3562
  batch 190/264  loss=0.4525
  batch 200/264  loss=0.5559
  batch 210/264  loss=0.3975
  batch 220/264  loss=0.4364
  batch 230/264  loss=0.4411
  batch 240/264  loss=0.4273
  batch 250/264  loss=0.3043
  batch 260/264  loss=0.3493
Epoch 162/300  train=4.448e-01  rmse=1.8600  lr=1.0e-04  228s
  -> best  monitor=4.448e-01
  batch 10/264  loss=0.5303
  batch 20/264  loss=0.3657
  batch 30/264  loss=0.5786
  batch 40/264  loss=0.4061
  batch 50/264  loss=0.5775
  batch 60/264  loss=0.4039
  batch 70/264  loss=0.4150
  batch 80/264  loss=0.5413
  batch 90/264  loss=0.4253
  batch 100/264  loss=0.3724
  batch 110/264  loss=0.4221
  batch 120/264  loss=0.6086
  batch 130/264  loss=0.3454
  batch 140/264  loss=0.3340
  batch 150/264  loss=0.3537
  batch 160/264  loss=0.3567
  batch 170/264  loss=0.3174
  batch 180/264  loss=0.4259
  batch 190/264  loss=0.8628
  batch 200/264  loss=0.3598
  batch 210/264  loss=0.3764
  batch 220/264  loss=0.4259
  batch 230/264  loss=0.4207
  batch 240/264  loss=0.3652
  batch 250/264  loss=0.5891
  batch 260/264  loss=0.3365
Epoch 163/300  train=4.559e-01  rmse=1.9162  lr=1.0e-04  229s
  batch 10/264  loss=0.3569
  batch 20/264  loss=0.4267
  batch 30/264  loss=0.4729
  batch 40/264  loss=0.8412
  batch 50/264  loss=0.3607
  batch 60/264  loss=0.3799
  batch 70/264  loss=0.3920
  batch 80/264  loss=0.4553
  batch 90/264  loss=0.6272
  batch 100/264  loss=0.3508
  batch 110/264  loss=0.6265
  batch 120/264  loss=0.4361
  batch 130/264  loss=0.3401
  batch 140/264  loss=0.4076
  batch 150/264  loss=0.5452
  batch 160/264  loss=0.4173
  batch 170/264  loss=0.5421
  batch 180/264  loss=0.4153
  batch 190/264  loss=0.4397
  batch 200/264  loss=0.4667
  batch 210/264  loss=0.5085
  batch 220/264  loss=0.3319
  batch 230/264  loss=0.4055
  batch 240/264  loss=0.4233
  batch 250/264  loss=0.2979
  batch 260/264  loss=0.3783
Epoch 164/300  train=4.401e-01  rmse=1.8988  lr=1.0e-04  228s
  -> best  monitor=4.401e-01
  batch 10/264  loss=0.5324
  batch 20/264  loss=0.3790
  batch 30/264  loss=0.3357
  batch 40/264  loss=0.4109
  batch 50/264  loss=0.4904
  batch 60/264  loss=0.5584
  batch 70/264  loss=0.3354
  batch 80/264  loss=0.4331
  batch 90/264  loss=0.4202
  batch 100/264  loss=0.4291
  batch 110/264  loss=0.4980
  batch 120/264  loss=0.3627
  batch 130/264  loss=0.6845
  batch 140/264  loss=0.3767
  batch 150/264  loss=0.4023
  batch 160/264  loss=0.4102
  batch 170/264  loss=0.3292
  batch 180/264  loss=0.4832
  batch 190/264  loss=0.3582
  batch 200/264  loss=0.6274
  batch 210/264  loss=0.4289
  batch 220/264  loss=0.4429
  batch 230/264  loss=0.5142
  batch 240/264  loss=0.4559
  batch 250/264  loss=0.5984
  batch 260/264  loss=0.3436
Epoch 165/300  train=4.544e-01  rmse=1.9146  lr=1.0e-04  228s
  batch 10/264  loss=0.3408
  batch 20/264  loss=0.4156
  batch 30/264  loss=0.4699
  batch 40/264  loss=0.3666
  batch 50/264  loss=0.3276
  batch 60/264  loss=0.4764
  batch 70/264  loss=0.4974
  batch 80/264  loss=0.3434
  batch 90/264  loss=0.4209
  batch 100/264  loss=0.4372
  batch 110/264  loss=0.3143
  batch 120/264  loss=0.3081
  batch 130/264  loss=0.4333
  batch 140/264  loss=0.3050
  batch 150/264  loss=0.3448
  batch 160/264  loss=0.4342
  batch 170/264  loss=0.4008
  batch 180/264  loss=0.6801
  batch 190/264  loss=0.4112
  batch 200/264  loss=0.3466
  batch 210/264  loss=0.3456
  batch 220/264  loss=0.4999
  batch 230/264  loss=0.3561
  batch 240/264  loss=0.4182
  batch 250/264  loss=0.3842
  batch 260/264  loss=0.4871
Epoch 166/300  train=4.482e-01  rmse=2.0101  lr=1.0e-04  229s
  batch 10/264  loss=0.5616
  batch 20/264  loss=0.5511
  batch 30/264  loss=0.3032
  batch 40/264  loss=0.3453
  batch 50/264  loss=0.4238
  batch 60/264  loss=0.6108
  batch 70/264  loss=0.3604
  batch 80/264  loss=0.4360
  batch 90/264  loss=0.5246
  batch 100/264  loss=0.4141
  batch 110/264  loss=0.3710
  batch 120/264  loss=0.3451
  batch 130/264  loss=0.4957
  batch 140/264  loss=0.3971
  batch 150/264  loss=0.3513
  batch 160/264  loss=0.4133
  batch 170/264  loss=0.3965
  batch 180/264  loss=0.4235
  batch 190/264  loss=0.3895
  batch 200/264  loss=0.4538
  batch 210/264  loss=0.7990
  batch 220/264  loss=0.5233
  batch 230/264  loss=0.6110
  batch 240/264  loss=0.5746
  batch 250/264  loss=0.5454
  batch 260/264  loss=0.3882
Epoch 167/300  train=4.462e-01  rmse=1.8919  lr=1.0e-04  228s
  batch 10/264  loss=0.3469
  batch 20/264  loss=0.4649
  batch 30/264  loss=0.5787
  batch 40/264  loss=0.5270
  batch 50/264  loss=0.3292
  batch 60/264  loss=0.5330
  batch 70/264  loss=0.5044
  batch 80/264  loss=0.6362
  batch 90/264  loss=0.3852
  batch 100/264  loss=0.4894
  batch 110/264  loss=0.6662
  batch 120/264  loss=0.3940
  batch 130/264  loss=0.4142
  batch 140/264  loss=0.5315
  batch 150/264  loss=0.3861
  batch 160/264  loss=0.4266
  batch 170/264  loss=0.3375
  batch 180/264  loss=0.4020
  batch 190/264  loss=0.5683
  batch 200/264  loss=0.3445
  batch 210/264  loss=0.5535
  batch 220/264  loss=0.4249
  batch 230/264  loss=0.3985
  batch 240/264  loss=0.3401
  batch 250/264  loss=0.6109
  batch 260/264  loss=0.4915
Epoch 168/300  train=4.418e-01  rmse=1.9487  lr=1.0e-04  229s
  batch 10/264  loss=0.3379
  batch 20/264  loss=0.3609
  batch 30/264  loss=0.4117
  batch 40/264  loss=0.3940
  batch 50/264  loss=0.4098
  batch 60/264  loss=0.3467
  batch 70/264  loss=0.4861
  batch 80/264  loss=0.4010
  batch 90/264  loss=0.4098
  batch 100/264  loss=0.3755
  batch 110/264  loss=0.6093
  batch 120/264  loss=0.4241
  batch 130/264  loss=0.4621
  batch 140/264  loss=0.5126
  batch 150/264  loss=1.2341
  batch 160/264  loss=0.3886
  batch 170/264  loss=0.3671
  batch 180/264  loss=0.6401
  batch 190/264  loss=0.4046
  batch 200/264  loss=0.3556
  batch 210/264  loss=0.4868
  batch 220/264  loss=0.3356
  batch 230/264  loss=0.4350
  batch 240/264  loss=0.5670
  batch 250/264  loss=0.6742
  batch 260/264  loss=0.9731
Epoch 169/300  train=4.527e-01  rmse=2.0094  lr=1.0e-04  227s
  batch 10/264  loss=0.4369
  batch 20/264  loss=0.4097
  batch 30/264  loss=0.3932
  batch 40/264  loss=0.6149
  batch 50/264  loss=0.4097
  batch 60/264  loss=0.4894
  batch 70/264  loss=0.3214
  batch 80/264  loss=0.4267
  batch 90/264  loss=0.4680
  batch 100/264  loss=0.3487
  batch 110/264  loss=0.3421
  batch 120/264  loss=0.4312
  batch 130/264  loss=0.3938
  batch 140/264  loss=0.3664
  batch 150/264  loss=0.4187
  batch 160/264  loss=0.3955
  batch 170/264  loss=0.3927
  batch 180/264  loss=0.6545
  batch 190/264  loss=0.4486
  batch 200/264  loss=0.3887
  batch 210/264  loss=0.4289
  batch 220/264  loss=0.3484
  batch 230/264  loss=0.5463
  batch 240/264  loss=0.4624
  batch 250/264  loss=0.4363
  batch 260/264  loss=0.4921
Epoch 170/300  train=4.425e-01  rmse=2.3805  lr=1.0e-04  228s
  batch 10/264  loss=0.4057
  batch 20/264  loss=0.4354
  batch 30/264  loss=0.3723
  batch 40/264  loss=0.3654
  batch 50/264  loss=0.3561
  batch 60/264  loss=0.4809
  batch 70/264  loss=0.3862
  batch 80/264  loss=0.3461
  batch 90/264  loss=0.6127
  batch 100/264  loss=0.3658
  batch 110/264  loss=0.3349
  batch 120/264  loss=0.3403
  batch 130/264  loss=0.3969
  batch 140/264  loss=0.3575
  batch 150/264  loss=0.4441
  batch 160/264  loss=0.5191
  batch 170/264  loss=0.3581
  batch 180/264  loss=0.3330
  batch 190/264  loss=0.3427
  batch 200/264  loss=0.4756
  batch 210/264  loss=0.3854
  batch 220/264  loss=0.3893
  batch 230/264  loss=0.3876
  batch 240/264  loss=0.6239
  batch 250/264  loss=0.3698
  batch 260/264  loss=0.4664
Epoch 171/300  train=4.452e-01  rmse=1.8618  lr=1.0e-04  228s
  batch 10/264  loss=0.4180
  batch 20/264  loss=0.5502
  batch 30/264  loss=0.4535
  batch 40/264  loss=0.3879
  batch 50/264  loss=0.4148
  batch 60/264  loss=0.3448
  batch 70/264  loss=0.3659
  batch 80/264  loss=0.4143
  batch 90/264  loss=0.3108
  batch 100/264  loss=0.3633
  batch 110/264  loss=0.3837
  batch 120/264  loss=0.3873
  batch 130/264  loss=0.3573
  batch 140/264  loss=0.6741
  batch 150/264  loss=0.3843
  batch 160/264  loss=0.6166
  batch 170/264  loss=0.3397
  batch 180/264  loss=0.5818
  batch 190/264  loss=0.3895
  batch 200/264  loss=0.4127
  batch 210/264  loss=0.4623
  batch 220/264  loss=0.5512
  batch 230/264  loss=0.4310
  batch 240/264  loss=0.3832
  batch 250/264  loss=0.4895
  batch 260/264  loss=0.3742
Epoch 172/300  train=4.482e-01  rmse=2.2135  lr=1.0e-04  229s
  batch 10/264  loss=0.5195
  batch 20/264  loss=0.3220
  batch 30/264  loss=0.5613
  batch 40/264  loss=0.3324
  batch 50/264  loss=0.4385
  batch 60/264  loss=0.5066
  batch 70/264  loss=0.3851
  batch 80/264  loss=0.4422
  batch 90/264  loss=0.4155
  batch 100/264  loss=0.3538
  batch 110/264  loss=0.4362
  batch 120/264  loss=0.3408
  batch 130/264  loss=0.4392
  batch 140/264  loss=0.4421
  batch 150/264  loss=0.4306
  batch 160/264  loss=0.4282
  batch 170/264  loss=0.3312
  batch 180/264  loss=0.3662
  batch 190/264  loss=0.3248
  batch 200/264  loss=0.3330
  batch 210/264  loss=0.3685
  batch 220/264  loss=0.4296
  batch 230/264  loss=0.4295
  batch 240/264  loss=0.3837
  batch 250/264  loss=0.5595
  batch 260/264  loss=0.4486
Epoch 173/300  train=4.384e-01  rmse=2.2313  lr=1.0e-04  230s
  -> best  monitor=4.384e-01
  batch 10/264  loss=0.4247
  batch 20/264  loss=0.3457
  batch 30/264  loss=0.3688
  batch 40/264  loss=0.3407
  batch 50/264  loss=0.3576
  batch 60/264  loss=0.3474
  batch 70/264  loss=0.5056
  batch 80/264  loss=0.4767
  batch 90/264  loss=0.4912
  batch 100/264  loss=0.3674
  batch 110/264  loss=0.3378
  batch 120/264  loss=0.4070
  batch 130/264  loss=0.6289
  batch 140/264  loss=0.4219
  batch 150/264  loss=0.6409
  batch 160/264  loss=0.3642
  batch 170/264  loss=0.3261
  batch 180/264  loss=0.4284
  batch 190/264  loss=0.4417
  batch 200/264  loss=0.3561
  batch 210/264  loss=0.5180
  batch 220/264  loss=0.8083
  batch 230/264  loss=0.3962
  batch 240/264  loss=0.3837
  batch 250/264  loss=0.3587
  batch 260/264  loss=0.4663
Epoch 174/300  train=4.414e-01  rmse=1.8590  lr=1.0e-04  229s
  batch 10/264  loss=0.4336
  batch 20/264  loss=0.5498
  batch 30/264  loss=0.6771
  batch 40/264  loss=0.4502
  batch 50/264  loss=0.6049
  batch 60/264  loss=0.3698
  batch 70/264  loss=0.4068
  batch 80/264  loss=0.3723
  batch 90/264  loss=0.3863
  batch 100/264  loss=0.3971
  batch 110/264  loss=0.4626
  batch 120/264  loss=0.7198
  batch 130/264  loss=0.6676
  batch 140/264  loss=0.6149
  batch 150/264  loss=0.3533
  batch 160/264  loss=0.3764
  batch 170/264  loss=0.7024
  batch 180/264  loss=0.4972
  batch 190/264  loss=0.3751
  batch 200/264  loss=0.3678
  batch 210/264  loss=0.3888
  batch 220/264  loss=0.4061
  batch 230/264  loss=0.4779
  batch 240/264  loss=0.4021
  batch 250/264  loss=0.4418
  batch 260/264  loss=0.6456
Epoch 175/300  train=4.425e-01  rmse=1.8138  lr=1.0e-04  228s
  batch 10/264  loss=0.3589
  batch 20/264  loss=0.3577
  batch 30/264  loss=0.5505
  batch 40/264  loss=0.4434
  batch 50/264  loss=0.4114
  batch 60/264  loss=0.3785
  batch 70/264  loss=0.3462
  batch 80/264  loss=0.5813
  batch 90/264  loss=0.2896
  batch 100/264  loss=0.3666
  batch 110/264  loss=0.4902
  batch 120/264  loss=0.4198
  batch 130/264  loss=0.4054
  batch 140/264  loss=0.6982
  batch 150/264  loss=0.3438
  batch 160/264  loss=0.6718
  batch 170/264  loss=0.3229
  batch 180/264  loss=0.5682
  batch 190/264  loss=0.4909
  batch 200/264  loss=0.3521
  batch 210/264  loss=0.5333
  batch 220/264  loss=0.4332
  batch 230/264  loss=0.4334
  batch 240/264  loss=0.3505
  batch 250/264  loss=0.5594
  batch 260/264  loss=0.3891
Epoch 176/300  train=4.517e-01  rmse=1.9648  lr=1.0e-04  230s
  batch 10/264  loss=0.5771
  batch 20/264  loss=0.3337
  batch 30/264  loss=0.4092
  batch 40/264  loss=0.7230
  batch 50/264  loss=0.3974
  batch 60/264  loss=0.3418
  batch 70/264  loss=0.4694
  batch 80/264  loss=0.4313
  batch 90/264  loss=0.3936
  batch 100/264  loss=0.3091
  batch 110/264  loss=0.3947
  batch 120/264  loss=0.6021
  batch 130/264  loss=0.5820
  batch 140/264  loss=0.6096
  batch 150/264  loss=0.4273
  batch 160/264  loss=0.4835
  batch 170/264  loss=0.3788
  batch 180/264  loss=0.5354
  batch 190/264  loss=0.3367
  batch 200/264  loss=0.4479
  batch 210/264  loss=0.5246
  batch 220/264  loss=0.3222
  batch 230/264  loss=0.3617
  batch 240/264  loss=0.4055
  batch 250/264  loss=0.5114
  batch 260/264  loss=0.3172
Epoch 177/300  train=4.381e-01  rmse=1.8884  lr=1.0e-04  228s
  -> best  monitor=4.381e-01
  batch 10/264  loss=0.3190
  batch 20/264  loss=0.3894
  batch 30/264  loss=0.3365
  batch 40/264  loss=0.3981
  batch 50/264  loss=0.4025
  batch 60/264  loss=0.4255
  batch 70/264  loss=0.4174
  batch 80/264  loss=0.4557
  batch 90/264  loss=0.3461
  batch 100/264  loss=0.5025
  batch 110/264  loss=0.5004
  batch 120/264  loss=0.4422
  batch 130/264  loss=0.3387
  batch 140/264  loss=0.3742
  batch 150/264  loss=0.4737
  batch 160/264  loss=0.2821
  batch 170/264  loss=0.7090
  batch 180/264  loss=0.4651
  batch 190/264  loss=0.4386
  batch 200/264  loss=0.6386
  batch 210/264  loss=0.3437
  batch 220/264  loss=0.3644
  batch 230/264  loss=0.5968
  batch 240/264  loss=0.5242
  batch 250/264  loss=0.3700
  batch 260/264  loss=0.3152
Epoch 178/300  train=4.396e-01  rmse=2.0124  lr=1.0e-04  228s
  batch 10/264  loss=0.3717
  batch 20/264  loss=0.5091
  batch 30/264  loss=0.5541
  batch 40/264  loss=0.5391
  batch 50/264  loss=0.2942
  batch 60/264  loss=0.3881
  batch 70/264  loss=0.3960
  batch 80/264  loss=0.3314
  batch 90/264  loss=0.4096
  batch 100/264  loss=0.3619
  batch 110/264  loss=0.4687
  batch 120/264  loss=0.5458
  batch 130/264  loss=0.3893
  batch 140/264  loss=0.3880
  batch 150/264  loss=0.4270
  batch 160/264  loss=0.3487
  batch 170/264  loss=0.4038
  batch 180/264  loss=0.5806
  batch 190/264  loss=0.4229
  batch 200/264  loss=0.3578
  batch 210/264  loss=0.3535
  batch 220/264  loss=0.4775
  batch 230/264  loss=0.4823
  batch 240/264  loss=0.4237
  batch 250/264  loss=0.5073
  batch 260/264  loss=0.3884
Epoch 179/300  train=4.352e-01  rmse=1.8734  lr=1.0e-04  228s
  -> best  monitor=4.352e-01
  batch 10/264  loss=0.4037
  batch 20/264  loss=0.4657
  batch 30/264  loss=0.3829
  batch 40/264  loss=0.3108
  batch 50/264  loss=0.3724
  batch 60/264  loss=0.4258
  batch 70/264  loss=0.6365
  batch 80/264  loss=0.3391
  batch 90/264  loss=0.3278
  batch 100/264  loss=0.3260
  batch 110/264  loss=0.5378
  batch 120/264  loss=0.4158
  batch 130/264  loss=0.4403
  batch 140/264  loss=0.3413
  batch 150/264  loss=0.4193
  batch 160/264  loss=0.4360
  batch 170/264  loss=0.3847
  batch 180/264  loss=0.3309
  batch 190/264  loss=0.4459
  batch 200/264  loss=0.4013
  batch 210/264  loss=0.5721
  batch 220/264  loss=0.4144
  batch 230/264  loss=0.4486
  batch 240/264  loss=0.3967
  batch 250/264  loss=0.4095
  batch 260/264  loss=0.3293
Epoch 180/300  train=4.287e-01  rmse=2.0502  lr=1.0e-04  230s
  -> best  monitor=4.287e-01
  batch 10/264  loss=0.7219
  batch 20/264  loss=0.4165
  batch 30/264  loss=0.4686
  batch 40/264  loss=0.3661
  batch 50/264  loss=0.4785
  batch 60/264  loss=0.3344
  batch 70/264  loss=0.3752
  batch 80/264  loss=0.3411
  batch 90/264  loss=0.3580
  batch 100/264  loss=0.3817
  batch 110/264  loss=0.4841
  batch 120/264  loss=0.3119
  batch 130/264  loss=0.4209
  batch 140/264  loss=0.3308
  batch 150/264  loss=0.4901
  batch 160/264  loss=0.4280
  batch 170/264  loss=0.4283
  batch 180/264  loss=0.3815
  batch 190/264  loss=0.4273
  batch 200/264  loss=0.3410
  batch 210/264  loss=0.4002
  batch 220/264  loss=0.3094
  batch 230/264  loss=0.4827
  batch 240/264  loss=0.3584
  batch 250/264  loss=0.4024
  batch 260/264  loss=0.3535
Epoch 181/300  train=4.324e-01  rmse=1.8457  lr=1.0e-04  229s
  batch 10/264  loss=0.3549
  batch 20/264  loss=0.4175
  batch 30/264  loss=0.3533
  batch 40/264  loss=0.3801
  batch 50/264  loss=0.4473
  batch 60/264  loss=0.4300
  batch 70/264  loss=0.3534
  batch 80/264  loss=0.7160
  batch 90/264  loss=0.3278
  batch 100/264  loss=0.5473
  batch 110/264  loss=0.3395
  batch 120/264  loss=0.5571
  batch 130/264  loss=0.4534
  batch 140/264  loss=0.4480
  batch 150/264  loss=0.3943
  batch 160/264  loss=0.4877
  batch 170/264  loss=0.4539
  batch 180/264  loss=0.5449
  batch 190/264  loss=0.4178
  batch 200/264  loss=0.4858
  batch 210/264  loss=0.4528
  batch 220/264  loss=1.0360
  batch 230/264  loss=0.5810
  batch 240/264  loss=0.7527
  batch 250/264  loss=0.4712
  batch 260/264  loss=0.4410
Epoch 182/300  train=4.465e-01  rmse=1.9692  lr=1.0e-04  229s
  batch 10/264  loss=0.4492
  batch 20/264  loss=0.5007
  batch 30/264  loss=0.4281
  batch 40/264  loss=0.3374
  batch 50/264  loss=0.4691
  batch 60/264  loss=0.3559
  batch 70/264  loss=0.6707
  batch 80/264  loss=0.4112
  batch 90/264  loss=0.5785
  batch 100/264  loss=0.4666
  batch 110/264  loss=0.3572
  batch 120/264  loss=0.3724
  batch 130/264  loss=0.3718
  batch 140/264  loss=0.3732
  batch 150/264  loss=0.3248
  batch 160/264  loss=0.3340
  batch 170/264  loss=0.3916
  batch 180/264  loss=0.4269
  batch 190/264  loss=0.4839
  batch 200/264  loss=0.3413
  batch 210/264  loss=0.3168
  batch 220/264  loss=0.4319
  batch 230/264  loss=0.6992
  batch 240/264  loss=0.3539
  batch 250/264  loss=0.3427
  batch 260/264  loss=0.3435
Epoch 183/300  train=4.342e-01  rmse=1.9818  lr=1.0e-04  228s
  batch 10/264  loss=0.3306
  batch 20/264  loss=0.3339
  batch 30/264  loss=0.3830
  batch 40/264  loss=0.4849
  batch 50/264  loss=0.4349
  batch 60/264  loss=0.5011
  batch 70/264  loss=0.3876
  batch 80/264  loss=0.3484
  batch 90/264  loss=0.6204
  batch 100/264  loss=0.5423
  batch 110/264  loss=0.6826
  batch 120/264  loss=0.3822
  batch 130/264  loss=0.4268
  batch 140/264  loss=0.3816
  batch 150/264  loss=0.3960
  batch 160/264  loss=0.4376
  batch 170/264  loss=0.3411
  batch 180/264  loss=0.3728
  batch 190/264  loss=0.3830
  batch 200/264  loss=0.4621
  batch 210/264  loss=0.4286
  batch 220/264  loss=0.3344
  batch 230/264  loss=0.4137
  batch 240/264  loss=0.4969
  batch 250/264  loss=0.3304
  batch 260/264  loss=0.4099
Epoch 184/300  train=4.404e-01  rmse=1.9351  lr=1.0e-04  229s
  batch 10/264  loss=0.3501
  batch 20/264  loss=0.3985
  batch 30/264  loss=0.3349
  batch 40/264  loss=0.5795
  batch 50/264  loss=0.4187
  batch 60/264  loss=0.4172
  batch 70/264  loss=0.5782
  batch 80/264  loss=0.3993
  batch 90/264  loss=0.3261
  batch 100/264  loss=0.5353
  batch 110/264  loss=0.4107
  batch 120/264  loss=0.6893
  batch 130/264  loss=0.4703
  batch 140/264  loss=0.4049
  batch 150/264  loss=0.5370
  batch 160/264  loss=0.4571
  batch 170/264  loss=0.3593
  batch 180/264  loss=0.4558
  batch 190/264  loss=0.3371
  batch 200/264  loss=0.3188
  batch 210/264  loss=0.3625
  batch 220/264  loss=0.5682
  batch 230/264  loss=0.3592
  batch 240/264  loss=0.3300
  batch 250/264  loss=0.5323
  batch 260/264  loss=0.3093
Epoch 185/300  train=4.321e-01  rmse=1.9601  lr=1.0e-04  228s
  batch 10/264  loss=0.3959
  batch 20/264  loss=0.4207
  batch 30/264  loss=0.3604
  batch 40/264  loss=0.4273
  batch 50/264  loss=0.4496
  batch 60/264  loss=0.3679
  batch 70/264  loss=0.3593
  batch 80/264  loss=0.4297
  batch 90/264  loss=0.4374
  batch 100/264  loss=0.7274
  batch 110/264  loss=0.4255
  batch 120/264  loss=0.4494
  batch 130/264  loss=0.4416
  batch 140/264  loss=0.4090
  batch 150/264  loss=0.3569
  batch 160/264  loss=0.3542
  batch 170/264  loss=0.3453
  batch 180/264  loss=0.3558
  batch 190/264  loss=0.4245
  batch 200/264  loss=0.4054
  batch 210/264  loss=0.4163
  batch 220/264  loss=0.3119
  batch 230/264  loss=0.3927
  batch 240/264  loss=0.3820
  batch 250/264  loss=0.3413
  batch 260/264  loss=0.4896
Epoch 186/300  train=4.340e-01  rmse=1.8041  lr=1.0e-04  229s
  batch 10/264  loss=0.3485
  batch 20/264  loss=0.4117
  batch 30/264  loss=0.5104
  batch 40/264  loss=0.3041
  batch 50/264  loss=0.4050
  batch 60/264  loss=0.4399
  batch 70/264  loss=0.5002
  batch 80/264  loss=0.3729
  batch 90/264  loss=0.3907
  batch 100/264  loss=0.3151
  batch 110/264  loss=0.4197
  batch 120/264  loss=0.4094
  batch 130/264  loss=0.5463
  batch 140/264  loss=0.4878
  batch 150/264  loss=0.5440
  batch 160/264  loss=0.4175
  batch 170/264  loss=0.4083
  batch 180/264  loss=0.4224
  batch 190/264  loss=0.5960
  batch 200/264  loss=0.3902
  batch 210/264  loss=0.4071
  batch 220/264  loss=0.3923
  batch 230/264  loss=0.3391
  batch 240/264  loss=0.5149
  batch 250/264  loss=0.3783
  batch 260/264  loss=0.4141
Epoch 187/300  train=4.308e-01  rmse=1.8627  lr=1.0e-04  229s
  batch 10/264  loss=0.3505
  batch 20/264  loss=0.5675
  batch 30/264  loss=0.3700
  batch 40/264  loss=0.4203
  batch 50/264  loss=0.3913
  batch 60/264  loss=0.3319
  batch 70/264  loss=0.3587
  batch 80/264  loss=0.3573
  batch 90/264  loss=0.5960
  batch 100/264  loss=0.3911
  batch 110/264  loss=0.3704
  batch 120/264  loss=0.2914
  batch 130/264  loss=0.3452
  batch 140/264  loss=0.5860
  batch 150/264  loss=0.5463
  batch 160/264  loss=0.4027
  batch 170/264  loss=0.3759
  batch 180/264  loss=0.4121
  batch 190/264  loss=0.3488
  batch 200/264  loss=0.3969
  batch 210/264  loss=0.3872
  batch 220/264  loss=0.3308
  batch 230/264  loss=0.3445
  batch 240/264  loss=0.5242
  batch 250/264  loss=0.3275
  batch 260/264  loss=0.4045
Epoch 188/300  train=4.333e-01  rmse=1.8466  lr=1.0e-04  230s
  batch 10/264  loss=0.6530
  batch 20/264  loss=0.3600
  batch 30/264  loss=0.4172
  batch 40/264  loss=0.4436
  batch 50/264  loss=0.4085
  batch 60/264  loss=0.4523
  batch 70/264  loss=0.5337
  batch 80/264  loss=0.4760
  batch 90/264  loss=0.3411
  batch 100/264  loss=0.4059
  batch 110/264  loss=0.3427
  batch 120/264  loss=0.3816
  batch 130/264  loss=0.3842
  batch 140/264  loss=0.3298
  batch 150/264  loss=0.3557
  batch 160/264  loss=0.5157
  batch 170/264  loss=0.3473
  batch 180/264  loss=0.4700
  batch 190/264  loss=0.3112
  batch 200/264  loss=0.4058
  batch 210/264  loss=0.4920
  batch 220/264  loss=0.3066
  batch 230/264  loss=0.4580
  batch 240/264  loss=0.5815
  batch 250/264  loss=0.4815
  batch 260/264  loss=0.3247
Epoch 189/300  train=4.363e-01  rmse=1.9855  lr=1.0e-04  230s
  batch 10/264  loss=0.3889
  batch 20/264  loss=0.4897
  batch 30/264  loss=0.3262
  batch 40/264  loss=0.3790
  batch 50/264  loss=0.3133
  batch 60/264  loss=0.3427
  batch 70/264  loss=0.5574
  batch 80/264  loss=0.4979
  batch 90/264  loss=0.4296
  batch 100/264  loss=0.3833
  batch 110/264  loss=0.4963
  batch 120/264  loss=0.5785
  batch 130/264  loss=0.5321
  batch 140/264  loss=0.4089
  batch 150/264  loss=0.3576
  batch 160/264  loss=0.4903
  batch 170/264  loss=0.3830
  batch 180/264  loss=0.3707
  batch 190/264  loss=0.3443
  batch 200/264  loss=0.3550
  batch 210/264  loss=0.3209
  batch 220/264  loss=0.3195
  batch 230/264  loss=1.0385
  batch 240/264  loss=0.3064
  batch 250/264  loss=0.4121
  batch 260/264  loss=0.4698
Epoch 190/300  train=4.311e-01  rmse=1.8787  lr=1.0e-04  230s
  batch 10/264  loss=0.3945
  batch 20/264  loss=0.3966
  batch 30/264  loss=0.3820
  batch 40/264  loss=0.4380
  batch 50/264  loss=0.7539
  batch 60/264  loss=0.3722
  batch 70/264  loss=0.3224
  batch 80/264  loss=0.3936
  batch 90/264  loss=0.3820
  batch 100/264  loss=0.4543
  batch 110/264  loss=0.3662
  batch 120/264  loss=0.3452
  batch 130/264  loss=0.4190
  batch 140/264  loss=0.4440
  batch 150/264  loss=0.3738
  batch 160/264  loss=0.3330
  batch 170/264  loss=0.3845
  batch 180/264  loss=0.5525
  batch 190/264  loss=0.3420
  batch 200/264  loss=0.4482
  batch 210/264  loss=0.4922
  batch 220/264  loss=0.3786
  batch 230/264  loss=0.5725
  batch 240/264  loss=0.3928
  batch 250/264  loss=0.3353
  batch 260/264  loss=0.3535
Epoch 191/300  train=4.287e-01  rmse=1.8264  lr=5.0e-05  229s
  -> best  monitor=4.287e-01
  batch 10/264  loss=0.4050
  batch 20/264  loss=0.3926
  batch 30/264  loss=0.3906
  batch 40/264  loss=0.6010
  batch 50/264  loss=0.4906
  batch 60/264  loss=0.3728
  batch 70/264  loss=0.9034
  batch 80/264  loss=0.4032
  batch 90/264  loss=0.3316
  batch 100/264  loss=0.3364
  batch 110/264  loss=0.3509
  batch 120/264  loss=0.3726
  batch 130/264  loss=0.3231
  batch 140/264  loss=0.3015
  batch 150/264  loss=0.6011
  batch 160/264  loss=0.5419
  batch 170/264  loss=0.3752
  batch 180/264  loss=0.4446
  batch 190/264  loss=0.3535
  batch 200/264  loss=0.4918
  batch 210/264  loss=0.4020
  batch 220/264  loss=0.3924
  batch 230/264  loss=0.5249
  batch 240/264  loss=0.4897
  batch 250/264  loss=0.3553
  batch 260/264  loss=0.4106
Epoch 192/300  train=4.236e-01  rmse=1.8848  lr=5.0e-05  229s
  -> best  monitor=4.236e-01
  batch 10/264  loss=0.4510
  batch 20/264  loss=0.3631
  batch 30/264  loss=0.3911
  batch 40/264  loss=0.3890
  batch 50/264  loss=0.3326
  batch 60/264  loss=0.4486
  batch 70/264  loss=0.3697
  batch 80/264  loss=0.3658
  batch 90/264  loss=0.4706
  batch 100/264  loss=0.3249
  batch 110/264  loss=0.3796
  batch 120/264  loss=0.4233
  batch 130/264  loss=0.3421
  batch 140/264  loss=0.3507
  batch 150/264  loss=0.3348
  batch 160/264  loss=0.3594
  batch 170/264  loss=0.5127
  batch 180/264  loss=0.6871
  batch 190/264  loss=0.3101
  batch 200/264  loss=0.4056
  batch 210/264  loss=0.3585
  batch 220/264  loss=0.4073
  batch 230/264  loss=0.5050
  batch 240/264  loss=0.3314
  batch 250/264  loss=0.4738
  batch 260/264  loss=0.4528
Epoch 193/300  train=4.105e-01  rmse=2.0643  lr=5.0e-05  229s
  -> best  monitor=4.105e-01
  batch 10/264  loss=0.3327
  batch 20/264  loss=0.3581
  batch 30/264  loss=0.3714
  batch 40/264  loss=0.3826
  batch 50/264  loss=0.4970
  batch 60/264  loss=0.3167
  batch 70/264  loss=0.4063
  batch 80/264  loss=0.3555
  batch 90/264  loss=0.3481
  batch 100/264  loss=0.5417
  batch 110/264  loss=0.3211
  batch 120/264  loss=0.4881
  batch 130/264  loss=0.3570
  batch 140/264  loss=0.5764
  batch 150/264  loss=0.4241
  batch 160/264  loss=0.3620
  batch 170/264  loss=0.4241
  batch 180/264  loss=0.3539
  batch 190/264  loss=0.3154
  batch 200/264  loss=0.3596
  batch 210/264  loss=0.4077
  batch 220/264  loss=0.4476
  batch 230/264  loss=0.3521
  batch 240/264  loss=0.3757
  batch 250/264  loss=0.3389
  batch 260/264  loss=0.4011
Epoch 194/300  train=4.165e-01  rmse=2.1504  lr=5.0e-05  229s
  batch 10/264  loss=0.4295
  batch 20/264  loss=0.5235
  batch 30/264  loss=0.3163
  batch 40/264  loss=0.3651
  batch 50/264  loss=0.3511
  batch 60/264  loss=0.3524
  batch 70/264  loss=0.4055
  batch 80/264  loss=0.3900
  batch 90/264  loss=0.5120
  batch 100/264  loss=0.5078
  batch 110/264  loss=0.2980
  batch 120/264  loss=0.2911
  batch 130/264  loss=0.3353
  batch 140/264  loss=0.6149
  batch 150/264  loss=0.3264
  batch 160/264  loss=0.3622
  batch 170/264  loss=0.4630
  batch 180/264  loss=0.4702
  batch 190/264  loss=0.4333
  batch 200/264  loss=0.3348
  batch 210/264  loss=0.3580
  batch 220/264  loss=0.4624
  batch 230/264  loss=0.3726
  batch 240/264  loss=0.4426
  batch 250/264  loss=0.3231
  batch 260/264  loss=0.3278
Epoch 195/300  train=4.074e-01  rmse=1.9189  lr=5.0e-05  229s
  -> best  monitor=4.074e-01
  batch 10/264  loss=0.4179
  batch 20/264  loss=0.3195
  batch 30/264  loss=0.4936
  batch 40/264  loss=0.3024
  batch 50/264  loss=0.4176
  batch 60/264  loss=0.3771
  batch 70/264  loss=0.3666
  batch 80/264  loss=0.3639
  batch 90/264  loss=0.4100
  batch 100/264  loss=0.3516
  batch 110/264  loss=0.4140
  batch 120/264  loss=0.3004
  batch 130/264  loss=0.3536
  batch 140/264  loss=0.3821
  batch 150/264  loss=0.4137
  batch 160/264  loss=0.5738
  batch 170/264  loss=0.5201
  batch 180/264  loss=0.3479
  batch 190/264  loss=0.3060
  batch 200/264  loss=0.3181
  batch 210/264  loss=0.4814
  batch 220/264  loss=0.4017
  batch 230/264  loss=0.4039
  batch 240/264  loss=0.4260
  batch 250/264  loss=0.5398
  batch 260/264  loss=0.3802
Epoch 196/300  train=4.081e-01  rmse=1.9200  lr=5.0e-05  229s
  batch 10/264  loss=0.3741
  batch 20/264  loss=0.3132
  batch 30/264  loss=0.3148
  batch 40/264  loss=0.3802
  batch 50/264  loss=0.3116
  batch 60/264  loss=0.3926
  batch 70/264  loss=0.3875
  batch 80/264  loss=0.5463
  batch 90/264  loss=0.8845
  batch 100/264  loss=0.3818
  batch 110/264  loss=0.3527
  batch 120/264  loss=0.3291
  batch 130/264  loss=0.8012
  batch 140/264  loss=0.5411
  batch 150/264  loss=0.5125
  batch 160/264  loss=0.3588
  batch 170/264  loss=0.4700
  batch 180/264  loss=0.3200
  batch 190/264  loss=0.4127
  batch 200/264  loss=0.4222
  batch 210/264  loss=0.4042
  batch 220/264  loss=0.3879
  batch 230/264  loss=0.6205
  batch 240/264  loss=0.4329
  batch 250/264  loss=0.3672
  batch 260/264  loss=0.3851
Epoch 197/300  train=4.136e-01  rmse=2.0328  lr=5.0e-05  228s
  batch 10/264  loss=0.4062
  batch 20/264  loss=0.3539
  batch 30/264  loss=0.3593
  batch 40/264  loss=0.3204
  batch 50/264  loss=0.3943
  batch 60/264  loss=0.4116
  batch 70/264  loss=0.2941
  batch 80/264  loss=0.5187
  batch 90/264  loss=0.3074
  batch 100/264  loss=0.3269
  batch 110/264  loss=0.3587
  batch 120/264  loss=0.3108
  batch 130/264  loss=0.3973
  batch 140/264  loss=0.3368
  batch 150/264  loss=0.4488
  batch 160/264  loss=0.2930
  batch 170/264  loss=0.4491
  batch 180/264  loss=0.7635
  batch 190/264  loss=0.3940
  batch 200/264  loss=0.4109
  batch 210/264  loss=0.4420
  batch 220/264  loss=0.4312
  batch 230/264  loss=0.3658
  batch 240/264  loss=0.4181
  batch 250/264  loss=0.3975
  batch 260/264  loss=0.3354
Epoch 198/300  train=4.086e-01  rmse=1.7919  lr=5.0e-05  230s
  batch 10/264  loss=0.2930
  batch 20/264  loss=0.5652
  batch 30/264  loss=0.4440
  batch 40/264  loss=0.4062
  batch 50/264  loss=0.4846
  batch 60/264  loss=0.3083
  batch 70/264  loss=0.3805
  batch 80/264  loss=0.3711
  batch 90/264  loss=0.3481
  batch 100/264  loss=0.4028
  batch 110/264  loss=0.4493
  batch 120/264  loss=0.4154
  batch 130/264  loss=0.3689
  batch 140/264  loss=0.5042
  batch 150/264  loss=0.3310
  batch 160/264  loss=0.4916
  batch 170/264  loss=0.3616
  batch 180/264  loss=0.3346
  batch 190/264  loss=0.6448
  batch 200/264  loss=0.3366
  batch 210/264  loss=0.3576
  batch 220/264  loss=0.4026
  batch 230/264  loss=0.3305
  batch 240/264  loss=0.3418
  batch 250/264  loss=0.3880
  batch 260/264  loss=0.5012
Epoch 199/300  train=4.120e-01  rmse=1.9491  lr=5.0e-05  229s
  batch 10/264  loss=0.4908
  batch 20/264  loss=0.4519
  batch 30/264  loss=0.4039
  batch 40/264  loss=0.5393
  batch 50/264  loss=0.4337
  batch 60/264  loss=0.5570
  batch 70/264  loss=0.4890
  batch 80/264  loss=0.3389
  batch 90/264  loss=0.4002
  batch 100/264  loss=0.4831
  batch 110/264  loss=0.3668
  batch 120/264  loss=0.5233
  batch 130/264  loss=0.4603
  batch 140/264  loss=0.3876
  batch 150/264  loss=0.4327
  batch 160/264  loss=0.4197
  batch 170/264  loss=0.5010
  batch 180/264  loss=0.3727
  batch 190/264  loss=0.3614
  batch 200/264  loss=0.5858
  batch 210/264  loss=0.4882
  batch 220/264  loss=0.4736
  batch 230/264  loss=0.4095
  batch 240/264  loss=0.3291
  batch 250/264  loss=0.3943
  batch 260/264  loss=0.3562
Epoch 200/300  train=4.114e-01  rmse=2.0603  lr=5.0e-05  229s
  batch 10/264  loss=0.3396
  batch 20/264  loss=0.3758
  batch 30/264  loss=0.3653
  batch 40/264  loss=0.3867
  batch 50/264  loss=0.4277
  batch 60/264  loss=0.3151
  batch 70/264  loss=0.3891
  batch 80/264  loss=0.3746
  batch 90/264  loss=0.4139
  batch 100/264  loss=0.4512
  batch 110/264  loss=0.2896
  batch 120/264  loss=0.4233
  batch 130/264  loss=0.3912
  batch 140/264  loss=0.3789
  batch 150/264  loss=0.3615
  batch 160/264  loss=0.3843
  batch 170/264  loss=0.4860
  batch 180/264  loss=0.4823
  batch 190/264  loss=0.3727
  batch 200/264  loss=0.5280
  batch 210/264  loss=0.3304
  batch 220/264  loss=0.4941
  batch 230/264  loss=0.3194
  batch 240/264  loss=0.4047
  batch 250/264  loss=0.3308
  batch 260/264  loss=0.3176
Epoch 201/300  train=4.110e-01  rmse=1.8768  lr=5.0e-05  228s
  batch 10/264  loss=0.3432
  batch 20/264  loss=0.4453
  batch 30/264  loss=0.4235
  batch 40/264  loss=0.3608
  batch 50/264  loss=0.4675
  batch 60/264  loss=0.3552
  batch 70/264  loss=0.3832
  batch 80/264  loss=0.5467
  batch 90/264  loss=0.3055
  batch 100/264  loss=0.5004
  batch 110/264  loss=0.2842
  batch 120/264  loss=0.3580
  batch 130/264  loss=0.2916
  batch 140/264  loss=0.4944
  batch 150/264  loss=0.6544
  batch 160/264  loss=0.3579
  batch 170/264  loss=0.5140
  batch 180/264  loss=0.4762
  batch 190/264  loss=0.3300
  batch 200/264  loss=0.3324
  batch 210/264  loss=0.4391
  batch 220/264  loss=0.4578
  batch 230/264  loss=0.4314
  batch 240/264  loss=0.3127
  batch 250/264  loss=0.5110
  batch 260/264  loss=0.4523
Epoch 202/300  train=4.078e-01  rmse=1.8481  lr=5.0e-05  229s
  batch 10/264  loss=0.4132
  batch 20/264  loss=0.6068
  batch 30/264  loss=0.3848
  batch 40/264  loss=0.3443
  batch 50/264  loss=0.3861
  batch 60/264  loss=0.4027
  batch 70/264  loss=0.4041
  batch 80/264  loss=0.5260
  batch 90/264  loss=0.3075
  batch 100/264  loss=0.3272
  batch 110/264  loss=0.3240
  batch 120/264  loss=0.5011
  batch 130/264  loss=0.4308
  batch 140/264  loss=0.3519
  batch 150/264  loss=0.3578
  batch 160/264  loss=0.3396
  batch 170/264  loss=0.3373
  batch 180/264  loss=0.4835
  batch 190/264  loss=0.5151
  batch 200/264  loss=0.3029
  batch 210/264  loss=0.3277
  batch 220/264  loss=0.4150
  batch 230/264  loss=0.5215
  batch 240/264  loss=0.3093
  batch 250/264  loss=0.4658
  batch 260/264  loss=0.3938
Epoch 203/300  train=4.086e-01  rmse=1.8395  lr=5.0e-05  229s
  batch 10/264  loss=0.3332
  batch 20/264  loss=0.4042
  batch 30/264  loss=0.3838
  batch 40/264  loss=0.3447
  batch 50/264  loss=0.4141
  batch 60/264  loss=0.4084
  batch 70/264  loss=0.4149
  batch 80/264  loss=0.4416
  batch 90/264  loss=0.3245
  batch 100/264  loss=0.5916
  batch 110/264  loss=0.5403
  batch 120/264  loss=0.4094
  batch 130/264  loss=0.4593
  batch 140/264  loss=0.5015
  batch 150/264  loss=0.5206
  batch 160/264  loss=0.5861
  batch 170/264  loss=0.3405
  batch 180/264  loss=0.3306
  batch 190/264  loss=0.4689
  batch 200/264  loss=0.3362
  batch 210/264  loss=0.3681
  batch 220/264  loss=0.4383
  batch 230/264  loss=0.3037
  batch 240/264  loss=0.3537
  batch 250/264  loss=0.3863
  batch 260/264  loss=0.3561
Epoch 204/300  train=4.196e-01  rmse=3.1197  lr=5.0e-05  228s
  batch 10/264  loss=0.4201
  batch 20/264  loss=0.5736
  batch 30/264  loss=0.3555
  batch 40/264  loss=0.4410
  batch 50/264  loss=0.4996
  batch 60/264  loss=0.3248
  batch 70/264  loss=0.4456
  batch 80/264  loss=0.4160
  batch 90/264  loss=0.3599
  batch 100/264  loss=0.3977
  batch 110/264  loss=0.3817
  batch 120/264  loss=0.3419
  batch 130/264  loss=0.3977
  batch 140/264  loss=0.3773
  batch 150/264  loss=0.4485
  batch 160/264  loss=0.4877
  batch 170/264  loss=0.3582
  batch 180/264  loss=0.4999
  batch 190/264  loss=0.3174
  batch 200/264  loss=0.4053
  batch 210/264  loss=0.4165
  batch 220/264  loss=0.3781
  batch 230/264  loss=0.5899
  batch 240/264  loss=0.3308
  batch 250/264  loss=0.4382
  batch 260/264  loss=0.4546
Epoch 205/300  train=4.055e-01  rmse=1.7492  lr=5.0e-05  229s
  -> best  monitor=4.055e-01
  batch 10/264  loss=0.3655
  batch 20/264  loss=0.3366
  batch 30/264  loss=0.3812
  batch 40/264  loss=0.4253
  batch 50/264  loss=0.3177
  batch 60/264  loss=0.4672
  batch 70/264  loss=0.3104
  batch 80/264  loss=0.3528
  batch 90/264  loss=0.4328
  batch 100/264  loss=0.3273
  batch 110/264  loss=0.4898
  batch 120/264  loss=0.5413
  batch 130/264  loss=0.5126
  batch 140/264  loss=0.5434
  batch 150/264  loss=0.3625
  batch 160/264  loss=0.4443
  batch 170/264  loss=0.5709
  batch 180/264  loss=0.3823
  batch 190/264  loss=0.3577
  batch 200/264  loss=0.3256
  batch 210/264  loss=0.3860
  batch 220/264  loss=0.4005
  batch 230/264  loss=0.8650
  batch 240/264  loss=0.3693
  batch 250/264  loss=0.3884
  batch 260/264  loss=0.4416
Epoch 206/300  train=4.109e-01  rmse=1.7852  lr=5.0e-05  229s
  batch 10/264  loss=0.3906
  batch 20/264  loss=0.3487
  batch 30/264  loss=0.4160
  batch 40/264  loss=0.3136
  batch 50/264  loss=0.3429
  batch 60/264  loss=0.4365
  batch 70/264  loss=0.5963
  batch 80/264  loss=0.3224
  batch 90/264  loss=0.4362
  batch 100/264  loss=0.6524
  batch 110/264  loss=0.4982
  batch 120/264  loss=0.3186
  batch 130/264  loss=0.3381
  batch 140/264  loss=0.3591
  batch 150/264  loss=0.4058
  batch 160/264  loss=0.3330
  batch 170/264  loss=0.5269
  batch 180/264  loss=0.3841
  batch 190/264  loss=0.3980
  batch 200/264  loss=0.3311
  batch 210/264  loss=0.4263
  batch 220/264  loss=0.3536
  batch 230/264  loss=0.3699
  batch 240/264  loss=0.4527
  batch 250/264  loss=0.4363
  batch 260/264  loss=0.5196
Epoch 207/300  train=4.128e-01  rmse=1.8337  lr=5.0e-05  229s
  batch 10/264  loss=0.4399
  batch 20/264  loss=0.3469
  batch 30/264  loss=0.4249
  batch 40/264  loss=0.5021
  batch 50/264  loss=0.3396
  batch 60/264  loss=0.3146
  batch 70/264  loss=0.4486
  batch 80/264  loss=0.3171
  batch 90/264  loss=0.5294
  batch 100/264  loss=0.4521
  batch 110/264  loss=0.3879
  batch 120/264  loss=0.3674
  batch 130/264  loss=0.3180
  batch 140/264  loss=0.3662
  batch 150/264  loss=0.4308
  batch 160/264  loss=0.5467
  batch 170/264  loss=0.4600
  batch 180/264  loss=0.8140
  batch 190/264  loss=0.3034
  batch 200/264  loss=0.6821
  batch 210/264  loss=0.3077
  batch 220/264  loss=0.3447
  batch 230/264  loss=0.3609
  batch 240/264  loss=0.4618
  batch 250/264  loss=0.3733
  batch 260/264  loss=0.3180
Epoch 208/300  train=4.037e-01  rmse=1.7753  lr=5.0e-05  231s
  -> best  monitor=4.037e-01
  batch 10/264  loss=0.3904
  batch 20/264  loss=0.5320
  batch 30/264  loss=0.3075
  batch 40/264  loss=0.4960
  batch 50/264  loss=0.3411
  batch 60/264  loss=0.3534
  batch 70/264  loss=0.3354
  batch 80/264  loss=0.3835
  batch 90/264  loss=0.3304
  batch 100/264  loss=0.3585
  batch 110/264  loss=0.3092
  batch 120/264  loss=0.3666
  batch 130/264  loss=0.4636
  batch 140/264  loss=0.4079
  batch 150/264  loss=0.4411
  batch 160/264  loss=0.3131
  batch 170/264  loss=0.3950
  batch 180/264  loss=0.3735
  batch 190/264  loss=0.5504
  batch 200/264  loss=0.3516
  batch 210/264  loss=0.4033
  batch 220/264  loss=0.3928
  batch 230/264  loss=0.3218
  batch 240/264  loss=0.4687
  batch 250/264  loss=0.4344
  batch 260/264  loss=0.3492
Epoch 209/300  train=4.019e-01  rmse=1.8776  lr=5.0e-05  229s
  -> best  monitor=4.019e-01
  batch 10/264  loss=0.4231
  batch 20/264  loss=0.3392
  batch 30/264  loss=0.4019
  batch 40/264  loss=0.3939
  batch 50/264  loss=0.5967
  batch 60/264  loss=0.3532
  batch 70/264  loss=0.4116
  batch 80/264  loss=0.5631
  batch 90/264  loss=0.4197
  batch 100/264  loss=0.4125
  batch 110/264  loss=0.3738
  batch 120/264  loss=0.3732
  batch 130/264  loss=0.3983
  batch 140/264  loss=0.4474
  batch 150/264  loss=0.3857
  batch 160/264  loss=0.4863
  batch 170/264  loss=0.3782
  batch 180/264  loss=0.4073
  batch 190/264  loss=0.5216
  batch 200/264  loss=0.6191
  batch 210/264  loss=0.5185
  batch 220/264  loss=0.3814
  batch 230/264  loss=0.3997
  batch 240/264  loss=0.3279
  batch 250/264  loss=0.3218
  batch 260/264  loss=0.3009
Epoch 210/300  train=4.110e-01  rmse=1.9378  lr=5.0e-05  229s
  batch 10/264  loss=0.3157
  batch 20/264  loss=0.5225
  batch 30/264  loss=0.3472
  batch 40/264  loss=0.3555
  batch 50/264  loss=0.4683
  batch 60/264  loss=0.5381
  batch 70/264  loss=0.3090
  batch 80/264  loss=0.4622
  batch 90/264  loss=0.5406
  batch 100/264  loss=0.4947
  batch 110/264  loss=0.4456
  batch 120/264  loss=0.3376
  batch 130/264  loss=0.3338
  batch 140/264  loss=0.3942
  batch 150/264  loss=0.4577
  batch 160/264  loss=0.5742
  batch 170/264  loss=0.3371
  batch 180/264  loss=0.3269
  batch 190/264  loss=0.3966
  batch 200/264  loss=0.3381
  batch 210/264  loss=0.2794
  batch 220/264  loss=0.3326
  batch 230/264  loss=0.4262
  batch 240/264  loss=0.4909
  batch 250/264  loss=0.3517
  batch 260/264  loss=0.4127
Epoch 211/300  train=4.036e-01  rmse=2.0022  lr=5.0e-05  228s
  batch 10/264  loss=0.5327
  batch 20/264  loss=0.4303
  batch 30/264  loss=0.3348
  batch 40/264  loss=0.3871
  batch 50/264  loss=0.3427
  batch 60/264  loss=0.3094
  batch 70/264  loss=0.2974
  batch 80/264  loss=0.3810
  batch 90/264  loss=0.3220
  batch 100/264  loss=0.5387
  batch 110/264  loss=0.3318
  batch 120/264  loss=0.4435
  batch 130/264  loss=0.3021
  batch 140/264  loss=0.3284
  batch 150/264  loss=0.3359
  batch 160/264  loss=0.4826
  batch 170/264  loss=0.4182
  batch 180/264  loss=0.2921
  batch 190/264  loss=0.4131
  batch 200/264  loss=0.3265
  batch 210/264  loss=0.5057
  batch 220/264  loss=0.5044
  batch 230/264  loss=0.3043
  batch 240/264  loss=0.3176
  batch 250/264  loss=0.6761
  batch 260/264  loss=0.5873
Epoch 212/300  train=4.068e-01  rmse=1.7495  lr=5.0e-05  229s
  batch 10/264  loss=0.3845
  batch 20/264  loss=0.3333
  batch 30/264  loss=0.2827
  batch 40/264  loss=0.3817
  batch 50/264  loss=0.3838
  batch 60/264  loss=0.3380
  batch 70/264  loss=0.3266
  batch 80/264  loss=0.3928
  batch 90/264  loss=0.5675
  batch 100/264  loss=0.3718
  batch 110/264  loss=0.4683
  batch 120/264  loss=0.3259
  batch 130/264  loss=0.3412
  batch 140/264  loss=0.3692
  batch 150/264  loss=0.3148
  batch 160/264  loss=0.3262
  batch 170/264  loss=0.3606
  batch 180/264  loss=0.3507
  batch 190/264  loss=0.5453
  batch 200/264  loss=0.3610
  batch 210/264  loss=0.3857
  batch 220/264  loss=0.3119
  batch 230/264  loss=0.3361
  batch 240/264  loss=0.4016
  batch 250/264  loss=0.5614
  batch 260/264  loss=0.3112
Epoch 213/300  train=4.034e-01  rmse=1.9357  lr=5.0e-05  230s
  batch 10/264  loss=0.4265
  batch 20/264  loss=0.3544
  batch 30/264  loss=0.2944
  batch 40/264  loss=0.4152
  batch 50/264  loss=0.3499
  batch 60/264  loss=0.3689
  batch 70/264  loss=0.5881
  batch 80/264  loss=0.9038
  batch 90/264  loss=0.4222
  batch 100/264  loss=0.3189
  batch 110/264  loss=0.4160
  batch 120/264  loss=0.3419
  batch 130/264  loss=0.4463
  batch 140/264  loss=0.3044
  batch 150/264  loss=0.4774
  batch 160/264  loss=0.3260
  batch 170/264  loss=0.5375
  batch 180/264  loss=0.3844
  batch 190/264  loss=0.3460
  batch 200/264  loss=0.3489
  batch 210/264  loss=0.5640
  batch 220/264  loss=0.4508
  batch 230/264  loss=0.3100
  batch 240/264  loss=0.3075
  batch 250/264  loss=0.3987
  batch 260/264  loss=0.3097
Epoch 214/300  train=4.058e-01  rmse=2.9183  lr=5.0e-05  229s
  batch 10/264  loss=0.3502
  batch 20/264  loss=0.4014
  batch 30/264  loss=0.5107
  batch 40/264  loss=0.3720
  batch 50/264  loss=0.4913
  batch 60/264  loss=0.3316
  batch 70/264  loss=0.3529
  batch 80/264  loss=0.4262
  batch 90/264  loss=0.4059
  batch 100/264  loss=0.4132
  batch 110/264  loss=0.3632
  batch 120/264  loss=0.3728
  batch 130/264  loss=0.3940
  batch 140/264  loss=0.4055
  batch 150/264  loss=0.3016
  batch 160/264  loss=0.5510
  batch 170/264  loss=0.3920
  batch 180/264  loss=0.4883
  batch 190/264  loss=0.3154
  batch 200/264  loss=0.4334
  batch 210/264  loss=0.3216
  batch 220/264  loss=0.3275
  batch 230/264  loss=0.3214
  batch 240/264  loss=0.3528
  batch 250/264  loss=0.3823
  batch 260/264  loss=0.2730
Epoch 215/300  train=4.109e-01  rmse=1.9048  lr=5.0e-05  229s
  batch 10/264  loss=0.4033
  batch 20/264  loss=0.5693
  batch 30/264  loss=0.4372
  batch 40/264  loss=0.3706
  batch 50/264  loss=0.3532
  batch 60/264  loss=0.3935
  batch 70/264  loss=0.4952
  batch 80/264  loss=0.4711
  batch 90/264  loss=0.3448
  batch 100/264  loss=0.3776
  batch 110/264  loss=0.3557
  batch 120/264  loss=0.4727
  batch 130/264  loss=0.5809
  batch 140/264  loss=0.3236
  batch 150/264  loss=0.3416
  batch 160/264  loss=0.4649
  batch 170/264  loss=0.4726
  batch 180/264  loss=0.8178
  batch 190/264  loss=0.4450
  batch 200/264  loss=0.3975
  batch 210/264  loss=0.4046
  batch 220/264  loss=0.4857
  batch 230/264  loss=0.3692
  batch 240/264  loss=0.5178
  batch 250/264  loss=0.3700
  batch 260/264  loss=0.5812
Epoch 216/300  train=4.077e-01  rmse=2.0667  lr=5.0e-05  229s
  batch 10/264  loss=0.4013
  batch 20/264  loss=0.4952
  batch 30/264  loss=0.3202
  batch 40/264  loss=0.6210
  batch 50/264  loss=0.4165
  batch 60/264  loss=0.3887
  batch 70/264  loss=0.4135
  batch 80/264  loss=0.3317
  batch 90/264  loss=0.3602
  batch 100/264  loss=0.5822
  batch 110/264  loss=0.3351
  batch 120/264  loss=0.3923
  batch 130/264  loss=0.4546
  batch 140/264  loss=0.3962
  batch 150/264  loss=0.2928
  batch 160/264  loss=0.2992
  batch 170/264  loss=0.3613
  batch 180/264  loss=0.5127
  batch 190/264  loss=0.3162
  batch 200/264  loss=0.4381
  batch 210/264  loss=0.4948
  batch 220/264  loss=0.3158
  batch 230/264  loss=0.2906
  batch 240/264  loss=0.3510
  batch 250/264  loss=0.3639
  batch 260/264  loss=0.3261
Epoch 217/300  train=4.024e-01  rmse=1.8580  lr=5.0e-05  229s
  batch 10/264  loss=0.6974
  batch 20/264  loss=0.3717
  batch 30/264  loss=0.3375
  batch 40/264  loss=0.4653
  batch 50/264  loss=0.3232
  batch 60/264  loss=0.3306
  batch 70/264  loss=0.4524
  batch 80/264  loss=0.4675
  batch 90/264  loss=0.3598
  batch 100/264  loss=0.3460
  batch 110/264  loss=0.4393
  batch 120/264  loss=0.3736
  batch 130/264  loss=0.3959
  batch 140/264  loss=0.3546
  batch 150/264  loss=0.3458
  batch 160/264  loss=0.4256
  batch 170/264  loss=0.3052
  batch 180/264  loss=0.5688
  batch 190/264  loss=0.3361
  batch 200/264  loss=0.3461
  batch 210/264  loss=0.6223
  batch 220/264  loss=0.3059
  batch 230/264  loss=0.3183
  batch 240/264  loss=0.4045
  batch 250/264  loss=0.2969
  batch 260/264  loss=0.4652
Epoch 218/300  train=4.082e-01  rmse=1.8483  lr=5.0e-05  230s
  batch 10/264  loss=0.3417
  batch 20/264  loss=0.4653
  batch 30/264  loss=0.3834
  batch 40/264  loss=0.6684
  batch 50/264  loss=0.3184
  batch 60/264  loss=0.4070
  batch 70/264  loss=0.4747
  batch 80/264  loss=0.4005
  batch 90/264  loss=0.5075
  batch 100/264  loss=0.4184
  batch 110/264  loss=0.3675
  batch 120/264  loss=0.2793
  batch 130/264  loss=0.4130
  batch 140/264  loss=0.3568
  batch 150/264  loss=0.3119
  batch 160/264  loss=0.4654
  batch 170/264  loss=0.4710
  batch 180/264  loss=0.3989
  batch 190/264  loss=0.3499
  batch 200/264  loss=0.5041
  batch 210/264  loss=0.3737
  batch 220/264  loss=0.5136
  batch 230/264  loss=0.3599
  batch 240/264  loss=0.3561
  batch 250/264  loss=0.3548
  batch 260/264  loss=0.4917
Epoch 219/300  train=4.013e-01  rmse=2.9442  lr=5.0e-05  229s
  -> best  monitor=4.013e-01
  batch 10/264  loss=0.3931
  batch 20/264  loss=0.7384
  batch 30/264  loss=0.3693
  batch 40/264  loss=0.5432
  batch 50/264  loss=0.3286
  batch 60/264  loss=0.3674
  batch 70/264  loss=0.3309
  batch 80/264  loss=0.3436
  batch 90/264  loss=0.3164
  batch 100/264  loss=0.4039
  batch 110/264  loss=0.3811
  batch 120/264  loss=0.3108
  batch 130/264  loss=0.3695
  batch 140/264  loss=0.2967
  batch 150/264  loss=0.3148
  batch 160/264  loss=0.4955
  batch 170/264  loss=0.5602
  batch 180/264  loss=0.4198
  batch 190/264  loss=0.3760
  batch 200/264  loss=0.3801
  batch 210/264  loss=0.3443
  batch 220/264  loss=0.3904
  batch 230/264  loss=0.5111
  batch 240/264  loss=0.3821
  batch 250/264  loss=0.3649
  batch 260/264  loss=0.5319
Epoch 220/300  train=4.057e-01  rmse=2.1584  lr=5.0e-05  229s
  batch 10/264  loss=0.4879
  batch 20/264  loss=0.2913
  batch 30/264  loss=0.4399
  batch 40/264  loss=0.3868
  batch 50/264  loss=0.4498
  batch 60/264  loss=0.3968
  batch 70/264  loss=0.3998
  batch 80/264  loss=0.4205
  batch 90/264  loss=0.3158
  batch 100/264  loss=0.3567
  batch 110/264  loss=0.3429
  batch 120/264  loss=0.4032
  batch 130/264  loss=0.4142
  batch 140/264  loss=0.4670
  batch 150/264  loss=0.5235
  batch 160/264  loss=0.4483
  batch 170/264  loss=0.4148
  batch 180/264  loss=0.3647
  batch 190/264  loss=0.3551
  batch 200/264  loss=0.3090
  batch 210/264  loss=0.3362
  batch 220/264  loss=0.2757
  batch 230/264  loss=0.3879
  batch 240/264  loss=0.3757
  batch 250/264  loss=0.4035
  batch 260/264  loss=0.3380
Epoch 221/300  train=4.055e-01  rmse=2.2682  lr=5.0e-05  230s
  batch 10/264  loss=0.4864
  batch 20/264  loss=0.3156
  batch 30/264  loss=0.2863
  batch 40/264  loss=0.4057
  batch 50/264  loss=0.6807
  batch 60/264  loss=0.3728
  batch 70/264  loss=0.3980
  batch 80/264  loss=0.3731
  batch 90/264  loss=0.4129
  batch 100/264  loss=0.4378
  batch 110/264  loss=0.3343
  batch 120/264  loss=0.3897
  batch 130/264  loss=0.4052
  batch 140/264  loss=0.3683
  batch 150/264  loss=0.4055
  batch 160/264  loss=0.2960
  batch 170/264  loss=0.3527
  batch 180/264  loss=0.3434
  batch 190/264  loss=0.3501
  batch 200/264  loss=0.3143
  batch 210/264  loss=0.3589
  batch 220/264  loss=0.6215
  batch 230/264  loss=0.4189
  batch 240/264  loss=0.3445
  batch 250/264  loss=0.6679
  batch 260/264  loss=0.4011
Epoch 222/300  train=4.175e-01  rmse=1.7361  lr=5.0e-05  230s
  batch 10/264  loss=0.5416
  batch 20/264  loss=0.3188
  batch 30/264  loss=0.3177
  batch 40/264  loss=0.3628
  batch 50/264  loss=0.6057
  batch 60/264  loss=0.3561
  batch 70/264  loss=0.3809
  batch 80/264  loss=0.3349
  batch 90/264  loss=0.3117
  batch 100/264  loss=0.3705
  batch 110/264  loss=0.3652
  batch 120/264  loss=0.4432
  batch 130/264  loss=0.3837
  batch 140/264  loss=0.3568
  batch 150/264  loss=0.3985
  batch 160/264  loss=0.3424
  batch 170/264  loss=0.3148
  batch 180/264  loss=0.4614
  batch 190/264  loss=0.4056
  batch 200/264  loss=0.4172
  batch 210/264  loss=0.3617
  batch 220/264  loss=0.3378
  batch 230/264  loss=0.3729
  batch 240/264  loss=0.3903
  batch 250/264  loss=0.5713
  batch 260/264  loss=0.5747
Epoch 223/300  train=4.012e-01  rmse=3.4922  lr=5.0e-05  227s
  -> best  monitor=4.012e-01
  batch 10/264  loss=0.4125
  batch 20/264  loss=0.3734
  batch 30/264  loss=0.4678
  batch 40/264  loss=0.3859
  batch 50/264  loss=0.4636
  batch 60/264  loss=0.3652
  batch 70/264  loss=0.2843
  batch 80/264  loss=0.5580
  batch 90/264  loss=0.4634
  batch 100/264  loss=0.4388
  batch 110/264  loss=0.4889
  batch 120/264  loss=0.3820
  batch 130/264  loss=0.3361
  batch 140/264  loss=0.4142
  batch 150/264  loss=0.5742
  batch 160/264  loss=0.4523
  batch 170/264  loss=0.3610
  batch 180/264  loss=0.4379
  batch 190/264  loss=0.7293
  batch 200/264  loss=0.4897
  batch 210/264  loss=0.5385
  batch 220/264  loss=0.3823
  batch 230/264  loss=0.4044
  batch 240/264  loss=0.5326
  batch 250/264  loss=0.3417
  batch 260/264  loss=0.4503
Epoch 224/300  train=4.092e-01  rmse=2.9078  lr=5.0e-05  230s
  batch 10/264  loss=0.3142
  batch 20/264  loss=0.3250
  batch 30/264  loss=0.5397
  batch 40/264  loss=0.3038
  batch 50/264  loss=0.5251
  batch 60/264  loss=0.4179
  batch 70/264  loss=0.3104
  batch 80/264  loss=0.3480
  batch 90/264  loss=0.3719
  batch 100/264  loss=0.2934
  batch 110/264  loss=1.0119
  batch 120/264  loss=0.3263
  batch 130/264  loss=0.3330
  batch 140/264  loss=0.3104
  batch 150/264  loss=0.5522
  batch 160/264  loss=0.3247
  batch 170/264  loss=0.4260
  batch 180/264  loss=0.3641
  batch 190/264  loss=0.3776
  batch 200/264  loss=0.3984
  batch 210/264  loss=0.3994
  batch 220/264  loss=0.3767
  batch 230/264  loss=0.3423
  batch 240/264  loss=0.5078
  batch 250/264  loss=0.3507
  batch 260/264  loss=0.6395
Epoch 225/300  train=3.990e-01  rmse=1.7275  lr=5.0e-05  229s
  -> best  monitor=3.990e-01
  batch 10/264  loss=0.2961
  batch 20/264  loss=0.4226
  batch 30/264  loss=0.4970
  batch 40/264  loss=0.3607
  batch 50/264  loss=0.3619
  batch 60/264  loss=0.4037
  batch 70/264  loss=0.4494
  batch 80/264  loss=0.5268
  batch 90/264  loss=0.3460
  batch 100/264  loss=0.3048
  batch 110/264  loss=0.4090
  batch 120/264  loss=0.4191
  batch 130/264  loss=0.5314
  batch 140/264  loss=0.4887
  batch 150/264  loss=0.3252
  batch 160/264  loss=0.6054
  batch 170/264  loss=0.4725
  batch 180/264  loss=0.4032
  batch 190/264  loss=0.4288
  batch 200/264  loss=0.3740
  batch 210/264  loss=0.4667
  batch 220/264  loss=0.3337
  batch 230/264  loss=0.4934
  batch 240/264  loss=0.2801
  batch 250/264  loss=0.4469
  batch 260/264  loss=0.3427
Epoch 226/300  train=4.017e-01  rmse=2.3480  lr=5.0e-05  229s
  batch 10/264  loss=0.3625
  batch 20/264  loss=0.6356
  batch 30/264  loss=0.5073
  batch 40/264  loss=0.4013
  batch 50/264  loss=0.4052
  batch 60/264  loss=0.3127
  batch 70/264  loss=0.4482
  batch 80/264  loss=0.3373
  batch 90/264  loss=0.5322
  batch 100/264  loss=0.3139
  batch 110/264  loss=0.4587
  batch 120/264  loss=0.3356
  batch 130/264  loss=0.3189
  batch 140/264  loss=0.5687
  batch 150/264  loss=0.4728
  batch 160/264  loss=0.2859
  batch 170/264  loss=0.3352
  batch 180/264  loss=0.4729
  batch 190/264  loss=0.3539
  batch 200/264  loss=0.4134
  batch 210/264  loss=0.3879
  batch 220/264  loss=0.3690
  batch 230/264  loss=0.3200
  batch 240/264  loss=0.3703
  batch 250/264  loss=0.3197
  batch 260/264  loss=0.5037
Epoch 227/300  train=3.991e-01  rmse=2.0537  lr=5.0e-05  229s
  batch 10/264  loss=0.2955
  batch 20/264  loss=0.3318
  batch 30/264  loss=0.5132
  batch 40/264  loss=0.3413
  batch 50/264  loss=0.3825
  batch 60/264  loss=0.5520
  batch 70/264  loss=0.3489
  batch 80/264  loss=0.3757
  batch 90/264  loss=0.4889
  batch 100/264  loss=0.3364
  batch 110/264  loss=0.3992
  batch 120/264  loss=0.3294
  batch 130/264  loss=0.3658
  batch 140/264  loss=0.4154
  batch 150/264  loss=0.3483
  batch 160/264  loss=0.5911
  batch 170/264  loss=0.4762
  batch 180/264  loss=0.3192
  batch 190/264  loss=0.4374
  batch 200/264  loss=0.5450
  batch 210/264  loss=0.3439
  batch 220/264  loss=0.3952
  batch 230/264  loss=0.3101
  batch 240/264  loss=0.3824
  batch 250/264  loss=0.2906
  batch 260/264  loss=0.7473
Epoch 228/300  train=4.023e-01  rmse=2.3398  lr=5.0e-05  230s
  batch 10/264  loss=0.3395
  batch 20/264  loss=0.8192
  batch 30/264  loss=0.3397
  batch 40/264  loss=0.3614
  batch 50/264  loss=0.3376
  batch 60/264  loss=0.4610
  batch 70/264  loss=0.4659
  batch 80/264  loss=0.3879
  batch 90/264  loss=0.4070
  batch 100/264  loss=0.3192
  batch 110/264  loss=0.4608
  batch 120/264  loss=0.3119
  batch 130/264  loss=0.4244
  batch 140/264  loss=0.4086
  batch 150/264  loss=0.3748
  batch 160/264  loss=0.3567
  batch 170/264  loss=0.5039
  batch 180/264  loss=0.3606
  batch 190/264  loss=0.3836
  batch 200/264  loss=0.4483
  batch 210/264  loss=0.4824
  batch 220/264  loss=0.4745
  batch 230/264  loss=0.3560
  batch 240/264  loss=0.4850
  batch 250/264  loss=0.3733
  batch 260/264  loss=0.4400
Epoch 229/300  train=4.122e-01  rmse=1.9346  lr=5.0e-05  229s
  batch 10/264  loss=0.3785
  batch 20/264  loss=0.3929
  batch 30/264  loss=0.5064
  batch 40/264  loss=0.3478
  batch 50/264  loss=0.2704
  batch 60/264  loss=0.3052
  batch 70/264  loss=0.6462
  batch 80/264  loss=0.3162
  batch 90/264  loss=0.4144
  batch 100/264  loss=0.3689
  batch 110/264  loss=0.3922
  batch 120/264  loss=0.3001
  batch 130/264  loss=0.3232
  batch 140/264  loss=0.4933
  batch 150/264  loss=0.3637
  batch 160/264  loss=0.5427
  batch 170/264  loss=0.4172
  batch 180/264  loss=0.3364
  batch 190/264  loss=0.4455
  batch 200/264  loss=0.3870
  batch 210/264  loss=0.4740
  batch 220/264  loss=0.4728
  batch 230/264  loss=0.3276
  batch 240/264  loss=0.5275
  batch 250/264  loss=0.4098
  batch 260/264  loss=0.4346
Epoch 230/300  train=4.044e-01  rmse=2.5688  lr=5.0e-05  230s
  batch 10/264  loss=0.3411
  batch 20/264  loss=0.3644
  batch 30/264  loss=0.4094
  batch 40/264  loss=0.3534
  batch 50/264  loss=0.4646
  batch 60/264  loss=0.3272
  batch 70/264  loss=0.4050
  batch 80/264  loss=0.3403
  batch 90/264  loss=0.3459
  batch 100/264  loss=0.3393
  batch 110/264  loss=0.6451
  batch 120/264  loss=0.3370
  batch 130/264  loss=0.3734
  batch 140/264  loss=0.2944
  batch 150/264  loss=0.3345
  batch 160/264  loss=0.7962
  batch 170/264  loss=0.5027
  batch 180/264  loss=0.3316
  batch 190/264  loss=0.4252
  batch 200/264  loss=0.3912
  batch 210/264  loss=0.3131
  batch 220/264  loss=0.3473
  batch 230/264  loss=0.5316
  batch 240/264  loss=0.3971
  batch 250/264  loss=0.3328
  batch 260/264  loss=0.3014
Epoch 231/300  train=3.949e-01  rmse=1.9788  lr=5.0e-05  229s
  -> best  monitor=3.949e-01
  batch 10/264  loss=0.3542
  batch 20/264  loss=0.3668
  batch 30/264  loss=0.4147
  batch 40/264  loss=0.3202
  batch 50/264  loss=0.3122
  batch 60/264  loss=0.4219
  batch 70/264  loss=0.3941
  batch 80/264  loss=0.4385
  batch 90/264  loss=0.2939
  batch 100/264  loss=0.4885
  batch 110/264  loss=0.3199
  batch 120/264  loss=0.3538
  batch 130/264  loss=0.4463
  batch 140/264  loss=0.2780
  batch 150/264  loss=0.3562
  batch 160/264  loss=0.3491
  batch 170/264  loss=0.3385
  batch 180/264  loss=0.6341
  batch 190/264  loss=0.6220
  batch 200/264  loss=0.4109
  batch 210/264  loss=0.3999
  batch 220/264  loss=0.3219
  batch 230/264  loss=0.5348
  batch 240/264  loss=0.3971
  batch 250/264  loss=0.5170
  batch 260/264  loss=0.4898
Epoch 232/300  train=4.060e-01  rmse=2.7202  lr=5.0e-05  230s
  batch 10/264  loss=0.3253
  batch 20/264  loss=0.4986
  batch 30/264  loss=0.3394
  batch 40/264  loss=0.4510
  batch 50/264  loss=0.3989
  batch 60/264  loss=0.3568
  batch 70/264  loss=0.4174
  batch 80/264  loss=0.2848
  batch 90/264  loss=0.3165
  batch 100/264  loss=0.3017
  batch 110/264  loss=0.2663
  batch 120/264  loss=0.3854
  batch 130/264  loss=0.7317
  batch 140/264  loss=0.3534
  batch 150/264  loss=0.3508
  batch 160/264  loss=0.4710
  batch 170/264  loss=0.6138
  batch 180/264  loss=0.3768
  batch 190/264  loss=0.4964
  batch 200/264  loss=0.4491
  batch 210/264  loss=0.3582
  batch 220/264  loss=0.3525
  batch 230/264  loss=0.3807
  batch 240/264  loss=0.4198
  batch 250/264  loss=0.7060
  batch 260/264  loss=0.5081
Epoch 233/300  train=4.036e-01  rmse=2.7530  lr=5.0e-05  230s
  batch 10/264  loss=0.3573
  batch 20/264  loss=0.2976
  batch 30/264  loss=0.4255
  batch 40/264  loss=0.3156
  batch 50/264  loss=0.3270
  batch 60/264  loss=0.4846
  batch 70/264  loss=0.4395
  batch 80/264  loss=0.4346
  batch 90/264  loss=0.3765
  batch 100/264  loss=0.3139
  batch 110/264  loss=0.4979
  batch 120/264  loss=0.3205
  batch 130/264  loss=0.3674
  batch 140/264  loss=0.3569
  batch 150/264  loss=0.3228
  batch 160/264  loss=0.5436
  batch 170/264  loss=0.3624
  batch 180/264  loss=0.5296
  batch 190/264  loss=0.4519
  batch 200/264  loss=0.3477
  batch 210/264  loss=0.3718
  batch 220/264  loss=0.4311
  batch 230/264  loss=0.3084
  batch 240/264  loss=0.4523
  batch 250/264  loss=0.2555
  batch 260/264  loss=0.3204
Epoch 234/300  train=4.069e-01  rmse=1.9075  lr=5.0e-05  230s
  batch 10/264  loss=0.3363
  batch 20/264  loss=0.3405
  batch 30/264  loss=0.3788
  batch 40/264  loss=0.4435
  batch 50/264  loss=0.3518
  batch 60/264  loss=0.2979
  batch 70/264  loss=0.4153
  batch 80/264  loss=0.2890
  batch 90/264  loss=0.5148
  batch 100/264  loss=0.3770
  batch 110/264  loss=0.3008
  batch 120/264  loss=0.4731
  batch 130/264  loss=0.3451
  batch 140/264  loss=0.4565
  batch 150/264  loss=0.4513
  batch 160/264  loss=0.3742
  batch 170/264  loss=0.4972
  batch 180/264  loss=0.3992
  batch 190/264  loss=0.3828
  batch 200/264  loss=0.3142
  batch 210/264  loss=0.4495
  batch 220/264  loss=0.3727
  batch 230/264  loss=0.3628
  batch 240/264  loss=0.4941
  batch 250/264  loss=0.3321
  batch 260/264  loss=0.3177
Epoch 235/300  train=4.044e-01  rmse=2.4450  lr=5.0e-05  229s
  batch 10/264  loss=0.3179
  batch 20/264  loss=0.3251
  batch 30/264  loss=0.4144
  batch 40/264  loss=0.3443
  batch 50/264  loss=0.4421
  batch 60/264  loss=0.3814
  batch 70/264  loss=0.3302
  batch 80/264  loss=0.5059
  batch 90/264  loss=0.3261
  batch 100/264  loss=0.3175
  batch 110/264  loss=0.3886
  batch 120/264  loss=0.5179
  batch 130/264  loss=0.4721
  batch 140/264  loss=0.3052
  batch 150/264  loss=0.4542
  batch 160/264  loss=0.3500
  batch 170/264  loss=0.3205
  batch 180/264  loss=0.3210
  batch 190/264  loss=0.5764
  batch 200/264  loss=0.4536
  batch 210/264  loss=0.4291
  batch 220/264  loss=0.4005
  batch 230/264  loss=0.3484
  batch 240/264  loss=0.4820
  batch 250/264  loss=0.4994
  batch 260/264  loss=0.3278
Epoch 236/300  train=3.912e-01  rmse=2.7158  lr=5.0e-05  230s
  -> best  monitor=3.912e-01
  batch 10/264  loss=0.5948
  batch 20/264  loss=0.5120
  batch 30/264  loss=0.3409
  batch 40/264  loss=0.4188
  batch 50/264  loss=0.3752
  batch 60/264  loss=0.3266
  batch 70/264  loss=0.4972
  batch 80/264  loss=0.3790
  batch 90/264  loss=0.4959
  batch 100/264  loss=0.3830
  batch 110/264  loss=0.3090
  batch 120/264  loss=0.3055
  batch 130/264  loss=0.3535
  batch 140/264  loss=0.3668
  batch 150/264  loss=0.4055
  batch 160/264  loss=0.3708
  batch 170/264  loss=0.4095
  batch 180/264  loss=0.3894
  batch 190/264  loss=0.3666
  batch 200/264  loss=0.3248
  batch 210/264  loss=0.3423
  batch 220/264  loss=0.7704
  batch 230/264  loss=0.3988
  batch 240/264  loss=0.3819
  batch 250/264  loss=0.2582
  batch 260/264  loss=0.3160
Epoch 237/300  train=3.985e-01  rmse=3.3426  lr=5.0e-05  230s
  batch 10/264  loss=0.3787
  batch 20/264  loss=0.2940
  batch 30/264  loss=0.3727
  batch 40/264  loss=0.7215
  batch 50/264  loss=0.3267
  batch 60/264  loss=0.3330
  batch 70/264  loss=0.4555
  batch 80/264  loss=0.8684
  batch 90/264  loss=0.3308
  batch 100/264  loss=0.4521
  batch 110/264  loss=0.5024
  batch 120/264  loss=0.4231
  batch 130/264  loss=0.3572
  batch 140/264  loss=0.4169
  batch 150/264  loss=0.3781
  batch 160/264  loss=0.3825
  batch 170/264  loss=0.3416
  batch 180/264  loss=0.2955
  batch 190/264  loss=0.6208
  batch 200/264  loss=0.3324
  batch 210/264  loss=0.3752
  batch 220/264  loss=0.3939
  batch 230/264  loss=0.3931
  batch 240/264  loss=0.3456
  batch 250/264  loss=0.2759
  batch 260/264  loss=0.4877
Epoch 238/300  train=4.040e-01  rmse=2.1356  lr=5.0e-05  229s
  batch 10/264  loss=0.3549
  batch 20/264  loss=0.3714
  batch 30/264  loss=0.4386
  batch 40/264  loss=0.3584
  batch 50/264  loss=0.3479
  batch 60/264  loss=0.4462
  batch 70/264  loss=0.2824
  batch 80/264  loss=0.3328
  batch 90/264  loss=0.3534
  batch 100/264  loss=0.3138
  batch 110/264  loss=0.4144
  batch 120/264  loss=0.3242
  batch 130/264  loss=0.4873
  batch 140/264  loss=0.4062
  batch 150/264  loss=0.4104
  batch 160/264  loss=0.3389
  batch 170/264  loss=0.3454
  batch 180/264  loss=0.3157
  batch 190/264  loss=0.4872
  batch 200/264  loss=0.3343
  batch 210/264  loss=0.4274
  batch 220/264  loss=0.2997
  batch 230/264  loss=0.5348
  batch 240/264  loss=0.3569
  batch 250/264  loss=0.6848
  batch 260/264  loss=0.5141
Epoch 239/300  train=4.023e-01  rmse=1.9218  lr=5.0e-05  230s
  batch 10/264  loss=0.3357
  batch 20/264  loss=0.3007
  batch 30/264  loss=0.3936
  batch 40/264  loss=0.4486
  batch 50/264  loss=0.3216
  batch 60/264  loss=0.3314
  batch 70/264  loss=0.3993
  batch 80/264  loss=0.5448
  batch 90/264  loss=0.3454
  batch 100/264  loss=0.4106
  batch 110/264  loss=0.3525
  batch 120/264  loss=0.3112
  batch 130/264  loss=0.3978
  batch 140/264  loss=0.3685
  batch 150/264  loss=0.3446
  batch 160/264  loss=0.5793
  batch 170/264  loss=0.4072
  batch 180/264  loss=0.3454
  batch 190/264  loss=0.3959
  batch 200/264  loss=0.4205
  batch 210/264  loss=0.3764
  batch 220/264  loss=0.3524
  batch 230/264  loss=0.4819
  batch 240/264  loss=0.4105
  batch 250/264  loss=0.3205
  batch 260/264  loss=0.6185
Epoch 240/300  train=3.935e-01  rmse=2.8552  lr=5.0e-05  231s
  batch 10/264  loss=0.3685
  batch 20/264  loss=0.3584
  batch 30/264  loss=0.3875
  batch 40/264  loss=0.3396
  batch 50/264  loss=0.3401
  batch 60/264  loss=0.4145
  batch 70/264  loss=0.3104
  batch 80/264  loss=0.3180
  batch 90/264  loss=0.3136
  batch 100/264  loss=0.3217
  batch 110/264  loss=0.3462
  batch 120/264  loss=0.5023
  batch 130/264  loss=0.3905
  batch 140/264  loss=0.3753
  batch 150/264  loss=0.4519
  batch 160/264  loss=0.3519
  batch 170/264  loss=0.4015
  batch 180/264  loss=0.6437
  batch 190/264  loss=0.2986
  batch 200/264  loss=0.3542
  batch 210/264  loss=0.3609
  batch 220/264  loss=0.4785
  batch 230/264  loss=0.4396
  batch 240/264  loss=0.3243
  batch 250/264  loss=0.4192
  batch 260/264  loss=0.3989
Epoch 241/300  train=3.970e-01  rmse=2.6716  lr=5.0e-05  234s
  batch 10/264  loss=0.3070
  batch 20/264  loss=0.3239
  batch 30/264  loss=0.3819
  batch 40/264  loss=0.5727
  batch 50/264  loss=0.3125
  batch 60/264  loss=0.4379
  batch 70/264  loss=0.3765
  batch 80/264  loss=0.4637
  batch 90/264  loss=0.3637
  batch 100/264  loss=0.3973
  batch 110/264  loss=0.3461
  batch 120/264  loss=0.3646
  batch 130/264  loss=0.3883
  batch 140/264  loss=0.2967
  batch 150/264  loss=0.4902
  batch 160/264  loss=0.4108
  batch 170/264  loss=0.5124
  batch 180/264  loss=0.3782
  batch 190/264  loss=0.4110
  batch 200/264  loss=0.3138
  batch 210/264  loss=0.3310
  batch 220/264  loss=0.3053
  batch 230/264  loss=0.5191
  batch 240/264  loss=0.3835
  batch 250/264  loss=0.3709
  batch 260/264  loss=0.3476
Epoch 242/300  train=4.079e-01  rmse=1.9608  lr=5.0e-05  234s
  batch 10/264  loss=0.3035
  batch 20/264  loss=0.4116
  batch 30/264  loss=0.3214
  batch 40/264  loss=0.2860
  batch 50/264  loss=0.3844
  batch 60/264  loss=0.3729
  batch 70/264  loss=0.3917
  batch 80/264  loss=0.8267
  batch 90/264  loss=0.3437
  batch 100/264  loss=0.6950
  batch 110/264  loss=0.8298
  batch 120/264  loss=0.4887
  batch 130/264  loss=0.3847
  batch 140/264  loss=0.3220
  batch 150/264  loss=0.3450
  batch 160/264  loss=0.4054
  batch 170/264  loss=0.3638
  batch 180/264  loss=0.6508
  batch 190/264  loss=0.4475
  batch 200/264  loss=0.7627
  batch 210/264  loss=0.3041
  batch 220/264  loss=0.3528
  batch 230/264  loss=0.4135
  batch 240/264  loss=0.3980
  batch 250/264  loss=0.3837
  batch 260/264  loss=0.3536
Epoch 243/300  train=4.053e-01  rmse=2.3961  lr=5.0e-05  234s
  batch 10/264  loss=0.3412
  batch 20/264  loss=0.6284
  batch 30/264  loss=0.4655
  batch 40/264  loss=0.4055
  batch 50/264  loss=0.3917
  batch 60/264  loss=0.7223
  batch 70/264  loss=0.4052
  batch 80/264  loss=0.3827
  batch 90/264  loss=0.3267
  batch 100/264  loss=0.3929
  batch 110/264  loss=0.3259
  batch 120/264  loss=0.2957
  batch 130/264  loss=0.4089
  batch 140/264  loss=0.3238
  batch 150/264  loss=0.3912
  batch 160/264  loss=0.5403
  batch 170/264  loss=0.4071
  batch 180/264  loss=0.3495
  batch 190/264  loss=0.3326
  batch 200/264  loss=0.4356
  batch 210/264  loss=0.3131
  batch 220/264  loss=0.2981
  batch 230/264  loss=0.3664
  batch 240/264  loss=0.3612
  batch 250/264  loss=0.3425
  batch 260/264  loss=0.4644
Epoch 244/300  train=3.952e-01  rmse=2.7436  lr=5.0e-05  235s
  batch 10/264  loss=0.2968
  batch 20/264  loss=0.3411
  batch 30/264  loss=0.3801
  batch 40/264  loss=0.3577
  batch 50/264  loss=0.3245
  batch 60/264  loss=0.3257
  batch 70/264  loss=0.3849
  batch 80/264  loss=0.4330
  batch 90/264  loss=0.4693
  batch 100/264  loss=0.5523
  batch 110/264  loss=0.4890
  batch 120/264  loss=0.6025
  batch 130/264  loss=0.3313
  batch 140/264  loss=0.3243
  batch 150/264  loss=0.3777
  batch 160/264  loss=0.3301
  batch 170/264  loss=0.4406
  batch 180/264  loss=0.4071
  batch 190/264  loss=0.3830
  batch 200/264  loss=0.3083
  batch 210/264  loss=0.3460
  batch 220/264  loss=0.3789
  batch 230/264  loss=0.3321
  batch 240/264  loss=0.3178
  batch 250/264  loss=0.6633
  batch 260/264  loss=0.3195
Epoch 245/300  train=3.994e-01  rmse=2.1138  lr=5.0e-05  235s
  batch 10/264  loss=0.3971
  batch 20/264  loss=0.3290
  batch 30/264  loss=0.3587
  batch 40/264  loss=0.3422
  batch 50/264  loss=0.4153
  batch 60/264  loss=0.3306
  batch 70/264  loss=0.3175
  batch 80/264  loss=0.3512
  batch 90/264  loss=0.5104
  batch 100/264  loss=0.4983
  batch 110/264  loss=0.3342
  batch 120/264  loss=0.5321
  batch 130/264  loss=0.3228
  batch 140/264  loss=0.3278
  batch 150/264  loss=0.3245
  batch 160/264  loss=0.2807
  batch 170/264  loss=0.3354
  batch 180/264  loss=0.4491
  batch 190/264  loss=0.2746
  batch 200/264  loss=0.5315
  batch 210/264  loss=0.4077
  batch 220/264  loss=0.3455
  batch 230/264  loss=0.3669
  batch 240/264  loss=0.3576
  batch 250/264  loss=0.6242
  batch 260/264  loss=0.4916
Epoch 246/300  train=3.973e-01  rmse=1.8977  lr=5.0e-05  234s
  batch 10/264  loss=0.3626
  batch 20/264  loss=0.3282
  batch 30/264  loss=0.3827
  batch 40/264  loss=0.3434
  batch 50/264  loss=0.3441
  batch 60/264  loss=0.3678
  batch 70/264  loss=0.3152
  batch 80/264  loss=0.3826
  batch 90/264  loss=0.5257
  batch 100/264  loss=0.3273
  batch 110/264  loss=0.2815
  batch 120/264  loss=0.3029
  batch 130/264  loss=0.4466
  batch 140/264  loss=0.3504
  batch 150/264  loss=0.7997
  batch 160/264  loss=0.4500
  batch 170/264  loss=0.3301
  batch 180/264  loss=0.4601
  batch 190/264  loss=0.4779
  batch 200/264  loss=0.4086
  batch 210/264  loss=0.3250
  batch 220/264  loss=0.4176
  batch 230/264  loss=0.3462
  batch 240/264  loss=0.2891
  batch 250/264  loss=0.3225
  batch 260/264  loss=0.4140
Epoch 247/300  train=3.973e-01  rmse=2.6104  lr=2.5e-05  235s
  batch 10/264  loss=0.3329
  batch 20/264  loss=0.3876
  batch 30/264  loss=0.3059
  batch 40/264  loss=0.3866
  batch 50/264  loss=0.2993
  batch 60/264  loss=0.3895
  batch 70/264  loss=0.4861
  batch 80/264  loss=0.3247
  batch 90/264  loss=0.3981
  batch 100/264  loss=0.3627
  batch 110/264  loss=0.3607
  batch 120/264  loss=0.3406
  batch 130/264  loss=0.3764
  batch 140/264  loss=0.3371
  batch 150/264  loss=0.4474
  batch 160/264  loss=0.3200
  batch 170/264  loss=0.3882
  batch 180/264  loss=0.3766
  batch 190/264  loss=0.3818
  batch 200/264  loss=0.3558
  batch 210/264  loss=0.4659
  batch 220/264  loss=0.3914
  batch 230/264  loss=0.3457
  batch 240/264  loss=0.3477
  batch 250/264  loss=0.4423
  batch 260/264  loss=0.5476
Epoch 248/300  train=3.975e-01  rmse=1.7024  lr=2.5e-05  233s
  batch 10/264  loss=0.3092
  batch 20/264  loss=0.4457
  batch 30/264  loss=0.3262
  batch 40/264  loss=0.3322
  batch 50/264  loss=0.3527
  batch 60/264  loss=0.3297
  batch 70/264  loss=0.3655
  batch 80/264  loss=0.3784
  batch 90/264  loss=0.4461
  batch 100/264  loss=0.3647
  batch 110/264  loss=0.4423
  batch 120/264  loss=0.4821
  batch 130/264  loss=0.4911
  batch 140/264  loss=0.4237
  batch 150/264  loss=0.3556
  batch 160/264  loss=0.3406
  batch 170/264  loss=0.3080
  batch 180/264  loss=0.5133
  batch 190/264  loss=0.2940
  batch 200/264  loss=1.0755
  batch 210/264  loss=0.3577
  batch 220/264  loss=0.4004
  batch 230/264  loss=0.3648
  batch 240/264  loss=0.4417
  batch 250/264  loss=0.3922
  batch 260/264  loss=0.3533
Epoch 249/300  train=3.906e-01  rmse=5.7736  lr=2.5e-05  232s
  -> best  monitor=3.906e-01
  batch 10/264  loss=0.3515
  batch 20/264  loss=0.5291
  batch 30/264  loss=0.3227
  batch 40/264  loss=0.3475
  batch 50/264  loss=0.4163
  batch 60/264  loss=0.4359
  batch 70/264  loss=0.3989
  batch 80/264  loss=0.4103
  batch 90/264  loss=0.4127
  batch 100/264  loss=0.4204
  batch 110/264  loss=0.3213
  batch 120/264  loss=0.5538
  batch 130/264  loss=0.3256
  batch 140/264  loss=0.4086
  batch 150/264  loss=0.3102
  batch 160/264  loss=0.4935
  batch 170/264  loss=0.3088
  batch 180/264  loss=0.3444
  batch 190/264  loss=0.3940
  batch 200/264  loss=0.3676
  batch 210/264  loss=0.4046
  batch 220/264  loss=0.5113
  batch 230/264  loss=0.5843
  batch 240/264  loss=0.4265
  batch 250/264  loss=0.3832
  batch 260/264  loss=0.2983
Epoch 250/300  train=3.900e-01  rmse=1.9785  lr=2.5e-05  229s
  -> best  monitor=3.900e-01
  batch 10/264  loss=0.3005
  batch 20/264  loss=0.3763
  batch 30/264  loss=0.3101
  batch 40/264  loss=0.3521
  batch 50/264  loss=0.3060
  batch 60/264  loss=0.4021
  batch 70/264  loss=0.4112
  batch 80/264  loss=0.3924
  batch 90/264  loss=0.3850
  batch 100/264  loss=0.4165
  batch 110/264  loss=0.4692
  batch 120/264  loss=0.5069
  batch 130/264  loss=0.4629
  batch 140/264  loss=0.3175
  batch 150/264  loss=0.4152
  batch 160/264  loss=0.3345
  batch 170/264  loss=0.5575
  batch 180/264  loss=0.4312
  batch 190/264  loss=0.4249
  batch 200/264  loss=0.3578
  batch 210/264  loss=0.3412
  batch 220/264  loss=0.3104
  batch 230/264  loss=0.4313
  batch 240/264  loss=0.4832
  batch 250/264  loss=0.4167
  batch 260/264  loss=0.4033
Epoch 251/300  train=3.917e-01  rmse=2.2342  lr=2.5e-05  230s
  batch 10/264  loss=0.3900
  batch 20/264  loss=0.5120
  batch 30/264  loss=0.3321
  batch 40/264  loss=0.3484
  batch 50/264  loss=0.4806
  batch 60/264  loss=0.7223
  batch 70/264  loss=0.3454
  batch 80/264  loss=0.3023
  batch 90/264  loss=0.5073
  batch 100/264  loss=0.3526
  batch 110/264  loss=0.4319
  batch 120/264  loss=0.3534
  batch 130/264  loss=0.3261
  batch 140/264  loss=0.3407
  batch 150/264  loss=0.2992
  batch 160/264  loss=0.3843
  batch 170/264  loss=0.3294
  batch 180/264  loss=0.3211
  batch 190/264  loss=0.4865
  batch 200/264  loss=0.3528
  batch 210/264  loss=0.3106
  batch 220/264  loss=0.3295
  batch 230/264  loss=0.3615
  batch 240/264  loss=0.4058
  batch 250/264  loss=0.3643
  batch 260/264  loss=0.2869
Epoch 252/300  train=3.957e-01  rmse=2.3671  lr=2.5e-05  231s
  batch 10/264  loss=0.3960
  batch 20/264  loss=0.3520
  batch 30/264  loss=0.4649
  batch 40/264  loss=0.2834
  batch 50/264  loss=0.3030
  batch 60/264  loss=0.3329
  batch 70/264  loss=0.3249
  batch 80/264  loss=0.3843
  batch 90/264  loss=0.4957
  batch 100/264  loss=0.3582
  batch 110/264  loss=0.3364
  batch 120/264  loss=0.3314
  batch 130/264  loss=0.5055
  batch 140/264  loss=0.4534
  batch 150/264  loss=0.4344
  batch 160/264  loss=0.4248
  batch 170/264  loss=0.3088
  batch 180/264  loss=0.3378
  batch 190/264  loss=0.3477
  batch 200/264  loss=0.3366
  batch 210/264  loss=0.4774
  batch 220/264  loss=0.2929
  batch 230/264  loss=0.3562
  batch 240/264  loss=0.3074
  batch 250/264  loss=0.3644
  batch 260/264  loss=0.3702
Epoch 253/300  train=3.846e-01  rmse=1.7232  lr=2.5e-05  231s
  -> best  monitor=3.846e-01
  batch 10/264  loss=0.4477
  batch 20/264  loss=0.3839
  batch 30/264  loss=0.2720
  batch 40/264  loss=0.3380
  batch 50/264  loss=0.2983
  batch 60/264  loss=0.2945
  batch 70/264  loss=0.5023
  batch 80/264  loss=0.3319
  batch 90/264  loss=0.4058
  batch 100/264  loss=0.4723
  batch 110/264  loss=0.3266
  batch 120/264  loss=0.8142
  batch 130/264  loss=0.3915
  batch 140/264  loss=0.3305
  batch 150/264  loss=0.4028
  batch 160/264  loss=0.3118
  batch 170/264  loss=0.3647
  batch 180/264  loss=0.2778
  batch 190/264  loss=0.3301
  batch 200/264  loss=0.4238
  batch 210/264  loss=0.2867
  batch 220/264  loss=0.3789
  batch 230/264  loss=0.4494
  batch 240/264  loss=0.5447
  batch 250/264  loss=0.3273
  batch 260/264  loss=0.3371
Epoch 254/300  train=3.993e-01  rmse=1.9542  lr=2.5e-05  230s
  batch 10/264  loss=0.4285
  batch 20/264  loss=0.3132
  batch 30/264  loss=0.3097
  batch 40/264  loss=0.4095
  batch 50/264  loss=0.5231
  batch 60/264  loss=0.8606
  batch 70/264  loss=0.5214
  batch 80/264  loss=0.3769
  batch 90/264  loss=0.4261
  batch 100/264  loss=0.3414
  batch 110/264  loss=0.3941
  batch 120/264  loss=0.4291
  batch 130/264  loss=0.2950
  batch 140/264  loss=0.5332
  batch 150/264  loss=0.4878
  batch 160/264  loss=0.3037
  batch 170/264  loss=0.3253
  batch 180/264  loss=0.4325
  batch 190/264  loss=0.4575
  batch 200/264  loss=0.3594
  batch 210/264  loss=0.3275
  batch 220/264  loss=0.3279
  batch 230/264  loss=0.4813
  batch 240/264  loss=0.4409
  batch 250/264  loss=0.3973
  batch 260/264  loss=0.2880
Epoch 255/300  train=3.962e-01  rmse=4.5429  lr=2.5e-05  232s
  batch 10/264  loss=0.3161
  batch 20/264  loss=0.3521
  batch 30/264  loss=0.3053
  batch 40/264  loss=0.3387
  batch 50/264  loss=0.3381
  batch 60/264  loss=0.3141
  batch 70/264  loss=0.5337
  batch 80/264  loss=0.3134
  batch 90/264  loss=0.3166
  batch 100/264  loss=0.3814
  batch 110/264  loss=0.3445
  batch 120/264  loss=0.3709
  batch 130/264  loss=0.2813
  batch 140/264  loss=0.3516
  batch 150/264  loss=0.3281
  batch 160/264  loss=0.4459
  batch 170/264  loss=0.2881
  batch 180/264  loss=0.3228
  batch 190/264  loss=0.4071
  batch 200/264  loss=0.3563
  batch 210/264  loss=0.5193
  batch 220/264  loss=0.5150
  batch 230/264  loss=0.3346
  batch 240/264  loss=0.4381
  batch 250/264  loss=0.3359
  batch 260/264  loss=0.3314
Epoch 256/300  train=3.844e-01  rmse=2.9152  lr=2.5e-05  230s
  -> best  monitor=3.844e-01
  batch 10/264  loss=0.3937
  batch 20/264  loss=0.3995
  batch 30/264  loss=0.4028
  batch 40/264  loss=0.4679
  batch 50/264  loss=0.3837
  batch 60/264  loss=0.2882
  batch 70/264  loss=0.3101
  batch 80/264  loss=0.2871
  batch 90/264  loss=0.3030
  batch 100/264  loss=0.3997
  batch 110/264  loss=0.3284
  batch 120/264  loss=0.2701
  batch 130/264  loss=0.3024
  batch 140/264  loss=0.4726
  batch 150/264  loss=0.4296
  batch 160/264  loss=0.3096
  batch 170/264  loss=0.3273
  batch 180/264  loss=0.2955
  batch 190/264  loss=0.3728
  batch 200/264  loss=0.3538
  batch 210/264  loss=0.3107
  batch 220/264  loss=0.3129
  batch 230/264  loss=0.3173
  batch 240/264  loss=0.4127
  batch 250/264  loss=0.2904
  batch 260/264  loss=0.6502
Epoch 257/300  train=3.793e-01  rmse=1.8182  lr=2.5e-05  231s
  -> best  monitor=3.793e-01
  batch 10/264  loss=0.5485
  batch 20/264  loss=0.3547
  batch 30/264  loss=0.3263
  batch 40/264  loss=0.3544
  batch 50/264  loss=0.3373
  batch 60/264  loss=0.3367
  batch 70/264  loss=0.2857
  batch 80/264  loss=0.3419
  batch 90/264  loss=0.4090
  batch 100/264  loss=0.3664
  batch 110/264  loss=0.3054
  batch 120/264  loss=0.3043
  batch 130/264  loss=0.2989
  batch 140/264  loss=0.3637
  batch 150/264  loss=0.3990
  batch 160/264  loss=0.3219
  batch 170/264  loss=0.4817
  batch 180/264  loss=0.5518
  batch 190/264  loss=0.3626
  batch 200/264  loss=0.2865
  batch 210/264  loss=0.3809
  batch 220/264  loss=0.3918
  batch 230/264  loss=0.3585
  batch 240/264  loss=0.3267
  batch 250/264  loss=0.4986
  batch 260/264  loss=0.3758
Epoch 258/300  train=3.854e-01  rmse=1.7725  lr=2.5e-05  231s
  batch 10/264  loss=0.3194
  batch 20/264  loss=0.3288
  batch 30/264  loss=0.3634
  batch 40/264  loss=0.4028
  batch 50/264  loss=0.3769
  batch 60/264  loss=0.3392
  batch 70/264  loss=0.4033
  batch 80/264  loss=0.3171
  batch 90/264  loss=0.4829
  batch 100/264  loss=0.4957
  batch 110/264  loss=0.3400
  batch 120/264  loss=0.3344
  batch 130/264  loss=0.4079
  batch 140/264  loss=0.3654
  batch 150/264  loss=0.3200
  batch 160/264  loss=0.5441
  batch 170/264  loss=0.3742
  batch 180/264  loss=0.2972
  batch 190/264  loss=0.3431
  batch 200/264  loss=0.3432
  batch 210/264  loss=0.4788
  batch 220/264  loss=0.3970
  batch 230/264  loss=0.3467
  batch 240/264  loss=0.3257
  batch 250/264  loss=0.2592
  batch 260/264  loss=0.3657
Epoch 259/300  train=3.831e-01  rmse=1.7177  lr=2.5e-05  230s
  batch 10/264  loss=0.3314
  batch 20/264  loss=0.3516
  batch 30/264  loss=0.3446
  batch 40/264  loss=0.3307
  batch 50/264  loss=0.3046
  batch 60/264  loss=0.5480
  batch 70/264  loss=0.3357
  batch 80/264  loss=0.3094
  batch 90/264  loss=0.3931
  batch 100/264  loss=0.3615
  batch 110/264  loss=0.3564
  batch 120/264  loss=0.3703
  batch 130/264  loss=0.3050
  batch 140/264  loss=0.3395
  batch 150/264  loss=0.2972
  batch 160/264  loss=0.3736
  batch 170/264  loss=0.3011
  batch 180/264  loss=0.4237
  batch 190/264  loss=0.3022
  batch 200/264  loss=0.3965
  batch 210/264  loss=0.3660
  batch 220/264  loss=0.3805
  batch 230/264  loss=0.6471
  batch 240/264  loss=0.3205
  batch 250/264  loss=0.3259
  batch 260/264  loss=0.3217
Epoch 260/300  train=3.834e-01  rmse=2.5418  lr=2.5e-05  231s
  batch 10/264  loss=0.3671
  batch 20/264  loss=0.3774
  batch 30/264  loss=0.3454
  batch 40/264  loss=0.4005
  batch 50/264  loss=0.3062
  batch 60/264  loss=0.2594
  batch 70/264  loss=0.3229
  batch 80/264  loss=0.2887
  batch 90/264  loss=0.3349
  batch 100/264  loss=0.3631
  batch 110/264  loss=0.3281
  batch 120/264  loss=0.4079
  batch 130/264  loss=0.5780
  batch 140/264  loss=0.2639
  batch 150/264  loss=0.3356
  batch 160/264  loss=0.5438
  batch 170/264  loss=0.9700
  batch 180/264  loss=0.3027
  batch 190/264  loss=0.3873
  batch 200/264  loss=0.3480
  batch 210/264  loss=0.2935
  batch 220/264  loss=0.3073
  batch 230/264  loss=0.5008
  batch 240/264  loss=0.3664
  batch 250/264  loss=0.3120
  batch 260/264  loss=0.3178
Epoch 261/300  train=3.925e-01  rmse=3.6330  lr=2.5e-05  230s
  batch 10/264  loss=0.5025
  batch 20/264  loss=0.4922
  batch 30/264  loss=0.3282
  batch 40/264  loss=0.2997
  batch 50/264  loss=0.3120
  batch 60/264  loss=0.3744
  batch 70/264  loss=0.4024
  batch 80/264  loss=0.4547
  batch 90/264  loss=0.4585
  batch 100/264  loss=0.2997
  batch 110/264  loss=0.3229
  batch 120/264  loss=0.4833
  batch 130/264  loss=0.3115
  batch 140/264  loss=0.3079
  batch 150/264  loss=0.5535
  batch 160/264  loss=0.4592
  batch 170/264  loss=0.3315
  batch 180/264  loss=0.3184
  batch 190/264  loss=0.3640
  batch 200/264  loss=0.3783
  batch 210/264  loss=0.2904
  batch 220/264  loss=0.3491
  batch 230/264  loss=0.3994
  batch 240/264  loss=0.4988
  batch 250/264  loss=0.3521
  batch 260/264  loss=0.2864
Epoch 262/300  train=3.872e-01  rmse=2.1346  lr=2.5e-05  232s
  batch 10/264  loss=0.8267
  batch 20/264  loss=0.3866
  batch 30/264  loss=0.3804
  batch 40/264  loss=0.4604
  batch 50/264  loss=0.3783
  batch 60/264  loss=0.2977
  batch 70/264  loss=0.3568
  batch 80/264  loss=0.3156
  batch 90/264  loss=0.3618
  batch 100/264  loss=0.3065
  batch 110/264  loss=0.5627
  batch 120/264  loss=0.4942
  batch 130/264  loss=0.3921
  batch 140/264  loss=0.3840
  batch 150/264  loss=0.4187
  batch 160/264  loss=0.5265
  batch 170/264  loss=0.3922
  batch 180/264  loss=0.4125
  batch 190/264  loss=0.3309
  batch 200/264  loss=0.2918
  batch 210/264  loss=0.4140
  batch 220/264  loss=0.3538
  batch 230/264  loss=0.3539
  batch 240/264  loss=0.4162
  batch 250/264  loss=0.3475
  batch 260/264  loss=0.2908
Epoch 263/300  train=3.919e-01  rmse=2.7846  lr=2.5e-05  230s
  batch 10/264  loss=0.3188
  batch 20/264  loss=0.2998
  batch 30/264  loss=0.3221
  batch 40/264  loss=0.3857
  batch 50/264  loss=0.2975
  batch 60/264  loss=0.3737
  batch 70/264  loss=0.4878
  batch 80/264  loss=0.4663
  batch 90/264  loss=0.4063
  batch 100/264  loss=0.4236
  batch 110/264  loss=0.3707
  batch 120/264  loss=0.4959
  batch 130/264  loss=0.5544
  batch 140/264  loss=0.2859
  batch 150/264  loss=0.3627
  batch 160/264  loss=0.3227
  batch 170/264  loss=0.4184
  batch 180/264  loss=0.4161
  batch 190/264  loss=0.4855
  batch 200/264  loss=0.2790
  batch 210/264  loss=0.3667
  batch 220/264  loss=0.5141
  batch 230/264  loss=0.8279
  batch 240/264  loss=0.3368
  batch 250/264  loss=0.3517
  batch 260/264  loss=0.3347
Epoch 264/300  train=3.912e-01  rmse=2.8366  lr=2.5e-05  230s
  batch 10/264  loss=0.4041
  batch 20/264  loss=0.4266
  batch 30/264  loss=0.4835
  batch 40/264  loss=0.2948
  batch 50/264  loss=0.4105
  batch 60/264  loss=0.3209
  batch 70/264  loss=0.3757
  batch 80/264  loss=0.3022
  batch 90/264  loss=0.3887
  batch 100/264  loss=0.3373
  batch 110/264  loss=0.3503
  batch 120/264  loss=0.3677
  batch 130/264  loss=0.3313
  batch 140/264  loss=0.4879
  batch 150/264  loss=0.5893
  batch 160/264  loss=0.3695
  batch 170/264  loss=0.3676
  batch 180/264  loss=0.3818
  batch 190/264  loss=0.3399
  batch 200/264  loss=0.3230
  batch 210/264  loss=0.3076
  batch 220/264  loss=0.4308
  batch 230/264  loss=0.3413
  batch 240/264  loss=0.2917
  batch 250/264  loss=0.3822
  batch 260/264  loss=0.3216
Epoch 265/300  train=3.853e-01  rmse=2.9577  lr=2.5e-05  230s
  batch 10/264  loss=0.4862
  batch 20/264  loss=0.3831
  batch 30/264  loss=0.3841
  batch 40/264  loss=0.3737
  batch 50/264  loss=0.3128
  batch 60/264  loss=0.2651
  batch 70/264  loss=0.3373
  batch 80/264  loss=0.5172
  batch 90/264  loss=0.4351
  batch 100/264  loss=0.3474
  batch 110/264  loss=0.3110
  batch 120/264  loss=0.3072
  batch 130/264  loss=0.3172
  batch 140/264  loss=0.4781
  batch 150/264  loss=0.3331
  batch 160/264  loss=0.5611
  batch 170/264  loss=0.3631
  batch 180/264  loss=0.3662
  batch 190/264  loss=0.3084
  batch 200/264  loss=0.3168
  batch 210/264  loss=0.2733
  batch 220/264  loss=0.3463
  batch 230/264  loss=0.3378
  batch 240/264  loss=0.2957
  batch 250/264  loss=0.4952
  batch 260/264  loss=0.3304
Epoch 266/300  train=3.848e-01  rmse=2.3996  lr=2.5e-05  231s
  batch 10/264  loss=0.3626
  batch 20/264  loss=0.3369
  batch 30/264  loss=0.5382
  batch 40/264  loss=0.3009
  batch 50/264  loss=0.6380
  batch 60/264  loss=0.3997
  batch 70/264  loss=0.4192
  batch 80/264  loss=0.4385
  batch 90/264  loss=0.2995
  batch 100/264  loss=0.3276
  batch 110/264  loss=0.3294
  batch 120/264  loss=0.3538
  batch 130/264  loss=0.3767
  batch 140/264  loss=0.3569
  batch 150/264  loss=0.4604
  batch 160/264  loss=0.2977
  batch 170/264  loss=0.3917
  batch 180/264  loss=0.3580
  batch 190/264  loss=0.4206
  batch 200/264  loss=0.3294
  batch 210/264  loss=0.3301
  batch 220/264  loss=0.3728
  batch 230/264  loss=0.4076
  batch 240/264  loss=0.3345
  batch 250/264  loss=0.5549
  batch 260/264  loss=0.4259
Epoch 267/300  train=3.897e-01  rmse=2.7626  lr=2.5e-05  231s
  batch 10/264  loss=0.3962
  batch 20/264  loss=0.5355
  batch 30/264  loss=0.5269
  batch 40/264  loss=0.4322
  batch 50/264  loss=0.4626
  batch 60/264  loss=0.3900
  batch 70/264  loss=0.2909
  batch 80/264  loss=0.4041
  batch 90/264  loss=0.3858
  batch 100/264  loss=0.2768
  batch 110/264  loss=0.3376
  batch 120/264  loss=0.5439
  batch 130/264  loss=0.3489
  batch 140/264  loss=0.3460
  batch 150/264  loss=0.3790
  batch 160/264  loss=0.3770
  batch 170/264  loss=0.2997
  batch 180/264  loss=0.2605
  batch 190/264  loss=0.3874
  batch 200/264  loss=0.3936
  batch 210/264  loss=0.3792
  batch 220/264  loss=0.3171
  batch 230/264  loss=0.3396
  batch 240/264  loss=0.4788
  batch 250/264  loss=0.6408
  batch 260/264  loss=0.4103
Epoch 268/300  train=3.892e-01  rmse=1.7582  lr=1.3e-05  229s
  batch 10/264  loss=0.3792
  batch 20/264  loss=0.3503
  batch 30/264  loss=0.4549
  batch 40/264  loss=0.3766
  batch 50/264  loss=0.2769
  batch 60/264  loss=0.3696
  batch 70/264  loss=0.3044
  batch 80/264  loss=0.3210
  batch 90/264  loss=0.4827
  batch 100/264  loss=0.3493
  batch 110/264  loss=0.4073
  batch 120/264  loss=0.4438
  batch 130/264  loss=0.3168
  batch 140/264  loss=0.2980
  batch 150/264  loss=0.4045
  batch 160/264  loss=0.3806
  batch 170/264  loss=0.3282
  batch 180/264  loss=0.3163
  batch 190/264  loss=0.5271
  batch 200/264  loss=0.3026
  batch 210/264  loss=0.3347
  batch 220/264  loss=0.3313
  batch 230/264  loss=0.2831
  batch 240/264  loss=0.3868
  batch 250/264  loss=0.4129
  batch 260/264  loss=0.3154
Epoch 269/300  train=3.876e-01  rmse=2.8169  lr=1.3e-05  231s
  batch 10/264  loss=0.3764
  batch 20/264  loss=0.3047
  batch 30/264  loss=0.3473
  batch 40/264  loss=0.2754
  batch 50/264  loss=0.3015
  batch 60/264  loss=0.3196
  batch 70/264  loss=0.3034
  batch 80/264  loss=0.3878
  batch 90/264  loss=0.5615
  batch 100/264  loss=0.2838
  batch 110/264  loss=0.4247
  batch 120/264  loss=0.3574
  batch 130/264  loss=0.3725
  batch 140/264  loss=0.3135
  batch 150/264  loss=0.4144
  batch 160/264  loss=0.3042
  batch 170/264  loss=0.3270
  batch 180/264  loss=0.4507
  batch 190/264  loss=0.3667
  batch 200/264  loss=0.3513
  batch 210/264  loss=0.5643
  batch 220/264  loss=0.2983
  batch 230/264  loss=0.2960
  batch 240/264  loss=0.5013
  batch 250/264  loss=0.3102
  batch 260/264  loss=0.2869
Epoch 270/300  train=3.826e-01  rmse=1.7849  lr=1.3e-05  231s
  batch 10/264  loss=0.3696
  batch 20/264  loss=0.2569
  batch 30/264  loss=0.3976
  batch 40/264  loss=0.7297
  batch 50/264  loss=0.3160
  batch 60/264  loss=0.5003
  batch 70/264  loss=0.2814
  batch 80/264  loss=0.3835
  batch 90/264  loss=0.2792
  batch 100/264  loss=0.3699
  batch 110/264  loss=0.3327
  batch 120/264  loss=0.5197
  batch 130/264  loss=0.3378
  batch 140/264  loss=0.2873
  batch 150/264  loss=0.3673
  batch 160/264  loss=0.3722
  batch 170/264  loss=0.3841
  batch 180/264  loss=0.4400
  batch 190/264  loss=0.5991
  batch 200/264  loss=0.3078
  batch 210/264  loss=0.3386
  batch 220/264  loss=0.3846
  batch 230/264  loss=0.4959
  batch 240/264  loss=0.2945
  batch 250/264  loss=0.4429
  batch 260/264  loss=0.3526
Epoch 271/300  train=3.926e-01  rmse=3.2903  lr=1.3e-05  230s
  batch 10/264  loss=0.3119
  batch 20/264  loss=0.4673
  batch 30/264  loss=0.3422
  batch 40/264  loss=0.3800
  batch 50/264  loss=0.3918
  batch 60/264  loss=0.3246
  batch 70/264  loss=0.3233
  batch 80/264  loss=0.4894
  batch 90/264  loss=0.3863
  batch 100/264  loss=0.3306
  batch 110/264  loss=0.3731
  batch 120/264  loss=0.4660
  batch 130/264  loss=0.4433
  batch 140/264  loss=0.3667
  batch 150/264  loss=0.5502
  batch 160/264  loss=0.3161
  batch 170/264  loss=0.5980
  batch 180/264  loss=0.3412
  batch 190/264  loss=0.3995
  batch 200/264  loss=0.3588
  batch 210/264  loss=0.3853
  batch 220/264  loss=0.4509
  batch 230/264  loss=0.2893
  batch 240/264  loss=0.5116
  batch 250/264  loss=0.3821
  batch 260/264  loss=0.3431
Epoch 272/300  train=3.873e-01  rmse=4.5772  lr=1.3e-05  231s
  batch 10/264  loss=0.3479
  batch 20/264  loss=0.3308
  batch 30/264  loss=0.3447
  batch 40/264  loss=0.5024
  batch 50/264  loss=0.3050
  batch 60/264  loss=0.8563
  batch 70/264  loss=0.3649
  batch 80/264  loss=0.2817
  batch 90/264  loss=0.2869
  batch 100/264  loss=0.4124
  batch 110/264  loss=0.4049
  batch 120/264  loss=0.3608
  batch 130/264  loss=0.3118
  batch 140/264  loss=0.2963
  batch 150/264  loss=0.2986
  batch 160/264  loss=0.3555
  batch 170/264  loss=0.3669
  batch 180/264  loss=0.3867
  batch 190/264  loss=0.3461
  batch 200/264  loss=0.3755
  batch 210/264  loss=0.4186
  batch 220/264  loss=0.4231
  batch 230/264  loss=0.3451
  batch 240/264  loss=0.5688
  batch 250/264  loss=0.4376
  batch 260/264  loss=0.3541
Epoch 273/300  train=3.773e-01  rmse=2.3179  lr=1.3e-05  231s
  -> best  monitor=3.773e-01
  batch 10/264  loss=0.3725
  batch 20/264  loss=0.3078
  batch 30/264  loss=0.3196
  batch 40/264  loss=0.4708
  batch 50/264  loss=0.3582
  batch 60/264  loss=0.6501
  batch 70/264  loss=0.4425
  batch 80/264  loss=0.3301
  batch 90/264  loss=0.4344
  batch 100/264  loss=0.3014
  batch 110/264  loss=0.7342
  batch 120/264  loss=0.5068
  batch 130/264  loss=0.3545
  batch 140/264  loss=0.3846
  batch 150/264  loss=0.4158
  batch 160/264  loss=0.4102
  batch 170/264  loss=0.2575
  batch 180/264  loss=0.2846
  batch 190/264  loss=0.4554
  batch 200/264  loss=0.3619
  batch 210/264  loss=0.3942
  batch 220/264  loss=0.3511
  batch 230/264  loss=0.3890
  batch 240/264  loss=0.3314
  batch 250/264  loss=0.4890
  batch 260/264  loss=0.4580
Epoch 274/300  train=3.839e-01  rmse=1.7048  lr=1.3e-05  230s
  batch 10/264  loss=0.4226
  batch 20/264  loss=0.4190
  batch 30/264  loss=0.3919
  batch 40/264  loss=0.8468
  batch 50/264  loss=0.4281
  batch 60/264  loss=0.3507
  batch 70/264  loss=0.4228
  batch 80/264  loss=0.3735
  batch 90/264  loss=0.3284
  batch 100/264  loss=0.3106
  batch 110/264  loss=0.3787
  batch 120/264  loss=0.3556
  batch 130/264  loss=0.3957
  batch 140/264  loss=0.3406
  batch 150/264  loss=0.4875
  batch 160/264  loss=0.3960
  batch 170/264  loss=0.4921
  batch 180/264  loss=0.3677
  batch 190/264  loss=0.4878
  batch 200/264  loss=0.2929
  batch 210/264  loss=0.3202
  batch 220/264  loss=0.4557
  batch 230/264  loss=0.4577
  batch 240/264  loss=0.3702
  batch 250/264  loss=0.7356
  batch 260/264  loss=0.3063
Epoch 275/300  train=3.838e-01  rmse=1.8538  lr=1.3e-05  231s
  batch 10/264  loss=0.3699
  batch 20/264  loss=0.3191
  batch 30/264  loss=0.4135
  batch 40/264  loss=0.3270
  batch 50/264  loss=0.3624
  batch 60/264  loss=0.2955
  batch 70/264  loss=0.3328
  batch 80/264  loss=0.2900
  batch 90/264  loss=0.4888
  batch 100/264  loss=0.3409
  batch 110/264  loss=0.4386
  batch 120/264  loss=0.4641
  batch 130/264  loss=0.3603
  batch 140/264  loss=0.2916
  batch 150/264  loss=0.3129
  batch 160/264  loss=0.4004
  batch 170/264  loss=0.3268
  batch 180/264  loss=0.5627
  batch 190/264  loss=0.4066
  batch 200/264  loss=0.2998
  batch 210/264  loss=0.3882
  batch 220/264  loss=0.3071
  batch 230/264  loss=0.3066
  batch 240/264  loss=0.3165
  batch 250/264  loss=0.2965
  batch 260/264  loss=0.3685
Epoch 276/300  train=3.718e-01  rmse=2.8825  lr=1.3e-05  231s
  -> best  monitor=3.718e-01
  batch 10/264  loss=0.5415
  batch 20/264  loss=0.3548
  batch 30/264  loss=0.3859
  batch 40/264  loss=0.3281
  batch 50/264  loss=0.3636
  batch 60/264  loss=0.2918
  batch 70/264  loss=0.4272
  batch 80/264  loss=0.3861
  batch 90/264  loss=0.5210
  batch 100/264  loss=0.5065
  batch 110/264  loss=0.3303
  batch 120/264  loss=0.3054
  batch 130/264  loss=0.4140
  batch 140/264  loss=0.3299
  batch 150/264  loss=0.4876
  batch 160/264  loss=0.4041
  batch 170/264  loss=0.3064
  batch 180/264  loss=0.3096
  batch 190/264  loss=0.2974
  batch 200/264  loss=0.3330
  batch 210/264  loss=0.3168
  batch 220/264  loss=0.4557
  batch 230/264  loss=0.5322
  batch 240/264  loss=0.5346
  batch 250/264  loss=0.2889
  batch 260/264  loss=0.3797
Epoch 277/300  train=3.822e-01  rmse=2.0305  lr=1.3e-05  230s
  batch 10/264  loss=0.3162
  batch 20/264  loss=0.3557
  batch 30/264  loss=0.5296
  batch 40/264  loss=0.4498
  batch 50/264  loss=0.3966
  batch 60/264  loss=0.3142
  batch 70/264  loss=0.3845
  batch 80/264  loss=0.4547
  batch 90/264  loss=0.2945
  batch 100/264  loss=0.3482
  batch 110/264  loss=0.3727
  batch 120/264  loss=0.2835
  batch 130/264  loss=0.4229
  batch 140/264  loss=0.3867
  batch 150/264  loss=0.3292
  batch 160/264  loss=0.3040
  batch 170/264  loss=0.3340
  batch 180/264  loss=0.3607
  batch 190/264  loss=0.3158
  batch 200/264  loss=0.3315
  batch 210/264  loss=0.3738
  batch 220/264  loss=0.3894
  batch 230/264  loss=0.3851
  batch 240/264  loss=0.4620
  batch 250/264  loss=0.4247
  batch 260/264  loss=0.4415
Epoch 278/300  train=3.834e-01  rmse=2.0373  lr=1.3e-05  229s
  batch 10/264  loss=0.3410
  batch 20/264  loss=0.3758
  batch 30/264  loss=0.4697
  batch 40/264  loss=0.2851
  batch 50/264  loss=0.4570
  batch 60/264  loss=0.3818
  batch 70/264  loss=0.3167
  batch 80/264  loss=0.3641
  batch 90/264  loss=0.3934
  batch 100/264  loss=0.4069
  batch 110/264  loss=0.3537
  batch 120/264  loss=0.3799
  batch 130/264  loss=0.3966
  batch 140/264  loss=0.4468
  batch 150/264  loss=0.3512
  batch 160/264  loss=0.3824
  batch 170/264  loss=0.4623
  batch 180/264  loss=0.4442
  batch 190/264  loss=0.3352
  batch 200/264  loss=0.4371
  batch 210/264  loss=0.3656
  batch 220/264  loss=0.5514
  batch 230/264  loss=0.3736
  batch 240/264  loss=0.3497
  batch 250/264  loss=0.4237
  batch 260/264  loss=0.3332
Epoch 279/300  train=3.795e-01  rmse=2.0358  lr=1.3e-05  233s
  batch 10/264  loss=0.3772
  batch 20/264  loss=0.9424
  batch 30/264  loss=0.4344
  batch 40/264  loss=0.3414
  batch 50/264  loss=0.4046
  batch 60/264  loss=0.3811
  batch 70/264  loss=0.3189
  batch 80/264  loss=0.5016
  batch 90/264  loss=0.3952
  batch 100/264  loss=0.2883
  batch 110/264  loss=0.3541
  batch 120/264  loss=0.3060
  batch 130/264  loss=0.3082
  batch 140/264  loss=0.3619
  batch 150/264  loss=0.2604
  batch 160/264  loss=0.4036
  batch 170/264  loss=0.2803
  batch 180/264  loss=0.3440
  batch 190/264  loss=0.3075
  batch 200/264  loss=0.3633
  batch 210/264  loss=0.3796
  batch 220/264  loss=0.3601
  batch 230/264  loss=0.4891
  batch 240/264  loss=0.4611
  batch 250/264  loss=0.3067
  batch 260/264  loss=0.3526
Epoch 280/300  train=3.801e-01  rmse=1.9746  lr=1.3e-05  233s
  batch 10/264  loss=0.4643
  batch 20/264  loss=0.3795
  batch 30/264  loss=0.5035
  batch 40/264  loss=0.3786
  batch 50/264  loss=0.3907
  batch 60/264  loss=0.3059
  batch 70/264  loss=0.4256
  batch 80/264  loss=0.4733
  batch 90/264  loss=0.2702
  batch 100/264  loss=0.3664
  batch 110/264  loss=0.3410
  batch 120/264  loss=0.3885
  batch 130/264  loss=0.4578
  batch 140/264  loss=0.4035
  batch 150/264  loss=0.3198
  batch 160/264  loss=0.3076
  batch 170/264  loss=0.3535
  batch 180/264  loss=0.5019
  batch 190/264  loss=0.3191
  batch 200/264  loss=0.4338
  batch 210/264  loss=0.3487
  batch 220/264  loss=0.4866
  batch 230/264  loss=0.3758
  batch 240/264  loss=0.3368
  batch 250/264  loss=0.3231
  batch 260/264  loss=0.3639
Epoch 281/300  train=3.778e-01  rmse=1.7585  lr=1.3e-05  235s
  batch 10/264  loss=0.4517
  batch 20/264  loss=0.4411
  batch 30/264  loss=0.3334
  batch 40/264  loss=0.3390
  batch 50/264  loss=0.4456
  batch 60/264  loss=0.3627
  batch 70/264  loss=0.3986
  batch 80/264  loss=0.2875
  batch 90/264  loss=0.3561
  batch 100/264  loss=0.3243
  batch 110/264  loss=0.4020
  batch 120/264  loss=0.3379
  batch 130/264  loss=0.4555
  batch 140/264  loss=0.3624
  batch 150/264  loss=0.3488
  batch 160/264  loss=0.6400
  batch 170/264  loss=0.3509
  batch 180/264  loss=0.2977
  batch 190/264  loss=0.3174
  batch 200/264  loss=0.3470
  batch 210/264  loss=0.7573
  batch 220/264  loss=0.3701
  batch 230/264  loss=0.3518
  batch 240/264  loss=0.3774
  batch 250/264  loss=0.2788
  batch 260/264  loss=0.8654
Epoch 282/300  train=3.833e-01  rmse=2.4223  lr=1.3e-05  234s
  batch 10/264  loss=0.3939
  batch 20/264  loss=0.4363
  batch 30/264  loss=0.3505
  batch 40/264  loss=0.3182
  batch 50/264  loss=0.4322
  batch 60/264  loss=0.3497
  batch 70/264  loss=0.3694
  batch 80/264  loss=0.8899
  batch 90/264  loss=0.3476
  batch 100/264  loss=0.3174
  batch 110/264  loss=0.3156
  batch 120/264  loss=0.2970
  batch 130/264  loss=0.4074
  batch 140/264  loss=0.8492
  batch 150/264  loss=0.3430
  batch 160/264  loss=0.3127
  batch 170/264  loss=0.4020
  batch 180/264  loss=0.3825
  batch 190/264  loss=0.3440
  batch 200/264  loss=0.3817
  batch 210/264  loss=0.2989
  batch 220/264  loss=0.5318
  batch 230/264  loss=0.3832
  batch 240/264  loss=0.2920
  batch 250/264  loss=0.3542
  batch 260/264  loss=0.3423
Epoch 283/300  train=3.811e-01  rmse=2.0037  lr=1.3e-05  230s
  batch 10/264  loss=0.2977
  batch 20/264  loss=0.3771
  batch 30/264  loss=0.4081
  batch 40/264  loss=0.3082
  batch 50/264  loss=0.4745
  batch 60/264  loss=0.3412
  batch 70/264  loss=0.4315
  batch 80/264  loss=0.3105
  batch 90/264  loss=0.4475
  batch 100/264  loss=0.3195
  batch 110/264  loss=0.3112
  batch 120/264  loss=0.3648
  batch 130/264  loss=0.3844
  batch 140/264  loss=0.3765
  batch 150/264  loss=0.3535
  batch 160/264  loss=0.3858
  batch 170/264  loss=0.3363
  batch 180/264  loss=0.2868
  batch 190/264  loss=0.3414
  batch 200/264  loss=0.3202
  batch 210/264  loss=0.3761
  batch 220/264  loss=0.3245
  batch 230/264  loss=0.3505
  batch 240/264  loss=0.5966
  batch 250/264  loss=0.3350
  batch 260/264  loss=0.3647
Epoch 284/300  train=3.812e-01  rmse=1.7375  lr=1.3e-05  232s
  batch 10/264  loss=0.4521
  batch 20/264  loss=0.3132
  batch 30/264  loss=0.3517
  batch 40/264  loss=0.2959
  batch 50/264  loss=0.3186
  batch 60/264  loss=0.3135
  batch 70/264  loss=0.4385
  batch 80/264  loss=0.7433
  batch 90/264  loss=0.3752
  batch 100/264  loss=0.3254
  batch 110/264  loss=0.3437
  batch 120/264  loss=0.4394
  batch 130/264  loss=0.3098
  batch 140/264  loss=0.3257
  batch 150/264  loss=0.4682
  batch 160/264  loss=0.3071
  batch 170/264  loss=0.4346
  batch 180/264  loss=0.4901
  batch 190/264  loss=0.3988
  batch 200/264  loss=0.3951
  batch 210/264  loss=0.4431
  batch 220/264  loss=0.2989
  batch 230/264  loss=0.3726
  batch 240/264  loss=0.4180
  batch 250/264  loss=0.2909
  batch 260/264  loss=0.5477
Epoch 285/300  train=3.799e-01  rmse=2.9925  lr=1.3e-05  231s
  batch 10/264  loss=0.4806
  batch 20/264  loss=0.3807
  batch 30/264  loss=0.3388
  batch 40/264  loss=1.3955
  batch 50/264  loss=0.4193
  batch 60/264  loss=0.4851
  batch 70/264  loss=0.2878
  batch 80/264  loss=0.2651
  batch 90/264  loss=0.3248
  batch 100/264  loss=0.3058
  batch 110/264  loss=0.2864
  batch 120/264  loss=0.2844
  batch 130/264  loss=0.3049
  batch 140/264  loss=0.4859
  batch 150/264  loss=0.3193
  batch 160/264  loss=0.6723
  batch 170/264  loss=0.4429
  batch 180/264  loss=0.3542
  batch 190/264  loss=0.3159
  batch 200/264  loss=0.2723
  batch 210/264  loss=0.4753
  batch 220/264  loss=0.4400
  batch 230/264  loss=0.4161
  batch 240/264  loss=0.2791
  batch 250/264  loss=0.3666
  batch 260/264  loss=0.3864
Epoch 286/300  train=3.890e-01  rmse=2.3416  lr=1.3e-05  231s
  batch 10/264  loss=0.4220
  batch 20/264  loss=0.5034
  batch 30/264  loss=0.4366
  batch 40/264  loss=0.3378
  batch 50/264  loss=0.2836
  batch 60/264  loss=0.3240
  batch 70/264  loss=0.2864
  batch 80/264  loss=0.3757
  batch 90/264  loss=0.3024
  batch 100/264  loss=0.2984
  batch 110/264  loss=0.3009
  batch 120/264  loss=0.3594
  batch 130/264  loss=0.3952
  batch 140/264  loss=0.3900
  batch 150/264  loss=0.3558
  batch 160/264  loss=0.3726
  batch 170/264  loss=0.4703
  batch 180/264  loss=0.3569
  batch 190/264  loss=0.3545
  batch 200/264  loss=0.5022
  batch 210/264  loss=0.2791
  batch 220/264  loss=0.3155
  batch 230/264  loss=0.3683
  batch 240/264  loss=0.3402
  batch 250/264  loss=0.4602
  batch 260/264  loss=0.3771
Epoch 287/300  train=3.751e-01  rmse=1.6935  lr=6.3e-06  232s
  batch 10/264  loss=0.4563
  batch 20/264  loss=0.4479
  batch 30/264  loss=0.3385
  batch 40/264  loss=0.4479
  batch 50/264  loss=0.3123
  batch 60/264  loss=0.3607
  batch 70/264  loss=0.3678
  batch 80/264  loss=0.3102
  batch 90/264  loss=0.4049
  batch 100/264  loss=0.4673
  batch 110/264  loss=0.3281
  batch 120/264  loss=0.4806
  batch 130/264  loss=0.4592
  batch 140/264  loss=0.3365
  batch 150/264  loss=0.3129
  batch 160/264  loss=0.2895
  batch 170/264  loss=0.3660
  batch 180/264  loss=0.3060
  batch 190/264  loss=0.4372
  batch 200/264  loss=0.3235
  batch 210/264  loss=0.2943
  batch 220/264  loss=0.3581
  batch 230/264  loss=0.5288
  batch 240/264  loss=0.4363
  batch 250/264  loss=0.3070
  batch 260/264  loss=0.3038
Epoch 288/300  train=3.752e-01  rmse=1.8155  lr=6.3e-06  232s
  batch 10/264  loss=0.3519
  batch 20/264  loss=0.4785
  batch 30/264  loss=0.3835
  batch 40/264  loss=0.3602
  batch 50/264  loss=0.2857
  batch 60/264  loss=0.3665
  batch 70/264  loss=0.3620
  batch 80/264  loss=0.3515
  batch 90/264  loss=0.3748
  batch 100/264  loss=0.3178
  batch 110/264  loss=0.3459
  batch 120/264  loss=0.3182
  batch 130/264  loss=0.6853
  batch 140/264  loss=0.4694
  batch 150/264  loss=0.3000
  batch 160/264  loss=0.3768
  batch 170/264  loss=0.4796
  batch 180/264  loss=0.3078
  batch 190/264  loss=0.6513
  batch 200/264  loss=0.3498
  batch 210/264  loss=0.2570
  batch 220/264  loss=0.3951
  batch 230/264  loss=0.3173
  batch 240/264  loss=0.3304
  batch 250/264  loss=0.3840
  batch 260/264  loss=0.3366
Epoch 289/300  train=3.820e-01  rmse=2.3024  lr=6.3e-06  231s
  batch 10/264  loss=0.2936
  batch 20/264  loss=0.3839
  batch 30/264  loss=0.4052
  batch 40/264  loss=0.4266
  batch 50/264  loss=0.3008
  batch 60/264  loss=0.3603
  batch 70/264  loss=0.3248
  batch 80/264  loss=0.4375
  batch 90/264  loss=0.3437
  batch 100/264  loss=0.3079
  batch 110/264  loss=0.3601
  batch 120/264  loss=0.5317
  batch 130/264  loss=0.4083
  batch 140/264  loss=0.2871
  batch 150/264  loss=0.3291
  batch 160/264  loss=0.4366
  batch 170/264  loss=0.3099
  batch 180/264  loss=0.3466
  batch 190/264  loss=0.3107
  batch 200/264  loss=0.2712
  batch 210/264  loss=0.2994
  batch 220/264  loss=0.3237
  batch 230/264  loss=0.3236
  batch 240/264  loss=0.4820
  batch 250/264  loss=0.3171
  batch 260/264  loss=0.3101
Epoch 290/300  train=3.762e-01  rmse=2.9232  lr=6.3e-06  230s
  batch 10/264  loss=0.4801
  batch 20/264  loss=0.3042
  batch 30/264  loss=0.3449
  batch 40/264  loss=0.2941
  batch 50/264  loss=0.3438
  batch 60/264  loss=0.3642
  batch 70/264  loss=0.3535
  batch 80/264  loss=0.4404
  batch 90/264  loss=0.6609
  batch 100/264  loss=0.3673
  batch 110/264  loss=0.2871
  batch 120/264  loss=0.4371
  batch 130/264  loss=0.3139
  batch 140/264  loss=0.4368
  batch 150/264  loss=0.3045
  batch 160/264  loss=0.4465
  batch 170/264  loss=0.3182
  batch 180/264  loss=0.4911
  batch 190/264  loss=0.3277
  batch 200/264  loss=0.3088
  batch 210/264  loss=0.5266
  batch 220/264  loss=0.4549
  batch 230/264  loss=0.3491
  batch 240/264  loss=0.3375
  batch 250/264  loss=0.2884
  batch 260/264  loss=0.4817
Epoch 291/300  train=3.781e-01  rmse=2.0567  lr=6.3e-06  231s
  batch 10/264  loss=0.4688
  batch 20/264  loss=0.4499
  batch 30/264  loss=0.4059
  batch 40/264  loss=0.3768
  batch 50/264  loss=0.3646
  batch 60/264  loss=0.3095
  batch 70/264  loss=0.4201
  batch 80/264  loss=0.4054
  batch 90/264  loss=0.4777
  batch 100/264  loss=0.5062
  batch 110/264  loss=0.3352
  batch 120/264  loss=0.3983
  batch 130/264  loss=0.3493
  batch 140/264  loss=0.2973
  batch 150/264  loss=0.3062
  batch 160/264  loss=0.3978
  batch 170/264  loss=0.4052
  batch 180/264  loss=0.3674
  batch 190/264  loss=0.3252
  batch 200/264  loss=0.4955
  batch 210/264  loss=0.3503
  batch 220/264  loss=0.2883
  batch 230/264  loss=0.3335
  batch 240/264  loss=0.4381
  batch 250/264  loss=0.3030
  batch 260/264  loss=0.3109
Epoch 292/300  train=3.927e-01  rmse=7.1101  lr=6.3e-06  231s
  batch 10/264  loss=0.3755
  batch 20/264  loss=0.3116
  batch 30/264  loss=0.3584
  batch 40/264  loss=0.3682
  batch 50/264  loss=0.3621
  batch 60/264  loss=0.3415
  batch 70/264  loss=0.2952
  batch 80/264  loss=0.2933
  batch 90/264  loss=0.4838
  batch 100/264  loss=0.4182
  batch 110/264  loss=0.3552
  batch 120/264  loss=0.3564
  batch 130/264  loss=0.3023
  batch 140/264  loss=0.3432
  batch 150/264  loss=0.3539
  batch 160/264  loss=0.3747
  batch 170/264  loss=0.3142
  batch 180/264  loss=0.3460
  batch 190/264  loss=0.3558
  batch 200/264  loss=0.3763
  batch 210/264  loss=0.3306
  batch 220/264  loss=0.3540
  batch 230/264  loss=0.3675
  batch 240/264  loss=0.2626
  batch 250/264  loss=0.3151
  batch 260/264  loss=0.3418
Epoch 293/300  train=3.770e-01  rmse=1.7662  lr=6.3e-06  231s
  batch 10/264  loss=0.4774
  batch 20/264  loss=0.3731
  batch 30/264  loss=0.3863
  batch 40/264  loss=0.3578
  batch 50/264  loss=0.4144
  batch 60/264  loss=0.3229
  batch 70/264  loss=0.2858
  batch 80/264  loss=0.4100
  batch 90/264  loss=0.4019
  batch 100/264  loss=0.4413
  batch 110/264  loss=0.4356
  batch 120/264  loss=0.3811
  batch 130/264  loss=0.3656
  batch 140/264  loss=0.3381
  batch 150/264  loss=0.5393
  batch 160/264  loss=0.3110
  batch 170/264  loss=0.3059
  batch 180/264  loss=0.3129
  batch 190/264  loss=0.5936
  batch 200/264  loss=0.4551
  batch 210/264  loss=0.3124
  batch 220/264  loss=0.3631
  batch 230/264  loss=0.9484
  batch 240/264  loss=0.2886
  batch 250/264  loss=0.4017
  batch 260/264  loss=0.3562
Epoch 294/300  train=3.742e-01  rmse=1.9938  lr=6.3e-06  231s
  batch 10/264  loss=0.4473
  batch 20/264  loss=0.4793
  batch 30/264  loss=0.4191
  batch 40/264  loss=0.5177
  batch 50/264  loss=0.3509
  batch 60/264  loss=0.2773
  batch 70/264  loss=0.3525
  batch 80/264  loss=0.3855
  batch 90/264  loss=0.2937
  batch 100/264  loss=0.3398
  batch 110/264  loss=0.3629
  batch 120/264  loss=0.3094
  batch 130/264  loss=0.5006
  batch 140/264  loss=0.3487
  batch 150/264  loss=0.3948
  batch 160/264  loss=0.4165
  batch 170/264  loss=0.3279
  batch 180/264  loss=0.2999
  batch 190/264  loss=0.3255
  batch 200/264  loss=0.3126
  batch 210/264  loss=0.3443
  batch 220/264  loss=0.2680
  batch 230/264  loss=0.2832
  batch 240/264  loss=0.4224
  batch 250/264  loss=0.5191
  batch 260/264  loss=0.2863
Epoch 295/300  train=3.748e-01  rmse=1.7366  lr=6.3e-06  232s
  batch 10/264  loss=0.3048
  batch 20/264  loss=0.2826
  batch 30/264  loss=0.2878
  batch 40/264  loss=0.5194
  batch 50/264  loss=0.5036
  batch 60/264  loss=0.5530
  batch 70/264  loss=0.5646
  batch 80/264  loss=0.3699
  batch 90/264  loss=0.3908
  batch 100/264  loss=0.4249
  batch 110/264  loss=0.4053
  batch 120/264  loss=0.2753
  batch 130/264  loss=0.2811
  batch 140/264  loss=0.2923
  batch 150/264  loss=0.3205
  batch 160/264  loss=0.4101
  batch 170/264  loss=0.3183
  batch 180/264  loss=0.4091
  batch 190/264  loss=0.2879
  batch 200/264  loss=0.4066
  batch 210/264  loss=0.2884
  batch 220/264  loss=0.3083
  batch 230/264  loss=0.2964
  batch 240/264  loss=0.7839
  batch 250/264  loss=0.4971
  batch 260/264  loss=0.2974
Epoch 296/300  train=3.781e-01  rmse=2.0282  lr=6.3e-06  233s
  batch 10/264  loss=0.3063
  batch 20/264  loss=0.3937
  batch 30/264  loss=0.3967
  batch 40/264  loss=0.3347
  batch 50/264  loss=0.4098
  batch 60/264  loss=0.3187
  batch 70/264  loss=0.3910
  batch 80/264  loss=0.3218
  batch 90/264  loss=0.3007
  batch 100/264  loss=0.4538
  batch 110/264  loss=0.3345
  batch 120/264  loss=0.5747
  batch 130/264  loss=0.3826
  batch 140/264  loss=0.2511
  batch 150/264  loss=0.3422
  batch 160/264  loss=0.3143
  batch 170/264  loss=0.4964
  batch 180/264  loss=0.4888
  batch 190/264  loss=0.5150
  batch 200/264  loss=0.3267
  batch 210/264  loss=0.3124
  batch 220/264  loss=0.3149
  batch 230/264  loss=0.3533
  batch 240/264  loss=0.3305
  batch 250/264  loss=0.3217
  batch 260/264  loss=0.3604
Epoch 297/300  train=3.734e-01  rmse=1.8517  lr=6.3e-06  235s
  batch 10/264  loss=0.4303
  batch 20/264  loss=0.5133
  batch 30/264  loss=0.3007
  batch 40/264  loss=0.3491
  batch 50/264  loss=0.4350
  batch 60/264  loss=0.3734
  batch 70/264  loss=0.3816
  batch 80/264  loss=0.2836
  batch 90/264  loss=0.4380
  batch 100/264  loss=0.3739
  batch 110/264  loss=0.3821
  batch 120/264  loss=0.6683
  batch 130/264  loss=0.3257
  batch 140/264  loss=0.3200
  batch 150/264  loss=0.4524
  batch 160/264  loss=0.4529
  batch 170/264  loss=0.3972
  batch 180/264  loss=0.3582
  batch 190/264  loss=0.5776
  batch 200/264  loss=0.3404
  batch 210/264  loss=0.3195
  batch 220/264  loss=0.3965
  batch 230/264  loss=0.2672
  batch 240/264  loss=0.3223
  batch 250/264  loss=0.4700
  batch 260/264  loss=0.3312
Epoch 298/300  train=3.850e-01  rmse=2.0311  lr=3.1e-06  228s
  batch 10/264  loss=0.3738
  batch 20/264  loss=0.3099
  batch 30/264  loss=0.3340
  batch 40/264  loss=0.3548
  batch 50/264  loss=0.3229
  batch 60/264  loss=0.4501
  batch 70/264  loss=0.3862
  batch 80/264  loss=0.3357
  batch 90/264  loss=0.3123
  batch 100/264  loss=0.3610
  batch 110/264  loss=0.2990
  batch 120/264  loss=0.4692
  batch 130/264  loss=0.3084
  batch 140/264  loss=0.5501
  batch 150/264  loss=0.2918
  batch 160/264  loss=0.3431
  batch 170/264  loss=0.4144
  batch 180/264  loss=0.3222
  batch 190/264  loss=0.3985
  batch 200/264  loss=0.3008
  batch 210/264  loss=0.2556
  batch 220/264  loss=0.3591
  batch 230/264  loss=0.3626
  batch 240/264  loss=0.3068
  batch 250/264  loss=0.4354
  batch 260/264  loss=0.4989
Epoch 299/300  train=3.762e-01  rmse=1.7741  lr=3.1e-06  228s
  batch 10/264  loss=0.3243
  batch 20/264  loss=0.3667
  batch 30/264  loss=0.3561
  batch 40/264  loss=0.3884
  batch 50/264  loss=0.2946
  batch 60/264  loss=0.3741
  batch 70/264  loss=0.3068
  batch 80/264  loss=0.4334
  batch 90/264  loss=0.3787
  batch 100/264  loss=0.3784
  batch 110/264  loss=0.3084
  batch 120/264  loss=0.3663
  batch 130/264  loss=0.3066
  batch 140/264  loss=0.4397
  batch 150/264  loss=0.2716
  batch 160/264  loss=0.3768
  batch 170/264  loss=0.3221
  batch 180/264  loss=0.3178
  batch 190/264  loss=0.3470
  batch 200/264  loss=0.3502
  batch 210/264  loss=0.3470
  batch 220/264  loss=0.4067
  batch 230/264  loss=0.3688
  batch 240/264  loss=0.3585
  batch 250/264  loss=0.3433
  batch 260/264  loss=0.3902
Epoch 300/300  train=3.796e-01  rmse=1.8277  lr=3.1e-06  227s

Test evaluation (best checkpoint)...
Test (RMSE / MAE in μg/m³):
  total: 0.909402
  main: 0.394325
  nonneg: 0.000000
  smooth: 0.000000
  anom: 0.028724
  grad: 0.000614
  pattern: 0.128449
  spectral: 0.357291
  var: 0.000000
  rmse: 1.651747
  rmse_low: 1.777292
  rmse_high: 1.496309
  mae: 1.264405

  z  Height(m)        R²
--------------------------
  0       15.0    0.7414  <- ~0-100m
  1       25.0    0.7511  <- ~0-100m
  2       35.0    0.7585  <- ~0-100m
  3       45.0    0.7520  <- ~0-100m
  4       55.0    0.7331  <- ~0-100m
  5       75.0    0.6970  <- ~0-100m
  6       95.0    0.6694  <- ~0-100m
  7      115.0    0.6409  <- ~0-100m
  8      135.0    0.6029
  9      155.0    0.5570
 10      175.0    0.5122
 11      195.0    0.4387
