Device: cuda
Building datasets...
Temporal split:  train=264  val=0  test=72
Fitting normalisation on 264 samples...
  50/264
  100/264
  150/264
  200/264
  250/264
Done.
  emission  mean=5.6840  std=1.1291
  pm25      per-level  mean[0]=2.3826e+00  mean[-1]=1.1283e+00
Model: UNet3D  base_ch=16  params: 1,598,466
No val set — using train loss for scheduler and checkpoint selection.

Training for 300 epochs...
  batch 10/264  loss=2.7120
  batch 20/264  loss=4.0883
  batch 30/264  loss=1.9883
  batch 40/264  loss=2.9556
  batch 50/264  loss=2.3259
  batch 60/264  loss=2.0884
  batch 70/264  loss=1.2788
  batch 80/264  loss=1.3078
  batch 90/264  loss=3.5809
  batch 100/264  loss=4.5464
  batch 110/264  loss=1.3631
  batch 120/264  loss=1.1093
  batch 130/264  loss=1.1985
  batch 140/264  loss=1.2387
  batch 150/264  loss=2.0821
  batch 160/264  loss=1.9425
  batch 170/264  loss=0.9852
  batch 180/264  loss=2.7001
  batch 190/264  loss=2.4861
  batch 200/264  loss=1.1011
  batch 210/264  loss=1.6943
  batch 220/264  loss=1.3206
  batch 230/264  loss=1.6094
  batch 240/264  loss=1.5908
  batch 250/264  loss=1.7222
  batch 260/264  loss=1.1902
Epoch   1/300  train=2.032e+00  rmse=4.4132  lr=1.0e-04  253s
  -> best  monitor=2.032e+00
  batch 10/264  loss=1.3245
  batch 20/264  loss=2.1706
  batch 30/264  loss=1.9382
  batch 40/264  loss=4.1932
  batch 50/264  loss=1.0231
  batch 60/264  loss=1.0343
  batch 70/264  loss=1.0974
  batch 80/264  loss=1.3158
  batch 90/264  loss=1.7568
  batch 100/264  loss=0.9026
  batch 110/264  loss=1.1077
  batch 120/264  loss=0.8681
  batch 130/264  loss=1.3620
  batch 140/264  loss=1.1747
  batch 150/264  loss=2.7595
  batch 160/264  loss=0.9565
  batch 170/264  loss=3.3941
  batch 180/264  loss=1.3469
  batch 190/264  loss=1.3080
  batch 200/264  loss=1.2182
  batch 210/264  loss=1.8198
  batch 220/264  loss=1.3163
  batch 230/264  loss=1.0519
  batch 240/264  loss=1.8425
  batch 250/264  loss=0.8117
  batch 260/264  loss=0.9006
Epoch   2/300  train=1.462e+00  rmse=3.6498  lr=1.0e-04  228s
  -> best  monitor=1.462e+00
  batch 10/264  loss=1.3648
  batch 20/264  loss=0.9588
  batch 30/264  loss=2.4610
  batch 40/264  loss=0.9067
  batch 50/264  loss=0.9820
  batch 60/264  loss=0.8905
  batch 70/264  loss=1.0621
  batch 80/264  loss=1.7279
  batch 90/264  loss=1.4776
  batch 100/264  loss=1.0159
  batch 110/264  loss=0.7702
  batch 120/264  loss=1.5985
  batch 130/264  loss=0.8700
  batch 140/264  loss=1.2955
  batch 150/264  loss=0.7618
  batch 160/264  loss=1.0852
  batch 170/264  loss=1.1005
  batch 180/264  loss=1.3886
  batch 190/264  loss=1.3723
  batch 200/264  loss=0.8279
  batch 210/264  loss=2.6768
  batch 220/264  loss=1.0398
  batch 230/264  loss=0.7835
  batch 240/264  loss=0.8471
  batch 250/264  loss=0.8892
  batch 260/264  loss=1.4160
Epoch   3/300  train=1.173e+00  rmse=3.1537  lr=1.0e-04  227s
  -> best  monitor=1.173e+00
  batch 10/264  loss=0.9943
  batch 20/264  loss=1.2194
  batch 30/264  loss=0.8779
  batch 40/264  loss=1.0352
  batch 50/264  loss=0.8443
  batch 60/264  loss=0.9563
  batch 70/264  loss=0.8036
  batch 80/264  loss=0.7522
  batch 90/264  loss=0.8625
  batch 100/264  loss=0.8289
  batch 110/264  loss=0.8625
  batch 120/264  loss=1.4426
  batch 130/264  loss=1.0097
  batch 140/264  loss=0.8300
  batch 150/264  loss=0.7665
  batch 160/264  loss=1.3284
  batch 170/264  loss=0.6336
  batch 180/264  loss=1.1906
  batch 190/264  loss=0.8394
  batch 200/264  loss=1.3388
  batch 210/264  loss=0.8747
  batch 220/264  loss=1.9964
  batch 230/264  loss=0.6909
  batch 240/264  loss=1.4349
  batch 250/264  loss=1.2528
  batch 260/264  loss=0.8409
Epoch   4/300  train=1.048e+00  rmse=2.9301  lr=1.0e-04  227s
  -> best  monitor=1.048e+00
  batch 10/264  loss=0.7904
  batch 20/264  loss=0.8848
  batch 30/264  loss=0.9570
  batch 40/264  loss=1.9793
  batch 50/264  loss=0.9243
  batch 60/264  loss=2.2428
  batch 70/264  loss=0.6529
  batch 80/264  loss=0.5721
  batch 90/264  loss=0.7247
  batch 100/264  loss=0.8279
  batch 110/264  loss=0.8738
  batch 120/264  loss=1.0385
  batch 130/264  loss=0.8498
  batch 140/264  loss=1.6076
  batch 150/264  loss=0.7983
  batch 160/264  loss=0.6198
  batch 170/264  loss=1.0381
  batch 180/264  loss=0.6781
  batch 190/264  loss=0.7844
  batch 200/264  loss=1.0715
  batch 210/264  loss=0.6912
  batch 220/264  loss=0.7994
  batch 230/264  loss=0.6177
  batch 240/264  loss=0.7274
  batch 250/264  loss=0.6435
  batch 260/264  loss=0.6985
Epoch   5/300  train=9.788e-01  rmse=2.8473  lr=1.0e-04  229s
  -> best  monitor=9.788e-01
  batch 10/264  loss=0.8982
  batch 20/264  loss=0.5744
  batch 30/264  loss=0.8962
  batch 40/264  loss=0.6211
  batch 50/264  loss=1.1001
  batch 60/264  loss=0.7597
  batch 70/264  loss=1.1714
  batch 80/264  loss=1.2405
  batch 90/264  loss=1.0970
  batch 100/264  loss=2.0023
  batch 110/264  loss=0.8097
  batch 120/264  loss=1.2082
  batch 130/264  loss=0.6663
  batch 140/264  loss=0.7931
  batch 150/264  loss=0.7553
  batch 160/264  loss=1.3891
  batch 170/264  loss=0.5894
  batch 180/264  loss=1.0243
  batch 190/264  loss=1.8962
  batch 200/264  loss=0.6815
  batch 210/264  loss=0.7849
  batch 220/264  loss=0.7344
  batch 230/264  loss=0.6493
  batch 240/264  loss=0.9978
  batch 250/264  loss=0.7003
  batch 260/264  loss=1.1407
Epoch   6/300  train=9.421e-01  rmse=2.8819  lr=1.0e-04  226s
  -> best  monitor=9.421e-01
  batch 10/264  loss=1.0212
  batch 20/264  loss=0.5540
  batch 30/264  loss=0.8252
  batch 40/264  loss=0.9753
  batch 50/264  loss=0.8544
  batch 60/264  loss=0.7503
  batch 70/264  loss=0.9188
  batch 80/264  loss=1.1265
  batch 90/264  loss=1.2825
  batch 100/264  loss=0.8314
  batch 110/264  loss=1.0407
  batch 120/264  loss=0.8791
  batch 130/264  loss=0.7827
  batch 140/264  loss=0.7594
  batch 150/264  loss=0.6047
  batch 160/264  loss=0.5217
  batch 170/264  loss=0.8211
  batch 180/264  loss=0.5798
  batch 190/264  loss=1.5113
  batch 200/264  loss=0.7362
  batch 210/264  loss=1.4746
  batch 220/264  loss=1.3681
  batch 230/264  loss=0.6931
  batch 240/264  loss=0.7783
  batch 250/264  loss=0.8335
  batch 260/264  loss=0.6963
Epoch   7/300  train=8.897e-01  rmse=2.7960  lr=1.0e-04  228s
  -> best  monitor=8.897e-01
  batch 10/264  loss=0.7486
  batch 20/264  loss=0.6561
  batch 30/264  loss=0.6410
  batch 40/264  loss=0.8081
  batch 50/264  loss=0.6550
  batch 60/264  loss=0.8012
  batch 70/264  loss=0.8870
  batch 80/264  loss=0.7324
  batch 90/264  loss=0.8156
  batch 100/264  loss=0.7490
  batch 110/264  loss=0.7081
  batch 120/264  loss=0.6438
  batch 130/264  loss=0.7028
  batch 140/264  loss=0.5099
  batch 150/264  loss=0.8170
  batch 160/264  loss=0.8753
  batch 170/264  loss=0.7229
  batch 180/264  loss=0.6682
  batch 190/264  loss=0.6179
  batch 200/264  loss=1.6238
  batch 210/264  loss=1.0173
  batch 220/264  loss=0.5098
  batch 230/264  loss=0.7557
  batch 240/264  loss=0.7279
  batch 250/264  loss=0.7579
  batch 260/264  loss=1.7537
Epoch   8/300  train=8.699e-01  rmse=2.7629  lr=1.0e-04  229s
  -> best  monitor=8.699e-01
  batch 10/264  loss=0.6341
  batch 20/264  loss=0.6738
  batch 30/264  loss=0.5595
  batch 40/264  loss=0.5215
  batch 50/264  loss=0.4953
  batch 60/264  loss=0.5598
  batch 70/264  loss=0.6843
  batch 80/264  loss=0.4692
  batch 90/264  loss=0.5057
  batch 100/264  loss=0.7348
  batch 110/264  loss=0.6888
  batch 120/264  loss=0.6812
  batch 130/264  loss=0.7764
  batch 140/264  loss=0.6617
  batch 150/264  loss=0.5730
  batch 160/264  loss=0.7296
  batch 170/264  loss=1.2691
  batch 180/264  loss=0.6194
  batch 190/264  loss=0.5561
  batch 200/264  loss=1.0568
  batch 210/264  loss=0.6933
  batch 220/264  loss=0.5313
  batch 230/264  loss=0.6202
  batch 240/264  loss=0.7230
  batch 250/264  loss=1.1924
  batch 260/264  loss=0.6686
Epoch   9/300  train=8.434e-01  rmse=2.7998  lr=1.0e-04  228s
  -> best  monitor=8.434e-01
  batch 10/264  loss=0.5979
  batch 20/264  loss=0.7287
  batch 30/264  loss=0.8951
  batch 40/264  loss=0.7930
  batch 50/264  loss=0.7506
  batch 60/264  loss=0.7379
  batch 70/264  loss=0.6709
  batch 80/264  loss=0.6660
  batch 90/264  loss=0.6102
  batch 100/264  loss=0.5235
  batch 110/264  loss=0.6833
  batch 120/264  loss=0.6271
  batch 130/264  loss=0.7782
  batch 140/264  loss=0.7534
  batch 150/264  loss=0.8556
  batch 160/264  loss=0.7800
  batch 170/264  loss=0.6753
  batch 180/264  loss=1.0138
  batch 190/264  loss=0.8021
  batch 200/264  loss=0.5893
  batch 210/264  loss=1.5296
  batch 220/264  loss=0.6386
  batch 230/264  loss=0.7133
  batch 240/264  loss=1.2093
  batch 250/264  loss=0.8817
  batch 260/264  loss=0.5572
Epoch  10/300  train=8.181e-01  rmse=2.7400  lr=1.0e-04  227s
  -> best  monitor=8.181e-01
  batch 10/264  loss=0.8378
  batch 20/264  loss=0.7647
  batch 30/264  loss=0.5168
  batch 40/264  loss=0.5325
  batch 50/264  loss=0.8713
  batch 60/264  loss=0.6116
  batch 70/264  loss=0.6945
  batch 80/264  loss=0.6343
  batch 90/264  loss=0.9949
  batch 100/264  loss=1.2143
  batch 110/264  loss=0.7255
  batch 120/264  loss=0.5984
  batch 130/264  loss=1.8034
  batch 140/264  loss=0.6922
  batch 150/264  loss=0.8583
  batch 160/264  loss=0.5879
  batch 170/264  loss=0.8394
  batch 180/264  loss=0.6422
  batch 190/264  loss=0.5516
  batch 200/264  loss=0.5374
  batch 210/264  loss=0.9006
  batch 220/264  loss=0.4962
  batch 230/264  loss=0.7901
  batch 240/264  loss=0.5233
  batch 250/264  loss=1.1977
  batch 260/264  loss=0.5963
Epoch  11/300  train=7.934e-01  rmse=2.7081  lr=1.0e-04  228s
  -> best  monitor=7.934e-01
  batch 10/264  loss=0.8570
  batch 20/264  loss=0.9022
  batch 30/264  loss=0.6183
  batch 40/264  loss=0.9461
  batch 50/264  loss=0.6986
  batch 60/264  loss=0.5414
  batch 70/264  loss=0.5109
  batch 80/264  loss=0.8875
  batch 90/264  loss=0.6268
  batch 100/264  loss=0.6206
  batch 110/264  loss=0.6969
  batch 120/264  loss=0.6843
  batch 130/264  loss=0.8394
  batch 140/264  loss=0.6324
  batch 150/264  loss=0.5271
  batch 160/264  loss=0.5774
  batch 170/264  loss=0.5860
  batch 180/264  loss=0.6343
  batch 190/264  loss=0.5805
  batch 200/264  loss=0.8949
  batch 210/264  loss=0.6411
  batch 220/264  loss=0.7667
  batch 230/264  loss=1.0484
  batch 240/264  loss=1.1900
  batch 250/264  loss=1.0147
  batch 260/264  loss=0.8451
Epoch  12/300  train=7.764e-01  rmse=2.6861  lr=1.0e-04  228s
  -> best  monitor=7.764e-01
  batch 10/264  loss=1.3420
  batch 20/264  loss=1.4685
  batch 30/264  loss=0.4921
  batch 40/264  loss=2.1792
  batch 50/264  loss=0.8111
  batch 60/264  loss=1.0849
  batch 70/264  loss=0.6367
  batch 80/264  loss=0.5581
  batch 90/264  loss=0.7717
  batch 100/264  loss=1.1151
  batch 110/264  loss=0.8239
  batch 120/264  loss=0.6440
  batch 130/264  loss=0.7191
  batch 140/264  loss=0.7328
  batch 150/264  loss=0.5574
  batch 160/264  loss=0.5665
  batch 170/264  loss=0.6282
  batch 180/264  loss=0.5321
  batch 190/264  loss=0.8700
  batch 200/264  loss=0.5981
  batch 210/264  loss=1.1244
  batch 220/264  loss=0.4472
  batch 230/264  loss=0.5941
  batch 240/264  loss=0.5558
  batch 250/264  loss=0.5983
  batch 260/264  loss=0.8402
Epoch  13/300  train=7.460e-01  rmse=2.6146  lr=1.0e-04  228s
  -> best  monitor=7.460e-01
  batch 10/264  loss=0.6079
  batch 20/264  loss=1.5878
  batch 30/264  loss=0.8420
  batch 40/264  loss=1.1219
  batch 50/264  loss=0.9693
  batch 60/264  loss=0.6777
  batch 70/264  loss=0.8015
  batch 80/264  loss=0.9457
  batch 90/264  loss=0.5763
  batch 100/264  loss=1.4080
  batch 110/264  loss=0.7821
  batch 120/264  loss=0.6015
  batch 130/264  loss=0.4754
  batch 140/264  loss=0.7335
  batch 150/264  loss=0.8461
  batch 160/264  loss=0.9913
  batch 170/264  loss=0.6254
  batch 180/264  loss=1.0490
  batch 190/264  loss=0.6399
  batch 200/264  loss=0.4695
  batch 210/264  loss=0.7181
  batch 220/264  loss=1.6461
  batch 230/264  loss=0.7626
  batch 240/264  loss=0.4979
  batch 250/264  loss=0.5571
  batch 260/264  loss=0.4960
Epoch  14/300  train=7.369e-01  rmse=2.5642  lr=1.0e-04  229s
  -> best  monitor=7.369e-01
  batch 10/264  loss=0.5251
  batch 20/264  loss=0.7982
  batch 30/264  loss=0.7949
  batch 40/264  loss=0.8438
  batch 50/264  loss=0.8480
  batch 60/264  loss=0.6254
  batch 70/264  loss=0.6932
  batch 80/264  loss=0.6178
  batch 90/264  loss=0.5819
  batch 100/264  loss=0.8508
  batch 110/264  loss=0.6464
  batch 120/264  loss=0.5288
  batch 130/264  loss=0.4782
  batch 140/264  loss=0.6841
  batch 150/264  loss=0.5756
  batch 160/264  loss=0.5033
  batch 170/264  loss=0.7732
  batch 180/264  loss=0.6931
  batch 190/264  loss=0.9251
  batch 200/264  loss=1.1072
  batch 210/264  loss=0.7444
  batch 220/264  loss=0.5307
  batch 230/264  loss=0.8291
  batch 240/264  loss=0.5172
  batch 250/264  loss=0.5722
  batch 260/264  loss=0.8721
Epoch  15/300  train=7.216e-01  rmse=2.6003  lr=1.0e-04  229s
  -> best  monitor=7.216e-01
  batch 10/264  loss=0.5457
  batch 20/264  loss=0.4158
  batch 30/264  loss=1.0700
  batch 40/264  loss=0.5619
  batch 50/264  loss=0.8771
  batch 60/264  loss=0.5486
  batch 70/264  loss=0.4821
  batch 80/264  loss=0.6576
  batch 90/264  loss=0.8105
  batch 100/264  loss=0.4884
  batch 110/264  loss=0.6248
  batch 120/264  loss=0.5404
  batch 130/264  loss=0.5227
  batch 140/264  loss=0.4779
  batch 150/264  loss=0.9718
  batch 160/264  loss=0.4968
  batch 170/264  loss=0.6341
  batch 180/264  loss=0.7044
  batch 190/264  loss=0.6859
  batch 200/264  loss=1.5102
  batch 210/264  loss=0.4545
  batch 220/264  loss=0.8398
  batch 230/264  loss=1.0716
  batch 240/264  loss=0.5305
  batch 250/264  loss=0.5814
  batch 260/264  loss=0.6782
Epoch  16/300  train=7.052e-01  rmse=2.4953  lr=1.0e-04  228s
  -> best  monitor=7.052e-01
  batch 10/264  loss=0.7621
  batch 20/264  loss=0.7875
  batch 30/264  loss=0.5852
  batch 40/264  loss=0.8436
  batch 50/264  loss=0.6529
  batch 60/264  loss=0.5705
  batch 70/264  loss=0.5257
  batch 80/264  loss=0.5945
  batch 90/264  loss=0.8386
  batch 100/264  loss=0.6158
  batch 110/264  loss=0.5548
  batch 120/264  loss=0.5002
  batch 130/264  loss=0.4480
  batch 140/264  loss=0.4422
  batch 150/264  loss=0.6074
  batch 160/264  loss=0.4452
  batch 170/264  loss=0.5616
  batch 180/264  loss=0.7918
  batch 190/264  loss=0.5555
  batch 200/264  loss=0.5570
  batch 210/264  loss=0.7100
  batch 220/264  loss=1.5896
  batch 230/264  loss=1.2692
  batch 240/264  loss=0.6983
  batch 250/264  loss=0.6363
  batch 260/264  loss=1.4050
Epoch  17/300  train=6.984e-01  rmse=2.4856  lr=1.0e-04  228s
  -> best  monitor=6.984e-01
  batch 10/264  loss=0.8939
  batch 20/264  loss=0.6895
  batch 30/264  loss=0.8659
  batch 40/264  loss=0.8191
  batch 50/264  loss=0.7026
  batch 60/264  loss=0.5658
  batch 70/264  loss=0.9943
  batch 80/264  loss=0.5321
  batch 90/264  loss=0.6738
  batch 100/264  loss=0.8248
  batch 110/264  loss=0.6374
  batch 120/264  loss=0.5669
  batch 130/264  loss=0.7138
  batch 140/264  loss=0.7932
  batch 150/264  loss=0.5752
  batch 160/264  loss=0.4320
  batch 170/264  loss=0.6737
  batch 180/264  loss=1.0109
  batch 190/264  loss=1.0909
  batch 200/264  loss=0.5192
  batch 210/264  loss=0.5397
  batch 220/264  loss=0.5230
  batch 230/264  loss=0.6946
  batch 240/264  loss=0.7560
  batch 250/264  loss=0.7128
  batch 260/264  loss=0.5695
Epoch  18/300  train=6.861e-01  rmse=2.5448  lr=1.0e-04  229s
  -> best  monitor=6.861e-01
  batch 10/264  loss=1.1895
  batch 20/264  loss=0.4842
  batch 30/264  loss=1.1553
  batch 40/264  loss=0.5759
  batch 50/264  loss=0.4536
  batch 60/264  loss=1.6037
  batch 70/264  loss=0.4761
  batch 80/264  loss=0.4550
  batch 90/264  loss=0.4879
  batch 100/264  loss=0.5496
  batch 110/264  loss=0.5825
  batch 120/264  loss=0.5335
  batch 130/264  loss=0.5394
  batch 140/264  loss=0.5458
  batch 150/264  loss=0.6353
  batch 160/264  loss=0.6257
  batch 170/264  loss=0.7764
  batch 180/264  loss=0.7778
  batch 190/264  loss=1.2708
  batch 200/264  loss=1.4706
  batch 210/264  loss=0.5089
  batch 220/264  loss=0.7362
  batch 230/264  loss=0.4502
  batch 240/264  loss=0.6395
  batch 250/264  loss=0.7697
  batch 260/264  loss=0.4705
Epoch  19/300  train=6.678e-01  rmse=2.4407  lr=1.0e-04  227s
  -> best  monitor=6.678e-01
  batch 10/264  loss=0.5896
  batch 20/264  loss=0.5893
  batch 30/264  loss=0.7302
  batch 40/264  loss=0.4553
  batch 50/264  loss=0.5388
  batch 60/264  loss=0.5569
  batch 70/264  loss=0.4808
  batch 80/264  loss=0.9605
  batch 90/264  loss=0.5224
  batch 100/264  loss=0.6656
  batch 110/264  loss=0.8455
  batch 120/264  loss=1.8185
  batch 130/264  loss=1.2324
  batch 140/264  loss=0.7827
  batch 150/264  loss=1.2031
  batch 160/264  loss=0.4925
  batch 170/264  loss=0.7451
  batch 180/264  loss=0.4219
  batch 190/264  loss=0.4822
  batch 200/264  loss=0.6915
  batch 210/264  loss=0.5732
  batch 220/264  loss=0.6443
  batch 230/264  loss=0.4804
  batch 240/264  loss=0.8211
  batch 250/264  loss=0.4973
  batch 260/264  loss=0.8734
Epoch  20/300  train=6.702e-01  rmse=2.5024  lr=1.0e-04  229s
  batch 10/264  loss=0.5552
  batch 20/264  loss=0.5319
  batch 30/264  loss=0.5661
  batch 40/264  loss=1.4354
  batch 50/264  loss=0.5104
  batch 60/264  loss=0.4311
  batch 70/264  loss=0.5264
  batch 80/264  loss=0.6041
  batch 90/264  loss=0.4606
  batch 100/264  loss=0.7688
  batch 110/264  loss=0.8091
  batch 120/264  loss=0.5933
  batch 130/264  loss=1.6559
  batch 140/264  loss=0.6470
  batch 150/264  loss=0.5111
  batch 160/264  loss=0.4691
  batch 170/264  loss=0.5900
  batch 180/264  loss=0.7785
  batch 190/264  loss=0.7842
  batch 200/264  loss=0.4999
  batch 210/264  loss=0.4781
  batch 220/264  loss=0.8173
  batch 230/264  loss=0.5057
  batch 240/264  loss=0.5330
  batch 250/264  loss=0.5985
  batch 260/264  loss=0.4948
Epoch  21/300  train=6.566e-01  rmse=2.4518  lr=1.0e-04  229s
  -> best  monitor=6.566e-01
  batch 10/264  loss=0.6103
  batch 20/264  loss=0.4835
  batch 30/264  loss=0.4389
  batch 40/264  loss=0.9799
  batch 50/264  loss=0.5287
  batch 60/264  loss=0.5820
  batch 70/264  loss=0.5836
  batch 80/264  loss=0.8640
  batch 90/264  loss=0.6266
  batch 100/264  loss=0.4922
  batch 110/264  loss=0.4804
  batch 120/264  loss=0.8648
  batch 130/264  loss=0.7760
  batch 140/264  loss=0.5998
  batch 150/264  loss=0.5618
  batch 160/264  loss=0.7570
  batch 170/264  loss=0.4590
  batch 180/264  loss=0.4812
  batch 190/264  loss=0.6802
  batch 200/264  loss=0.6108
  batch 210/264  loss=0.6709
  batch 220/264  loss=0.5966
  batch 230/264  loss=0.4192
  batch 240/264  loss=0.5150
  batch 250/264  loss=0.6935
  batch 260/264  loss=0.5270
Epoch  22/300  train=6.489e-01  rmse=2.4026  lr=1.0e-04  227s
  -> best  monitor=6.489e-01
  batch 10/264  loss=0.9871
  batch 20/264  loss=0.5663
  batch 30/264  loss=0.5275
  batch 40/264  loss=0.5568
  batch 50/264  loss=0.5611
  batch 60/264  loss=0.5214
  batch 70/264  loss=0.6253
  batch 80/264  loss=0.5071
  batch 90/264  loss=0.5533
  batch 100/264  loss=0.6313
  batch 110/264  loss=0.6458
  batch 120/264  loss=0.4416
  batch 130/264  loss=0.5646
  batch 140/264  loss=0.6169
  batch 150/264  loss=0.5095
  batch 160/264  loss=0.4945
  batch 170/264  loss=0.6996
  batch 180/264  loss=0.5835
  batch 190/264  loss=0.4837
  batch 200/264  loss=0.4481
  batch 210/264  loss=0.5856
  batch 220/264  loss=1.5907
  batch 230/264  loss=0.4921
  batch 240/264  loss=0.5836
  batch 250/264  loss=0.7869
  batch 260/264  loss=0.4665
Epoch  23/300  train=6.299e-01  rmse=2.3415  lr=1.0e-04  228s
  -> best  monitor=6.299e-01
  batch 10/264  loss=0.5712
  batch 20/264  loss=0.6023
  batch 30/264  loss=0.7120
  batch 40/264  loss=0.5179
  batch 50/264  loss=0.5829
  batch 60/264  loss=0.4352
  batch 70/264  loss=0.8818
  batch 80/264  loss=0.6715
  batch 90/264  loss=0.5191
  batch 100/264  loss=0.7851
  batch 110/264  loss=1.6145
  batch 120/264  loss=0.4349
  batch 130/264  loss=0.5443
  batch 140/264  loss=0.8218
  batch 150/264  loss=1.4335
  batch 160/264  loss=0.5818
  batch 170/264  loss=0.4544
  batch 180/264  loss=0.5132
  batch 190/264  loss=1.0720
  batch 200/264  loss=0.4897
  batch 210/264  loss=0.9046
  batch 220/264  loss=0.6262
  batch 230/264  loss=0.6747
  batch 240/264  loss=0.3930
  batch 250/264  loss=0.6243
  batch 260/264  loss=0.4511
Epoch  24/300  train=6.303e-01  rmse=2.2950  lr=1.0e-04  228s
  batch 10/264  loss=0.4637
  batch 20/264  loss=0.6850
  batch 30/264  loss=0.5166
  batch 40/264  loss=0.5295
  batch 50/264  loss=0.6329
  batch 60/264  loss=0.4752
  batch 70/264  loss=0.5231
  batch 80/264  loss=0.5800
  batch 90/264  loss=0.4358
  batch 100/264  loss=0.7125
  batch 110/264  loss=0.4327
  batch 120/264  loss=0.5150
  batch 130/264  loss=0.9390
  batch 140/264  loss=0.4668
  batch 150/264  loss=0.5807
  batch 160/264  loss=0.8135
  batch 170/264  loss=1.9093
  batch 180/264  loss=0.4033
  batch 190/264  loss=1.2133
  batch 200/264  loss=0.6352
  batch 210/264  loss=0.6359
  batch 220/264  loss=0.6362
  batch 230/264  loss=0.4524
  batch 240/264  loss=0.6611
  batch 250/264  loss=0.4579
  batch 260/264  loss=0.5538
Epoch  25/300  train=6.203e-01  rmse=2.3503  lr=1.0e-04  227s
  -> best  monitor=6.203e-01
  batch 10/264  loss=0.5774
  batch 20/264  loss=0.6119
  batch 30/264  loss=1.0047
  batch 40/264  loss=0.4398
  batch 50/264  loss=0.4617
  batch 60/264  loss=0.6041
  batch 70/264  loss=0.7014
  batch 80/264  loss=0.5017
  batch 90/264  loss=0.5593
  batch 100/264  loss=0.4798
  batch 110/264  loss=0.4419
  batch 120/264  loss=0.6756
  batch 130/264  loss=0.5074
  batch 140/264  loss=1.1344
  batch 150/264  loss=1.9873
  batch 160/264  loss=0.5129
  batch 170/264  loss=0.7264
  batch 180/264  loss=0.4934
  batch 190/264  loss=0.3982
  batch 200/264  loss=0.5682
  batch 210/264  loss=0.4630
  batch 220/264  loss=0.6207
  batch 230/264  loss=0.4901
  batch 240/264  loss=0.5810
  batch 250/264  loss=0.5911
  batch 260/264  loss=0.6696
Epoch  26/300  train=6.202e-01  rmse=2.2896  lr=1.0e-04  228s
  -> best  monitor=6.202e-01
  batch 10/264  loss=0.4869
  batch 20/264  loss=1.0063
  batch 30/264  loss=0.4967
  batch 40/264  loss=0.5917
  batch 50/264  loss=0.7589
  batch 60/264  loss=0.4287
  batch 70/264  loss=0.5160
  batch 80/264  loss=0.4364
  batch 90/264  loss=0.4826
  batch 100/264  loss=0.6991
  batch 110/264  loss=0.5471
  batch 120/264  loss=0.5050
  batch 130/264  loss=1.1173
  batch 140/264  loss=0.4230
  batch 150/264  loss=0.6958
  batch 160/264  loss=0.4345
  batch 170/264  loss=0.4369
  batch 180/264  loss=0.7812
  batch 190/264  loss=0.4061
  batch 200/264  loss=1.5436
  batch 210/264  loss=0.8395
  batch 220/264  loss=0.4285
  batch 230/264  loss=0.4892
  batch 240/264  loss=0.4827
  batch 250/264  loss=0.4379
  batch 260/264  loss=0.5866
Epoch  27/300  train=6.102e-01  rmse=2.3173  lr=1.0e-04  229s
  -> best  monitor=6.102e-01
  batch 10/264  loss=0.4760
  batch 20/264  loss=0.5519
  batch 30/264  loss=0.7406
  batch 40/264  loss=0.5474
  batch 50/264  loss=0.5529
  batch 60/264  loss=0.5213
  batch 70/264  loss=1.3192
  batch 80/264  loss=0.5005
  batch 90/264  loss=0.4321
  batch 100/264  loss=0.4814
  batch 110/264  loss=0.6082
  batch 120/264  loss=0.6610
  batch 130/264  loss=0.4652
  batch 140/264  loss=0.5129
  batch 150/264  loss=0.7131
  batch 160/264  loss=0.4584
  batch 170/264  loss=0.4432
  batch 180/264  loss=0.4358
  batch 190/264  loss=0.5014
  batch 200/264  loss=1.4733
  batch 210/264  loss=0.4934
  batch 220/264  loss=0.4858
  batch 230/264  loss=0.6171
  batch 240/264  loss=0.4293
  batch 250/264  loss=0.3806
  batch 260/264  loss=0.5689
Epoch  28/300  train=5.974e-01  rmse=2.3186  lr=1.0e-04  227s
  -> best  monitor=5.974e-01
  batch 10/264  loss=0.6728
  batch 20/264  loss=1.0129
  batch 30/264  loss=0.8278
  batch 40/264  loss=0.4913
  batch 50/264  loss=0.4406
  batch 60/264  loss=0.6802
  batch 70/264  loss=0.6737
  batch 80/264  loss=0.8723
  batch 90/264  loss=0.5742
  batch 100/264  loss=0.5043
  batch 110/264  loss=0.5410
  batch 120/264  loss=0.5930
  batch 130/264  loss=0.3521
  batch 140/264  loss=0.4268
  batch 150/264  loss=0.7368
  batch 160/264  loss=1.0090
  batch 170/264  loss=0.5385
  batch 180/264  loss=0.5086
  batch 190/264  loss=0.6718
  batch 200/264  loss=0.5659
  batch 210/264  loss=0.6573
  batch 220/264  loss=0.5427
  batch 230/264  loss=0.5009
  batch 240/264  loss=0.4805
  batch 250/264  loss=0.4880
  batch 260/264  loss=0.4646
Epoch  29/300  train=5.947e-01  rmse=2.2632  lr=1.0e-04  229s
  -> best  monitor=5.947e-01
  batch 10/264  loss=0.5619
  batch 20/264  loss=0.9644
  batch 30/264  loss=1.1475
  batch 40/264  loss=0.4760
  batch 50/264  loss=0.5777
  batch 60/264  loss=0.7566
  batch 70/264  loss=0.4211
  batch 80/264  loss=0.7180
  batch 90/264  loss=0.4383
  batch 100/264  loss=0.5712
  batch 110/264  loss=0.5291
  batch 120/264  loss=0.6145
  batch 130/264  loss=0.4211
  batch 140/264  loss=1.3481
  batch 150/264  loss=0.5088
  batch 160/264  loss=0.4948
  batch 170/264  loss=0.9774
  batch 180/264  loss=0.5187
  batch 190/264  loss=0.4899
  batch 200/264  loss=0.5195
  batch 210/264  loss=0.4965
  batch 220/264  loss=0.5223
  batch 230/264  loss=0.5087
  batch 240/264  loss=0.5106
  batch 250/264  loss=0.4628
  batch 260/264  loss=0.5412
Epoch  30/300  train=5.908e-01  rmse=2.2214  lr=1.0e-04  228s
  -> best  monitor=5.908e-01
  batch 10/264  loss=0.4820
  batch 20/264  loss=0.5394
  batch 30/264  loss=0.3787
  batch 40/264  loss=0.4963
  batch 50/264  loss=0.6655
  batch 60/264  loss=0.4211
  batch 70/264  loss=0.5593
  batch 80/264  loss=0.6676
  batch 90/264  loss=0.9080
  batch 100/264  loss=0.4348
  batch 110/264  loss=0.5295
  batch 120/264  loss=0.5592
  batch 130/264  loss=0.6209
  batch 140/264  loss=0.5437
  batch 150/264  loss=0.7409
  batch 160/264  loss=0.4309
  batch 170/264  loss=0.5151
  batch 180/264  loss=0.5664
  batch 190/264  loss=0.4591
  batch 200/264  loss=0.5650
  batch 210/264  loss=0.5452
  batch 220/264  loss=0.4451
  batch 230/264  loss=0.5461
  batch 240/264  loss=0.5030
  batch 250/264  loss=0.4573
  batch 260/264  loss=0.6353
Epoch  31/300  train=5.838e-01  rmse=2.2573  lr=1.0e-04  229s
  -> best  monitor=5.838e-01
  batch 10/264  loss=0.4918
  batch 20/264  loss=0.4164
  batch 30/264  loss=0.5560
  batch 40/264  loss=0.4977
  batch 50/264  loss=0.5304
  batch 60/264  loss=0.4643
  batch 70/264  loss=0.5107
  batch 80/264  loss=0.5786
  batch 90/264  loss=0.6322
  batch 100/264  loss=0.5352
  batch 110/264  loss=0.9451
  batch 120/264  loss=0.5080
  batch 130/264  loss=0.5118
  batch 140/264  loss=0.5728
  batch 150/264  loss=0.5261
  batch 160/264  loss=0.6210
  batch 170/264  loss=0.6447
  batch 180/264  loss=0.6084
  batch 190/264  loss=0.4729
  batch 200/264  loss=0.5458
  batch 210/264  loss=0.9214
  batch 220/264  loss=0.3808
  batch 230/264  loss=0.6293
  batch 240/264  loss=0.4941
  batch 250/264  loss=1.0345
  batch 260/264  loss=0.4737
Epoch  32/300  train=5.834e-01  rmse=2.2627  lr=1.0e-04  230s
  -> best  monitor=5.834e-01
  batch 10/264  loss=0.3952
  batch 20/264  loss=0.4978
  batch 30/264  loss=0.5270
  batch 40/264  loss=0.6284
  batch 50/264  loss=1.1340
  batch 60/264  loss=0.4831
  batch 70/264  loss=0.5065
  batch 80/264  loss=0.4043
  batch 90/264  loss=0.4890
  batch 100/264  loss=0.4768
  batch 110/264  loss=0.3978
  batch 120/264  loss=0.3965
  batch 130/264  loss=0.6972
  batch 140/264  loss=0.6097
  batch 150/264  loss=0.4357
  batch 160/264  loss=0.4748
  batch 170/264  loss=0.4354
  batch 180/264  loss=0.4971
  batch 190/264  loss=0.4462
  batch 200/264  loss=0.5227
  batch 210/264  loss=1.2691
  batch 220/264  loss=1.0738
  batch 230/264  loss=0.7008
  batch 240/264  loss=0.7736
  batch 250/264  loss=0.5717
  batch 260/264  loss=0.4729
Epoch  33/300  train=5.747e-01  rmse=2.2389  lr=1.0e-04  227s
  -> best  monitor=5.747e-01
  batch 10/264  loss=0.6916
  batch 20/264  loss=0.4183
  batch 30/264  loss=0.6566
  batch 40/264  loss=0.5680
  batch 50/264  loss=0.5688
  batch 60/264  loss=0.4785
  batch 70/264  loss=0.6126
  batch 80/264  loss=0.6228
  batch 90/264  loss=0.5173
  batch 100/264  loss=0.8598
  batch 110/264  loss=0.9472
  batch 120/264  loss=0.4710
  batch 130/264  loss=0.5599
  batch 140/264  loss=0.3718
  batch 150/264  loss=0.4570
  batch 160/264  loss=0.7104
  batch 170/264  loss=0.5533
  batch 180/264  loss=0.4183
  batch 190/264  loss=0.4580
  batch 200/264  loss=0.5702
  batch 210/264  loss=0.4701
  batch 220/264  loss=0.5408
  batch 230/264  loss=0.4560
  batch 240/264  loss=0.5435
  batch 250/264  loss=0.6816
  batch 260/264  loss=0.4516
Epoch  34/300  train=5.682e-01  rmse=2.2009  lr=1.0e-04  227s
  -> best  monitor=5.682e-01
  batch 10/264  loss=1.1530
  batch 20/264  loss=0.5228
  batch 30/264  loss=0.7527
  batch 40/264  loss=0.7679
  batch 50/264  loss=0.4151
  batch 60/264  loss=0.7773
  batch 70/264  loss=0.4488
  batch 80/264  loss=0.4606
  batch 90/264  loss=0.5430
  batch 100/264  loss=0.7161
  batch 110/264  loss=0.6168
  batch 120/264  loss=0.4010
  batch 130/264  loss=0.4200
  batch 140/264  loss=0.4150
  batch 150/264  loss=0.7659
  batch 160/264  loss=0.6224
  batch 170/264  loss=0.4428
  batch 180/264  loss=0.5048
  batch 190/264  loss=0.9248
  batch 200/264  loss=0.4952
  batch 210/264  loss=0.4344
  batch 220/264  loss=0.4225
  batch 230/264  loss=0.6051
  batch 240/264  loss=0.8030
  batch 250/264  loss=0.7776
  batch 260/264  loss=0.6828
Epoch  35/300  train=5.702e-01  rmse=2.2150  lr=1.0e-04  229s
  batch 10/264  loss=0.4976
  batch 20/264  loss=0.6309
  batch 30/264  loss=0.4747
  batch 40/264  loss=0.5997
  batch 50/264  loss=0.6105
  batch 60/264  loss=0.4614
  batch 70/264  loss=0.5955
  batch 80/264  loss=0.4234
  batch 90/264  loss=0.6172
  batch 100/264  loss=0.5101
  batch 110/264  loss=0.4035
  batch 120/264  loss=0.4222
  batch 130/264  loss=0.4467
  batch 140/264  loss=0.4951
  batch 150/264  loss=0.3994
  batch 160/264  loss=0.5134
  batch 170/264  loss=0.5340
  batch 180/264  loss=0.4675
  batch 190/264  loss=0.4655
  batch 200/264  loss=0.5458
  batch 210/264  loss=0.5397
  batch 220/264  loss=0.4963
  batch 230/264  loss=0.4925
  batch 240/264  loss=0.7039
  batch 250/264  loss=0.7173
  batch 260/264  loss=0.3879
Epoch  36/300  train=5.594e-01  rmse=2.2170  lr=1.0e-04  229s
  -> best  monitor=5.594e-01
  batch 10/264  loss=0.4357
  batch 20/264  loss=0.6679
  batch 30/264  loss=0.5166
  batch 40/264  loss=0.4328
  batch 50/264  loss=0.8137
  batch 60/264  loss=0.4974
  batch 70/264  loss=0.4700
  batch 80/264  loss=1.0165
  batch 90/264  loss=0.4746
  batch 100/264  loss=0.4979
  batch 110/264  loss=0.5701
  batch 120/264  loss=0.7948
  batch 130/264  loss=0.4411
  batch 140/264  loss=0.3909
  batch 150/264  loss=0.4650
  batch 160/264  loss=0.5059
  batch 170/264  loss=0.9947
  batch 180/264  loss=0.3916
  batch 190/264  loss=0.3851
  batch 200/264  loss=0.4164
  batch 210/264  loss=0.4950
  batch 220/264  loss=0.7927
  batch 230/264  loss=0.8805
  batch 240/264  loss=1.0972
  batch 250/264  loss=0.3813
  batch 260/264  loss=0.6875
Epoch  37/300  train=5.615e-01  rmse=2.2938  lr=1.0e-04  227s
  batch 10/264  loss=0.4841
  batch 20/264  loss=0.4140
  batch 30/264  loss=0.4769
  batch 40/264  loss=0.3877
  batch 50/264  loss=0.5225
  batch 60/264  loss=0.4033
  batch 70/264  loss=0.4418
  batch 80/264  loss=0.6712
  batch 90/264  loss=0.4096
  batch 100/264  loss=0.6553
  batch 110/264  loss=0.9238
  batch 120/264  loss=0.6051
  batch 130/264  loss=0.6473
  batch 140/264  loss=0.4316
  batch 150/264  loss=0.6108
  batch 160/264  loss=0.7475
  batch 170/264  loss=0.4433
  batch 180/264  loss=0.6384
  batch 190/264  loss=0.6673
  batch 200/264  loss=0.6638
  batch 210/264  loss=0.3621
  batch 220/264  loss=0.4462
  batch 230/264  loss=0.6496
  batch 240/264  loss=0.9999
  batch 250/264  loss=0.4494
  batch 260/264  loss=0.3880
Epoch  38/300  train=5.518e-01  rmse=2.1650  lr=1.0e-04  229s
  -> best  monitor=5.518e-01
  batch 10/264  loss=0.5383
  batch 20/264  loss=0.5508
  batch 30/264  loss=0.4978
  batch 40/264  loss=0.8236
  batch 50/264  loss=0.6525
  batch 60/264  loss=0.4135
  batch 70/264  loss=0.6494
  batch 80/264  loss=0.5145
  batch 90/264  loss=0.5294
  batch 100/264  loss=0.5046
  batch 110/264  loss=0.7082
  batch 120/264  loss=0.3933
  batch 130/264  loss=0.4168
  batch 140/264  loss=0.4637
  batch 150/264  loss=0.4200
  batch 160/264  loss=0.7594
  batch 170/264  loss=1.0504
  batch 180/264  loss=0.9252
  batch 190/264  loss=0.3889
  batch 200/264  loss=0.5366
  batch 210/264  loss=0.7187
  batch 220/264  loss=0.7602
  batch 230/264  loss=0.4730
  batch 240/264  loss=0.8808
  batch 250/264  loss=0.5496
  batch 260/264  loss=0.4027
Epoch  39/300  train=5.591e-01  rmse=2.2001  lr=1.0e-04  230s
  batch 10/264  loss=0.7107
  batch 20/264  loss=0.4632
  batch 30/264  loss=0.5422
  batch 40/264  loss=0.4349
  batch 50/264  loss=0.4186
  batch 60/264  loss=0.4696
  batch 70/264  loss=0.4523
  batch 80/264  loss=0.4640
  batch 90/264  loss=0.6025
  batch 100/264  loss=0.4628
  batch 110/264  loss=0.4744
  batch 120/264  loss=0.3749
  batch 130/264  loss=0.4925
  batch 140/264  loss=0.3676
  batch 150/264  loss=0.5286
  batch 160/264  loss=0.4223
  batch 170/264  loss=0.5096
  batch 180/264  loss=0.9503
  batch 190/264  loss=0.5162
  batch 200/264  loss=0.5783
  batch 210/264  loss=0.3949
  batch 220/264  loss=0.6959
  batch 230/264  loss=0.6320
  batch 240/264  loss=0.5556
  batch 250/264  loss=0.4296
  batch 260/264  loss=1.0329
Epoch  40/300  train=5.512e-01  rmse=2.1862  lr=1.0e-04  229s
  -> best  monitor=5.512e-01
  batch 10/264  loss=0.4396
  batch 20/264  loss=0.4333
  batch 30/264  loss=0.4276
  batch 40/264  loss=0.4075
  batch 50/264  loss=0.3961
  batch 60/264  loss=0.7570
  batch 70/264  loss=0.3741
  batch 80/264  loss=0.4981
  batch 90/264  loss=0.9168
  batch 100/264  loss=0.8690
  batch 110/264  loss=0.3844
  batch 120/264  loss=0.5887
  batch 130/264  loss=0.4455
  batch 140/264  loss=0.6134
  batch 150/264  loss=0.6282
  batch 160/264  loss=0.3993
  batch 170/264  loss=0.5679
  batch 180/264  loss=0.4221
  batch 190/264  loss=0.4178
  batch 200/264  loss=0.5592
  batch 210/264  loss=0.5423
  batch 220/264  loss=0.7033
  batch 230/264  loss=0.5745
  batch 240/264  loss=0.6438
  batch 250/264  loss=0.4896
  batch 260/264  loss=0.3987
Epoch  41/300  train=5.435e-01  rmse=2.1400  lr=1.0e-04  229s
  -> best  monitor=5.435e-01
  batch 10/264  loss=0.7994
  batch 20/264  loss=0.3884
  batch 30/264  loss=0.5371
  batch 40/264  loss=0.6526
  batch 50/264  loss=0.5395
  batch 60/264  loss=0.6345
  batch 70/264  loss=0.4855
  batch 80/264  loss=0.8649
  batch 90/264  loss=0.4196
  batch 100/264  loss=0.4162
  batch 110/264  loss=0.4766
  batch 120/264  loss=0.4159
  batch 130/264  loss=0.5327
  batch 140/264  loss=0.4611
  batch 150/264  loss=0.8057
  batch 160/264  loss=0.5771
  batch 170/264  loss=0.4580
  batch 180/264  loss=0.9496
  batch 190/264  loss=0.3990
  batch 200/264  loss=0.5164
  batch 210/264  loss=0.5057
  batch 220/264  loss=0.7962
  batch 230/264  loss=0.4623
  batch 240/264  loss=0.4993
  batch 250/264  loss=0.6956
  batch 260/264  loss=0.8028
Epoch  42/300  train=5.483e-01  rmse=2.1653  lr=1.0e-04  230s
  batch 10/264  loss=0.7306
  batch 20/264  loss=0.4898
  batch 30/264  loss=1.0200
  batch 40/264  loss=0.5269
  batch 50/264  loss=0.6585
  batch 60/264  loss=0.4593
  batch 70/264  loss=0.3901
  batch 80/264  loss=0.6131
  batch 90/264  loss=0.5659
  batch 100/264  loss=0.3948
  batch 110/264  loss=0.8316
  batch 120/264  loss=0.6422
  batch 130/264  loss=0.3756
  batch 140/264  loss=0.4757
  batch 150/264  loss=0.6848
  batch 160/264  loss=0.5741
  batch 170/264  loss=0.4313
  batch 180/264  loss=0.5133
  batch 190/264  loss=0.4807
  batch 200/264  loss=0.5721
  batch 210/264  loss=0.5474
  batch 220/264  loss=0.4174
  batch 230/264  loss=0.4771
  batch 240/264  loss=0.4332
  batch 250/264  loss=0.5608
  batch 260/264  loss=0.4396
Epoch  43/300  train=5.422e-01  rmse=2.1399  lr=1.0e-04  228s
  -> best  monitor=5.422e-01
  batch 10/264  loss=0.4565
  batch 20/264  loss=0.4243
  batch 30/264  loss=0.4938
  batch 40/264  loss=0.4896
  batch 50/264  loss=0.7065
  batch 60/264  loss=0.6449
  batch 70/264  loss=0.4911
  batch 80/264  loss=0.4740
  batch 90/264  loss=0.5085
  batch 100/264  loss=0.7728
  batch 110/264  loss=0.5777
  batch 120/264  loss=0.5397
  batch 130/264  loss=0.4501
  batch 140/264  loss=0.6590
  batch 150/264  loss=0.4739
  batch 160/264  loss=0.3801
  batch 170/264  loss=0.4489
  batch 180/264  loss=0.6157
  batch 190/264  loss=0.4934
  batch 200/264  loss=0.4294
  batch 210/264  loss=0.3858
  batch 220/264  loss=0.5218
  batch 230/264  loss=0.6436
  batch 240/264  loss=0.4119
  batch 250/264  loss=0.4027
  batch 260/264  loss=0.5187
Epoch  44/300  train=5.404e-01  rmse=2.1162  lr=1.0e-04  229s
  -> best  monitor=5.404e-01
  batch 10/264  loss=0.4810
  batch 20/264  loss=0.3918
  batch 30/264  loss=0.4552
  batch 40/264  loss=0.4973
  batch 50/264  loss=0.5021
  batch 60/264  loss=0.6052
  batch 70/264  loss=0.5365
  batch 80/264  loss=0.6079
  batch 90/264  loss=0.8481
  batch 100/264  loss=0.8030
  batch 110/264  loss=0.3613
  batch 120/264  loss=0.4775
  batch 130/264  loss=0.6785
  batch 140/264  loss=0.5745
  batch 150/264  loss=0.4254
  batch 160/264  loss=0.6655
  batch 170/264  loss=0.7535
  batch 180/264  loss=0.4874
  batch 190/264  loss=0.5025
  batch 200/264  loss=0.4771
  batch 210/264  loss=0.4635
  batch 220/264  loss=0.8654
  batch 230/264  loss=0.6363
  batch 240/264  loss=0.3560
  batch 250/264  loss=0.4454
  batch 260/264  loss=0.5848
Epoch  45/300  train=5.296e-01  rmse=2.1043  lr=1.0e-04  229s
  -> best  monitor=5.296e-01
  batch 10/264  loss=0.6272
  batch 20/264  loss=0.5617
  batch 30/264  loss=0.4474
  batch 40/264  loss=0.3991
  batch 50/264  loss=0.6381
  batch 60/264  loss=0.4181
  batch 70/264  loss=0.4845
  batch 80/264  loss=0.6852
  batch 90/264  loss=0.3948
  batch 100/264  loss=0.6778
  batch 110/264  loss=0.6970
  batch 120/264  loss=0.8265
  batch 130/264  loss=0.3932
  batch 140/264  loss=0.4787
  batch 150/264  loss=0.6491
  batch 160/264  loss=0.5142
  batch 170/264  loss=0.4967
  batch 180/264  loss=0.4675
  batch 190/264  loss=0.4002
  batch 200/264  loss=0.4637
  batch 210/264  loss=0.9143
  batch 220/264  loss=0.4089
  batch 230/264  loss=0.3872
  batch 240/264  loss=0.4498
  batch 250/264  loss=0.4741
  batch 260/264  loss=0.4456
Epoch  46/300  train=5.308e-01  rmse=2.1161  lr=1.0e-04  229s
  batch 10/264  loss=0.5056
  batch 20/264  loss=0.5185
  batch 30/264  loss=0.4223
  batch 40/264  loss=0.6125
  batch 50/264  loss=0.4422
  batch 60/264  loss=0.4470
  batch 70/264  loss=0.6957
  batch 80/264  loss=0.5876
  batch 90/264  loss=0.4445
  batch 100/264  loss=0.8762
  batch 110/264  loss=0.3708
  batch 120/264  loss=0.4042
  batch 130/264  loss=0.5377
  batch 140/264  loss=0.5657
  batch 150/264  loss=0.6772
  batch 160/264  loss=0.5630
  batch 170/264  loss=1.3183
  batch 180/264  loss=0.3797
  batch 190/264  loss=0.4657
  batch 200/264  loss=0.6592
  batch 210/264  loss=0.4591
  batch 220/264  loss=0.4875
  batch 230/264  loss=0.4068
  batch 240/264  loss=0.4327
  batch 250/264  loss=0.3905
  batch 260/264  loss=0.4796
Epoch  47/300  train=5.370e-01  rmse=2.1405  lr=1.0e-04  228s
  batch 10/264  loss=0.3920
  batch 20/264  loss=0.5323
  batch 30/264  loss=0.5066
  batch 40/264  loss=0.3730
  batch 50/264  loss=0.4146
  batch 60/264  loss=0.4603
  batch 70/264  loss=0.6836
  batch 80/264  loss=0.3765
  batch 90/264  loss=0.3903
  batch 100/264  loss=0.7461
  batch 110/264  loss=0.4529
  batch 120/264  loss=0.3733
  batch 130/264  loss=0.3867
  batch 140/264  loss=0.4010
  batch 150/264  loss=0.8109
  batch 160/264  loss=0.6148
  batch 170/264  loss=0.3758
  batch 180/264  loss=0.4415
  batch 190/264  loss=0.4309
  batch 200/264  loss=0.4021
  batch 210/264  loss=0.3448
  batch 220/264  loss=0.4449
  batch 230/264  loss=0.4832
  batch 240/264  loss=0.5356
  batch 250/264  loss=0.3856
  batch 260/264  loss=0.4412
Epoch  48/300  train=5.231e-01  rmse=2.1027  lr=1.0e-04  229s
  -> best  monitor=5.231e-01
  batch 10/264  loss=0.5839
  batch 20/264  loss=0.3924
  batch 30/264  loss=0.4913
  batch 40/264  loss=0.7103
  batch 50/264  loss=0.3804
  batch 60/264  loss=0.3324
  batch 70/264  loss=0.5470
  batch 80/264  loss=0.5877
  batch 90/264  loss=0.3791
  batch 100/264  loss=0.4186
  batch 110/264  loss=0.7945
  batch 120/264  loss=0.5234
  batch 130/264  loss=0.5319
  batch 140/264  loss=0.4518
  batch 150/264  loss=0.4194
  batch 160/264  loss=0.4350
  batch 170/264  loss=0.8688
  batch 180/264  loss=0.3921
  batch 190/264  loss=0.4134
  batch 200/264  loss=0.6201
  batch 210/264  loss=0.4324
  batch 220/264  loss=0.5521
  batch 230/264  loss=0.5447
  batch 240/264  loss=0.3957
  batch 250/264  loss=0.6650
  batch 260/264  loss=0.4805
Epoch  49/300  train=5.229e-01  rmse=2.1319  lr=1.0e-04  229s
  -> best  monitor=5.229e-01
  batch 10/264  loss=0.4999
  batch 20/264  loss=0.4645
  batch 30/264  loss=0.4720
  batch 40/264  loss=0.4934
  batch 50/264  loss=0.4190
  batch 60/264  loss=0.4124
  batch 70/264  loss=0.6768
  batch 80/264  loss=0.4026
  batch 90/264  loss=0.4127
  batch 100/264  loss=0.6081
  batch 110/264  loss=0.3917
  batch 120/264  loss=0.5700
  batch 130/264  loss=0.4581
  batch 140/264  loss=0.5057
  batch 150/264  loss=0.3710
  batch 160/264  loss=0.3970
  batch 170/264  loss=0.4263
  batch 180/264  loss=0.4513
  batch 190/264  loss=0.7145
  batch 200/264  loss=0.3865
  batch 210/264  loss=0.6017
  batch 220/264  loss=0.6171
  batch 230/264  loss=0.4349
  batch 240/264  loss=0.4956
  batch 250/264  loss=0.7192
  batch 260/264  loss=0.4786
Epoch  50/300  train=5.184e-01  rmse=2.0914  lr=1.0e-04  230s
  -> best  monitor=5.184e-01
  batch 10/264  loss=0.5197
  batch 20/264  loss=0.3568
  batch 30/264  loss=0.4154
  batch 40/264  loss=0.3996
  batch 50/264  loss=0.5068
  batch 60/264  loss=0.4002
  batch 70/264  loss=0.3842
  batch 80/264  loss=0.4465
  batch 90/264  loss=0.8187
  batch 100/264  loss=0.6685
  batch 110/264  loss=0.3628
  batch 120/264  loss=0.5800
  batch 130/264  loss=0.4774
  batch 140/264  loss=0.5919
  batch 150/264  loss=0.4757
  batch 160/264  loss=0.5620
  batch 170/264  loss=0.5942
  batch 180/264  loss=0.4371
  batch 190/264  loss=0.3903
  batch 200/264  loss=0.5674
  batch 210/264  loss=0.4174
  batch 220/264  loss=0.5710
  batch 230/264  loss=0.4092
  batch 240/264  loss=0.7276
  batch 250/264  loss=0.5447
  batch 260/264  loss=0.4169
Epoch  51/300  train=5.175e-01  rmse=2.0762  lr=1.0e-04  228s
  -> best  monitor=5.175e-01
  batch 10/264  loss=0.3517
  batch 20/264  loss=0.6760
  batch 30/264  loss=0.3364
  batch 40/264  loss=0.4065
  batch 50/264  loss=0.3590
  batch 60/264  loss=0.4863
  batch 70/264  loss=0.3638
  batch 80/264  loss=0.4508
  batch 90/264  loss=0.6398
  batch 100/264  loss=0.4056
  batch 110/264  loss=0.4057
  batch 120/264  loss=0.4605
  batch 130/264  loss=0.6633
  batch 140/264  loss=0.6342
  batch 150/264  loss=0.6997
  batch 160/264  loss=0.5160
  batch 170/264  loss=0.4177
  batch 180/264  loss=0.5167
  batch 190/264  loss=0.4335
  batch 200/264  loss=0.4267
  batch 210/264  loss=0.5999
  batch 220/264  loss=0.7887
  batch 230/264  loss=0.4452
  batch 240/264  loss=0.4230
  batch 250/264  loss=0.6648
  batch 260/264  loss=0.4648
Epoch  52/300  train=5.162e-01  rmse=2.0682  lr=1.0e-04  230s
  -> best  monitor=5.162e-01
  batch 10/264  loss=0.6031
  batch 20/264  loss=1.0384
  batch 30/264  loss=0.4138
  batch 40/264  loss=0.3667
  batch 50/264  loss=0.7541
  batch 60/264  loss=0.4559
  batch 70/264  loss=0.5473
  batch 80/264  loss=0.5488
  batch 90/264  loss=0.4187
  batch 100/264  loss=0.7158
  batch 110/264  loss=0.4686
  batch 120/264  loss=0.5286
  batch 130/264  loss=0.5639
  batch 140/264  loss=0.4386
  batch 150/264  loss=0.4934
  batch 160/264  loss=0.3766
  batch 170/264  loss=0.5521
  batch 180/264  loss=0.5022
  batch 190/264  loss=0.4199
  batch 200/264  loss=0.4975
  batch 210/264  loss=0.5398
  batch 220/264  loss=0.5411
  batch 230/264  loss=0.4648
  batch 240/264  loss=0.5979
  batch 250/264  loss=0.3750
  batch 260/264  loss=0.3464
Epoch  53/300  train=5.146e-01  rmse=2.0951  lr=1.0e-04  229s
  -> best  monitor=5.146e-01
  batch 10/264  loss=0.5199
  batch 20/264  loss=0.4303
  batch 30/264  loss=0.4608
  batch 40/264  loss=0.5003
  batch 50/264  loss=0.6508
  batch 60/264  loss=0.5035
  batch 70/264  loss=0.3915
  batch 80/264  loss=0.3547
  batch 90/264  loss=0.3972
  batch 100/264  loss=0.4413
  batch 110/264  loss=0.4473
  batch 120/264  loss=0.4039
  batch 130/264  loss=0.4125
  batch 140/264  loss=0.5193
  batch 150/264  loss=0.4797
  batch 160/264  loss=0.6254
  batch 170/264  loss=0.5367
  batch 180/264  loss=0.5678
  batch 190/264  loss=0.4409
  batch 200/264  loss=0.4050
  batch 210/264  loss=0.3791
  batch 220/264  loss=0.6162
  batch 230/264  loss=0.4255
  batch 240/264  loss=0.8632
  batch 250/264  loss=0.4625
  batch 260/264  loss=0.3992
Epoch  54/300  train=5.149e-01  rmse=2.0793  lr=1.0e-04  230s
  batch 10/264  loss=0.4769
  batch 20/264  loss=0.5027
  batch 30/264  loss=0.6032
  batch 40/264  loss=0.4378
  batch 50/264  loss=0.3762
  batch 60/264  loss=0.5268
  batch 70/264  loss=0.4759
  batch 80/264  loss=0.6379
  batch 90/264  loss=0.4241
  batch 100/264  loss=0.3714
  batch 110/264  loss=0.4767
  batch 120/264  loss=0.3738
  batch 130/264  loss=0.3406
  batch 140/264  loss=0.3997
  batch 150/264  loss=0.5306
  batch 160/264  loss=0.5131
  batch 170/264  loss=0.4681
  batch 180/264  loss=0.5643
  batch 190/264  loss=0.4053
  batch 200/264  loss=0.4398
  batch 210/264  loss=0.4700
  batch 220/264  loss=0.6290
  batch 230/264  loss=0.3609
  batch 240/264  loss=0.6536
  batch 250/264  loss=0.4705
  batch 260/264  loss=0.4322
Epoch  55/300  train=5.134e-01  rmse=2.0905  lr=1.0e-04  229s
  -> best  monitor=5.134e-01
  batch 10/264  loss=0.3411
  batch 20/264  loss=1.0216
  batch 30/264  loss=0.7025
  batch 40/264  loss=0.3705
  batch 50/264  loss=0.4753
  batch 60/264  loss=0.3873
  batch 70/264  loss=0.4922
  batch 80/264  loss=0.3771
  batch 90/264  loss=0.4208
  batch 100/264  loss=0.4968
  batch 110/264  loss=0.4856
  batch 120/264  loss=0.4376
  batch 130/264  loss=0.5122
  batch 140/264  loss=0.4773
  batch 150/264  loss=0.5103
  batch 160/264  loss=0.4920
  batch 170/264  loss=0.4034
  batch 180/264  loss=0.3695
  batch 190/264  loss=0.4338
  batch 200/264  loss=0.3574
  batch 210/264  loss=0.4293
  batch 220/264  loss=0.4100
  batch 230/264  loss=0.5734
  batch 240/264  loss=0.7202
  batch 250/264  loss=0.6554
  batch 260/264  loss=0.4580
Epoch  56/300  train=5.053e-01  rmse=2.0416  lr=1.0e-04  229s
  -> best  monitor=5.053e-01
  batch 10/264  loss=0.4186
  batch 20/264  loss=0.4425
  batch 30/264  loss=0.7675
  batch 40/264  loss=0.6166
  batch 50/264  loss=0.7154
  batch 60/264  loss=0.4665
  batch 70/264  loss=0.8140
  batch 80/264  loss=0.3694
  batch 90/264  loss=0.7844
  batch 100/264  loss=0.5805
  batch 110/264  loss=0.3574
  batch 120/264  loss=0.5358
  batch 130/264  loss=0.4085
  batch 140/264  loss=0.4233
  batch 150/264  loss=0.3669
  batch 160/264  loss=0.3801
  batch 170/264  loss=0.4817
  batch 180/264  loss=0.6198
  batch 190/264  loss=0.4328
  batch 200/264  loss=0.4232
  batch 210/264  loss=0.5550
  batch 220/264  loss=1.2773
  batch 230/264  loss=0.4608
  batch 240/264  loss=0.3911
  batch 250/264  loss=0.4464
  batch 260/264  loss=0.4130
Epoch  57/300  train=5.040e-01  rmse=2.0735  lr=1.0e-04  230s
  -> best  monitor=5.040e-01
  batch 10/264  loss=0.6733
  batch 20/264  loss=0.4315
  batch 30/264  loss=0.4265
  batch 40/264  loss=0.6741
  batch 50/264  loss=0.4757
  batch 60/264  loss=0.7129
  batch 70/264  loss=0.5711
  batch 80/264  loss=0.4906
  batch 90/264  loss=0.4411
  batch 100/264  loss=0.4301
  batch 110/264  loss=0.4196
  batch 120/264  loss=0.3397
  batch 130/264  loss=0.4310
  batch 140/264  loss=0.4371
  batch 150/264  loss=0.4417
  batch 160/264  loss=0.4542
  batch 170/264  loss=0.6248
  batch 180/264  loss=0.3784
  batch 190/264  loss=0.4085
  batch 200/264  loss=0.4183
  batch 210/264  loss=0.4737
  batch 220/264  loss=0.6785
  batch 230/264  loss=0.5719
  batch 240/264  loss=0.4200
  batch 250/264  loss=0.8072
  batch 260/264  loss=0.5237
Epoch  58/300  train=5.007e-01  rmse=2.0560  lr=1.0e-04  229s
  -> best  monitor=5.007e-01
  batch 10/264  loss=0.4860
  batch 20/264  loss=0.4551
  batch 30/264  loss=0.4576
  batch 40/264  loss=0.4289
  batch 50/264  loss=0.3925
  batch 60/264  loss=0.5830
  batch 70/264  loss=0.5454
  batch 80/264  loss=0.5124
  batch 90/264  loss=0.3636
  batch 100/264  loss=0.4956
  batch 110/264  loss=0.4094
  batch 120/264  loss=0.5949
  batch 130/264  loss=0.4235
  batch 140/264  loss=0.3929
  batch 150/264  loss=0.6696
  batch 160/264  loss=0.5945
  batch 170/264  loss=0.4016
  batch 180/264  loss=0.6948
  batch 190/264  loss=0.3895
  batch 200/264  loss=0.4367
  batch 210/264  loss=0.5135
  batch 220/264  loss=0.3850
  batch 230/264  loss=0.6497
  batch 240/264  loss=0.6548
  batch 250/264  loss=0.3657
  batch 260/264  loss=0.3683
Epoch  59/300  train=5.056e-01  rmse=2.0559  lr=1.0e-04  228s
  batch 10/264  loss=0.4746
  batch 20/264  loss=0.7989
  batch 30/264  loss=0.6788
  batch 40/264  loss=0.4262
  batch 50/264  loss=0.3680
  batch 60/264  loss=0.5382
  batch 70/264  loss=0.4645
  batch 80/264  loss=0.4471
  batch 90/264  loss=0.6605
  batch 100/264  loss=0.3750
  batch 110/264  loss=0.4522
  batch 120/264  loss=0.8023
  batch 130/264  loss=0.3894
  batch 140/264  loss=0.4624
  batch 150/264  loss=0.5396
  batch 160/264  loss=0.4851
  batch 170/264  loss=0.5641
  batch 180/264  loss=0.5307
  batch 190/264  loss=0.6501
  batch 200/264  loss=0.3889
  batch 210/264  loss=0.4036
  batch 220/264  loss=0.4438
  batch 230/264  loss=0.5961
  batch 240/264  loss=0.4822
  batch 250/264  loss=0.4486
  batch 260/264  loss=0.4864
Epoch  60/300  train=4.999e-01  rmse=2.0646  lr=1.0e-04  229s
  -> best  monitor=4.999e-01
  batch 10/264  loss=0.3737
  batch 20/264  loss=0.4105
  batch 30/264  loss=0.3471
  batch 40/264  loss=0.3802
  batch 50/264  loss=0.5406
  batch 60/264  loss=0.6056
  batch 70/264  loss=0.3755
  batch 80/264  loss=0.5030
  batch 90/264  loss=0.5342
  batch 100/264  loss=0.5921
  batch 110/264  loss=0.5341
  batch 120/264  loss=0.4239
  batch 130/264  loss=0.3796
  batch 140/264  loss=0.4058
  batch 150/264  loss=0.4235
  batch 160/264  loss=0.6089
  batch 170/264  loss=0.4415
  batch 180/264  loss=0.3912
  batch 190/264  loss=0.4349
  batch 200/264  loss=0.3631
  batch 210/264  loss=0.5048
  batch 220/264  loss=0.3595
  batch 230/264  loss=0.3776
  batch 240/264  loss=0.4528
  batch 250/264  loss=0.4507
  batch 260/264  loss=0.7892
Epoch  61/300  train=5.002e-01  rmse=2.0260  lr=1.0e-04  229s
  batch 10/264  loss=0.3703
  batch 20/264  loss=0.4197
  batch 30/264  loss=0.5230
  batch 40/264  loss=0.4589
  batch 50/264  loss=0.4113
  batch 60/264  loss=0.4787
  batch 70/264  loss=0.4289
  batch 80/264  loss=0.5371
  batch 90/264  loss=0.3772
  batch 100/264  loss=0.4059
  batch 110/264  loss=0.3672
  batch 120/264  loss=0.4098
  batch 130/264  loss=0.5304
  batch 140/264  loss=0.5534
  batch 150/264  loss=0.4186
  batch 160/264  loss=1.2170
  batch 170/264  loss=0.4850
  batch 180/264  loss=0.5123
  batch 190/264  loss=0.4042
  batch 200/264  loss=0.5459
  batch 210/264  loss=0.4000
  batch 220/264  loss=0.4157
  batch 230/264  loss=0.3607
  batch 240/264  loss=0.4275
  batch 250/264  loss=0.6071
  batch 260/264  loss=0.6870
Epoch  62/300  train=4.978e-01  rmse=2.0536  lr=1.0e-04  230s
  -> best  monitor=4.978e-01
  batch 10/264  loss=0.4298
  batch 20/264  loss=0.4412
  batch 30/264  loss=0.6598
  batch 40/264  loss=0.5398
  batch 50/264  loss=0.4836
  batch 60/264  loss=0.3958
  batch 70/264  loss=0.4637
  batch 80/264  loss=0.6447
  batch 90/264  loss=0.6233
  batch 100/264  loss=0.3973
  batch 110/264  loss=0.5772
  batch 120/264  loss=0.3998
  batch 130/264  loss=0.4336
  batch 140/264  loss=0.4762
  batch 150/264  loss=0.3782
  batch 160/264  loss=0.5447
  batch 170/264  loss=0.3732
  batch 180/264  loss=0.4494
  batch 190/264  loss=0.5662
  batch 200/264  loss=0.5882
  batch 210/264  loss=0.4427
  batch 220/264  loss=0.7662
  batch 230/264  loss=0.5344
  batch 240/264  loss=0.6435
  batch 250/264  loss=0.4169
  batch 260/264  loss=0.4757
Epoch  63/300  train=4.967e-01  rmse=2.0538  lr=1.0e-04  229s
  -> best  monitor=4.967e-01
  batch 10/264  loss=0.3659
  batch 20/264  loss=0.4919
  batch 30/264  loss=0.3957
  batch 40/264  loss=0.4400
  batch 50/264  loss=0.4569
  batch 60/264  loss=0.3691
  batch 70/264  loss=0.4162
  batch 80/264  loss=0.7304
  batch 90/264  loss=0.5429
  batch 100/264  loss=0.5186
  batch 110/264  loss=0.4220
  batch 120/264  loss=0.6845
  batch 130/264  loss=0.5254
  batch 140/264  loss=0.4650
  batch 150/264  loss=0.4719
  batch 160/264  loss=0.4332
  batch 170/264  loss=0.3390
  batch 180/264  loss=0.5689
  batch 190/264  loss=0.4236
  batch 200/264  loss=0.5481
  batch 210/264  loss=0.6367
  batch 220/264  loss=0.4632
  batch 230/264  loss=0.6232
  batch 240/264  loss=0.3687
  batch 250/264  loss=0.5206
  batch 260/264  loss=0.5480
Epoch  64/300  train=4.917e-01  rmse=2.0653  lr=1.0e-04  229s
  -> best  monitor=4.917e-01
  batch 10/264  loss=0.4523
  batch 20/264  loss=0.6527
  batch 30/264  loss=0.4334
  batch 40/264  loss=0.4094
  batch 50/264  loss=0.3995
  batch 60/264  loss=0.3522
  batch 70/264  loss=0.4648
  batch 80/264  loss=0.4169
  batch 90/264  loss=0.5294
  batch 100/264  loss=0.4507
  batch 110/264  loss=0.6722
  batch 120/264  loss=0.4466
  batch 130/264  loss=0.4082
  batch 140/264  loss=0.3936
  batch 150/264  loss=1.2020
  batch 160/264  loss=0.8826
  batch 170/264  loss=0.4260
  batch 180/264  loss=0.4990
  batch 190/264  loss=0.4697
  batch 200/264  loss=0.4948
  batch 210/264  loss=0.5108
  batch 220/264  loss=0.3263
  batch 230/264  loss=0.3593
  batch 240/264  loss=0.5731
  batch 250/264  loss=0.4299
  batch 260/264  loss=0.4095
Epoch  65/300  train=4.921e-01  rmse=2.0748  lr=1.0e-04  229s
  batch 10/264  loss=0.6523
  batch 20/264  loss=0.4811
  batch 30/264  loss=0.5384
  batch 40/264  loss=0.3799
  batch 50/264  loss=0.3804
  batch 60/264  loss=0.6625
  batch 70/264  loss=0.6552
  batch 80/264  loss=0.5952
  batch 90/264  loss=0.5413
  batch 100/264  loss=0.4581
  batch 110/264  loss=0.4427
  batch 120/264  loss=0.5027
  batch 130/264  loss=1.0078
  batch 140/264  loss=0.5918
  batch 150/264  loss=0.4346
  batch 160/264  loss=0.3189
  batch 170/264  loss=0.4919
  batch 180/264  loss=0.4220
  batch 190/264  loss=0.3573
  batch 200/264  loss=0.5495
  batch 210/264  loss=0.4348
  batch 220/264  loss=0.4330
  batch 230/264  loss=0.3248
  batch 240/264  loss=0.6935
  batch 250/264  loss=0.6624
  batch 260/264  loss=0.4679
Epoch  66/300  train=4.957e-01  rmse=2.0768  lr=1.0e-04  229s
  batch 10/264  loss=0.7583
  batch 20/264  loss=0.5968
  batch 30/264  loss=0.4113
  batch 40/264  loss=0.4121
  batch 50/264  loss=0.5613
  batch 60/264  loss=0.5007
  batch 70/264  loss=0.3673
  batch 80/264  loss=0.3429
  batch 90/264  loss=0.8703
  batch 100/264  loss=0.6159
  batch 110/264  loss=0.4986
  batch 120/264  loss=0.3585
  batch 130/264  loss=0.4348
  batch 140/264  loss=0.4459
  batch 150/264  loss=0.4099
  batch 160/264  loss=0.3373
  batch 170/264  loss=0.4063
  batch 180/264  loss=0.4823
  batch 190/264  loss=0.8994
  batch 200/264  loss=0.4699
  batch 210/264  loss=0.7543
  batch 220/264  loss=0.4492
  batch 230/264  loss=0.4777
  batch 240/264  loss=0.3899
  batch 250/264  loss=0.5428
  batch 260/264  loss=0.6546
Epoch  67/300  train=4.871e-01  rmse=2.0130  lr=1.0e-04  230s
  -> best  monitor=4.871e-01
  batch 10/264  loss=0.4848
  batch 20/264  loss=0.6180
  batch 30/264  loss=0.6766
  batch 40/264  loss=0.7133
  batch 50/264  loss=0.3452
  batch 60/264  loss=0.4860
  batch 70/264  loss=0.7567
  batch 80/264  loss=0.3749
  batch 90/264  loss=0.5593
  batch 100/264  loss=0.4844
  batch 110/264  loss=0.4681
  batch 120/264  loss=0.5528
  batch 130/264  loss=0.3735
  batch 140/264  loss=0.3564
  batch 150/264  loss=0.3702
  batch 160/264  loss=0.5165
  batch 170/264  loss=0.3671
  batch 180/264  loss=0.3839
  batch 190/264  loss=0.4504
  batch 200/264  loss=0.4741
  batch 210/264  loss=0.4119
  batch 220/264  loss=0.9038
  batch 230/264  loss=0.5390
  batch 240/264  loss=0.5200
  batch 250/264  loss=0.5498
  batch 260/264  loss=0.6916
Epoch  68/300  train=4.878e-01  rmse=2.0331  lr=1.0e-04  229s
  batch 10/264  loss=0.4390
  batch 20/264  loss=0.4959
  batch 30/264  loss=0.3208
  batch 40/264  loss=0.4707
  batch 50/264  loss=0.4960
  batch 60/264  loss=0.5795
  batch 70/264  loss=0.5075
  batch 80/264  loss=0.3944
  batch 90/264  loss=0.6162
  batch 100/264  loss=0.3534
  batch 110/264  loss=0.5429
  batch 120/264  loss=0.4027
  batch 130/264  loss=0.5218
  batch 140/264  loss=1.0162
  batch 150/264  loss=0.3825
  batch 160/264  loss=0.4102
  batch 170/264  loss=0.7903
  batch 180/264  loss=0.6954
  batch 190/264  loss=0.5976
  batch 200/264  loss=0.4568
  batch 210/264  loss=0.6879
  batch 220/264  loss=0.4371
  batch 230/264  loss=0.4747
  batch 240/264  loss=0.3990
  batch 250/264  loss=0.5239
  batch 260/264  loss=0.5837
Epoch  69/300  train=4.893e-01  rmse=2.0541  lr=1.0e-04  229s
  batch 10/264  loss=0.3870
  batch 20/264  loss=0.4640
  batch 30/264  loss=0.4681
  batch 40/264  loss=0.4224
  batch 50/264  loss=0.4725
  batch 60/264  loss=0.4336
  batch 70/264  loss=0.7292
  batch 80/264  loss=0.4965
  batch 90/264  loss=0.4052
  batch 100/264  loss=0.5543
  batch 110/264  loss=0.8731
  batch 120/264  loss=0.4221
  batch 130/264  loss=0.6998
  batch 140/264  loss=0.5493
  batch 150/264  loss=0.4785
  batch 160/264  loss=0.4138
  batch 170/264  loss=0.5751
  batch 180/264  loss=0.4281
  batch 190/264  loss=0.3777
  batch 200/264  loss=0.4303
  batch 210/264  loss=0.5596
  batch 220/264  loss=0.3852
  batch 230/264  loss=0.4172
  batch 240/264  loss=0.4808
  batch 250/264  loss=0.4880
  batch 260/264  loss=0.4001
Epoch  70/300  train=4.800e-01  rmse=2.0131  lr=1.0e-04  229s
  -> best  monitor=4.800e-01
  batch 10/264  loss=0.4502
  batch 20/264  loss=0.4183
  batch 30/264  loss=0.4432
  batch 40/264  loss=0.5750
  batch 50/264  loss=0.4148
  batch 60/264  loss=0.3758
  batch 70/264  loss=0.4299
  batch 80/264  loss=0.3816
  batch 90/264  loss=0.3722
  batch 100/264  loss=0.7721
  batch 110/264  loss=0.3718
  batch 120/264  loss=0.3825
  batch 130/264  loss=0.3567
  batch 140/264  loss=0.3409
  batch 150/264  loss=1.0547
  batch 160/264  loss=0.5786
  batch 170/264  loss=0.4509
  batch 180/264  loss=0.4023
  batch 190/264  loss=0.5162
  batch 200/264  loss=0.3791
  batch 210/264  loss=0.4590
  batch 220/264  loss=0.3547
  batch 230/264  loss=0.4575
  batch 240/264  loss=0.3617
  batch 250/264  loss=0.4931
  batch 260/264  loss=0.4054
Epoch  71/300  train=4.801e-01  rmse=2.0092  lr=1.0e-04  230s
  batch 10/264  loss=0.9054
  batch 20/264  loss=0.4794
  batch 30/264  loss=0.8636
  batch 40/264  loss=0.5073
  batch 50/264  loss=0.4639
  batch 60/264  loss=0.4751
  batch 70/264  loss=0.3677
  batch 80/264  loss=0.4769
  batch 90/264  loss=0.3499
  batch 100/264  loss=0.3100
  batch 110/264  loss=0.3372
  batch 120/264  loss=0.4762
  batch 130/264  loss=0.4978
  batch 140/264  loss=0.5413
  batch 150/264  loss=0.4040
  batch 160/264  loss=0.4298
  batch 170/264  loss=0.7078
  batch 180/264  loss=0.4251
  batch 190/264  loss=0.5341
  batch 200/264  loss=0.3748
  batch 210/264  loss=0.3277
  batch 220/264  loss=0.5545
  batch 230/264  loss=0.4629
  batch 240/264  loss=0.4585
  batch 250/264  loss=0.6347
  batch 260/264  loss=0.5380
Epoch  72/300  train=4.828e-01  rmse=2.0115  lr=1.0e-04  229s
  batch 10/264  loss=0.3418
  batch 20/264  loss=0.3822
  batch 30/264  loss=0.5428
  batch 40/264  loss=0.3507
  batch 50/264  loss=0.7935
  batch 60/264  loss=0.3618
  batch 70/264  loss=0.5037
  batch 80/264  loss=0.4065
  batch 90/264  loss=0.3585
  batch 100/264  loss=0.4870
  batch 110/264  loss=0.4584
  batch 120/264  loss=0.5728
  batch 130/264  loss=0.8030
  batch 140/264  loss=0.4830
  batch 150/264  loss=0.3580
  batch 160/264  loss=0.4481
  batch 170/264  loss=0.4742
  batch 180/264  loss=0.5441
  batch 190/264  loss=0.4256
  batch 200/264  loss=0.4974
  batch 210/264  loss=0.3491
  batch 220/264  loss=0.6097
  batch 230/264  loss=0.3618
  batch 240/264  loss=0.4113
  batch 250/264  loss=0.4105
  batch 260/264  loss=0.4017
Epoch  73/300  train=4.773e-01  rmse=1.9939  lr=1.0e-04  231s
  -> best  monitor=4.773e-01
  batch 10/264  loss=0.3762
  batch 20/264  loss=0.5913
  batch 30/264  loss=0.3628
  batch 40/264  loss=0.3895
  batch 50/264  loss=0.6745
  batch 60/264  loss=0.6394
  batch 70/264  loss=0.3294
  batch 80/264  loss=0.4565
  batch 90/264  loss=0.5057
  batch 100/264  loss=0.4281
  batch 110/264  loss=0.3912
  batch 120/264  loss=0.3662
  batch 130/264  loss=0.5112
  batch 140/264  loss=0.4463
  batch 150/264  loss=0.3736
  batch 160/264  loss=0.4251
  batch 170/264  loss=0.4407
  batch 180/264  loss=0.5572
  batch 190/264  loss=0.4949
  batch 200/264  loss=1.1839
  batch 210/264  loss=0.7382
  batch 220/264  loss=0.3706
  batch 230/264  loss=0.9719
  batch 240/264  loss=0.7410
  batch 250/264  loss=0.3834
  batch 260/264  loss=0.4608
Epoch  74/300  train=4.744e-01  rmse=1.9800  lr=1.0e-04  228s
  -> best  monitor=4.744e-01
  batch 10/264  loss=0.4634
  batch 20/264  loss=0.3444
  batch 30/264  loss=0.7592
  batch 40/264  loss=0.3285
  batch 50/264  loss=0.4064
  batch 60/264  loss=0.6032
  batch 70/264  loss=0.5790
  batch 80/264  loss=0.5300
  batch 90/264  loss=0.3319
  batch 100/264  loss=0.3620
  batch 110/264  loss=0.4077
  batch 120/264  loss=0.3440
  batch 130/264  loss=0.9079
  batch 140/264  loss=0.5493
  batch 150/264  loss=0.4590
  batch 160/264  loss=0.3957
  batch 170/264  loss=0.5317
  batch 180/264  loss=0.3696
  batch 190/264  loss=0.3507
  batch 200/264  loss=0.5043
  batch 210/264  loss=0.4480
  batch 220/264  loss=0.4553
  batch 230/264  loss=0.4099
  batch 240/264  loss=0.2940
  batch 250/264  loss=0.5665
  batch 260/264  loss=0.3824
Epoch  75/300  train=4.784e-01  rmse=2.0066  lr=1.0e-04  229s
  batch 10/264  loss=0.6199
  batch 20/264  loss=0.5452
  batch 30/264  loss=0.4702
  batch 40/264  loss=0.4173
  batch 50/264  loss=0.7745
  batch 60/264  loss=0.3658
  batch 70/264  loss=0.5470
  batch 80/264  loss=0.6097
  batch 90/264  loss=0.5852
  batch 100/264  loss=0.4009
  batch 110/264  loss=0.4714
  batch 120/264  loss=0.4415
  batch 130/264  loss=0.3393
  batch 140/264  loss=0.4118
  batch 150/264  loss=0.3974
  batch 160/264  loss=0.4473
  batch 170/264  loss=0.3689
  batch 180/264  loss=0.4198
  batch 190/264  loss=0.6679
  batch 200/264  loss=0.6515
  batch 210/264  loss=0.3451
  batch 220/264  loss=0.5885
  batch 230/264  loss=0.4915
  batch 240/264  loss=0.3643
  batch 250/264  loss=0.3970
  batch 260/264  loss=0.5000
Epoch  76/300  train=4.817e-01  rmse=1.9965  lr=1.0e-04  229s
  batch 10/264  loss=0.5636
  batch 20/264  loss=0.3234
  batch 30/264  loss=0.3891
  batch 40/264  loss=0.3633
  batch 50/264  loss=0.7318
  batch 60/264  loss=0.5356
  batch 70/264  loss=0.3937
  batch 80/264  loss=0.4553
  batch 90/264  loss=0.3667
  batch 100/264  loss=0.3676
  batch 110/264  loss=0.5338
  batch 120/264  loss=0.5090
  batch 130/264  loss=0.3615
  batch 140/264  loss=0.3731
  batch 150/264  loss=0.5364
  batch 160/264  loss=0.5106
  batch 170/264  loss=0.4259
  batch 180/264  loss=0.4043
  batch 190/264  loss=0.3886
  batch 200/264  loss=0.4495
  batch 210/264  loss=0.3561
  batch 220/264  loss=0.4724
  batch 230/264  loss=0.4969
  batch 240/264  loss=0.4957
  batch 250/264  loss=0.4135
  batch 260/264  loss=0.3737
Epoch  77/300  train=4.746e-01  rmse=1.9916  lr=1.0e-04  229s
  batch 10/264  loss=0.3759
  batch 20/264  loss=0.4812
  batch 30/264  loss=0.4266
  batch 40/264  loss=0.4418
  batch 50/264  loss=0.4702
  batch 60/264  loss=0.4650
  batch 70/264  loss=0.7577
  batch 80/264  loss=0.5546
  batch 90/264  loss=0.5984
  batch 100/264  loss=0.4559
  batch 110/264  loss=0.4897
  batch 120/264  loss=0.3679
  batch 130/264  loss=0.3708
  batch 140/264  loss=0.6143
  batch 150/264  loss=0.4510
  batch 160/264  loss=0.3947
  batch 170/264  loss=0.3530
  batch 180/264  loss=0.4806
  batch 190/264  loss=0.5698
  batch 200/264  loss=0.7453
  batch 210/264  loss=0.5233
  batch 220/264  loss=0.4144
  batch 230/264  loss=0.4714
  batch 240/264  loss=0.3500
  batch 250/264  loss=0.3979
  batch 260/264  loss=0.4729
Epoch  78/300  train=4.714e-01  rmse=1.9633  lr=1.0e-04  229s
  -> best  monitor=4.714e-01
  batch 10/264  loss=0.5892
  batch 20/264  loss=0.4084
  batch 30/264  loss=0.5437
  batch 40/264  loss=0.4328
  batch 50/264  loss=0.4427
  batch 60/264  loss=0.5950
  batch 70/264  loss=0.5257
  batch 80/264  loss=0.5501
  batch 90/264  loss=0.3713
  batch 100/264  loss=0.6208
  batch 110/264  loss=0.6067
  batch 120/264  loss=0.4009
  batch 130/264  loss=0.6258
  batch 140/264  loss=0.3796
  batch 150/264  loss=0.4378
  batch 160/264  loss=0.4308
  batch 170/264  loss=0.4467
  batch 180/264  loss=0.4992
  batch 190/264  loss=0.3734
  batch 200/264  loss=0.3763
  batch 210/264  loss=0.4388
  batch 220/264  loss=0.8042
  batch 230/264  loss=0.4508
  batch 240/264  loss=0.4518
  batch 250/264  loss=0.5313
  batch 260/264  loss=0.3935
Epoch  79/300  train=4.698e-01  rmse=2.0193  lr=1.0e-04  230s
  -> best  monitor=4.698e-01
  batch 10/264  loss=0.3604
  batch 20/264  loss=0.4260
  batch 30/264  loss=0.4524
  batch 40/264  loss=0.3895
  batch 50/264  loss=0.3372
  batch 60/264  loss=0.3995
  batch 70/264  loss=0.4448
  batch 80/264  loss=0.3805
  batch 90/264  loss=0.4288
  batch 100/264  loss=0.3260
  batch 110/264  loss=0.4803
  batch 120/264  loss=1.0481
  batch 130/264  loss=0.4037
  batch 140/264  loss=0.4269
  batch 150/264  loss=0.3720
  batch 160/264  loss=0.3391
  batch 170/264  loss=0.6550
  batch 180/264  loss=0.6457
  batch 190/264  loss=0.4951
  batch 200/264  loss=0.5626
  batch 210/264  loss=0.3672
  batch 220/264  loss=0.3784
  batch 230/264  loss=0.4169
  batch 240/264  loss=0.5091
  batch 250/264  loss=0.5222
  batch 260/264  loss=0.3526
Epoch  80/300  train=4.695e-01  rmse=1.9402  lr=1.0e-04  229s
  -> best  monitor=4.695e-01
  batch 10/264  loss=0.4076
  batch 20/264  loss=0.4870
  batch 30/264  loss=0.4011
  batch 40/264  loss=0.4787
  batch 50/264  loss=0.4205
  batch 60/264  loss=0.4589
  batch 70/264  loss=0.3818
  batch 80/264  loss=0.7756
  batch 90/264  loss=0.3937
  batch 100/264  loss=0.3737
  batch 110/264  loss=0.3790
  batch 120/264  loss=0.4354
  batch 130/264  loss=0.3516
  batch 140/264  loss=0.5220
  batch 150/264  loss=0.4746
  batch 160/264  loss=0.5815
  batch 170/264  loss=0.4808
  batch 180/264  loss=0.4030
  batch 190/264  loss=0.5552
  batch 200/264  loss=0.3644
  batch 210/264  loss=0.3531
  batch 220/264  loss=0.5034
  batch 230/264  loss=0.5080
  batch 240/264  loss=0.4744
  batch 250/264  loss=0.4713
  batch 260/264  loss=0.4482
Epoch  81/300  train=4.704e-01  rmse=1.9971  lr=1.0e-04  231s
  batch 10/264  loss=0.5239
  batch 20/264  loss=0.3877
  batch 30/264  loss=0.8172
  batch 40/264  loss=0.7102
  batch 50/264  loss=0.3814
  batch 60/264  loss=0.4105
  batch 70/264  loss=0.5013
  batch 80/264  loss=0.5109
  batch 90/264  loss=0.4256
  batch 100/264  loss=0.6161
  batch 110/264  loss=0.6665
  batch 120/264  loss=0.3323
  batch 130/264  loss=0.6411
  batch 140/264  loss=0.7728
  batch 150/264  loss=0.3431
  batch 160/264  loss=0.4537
  batch 170/264  loss=0.3995
  batch 180/264  loss=0.3883
  batch 190/264  loss=0.4145
  batch 200/264  loss=0.3673
  batch 210/264  loss=0.4263
  batch 220/264  loss=0.5982
  batch 230/264  loss=0.3918
  batch 240/264  loss=0.3395
  batch 250/264  loss=0.5627
  batch 260/264  loss=0.7758
Epoch  82/300  train=4.637e-01  rmse=1.9285  lr=1.0e-04  230s
  -> best  monitor=4.637e-01
  batch 10/264  loss=0.4067
  batch 20/264  loss=0.3366
  batch 30/264  loss=0.5690
  batch 40/264  loss=0.3325
  batch 50/264  loss=0.4498
  batch 60/264  loss=0.4509
  batch 70/264  loss=0.4896
  batch 80/264  loss=0.4190
  batch 90/264  loss=0.4791
  batch 100/264  loss=0.5061
  batch 110/264  loss=0.5116
  batch 120/264  loss=0.4752
  batch 130/264  loss=0.7407
  batch 140/264  loss=0.5081
  batch 150/264  loss=0.6513
  batch 160/264  loss=0.5689
  batch 170/264  loss=0.4215
  batch 180/264  loss=0.5474
  batch 190/264  loss=0.4527
  batch 200/264  loss=0.4015
  batch 210/264  loss=0.4246
  batch 220/264  loss=0.4134
  batch 230/264  loss=0.7729
  batch 240/264  loss=0.4836
  batch 250/264  loss=0.4571
  batch 260/264  loss=0.6100
Epoch  83/300  train=4.697e-01  rmse=1.9498  lr=1.0e-04  229s
  batch 10/264  loss=0.3677
  batch 20/264  loss=0.6554
  batch 30/264  loss=0.3679
  batch 40/264  loss=0.6440
  batch 50/264  loss=0.3344
  batch 60/264  loss=0.4144
  batch 70/264  loss=0.4890
  batch 80/264  loss=0.4225
  batch 90/264  loss=0.5417
  batch 100/264  loss=0.4670
  batch 110/264  loss=0.5206
  batch 120/264  loss=0.4749
  batch 130/264  loss=0.5593
  batch 140/264  loss=0.4267
  batch 150/264  loss=0.3936
  batch 160/264  loss=0.3781
  batch 170/264  loss=0.3418
  batch 180/264  loss=0.5837
  batch 190/264  loss=0.5258
  batch 200/264  loss=0.4086
  batch 210/264  loss=0.5108
  batch 220/264  loss=0.4705
  batch 230/264  loss=0.4503
  batch 240/264  loss=0.3787
  batch 250/264  loss=0.4001
  batch 260/264  loss=0.5357
Epoch  84/300  train=4.604e-01  rmse=1.9632  lr=1.0e-04  228s
  -> best  monitor=4.604e-01
  batch 10/264  loss=0.4303
  batch 20/264  loss=0.3635
  batch 30/264  loss=0.5535
  batch 40/264  loss=0.5490
  batch 50/264  loss=0.4064
  batch 60/264  loss=0.4829
  batch 70/264  loss=0.7507
  batch 80/264  loss=0.4559
  batch 90/264  loss=0.5726
  batch 100/264  loss=0.3990
  batch 110/264  loss=0.6176
  batch 120/264  loss=0.4387
  batch 130/264  loss=0.4426
  batch 140/264  loss=0.4990
  batch 150/264  loss=0.4140
  batch 160/264  loss=0.3467
  batch 170/264  loss=0.3853
  batch 180/264  loss=0.3624
  batch 190/264  loss=0.6580
  batch 200/264  loss=0.4089
  batch 210/264  loss=0.4354
  batch 220/264  loss=0.5956
  batch 230/264  loss=0.4402
  batch 240/264  loss=0.6534
  batch 250/264  loss=0.5174
  batch 260/264  loss=1.5723
Epoch  85/300  train=4.688e-01  rmse=1.9883  lr=1.0e-04  229s
  batch 10/264  loss=0.4739
  batch 20/264  loss=0.4022
  batch 30/264  loss=0.4908
  batch 40/264  loss=0.5758
  batch 50/264  loss=0.4600
  batch 60/264  loss=0.3805
  batch 70/264  loss=0.4303
  batch 80/264  loss=0.3958
  batch 90/264  loss=0.5310
  batch 100/264  loss=0.4058
  batch 110/264  loss=0.3804
  batch 120/264  loss=0.4861
  batch 130/264  loss=0.4459
  batch 140/264  loss=0.4515
  batch 150/264  loss=0.3984
  batch 160/264  loss=0.4249
  batch 170/264  loss=0.3726
  batch 180/264  loss=0.4898
  batch 190/264  loss=0.3724
  batch 200/264  loss=0.9112
  batch 210/264  loss=0.6210
  batch 220/264  loss=0.4044
  batch 230/264  loss=0.4956
  batch 240/264  loss=0.7406
  batch 250/264  loss=0.4978
  batch 260/264  loss=0.4311
Epoch  86/300  train=4.642e-01  rmse=1.9474  lr=1.0e-04  229s
  batch 10/264  loss=0.3998
  batch 20/264  loss=0.5466
  batch 30/264  loss=0.4023
  batch 40/264  loss=0.3471
  batch 50/264  loss=0.3744
  batch 60/264  loss=0.3666
  batch 70/264  loss=0.3632
  batch 80/264  loss=0.4426
  batch 90/264  loss=0.4545
  batch 100/264  loss=0.4179
  batch 110/264  loss=0.4815
  batch 120/264  loss=0.5311
  batch 130/264  loss=0.4325
  batch 140/264  loss=0.3990
  batch 150/264  loss=0.5850
  batch 160/264  loss=0.4080
  batch 170/264  loss=0.4365
  batch 180/264  loss=0.3739
  batch 190/264  loss=0.3298
  batch 200/264  loss=0.4062
  batch 210/264  loss=0.4184
  batch 220/264  loss=1.1736
  batch 230/264  loss=0.4282
  batch 240/264  loss=0.3839
  batch 250/264  loss=0.7319
  batch 260/264  loss=0.4530
Epoch  87/300  train=4.662e-01  rmse=1.9653  lr=1.0e-04  230s
  batch 10/264  loss=0.4260
  batch 20/264  loss=0.3564
  batch 30/264  loss=1.0530
  batch 40/264  loss=0.5596
  batch 50/264  loss=0.3293
  batch 60/264  loss=0.5869
  batch 70/264  loss=0.4449
  batch 80/264  loss=0.3926
  batch 90/264  loss=0.3495
  batch 100/264  loss=0.6183
  batch 110/264  loss=0.4373
  batch 120/264  loss=0.3551
  batch 130/264  loss=0.5223
  batch 140/264  loss=0.3967
  batch 150/264  loss=0.5207
  batch 160/264  loss=0.4353
  batch 170/264  loss=0.3930
  batch 180/264  loss=0.6139
  batch 190/264  loss=0.3958
  batch 200/264  loss=0.4106
  batch 210/264  loss=0.4052
  batch 220/264  loss=0.5100
  batch 230/264  loss=0.7323
  batch 240/264  loss=0.4104
  batch 250/264  loss=0.4178
  batch 260/264  loss=0.5931
Epoch  88/300  train=4.636e-01  rmse=2.0225  lr=1.0e-04  230s
  batch 10/264  loss=0.3196
  batch 20/264  loss=1.0689
  batch 30/264  loss=0.3403
  batch 40/264  loss=0.4753
  batch 50/264  loss=0.3950
  batch 60/264  loss=0.4734
  batch 70/264  loss=0.4447
  batch 80/264  loss=0.3736
  batch 90/264  loss=0.9137
  batch 100/264  loss=0.3357
  batch 110/264  loss=0.7012
  batch 120/264  loss=0.5405
  batch 130/264  loss=0.4040
  batch 140/264  loss=0.3841
  batch 150/264  loss=0.5106
  batch 160/264  loss=0.3445
  batch 170/264  loss=0.3609
  batch 180/264  loss=0.5307
  batch 190/264  loss=0.7979
  batch 200/264  loss=0.4186
  batch 210/264  loss=0.3859
  batch 220/264  loss=0.6510
  batch 230/264  loss=0.3931
  batch 240/264  loss=0.3337
  batch 250/264  loss=0.5630
  batch 260/264  loss=0.5198
Epoch  89/300  train=4.613e-01  rmse=1.9302  lr=1.0e-04  229s
  batch 10/264  loss=0.5845
  batch 20/264  loss=0.3377
  batch 30/264  loss=0.4660
  batch 40/264  loss=0.4428
  batch 50/264  loss=0.4788
  batch 60/264  loss=0.5067
  batch 70/264  loss=0.4883
  batch 80/264  loss=0.4675
  batch 90/264  loss=0.3618
  batch 100/264  loss=0.4129
  batch 110/264  loss=0.4204
  batch 120/264  loss=0.4699
  batch 130/264  loss=0.3793
  batch 140/264  loss=0.3573
  batch 150/264  loss=0.4305
  batch 160/264  loss=0.4558
  batch 170/264  loss=0.4951
  batch 180/264  loss=0.4459
  batch 190/264  loss=0.4475
  batch 200/264  loss=0.3446
  batch 210/264  loss=0.3904
  batch 220/264  loss=0.4383
  batch 230/264  loss=0.3568
  batch 240/264  loss=0.3671
  batch 250/264  loss=0.3277
  batch 260/264  loss=0.5486
Epoch  90/300  train=4.637e-01  rmse=1.9739  lr=1.0e-04  230s
  batch 10/264  loss=0.3958
  batch 20/264  loss=0.3779
  batch 30/264  loss=0.3930
  batch 40/264  loss=0.3245
  batch 50/264  loss=0.5938
  batch 60/264  loss=0.5658
  batch 70/264  loss=0.4500
  batch 80/264  loss=0.4242
  batch 90/264  loss=0.3741
  batch 100/264  loss=0.5457
  batch 110/264  loss=0.3821
  batch 120/264  loss=0.4313
  batch 130/264  loss=0.4685
  batch 140/264  loss=0.5936
  batch 150/264  loss=0.3825
  batch 160/264  loss=0.4233
  batch 170/264  loss=0.4740
  batch 180/264  loss=0.4651
  batch 190/264  loss=0.4270
  batch 200/264  loss=0.3645
  batch 210/264  loss=0.4948
  batch 220/264  loss=0.5014
  batch 230/264  loss=0.3557
  batch 240/264  loss=0.3509
  batch 250/264  loss=0.4180
  batch 260/264  loss=0.3850
Epoch  91/300  train=4.599e-01  rmse=1.9590  lr=1.0e-04  228s
  -> best  monitor=4.599e-01
  batch 10/264  loss=0.5040
  batch 20/264  loss=0.4397
  batch 30/264  loss=0.3857
  batch 40/264  loss=0.4636
  batch 50/264  loss=0.5797
  batch 60/264  loss=0.4022
  batch 70/264  loss=0.4032
  batch 80/264  loss=0.4279
  batch 90/264  loss=0.4606
  batch 100/264  loss=0.3623
  batch 110/264  loss=0.6830
  batch 120/264  loss=0.5734
  batch 130/264  loss=0.4975
  batch 140/264  loss=0.4625
  batch 150/264  loss=0.4089
  batch 160/264  loss=0.3654
  batch 170/264  loss=0.5217
  batch 180/264  loss=0.3835
  batch 190/264  loss=0.3464
  batch 200/264  loss=0.3830
  batch 210/264  loss=0.4461
  batch 220/264  loss=0.4526
  batch 230/264  loss=0.3884
  batch 240/264  loss=0.4672
  batch 250/264  loss=0.3441
  batch 260/264  loss=0.3802
Epoch  92/300  train=4.585e-01  rmse=1.9470  lr=1.0e-04  230s
  -> best  monitor=4.585e-01
  batch 10/264  loss=0.4240
  batch 20/264  loss=0.3707
  batch 30/264  loss=0.5248
  batch 40/264  loss=0.4807
  batch 50/264  loss=0.4412
  batch 60/264  loss=0.3703
  batch 70/264  loss=0.3802
  batch 80/264  loss=0.5310
  batch 90/264  loss=0.3744
  batch 100/264  loss=0.7751
  batch 110/264  loss=0.5134
  batch 120/264  loss=0.4123
  batch 130/264  loss=0.3873
  batch 140/264  loss=0.4527
  batch 150/264  loss=0.4154
  batch 160/264  loss=0.5192
  batch 170/264  loss=0.3881
  batch 180/264  loss=0.6433
  batch 190/264  loss=0.4246
  batch 200/264  loss=0.4696
  batch 210/264  loss=0.3753
  batch 220/264  loss=0.3549
  batch 230/264  loss=0.3551
  batch 240/264  loss=0.3851
  batch 250/264  loss=0.8860
  batch 260/264  loss=0.3678
Epoch  93/300  train=4.555e-01  rmse=1.9456  lr=1.0e-04  229s
  -> best  monitor=4.555e-01
  batch 10/264  loss=0.3442
  batch 20/264  loss=0.8088
  batch 30/264  loss=0.4340
  batch 40/264  loss=0.3615
  batch 50/264  loss=0.4121
  batch 60/264  loss=0.4926
  batch 70/264  loss=0.3677
  batch 80/264  loss=0.4906
  batch 90/264  loss=0.3432
  batch 100/264  loss=0.4204
  batch 110/264  loss=0.4624
  batch 120/264  loss=0.4475
  batch 130/264  loss=0.3479
  batch 140/264  loss=0.3530
  batch 150/264  loss=0.3948
  batch 160/264  loss=0.4303
  batch 170/264  loss=0.4476
  batch 180/264  loss=0.3376
  batch 190/264  loss=0.3701
  batch 200/264  loss=0.3307
  batch 210/264  loss=0.4574
  batch 220/264  loss=0.3603
  batch 230/264  loss=0.3932
  batch 240/264  loss=0.4298
  batch 250/264  loss=0.4753
  batch 260/264  loss=0.5898
Epoch  94/300  train=4.595e-01  rmse=1.9693  lr=1.0e-04  229s
  batch 10/264  loss=0.4133
  batch 20/264  loss=0.3915
  batch 30/264  loss=0.4005
  batch 40/264  loss=0.5195
  batch 50/264  loss=0.3932
  batch 60/264  loss=0.4300
  batch 70/264  loss=0.4294
  batch 80/264  loss=0.3794
  batch 90/264  loss=0.3669
  batch 100/264  loss=0.3924
  batch 110/264  loss=0.3581
  batch 120/264  loss=0.4569
  batch 130/264  loss=0.4814
  batch 140/264  loss=0.4606
  batch 150/264  loss=0.4938
  batch 160/264  loss=0.5368
  batch 170/264  loss=0.3945
  batch 180/264  loss=0.4359
  batch 190/264  loss=0.5649
  batch 200/264  loss=0.4975
  batch 210/264  loss=0.3324
  batch 220/264  loss=0.4044
  batch 230/264  loss=0.3911
  batch 240/264  loss=0.3899
  batch 250/264  loss=0.7115
  batch 260/264  loss=0.3820
Epoch  95/300  train=4.583e-01  rmse=1.9505  lr=1.0e-04  229s
  batch 10/264  loss=0.4478
  batch 20/264  loss=0.5222
  batch 30/264  loss=0.3170
  batch 40/264  loss=0.4420
  batch 50/264  loss=0.5152
  batch 60/264  loss=0.4099
  batch 70/264  loss=0.5964
  batch 80/264  loss=0.4079
  batch 90/264  loss=0.3799
  batch 100/264  loss=0.3704
  batch 110/264  loss=0.3717
  batch 120/264  loss=0.5254
  batch 130/264  loss=0.3806
  batch 140/264  loss=0.5464
  batch 150/264  loss=0.7255
  batch 160/264  loss=0.4450
  batch 170/264  loss=0.4398
  batch 180/264  loss=0.5552
  batch 190/264  loss=0.3961
  batch 200/264  loss=0.4117
  batch 210/264  loss=0.3539
  batch 220/264  loss=0.5013
  batch 230/264  loss=0.3911
  batch 240/264  loss=0.4186
  batch 250/264  loss=0.3470
  batch 260/264  loss=0.4147
Epoch  96/300  train=4.503e-01  rmse=2.1034  lr=1.0e-04  229s
  -> best  monitor=4.503e-01
  batch 10/264  loss=0.4139
  batch 20/264  loss=0.3625
  batch 30/264  loss=0.3966
  batch 40/264  loss=0.4158
  batch 50/264  loss=0.3935
  batch 60/264  loss=0.3762
  batch 70/264  loss=0.5880
  batch 80/264  loss=0.4561
  batch 90/264  loss=0.3434
  batch 100/264  loss=0.6025
  batch 110/264  loss=0.5801
  batch 120/264  loss=0.3568
  batch 130/264  loss=0.4944
  batch 140/264  loss=0.4691
  batch 150/264  loss=0.6003
  batch 160/264  loss=0.3610
  batch 170/264  loss=0.3223
  batch 180/264  loss=0.3519
  batch 190/264  loss=0.7189
  batch 200/264  loss=0.3829
  batch 210/264  loss=0.4493
  batch 220/264  loss=0.6963
  batch 230/264  loss=0.8163
  batch 240/264  loss=0.3615
  batch 250/264  loss=0.4081
  batch 260/264  loss=0.4243
Epoch  97/300  train=4.568e-01  rmse=1.9536  lr=1.0e-04  229s
  batch 10/264  loss=0.4143
  batch 20/264  loss=0.5304
  batch 30/264  loss=0.5217
  batch 40/264  loss=0.3245
  batch 50/264  loss=0.3634
  batch 60/264  loss=0.4935
  batch 70/264  loss=0.3769
  batch 80/264  loss=0.4220
  batch 90/264  loss=0.4382
  batch 100/264  loss=0.3641
  batch 110/264  loss=0.4668
  batch 120/264  loss=0.4352
  batch 130/264  loss=0.4213
  batch 140/264  loss=0.6549
  batch 150/264  loss=0.6456
  batch 160/264  loss=0.6540
  batch 170/264  loss=0.3420
  batch 180/264  loss=1.0597
  batch 190/264  loss=0.3322
  batch 200/264  loss=0.3717
  batch 210/264  loss=0.4316
  batch 220/264  loss=0.4062
  batch 230/264  loss=0.4210
  batch 240/264  loss=0.3162
  batch 250/264  loss=0.4589
  batch 260/264  loss=0.4220
Epoch  98/300  train=4.524e-01  rmse=1.9695  lr=1.0e-04  230s
  batch 10/264  loss=0.3623
  batch 20/264  loss=0.4276
  batch 30/264  loss=0.4665
  batch 40/264  loss=0.3534
  batch 50/264  loss=0.4521
  batch 60/264  loss=0.4143
  batch 70/264  loss=0.5570
  batch 80/264  loss=0.3927
  batch 90/264  loss=0.4264
  batch 100/264  loss=0.4361
  batch 110/264  loss=0.4246
  batch 120/264  loss=0.4225
  batch 130/264  loss=0.3839
  batch 140/264  loss=0.3742
  batch 150/264  loss=0.3401
  batch 160/264  loss=0.3630
  batch 170/264  loss=0.3398
  batch 180/264  loss=0.3527
  batch 190/264  loss=0.4190
  batch 200/264  loss=0.5578
  batch 210/264  loss=0.3758
  batch 220/264  loss=0.3930
  batch 230/264  loss=0.3529
  batch 240/264  loss=0.5883
  batch 250/264  loss=0.7033
  batch 260/264  loss=0.4266
Epoch  99/300  train=4.473e-01  rmse=1.9065  lr=1.0e-04  230s
  -> best  monitor=4.473e-01
  batch 10/264  loss=0.3755
  batch 20/264  loss=0.3664
  batch 30/264  loss=0.4046
  batch 40/264  loss=0.4245
  batch 50/264  loss=0.3856
  batch 60/264  loss=0.3268
  batch 70/264  loss=0.5804
  batch 80/264  loss=0.4329
  batch 90/264  loss=0.4649
  batch 100/264  loss=0.7862
  batch 110/264  loss=0.4351
  batch 120/264  loss=0.6469
  batch 130/264  loss=0.4471
  batch 140/264  loss=0.4037
  batch 150/264  loss=0.3926
  batch 160/264  loss=0.5171
  batch 170/264  loss=0.4452
  batch 180/264  loss=0.3431
  batch 190/264  loss=0.3017
  batch 200/264  loss=0.4343
  batch 210/264  loss=0.3765
  batch 220/264  loss=0.4251
  batch 230/264  loss=0.4222
  batch 240/264  loss=0.3470
  batch 250/264  loss=0.3962
  batch 260/264  loss=0.5781
Epoch 100/300  train=4.524e-01  rmse=1.9235  lr=1.0e-04  229s
  batch 10/264  loss=0.6550
  batch 20/264  loss=0.3297
  batch 30/264  loss=0.3326
  batch 40/264  loss=0.4140
  batch 50/264  loss=0.2914
  batch 60/264  loss=0.3471
  batch 70/264  loss=0.3286
  batch 80/264  loss=0.3832
  batch 90/264  loss=0.3879
  batch 100/264  loss=0.3902
  batch 110/264  loss=0.3317
  batch 120/264  loss=0.4574
  batch 130/264  loss=0.4249
  batch 140/264  loss=0.6176
  batch 150/264  loss=0.4162
  batch 160/264  loss=0.3550
  batch 170/264  loss=0.3421
  batch 180/264  loss=0.4628
  batch 190/264  loss=0.5720
  batch 200/264  loss=0.3809
  batch 210/264  loss=0.6400
  batch 220/264  loss=0.6426
  batch 230/264  loss=0.5465
  batch 240/264  loss=0.5463
  batch 250/264  loss=0.3938
  batch 260/264  loss=0.3309
Epoch 101/300  train=4.489e-01  rmse=1.8875  lr=1.0e-04  229s
  batch 10/264  loss=0.4257
  batch 20/264  loss=0.3720
  batch 30/264  loss=0.5242
  batch 40/264  loss=0.4027
  batch 50/264  loss=0.4779
  batch 60/264  loss=0.7769
  batch 70/264  loss=0.6260
  batch 80/264  loss=0.3875
  batch 90/264  loss=0.3616
  batch 100/264  loss=0.3775
  batch 110/264  loss=0.3972
  batch 120/264  loss=0.3566
  batch 130/264  loss=0.3982
  batch 140/264  loss=0.3729
  batch 150/264  loss=0.4914
  batch 160/264  loss=0.4938
  batch 170/264  loss=0.3383
  batch 180/264  loss=0.6435
  batch 190/264  loss=0.8508
  batch 200/264  loss=0.3862
  batch 210/264  loss=0.4629
  batch 220/264  loss=0.3238
  batch 230/264  loss=0.4847
  batch 240/264  loss=0.4266
  batch 250/264  loss=0.3880
  batch 260/264  loss=0.3709
Epoch 102/300  train=4.493e-01  rmse=1.8620  lr=1.0e-04  230s
  batch 10/264  loss=0.3286
  batch 20/264  loss=0.3421
  batch 30/264  loss=0.3864
  batch 40/264  loss=0.3610
  batch 50/264  loss=0.3132
  batch 60/264  loss=0.4975
  batch 70/264  loss=0.4748
  batch 80/264  loss=0.4012
  batch 90/264  loss=0.3326
  batch 100/264  loss=0.4916
  batch 110/264  loss=0.3889
  batch 120/264  loss=0.5310
  batch 130/264  loss=0.3503
  batch 140/264  loss=0.3535
  batch 150/264  loss=0.4374
  batch 160/264  loss=0.3264
  batch 170/264  loss=0.5916
  batch 180/264  loss=0.5174
  batch 190/264  loss=0.5426
  batch 200/264  loss=0.4690
  batch 210/264  loss=0.3808
  batch 220/264  loss=0.4573
  batch 230/264  loss=0.6256
  batch 240/264  loss=1.1846
  batch 250/264  loss=0.3898
  batch 260/264  loss=0.3747
Epoch 103/300  train=4.462e-01  rmse=1.8561  lr=1.0e-04  229s
  -> best  monitor=4.462e-01
  batch 10/264  loss=0.3605
  batch 20/264  loss=0.6329
  batch 30/264  loss=0.4225
  batch 40/264  loss=0.3518
  batch 50/264  loss=0.4314
  batch 60/264  loss=0.3631
  batch 70/264  loss=0.6409
  batch 80/264  loss=0.5672
  batch 90/264  loss=0.5555
  batch 100/264  loss=0.3402
  batch 110/264  loss=0.7504
  batch 120/264  loss=0.8919
  batch 130/264  loss=0.4350
  batch 140/264  loss=0.5886
  batch 150/264  loss=0.3588
  batch 160/264  loss=0.3655
  batch 170/264  loss=0.5931
  batch 180/264  loss=0.5257
  batch 190/264  loss=0.3159
  batch 200/264  loss=0.4086
  batch 210/264  loss=0.4691
  batch 220/264  loss=0.3558
  batch 230/264  loss=0.3188
  batch 240/264  loss=0.3922
  batch 250/264  loss=0.6082
  batch 260/264  loss=0.4613
Epoch 104/300  train=4.385e-01  rmse=1.8667  lr=1.0e-04  229s
  -> best  monitor=4.385e-01
  batch 10/264  loss=0.3543
  batch 20/264  loss=0.4661
  batch 30/264  loss=0.4712
  batch 40/264  loss=0.4380
  batch 50/264  loss=0.4066
  batch 60/264  loss=0.3822
  batch 70/264  loss=0.3486
  batch 80/264  loss=0.7171
  batch 90/264  loss=0.6629
  batch 100/264  loss=0.4973
  batch 110/264  loss=0.6167
  batch 120/264  loss=0.3793
  batch 130/264  loss=0.4230
  batch 140/264  loss=0.5208
  batch 150/264  loss=0.4050
  batch 160/264  loss=0.4314
  batch 170/264  loss=0.5686
  batch 180/264  loss=0.3231
  batch 190/264  loss=0.4717
  batch 200/264  loss=0.6491
  batch 210/264  loss=0.4690
  batch 220/264  loss=0.5559
  batch 230/264  loss=0.3364
  batch 240/264  loss=0.3568
  batch 250/264  loss=0.3502
  batch 260/264  loss=0.4018
Epoch 105/300  train=4.501e-01  rmse=2.1459  lr=1.0e-04  228s
  batch 10/264  loss=0.3692
  batch 20/264  loss=0.4479
  batch 30/264  loss=0.4252
  batch 40/264  loss=0.6477
  batch 50/264  loss=0.4107
  batch 60/264  loss=0.3305
  batch 70/264  loss=0.4617
  batch 80/264  loss=0.3652
  batch 90/264  loss=0.4226
  batch 100/264  loss=0.5025
  batch 110/264  loss=0.4783
  batch 120/264  loss=0.4017
  batch 130/264  loss=0.3404
  batch 140/264  loss=0.6213
  batch 150/264  loss=0.4605
  batch 160/264  loss=0.3520
  batch 170/264  loss=0.4866
  batch 180/264  loss=0.3476
  batch 190/264  loss=0.3682
  batch 200/264  loss=0.6144
  batch 210/264  loss=0.3709
  batch 220/264  loss=0.5283
  batch 230/264  loss=0.3343
  batch 240/264  loss=0.3663
  batch 250/264  loss=0.3681
  batch 260/264  loss=0.3775
Epoch 106/300  train=4.441e-01  rmse=1.8687  lr=1.0e-04  229s
  batch 10/264  loss=0.4754
  batch 20/264  loss=0.4870
  batch 30/264  loss=0.4375
  batch 40/264  loss=0.4968
  batch 50/264  loss=0.3851
  batch 60/264  loss=0.4877
  batch 70/264  loss=0.5069
  batch 80/264  loss=0.7128
  batch 90/264  loss=0.3280
  batch 100/264  loss=0.3525
  batch 110/264  loss=0.3968
  batch 120/264  loss=0.3612
  batch 130/264  loss=0.3228
  batch 140/264  loss=0.3697
  batch 150/264  loss=0.3669
  batch 160/264  loss=0.5800
  batch 170/264  loss=0.3506
  batch 180/264  loss=0.4072
  batch 190/264  loss=0.7785
  batch 200/264  loss=0.5815
  batch 210/264  loss=0.4182
  batch 220/264  loss=0.4383
  batch 230/264  loss=0.4873
  batch 240/264  loss=0.3354
  batch 250/264  loss=0.4602
  batch 260/264  loss=0.5981
Epoch 107/300  train=4.394e-01  rmse=1.8625  lr=1.0e-04  229s
  batch 10/264  loss=0.4459
  batch 20/264  loss=0.4773
  batch 30/264  loss=0.4381
  batch 40/264  loss=0.4028
  batch 50/264  loss=0.3917
  batch 60/264  loss=0.4407
  batch 70/264  loss=0.4881
  batch 80/264  loss=0.4258
  batch 90/264  loss=0.3906
  batch 100/264  loss=0.4740
  batch 110/264  loss=0.3600
  batch 120/264  loss=0.4024
  batch 130/264  loss=0.4788
  batch 140/264  loss=0.3850
  batch 150/264  loss=0.3590
  batch 160/264  loss=0.6422
  batch 170/264  loss=0.4533
  batch 180/264  loss=0.3791
  batch 190/264  loss=0.3727
  batch 200/264  loss=0.3763
  batch 210/264  loss=0.4204
  batch 220/264  loss=0.5070
  batch 230/264  loss=0.4141
  batch 240/264  loss=0.4140
  batch 250/264  loss=0.3762
  batch 260/264  loss=0.5386
Epoch 108/300  train=4.423e-01  rmse=1.8885  lr=1.0e-04  230s
  batch 10/264  loss=0.3389
  batch 20/264  loss=0.4821
  batch 30/264  loss=0.3743
  batch 40/264  loss=0.3738
  batch 50/264  loss=0.6312
  batch 60/264  loss=0.4225
  batch 70/264  loss=0.4149
  batch 80/264  loss=0.3359
  batch 90/264  loss=0.4017
  batch 100/264  loss=0.3681
  batch 110/264  loss=0.3582
  batch 120/264  loss=0.3553
  batch 130/264  loss=0.4400
  batch 140/264  loss=0.3571
  batch 150/264  loss=0.4072
  batch 160/264  loss=0.4133
  batch 170/264  loss=0.3437
  batch 180/264  loss=0.3521
  batch 190/264  loss=0.5190
  batch 200/264  loss=0.4596
  batch 210/264  loss=0.3485
  batch 220/264  loss=0.5881
  batch 230/264  loss=0.3437
  batch 240/264  loss=0.3691
  batch 250/264  loss=0.5109
  batch 260/264  loss=0.2840
Epoch 109/300  train=4.412e-01  rmse=1.9444  lr=1.0e-04  229s
  batch 10/264  loss=0.4659
  batch 20/264  loss=0.4083
  batch 30/264  loss=0.3950
  batch 40/264  loss=0.3895
  batch 50/264  loss=0.3690
  batch 60/264  loss=0.4064
  batch 70/264  loss=0.3789
  batch 80/264  loss=0.4696
  batch 90/264  loss=0.4515
  batch 100/264  loss=0.3593
  batch 110/264  loss=0.3333
  batch 120/264  loss=0.4146
  batch 130/264  loss=0.8228
  batch 140/264  loss=0.5099
  batch 150/264  loss=0.3908
  batch 160/264  loss=0.4078
  batch 170/264  loss=0.4760
  batch 180/264  loss=0.3401
  batch 190/264  loss=0.3114
  batch 200/264  loss=0.5021
  batch 210/264  loss=0.3752
  batch 220/264  loss=0.4736
  batch 230/264  loss=0.6338
  batch 240/264  loss=0.4445
  batch 250/264  loss=0.3767
  batch 260/264  loss=0.4075
Epoch 110/300  train=4.426e-01  rmse=6.0053  lr=1.0e-04  229s
  batch 10/264  loss=0.4354
  batch 20/264  loss=0.7764
  batch 30/264  loss=0.5420
  batch 40/264  loss=0.3431
  batch 50/264  loss=0.4514
  batch 60/264  loss=0.3647
  batch 70/264  loss=0.3840
  batch 80/264  loss=0.4015
  batch 90/264  loss=0.6267
  batch 100/264  loss=0.4584
  batch 110/264  loss=0.3495
  batch 120/264  loss=0.3933
  batch 130/264  loss=0.5256
  batch 140/264  loss=0.4132
  batch 150/264  loss=0.3914
  batch 160/264  loss=0.4686
  batch 170/264  loss=0.4282
  batch 180/264  loss=0.5040
  batch 190/264  loss=0.4408
  batch 200/264  loss=0.7261
  batch 210/264  loss=0.3827
  batch 220/264  loss=0.3934
  batch 230/264  loss=0.6284
  batch 240/264  loss=0.6630
  batch 250/264  loss=0.5308
  batch 260/264  loss=0.5137
Epoch 111/300  train=4.406e-01  rmse=1.8737  lr=1.0e-04  230s
  batch 10/264  loss=0.3625
  batch 20/264  loss=0.3505
  batch 30/264  loss=0.4228
  batch 40/264  loss=0.3164
  batch 50/264  loss=0.3967
  batch 60/264  loss=0.5399
  batch 70/264  loss=0.4463
  batch 80/264  loss=0.4216
  batch 90/264  loss=0.4970
  batch 100/264  loss=0.5497
  batch 110/264  loss=0.4221
  batch 120/264  loss=0.3831
  batch 130/264  loss=0.4788
  batch 140/264  loss=0.4496
  batch 150/264  loss=0.4094
  batch 160/264  loss=0.3136
  batch 170/264  loss=0.3641
  batch 180/264  loss=0.3242
  batch 190/264  loss=0.4127
  batch 200/264  loss=0.6243
  batch 210/264  loss=0.3641
  batch 220/264  loss=0.6532
  batch 230/264  loss=0.3940
  batch 240/264  loss=0.4974
  batch 250/264  loss=0.3207
  batch 260/264  loss=0.3560
Epoch 112/300  train=4.404e-01  rmse=1.8689  lr=1.0e-04  228s
  batch 10/264  loss=0.4165
  batch 20/264  loss=0.3326
  batch 30/264  loss=0.4728
  batch 40/264  loss=0.5647
  batch 50/264  loss=0.4980
  batch 60/264  loss=0.3609
  batch 70/264  loss=0.3381
  batch 80/264  loss=0.4430
  batch 90/264  loss=0.4812
  batch 100/264  loss=0.4937
  batch 110/264  loss=0.6697
  batch 120/264  loss=0.9107
  batch 130/264  loss=0.7050
  batch 140/264  loss=0.5423
  batch 150/264  loss=0.4383
  batch 160/264  loss=0.3103
  batch 170/264  loss=0.6970
  batch 180/264  loss=0.3428
  batch 190/264  loss=0.3666
  batch 200/264  loss=0.3788
  batch 210/264  loss=0.3317
  batch 220/264  loss=0.3793
  batch 230/264  loss=0.6396
  batch 240/264  loss=0.3278
  batch 250/264  loss=0.5425
  batch 260/264  loss=0.3521
Epoch 113/300  train=4.441e-01  rmse=3.7802  lr=1.0e-04  229s
  batch 10/264  loss=0.3744
  batch 20/264  loss=0.3191
  batch 30/264  loss=0.7242
  batch 40/264  loss=0.3293
  batch 50/264  loss=0.4121
  batch 60/264  loss=0.5609
  batch 70/264  loss=0.3731
  batch 80/264  loss=0.4645
  batch 90/264  loss=0.4303
  batch 100/264  loss=0.4367
  batch 110/264  loss=0.4027
  batch 120/264  loss=0.4690
  batch 130/264  loss=0.3703
  batch 140/264  loss=0.4748
  batch 150/264  loss=0.6948
  batch 160/264  loss=0.5956
  batch 170/264  loss=0.4471
  batch 180/264  loss=0.3159
  batch 190/264  loss=0.3869
  batch 200/264  loss=0.4974
  batch 210/264  loss=0.4365
  batch 220/264  loss=0.3615
  batch 230/264  loss=0.3914
  batch 240/264  loss=0.3629
  batch 250/264  loss=0.3480
  batch 260/264  loss=0.3578
Epoch 114/300  train=4.399e-01  rmse=2.0058  lr=1.0e-04  229s
  batch 10/264  loss=0.3755
  batch 20/264  loss=0.3251
  batch 30/264  loss=0.5221
  batch 40/264  loss=0.3477
  batch 50/264  loss=0.3456
  batch 60/264  loss=0.3443
  batch 70/264  loss=0.4455
  batch 80/264  loss=0.6999
  batch 90/264  loss=0.4519
  batch 100/264  loss=0.4618
  batch 110/264  loss=0.3599
  batch 120/264  loss=0.3506
  batch 130/264  loss=0.3913
  batch 140/264  loss=0.3451
  batch 150/264  loss=0.7188
  batch 160/264  loss=0.3556
  batch 170/264  loss=0.3564
  batch 180/264  loss=0.4084
  batch 190/264  loss=0.3971
  batch 200/264  loss=0.4868
  batch 210/264  loss=0.3543
  batch 220/264  loss=0.3667
  batch 230/264  loss=0.3388
  batch 240/264  loss=0.3635
  batch 250/264  loss=0.5542
  batch 260/264  loss=0.3302
Epoch 115/300  train=4.353e-01  rmse=2.6235  lr=1.0e-04  231s
  -> best  monitor=4.353e-01
  batch 10/264  loss=0.3925
  batch 20/264  loss=0.6225
  batch 30/264  loss=0.6024
  batch 40/264  loss=0.4408
  batch 50/264  loss=0.3949
  batch 60/264  loss=0.4884
  batch 70/264  loss=0.4162
  batch 80/264  loss=0.3499
  batch 90/264  loss=0.9256
  batch 100/264  loss=0.5277
  batch 110/264  loss=0.4413
  batch 120/264  loss=0.3649
  batch 130/264  loss=0.5443
  batch 140/264  loss=0.5259
  batch 150/264  loss=0.4270
  batch 160/264  loss=0.4819
  batch 170/264  loss=0.4260
  batch 180/264  loss=0.3456
  batch 190/264  loss=0.3972
  batch 200/264  loss=0.3276
  batch 210/264  loss=0.5960
  batch 220/264  loss=0.6891
  batch 230/264  loss=0.5179
  batch 240/264  loss=0.3425
  batch 250/264  loss=0.3454
  batch 260/264  loss=0.4080
Epoch 116/300  train=4.360e-01  rmse=1.8465  lr=1.0e-04  230s
  batch 10/264  loss=0.4535
  batch 20/264  loss=0.4161
  batch 30/264  loss=0.4072
  batch 40/264  loss=0.3487
  batch 50/264  loss=0.4669
  batch 60/264  loss=0.4267
  batch 70/264  loss=0.3611
  batch 80/264  loss=0.3708
  batch 90/264  loss=0.4431
  batch 100/264  loss=0.4275
  batch 110/264  loss=0.4776
  batch 120/264  loss=0.4898
  batch 130/264  loss=0.3876
  batch 140/264  loss=0.3232
  batch 150/264  loss=0.4042
  batch 160/264  loss=0.3499
  batch 170/264  loss=0.3113
  batch 180/264  loss=0.3636
  batch 190/264  loss=0.4579
  batch 200/264  loss=0.3626
  batch 210/264  loss=0.5299
  batch 220/264  loss=0.4864
  batch 230/264  loss=0.6162
  batch 240/264  loss=0.3954
  batch 250/264  loss=0.3846
  batch 260/264  loss=0.3974
Epoch 117/300  train=4.387e-01  rmse=1.9881  lr=1.0e-04  230s
  batch 10/264  loss=0.4682
  batch 20/264  loss=0.3390
  batch 30/264  loss=0.8418
  batch 40/264  loss=0.6348
  batch 50/264  loss=0.4013
  batch 60/264  loss=0.5147
  batch 70/264  loss=0.4531
  batch 80/264  loss=0.3663
  batch 90/264  loss=0.5452
  batch 100/264  loss=0.3777
  batch 110/264  loss=0.4319
  batch 120/264  loss=0.3160
  batch 130/264  loss=0.4097
  batch 140/264  loss=0.4351
  batch 150/264  loss=0.3997
  batch 160/264  loss=0.3413
  batch 170/264  loss=0.4547
  batch 180/264  loss=0.3621
  batch 190/264  loss=0.6067
  batch 200/264  loss=0.3658
  batch 210/264  loss=0.4295
  batch 220/264  loss=0.3334
  batch 230/264  loss=0.5154
  batch 240/264  loss=0.4383
  batch 250/264  loss=0.3359
  batch 260/264  loss=0.4755
Epoch 118/300  train=4.388e-01  rmse=1.8794  lr=1.0e-04  229s
  batch 10/264  loss=0.5259
  batch 20/264  loss=0.3390
  batch 30/264  loss=0.3541
  batch 40/264  loss=0.4909
  batch 50/264  loss=0.5215
  batch 60/264  loss=0.3737
  batch 70/264  loss=0.4766
  batch 80/264  loss=0.4711
  batch 90/264  loss=0.4523
  batch 100/264  loss=0.4744
  batch 110/264  loss=0.3640
  batch 120/264  loss=0.5510
  batch 130/264  loss=0.4223
  batch 140/264  loss=0.3590
  batch 150/264  loss=0.7093
  batch 160/264  loss=0.4347
  batch 170/264  loss=0.3499
  batch 180/264  loss=0.3602
  batch 190/264  loss=0.3970
  batch 200/264  loss=0.3327
  batch 210/264  loss=0.3589
  batch 220/264  loss=0.4222
  batch 230/264  loss=0.3626
  batch 240/264  loss=0.5045
  batch 250/264  loss=0.3951
  batch 260/264  loss=0.6531
Epoch 119/300  train=4.327e-01  rmse=1.9052  lr=1.0e-04  229s
  -> best  monitor=4.327e-01
  batch 10/264  loss=0.3416
  batch 20/264  loss=0.5605
  batch 30/264  loss=0.3763
  batch 40/264  loss=0.3362
  batch 50/264  loss=0.3714
  batch 60/264  loss=0.3634
  batch 70/264  loss=0.3852
  batch 80/264  loss=0.4357
  batch 90/264  loss=0.3409
  batch 100/264  loss=0.3478
  batch 110/264  loss=0.6075
  batch 120/264  loss=0.4256
  batch 130/264  loss=0.4141
  batch 140/264  loss=0.6120
  batch 150/264  loss=0.5118
  batch 160/264  loss=0.4076
  batch 170/264  loss=0.7706
  batch 180/264  loss=0.6944
  batch 190/264  loss=0.5530
  batch 200/264  loss=0.5351
  batch 210/264  loss=0.4399
  batch 220/264  loss=0.3458
  batch 230/264  loss=0.3705
  batch 240/264  loss=0.4335
  batch 250/264  loss=0.3971
  batch 260/264  loss=0.4022
Epoch 120/300  train=4.299e-01  rmse=2.0244  lr=1.0e-04  230s
  -> best  monitor=4.299e-01
  batch 10/264  loss=0.3573
  batch 20/264  loss=0.5129
  batch 30/264  loss=0.3550
  batch 40/264  loss=0.3828
  batch 50/264  loss=0.3795
  batch 60/264  loss=0.5050
  batch 70/264  loss=0.3970
  batch 80/264  loss=0.3364
  batch 90/264  loss=0.5951
  batch 100/264  loss=0.4826
  batch 110/264  loss=0.3836
  batch 120/264  loss=0.4237
  batch 130/264  loss=0.3377
  batch 140/264  loss=0.6487
  batch 150/264  loss=0.3706
  batch 160/264  loss=0.4995
  batch 170/264  loss=0.6531
  batch 180/264  loss=0.4622
  batch 190/264  loss=0.5608
  batch 200/264  loss=0.5836
  batch 210/264  loss=0.3731
  batch 220/264  loss=0.4266
  batch 230/264  loss=0.3760
  batch 240/264  loss=0.4114
  batch 250/264  loss=0.3322
  batch 260/264  loss=0.3484
Epoch 121/300  train=4.310e-01  rmse=2.0039  lr=1.0e-04  229s
  batch 10/264  loss=0.3497
  batch 20/264  loss=0.3727
  batch 30/264  loss=0.3515
  batch 40/264  loss=0.4033
  batch 50/264  loss=0.4063
  batch 60/264  loss=0.4777
  batch 70/264  loss=0.3088
  batch 80/264  loss=0.4578
  batch 90/264  loss=0.3613
  batch 100/264  loss=0.3911
  batch 110/264  loss=0.6142
  batch 120/264  loss=0.3531
  batch 130/264  loss=0.4390
  batch 140/264  loss=0.3676
  batch 150/264  loss=0.3379
  batch 160/264  loss=0.4651
  batch 170/264  loss=0.5094
  batch 180/264  loss=0.7952
  batch 190/264  loss=0.7176
  batch 200/264  loss=0.3940
  batch 210/264  loss=0.3977
  batch 220/264  loss=0.6917
  batch 230/264  loss=0.4927
  batch 240/264  loss=0.4663
  batch 250/264  loss=0.6284
  batch 260/264  loss=0.3885
Epoch 122/300  train=4.266e-01  rmse=1.8876  lr=1.0e-04  229s
  -> best  monitor=4.266e-01
  batch 10/264  loss=0.3776
  batch 20/264  loss=0.3983
  batch 30/264  loss=0.3290
  batch 40/264  loss=0.3663
  batch 50/264  loss=0.3928
  batch 60/264  loss=0.3903
  batch 70/264  loss=0.3836
  batch 80/264  loss=0.3859
  batch 90/264  loss=0.4341
  batch 100/264  loss=0.3476
  batch 110/264  loss=0.6448
  batch 120/264  loss=0.3928
  batch 130/264  loss=0.3280
  batch 140/264  loss=0.5328
  batch 150/264  loss=0.4428
  batch 160/264  loss=0.3540
  batch 170/264  loss=0.4753
  batch 180/264  loss=0.3229
  batch 190/264  loss=0.8585
  batch 200/264  loss=0.4397
  batch 210/264  loss=0.5804
  batch 220/264  loss=0.3301
  batch 230/264  loss=0.3968
  batch 240/264  loss=0.5173
  batch 250/264  loss=0.6013
  batch 260/264  loss=0.3476
Epoch 123/300  train=4.306e-01  rmse=1.8443  lr=1.0e-04  230s
  batch 10/264  loss=0.4403
  batch 20/264  loss=0.6000
  batch 30/264  loss=0.3497
  batch 40/264  loss=0.3547
  batch 50/264  loss=0.5149
  batch 60/264  loss=0.2972
  batch 70/264  loss=0.4495
  batch 80/264  loss=0.6384
  batch 90/264  loss=0.3787
  batch 100/264  loss=0.3861
  batch 110/264  loss=0.4545
  batch 120/264  loss=0.3888
  batch 130/264  loss=0.3758
  batch 140/264  loss=0.3881
  batch 150/264  loss=0.4468
  batch 160/264  loss=0.4499
  batch 170/264  loss=0.3896
  batch 180/264  loss=0.3398
  batch 190/264  loss=0.3357
  batch 200/264  loss=0.6463
  batch 210/264  loss=0.3867
  batch 220/264  loss=0.3364
  batch 230/264  loss=0.4382
  batch 240/264  loss=0.5058
  batch 250/264  loss=0.2962
  batch 260/264  loss=0.3913
Epoch 124/300  train=4.335e-01  rmse=1.9021  lr=1.0e-04  230s
  batch 10/264  loss=0.3943
  batch 20/264  loss=0.3081
  batch 30/264  loss=0.3722
  batch 40/264  loss=0.4665
  batch 50/264  loss=0.5293
  batch 60/264  loss=0.3577
  batch 70/264  loss=0.5670
  batch 80/264  loss=0.4454
  batch 90/264  loss=0.5608
  batch 100/264  loss=0.3069
  batch 110/264  loss=0.3721
  batch 120/264  loss=0.3655
  batch 130/264  loss=0.6655
  batch 140/264  loss=0.4640
  batch 150/264  loss=0.4004
  batch 160/264  loss=0.4496
  batch 170/264  loss=0.3741
  batch 180/264  loss=0.3807
  batch 190/264  loss=0.3640
  batch 200/264  loss=0.7107
  batch 210/264  loss=0.5162
  batch 220/264  loss=0.3354
  batch 230/264  loss=0.3703
  batch 240/264  loss=0.5239
  batch 250/264  loss=0.5155
  batch 260/264  loss=0.3613
Epoch 125/300  train=4.272e-01  rmse=1.8527  lr=1.0e-04  228s
  batch 10/264  loss=0.3480
  batch 20/264  loss=0.2754
  batch 30/264  loss=0.4178
  batch 40/264  loss=0.4314
  batch 50/264  loss=0.7394
  batch 60/264  loss=0.4086
  batch 70/264  loss=0.3754
  batch 80/264  loss=0.5722
  batch 90/264  loss=0.3316
  batch 100/264  loss=0.3685
  batch 110/264  loss=0.4125
  batch 120/264  loss=0.4896
  batch 130/264  loss=0.4019
  batch 140/264  loss=0.4552
  batch 150/264  loss=0.3817
  batch 160/264  loss=0.6033
  batch 170/264  loss=0.3631
  batch 180/264  loss=0.3724
  batch 190/264  loss=0.4449
  batch 200/264  loss=0.4722
  batch 210/264  loss=0.4490
  batch 220/264  loss=0.4124
  batch 230/264  loss=0.5448
  batch 240/264  loss=0.5175
  batch 250/264  loss=0.3221
  batch 260/264  loss=0.5035
Epoch 126/300  train=4.297e-01  rmse=2.2187  lr=1.0e-04  230s
  batch 10/264  loss=0.7195
  batch 20/264  loss=0.3392
  batch 30/264  loss=0.4576
  batch 40/264  loss=0.3379
  batch 50/264  loss=0.4658
  batch 60/264  loss=0.4270
  batch 70/264  loss=0.3285
  batch 80/264  loss=0.5788
  batch 90/264  loss=0.4488
  batch 100/264  loss=0.4387
  batch 110/264  loss=0.2895
  batch 120/264  loss=0.3599
  batch 130/264  loss=0.6265
  batch 140/264  loss=0.5151
  batch 150/264  loss=0.4359
  batch 160/264  loss=0.5330
  batch 170/264  loss=0.4100
  batch 180/264  loss=0.4195
  batch 190/264  loss=0.3702
  batch 200/264  loss=0.3229
  batch 210/264  loss=0.4195
  batch 220/264  loss=0.4141
  batch 230/264  loss=0.6641
  batch 240/264  loss=0.3753
  batch 250/264  loss=0.5478
  batch 260/264  loss=0.3484
Epoch 127/300  train=4.320e-01  rmse=2.3172  lr=1.0e-04  230s
  batch 10/264  loss=0.3172
  batch 20/264  loss=0.4257
  batch 30/264  loss=0.2767
  batch 40/264  loss=0.4199
  batch 50/264  loss=0.3017
  batch 60/264  loss=0.3683
  batch 70/264  loss=0.5720
  batch 80/264  loss=0.3040
  batch 90/264  loss=0.4358
  batch 100/264  loss=0.6447
  batch 110/264  loss=0.7636
  batch 120/264  loss=0.3397
  batch 130/264  loss=0.3935
  batch 140/264  loss=0.9942
  batch 150/264  loss=0.3587
  batch 160/264  loss=0.3551
  batch 170/264  loss=0.5478
  batch 180/264  loss=0.3768
  batch 190/264  loss=0.3318
  batch 200/264  loss=0.3787
  batch 210/264  loss=0.3909
  batch 220/264  loss=0.4373
  batch 230/264  loss=0.4588
  batch 240/264  loss=0.3808
  batch 250/264  loss=0.3910
  batch 260/264  loss=0.3543
Epoch 128/300  train=4.312e-01  rmse=1.9148  lr=1.0e-04  230s
  batch 10/264  loss=0.3344
  batch 20/264  loss=0.3882
  batch 30/264  loss=0.3824
  batch 40/264  loss=0.5106
  batch 50/264  loss=0.3750
  batch 60/264  loss=0.3775
  batch 70/264  loss=0.4778
  batch 80/264  loss=0.5069
  batch 90/264  loss=0.6640
  batch 100/264  loss=0.5181
  batch 110/264  loss=0.4650
  batch 120/264  loss=0.4016
  batch 130/264  loss=0.3877
  batch 140/264  loss=0.4858
  batch 150/264  loss=0.4265
  batch 160/264  loss=0.3967
  batch 170/264  loss=0.4335
  batch 180/264  loss=0.2956
  batch 190/264  loss=0.6309
  batch 200/264  loss=0.4200
  batch 210/264  loss=0.4322
  batch 220/264  loss=0.3657
  batch 230/264  loss=0.3107
  batch 240/264  loss=0.3321
  batch 250/264  loss=0.4617
  batch 260/264  loss=0.5094
Epoch 129/300  train=4.320e-01  rmse=1.8267  lr=1.0e-04  228s
  batch 10/264  loss=0.4188
  batch 20/264  loss=0.3548
  batch 30/264  loss=0.3461
  batch 40/264  loss=0.4451
  batch 50/264  loss=0.5085
  batch 60/264  loss=0.3129
  batch 70/264  loss=0.3404
  batch 80/264  loss=0.3607
  batch 90/264  loss=0.3708
  batch 100/264  loss=0.7280
  batch 110/264  loss=0.4398
  batch 120/264  loss=0.3630
  batch 130/264  loss=0.4492
  batch 140/264  loss=0.4297
  batch 150/264  loss=0.3729
  batch 160/264  loss=0.3276
  batch 170/264  loss=0.4510
  batch 180/264  loss=0.3920
  batch 190/264  loss=0.3840
  batch 200/264  loss=0.3407
  batch 210/264  loss=0.4155
  batch 220/264  loss=0.3673
  batch 230/264  loss=0.6803
  batch 240/264  loss=0.5025
  batch 250/264  loss=0.4801
  batch 260/264  loss=0.3542
Epoch 130/300  train=4.224e-01  rmse=2.0866  lr=1.0e-04  228s
  -> best  monitor=4.224e-01
  batch 10/264  loss=0.4256
  batch 20/264  loss=0.3914
  batch 30/264  loss=0.3542
  batch 40/264  loss=0.5087
  batch 50/264  loss=0.3995
  batch 60/264  loss=0.3579
  batch 70/264  loss=0.3216
  batch 80/264  loss=0.3562
  batch 90/264  loss=0.5541
  batch 100/264  loss=0.3732
  batch 110/264  loss=0.3474
  batch 120/264  loss=0.2999
  batch 130/264  loss=0.5037
  batch 140/264  loss=0.4137
  batch 150/264  loss=0.4054
  batch 160/264  loss=0.3343
  batch 170/264  loss=0.3983
  batch 180/264  loss=0.3847
  batch 190/264  loss=0.4472
  batch 200/264  loss=0.4295
  batch 210/264  loss=0.4133
  batch 220/264  loss=0.3115
  batch 230/264  loss=0.3624
  batch 240/264  loss=0.3556
  batch 250/264  loss=0.3407
  batch 260/264  loss=0.4119
Epoch 131/300  train=4.238e-01  rmse=1.9231  lr=1.0e-04  230s
  batch 10/264  loss=0.3879
  batch 20/264  loss=0.3661
  batch 30/264  loss=0.3508
  batch 40/264  loss=0.5617
  batch 50/264  loss=0.4898
  batch 60/264  loss=0.7791
  batch 70/264  loss=0.5049
  batch 80/264  loss=0.3850
  batch 90/264  loss=0.3016
  batch 100/264  loss=0.7874
  batch 110/264  loss=0.4621
  batch 120/264  loss=0.2822
  batch 130/264  loss=0.3759
  batch 140/264  loss=0.4228
  batch 150/264  loss=0.3249
  batch 160/264  loss=0.4338
  batch 170/264  loss=0.4169
  batch 180/264  loss=0.3480
  batch 190/264  loss=0.3858
  batch 200/264  loss=0.6476
  batch 210/264  loss=0.4398
  batch 220/264  loss=0.3804
  batch 230/264  loss=0.3521
  batch 240/264  loss=0.5497
  batch 250/264  loss=0.3329
  batch 260/264  loss=0.4516
Epoch 132/300  train=4.281e-01  rmse=1.9677  lr=1.0e-04  230s
  batch 10/264  loss=0.3256
  batch 20/264  loss=0.4066
  batch 30/264  loss=0.5628
  batch 40/264  loss=0.4445
  batch 50/264  loss=0.4093
  batch 60/264  loss=0.4564
  batch 70/264  loss=0.4391
  batch 80/264  loss=0.4112
  batch 90/264  loss=0.4728
  batch 100/264  loss=0.3600
  batch 110/264  loss=0.4252
  batch 120/264  loss=0.3888
  batch 130/264  loss=0.4145
  batch 140/264  loss=0.3890
  batch 150/264  loss=0.6038
  batch 160/264  loss=0.3235
  batch 170/264  loss=0.3924
  batch 180/264  loss=0.4039
  batch 190/264  loss=0.5907
  batch 200/264  loss=0.3818
  batch 210/264  loss=0.3753
  batch 220/264  loss=0.3026
  batch 230/264  loss=0.3156
  batch 240/264  loss=0.3660
  batch 250/264  loss=0.4586
  batch 260/264  loss=0.2973
Epoch 133/300  train=4.216e-01  rmse=1.8041  lr=1.0e-04  230s
  -> best  monitor=4.216e-01
  batch 10/264  loss=0.4029
  batch 20/264  loss=0.3850
  batch 30/264  loss=0.3481
  batch 40/264  loss=0.3026
  batch 50/264  loss=0.3156
  batch 60/264  loss=0.3386
  batch 70/264  loss=0.3559
  batch 80/264  loss=0.3375
  batch 90/264  loss=0.3645
  batch 100/264  loss=0.4204
  batch 110/264  loss=0.5315
  batch 120/264  loss=0.7229
  batch 130/264  loss=0.4183
  batch 140/264  loss=0.3635
  batch 150/264  loss=0.4353
  batch 160/264  loss=0.4636
  batch 170/264  loss=0.3895
  batch 180/264  loss=0.5790
  batch 190/264  loss=0.3712
  batch 200/264  loss=0.3861
  batch 210/264  loss=0.3372
  batch 220/264  loss=0.3694
  batch 230/264  loss=0.3025
  batch 240/264  loss=0.4638
  batch 250/264  loss=0.8792
  batch 260/264  loss=0.4444
Epoch 134/300  train=4.217e-01  rmse=1.9608  lr=1.0e-04  229s
  batch 10/264  loss=0.5059
  batch 20/264  loss=0.4385
  batch 30/264  loss=0.3149
  batch 40/264  loss=0.5142
  batch 50/264  loss=0.3363
  batch 60/264  loss=0.4891
  batch 70/264  loss=0.3956
  batch 80/264  loss=0.3942
  batch 90/264  loss=0.4435
  batch 100/264  loss=0.3213
  batch 110/264  loss=0.5715
  batch 120/264  loss=0.3328
  batch 130/264  loss=0.5952
  batch 140/264  loss=0.3466
  batch 150/264  loss=0.4854
  batch 160/264  loss=0.4580
  batch 170/264  loss=0.3719
  batch 180/264  loss=0.7431
  batch 190/264  loss=0.4597
  batch 200/264  loss=0.5230
  batch 210/264  loss=0.3610
  batch 220/264  loss=0.7763
  batch 230/264  loss=0.5087
  batch 240/264  loss=0.4075
  batch 250/264  loss=0.4087
  batch 260/264  loss=0.3333
Epoch 135/300  train=4.259e-01  rmse=3.2257  lr=1.0e-04  230s
  batch 10/264  loss=0.4943
  batch 20/264  loss=0.3167
  batch 30/264  loss=0.4012
  batch 40/264  loss=0.4270
  batch 50/264  loss=0.3456
  batch 60/264  loss=0.3264
  batch 70/264  loss=0.4306
  batch 80/264  loss=0.4610
  batch 90/264  loss=0.8335
  batch 100/264  loss=0.4682
  batch 110/264  loss=0.4472
  batch 120/264  loss=0.4059
  batch 130/264  loss=0.3491
  batch 140/264  loss=0.5384
  batch 150/264  loss=0.3216
  batch 160/264  loss=0.5053
  batch 170/264  loss=0.2929
  batch 180/264  loss=0.3260
  batch 190/264  loss=0.3252
  batch 200/264  loss=0.4059
  batch 210/264  loss=0.5255
  batch 220/264  loss=0.4007
  batch 230/264  loss=0.5188
  batch 240/264  loss=0.4520
  batch 250/264  loss=0.4584
  batch 260/264  loss=0.3956
Epoch 136/300  train=4.260e-01  rmse=1.8306  lr=1.0e-04  229s
  batch 10/264  loss=0.4895
  batch 20/264  loss=0.4287
  batch 30/264  loss=0.2995
  batch 40/264  loss=0.4694
  batch 50/264  loss=0.2976
  batch 60/264  loss=0.4205
  batch 70/264  loss=0.3395
  batch 80/264  loss=0.3940
  batch 90/264  loss=0.3934
  batch 100/264  loss=0.3308
  batch 110/264  loss=0.3757
  batch 120/264  loss=0.5957
  batch 130/264  loss=1.0669
  batch 140/264  loss=0.3183
  batch 150/264  loss=0.5762
  batch 160/264  loss=0.4007
  batch 170/264  loss=0.4466
  batch 180/264  loss=0.3953
  batch 190/264  loss=0.3359
  batch 200/264  loss=0.4680
  batch 210/264  loss=0.3681
  batch 220/264  loss=0.3340
  batch 230/264  loss=0.4568
  batch 240/264  loss=0.3685
  batch 250/264  loss=0.3818
  batch 260/264  loss=0.3064
Epoch 137/300  train=4.169e-01  rmse=1.8021  lr=1.0e-04  230s
  -> best  monitor=4.169e-01
  batch 10/264  loss=0.3435
  batch 20/264  loss=0.4579
  batch 30/264  loss=0.4972
  batch 40/264  loss=0.3849
  batch 50/264  loss=0.3912
  batch 60/264  loss=0.4353
  batch 70/264  loss=0.3741
  batch 80/264  loss=0.4022
  batch 90/264  loss=0.3671
  batch 100/264  loss=0.4251
  batch 110/264  loss=0.3712
  batch 120/264  loss=0.3527
  batch 130/264  loss=0.3954
  batch 140/264  loss=0.3385
  batch 150/264  loss=0.3876
  batch 160/264  loss=0.3501
  batch 170/264  loss=0.3556
  batch 180/264  loss=0.6670
  batch 190/264  loss=0.4037
  batch 200/264  loss=0.5571
  batch 210/264  loss=0.4185
  batch 220/264  loss=0.3306
  batch 230/264  loss=0.5415
  batch 240/264  loss=0.3563
  batch 250/264  loss=0.3349
  batch 260/264  loss=0.3693
Epoch 138/300  train=4.215e-01  rmse=1.8381  lr=1.0e-04  229s
  batch 10/264  loss=0.3762
  batch 20/264  loss=0.4302
  batch 30/264  loss=0.3912
  batch 40/264  loss=0.4200
  batch 50/264  loss=0.4003
  batch 60/264  loss=0.4045
  batch 70/264  loss=0.3524
  batch 80/264  loss=0.4441
  batch 90/264  loss=0.5105
  batch 100/264  loss=0.3624
  batch 110/264  loss=0.4101
  batch 120/264  loss=0.3559
  batch 130/264  loss=0.4942
  batch 140/264  loss=0.3445
  batch 150/264  loss=0.5577
  batch 160/264  loss=0.4391
  batch 170/264  loss=0.3965
  batch 180/264  loss=0.3597
  batch 190/264  loss=0.4659
  batch 200/264  loss=0.7702
  batch 210/264  loss=0.3854
  batch 220/264  loss=0.4971
  batch 230/264  loss=0.3871
  batch 240/264  loss=0.2883
  batch 250/264  loss=0.3094
  batch 260/264  loss=0.3551
Epoch 139/300  train=4.225e-01  rmse=1.9371  lr=1.0e-04  229s
  batch 10/264  loss=0.3590
  batch 20/264  loss=0.4045
  batch 30/264  loss=0.4847
  batch 40/264  loss=0.5184
  batch 50/264  loss=0.3844
  batch 60/264  loss=0.3666
  batch 70/264  loss=0.8059
  batch 80/264  loss=0.4468
  batch 90/264  loss=0.4343
  batch 100/264  loss=0.5179
  batch 110/264  loss=0.3561
  batch 120/264  loss=0.3997
  batch 130/264  loss=0.3261
  batch 140/264  loss=0.3965
  batch 150/264  loss=0.5890
  batch 160/264  loss=0.4704
  batch 170/264  loss=0.3491
  batch 180/264  loss=0.6419
  batch 190/264  loss=0.4584
  batch 200/264  loss=0.5180
  batch 210/264  loss=0.5198
  batch 220/264  loss=0.5819
  batch 230/264  loss=0.5144
  batch 240/264  loss=0.3449
  batch 250/264  loss=0.3052
  batch 260/264  loss=0.4295
Epoch 140/300  train=4.186e-01  rmse=2.1238  lr=1.0e-04  230s
  batch 10/264  loss=0.3297
  batch 20/264  loss=0.4047
  batch 30/264  loss=0.4651
  batch 40/264  loss=0.3390
  batch 50/264  loss=0.3083
  batch 60/264  loss=0.3598
  batch 70/264  loss=0.5628
  batch 80/264  loss=0.3294
  batch 90/264  loss=0.3213
  batch 100/264  loss=0.3550
  batch 110/264  loss=0.3488
  batch 120/264  loss=0.4807
  batch 130/264  loss=0.3121
  batch 140/264  loss=0.3354
  batch 150/264  loss=0.4811
  batch 160/264  loss=0.4428
  batch 170/264  loss=0.4970
  batch 180/264  loss=0.7935
  batch 190/264  loss=0.4826
  batch 200/264  loss=0.3380
  batch 210/264  loss=0.4372
  batch 220/264  loss=0.3860
  batch 230/264  loss=0.3273
  batch 240/264  loss=0.4449
  batch 250/264  loss=0.5068
  batch 260/264  loss=0.3068
Epoch 141/300  train=4.171e-01  rmse=1.7888  lr=1.0e-04  229s
  batch 10/264  loss=0.3528
  batch 20/264  loss=0.4095
  batch 30/264  loss=0.3644
  batch 40/264  loss=0.3613
  batch 50/264  loss=0.3328
  batch 60/264  loss=0.5188
  batch 70/264  loss=0.3607
  batch 80/264  loss=0.4652
  batch 90/264  loss=0.3600
  batch 100/264  loss=0.4057
  batch 110/264  loss=0.3453
  batch 120/264  loss=0.2919
  batch 130/264  loss=0.3352
  batch 140/264  loss=0.5273
  batch 150/264  loss=0.3409
  batch 160/264  loss=0.4068
  batch 170/264  loss=0.3336
  batch 180/264  loss=0.5582
  batch 190/264  loss=0.3522
  batch 200/264  loss=0.3236
  batch 210/264  loss=0.4727
  batch 220/264  loss=0.4085
  batch 230/264  loss=0.3605
  batch 240/264  loss=0.3878
  batch 250/264  loss=0.3307
  batch 260/264  loss=0.6051
Epoch 142/300  train=4.223e-01  rmse=2.1618  lr=1.0e-04  230s
  batch 10/264  loss=0.3804
  batch 20/264  loss=0.5480
  batch 30/264  loss=0.5758
  batch 40/264  loss=0.4006
  batch 50/264  loss=0.3512
  batch 60/264  loss=0.4024
  batch 70/264  loss=0.3529
  batch 80/264  loss=0.5719
  batch 90/264  loss=0.4703
  batch 100/264  loss=0.5704
  batch 110/264  loss=0.4327
  batch 120/264  loss=0.4094
  batch 130/264  loss=0.3537
  batch 140/264  loss=0.3352
  batch 150/264  loss=0.3337
  batch 160/264  loss=0.3461
  batch 170/264  loss=0.3910
  batch 180/264  loss=0.3601
  batch 190/264  loss=0.3514
  batch 200/264  loss=0.3259
  batch 210/264  loss=0.4363
  batch 220/264  loss=0.4667
  batch 230/264  loss=0.3914
  batch 240/264  loss=0.4402
  batch 250/264  loss=0.3452
  batch 260/264  loss=0.9937
Epoch 143/300  train=4.203e-01  rmse=1.8285  lr=1.0e-04  230s
  batch 10/264  loss=0.4697
  batch 20/264  loss=0.3168
  batch 30/264  loss=0.3749
  batch 40/264  loss=0.4113
  batch 50/264  loss=0.3374
  batch 60/264  loss=0.5086
  batch 70/264  loss=0.5352
  batch 80/264  loss=0.3555
  batch 90/264  loss=0.3301
  batch 100/264  loss=0.3837
  batch 110/264  loss=0.3691
  batch 120/264  loss=0.3717
  batch 130/264  loss=0.4363
  batch 140/264  loss=0.4974
  batch 150/264  loss=0.4715
  batch 160/264  loss=0.2995
  batch 170/264  loss=0.3165
  batch 180/264  loss=0.3568
  batch 190/264  loss=0.5833
  batch 200/264  loss=0.3513
  batch 210/264  loss=0.4679
  batch 220/264  loss=0.3535
  batch 230/264  loss=0.5061
  batch 240/264  loss=0.5181
  batch 250/264  loss=0.4406
  batch 260/264  loss=0.4080
Epoch 144/300  train=4.163e-01  rmse=2.0907  lr=1.0e-04  229s
  -> best  monitor=4.163e-01
  batch 10/264  loss=0.4400
  batch 20/264  loss=0.5114
  batch 30/264  loss=0.3304
  batch 40/264  loss=0.3440
  batch 50/264  loss=0.3993
  batch 60/264  loss=0.3348
  batch 70/264  loss=0.3475
  batch 80/264  loss=0.4397
  batch 90/264  loss=0.4190
  batch 100/264  loss=0.4896
  batch 110/264  loss=0.4154
  batch 120/264  loss=0.5768
  batch 130/264  loss=0.3896
  batch 140/264  loss=0.4239
  batch 150/264  loss=0.3096
  batch 160/264  loss=0.5143
  batch 170/264  loss=0.4500
  batch 180/264  loss=0.3832
  batch 190/264  loss=0.5184
  batch 200/264  loss=0.3689
  batch 210/264  loss=0.4721
  batch 220/264  loss=0.3607
  batch 230/264  loss=0.4818
  batch 240/264  loss=0.4606
  batch 250/264  loss=0.3077
  batch 260/264  loss=0.4870
Epoch 145/300  train=4.194e-01  rmse=2.1128  lr=1.0e-04  230s
  batch 10/264  loss=0.3848
  batch 20/264  loss=0.4926
  batch 30/264  loss=0.3068
  batch 40/264  loss=0.5714
  batch 50/264  loss=0.3104
  batch 60/264  loss=0.3754
  batch 70/264  loss=0.2980
  batch 80/264  loss=0.3464
  batch 90/264  loss=0.3789
  batch 100/264  loss=0.3862
  batch 110/264  loss=0.4204
  batch 120/264  loss=0.4198
  batch 130/264  loss=0.5857
  batch 140/264  loss=0.3280
  batch 150/264  loss=0.4138
  batch 160/264  loss=0.5107
  batch 170/264  loss=0.3295
  batch 180/264  loss=0.3463
  batch 190/264  loss=0.3235
  batch 200/264  loss=0.3942
  batch 210/264  loss=0.3771
  batch 220/264  loss=0.4553
  batch 230/264  loss=0.3916
  batch 240/264  loss=0.6332
  batch 250/264  loss=0.5310
  batch 260/264  loss=0.4571
Epoch 146/300  train=4.148e-01  rmse=1.8337  lr=1.0e-04  233s
  -> best  monitor=4.148e-01
  batch 10/264  loss=0.4143
  batch 20/264  loss=0.4207
  batch 30/264  loss=0.4509
  batch 40/264  loss=0.3626
  batch 50/264  loss=0.4014
  batch 60/264  loss=0.3674
  batch 70/264  loss=0.6014
  batch 80/264  loss=0.3462
  batch 90/264  loss=0.6213
  batch 100/264  loss=0.3799
  batch 110/264  loss=0.4516
  batch 120/264  loss=0.3573
  batch 130/264  loss=0.4650
  batch 140/264  loss=0.4131
  batch 150/264  loss=0.3937
  batch 160/264  loss=0.3362
  batch 170/264  loss=0.3502
  batch 180/264  loss=0.5078
  batch 190/264  loss=0.3492
  batch 200/264  loss=0.5748
  batch 210/264  loss=0.4119
  batch 220/264  loss=0.3711
  batch 230/264  loss=0.3624
  batch 240/264  loss=0.5794
  batch 250/264  loss=0.4532
  batch 260/264  loss=0.3872
Epoch 147/300  train=4.121e-01  rmse=1.9407  lr=1.0e-04  234s
  -> best  monitor=4.121e-01
  batch 10/264  loss=0.4775
  batch 20/264  loss=0.3134
  batch 30/264  loss=0.2911
  batch 40/264  loss=0.3288
  batch 50/264  loss=0.4339
  batch 60/264  loss=0.3578
  batch 70/264  loss=0.4132
  batch 80/264  loss=0.3662
  batch 90/264  loss=0.3916
  batch 100/264  loss=0.3179
  batch 110/264  loss=0.3927
  batch 120/264  loss=0.3435
  batch 130/264  loss=0.3248
  batch 140/264  loss=0.4316
  batch 150/264  loss=0.3148
  batch 160/264  loss=0.3890
  batch 170/264  loss=0.4711
  batch 180/264  loss=0.4709
  batch 190/264  loss=0.6047
  batch 200/264  loss=0.5000
  batch 210/264  loss=0.4699
  batch 220/264  loss=0.4251
  batch 230/264  loss=0.4716
  batch 240/264  loss=0.4227
  batch 250/264  loss=0.3987
  batch 260/264  loss=0.3498
Epoch 148/300  train=4.163e-01  rmse=1.7957  lr=1.0e-04  232s
  batch 10/264  loss=0.3519
  batch 20/264  loss=0.3285
  batch 30/264  loss=0.2896
  batch 40/264  loss=0.3923
  batch 50/264  loss=0.3969
  batch 60/264  loss=0.4485
  batch 70/264  loss=0.3546
  batch 80/264  loss=0.3207
  batch 90/264  loss=0.3654
  batch 100/264  loss=0.5508
  batch 110/264  loss=0.4800
  batch 120/264  loss=0.5275
  batch 130/264  loss=0.4051
  batch 140/264  loss=0.3103
  batch 150/264  loss=0.4617
  batch 160/264  loss=0.5357
  batch 170/264  loss=0.3784
  batch 180/264  loss=0.4486
  batch 190/264  loss=0.3175
  batch 200/264  loss=0.3784
  batch 210/264  loss=0.3409
  batch 220/264  loss=0.4678
  batch 230/264  loss=0.4471
  batch 240/264  loss=0.4070
  batch 250/264  loss=0.4071
  batch 260/264  loss=0.4476
Epoch 149/300  train=4.178e-01  rmse=2.0388  lr=1.0e-04  230s
  batch 10/264  loss=0.3272
  batch 20/264  loss=0.4088
  batch 30/264  loss=0.4698
  batch 40/264  loss=0.3429
  batch 50/264  loss=0.3926
  batch 60/264  loss=0.3869
  batch 70/264  loss=0.2902
  batch 80/264  loss=0.2935
  batch 90/264  loss=0.5827
  batch 100/264  loss=0.3852
  batch 110/264  loss=0.4198
  batch 120/264  loss=0.3851
  batch 130/264  loss=0.6771
  batch 140/264  loss=0.4248
  batch 150/264  loss=0.8079
  batch 160/264  loss=0.3888
  batch 170/264  loss=0.3197
  batch 180/264  loss=0.4913
  batch 190/264  loss=0.3093
  batch 200/264  loss=0.4422
  batch 210/264  loss=0.3789
  batch 220/264  loss=0.4264
  batch 230/264  loss=0.5932
  batch 240/264  loss=0.4368
  batch 250/264  loss=0.2995
  batch 260/264  loss=0.5343
Epoch 150/300  train=4.117e-01  rmse=1.8151  lr=1.0e-04  230s
  -> best  monitor=4.117e-01
  batch 10/264  loss=0.4056
  batch 20/264  loss=0.4961
  batch 30/264  loss=0.3024
  batch 40/264  loss=0.3215
  batch 50/264  loss=0.4957
  batch 60/264  loss=0.4610
  batch 70/264  loss=0.3571
  batch 80/264  loss=0.3362
  batch 90/264  loss=0.3592
  batch 100/264  loss=0.3396
  batch 110/264  loss=0.3239
  batch 120/264  loss=0.3365
  batch 130/264  loss=0.3473
  batch 140/264  loss=0.3502
  batch 150/264  loss=0.3802
  batch 160/264  loss=0.4256
  batch 170/264  loss=0.3635
  batch 180/264  loss=0.3422
  batch 190/264  loss=0.4480
  batch 200/264  loss=0.3167
  batch 210/264  loss=0.3086
  batch 220/264  loss=0.4183
  batch 230/264  loss=0.3517
  batch 240/264  loss=0.4327
  batch 250/264  loss=0.3860
  batch 260/264  loss=0.3297
Epoch 151/300  train=4.148e-01  rmse=3.6144  lr=1.0e-04  230s
  batch 10/264  loss=0.5288
  batch 20/264  loss=0.3272
  batch 30/264  loss=0.3132
  batch 40/264  loss=0.3300
  batch 50/264  loss=0.4057
  batch 60/264  loss=0.5050
  batch 70/264  loss=0.4050
  batch 80/264  loss=0.3660
  batch 90/264  loss=0.3052
  batch 100/264  loss=0.3611
  batch 110/264  loss=0.3611
  batch 120/264  loss=0.6132
  batch 130/264  loss=0.5355
  batch 140/264  loss=0.3524
  batch 150/264  loss=0.5260
  batch 160/264  loss=0.4577
  batch 170/264  loss=0.3528
  batch 180/264  loss=0.3165
  batch 190/264  loss=0.3264
  batch 200/264  loss=0.2996
  batch 210/264  loss=0.3787
  batch 220/264  loss=0.3128
  batch 230/264  loss=0.3972
  batch 240/264  loss=0.3651
  batch 250/264  loss=0.4148
  batch 260/264  loss=0.3014
Epoch 152/300  train=4.107e-01  rmse=2.1484  lr=1.0e-04  230s
  -> best  monitor=4.107e-01
  batch 10/264  loss=0.4064
  batch 20/264  loss=0.3215
  batch 30/264  loss=0.4239
  batch 40/264  loss=0.3682
  batch 50/264  loss=0.5155
  batch 60/264  loss=0.3585
  batch 70/264  loss=0.3574
  batch 80/264  loss=0.3934
  batch 90/264  loss=0.2750
  batch 100/264  loss=0.3008
  batch 110/264  loss=0.4435
  batch 120/264  loss=0.3195
  batch 130/264  loss=0.6408
  batch 140/264  loss=0.3581
  batch 150/264  loss=0.2948
  batch 160/264  loss=0.3351
  batch 170/264  loss=0.6315
  batch 180/264  loss=0.5155
  batch 190/264  loss=0.3812
  batch 200/264  loss=0.4155
  batch 210/264  loss=0.3817
  batch 220/264  loss=0.6179
  batch 230/264  loss=0.3911
  batch 240/264  loss=0.4381
  batch 250/264  loss=0.2699
  batch 260/264  loss=0.4085
Epoch 153/300  train=4.122e-01  rmse=1.8242  lr=1.0e-04  230s
  batch 10/264  loss=0.5943
  batch 20/264  loss=0.2830
  batch 30/264  loss=0.3424
  batch 40/264  loss=0.4071
  batch 50/264  loss=0.3147
  batch 60/264  loss=0.3887
  batch 70/264  loss=0.4589
  batch 80/264  loss=0.3932
  batch 90/264  loss=0.6227
  batch 100/264  loss=0.5542
  batch 110/264  loss=0.4115
  batch 120/264  loss=0.4045
  batch 130/264  loss=0.3833
  batch 140/264  loss=0.2892
  batch 150/264  loss=0.4587
  batch 160/264  loss=0.3321
  batch 170/264  loss=0.4615
  batch 180/264  loss=0.3272
  batch 190/264  loss=0.4418
  batch 200/264  loss=0.6366
  batch 210/264  loss=0.4070
  batch 220/264  loss=0.3646
  batch 230/264  loss=0.3308
  batch 240/264  loss=0.3517
  batch 250/264  loss=0.4273
  batch 260/264  loss=0.5842
Epoch 154/300  train=4.083e-01  rmse=2.8846  lr=1.0e-04  230s
  -> best  monitor=4.083e-01
  batch 10/264  loss=0.4262
  batch 20/264  loss=0.3564
  batch 30/264  loss=0.4110
  batch 40/264  loss=0.3578
  batch 50/264  loss=0.4097
  batch 60/264  loss=0.4905
  batch 70/264  loss=0.5020
  batch 80/264  loss=0.3543
  batch 90/264  loss=0.6323
  batch 100/264  loss=0.4142
  batch 110/264  loss=0.4609
  batch 120/264  loss=0.3508
  batch 130/264  loss=0.4236
  batch 140/264  loss=0.4478
  batch 150/264  loss=0.4958
  batch 160/264  loss=0.3849
  batch 170/264  loss=0.3433
  batch 180/264  loss=0.3807
  batch 190/264  loss=0.4213
  batch 200/264  loss=0.3419
  batch 210/264  loss=0.4964
  batch 220/264  loss=0.4244
  batch 230/264  loss=0.3834
  batch 240/264  loss=0.3580
  batch 250/264  loss=0.3949
  batch 260/264  loss=0.6563
Epoch 155/300  train=4.160e-01  rmse=1.8618  lr=1.0e-04  229s
  batch 10/264  loss=0.4357
  batch 20/264  loss=0.3520
  batch 30/264  loss=0.5002
  batch 40/264  loss=0.4601
  batch 50/264  loss=0.3290
  batch 60/264  loss=0.3340
  batch 70/264  loss=0.3535
  batch 80/264  loss=0.3276
  batch 90/264  loss=0.5573
  batch 100/264  loss=0.4013
  batch 110/264  loss=0.3128
  batch 120/264  loss=0.4737
  batch 130/264  loss=0.3276
  batch 140/264  loss=0.4131
  batch 150/264  loss=0.4230
  batch 160/264  loss=0.4183
  batch 170/264  loss=0.3123
  batch 180/264  loss=0.4938
  batch 190/264  loss=0.3578
  batch 200/264  loss=0.4320
  batch 210/264  loss=0.2824
  batch 220/264  loss=0.3297
  batch 230/264  loss=0.3674
  batch 240/264  loss=0.8336
  batch 250/264  loss=0.4883
  batch 260/264  loss=0.2972
Epoch 156/300  train=4.115e-01  rmse=1.9875  lr=1.0e-04  230s
  batch 10/264  loss=0.3438
  batch 20/264  loss=0.3323
  batch 30/264  loss=0.3787
  batch 40/264  loss=0.3071
  batch 50/264  loss=0.4786
  batch 60/264  loss=0.3621
  batch 70/264  loss=0.6526
  batch 80/264  loss=0.3542
  batch 90/264  loss=0.4810
  batch 100/264  loss=0.3227
  batch 110/264  loss=0.3336
  batch 120/264  loss=0.3583
  batch 130/264  loss=0.5143
  batch 140/264  loss=0.6068
  batch 150/264  loss=0.3648
  batch 160/264  loss=0.4175
  batch 170/264  loss=0.3135
  batch 180/264  loss=0.3354
  batch 190/264  loss=0.3970
  batch 200/264  loss=0.4869
  batch 210/264  loss=0.3779
  batch 220/264  loss=0.3982
  batch 230/264  loss=0.6415
  batch 240/264  loss=0.3619
  batch 250/264  loss=0.3847
  batch 260/264  loss=0.4265
Epoch 157/300  train=4.121e-01  rmse=1.8122  lr=1.0e-04  230s
  batch 10/264  loss=0.3058
  batch 20/264  loss=0.3801
  batch 30/264  loss=0.4728
  batch 40/264  loss=0.2867
  batch 50/264  loss=0.5716
  batch 60/264  loss=0.4008
  batch 70/264  loss=0.4904
  batch 80/264  loss=0.3496
  batch 90/264  loss=0.3775
  batch 100/264  loss=0.3093
  batch 110/264  loss=0.3733
  batch 120/264  loss=0.4516
  batch 130/264  loss=0.3078
  batch 140/264  loss=0.3561
  batch 150/264  loss=0.3014
  batch 160/264  loss=0.3724
  batch 170/264  loss=0.3539
  batch 180/264  loss=0.3372
  batch 190/264  loss=0.3906
  batch 200/264  loss=0.4465
  batch 210/264  loss=0.5090
  batch 220/264  loss=0.3748
  batch 230/264  loss=0.4243
  batch 240/264  loss=0.4325
  batch 250/264  loss=0.4517
  batch 260/264  loss=0.4050
Epoch 158/300  train=4.073e-01  rmse=1.8994  lr=1.0e-04  231s
  -> best  monitor=4.073e-01
  batch 10/264  loss=0.3287
  batch 20/264  loss=0.3632
  batch 30/264  loss=0.4110
  batch 40/264  loss=0.2643
  batch 50/264  loss=0.5161
  batch 60/264  loss=0.3927
  batch 70/264  loss=0.3227
  batch 80/264  loss=0.3332
  batch 90/264  loss=0.3675
  batch 100/264  loss=0.3491
  batch 110/264  loss=0.5102
  batch 120/264  loss=0.4436
  batch 130/264  loss=0.3312
  batch 140/264  loss=0.3568
  batch 150/264  loss=0.3730
  batch 160/264  loss=0.2872
  batch 170/264  loss=0.3255
  batch 180/264  loss=0.4971
  batch 190/264  loss=0.3507
  batch 200/264  loss=0.8460
  batch 210/264  loss=0.3845
  batch 220/264  loss=0.4031
  batch 230/264  loss=0.5604
  batch 240/264  loss=0.3691
  batch 250/264  loss=0.3461
  batch 260/264  loss=0.3591
Epoch 159/300  train=4.130e-01  rmse=2.0606  lr=1.0e-04  230s
  batch 10/264  loss=0.4245
  batch 20/264  loss=0.3526
  batch 30/264  loss=0.4514
  batch 40/264  loss=0.3259
  batch 50/264  loss=0.3451
  batch 60/264  loss=0.6670
  batch 70/264  loss=0.4130
  batch 80/264  loss=0.4401
  batch 90/264  loss=0.3604
  batch 100/264  loss=0.3436
  batch 110/264  loss=0.5587
  batch 120/264  loss=0.3363
  batch 130/264  loss=0.6317
  batch 140/264  loss=0.4232
  batch 150/264  loss=0.3324
  batch 160/264  loss=0.3191
  batch 170/264  loss=0.3429
  batch 180/264  loss=0.4785
  batch 190/264  loss=0.4186
  batch 200/264  loss=0.3867
  batch 210/264  loss=0.4118
  batch 220/264  loss=0.2928
  batch 230/264  loss=0.3051
  batch 240/264  loss=0.4545
  batch 250/264  loss=0.3364
  batch 260/264  loss=0.4861
Epoch 160/300  train=4.131e-01  rmse=1.9742  lr=1.0e-04  230s
  batch 10/264  loss=0.3613
  batch 20/264  loss=0.3485
  batch 30/264  loss=0.3877
  batch 40/264  loss=0.3379
  batch 50/264  loss=0.6292
  batch 60/264  loss=0.3277
  batch 70/264  loss=0.4488
  batch 80/264  loss=0.3718
  batch 90/264  loss=0.3119
  batch 100/264  loss=0.4356
  batch 110/264  loss=0.3550
  batch 120/264  loss=0.3069
  batch 130/264  loss=0.4228
  batch 140/264  loss=0.3441
  batch 150/264  loss=0.3118
  batch 160/264  loss=0.3651
  batch 170/264  loss=0.4202
  batch 180/264  loss=0.3743
  batch 190/264  loss=0.6283
  batch 200/264  loss=0.3086
  batch 210/264  loss=0.5426
  batch 220/264  loss=0.4490
  batch 230/264  loss=0.3291
  batch 240/264  loss=0.3957
  batch 250/264  loss=0.4065
  batch 260/264  loss=0.3644
Epoch 161/300  train=4.061e-01  rmse=2.4625  lr=1.0e-04  231s
  -> best  monitor=4.061e-01
  batch 10/264  loss=0.4949
  batch 20/264  loss=0.4264
  batch 30/264  loss=0.3931
  batch 40/264  loss=0.3804
  batch 50/264  loss=0.4072
  batch 60/264  loss=0.3864
  batch 70/264  loss=0.4017
  batch 80/264  loss=0.3868
  batch 90/264  loss=0.3629
  batch 100/264  loss=0.3846
  batch 110/264  loss=0.3676
  batch 120/264  loss=0.3224
  batch 130/264  loss=0.4181
  batch 140/264  loss=0.4451
  batch 150/264  loss=0.3137
  batch 160/264  loss=0.3004
  batch 170/264  loss=0.3579
  batch 180/264  loss=0.3068
  batch 190/264  loss=0.4688
  batch 200/264  loss=0.3970
  batch 210/264  loss=0.3777
  batch 220/264  loss=0.4103
  batch 230/264  loss=0.4123
  batch 240/264  loss=0.4207
  batch 250/264  loss=0.3116
  batch 260/264  loss=0.3357
Epoch 162/300  train=4.078e-01  rmse=1.8227  lr=1.0e-04  234s
  batch 10/264  loss=0.4269
  batch 20/264  loss=0.3038
  batch 30/264  loss=0.5496
  batch 40/264  loss=0.3480
  batch 50/264  loss=0.6193
  batch 60/264  loss=0.3862
  batch 70/264  loss=0.3075
  batch 80/264  loss=0.4391
  batch 90/264  loss=0.3626
  batch 100/264  loss=0.3347
  batch 110/264  loss=0.4115
  batch 120/264  loss=0.3615
  batch 130/264  loss=0.4777
  batch 140/264  loss=0.3354
  batch 150/264  loss=0.3493
  batch 160/264  loss=0.3390
  batch 170/264  loss=0.3130
  batch 180/264  loss=0.3705
  batch 190/264  loss=0.7052
  batch 200/264  loss=0.3249
  batch 210/264  loss=0.4819
  batch 220/264  loss=0.4073
  batch 230/264  loss=0.3969
  batch 240/264  loss=0.3795
  batch 250/264  loss=0.4733
  batch 260/264  loss=0.3288
Epoch 163/300  train=4.102e-01  rmse=2.1192  lr=1.0e-04  232s
  batch 10/264  loss=0.3772
  batch 20/264  loss=0.3785
  batch 30/264  loss=0.4693
  batch 40/264  loss=0.3756
  batch 50/264  loss=0.3049
  batch 60/264  loss=0.3630
  batch 70/264  loss=0.3858
  batch 80/264  loss=0.4289
  batch 90/264  loss=0.5466
  batch 100/264  loss=0.3264
  batch 110/264  loss=0.5881
  batch 120/264  loss=0.3792
  batch 130/264  loss=0.3046
  batch 140/264  loss=0.3334
  batch 150/264  loss=0.3950
  batch 160/264  loss=0.3477
  batch 170/264  loss=0.5246
  batch 180/264  loss=0.3590
  batch 190/264  loss=0.3520
  batch 200/264  loss=0.4346
  batch 210/264  loss=0.4903
  batch 220/264  loss=0.3127
  batch 230/264  loss=0.3285
  batch 240/264  loss=0.4211
  batch 250/264  loss=0.3051
  batch 260/264  loss=0.3568
Epoch 164/300  train=4.035e-01  rmse=2.4190  lr=1.0e-04  231s
  -> best  monitor=4.035e-01
  batch 10/264  loss=0.4135
  batch 20/264  loss=0.3412
  batch 30/264  loss=0.3122
  batch 40/264  loss=0.4054
  batch 50/264  loss=0.4128
  batch 60/264  loss=0.4985
  batch 70/264  loss=0.3052
  batch 80/264  loss=0.4368
  batch 90/264  loss=0.3978
  batch 100/264  loss=0.3572
  batch 110/264  loss=0.4087
  batch 120/264  loss=0.3419
  batch 130/264  loss=0.6478
  batch 140/264  loss=0.3803
  batch 150/264  loss=0.3218
  batch 160/264  loss=0.3981
  batch 170/264  loss=0.3223
  batch 180/264  loss=0.3805
  batch 190/264  loss=0.3412
  batch 200/264  loss=0.5240
  batch 210/264  loss=0.4046
  batch 220/264  loss=0.3975
  batch 230/264  loss=0.3865
  batch 240/264  loss=0.4152
  batch 250/264  loss=0.3929
  batch 260/264  loss=0.3623
Epoch 165/300  train=4.054e-01  rmse=1.8151  lr=1.0e-04  230s
  batch 10/264  loss=0.3863
  batch 20/264  loss=0.4089
  batch 30/264  loss=0.5105
  batch 40/264  loss=0.3532
  batch 50/264  loss=0.3034
  batch 60/264  loss=0.4124
  batch 70/264  loss=0.4369
  batch 80/264  loss=0.3100
  batch 90/264  loss=0.3858
  batch 100/264  loss=0.3962
  batch 110/264  loss=0.2682
  batch 120/264  loss=0.3030
  batch 130/264  loss=0.3860
  batch 140/264  loss=0.2810
  batch 150/264  loss=0.3060
  batch 160/264  loss=0.4266
  batch 170/264  loss=0.3625
  batch 180/264  loss=0.5650
  batch 190/264  loss=0.3830
  batch 200/264  loss=0.3075
  batch 210/264  loss=0.3533
  batch 220/264  loss=0.4880
  batch 230/264  loss=0.3922
  batch 240/264  loss=0.3575
  batch 250/264  loss=0.3350
  batch 260/264  loss=0.3934
Epoch 166/300  train=4.068e-01  rmse=1.7748  lr=1.0e-04  232s
  batch 10/264  loss=0.5340
  batch 20/264  loss=0.4840
  batch 30/264  loss=0.2751
  batch 40/264  loss=0.3666
  batch 50/264  loss=0.4246
  batch 60/264  loss=0.4846
  batch 70/264  loss=0.3716
  batch 80/264  loss=0.3760
  batch 90/264  loss=0.5484
  batch 100/264  loss=0.3983
  batch 110/264  loss=0.3481
  batch 120/264  loss=0.3313
  batch 130/264  loss=0.4849
  batch 140/264  loss=0.3900
  batch 150/264  loss=0.3108
  batch 160/264  loss=0.3733
  batch 170/264  loss=0.3556
  batch 180/264  loss=0.3586
  batch 190/264  loss=0.3718
  batch 200/264  loss=0.4077
  batch 210/264  loss=0.7267
  batch 220/264  loss=0.5087
  batch 230/264  loss=0.6589
  batch 240/264  loss=0.4960
  batch 250/264  loss=0.5684
  batch 260/264  loss=0.3601
Epoch 167/300  train=4.061e-01  rmse=2.6323  lr=1.0e-04  232s
  batch 10/264  loss=0.3005
  batch 20/264  loss=0.4493
  batch 30/264  loss=0.4715
  batch 40/264  loss=0.4743
  batch 50/264  loss=0.3375
  batch 60/264  loss=0.6153
  batch 70/264  loss=0.4689
  batch 80/264  loss=0.5896
  batch 90/264  loss=0.3890
  batch 100/264  loss=0.4567
  batch 110/264  loss=0.7701
  batch 120/264  loss=0.3738
  batch 130/264  loss=0.3819
  batch 140/264  loss=0.5168
  batch 150/264  loss=0.3183
  batch 160/264  loss=0.3555
  batch 170/264  loss=0.3078
  batch 180/264  loss=0.3696
  batch 190/264  loss=0.5255
  batch 200/264  loss=0.3313
  batch 210/264  loss=0.4640
  batch 220/264  loss=0.4589
  batch 230/264  loss=0.3725
  batch 240/264  loss=0.3281
  batch 250/264  loss=0.6116
  batch 260/264  loss=0.4034
Epoch 168/300  train=4.045e-01  rmse=2.7523  lr=1.0e-04  231s
  batch 10/264  loss=0.2928
  batch 20/264  loss=0.3439
  batch 30/264  loss=0.3998
  batch 40/264  loss=0.3702
  batch 50/264  loss=0.3766
  batch 60/264  loss=0.3193
  batch 70/264  loss=0.4346
  batch 80/264  loss=0.3660
  batch 90/264  loss=0.4255
  batch 100/264  loss=0.3417
  batch 110/264  loss=0.4676
  batch 120/264  loss=0.4039
  batch 130/264  loss=0.4244
  batch 140/264  loss=0.4519
  batch 150/264  loss=0.7445
  batch 160/264  loss=0.3978
  batch 170/264  loss=0.3299
  batch 180/264  loss=0.5147
  batch 190/264  loss=0.3654
  batch 200/264  loss=0.3145
  batch 210/264  loss=0.3692
  batch 220/264  loss=0.2952
  batch 230/264  loss=0.4241
  batch 240/264  loss=0.4709
  batch 250/264  loss=0.5638
  batch 260/264  loss=0.8052
Epoch 169/300  train=4.047e-01  rmse=2.7694  lr=1.0e-04  231s
  batch 10/264  loss=0.3841
  batch 20/264  loss=0.4001
  batch 30/264  loss=0.3633
  batch 40/264  loss=0.6075
  batch 50/264  loss=0.3908
  batch 60/264  loss=0.4498
  batch 70/264  loss=0.2930
  batch 80/264  loss=0.3095
  batch 90/264  loss=0.3774
  batch 100/264  loss=0.3065
  batch 110/264  loss=0.3228
  batch 120/264  loss=0.3847
  batch 130/264  loss=0.4912
  batch 140/264  loss=0.3248
  batch 150/264  loss=0.3468
  batch 160/264  loss=0.3922
  batch 170/264  loss=0.3626
  batch 180/264  loss=0.6124
  batch 190/264  loss=0.4720
  batch 200/264  loss=0.3459
  batch 210/264  loss=0.4210
  batch 220/264  loss=0.3505
  batch 230/264  loss=0.5342
  batch 240/264  loss=0.4463
  batch 250/264  loss=0.3774
  batch 260/264  loss=0.4277
Epoch 170/300  train=4.014e-01  rmse=2.2885  lr=1.0e-04  232s
  -> best  monitor=4.014e-01
  batch 10/264  loss=0.3489
  batch 20/264  loss=0.3511
  batch 30/264  loss=0.3687
  batch 40/264  loss=0.3884
  batch 50/264  loss=0.3362
  batch 60/264  loss=0.4074
  batch 70/264  loss=0.3615
  batch 80/264  loss=0.2894
  batch 90/264  loss=0.5081
  batch 100/264  loss=0.3396
  batch 110/264  loss=0.3184
  batch 120/264  loss=0.3603
  batch 130/264  loss=0.3445
  batch 140/264  loss=0.3612
  batch 150/264  loss=0.4008
  batch 160/264  loss=0.4693
  batch 170/264  loss=0.3392
  batch 180/264  loss=0.3084
  batch 190/264  loss=0.3264
  batch 200/264  loss=0.4651
  batch 210/264  loss=0.3702
  batch 220/264  loss=0.4518
  batch 230/264  loss=0.4174
  batch 240/264  loss=0.7555
  batch 250/264  loss=0.3301
  batch 260/264  loss=0.4047
Epoch 171/300  train=4.056e-01  rmse=1.7497  lr=1.0e-04  232s
  batch 10/264  loss=0.3623
  batch 20/264  loss=0.4325
  batch 30/264  loss=0.4275
  batch 40/264  loss=0.3622
  batch 50/264  loss=0.3414
  batch 60/264  loss=0.3779
  batch 70/264  loss=0.3031
  batch 80/264  loss=0.3169
  batch 90/264  loss=0.3046
  batch 100/264  loss=0.3421
  batch 110/264  loss=0.3736
  batch 120/264  loss=0.3928
  batch 130/264  loss=0.3526
  batch 140/264  loss=0.6124
  batch 150/264  loss=0.4223
  batch 160/264  loss=0.5077
  batch 170/264  loss=0.3440
  batch 180/264  loss=0.3233
  batch 190/264  loss=0.3388
  batch 200/264  loss=0.3206
  batch 210/264  loss=0.4034
  batch 220/264  loss=0.4087
  batch 230/264  loss=0.4185
  batch 240/264  loss=0.3030
  batch 250/264  loss=0.4567
  batch 260/264  loss=0.3451
Epoch 172/300  train=4.073e-01  rmse=2.0766  lr=1.0e-04  229s
  batch 10/264  loss=0.5735
  batch 20/264  loss=0.2939
  batch 30/264  loss=0.4663
  batch 40/264  loss=0.3196
  batch 50/264  loss=0.3705
  batch 60/264  loss=0.4567
  batch 70/264  loss=0.3823
  batch 80/264  loss=0.3439
  batch 90/264  loss=0.3908
  batch 100/264  loss=0.3193
  batch 110/264  loss=0.3914
  batch 120/264  loss=0.3468
  batch 130/264  loss=0.5232
  batch 140/264  loss=0.4158
  batch 150/264  loss=0.4214
  batch 160/264  loss=0.4724
  batch 170/264  loss=0.3246
  batch 180/264  loss=0.3295
  batch 190/264  loss=0.3090
  batch 200/264  loss=0.3030
  batch 210/264  loss=0.3655
  batch 220/264  loss=0.3865
  batch 230/264  loss=0.3923
  batch 240/264  loss=0.3245
  batch 250/264  loss=0.5178
  batch 260/264  loss=0.4076
Epoch 173/300  train=4.057e-01  rmse=1.7900  lr=1.0e-04  231s
  batch 10/264  loss=0.3924
  batch 20/264  loss=0.3234
  batch 30/264  loss=0.3539
  batch 40/264  loss=0.3036
  batch 50/264  loss=0.3325
  batch 60/264  loss=0.3010
  batch 70/264  loss=0.4660
  batch 80/264  loss=0.4165
  batch 90/264  loss=0.3410
  batch 100/264  loss=0.3391
  batch 110/264  loss=0.3523
  batch 120/264  loss=0.3480
  batch 130/264  loss=0.5141
  batch 140/264  loss=0.3445
  batch 150/264  loss=0.6984
  batch 160/264  loss=0.3431
  batch 170/264  loss=0.3211
  batch 180/264  loss=0.3788
  batch 190/264  loss=0.3688
  batch 200/264  loss=0.3212
  batch 210/264  loss=0.5216
  batch 220/264  loss=0.4492
  batch 230/264  loss=0.3632
  batch 240/264  loss=0.3678
  batch 250/264  loss=0.3594
  batch 260/264  loss=0.4643
Epoch 174/300  train=4.012e-01  rmse=1.7184  lr=1.0e-04  230s
  -> best  monitor=4.012e-01
  batch 10/264  loss=0.3927
  batch 20/264  loss=0.5500
  batch 30/264  loss=0.5939
  batch 40/264  loss=0.3954
  batch 50/264  loss=0.5865
  batch 60/264  loss=0.3957
  batch 70/264  loss=0.2923
  batch 80/264  loss=0.3444
  batch 90/264  loss=0.3305
  batch 100/264  loss=0.3234
  batch 110/264  loss=0.3749
  batch 120/264  loss=0.5883
  batch 130/264  loss=0.5761
  batch 140/264  loss=0.3824
  batch 150/264  loss=0.3203
  batch 160/264  loss=0.3712
  batch 170/264  loss=0.4657
  batch 180/264  loss=0.4279
  batch 190/264  loss=0.3493
  batch 200/264  loss=0.2996
  batch 210/264  loss=0.3645
  batch 220/264  loss=0.3751
  batch 230/264  loss=0.4633
  batch 240/264  loss=0.3909
  batch 250/264  loss=0.3998
  batch 260/264  loss=0.6062
Epoch 175/300  train=3.993e-01  rmse=3.6655  lr=1.0e-04  233s
  -> best  monitor=3.993e-01
  batch 10/264  loss=0.3422
  batch 20/264  loss=0.3450
  batch 30/264  loss=0.5217
  batch 40/264  loss=0.4309
  batch 50/264  loss=0.3065
  batch 60/264  loss=0.3635
  batch 70/264  loss=0.3165
  batch 80/264  loss=0.4956
  batch 90/264  loss=0.2570
  batch 100/264  loss=0.4183
  batch 110/264  loss=0.3458
  batch 120/264  loss=0.4210
  batch 130/264  loss=0.3726
  batch 140/264  loss=0.4984
  batch 150/264  loss=0.3128
  batch 160/264  loss=0.5180
  batch 170/264  loss=0.2639
  batch 180/264  loss=0.5006
  batch 190/264  loss=0.4160
  batch 200/264  loss=0.3212
  batch 210/264  loss=0.5163
  batch 220/264  loss=0.3956
  batch 230/264  loss=0.4058
  batch 240/264  loss=0.3265
  batch 250/264  loss=0.4364
  batch 260/264  loss=0.4240
Epoch 176/300  train=4.099e-01  rmse=2.3962  lr=1.0e-04  231s
  batch 10/264  loss=0.6071
  batch 20/264  loss=0.3289
  batch 30/264  loss=0.3611
  batch 40/264  loss=0.5922
  batch 50/264  loss=0.3626
  batch 60/264  loss=0.3482
  batch 70/264  loss=0.4400
  batch 80/264  loss=0.4021
  batch 90/264  loss=0.3160
  batch 100/264  loss=0.2970
  batch 110/264  loss=0.3748
  batch 120/264  loss=0.5830
  batch 130/264  loss=0.3274
  batch 140/264  loss=0.5102
  batch 150/264  loss=0.4262
  batch 160/264  loss=0.3806
  batch 170/264  loss=0.3362
  batch 180/264  loss=0.5855
  batch 190/264  loss=0.3131
  batch 200/264  loss=0.3046
  batch 210/264  loss=0.4908
  batch 220/264  loss=0.2957
  batch 230/264  loss=0.3104
  batch 240/264  loss=0.3933
  batch 250/264  loss=0.3909
  batch 260/264  loss=0.3009
Epoch 177/300  train=4.033e-01  rmse=1.9092  lr=1.0e-04  232s
  batch 10/264  loss=0.3115
  batch 20/264  loss=0.3150
  batch 30/264  loss=0.3197
  batch 40/264  loss=0.3886
  batch 50/264  loss=0.4127
  batch 60/264  loss=0.3572
  batch 70/264  loss=0.6356
  batch 80/264  loss=0.3692
  batch 90/264  loss=0.3303
  batch 100/264  loss=0.4889
  batch 110/264  loss=0.3547
  batch 120/264  loss=0.3527
  batch 130/264  loss=0.3151
  batch 140/264  loss=0.3733
  batch 150/264  loss=0.4145
  batch 160/264  loss=0.2652
  batch 170/264  loss=0.6418
  batch 180/264  loss=0.3395
  batch 190/264  loss=0.4394
  batch 200/264  loss=0.5240
  batch 210/264  loss=0.3579
  batch 220/264  loss=0.3825
  batch 230/264  loss=0.5273
  batch 240/264  loss=0.4759
  batch 250/264  loss=0.4960
  batch 260/264  loss=0.3039
Epoch 178/300  train=3.970e-01  rmse=2.0571  lr=1.0e-04  231s
  -> best  monitor=3.970e-01
  batch 10/264  loss=0.3572
  batch 20/264  loss=0.4707
  batch 30/264  loss=0.5628
  batch 40/264  loss=0.4493
  batch 50/264  loss=0.2736
  batch 60/264  loss=0.3165
  batch 70/264  loss=0.3553
  batch 80/264  loss=0.3503
  batch 90/264  loss=0.3181
  batch 100/264  loss=0.2969
  batch 110/264  loss=0.4979
  batch 120/264  loss=0.5389
  batch 130/264  loss=0.3736
  batch 140/264  loss=0.3698
  batch 150/264  loss=0.3914
  batch 160/264  loss=0.3308
  batch 170/264  loss=0.3675
  batch 180/264  loss=0.3434
  batch 190/264  loss=0.3999
  batch 200/264  loss=0.3496
  batch 210/264  loss=0.3693
  batch 220/264  loss=0.4527
  batch 230/264  loss=0.4108
  batch 240/264  loss=0.3638
  batch 250/264  loss=0.4662
  batch 260/264  loss=0.3358
Epoch 179/300  train=3.951e-01  rmse=1.9486  lr=1.0e-04  232s
  -> best  monitor=3.951e-01
  batch 10/264  loss=0.3733
  batch 20/264  loss=0.4611
  batch 30/264  loss=0.3570
  batch 40/264  loss=0.2963
  batch 50/264  loss=0.3687
  batch 60/264  loss=0.3996
  batch 70/264  loss=0.6852
  batch 80/264  loss=0.3193
  batch 90/264  loss=0.3196
  batch 100/264  loss=0.2939
  batch 110/264  loss=0.5858
  batch 120/264  loss=0.3141
  batch 130/264  loss=0.4013
  batch 140/264  loss=0.3234
  batch 150/264  loss=0.3469
  batch 160/264  loss=0.4066
  batch 170/264  loss=0.3648
  batch 180/264  loss=0.3174
  batch 190/264  loss=0.6036
  batch 200/264  loss=0.2989
  batch 210/264  loss=0.4894
  batch 220/264  loss=0.3929
  batch 230/264  loss=0.4762
  batch 240/264  loss=0.3812
  batch 250/264  loss=0.3764
  batch 260/264  loss=0.2913
Epoch 180/300  train=3.925e-01  rmse=2.3374  lr=1.0e-04  231s
  -> best  monitor=3.925e-01
  batch 10/264  loss=0.5076
  batch 20/264  loss=0.3664
  batch 30/264  loss=0.5162
  batch 40/264  loss=0.3112
  batch 50/264  loss=0.4448
  batch 60/264  loss=0.3140
  batch 70/264  loss=0.5119
  batch 80/264  loss=0.3575
  batch 90/264  loss=0.3305
  batch 100/264  loss=0.3303
  batch 110/264  loss=0.4314
  batch 120/264  loss=0.3087
  batch 130/264  loss=0.3593
  batch 140/264  loss=0.3032
  batch 150/264  loss=0.4044
  batch 160/264  loss=0.3808
  batch 170/264  loss=0.3720
  batch 180/264  loss=0.3363
  batch 190/264  loss=0.3666
  batch 200/264  loss=0.3235
  batch 210/264  loss=0.3918
  batch 220/264  loss=0.2708
  batch 230/264  loss=0.4677
  batch 240/264  loss=0.3323
  batch 250/264  loss=0.3766
  batch 260/264  loss=0.3570
Epoch 181/300  train=3.980e-01  rmse=1.9224  lr=1.0e-04  231s
  batch 10/264  loss=0.3527
  batch 20/264  loss=0.2786
  batch 30/264  loss=0.3538
  batch 40/264  loss=0.3533
  batch 50/264  loss=0.4395
  batch 60/264  loss=0.4034
  batch 70/264  loss=0.3282
  batch 80/264  loss=0.6040
  batch 90/264  loss=0.3035
  batch 100/264  loss=0.3315
  batch 110/264  loss=0.3571
  batch 120/264  loss=0.4878
  batch 130/264  loss=0.3691
  batch 140/264  loss=0.4129
  batch 150/264  loss=0.3604
  batch 160/264  loss=0.4753
  batch 170/264  loss=0.3806
  batch 180/264  loss=0.5036
  batch 190/264  loss=0.4085
  batch 200/264  loss=0.4247
  batch 210/264  loss=0.4137
  batch 220/264  loss=0.9171
  batch 230/264  loss=0.5485
  batch 240/264  loss=0.5503
  batch 250/264  loss=0.3599
  batch 260/264  loss=0.3891
Epoch 182/300  train=4.007e-01  rmse=2.3614  lr=1.0e-04  233s
  batch 10/264  loss=0.4187
  batch 20/264  loss=0.4086
  batch 30/264  loss=0.3488
  batch 40/264  loss=0.3122
  batch 50/264  loss=0.3614
  batch 60/264  loss=0.3301
  batch 70/264  loss=0.4915
  batch 80/264  loss=0.3879
  batch 90/264  loss=0.5201
  batch 100/264  loss=0.3219
  batch 110/264  loss=0.3664
  batch 120/264  loss=0.3620
  batch 130/264  loss=0.3226
  batch 140/264  loss=0.3454
  batch 150/264  loss=0.3280
  batch 160/264  loss=0.3190
  batch 170/264  loss=0.4375
  batch 180/264  loss=0.3944
  batch 190/264  loss=0.4548
  batch 200/264  loss=0.3266
  batch 210/264  loss=0.3427
  batch 220/264  loss=0.3395
  batch 230/264  loss=0.5088
  batch 240/264  loss=0.3075
  batch 250/264  loss=0.2929
  batch 260/264  loss=0.3222
Epoch 183/300  train=3.906e-01  rmse=2.7122  lr=1.0e-04  235s
  -> best  monitor=3.906e-01
  batch 10/264  loss=0.2825
  batch 20/264  loss=0.3015
  batch 30/264  loss=0.3211
  batch 40/264  loss=0.4617
  batch 50/264  loss=0.3761
  batch 60/264  loss=0.3818
  batch 70/264  loss=0.3487
  batch 80/264  loss=0.3056
  batch 90/264  loss=0.3945
  batch 100/264  loss=0.5438
  batch 110/264  loss=0.3868
  batch 120/264  loss=0.3168
  batch 130/264  loss=0.3999
  batch 140/264  loss=0.3852
  batch 150/264  loss=0.3351
  batch 160/264  loss=0.4474
  batch 170/264  loss=0.3139
  batch 180/264  loss=0.3421
  batch 190/264  loss=0.3624
  batch 200/264  loss=0.3656
  batch 210/264  loss=0.4247
  batch 220/264  loss=0.3348
  batch 230/264  loss=0.3681
  batch 240/264  loss=0.4150
  batch 250/264  loss=0.3466
  batch 260/264  loss=0.4049
Epoch 184/300  train=3.986e-01  rmse=2.4224  lr=1.0e-04  234s
  batch 10/264  loss=0.3179
  batch 20/264  loss=0.3626
  batch 30/264  loss=0.3386
  batch 40/264  loss=0.6802
  batch 50/264  loss=0.3867
  batch 60/264  loss=0.3879
  batch 70/264  loss=0.5682
  batch 80/264  loss=0.4025
  batch 90/264  loss=0.3539
  batch 100/264  loss=0.4592
  batch 110/264  loss=0.4290
  batch 120/264  loss=0.4569
  batch 130/264  loss=0.4624
  batch 140/264  loss=0.3760
  batch 150/264  loss=0.3706
  batch 160/264  loss=0.3661
  batch 170/264  loss=0.2850
  batch 180/264  loss=0.4659
  batch 190/264  loss=0.2917
  batch 200/264  loss=0.2987
  batch 210/264  loss=0.3911
  batch 220/264  loss=0.6832
  batch 230/264  loss=0.3016
  batch 240/264  loss=0.3001
  batch 250/264  loss=0.4843
  batch 260/264  loss=0.3085
Epoch 185/300  train=3.977e-01  rmse=1.9289  lr=1.0e-04  233s
  batch 10/264  loss=0.3668
  batch 20/264  loss=0.4074
  batch 30/264  loss=0.3335
  batch 40/264  loss=0.3480
  batch 50/264  loss=0.3702
  batch 60/264  loss=0.3756
  batch 70/264  loss=0.2687
  batch 80/264  loss=0.4203
  batch 90/264  loss=0.3505
  batch 100/264  loss=0.4097
  batch 110/264  loss=0.3716
  batch 120/264  loss=0.3579
  batch 130/264  loss=0.3561
  batch 140/264  loss=0.3016
  batch 150/264  loss=0.3680
  batch 160/264  loss=0.3307
  batch 170/264  loss=0.3402
  batch 180/264  loss=0.3332
  batch 190/264  loss=0.3540
  batch 200/264  loss=0.3399
  batch 210/264  loss=0.3539
  batch 220/264  loss=0.3089
  batch 230/264  loss=0.3883
  batch 240/264  loss=0.3697
  batch 250/264  loss=0.3306
  batch 260/264  loss=0.4644
Epoch 186/300  train=3.913e-01  rmse=2.7606  lr=1.0e-04  234s
  batch 10/264  loss=0.3068
  batch 20/264  loss=0.4208
  batch 30/264  loss=0.4371
  batch 40/264  loss=0.2939
  batch 50/264  loss=0.3600
  batch 60/264  loss=0.4744
  batch 70/264  loss=0.4274
  batch 80/264  loss=0.3302
  batch 90/264  loss=0.3650
  batch 100/264  loss=0.3079
  batch 110/264  loss=0.3351
  batch 120/264  loss=0.3682
  batch 130/264  loss=0.4768
  batch 140/264  loss=0.3217
  batch 150/264  loss=0.5575
  batch 160/264  loss=0.4174
  batch 170/264  loss=0.3566
  batch 180/264  loss=0.3788
  batch 190/264  loss=0.4295
  batch 200/264  loss=0.3460
  batch 210/264  loss=0.4695
  batch 220/264  loss=0.3851
  batch 230/264  loss=0.3361
  batch 240/264  loss=0.4259
  batch 250/264  loss=0.3266
  batch 260/264  loss=0.4004
Epoch 187/300  train=3.944e-01  rmse=3.4531  lr=1.0e-04  232s
  batch 10/264  loss=0.3393
  batch 20/264  loss=0.5229
  batch 30/264  loss=0.3237
  batch 40/264  loss=0.2938
  batch 50/264  loss=0.3320
  batch 60/264  loss=0.3478
  batch 70/264  loss=0.3855
  batch 80/264  loss=0.3639
  batch 90/264  loss=0.4120
  batch 100/264  loss=0.3896
  batch 110/264  loss=0.3193
  batch 120/264  loss=0.2974
  batch 130/264  loss=0.3247
  batch 140/264  loss=0.5765
  batch 150/264  loss=0.3205
  batch 160/264  loss=0.4282
  batch 170/264  loss=0.3550
  batch 180/264  loss=0.3614
  batch 190/264  loss=0.3211
  batch 200/264  loss=0.3641
  batch 210/264  loss=0.3745
  batch 220/264  loss=0.3184
  batch 230/264  loss=0.3252
  batch 240/264  loss=0.4666
  batch 250/264  loss=0.2901
  batch 260/264  loss=0.3999
Epoch 188/300  train=3.930e-01  rmse=2.1275  lr=1.0e-04  231s
  batch 10/264  loss=0.7306
  batch 20/264  loss=0.3514
  batch 30/264  loss=0.3990
  batch 40/264  loss=0.3808
  batch 50/264  loss=0.3353
  batch 60/264  loss=0.3590
  batch 70/264  loss=0.6314
  batch 80/264  loss=0.4477
  batch 90/264  loss=0.3519
  batch 100/264  loss=0.3593
  batch 110/264  loss=0.3312
  batch 120/264  loss=0.3637
  batch 130/264  loss=0.3786
  batch 140/264  loss=0.3588
  batch 150/264  loss=0.3404
  batch 160/264  loss=0.5008
  batch 170/264  loss=0.3315
  batch 180/264  loss=0.4427
  batch 190/264  loss=0.3197
  batch 200/264  loss=0.3822
  batch 210/264  loss=0.4313
  batch 220/264  loss=0.3088
  batch 230/264  loss=0.3766
  batch 240/264  loss=0.5472
  batch 250/264  loss=0.4243
  batch 260/264  loss=0.3580
Epoch 189/300  train=3.965e-01  rmse=3.4521  lr=1.0e-04  232s
  batch 10/264  loss=0.3699
  batch 20/264  loss=0.4903
  batch 30/264  loss=0.2980
  batch 40/264  loss=0.3602
  batch 50/264  loss=0.2896
  batch 60/264  loss=0.3040
  batch 70/264  loss=0.5105
  batch 80/264  loss=0.4444
  batch 90/264  loss=0.3671
  batch 100/264  loss=0.3844
  batch 110/264  loss=0.3729
  batch 120/264  loss=0.3717
  batch 130/264  loss=0.4839
  batch 140/264  loss=0.3858
  batch 150/264  loss=0.3971
  batch 160/264  loss=0.4280
  batch 170/264  loss=0.3679
  batch 180/264  loss=0.3196
  batch 190/264  loss=0.3200
  batch 200/264  loss=0.3242
  batch 210/264  loss=0.2884
  batch 220/264  loss=0.3188
  batch 230/264  loss=0.7705
  batch 240/264  loss=0.3297
  batch 250/264  loss=0.3648
  batch 260/264  loss=0.4460
Epoch 190/300  train=3.970e-01  rmse=2.0592  lr=1.0e-04  232s
  batch 10/264  loss=0.3852
  batch 20/264  loss=0.4136
  batch 30/264  loss=0.3541
  batch 40/264  loss=0.4119
  batch 50/264  loss=0.5211
  batch 60/264  loss=0.3823
  batch 70/264  loss=0.3093
  batch 80/264  loss=0.3765
  batch 90/264  loss=0.3685
  batch 100/264  loss=0.3934
  batch 110/264  loss=0.3505
  batch 120/264  loss=0.3423
  batch 130/264  loss=0.3751
  batch 140/264  loss=0.4037
  batch 150/264  loss=0.3425
  batch 160/264  loss=0.3187
  batch 170/264  loss=0.3413
  batch 180/264  loss=0.5760
  batch 190/264  loss=0.3320
  batch 200/264  loss=0.3832
  batch 210/264  loss=0.4196
  batch 220/264  loss=0.3151
  batch 230/264  loss=0.5530
  batch 240/264  loss=0.3545
  batch 250/264  loss=0.3311
  batch 260/264  loss=0.3303
Epoch 191/300  train=3.937e-01  rmse=2.1445  lr=1.0e-04  231s
  batch 10/264  loss=0.3786
  batch 20/264  loss=0.3884
  batch 30/264  loss=0.3297
  batch 40/264  loss=0.4504
  batch 50/264  loss=0.5373
  batch 60/264  loss=0.3908
  batch 70/264  loss=0.7519
  batch 80/264  loss=0.4187
  batch 90/264  loss=0.3642
  batch 100/264  loss=0.3081
  batch 110/264  loss=0.3444
  batch 120/264  loss=0.3547
  batch 130/264  loss=0.3154
  batch 140/264  loss=0.2852
  batch 150/264  loss=0.6564
  batch 160/264  loss=0.3744
  batch 170/264  loss=0.4767
  batch 180/264  loss=0.4569
  batch 190/264  loss=0.2974
  batch 200/264  loss=0.5134
  batch 210/264  loss=0.4029
  batch 220/264  loss=0.4353
  batch 230/264  loss=0.4904
  batch 240/264  loss=0.4700
  batch 250/264  loss=0.3226
  batch 260/264  loss=0.4445
Epoch 192/300  train=3.946e-01  rmse=1.7491  lr=1.0e-04  233s
  batch 10/264  loss=0.4434
  batch 20/264  loss=0.3469
  batch 30/264  loss=0.3751
  batch 40/264  loss=0.3910
  batch 50/264  loss=0.3149
  batch 60/264  loss=0.3721
  batch 70/264  loss=0.3456
  batch 80/264  loss=0.3348
  batch 90/264  loss=0.4617
  batch 100/264  loss=0.3124
  batch 110/264  loss=0.4174
  batch 120/264  loss=0.4271
  batch 130/264  loss=0.3453
  batch 140/264  loss=0.2974
  batch 150/264  loss=0.3210
  batch 160/264  loss=0.3209
  batch 170/264  loss=0.4829
  batch 180/264  loss=0.6283
  batch 190/264  loss=0.3114
  batch 200/264  loss=0.4179
  batch 210/264  loss=0.3287
  batch 220/264  loss=0.3913
  batch 230/264  loss=0.4917
  batch 240/264  loss=0.3835
  batch 250/264  loss=0.3839
  batch 260/264  loss=0.4570
Epoch 193/300  train=3.934e-01  rmse=2.3490  lr=1.0e-04  231s
  batch 10/264  loss=0.3272
  batch 20/264  loss=0.3417
  batch 30/264  loss=0.3574
  batch 40/264  loss=0.3961
  batch 50/264  loss=0.5143
  batch 60/264  loss=0.3098
  batch 70/264  loss=0.3981
  batch 80/264  loss=0.3476
  batch 90/264  loss=0.3334
  batch 100/264  loss=0.4804
  batch 110/264  loss=0.3134
  batch 120/264  loss=0.4718
  batch 130/264  loss=0.4327
  batch 140/264  loss=0.6388
  batch 150/264  loss=0.5604
  batch 160/264  loss=0.3338
  batch 170/264  loss=0.4000
  batch 180/264  loss=0.3296
  batch 190/264  loss=0.3152
  batch 200/264  loss=0.3595
  batch 210/264  loss=0.4126
  batch 220/264  loss=0.4325
  batch 230/264  loss=0.3641
  batch 240/264  loss=0.3543
  batch 250/264  loss=0.3497
  batch 260/264  loss=0.4118
Epoch 194/300  train=3.919e-01  rmse=3.5018  lr=5.0e-05  232s
  batch 10/264  loss=0.3884
  batch 20/264  loss=0.5233
  batch 30/264  loss=0.3157
  batch 40/264  loss=0.4179
  batch 50/264  loss=0.3399
  batch 60/264  loss=0.3450
  batch 70/264  loss=0.3796
  batch 80/264  loss=0.3569
  batch 90/264  loss=0.4480
  batch 100/264  loss=0.4570
  batch 110/264  loss=0.3348
  batch 120/264  loss=0.2849
  batch 130/264  loss=0.3095
  batch 140/264  loss=0.5147
  batch 150/264  loss=0.3178
  batch 160/264  loss=0.3480
  batch 170/264  loss=0.4098
  batch 180/264  loss=0.4150
  batch 190/264  loss=0.3470
  batch 200/264  loss=0.3122
  batch 210/264  loss=0.3204
  batch 220/264  loss=0.4042
  batch 230/264  loss=0.3488
  batch 240/264  loss=0.3932
  batch 250/264  loss=0.2536
  batch 260/264  loss=0.3105
Epoch 195/300  train=3.755e-01  rmse=1.7419  lr=5.0e-05  232s
  -> best  monitor=3.755e-01
  batch 10/264  loss=0.4221
  batch 20/264  loss=0.2782
  batch 30/264  loss=0.4376
  batch 40/264  loss=0.2817
  batch 50/264  loss=0.3721
  batch 60/264  loss=0.3699
  batch 70/264  loss=0.3665
  batch 80/264  loss=0.3421
  batch 90/264  loss=0.3886
  batch 100/264  loss=0.2977
  batch 110/264  loss=0.3739
  batch 120/264  loss=0.2990
  batch 130/264  loss=0.3722
  batch 140/264  loss=0.3420
  batch 150/264  loss=0.3185
  batch 160/264  loss=0.5084
  batch 170/264  loss=0.5268
  batch 180/264  loss=0.3438
  batch 190/264  loss=0.2908
  batch 200/264  loss=0.2828
  batch 210/264  loss=0.4577
  batch 220/264  loss=0.3730
  batch 230/264  loss=0.3635
  batch 240/264  loss=0.3652
  batch 250/264  loss=0.4679
  batch 260/264  loss=0.3511
Epoch 196/300  train=3.750e-01  rmse=2.0370  lr=5.0e-05  232s
  -> best  monitor=3.750e-01
  batch 10/264  loss=0.3226
  batch 20/264  loss=0.2832
  batch 30/264  loss=0.2793
  batch 40/264  loss=0.3966
  batch 50/264  loss=0.3479
  batch 60/264  loss=0.4057
  batch 70/264  loss=0.3312
  batch 80/264  loss=0.5200
  batch 90/264  loss=0.4663
  batch 100/264  loss=0.3737
  batch 110/264  loss=0.3190
  batch 120/264  loss=0.2934
  batch 130/264  loss=0.8145
  batch 140/264  loss=0.4906
  batch 150/264  loss=0.4595
  batch 160/264  loss=0.3381
  batch 170/264  loss=0.3927
  batch 180/264  loss=0.2933
  batch 190/264  loss=0.3042
  batch 200/264  loss=0.3588
  batch 210/264  loss=0.3573
  batch 220/264  loss=0.3552
  batch 230/264  loss=0.4927
  batch 240/264  loss=0.4221
  batch 250/264  loss=0.3498
  batch 260/264  loss=0.3767
Epoch 197/300  train=3.787e-01  rmse=1.9365  lr=5.0e-05  231s
  batch 10/264  loss=0.3493
  batch 20/264  loss=0.3048
  batch 30/264  loss=0.3407
  batch 40/264  loss=0.3173
  batch 50/264  loss=0.3887
  batch 60/264  loss=0.3361
  batch 70/264  loss=0.3047
  batch 80/264  loss=0.4637
  batch 90/264  loss=0.2986
  batch 100/264  loss=0.3032
  batch 110/264  loss=0.3318
  batch 120/264  loss=0.2843
  batch 130/264  loss=0.3627
  batch 140/264  loss=0.3344
  batch 150/264  loss=0.3756
  batch 160/264  loss=0.2904
  batch 170/264  loss=0.4198
  batch 180/264  loss=0.4866
  batch 190/264  loss=0.3459
  batch 200/264  loss=0.3969
  batch 210/264  loss=0.4071
  batch 220/264  loss=0.4548
  batch 230/264  loss=0.3548
  batch 240/264  loss=0.3869
  batch 250/264  loss=0.3213
  batch 260/264  loss=0.3345
Epoch 198/300  train=3.726e-01  rmse=2.0091  lr=5.0e-05  232s
  -> best  monitor=3.726e-01
  batch 10/264  loss=0.2699
  batch 20/264  loss=0.4680
  batch 30/264  loss=0.4373
  batch 40/264  loss=0.3623
  batch 50/264  loss=0.4602
  batch 60/264  loss=0.2700
  batch 70/264  loss=0.3132
  batch 80/264  loss=0.3288
  batch 90/264  loss=0.3373
  batch 100/264  loss=0.3306
  batch 110/264  loss=0.3641
  batch 120/264  loss=0.3821
  batch 130/264  loss=0.3675
  batch 140/264  loss=0.4253
  batch 150/264  loss=0.3283
  batch 160/264  loss=0.4739
  batch 170/264  loss=0.3263
  batch 180/264  loss=0.3059
  batch 190/264  loss=0.5210
  batch 200/264  loss=0.3184
  batch 210/264  loss=0.3131
  batch 220/264  loss=0.3632
  batch 230/264  loss=0.2717
  batch 240/264  loss=0.3497
  batch 250/264  loss=0.3791
  batch 260/264  loss=0.4599
Epoch 199/300  train=3.776e-01  rmse=1.8444  lr=5.0e-05  232s
  batch 10/264  loss=0.4230
  batch 20/264  loss=0.4489
  batch 30/264  loss=0.3572
  batch 40/264  loss=0.4734
  batch 50/264  loss=0.3337
  batch 60/264  loss=0.6114
  batch 70/264  loss=0.4437
  batch 80/264  loss=0.3134
  batch 90/264  loss=0.3781
  batch 100/264  loss=0.3293
  batch 110/264  loss=0.3344
  batch 120/264  loss=0.5112
  batch 130/264  loss=0.3985
  batch 140/264  loss=0.3359
  batch 150/264  loss=0.3859
  batch 160/264  loss=0.3640
  batch 170/264  loss=0.5070
  batch 180/264  loss=0.2980
  batch 190/264  loss=0.3440
  batch 200/264  loss=0.5152
  batch 210/264  loss=0.4963
  batch 220/264  loss=0.5189
  batch 230/264  loss=0.3855
  batch 240/264  loss=0.3015
  batch 250/264  loss=0.3458
  batch 260/264  loss=0.2834
Epoch 200/300  train=3.737e-01  rmse=2.0665  lr=5.0e-05  234s
  batch 10/264  loss=0.3241
  batch 20/264  loss=0.3500
  batch 30/264  loss=0.3343
  batch 40/264  loss=0.3682
  batch 50/264  loss=0.4327
  batch 60/264  loss=0.3128
  batch 70/264  loss=0.3444
  batch 80/264  loss=0.4010
  batch 90/264  loss=0.4004
  batch 100/264  loss=0.3693
  batch 110/264  loss=0.2837
  batch 120/264  loss=0.3828
  batch 130/264  loss=0.3315
  batch 140/264  loss=0.3750
  batch 150/264  loss=0.3213
  batch 160/264  loss=0.3694
  batch 170/264  loss=0.4825
  batch 180/264  loss=0.4404
  batch 190/264  loss=0.3503
  batch 200/264  loss=0.5366
  batch 210/264  loss=0.3060
  batch 220/264  loss=0.5166
  batch 230/264  loss=0.2777
  batch 240/264  loss=0.3648
  batch 250/264  loss=0.3263
  batch 260/264  loss=0.3060
Epoch 201/300  train=3.736e-01  rmse=2.0808  lr=5.0e-05  237s
  batch 10/264  loss=0.3155
  batch 20/264  loss=0.4148
  batch 30/264  loss=0.4050
  batch 40/264  loss=0.3421
  batch 50/264  loss=0.3791
  batch 60/264  loss=0.3360
  batch 70/264  loss=0.3619
  batch 80/264  loss=0.5577
  batch 90/264  loss=0.2974
  batch 100/264  loss=0.4476
  batch 110/264  loss=0.2599
  batch 120/264  loss=0.3168
  batch 130/264  loss=0.2736
  batch 140/264  loss=0.4648
  batch 150/264  loss=0.4059
  batch 160/264  loss=0.3213
  batch 170/264  loss=0.4388
  batch 180/264  loss=0.4254
  batch 190/264  loss=0.3028
  batch 200/264  loss=0.2888
  batch 210/264  loss=0.3231
  batch 220/264  loss=0.4078
  batch 230/264  loss=0.4185
  batch 240/264  loss=0.3067
  batch 250/264  loss=0.4686
  batch 260/264  loss=0.4489
Epoch 202/300  train=3.724e-01  rmse=2.0443  lr=5.0e-05  238s
  -> best  monitor=3.724e-01
  batch 10/264  loss=0.4728
  batch 20/264  loss=0.4726
  batch 30/264  loss=0.3625
  batch 40/264  loss=0.3231
  batch 50/264  loss=0.3601
  batch 60/264  loss=0.3734
  batch 70/264  loss=0.3782
  batch 80/264  loss=0.4921
  batch 90/264  loss=0.2848
  batch 100/264  loss=0.3053
  batch 110/264  loss=0.2881
  batch 120/264  loss=0.4711
  batch 130/264  loss=0.3717
  batch 140/264  loss=0.3201
  batch 150/264  loss=0.3321
  batch 160/264  loss=0.3189
  batch 170/264  loss=0.3014
  batch 180/264  loss=0.3851
  batch 190/264  loss=0.5497
  batch 200/264  loss=0.2607
  batch 210/264  loss=0.3111
  batch 220/264  loss=0.3937
  batch 230/264  loss=0.4249
  batch 240/264  loss=0.2907
  batch 250/264  loss=0.4139
  batch 260/264  loss=0.3100
Epoch 203/300  train=3.742e-01  rmse=1.7407  lr=5.0e-05  238s
  batch 10/264  loss=0.2880
  batch 20/264  loss=0.3554
  batch 30/264  loss=0.3542
  batch 40/264  loss=0.3060
  batch 50/264  loss=0.4172
  batch 60/264  loss=0.2883
  batch 70/264  loss=0.3413
  batch 80/264  loss=0.3424
  batch 90/264  loss=0.3055
  batch 100/264  loss=0.4939
  batch 110/264  loss=0.3033
  batch 120/264  loss=0.3897
  batch 130/264  loss=0.4705
  batch 140/264  loss=0.5328
  batch 150/264  loss=0.5263
  batch 160/264  loss=0.5206
  batch 170/264  loss=0.3531
  batch 180/264  loss=0.3145
  batch 190/264  loss=0.4291
  batch 200/264  loss=0.3264
  batch 210/264  loss=0.3268
  batch 220/264  loss=0.4284
  batch 230/264  loss=0.2682
  batch 240/264  loss=0.3368
  batch 250/264  loss=0.3332
  batch 260/264  loss=0.3210
Epoch 204/300  train=3.752e-01  rmse=1.9331  lr=5.0e-05  237s
  batch 10/264  loss=0.3600
  batch 20/264  loss=0.3597
  batch 30/264  loss=0.3634
  batch 40/264  loss=0.4357
  batch 50/264  loss=0.4014
  batch 60/264  loss=0.3074
  batch 70/264  loss=0.3980
  batch 80/264  loss=0.3729
  batch 90/264  loss=0.3487
  batch 100/264  loss=0.3727
  batch 110/264  loss=0.3472
  batch 120/264  loss=0.3689
  batch 130/264  loss=0.3784
  batch 140/264  loss=0.3684
  batch 150/264  loss=0.4251
  batch 160/264  loss=0.3010
  batch 170/264  loss=0.3460
  batch 180/264  loss=0.4535
  batch 190/264  loss=0.3181
  batch 200/264  loss=0.3753
  batch 210/264  loss=0.3822
  batch 220/264  loss=0.3413
  batch 230/264  loss=0.5024
  batch 240/264  loss=0.2822
  batch 250/264  loss=0.3882
  batch 260/264  loss=0.5680
Epoch 205/300  train=3.712e-01  rmse=2.2310  lr=5.0e-05  237s
  -> best  monitor=3.712e-01
  batch 10/264  loss=0.3449
  batch 20/264  loss=0.3630
  batch 30/264  loss=0.3509
  batch 40/264  loss=0.3162
  batch 50/264  loss=0.2747
  batch 60/264  loss=0.3914
  batch 70/264  loss=0.3064
  batch 80/264  loss=0.3429
  batch 90/264  loss=0.3584
  batch 100/264  loss=0.2698
  batch 110/264  loss=0.4453
  batch 120/264  loss=0.4431
  batch 130/264  loss=0.5188
  batch 140/264  loss=0.5780
  batch 150/264  loss=0.3489
  batch 160/264  loss=0.3934
  batch 170/264  loss=0.5799
  batch 180/264  loss=0.3316
  batch 190/264  loss=0.3559
  batch 200/264  loss=0.3295
  batch 210/264  loss=0.3178
  batch 220/264  loss=0.3261
  batch 230/264  loss=0.3379
  batch 240/264  loss=0.3496
  batch 250/264  loss=0.3731
  batch 260/264  loss=0.3550
Epoch 206/300  train=3.753e-01  rmse=2.1849  lr=5.0e-05  233s
  batch 10/264  loss=0.4077
  batch 20/264  loss=0.3226
  batch 30/264  loss=0.3612
  batch 40/264  loss=0.2979
  batch 50/264  loss=0.3033
  batch 60/264  loss=0.4056
  batch 70/264  loss=0.6075
  batch 80/264  loss=0.2950
  batch 90/264  loss=0.3319
  batch 100/264  loss=0.5245
  batch 110/264  loss=0.5306
  batch 120/264  loss=0.3121
  batch 130/264  loss=0.2974
  batch 140/264  loss=0.3429
  batch 150/264  loss=0.3519
  batch 160/264  loss=0.3004
  batch 170/264  loss=0.5557
  batch 180/264  loss=0.3282
  batch 190/264  loss=0.3612
  batch 200/264  loss=0.3424
  batch 210/264  loss=0.3516
  batch 220/264  loss=0.3094
  batch 230/264  loss=0.4273
  batch 240/264  loss=0.4173
  batch 250/264  loss=0.3948
  batch 260/264  loss=0.3443
Epoch 207/300  train=3.752e-01  rmse=2.1263  lr=5.0e-05  232s
  batch 10/264  loss=0.3395
  batch 20/264  loss=0.3249
  batch 30/264  loss=0.4309
  batch 40/264  loss=0.4720
  batch 50/264  loss=0.3325
  batch 60/264  loss=0.2961
  batch 70/264  loss=0.3994
  batch 80/264  loss=0.2970
  batch 90/264  loss=0.4510
  batch 100/264  loss=0.4163
  batch 110/264  loss=0.3696
  batch 120/264  loss=0.3626
  batch 130/264  loss=0.2762
  batch 140/264  loss=0.3428
  batch 150/264  loss=0.4188
  batch 160/264  loss=0.5486
  batch 170/264  loss=0.4344
  batch 180/264  loss=0.7148
  batch 190/264  loss=0.2689
  batch 200/264  loss=0.4539
  batch 210/264  loss=0.2918
  batch 220/264  loss=0.3204
  batch 230/264  loss=0.3098
  batch 240/264  loss=0.4181
  batch 250/264  loss=0.3773
  batch 260/264  loss=0.3031
Epoch 208/300  train=3.698e-01  rmse=2.9607  lr=5.0e-05  232s
  -> best  monitor=3.698e-01
  batch 10/264  loss=0.3692
  batch 20/264  loss=0.4854
  batch 30/264  loss=0.2859
  batch 40/264  loss=0.5186
  batch 50/264  loss=0.3237
  batch 60/264  loss=0.3415
  batch 70/264  loss=0.3180
  batch 80/264  loss=0.3672
  batch 90/264  loss=0.2768
  batch 100/264  loss=0.3440
  batch 110/264  loss=0.2793
  batch 120/264  loss=0.4223
  batch 130/264  loss=0.3144
  batch 140/264  loss=0.3433
  batch 150/264  loss=0.4042
  batch 160/264  loss=0.2986
  batch 170/264  loss=0.3221
  batch 180/264  loss=0.3890
  batch 190/264  loss=0.4718
  batch 200/264  loss=0.4213
  batch 210/264  loss=0.3629
  batch 220/264  loss=0.3928
  batch 230/264  loss=0.3243
  batch 240/264  loss=0.4991
  batch 250/264  loss=0.3707
  batch 260/264  loss=0.3617
Epoch 209/300  train=3.694e-01  rmse=2.6324  lr=5.0e-05  232s
  -> best  monitor=3.694e-01
  batch 10/264  loss=0.3879
  batch 20/264  loss=0.3195
  batch 30/264  loss=0.3130
  batch 40/264  loss=0.3339
  batch 50/264  loss=0.3531
  batch 60/264  loss=0.3453
  batch 70/264  loss=0.3778
  batch 80/264  loss=0.3642
  batch 90/264  loss=0.3884
  batch 100/264  loss=0.3560
  batch 110/264  loss=0.3485
  batch 120/264  loss=0.3390
  batch 130/264  loss=0.4028
  batch 140/264  loss=0.3509
  batch 150/264  loss=0.3754
  batch 160/264  loss=0.4507
  batch 170/264  loss=0.3717
  batch 180/264  loss=0.3847
  batch 190/264  loss=0.5147
  batch 200/264  loss=0.5393
  batch 210/264  loss=0.4513
  batch 220/264  loss=0.3289
  batch 230/264  loss=0.3446
  batch 240/264  loss=0.3080
  batch 250/264  loss=0.2989
  batch 260/264  loss=0.2901
Epoch 210/300  train=3.702e-01  rmse=2.1101  lr=5.0e-05  233s
  batch 10/264  loss=0.3426
  batch 20/264  loss=0.4809
  batch 30/264  loss=0.3084
  batch 40/264  loss=0.3309
  batch 50/264  loss=0.4221
  batch 60/264  loss=0.4475
  batch 70/264  loss=0.2715
  batch 80/264  loss=0.4166
  batch 90/264  loss=0.4525
  batch 100/264  loss=0.4805
  batch 110/264  loss=0.3611
  batch 120/264  loss=0.3267
  batch 130/264  loss=0.3180
  batch 140/264  loss=0.3894
  batch 150/264  loss=0.3621
  batch 160/264  loss=0.4816
  batch 170/264  loss=0.3520
  batch 180/264  loss=0.3784
  batch 190/264  loss=0.4160
  batch 200/264  loss=0.3424
  batch 210/264  loss=0.2659
  batch 220/264  loss=0.3411
  batch 230/264  loss=0.3446
  batch 240/264  loss=0.4374
  batch 250/264  loss=0.3458
  batch 260/264  loss=0.3553
Epoch 211/300  train=3.708e-01  rmse=1.9306  lr=5.0e-05  232s
  batch 10/264  loss=0.4635
  batch 20/264  loss=0.4041
  batch 30/264  loss=0.3253
  batch 40/264  loss=0.3528
  batch 50/264  loss=0.3265
  batch 60/264  loss=0.2800
  batch 70/264  loss=0.2844
  batch 80/264  loss=0.3307
  batch 90/264  loss=0.3068
  batch 100/264  loss=0.5040
  batch 110/264  loss=0.3266
  batch 120/264  loss=0.4205
  batch 130/264  loss=0.2868
  batch 140/264  loss=0.3082
  batch 150/264  loss=0.3159
  batch 160/264  loss=0.4470
  batch 170/264  loss=0.3927
  batch 180/264  loss=0.2829
  batch 190/264  loss=0.3797
  batch 200/264  loss=0.2801
  batch 210/264  loss=0.4562
  batch 220/264  loss=0.3944
  batch 230/264  loss=0.2968
  batch 240/264  loss=0.2780
  batch 250/264  loss=0.3898
  batch 260/264  loss=0.4654
Epoch 212/300  train=3.683e-01  rmse=1.9547  lr=5.0e-05  232s
  -> best  monitor=3.683e-01
  batch 10/264  loss=0.3817
  batch 20/264  loss=0.3020
  batch 30/264  loss=0.2694
  batch 40/264  loss=0.3247
  batch 50/264  loss=0.3564
  batch 60/264  loss=0.3075
  batch 70/264  loss=0.3120
  batch 80/264  loss=0.3467
  batch 90/264  loss=0.4567
  batch 100/264  loss=0.3593
  batch 110/264  loss=0.3909
  batch 120/264  loss=0.2922
  batch 130/264  loss=0.3192
  batch 140/264  loss=0.3639
  batch 150/264  loss=0.3064
  batch 160/264  loss=0.3148
  batch 170/264  loss=0.3314
  batch 180/264  loss=0.3484
  batch 190/264  loss=0.3549
  batch 200/264  loss=0.3534
  batch 210/264  loss=0.3641
  batch 220/264  loss=0.3039
  batch 230/264  loss=0.3500
  batch 240/264  loss=0.3769
  batch 250/264  loss=0.4963
  batch 260/264  loss=0.3146
Epoch 213/300  train=3.667e-01  rmse=6.3710  lr=5.0e-05  233s
  -> best  monitor=3.667e-01
  batch 10/264  loss=0.4400
  batch 20/264  loss=0.3054
  batch 30/264  loss=0.2683
  batch 40/264  loss=0.3653
  batch 50/264  loss=0.3046
  batch 60/264  loss=0.3747
  batch 70/264  loss=0.5021
  batch 80/264  loss=0.5350
  batch 90/264  loss=0.4024
  batch 100/264  loss=0.2983
  batch 110/264  loss=0.4077
  batch 120/264  loss=0.3640
  batch 130/264  loss=0.3531
  batch 140/264  loss=0.3224
  batch 150/264  loss=0.4729
  batch 160/264  loss=0.3266
  batch 170/264  loss=0.4606
  batch 180/264  loss=0.3654
  batch 190/264  loss=0.4350
  batch 200/264  loss=0.3250
  batch 210/264  loss=0.3452
  batch 220/264  loss=0.3588
  batch 230/264  loss=0.2905
  batch 240/264  loss=0.2940
  batch 250/264  loss=0.4331
  batch 260/264  loss=0.3052
Epoch 214/300  train=3.706e-01  rmse=2.1582  lr=5.0e-05  232s
  batch 10/264  loss=0.2977
  batch 20/264  loss=0.3537
  batch 30/264  loss=0.3978
  batch 40/264  loss=0.3539
  batch 50/264  loss=0.4981
  batch 60/264  loss=0.3912
  batch 70/264  loss=0.3255
  batch 80/264  loss=0.3506
  batch 90/264  loss=0.3832
  batch 100/264  loss=0.4662
  batch 110/264  loss=0.3088
  batch 120/264  loss=0.3590
  batch 130/264  loss=0.3836
  batch 140/264  loss=0.3169
  batch 150/264  loss=0.3063
  batch 160/264  loss=0.4105
  batch 170/264  loss=0.3926
  batch 180/264  loss=0.4180
  batch 190/264  loss=0.3050
  batch 200/264  loss=0.4179
  batch 210/264  loss=0.3157
  batch 220/264  loss=0.2946
  batch 230/264  loss=0.2900
  batch 240/264  loss=0.3277
  batch 250/264  loss=0.3480
  batch 260/264  loss=0.2645
Epoch 215/300  train=3.708e-01  rmse=3.5046  lr=5.0e-05  233s
  batch 10/264  loss=0.3423
  batch 20/264  loss=0.6267
  batch 30/264  loss=0.3735
  batch 40/264  loss=0.3527
  batch 50/264  loss=0.3548
  batch 60/264  loss=0.3527
  batch 70/264  loss=0.3600
  batch 80/264  loss=0.4247
  batch 90/264  loss=0.3446
  batch 100/264  loss=0.3274
  batch 110/264  loss=0.3407
  batch 120/264  loss=0.3428
  batch 130/264  loss=0.4504
  batch 140/264  loss=0.2975
  batch 150/264  loss=0.3208
  batch 160/264  loss=0.4274
  batch 170/264  loss=0.4111
  batch 180/264  loss=0.3965
  batch 190/264  loss=0.3686
  batch 200/264  loss=0.3888
  batch 210/264  loss=0.3584
  batch 220/264  loss=0.4959
  batch 230/264  loss=0.3275
  batch 240/264  loss=0.5115
  batch 250/264  loss=0.3772
  batch 260/264  loss=0.4719
Epoch 216/300  train=3.688e-01  rmse=1.9437  lr=5.0e-05  232s
  batch 10/264  loss=0.3023
  batch 20/264  loss=0.4514
  batch 30/264  loss=0.2899
  batch 40/264  loss=0.4361
  batch 50/264  loss=0.4033
  batch 60/264  loss=0.3640
  batch 70/264  loss=0.3838
  batch 80/264  loss=0.3070
  batch 90/264  loss=0.3602
  batch 100/264  loss=0.4074
  batch 110/264  loss=0.3148
  batch 120/264  loss=0.3809
  batch 130/264  loss=0.3895
  batch 140/264  loss=0.3620
  batch 150/264  loss=0.2612
  batch 160/264  loss=0.2754
  batch 170/264  loss=0.2793
  batch 180/264  loss=0.4990
  batch 190/264  loss=0.2975
  batch 200/264  loss=0.4077
  batch 210/264  loss=0.5361
  batch 220/264  loss=0.3219
  batch 230/264  loss=0.2743
  batch 240/264  loss=0.3389
  batch 250/264  loss=0.3424
  batch 260/264  loss=0.3088
Epoch 217/300  train=3.691e-01  rmse=6.5823  lr=5.0e-05  231s
  batch 10/264  loss=0.3996
  batch 20/264  loss=0.3517
  batch 30/264  loss=0.2624
  batch 40/264  loss=0.4699
  batch 50/264  loss=0.3100
  batch 60/264  loss=0.3336
  batch 70/264  loss=0.6134
  batch 80/264  loss=0.4098
  batch 90/264  loss=0.3209
  batch 100/264  loss=0.2986
  batch 110/264  loss=0.3854
  batch 120/264  loss=0.3659
  batch 130/264  loss=0.3544
  batch 140/264  loss=0.3115
  batch 150/264  loss=0.3170
  batch 160/264  loss=0.3689
  batch 170/264  loss=0.2766
  batch 180/264  loss=0.4005
  batch 190/264  loss=0.3344
  batch 200/264  loss=0.3195
  batch 210/264  loss=0.5924
  batch 220/264  loss=0.2990
  batch 230/264  loss=0.2851
  batch 240/264  loss=0.3759
  batch 250/264  loss=0.2860
  batch 260/264  loss=0.4397
Epoch 218/300  train=3.707e-01  rmse=3.7138  lr=5.0e-05  232s
  batch 10/264  loss=0.3501
  batch 20/264  loss=0.4004
  batch 30/264  loss=0.4151
  batch 40/264  loss=0.7398
  batch 50/264  loss=0.2844
  batch 60/264  loss=0.4066
  batch 70/264  loss=0.5317
  batch 80/264  loss=0.3601
  batch 90/264  loss=0.4694
  batch 100/264  loss=0.4136
  batch 110/264  loss=0.3481
  batch 120/264  loss=0.2796
  batch 130/264  loss=0.3740
  batch 140/264  loss=0.3239
  batch 150/264  loss=0.2837
  batch 160/264  loss=0.3851
  batch 170/264  loss=0.4494
  batch 180/264  loss=0.4613
  batch 190/264  loss=0.2776
  batch 200/264  loss=0.3828
  batch 210/264  loss=0.3368
  batch 220/264  loss=0.4124
  batch 230/264  loss=0.3471
  batch 240/264  loss=0.3533
  batch 250/264  loss=0.3102
  batch 260/264  loss=0.4856
Epoch 219/300  train=3.696e-01  rmse=2.0478  lr=5.0e-05  233s
  batch 10/264  loss=0.3414
  batch 20/264  loss=0.5626
  batch 30/264  loss=0.3298
  batch 40/264  loss=0.4872
  batch 50/264  loss=0.3481
  batch 60/264  loss=0.3405
  batch 70/264  loss=0.3254
  batch 80/264  loss=0.3127
  batch 90/264  loss=0.2831
  batch 100/264  loss=0.3843
  batch 110/264  loss=0.3799
  batch 120/264  loss=0.3091
  batch 130/264  loss=0.4203
  batch 140/264  loss=0.2766
  batch 150/264  loss=0.3054
  batch 160/264  loss=0.4842
  batch 170/264  loss=0.4144
  batch 180/264  loss=0.2854
  batch 190/264  loss=0.3253
  batch 200/264  loss=0.3840
  batch 210/264  loss=0.3224
  batch 220/264  loss=0.3763
  batch 230/264  loss=0.2860
  batch 240/264  loss=0.3706
  batch 250/264  loss=0.3418
  batch 260/264  loss=0.5181
Epoch 220/300  train=3.706e-01  rmse=2.1873  lr=5.0e-05  232s
  batch 10/264  loss=0.4539
  batch 20/264  loss=0.2834
  batch 30/264  loss=0.4083
  batch 40/264  loss=0.3567
  batch 50/264  loss=0.3681
  batch 60/264  loss=0.3785
  batch 70/264  loss=0.3920
  batch 80/264  loss=0.4582
  batch 90/264  loss=0.2875
  batch 100/264  loss=0.3359
  batch 110/264  loss=0.3402
  batch 120/264  loss=0.3588
  batch 130/264  loss=0.3349
  batch 140/264  loss=0.4374
  batch 150/264  loss=0.4525
  batch 160/264  loss=0.4020
  batch 170/264  loss=0.3489
  batch 180/264  loss=0.3112
  batch 190/264  loss=0.3278
  batch 200/264  loss=0.3285
  batch 210/264  loss=0.3431
  batch 220/264  loss=0.2636
  batch 230/264  loss=0.3291
  batch 240/264  loss=0.3555
  batch 250/264  loss=0.3834
  batch 260/264  loss=0.2978
Epoch 221/300  train=3.677e-01  rmse=2.1106  lr=5.0e-05  231s
  batch 10/264  loss=0.4486
  batch 20/264  loss=0.2864
  batch 30/264  loss=0.2922
  batch 40/264  loss=0.3548
  batch 50/264  loss=0.5472
  batch 60/264  loss=0.3403
  batch 70/264  loss=0.3349
  batch 80/264  loss=0.3082
  batch 90/264  loss=0.3572
  batch 100/264  loss=0.3693
  batch 110/264  loss=0.3390
  batch 120/264  loss=0.2829
  batch 130/264  loss=0.3241
  batch 140/264  loss=0.3242
  batch 150/264  loss=0.3709
  batch 160/264  loss=0.2842
  batch 170/264  loss=0.3047
  batch 180/264  loss=0.3345
  batch 190/264  loss=0.3468
  batch 200/264  loss=0.2781
  batch 210/264  loss=0.3284
  batch 220/264  loss=0.5933
  batch 230/264  loss=0.3804
  batch 240/264  loss=0.3026
  batch 250/264  loss=0.5558
  batch 260/264  loss=0.3888
Epoch 222/300  train=3.710e-01  rmse=3.5935  lr=5.0e-05  231s
  batch 10/264  loss=0.4345
  batch 20/264  loss=0.2783
  batch 30/264  loss=0.2975
  batch 40/264  loss=0.3576
  batch 50/264  loss=0.4263
  batch 60/264  loss=0.3648
  batch 70/264  loss=0.3715
  batch 80/264  loss=0.3041
  batch 90/264  loss=0.2946
  batch 100/264  loss=0.3439
  batch 110/264  loss=0.3239
  batch 120/264  loss=0.4026
  batch 130/264  loss=0.3679
  batch 140/264  loss=0.3973
  batch 150/264  loss=0.3707
  batch 160/264  loss=0.3146
  batch 170/264  loss=0.2902
  batch 180/264  loss=0.4214
  batch 190/264  loss=0.3601
  batch 200/264  loss=0.4291
  batch 210/264  loss=0.3093
  batch 220/264  loss=0.3297
  batch 230/264  loss=0.3359
  batch 240/264  loss=0.3785
  batch 250/264  loss=0.5324
  batch 260/264  loss=0.5899
Epoch 223/300  train=3.627e-01  rmse=2.1339  lr=5.0e-05  231s
  -> best  monitor=3.627e-01
  batch 10/264  loss=0.3571
  batch 20/264  loss=0.3812
  batch 30/264  loss=0.3639
  batch 40/264  loss=0.3267
  batch 50/264  loss=0.3608
  batch 60/264  loss=0.2950
  batch 70/264  loss=0.2716
  batch 80/264  loss=0.6057
  batch 90/264  loss=0.3008
  batch 100/264  loss=0.3634
  batch 110/264  loss=0.4913
  batch 120/264  loss=0.3543
  batch 130/264  loss=0.3146
  batch 140/264  loss=0.3601
  batch 150/264  loss=0.4890
  batch 160/264  loss=0.3352
  batch 170/264  loss=0.3225
  batch 180/264  loss=0.3927
  batch 190/264  loss=0.5056
  batch 200/264  loss=0.4694
  batch 210/264  loss=0.4926
  batch 220/264  loss=0.3601
  batch 230/264  loss=0.3597
  batch 240/264  loss=0.3898
  batch 250/264  loss=0.3285
  batch 260/264  loss=0.3507
Epoch 224/300  train=3.679e-01  rmse=2.5294  lr=5.0e-05  231s
  batch 10/264  loss=0.2810
  batch 20/264  loss=0.3067
  batch 30/264  loss=0.5055
  batch 40/264  loss=0.3034
  batch 50/264  loss=0.3670
  batch 60/264  loss=0.3433
  batch 70/264  loss=0.2794
  batch 80/264  loss=0.3644
  batch 90/264  loss=0.3101
  batch 100/264  loss=0.2780
  batch 110/264  loss=0.9154
  batch 120/264  loss=0.2999
  batch 130/264  loss=0.3163
  batch 140/264  loss=0.3028
  batch 150/264  loss=0.5521
  batch 160/264  loss=0.2984
  batch 170/264  loss=0.3912
  batch 180/264  loss=0.3143
  batch 190/264  loss=0.3282
  batch 200/264  loss=0.3414
  batch 210/264  loss=0.3739
  batch 220/264  loss=0.3217
  batch 230/264  loss=0.3315
  batch 240/264  loss=0.5262
  batch 250/264  loss=0.3055
  batch 260/264  loss=0.5515
Epoch 225/300  train=3.663e-01  rmse=1.8752  lr=5.0e-05  232s
  batch 10/264  loss=0.2735
  batch 20/264  loss=0.3740
  batch 30/264  loss=0.4254
  batch 40/264  loss=0.3756
  batch 50/264  loss=0.3676
  batch 60/264  loss=0.3946
  batch 70/264  loss=0.3115
  batch 80/264  loss=0.4719
  batch 90/264  loss=0.3303
  batch 100/264  loss=0.2963
  batch 110/264  loss=0.3738
  batch 120/264  loss=0.3501
  batch 130/264  loss=0.5846
  batch 140/264  loss=0.4345
  batch 150/264  loss=0.2994
  batch 160/264  loss=0.5074
  batch 170/264  loss=0.4025
  batch 180/264  loss=0.3984
  batch 190/264  loss=0.3061
  batch 200/264  loss=0.3298
  batch 210/264  loss=0.4589
  batch 220/264  loss=0.2983
  batch 230/264  loss=0.4982
  batch 240/264  loss=0.2693
  batch 250/264  loss=0.3935
  batch 260/264  loss=0.2913
Epoch 226/300  train=3.673e-01  rmse=4.4141  lr=5.0e-05  231s
  batch 10/264  loss=0.3538
  batch 20/264  loss=0.5228
  batch 30/264  loss=0.4541
  batch 40/264  loss=0.3935
  batch 50/264  loss=0.3579
  batch 60/264  loss=0.3001
  batch 70/264  loss=0.3749
  batch 80/264  loss=0.3410
  batch 90/264  loss=0.3128
  batch 100/264  loss=0.3081
  batch 110/264  loss=0.4118
  batch 120/264  loss=0.3021
  batch 130/264  loss=0.2706
  batch 140/264  loss=0.5050
  batch 150/264  loss=0.4617
  batch 160/264  loss=0.2711
  batch 170/264  loss=0.2944
  batch 180/264  loss=0.4035
  batch 190/264  loss=0.3132
  batch 200/264  loss=0.3494
  batch 210/264  loss=0.4017
  batch 220/264  loss=0.3612
  batch 230/264  loss=0.2951
  batch 240/264  loss=0.3377
  batch 250/264  loss=0.3343
  batch 260/264  loss=0.4475
Epoch 227/300  train=3.660e-01  rmse=1.9139  lr=5.0e-05  233s
  batch 10/264  loss=0.2748
  batch 20/264  loss=0.3254
  batch 30/264  loss=0.4799
  batch 40/264  loss=0.3085
  batch 50/264  loss=0.3074
  batch 60/264  loss=0.5184
  batch 70/264  loss=0.3462
  batch 80/264  loss=0.4107
  batch 90/264  loss=0.4096
  batch 100/264  loss=0.3062
  batch 110/264  loss=0.3684
  batch 120/264  loss=0.3253
  batch 130/264  loss=0.3287
  batch 140/264  loss=0.3920
  batch 150/264  loss=0.3045
  batch 160/264  loss=0.4383
  batch 170/264  loss=0.3874
  batch 180/264  loss=0.2968
  batch 190/264  loss=0.3983
  batch 200/264  loss=0.4572
  batch 210/264  loss=0.3211
  batch 220/264  loss=0.4459
  batch 230/264  loss=0.2986
  batch 240/264  loss=0.3348
  batch 250/264  loss=0.2465
  batch 260/264  loss=0.6950
Epoch 228/300  train=3.704e-01  rmse=4.5498  lr=5.0e-05  232s
  batch 10/264  loss=0.3268
  batch 20/264  loss=0.3818
  batch 30/264  loss=0.3087
  batch 40/264  loss=0.3483
  batch 50/264  loss=0.3278
  batch 60/264  loss=0.4501
  batch 70/264  loss=0.4044
  batch 80/264  loss=0.3468
  batch 90/264  loss=0.3699
  batch 100/264  loss=0.3245
  batch 110/264  loss=0.4076
  batch 120/264  loss=0.2735
  batch 130/264  loss=0.4088
  batch 140/264  loss=0.3978
  batch 150/264  loss=0.3604
  batch 160/264  loss=0.3136
  batch 170/264  loss=0.5744
  batch 180/264  loss=0.3705
  batch 190/264  loss=0.3629
  batch 200/264  loss=0.4019
  batch 210/264  loss=0.4879
  batch 220/264  loss=0.3896
  batch 230/264  loss=0.3479
  batch 240/264  loss=0.4775
  batch 250/264  loss=0.3584
  batch 260/264  loss=0.3789
Epoch 229/300  train=3.719e-01  rmse=2.0009  lr=5.0e-05  232s
  batch 10/264  loss=0.3110
  batch 20/264  loss=0.3812
  batch 30/264  loss=0.3587
  batch 40/264  loss=0.3506
  batch 50/264  loss=0.2573
  batch 60/264  loss=0.2934
  batch 70/264  loss=0.5170
  batch 80/264  loss=0.2861
  batch 90/264  loss=0.3438
  batch 100/264  loss=0.3271
  batch 110/264  loss=0.3821
  batch 120/264  loss=0.2817
  batch 130/264  loss=0.3011
  batch 140/264  loss=0.3787
  batch 150/264  loss=0.3611
  batch 160/264  loss=0.5192
  batch 170/264  loss=0.4723
  batch 180/264  loss=0.3257
  batch 190/264  loss=0.3740
  batch 200/264  loss=0.3534
  batch 210/264  loss=0.4208
  batch 220/264  loss=0.4319
  batch 230/264  loss=0.3023
  batch 240/264  loss=0.5237
  batch 250/264  loss=0.2983
  batch 260/264  loss=0.3593
Epoch 230/300  train=3.657e-01  rmse=2.5343  lr=5.0e-05  232s
  batch 10/264  loss=0.3202
  batch 20/264  loss=0.4933
  batch 30/264  loss=0.4108
  batch 40/264  loss=0.3380
  batch 50/264  loss=0.4056
  batch 60/264  loss=0.2876
  batch 70/264  loss=0.3639
  batch 80/264  loss=0.3101
  batch 90/264  loss=0.3350
  batch 100/264  loss=0.3329
  batch 110/264  loss=0.6573
  batch 120/264  loss=0.3128
  batch 130/264  loss=0.3652
  batch 140/264  loss=0.2504
  batch 150/264  loss=0.3124
  batch 160/264  loss=0.7153
  batch 170/264  loss=0.3909
  batch 180/264  loss=0.3149
  batch 190/264  loss=0.3751
  batch 200/264  loss=0.4019
  batch 210/264  loss=0.2886
  batch 220/264  loss=0.3151
  batch 230/264  loss=0.5202
  batch 240/264  loss=0.3388
  batch 250/264  loss=0.3268
  batch 260/264  loss=0.2737
Epoch 231/300  train=3.637e-01  rmse=1.9953  lr=5.0e-05  232s
  batch 10/264  loss=0.3025
  batch 20/264  loss=0.3305
  batch 30/264  loss=0.3808
  batch 40/264  loss=0.3111
  batch 50/264  loss=0.3057
  batch 60/264  loss=0.4012
  batch 70/264  loss=0.3276
  batch 80/264  loss=0.4276
  batch 90/264  loss=0.2863
  batch 100/264  loss=0.4405
  batch 110/264  loss=0.2940
  batch 120/264  loss=0.3227
  batch 130/264  loss=0.4351
  batch 140/264  loss=0.2683
  batch 150/264  loss=0.3176
  batch 160/264  loss=0.3091
  batch 170/264  loss=0.3069
  batch 180/264  loss=0.6446
  batch 190/264  loss=0.4997
  batch 200/264  loss=0.4365
  batch 210/264  loss=0.3462
  batch 220/264  loss=0.3075
  batch 230/264  loss=0.5032
  batch 240/264  loss=0.3455
  batch 250/264  loss=0.4048
  batch 260/264  loss=0.4116
Epoch 232/300  train=3.662e-01  rmse=2.7196  lr=5.0e-05  233s
  batch 10/264  loss=0.2909
  batch 20/264  loss=0.3305
  batch 30/264  loss=0.3214
  batch 40/264  loss=0.4249
  batch 50/264  loss=0.3922
  batch 60/264  loss=0.3330
  batch 70/264  loss=0.3902
  batch 80/264  loss=0.2783
  batch 90/264  loss=0.2844
  batch 100/264  loss=0.2814
  batch 110/264  loss=0.2605
  batch 120/264  loss=0.3860
  batch 130/264  loss=0.7018
  batch 140/264  loss=0.3345
  batch 150/264  loss=0.3433
  batch 160/264  loss=0.4631
  batch 170/264  loss=0.4593
  batch 180/264  loss=0.3512
  batch 190/264  loss=0.4368
  batch 200/264  loss=0.4387
  batch 210/264  loss=0.3493
  batch 220/264  loss=0.3047
  batch 230/264  loss=0.3691
  batch 240/264  loss=0.4002
  batch 250/264  loss=0.4706
  batch 260/264  loss=0.5327
Epoch 233/300  train=3.667e-01  rmse=2.2376  lr=5.0e-05  232s
  batch 10/264  loss=0.3140
  batch 20/264  loss=0.2874
  batch 30/264  loss=0.3571
  batch 40/264  loss=0.2879
  batch 50/264  loss=0.3124
  batch 60/264  loss=0.4074
  batch 70/264  loss=0.4461
  batch 80/264  loss=0.4216
  batch 90/264  loss=0.3837
  batch 100/264  loss=0.3007
  batch 110/264  loss=0.4047
  batch 120/264  loss=0.2780
  batch 130/264  loss=0.3602
  batch 140/264  loss=0.2935
  batch 150/264  loss=0.3184
  batch 160/264  loss=0.5087
  batch 170/264  loss=0.3616
  batch 180/264  loss=0.5166
  batch 190/264  loss=0.3290
  batch 200/264  loss=0.3691
  batch 210/264  loss=0.3377
  batch 220/264  loss=0.3582
  batch 230/264  loss=0.3003
  batch 240/264  loss=0.3745
  batch 250/264  loss=0.2370
  batch 260/264  loss=0.3559
Epoch 234/300  train=3.671e-01  rmse=2.0927  lr=2.5e-05  232s
  batch 10/264  loss=0.3020
  batch 20/264  loss=0.3295
  batch 30/264  loss=0.3460
  batch 40/264  loss=0.4059
  batch 50/264  loss=0.3541
  batch 60/264  loss=0.2798
  batch 70/264  loss=0.4073
  batch 80/264  loss=0.2772
  batch 90/264  loss=0.5349
  batch 100/264  loss=0.3725
  batch 110/264  loss=0.2938
  batch 120/264  loss=0.4057
  batch 130/264  loss=0.3245
  batch 140/264  loss=0.4341
  batch 150/264  loss=0.3499
  batch 160/264  loss=0.3213
  batch 170/264  loss=0.4415
  batch 180/264  loss=0.3452
  batch 190/264  loss=0.3402
  batch 200/264  loss=0.2829
  batch 210/264  loss=0.4379
  batch 220/264  loss=0.3692
  batch 230/264  loss=0.3161
  batch 240/264  loss=0.4212
  batch 250/264  loss=0.3347
  batch 260/264  loss=0.2721
Epoch 235/300  train=3.615e-01  rmse=2.1806  lr=2.5e-05  233s
  -> best  monitor=3.615e-01
  batch 10/264  loss=0.2862
  batch 20/264  loss=0.2854
  batch 30/264  loss=0.4020
  batch 40/264  loss=0.2943
  batch 50/264  loss=0.3890
  batch 60/264  loss=0.2933
  batch 70/264  loss=0.3079
  batch 80/264  loss=0.4770
  batch 90/264  loss=0.3176
  batch 100/264  loss=0.2917
  batch 110/264  loss=0.3637
  batch 120/264  loss=0.4693
  batch 130/264  loss=0.4619
  batch 140/264  loss=0.2899
  batch 150/264  loss=0.4360
  batch 160/264  loss=0.4206
  batch 170/264  loss=0.2714
  batch 180/264  loss=0.3329
  batch 190/264  loss=0.6072
  batch 200/264  loss=0.4233
  batch 210/264  loss=0.3965
  batch 220/264  loss=0.2800
  batch 230/264  loss=0.3079
  batch 240/264  loss=0.4833
  batch 250/264  loss=0.3823
  batch 260/264  loss=0.2874
Epoch 236/300  train=3.544e-01  rmse=1.7384  lr=2.5e-05  233s
  -> best  monitor=3.544e-01
  batch 10/264  loss=0.4187
  batch 20/264  loss=0.4200
  batch 30/264  loss=0.2762
  batch 40/264  loss=0.3637
  batch 50/264  loss=0.3603
  batch 60/264  loss=0.3080
  batch 70/264  loss=0.5929
  batch 80/264  loss=0.3394
  batch 90/264  loss=0.4057
  batch 100/264  loss=0.3780
  batch 110/264  loss=0.2928
  batch 120/264  loss=0.2951
  batch 130/264  loss=0.3504
  batch 140/264  loss=0.3473
  batch 150/264  loss=0.4685
  batch 160/264  loss=0.3258
  batch 170/264  loss=0.3777
  batch 180/264  loss=0.3713
  batch 190/264  loss=0.3321
  batch 200/264  loss=0.3638
  batch 210/264  loss=0.2841
  batch 220/264  loss=0.3174
  batch 230/264  loss=0.3703
  batch 240/264  loss=0.3519
  batch 250/264  loss=0.2724
  batch 260/264  loss=0.3028
Epoch 237/300  train=3.560e-01  rmse=4.7258  lr=2.5e-05  233s
  batch 10/264  loss=0.3917
  batch 20/264  loss=0.2752
  batch 30/264  loss=0.3384
  batch 40/264  loss=0.4213
  batch 50/264  loss=0.2958
  batch 60/264  loss=0.3586
  batch 70/264  loss=0.3303
  batch 80/264  loss=0.4505
  batch 90/264  loss=0.3025
  batch 100/264  loss=0.4284
  batch 110/264  loss=0.4501
  batch 120/264  loss=0.3546
  batch 130/264  loss=0.3310
  batch 140/264  loss=0.3334
  batch 150/264  loss=0.3326
  batch 160/264  loss=0.3799
  batch 170/264  loss=0.3260
  batch 180/264  loss=0.2811
  batch 190/264  loss=0.3217
  batch 200/264  loss=0.3000
  batch 210/264  loss=0.3456
  batch 220/264  loss=0.3555
  batch 230/264  loss=0.3662
  batch 240/264  loss=0.3229
  batch 250/264  loss=0.2729
  batch 260/264  loss=0.3248
Epoch 238/300  train=3.590e-01  rmse=2.0836  lr=2.5e-05  232s
  batch 10/264  loss=0.3398
  batch 20/264  loss=0.3439
  batch 30/264  loss=0.3995
  batch 40/264  loss=0.3028
  batch 50/264  loss=0.3383
  batch 60/264  loss=0.3929
  batch 70/264  loss=0.2604
  batch 80/264  loss=0.3016
  batch 90/264  loss=0.3272
  batch 100/264  loss=0.2783
  batch 110/264  loss=0.3896
  batch 120/264  loss=0.2910
  batch 130/264  loss=0.4600
  batch 140/264  loss=0.3412
  batch 150/264  loss=0.3519
  batch 160/264  loss=0.3194
  batch 170/264  loss=0.3013
  batch 180/264  loss=0.2953
  batch 190/264  loss=0.4139
  batch 200/264  loss=0.3280
  batch 210/264  loss=0.3958
  batch 220/264  loss=0.2748
  batch 230/264  loss=0.4476
  batch 240/264  loss=0.3018
  batch 250/264  loss=0.7718
  batch 260/264  loss=0.4598
Epoch 239/300  train=3.605e-01  rmse=2.9202  lr=2.5e-05  233s
  batch 10/264  loss=0.3173
  batch 20/264  loss=0.2933
  batch 30/264  loss=0.3569
  batch 40/264  loss=0.4502
  batch 50/264  loss=0.2794
  batch 60/264  loss=0.3115
  batch 70/264  loss=0.3710
  batch 80/264  loss=0.4800
  batch 90/264  loss=0.2710
  batch 100/264  loss=0.3620
  batch 110/264  loss=0.3302
  batch 120/264  loss=0.2960
  batch 130/264  loss=0.3410
  batch 140/264  loss=0.3243
  batch 150/264  loss=0.2959
  batch 160/264  loss=0.4089
  batch 170/264  loss=0.3629
  batch 180/264  loss=0.3461
  batch 190/264  loss=0.3487
  batch 200/264  loss=0.3973
  batch 210/264  loss=0.3583
  batch 220/264  loss=0.3130
  batch 230/264  loss=0.2935
  batch 240/264  loss=0.4280
  batch 250/264  loss=0.3045
  batch 260/264  loss=0.5214
Epoch 240/300  train=3.533e-01  rmse=1.5441  lr=2.5e-05  232s
  -> best  monitor=3.533e-01
  batch 10/264  loss=0.3376
  batch 20/264  loss=0.3052
  batch 30/264  loss=0.3488
  batch 40/264  loss=0.3239
  batch 50/264  loss=0.3180
  batch 60/264  loss=0.3187
  batch 70/264  loss=0.2968
  batch 80/264  loss=0.2814
  batch 90/264  loss=0.2835
  batch 100/264  loss=0.2709
  batch 110/264  loss=0.3056
  batch 120/264  loss=0.4384
  batch 130/264  loss=0.3826
  batch 140/264  loss=0.3323
  batch 150/264  loss=0.4145
  batch 160/264  loss=0.3261
  batch 170/264  loss=0.3343
  batch 180/264  loss=0.4740
  batch 190/264  loss=0.2837
  batch 200/264  loss=0.3174
  batch 210/264  loss=0.3114
  batch 220/264  loss=0.4616
  batch 230/264  loss=0.3928
  batch 240/264  loss=0.2810
  batch 250/264  loss=0.3987
  batch 260/264  loss=0.3910
Epoch 241/300  train=3.572e-01  rmse=2.8387  lr=2.5e-05  231s
  batch 10/264  loss=0.2722
  batch 20/264  loss=0.2717
  batch 30/264  loss=0.3562
  batch 40/264  loss=0.3935
  batch 50/264  loss=0.2858
  batch 60/264  loss=0.2855
  batch 70/264  loss=0.3883
  batch 80/264  loss=0.4064
  batch 90/264  loss=0.2977
  batch 100/264  loss=0.3143
  batch 110/264  loss=0.2957
  batch 120/264  loss=0.3252
  batch 130/264  loss=0.2927
  batch 140/264  loss=0.2770
  batch 150/264  loss=0.4539
  batch 160/264  loss=0.3730
  batch 170/264  loss=0.4692
  batch 180/264  loss=0.3650
  batch 190/264  loss=0.3515
  batch 200/264  loss=0.2557
  batch 210/264  loss=0.3052
  batch 220/264  loss=0.2786
  batch 230/264  loss=0.4346
  batch 240/264  loss=0.3411
  batch 250/264  loss=0.3778
  batch 260/264  loss=0.2967
Epoch 242/300  train=3.609e-01  rmse=1.9623  lr=2.5e-05  232s
  batch 10/264  loss=0.3074
  batch 20/264  loss=0.3680
  batch 30/264  loss=0.2942
  batch 40/264  loss=0.2605
  batch 50/264  loss=0.4065
  batch 60/264  loss=0.3089
  batch 70/264  loss=0.3917
  batch 80/264  loss=0.5862
  batch 90/264  loss=0.2919
  batch 100/264  loss=0.7460
  batch 110/264  loss=0.7028
  batch 120/264  loss=0.4670
  batch 130/264  loss=0.3820
  batch 140/264  loss=0.2899
  batch 150/264  loss=0.3232
  batch 160/264  loss=0.3924
  batch 170/264  loss=0.2785
  batch 180/264  loss=0.4788
  batch 190/264  loss=0.3796
  batch 200/264  loss=0.3489
  batch 210/264  loss=0.2796
  batch 220/264  loss=0.3453
  batch 230/264  loss=0.3460
  batch 240/264  loss=0.3736
  batch 250/264  loss=0.4726
  batch 260/264  loss=0.3618
Epoch 243/300  train=3.602e-01  rmse=4.1339  lr=2.5e-05  232s
  batch 10/264  loss=0.3095
  batch 20/264  loss=0.4294
  batch 30/264  loss=0.4164
  batch 40/264  loss=0.3223
  batch 50/264  loss=0.3462
  batch 60/264  loss=0.6421
  batch 70/264  loss=0.4359
  batch 80/264  loss=0.3258
  batch 90/264  loss=0.2932
  batch 100/264  loss=0.3780
  batch 110/264  loss=0.2949
  batch 120/264  loss=0.2965
  batch 130/264  loss=0.3629
  batch 140/264  loss=0.2934
  batch 150/264  loss=0.3701
  batch 160/264  loss=0.5340
  batch 170/264  loss=0.4272
  batch 180/264  loss=0.3236
  batch 190/264  loss=0.3318
  batch 200/264  loss=0.3846
  batch 210/264  loss=0.2777
  batch 220/264  loss=0.2712
  batch 230/264  loss=0.3741
  batch 240/264  loss=0.3309
  batch 250/264  loss=0.3483
  batch 260/264  loss=0.4444
Epoch 244/300  train=3.573e-01  rmse=2.6888  lr=2.5e-05  232s
  batch 10/264  loss=0.2703
  batch 20/264  loss=0.3321
  batch 30/264  loss=0.3187
  batch 40/264  loss=0.4558
  batch 50/264  loss=0.3196
  batch 60/264  loss=0.3058
  batch 70/264  loss=0.3464
  batch 80/264  loss=0.4132
  batch 90/264  loss=0.4483
  batch 100/264  loss=0.4893
  batch 110/264  loss=0.4471
  batch 120/264  loss=0.4850
  batch 130/264  loss=0.3147
  batch 140/264  loss=0.2961
  batch 150/264  loss=0.3958
  batch 160/264  loss=0.3002
  batch 170/264  loss=0.4166
  batch 180/264  loss=0.3443
  batch 190/264  loss=0.3465
  batch 200/264  loss=0.2860
  batch 210/264  loss=0.3004
  batch 220/264  loss=0.3508
  batch 230/264  loss=0.3274
  batch 240/264  loss=0.2883
  batch 250/264  loss=0.7253
  batch 260/264  loss=0.2822
Epoch 245/300  train=3.590e-01  rmse=2.0556  lr=2.5e-05  232s
  batch 10/264  loss=0.3328
  batch 20/264  loss=0.3423
  batch 30/264  loss=0.3322
  batch 40/264  loss=0.3124
  batch 50/264  loss=0.4068
  batch 60/264  loss=0.3049
  batch 70/264  loss=0.2775
  batch 80/264  loss=0.3385
  batch 90/264  loss=0.5215
  batch 100/264  loss=0.3229
  batch 110/264  loss=0.3535
  batch 120/264  loss=0.3495
  batch 130/264  loss=0.3083
  batch 140/264  loss=0.3114
  batch 150/264  loss=0.3010
  batch 160/264  loss=0.2672
  batch 170/264  loss=0.3053
  batch 180/264  loss=0.4492
  batch 190/264  loss=0.2421
  batch 200/264  loss=0.4972
  batch 210/264  loss=0.3794
  batch 220/264  loss=0.3446
  batch 230/264  loss=0.3671
  batch 240/264  loss=0.3550
  batch 250/264  loss=0.5937
  batch 260/264  loss=0.4666
Epoch 246/300  train=3.564e-01  rmse=2.3250  lr=2.5e-05  233s
  batch 10/264  loss=0.3126
  batch 20/264  loss=0.3160
  batch 30/264  loss=0.3465
  batch 40/264  loss=0.3091
  batch 50/264  loss=0.3080
  batch 60/264  loss=0.3450
  batch 70/264  loss=0.3075
  batch 80/264  loss=0.3821
  batch 90/264  loss=0.3707
  batch 100/264  loss=0.3155
  batch 110/264  loss=0.2811
  batch 120/264  loss=0.3022
  batch 130/264  loss=0.3255
  batch 140/264  loss=0.3285
  batch 150/264  loss=0.5125
  batch 160/264  loss=0.4007
  batch 170/264  loss=0.3195
  batch 180/264  loss=0.4232
  batch 190/264  loss=0.4170
  batch 200/264  loss=0.4066
  batch 210/264  loss=0.2868
  batch 220/264  loss=0.3960
  batch 230/264  loss=0.3515
  batch 240/264  loss=0.2696
  batch 250/264  loss=0.2795
  batch 260/264  loss=0.3891
Epoch 247/300  train=3.555e-01  rmse=1.7851  lr=2.5e-05  232s
  batch 10/264  loss=0.3342
  batch 20/264  loss=0.3995
  batch 30/264  loss=0.2914
  batch 40/264  loss=0.3647
  batch 50/264  loss=0.2843
  batch 60/264  loss=0.3328
  batch 70/264  loss=0.3542
  batch 80/264  loss=0.3036
  batch 90/264  loss=0.3241
  batch 100/264  loss=0.3454
  batch 110/264  loss=0.3207
  batch 120/264  loss=0.3319
  batch 130/264  loss=0.3756
  batch 140/264  loss=0.3000
  batch 150/264  loss=0.3117
  batch 160/264  loss=0.3000
  batch 170/264  loss=0.3973
  batch 180/264  loss=0.4118
  batch 190/264  loss=0.3301
  batch 200/264  loss=0.3505
  batch 210/264  loss=0.4110
  batch 220/264  loss=0.3524
  batch 230/264  loss=0.2860
  batch 240/264  loss=0.3608
  batch 250/264  loss=0.4251
  batch 260/264  loss=0.5070
Epoch 248/300  train=3.622e-01  rmse=2.2781  lr=2.5e-05  232s
  batch 10/264  loss=0.3285
  batch 20/264  loss=0.4462
  batch 30/264  loss=0.2994
  batch 40/264  loss=0.3051
  batch 50/264  loss=0.3445
  batch 60/264  loss=0.3089
  batch 70/264  loss=0.3403
  batch 80/264  loss=0.3527
  batch 90/264  loss=0.3771
  batch 100/264  loss=0.3308
  batch 110/264  loss=0.4196
  batch 120/264  loss=0.4550
  batch 130/264  loss=0.4229
  batch 140/264  loss=0.3843
  batch 150/264  loss=0.3301
  batch 160/264  loss=0.2954
  batch 170/264  loss=0.3204
  batch 180/264  loss=0.5445
  batch 190/264  loss=0.2838
  batch 200/264  loss=0.8345
  batch 210/264  loss=0.3114
  batch 220/264  loss=0.3168
  batch 230/264  loss=0.4515
  batch 240/264  loss=0.4266
  batch 250/264  loss=0.3487
  batch 260/264  loss=0.3044
Epoch 249/300  train=3.591e-01  rmse=1.8778  lr=2.5e-05  233s
  batch 10/264  loss=0.3454
  batch 20/264  loss=0.4799
  batch 30/264  loss=0.2955
  batch 40/264  loss=0.3988
  batch 50/264  loss=0.4069
  batch 60/264  loss=0.4177
  batch 70/264  loss=0.3628
  batch 80/264  loss=0.3571
  batch 90/264  loss=0.3780
  batch 100/264  loss=0.3524
  batch 110/264  loss=0.3079
  batch 120/264  loss=0.5031
  batch 130/264  loss=0.3011
  batch 140/264  loss=0.3919
  batch 150/264  loss=0.2899
  batch 160/264  loss=0.5001
  batch 170/264  loss=0.2831
  batch 180/264  loss=0.3211
  batch 190/264  loss=0.4481
  batch 200/264  loss=0.3466
  batch 210/264  loss=0.3654
  batch 220/264  loss=0.5051
  batch 230/264  loss=0.4530
  batch 240/264  loss=0.4066
  batch 250/264  loss=0.3744
  batch 260/264  loss=0.2723
Epoch 250/300  train=3.568e-01  rmse=2.2733  lr=2.5e-05  231s
  batch 10/264  loss=0.2886
  batch 20/264  loss=0.3235
  batch 30/264  loss=0.2872
  batch 40/264  loss=0.3388
  batch 50/264  loss=0.2678
  batch 60/264  loss=0.3689
  batch 70/264  loss=0.3116
  batch 80/264  loss=0.3542
  batch 90/264  loss=0.3773
  batch 100/264  loss=0.3934
  batch 110/264  loss=0.4419
  batch 120/264  loss=0.3777
  batch 130/264  loss=0.3962
  batch 140/264  loss=0.3036
  batch 150/264  loss=0.4154
  batch 160/264  loss=0.3162
  batch 170/264  loss=0.5165
  batch 180/264  loss=0.3903
  batch 190/264  loss=0.3981
  batch 200/264  loss=0.3405
  batch 210/264  loss=0.2857
  batch 220/264  loss=0.2934
  batch 230/264  loss=0.3948
  batch 240/264  loss=0.4338
  batch 250/264  loss=0.4088
  batch 260/264  loss=0.3562
Epoch 251/300  train=3.571e-01  rmse=2.2745  lr=1.3e-05  232s
  batch 10/264  loss=0.3504
  batch 20/264  loss=0.4947
  batch 30/264  loss=0.3108
  batch 40/264  loss=0.3037
  batch 50/264  loss=0.4047
  batch 60/264  loss=0.7723
  batch 70/264  loss=0.3319
  batch 80/264  loss=0.2783
  batch 90/264  loss=0.4309
  batch 100/264  loss=0.3235
  batch 110/264  loss=0.3914
  batch 120/264  loss=0.3315
  batch 130/264  loss=0.2903
  batch 140/264  loss=0.3444
  batch 150/264  loss=0.2712
  batch 160/264  loss=0.3614
  batch 170/264  loss=0.3091
  batch 180/264  loss=0.2884
  batch 190/264  loss=0.4162
  batch 200/264  loss=0.3208
  batch 210/264  loss=0.3123
  batch 220/264  loss=0.3155
  batch 230/264  loss=0.3092
  batch 240/264  loss=0.3520
  batch 250/264  loss=0.3277
  batch 260/264  loss=0.2806
Epoch 252/300  train=3.608e-01  rmse=1.8781  lr=1.3e-05  233s
  batch 10/264  loss=0.3749
  batch 20/264  loss=0.3276
  batch 30/264  loss=0.2708
  batch 40/264  loss=0.2549
  batch 50/264  loss=0.2866
  batch 60/264  loss=0.2931
  batch 70/264  loss=0.3110
  batch 80/264  loss=0.3706
  batch 90/264  loss=0.4400
  batch 100/264  loss=0.3018
  batch 110/264  loss=0.3036
  batch 120/264  loss=0.3260
  batch 130/264  loss=0.4915
  batch 140/264  loss=0.3899
  batch 150/264  loss=0.3341
  batch 160/264  loss=0.3772
  batch 170/264  loss=0.2836
  batch 180/264  loss=0.3312
  batch 190/264  loss=0.3180
  batch 200/264  loss=0.3096
  batch 210/264  loss=0.4718
  batch 220/264  loss=0.2693
  batch 230/264  loss=0.3501
  batch 240/264  loss=0.2846
  batch 250/264  loss=0.3250
  batch 260/264  loss=0.3482
Epoch 253/300  train=3.492e-01  rmse=1.7966  lr=1.3e-05  231s
  -> best  monitor=3.492e-01
  batch 10/264  loss=0.4192
  batch 20/264  loss=0.3346
  batch 30/264  loss=0.2826
  batch 40/264  loss=0.3336
  batch 50/264  loss=0.2662
  batch 60/264  loss=0.2847
  batch 70/264  loss=0.4583
  batch 80/264  loss=0.2937
  batch 90/264  loss=0.3671
  batch 100/264  loss=0.4811
  batch 110/264  loss=0.3215
  batch 120/264  loss=0.8047
  batch 130/264  loss=0.3623
  batch 140/264  loss=0.3000
  batch 150/264  loss=0.3699
  batch 160/264  loss=0.2789
  batch 170/264  loss=0.3231
  batch 180/264  loss=0.2643
  batch 190/264  loss=0.3217
  batch 200/264  loss=0.3104
  batch 210/264  loss=0.2588
  batch 220/264  loss=0.3592
  batch 230/264  loss=0.4191
  batch 240/264  loss=0.5197
  batch 250/264  loss=0.3095
  batch 260/264  loss=0.3190
Epoch 254/300  train=3.571e-01  rmse=2.2190  lr=1.3e-05  232s
  batch 10/264  loss=0.3905
  batch 20/264  loss=0.3009
  batch 30/264  loss=0.3245
  batch 40/264  loss=0.3897
  batch 50/264  loss=0.3503
  batch 60/264  loss=0.6839
  batch 70/264  loss=0.5351
  batch 80/264  loss=0.3397
  batch 90/264  loss=0.3832
  batch 100/264  loss=0.3086
  batch 110/264  loss=0.3587
  batch 120/264  loss=0.3962
  batch 130/264  loss=0.2844
  batch 140/264  loss=0.3659
  batch 150/264  loss=0.4919
  batch 160/264  loss=0.2828
  batch 170/264  loss=0.3096
  batch 180/264  loss=0.3876
  batch 190/264  loss=0.4772
  batch 200/264  loss=0.3305
  batch 210/264  loss=0.3505
  batch 220/264  loss=0.3322
  batch 230/264  loss=0.3844
  batch 240/264  loss=0.4555
  batch 250/264  loss=0.3675
  batch 260/264  loss=0.2953
Epoch 255/300  train=3.547e-01  rmse=1.7605  lr=1.3e-05  233s
  batch 10/264  loss=0.3081
  batch 20/264  loss=0.3789
  batch 30/264  loss=0.2584
  batch 40/264  loss=0.3510
  batch 50/264  loss=0.3123
  batch 60/264  loss=0.2909
  batch 70/264  loss=0.4869
  batch 80/264  loss=0.2923
  batch 90/264  loss=0.3119
  batch 100/264  loss=0.3368
  batch 110/264  loss=0.3037
  batch 120/264  loss=0.3720
  batch 130/264  loss=0.2584
  batch 140/264  loss=0.3324
  batch 150/264  loss=0.3169
  batch 160/264  loss=0.3317
  batch 170/264  loss=0.3102
  batch 180/264  loss=0.3115
  batch 190/264  loss=0.3809
  batch 200/264  loss=0.3221
  batch 210/264  loss=0.4848
  batch 220/264  loss=0.4542
  batch 230/264  loss=0.2613
  batch 240/264  loss=0.3930
  batch 250/264  loss=0.3286
  batch 260/264  loss=0.3261
Epoch 256/300  train=3.499e-01  rmse=2.7977  lr=1.3e-05  231s
  batch 10/264  loss=0.3762
  batch 20/264  loss=0.3511
  batch 30/264  loss=0.3792
  batch 40/264  loss=0.3936
  batch 50/264  loss=0.3391
  batch 60/264  loss=0.2658
  batch 70/264  loss=0.3131
  batch 80/264  loss=0.2672
  batch 90/264  loss=0.2913
  batch 100/264  loss=0.3628
  batch 110/264  loss=0.2828
  batch 120/264  loss=0.2532
  batch 130/264  loss=0.2886
  batch 140/264  loss=0.4411
  batch 150/264  loss=0.4379
  batch 160/264  loss=0.2906
  batch 170/264  loss=0.3070
  batch 180/264  loss=0.2791
  batch 190/264  loss=0.3289
  batch 200/264  loss=0.3494
  batch 210/264  loss=0.2645
  batch 220/264  loss=0.2712
  batch 230/264  loss=0.2898
  batch 240/264  loss=0.4041
  batch 250/264  loss=0.2901
  batch 260/264  loss=0.5393
Epoch 257/300  train=3.498e-01  rmse=1.6088  lr=1.3e-05  232s
  batch 10/264  loss=0.4645
  batch 20/264  loss=0.3214
  batch 30/264  loss=0.2886
  batch 40/264  loss=0.2958
  batch 50/264  loss=0.2923
  batch 60/264  loss=0.3121
  batch 70/264  loss=0.2794
  batch 80/264  loss=0.3340
  batch 90/264  loss=0.3648
  batch 100/264  loss=0.3769
  batch 110/264  loss=0.2924
  batch 120/264  loss=0.2980
  batch 130/264  loss=0.2795
  batch 140/264  loss=0.3253
  batch 150/264  loss=0.3711
  batch 160/264  loss=0.2986
  batch 170/264  loss=0.3195
  batch 180/264  loss=0.3583
  batch 190/264  loss=0.3249
  batch 200/264  loss=0.2740
  batch 210/264  loss=0.3257
  batch 220/264  loss=0.3396
  batch 230/264  loss=0.3255
  batch 240/264  loss=0.2869
  batch 250/264  loss=0.4582
  batch 260/264  loss=0.3437
Epoch 258/300  train=3.496e-01  rmse=1.9159  lr=1.3e-05  232s
  batch 10/264  loss=0.2781
  batch 20/264  loss=0.3335
  batch 30/264  loss=0.3186
  batch 40/264  loss=0.3284
  batch 50/264  loss=0.3439
  batch 60/264  loss=0.3204
  batch 70/264  loss=0.3490
  batch 80/264  loss=0.3088
  batch 90/264  loss=0.4539
  batch 100/264  loss=0.4456
  batch 110/264  loss=0.3153
  batch 120/264  loss=0.2918
  batch 130/264  loss=0.2938
  batch 140/264  loss=0.3579
  batch 150/264  loss=0.2961
  batch 160/264  loss=0.4845
  batch 170/264  loss=0.3767
  batch 180/264  loss=0.2755
  batch 190/264  loss=0.3243
  batch 200/264  loss=0.3625
  batch 210/264  loss=0.3091
  batch 220/264  loss=0.3938
  batch 230/264  loss=0.3237
  batch 240/264  loss=0.2848
  batch 250/264  loss=0.2374
  batch 260/264  loss=0.3082
Epoch 259/300  train=3.509e-01  rmse=2.1846  lr=1.3e-05  231s
  batch 10/264  loss=0.3113
  batch 20/264  loss=0.3478
  batch 30/264  loss=0.3284
  batch 40/264  loss=0.3185
  batch 50/264  loss=0.2769
  batch 60/264  loss=0.4769
  batch 70/264  loss=0.3104
  batch 80/264  loss=0.2959
  batch 90/264  loss=0.3236
  batch 100/264  loss=0.3601
  batch 110/264  loss=0.3305
  batch 120/264  loss=0.3220
  batch 130/264  loss=0.2919
  batch 140/264  loss=0.3273
  batch 150/264  loss=0.2748
  batch 160/264  loss=0.3385
  batch 170/264  loss=0.2755
  batch 180/264  loss=0.3284
  batch 190/264  loss=0.2993
  batch 200/264  loss=0.3767
  batch 210/264  loss=0.3394
  batch 220/264  loss=0.3627
  batch 230/264  loss=0.6287
  batch 240/264  loss=0.3232
  batch 250/264  loss=0.3180
  batch 260/264  loss=0.3178
Epoch 260/300  train=3.510e-01  rmse=2.8312  lr=1.3e-05  233s
  batch 10/264  loss=0.3529
  batch 20/264  loss=0.3585
  batch 30/264  loss=0.2594
  batch 40/264  loss=0.3284
  batch 50/264  loss=0.3030
  batch 60/264  loss=0.2563
  batch 70/264  loss=0.3064
  batch 80/264  loss=0.2538
  batch 90/264  loss=0.3236
  batch 100/264  loss=0.3133
  batch 110/264  loss=0.3071
  batch 120/264  loss=0.3964
  batch 130/264  loss=0.3800
  batch 140/264  loss=0.2447
  batch 150/264  loss=0.3062
  batch 160/264  loss=0.5223
  batch 170/264  loss=0.6721
  batch 180/264  loss=0.2793
  batch 190/264  loss=0.3470
  batch 200/264  loss=0.2676
  batch 210/264  loss=0.2689
  batch 220/264  loss=0.2634
  batch 230/264  loss=0.4547
  batch 240/264  loss=0.3213
  batch 250/264  loss=0.2827
  batch 260/264  loss=0.3187
Epoch 261/300  train=3.531e-01  rmse=3.5457  lr=1.3e-05  232s
  batch 10/264  loss=0.4823
  batch 20/264  loss=0.5133
  batch 30/264  loss=0.3135
  batch 40/264  loss=0.2888
  batch 50/264  loss=0.2915
  batch 60/264  loss=0.3132
  batch 70/264  loss=0.3692
  batch 80/264  loss=0.4255
  batch 90/264  loss=0.4223
  batch 100/264  loss=0.2817
  batch 110/264  loss=0.3083
  batch 120/264  loss=0.4511
  batch 130/264  loss=0.3028
  batch 140/264  loss=0.3011
  batch 150/264  loss=0.4694
  batch 160/264  loss=0.4205
  batch 170/264  loss=0.3060
  batch 180/264  loss=0.2902
  batch 190/264  loss=0.3202
  batch 200/264  loss=0.3276
  batch 210/264  loss=0.3071
  batch 220/264  loss=0.3032
  batch 230/264  loss=0.4232
  batch 240/264  loss=0.4151
  batch 250/264  loss=0.3456
  batch 260/264  loss=0.2890
Epoch 262/300  train=3.499e-01  rmse=2.0833  lr=1.3e-05  232s
  batch 10/264  loss=0.3956
  batch 20/264  loss=0.3005
  batch 30/264  loss=0.3408
  batch 40/264  loss=0.4633
  batch 50/264  loss=0.3574
  batch 60/264  loss=0.2729
  batch 70/264  loss=0.3186
  batch 80/264  loss=0.3328
  batch 90/264  loss=0.3436
  batch 100/264  loss=0.2925
  batch 110/264  loss=0.2997
  batch 120/264  loss=0.4126
  batch 130/264  loss=0.3513
  batch 140/264  loss=0.3533
  batch 150/264  loss=0.3953
  batch 160/264  loss=0.5339
  batch 170/264  loss=0.3626
  batch 180/264  loss=0.3923
  batch 190/264  loss=0.3020
  batch 200/264  loss=0.2888
  batch 210/264  loss=0.3837
  batch 220/264  loss=0.3510
  batch 230/264  loss=0.3116
  batch 240/264  loss=0.3606
  batch 250/264  loss=0.3346
  batch 260/264  loss=0.2656
Epoch 263/300  train=3.531e-01  rmse=2.2136  lr=1.3e-05  232s
  batch 10/264  loss=0.2919
  batch 20/264  loss=0.2731
  batch 30/264  loss=0.3002
  batch 40/264  loss=0.3192
  batch 50/264  loss=0.2742
  batch 60/264  loss=0.3432
  batch 70/264  loss=0.4146
  batch 80/264  loss=0.3965
  batch 90/264  loss=0.3926
  batch 100/264  loss=0.4020
  batch 110/264  loss=0.3484
  batch 120/264  loss=0.4641
  batch 130/264  loss=0.4907
  batch 140/264  loss=0.2611
  batch 150/264  loss=0.3588
  batch 160/264  loss=0.2999
  batch 170/264  loss=0.3910
  batch 180/264  loss=0.4052
  batch 190/264  loss=0.4580
  batch 200/264  loss=0.2764
  batch 210/264  loss=0.3510
  batch 220/264  loss=0.5095
  batch 230/264  loss=0.5814
  batch 240/264  loss=0.3221
  batch 250/264  loss=0.2865
  batch 260/264  loss=0.3094
Epoch 264/300  train=3.532e-01  rmse=2.0156  lr=6.3e-06  233s
  batch 10/264  loss=0.3428
  batch 20/264  loss=0.3721
  batch 30/264  loss=0.4497
  batch 40/264  loss=0.2743
  batch 50/264  loss=0.3634
  batch 60/264  loss=0.2988
  batch 70/264  loss=0.3631
  batch 80/264  loss=0.3094
  batch 90/264  loss=0.3243
  batch 100/264  loss=0.3144
  batch 110/264  loss=0.3157
  batch 120/264  loss=0.3599
  batch 130/264  loss=0.2971
  batch 140/264  loss=0.4578
  batch 150/264  loss=0.3458
  batch 160/264  loss=0.3325
  batch 170/264  loss=0.3368
  batch 180/264  loss=0.3465
  batch 190/264  loss=0.2946
  batch 200/264  loss=0.2927
  batch 210/264  loss=0.2731
  batch 220/264  loss=0.4370
  batch 230/264  loss=0.2995
  batch 240/264  loss=0.2991
  batch 250/264  loss=0.3405
  batch 260/264  loss=0.2805
Epoch 265/300  train=3.499e-01  rmse=2.0822  lr=6.3e-06  233s
  batch 10/264  loss=0.3807
  batch 20/264  loss=0.3713
  batch 30/264  loss=0.3712
  batch 40/264  loss=0.3444
  batch 50/264  loss=0.2969
  batch 60/264  loss=0.2518
  batch 70/264  loss=0.3085
  batch 80/264  loss=0.4348
  batch 90/264  loss=0.3265
  batch 100/264  loss=0.3209
  batch 110/264  loss=0.2929
  batch 120/264  loss=0.2731
  batch 130/264  loss=0.2856
  batch 140/264  loss=0.4473
  batch 150/264  loss=0.2980
  batch 160/264  loss=0.5020
  batch 170/264  loss=0.3474
  batch 180/264  loss=0.3288
  batch 190/264  loss=0.2830
  batch 200/264  loss=0.3055
  batch 210/264  loss=0.2600
  batch 220/264  loss=0.3283
  batch 230/264  loss=0.3407
  batch 240/264  loss=0.2653
  batch 250/264  loss=0.4607
  batch 260/264  loss=0.3383
Epoch 266/300  train=3.486e-01  rmse=1.9899  lr=6.3e-06  231s
  -> best  monitor=3.486e-01
  batch 10/264  loss=0.3452
  batch 20/264  loss=0.2868
  batch 30/264  loss=0.4642
  batch 40/264  loss=0.2812
  batch 50/264  loss=0.6392
  batch 60/264  loss=0.3484
  batch 70/264  loss=0.4069
  batch 80/264  loss=0.3216
  batch 90/264  loss=0.2861
  batch 100/264  loss=0.3430
  batch 110/264  loss=0.3749
  batch 120/264  loss=0.3396
  batch 130/264  loss=0.3644
  batch 140/264  loss=0.3501
  batch 150/264  loss=0.4057
  batch 160/264  loss=0.3151
  batch 170/264  loss=0.3479
  batch 180/264  loss=0.3288
  batch 190/264  loss=0.4142
  batch 200/264  loss=0.3038
  batch 210/264  loss=0.3179
  batch 220/264  loss=0.3262
  batch 230/264  loss=0.3708
  batch 240/264  loss=0.3396
  batch 250/264  loss=0.4935
  batch 260/264  loss=0.2757
Epoch 267/300  train=3.504e-01  rmse=1.8323  lr=6.3e-06  232s
  batch 10/264  loss=0.3099
  batch 20/264  loss=0.4535
  batch 30/264  loss=0.4376
  batch 40/264  loss=0.4952
  batch 50/264  loss=0.3590
  batch 60/264  loss=0.3491
  batch 70/264  loss=0.2794
  batch 80/264  loss=0.3017
  batch 90/264  loss=0.5057
  batch 100/264  loss=0.2665
  batch 110/264  loss=0.3136
  batch 120/264  loss=0.4250
  batch 130/264  loss=0.3295
  batch 140/264  loss=0.3315
  batch 150/264  loss=0.3146
  batch 160/264  loss=0.3609
  batch 170/264  loss=0.2844
  batch 180/264  loss=0.2364
  batch 190/264  loss=0.3857
  batch 200/264  loss=0.3925
  batch 210/264  loss=0.3489
  batch 220/264  loss=0.2971
  batch 230/264  loss=0.3192
  batch 240/264  loss=0.4384
  batch 250/264  loss=0.4474
  batch 260/264  loss=0.3728
Epoch 268/300  train=3.521e-01  rmse=2.6999  lr=6.3e-06  232s
  batch 10/264  loss=0.3465
  batch 20/264  loss=0.3043
  batch 30/264  loss=0.4068
  batch 40/264  loss=0.4323
  batch 50/264  loss=0.2529
  batch 60/264  loss=0.3396
  batch 70/264  loss=0.2688
  batch 80/264  loss=0.2769
  batch 90/264  loss=0.4685
  batch 100/264  loss=0.3349
  batch 110/264  loss=0.4709
  batch 120/264  loss=0.4608
  batch 130/264  loss=0.2952
  batch 140/264  loss=0.3019
  batch 150/264  loss=0.3797
  batch 160/264  loss=0.3506
  batch 170/264  loss=0.3030
  batch 180/264  loss=0.3035
  batch 190/264  loss=0.4653
  batch 200/264  loss=0.2842
  batch 210/264  loss=0.3031
  batch 220/264  loss=0.3133
  batch 230/264  loss=0.2821
  batch 240/264  loss=0.3558
  batch 250/264  loss=0.3852
  batch 260/264  loss=0.3117
Epoch 269/300  train=3.479e-01  rmse=1.8007  lr=6.3e-06  231s
  -> best  monitor=3.479e-01
  batch 10/264  loss=0.3484
  batch 20/264  loss=0.2744
  batch 30/264  loss=0.3061
  batch 40/264  loss=0.2493
  batch 50/264  loss=0.2685
  batch 60/264  loss=0.3244
  batch 70/264  loss=0.3104
  batch 80/264  loss=0.3284
  batch 90/264  loss=0.4600
  batch 100/264  loss=0.2826
  batch 110/264  loss=0.4514
  batch 120/264  loss=0.3295
  batch 130/264  loss=0.3305
  batch 140/264  loss=0.2864
  batch 150/264  loss=0.4055
  batch 160/264  loss=0.3080
  batch 170/264  loss=0.3070
  batch 180/264  loss=0.3957
  batch 190/264  loss=0.3566
  batch 200/264  loss=0.3293
  batch 210/264  loss=0.3742
  batch 220/264  loss=0.2967
  batch 230/264  loss=0.3068
  batch 240/264  loss=0.4623
  batch 250/264  loss=0.2709
  batch 260/264  loss=0.2710
Epoch 270/300  train=3.487e-01  rmse=1.7842  lr=6.3e-06  231s
  batch 10/264  loss=0.3492
  batch 20/264  loss=0.2531
  batch 30/264  loss=0.3473
  batch 40/264  loss=0.2974
  batch 50/264  loss=0.2896
  batch 60/264  loss=0.4493
  batch 70/264  loss=0.2844
  batch 80/264  loss=0.4058
  batch 90/264  loss=0.2572
  batch 100/264  loss=0.3738
  batch 110/264  loss=0.2942
  batch 120/264  loss=0.4987
  batch 130/264  loss=0.2994
  batch 140/264  loss=0.2692
  batch 150/264  loss=0.3458
  batch 160/264  loss=0.3650
  batch 170/264  loss=0.3815
  batch 180/264  loss=0.4937
  batch 190/264  loss=0.6160
  batch 200/264  loss=0.2987
  batch 210/264  loss=0.3437
  batch 220/264  loss=0.3494
  batch 230/264  loss=0.4333
  batch 240/264  loss=0.2773
  batch 250/264  loss=0.3842
  batch 260/264  loss=0.3426
Epoch 271/300  train=3.554e-01  rmse=2.1525  lr=6.3e-06  230s
  batch 10/264  loss=0.3124
  batch 20/264  loss=0.4294
  batch 30/264  loss=0.3216
  batch 40/264  loss=0.3715
  batch 50/264  loss=0.5126
  batch 60/264  loss=0.2994
  batch 70/264  loss=0.2942
  batch 80/264  loss=0.4467
  batch 90/264  loss=0.3402
  batch 100/264  loss=0.2611
  batch 110/264  loss=0.3333
  batch 120/264  loss=0.2959
  batch 130/264  loss=0.4239
  batch 140/264  loss=0.3591
  batch 150/264  loss=0.5035
  batch 160/264  loss=0.2920
  batch 170/264  loss=0.3738
  batch 180/264  loss=0.3883
  batch 190/264  loss=0.3830
  batch 200/264  loss=0.3395
  batch 210/264  loss=0.3481
  batch 220/264  loss=0.3981
  batch 230/264  loss=0.3082
  batch 240/264  loss=0.4916
  batch 250/264  loss=0.3470
  batch 260/264  loss=0.3164
Epoch 272/300  train=3.509e-01  rmse=2.0920  lr=6.3e-06  233s
  batch 10/264  loss=0.3103
  batch 20/264  loss=0.3108
  batch 30/264  loss=0.2701
  batch 40/264  loss=0.4686
  batch 50/264  loss=0.2808
  batch 60/264  loss=0.6525
  batch 70/264  loss=0.4405
  batch 80/264  loss=0.2527
  batch 90/264  loss=0.2601
  batch 100/264  loss=0.3765
  batch 110/264  loss=0.3387
  batch 120/264  loss=0.3483
  batch 130/264  loss=0.2942
  batch 140/264  loss=0.2799
  batch 150/264  loss=0.2838
  batch 160/264  loss=0.3462
  batch 170/264  loss=0.3799
  batch 180/264  loss=0.3230
  batch 190/264  loss=0.3027
  batch 200/264  loss=0.3539
  batch 210/264  loss=0.4206
  batch 220/264  loss=0.3997
  batch 230/264  loss=0.3217
  batch 240/264  loss=0.3413
  batch 250/264  loss=0.4500
  batch 260/264  loss=0.3304
Epoch 273/300  train=3.454e-01  rmse=2.2253  lr=6.3e-06  231s
  -> best  monitor=3.454e-01
  batch 10/264  loss=0.3484
  batch 20/264  loss=0.2967
  batch 30/264  loss=0.2844
  batch 40/264  loss=0.4474
  batch 50/264  loss=0.3546
  batch 60/264  loss=0.4609
  batch 70/264  loss=0.4092
  batch 80/264  loss=0.3112
  batch 90/264  loss=0.4125
  batch 100/264  loss=0.2777
  batch 110/264  loss=0.4864
  batch 120/264  loss=0.5003
  batch 130/264  loss=0.3656
  batch 140/264  loss=0.3627
  batch 150/264  loss=0.3383
  batch 160/264  loss=0.4002
  batch 170/264  loss=0.2442
  batch 180/264  loss=0.2549
  batch 190/264  loss=0.4307
  batch 200/264  loss=0.3178
  batch 210/264  loss=0.3580
  batch 220/264  loss=0.3570
  batch 230/264  loss=0.3871
  batch 240/264  loss=0.2985
  batch 250/264  loss=0.4496
  batch 260/264  loss=0.4077
Epoch 274/300  train=3.515e-01  rmse=1.9858  lr=6.3e-06  231s
  batch 10/264  loss=0.4096
  batch 20/264  loss=0.3748
  batch 30/264  loss=0.3564
  batch 40/264  loss=0.7480
  batch 50/264  loss=0.3944
  batch 60/264  loss=0.3192
  batch 70/264  loss=0.4019
  batch 80/264  loss=0.3333
  batch 90/264  loss=0.2929
  batch 100/264  loss=0.2966
  batch 110/264  loss=0.2925
  batch 120/264  loss=0.3066
  batch 130/264  loss=0.4519
  batch 140/264  loss=0.3066
  batch 150/264  loss=0.4190
  batch 160/264  loss=0.3840
  batch 170/264  loss=0.5088
  batch 180/264  loss=0.3201
  batch 190/264  loss=0.5154
  batch 200/264  loss=0.2798
  batch 210/264  loss=0.2929
  batch 220/264  loss=0.4513
  batch 230/264  loss=0.3883
  batch 240/264  loss=0.3424
  batch 250/264  loss=0.6743
  batch 260/264  loss=0.2764
Epoch 275/300  train=3.485e-01  rmse=1.5952  lr=6.3e-06  231s
  batch 10/264  loss=0.3463
  batch 20/264  loss=0.2894
  batch 30/264  loss=0.3688
  batch 40/264  loss=0.2918
  batch 50/264  loss=0.3225
  batch 60/264  loss=0.2729
  batch 70/264  loss=0.3461
  batch 80/264  loss=0.2804
  batch 90/264  loss=0.4086
  batch 100/264  loss=0.3167
  batch 110/264  loss=0.3951
  batch 120/264  loss=0.4259
  batch 130/264  loss=0.3155
  batch 140/264  loss=0.2957
  batch 150/264  loss=0.2917
  batch 160/264  loss=0.3635
  batch 170/264  loss=0.2978
  batch 180/264  loss=0.3429
  batch 190/264  loss=0.3920
  batch 200/264  loss=0.2839
  batch 210/264  loss=0.3537
  batch 220/264  loss=0.2818
  batch 230/264  loss=0.2778
  batch 240/264  loss=0.2582
  batch 250/264  loss=0.2847
  batch 260/264  loss=0.3448
Epoch 276/300  train=3.441e-01  rmse=1.6100  lr=6.3e-06  231s
  -> best  monitor=3.441e-01
  batch 10/264  loss=0.4510
  batch 20/264  loss=0.3088
  batch 30/264  loss=0.3475
  batch 40/264  loss=0.3130
  batch 50/264  loss=0.3121
  batch 60/264  loss=0.2705
  batch 70/264  loss=0.4036
  batch 80/264  loss=0.3382
  batch 90/264  loss=0.5121
  batch 100/264  loss=0.4446
  batch 110/264  loss=0.3003
  batch 120/264  loss=0.2963
  batch 130/264  loss=0.4017
  batch 140/264  loss=0.3027
  batch 150/264  loss=0.4276
  batch 160/264  loss=0.3863
  batch 170/264  loss=0.3056
  batch 180/264  loss=0.2732
  batch 190/264  loss=0.2863
  batch 200/264  loss=0.3071
  batch 210/264  loss=0.2945
  batch 220/264  loss=0.4217
  batch 230/264  loss=0.3399
  batch 240/264  loss=0.4740
  batch 250/264  loss=0.2832
  batch 260/264  loss=0.3478
Epoch 277/300  train=3.468e-01  rmse=2.1150  lr=6.3e-06  232s
  batch 10/264  loss=0.2895
  batch 20/264  loss=0.2836
  batch 30/264  loss=0.5569
  batch 40/264  loss=0.4289
  batch 50/264  loss=0.3193
  batch 60/264  loss=0.2803
  batch 70/264  loss=0.3785
  batch 80/264  loss=0.4425
  batch 90/264  loss=0.2714
  batch 100/264  loss=0.3515
  batch 110/264  loss=0.3616
  batch 120/264  loss=0.2721
  batch 130/264  loss=0.3681
  batch 140/264  loss=0.2847
  batch 150/264  loss=0.2855
  batch 160/264  loss=0.2985
  batch 170/264  loss=0.2770
  batch 180/264  loss=0.3334
  batch 190/264  loss=0.2932
  batch 200/264  loss=0.3150
  batch 210/264  loss=0.3385
  batch 220/264  loss=0.3578
  batch 230/264  loss=0.3455
  batch 240/264  loss=0.4560
  batch 250/264  loss=0.3961
  batch 260/264  loss=0.4411
Epoch 278/300  train=3.488e-01  rmse=1.6543  lr=6.3e-06  233s
  batch 10/264  loss=0.3557
  batch 20/264  loss=0.3701
  batch 30/264  loss=0.4986
  batch 40/264  loss=0.2741
  batch 50/264  loss=0.4053
  batch 60/264  loss=0.3631
  batch 70/264  loss=0.2987
  batch 80/264  loss=0.3601
  batch 90/264  loss=0.3204
  batch 100/264  loss=0.3564
  batch 110/264  loss=0.3229
  batch 120/264  loss=0.3538
  batch 130/264  loss=0.3094
  batch 140/264  loss=0.4156
  batch 150/264  loss=0.3123
  batch 160/264  loss=0.3539
  batch 170/264  loss=0.3768
  batch 180/264  loss=0.4250
  batch 190/264  loss=0.3062
  batch 200/264  loss=0.4097
  batch 210/264  loss=0.3518
  batch 220/264  loss=0.4079
  batch 230/264  loss=0.3349
  batch 240/264  loss=0.3330
  batch 250/264  loss=0.4492
  batch 260/264  loss=0.3101
Epoch 279/300  train=3.490e-01  rmse=2.0324  lr=6.3e-06  231s
  batch 10/264  loss=0.3499
  batch 20/264  loss=0.3811
  batch 30/264  loss=0.4080
  batch 40/264  loss=0.2981
  batch 50/264  loss=0.3916
  batch 60/264  loss=0.3898
  batch 70/264  loss=0.3185
  batch 80/264  loss=0.4849
  batch 90/264  loss=0.3136
  batch 100/264  loss=0.2690
  batch 110/264  loss=0.3087
  batch 120/264  loss=0.3062
  batch 130/264  loss=0.2798
  batch 140/264  loss=0.3504
  batch 150/264  loss=0.2596
  batch 160/264  loss=0.3416
  batch 170/264  loss=0.2735
  batch 180/264  loss=0.2914
  batch 190/264  loss=0.2707
  batch 200/264  loss=0.3331
  batch 210/264  loss=0.3492
  batch 220/264  loss=0.3607
  batch 230/264  loss=0.4216
  batch 240/264  loss=0.4274
  batch 250/264  loss=0.2799
  batch 260/264  loss=0.3430
Epoch 280/300  train=3.508e-01  rmse=4.2901  lr=6.3e-06  231s
  batch 10/264  loss=0.4269
  batch 20/264  loss=0.3502
  batch 30/264  loss=0.4340
  batch 40/264  loss=0.3670
  batch 50/264  loss=0.3817
  batch 60/264  loss=0.3208
  batch 70/264  loss=0.4112
  batch 80/264  loss=0.3264
  batch 90/264  loss=0.2591
  batch 100/264  loss=0.3442
  batch 110/264  loss=0.3174
  batch 120/264  loss=0.3702
  batch 130/264  loss=0.4345
  batch 140/264  loss=0.4104
  batch 150/264  loss=0.4008
  batch 160/264  loss=0.2751
  batch 170/264  loss=0.3041
  batch 180/264  loss=0.4714
  batch 190/264  loss=0.3061
  batch 200/264  loss=0.3996
  batch 210/264  loss=0.3262
  batch 220/264  loss=0.3970
  batch 230/264  loss=0.3519
  batch 240/264  loss=0.2884
  batch 250/264  loss=0.3037
  batch 260/264  loss=0.2909
Epoch 281/300  train=3.480e-01  rmse=1.7701  lr=6.3e-06  231s
  batch 10/264  loss=0.4296
  batch 20/264  loss=0.4071
  batch 30/264  loss=0.3124
  batch 40/264  loss=0.2796
  batch 50/264  loss=0.3972
  batch 60/264  loss=0.3251
  batch 70/264  loss=0.4366
  batch 80/264  loss=0.2779
  batch 90/264  loss=0.3019
  batch 100/264  loss=0.2816
  batch 110/264  loss=0.3181
  batch 120/264  loss=0.3090
  batch 130/264  loss=0.3801
  batch 140/264  loss=0.3041
  batch 150/264  loss=0.4148
  batch 160/264  loss=0.6044
  batch 170/264  loss=0.2669
  batch 180/264  loss=0.2758
  batch 190/264  loss=0.2790
  batch 200/264  loss=0.2926
  batch 210/264  loss=0.3305
  batch 220/264  loss=0.3391
  batch 230/264  loss=0.3289
  batch 240/264  loss=0.3621
  batch 250/264  loss=0.2367
  batch 260/264  loss=0.4531
Epoch 282/300  train=3.504e-01  rmse=2.1859  lr=6.3e-06  231s
  batch 10/264  loss=0.3589
  batch 20/264  loss=0.3742
  batch 30/264  loss=0.3179
  batch 40/264  loss=0.3026
  batch 50/264  loss=0.3999
  batch 60/264  loss=0.3350
  batch 70/264  loss=0.3255
  batch 80/264  loss=0.6678
  batch 90/264  loss=0.3225
  batch 100/264  loss=0.2688
  batch 110/264  loss=0.3159
  batch 120/264  loss=0.2857
  batch 130/264  loss=0.3786
  batch 140/264  loss=0.4457
  batch 150/264  loss=0.2979
  batch 160/264  loss=0.2975
  batch 170/264  loss=0.3623
  batch 180/264  loss=0.3482
  batch 190/264  loss=0.3204
  batch 200/264  loss=0.3386
  batch 210/264  loss=0.2835
  batch 220/264  loss=0.5206
  batch 230/264  loss=0.3778
  batch 240/264  loss=0.2730
  batch 250/264  loss=0.3374
  batch 260/264  loss=0.3519
Epoch 283/300  train=3.481e-01  rmse=2.3805  lr=6.3e-06  232s
  batch 10/264  loss=0.2807
  batch 20/264  loss=0.3589
  batch 30/264  loss=0.3719
  batch 40/264  loss=0.2949
  batch 50/264  loss=0.4493
  batch 60/264  loss=0.3301
  batch 70/264  loss=0.4197
  batch 80/264  loss=0.3023
  batch 90/264  loss=0.4192
  batch 100/264  loss=0.3136
  batch 110/264  loss=0.2851
  batch 120/264  loss=0.3308
  batch 130/264  loss=0.3615
  batch 140/264  loss=0.3325
  batch 150/264  loss=0.3037
  batch 160/264  loss=0.3372
  batch 170/264  loss=0.3145
  batch 180/264  loss=0.2578
  batch 190/264  loss=0.3024
  batch 200/264  loss=0.3687
  batch 210/264  loss=0.3576
  batch 220/264  loss=0.3043
  batch 230/264  loss=0.3564
  batch 240/264  loss=0.4843
  batch 250/264  loss=0.3178
  batch 260/264  loss=0.3156
Epoch 284/300  train=3.483e-01  rmse=1.9618  lr=6.3e-06  231s
  batch 10/264  loss=0.4153
  batch 20/264  loss=0.3087
  batch 30/264  loss=0.3428
  batch 40/264  loss=0.2641
  batch 50/264  loss=0.3215
  batch 60/264  loss=0.2735
  batch 70/264  loss=0.4500
  batch 80/264  loss=0.3600
  batch 90/264  loss=0.3070
  batch 100/264  loss=0.3110
  batch 110/264  loss=0.3019
  batch 120/264  loss=0.3905
  batch 130/264  loss=0.2879
  batch 140/264  loss=0.2988
  batch 150/264  loss=0.4630
  batch 160/264  loss=0.2941
  batch 170/264  loss=0.3393
  batch 180/264  loss=0.4801
  batch 190/264  loss=0.3645
  batch 200/264  loss=0.4649
  batch 210/264  loss=0.3915
  batch 220/264  loss=0.2740
  batch 230/264  loss=0.3745
  batch 240/264  loss=0.4220
  batch 250/264  loss=0.3031
  batch 260/264  loss=0.4943
Epoch 285/300  train=3.454e-01  rmse=1.9636  lr=6.3e-06  232s
  batch 10/264  loss=0.4117
  batch 20/264  loss=0.3382
  batch 30/264  loss=0.3170
  batch 40/264  loss=0.9914
  batch 50/264  loss=0.4457
  batch 60/264  loss=0.4270
  batch 70/264  loss=0.2773
  batch 80/264  loss=0.2578
  batch 90/264  loss=0.3062
  batch 100/264  loss=0.3136
  batch 110/264  loss=0.2717
  batch 120/264  loss=0.2723
  batch 130/264  loss=0.2608
  batch 140/264  loss=0.4652
  batch 150/264  loss=0.3362
  batch 160/264  loss=0.7459
  batch 170/264  loss=0.3958
  batch 180/264  loss=0.3087
  batch 190/264  loss=0.3089
  batch 200/264  loss=0.2489
  batch 210/264  loss=0.3922
  batch 220/264  loss=0.4188
  batch 230/264  loss=0.3486
  batch 240/264  loss=0.2876
  batch 250/264  loss=0.4485
  batch 260/264  loss=0.3620
Epoch 286/300  train=3.515e-01  rmse=1.9285  lr=6.3e-06  231s
  batch 10/264  loss=0.3283
  batch 20/264  loss=0.3865
  batch 30/264  loss=0.2999
  batch 40/264  loss=0.3113
  batch 50/264  loss=0.2784
  batch 60/264  loss=0.3301
  batch 70/264  loss=0.2614
  batch 80/264  loss=0.4034
  batch 90/264  loss=0.3175
  batch 100/264  loss=0.2650
  batch 110/264  loss=0.2734
  batch 120/264  loss=0.3352
  batch 130/264  loss=0.3392
  batch 140/264  loss=0.3594
  batch 150/264  loss=0.3115
  batch 160/264  loss=0.3467
  batch 170/264  loss=0.4351
  batch 180/264  loss=0.3058
  batch 190/264  loss=0.3190
  batch 200/264  loss=0.3889
  batch 210/264  loss=0.2761
  batch 220/264  loss=0.3186
  batch 230/264  loss=0.3444
  batch 240/264  loss=0.3387
  batch 250/264  loss=0.3566
  batch 260/264  loss=0.3581
Epoch 287/300  train=3.466e-01  rmse=1.7347  lr=3.1e-06  232s
  batch 10/264  loss=0.4173
  batch 20/264  loss=0.3926
  batch 30/264  loss=0.3055
  batch 40/264  loss=0.4193
  batch 50/264  loss=0.2887
  batch 60/264  loss=0.3359
  batch 70/264  loss=0.3464
  batch 80/264  loss=0.2998
  batch 90/264  loss=0.3708
  batch 100/264  loss=0.4709
  batch 110/264  loss=0.2964
  batch 120/264  loss=0.4227
  batch 130/264  loss=0.3910
  batch 140/264  loss=0.2713
  batch 150/264  loss=0.2862
  batch 160/264  loss=0.2436
  batch 170/264  loss=0.3057
  batch 180/264  loss=0.2953
  batch 190/264  loss=0.4082
  batch 200/264  loss=0.3250
  batch 210/264  loss=0.2801
  batch 220/264  loss=0.3357
  batch 230/264  loss=0.5096
  batch 240/264  loss=0.5613
  batch 250/264  loss=0.2683
  batch 260/264  loss=0.2825
Epoch 288/300  train=3.451e-01  rmse=1.8426  lr=3.1e-06  232s
  batch 10/264  loss=0.2930
  batch 20/264  loss=0.4074
  batch 30/264  loss=0.3345
  batch 40/264  loss=0.3503
  batch 50/264  loss=0.2490
  batch 60/264  loss=0.3487
  batch 70/264  loss=0.3502
  batch 80/264  loss=0.3030
  batch 90/264  loss=0.3653
  batch 100/264  loss=0.3041
  batch 110/264  loss=0.3320
  batch 120/264  loss=0.2972
  batch 130/264  loss=0.4504
  batch 140/264  loss=0.4491
  batch 150/264  loss=0.2798
  batch 160/264  loss=0.3335
  batch 170/264  loss=0.4572
  batch 180/264  loss=0.2787
  batch 190/264  loss=0.5836
  batch 200/264  loss=0.3290
  batch 210/264  loss=0.2574
  batch 220/264  loss=0.3454
  batch 230/264  loss=0.3219
  batch 240/264  loss=0.3130
  batch 250/264  loss=0.3597
  batch 260/264  loss=0.2586
Epoch 289/300  train=3.501e-01  rmse=1.7638  lr=3.1e-06  231s
  batch 10/264  loss=0.2830
  batch 20/264  loss=0.3560
  batch 30/264  loss=0.4111
  batch 40/264  loss=0.4082
  batch 50/264  loss=0.2850
  batch 60/264  loss=0.2935
  batch 70/264  loss=0.3199
  batch 80/264  loss=0.3930
  batch 90/264  loss=0.3273
  batch 100/264  loss=0.2870
  batch 110/264  loss=0.3334
  batch 120/264  loss=0.3954
  batch 130/264  loss=0.3783
  batch 140/264  loss=0.2864
  batch 150/264  loss=0.2992
  batch 160/264  loss=0.4016
  batch 170/264  loss=0.2969
  batch 180/264  loss=0.3157
  batch 190/264  loss=0.2932
  batch 200/264  loss=0.2628
  batch 210/264  loss=0.2795
  batch 220/264  loss=0.3097
  batch 230/264  loss=0.2883
  batch 240/264  loss=0.4031
  batch 250/264  loss=0.2892
  batch 260/264  loss=0.2921
Epoch 290/300  train=3.490e-01  rmse=1.8389  lr=3.1e-06  232s
  batch 10/264  loss=0.4603
  batch 20/264  loss=0.3017
  batch 30/264  loss=0.2950
  batch 40/264  loss=0.2665
  batch 50/264  loss=0.3187
  batch 60/264  loss=0.3166
  batch 70/264  loss=0.3217
  batch 80/264  loss=0.4409
  batch 90/264  loss=0.4817
  batch 100/264  loss=0.3440
  batch 110/264  loss=0.2661
  batch 120/264  loss=0.3783
  batch 130/264  loss=0.2890
  batch 140/264  loss=0.3997
  batch 150/264  loss=0.2887
  batch 160/264  loss=0.4245
  batch 170/264  loss=0.2999
  batch 180/264  loss=0.4698
  batch 190/264  loss=0.2872
  batch 200/264  loss=0.3003
  batch 210/264  loss=0.4524
  batch 220/264  loss=0.4128
  batch 230/264  loss=0.3393
  batch 240/264  loss=0.3440
  batch 250/264  loss=0.2839
  batch 260/264  loss=0.4220
Epoch 291/300  train=3.475e-01  rmse=1.9952  lr=3.1e-06  230s
  batch 10/264  loss=0.4216
  batch 20/264  loss=0.3679
  batch 30/264  loss=0.3644
  batch 40/264  loss=0.3401
  batch 50/264  loss=0.3177
  batch 60/264  loss=0.2705
  batch 70/264  loss=0.3163
  batch 80/264  loss=0.3837
  batch 90/264  loss=0.3782
  batch 100/264  loss=0.4550
  batch 110/264  loss=0.2736
  batch 120/264  loss=0.3786
  batch 130/264  loss=0.3091
  batch 140/264  loss=0.2908
  batch 150/264  loss=0.2871
  batch 160/264  loss=0.3770
  batch 170/264  loss=0.3516
  batch 180/264  loss=0.3464
  batch 190/264  loss=0.3005
  batch 200/264  loss=0.4815
  batch 210/264  loss=0.3544
  batch 220/264  loss=0.2865
  batch 230/264  loss=0.2980
  batch 240/264  loss=0.4184
  batch 250/264  loss=0.2896
  batch 260/264  loss=0.3123
Epoch 292/300  train=3.536e-01  rmse=2.2707  lr=3.1e-06  230s
  batch 10/264  loss=0.3408
  batch 20/264  loss=0.2918
  batch 30/264  loss=0.3336
  batch 40/264  loss=0.4007
  batch 50/264  loss=0.3413
  batch 60/264  loss=0.3290
  batch 70/264  loss=0.2773
  batch 80/264  loss=0.2828
  batch 90/264  loss=0.3607
  batch 100/264  loss=0.4112
  batch 110/264  loss=0.3255
  batch 120/264  loss=0.3616
  batch 130/264  loss=0.2500
  batch 140/264  loss=0.3198
  batch 150/264  loss=0.3312
  batch 160/264  loss=0.3479
  batch 170/264  loss=0.2768
  batch 180/264  loss=0.3190
  batch 190/264  loss=0.3209
  batch 200/264  loss=0.3599
  batch 210/264  loss=0.3175
  batch 220/264  loss=0.3195
  batch 230/264  loss=0.3420
  batch 240/264  loss=0.2538
  batch 250/264  loss=0.2790
  batch 260/264  loss=0.3132
Epoch 293/300  train=3.446e-01  rmse=2.4388  lr=3.1e-06  231s
  batch 10/264  loss=0.4610
  batch 20/264  loss=0.3577
  batch 30/264  loss=0.3567
  batch 40/264  loss=0.3553
  batch 50/264  loss=0.2884
  batch 60/264  loss=0.3059
  batch 70/264  loss=0.2766
  batch 80/264  loss=0.3993
  batch 90/264  loss=0.3767
  batch 100/264  loss=0.3910
  batch 110/264  loss=0.4398
  batch 120/264  loss=0.3408
  batch 130/264  loss=0.3489
  batch 140/264  loss=0.3028
  batch 150/264  loss=0.5206
  batch 160/264  loss=0.2964
  batch 170/264  loss=0.2659
  batch 180/264  loss=0.2998
  batch 190/264  loss=0.3634
  batch 200/264  loss=0.4161
  batch 210/264  loss=0.2723
  batch 220/264  loss=0.2954
  batch 230/264  loss=0.4280
  batch 240/264  loss=0.2599
  batch 250/264  loss=0.3827
  batch 260/264  loss=0.3140
Epoch 294/300  train=3.446e-01  rmse=1.9653  lr=3.1e-06  231s
  batch 10/264  loss=0.4316
  batch 20/264  loss=0.4606
  batch 30/264  loss=0.3221
  batch 40/264  loss=0.4889
  batch 50/264  loss=0.4443
  batch 60/264  loss=0.2735
  batch 70/264  loss=0.3293
  batch 80/264  loss=0.3118
  batch 90/264  loss=0.2876
  batch 100/264  loss=0.3357
  batch 110/264  loss=0.3944
  batch 120/264  loss=0.2646
  batch 130/264  loss=0.4994
  batch 140/264  loss=0.3198
  batch 150/264  loss=0.3550
  batch 160/264  loss=0.3859
  batch 170/264  loss=0.2867
  batch 180/264  loss=0.2984
  batch 190/264  loss=0.3048
  batch 200/264  loss=0.2720
  batch 210/264  loss=0.2673
  batch 220/264  loss=0.2641
  batch 230/264  loss=0.2870
  batch 240/264  loss=0.4270
  batch 250/264  loss=0.4490
  batch 260/264  loss=0.2821
Epoch 295/300  train=3.487e-01  rmse=1.9044  lr=3.1e-06  231s
  batch 10/264  loss=0.2767
  batch 20/264  loss=0.2667
  batch 30/264  loss=0.2714
  batch 40/264  loss=0.3982
  batch 50/264  loss=0.4956
  batch 60/264  loss=0.4628
  batch 70/264  loss=0.5961
  batch 80/264  loss=0.3531
  batch 90/264  loss=0.3724
  batch 100/264  loss=0.3364
  batch 110/264  loss=0.3644
  batch 120/264  loss=0.3092
  batch 130/264  loss=0.2745
  batch 140/264  loss=0.2421
  batch 150/264  loss=0.3122
  batch 160/264  loss=0.3351
  batch 170/264  loss=0.3102
  batch 180/264  loss=0.3246
  batch 190/264  loss=0.2645
  batch 200/264  loss=0.4065
  batch 210/264  loss=0.2739
  batch 220/264  loss=0.2766
  batch 230/264  loss=0.2850
  batch 240/264  loss=0.3895
  batch 250/264  loss=0.4642
  batch 260/264  loss=0.2970
Epoch 296/300  train=3.477e-01  rmse=2.3635  lr=3.1e-06  232s
  batch 10/264  loss=0.2904
  batch 20/264  loss=0.3606
  batch 30/264  loss=0.3966
  batch 40/264  loss=0.3203
  batch 50/264  loss=0.4011
  batch 60/264  loss=0.2868
  batch 70/264  loss=0.3422
  batch 80/264  loss=0.2944
  batch 90/264  loss=0.2592
  batch 100/264  loss=0.5003
  batch 110/264  loss=0.2696
  batch 120/264  loss=0.4085
  batch 130/264  loss=0.3651
  batch 140/264  loss=0.2250
  batch 150/264  loss=0.2984
  batch 160/264  loss=0.3385
  batch 170/264  loss=0.4929
  batch 180/264  loss=0.5216
  batch 190/264  loss=0.4849
  batch 200/264  loss=0.3112
  batch 210/264  loss=0.2959
  batch 220/264  loss=0.2805
  batch 230/264  loss=0.3256
  batch 240/264  loss=0.3256
  batch 250/264  loss=0.2991
  batch 260/264  loss=0.3342
Epoch 297/300  train=3.438e-01  rmse=2.1108  lr=3.1e-06  231s
  -> best  monitor=3.438e-01
  batch 10/264  loss=0.3767
  batch 20/264  loss=0.4171
  batch 30/264  loss=0.2806
  batch 40/264  loss=0.3483
  batch 50/264  loss=0.4425
  batch 60/264  loss=0.3120
  batch 70/264  loss=0.3588
  batch 80/264  loss=0.2438
  batch 90/264  loss=0.3228
  batch 100/264  loss=0.3512
  batch 110/264  loss=0.3487
  batch 120/264  loss=0.5346
  batch 130/264  loss=0.2988
  batch 140/264  loss=0.2769
  batch 150/264  loss=0.3849
  batch 160/264  loss=0.4071
  batch 170/264  loss=0.4305
  batch 180/264  loss=0.3615
  batch 190/264  loss=0.5259
  batch 200/264  loss=0.3216
  batch 210/264  loss=0.3376
  batch 220/264  loss=0.3445
  batch 230/264  loss=0.2453
  batch 240/264  loss=0.2742
  batch 250/264  loss=0.4448
  batch 260/264  loss=0.3190
Epoch 298/300  train=3.535e-01  rmse=3.2966  lr=3.1e-06  225s
  batch 10/264  loss=0.3465
  batch 20/264  loss=0.3024
  batch 30/264  loss=0.3088
  batch 40/264  loss=0.2929
  batch 50/264  loss=0.3061
  batch 60/264  loss=0.4017
  batch 70/264  loss=0.3264
  batch 80/264  loss=0.3157
  batch 90/264  loss=0.2758
  batch 100/264  loss=0.3692
  batch 110/264  loss=0.2806
  batch 120/264  loss=0.4513
  batch 130/264  loss=0.2860
  batch 140/264  loss=0.5234
  batch 150/264  loss=0.3834
  batch 160/264  loss=0.3231
  batch 170/264  loss=0.4171
  batch 180/264  loss=0.3055
  batch 190/264  loss=0.3540
  batch 200/264  loss=0.2964
  batch 210/264  loss=0.2649
  batch 220/264  loss=0.3161
  batch 230/264  loss=0.3278
  batch 240/264  loss=0.2852
  batch 250/264  loss=0.4232
  batch 260/264  loss=0.3720
Epoch 299/300  train=3.468e-01  rmse=1.8315  lr=3.1e-06  229s
  batch 10/264  loss=0.2591
  batch 20/264  loss=0.3458
  batch 30/264  loss=0.3250
  batch 40/264  loss=0.3889
  batch 50/264  loss=0.2794
  batch 60/264  loss=0.3820
  batch 70/264  loss=0.2750
  batch 80/264  loss=0.4169
  batch 90/264  loss=0.3413
  batch 100/264  loss=0.3479
  batch 110/264  loss=0.2910
  batch 120/264  loss=0.3537
  batch 130/264  loss=0.3018
  batch 140/264  loss=0.3814
  batch 150/264  loss=0.2530
  batch 160/264  loss=0.3455
  batch 170/264  loss=0.2980
  batch 180/264  loss=0.2992
  batch 190/264  loss=0.3058
  batch 200/264  loss=0.3526
  batch 210/264  loss=0.3452
  batch 220/264  loss=0.3270
  batch 230/264  loss=0.3401
  batch 240/264  loss=0.3354
  batch 250/264  loss=0.3275
  batch 260/264  loss=0.3736
Epoch 300/300  train=3.462e-01  rmse=2.8226  lr=3.1e-06  228s

Test evaluation (best checkpoint)...
Test (RMSE / MAE in μg/m³):
  total: 0.465693
  main: 0.025265
  nonneg: 0.000000
  smooth: 0.000000
  anom: 0.016418
  grad: 0.000557
  pattern: 0.119778
  spectral: 0.303675
  var: 0.000000
  rmse: 0.729790
  rmse_low: 0.956810
  rmse_high: 0.312051
  mae: 0.376877

  z  Height(m)        R²
--------------------------
  0       15.0    0.8685  <- ~0-100m
  1       25.0    0.8553  <- ~0-100m
  2       35.0    0.8815  <- ~0-100m
  3       45.0    0.8981  <- ~0-100m
  4       55.0    0.9091  <- ~0-100m
  5       75.0    0.9421  <- ~0-100m
  6       95.0    0.9598  <- ~0-100m
  7      115.0    0.9701  <- ~0-100m
  8      135.0    0.9759
  9      155.0    0.9799
 10      175.0    0.9819
 11      195.0    0.9828
