Device: cuda
Building datasets...
Temporal split:  train=264  val=0  test=72
Fitting normalisation on 264 samples...
  50/264
  100/264
  150/264
  200/264
  250/264
Done.
  emission  mean=5.6840  std=1.1291
  pm25      per-level  mean[0]=2.3826e+00  mean[-1]=1.1283e+00
Model: UNet3D  base_ch=16  params: 1,598,466
No val set — using train loss for scheduler and checkpoint selection.

Training for 300 epochs...
  batch 10/264  loss=3.3413
  batch 20/264  loss=3.9544
  batch 30/264  loss=2.3136
  batch 40/264  loss=3.0742
  batch 50/264  loss=3.1888
  batch 60/264  loss=2.6020
  batch 70/264  loss=1.8810
  batch 80/264  loss=1.7562
  batch 90/264  loss=3.8061
  batch 100/264  loss=4.9241
  batch 110/264  loss=1.6833
  batch 120/264  loss=2.1416
  batch 130/264  loss=1.8186
  batch 140/264  loss=1.6296
  batch 150/264  loss=2.8534
  batch 160/264  loss=2.3651
  batch 170/264  loss=1.5623
  batch 180/264  loss=2.5302
  batch 190/264  loss=3.1420
  batch 200/264  loss=2.0256
  batch 210/264  loss=2.2501
  batch 220/264  loss=2.4393
  batch 230/264  loss=2.1827
  batch 240/264  loss=1.6521
  batch 250/264  loss=1.9001
  batch 260/264  loss=1.1496
Epoch   1/300  train=2.495e+00  rmse=4.4777  lr=1.0e-04  251s
  -> best  monitor=2.495e+00
  batch 10/264  loss=1.5500
  batch 20/264  loss=1.9203
  batch 30/264  loss=1.6682
  batch 40/264  loss=4.1480
  batch 50/264  loss=1.1815
  batch 60/264  loss=1.2518
  batch 70/264  loss=1.1367
  batch 80/264  loss=1.7033
  batch 90/264  loss=1.4330
  batch 100/264  loss=0.8930
  batch 110/264  loss=0.9951
  batch 120/264  loss=0.9821
  batch 130/264  loss=1.1959
  batch 140/264  loss=1.3761
  batch 150/264  loss=3.1872
  batch 160/264  loss=1.0141
  batch 170/264  loss=3.3895
  batch 180/264  loss=1.6259
  batch 190/264  loss=1.7344
  batch 200/264  loss=1.4345
  batch 210/264  loss=1.6793
  batch 220/264  loss=1.9654
  batch 230/264  loss=1.2780
  batch 240/264  loss=1.8450
  batch 250/264  loss=1.0184
  batch 260/264  loss=1.0992
Epoch   2/300  train=1.543e+00  rmse=3.5804  lr=1.0e-04  226s
  -> best  monitor=1.543e+00
  batch 10/264  loss=1.7674
  batch 20/264  loss=1.4895
  batch 30/264  loss=2.2802
  batch 40/264  loss=0.8970
  batch 50/264  loss=1.1408
  batch 60/264  loss=1.1139
  batch 70/264  loss=1.2539
  batch 80/264  loss=1.6783
  batch 90/264  loss=1.3810
  batch 100/264  loss=1.0834
  batch 110/264  loss=0.8821
  batch 120/264  loss=1.7791
  batch 130/264  loss=1.0615
  batch 140/264  loss=1.2928
  batch 150/264  loss=0.9246
  batch 160/264  loss=1.6122
  batch 170/264  loss=1.2551
  batch 180/264  loss=1.5076
  batch 190/264  loss=1.1206
  batch 200/264  loss=1.0178
  batch 210/264  loss=3.0849
  batch 220/264  loss=0.9758
  batch 230/264  loss=1.1024
  batch 240/264  loss=1.0406
  batch 250/264  loss=1.3884
  batch 260/264  loss=1.4194
Epoch   3/300  train=1.316e+00  rmse=3.1415  lr=1.0e-04  226s
  -> best  monitor=1.316e+00
  batch 10/264  loss=1.1173
  batch 20/264  loss=1.5712
  batch 30/264  loss=1.1115
  batch 40/264  loss=1.4742
  batch 50/264  loss=0.9680
  batch 60/264  loss=1.1287
  batch 70/264  loss=0.8337
  batch 80/264  loss=1.1757
  batch 90/264  loss=0.9613
  batch 100/264  loss=1.0983
  batch 110/264  loss=0.9179
  batch 120/264  loss=1.6053
  batch 130/264  loss=1.1165
  batch 140/264  loss=1.1960
  batch 150/264  loss=1.2094
  batch 160/264  loss=1.7354
  batch 170/264  loss=0.7797
  batch 180/264  loss=1.0985
  batch 190/264  loss=1.3875
  batch 200/264  loss=1.4666
  batch 210/264  loss=0.9880
  batch 220/264  loss=2.0692
  batch 230/264  loss=0.8039
  batch 240/264  loss=1.5827
  batch 250/264  loss=1.1461
  batch 260/264  loss=1.2419
Epoch   4/300  train=1.221e+00  rmse=3.0097  lr=1.0e-04  227s
  -> best  monitor=1.221e+00
  batch 10/264  loss=1.2337
  batch 20/264  loss=0.9536
  batch 30/264  loss=1.2898
  batch 40/264  loss=2.0779
  batch 50/264  loss=0.9710
  batch 60/264  loss=2.5184
  batch 70/264  loss=0.7081
  batch 80/264  loss=0.7847
  batch 90/264  loss=0.8492
  batch 100/264  loss=1.0885
  batch 110/264  loss=0.9287
  batch 120/264  loss=1.0161
  batch 130/264  loss=0.8712
  batch 140/264  loss=1.6687
  batch 150/264  loss=0.9542
  batch 160/264  loss=0.7653
  batch 170/264  loss=1.1691
  batch 180/264  loss=1.0589
  batch 190/264  loss=0.8865
  batch 200/264  loss=1.0646
  batch 210/264  loss=0.7515
  batch 220/264  loss=1.0222
  batch 230/264  loss=0.7924
  batch 240/264  loss=0.9189
  batch 250/264  loss=0.8001
  batch 260/264  loss=0.6947
Epoch   5/300  train=1.118e+00  rmse=2.9254  lr=1.0e-04  226s
  -> best  monitor=1.118e+00
  batch 10/264  loss=1.0242
  batch 20/264  loss=0.8104
  batch 30/264  loss=0.9906
  batch 40/264  loss=0.7436
  batch 50/264  loss=1.2571
  batch 60/264  loss=0.8056
  batch 70/264  loss=0.9799
  batch 80/264  loss=1.1802
  batch 90/264  loss=1.3898
  batch 100/264  loss=1.8057
  batch 110/264  loss=0.8446
  batch 120/264  loss=1.5319
  batch 130/264  loss=0.9124
  batch 140/264  loss=0.8814
  batch 150/264  loss=1.0252
  batch 160/264  loss=1.5529
  batch 170/264  loss=0.6647
  batch 180/264  loss=1.2907
  batch 190/264  loss=1.8530
  batch 200/264  loss=0.7612
  batch 210/264  loss=0.8869
  batch 220/264  loss=0.7519
  batch 230/264  loss=0.6695
  batch 240/264  loss=1.0400
  batch 250/264  loss=0.9929
  batch 260/264  loss=1.2753
Epoch   6/300  train=1.044e+00  rmse=2.8766  lr=1.0e-04  228s
  -> best  monitor=1.044e+00
  batch 10/264  loss=1.0949
  batch 20/264  loss=0.7719
  batch 30/264  loss=1.0385
  batch 40/264  loss=1.1394
  batch 50/264  loss=1.0812
  batch 60/264  loss=0.8031
  batch 70/264  loss=0.8153
  batch 80/264  loss=1.2685
  batch 90/264  loss=0.9545
  batch 100/264  loss=0.8528
  batch 110/264  loss=1.0737
  batch 120/264  loss=1.1208
  batch 130/264  loss=0.9473
  batch 140/264  loss=0.6919
  batch 150/264  loss=0.6569
  batch 160/264  loss=0.7728
  batch 170/264  loss=1.1665
  batch 180/264  loss=0.8187
  batch 190/264  loss=1.7311
  batch 200/264  loss=0.8187
  batch 210/264  loss=1.5228
  batch 220/264  loss=1.6479
  batch 230/264  loss=0.8105
  batch 240/264  loss=0.9485
  batch 250/264  loss=1.0167
  batch 260/264  loss=1.1677
Epoch   7/300  train=9.944e-01  rmse=2.9491  lr=1.0e-04  227s
  -> best  monitor=9.944e-01
  batch 10/264  loss=0.7566
  batch 20/264  loss=0.7257
  batch 30/264  loss=0.6662
  batch 40/264  loss=0.9139
  batch 50/264  loss=0.7631
  batch 60/264  loss=1.0339
  batch 70/264  loss=0.8597
  batch 80/264  loss=0.8755
  batch 90/264  loss=0.7851
  batch 100/264  loss=0.7725
  batch 110/264  loss=0.6315
  batch 120/264  loss=0.8773
  batch 130/264  loss=0.7875
  batch 140/264  loss=0.6274
  batch 150/264  loss=1.1667
  batch 160/264  loss=0.8857
  batch 170/264  loss=0.8385
  batch 180/264  loss=0.8948
  batch 190/264  loss=0.7727
  batch 200/264  loss=1.6248
  batch 210/264  loss=0.9549
  batch 220/264  loss=0.7381
  batch 230/264  loss=0.9769
  batch 240/264  loss=0.7891
  batch 250/264  loss=0.9483
  batch 260/264  loss=1.7517
Epoch   8/300  train=9.418e-01  rmse=2.8290  lr=1.0e-04  226s
  -> best  monitor=9.418e-01
  batch 10/264  loss=0.6883
  batch 20/264  loss=0.7882
  batch 30/264  loss=0.6986
  batch 40/264  loss=0.8319
  batch 50/264  loss=0.7175
  batch 60/264  loss=0.7434
  batch 70/264  loss=0.9095
  batch 80/264  loss=0.5528
  batch 90/264  loss=0.6459
  batch 100/264  loss=0.9152
  batch 110/264  loss=0.7141
  batch 120/264  loss=0.7576
  batch 130/264  loss=0.8375
  batch 140/264  loss=0.7471
  batch 150/264  loss=0.7348
  batch 160/264  loss=0.6088
  batch 170/264  loss=1.3131
  batch 180/264  loss=0.7535
  batch 190/264  loss=0.6745
  batch 200/264  loss=0.9446
  batch 210/264  loss=0.7735
  batch 220/264  loss=0.7206
  batch 230/264  loss=0.7481
  batch 240/264  loss=0.8134
  batch 250/264  loss=0.8790
  batch 260/264  loss=0.7261
Epoch   9/300  train=9.167e-01  rmse=2.8332  lr=1.0e-04  228s
  -> best  monitor=9.167e-01
  batch 10/264  loss=0.8600
  batch 20/264  loss=0.8590
  batch 30/264  loss=0.8052
  batch 40/264  loss=0.8591
  batch 50/264  loss=0.7488
  batch 60/264  loss=0.8803
  batch 70/264  loss=0.9011
  batch 80/264  loss=0.7661
  batch 90/264  loss=0.5580
  batch 100/264  loss=0.8139
  batch 110/264  loss=0.7496
  batch 120/264  loss=0.7049
  batch 130/264  loss=0.9662
  batch 140/264  loss=0.7488
  batch 150/264  loss=0.9575
  batch 160/264  loss=0.9647
  batch 170/264  loss=0.7037
  batch 180/264  loss=0.8927
  batch 190/264  loss=1.0206
  batch 200/264  loss=0.7263
  batch 210/264  loss=1.4646
  batch 220/264  loss=0.8374
  batch 230/264  loss=0.8294
  batch 240/264  loss=1.1959
  batch 250/264  loss=0.9001
  batch 260/264  loss=0.5797
Epoch  10/300  train=8.928e-01  rmse=2.7802  lr=1.0e-04  227s
  -> best  monitor=8.928e-01
  batch 10/264  loss=0.9257
  batch 20/264  loss=0.7968
  batch 30/264  loss=0.6876
  batch 40/264  loss=0.5586
  batch 50/264  loss=0.9892
  batch 60/264  loss=0.6458
  batch 70/264  loss=0.7313
  batch 80/264  loss=0.6071
  batch 90/264  loss=1.0025
  batch 100/264  loss=0.9051
  batch 110/264  loss=0.6847
  batch 120/264  loss=0.7831
  batch 130/264  loss=2.0553
  batch 140/264  loss=0.9001
  batch 150/264  loss=1.0555
  batch 160/264  loss=0.6411
  batch 170/264  loss=0.8803
  batch 180/264  loss=0.6810
  batch 190/264  loss=0.8632
  batch 200/264  loss=0.6502
  batch 210/264  loss=0.7887
  batch 220/264  loss=0.5973
  batch 230/264  loss=0.7471
  batch 240/264  loss=0.7231
  batch 250/264  loss=0.8176
  batch 260/264  loss=0.8921
Epoch  11/300  train=8.671e-01  rmse=2.7749  lr=1.0e-04  228s
  -> best  monitor=8.671e-01
  batch 10/264  loss=0.9999
  batch 20/264  loss=0.8914
  batch 30/264  loss=0.7418
  batch 40/264  loss=1.1173
  batch 50/264  loss=0.5786
  batch 60/264  loss=0.7142
  batch 70/264  loss=0.6314
  batch 80/264  loss=0.9294
  batch 90/264  loss=0.7333
  batch 100/264  loss=0.7325
  batch 110/264  loss=0.7854
  batch 120/264  loss=0.6823
  batch 130/264  loss=0.9640
  batch 140/264  loss=0.6033
  batch 150/264  loss=0.5991
  batch 160/264  loss=0.7412
  batch 170/264  loss=0.6798
  batch 180/264  loss=0.6740
  batch 190/264  loss=0.7327
  batch 200/264  loss=1.0819
  batch 210/264  loss=0.5827
  batch 220/264  loss=0.7213
  batch 230/264  loss=0.8729
  batch 240/264  loss=0.8859
  batch 250/264  loss=0.9642
  batch 260/264  loss=0.9429
Epoch  12/300  train=8.418e-01  rmse=2.6546  lr=1.0e-04  228s
  -> best  monitor=8.418e-01
  batch 10/264  loss=1.2487
  batch 20/264  loss=1.1105
  batch 30/264  loss=0.6522
  batch 40/264  loss=2.2369
  batch 50/264  loss=0.7477
  batch 60/264  loss=1.0934
  batch 70/264  loss=0.6480
  batch 80/264  loss=0.8206
  batch 90/264  loss=0.6922
  batch 100/264  loss=1.0653
  batch 110/264  loss=0.9393
  batch 120/264  loss=0.7042
  batch 130/264  loss=0.6603
  batch 140/264  loss=0.7277
  batch 150/264  loss=0.5684
  batch 160/264  loss=0.7588
  batch 170/264  loss=0.6973
  batch 180/264  loss=0.7439
  batch 190/264  loss=0.7949
  batch 200/264  loss=0.5874
  batch 210/264  loss=1.1276
  batch 220/264  loss=0.5709
  batch 230/264  loss=0.7209
  batch 240/264  loss=0.5826
  batch 250/264  loss=0.6669
  batch 260/264  loss=0.7213
Epoch  13/300  train=8.138e-01  rmse=2.6072  lr=1.0e-04  227s
  -> best  monitor=8.138e-01
  batch 10/264  loss=0.6976
  batch 20/264  loss=1.5005
  batch 30/264  loss=0.6663
  batch 40/264  loss=1.1434
  batch 50/264  loss=1.0261
  batch 60/264  loss=0.5864
  batch 70/264  loss=0.8525
  batch 80/264  loss=1.0909
  batch 90/264  loss=0.6183
  batch 100/264  loss=0.9160
  batch 110/264  loss=0.8569
  batch 120/264  loss=0.7824
  batch 130/264  loss=0.5959
  batch 140/264  loss=0.8092
  batch 150/264  loss=1.1873
  batch 160/264  loss=1.2504
  batch 170/264  loss=0.7246
  batch 180/264  loss=0.9688
  batch 190/264  loss=0.7744
  batch 200/264  loss=0.6934
  batch 210/264  loss=0.7777
  batch 220/264  loss=1.2802
  batch 230/264  loss=0.7882
  batch 240/264  loss=0.4892
  batch 250/264  loss=0.6395
  batch 260/264  loss=0.6152
Epoch  14/300  train=8.065e-01  rmse=2.5713  lr=1.0e-04  227s
  -> best  monitor=8.065e-01
  batch 10/264  loss=0.5905
  batch 20/264  loss=0.9629
  batch 30/264  loss=0.7827
  batch 40/264  loss=0.8915
  batch 50/264  loss=0.9678
  batch 60/264  loss=0.5576
  batch 70/264  loss=0.6860
  batch 80/264  loss=0.6811
  batch 90/264  loss=0.6285
  batch 100/264  loss=0.9396
  batch 110/264  loss=0.7776
  batch 120/264  loss=0.6596
  batch 130/264  loss=0.5418
  batch 140/264  loss=0.7317
  batch 150/264  loss=0.6133
  batch 160/264  loss=0.5853
  batch 170/264  loss=0.8513
  batch 180/264  loss=0.8764
  batch 190/264  loss=1.0080
  batch 200/264  loss=0.9388
  batch 210/264  loss=0.7951
  batch 220/264  loss=0.6972
  batch 230/264  loss=0.9488
  batch 240/264  loss=0.5873
  batch 250/264  loss=0.7264
  batch 260/264  loss=0.8956
Epoch  15/300  train=7.933e-01  rmse=2.5565  lr=1.0e-04  227s
  -> best  monitor=7.933e-01
  batch 10/264  loss=0.6939
  batch 20/264  loss=0.4450
  batch 30/264  loss=0.9805
  batch 40/264  loss=0.6508
  batch 50/264  loss=0.9889
  batch 60/264  loss=0.7217
  batch 70/264  loss=0.5555
  batch 80/264  loss=0.8063
  batch 90/264  loss=0.8928
  batch 100/264  loss=0.7282
  batch 110/264  loss=0.8362
  batch 120/264  loss=0.5429
  batch 130/264  loss=0.6222
  batch 140/264  loss=0.5022
  batch 150/264  loss=1.0655
  batch 160/264  loss=0.6811
  batch 170/264  loss=0.6074
  batch 180/264  loss=0.7408
  batch 190/264  loss=0.9193
  batch 200/264  loss=1.5746
  batch 210/264  loss=0.6515
  batch 220/264  loss=0.7976
  batch 230/264  loss=0.8710
  batch 240/264  loss=0.6140
  batch 250/264  loss=0.8057
  batch 260/264  loss=0.7901
Epoch  16/300  train=7.796e-01  rmse=2.4556  lr=1.0e-04  228s
  -> best  monitor=7.796e-01
  batch 10/264  loss=0.7309
  batch 20/264  loss=0.7501
  batch 30/264  loss=0.7771
  batch 40/264  loss=0.8991
  batch 50/264  loss=0.8082
  batch 60/264  loss=0.6303
  batch 70/264  loss=0.6683
  batch 80/264  loss=0.6901
  batch 90/264  loss=0.7325
  batch 100/264  loss=0.6609
  batch 110/264  loss=0.6940
  batch 120/264  loss=0.7080
  batch 130/264  loss=0.6054
  batch 140/264  loss=0.5810
  batch 150/264  loss=0.7814
  batch 160/264  loss=0.5181
  batch 170/264  loss=0.6640
  batch 180/264  loss=0.8371
  batch 190/264  loss=0.5689
  batch 200/264  loss=0.6337
  batch 210/264  loss=0.7577
  batch 220/264  loss=1.4265
  batch 230/264  loss=1.0727
  batch 240/264  loss=0.6773
  batch 250/264  loss=0.7047
  batch 260/264  loss=1.3119
Epoch  17/300  train=7.667e-01  rmse=2.4682  lr=1.0e-04  227s
  -> best  monitor=7.667e-01
  batch 10/264  loss=0.8440
  batch 20/264  loss=0.9172
  batch 30/264  loss=0.9048
  batch 40/264  loss=0.7909
  batch 50/264  loss=0.7707
  batch 60/264  loss=0.6407
  batch 70/264  loss=0.8413
  batch 80/264  loss=0.6583
  batch 90/264  loss=0.6402
  batch 100/264  loss=0.5397
  batch 110/264  loss=0.7247
  batch 120/264  loss=0.8391
  batch 130/264  loss=0.5275
  batch 140/264  loss=0.7261
  batch 150/264  loss=0.6441
  batch 160/264  loss=0.7019
  batch 170/264  loss=0.9693
  batch 180/264  loss=1.1089
  batch 190/264  loss=0.8272
  batch 200/264  loss=0.7049
  batch 210/264  loss=0.7028
  batch 220/264  loss=0.6063
  batch 230/264  loss=0.7395
  batch 240/264  loss=0.8460
  batch 250/264  loss=0.9541
  batch 260/264  loss=0.7093
Epoch  18/300  train=7.546e-01  rmse=2.5146  lr=1.0e-04  227s
  -> best  monitor=7.546e-01
  batch 10/264  loss=1.0132
  batch 20/264  loss=0.5129
  batch 30/264  loss=1.1353
  batch 40/264  loss=0.5623
  batch 50/264  loss=0.5983
  batch 60/264  loss=1.4677
  batch 70/264  loss=0.6609
  batch 80/264  loss=0.5096
  batch 90/264  loss=0.6200
  batch 100/264  loss=0.5575
  batch 110/264  loss=0.6312
  batch 120/264  loss=0.6372
  batch 130/264  loss=0.7333
  batch 140/264  loss=0.7941
  batch 150/264  loss=0.7811
  batch 160/264  loss=0.5582
  batch 170/264  loss=0.7819
  batch 180/264  loss=0.9073
  batch 190/264  loss=1.1630
  batch 200/264  loss=1.5717
  batch 210/264  loss=0.5499
  batch 220/264  loss=0.7777
  batch 230/264  loss=0.4526
  batch 240/264  loss=0.7163
  batch 250/264  loss=0.9789
  batch 260/264  loss=0.4418
Epoch  19/300  train=7.380e-01  rmse=2.4176  lr=1.0e-04  227s
  -> best  monitor=7.380e-01
  batch 10/264  loss=0.6520
  batch 20/264  loss=0.5327
  batch 30/264  loss=0.6684
  batch 40/264  loss=0.5076
  batch 50/264  loss=0.6259
  batch 60/264  loss=0.6703
  batch 70/264  loss=0.5120
  batch 80/264  loss=0.7949
  batch 90/264  loss=0.6026
  batch 100/264  loss=0.8383
  batch 110/264  loss=0.8967
  batch 120/264  loss=1.6766
  batch 130/264  loss=0.9584
  batch 140/264  loss=0.8899
  batch 150/264  loss=1.0510
  batch 160/264  loss=0.5456
  batch 170/264  loss=0.8236
  batch 180/264  loss=0.5040
  batch 190/264  loss=0.5989
  batch 200/264  loss=0.8398
  batch 210/264  loss=0.5883
  batch 220/264  loss=0.7378
  batch 230/264  loss=0.5121
  batch 240/264  loss=0.8785
  batch 250/264  loss=0.5799
  batch 260/264  loss=0.8836
Epoch  20/300  train=7.340e-01  rmse=2.4324  lr=1.0e-04  227s
  -> best  monitor=7.340e-01
  batch 10/264  loss=0.7162
  batch 20/264  loss=0.6909
  batch 30/264  loss=0.7328
  batch 40/264  loss=1.3805
  batch 50/264  loss=0.6184
  batch 60/264  loss=0.5087
  batch 70/264  loss=0.6134
  batch 80/264  loss=0.6182
  batch 90/264  loss=0.7395
  batch 100/264  loss=0.7858
  batch 110/264  loss=0.8516
  batch 120/264  loss=0.7282
  batch 130/264  loss=1.7893
  batch 140/264  loss=0.8077
  batch 150/264  loss=0.6018
  batch 160/264  loss=0.6277
  batch 170/264  loss=0.5759
  batch 180/264  loss=0.7181
  batch 190/264  loss=1.0570
  batch 200/264  loss=0.5830
  batch 210/264  loss=0.5871
  batch 220/264  loss=0.7338
  batch 230/264  loss=0.5153
  batch 240/264  loss=0.6468
  batch 250/264  loss=0.6139
  batch 260/264  loss=0.5610
Epoch  21/300  train=7.279e-01  rmse=2.4283  lr=1.0e-04  226s
  -> best  monitor=7.279e-01
  batch 10/264  loss=0.8423
  batch 20/264  loss=0.5309
  batch 30/264  loss=0.5705
  batch 40/264  loss=1.1899
  batch 50/264  loss=0.6586
  batch 60/264  loss=0.6430
  batch 70/264  loss=0.6281
  batch 80/264  loss=0.8053
  batch 90/264  loss=0.6712
  batch 100/264  loss=0.6222
  batch 110/264  loss=0.6030
  batch 120/264  loss=0.8098
  batch 130/264  loss=0.7480
  batch 140/264  loss=0.6147
  batch 150/264  loss=0.6921
  batch 160/264  loss=0.6896
  batch 170/264  loss=0.5367
  batch 180/264  loss=0.5677
  batch 190/264  loss=0.6739
  batch 200/264  loss=0.5367
  batch 210/264  loss=0.8003
  batch 220/264  loss=0.6480
  batch 230/264  loss=0.4643
  batch 240/264  loss=0.6488
  batch 250/264  loss=0.9469
  batch 260/264  loss=0.5528
Epoch  22/300  train=7.237e-01  rmse=2.4459  lr=1.0e-04  226s
  -> best  monitor=7.237e-01
  batch 10/264  loss=1.0947
  batch 20/264  loss=0.5103
  batch 30/264  loss=0.6358
  batch 40/264  loss=0.6896
  batch 50/264  loss=0.5716
  batch 60/264  loss=0.6241
  batch 70/264  loss=0.6760
  batch 80/264  loss=0.6095
  batch 90/264  loss=0.5773
  batch 100/264  loss=0.7139
  batch 110/264  loss=0.6886
  batch 120/264  loss=0.5609
  batch 130/264  loss=0.6969
  batch 140/264  loss=0.6554
  batch 150/264  loss=0.6607
  batch 160/264  loss=0.7614
  batch 170/264  loss=0.7939
  batch 180/264  loss=0.6676
  batch 190/264  loss=0.6098
  batch 200/264  loss=0.5738
  batch 210/264  loss=0.5495
  batch 220/264  loss=1.6709
  batch 230/264  loss=0.6283
  batch 240/264  loss=0.6317
  batch 250/264  loss=0.9495
  batch 260/264  loss=0.6013
Epoch  23/300  train=7.140e-01  rmse=2.3929  lr=1.0e-04  227s
  -> best  monitor=7.140e-01
  batch 10/264  loss=0.5929
  batch 20/264  loss=0.7414
  batch 30/264  loss=0.8379
  batch 40/264  loss=0.5899
  batch 50/264  loss=0.5877
  batch 60/264  loss=0.5358
  batch 70/264  loss=0.8481
  batch 80/264  loss=0.8251
  batch 90/264  loss=0.4635
  batch 100/264  loss=0.7990
  batch 110/264  loss=1.6151
  batch 120/264  loss=0.4884
  batch 130/264  loss=0.4773
  batch 140/264  loss=0.7385
  batch 150/264  loss=1.2010
  batch 160/264  loss=0.7477
  batch 170/264  loss=0.5607
  batch 180/264  loss=0.5983
  batch 190/264  loss=1.1549
  batch 200/264  loss=0.6382
  batch 210/264  loss=0.6599
  batch 220/264  loss=0.5982
  batch 230/264  loss=0.7730
  batch 240/264  loss=0.4352
  batch 250/264  loss=0.7453
  batch 260/264  loss=0.5914
Epoch  24/300  train=7.005e-01  rmse=2.3656  lr=1.0e-04  227s
  -> best  monitor=7.005e-01
  batch 10/264  loss=0.5635
  batch 20/264  loss=0.8483
  batch 30/264  loss=0.6395
  batch 40/264  loss=0.6633
  batch 50/264  loss=0.7392
  batch 60/264  loss=0.7850
  batch 70/264  loss=0.6525
  batch 80/264  loss=0.5988
  batch 90/264  loss=0.4768
  batch 100/264  loss=0.7231
  batch 110/264  loss=0.5922
  batch 120/264  loss=0.7118
  batch 130/264  loss=0.9003
  batch 140/264  loss=0.4885
  batch 150/264  loss=0.6519
  batch 160/264  loss=0.8080
  batch 170/264  loss=1.6177
  batch 180/264  loss=0.4378
  batch 190/264  loss=0.9792
  batch 200/264  loss=0.7521
  batch 210/264  loss=0.7836
  batch 220/264  loss=0.6080
  batch 230/264  loss=0.5962
  batch 240/264  loss=0.5912
  batch 250/264  loss=0.4656
  batch 260/264  loss=0.6293
Epoch  25/300  train=6.931e-01  rmse=2.3237  lr=1.0e-04  227s
  -> best  monitor=6.931e-01
  batch 10/264  loss=0.7587
  batch 20/264  loss=0.6985
  batch 30/264  loss=0.8939
  batch 40/264  loss=0.4660
  batch 50/264  loss=0.5790
  batch 60/264  loss=0.7298
  batch 70/264  loss=0.6923
  batch 80/264  loss=0.6405
  batch 90/264  loss=0.7249
  batch 100/264  loss=0.5434
  batch 110/264  loss=0.4735
  batch 120/264  loss=0.8957
  batch 130/264  loss=0.6145
  batch 140/264  loss=0.7841
  batch 150/264  loss=1.8784
  batch 160/264  loss=0.4460
  batch 170/264  loss=0.7358
  batch 180/264  loss=0.5282
  batch 190/264  loss=0.4253
  batch 200/264  loss=0.7644
  batch 210/264  loss=0.4991
  batch 220/264  loss=0.7781
  batch 230/264  loss=0.6480
  batch 240/264  loss=0.7148
  batch 250/264  loss=0.5974
  batch 260/264  loss=0.7132
Epoch  26/300  train=6.851e-01  rmse=2.3010  lr=1.0e-04  228s
  -> best  monitor=6.851e-01
  batch 10/264  loss=0.6264
  batch 20/264  loss=1.0643
  batch 30/264  loss=0.5694
  batch 40/264  loss=0.5964
  batch 50/264  loss=0.7284
  batch 60/264  loss=0.4089
  batch 70/264  loss=0.6802
  batch 80/264  loss=0.5668
  batch 90/264  loss=0.6475
  batch 100/264  loss=0.6799
  batch 110/264  loss=0.7897
  batch 120/264  loss=0.5379
  batch 130/264  loss=0.8397
  batch 140/264  loss=0.5823
  batch 150/264  loss=0.6910
  batch 160/264  loss=0.6578
  batch 170/264  loss=0.6240
  batch 180/264  loss=0.9328
  batch 190/264  loss=0.4363
  batch 200/264  loss=1.5425
  batch 210/264  loss=0.8435
  batch 220/264  loss=0.5864
  batch 230/264  loss=0.5661
  batch 240/264  loss=0.6139
  batch 250/264  loss=0.5371
  batch 260/264  loss=0.6573
Epoch  27/300  train=6.939e-01  rmse=2.3867  lr=1.0e-04  228s
  batch 10/264  loss=0.4686
  batch 20/264  loss=0.6002
  batch 30/264  loss=0.7958
  batch 40/264  loss=0.5869
  batch 50/264  loss=0.7505
  batch 60/264  loss=0.6607
  batch 70/264  loss=1.2084
  batch 80/264  loss=0.5520
  batch 90/264  loss=0.6077
  batch 100/264  loss=0.5508
  batch 110/264  loss=0.7123
  batch 120/264  loss=0.6212
  batch 130/264  loss=0.5725
  batch 140/264  loss=0.5732
  batch 150/264  loss=0.5306
  batch 160/264  loss=0.5528
  batch 170/264  loss=0.5309
  batch 180/264  loss=0.4532
  batch 190/264  loss=0.5723
  batch 200/264  loss=1.8162
  batch 210/264  loss=0.6411
  batch 220/264  loss=0.4408
  batch 230/264  loss=0.8197
  batch 240/264  loss=0.5672
  batch 250/264  loss=0.4906
  batch 260/264  loss=0.6316
Epoch  28/300  train=6.803e-01  rmse=2.3695  lr=1.0e-04  229s
  -> best  monitor=6.803e-01
  batch 10/264  loss=0.6884
  batch 20/264  loss=0.7903
  batch 30/264  loss=0.8782
  batch 40/264  loss=0.6021
  batch 50/264  loss=0.4921
  batch 60/264  loss=0.6989
  batch 70/264  loss=0.7490
  batch 80/264  loss=0.8831
  batch 90/264  loss=0.7447
  batch 100/264  loss=0.6384
  batch 110/264  loss=0.7230
  batch 120/264  loss=0.7181
  batch 130/264  loss=0.5899
  batch 140/264  loss=0.5608
  batch 150/264  loss=0.6705
  batch 160/264  loss=1.0136
  batch 170/264  loss=0.6896
  batch 180/264  loss=0.6321
  batch 190/264  loss=0.7710
  batch 200/264  loss=0.5842
  batch 210/264  loss=0.5667
  batch 220/264  loss=0.5641
  batch 230/264  loss=0.6030
  batch 240/264  loss=0.4288
  batch 250/264  loss=0.5934
  batch 260/264  loss=0.5675
Epoch  29/300  train=6.719e-01  rmse=2.2968  lr=1.0e-04  231s
  -> best  monitor=6.719e-01
  batch 10/264  loss=0.5988
  batch 20/264  loss=0.8071
  batch 30/264  loss=1.1417
  batch 40/264  loss=0.4818
  batch 50/264  loss=0.6196
  batch 60/264  loss=0.9222
  batch 70/264  loss=0.4481
  batch 80/264  loss=0.6723
  batch 90/264  loss=0.5667
  batch 100/264  loss=0.6854
  batch 110/264  loss=0.5475
  batch 120/264  loss=0.7173
  batch 130/264  loss=0.4705
  batch 140/264  loss=1.0107
  batch 150/264  loss=0.6250
  batch 160/264  loss=0.5550
  batch 170/264  loss=1.0546
  batch 180/264  loss=0.5564
  batch 190/264  loss=0.6442
  batch 200/264  loss=0.5371
  batch 210/264  loss=0.5456
  batch 220/264  loss=0.6960
  batch 230/264  loss=0.5445
  batch 240/264  loss=0.5373
  batch 250/264  loss=0.6093
  batch 260/264  loss=0.6376
Epoch  30/300  train=6.663e-01  rmse=2.3312  lr=1.0e-04  227s
  -> best  monitor=6.663e-01
  batch 10/264  loss=0.6196
  batch 20/264  loss=0.6713
  batch 30/264  loss=0.4773
  batch 40/264  loss=0.5207
  batch 50/264  loss=0.8500
  batch 60/264  loss=0.6156
  batch 70/264  loss=0.5870
  batch 80/264  loss=0.7613
  batch 90/264  loss=0.8570
  batch 100/264  loss=0.5826
  batch 110/264  loss=0.6044
  batch 120/264  loss=0.5893
  batch 130/264  loss=0.7218
  batch 140/264  loss=0.6703
  batch 150/264  loss=0.8091
  batch 160/264  loss=0.6486
  batch 170/264  loss=0.7077
  batch 180/264  loss=0.9498
  batch 190/264  loss=0.5601
  batch 200/264  loss=0.6169
  batch 210/264  loss=0.6239
  batch 220/264  loss=0.4804
  batch 230/264  loss=0.7205
  batch 240/264  loss=0.6233
  batch 250/264  loss=0.5474
  batch 260/264  loss=0.8797
Epoch  31/300  train=6.705e-01  rmse=2.2911  lr=1.0e-04  228s
  batch 10/264  loss=0.5345
  batch 20/264  loss=0.5209
  batch 30/264  loss=0.6533
  batch 40/264  loss=0.6915
  batch 50/264  loss=0.5906
  batch 60/264  loss=0.5111
  batch 70/264  loss=0.7180
  batch 80/264  loss=0.6593
  batch 90/264  loss=0.6579
  batch 100/264  loss=0.6251
  batch 110/264  loss=1.3493
  batch 120/264  loss=0.6289
  batch 130/264  loss=0.4977
  batch 140/264  loss=0.6502
  batch 150/264  loss=0.6014
  batch 160/264  loss=0.6195
  batch 170/264  loss=0.7025
  batch 180/264  loss=0.6299
  batch 190/264  loss=0.5313
  batch 200/264  loss=0.6263
  batch 210/264  loss=0.7624
  batch 220/264  loss=0.5026
  batch 230/264  loss=0.7476
  batch 240/264  loss=0.5464
  batch 250/264  loss=0.6996
  batch 260/264  loss=0.5203
Epoch  32/300  train=6.646e-01  rmse=2.3298  lr=1.0e-04  228s
  -> best  monitor=6.646e-01
  batch 10/264  loss=0.5798
  batch 20/264  loss=0.5744
  batch 30/264  loss=0.6273
  batch 40/264  loss=0.6404
  batch 50/264  loss=1.0386
  batch 60/264  loss=0.4719
  batch 70/264  loss=0.5976
  batch 80/264  loss=0.5140
  batch 90/264  loss=0.6218
  batch 100/264  loss=0.6082
  batch 110/264  loss=0.4659
  batch 120/264  loss=0.5175
  batch 130/264  loss=0.7730
  batch 140/264  loss=0.6456
  batch 150/264  loss=0.4754
  batch 160/264  loss=0.6683
  batch 170/264  loss=0.5537
  batch 180/264  loss=0.5513
  batch 190/264  loss=0.5608
  batch 200/264  loss=0.6895
  batch 210/264  loss=1.5851
  batch 220/264  loss=1.1628
  batch 230/264  loss=0.7676
  batch 240/264  loss=0.7882
  batch 250/264  loss=0.6296
  batch 260/264  loss=0.6882
Epoch  33/300  train=6.521e-01  rmse=2.3106  lr=1.0e-04  228s
  -> best  monitor=6.521e-01
  batch 10/264  loss=0.6604
  batch 20/264  loss=0.5482
  batch 30/264  loss=0.7568
  batch 40/264  loss=0.4967
  batch 50/264  loss=0.6218
  batch 60/264  loss=0.5462
  batch 70/264  loss=0.6483
  batch 80/264  loss=0.6924
  batch 90/264  loss=0.5791
  batch 100/264  loss=1.4601
  batch 110/264  loss=0.8152
  batch 120/264  loss=0.5949
  batch 130/264  loss=0.7729
  batch 140/264  loss=0.4401
  batch 150/264  loss=0.5376
  batch 160/264  loss=0.8935
  batch 170/264  loss=0.7042
  batch 180/264  loss=0.5341
  batch 190/264  loss=0.5685
  batch 200/264  loss=0.5232
  batch 210/264  loss=0.5925
  batch 220/264  loss=0.6002
  batch 230/264  loss=0.5481
  batch 240/264  loss=0.5846
  batch 250/264  loss=0.7770
  batch 260/264  loss=0.5493
Epoch  34/300  train=6.550e-01  rmse=2.2590  lr=1.0e-04  228s
  batch 10/264  loss=0.9322
  batch 20/264  loss=0.5702
  batch 30/264  loss=0.9995
  batch 40/264  loss=0.8444
  batch 50/264  loss=0.5746
  batch 60/264  loss=0.6978
  batch 70/264  loss=0.6071
  batch 80/264  loss=0.6199
  batch 90/264  loss=0.6855
  batch 100/264  loss=0.7601
  batch 110/264  loss=0.4868
  batch 120/264  loss=0.5217
  batch 130/264  loss=0.5565
  batch 140/264  loss=0.4701
  batch 150/264  loss=0.9048
  batch 160/264  loss=0.7876
  batch 170/264  loss=0.5588
  batch 180/264  loss=0.6547
  batch 190/264  loss=0.7248
  batch 200/264  loss=0.5202
  batch 210/264  loss=0.4825
  batch 220/264  loss=0.5857
  batch 230/264  loss=0.7204
  batch 240/264  loss=0.8812
  batch 250/264  loss=0.9350
  batch 260/264  loss=0.7227
Epoch  35/300  train=6.483e-01  rmse=2.2651  lr=1.0e-04  231s
  -> best  monitor=6.483e-01
  batch 10/264  loss=0.6829
  batch 20/264  loss=0.6504
  batch 30/264  loss=0.5505
  batch 40/264  loss=0.7408
  batch 50/264  loss=0.6867
  batch 60/264  loss=0.5023
  batch 70/264  loss=0.7263
  batch 80/264  loss=0.5605
  batch 90/264  loss=0.7432
  batch 100/264  loss=0.5479
  batch 110/264  loss=0.5509
  batch 120/264  loss=0.5142
  batch 130/264  loss=0.5027
  batch 140/264  loss=0.6810
  batch 150/264  loss=0.4539
  batch 160/264  loss=0.5827
  batch 170/264  loss=0.6370
  batch 180/264  loss=0.5162
  batch 190/264  loss=0.6003
  batch 200/264  loss=0.6231
  batch 210/264  loss=0.6002
  batch 220/264  loss=0.6194
  batch 230/264  loss=0.6419
  batch 240/264  loss=0.8097
  batch 250/264  loss=0.6808
  batch 260/264  loss=0.4597
Epoch  36/300  train=6.423e-01  rmse=2.2574  lr=1.0e-04  231s
  -> best  monitor=6.423e-01
  batch 10/264  loss=0.5333
  batch 20/264  loss=0.7393
  batch 30/264  loss=0.5946
  batch 40/264  loss=0.5244
  batch 50/264  loss=0.7021
  batch 60/264  loss=0.5199
  batch 70/264  loss=0.5568
  batch 80/264  loss=0.9747
  batch 90/264  loss=0.5645
  batch 100/264  loss=0.5855
  batch 110/264  loss=0.6834
  batch 120/264  loss=0.9591
  batch 130/264  loss=0.6215
  batch 140/264  loss=0.4042
  batch 150/264  loss=0.6103
  batch 160/264  loss=0.6779
  batch 170/264  loss=0.9760
  batch 180/264  loss=0.4693
  batch 190/264  loss=0.4175
  batch 200/264  loss=0.5512
  batch 210/264  loss=0.6100
  batch 220/264  loss=0.7225
  batch 230/264  loss=0.9484
  batch 240/264  loss=0.8287
  batch 250/264  loss=0.3903
  batch 260/264  loss=0.7278
Epoch  37/300  train=6.363e-01  rmse=2.2179  lr=1.0e-04  229s
  -> best  monitor=6.363e-01
  batch 10/264  loss=0.6110
  batch 20/264  loss=0.5321
  batch 30/264  loss=0.6984
  batch 40/264  loss=0.4087
  batch 50/264  loss=0.5933
  batch 60/264  loss=0.5523
  batch 70/264  loss=0.5376
  batch 80/264  loss=0.6247
  batch 90/264  loss=0.5046
  batch 100/264  loss=0.7907
  batch 110/264  loss=0.8053
  batch 120/264  loss=0.5734
  batch 130/264  loss=0.6983
  batch 140/264  loss=0.5612
  batch 150/264  loss=0.6204
  batch 160/264  loss=0.7614
  batch 170/264  loss=0.6333
  batch 180/264  loss=0.7479
  batch 190/264  loss=0.7910
  batch 200/264  loss=0.8455
  batch 210/264  loss=0.4937
  batch 220/264  loss=0.5628
  batch 230/264  loss=0.6762
  batch 240/264  loss=1.0669
  batch 250/264  loss=0.5415
  batch 260/264  loss=0.5079
Epoch  38/300  train=6.329e-01  rmse=2.2330  lr=1.0e-04  232s
  -> best  monitor=6.329e-01
  batch 10/264  loss=0.5404
  batch 20/264  loss=0.6161
  batch 30/264  loss=0.6110
  batch 40/264  loss=0.8112
  batch 50/264  loss=0.6074
  batch 60/264  loss=0.4530
  batch 70/264  loss=0.6487
  batch 80/264  loss=0.6199
  batch 90/264  loss=0.6070
  batch 100/264  loss=0.5706
  batch 110/264  loss=0.7100
  batch 120/264  loss=0.4038
  batch 130/264  loss=0.5288
  batch 140/264  loss=0.5966
  batch 150/264  loss=0.4704
  batch 160/264  loss=0.7186
  batch 170/264  loss=1.1080
  batch 180/264  loss=0.7564
  batch 190/264  loss=0.3851
  batch 200/264  loss=0.6062
  batch 210/264  loss=0.7411
  batch 220/264  loss=0.8756
  batch 230/264  loss=0.5409
  batch 240/264  loss=0.7744
  batch 250/264  loss=0.6680
  batch 260/264  loss=0.4417
Epoch  39/300  train=6.340e-01  rmse=2.2017  lr=1.0e-04  231s
  batch 10/264  loss=0.6938
  batch 20/264  loss=0.5548
  batch 30/264  loss=0.5154
  batch 40/264  loss=0.5281
  batch 50/264  loss=0.6238
  batch 60/264  loss=0.5149
  batch 70/264  loss=0.4175
  batch 80/264  loss=0.5516
  batch 90/264  loss=0.7889
  batch 100/264  loss=0.6002
  batch 110/264  loss=0.6500
  batch 120/264  loss=0.4912
  batch 130/264  loss=0.5355
  batch 140/264  loss=0.3926
  batch 150/264  loss=0.5788
  batch 160/264  loss=0.5614
  batch 170/264  loss=0.5807
  batch 180/264  loss=0.9921
  batch 190/264  loss=0.5944
  batch 200/264  loss=0.5592
  batch 210/264  loss=0.5582
  batch 220/264  loss=0.8233
  batch 230/264  loss=0.7485
  batch 240/264  loss=0.6763
  batch 250/264  loss=0.5768
  batch 260/264  loss=0.9192
Epoch  40/300  train=6.271e-01  rmse=2.2190  lr=1.0e-04  229s
  -> best  monitor=6.271e-01
  batch 10/264  loss=0.5320
  batch 20/264  loss=0.5524
  batch 30/264  loss=0.5409
  batch 40/264  loss=0.5435
  batch 50/264  loss=0.5301
  batch 60/264  loss=0.7934
  batch 70/264  loss=0.4830
  batch 80/264  loss=0.6976
  batch 90/264  loss=1.1234
  batch 100/264  loss=0.9966
  batch 110/264  loss=0.5490
  batch 120/264  loss=0.7630
  batch 130/264  loss=0.3994
  batch 140/264  loss=0.6082
  batch 150/264  loss=0.5952
  batch 160/264  loss=0.4498
  batch 170/264  loss=0.5691
  batch 180/264  loss=0.4519
  batch 190/264  loss=0.5232
  batch 200/264  loss=0.6504
  batch 210/264  loss=0.6031
  batch 220/264  loss=0.7248
  batch 230/264  loss=0.6089
  batch 240/264  loss=0.6954
  batch 250/264  loss=0.5475
  batch 260/264  loss=0.5408
Epoch  41/300  train=6.270e-01  rmse=2.1945  lr=1.0e-04  230s
  -> best  monitor=6.270e-01
  batch 10/264  loss=0.8041
  batch 20/264  loss=0.5250
  batch 30/264  loss=0.6291
  batch 40/264  loss=0.6808
  batch 50/264  loss=0.6746
  batch 60/264  loss=0.5763
  batch 70/264  loss=0.6623
  batch 80/264  loss=1.4848
  batch 90/264  loss=0.4467
  batch 100/264  loss=0.4248
  batch 110/264  loss=0.5810
  batch 120/264  loss=0.4998
  batch 130/264  loss=0.5913
  batch 140/264  loss=0.5042
  batch 150/264  loss=0.7166
  batch 160/264  loss=0.5537
  batch 170/264  loss=0.6244
  batch 180/264  loss=0.9798
  batch 190/264  loss=0.4750
  batch 200/264  loss=0.6486
  batch 210/264  loss=0.6474
  batch 220/264  loss=1.0228
  batch 230/264  loss=0.5505
  batch 240/264  loss=0.6346
  batch 250/264  loss=0.6522
  batch 260/264  loss=0.7939
Epoch  42/300  train=6.313e-01  rmse=2.2496  lr=1.0e-04  231s
  batch 10/264  loss=0.7613
  batch 20/264  loss=0.6675
  batch 30/264  loss=0.7379
  batch 40/264  loss=0.7025
  batch 50/264  loss=0.7247
  batch 60/264  loss=0.5336
  batch 70/264  loss=0.4490
  batch 80/264  loss=0.6605
  batch 90/264  loss=0.6090
  batch 100/264  loss=0.4864
  batch 110/264  loss=0.8479
  batch 120/264  loss=0.6781
  batch 130/264  loss=0.4471
  batch 140/264  loss=0.6485
  batch 150/264  loss=0.7006
  batch 160/264  loss=0.7171
  batch 170/264  loss=0.5848
  batch 180/264  loss=0.6223
  batch 190/264  loss=0.6730
  batch 200/264  loss=0.6597
  batch 210/264  loss=0.8293
  batch 220/264  loss=0.4853
  batch 230/264  loss=0.5873
  batch 240/264  loss=0.5758
  batch 250/264  loss=0.7075
  batch 260/264  loss=0.6500
Epoch  43/300  train=6.219e-01  rmse=2.1824  lr=1.0e-04  231s
  -> best  monitor=6.219e-01
  batch 10/264  loss=0.5534
  batch 20/264  loss=0.4334
  batch 30/264  loss=0.4145
  batch 40/264  loss=0.6175
  batch 50/264  loss=0.7263
  batch 60/264  loss=0.7969
  batch 70/264  loss=0.6753
  batch 80/264  loss=0.5939
  batch 90/264  loss=0.5096
  batch 100/264  loss=0.7821
  batch 110/264  loss=0.6905
  batch 120/264  loss=0.6990
  batch 130/264  loss=0.7836
  batch 140/264  loss=0.7785
  batch 150/264  loss=0.6880
  batch 160/264  loss=0.5224
  batch 170/264  loss=0.5571
  batch 180/264  loss=0.6819
  batch 190/264  loss=0.6401
  batch 200/264  loss=0.4449
  batch 210/264  loss=0.4390
  batch 220/264  loss=0.5837
  batch 230/264  loss=0.8110
  batch 240/264  loss=0.5182
  batch 250/264  loss=0.4934
  batch 260/264  loss=0.5863
Epoch  44/300  train=6.181e-01  rmse=2.1865  lr=1.0e-04  229s
  -> best  monitor=6.181e-01
  batch 10/264  loss=0.5287
  batch 20/264  loss=0.5106
  batch 30/264  loss=0.5610
  batch 40/264  loss=0.5665
  batch 50/264  loss=0.6150
  batch 60/264  loss=0.6530
  batch 70/264  loss=0.5822
  batch 80/264  loss=0.5909
  batch 90/264  loss=0.5976
  batch 100/264  loss=0.7148
  batch 110/264  loss=0.4542
  batch 120/264  loss=0.6511
  batch 130/264  loss=0.7482
  batch 140/264  loss=0.5136
  batch 150/264  loss=0.6598
  batch 160/264  loss=0.7650
  batch 170/264  loss=0.8246
  batch 180/264  loss=0.5299
  batch 190/264  loss=0.5528
  batch 200/264  loss=0.4858
  batch 210/264  loss=0.4812
  batch 220/264  loss=0.9532
  batch 230/264  loss=0.6722
  batch 240/264  loss=0.4033
  batch 250/264  loss=0.5370
  batch 260/264  loss=0.7501
Epoch  45/300  train=6.132e-01  rmse=2.1713  lr=1.0e-04  228s
  -> best  monitor=6.132e-01
  batch 10/264  loss=0.6691
  batch 20/264  loss=0.5893
  batch 30/264  loss=0.5354
  batch 40/264  loss=0.4966
  batch 50/264  loss=0.6736
  batch 60/264  loss=0.4932
  batch 70/264  loss=0.5413
  batch 80/264  loss=0.7206
  batch 90/264  loss=0.4452
  batch 100/264  loss=0.8384
  batch 110/264  loss=0.8574
  batch 120/264  loss=1.0209
  batch 130/264  loss=0.4075
  batch 140/264  loss=0.7686
  batch 150/264  loss=0.6463
  batch 160/264  loss=0.6180
  batch 170/264  loss=0.5499
  batch 180/264  loss=0.4863
  batch 190/264  loss=0.3926
  batch 200/264  loss=0.5272
  batch 210/264  loss=0.6801
  batch 220/264  loss=0.5457
  batch 230/264  loss=0.4287
  batch 240/264  loss=0.5862
  batch 250/264  loss=0.6769
  batch 260/264  loss=0.5782
Epoch  46/300  train=6.100e-01  rmse=2.1601  lr=1.0e-04  228s
  -> best  monitor=6.100e-01
  batch 10/264  loss=0.6348
  batch 20/264  loss=0.6955
  batch 30/264  loss=0.4878
  batch 40/264  loss=0.5526
  batch 50/264  loss=0.5356
  batch 60/264  loss=0.5778
  batch 70/264  loss=0.7296
  batch 80/264  loss=0.5989
  batch 90/264  loss=0.6067
  batch 100/264  loss=0.9973
  batch 110/264  loss=0.5347
  batch 120/264  loss=0.5843
  batch 130/264  loss=0.6877
  batch 140/264  loss=0.5135
  batch 150/264  loss=0.6361
  batch 160/264  loss=0.6170
  batch 170/264  loss=0.9245
  batch 180/264  loss=0.5300
  batch 190/264  loss=0.6548
  batch 200/264  loss=0.7187
  batch 210/264  loss=0.6337
  batch 220/264  loss=0.6586
  batch 230/264  loss=0.5320
  batch 240/264  loss=0.5255
  batch 250/264  loss=0.5201
  batch 260/264  loss=0.6398
Epoch  47/300  train=6.091e-01  rmse=2.1775  lr=1.0e-04  229s
  -> best  monitor=6.091e-01
  batch 10/264  loss=0.5076
  batch 20/264  loss=0.6499
  batch 30/264  loss=0.6115
  batch 40/264  loss=0.4180
  batch 50/264  loss=0.5112
  batch 60/264  loss=0.5237
  batch 70/264  loss=0.5558
  batch 80/264  loss=0.4443
  batch 90/264  loss=0.5400
  batch 100/264  loss=0.8550
  batch 110/264  loss=0.3786
  batch 120/264  loss=0.4571
  batch 130/264  loss=0.5082
  batch 140/264  loss=0.4769
  batch 150/264  loss=0.8485
  batch 160/264  loss=0.6146
  batch 170/264  loss=0.3939
  batch 180/264  loss=0.4935
  batch 190/264  loss=0.5061
  batch 200/264  loss=0.5413
  batch 210/264  loss=0.3846
  batch 220/264  loss=0.5575
  batch 230/264  loss=0.5096
  batch 240/264  loss=0.7422
  batch 250/264  loss=0.5336
  batch 260/264  loss=0.5800
Epoch  48/300  train=6.005e-01  rmse=2.1314  lr=1.0e-04  229s
  -> best  monitor=6.005e-01
  batch 10/264  loss=0.6631
  batch 20/264  loss=0.4883
  batch 30/264  loss=0.5770
  batch 40/264  loss=0.8017
  batch 50/264  loss=0.5398
  batch 60/264  loss=0.3921
  batch 70/264  loss=0.5698
  batch 80/264  loss=0.4620
  batch 90/264  loss=0.4141
  batch 100/264  loss=0.5235
  batch 110/264  loss=0.8175
  batch 120/264  loss=0.5504
  batch 130/264  loss=0.7008
  batch 140/264  loss=0.4547
  batch 150/264  loss=0.4675
  batch 160/264  loss=0.6450
  batch 170/264  loss=0.9732
  batch 180/264  loss=0.5664
  batch 190/264  loss=0.4850
  batch 200/264  loss=0.7671
  batch 210/264  loss=0.6253
  batch 220/264  loss=0.6212
  batch 230/264  loss=0.4784
  batch 240/264  loss=0.5067
  batch 250/264  loss=0.7867
  batch 260/264  loss=0.6113
Epoch  49/300  train=6.033e-01  rmse=2.1881  lr=1.0e-04  227s
  batch 10/264  loss=0.4877
  batch 20/264  loss=0.6799
  batch 30/264  loss=0.7162
  batch 40/264  loss=0.6012
  batch 50/264  loss=0.4554
  batch 60/264  loss=0.4350
  batch 70/264  loss=0.7679
  batch 80/264  loss=0.5134
  batch 90/264  loss=0.4825
  batch 100/264  loss=0.7208
  batch 110/264  loss=0.5039
  batch 120/264  loss=0.6630
  batch 130/264  loss=0.5674
  batch 140/264  loss=0.4958
  batch 150/264  loss=0.5584
  batch 160/264  loss=0.4313
  batch 170/264  loss=0.4978
  batch 180/264  loss=0.5395
  batch 190/264  loss=0.8290
  batch 200/264  loss=0.4427
  batch 210/264  loss=0.6085
  batch 220/264  loss=0.6734
  batch 230/264  loss=0.5396
  batch 240/264  loss=0.6212
  batch 250/264  loss=0.8560
  batch 260/264  loss=0.6436
Epoch  50/300  train=6.032e-01  rmse=2.1453  lr=1.0e-04  228s
  batch 10/264  loss=0.5466
  batch 20/264  loss=0.4640
  batch 30/264  loss=0.5348
  batch 40/264  loss=0.4828
  batch 50/264  loss=0.7594
  batch 60/264  loss=0.5067
  batch 70/264  loss=0.4922
  batch 80/264  loss=0.5514
  batch 90/264  loss=0.7911
  batch 100/264  loss=0.8254
  batch 110/264  loss=0.4500
  batch 120/264  loss=0.6575
  batch 130/264  loss=0.5481
  batch 140/264  loss=0.6395
  batch 150/264  loss=0.5746
  batch 160/264  loss=0.6059
  batch 170/264  loss=0.5741
  batch 180/264  loss=0.4440
  batch 190/264  loss=0.4277
  batch 200/264  loss=0.5323
  batch 210/264  loss=0.4477
  batch 220/264  loss=0.5733
  batch 230/264  loss=0.4464
  batch 240/264  loss=0.7554
  batch 250/264  loss=0.7110
  batch 260/264  loss=0.5036
Epoch  51/300  train=5.993e-01  rmse=2.1303  lr=1.0e-04  227s
  -> best  monitor=5.993e-01
  batch 10/264  loss=0.4229
  batch 20/264  loss=0.5778
  batch 30/264  loss=0.3667
  batch 40/264  loss=0.4531
  batch 50/264  loss=0.4389
  batch 60/264  loss=0.5653
  batch 70/264  loss=0.4836
  batch 80/264  loss=0.6732
  batch 90/264  loss=0.7057
  batch 100/264  loss=0.4508
  batch 110/264  loss=0.4270
  batch 120/264  loss=0.5318
  batch 130/264  loss=0.7877
  batch 140/264  loss=0.7440
  batch 150/264  loss=0.7870
  batch 160/264  loss=0.5359
  batch 170/264  loss=0.5620
  batch 180/264  loss=0.6797
  batch 190/264  loss=0.5230
  batch 200/264  loss=0.5265
  batch 210/264  loss=0.5856
  batch 220/264  loss=0.8739
  batch 230/264  loss=0.5044
  batch 240/264  loss=0.6240
  batch 250/264  loss=0.7832
  batch 260/264  loss=0.6083
Epoch  52/300  train=6.035e-01  rmse=2.1666  lr=1.0e-04  227s
  batch 10/264  loss=0.6126
  batch 20/264  loss=0.9384
  batch 30/264  loss=0.4688
  batch 40/264  loss=0.4186
  batch 50/264  loss=0.8779
  batch 60/264  loss=0.6072
  batch 70/264  loss=0.8409
  batch 80/264  loss=0.6025
  batch 90/264  loss=0.5119
  batch 100/264  loss=0.8324
  batch 110/264  loss=0.5576
  batch 120/264  loss=0.5848
  batch 130/264  loss=0.7824
  batch 140/264  loss=0.5164
  batch 150/264  loss=0.5910
  batch 160/264  loss=0.5394
  batch 170/264  loss=0.6589
  batch 180/264  loss=0.5456
  batch 190/264  loss=0.4798
  batch 200/264  loss=0.5174
  batch 210/264  loss=0.5978
  batch 220/264  loss=0.5588
  batch 230/264  loss=0.6322
  batch 240/264  loss=0.7413
  batch 250/264  loss=0.4816
  batch 260/264  loss=0.4848
Epoch  53/300  train=5.935e-01  rmse=2.1469  lr=1.0e-04  229s
  -> best  monitor=5.935e-01
  batch 10/264  loss=0.5996
  batch 20/264  loss=0.5318
  batch 30/264  loss=0.5043
  batch 40/264  loss=0.6367
  batch 50/264  loss=0.6377
  batch 60/264  loss=0.7277
  batch 70/264  loss=0.5027
  batch 80/264  loss=0.4942
  batch 90/264  loss=0.4780
  batch 100/264  loss=0.6622
  batch 110/264  loss=0.6566
  batch 120/264  loss=0.5455
  batch 130/264  loss=0.5325
  batch 140/264  loss=0.5087
  batch 150/264  loss=0.4828
  batch 160/264  loss=0.6828
  batch 170/264  loss=0.6196
  batch 180/264  loss=0.6279
  batch 190/264  loss=0.5148
  batch 200/264  loss=0.5406
  batch 210/264  loss=0.5155
  batch 220/264  loss=0.5926
  batch 230/264  loss=0.5551
  batch 240/264  loss=0.6824
  batch 250/264  loss=0.5879
  batch 260/264  loss=0.4125
Epoch  54/300  train=5.983e-01  rmse=2.1675  lr=1.0e-04  227s
  batch 10/264  loss=0.5313
  batch 20/264  loss=0.6989
  batch 30/264  loss=0.6537
  batch 40/264  loss=0.4944
  batch 50/264  loss=0.5094
  batch 60/264  loss=0.5109
  batch 70/264  loss=0.6637
  batch 80/264  loss=0.8725
  batch 90/264  loss=0.6192
  batch 100/264  loss=0.5381
  batch 110/264  loss=0.5872
  batch 120/264  loss=0.4467
  batch 130/264  loss=0.4985
  batch 140/264  loss=0.3953
  batch 150/264  loss=0.6085
  batch 160/264  loss=0.6596
  batch 170/264  loss=0.5055
  batch 180/264  loss=0.6524
  batch 190/264  loss=0.4928
  batch 200/264  loss=0.5324
  batch 210/264  loss=0.5215
  batch 220/264  loss=0.6195
  batch 230/264  loss=0.4862
  batch 240/264  loss=0.7377
  batch 250/264  loss=0.6121
  batch 260/264  loss=0.6108
Epoch  55/300  train=5.920e-01  rmse=2.1620  lr=1.0e-04  228s
  -> best  monitor=5.920e-01
  batch 10/264  loss=0.3799
  batch 20/264  loss=1.1230
  batch 30/264  loss=0.7627
  batch 40/264  loss=0.5018
  batch 50/264  loss=0.5310
  batch 60/264  loss=0.5239
  batch 70/264  loss=0.5857
  batch 80/264  loss=0.5074
  batch 90/264  loss=0.5631
  batch 100/264  loss=0.6973
  batch 110/264  loss=0.5159
  batch 120/264  loss=0.6163
  batch 130/264  loss=0.6011
  batch 140/264  loss=0.5977
  batch 150/264  loss=0.6289
  batch 160/264  loss=0.7522
  batch 170/264  loss=0.6014
  batch 180/264  loss=0.4979
  batch 190/264  loss=0.4398
  batch 200/264  loss=0.4095
  batch 210/264  loss=0.4640
  batch 220/264  loss=0.4847
  batch 230/264  loss=0.5148
  batch 240/264  loss=0.7904
  batch 250/264  loss=0.7177
  batch 260/264  loss=0.5297
Epoch  56/300  train=5.866e-01  rmse=2.1609  lr=1.0e-04  227s
  -> best  monitor=5.866e-01
  batch 10/264  loss=0.3795
  batch 20/264  loss=0.5515
  batch 30/264  loss=0.7210
  batch 40/264  loss=0.7410
  batch 50/264  loss=0.8553
  batch 60/264  loss=0.6879
  batch 70/264  loss=0.7335
  batch 80/264  loss=0.4290
  batch 90/264  loss=0.9235
  batch 100/264  loss=0.7123
  batch 110/264  loss=0.4014
  batch 120/264  loss=0.7345
  batch 130/264  loss=0.5527
  batch 140/264  loss=0.4057
  batch 150/264  loss=0.4565
  batch 160/264  loss=0.5045
  batch 170/264  loss=0.6223
  batch 180/264  loss=0.6603
  batch 190/264  loss=0.6516
  batch 200/264  loss=0.4909
  batch 210/264  loss=0.6156
  batch 220/264  loss=1.2471
  batch 230/264  loss=0.5825
  batch 240/264  loss=0.5123
  batch 250/264  loss=0.5580
  batch 260/264  loss=0.4867
Epoch  57/300  train=5.817e-01  rmse=2.0934  lr=1.0e-04  228s
  -> best  monitor=5.817e-01
  batch 10/264  loss=0.7127
  batch 20/264  loss=0.6217
  batch 30/264  loss=0.5171
  batch 40/264  loss=0.6715
  batch 50/264  loss=0.6419
  batch 60/264  loss=0.6483
  batch 70/264  loss=0.8060
  batch 80/264  loss=0.6311
  batch 90/264  loss=0.4933
  batch 100/264  loss=0.5345
  batch 110/264  loss=0.4733
  batch 120/264  loss=0.4486
  batch 130/264  loss=0.5340
  batch 140/264  loss=0.5655
  batch 150/264  loss=0.5697
  batch 160/264  loss=0.6908
  batch 170/264  loss=0.5796
  batch 180/264  loss=0.5183
  batch 190/264  loss=0.4531
  batch 200/264  loss=0.5180
  batch 210/264  loss=0.4199
  batch 220/264  loss=0.8067
  batch 230/264  loss=0.6382
  batch 240/264  loss=0.4663
  batch 250/264  loss=0.7696
  batch 260/264  loss=0.5888
Epoch  58/300  train=5.861e-01  rmse=2.1780  lr=1.0e-04  228s
  batch 10/264  loss=0.5927
  batch 20/264  loss=0.4051
  batch 30/264  loss=0.4970
  batch 40/264  loss=0.5398
  batch 50/264  loss=0.5406
  batch 60/264  loss=0.5507
  batch 70/264  loss=0.6213
  batch 80/264  loss=0.5920
  batch 90/264  loss=0.4583
  batch 100/264  loss=0.5871
  batch 110/264  loss=0.5167
  batch 120/264  loss=0.6653
  batch 130/264  loss=0.5171
  batch 140/264  loss=0.5200
  batch 150/264  loss=0.7641
  batch 160/264  loss=0.6994
  batch 170/264  loss=0.4356
  batch 180/264  loss=0.6922
  batch 190/264  loss=0.4765
  batch 200/264  loss=0.5340
  batch 210/264  loss=0.5450
  batch 220/264  loss=0.4830
  batch 230/264  loss=0.5900
  batch 240/264  loss=0.7225
  batch 250/264  loss=0.5130
  batch 260/264  loss=0.4693
Epoch  59/300  train=5.884e-01  rmse=2.1282  lr=1.0e-04  230s
  batch 10/264  loss=0.4568
  batch 20/264  loss=0.8810
  batch 30/264  loss=0.7290
  batch 40/264  loss=0.5792
  batch 50/264  loss=0.5297
  batch 60/264  loss=0.5906
  batch 70/264  loss=0.6538
  batch 80/264  loss=0.5341
  batch 90/264  loss=0.8438
  batch 100/264  loss=0.4816
  batch 110/264  loss=0.5470
  batch 120/264  loss=0.8279
  batch 130/264  loss=0.4356
  batch 140/264  loss=0.4783
  batch 150/264  loss=0.5126
  batch 160/264  loss=0.6658
  batch 170/264  loss=0.6407
  batch 180/264  loss=0.6459
  batch 190/264  loss=0.8185
  batch 200/264  loss=0.3914
  batch 210/264  loss=0.5269
  batch 220/264  loss=0.5638
  batch 230/264  loss=0.6994
  batch 240/264  loss=0.6276
  batch 250/264  loss=0.4967
  batch 260/264  loss=0.6424
Epoch  60/300  train=5.814e-01  rmse=2.1047  lr=1.0e-04  227s
  -> best  monitor=5.814e-01
  batch 10/264  loss=0.4410
  batch 20/264  loss=0.5198
  batch 30/264  loss=0.5090
  batch 40/264  loss=0.4265
  batch 50/264  loss=0.5854
  batch 60/264  loss=0.6384
  batch 70/264  loss=0.5147
  batch 80/264  loss=0.4075
  batch 90/264  loss=0.4908
  batch 100/264  loss=0.8008
  batch 110/264  loss=0.5904
  batch 120/264  loss=0.5407
  batch 130/264  loss=0.4501
  batch 140/264  loss=0.4997
  batch 150/264  loss=0.5808
  batch 160/264  loss=0.5813
  batch 170/264  loss=0.5181
  batch 180/264  loss=0.4232
  batch 190/264  loss=0.5820
  batch 200/264  loss=0.5301
  batch 210/264  loss=0.5484
  batch 220/264  loss=0.5126
  batch 230/264  loss=0.5330
  batch 240/264  loss=0.5372
  batch 250/264  loss=0.4837
  batch 260/264  loss=0.7757
Epoch  61/300  train=5.824e-01  rmse=2.0999  lr=1.0e-04  227s
  batch 10/264  loss=0.4458
  batch 20/264  loss=0.5504
  batch 30/264  loss=0.5793
  batch 40/264  loss=0.6769
  batch 50/264  loss=0.4023
  batch 60/264  loss=0.5571
  batch 70/264  loss=0.5455
  batch 80/264  loss=0.6859
  batch 90/264  loss=0.5366
  batch 100/264  loss=0.4524
  batch 110/264  loss=0.4795
  batch 120/264  loss=0.4408
  batch 130/264  loss=0.6036
  batch 140/264  loss=0.7028
  batch 150/264  loss=0.4774
  batch 160/264  loss=1.2091
  batch 170/264  loss=0.6581
  batch 180/264  loss=0.6604
  batch 190/264  loss=0.4734
  batch 200/264  loss=0.4966
  batch 210/264  loss=0.4380
  batch 220/264  loss=0.5436
  batch 230/264  loss=0.5179
  batch 240/264  loss=0.4712
  batch 250/264  loss=0.6234
  batch 260/264  loss=0.6703
Epoch  62/300  train=5.757e-01  rmse=2.0836  lr=1.0e-04  228s
  -> best  monitor=5.757e-01
  batch 10/264  loss=0.5452
  batch 20/264  loss=0.4813
  batch 30/264  loss=0.6129
  batch 40/264  loss=0.5325
  batch 50/264  loss=0.5651
  batch 60/264  loss=0.4541
  batch 70/264  loss=0.5359
  batch 80/264  loss=0.7356
  batch 90/264  loss=0.6137
  batch 100/264  loss=0.5490
  batch 110/264  loss=0.6921
  batch 120/264  loss=0.4245
  batch 130/264  loss=0.5271
  batch 140/264  loss=0.5463
  batch 150/264  loss=0.4624
  batch 160/264  loss=0.6704
  batch 170/264  loss=0.4195
  batch 180/264  loss=0.5023
  batch 190/264  loss=0.7608
  batch 200/264  loss=0.6556
  batch 210/264  loss=0.5446
  batch 220/264  loss=0.7353
  batch 230/264  loss=0.6448
  batch 240/264  loss=0.7449
  batch 250/264  loss=0.5903
  batch 260/264  loss=0.5084
Epoch  63/300  train=5.731e-01  rmse=2.1040  lr=1.0e-04  229s
  -> best  monitor=5.731e-01
  batch 10/264  loss=0.4592
  batch 20/264  loss=0.4497
  batch 30/264  loss=0.4171
  batch 40/264  loss=0.5544
  batch 50/264  loss=0.5559
  batch 60/264  loss=0.5253
  batch 70/264  loss=0.5425
  batch 80/264  loss=0.7714
  batch 90/264  loss=0.5197
  batch 100/264  loss=0.6938
  batch 110/264  loss=0.4658
  batch 120/264  loss=0.6761
  batch 130/264  loss=0.6369
  batch 140/264  loss=0.6515
  batch 150/264  loss=0.6258
  batch 160/264  loss=0.5303
  batch 170/264  loss=0.3885
  batch 180/264  loss=0.5720
  batch 190/264  loss=0.5597
  batch 200/264  loss=0.6966
  batch 210/264  loss=0.5450
  batch 220/264  loss=0.4698
  batch 230/264  loss=0.6246
  batch 240/264  loss=0.4384
  batch 250/264  loss=0.6071
  batch 260/264  loss=0.5379
Epoch  64/300  train=5.738e-01  rmse=2.0946  lr=1.0e-04  231s
  batch 10/264  loss=0.5696
  batch 20/264  loss=0.7414
  batch 30/264  loss=0.5938
  batch 40/264  loss=0.4499
  batch 50/264  loss=0.5365
  batch 60/264  loss=0.5102
  batch 70/264  loss=0.4984
  batch 80/264  loss=0.4694
  batch 90/264  loss=0.6984
  batch 100/264  loss=0.6869
  batch 110/264  loss=0.7099
  batch 120/264  loss=0.4752
  batch 130/264  loss=0.5004
  batch 140/264  loss=0.3988
  batch 150/264  loss=1.2393
  batch 160/264  loss=0.9975
  batch 170/264  loss=0.6209
  batch 180/264  loss=0.5557
  batch 190/264  loss=0.4615
  batch 200/264  loss=0.6904
  batch 210/264  loss=0.5622
  batch 220/264  loss=0.3719
  batch 230/264  loss=0.4402
  batch 240/264  loss=0.7217
  batch 250/264  loss=0.6480
  batch 260/264  loss=0.4506
Epoch  65/300  train=5.757e-01  rmse=2.1815  lr=1.0e-04  230s
  batch 10/264  loss=0.7148
  batch 20/264  loss=0.6965
  batch 30/264  loss=0.4434
  batch 40/264  loss=0.4780
  batch 50/264  loss=0.3900
  batch 60/264  loss=0.6499
  batch 70/264  loss=0.6488
  batch 80/264  loss=0.6978
  batch 90/264  loss=0.6444
  batch 100/264  loss=0.4228
  batch 110/264  loss=0.4885
  batch 120/264  loss=0.5805
  batch 130/264  loss=1.0456
  batch 140/264  loss=0.6498
  batch 150/264  loss=0.5123
  batch 160/264  loss=0.3865
  batch 170/264  loss=0.5096
  batch 180/264  loss=0.5176
  batch 190/264  loss=0.4959
  batch 200/264  loss=0.5468
  batch 210/264  loss=0.3908
  batch 220/264  loss=0.4511
  batch 230/264  loss=0.3797
  batch 240/264  loss=0.6940
  batch 250/264  loss=0.6792
  batch 260/264  loss=0.5316
Epoch  66/300  train=5.755e-01  rmse=2.1510  lr=1.0e-04  230s
  batch 10/264  loss=0.8231
  batch 20/264  loss=0.6719
  batch 30/264  loss=0.6087
  batch 40/264  loss=0.5003
  batch 50/264  loss=0.6927
  batch 60/264  loss=0.6162
  batch 70/264  loss=0.5072
  batch 80/264  loss=0.4254
  batch 90/264  loss=0.8411
  batch 100/264  loss=0.7219
  batch 110/264  loss=0.6411
  batch 120/264  loss=0.4136
  batch 130/264  loss=0.4949
  batch 140/264  loss=0.6967
  batch 150/264  loss=0.5707
  batch 160/264  loss=0.3731
  batch 170/264  loss=0.5538
  batch 180/264  loss=0.5357
  batch 190/264  loss=0.8645
  batch 200/264  loss=0.5415
  batch 210/264  loss=0.8565
  batch 220/264  loss=0.5384
  batch 230/264  loss=0.5772
  batch 240/264  loss=0.4894
  batch 250/264  loss=0.5775
  batch 260/264  loss=0.6122
Epoch  67/300  train=5.671e-01  rmse=2.0980  lr=1.0e-04  231s
  -> best  monitor=5.671e-01
  batch 10/264  loss=0.6793
  batch 20/264  loss=0.6226
  batch 30/264  loss=0.6480
  batch 40/264  loss=0.6756
  batch 50/264  loss=0.4560
  batch 60/264  loss=0.4524
  batch 70/264  loss=0.8749
  batch 80/264  loss=0.5047
  batch 90/264  loss=0.6845
  batch 100/264  loss=0.5563
  batch 110/264  loss=0.6652
  batch 120/264  loss=0.6213
  batch 130/264  loss=0.5126
  batch 140/264  loss=0.4331
  batch 150/264  loss=0.3786
  batch 160/264  loss=0.6048
  batch 170/264  loss=0.4200
  batch 180/264  loss=0.5251
  batch 190/264  loss=0.6646
  batch 200/264  loss=0.5100
  batch 210/264  loss=0.5087
  batch 220/264  loss=0.8264
  batch 230/264  loss=0.6343
  batch 240/264  loss=0.6326
  batch 250/264  loss=0.6850
  batch 260/264  loss=0.7893
Epoch  68/300  train=5.722e-01  rmse=2.1315  lr=1.0e-04  233s
  batch 10/264  loss=0.4509
  batch 20/264  loss=0.5863
  batch 30/264  loss=0.3550
  batch 40/264  loss=0.4529
  batch 50/264  loss=0.4788
  batch 60/264  loss=0.6539
  batch 70/264  loss=0.5647
  batch 80/264  loss=0.4097
  batch 90/264  loss=0.6970
  batch 100/264  loss=0.5094
  batch 110/264  loss=0.6866
  batch 120/264  loss=0.4920
  batch 130/264  loss=0.5248
  batch 140/264  loss=1.2310
  batch 150/264  loss=0.5444
  batch 160/264  loss=0.5314
  batch 170/264  loss=0.8125
  batch 180/264  loss=0.6947
  batch 190/264  loss=0.7819
  batch 200/264  loss=0.6065
  batch 210/264  loss=0.6221
  batch 220/264  loss=0.6307
  batch 230/264  loss=0.5286
  batch 240/264  loss=0.5685
  batch 250/264  loss=0.4725
  batch 260/264  loss=0.6207
Epoch  69/300  train=5.689e-01  rmse=2.0898  lr=1.0e-04  228s
  batch 10/264  loss=0.4862
  batch 20/264  loss=0.4912
  batch 30/264  loss=0.4991
  batch 40/264  loss=0.5978
  batch 50/264  loss=0.6178
  batch 60/264  loss=0.4068
  batch 70/264  loss=0.7824
  batch 80/264  loss=0.5036
  batch 90/264  loss=0.4454
  batch 100/264  loss=0.5522
  batch 110/264  loss=0.9575
  batch 120/264  loss=0.4586
  batch 130/264  loss=0.8837
  batch 140/264  loss=0.5019
  batch 150/264  loss=0.5571
  batch 160/264  loss=0.4775
  batch 170/264  loss=0.6914
  batch 180/264  loss=0.4804
  batch 190/264  loss=0.5479
  batch 200/264  loss=0.6404
  batch 210/264  loss=0.6248
  batch 220/264  loss=0.5140
  batch 230/264  loss=0.4586
  batch 240/264  loss=0.6440
  batch 250/264  loss=0.5376
  batch 260/264  loss=0.5339
Epoch  70/300  train=5.633e-01  rmse=2.0771  lr=1.0e-04  230s
  -> best  monitor=5.633e-01
  batch 10/264  loss=0.6354
  batch 20/264  loss=0.5225
  batch 30/264  loss=0.6129
  batch 40/264  loss=0.5491
  batch 50/264  loss=0.5106
  batch 60/264  loss=0.4294
  batch 70/264  loss=0.5331
  batch 80/264  loss=0.4093
  batch 90/264  loss=0.4568
  batch 100/264  loss=0.8683
  batch 110/264  loss=0.4814
  batch 120/264  loss=0.5070
  batch 130/264  loss=0.5377
  batch 140/264  loss=0.4977
  batch 150/264  loss=1.2101
  batch 160/264  loss=0.7725
  batch 170/264  loss=0.4918
  batch 180/264  loss=0.4834
  batch 190/264  loss=0.5632
  batch 200/264  loss=0.6044
  batch 210/264  loss=0.5098
  batch 220/264  loss=0.5177
  batch 230/264  loss=0.5748
  batch 240/264  loss=0.4291
  batch 250/264  loss=0.5320
  batch 260/264  loss=0.4932
Epoch  71/300  train=5.586e-01  rmse=2.0640  lr=1.0e-04  230s
  -> best  monitor=5.586e-01
  batch 10/264  loss=0.7356
  batch 20/264  loss=0.6803
  batch 30/264  loss=0.8377
  batch 40/264  loss=0.6710
  batch 50/264  loss=0.6699
  batch 60/264  loss=0.5683
  batch 70/264  loss=0.5353
  batch 80/264  loss=0.6498
  batch 90/264  loss=0.4340
  batch 100/264  loss=0.3627
  batch 110/264  loss=0.5077
  batch 120/264  loss=0.6076
  batch 130/264  loss=0.5239
  batch 140/264  loss=0.6466
  batch 150/264  loss=0.4782
  batch 160/264  loss=0.6145
  batch 170/264  loss=0.6673
  batch 180/264  loss=0.5693
  batch 190/264  loss=0.5463
  batch 200/264  loss=0.4784
  batch 210/264  loss=0.4658
  batch 220/264  loss=0.5670
  batch 230/264  loss=0.4848
  batch 240/264  loss=0.5071
  batch 250/264  loss=0.6588
  batch 260/264  loss=0.7446
Epoch  72/300  train=5.622e-01  rmse=2.0834  lr=1.0e-04  231s
  batch 10/264  loss=0.3949
  batch 20/264  loss=0.4766
  batch 30/264  loss=0.5247
  batch 40/264  loss=0.4009
  batch 50/264  loss=0.7988
  batch 60/264  loss=0.4947
  batch 70/264  loss=0.6396
  batch 80/264  loss=0.4886
  batch 90/264  loss=0.4846
  batch 100/264  loss=0.6141
  batch 110/264  loss=0.4773
  batch 120/264  loss=0.6947
  batch 130/264  loss=0.6520
  batch 140/264  loss=0.5063
  batch 150/264  loss=0.4823
  batch 160/264  loss=0.5227
  batch 170/264  loss=0.5195
  batch 180/264  loss=0.8001
  batch 190/264  loss=0.4831
  batch 200/264  loss=0.4969
  batch 210/264  loss=0.4094
  batch 220/264  loss=0.6326
  batch 230/264  loss=0.5107
  batch 240/264  loss=0.5401
  batch 250/264  loss=0.5015
  batch 260/264  loss=0.5048
Epoch  73/300  train=5.575e-01  rmse=2.0636  lr=1.0e-04  231s
  -> best  monitor=5.575e-01
  batch 10/264  loss=0.4245
  batch 20/264  loss=0.6696
  batch 30/264  loss=0.4020
  batch 40/264  loss=0.4982
  batch 50/264  loss=0.7933
  batch 60/264  loss=0.8618
  batch 70/264  loss=0.3646
  batch 80/264  loss=0.4093
  batch 90/264  loss=0.5221
  batch 100/264  loss=0.4082
  batch 110/264  loss=0.4036
  batch 120/264  loss=0.4248
  batch 130/264  loss=0.6098
  batch 140/264  loss=0.4805
  batch 150/264  loss=0.4351
  batch 160/264  loss=0.5948
  batch 170/264  loss=0.4627
  batch 180/264  loss=0.7164
  batch 190/264  loss=0.5957
  batch 200/264  loss=1.1749
  batch 210/264  loss=0.7405
  batch 220/264  loss=0.5014
  batch 230/264  loss=0.7444
  batch 240/264  loss=0.7655
  batch 250/264  loss=0.5078
  batch 260/264  loss=0.4811
Epoch  74/300  train=5.571e-01  rmse=2.0534  lr=1.0e-04  228s
  -> best  monitor=5.571e-01
  batch 10/264  loss=0.5721
  batch 20/264  loss=0.3695
  batch 30/264  loss=0.7784
  batch 40/264  loss=0.3810
  batch 50/264  loss=0.5329
  batch 60/264  loss=0.7047
  batch 70/264  loss=0.6120
  batch 80/264  loss=0.6160
  batch 90/264  loss=0.3754
  batch 100/264  loss=0.4061
  batch 110/264  loss=0.3784
  batch 120/264  loss=0.4455
  batch 130/264  loss=0.8135
  batch 140/264  loss=0.5395
  batch 150/264  loss=0.4821
  batch 160/264  loss=0.5242
  batch 170/264  loss=0.5695
  batch 180/264  loss=0.5067
  batch 190/264  loss=0.3941
  batch 200/264  loss=0.4943
  batch 210/264  loss=0.5628
  batch 220/264  loss=0.4569
  batch 230/264  loss=0.5119
  batch 240/264  loss=0.3452
  batch 250/264  loss=0.6698
  batch 260/264  loss=0.5759
Epoch  75/300  train=5.574e-01  rmse=2.0836  lr=1.0e-04  228s
  batch 10/264  loss=0.5221
  batch 20/264  loss=0.7138
  batch 30/264  loss=0.5298
  batch 40/264  loss=0.3802
  batch 50/264  loss=0.8505
  batch 60/264  loss=0.4700
  batch 70/264  loss=0.6608
  batch 80/264  loss=0.7367
  batch 90/264  loss=0.6840
  batch 100/264  loss=0.4329
  batch 110/264  loss=0.5436
  batch 120/264  loss=0.5022
  batch 130/264  loss=0.4196
  batch 140/264  loss=0.4450
  batch 150/264  loss=0.4496
  batch 160/264  loss=0.5634
  batch 170/264  loss=0.5629
  batch 180/264  loss=0.5059
  batch 190/264  loss=0.6705
  batch 200/264  loss=0.7096
  batch 210/264  loss=0.4074
  batch 220/264  loss=0.6916
  batch 230/264  loss=0.5379
  batch 240/264  loss=0.5203
  batch 250/264  loss=0.5106
  batch 260/264  loss=0.5538
Epoch  76/300  train=5.621e-01  rmse=2.0662  lr=1.0e-04  228s
  batch 10/264  loss=0.6117
  batch 20/264  loss=0.3865
  batch 30/264  loss=0.5033
  batch 40/264  loss=0.4451
  batch 50/264  loss=0.7033
  batch 60/264  loss=0.6117
  batch 70/264  loss=0.5163
  batch 80/264  loss=0.4788
  batch 90/264  loss=0.4437
  batch 100/264  loss=0.5034
  batch 110/264  loss=0.6102
  batch 120/264  loss=0.5799
  batch 130/264  loss=0.5067
  batch 140/264  loss=0.4767
  batch 150/264  loss=0.6803
  batch 160/264  loss=0.6140
  batch 170/264  loss=0.5469
  batch 180/264  loss=0.4910
  batch 190/264  loss=0.4623
  batch 200/264  loss=0.6073
  batch 210/264  loss=0.4736
  batch 220/264  loss=0.6491
  batch 230/264  loss=0.5018
  batch 240/264  loss=0.4645
  batch 250/264  loss=0.4570
  batch 260/264  loss=0.3644
Epoch  77/300  train=5.519e-01  rmse=2.0449  lr=1.0e-04  229s
  -> best  monitor=5.519e-01
  batch 10/264  loss=0.4239
  batch 20/264  loss=0.6145
  batch 30/264  loss=0.5836
  batch 40/264  loss=0.5559
  batch 50/264  loss=0.5648
  batch 60/264  loss=0.6097
  batch 70/264  loss=0.8292
  batch 80/264  loss=0.6526
  batch 90/264  loss=0.5103
  batch 100/264  loss=0.6700
  batch 110/264  loss=0.7526
  batch 120/264  loss=0.4261
  batch 130/264  loss=0.5009
  batch 140/264  loss=0.6382
  batch 150/264  loss=0.5394
  batch 160/264  loss=0.6028
  batch 170/264  loss=0.4220
  batch 180/264  loss=0.5257
  batch 190/264  loss=0.6064
  batch 200/264  loss=0.8821
  batch 210/264  loss=0.5634
  batch 220/264  loss=0.4994
  batch 230/264  loss=0.5103
  batch 240/264  loss=0.4536
  batch 250/264  loss=0.5953
  batch 260/264  loss=0.5419
Epoch  78/300  train=5.584e-01  rmse=2.0632  lr=1.0e-04  229s
  batch 10/264  loss=0.5562
  batch 20/264  loss=0.6175
  batch 30/264  loss=0.4414
  batch 40/264  loss=0.5334
  batch 50/264  loss=0.4948
  batch 60/264  loss=0.7501
  batch 70/264  loss=0.5273
  batch 80/264  loss=0.5767
  batch 90/264  loss=0.4685
  batch 100/264  loss=0.6855
  batch 110/264  loss=0.5186
  batch 120/264  loss=0.5456
  batch 130/264  loss=0.6051
  batch 140/264  loss=0.5856
  batch 150/264  loss=0.4793
  batch 160/264  loss=0.6278
  batch 170/264  loss=0.3898
  batch 180/264  loss=0.6000
  batch 190/264  loss=0.4637
  batch 200/264  loss=0.4160
  batch 210/264  loss=0.5740
  batch 220/264  loss=0.6052
  batch 230/264  loss=0.5926
  batch 240/264  loss=0.4950
  batch 250/264  loss=0.6977
  batch 260/264  loss=0.4602
Epoch  79/300  train=5.507e-01  rmse=2.1078  lr=1.0e-04  230s
  -> best  monitor=5.507e-01
  batch 10/264  loss=0.3831
  batch 20/264  loss=0.5195
  batch 30/264  loss=0.4961
  batch 40/264  loss=0.4485
  batch 50/264  loss=0.5168
  batch 60/264  loss=0.5570
  batch 70/264  loss=0.5000
  batch 80/264  loss=0.4419
  batch 90/264  loss=0.4976
  batch 100/264  loss=0.4859
  batch 110/264  loss=0.4731
  batch 120/264  loss=1.1138
  batch 130/264  loss=0.5346
  batch 140/264  loss=0.6907
  batch 150/264  loss=0.4998
  batch 160/264  loss=0.4681
  batch 170/264  loss=0.6745
  batch 180/264  loss=0.6979
  batch 190/264  loss=0.6219
  batch 200/264  loss=0.6126
  batch 210/264  loss=0.4109
  batch 220/264  loss=0.4114
  batch 230/264  loss=0.4880
  batch 240/264  loss=0.5281
  batch 250/264  loss=0.6003
  batch 260/264  loss=0.3914
Epoch  80/300  train=5.561e-01  rmse=2.0357  lr=1.0e-04  230s
  batch 10/264  loss=0.4818
  batch 20/264  loss=0.5010
  batch 30/264  loss=0.3839
  batch 40/264  loss=0.6164
  batch 50/264  loss=0.5519
  batch 60/264  loss=0.5920
  batch 70/264  loss=0.4814
  batch 80/264  loss=0.8206
  batch 90/264  loss=0.5987
  batch 100/264  loss=0.4594
  batch 110/264  loss=0.6085
  batch 120/264  loss=0.4443
  batch 130/264  loss=0.4927
  batch 140/264  loss=0.6030
  batch 150/264  loss=0.5709
  batch 160/264  loss=0.5462
  batch 170/264  loss=0.6258
  batch 180/264  loss=0.5398
  batch 190/264  loss=0.6274
  batch 200/264  loss=0.4699
  batch 210/264  loss=0.4503
  batch 220/264  loss=0.4671
  batch 230/264  loss=0.5169
  batch 240/264  loss=0.4484
  batch 250/264  loss=0.5677
  batch 260/264  loss=0.6091
Epoch  81/300  train=5.519e-01  rmse=2.1046  lr=1.0e-04  231s
  batch 10/264  loss=0.6089
  batch 20/264  loss=0.4587
  batch 30/264  loss=0.8539
  batch 40/264  loss=0.6413
  batch 50/264  loss=0.4708
  batch 60/264  loss=0.4282
  batch 70/264  loss=0.5985
  batch 80/264  loss=0.5865
  batch 90/264  loss=0.4463
  batch 100/264  loss=0.7799
  batch 110/264  loss=0.8174
  batch 120/264  loss=0.4157
  batch 130/264  loss=0.6269
  batch 140/264  loss=0.6836
  batch 150/264  loss=0.4380
  batch 160/264  loss=0.4434
  batch 170/264  loss=0.4403
  batch 180/264  loss=0.3831
  batch 190/264  loss=0.5304
  batch 200/264  loss=0.4618
  batch 210/264  loss=0.4522
  batch 220/264  loss=0.6826
  batch 230/264  loss=0.4621
  batch 240/264  loss=0.4100
  batch 250/264  loss=0.6756
  batch 260/264  loss=0.7904
Epoch  82/300  train=5.424e-01  rmse=2.0089  lr=1.0e-04  231s
  -> best  monitor=5.424e-01
  batch 10/264  loss=0.6565
  batch 20/264  loss=0.3567
  batch 30/264  loss=0.6257
  batch 40/264  loss=0.4180
  batch 50/264  loss=0.5159
  batch 60/264  loss=0.4829
  batch 70/264  loss=0.5041
  batch 80/264  loss=0.4225
  batch 90/264  loss=0.5171
  batch 100/264  loss=0.4611
  batch 110/264  loss=0.5891
  batch 120/264  loss=0.4505
  batch 130/264  loss=0.6752
  batch 140/264  loss=0.5624
  batch 150/264  loss=0.6458
  batch 160/264  loss=0.5451
  batch 170/264  loss=0.5287
  batch 180/264  loss=0.6090
  batch 190/264  loss=0.4825
  batch 200/264  loss=0.4674
  batch 210/264  loss=0.5831
  batch 220/264  loss=0.6049
  batch 230/264  loss=0.7560
  batch 240/264  loss=0.6841
  batch 250/264  loss=0.5863
  batch 260/264  loss=0.7032
Epoch  83/300  train=5.516e-01  rmse=2.0905  lr=1.0e-04  235s
  batch 10/264  loss=0.5113
  batch 20/264  loss=0.7425
  batch 30/264  loss=0.5132
  batch 40/264  loss=0.7230
  batch 50/264  loss=0.4764
  batch 60/264  loss=0.5318
  batch 70/264  loss=0.7068
  batch 80/264  loss=0.4730
  batch 90/264  loss=0.7522
  batch 100/264  loss=0.5719
  batch 110/264  loss=0.4785
  batch 120/264  loss=0.5861
  batch 130/264  loss=0.5669
  batch 140/264  loss=0.5420
  batch 150/264  loss=0.5036
  batch 160/264  loss=0.5598
  batch 170/264  loss=0.4991
  batch 180/264  loss=0.5471
  batch 190/264  loss=0.6329
  batch 200/264  loss=0.5130
  batch 210/264  loss=0.5106
  batch 220/264  loss=0.5511
  batch 230/264  loss=0.5506
  batch 240/264  loss=0.4534
  batch 250/264  loss=0.5448
  batch 260/264  loss=0.5718
Epoch  84/300  train=5.470e-01  rmse=2.0224  lr=1.0e-04  261s
  batch 10/264  loss=0.5430
  batch 20/264  loss=0.4904
  batch 30/264  loss=0.5273
  batch 40/264  loss=0.6447
  batch 50/264  loss=0.5325
  batch 60/264  loss=0.5625
  batch 70/264  loss=0.7429
  batch 80/264  loss=0.5437
  batch 90/264  loss=0.5189
  batch 100/264  loss=0.4696
  batch 110/264  loss=0.5728
  batch 120/264  loss=0.6140
  batch 130/264  loss=0.4766
  batch 140/264  loss=0.5775
  batch 150/264  loss=0.5587
  batch 160/264  loss=0.4175
  batch 170/264  loss=0.5044
  batch 180/264  loss=0.4213
  batch 190/264  loss=0.7728
  batch 200/264  loss=0.4809
  batch 210/264  loss=0.5019
  batch 220/264  loss=0.6268
  batch 230/264  loss=0.5945
  batch 240/264  loss=0.9452
  batch 250/264  loss=0.5524
  batch 260/264  loss=1.4597
Epoch  85/300  train=5.491e-01  rmse=2.0486  lr=1.0e-04  266s
  batch 10/264  loss=0.6698
  batch 20/264  loss=0.4879
  batch 30/264  loss=0.5156
  batch 40/264  loss=0.6570
  batch 50/264  loss=0.5416
  batch 60/264  loss=0.4663
  batch 70/264  loss=0.5487
  batch 80/264  loss=0.4892
  batch 90/264  loss=0.5594
  batch 100/264  loss=0.4495
  batch 110/264  loss=0.4930
  batch 120/264  loss=0.5091
  batch 130/264  loss=0.4373
  batch 140/264  loss=0.4668
  batch 150/264  loss=0.5035
  batch 160/264  loss=0.6272
  batch 170/264  loss=0.4437
  batch 180/264  loss=0.6240
  batch 190/264  loss=0.4600
  batch 200/264  loss=0.9689
  batch 210/264  loss=0.7957
  batch 220/264  loss=0.4792
  batch 230/264  loss=0.6563
  batch 240/264  loss=0.8065
  batch 250/264  loss=0.6274
  batch 260/264  loss=0.6504
Epoch  86/300  train=5.452e-01  rmse=2.0207  lr=1.0e-04  265s
  batch 10/264  loss=0.4904
  batch 20/264  loss=0.6113
  batch 30/264  loss=0.4750
  batch 40/264  loss=0.4800
  batch 50/264  loss=0.5333
  batch 60/264  loss=0.4040
  batch 70/264  loss=0.4627
  batch 80/264  loss=0.4684
  batch 90/264  loss=0.5143
  batch 100/264  loss=0.4278
  batch 110/264  loss=0.5253
  batch 120/264  loss=0.6545
  batch 130/264  loss=0.5689
  batch 140/264  loss=0.4978
  batch 150/264  loss=0.7291
  batch 160/264  loss=0.5142
  batch 170/264  loss=0.5585
  batch 180/264  loss=0.5144
  batch 190/264  loss=0.4415
  batch 200/264  loss=0.4358
  batch 210/264  loss=0.4830
  batch 220/264  loss=1.2927
  batch 230/264  loss=0.5305
  batch 240/264  loss=0.4891
  batch 250/264  loss=0.8037
  batch 260/264  loss=0.5398
Epoch  87/300  train=5.444e-01  rmse=2.0558  lr=1.0e-04  237s
  batch 10/264  loss=0.4568
  batch 20/264  loss=0.4717
  batch 30/264  loss=0.8272
  batch 40/264  loss=0.6638
  batch 50/264  loss=0.3986
  batch 60/264  loss=0.6785
  batch 70/264  loss=0.4916
  batch 80/264  loss=0.4999
  batch 90/264  loss=0.4919
  batch 100/264  loss=0.6544
  batch 110/264  loss=0.6180
  batch 120/264  loss=0.4451
  batch 130/264  loss=0.6235
  batch 140/264  loss=0.5382
  batch 150/264  loss=0.6043
  batch 160/264  loss=0.5363
  batch 170/264  loss=0.5474
  batch 180/264  loss=0.6193
  batch 190/264  loss=0.4542
  batch 200/264  loss=0.5437
  batch 210/264  loss=0.5605
  batch 220/264  loss=0.6240
  batch 230/264  loss=0.7302
  batch 240/264  loss=0.5780
  batch 250/264  loss=0.5131
  batch 260/264  loss=0.7595
Epoch  88/300  train=5.497e-01  rmse=2.1089  lr=1.0e-04  236s
  batch 10/264  loss=0.3987
  batch 20/264  loss=1.1100
  batch 30/264  loss=0.5214
  batch 40/264  loss=0.6584
  batch 50/264  loss=0.4556
  batch 60/264  loss=0.5180
  batch 70/264  loss=0.5693
  batch 80/264  loss=0.3763
  batch 90/264  loss=0.8862
  batch 100/264  loss=0.4621
  batch 110/264  loss=0.7407
  batch 120/264  loss=0.6840
  batch 130/264  loss=0.6152
  batch 140/264  loss=0.4944
  batch 150/264  loss=0.6102
  batch 160/264  loss=0.4234
  batch 170/264  loss=0.4744
  batch 180/264  loss=0.6148
  batch 190/264  loss=0.8298
  batch 200/264  loss=0.5544
  batch 210/264  loss=0.4247
  batch 220/264  loss=0.6720
  batch 230/264  loss=0.5087
  batch 240/264  loss=0.5001
  batch 250/264  loss=0.5114
  batch 260/264  loss=0.6874
Epoch  89/300  train=5.456e-01  rmse=2.0438  lr=1.0e-04  232s
  batch 10/264  loss=0.6332
  batch 20/264  loss=0.4728
  batch 30/264  loss=0.6015
  batch 40/264  loss=0.6264
  batch 50/264  loss=0.4556
  batch 60/264  loss=0.6876
  batch 70/264  loss=0.5162
  batch 80/264  loss=0.5127
  batch 90/264  loss=0.3996
  batch 100/264  loss=0.6061
  batch 110/264  loss=0.5135
  batch 120/264  loss=0.4645
  batch 130/264  loss=0.3875
  batch 140/264  loss=0.4274
  batch 150/264  loss=0.5651
  batch 160/264  loss=0.5460
  batch 170/264  loss=0.6402
  batch 180/264  loss=0.5109
  batch 190/264  loss=0.5404
  batch 200/264  loss=0.3695
  batch 210/264  loss=0.5248
  batch 220/264  loss=0.4580
  batch 230/264  loss=0.4573
  batch 240/264  loss=0.5318
  batch 250/264  loss=0.4441
  batch 260/264  loss=0.7755
Epoch  90/300  train=5.488e-01  rmse=2.0559  lr=1.0e-04  230s
  batch 10/264  loss=0.4487
  batch 20/264  loss=0.4826
  batch 30/264  loss=0.5246
  batch 40/264  loss=0.4742
  batch 50/264  loss=0.6133
  batch 60/264  loss=0.7450
  batch 70/264  loss=0.4635
  batch 80/264  loss=0.5459
  batch 90/264  loss=0.4873
  batch 100/264  loss=0.5295
  batch 110/264  loss=0.4813
  batch 120/264  loss=0.5741
  batch 130/264  loss=0.4681
  batch 140/264  loss=0.7040
  batch 150/264  loss=0.4328
  batch 160/264  loss=0.5600
  batch 170/264  loss=0.6861
  batch 180/264  loss=0.5442
  batch 190/264  loss=0.6790
  batch 200/264  loss=0.4200
  batch 210/264  loss=0.5850
  batch 220/264  loss=0.5165
  batch 230/264  loss=0.3917
  batch 240/264  loss=0.3770
  batch 250/264  loss=0.4453
  batch 260/264  loss=0.4501
Epoch  91/300  train=5.415e-01  rmse=2.0179  lr=1.0e-04  230s
  -> best  monitor=5.415e-01
  batch 10/264  loss=0.6016
  batch 20/264  loss=0.5276
  batch 30/264  loss=0.6071
  batch 40/264  loss=0.4879
  batch 50/264  loss=0.6959
  batch 60/264  loss=0.4669
  batch 70/264  loss=0.5189
  batch 80/264  loss=0.4502
  batch 90/264  loss=0.6781
  batch 100/264  loss=0.4901
  batch 110/264  loss=0.6184
  batch 120/264  loss=0.6608
  batch 130/264  loss=0.5942
  batch 140/264  loss=0.5328
  batch 150/264  loss=0.4862
  batch 160/264  loss=0.5170
  batch 170/264  loss=0.6110
  batch 180/264  loss=0.4456
  batch 190/264  loss=0.5572
  batch 200/264  loss=0.5446
  batch 210/264  loss=0.6575
  batch 220/264  loss=0.4385
  batch 230/264  loss=0.4848
  batch 240/264  loss=0.5171
  batch 250/264  loss=0.4136
  batch 260/264  loss=0.4524
Epoch  92/300  train=5.404e-01  rmse=2.0589  lr=1.0e-04  232s
  -> best  monitor=5.404e-01
  batch 10/264  loss=0.5050
  batch 20/264  loss=0.3859
  batch 30/264  loss=0.6888
  batch 40/264  loss=0.5261
  batch 50/264  loss=0.4902
  batch 60/264  loss=0.3919
  batch 70/264  loss=0.4724
  batch 80/264  loss=0.5426
  batch 90/264  loss=0.3942
  batch 100/264  loss=0.6994
  batch 110/264  loss=0.6145
  batch 120/264  loss=0.4921
  batch 130/264  loss=0.5582
  batch 140/264  loss=0.4841
  batch 150/264  loss=0.5930
  batch 160/264  loss=0.6509
  batch 170/264  loss=0.5246
  batch 180/264  loss=0.6878
  batch 190/264  loss=0.5113
  batch 200/264  loss=0.5757
  batch 210/264  loss=0.4456
  batch 220/264  loss=0.4896
  batch 230/264  loss=0.4034
  batch 240/264  loss=0.4332
  batch 250/264  loss=0.9809
  batch 260/264  loss=0.5084
Epoch  93/300  train=5.392e-01  rmse=2.0504  lr=1.0e-04  234s
  -> best  monitor=5.392e-01
  batch 10/264  loss=0.4988
  batch 20/264  loss=0.5979
  batch 30/264  loss=0.6728
  batch 40/264  loss=0.4284
  batch 50/264  loss=0.5361
  batch 60/264  loss=0.5357
  batch 70/264  loss=0.4265
  batch 80/264  loss=0.6292
  batch 90/264  loss=0.3503
  batch 100/264  loss=0.5226
  batch 110/264  loss=0.6135
  batch 120/264  loss=0.5473
  batch 130/264  loss=0.3813
  batch 140/264  loss=0.5177
  batch 150/264  loss=0.4969
  batch 160/264  loss=0.4186
  batch 170/264  loss=0.5473
  batch 180/264  loss=0.4804
  batch 190/264  loss=0.4891
  batch 200/264  loss=0.4003
  batch 210/264  loss=0.5319
  batch 220/264  loss=0.4073
  batch 230/264  loss=0.4772
  batch 240/264  loss=0.4778
  batch 250/264  loss=0.7036
  batch 260/264  loss=0.6720
Epoch  94/300  train=5.417e-01  rmse=2.0971  lr=1.0e-04  231s
  batch 10/264  loss=0.4908
  batch 20/264  loss=0.5225
  batch 30/264  loss=0.5345
  batch 40/264  loss=0.5796
  batch 50/264  loss=0.4870
  batch 60/264  loss=0.3974
  batch 70/264  loss=0.6272
  batch 80/264  loss=0.4250
  batch 90/264  loss=0.4155
  batch 100/264  loss=0.4811
  batch 110/264  loss=0.4913
  batch 120/264  loss=0.5303
  batch 130/264  loss=0.5137
  batch 140/264  loss=0.6213
  batch 150/264  loss=0.5399
  batch 160/264  loss=0.5620
  batch 170/264  loss=0.4003
  batch 180/264  loss=0.5500
  batch 190/264  loss=0.6999
  batch 200/264  loss=0.6109
  batch 210/264  loss=0.4561
  batch 220/264  loss=0.5299
  batch 230/264  loss=0.5109
  batch 240/264  loss=0.3729
  batch 250/264  loss=0.6973
  batch 260/264  loss=0.3757
Epoch  95/300  train=5.364e-01  rmse=2.0302  lr=1.0e-04  230s
  -> best  monitor=5.364e-01
  batch 10/264  loss=0.6398
  batch 20/264  loss=0.5862
  batch 30/264  loss=0.3904
  batch 40/264  loss=0.5306
  batch 50/264  loss=0.5252
  batch 60/264  loss=0.4838
  batch 70/264  loss=0.6636
  batch 80/264  loss=0.5606
  batch 90/264  loss=0.4051
  batch 100/264  loss=0.4090
  batch 110/264  loss=0.3960
  batch 120/264  loss=0.5862
  batch 130/264  loss=0.5517
  batch 140/264  loss=0.4970
  batch 150/264  loss=0.7113
  batch 160/264  loss=0.5532
  batch 170/264  loss=0.4980
  batch 180/264  loss=0.5636
  batch 190/264  loss=0.4307
  batch 200/264  loss=0.5253
  batch 210/264  loss=0.3726
  batch 220/264  loss=0.5489
  batch 230/264  loss=0.4317
  batch 240/264  loss=0.5966
  batch 250/264  loss=0.4242
  batch 260/264  loss=0.6695
Epoch  96/300  train=5.317e-01  rmse=2.0180  lr=1.0e-04  231s
  -> best  monitor=5.317e-01
  batch 10/264  loss=0.4632
  batch 20/264  loss=0.3943
  batch 30/264  loss=0.3912
  batch 40/264  loss=0.4657
  batch 50/264  loss=0.4975
  batch 60/264  loss=0.3734
  batch 70/264  loss=0.7115
  batch 80/264  loss=0.6714
  batch 90/264  loss=0.5010
  batch 100/264  loss=0.6690
  batch 110/264  loss=0.7623
  batch 120/264  loss=0.4757
  batch 130/264  loss=0.4249
  batch 140/264  loss=0.6202
  batch 150/264  loss=0.6110
  batch 160/264  loss=0.5107
  batch 170/264  loss=0.4596
  batch 180/264  loss=0.3940
  batch 190/264  loss=0.8890
  batch 200/264  loss=0.4889
  batch 210/264  loss=0.5424
  batch 220/264  loss=0.7737
  batch 230/264  loss=0.8965
  batch 240/264  loss=0.4030
  batch 250/264  loss=0.5140
  batch 260/264  loss=0.5113
Epoch  97/300  train=5.381e-01  rmse=2.0349  lr=1.0e-04  232s
  batch 10/264  loss=0.4950
  batch 20/264  loss=0.5417
  batch 30/264  loss=0.6131
  batch 40/264  loss=0.4605
  batch 50/264  loss=0.4790
  batch 60/264  loss=0.4982
  batch 70/264  loss=0.4643
  batch 80/264  loss=0.6189
  batch 90/264  loss=0.4696
  batch 100/264  loss=0.4753
  batch 110/264  loss=0.6855
  batch 120/264  loss=0.5807
  batch 130/264  loss=0.4633
  batch 140/264  loss=0.6991
  batch 150/264  loss=0.5900
  batch 160/264  loss=0.5776
  batch 170/264  loss=0.4560
  batch 180/264  loss=1.0074
  batch 190/264  loss=0.4753
  batch 200/264  loss=0.5597
  batch 210/264  loss=0.4963
  batch 220/264  loss=0.5707
  batch 230/264  loss=0.4420
  batch 240/264  loss=0.3478
  batch 250/264  loss=0.5610
  batch 260/264  loss=0.5408
Epoch  98/300  train=5.361e-01  rmse=2.0550  lr=1.0e-04  230s
  batch 10/264  loss=0.4227
  batch 20/264  loss=0.4322
  batch 30/264  loss=0.5346
  batch 40/264  loss=0.3928
  batch 50/264  loss=0.6103
  batch 60/264  loss=0.4527
  batch 70/264  loss=0.6212
  batch 80/264  loss=0.5707
  batch 90/264  loss=0.5628
  batch 100/264  loss=0.6352
  batch 110/264  loss=0.4640
  batch 120/264  loss=0.5681
  batch 130/264  loss=0.4761
  batch 140/264  loss=0.4654
  batch 150/264  loss=0.4728
  batch 160/264  loss=0.5001
  batch 170/264  loss=0.5049
  batch 180/264  loss=0.4864
  batch 190/264  loss=0.5340
  batch 200/264  loss=0.6497
  batch 210/264  loss=0.4922
  batch 220/264  loss=0.4251
  batch 230/264  loss=0.4960
  batch 240/264  loss=0.6192
  batch 250/264  loss=0.8217
  batch 260/264  loss=0.4688
Epoch  99/300  train=5.304e-01  rmse=1.9986  lr=1.0e-04  230s
  -> best  monitor=5.304e-01
  batch 10/264  loss=0.4329
  batch 20/264  loss=0.4811
  batch 30/264  loss=0.4088
  batch 40/264  loss=0.6049
  batch 50/264  loss=0.4726
  batch 60/264  loss=0.3898
  batch 70/264  loss=0.5399
  batch 80/264  loss=0.5244
  batch 90/264  loss=0.4477
  batch 100/264  loss=0.6791
  batch 110/264  loss=0.4758
  batch 120/264  loss=0.7235
  batch 130/264  loss=0.5939
  batch 140/264  loss=0.5248
  batch 150/264  loss=0.3917
  batch 160/264  loss=0.5017
  batch 170/264  loss=0.5452
  batch 180/264  loss=0.4963
  batch 190/264  loss=0.3716
  batch 200/264  loss=0.5354
  batch 210/264  loss=0.5485
  batch 220/264  loss=0.5986
  batch 230/264  loss=0.5031
  batch 240/264  loss=0.3799
  batch 250/264  loss=0.4499
  batch 260/264  loss=0.6143
Epoch 100/300  train=5.295e-01  rmse=2.0043  lr=1.0e-04  230s
  -> best  monitor=5.295e-01
  batch 10/264  loss=0.6417
  batch 20/264  loss=0.3906
  batch 30/264  loss=0.3598
  batch 40/264  loss=0.4481
  batch 50/264  loss=0.3699
  batch 60/264  loss=0.4489
  batch 70/264  loss=0.3897
  batch 80/264  loss=0.4802
  batch 90/264  loss=0.4948
  batch 100/264  loss=0.5103
  batch 110/264  loss=0.4694
  batch 120/264  loss=0.5893
  batch 130/264  loss=0.5331
  batch 140/264  loss=0.6534
  batch 150/264  loss=0.4307
  batch 160/264  loss=0.4761
  batch 170/264  loss=0.4292
  batch 180/264  loss=0.5286
  batch 190/264  loss=0.5213
  batch 200/264  loss=0.4605
  batch 210/264  loss=0.7458
  batch 220/264  loss=0.5959
  batch 230/264  loss=0.5866
  batch 240/264  loss=0.7559
  batch 250/264  loss=0.5149
  batch 260/264  loss=0.3820
Epoch 101/300  train=5.330e-01  rmse=1.9937  lr=1.0e-04  230s
  batch 10/264  loss=0.5400
  batch 20/264  loss=0.4642
  batch 30/264  loss=0.5302
  batch 40/264  loss=0.4956
  batch 50/264  loss=0.6222
  batch 60/264  loss=0.8778
  batch 70/264  loss=0.7163
  batch 80/264  loss=0.4239
  batch 90/264  loss=0.5288
  batch 100/264  loss=0.4917
  batch 110/264  loss=0.5219
  batch 120/264  loss=0.4026
  batch 130/264  loss=0.6382
  batch 140/264  loss=0.4489
  batch 150/264  loss=0.5027
  batch 160/264  loss=0.5851
  batch 170/264  loss=0.3799
  batch 180/264  loss=0.8295
  batch 190/264  loss=0.8020
  batch 200/264  loss=0.4352
  batch 210/264  loss=0.5133
  batch 220/264  loss=0.3718
  batch 230/264  loss=0.6688
  batch 240/264  loss=0.5136
  batch 250/264  loss=0.5008
  batch 260/264  loss=0.5116
Epoch 102/300  train=5.340e-01  rmse=2.0002  lr=1.0e-04  230s
  batch 10/264  loss=0.5033
  batch 20/264  loss=0.4382
  batch 30/264  loss=0.4776
  batch 40/264  loss=0.5097
  batch 50/264  loss=0.4542
  batch 60/264  loss=0.5036
  batch 70/264  loss=0.5123
  batch 80/264  loss=0.5861
  batch 90/264  loss=0.3427
  batch 100/264  loss=0.5402
  batch 110/264  loss=0.5139
  batch 120/264  loss=0.6541
  batch 130/264  loss=0.3860
  batch 140/264  loss=0.5444
  batch 150/264  loss=0.5224
  batch 160/264  loss=0.4750
  batch 170/264  loss=0.5836
  batch 180/264  loss=0.5197
  batch 190/264  loss=0.7093
  batch 200/264  loss=0.6095
  batch 210/264  loss=0.5177
  batch 220/264  loss=0.5829
  batch 230/264  loss=0.7808
  batch 240/264  loss=1.2141
  batch 250/264  loss=0.5233
  batch 260/264  loss=0.4305
Epoch 103/300  train=5.306e-01  rmse=2.0147  lr=1.0e-04  231s
  batch 10/264  loss=0.5145
  batch 20/264  loss=0.7421
  batch 30/264  loss=0.6263
  batch 40/264  loss=0.4981
  batch 50/264  loss=0.4775
  batch 60/264  loss=0.5140
  batch 70/264  loss=0.6352
  batch 80/264  loss=0.6786
  batch 90/264  loss=0.7870
  batch 100/264  loss=0.4194
  batch 110/264  loss=0.8677
  batch 120/264  loss=1.2194
  batch 130/264  loss=0.5740
  batch 140/264  loss=0.6531
  batch 150/264  loss=0.5126
  batch 160/264  loss=0.4938
  batch 170/264  loss=0.4272
  batch 180/264  loss=0.6672
  batch 190/264  loss=0.4196
  batch 200/264  loss=0.5030
  batch 210/264  loss=0.5519
  batch 220/264  loss=0.3892
  batch 230/264  loss=0.3466
  batch 240/264  loss=0.5471
  batch 250/264  loss=0.7065
  batch 260/264  loss=0.6347
Epoch 104/300  train=5.297e-01  rmse=2.0015  lr=1.0e-04  232s
  batch 10/264  loss=0.3927
  batch 20/264  loss=0.5887
  batch 30/264  loss=0.4425
  batch 40/264  loss=0.4650
  batch 50/264  loss=0.6131
  batch 60/264  loss=0.4060
  batch 70/264  loss=0.4228
  batch 80/264  loss=0.8613
  batch 90/264  loss=0.6968
  batch 100/264  loss=0.5707
  batch 110/264  loss=0.5877
  batch 120/264  loss=0.4748
  batch 130/264  loss=0.5186
  batch 140/264  loss=0.6259
  batch 150/264  loss=0.4040
  batch 160/264  loss=0.4828
  batch 170/264  loss=0.5120
  batch 180/264  loss=0.4183
  batch 190/264  loss=0.4919
  batch 200/264  loss=0.6561
  batch 210/264  loss=0.3856
  batch 220/264  loss=0.6858
  batch 230/264  loss=0.3913
  batch 240/264  loss=0.5482
  batch 250/264  loss=0.4723
  batch 260/264  loss=0.6117
Epoch 105/300  train=5.299e-01  rmse=2.0197  lr=1.0e-04  232s
  batch 10/264  loss=0.4879
  batch 20/264  loss=0.4897
  batch 30/264  loss=0.4642
  batch 40/264  loss=0.7056
  batch 50/264  loss=0.3813
  batch 60/264  loss=0.4250
  batch 70/264  loss=0.6065
  batch 80/264  loss=0.5191
  batch 90/264  loss=0.5319
  batch 100/264  loss=0.5806
  batch 110/264  loss=0.4887
  batch 120/264  loss=0.5559
  batch 130/264  loss=0.3720
  batch 140/264  loss=0.6813
  batch 150/264  loss=0.5433
  batch 160/264  loss=0.5138
  batch 170/264  loss=0.4404
  batch 180/264  loss=0.3667
  batch 190/264  loss=0.4727
  batch 200/264  loss=0.6752
  batch 210/264  loss=0.4907
  batch 220/264  loss=0.6759
  batch 230/264  loss=0.4531
  batch 240/264  loss=0.4112
  batch 250/264  loss=0.4946
  batch 260/264  loss=0.4774
Epoch 106/300  train=5.206e-01  rmse=1.9843  lr=1.0e-04  232s
  -> best  monitor=5.206e-01
  batch 10/264  loss=0.5852
  batch 20/264  loss=0.6152
  batch 30/264  loss=0.4699
  batch 40/264  loss=0.4887
  batch 50/264  loss=0.4058
  batch 60/264  loss=0.6227
  batch 70/264  loss=0.5714
  batch 80/264  loss=0.7718
  batch 90/264  loss=0.4410
  batch 100/264  loss=0.4887
  batch 110/264  loss=0.5764
  batch 120/264  loss=0.4674
  batch 130/264  loss=0.4162
  batch 140/264  loss=0.5095
  batch 150/264  loss=0.4910
  batch 160/264  loss=0.5412
  batch 170/264  loss=0.5045
  batch 180/264  loss=0.5091
  batch 190/264  loss=0.7550
  batch 200/264  loss=0.6332
  batch 210/264  loss=0.4313
  batch 220/264  loss=0.7633
  batch 230/264  loss=0.5363
  batch 240/264  loss=0.4754
  batch 250/264  loss=0.5818
  batch 260/264  loss=0.6222
Epoch 107/300  train=5.245e-01  rmse=1.9895  lr=1.0e-04  233s
  batch 10/264  loss=0.5334
  batch 20/264  loss=0.5897
  batch 30/264  loss=0.5970
  batch 40/264  loss=0.5388
  batch 50/264  loss=0.4406
  batch 60/264  loss=0.5713
  batch 70/264  loss=0.5751
  batch 80/264  loss=0.4457
  batch 90/264  loss=0.4511
  batch 100/264  loss=0.4575
  batch 110/264  loss=0.4962
  batch 120/264  loss=0.5948
  batch 130/264  loss=0.6189
  batch 140/264  loss=0.5024
  batch 150/264  loss=0.3996
  batch 160/264  loss=0.6436
  batch 170/264  loss=0.5502
  batch 180/264  loss=0.4889
  batch 190/264  loss=0.4682
  batch 200/264  loss=0.4663
  batch 210/264  loss=0.4074
  batch 220/264  loss=0.6097
  batch 230/264  loss=0.4386
  batch 240/264  loss=0.5227
  batch 250/264  loss=0.4169
  batch 260/264  loss=0.6109
Epoch 108/300  train=5.240e-01  rmse=2.0183  lr=1.0e-04  234s
  batch 10/264  loss=0.3866
  batch 20/264  loss=0.5236
  batch 30/264  loss=0.5162
  batch 40/264  loss=0.4035
  batch 50/264  loss=0.6525
  batch 60/264  loss=0.5224
  batch 70/264  loss=0.4886
  batch 80/264  loss=0.3579
  batch 90/264  loss=0.4771
  batch 100/264  loss=0.4585
  batch 110/264  loss=0.3718
  batch 120/264  loss=0.4588
  batch 130/264  loss=0.5570
  batch 140/264  loss=0.4801
  batch 150/264  loss=0.5786
  batch 160/264  loss=0.4441
  batch 170/264  loss=0.4418
  batch 180/264  loss=0.4447
  batch 190/264  loss=0.6363
  batch 200/264  loss=0.5210
  batch 210/264  loss=0.4777
  batch 220/264  loss=0.6109
  batch 230/264  loss=0.3584
  batch 240/264  loss=0.4752
  batch 250/264  loss=0.7016
  batch 260/264  loss=0.3315
Epoch 109/300  train=5.252e-01  rmse=2.0367  lr=1.0e-04  232s
  batch 10/264  loss=0.6239
  batch 20/264  loss=0.5154
  batch 30/264  loss=0.6027
  batch 40/264  loss=0.5113
  batch 50/264  loss=0.4962
  batch 60/264  loss=0.4956
  batch 70/264  loss=0.4835
  batch 80/264  loss=0.5188
  batch 90/264  loss=0.6664
  batch 100/264  loss=0.4740
  batch 110/264  loss=0.4045
  batch 120/264  loss=0.5352
  batch 130/264  loss=0.7300
  batch 140/264  loss=0.5025
  batch 150/264  loss=0.4935
  batch 160/264  loss=0.5317
  batch 170/264  loss=0.5257
  batch 180/264  loss=0.4768
  batch 190/264  loss=0.4740
  batch 200/264  loss=0.5445
  batch 210/264  loss=0.5101
  batch 220/264  loss=0.5344
  batch 230/264  loss=0.8394
  batch 240/264  loss=0.5451
  batch 250/264  loss=0.4299
  batch 260/264  loss=0.4720
Epoch 110/300  train=5.233e-01  rmse=2.0239  lr=1.0e-04  232s
  batch 10/264  loss=0.5194
  batch 20/264  loss=0.6974
  batch 30/264  loss=0.6461
  batch 40/264  loss=0.4761
  batch 50/264  loss=0.5128
  batch 60/264  loss=0.4187
  batch 70/264  loss=0.3987
  batch 80/264  loss=0.4095
  batch 90/264  loss=0.8145
  batch 100/264  loss=0.5187
  batch 110/264  loss=0.3604
  batch 120/264  loss=0.4873
  batch 130/264  loss=0.5354
  batch 140/264  loss=0.5530
  batch 150/264  loss=0.4317
  batch 160/264  loss=0.5385
  batch 170/264  loss=0.4512
  batch 180/264  loss=0.6595
  batch 190/264  loss=0.6114
  batch 200/264  loss=0.6994
  batch 210/264  loss=0.5087
  batch 220/264  loss=0.4895
  batch 230/264  loss=0.7078
  batch 240/264  loss=0.6774
  batch 250/264  loss=0.5137
  batch 260/264  loss=0.6333
Epoch 111/300  train=5.255e-01  rmse=2.0332  lr=1.0e-04  232s
  batch 10/264  loss=0.4473
  batch 20/264  loss=0.4949
  batch 30/264  loss=0.5698
  batch 40/264  loss=0.3729
  batch 50/264  loss=0.5147
  batch 60/264  loss=0.5697
  batch 70/264  loss=0.4330
  batch 80/264  loss=0.5710
  batch 90/264  loss=0.5765
  batch 100/264  loss=0.6087
  batch 110/264  loss=0.5959
  batch 120/264  loss=0.4566
  batch 130/264  loss=0.5282
  batch 140/264  loss=0.5824
  batch 150/264  loss=0.5310
  batch 160/264  loss=0.3444
  batch 170/264  loss=0.4739
  batch 180/264  loss=0.3530
  batch 190/264  loss=0.5129
  batch 200/264  loss=0.5692
  batch 210/264  loss=0.3960
  batch 220/264  loss=0.7760
  batch 230/264  loss=0.4424
  batch 240/264  loss=0.4805
  batch 250/264  loss=0.4086
  batch 260/264  loss=0.3937
Epoch 112/300  train=5.235e-01  rmse=1.9930  lr=1.0e-04  232s
  batch 10/264  loss=0.5319
  batch 20/264  loss=0.3675
  batch 30/264  loss=0.5103
  batch 40/264  loss=0.6098
  batch 50/264  loss=0.6017
  batch 60/264  loss=0.5232
  batch 70/264  loss=0.3606
  batch 80/264  loss=0.6162
  batch 90/264  loss=0.5947
  batch 100/264  loss=0.6266
  batch 110/264  loss=0.6540
  batch 120/264  loss=1.1191
  batch 130/264  loss=0.7989
  batch 140/264  loss=0.6817
  batch 150/264  loss=0.4091
  batch 160/264  loss=0.3395
  batch 170/264  loss=0.5165
  batch 180/264  loss=0.5147
  batch 190/264  loss=0.4747
  batch 200/264  loss=0.4869
  batch 210/264  loss=0.4512
  batch 220/264  loss=0.5023
  batch 230/264  loss=0.6841
  batch 240/264  loss=0.3900
  batch 250/264  loss=0.4642
  batch 260/264  loss=0.4119
Epoch 113/300  train=5.259e-01  rmse=2.0187  lr=1.0e-04  231s
  batch 10/264  loss=0.5216
  batch 20/264  loss=0.4390
  batch 30/264  loss=0.8598
  batch 40/264  loss=0.4005
  batch 50/264  loss=0.5295
  batch 60/264  loss=0.5681
  batch 70/264  loss=0.4771
  batch 80/264  loss=0.5102
  batch 90/264  loss=0.5207
  batch 100/264  loss=0.5070
  batch 110/264  loss=0.6048
  batch 120/264  loss=0.6087
  batch 130/264  loss=0.4007
  batch 140/264  loss=0.5504
  batch 150/264  loss=0.8408
  batch 160/264  loss=0.5392
  batch 170/264  loss=0.6413
  batch 180/264  loss=0.3393
  batch 190/264  loss=0.5110
  batch 200/264  loss=0.6553
  batch 210/264  loss=0.5852
  batch 220/264  loss=0.4332
  batch 230/264  loss=0.3769
  batch 240/264  loss=0.3656
  batch 250/264  loss=0.4036
  batch 260/264  loss=0.3986
Epoch 114/300  train=5.231e-01  rmse=2.0597  lr=1.0e-04  232s
  batch 10/264  loss=0.4634
  batch 20/264  loss=0.4059
  batch 30/264  loss=0.5720
  batch 40/264  loss=0.4491
  batch 50/264  loss=0.4225
  batch 60/264  loss=0.4449
  batch 70/264  loss=0.5875
  batch 80/264  loss=0.7021
  batch 90/264  loss=0.6362
  batch 100/264  loss=0.3830
  batch 110/264  loss=0.4972
  batch 120/264  loss=0.4768
  batch 130/264  loss=0.6320
  batch 140/264  loss=0.4719
  batch 150/264  loss=0.6195
  batch 160/264  loss=0.4053
  batch 170/264  loss=0.3831
  batch 180/264  loss=0.6131
  batch 190/264  loss=0.4966
  batch 200/264  loss=0.5345
  batch 210/264  loss=0.4790
  batch 220/264  loss=0.4827
  batch 230/264  loss=0.4544
  batch 240/264  loss=0.5059
  batch 250/264  loss=0.6470
  batch 260/264  loss=0.4034
Epoch 115/300  train=5.159e-01  rmse=1.9888  lr=1.0e-04  231s
  -> best  monitor=5.159e-01
  batch 10/264  loss=0.4046
  batch 20/264  loss=0.9850
  batch 30/264  loss=0.6895
  batch 40/264  loss=0.5434
  batch 50/264  loss=0.4724
  batch 60/264  loss=0.6165
  batch 70/264  loss=0.6246
  batch 80/264  loss=0.3745
  batch 90/264  loss=1.0036
  batch 100/264  loss=0.6493
  batch 110/264  loss=0.4072
  batch 120/264  loss=0.4606
  batch 130/264  loss=0.6609
  batch 140/264  loss=0.5981
  batch 150/264  loss=0.5054
  batch 160/264  loss=0.4372
  batch 170/264  loss=0.5185
  batch 180/264  loss=0.3976
  batch 190/264  loss=0.3790
  batch 200/264  loss=0.3612
  batch 210/264  loss=0.7139
  batch 220/264  loss=0.7510
  batch 230/264  loss=0.5737
  batch 240/264  loss=0.3843
  batch 250/264  loss=0.3747
  batch 260/264  loss=0.5159
Epoch 116/300  train=5.172e-01  rmse=1.9798  lr=1.0e-04  232s
  batch 10/264  loss=0.6104
  batch 20/264  loss=0.4234
  batch 30/264  loss=0.3729
  batch 40/264  loss=0.4363
  batch 50/264  loss=0.5891
  batch 60/264  loss=0.6355
  batch 70/264  loss=0.4262
  batch 80/264  loss=0.3638
  batch 90/264  loss=0.6067
  batch 100/264  loss=0.5085
  batch 110/264  loss=0.5220
  batch 120/264  loss=0.5171
  batch 130/264  loss=0.5038
  batch 140/264  loss=0.3926
  batch 150/264  loss=0.5023
  batch 160/264  loss=0.5420
  batch 170/264  loss=0.3810
  batch 180/264  loss=0.4591
  batch 190/264  loss=0.4904
  batch 200/264  loss=0.5296
  batch 210/264  loss=0.6529
  batch 220/264  loss=0.5706
  batch 230/264  loss=0.7122
  batch 240/264  loss=0.4713
  batch 250/264  loss=0.4919
  batch 260/264  loss=0.5033
Epoch 117/300  train=5.197e-01  rmse=1.9603  lr=1.0e-04  231s
  batch 10/264  loss=0.5778
  batch 20/264  loss=0.4270
  batch 30/264  loss=1.0115
  batch 40/264  loss=0.6733
  batch 50/264  loss=0.4937
  batch 60/264  loss=0.6304
  batch 70/264  loss=0.6506
  batch 80/264  loss=0.4431
  batch 90/264  loss=0.5859
  batch 100/264  loss=0.4893
  batch 110/264  loss=0.6263
  batch 120/264  loss=0.4252
  batch 130/264  loss=0.4825
  batch 140/264  loss=0.4540
  batch 150/264  loss=0.4737
  batch 160/264  loss=0.5923
  batch 170/264  loss=0.5704
  batch 180/264  loss=0.5066
  batch 190/264  loss=0.6779
  batch 200/264  loss=0.3877
  batch 210/264  loss=0.5406
  batch 220/264  loss=0.4646
  batch 230/264  loss=0.5220
  batch 240/264  loss=0.5247
  batch 250/264  loss=0.4693
  batch 260/264  loss=0.4957
Epoch 118/300  train=5.221e-01  rmse=2.0094  lr=1.0e-04  232s
  batch 10/264  loss=0.7162
  batch 20/264  loss=0.4853
  batch 30/264  loss=0.3823
  batch 40/264  loss=0.5753
  batch 50/264  loss=0.6037
  batch 60/264  loss=0.4829
  batch 70/264  loss=0.6100
  batch 80/264  loss=0.6116
  batch 90/264  loss=0.5903
  batch 100/264  loss=0.4197
  batch 110/264  loss=0.4395
  batch 120/264  loss=0.4848
  batch 130/264  loss=0.3923
  batch 140/264  loss=0.4754
  batch 150/264  loss=0.6123
  batch 160/264  loss=0.4992
  batch 170/264  loss=0.3510
  batch 180/264  loss=0.4920
  batch 190/264  loss=0.4480
  batch 200/264  loss=0.4616
  batch 210/264  loss=0.4461
  batch 220/264  loss=0.6097
  batch 230/264  loss=0.4350
  batch 240/264  loss=0.6588
  batch 250/264  loss=0.5845
  batch 260/264  loss=0.6322
Epoch 119/300  train=5.171e-01  rmse=2.0040  lr=1.0e-04  232s
  batch 10/264  loss=0.4801
  batch 20/264  loss=0.5920
  batch 30/264  loss=0.3772
  batch 40/264  loss=0.4286
  batch 50/264  loss=0.5284
  batch 60/264  loss=0.4717
  batch 70/264  loss=0.4708
  batch 80/264  loss=0.5332
  batch 90/264  loss=0.4584
  batch 100/264  loss=0.4783
  batch 110/264  loss=0.6652
  batch 120/264  loss=0.4603
  batch 130/264  loss=0.4727
  batch 140/264  loss=0.6533
  batch 150/264  loss=0.5934
  batch 160/264  loss=0.4724
  batch 170/264  loss=0.6635
  batch 180/264  loss=0.6712
  batch 190/264  loss=0.5946
  batch 200/264  loss=0.5148
  batch 210/264  loss=0.5370
  batch 220/264  loss=0.3868
  batch 230/264  loss=0.5195
  batch 240/264  loss=0.4711
  batch 250/264  loss=0.4018
  batch 260/264  loss=0.5201
Epoch 120/300  train=5.125e-01  rmse=1.9510  lr=1.0e-04  232s
  -> best  monitor=5.125e-01
  batch 10/264  loss=0.4789
  batch 20/264  loss=0.4526
  batch 30/264  loss=0.4478
  batch 40/264  loss=0.4473
  batch 50/264  loss=0.4629
  batch 60/264  loss=0.7131
  batch 70/264  loss=0.4485
  batch 80/264  loss=0.3876
  batch 90/264  loss=0.6230
  batch 100/264  loss=0.6342
  batch 110/264  loss=0.4927
  batch 120/264  loss=0.4225
  batch 130/264  loss=0.4345
  batch 140/264  loss=0.6111
  batch 150/264  loss=0.4269
  batch 160/264  loss=0.7387
  batch 170/264  loss=0.5641
  batch 180/264  loss=0.5379
  batch 190/264  loss=0.6499
  batch 200/264  loss=0.6547
  batch 210/264  loss=0.4639
  batch 220/264  loss=0.5807
  batch 230/264  loss=0.4769
  batch 240/264  loss=0.4542
  batch 250/264  loss=0.3967
  batch 260/264  loss=0.3725
Epoch 121/300  train=5.174e-01  rmse=2.0076  lr=1.0e-04  232s
  batch 10/264  loss=0.4159
  batch 20/264  loss=0.4663
  batch 30/264  loss=0.3701
  batch 40/264  loss=0.5414
  batch 50/264  loss=0.4594
  batch 60/264  loss=0.4747
  batch 70/264  loss=0.3659
  batch 80/264  loss=0.5568
  batch 90/264  loss=0.4497
  batch 100/264  loss=0.4274
  batch 110/264  loss=0.6202
  batch 120/264  loss=0.5211
  batch 130/264  loss=0.4730
  batch 140/264  loss=0.4002
  batch 150/264  loss=0.3488
  batch 160/264  loss=0.6410
  batch 170/264  loss=0.7260
  batch 180/264  loss=0.6826
  batch 190/264  loss=0.8156
  batch 200/264  loss=0.3959
  batch 210/264  loss=0.5417
  batch 220/264  loss=0.6103
  batch 230/264  loss=0.5989
  batch 240/264  loss=0.5601
  batch 250/264  loss=0.5953
  batch 260/264  loss=0.5336
Epoch 122/300  train=5.110e-01  rmse=1.9762  lr=1.0e-04  233s
  -> best  monitor=5.110e-01
  batch 10/264  loss=0.5256
  batch 20/264  loss=0.5986
  batch 30/264  loss=0.4121
  batch 40/264  loss=0.5112
  batch 50/264  loss=0.3927
  batch 60/264  loss=0.3666
  batch 70/264  loss=0.5287
  batch 80/264  loss=0.4788
  batch 90/264  loss=0.5151
  batch 100/264  loss=0.4203
  batch 110/264  loss=0.6696
  batch 120/264  loss=0.5341
  batch 130/264  loss=0.4599
  batch 140/264  loss=0.6993
  batch 150/264  loss=0.4691
  batch 160/264  loss=0.4361
  batch 170/264  loss=0.5178
  batch 180/264  loss=0.4502
  batch 190/264  loss=0.8267
  batch 200/264  loss=0.6152
  batch 210/264  loss=0.6883
  batch 220/264  loss=0.5131
  batch 230/264  loss=0.5256
  batch 240/264  loss=0.5204
  batch 250/264  loss=0.6582
  batch 260/264  loss=0.3999
Epoch 123/300  train=5.158e-01  rmse=2.0141  lr=1.0e-04  233s
  batch 10/264  loss=0.4624
  batch 20/264  loss=0.5459
  batch 30/264  loss=0.4023
  batch 40/264  loss=0.3688
  batch 50/264  loss=0.6226
  batch 60/264  loss=0.3356
  batch 70/264  loss=0.5038
  batch 80/264  loss=0.5398
  batch 90/264  loss=0.4734
  batch 100/264  loss=0.5039
  batch 110/264  loss=0.4464
  batch 120/264  loss=0.4170
  batch 130/264  loss=0.4219
  batch 140/264  loss=0.4851
  batch 150/264  loss=0.3977
  batch 160/264  loss=0.5546
  batch 170/264  loss=0.4894
  batch 180/264  loss=0.4487
  batch 190/264  loss=0.4337
  batch 200/264  loss=0.6810
  batch 210/264  loss=0.5901
  batch 220/264  loss=0.4699
  batch 230/264  loss=0.6033
  batch 240/264  loss=0.7131
  batch 250/264  loss=0.3203
  batch 260/264  loss=0.4390
Epoch 124/300  train=5.100e-01  rmse=1.9435  lr=1.0e-04  232s
  -> best  monitor=5.100e-01
  batch 10/264  loss=0.4597
  batch 20/264  loss=0.4406
  batch 30/264  loss=0.4367
  batch 40/264  loss=0.5149
  batch 50/264  loss=0.5643
  batch 60/264  loss=0.5243
  batch 70/264  loss=0.6008
  batch 80/264  loss=0.4751
  batch 90/264  loss=0.5966
  batch 100/264  loss=0.4516
  batch 110/264  loss=0.5122
  batch 120/264  loss=0.5073
  batch 130/264  loss=0.6749
  batch 140/264  loss=0.5569
  batch 150/264  loss=0.5056
  batch 160/264  loss=0.4102
  batch 170/264  loss=0.4768
  batch 180/264  loss=0.5548
  batch 190/264  loss=0.4326
  batch 200/264  loss=0.8089
  batch 210/264  loss=0.6529
  batch 220/264  loss=0.4322
  batch 230/264  loss=0.4273
  batch 240/264  loss=0.6307
  batch 250/264  loss=0.6191
  batch 260/264  loss=0.4955
Epoch 125/300  train=5.106e-01  rmse=1.9666  lr=1.0e-04  232s
  batch 10/264  loss=0.3733
  batch 20/264  loss=0.3335
  batch 30/264  loss=0.5517
  batch 40/264  loss=0.4842
  batch 50/264  loss=0.5160
  batch 60/264  loss=0.4571
  batch 70/264  loss=0.4661
  batch 80/264  loss=0.6677
  batch 90/264  loss=0.3925
  batch 100/264  loss=0.4247
  batch 110/264  loss=0.6529
  batch 120/264  loss=0.8265
  batch 130/264  loss=0.4583
  batch 140/264  loss=0.5102
  batch 150/264  loss=0.4457
  batch 160/264  loss=0.5557
  batch 170/264  loss=0.4755
  batch 180/264  loss=0.4757
  batch 190/264  loss=0.5260
  batch 200/264  loss=0.5962
  batch 210/264  loss=0.4597
  batch 220/264  loss=0.4375
  batch 230/264  loss=0.6177
  batch 240/264  loss=0.7258
  batch 250/264  loss=0.4219
  batch 260/264  loss=0.5442
Epoch 126/300  train=5.122e-01  rmse=1.9831  lr=1.0e-04  231s
  batch 10/264  loss=0.5404
  batch 20/264  loss=0.5005
  batch 30/264  loss=0.4457
  batch 40/264  loss=0.3853
  batch 50/264  loss=0.5589
  batch 60/264  loss=0.4598
  batch 70/264  loss=0.4757
  batch 80/264  loss=0.6548
  batch 90/264  loss=0.5952
  batch 100/264  loss=0.4712
  batch 110/264  loss=0.3352
  batch 120/264  loss=0.4800
  batch 130/264  loss=0.6385
  batch 140/264  loss=0.4210
  batch 150/264  loss=0.4792
  batch 160/264  loss=0.5249
  batch 170/264  loss=0.4131
  batch 180/264  loss=0.5416
  batch 190/264  loss=0.4331
  batch 200/264  loss=0.4675
  batch 210/264  loss=0.5216
  batch 220/264  loss=0.4827
  batch 230/264  loss=0.7014
  batch 240/264  loss=0.4922
  batch 250/264  loss=0.5751
  batch 260/264  loss=0.5082
Epoch 127/300  train=5.091e-01  rmse=1.9564  lr=1.0e-04  230s
  -> best  monitor=5.091e-01
  batch 10/264  loss=0.4797
  batch 20/264  loss=0.5155
  batch 30/264  loss=0.3288
  batch 40/264  loss=0.4907
  batch 50/264  loss=0.3358
  batch 60/264  loss=0.5049
  batch 70/264  loss=0.5219
  batch 80/264  loss=0.4460
  batch 90/264  loss=0.6231
  batch 100/264  loss=0.6741
  batch 110/264  loss=0.8395
  batch 120/264  loss=0.4841
  batch 130/264  loss=0.5880
  batch 140/264  loss=0.9506
  batch 150/264  loss=0.3321
  batch 160/264  loss=0.3883
  batch 170/264  loss=0.5999
  batch 180/264  loss=0.5578
  batch 190/264  loss=0.3810
  batch 200/264  loss=0.4161
  batch 210/264  loss=0.4695
  batch 220/264  loss=0.5577
  batch 230/264  loss=0.5038
  batch 240/264  loss=0.4851
  batch 250/264  loss=0.4971
  batch 260/264  loss=0.4905
Epoch 128/300  train=5.125e-01  rmse=1.9828  lr=1.0e-04  231s
  batch 10/264  loss=0.4602
  batch 20/264  loss=0.4999
  batch 30/264  loss=0.4138
  batch 40/264  loss=0.5066
  batch 50/264  loss=0.4640
  batch 60/264  loss=0.4854
  batch 70/264  loss=0.4816
  batch 80/264  loss=0.6801
  batch 90/264  loss=0.5599
  batch 100/264  loss=0.5751
  batch 110/264  loss=0.4207
  batch 120/264  loss=0.4472
  batch 130/264  loss=0.4278
  batch 140/264  loss=0.5830
  batch 150/264  loss=0.4425
  batch 160/264  loss=0.5146
  batch 170/264  loss=0.5036
  batch 180/264  loss=0.3814
  batch 190/264  loss=0.6369
  batch 200/264  loss=0.4728
  batch 210/264  loss=0.4478
  batch 220/264  loss=0.3895
  batch 230/264  loss=0.4535
  batch 240/264  loss=0.3991
  batch 250/264  loss=0.4705
  batch 260/264  loss=0.5666
Epoch 129/300  train=5.115e-01  rmse=1.9931  lr=1.0e-04  231s
  batch 10/264  loss=0.4882
  batch 20/264  loss=0.4175
  batch 30/264  loss=0.4677
  batch 40/264  loss=0.5285
  batch 50/264  loss=0.4898
  batch 60/264  loss=0.3993
  batch 70/264  loss=0.3870
  batch 80/264  loss=0.4872
  batch 90/264  loss=0.5392
  batch 100/264  loss=0.8016
  batch 110/264  loss=0.4720
  batch 120/264  loss=0.4155
  batch 130/264  loss=0.5631
  batch 140/264  loss=0.5103
  batch 150/264  loss=0.5028
  batch 160/264  loss=0.4184
  batch 170/264  loss=0.5537
  batch 180/264  loss=0.4743
  batch 190/264  loss=0.4322
  batch 200/264  loss=0.5065
  batch 210/264  loss=0.5157
  batch 220/264  loss=0.4355
  batch 230/264  loss=0.8299
  batch 240/264  loss=0.5593
  batch 250/264  loss=0.4734
  batch 260/264  loss=0.5068
Epoch 130/300  train=5.083e-01  rmse=2.0194  lr=1.0e-04  230s
  -> best  monitor=5.083e-01
  batch 10/264  loss=0.4456
  batch 20/264  loss=0.5722
  batch 30/264  loss=0.4528
  batch 40/264  loss=0.6351
  batch 50/264  loss=0.5062
  batch 60/264  loss=0.5323
  batch 70/264  loss=0.4707
  batch 80/264  loss=0.5017
  batch 90/264  loss=0.7098
  batch 100/264  loss=0.4240
  batch 110/264  loss=0.4740
  batch 120/264  loss=0.3960
  batch 130/264  loss=0.5782
  batch 140/264  loss=0.4360
  batch 150/264  loss=0.5065
  batch 160/264  loss=0.4369
  batch 170/264  loss=0.4047
  batch 180/264  loss=0.4797
  batch 190/264  loss=0.6322
  batch 200/264  loss=0.6072
  batch 210/264  loss=0.4771
  batch 220/264  loss=0.3455
  batch 230/264  loss=0.4029
  batch 240/264  loss=0.4524
  batch 250/264  loss=0.4406
  batch 260/264  loss=0.5932
Epoch 131/300  train=5.039e-01  rmse=1.9364  lr=1.0e-04  232s
  -> best  monitor=5.039e-01
  batch 10/264  loss=0.5123
  batch 20/264  loss=0.4252
  batch 30/264  loss=0.5414
  batch 40/264  loss=0.6779
  batch 50/264  loss=0.5123
  batch 60/264  loss=0.7298
  batch 70/264  loss=0.5112
  batch 80/264  loss=0.4542
  batch 90/264  loss=0.3434
  batch 100/264  loss=0.7938
  batch 110/264  loss=0.4717
  batch 120/264  loss=0.3207
  batch 130/264  loss=0.3982
  batch 140/264  loss=0.4833
  batch 150/264  loss=0.4708
  batch 160/264  loss=0.3864
  batch 170/264  loss=0.4348
  batch 180/264  loss=0.4977
  batch 190/264  loss=0.4831
  batch 200/264  loss=0.6384
  batch 210/264  loss=0.5567
  batch 220/264  loss=0.5465
  batch 230/264  loss=0.5453
  batch 240/264  loss=0.5808
  batch 250/264  loss=0.4078
  batch 260/264  loss=0.5118
Epoch 132/300  train=5.053e-01  rmse=1.9906  lr=1.0e-04  232s
  batch 10/264  loss=0.3925
  batch 20/264  loss=0.4077
  batch 30/264  loss=0.6574
  batch 40/264  loss=0.4887
  batch 50/264  loss=0.4804
  batch 60/264  loss=0.5969
  batch 70/264  loss=0.5088
  batch 80/264  loss=0.5775
  batch 90/264  loss=0.6255
  batch 100/264  loss=0.4632
  batch 110/264  loss=0.4480
  batch 120/264  loss=0.6002
  batch 130/264  loss=0.4155
  batch 140/264  loss=0.4792
  batch 150/264  loss=0.6447
  batch 160/264  loss=0.3915
  batch 170/264  loss=0.4201
  batch 180/264  loss=0.5520
  batch 190/264  loss=0.4881
  batch 200/264  loss=0.4164
  batch 210/264  loss=0.4016
  batch 220/264  loss=0.3716
  batch 230/264  loss=0.4204
  batch 240/264  loss=0.4531
  batch 250/264  loss=0.4602
  batch 260/264  loss=0.3596
Epoch 133/300  train=5.046e-01  rmse=1.9999  lr=1.0e-04  233s
  batch 10/264  loss=0.4715
  batch 20/264  loss=0.4954
  batch 30/264  loss=0.4425
  batch 40/264  loss=0.4693
  batch 50/264  loss=0.4584
  batch 60/264  loss=0.4573
  batch 70/264  loss=0.4907
  batch 80/264  loss=0.4824
  batch 90/264  loss=0.5061
  batch 100/264  loss=0.4450
  batch 110/264  loss=0.6268
  batch 120/264  loss=0.6634
  batch 130/264  loss=0.5011
  batch 140/264  loss=0.4861
  batch 150/264  loss=0.4538
  batch 160/264  loss=0.5224
  batch 170/264  loss=0.4976
  batch 180/264  loss=0.5905
  batch 190/264  loss=0.4767
  batch 200/264  loss=0.5004
  batch 210/264  loss=0.4323
  batch 220/264  loss=0.4835
  batch 230/264  loss=0.4175
  batch 240/264  loss=0.5375
  batch 250/264  loss=0.7426
  batch 260/264  loss=0.5245
Epoch 134/300  train=5.056e-01  rmse=1.9696  lr=1.0e-04  234s
  batch 10/264  loss=0.5919
  batch 20/264  loss=0.6393
  batch 30/264  loss=0.3885
  batch 40/264  loss=0.5205
  batch 50/264  loss=0.3809
  batch 60/264  loss=0.6400
  batch 70/264  loss=0.5897
  batch 80/264  loss=0.3513
  batch 90/264  loss=0.6349
  batch 100/264  loss=0.3638
  batch 110/264  loss=0.7492
  batch 120/264  loss=0.4398
  batch 130/264  loss=0.7156
  batch 140/264  loss=0.4671
  batch 150/264  loss=0.6184
  batch 160/264  loss=0.4096
  batch 170/264  loss=0.4800
  batch 180/264  loss=0.8515
  batch 190/264  loss=0.5481
  batch 200/264  loss=0.6885
  batch 210/264  loss=0.4685
  batch 220/264  loss=0.6237
  batch 230/264  loss=0.6272
  batch 240/264  loss=0.4341
  batch 250/264  loss=0.4062
  batch 260/264  loss=0.4944
Epoch 135/300  train=5.083e-01  rmse=1.9874  lr=1.0e-04  231s
  batch 10/264  loss=0.6525
  batch 20/264  loss=0.4632
  batch 30/264  loss=0.6146
  batch 40/264  loss=0.5518
  batch 50/264  loss=0.3754
  batch 60/264  loss=0.4314
  batch 70/264  loss=0.6326
  batch 80/264  loss=0.5544
  batch 90/264  loss=0.5649
  batch 100/264  loss=0.4403
  batch 110/264  loss=0.6108
  batch 120/264  loss=0.4351
  batch 130/264  loss=0.4665
  batch 140/264  loss=0.6049
  batch 150/264  loss=0.3530
  batch 160/264  loss=0.4825
  batch 170/264  loss=0.3473
  batch 180/264  loss=0.3973
  batch 190/264  loss=0.4637
  batch 200/264  loss=0.4819
  batch 210/264  loss=0.5996
  batch 220/264  loss=0.5781
  batch 230/264  loss=0.4863
  batch 240/264  loss=0.4035
  batch 250/264  loss=0.5911
  batch 260/264  loss=0.5382
Epoch 136/300  train=5.092e-01  rmse=1.9461  lr=1.0e-04  232s
  batch 10/264  loss=0.5449
  batch 20/264  loss=0.5980
  batch 30/264  loss=0.3439
  batch 40/264  loss=0.4574
  batch 50/264  loss=0.3520
  batch 60/264  loss=0.5012
  batch 70/264  loss=0.4095
  batch 80/264  loss=0.4038
  batch 90/264  loss=0.6217
  batch 100/264  loss=0.4622
  batch 110/264  loss=0.5242
  batch 120/264  loss=0.6557
  batch 130/264  loss=0.9532
  batch 140/264  loss=0.4234
  batch 150/264  loss=0.6545
  batch 160/264  loss=0.5183
  batch 170/264  loss=0.5366
  batch 180/264  loss=0.4547
  batch 190/264  loss=0.3889
  batch 200/264  loss=0.5091
  batch 210/264  loss=0.4138
  batch 220/264  loss=0.3479
  batch 230/264  loss=0.5847
  batch 240/264  loss=0.4976
  batch 250/264  loss=0.4781
  batch 260/264  loss=0.3705
Epoch 137/300  train=4.994e-01  rmse=1.9250  lr=1.0e-04  230s
  -> best  monitor=4.994e-01
  batch 10/264  loss=0.4127
  batch 20/264  loss=0.5507
  batch 30/264  loss=0.6337
  batch 40/264  loss=0.5342
  batch 50/264  loss=0.4823
  batch 60/264  loss=0.6521
  batch 70/264  loss=0.4507
  batch 80/264  loss=0.4622
  batch 90/264  loss=0.4154
  batch 100/264  loss=0.4819
  batch 110/264  loss=0.3966
  batch 120/264  loss=0.4959
  batch 130/264  loss=0.5322
  batch 140/264  loss=0.4738
  batch 150/264  loss=0.4139
  batch 160/264  loss=0.5109
  batch 170/264  loss=0.3886
  batch 180/264  loss=0.6008
  batch 190/264  loss=0.5322
  batch 200/264  loss=0.6455
  batch 210/264  loss=0.4819
  batch 220/264  loss=0.4095
  batch 230/264  loss=0.7259
  batch 240/264  loss=0.5190
  batch 250/264  loss=0.5132
  batch 260/264  loss=0.4334
Epoch 138/300  train=5.032e-01  rmse=1.9604  lr=1.0e-04  231s
  batch 10/264  loss=0.5008
  batch 20/264  loss=0.6048
  batch 30/264  loss=0.4835
  batch 40/264  loss=0.5808
  batch 50/264  loss=0.4505
  batch 60/264  loss=0.4810
  batch 70/264  loss=0.4593
  batch 80/264  loss=0.5762
  batch 90/264  loss=0.5821
  batch 100/264  loss=0.4795
  batch 110/264  loss=0.5619
  batch 120/264  loss=0.4697
  batch 130/264  loss=0.6016
  batch 140/264  loss=0.5211
  batch 150/264  loss=0.5601
  batch 160/264  loss=0.5573
  batch 170/264  loss=0.4096
  batch 180/264  loss=0.4862
  batch 190/264  loss=0.5112
  batch 200/264  loss=0.6884
  batch 210/264  loss=0.4209
  batch 220/264  loss=0.4644
  batch 230/264  loss=0.3856
  batch 240/264  loss=0.3517
  batch 250/264  loss=0.3749
  batch 260/264  loss=0.4582
Epoch 139/300  train=5.009e-01  rmse=1.9499  lr=1.0e-04  231s
  batch 10/264  loss=0.3920
  batch 20/264  loss=0.4964
  batch 30/264  loss=0.6462
  batch 40/264  loss=0.7106
  batch 50/264  loss=0.3806
  batch 60/264  loss=0.3802
  batch 70/264  loss=0.7728
  batch 80/264  loss=0.5856
  batch 90/264  loss=0.4181
  batch 100/264  loss=0.4391
  batch 110/264  loss=0.4747
  batch 120/264  loss=0.4365
  batch 130/264  loss=0.4448
  batch 140/264  loss=0.4832
  batch 150/264  loss=0.6033
  batch 160/264  loss=0.6157
  batch 170/264  loss=0.4156
  batch 180/264  loss=0.6023
  batch 190/264  loss=0.6065
  batch 200/264  loss=0.5439
  batch 210/264  loss=0.5414
  batch 220/264  loss=0.5714
  batch 230/264  loss=0.6196
  batch 240/264  loss=0.3858
  batch 250/264  loss=0.4131
  batch 260/264  loss=0.5679
Epoch 140/300  train=4.979e-01  rmse=1.9620  lr=1.0e-04  231s
  -> best  monitor=4.979e-01
  batch 10/264  loss=0.4618
  batch 20/264  loss=0.5827
  batch 30/264  loss=0.4686
  batch 40/264  loss=0.3716
  batch 50/264  loss=0.3605
  batch 60/264  loss=0.4825
  batch 70/264  loss=0.6939
  batch 80/264  loss=0.4631
  batch 90/264  loss=0.4464
  batch 100/264  loss=0.3870
  batch 110/264  loss=0.5377
  batch 120/264  loss=0.4631
  batch 130/264  loss=0.3788
  batch 140/264  loss=0.4459
  batch 150/264  loss=0.5134
  batch 160/264  loss=0.6427
  batch 170/264  loss=0.5743
  batch 180/264  loss=0.8999
  batch 190/264  loss=0.6316
  batch 200/264  loss=0.3921
  batch 210/264  loss=0.4545
  batch 220/264  loss=0.4737
  batch 230/264  loss=0.4161
  batch 240/264  loss=0.4762
  batch 250/264  loss=0.6982
  batch 260/264  loss=0.4267
Epoch 141/300  train=4.985e-01  rmse=1.9370  lr=1.0e-04  231s
  batch 10/264  loss=0.4621
  batch 20/264  loss=0.4419
  batch 30/264  loss=0.4554
  batch 40/264  loss=0.5022
  batch 50/264  loss=0.3897
  batch 60/264  loss=0.6138
  batch 70/264  loss=0.3981
  batch 80/264  loss=0.6074
  batch 90/264  loss=0.5303
  batch 100/264  loss=0.4252
  batch 110/264  loss=0.3978
  batch 120/264  loss=0.3245
  batch 130/264  loss=0.4560
  batch 140/264  loss=0.7271
  batch 150/264  loss=0.3595
  batch 160/264  loss=0.4576
  batch 170/264  loss=0.4099
  batch 180/264  loss=0.6395
  batch 190/264  loss=0.4924
  batch 200/264  loss=0.3581
  batch 210/264  loss=0.6180
  batch 220/264  loss=0.6342
  batch 230/264  loss=0.5248
  batch 240/264  loss=0.5813
  batch 250/264  loss=0.3345
  batch 260/264  loss=0.6158
Epoch 142/300  train=5.021e-01  rmse=2.0136  lr=1.0e-04  233s
  batch 10/264  loss=0.4018
  batch 20/264  loss=0.6409
  batch 30/264  loss=0.6246
  batch 40/264  loss=0.4327
  batch 50/264  loss=0.4744
  batch 60/264  loss=0.5969
  batch 70/264  loss=0.3707
  batch 80/264  loss=0.6353
  batch 90/264  loss=0.5731
  batch 100/264  loss=0.6810
  batch 110/264  loss=0.4926
  batch 120/264  loss=0.4532
  batch 130/264  loss=0.4708
  batch 140/264  loss=0.3673
  batch 150/264  loss=0.4346
  batch 160/264  loss=0.5201
  batch 170/264  loss=0.4491
  batch 180/264  loss=0.4645
  batch 190/264  loss=0.3730
  batch 200/264  loss=0.3681
  batch 210/264  loss=0.5229
  batch 220/264  loss=0.6158
  batch 230/264  loss=0.5644
  batch 240/264  loss=0.5352
  batch 250/264  loss=0.4544
  batch 260/264  loss=1.0729
Epoch 143/300  train=4.974e-01  rmse=1.9523  lr=1.0e-04  234s
  -> best  monitor=4.974e-01
  batch 10/264  loss=0.4300
  batch 20/264  loss=0.3673
  batch 30/264  loss=0.4270
  batch 40/264  loss=0.4849
  batch 50/264  loss=0.4783
  batch 60/264  loss=0.4770
  batch 70/264  loss=0.5305
  batch 80/264  loss=0.4373
  batch 90/264  loss=0.4609
  batch 100/264  loss=0.4633
  batch 110/264  loss=0.4754
  batch 120/264  loss=0.4741
  batch 130/264  loss=0.5106
  batch 140/264  loss=0.6624
  batch 150/264  loss=0.4513
  batch 160/264  loss=0.3507
  batch 170/264  loss=0.3429
  batch 180/264  loss=0.4619
  batch 190/264  loss=0.5857
  batch 200/264  loss=0.5126
  batch 210/264  loss=0.5483
  batch 220/264  loss=0.4032
  batch 230/264  loss=0.5414
  batch 240/264  loss=0.6169
  batch 250/264  loss=0.4624
  batch 260/264  loss=0.5355
Epoch 144/300  train=4.943e-01  rmse=1.9545  lr=1.0e-04  236s
  -> best  monitor=4.943e-01
  batch 10/264  loss=0.6111
  batch 20/264  loss=0.5492
  batch 30/264  loss=0.4786
  batch 40/264  loss=0.3615
  batch 50/264  loss=0.4439
  batch 60/264  loss=0.5267
  batch 70/264  loss=0.3796
  batch 80/264  loss=0.5151
  batch 90/264  loss=0.4571
  batch 100/264  loss=0.4463
  batch 110/264  loss=0.5108
  batch 120/264  loss=0.6988
  batch 130/264  loss=0.5127
  batch 140/264  loss=0.5936
  batch 150/264  loss=0.4016
  batch 160/264  loss=0.5929
  batch 170/264  loss=0.6317
  batch 180/264  loss=0.4717
  batch 190/264  loss=0.5021
  batch 200/264  loss=0.4764
  batch 210/264  loss=0.5816
  batch 220/264  loss=0.4600
  batch 230/264  loss=0.5804
  batch 240/264  loss=0.5674
  batch 250/264  loss=0.3907
  batch 260/264  loss=0.5980
Epoch 145/300  train=5.002e-01  rmse=1.9508  lr=1.0e-04  234s
  batch 10/264  loss=0.5154
  batch 20/264  loss=0.6458
  batch 30/264  loss=0.4518
  batch 40/264  loss=0.6461
  batch 50/264  loss=0.4432
  batch 60/264  loss=0.5202
  batch 70/264  loss=0.4428
  batch 80/264  loss=0.3944
  batch 90/264  loss=0.4659
  batch 100/264  loss=0.4499
  batch 110/264  loss=0.5577
  batch 120/264  loss=0.5436
  batch 130/264  loss=0.6163
  batch 140/264  loss=0.3446
  batch 150/264  loss=0.3952
  batch 160/264  loss=0.5939
  batch 170/264  loss=0.3957
  batch 180/264  loss=0.4334
  batch 190/264  loss=0.3623
  batch 200/264  loss=0.4543
  batch 210/264  loss=0.4018
  batch 220/264  loss=0.5671
  batch 230/264  loss=0.5476
  batch 240/264  loss=0.6528
  batch 250/264  loss=0.5739
  batch 260/264  loss=0.4389
Epoch 146/300  train=4.948e-01  rmse=1.9248  lr=1.0e-04  234s
  batch 10/264  loss=0.5491
  batch 20/264  loss=0.4755
  batch 30/264  loss=0.5757
  batch 40/264  loss=0.4287
  batch 50/264  loss=0.4974
  batch 60/264  loss=0.5269
  batch 70/264  loss=0.6542
  batch 80/264  loss=0.4137
  batch 90/264  loss=0.6791
  batch 100/264  loss=0.4399
  batch 110/264  loss=0.5184
  batch 120/264  loss=0.4556
  batch 130/264  loss=0.5569
  batch 140/264  loss=0.4186
  batch 150/264  loss=0.3661
  batch 160/264  loss=0.5177
  batch 170/264  loss=0.4232
  batch 180/264  loss=0.6418
  batch 190/264  loss=0.3616
  batch 200/264  loss=0.7241
  batch 210/264  loss=0.5433
  batch 220/264  loss=0.4877
  batch 230/264  loss=0.4734
  batch 240/264  loss=0.5442
  batch 250/264  loss=0.4915
  batch 260/264  loss=0.4764
Epoch 147/300  train=4.939e-01  rmse=1.9244  lr=1.0e-04  234s
  -> best  monitor=4.939e-01
  batch 10/264  loss=0.4667
  batch 20/264  loss=0.4686
  batch 30/264  loss=0.3357
  batch 40/264  loss=0.4440
  batch 50/264  loss=0.6111
  batch 60/264  loss=0.4903
  batch 70/264  loss=0.4487
  batch 80/264  loss=0.4653
  batch 90/264  loss=0.5456
  batch 100/264  loss=0.4654
  batch 110/264  loss=0.5835
  batch 120/264  loss=0.4491
  batch 130/264  loss=0.3225
  batch 140/264  loss=0.5035
  batch 150/264  loss=0.4775
  batch 160/264  loss=0.4818
  batch 170/264  loss=0.6415
  batch 180/264  loss=0.4980
  batch 190/264  loss=0.7010
  batch 200/264  loss=0.6079
  batch 210/264  loss=0.4557
  batch 220/264  loss=0.5380
  batch 230/264  loss=0.5956
  batch 240/264  loss=0.4524
  batch 250/264  loss=0.4392
  batch 260/264  loss=0.3947
Epoch 148/300  train=4.963e-01  rmse=1.9426  lr=1.0e-04  233s
  batch 10/264  loss=0.4452
  batch 20/264  loss=0.4004
  batch 30/264  loss=0.3456
  batch 40/264  loss=0.4564
  batch 50/264  loss=0.5148
  batch 60/264  loss=0.6096
  batch 70/264  loss=0.4700
  batch 80/264  loss=0.3656
  batch 90/264  loss=0.4665
  batch 100/264  loss=0.5985
  batch 110/264  loss=0.6057
  batch 120/264  loss=0.5851
  batch 130/264  loss=0.4021
  batch 140/264  loss=0.4599
  batch 150/264  loss=0.4689
  batch 160/264  loss=0.6301
  batch 170/264  loss=0.5007
  batch 180/264  loss=0.5184
  batch 190/264  loss=0.3726
  batch 200/264  loss=0.4392
  batch 210/264  loss=0.3639
  batch 220/264  loss=0.6032
  batch 230/264  loss=0.4991
  batch 240/264  loss=0.4459
  batch 250/264  loss=0.5374
  batch 260/264  loss=0.4646
Epoch 149/300  train=4.977e-01  rmse=1.9488  lr=1.0e-04  233s
  batch 10/264  loss=0.3283
  batch 20/264  loss=0.5098
  batch 30/264  loss=0.5993
  batch 40/264  loss=0.3739
  batch 50/264  loss=0.5289
  batch 60/264  loss=0.4689
  batch 70/264  loss=0.3187
  batch 80/264  loss=0.4546
  batch 90/264  loss=0.6685
  batch 100/264  loss=0.5864
  batch 110/264  loss=0.6044
  batch 120/264  loss=0.5169
  batch 130/264  loss=0.7557
  batch 140/264  loss=0.4761
  batch 150/264  loss=0.6852
  batch 160/264  loss=0.4649
  batch 170/264  loss=0.4772
  batch 180/264  loss=0.5264
  batch 190/264  loss=0.4334
  batch 200/264  loss=0.5216
  batch 210/264  loss=0.5012
  batch 220/264  loss=0.6107
  batch 230/264  loss=0.6269
  batch 240/264  loss=0.5658
  batch 250/264  loss=0.3599
  batch 260/264  loss=0.4643
Epoch 150/300  train=4.975e-01  rmse=1.9694  lr=1.0e-04  234s
  batch 10/264  loss=0.4690
  batch 20/264  loss=0.5398
  batch 30/264  loss=0.4370
  batch 40/264  loss=0.4785
  batch 50/264  loss=0.5629
  batch 60/264  loss=0.6477
  batch 70/264  loss=0.3968
  batch 80/264  loss=0.3979
  batch 90/264  loss=0.4433
  batch 100/264  loss=0.4509
  batch 110/264  loss=0.4409
  batch 120/264  loss=0.4065
  batch 130/264  loss=0.4833
  batch 140/264  loss=0.4019
  batch 150/264  loss=0.4990
  batch 160/264  loss=0.4602
  batch 170/264  loss=0.3914
  batch 180/264  loss=0.3674
  batch 190/264  loss=0.5417
  batch 200/264  loss=0.3657
  batch 210/264  loss=0.3326
  batch 220/264  loss=0.6514
  batch 230/264  loss=0.3368
  batch 240/264  loss=0.4434
  batch 250/264  loss=0.4553
  batch 260/264  loss=0.4052
Epoch 151/300  train=4.938e-01  rmse=1.9404  lr=1.0e-04  234s
  -> best  monitor=4.938e-01
  batch 10/264  loss=0.5212
  batch 20/264  loss=0.4532
  batch 30/264  loss=0.4330
  batch 40/264  loss=0.4724
  batch 50/264  loss=0.5032
  batch 60/264  loss=0.6342
  batch 70/264  loss=0.4201
  batch 80/264  loss=0.5734
  batch 90/264  loss=0.4596
  batch 100/264  loss=0.4591
  batch 110/264  loss=0.4237
  batch 120/264  loss=0.7270
  batch 130/264  loss=0.5837
  batch 140/264  loss=0.4680
  batch 150/264  loss=0.5062
  batch 160/264  loss=0.5106
  batch 170/264  loss=0.4720
  batch 180/264  loss=0.4581
  batch 190/264  loss=0.4355
  batch 200/264  loss=0.3702
  batch 210/264  loss=0.4810
  batch 220/264  loss=0.4039
  batch 230/264  loss=0.4888
  batch 240/264  loss=0.4737
  batch 250/264  loss=0.4514
  batch 260/264  loss=0.3623
Epoch 152/300  train=4.906e-01  rmse=1.9523  lr=1.0e-04  234s
  -> best  monitor=4.906e-01
  batch 10/264  loss=0.4995
  batch 20/264  loss=0.4588
  batch 30/264  loss=0.4191
  batch 40/264  loss=0.4564
  batch 50/264  loss=0.5190
  batch 60/264  loss=0.3762
  batch 70/264  loss=0.4455
  batch 80/264  loss=0.4801
  batch 90/264  loss=0.4148
  batch 100/264  loss=0.3570
  batch 110/264  loss=0.5103
  batch 120/264  loss=0.3215
  batch 130/264  loss=0.6335
  batch 140/264  loss=0.4623
  batch 150/264  loss=0.3431
  batch 160/264  loss=0.3803
  batch 170/264  loss=0.8856
  batch 180/264  loss=0.6614
  batch 190/264  loss=0.4060
  batch 200/264  loss=0.5168
  batch 210/264  loss=0.5252
  batch 220/264  loss=0.5098
  batch 230/264  loss=0.4676
  batch 240/264  loss=0.4439
  batch 250/264  loss=0.3232
  batch 260/264  loss=0.3981
Epoch 153/300  train=4.943e-01  rmse=1.9829  lr=1.0e-04  234s
  batch 10/264  loss=0.5854
  batch 20/264  loss=0.3130
  batch 30/264  loss=0.5160
  batch 40/264  loss=0.5445
  batch 50/264  loss=0.4053
  batch 60/264  loss=0.4345
  batch 70/264  loss=0.4247
  batch 80/264  loss=0.4642
  batch 90/264  loss=0.7385
  batch 100/264  loss=0.5381
  batch 110/264  loss=0.5110
  batch 120/264  loss=0.4743
  batch 130/264  loss=0.3790
  batch 140/264  loss=0.3236
  batch 150/264  loss=0.4824
  batch 160/264  loss=0.4100
  batch 170/264  loss=0.4543
  batch 180/264  loss=0.4214
  batch 190/264  loss=0.5474
  batch 200/264  loss=0.8010
  batch 210/264  loss=0.4735
  batch 220/264  loss=0.3999
  batch 230/264  loss=0.3650
  batch 240/264  loss=0.4449
  batch 250/264  loss=0.5643
  batch 260/264  loss=0.6205
Epoch 154/300  train=4.894e-01  rmse=1.9620  lr=1.0e-04  233s
  -> best  monitor=4.894e-01
  batch 10/264  loss=0.4517
  batch 20/264  loss=0.4128
  batch 30/264  loss=0.4917
  batch 40/264  loss=0.4321
  batch 50/264  loss=0.5063
  batch 60/264  loss=0.6324
  batch 70/264  loss=0.5232
  batch 80/264  loss=0.3962
  batch 90/264  loss=0.6569
  batch 100/264  loss=0.4526
  batch 110/264  loss=0.4521
  batch 120/264  loss=0.4101
  batch 130/264  loss=0.4743
  batch 140/264  loss=0.4924
  batch 150/264  loss=0.7049
  batch 160/264  loss=0.5325
  batch 170/264  loss=0.3593
  batch 180/264  loss=0.3512
  batch 190/264  loss=0.4466
  batch 200/264  loss=0.3382
  batch 210/264  loss=0.4800
  batch 220/264  loss=0.5504
  batch 230/264  loss=0.4066
  batch 240/264  loss=0.3731
  batch 250/264  loss=0.5051
  batch 260/264  loss=0.7275
Epoch 155/300  train=4.913e-01  rmse=1.9434  lr=1.0e-04  231s
  batch 10/264  loss=0.4732
  batch 20/264  loss=0.4727
  batch 30/264  loss=0.4497
  batch 40/264  loss=0.4611
  batch 50/264  loss=0.4537
  batch 60/264  loss=0.4513
  batch 70/264  loss=0.4314
  batch 80/264  loss=0.3708
  batch 90/264  loss=0.6006
  batch 100/264  loss=0.4547
  batch 110/264  loss=0.3880
  batch 120/264  loss=0.6130
  batch 130/264  loss=0.4503
  batch 140/264  loss=0.4279
  batch 150/264  loss=0.5944
  batch 160/264  loss=0.6020
  batch 170/264  loss=0.3371
  batch 180/264  loss=0.6573
  batch 190/264  loss=0.3694
  batch 200/264  loss=0.5794
  batch 210/264  loss=0.3231
  batch 220/264  loss=0.4478
  batch 230/264  loss=0.4392
  batch 240/264  loss=0.8232
  batch 250/264  loss=0.5453
  batch 260/264  loss=0.4060
Epoch 156/300  train=4.972e-01  rmse=1.9625  lr=1.0e-04  232s
  batch 10/264  loss=0.5389
  batch 20/264  loss=0.4637
  batch 30/264  loss=0.4285
  batch 40/264  loss=0.3441
  batch 50/264  loss=0.6190
  batch 60/264  loss=0.3919
  batch 70/264  loss=0.7020
  batch 80/264  loss=0.4542
  batch 90/264  loss=0.4847
  batch 100/264  loss=0.4272
  batch 110/264  loss=0.4716
  batch 120/264  loss=0.4645
  batch 130/264  loss=0.5222
  batch 140/264  loss=0.6285
  batch 150/264  loss=0.4283
  batch 160/264  loss=0.4477
  batch 170/264  loss=0.3616
  batch 180/264  loss=0.4589
  batch 190/264  loss=0.5573
  batch 200/264  loss=0.6314
  batch 210/264  loss=0.5304
  batch 220/264  loss=0.5408
  batch 230/264  loss=0.5805
  batch 240/264  loss=0.4497
  batch 250/264  loss=0.4248
  batch 260/264  loss=0.5762
Epoch 157/300  train=4.909e-01  rmse=1.9167  lr=1.0e-04  231s
  batch 10/264  loss=0.3509
  batch 20/264  loss=0.4257
  batch 30/264  loss=0.4392
  batch 40/264  loss=0.3855
  batch 50/264  loss=0.5750
  batch 60/264  loss=0.5025
  batch 70/264  loss=0.5028
  batch 80/264  loss=0.4684
  batch 90/264  loss=0.4030
  batch 100/264  loss=0.4520
  batch 110/264  loss=0.5041
  batch 120/264  loss=0.5632
  batch 130/264  loss=0.3935
  batch 140/264  loss=0.4871
  batch 150/264  loss=0.3867
  batch 160/264  loss=0.4884
  batch 170/264  loss=0.4152
  batch 180/264  loss=0.4570
  batch 190/264  loss=0.4535
  batch 200/264  loss=0.6159
  batch 210/264  loss=0.6284
  batch 220/264  loss=0.4591
  batch 230/264  loss=0.5671
  batch 240/264  loss=0.5576
  batch 250/264  loss=0.4335
  batch 260/264  loss=0.4161
Epoch 158/300  train=4.919e-01  rmse=1.9607  lr=1.0e-04  231s
  batch 10/264  loss=0.4765
  batch 20/264  loss=0.4818
  batch 30/264  loss=0.5778
  batch 40/264  loss=0.3157
  batch 50/264  loss=0.5976
  batch 60/264  loss=0.5516
  batch 70/264  loss=0.4627
  batch 80/264  loss=0.4853
  batch 90/264  loss=0.4222
  batch 100/264  loss=0.4297
  batch 110/264  loss=0.4664
  batch 120/264  loss=0.4792
  batch 130/264  loss=0.4392
  batch 140/264  loss=0.4929
  batch 150/264  loss=0.5394
  batch 160/264  loss=0.3317
  batch 170/264  loss=0.4459
  batch 180/264  loss=0.6436
  batch 190/264  loss=0.4684
  batch 200/264  loss=0.8881
  batch 210/264  loss=0.4720
  batch 220/264  loss=0.5052
  batch 230/264  loss=0.6564
  batch 240/264  loss=0.3767
  batch 250/264  loss=0.4717
  batch 260/264  loss=0.5422
Epoch 159/300  train=4.916e-01  rmse=1.9807  lr=1.0e-04  230s
  batch 10/264  loss=0.5951
  batch 20/264  loss=0.4790
  batch 30/264  loss=0.5467
  batch 40/264  loss=0.3731
  batch 50/264  loss=0.4072
  batch 60/264  loss=0.6967
  batch 70/264  loss=0.4899
  batch 80/264  loss=0.4856
  batch 90/264  loss=0.5671
  batch 100/264  loss=0.4441
  batch 110/264  loss=0.7521
  batch 120/264  loss=0.3650
  batch 130/264  loss=0.5061
  batch 140/264  loss=0.4704
  batch 150/264  loss=0.4557
  batch 160/264  loss=0.3626
  batch 170/264  loss=0.4977
  batch 180/264  loss=0.5692
  batch 190/264  loss=0.4493
  batch 200/264  loss=0.4073
  batch 210/264  loss=0.5847
  batch 220/264  loss=0.3450
  batch 230/264  loss=0.4324
  batch 240/264  loss=0.4652
  batch 250/264  loss=0.4418
  batch 260/264  loss=0.5130
Epoch 160/300  train=4.917e-01  rmse=1.9571  lr=1.0e-04  231s
  batch 10/264  loss=0.4736
  batch 20/264  loss=0.4387
  batch 30/264  loss=0.5138
  batch 40/264  loss=0.4532
  batch 50/264  loss=0.5125
  batch 60/264  loss=0.3467
  batch 70/264  loss=0.5768
  batch 80/264  loss=0.4935
  batch 90/264  loss=0.3421
  batch 100/264  loss=0.4402
  batch 110/264  loss=0.4731
  batch 120/264  loss=0.3281
  batch 130/264  loss=0.4667
  batch 140/264  loss=0.3862
  batch 150/264  loss=0.4441
  batch 160/264  loss=0.4468
  batch 170/264  loss=0.5375
  batch 180/264  loss=0.4565
  batch 190/264  loss=0.6708
  batch 200/264  loss=0.3977
  batch 210/264  loss=0.6888
  batch 220/264  loss=0.4581
  batch 230/264  loss=0.4463
  batch 240/264  loss=0.5646
  batch 250/264  loss=0.4928
  batch 260/264  loss=0.5444
Epoch 161/300  train=4.832e-01  rmse=1.9057  lr=1.0e-04  230s
  -> best  monitor=4.832e-01
  batch 10/264  loss=0.6567
  batch 20/264  loss=0.5456
  batch 30/264  loss=0.4925
  batch 40/264  loss=0.3911
  batch 50/264  loss=0.4553
  batch 60/264  loss=0.5033
  batch 70/264  loss=0.3797
  batch 80/264  loss=0.5905
  batch 90/264  loss=0.3893
  batch 100/264  loss=0.4464
  batch 110/264  loss=0.4402
  batch 120/264  loss=0.3638
  batch 130/264  loss=0.5564
  batch 140/264  loss=0.4829
  batch 150/264  loss=0.3667
  batch 160/264  loss=0.4635
  batch 170/264  loss=0.4690
  batch 180/264  loss=0.3666
  batch 190/264  loss=0.4778
  batch 200/264  loss=0.5058
  batch 210/264  loss=0.4908
  batch 220/264  loss=0.5847
  batch 230/264  loss=0.4311
  batch 240/264  loss=0.4886
  batch 250/264  loss=0.3464
  batch 260/264  loss=0.4064
Epoch 162/300  train=4.863e-01  rmse=1.9060  lr=1.0e-04  232s
  batch 10/264  loss=0.5274
  batch 20/264  loss=0.3478
  batch 30/264  loss=0.5824
  batch 40/264  loss=0.3602
  batch 50/264  loss=0.7604
  batch 60/264  loss=0.4158
  batch 70/264  loss=0.3809
  batch 80/264  loss=0.5717
  batch 90/264  loss=0.4587
  batch 100/264  loss=0.5003
  batch 110/264  loss=0.5426
  batch 120/264  loss=0.3945
  batch 130/264  loss=0.5104
  batch 140/264  loss=0.4376
  batch 150/264  loss=0.4992
  batch 160/264  loss=0.4630
  batch 170/264  loss=0.4330
  batch 180/264  loss=0.5448
  batch 190/264  loss=0.5903
  batch 200/264  loss=0.3333
  batch 210/264  loss=0.4708
  batch 220/264  loss=0.6140
  batch 230/264  loss=0.4381
  batch 240/264  loss=0.5378
  batch 250/264  loss=0.6912
  batch 260/264  loss=0.4599
Epoch 163/300  train=4.962e-01  rmse=1.9507  lr=1.0e-04  232s
  batch 10/264  loss=0.5183
  batch 20/264  loss=0.4773
  batch 30/264  loss=0.5667
  batch 40/264  loss=0.3769
  batch 50/264  loss=0.4592
  batch 60/264  loss=0.4263
  batch 70/264  loss=0.4911
  batch 80/264  loss=0.4623
  batch 90/264  loss=0.6278
  batch 100/264  loss=0.3493
  batch 110/264  loss=0.6483
  batch 120/264  loss=0.4277
  batch 130/264  loss=0.4321
  batch 140/264  loss=0.4658
  batch 150/264  loss=0.4672
  batch 160/264  loss=0.3502
  batch 170/264  loss=0.5532
  batch 180/264  loss=0.4469
  batch 190/264  loss=0.4319
  batch 200/264  loss=0.5150
  batch 210/264  loss=0.5319
  batch 220/264  loss=0.4479
  batch 230/264  loss=0.4207
  batch 240/264  loss=0.5544
  batch 250/264  loss=0.3350
  batch 260/264  loss=0.3413
Epoch 164/300  train=4.854e-01  rmse=1.9036  lr=1.0e-04  232s
  batch 10/264  loss=0.4274
  batch 20/264  loss=0.3711
  batch 30/264  loss=0.4158
  batch 40/264  loss=0.5687
  batch 50/264  loss=0.5868
  batch 60/264  loss=0.5738
  batch 70/264  loss=0.4654
  batch 80/264  loss=0.4167
  batch 90/264  loss=0.4652
  batch 100/264  loss=0.4634
  batch 110/264  loss=0.5871
  batch 120/264  loss=0.5127
  batch 130/264  loss=0.8309
  batch 140/264  loss=0.5346
  batch 150/264  loss=0.3659
  batch 160/264  loss=0.5486
  batch 170/264  loss=0.3850
  batch 180/264  loss=0.4181
  batch 190/264  loss=0.4989
  batch 200/264  loss=0.6848
  batch 210/264  loss=0.5841
  batch 220/264  loss=0.6020
  batch 230/264  loss=0.4422
  batch 240/264  loss=0.4844
  batch 250/264  loss=0.4446
  batch 260/264  loss=0.4873
Epoch 165/300  train=4.891e-01  rmse=1.9616  lr=1.0e-04  231s
  batch 10/264  loss=0.3512
  batch 20/264  loss=0.4939
  batch 30/264  loss=0.5275
  batch 40/264  loss=0.4977
  batch 50/264  loss=0.4187
  batch 60/264  loss=0.5941
  batch 70/264  loss=0.5954
  batch 80/264  loss=0.4011
  batch 90/264  loss=0.5459
  batch 100/264  loss=0.5173
  batch 110/264  loss=0.3229
  batch 120/264  loss=0.3451
  batch 130/264  loss=0.5068
  batch 140/264  loss=0.3232
  batch 150/264  loss=0.4415
  batch 160/264  loss=0.5136
  batch 170/264  loss=0.4092
  batch 180/264  loss=0.5491
  batch 190/264  loss=0.3984
  batch 200/264  loss=0.3979
  batch 210/264  loss=0.4704
  batch 220/264  loss=0.6004
  batch 230/264  loss=0.5204
  batch 240/264  loss=0.3906
  batch 250/264  loss=0.4545
  batch 260/264  loss=0.5419
Epoch 166/300  train=4.872e-01  rmse=1.9146  lr=1.0e-04  231s
  batch 10/264  loss=0.5550
  batch 20/264  loss=0.5640
  batch 30/264  loss=0.3112
  batch 40/264  loss=0.4870
  batch 50/264  loss=0.4580
  batch 60/264  loss=0.5756
  batch 70/264  loss=0.4249
  batch 80/264  loss=0.3890
  batch 90/264  loss=0.6101
  batch 100/264  loss=0.4500
  batch 110/264  loss=0.4412
  batch 120/264  loss=0.4975
  batch 130/264  loss=0.5401
  batch 140/264  loss=0.4952
  batch 150/264  loss=0.4303
  batch 160/264  loss=0.4031
  batch 170/264  loss=0.4484
  batch 180/264  loss=0.5484
  batch 190/264  loss=0.5189
  batch 200/264  loss=0.4795
  batch 210/264  loss=0.6214
  batch 220/264  loss=0.4679
  batch 230/264  loss=0.9017
  batch 240/264  loss=0.6924
  batch 250/264  loss=0.6865
  batch 260/264  loss=0.4517
Epoch 167/300  train=4.831e-01  rmse=1.9203  lr=1.0e-04  231s
  -> best  monitor=4.831e-01
  batch 10/264  loss=0.3738
  batch 20/264  loss=0.4627
  batch 30/264  loss=0.6464
  batch 40/264  loss=0.6308
  batch 50/264  loss=0.3512
  batch 60/264  loss=0.5354
  batch 70/264  loss=0.6057
  batch 80/264  loss=0.5954
  batch 90/264  loss=0.4601
  batch 100/264  loss=0.5558
  batch 110/264  loss=0.6014
  batch 120/264  loss=0.4352
  batch 130/264  loss=0.5377
  batch 140/264  loss=0.6141
  batch 150/264  loss=0.4460
  batch 160/264  loss=0.4510
  batch 170/264  loss=0.4454
  batch 180/264  loss=0.3650
  batch 190/264  loss=0.5654
  batch 200/264  loss=0.3856
  batch 210/264  loss=0.5000
  batch 220/264  loss=0.4537
  batch 230/264  loss=0.4735
  batch 240/264  loss=0.3594
  batch 250/264  loss=0.7168
  batch 260/264  loss=0.4487
Epoch 168/300  train=4.840e-01  rmse=1.9535  lr=1.0e-04  231s
  batch 10/264  loss=0.4363
  batch 20/264  loss=0.4427
  batch 30/264  loss=0.3804
  batch 40/264  loss=0.4238
  batch 50/264  loss=0.5028
  batch 60/264  loss=0.3947
  batch 70/264  loss=0.5286
  batch 80/264  loss=0.4969
  batch 90/264  loss=0.4602
  batch 100/264  loss=0.4575
  batch 110/264  loss=0.5478
  batch 120/264  loss=0.4583
  batch 130/264  loss=0.6642
  batch 140/264  loss=0.5891
  batch 150/264  loss=1.0268
  batch 160/264  loss=0.4532
  batch 170/264  loss=0.3876
  batch 180/264  loss=0.5811
  batch 190/264  loss=0.4025
  batch 200/264  loss=0.3449
  batch 210/264  loss=0.3978
  batch 220/264  loss=0.3302
  batch 230/264  loss=0.5102
  batch 240/264  loss=0.5946
  batch 250/264  loss=0.4930
  batch 260/264  loss=0.7179
Epoch 169/300  train=4.863e-01  rmse=2.0090  lr=1.0e-04  231s
  batch 10/264  loss=0.3872
  batch 20/264  loss=0.5530
  batch 30/264  loss=0.3980
  batch 40/264  loss=0.6137
  batch 50/264  loss=0.5088
  batch 60/264  loss=0.6116
  batch 70/264  loss=0.4036
  batch 80/264  loss=0.3492
  batch 90/264  loss=0.4787
  batch 100/264  loss=0.3605
  batch 110/264  loss=0.4761
  batch 120/264  loss=0.4360
  batch 130/264  loss=0.4808
  batch 140/264  loss=0.4800
  batch 150/264  loss=0.4125
  batch 160/264  loss=0.5507
  batch 170/264  loss=0.4781
  batch 180/264  loss=0.5438
  batch 190/264  loss=0.5219
  batch 200/264  loss=0.3888
  batch 210/264  loss=0.5128
  batch 220/264  loss=0.3753
  batch 230/264  loss=0.6495
  batch 240/264  loss=0.5727
  batch 250/264  loss=0.4565
  batch 260/264  loss=0.5058
Epoch 170/300  train=4.807e-01  rmse=1.9019  lr=1.0e-04  232s
  -> best  monitor=4.807e-01
  batch 10/264  loss=0.4905
  batch 20/264  loss=0.4638
  batch 30/264  loss=0.4042
  batch 40/264  loss=0.4484
  batch 50/264  loss=0.4718
  batch 60/264  loss=0.4265
  batch 70/264  loss=0.4675
  batch 80/264  loss=0.3569
  batch 90/264  loss=0.5682
  batch 100/264  loss=0.4196
  batch 110/264  loss=0.4124
  batch 120/264  loss=0.4434
  batch 130/264  loss=0.3778
  batch 140/264  loss=0.4647
  batch 150/264  loss=0.4767
  batch 160/264  loss=0.5644
  batch 170/264  loss=0.4310
  batch 180/264  loss=0.4537
  batch 190/264  loss=0.3800
  batch 200/264  loss=0.6280
  batch 210/264  loss=0.4709
  batch 220/264  loss=0.4437
  batch 230/264  loss=0.4600
  batch 240/264  loss=0.6416
  batch 250/264  loss=0.5126
  batch 260/264  loss=0.5056
Epoch 171/300  train=4.826e-01  rmse=1.8848  lr=1.0e-04  232s
  batch 10/264  loss=0.4513
  batch 20/264  loss=0.5605
  batch 30/264  loss=0.4660
  batch 40/264  loss=0.4221
  batch 50/264  loss=0.4663
  batch 60/264  loss=0.4551
  batch 70/264  loss=0.3601
  batch 80/264  loss=0.3377
  batch 90/264  loss=0.4052
  batch 100/264  loss=0.4482
  batch 110/264  loss=0.4320
  batch 120/264  loss=0.4919
  batch 130/264  loss=0.4483
  batch 140/264  loss=0.6533
  batch 150/264  loss=0.5353
  batch 160/264  loss=0.5713
  batch 170/264  loss=0.4180
  batch 180/264  loss=0.3449
  batch 190/264  loss=0.4571
  batch 200/264  loss=0.4309
  batch 210/264  loss=0.4053
  batch 220/264  loss=0.3828
  batch 230/264  loss=0.5724
  batch 240/264  loss=0.3753
  batch 250/264  loss=0.5825
  batch 260/264  loss=0.4776
Epoch 172/300  train=4.819e-01  rmse=1.9129  lr=1.0e-04  232s
  batch 10/264  loss=0.4970
  batch 20/264  loss=0.3705
  batch 30/264  loss=0.5078
  batch 40/264  loss=0.3896
  batch 50/264  loss=0.5410
  batch 60/264  loss=0.5768
  batch 70/264  loss=0.4532
  batch 80/264  loss=0.4531
  batch 90/264  loss=0.5158
  batch 100/264  loss=0.4230
  batch 110/264  loss=0.5069
  batch 120/264  loss=0.4378
  batch 130/264  loss=0.5272
  batch 140/264  loss=0.5381
  batch 150/264  loss=0.5352
  batch 160/264  loss=0.5266
  batch 170/264  loss=0.3547
  batch 180/264  loss=0.3678
  batch 190/264  loss=0.3303
  batch 200/264  loss=0.3866
  batch 210/264  loss=0.4731
  batch 220/264  loss=0.5763
  batch 230/264  loss=0.4460
  batch 240/264  loss=0.3964
  batch 250/264  loss=0.6511
  batch 260/264  loss=0.5302
Epoch 173/300  train=4.818e-01  rmse=1.8980  lr=1.0e-04  231s
  batch 10/264  loss=0.4289
  batch 20/264  loss=0.3532
  batch 30/264  loss=0.4570
  batch 40/264  loss=0.4587
  batch 50/264  loss=0.3661
  batch 60/264  loss=0.4240
  batch 70/264  loss=0.5755
  batch 80/264  loss=0.4768
  batch 90/264  loss=0.4473
  batch 100/264  loss=0.4575
  batch 110/264  loss=0.4675
  batch 120/264  loss=0.4854
  batch 130/264  loss=0.6577
  batch 140/264  loss=0.3541
  batch 150/264  loss=0.6868
  batch 160/264  loss=0.3802
  batch 170/264  loss=0.3887
  batch 180/264  loss=0.4506
  batch 190/264  loss=0.4355
  batch 200/264  loss=0.3450
  batch 210/264  loss=0.5782
  batch 220/264  loss=0.5245
  batch 230/264  loss=0.5007
  batch 240/264  loss=0.4633
  batch 250/264  loss=0.4544
  batch 260/264  loss=0.4892
Epoch 174/300  train=4.811e-01  rmse=1.9052  lr=1.0e-04  235s
  batch 10/264  loss=0.4743
  batch 20/264  loss=0.6270
  batch 30/264  loss=0.6089
  batch 40/264  loss=0.5646
  batch 50/264  loss=0.5981
  batch 60/264  loss=0.4181
  batch 70/264  loss=0.3562
  batch 80/264  loss=0.4500
  batch 90/264  loss=0.3454
  batch 100/264  loss=0.3864
  batch 110/264  loss=0.4625
  batch 120/264  loss=0.5369
  batch 130/264  loss=0.6095
  batch 140/264  loss=0.4368
  batch 150/264  loss=0.4957
  batch 160/264  loss=0.4760
  batch 170/264  loss=0.5808
  batch 180/264  loss=0.5538
  batch 190/264  loss=0.5119
  batch 200/264  loss=0.3320
  batch 210/264  loss=0.4305
  batch 220/264  loss=0.4128
  batch 230/264  loss=0.4523
  batch 240/264  loss=0.4750
  batch 250/264  loss=0.5881
  batch 260/264  loss=0.7036
Epoch 175/300  train=4.790e-01  rmse=1.8926  lr=1.0e-04  233s
  -> best  monitor=4.790e-01
  batch 10/264  loss=0.4656
  batch 20/264  loss=0.4321
  batch 30/264  loss=0.4338
  batch 40/264  loss=0.4587
  batch 50/264  loss=0.3419
  batch 60/264  loss=0.4667
  batch 70/264  loss=0.4395
  batch 80/264  loss=0.5001
  batch 90/264  loss=0.3069
  batch 100/264  loss=0.4611
  batch 110/264  loss=0.3601
  batch 120/264  loss=0.4450
  batch 130/264  loss=0.4566
  batch 140/264  loss=0.5647
  batch 150/264  loss=0.3286
  batch 160/264  loss=0.6164
  batch 170/264  loss=0.3218
  batch 180/264  loss=0.5099
  batch 190/264  loss=0.4245
  batch 200/264  loss=0.3775
  batch 210/264  loss=0.5925
  batch 220/264  loss=0.4543
  batch 230/264  loss=0.4689
  batch 240/264  loss=0.3417
  batch 250/264  loss=0.6066
  batch 260/264  loss=0.4049
Epoch 176/300  train=4.856e-01  rmse=1.9450  lr=1.0e-04  232s
  batch 10/264  loss=0.8240
  batch 20/264  loss=0.4142
  batch 30/264  loss=0.4805
  batch 40/264  loss=0.6365
  batch 50/264  loss=0.4352
  batch 60/264  loss=0.4638
  batch 70/264  loss=0.5584
  batch 80/264  loss=0.5659
  batch 90/264  loss=0.4220
  batch 100/264  loss=0.4147
  batch 110/264  loss=0.4743
  batch 120/264  loss=0.5989
  batch 130/264  loss=0.3974
  batch 140/264  loss=0.6622
  batch 150/264  loss=0.4773
  batch 160/264  loss=0.4458
  batch 170/264  loss=0.4266
  batch 180/264  loss=0.6194
  batch 190/264  loss=0.3444
  batch 200/264  loss=0.3093
  batch 210/264  loss=0.5503
  batch 220/264  loss=0.4001
  batch 230/264  loss=0.4490
  batch 240/264  loss=0.4902
  batch 250/264  loss=0.5614
  batch 260/264  loss=0.4263
Epoch 177/300  train=4.807e-01  rmse=1.9406  lr=1.0e-04  231s
  batch 10/264  loss=0.4638
  batch 20/264  loss=0.3916
  batch 30/264  loss=0.4439
  batch 40/264  loss=0.5010
  batch 50/264  loss=0.4899
  batch 60/264  loss=0.4520
  batch 70/264  loss=0.6409
  batch 80/264  loss=0.4054
  batch 90/264  loss=0.4437
  batch 100/264  loss=0.4974
  batch 110/264  loss=0.4664
  batch 120/264  loss=0.4685
  batch 130/264  loss=0.4250
  batch 140/264  loss=0.4167
  batch 150/264  loss=0.5831
  batch 160/264  loss=0.2919
  batch 170/264  loss=0.6602
  batch 180/264  loss=0.3732
  batch 190/264  loss=0.5193
  batch 200/264  loss=0.5665
  batch 210/264  loss=0.4787
  batch 220/264  loss=0.4774
  batch 230/264  loss=0.6828
  batch 240/264  loss=0.6415
  batch 250/264  loss=0.4783
  batch 260/264  loss=0.4333
Epoch 178/300  train=4.810e-01  rmse=1.8935  lr=1.0e-04  231s
  batch 10/264  loss=0.4482
  batch 20/264  loss=0.6055
  batch 30/264  loss=0.6533
  batch 40/264  loss=0.6248
  batch 50/264  loss=0.3078
  batch 60/264  loss=0.4540
  batch 70/264  loss=0.3910
  batch 80/264  loss=0.4352
  batch 90/264  loss=0.3906
  batch 100/264  loss=0.3400
  batch 110/264  loss=0.5243
  batch 120/264  loss=0.5692
  batch 130/264  loss=0.4687
  batch 140/264  loss=0.5314
  batch 150/264  loss=0.4450
  batch 160/264  loss=0.3541
  batch 170/264  loss=0.4172
  batch 180/264  loss=0.4091
  batch 190/264  loss=0.4482
  batch 200/264  loss=0.4914
  batch 210/264  loss=0.4739
  batch 220/264  loss=0.5148
  batch 230/264  loss=0.4552
  batch 240/264  loss=0.4818
  batch 250/264  loss=0.6075
  batch 260/264  loss=0.4014
Epoch 179/300  train=4.811e-01  rmse=1.9148  lr=1.0e-04  230s
  batch 10/264  loss=0.4881
  batch 20/264  loss=0.5925
  batch 30/264  loss=0.5135
  batch 40/264  loss=0.3281
  batch 50/264  loss=0.4074
  batch 60/264  loss=0.5904
  batch 70/264  loss=0.7378
  batch 80/264  loss=0.4740
  batch 90/264  loss=0.4149
  batch 100/264  loss=0.3391
  batch 110/264  loss=0.5254
  batch 120/264  loss=0.4503
  batch 130/264  loss=0.4170
  batch 140/264  loss=0.3995
  batch 150/264  loss=0.3754
  batch 160/264  loss=0.4684
  batch 170/264  loss=0.5217
  batch 180/264  loss=0.4311
  batch 190/264  loss=0.5075
  batch 200/264  loss=0.3757
  batch 210/264  loss=0.5004
  batch 220/264  loss=0.5314
  batch 230/264  loss=0.4511
  batch 240/264  loss=0.5732
  batch 250/264  loss=0.4181
  batch 260/264  loss=0.3886
Epoch 180/300  train=4.737e-01  rmse=1.8947  lr=1.0e-04  231s
  -> best  monitor=4.737e-01
  batch 10/264  loss=0.4843
  batch 20/264  loss=0.5340
  batch 30/264  loss=0.5172
  batch 40/264  loss=0.4372
  batch 50/264  loss=0.5025
  batch 60/264  loss=0.4592
  batch 70/264  loss=0.5277
  batch 80/264  loss=0.3642
  batch 90/264  loss=0.4465
  batch 100/264  loss=0.4482
  batch 110/264  loss=0.4931
  batch 120/264  loss=0.3846
  batch 130/264  loss=0.3669
  batch 140/264  loss=0.4335
  batch 150/264  loss=0.4873
  batch 160/264  loss=0.5378
  batch 170/264  loss=0.5891
  batch 180/264  loss=0.4213
  batch 190/264  loss=0.4176
  batch 200/264  loss=0.4277
  batch 210/264  loss=0.5239
  batch 220/264  loss=0.3264
  batch 230/264  loss=0.5822
  batch 240/264  loss=0.3635
  batch 250/264  loss=0.5212
  batch 260/264  loss=0.4696
Epoch 181/300  train=4.799e-01  rmse=1.9309  lr=1.0e-04  231s
  batch 10/264  loss=0.4002
  batch 20/264  loss=0.3322
  batch 30/264  loss=0.4976
  batch 40/264  loss=0.3610
  batch 50/264  loss=0.6162
  batch 60/264  loss=0.4842
  batch 70/264  loss=0.4244
  batch 80/264  loss=0.6219
  batch 90/264  loss=0.4470
  batch 100/264  loss=0.4641
  batch 110/264  loss=0.4473
  batch 120/264  loss=0.6158
  batch 130/264  loss=0.3818
  batch 140/264  loss=0.4616
  batch 150/264  loss=0.4395
  batch 160/264  loss=0.6136
  batch 170/264  loss=0.4215
  batch 180/264  loss=0.5845
  batch 190/264  loss=0.4192
  batch 200/264  loss=0.5258
  batch 210/264  loss=0.5061
  batch 220/264  loss=0.7021
  batch 230/264  loss=0.5879
  batch 240/264  loss=0.5947
  batch 250/264  loss=0.4661
  batch 260/264  loss=0.4613
Epoch 182/300  train=4.787e-01  rmse=1.9096  lr=1.0e-04  230s
  batch 10/264  loss=0.5175
  batch 20/264  loss=0.5730
  batch 30/264  loss=0.4470
  batch 40/264  loss=0.4268
  batch 50/264  loss=0.5582
  batch 60/264  loss=0.4560
  batch 70/264  loss=0.6194
  batch 80/264  loss=0.5174
  batch 90/264  loss=0.6232
  batch 100/264  loss=0.4029
  batch 110/264  loss=0.4454
  batch 120/264  loss=0.4626
  batch 130/264  loss=0.4215
  batch 140/264  loss=0.4546
  batch 150/264  loss=0.4371
  batch 160/264  loss=0.3578
  batch 170/264  loss=0.4001
  batch 180/264  loss=0.5526
  batch 190/264  loss=0.5518
  batch 200/264  loss=0.4431
  batch 210/264  loss=0.3558
  batch 220/264  loss=0.5134
  batch 230/264  loss=0.5448
  batch 240/264  loss=0.4598
  batch 250/264  loss=0.4206
  batch 260/264  loss=0.4916
Epoch 183/300  train=4.771e-01  rmse=1.9006  lr=1.0e-04  230s
  batch 10/264  loss=0.4174
  batch 20/264  loss=0.4230
  batch 30/264  loss=0.4275
  batch 40/264  loss=0.4677
  batch 50/264  loss=0.4826
  batch 60/264  loss=0.5021
  batch 70/264  loss=0.4381
  batch 80/264  loss=0.4212
  batch 90/264  loss=0.4664
  batch 100/264  loss=0.6161
  batch 110/264  loss=0.4867
  batch 120/264  loss=0.4116
  batch 130/264  loss=0.5044
  batch 140/264  loss=0.4541
  batch 150/264  loss=0.4320
  batch 160/264  loss=0.5783
  batch 170/264  loss=0.4391
  batch 180/264  loss=0.4447
  batch 190/264  loss=0.4628
  batch 200/264  loss=0.4577
  batch 210/264  loss=0.4882
  batch 220/264  loss=0.5379
  batch 230/264  loss=0.5127
  batch 240/264  loss=0.5515
  batch 250/264  loss=0.4217
  batch 260/264  loss=0.5140
Epoch 184/300  train=4.742e-01  rmse=1.8587  lr=1.0e-04  230s
  batch 10/264  loss=0.4308
  batch 20/264  loss=0.5474
  batch 30/264  loss=0.3184
  batch 40/264  loss=0.5986
  batch 50/264  loss=0.5255
  batch 60/264  loss=0.5485
  batch 70/264  loss=0.6256
  batch 80/264  loss=0.4356
  batch 90/264  loss=0.5122
  batch 100/264  loss=0.5648
  batch 110/264  loss=0.4306
  batch 120/264  loss=0.4826
  batch 130/264  loss=0.4760
  batch 140/264  loss=0.5289
  batch 150/264  loss=0.3642
  batch 160/264  loss=0.4274
  batch 170/264  loss=0.4442
  batch 180/264  loss=0.5838
  batch 190/264  loss=0.3813
  batch 200/264  loss=0.4257
  batch 210/264  loss=0.4223
  batch 220/264  loss=0.6512
  batch 230/264  loss=0.4439
  batch 240/264  loss=0.3188
  batch 250/264  loss=0.5205
  batch 260/264  loss=0.3374
Epoch 185/300  train=4.755e-01  rmse=1.9181  lr=1.0e-04  232s
  batch 10/264  loss=0.4910
  batch 20/264  loss=0.5521
  batch 30/264  loss=0.4444
  batch 40/264  loss=0.4743
  batch 50/264  loss=0.4719
  batch 60/264  loss=0.4681
  batch 70/264  loss=0.3313
  batch 80/264  loss=0.5319
  batch 90/264  loss=0.4951
  batch 100/264  loss=0.4743
  batch 110/264  loss=0.4329
  batch 120/264  loss=0.4463
  batch 130/264  loss=0.4617
  batch 140/264  loss=0.3679
  batch 150/264  loss=0.4072
  batch 160/264  loss=0.4254
  batch 170/264  loss=0.3773
  batch 180/264  loss=0.4841
  batch 190/264  loss=0.4223
  batch 200/264  loss=0.4193
  batch 210/264  loss=0.4669
  batch 220/264  loss=0.3908
  batch 230/264  loss=0.4210
  batch 240/264  loss=0.4379
  batch 250/264  loss=0.4378
  batch 260/264  loss=0.5841
Epoch 186/300  train=4.730e-01  rmse=1.8838  lr=1.0e-04  231s
  -> best  monitor=4.730e-01
  batch 10/264  loss=0.3648
  batch 20/264  loss=0.4936
  batch 30/264  loss=0.4482
  batch 40/264  loss=0.4060
  batch 50/264  loss=0.3968
  batch 60/264  loss=0.4902
  batch 70/264  loss=0.5290
  batch 80/264  loss=0.3976
  batch 90/264  loss=0.4132
  batch 100/264  loss=0.3377
  batch 110/264  loss=0.4218
  batch 120/264  loss=0.5230
  batch 130/264  loss=0.6048
  batch 140/264  loss=0.3525
  batch 150/264  loss=0.5786
  batch 160/264  loss=0.5364
  batch 170/264  loss=0.3723
  batch 180/264  loss=0.4688
  batch 190/264  loss=0.6199
  batch 200/264  loss=0.3656
  batch 210/264  loss=0.6377
  batch 220/264  loss=0.4342
  batch 230/264  loss=0.4496
  batch 240/264  loss=0.4538
  batch 250/264  loss=0.4938
  batch 260/264  loss=0.5309
Epoch 187/300  train=4.753e-01  rmse=1.8907  lr=1.0e-04  233s
  batch 10/264  loss=0.4282
  batch 20/264  loss=0.7168
  batch 30/264  loss=0.4367
  batch 40/264  loss=0.3428
  batch 50/264  loss=0.4092
  batch 60/264  loss=0.4162
  batch 70/264  loss=0.4334
  batch 80/264  loss=0.4912
  batch 90/264  loss=0.5444
  batch 100/264  loss=0.4297
  batch 110/264  loss=0.4481
  batch 120/264  loss=0.3064
  batch 130/264  loss=0.3632
  batch 140/264  loss=0.6149
  batch 150/264  loss=0.4598
  batch 160/264  loss=0.4692
  batch 170/264  loss=0.4582
  batch 180/264  loss=0.5705
  batch 190/264  loss=0.4099
  batch 200/264  loss=0.4174
  batch 210/264  loss=0.3937
  batch 220/264  loss=0.3832
  batch 230/264  loss=0.3747
  batch 240/264  loss=0.6313
  batch 250/264  loss=0.4373
  batch 260/264  loss=0.4815
Epoch 188/300  train=4.699e-01  rmse=1.9297  lr=1.0e-04  232s
  -> best  monitor=4.699e-01
  batch 10/264  loss=0.6626
  batch 20/264  loss=0.4053
  batch 30/264  loss=0.4617
  batch 40/264  loss=0.4295
  batch 50/264  loss=0.4232
  batch 60/264  loss=0.4730
  batch 70/264  loss=0.7782
  batch 80/264  loss=0.5958
  batch 90/264  loss=0.4018
  batch 100/264  loss=0.3771
  batch 110/264  loss=0.4731
  batch 120/264  loss=0.4972
  batch 130/264  loss=0.4348
  batch 140/264  loss=0.3793
  batch 150/264  loss=0.4000
  batch 160/264  loss=0.5569
  batch 170/264  loss=0.4680
  batch 180/264  loss=0.4158
  batch 190/264  loss=0.4308
  batch 200/264  loss=0.5542
  batch 210/264  loss=0.5781
  batch 220/264  loss=0.3486
  batch 230/264  loss=0.3357
  batch 240/264  loss=0.7970
  batch 250/264  loss=0.4643
  batch 260/264  loss=0.3781
Epoch 189/300  train=4.766e-01  rmse=1.9101  lr=1.0e-04  232s
  batch 10/264  loss=0.3578
  batch 20/264  loss=0.5191
  batch 30/264  loss=0.3491
  batch 40/264  loss=0.4465
  batch 50/264  loss=0.4146
  batch 60/264  loss=0.4428
  batch 70/264  loss=0.5638
  batch 80/264  loss=0.5679
  batch 90/264  loss=0.4641
  batch 100/264  loss=0.4389
  batch 110/264  loss=0.4880
  batch 120/264  loss=0.3584
  batch 130/264  loss=0.6068
  batch 140/264  loss=0.5453
  batch 150/264  loss=0.3948
  batch 160/264  loss=0.4720
  batch 170/264  loss=0.4565
  batch 180/264  loss=0.3380
  batch 190/264  loss=0.4231
  batch 200/264  loss=0.4416
  batch 210/264  loss=0.3695
  batch 220/264  loss=0.3314
  batch 230/264  loss=0.7642
  batch 240/264  loss=0.3354
  batch 250/264  loss=0.3888
  batch 260/264  loss=0.5488
Epoch 190/300  train=4.694e-01  rmse=1.8807  lr=1.0e-04  230s
  -> best  monitor=4.694e-01
  batch 10/264  loss=0.3894
  batch 20/264  loss=0.4104
  batch 30/264  loss=0.3587
  batch 40/264  loss=0.4694
  batch 50/264  loss=0.5585
  batch 60/264  loss=0.4045
  batch 70/264  loss=0.4181
  batch 80/264  loss=0.4456
  batch 90/264  loss=0.4785
  batch 100/264  loss=0.4676
  batch 110/264  loss=0.4588
  batch 120/264  loss=0.3775
  batch 130/264  loss=0.4880
  batch 140/264  loss=0.4095
  batch 150/264  loss=0.4507
  batch 160/264  loss=0.4313
  batch 170/264  loss=0.3794
  batch 180/264  loss=0.5363
  batch 190/264  loss=0.4372
  batch 200/264  loss=0.4505
  batch 210/264  loss=0.4314
  batch 220/264  loss=0.4367
  batch 230/264  loss=0.5749
  batch 240/264  loss=0.4872
  batch 250/264  loss=0.4578
  batch 260/264  loss=0.3623
Epoch 191/300  train=4.713e-01  rmse=1.8676  lr=1.0e-04  231s
  batch 10/264  loss=0.5194
  batch 20/264  loss=0.4492
  batch 30/264  loss=0.4285
  batch 40/264  loss=0.4982
  batch 50/264  loss=0.6636
  batch 60/264  loss=0.4017
  batch 70/264  loss=0.8072
  batch 80/264  loss=0.4914
  batch 90/264  loss=0.3796
  batch 100/264  loss=0.4171
  batch 110/264  loss=0.4575
  batch 120/264  loss=0.4029
  batch 130/264  loss=0.4659
  batch 140/264  loss=0.3773
  batch 150/264  loss=0.8524
  batch 160/264  loss=0.4940
  batch 170/264  loss=0.5202
  batch 180/264  loss=0.5393
  batch 190/264  loss=0.4370
  batch 200/264  loss=0.5397
  batch 210/264  loss=0.4459
  batch 220/264  loss=0.4862
  batch 230/264  loss=0.6361
  batch 240/264  loss=0.5338
  batch 250/264  loss=0.4373
  batch 260/264  loss=0.3721
Epoch 192/300  train=4.731e-01  rmse=1.8987  lr=1.0e-04  231s
  batch 10/264  loss=0.5665
  batch 20/264  loss=0.4639
  batch 30/264  loss=0.4220
  batch 40/264  loss=0.4849
  batch 50/264  loss=0.3466
  batch 60/264  loss=0.4981
  batch 70/264  loss=0.4521
  batch 80/264  loss=0.3802
  batch 90/264  loss=0.5859
  batch 100/264  loss=0.3422
  batch 110/264  loss=0.5010
  batch 120/264  loss=0.4333
  batch 130/264  loss=0.4134
  batch 140/264  loss=0.3795
  batch 150/264  loss=0.4449
  batch 160/264  loss=0.4219
  batch 170/264  loss=0.6084
  batch 180/264  loss=0.7528
  batch 190/264  loss=0.3836
  batch 200/264  loss=0.4722
  batch 210/264  loss=0.4549
  batch 220/264  loss=0.4978
  batch 230/264  loss=0.4445
  batch 240/264  loss=0.5318
  batch 250/264  loss=0.3840
  batch 260/264  loss=0.4779
Epoch 193/300  train=4.685e-01  rmse=1.8748  lr=1.0e-04  231s
  -> best  monitor=4.685e-01
  batch 10/264  loss=0.4289
  batch 20/264  loss=0.4339
  batch 30/264  loss=0.3640
  batch 40/264  loss=0.4221
  batch 50/264  loss=0.5602
  batch 60/264  loss=0.4156
  batch 70/264  loss=0.5304
  batch 80/264  loss=0.4642
  batch 90/264  loss=0.4270
  batch 100/264  loss=0.5283
  batch 110/264  loss=0.4246
  batch 120/264  loss=0.6339
  batch 130/264  loss=0.4660
  batch 140/264  loss=0.7345
  batch 150/264  loss=0.7521
  batch 160/264  loss=0.3676
  batch 170/264  loss=0.5258
  batch 180/264  loss=0.4226
  batch 190/264  loss=0.4197
  batch 200/264  loss=0.3673
  batch 210/264  loss=0.4821
  batch 220/264  loss=0.5594
  batch 230/264  loss=0.4846
  batch 240/264  loss=0.5477
  batch 250/264  loss=0.4554
  batch 260/264  loss=0.4184
Epoch 194/300  train=4.721e-01  rmse=1.8985  lr=1.0e-04  230s
  batch 10/264  loss=0.4523
  batch 20/264  loss=0.5768
  batch 30/264  loss=0.4327
  batch 40/264  loss=0.4649
  batch 50/264  loss=0.3952
  batch 60/264  loss=0.4593
  batch 70/264  loss=0.4113
  batch 80/264  loss=0.4831
  batch 90/264  loss=0.5297
  batch 100/264  loss=0.6207
  batch 110/264  loss=0.4306
  batch 120/264  loss=0.3175
  batch 130/264  loss=0.3914
  batch 140/264  loss=0.7890
  batch 150/264  loss=0.4562
  batch 160/264  loss=0.4342
  batch 170/264  loss=0.5861
  batch 180/264  loss=0.5355
  batch 190/264  loss=0.4686
  batch 200/264  loss=0.4286
  batch 210/264  loss=0.3756
  batch 220/264  loss=0.4518
  batch 230/264  loss=0.4071
  batch 240/264  loss=0.4808
  batch 250/264  loss=0.3009
  batch 260/264  loss=0.4193
Epoch 195/300  train=4.658e-01  rmse=1.8613  lr=1.0e-04  231s
  -> best  monitor=4.658e-01
  batch 10/264  loss=0.5566
  batch 20/264  loss=0.3187
  batch 30/264  loss=0.4716
  batch 40/264  loss=0.3422
  batch 50/264  loss=0.5678
  batch 60/264  loss=0.4537
  batch 70/264  loss=0.4004
  batch 80/264  loss=0.3908
  batch 90/264  loss=0.5499
  batch 100/264  loss=0.3575
  batch 110/264  loss=0.5013
  batch 120/264  loss=0.3494
  batch 130/264  loss=0.4184
  batch 140/264  loss=0.4563
  batch 150/264  loss=0.3817
  batch 160/264  loss=0.6031
  batch 170/264  loss=0.5603
  batch 180/264  loss=0.4415
  batch 190/264  loss=0.4195
  batch 200/264  loss=0.3518
  batch 210/264  loss=0.5243
  batch 220/264  loss=0.5380
  batch 230/264  loss=0.4878
  batch 240/264  loss=0.4385
  batch 250/264  loss=0.4889
  batch 260/264  loss=0.4792
Epoch 196/300  train=4.702e-01  rmse=1.8978  lr=1.0e-04  231s
  batch 10/264  loss=0.4438
  batch 20/264  loss=0.3743
  batch 30/264  loss=0.3382
  batch 40/264  loss=0.4695
  batch 50/264  loss=0.4686
  batch 60/264  loss=0.4724
  batch 70/264  loss=0.3730
  batch 80/264  loss=0.6074
  batch 90/264  loss=0.4684
  batch 100/264  loss=0.4143
  batch 110/264  loss=0.4376
  batch 120/264  loss=0.4255
  batch 130/264  loss=0.8518
  batch 140/264  loss=0.6176
  batch 150/264  loss=0.6523
  batch 160/264  loss=0.4691
  batch 170/264  loss=0.4706
  batch 180/264  loss=0.3928
  batch 190/264  loss=0.3591
  batch 200/264  loss=0.4458
  batch 210/264  loss=0.5499
  batch 220/264  loss=0.4640
  batch 230/264  loss=0.5555
  batch 240/264  loss=0.4797
  batch 250/264  loss=0.4858
  batch 260/264  loss=0.4834
Epoch 197/300  train=4.700e-01  rmse=1.9001  lr=1.0e-04  230s
  batch 10/264  loss=0.3809
  batch 20/264  loss=0.3672
  batch 30/264  loss=0.4356
  batch 40/264  loss=0.4197
  batch 50/264  loss=0.4503
  batch 60/264  loss=0.5253
  batch 70/264  loss=0.3275
  batch 80/264  loss=0.5285
  batch 90/264  loss=0.4273
  batch 100/264  loss=0.3443
  batch 110/264  loss=0.4553
  batch 120/264  loss=0.3299
  batch 130/264  loss=0.4994
  batch 140/264  loss=0.4334
  batch 150/264  loss=0.3997
  batch 160/264  loss=0.3703
  batch 170/264  loss=0.5063
  batch 180/264  loss=0.4996
  batch 190/264  loss=0.4655
  batch 200/264  loss=0.5302
  batch 210/264  loss=0.5397
  batch 220/264  loss=0.5265
  batch 230/264  loss=0.4339
  batch 240/264  loss=0.5674
  batch 250/264  loss=0.4237
  batch 260/264  loss=0.4901
Epoch 198/300  train=4.668e-01  rmse=1.8813  lr=1.0e-04  231s
  batch 10/264  loss=0.3489
  batch 20/264  loss=0.4728
  batch 30/264  loss=0.5445
  batch 40/264  loss=0.5860
  batch 50/264  loss=0.5871
  batch 60/264  loss=0.2934
  batch 70/264  loss=0.3890
  batch 80/264  loss=0.4311
  batch 90/264  loss=0.3975
  batch 100/264  loss=0.3793
  batch 110/264  loss=0.5596
  batch 120/264  loss=0.4629
  batch 130/264  loss=0.4063
  batch 140/264  loss=0.4858
  batch 150/264  loss=0.3945
  batch 160/264  loss=0.5843
  batch 170/264  loss=0.4310
  batch 180/264  loss=0.4320
  batch 190/264  loss=0.6543
  batch 200/264  loss=0.5018
  batch 210/264  loss=0.4632
  batch 220/264  loss=0.3907
  batch 230/264  loss=0.3166
  batch 240/264  loss=0.4504
  batch 250/264  loss=0.4948
  batch 260/264  loss=0.6316
Epoch 199/300  train=4.682e-01  rmse=1.9005  lr=1.0e-04  231s
  batch 10/264  loss=0.5955
  batch 20/264  loss=0.5088
  batch 30/264  loss=0.5303
  batch 40/264  loss=0.5196
  batch 50/264  loss=0.4347
  batch 60/264  loss=0.6137
  batch 70/264  loss=0.5980
  batch 80/264  loss=0.4573
  batch 90/264  loss=0.5176
  batch 100/264  loss=0.4445
  batch 110/264  loss=0.4124
  batch 120/264  loss=0.7627
  batch 130/264  loss=0.5669
  batch 140/264  loss=0.5284
  batch 150/264  loss=0.4044
  batch 160/264  loss=0.4460
  batch 170/264  loss=0.5668
  batch 180/264  loss=0.3399
  batch 190/264  loss=0.3382
  batch 200/264  loss=0.5854
  batch 210/264  loss=0.5430
  batch 220/264  loss=0.5891
  batch 230/264  loss=0.4834
  batch 240/264  loss=0.4181
  batch 250/264  loss=0.4739
  batch 260/264  loss=0.3628
Epoch 200/300  train=4.681e-01  rmse=1.9180  lr=1.0e-04  231s
  batch 10/264  loss=0.3755
  batch 20/264  loss=0.5253
  batch 30/264  loss=0.4603
  batch 40/264  loss=0.5258
  batch 50/264  loss=0.5533
  batch 60/264  loss=0.3858
  batch 70/264  loss=0.4288
  batch 80/264  loss=0.4525
  batch 90/264  loss=0.6025
  batch 100/264  loss=0.4726
  batch 110/264  loss=0.3149
  batch 120/264  loss=0.5557
  batch 130/264  loss=0.4425
  batch 140/264  loss=0.4677
  batch 150/264  loss=0.4486
  batch 160/264  loss=0.4849
  batch 170/264  loss=0.6297
  batch 180/264  loss=0.5590
  batch 190/264  loss=0.3549
  batch 200/264  loss=0.6031
  batch 210/264  loss=0.4333
  batch 220/264  loss=0.5212
  batch 230/264  loss=0.3703
  batch 240/264  loss=0.4589
  batch 250/264  loss=0.4021
  batch 260/264  loss=0.4168
Epoch 201/300  train=4.679e-01  rmse=1.9140  lr=1.0e-04  231s
  batch 10/264  loss=0.4582
  batch 20/264  loss=0.5375
  batch 30/264  loss=0.4929
  batch 40/264  loss=0.4594
  batch 50/264  loss=0.5617
  batch 60/264  loss=0.3699
  batch 70/264  loss=0.5528
  batch 80/264  loss=0.6047
  batch 90/264  loss=0.3942
  batch 100/264  loss=0.5968
  batch 110/264  loss=0.2845
  batch 120/264  loss=0.4570
  batch 130/264  loss=0.3241
  batch 140/264  loss=0.5346
  batch 150/264  loss=0.4616
  batch 160/264  loss=0.4244
  batch 170/264  loss=0.5754
  batch 180/264  loss=0.4760
  batch 190/264  loss=0.3298
  batch 200/264  loss=0.3650
  batch 210/264  loss=0.3761
  batch 220/264  loss=0.5192
  batch 230/264  loss=0.5861
  batch 240/264  loss=0.3373
  batch 250/264  loss=0.5987
  batch 260/264  loss=0.4795
Epoch 202/300  train=4.669e-01  rmse=1.8933  lr=1.0e-04  231s
  batch 10/264  loss=0.4812
  batch 20/264  loss=0.6133
  batch 30/264  loss=0.5006
  batch 40/264  loss=0.4862
  batch 50/264  loss=0.4850
  batch 60/264  loss=0.5107
  batch 70/264  loss=0.5377
  batch 80/264  loss=0.5238
  batch 90/264  loss=0.3976
  batch 100/264  loss=0.4144
  batch 110/264  loss=0.4003
  batch 120/264  loss=0.5455
  batch 130/264  loss=0.5436
  batch 140/264  loss=0.3877
  batch 150/264  loss=0.4357
  batch 160/264  loss=0.4463
  batch 170/264  loss=0.3315
  batch 180/264  loss=0.5652
  batch 190/264  loss=0.6121
  batch 200/264  loss=0.3245
  batch 210/264  loss=0.3708
  batch 220/264  loss=0.4969
  batch 230/264  loss=0.4973
  batch 240/264  loss=0.4077
  batch 250/264  loss=0.5921
  batch 260/264  loss=0.3462
Epoch 203/300  train=4.686e-01  rmse=1.8818  lr=1.0e-04  231s
  batch 10/264  loss=0.4073
  batch 20/264  loss=0.4524
  batch 30/264  loss=0.4563
  batch 40/264  loss=0.4671
  batch 50/264  loss=0.4539
  batch 60/264  loss=0.3774
  batch 70/264  loss=0.4269
  batch 80/264  loss=0.4313
  batch 90/264  loss=0.4294
  batch 100/264  loss=0.5468
  batch 110/264  loss=0.4331
  batch 120/264  loss=0.4374
  batch 130/264  loss=0.5345
  batch 140/264  loss=0.5557
  batch 150/264  loss=0.6667
  batch 160/264  loss=0.3884
  batch 170/264  loss=0.4308
  batch 180/264  loss=0.4207
  batch 190/264  loss=0.6300
  batch 200/264  loss=0.3492
  batch 210/264  loss=0.4222
  batch 220/264  loss=0.5477
  batch 230/264  loss=0.3236
  batch 240/264  loss=0.3652
  batch 250/264  loss=0.3880
  batch 260/264  loss=0.4812
Epoch 204/300  train=4.674e-01  rmse=1.9327  lr=1.0e-04  231s
  batch 10/264  loss=0.3810
  batch 20/264  loss=0.3660
  batch 30/264  loss=0.4332
  batch 40/264  loss=0.4827
  batch 50/264  loss=0.4554
  batch 60/264  loss=0.4152
  batch 70/264  loss=0.6174
  batch 80/264  loss=0.5139
  batch 90/264  loss=0.3990
  batch 100/264  loss=0.4629
  batch 110/264  loss=0.5449
  batch 120/264  loss=0.3823
  batch 130/264  loss=0.5533
  batch 140/264  loss=0.4062
  batch 150/264  loss=0.5707
  batch 160/264  loss=0.3934
  batch 170/264  loss=0.4537
  batch 180/264  loss=0.5435
  batch 190/264  loss=0.3495
  batch 200/264  loss=0.3993
  batch 210/264  loss=0.4194
  batch 220/264  loss=0.4132
  batch 230/264  loss=0.5400
  batch 240/264  loss=0.3148
  batch 250/264  loss=0.4970
  batch 260/264  loss=0.5759
Epoch 205/300  train=4.634e-01  rmse=1.8458  lr=1.0e-04  231s
  -> best  monitor=4.634e-01
  batch 10/264  loss=0.4243
  batch 20/264  loss=0.3610
  batch 30/264  loss=0.4757
  batch 40/264  loss=0.4048
  batch 50/264  loss=0.3142
  batch 60/264  loss=0.5552
  batch 70/264  loss=0.3394
  batch 80/264  loss=0.3721
  batch 90/264  loss=0.4761
  batch 100/264  loss=0.3190
  batch 110/264  loss=0.6188
  batch 120/264  loss=0.5513
  batch 130/264  loss=0.4456
  batch 140/264  loss=0.6821
  batch 150/264  loss=0.4250
  batch 160/264  loss=0.4134
  batch 170/264  loss=0.5902
  batch 180/264  loss=0.4507
  batch 190/264  loss=0.3822
  batch 200/264  loss=0.4219
  batch 210/264  loss=0.3860
  batch 220/264  loss=0.3837
  batch 230/264  loss=0.3836
  batch 240/264  loss=0.3560
  batch 250/264  loss=0.4146
  batch 260/264  loss=0.3982
Epoch 206/300  train=4.671e-01  rmse=1.8616  lr=1.0e-04  230s
  batch 10/264  loss=0.3498
  batch 20/264  loss=0.4337
  batch 30/264  loss=0.4512
  batch 40/264  loss=0.4418
  batch 50/264  loss=0.4204
  batch 60/264  loss=0.5582
  batch 70/264  loss=0.6741
  batch 80/264  loss=0.4246
  batch 90/264  loss=0.4284
  batch 100/264  loss=0.6123
  batch 110/264  loss=0.6885
  batch 120/264  loss=0.3974
  batch 130/264  loss=0.4459
  batch 140/264  loss=0.4323
  batch 150/264  loss=0.4879
  batch 160/264  loss=0.4159
  batch 170/264  loss=0.6105
  batch 180/264  loss=0.3354
  batch 190/264  loss=0.4869
  batch 200/264  loss=0.3773
  batch 210/264  loss=0.3911
  batch 220/264  loss=0.4235
  batch 230/264  loss=0.4832
  batch 240/264  loss=0.5593
  batch 250/264  loss=0.3935
  batch 260/264  loss=0.3713
Epoch 207/300  train=4.662e-01  rmse=1.8562  lr=1.0e-04  230s
  batch 10/264  loss=0.4125
  batch 20/264  loss=0.4377
  batch 30/264  loss=0.4461
  batch 40/264  loss=0.6227
  batch 50/264  loss=0.4283
  batch 60/264  loss=0.3285
  batch 70/264  loss=0.5308
  batch 80/264  loss=0.4201
  batch 90/264  loss=0.5747
  batch 100/264  loss=0.4485
  batch 110/264  loss=0.4692
  batch 120/264  loss=0.4459
  batch 130/264  loss=0.3318
  batch 140/264  loss=0.4727
  batch 150/264  loss=0.5488
  batch 160/264  loss=0.6668
  batch 170/264  loss=0.5350
  batch 180/264  loss=0.6638
  batch 190/264  loss=0.3387
  batch 200/264  loss=0.5246
  batch 210/264  loss=0.3174
  batch 220/264  loss=0.4484
  batch 230/264  loss=0.4468
  batch 240/264  loss=0.5419
  batch 250/264  loss=0.4414
  batch 260/264  loss=0.4720
Epoch 208/300  train=4.622e-01  rmse=1.8543  lr=1.0e-04  230s
  -> best  monitor=4.622e-01
  batch 10/264  loss=0.5594
  batch 20/264  loss=0.6315
  batch 30/264  loss=0.3129
  batch 40/264  loss=0.5206
  batch 50/264  loss=0.4359
  batch 60/264  loss=0.3496
  batch 70/264  loss=0.4538
  batch 80/264  loss=0.4701
  batch 90/264  loss=0.3522
  batch 100/264  loss=0.4310
  batch 110/264  loss=0.3570
  batch 120/264  loss=0.4196
  batch 130/264  loss=0.3740
  batch 140/264  loss=0.4127
  batch 150/264  loss=0.5429
  batch 160/264  loss=0.3252
  batch 170/264  loss=0.4248
  batch 180/264  loss=0.4575
  batch 190/264  loss=0.5655
  batch 200/264  loss=0.4021
  batch 210/264  loss=0.4320
  batch 220/264  loss=0.4834
  batch 230/264  loss=0.3854
  batch 240/264  loss=0.6762
  batch 250/264  loss=0.4206
  batch 260/264  loss=0.4434
Epoch 209/300  train=4.606e-01  rmse=1.8807  lr=1.0e-04  230s
  -> best  monitor=4.606e-01
  batch 10/264  loss=0.5195
  batch 20/264  loss=0.4277
  batch 30/264  loss=0.3402
  batch 40/264  loss=0.4041
  batch 50/264  loss=0.4519
  batch 60/264  loss=0.4904
  batch 70/264  loss=0.5089
  batch 80/264  loss=0.4331
  batch 90/264  loss=0.4469
  batch 100/264  loss=0.4754
  batch 110/264  loss=0.4862
  batch 120/264  loss=0.4665
  batch 130/264  loss=0.4418
  batch 140/264  loss=0.5148
  batch 150/264  loss=0.4776
  batch 160/264  loss=0.5888
  batch 170/264  loss=0.5159
  batch 180/264  loss=0.4781
  batch 190/264  loss=0.5351
  batch 200/264  loss=0.5853
  batch 210/264  loss=0.5246
  batch 220/264  loss=0.4360
  batch 230/264  loss=0.4292
  batch 240/264  loss=0.3637
  batch 250/264  loss=0.3677
  batch 260/264  loss=0.3798
Epoch 210/300  train=4.647e-01  rmse=1.8719  lr=1.0e-04  231s
  batch 10/264  loss=0.3950
  batch 20/264  loss=0.6012
  batch 30/264  loss=0.4252
  batch 40/264  loss=0.3676
  batch 50/264  loss=0.5953
  batch 60/264  loss=0.7115
  batch 70/264  loss=0.3472
  batch 80/264  loss=0.5692
  batch 90/264  loss=0.6205
  batch 100/264  loss=0.6902
  batch 110/264  loss=0.3886
  batch 120/264  loss=0.4281
  batch 130/264  loss=0.4145
  batch 140/264  loss=0.4957
  batch 150/264  loss=0.4824
  batch 160/264  loss=0.5145
  batch 170/264  loss=0.5018
  batch 180/264  loss=0.4323
  batch 190/264  loss=0.4037
  batch 200/264  loss=0.3991
  batch 210/264  loss=0.3090
  batch 220/264  loss=0.3986
  batch 230/264  loss=0.4633
  batch 240/264  loss=0.5445
  batch 250/264  loss=0.4745
  batch 260/264  loss=0.5125
Epoch 211/300  train=4.609e-01  rmse=1.8558  lr=1.0e-04  231s
  batch 10/264  loss=0.6322
  batch 20/264  loss=0.5404
  batch 30/264  loss=0.4323
  batch 40/264  loss=0.5321
  batch 50/264  loss=0.3906
  batch 60/264  loss=0.4073
  batch 70/264  loss=0.3968
  batch 80/264  loss=0.4617
  batch 90/264  loss=0.3541
  batch 100/264  loss=0.5874
  batch 110/264  loss=0.4667
  batch 120/264  loss=0.5721
  batch 130/264  loss=0.4326
  batch 140/264  loss=0.4487
  batch 150/264  loss=0.3716
  batch 160/264  loss=0.4871
  batch 170/264  loss=0.4346
  batch 180/264  loss=0.4019
  batch 190/264  loss=0.4995
  batch 200/264  loss=0.3270
  batch 210/264  loss=0.5685
  batch 220/264  loss=0.4265
  batch 230/264  loss=0.4270
  batch 240/264  loss=0.3533
  batch 250/264  loss=0.4703
  batch 260/264  loss=0.6193
Epoch 212/300  train=4.599e-01  rmse=1.8508  lr=1.0e-04  230s
  -> best  monitor=4.599e-01
  batch 10/264  loss=0.4594
  batch 20/264  loss=0.4246
  batch 30/264  loss=0.2860
  batch 40/264  loss=0.4770
  batch 50/264  loss=0.4923
  batch 60/264  loss=0.3673
  batch 70/264  loss=0.3782
  batch 80/264  loss=0.4652
  batch 90/264  loss=0.4931
  batch 100/264  loss=0.4895
  batch 110/264  loss=0.5158
  batch 120/264  loss=0.3694
  batch 130/264  loss=0.3959
  batch 140/264  loss=0.4277
  batch 150/264  loss=0.3704
  batch 160/264  loss=0.4276
  batch 170/264  loss=0.4742
  batch 180/264  loss=0.4263
  batch 190/264  loss=0.4442
  batch 200/264  loss=0.3739
  batch 210/264  loss=0.4611
  batch 220/264  loss=0.4188
  batch 230/264  loss=0.4388
  batch 240/264  loss=0.4699
  batch 250/264  loss=0.5729
  batch 260/264  loss=0.4348
Epoch 213/300  train=4.574e-01  rmse=1.8251  lr=1.0e-04  230s
  -> best  monitor=4.574e-01
  batch 10/264  loss=0.4652
  batch 20/264  loss=0.4229
  batch 30/264  loss=0.3093
  batch 40/264  loss=0.5210
  batch 50/264  loss=0.4293
  batch 60/264  loss=0.3688
  batch 70/264  loss=0.5985
  batch 80/264  loss=0.9443
  batch 90/264  loss=0.4991
  batch 100/264  loss=0.3257
  batch 110/264  loss=0.5082
  batch 120/264  loss=0.4675
  batch 130/264  loss=0.4537
  batch 140/264  loss=0.4211
  batch 150/264  loss=0.5384
  batch 160/264  loss=0.3538
  batch 170/264  loss=0.6393
  batch 180/264  loss=0.4342
  batch 190/264  loss=0.5802
  batch 200/264  loss=0.3801
  batch 210/264  loss=0.3610
  batch 220/264  loss=0.4700
  batch 230/264  loss=0.3680
  batch 240/264  loss=0.4029
  batch 250/264  loss=0.3729
  batch 260/264  loss=0.3720
Epoch 214/300  train=4.614e-01  rmse=1.8782  lr=1.0e-04  230s
  batch 10/264  loss=0.4120
  batch 20/264  loss=0.4862
  batch 30/264  loss=0.4536
  batch 40/264  loss=0.3998
  batch 50/264  loss=0.5853
  batch 60/264  loss=0.3838
  batch 70/264  loss=0.4726
  batch 80/264  loss=0.4257
  batch 90/264  loss=0.5306
  batch 100/264  loss=0.4710
  batch 110/264  loss=0.3541
  batch 120/264  loss=0.3979
  batch 130/264  loss=0.4256
  batch 140/264  loss=0.3871
  batch 150/264  loss=0.4123
  batch 160/264  loss=0.4602
  batch 170/264  loss=0.4573
  batch 180/264  loss=0.5916
  batch 190/264  loss=0.4366
  batch 200/264  loss=0.4850
  batch 210/264  loss=0.4179
  batch 220/264  loss=0.3635
  batch 230/264  loss=0.3608
  batch 240/264  loss=0.4375
  batch 250/264  loss=0.4897
  batch 260/264  loss=0.3192
Epoch 215/300  train=4.631e-01  rmse=1.8753  lr=1.0e-04  230s
  batch 10/264  loss=0.4666
  batch 20/264  loss=0.5988
  batch 30/264  loss=0.5076
  batch 40/264  loss=0.4006
  batch 50/264  loss=0.4088
  batch 60/264  loss=0.4434
  batch 70/264  loss=0.4138
  batch 80/264  loss=0.5046
  batch 90/264  loss=0.3785
  batch 100/264  loss=0.4503
  batch 110/264  loss=0.4378
  batch 120/264  loss=0.4147
  batch 130/264  loss=0.6323
  batch 140/264  loss=0.4357
  batch 150/264  loss=0.3996
  batch 160/264  loss=0.5379
  batch 170/264  loss=0.4275
  batch 180/264  loss=0.4767
  batch 190/264  loss=0.5892
  batch 200/264  loss=0.4783
  batch 210/264  loss=0.5139
  batch 220/264  loss=0.5392
  batch 230/264  loss=0.3324
  batch 240/264  loss=0.5865
  batch 250/264  loss=0.4338
  batch 260/264  loss=0.5425
Epoch 216/300  train=4.581e-01  rmse=1.8830  lr=1.0e-04  229s
  batch 10/264  loss=0.3874
  batch 20/264  loss=0.5488
  batch 30/264  loss=0.3582
  batch 40/264  loss=0.4728
  batch 50/264  loss=0.5470
  batch 60/264  loss=0.4344
  batch 70/264  loss=0.4682
  batch 80/264  loss=0.4384
  batch 90/264  loss=0.4431
  batch 100/264  loss=0.4715
  batch 110/264  loss=0.4172
  batch 120/264  loss=0.4036
  batch 130/264  loss=0.4585
  batch 140/264  loss=0.4657
  batch 150/264  loss=0.2983
  batch 160/264  loss=0.3249
  batch 170/264  loss=0.3463
  batch 180/264  loss=0.5614
  batch 190/264  loss=0.4134
  batch 200/264  loss=0.6049
  batch 210/264  loss=0.6026
  batch 220/264  loss=0.4163
  batch 230/264  loss=0.3127
  batch 240/264  loss=0.4198
  batch 250/264  loss=0.4701
  batch 260/264  loss=0.3742
Epoch 217/300  train=4.584e-01  rmse=1.8593  lr=1.0e-04  229s
  batch 10/264  loss=0.5279
  batch 20/264  loss=0.4035
  batch 30/264  loss=0.3298
  batch 40/264  loss=0.5702
  batch 50/264  loss=0.4178
  batch 60/264  loss=0.4374
  batch 70/264  loss=0.5496
  batch 80/264  loss=0.4822
  batch 90/264  loss=0.4323
  batch 100/264  loss=0.3354
  batch 110/264  loss=0.4725
  batch 120/264  loss=0.4629
  batch 130/264  loss=0.3954
  batch 140/264  loss=0.4593
  batch 150/264  loss=0.4548
  batch 160/264  loss=0.5454
  batch 170/264  loss=0.2930
  batch 180/264  loss=0.4663
  batch 190/264  loss=0.4449
  batch 200/264  loss=0.4638
  batch 210/264  loss=0.5485
  batch 220/264  loss=0.3878
  batch 230/264  loss=0.4013
  batch 240/264  loss=0.4069
  batch 250/264  loss=0.3745
  batch 260/264  loss=0.5650
Epoch 218/300  train=4.606e-01  rmse=1.8518  lr=1.0e-04  230s
  batch 10/264  loss=0.4235
  batch 20/264  loss=0.5280
  batch 30/264  loss=0.5144
  batch 40/264  loss=0.7383
  batch 50/264  loss=0.4153
  batch 60/264  loss=0.5699
  batch 70/264  loss=0.7118
  batch 80/264  loss=0.5006
  batch 90/264  loss=0.6019
  batch 100/264  loss=0.4681
  batch 110/264  loss=0.4102
  batch 120/264  loss=0.3257
  batch 130/264  loss=0.4547
  batch 140/264  loss=0.3974
  batch 150/264  loss=0.3314
  batch 160/264  loss=0.4740
  batch 170/264  loss=0.5879
  batch 180/264  loss=0.5138
  batch 190/264  loss=0.3357
  batch 200/264  loss=0.5062
  batch 210/264  loss=0.4265
  batch 220/264  loss=0.5460
  batch 230/264  loss=0.4366
  batch 240/264  loss=0.4029
  batch 250/264  loss=0.3784
  batch 260/264  loss=0.5174
Epoch 219/300  train=4.573e-01  rmse=1.8450  lr=1.0e-04  230s
  -> best  monitor=4.573e-01
  batch 10/264  loss=0.4346
  batch 20/264  loss=0.7403
  batch 30/264  loss=0.4396
  batch 40/264  loss=0.6023
  batch 50/264  loss=0.5230
  batch 60/264  loss=0.4102
  batch 70/264  loss=0.3614
  batch 80/264  loss=0.3978
  batch 90/264  loss=0.3585
  batch 100/264  loss=0.5268
  batch 110/264  loss=0.3975
  batch 120/264  loss=0.3440
  batch 130/264  loss=0.5504
  batch 140/264  loss=0.3839
  batch 150/264  loss=0.3379
  batch 160/264  loss=0.6002
  batch 170/264  loss=0.5140
  batch 180/264  loss=0.3962
  batch 190/264  loss=0.4196
  batch 200/264  loss=0.4802
  batch 210/264  loss=0.4364
  batch 220/264  loss=0.5052
  batch 230/264  loss=0.3873
  batch 240/264  loss=0.4436
  batch 250/264  loss=0.4124
  batch 260/264  loss=0.5760
Epoch 220/300  train=4.583e-01  rmse=1.8754  lr=1.0e-04  230s
  batch 10/264  loss=0.6152
  batch 20/264  loss=0.3493
  batch 30/264  loss=0.5441
  batch 40/264  loss=0.5425
  batch 50/264  loss=0.4772
  batch 60/264  loss=0.4347
  batch 70/264  loss=0.4260
  batch 80/264  loss=0.5981
  batch 90/264  loss=0.4247
  batch 100/264  loss=0.4735
  batch 110/264  loss=0.3102
  batch 120/264  loss=0.4944
  batch 130/264  loss=0.4017
  batch 140/264  loss=0.5497
  batch 150/264  loss=0.5521
  batch 160/264  loss=0.4279
  batch 170/264  loss=0.3978
  batch 180/264  loss=0.4191
  batch 190/264  loss=0.3608
  batch 200/264  loss=0.4508
  batch 210/264  loss=0.3494
  batch 220/264  loss=0.3273
  batch 230/264  loss=0.4404
  batch 240/264  loss=0.3947
  batch 250/264  loss=0.5190
  batch 260/264  loss=0.3780
Epoch 221/300  train=4.577e-01  rmse=1.8244  lr=1.0e-04  229s
  batch 10/264  loss=0.5439
  batch 20/264  loss=0.4345
  batch 30/264  loss=0.4244
  batch 40/264  loss=0.4845
  batch 50/264  loss=0.4499
  batch 60/264  loss=0.4662
  batch 70/264  loss=0.4278
  batch 80/264  loss=0.4442
  batch 90/264  loss=0.3998
  batch 100/264  loss=0.4522
  batch 110/264  loss=0.4367
  batch 120/264  loss=0.3227
  batch 130/264  loss=0.3675
  batch 140/264  loss=0.4425
  batch 150/264  loss=0.4736
  batch 160/264  loss=0.3898
  batch 170/264  loss=0.4471
  batch 180/264  loss=0.4742
  batch 190/264  loss=0.3912
  batch 200/264  loss=0.3731
  batch 210/264  loss=0.4541
  batch 220/264  loss=0.6364
  batch 230/264  loss=0.4521
  batch 240/264  loss=0.3629
  batch 250/264  loss=0.5316
  batch 260/264  loss=0.4760
Epoch 222/300  train=4.601e-01  rmse=1.9190  lr=1.0e-04  229s
  batch 10/264  loss=0.5667
  batch 20/264  loss=0.3725
  batch 30/264  loss=0.4224
  batch 40/264  loss=0.4009
  batch 50/264  loss=0.5614
  batch 60/264  loss=0.4179
  batch 70/264  loss=0.4307
  batch 80/264  loss=0.4244
  batch 90/264  loss=0.3342
  batch 100/264  loss=0.5575
  batch 110/264  loss=0.4402
  batch 120/264  loss=0.4294
  batch 130/264  loss=0.4549
  batch 140/264  loss=0.4983
  batch 150/264  loss=0.4087
  batch 160/264  loss=0.3867
  batch 170/264  loss=0.3894
  batch 180/264  loss=0.5394
  batch 190/264  loss=0.5167
  batch 200/264  loss=0.5041
  batch 210/264  loss=0.4440
  batch 220/264  loss=0.4124
  batch 230/264  loss=0.5026
  batch 240/264  loss=0.5523
  batch 250/264  loss=0.5482
  batch 260/264  loss=0.6682
Epoch 223/300  train=4.538e-01  rmse=1.8145  lr=1.0e-04  229s
  -> best  monitor=4.538e-01
  batch 10/264  loss=0.4632
  batch 20/264  loss=0.4574
  batch 30/264  loss=0.5223
  batch 40/264  loss=0.4623
  batch 50/264  loss=0.4602
  batch 60/264  loss=0.3570
  batch 70/264  loss=0.3001
  batch 80/264  loss=0.6478
  batch 90/264  loss=0.3393
  batch 100/264  loss=0.3573
  batch 110/264  loss=0.4904
  batch 120/264  loss=0.3816
  batch 130/264  loss=0.4592
  batch 140/264  loss=0.4896
  batch 150/264  loss=0.6302
  batch 160/264  loss=0.3805
  batch 170/264  loss=0.3936
  batch 180/264  loss=0.5226
  batch 190/264  loss=0.6344
  batch 200/264  loss=0.5073
  batch 210/264  loss=0.6220
  batch 220/264  loss=0.4954
  batch 230/264  loss=0.4430
  batch 240/264  loss=0.4716
  batch 250/264  loss=0.4515
  batch 260/264  loss=0.4116
Epoch 224/300  train=4.564e-01  rmse=1.8159  lr=1.0e-04  229s
  batch 10/264  loss=0.3457
  batch 20/264  loss=0.4635
  batch 30/264  loss=0.5406
  batch 40/264  loss=0.3377
  batch 50/264  loss=0.5442
  batch 60/264  loss=0.3878
  batch 70/264  loss=0.4127
  batch 80/264  loss=0.4096
  batch 90/264  loss=0.3576
  batch 100/264  loss=0.3449
  batch 110/264  loss=0.8572
  batch 120/264  loss=0.4256
  batch 130/264  loss=0.4275
  batch 140/264  loss=0.4139
  batch 150/264  loss=0.6963
  batch 160/264  loss=0.3876
  batch 170/264  loss=0.5291
  batch 180/264  loss=0.3809
  batch 190/264  loss=0.4738
  batch 200/264  loss=0.4111
  batch 210/264  loss=0.5929
  batch 220/264  loss=0.4344
  batch 230/264  loss=0.3935
  batch 240/264  loss=0.5785
  batch 250/264  loss=0.3430
  batch 260/264  loss=0.5462
Epoch 225/300  train=4.542e-01  rmse=1.8315  lr=1.0e-04  235s
  batch 10/264  loss=0.3153
  batch 20/264  loss=0.3946
  batch 30/264  loss=0.5557
  batch 40/264  loss=0.4892
  batch 50/264  loss=0.4704
  batch 60/264  loss=0.5243
  batch 70/264  loss=0.4253
  batch 80/264  loss=0.4396
  batch 90/264  loss=0.3767
  batch 100/264  loss=0.3447
  batch 110/264  loss=0.5043
  batch 120/264  loss=0.5139
  batch 130/264  loss=0.6027
  batch 140/264  loss=0.5450
  batch 150/264  loss=0.4217
  batch 160/264  loss=0.5312
  batch 170/264  loss=0.5983
  batch 180/264  loss=0.4753
  batch 190/264  loss=0.3707
  batch 200/264  loss=0.4363
  batch 210/264  loss=0.5994
  batch 220/264  loss=0.4049
  batch 230/264  loss=0.5471
  batch 240/264  loss=0.3842
  batch 250/264  loss=0.5668
  batch 260/264  loss=0.4283
Epoch 226/300  train=4.568e-01  rmse=1.8351  lr=1.0e-04  260s
  batch 10/264  loss=0.5150
  batch 20/264  loss=0.5188
  batch 30/264  loss=0.5295
  batch 40/264  loss=0.5483
  batch 50/264  loss=0.4081
  batch 60/264  loss=0.4160
  batch 70/264  loss=0.4865
  batch 80/264  loss=0.4887
  batch 90/264  loss=0.3676
  batch 100/264  loss=0.4230
  batch 110/264  loss=0.5101
  batch 120/264  loss=0.3530
  batch 130/264  loss=0.3345
  batch 140/264  loss=0.5973
  batch 150/264  loss=0.5341
  batch 160/264  loss=0.2903
  batch 170/264  loss=0.4179
  batch 180/264  loss=0.4797
  batch 190/264  loss=0.3532
  batch 200/264  loss=0.3948
  batch 210/264  loss=0.4347
  batch 220/264  loss=0.4646
  batch 230/264  loss=0.3841
  batch 240/264  loss=0.4568
  batch 250/264  loss=0.3582
  batch 260/264  loss=0.4670
Epoch 227/300  train=4.513e-01  rmse=1.8373  lr=1.0e-04  261s
  -> best  monitor=4.513e-01
  batch 10/264  loss=0.3977
  batch 20/264  loss=0.4550
  batch 30/264  loss=0.4981
  batch 40/264  loss=0.3695
  batch 50/264  loss=0.3787
  batch 60/264  loss=0.5959
  batch 70/264  loss=0.4437
  batch 80/264  loss=0.4862
  batch 90/264  loss=0.5278
  batch 100/264  loss=0.3784
  batch 110/264  loss=0.5182
  batch 120/264  loss=0.3323
  batch 130/264  loss=0.4355
  batch 140/264  loss=0.5632
  batch 150/264  loss=0.3445
  batch 160/264  loss=0.5792
  batch 170/264  loss=0.5114
  batch 180/264  loss=0.3701
  batch 190/264  loss=0.5312
  batch 200/264  loss=0.5755
  batch 210/264  loss=0.4065
  batch 220/264  loss=0.5279
  batch 230/264  loss=0.4323
  batch 240/264  loss=0.3971
  batch 250/264  loss=0.2985
  batch 260/264  loss=0.9502
Epoch 228/300  train=4.554e-01  rmse=1.8271  lr=1.0e-04  263s
  batch 10/264  loss=0.3994
  batch 20/264  loss=0.4400
  batch 30/264  loss=0.4546
  batch 40/264  loss=0.4274
  batch 50/264  loss=0.4548
  batch 60/264  loss=0.5520
  batch 70/264  loss=0.4636
  batch 80/264  loss=0.4490
  batch 90/264  loss=0.4440
  batch 100/264  loss=0.4233
  batch 110/264  loss=0.6235
  batch 120/264  loss=0.3042
  batch 130/264  loss=0.4726
  batch 140/264  loss=0.4707
  batch 150/264  loss=0.3425
  batch 160/264  loss=0.4589
  batch 170/264  loss=0.6947
  batch 180/264  loss=0.4609
  batch 190/264  loss=0.3995
  batch 200/264  loss=0.5300
  batch 210/264  loss=0.5396
  batch 220/264  loss=0.4417
  batch 230/264  loss=0.4973
  batch 240/264  loss=0.6640
  batch 250/264  loss=0.4417
  batch 260/264  loss=0.4700
Epoch 229/300  train=4.563e-01  rmse=1.8518  lr=1.0e-04  234s
  batch 10/264  loss=0.4806
  batch 20/264  loss=0.5264
  batch 30/264  loss=0.4080
  batch 40/264  loss=0.3839
  batch 50/264  loss=0.2877
  batch 60/264  loss=0.3672
  batch 70/264  loss=0.5614
  batch 80/264  loss=0.3503
  batch 90/264  loss=0.4272
  batch 100/264  loss=0.4620
  batch 110/264  loss=0.4820
  batch 120/264  loss=0.4066
  batch 130/264  loss=0.3779
  batch 140/264  loss=0.4207
  batch 150/264  loss=0.4166
  batch 160/264  loss=0.5297
  batch 170/264  loss=0.4413
  batch 180/264  loss=0.4738
  batch 190/264  loss=0.5437
  batch 200/264  loss=0.4456
  batch 210/264  loss=0.5794
  batch 220/264  loss=0.5503
  batch 230/264  loss=0.4010
  batch 240/264  loss=0.6600
  batch 250/264  loss=0.3575
  batch 260/264  loss=0.4264
Epoch 230/300  train=4.560e-01  rmse=1.8334  lr=1.0e-04  234s
  batch 10/264  loss=0.3937
  batch 20/264  loss=0.4355
  batch 30/264  loss=0.4545
  batch 40/264  loss=0.4335
  batch 50/264  loss=0.4868
  batch 60/264  loss=0.3829
  batch 70/264  loss=0.4239
  batch 80/264  loss=0.4034
  batch 90/264  loss=0.3408
  batch 100/264  loss=0.3809
  batch 110/264  loss=0.8180
  batch 120/264  loss=0.3614
  batch 130/264  loss=0.4699
  batch 140/264  loss=0.2947
  batch 150/264  loss=0.4341
  batch 160/264  loss=0.6824
  batch 170/264  loss=0.5104
  batch 180/264  loss=0.3987
  batch 190/264  loss=0.4311
  batch 200/264  loss=0.4078
  batch 210/264  loss=0.3978
  batch 220/264  loss=0.3646
  batch 230/264  loss=0.6339
  batch 240/264  loss=0.4253
  batch 250/264  loss=0.3316
  batch 260/264  loss=0.4069
Epoch 231/300  train=4.506e-01  rmse=2.4986  lr=1.0e-04  233s
  -> best  monitor=4.506e-01
  batch 10/264  loss=0.3949
  batch 20/264  loss=0.3763
  batch 30/264  loss=0.3867
  batch 40/264  loss=0.4145
  batch 50/264  loss=0.3473
  batch 60/264  loss=0.5128
  batch 70/264  loss=0.4154
  batch 80/264  loss=0.6746
  batch 90/264  loss=0.3459
  batch 100/264  loss=0.5215
  batch 110/264  loss=0.3269
  batch 120/264  loss=0.4299
  batch 130/264  loss=0.4674
  batch 140/264  loss=0.3166
  batch 150/264  loss=0.3687
  batch 160/264  loss=0.4078
  batch 170/264  loss=0.4238
  batch 180/264  loss=0.7058
  batch 190/264  loss=0.6115
  batch 200/264  loss=0.4741
  batch 210/264  loss=0.3644
  batch 220/264  loss=0.4590
  batch 230/264  loss=0.5803
  batch 240/264  loss=0.4611
  batch 250/264  loss=0.5558
  batch 260/264  loss=0.4630
Epoch 232/300  train=4.550e-01  rmse=1.8892  lr=1.0e-04  234s
  batch 10/264  loss=0.3659
  batch 20/264  loss=0.3319
  batch 30/264  loss=0.4356
  batch 40/264  loss=0.5237
  batch 50/264  loss=0.4146
  batch 60/264  loss=0.4720
  batch 70/264  loss=0.5176
  batch 80/264  loss=0.3226
  batch 90/264  loss=0.3976
  batch 100/264  loss=0.3537
  batch 110/264  loss=0.3067
  batch 120/264  loss=0.4506
  batch 130/264  loss=0.8263
  batch 140/264  loss=0.4223
  batch 150/264  loss=0.4390
  batch 160/264  loss=0.5402
  batch 170/264  loss=0.6143
  batch 180/264  loss=0.4488
  batch 190/264  loss=0.6143
  batch 200/264  loss=0.5486
  batch 210/264  loss=0.4541
  batch 220/264  loss=0.4587
  batch 230/264  loss=0.5145
  batch 240/264  loss=0.5500
  batch 250/264  loss=0.6868
  batch 260/264  loss=0.5612
Epoch 233/300  train=4.558e-01  rmse=1.8835  lr=1.0e-04  233s
  batch 10/264  loss=0.3780
  batch 20/264  loss=0.3063
  batch 30/264  loss=0.3670
  batch 40/264  loss=0.4099
  batch 50/264  loss=0.4069
  batch 60/264  loss=0.5783
  batch 70/264  loss=0.5472
  batch 80/264  loss=0.4446
  batch 90/264  loss=0.5201
  batch 100/264  loss=0.4055
  batch 110/264  loss=0.5034
  batch 120/264  loss=0.3431
  batch 130/264  loss=0.4517
  batch 140/264  loss=0.4012
  batch 150/264  loss=0.4070
  batch 160/264  loss=0.6716
  batch 170/264  loss=0.4577
  batch 180/264  loss=0.5564
  batch 190/264  loss=0.4263
  batch 200/264  loss=0.4277
  batch 210/264  loss=0.3941
  batch 220/264  loss=0.4142
  batch 230/264  loss=0.3549
  batch 240/264  loss=0.5197
  batch 250/264  loss=0.3056
  batch 260/264  loss=0.3629
Epoch 234/300  train=4.550e-01  rmse=1.8157  lr=1.0e-04  231s
  batch 10/264  loss=0.3396
  batch 20/264  loss=0.3943
  batch 30/264  loss=0.4187
  batch 40/264  loss=0.5482
  batch 50/264  loss=0.4148
  batch 60/264  loss=0.3289
  batch 70/264  loss=0.4624
  batch 80/264  loss=0.3499
  batch 90/264  loss=0.5401
  batch 100/264  loss=0.4648
  batch 110/264  loss=0.4245
  batch 120/264  loss=0.5696
  batch 130/264  loss=0.3951
  batch 140/264  loss=0.5666
  batch 150/264  loss=0.4954
  batch 160/264  loss=0.3455
  batch 170/264  loss=0.6170
  batch 180/264  loss=0.3985
  batch 190/264  loss=0.4612
  batch 200/264  loss=0.3313
  batch 210/264  loss=0.6150
  batch 220/264  loss=0.4025
  batch 230/264  loss=0.3213
  batch 240/264  loss=0.5949
  batch 250/264  loss=0.4824
  batch 260/264  loss=0.3468
Epoch 235/300  train=4.549e-01  rmse=1.8261  lr=1.0e-04  230s
  batch 10/264  loss=0.4305
  batch 20/264  loss=0.3860
  batch 30/264  loss=0.4817
  batch 40/264  loss=0.4080
  batch 50/264  loss=0.5390
  batch 60/264  loss=0.3653
  batch 70/264  loss=0.4385
  batch 80/264  loss=0.5229
  batch 90/264  loss=0.3923
  batch 100/264  loss=0.4233
  batch 110/264  loss=0.5112
  batch 120/264  loss=0.5544
  batch 130/264  loss=0.5179
  batch 140/264  loss=0.3928
  batch 150/264  loss=0.4724
  batch 160/264  loss=0.4862
  batch 170/264  loss=0.3446
  batch 180/264  loss=0.4545
  batch 190/264  loss=0.6688
  batch 200/264  loss=0.5582
  batch 210/264  loss=0.4802
  batch 220/264  loss=0.3251
  batch 230/264  loss=0.3951
  batch 240/264  loss=0.5031
  batch 250/264  loss=0.5251
  batch 260/264  loss=0.3638
Epoch 236/300  train=4.469e-01  rmse=1.7808  lr=1.0e-04  229s
  -> best  monitor=4.469e-01
  batch 10/264  loss=0.6095
  batch 20/264  loss=0.5068
  batch 30/264  loss=0.3673
  batch 40/264  loss=0.4554
  batch 50/264  loss=0.4345
  batch 60/264  loss=0.3322
  batch 70/264  loss=0.6575
  batch 80/264  loss=0.4744
  batch 90/264  loss=0.5379
  batch 100/264  loss=0.4597
  batch 110/264  loss=0.4310
  batch 120/264  loss=0.3566
  batch 130/264  loss=0.4422
  batch 140/264  loss=0.4326
  batch 150/264  loss=0.5206
  batch 160/264  loss=0.5171
  batch 170/264  loss=0.4404
  batch 180/264  loss=0.4910
  batch 190/264  loss=0.3845
  batch 200/264  loss=0.4531
  batch 210/264  loss=0.3917
  batch 220/264  loss=0.4840
  batch 230/264  loss=0.4431
  batch 240/264  loss=0.4987
  batch 250/264  loss=0.2961
  batch 260/264  loss=0.3985
Epoch 237/300  train=4.498e-01  rmse=1.8119  lr=1.0e-04  230s
  batch 10/264  loss=0.4859
  batch 20/264  loss=0.3498
  batch 30/264  loss=0.4552
  batch 40/264  loss=0.4673
  batch 50/264  loss=0.4291
  batch 60/264  loss=0.5507
  batch 70/264  loss=0.4464
  batch 80/264  loss=0.4328
  batch 90/264  loss=0.4074
  batch 100/264  loss=0.5497
  batch 110/264  loss=0.5907
  batch 120/264  loss=0.4710
  batch 130/264  loss=0.4292
  batch 140/264  loss=0.4065
  batch 150/264  loss=0.4445
  batch 160/264  loss=0.4117
  batch 170/264  loss=0.3802
  batch 180/264  loss=0.4120
  batch 190/264  loss=0.4349
  batch 200/264  loss=0.4252
  batch 210/264  loss=0.4573
  batch 220/264  loss=0.4224
  batch 230/264  loss=0.5106
  batch 240/264  loss=0.4485
  batch 250/264  loss=0.3114
  batch 260/264  loss=0.4492
Epoch 238/300  train=4.533e-01  rmse=1.8003  lr=1.0e-04  231s
  batch 10/264  loss=0.4825
  batch 20/264  loss=0.4445
  batch 30/264  loss=0.4868
  batch 40/264  loss=0.4259
  batch 50/264  loss=0.4356
  batch 60/264  loss=0.5698
  batch 70/264  loss=0.3935
  batch 80/264  loss=0.4479
  batch 90/264  loss=0.4444
  batch 100/264  loss=0.3859
  batch 110/264  loss=0.4298
  batch 120/264  loss=0.4227
  batch 130/264  loss=0.5557
  batch 140/264  loss=0.5121
  batch 150/264  loss=0.5234
  batch 160/264  loss=0.4154
  batch 170/264  loss=0.3600
  batch 180/264  loss=0.4135
  batch 190/264  loss=0.4679
  batch 200/264  loss=0.4140
  batch 210/264  loss=0.4714
  batch 220/264  loss=0.3040
  batch 230/264  loss=0.5528
  batch 240/264  loss=0.3450
  batch 250/264  loss=0.7948
  batch 260/264  loss=0.5238
Epoch 239/300  train=4.524e-01  rmse=1.8094  lr=1.0e-04  229s
  batch 10/264  loss=0.4551
  batch 20/264  loss=0.3582
  batch 30/264  loss=0.4708
  batch 40/264  loss=0.5605
  batch 50/264  loss=0.4023
  batch 60/264  loss=0.3812
  batch 70/264  loss=0.4493
  batch 80/264  loss=0.5897
  batch 90/264  loss=0.3300
  batch 100/264  loss=0.3948
  batch 110/264  loss=0.4301
  batch 120/264  loss=0.3829
  batch 130/264  loss=0.4233
  batch 140/264  loss=0.4827
  batch 150/264  loss=0.4001
  batch 160/264  loss=0.4678
  batch 170/264  loss=0.4755
  batch 180/264  loss=0.3830
  batch 190/264  loss=0.5130
  batch 200/264  loss=0.4823
  batch 210/264  loss=0.4099
  batch 220/264  loss=0.4604
  batch 230/264  loss=0.3838
  batch 240/264  loss=0.4779
  batch 250/264  loss=0.4079
  batch 260/264  loss=0.6543
Epoch 240/300  train=4.453e-01  rmse=1.7852  lr=1.0e-04  230s
  -> best  monitor=4.453e-01
  batch 10/264  loss=0.3757
  batch 20/264  loss=0.3876
  batch 30/264  loss=0.4499
  batch 40/264  loss=0.3781
  batch 50/264  loss=0.4034
  batch 60/264  loss=0.3961
  batch 70/264  loss=0.4471
  batch 80/264  loss=0.3265
  batch 90/264  loss=0.4226
  batch 100/264  loss=0.3470
  batch 110/264  loss=0.4148
  batch 120/264  loss=0.5814
  batch 130/264  loss=0.4390
  batch 140/264  loss=0.4617
  batch 150/264  loss=0.4325
  batch 160/264  loss=0.4565
  batch 170/264  loss=0.4420
  batch 180/264  loss=0.5261
  batch 190/264  loss=0.3424
  batch 200/264  loss=0.4561
  batch 210/264  loss=0.3943
  batch 220/264  loss=0.5712
  batch 230/264  loss=0.5558
  batch 240/264  loss=0.4319
  batch 250/264  loss=0.5356
  batch 260/264  loss=0.4380
Epoch 241/300  train=4.472e-01  rmse=1.8209  lr=1.0e-04  231s
  batch 10/264  loss=0.3217
  batch 20/264  loss=0.3847
  batch 30/264  loss=0.5304
  batch 40/264  loss=0.4419
  batch 50/264  loss=0.4185
  batch 60/264  loss=0.3128
  batch 70/264  loss=0.4182
  batch 80/264  loss=0.5500
  batch 90/264  loss=0.3382
  batch 100/264  loss=0.3586
  batch 110/264  loss=0.4164
  batch 120/264  loss=0.4762
  batch 130/264  loss=0.3605
  batch 140/264  loss=0.3299
  batch 150/264  loss=0.5928
  batch 160/264  loss=0.4483
  batch 170/264  loss=0.5717
  batch 180/264  loss=0.3889
  batch 190/264  loss=0.4758
  batch 200/264  loss=0.3092
  batch 210/264  loss=0.3977
  batch 220/264  loss=0.3659
  batch 230/264  loss=0.5200
  batch 240/264  loss=0.5321
  batch 250/264  loss=0.4223
  batch 260/264  loss=0.4051
Epoch 242/300  train=4.557e-01  rmse=1.9301  lr=1.0e-04  231s
  batch 10/264  loss=0.4205
  batch 20/264  loss=0.4917
  batch 30/264  loss=0.3424
  batch 40/264  loss=0.3148
  batch 50/264  loss=0.5136
  batch 60/264  loss=0.3933
  batch 70/264  loss=0.4798
  batch 80/264  loss=0.4990
  batch 90/264  loss=0.3348
  batch 100/264  loss=0.6912
  batch 110/264  loss=0.7816
  batch 120/264  loss=0.5336
  batch 130/264  loss=0.4930
  batch 140/264  loss=0.3351
  batch 150/264  loss=0.4371
  batch 160/264  loss=0.5282
  batch 170/264  loss=0.3613
  batch 180/264  loss=0.5761
  batch 190/264  loss=0.5440
  batch 200/264  loss=0.3046
  batch 210/264  loss=0.3508
  batch 220/264  loss=0.3959
  batch 230/264  loss=0.5453
  batch 240/264  loss=0.4744
  batch 250/264  loss=0.4895
  batch 260/264  loss=0.3977
Epoch 243/300  train=4.511e-01  rmse=1.8614  lr=1.0e-04  231s
  batch 10/264  loss=0.3835
  batch 20/264  loss=0.4936
  batch 30/264  loss=0.5499
  batch 40/264  loss=0.3922
  batch 50/264  loss=0.5070
  batch 60/264  loss=0.7579
  batch 70/264  loss=0.5499
  batch 80/264  loss=0.3991
  batch 90/264  loss=0.3861
  batch 100/264  loss=0.5058
  batch 110/264  loss=0.4067
  batch 120/264  loss=0.3303
  batch 130/264  loss=0.5001
  batch 140/264  loss=0.3812
  batch 150/264  loss=0.4908
  batch 160/264  loss=0.5960
  batch 170/264  loss=0.4491
  batch 180/264  loss=0.4337
  batch 190/264  loss=0.3732
  batch 200/264  loss=0.5384
  batch 210/264  loss=0.4150
  batch 220/264  loss=0.3272
  batch 230/264  loss=0.4860
  batch 240/264  loss=0.3724
  batch 250/264  loss=0.3461
  batch 260/264  loss=0.5312
Epoch 244/300  train=4.476e-01  rmse=1.8212  lr=1.0e-04  231s
  batch 10/264  loss=0.3479
  batch 20/264  loss=0.4775
  batch 30/264  loss=0.3753
  batch 40/264  loss=0.5125
  batch 50/264  loss=0.4432
  batch 60/264  loss=0.4226
  batch 70/264  loss=0.3744
  batch 80/264  loss=0.4532
  batch 90/264  loss=0.5938
  batch 100/264  loss=0.5558
  batch 110/264  loss=0.5706
  batch 120/264  loss=0.5717
  batch 130/264  loss=0.4379
  batch 140/264  loss=0.3399
  batch 150/264  loss=0.4641
  batch 160/264  loss=0.4132
  batch 170/264  loss=0.5961
  batch 180/264  loss=0.4588
  batch 190/264  loss=0.4699
  batch 200/264  loss=0.4257
  batch 210/264  loss=0.4557
  batch 220/264  loss=0.3724
  batch 230/264  loss=0.4823
  batch 240/264  loss=0.3619
  batch 250/264  loss=0.6095
  batch 260/264  loss=0.3972
Epoch 245/300  train=4.508e-01  rmse=1.8318  lr=1.0e-04  231s
  batch 10/264  loss=0.4151
  batch 20/264  loss=0.3915
  batch 30/264  loss=0.5313
  batch 40/264  loss=0.3467
  batch 50/264  loss=0.5466
  batch 60/264  loss=0.4557
  batch 70/264  loss=0.3192
  batch 80/264  loss=0.4564
  batch 90/264  loss=0.5192
  batch 100/264  loss=0.3687
  batch 110/264  loss=0.3962
  batch 120/264  loss=0.4724
  batch 130/264  loss=0.4302
  batch 140/264  loss=0.4055
  batch 150/264  loss=0.4334
  batch 160/264  loss=0.3224
  batch 170/264  loss=0.3418
  batch 180/264  loss=0.5434
  batch 190/264  loss=0.3124
  batch 200/264  loss=0.5462
  batch 210/264  loss=0.4642
  batch 220/264  loss=0.5274
  batch 230/264  loss=0.5006
  batch 240/264  loss=0.3909
  batch 250/264  loss=0.6778
  batch 260/264  loss=0.4777
Epoch 246/300  train=4.444e-01  rmse=1.8999  lr=1.0e-04  229s
  -> best  monitor=4.444e-01
  batch 10/264  loss=0.4466
  batch 20/264  loss=0.3571
  batch 30/264  loss=0.3688
  batch 40/264  loss=0.4250
  batch 50/264  loss=0.4331
  batch 60/264  loss=0.3720
  batch 70/264  loss=0.4040
  batch 80/264  loss=0.4486
  batch 90/264  loss=0.4512
  batch 100/264  loss=0.4124
  batch 110/264  loss=0.3116
  batch 120/264  loss=0.3151
  batch 130/264  loss=0.4033
  batch 140/264  loss=0.4235
  batch 150/264  loss=0.5653
  batch 160/264  loss=0.5101
  batch 170/264  loss=0.3883
  batch 180/264  loss=0.5409
  batch 190/264  loss=0.5909
  batch 200/264  loss=0.4784
  batch 210/264  loss=0.3430
  batch 220/264  loss=0.5666
  batch 230/264  loss=0.4174
  batch 240/264  loss=0.3429
  batch 250/264  loss=0.3569
  batch 260/264  loss=0.5459
Epoch 247/300  train=4.471e-01  rmse=1.7845  lr=1.0e-04  228s
  batch 10/264  loss=0.3874
  batch 20/264  loss=0.4836
  batch 30/264  loss=0.3161
  batch 40/264  loss=0.4765
  batch 50/264  loss=0.4026
  batch 60/264  loss=0.4532
  batch 70/264  loss=0.5189
  batch 80/264  loss=0.3903
  batch 90/264  loss=0.4198
  batch 100/264  loss=0.4713
  batch 110/264  loss=0.4431
  batch 120/264  loss=0.4919
  batch 130/264  loss=0.4316
  batch 140/264  loss=0.3838
  batch 150/264  loss=0.4081
  batch 160/264  loss=0.4331
  batch 170/264  loss=0.5747
  batch 180/264  loss=0.4943
  batch 190/264  loss=0.3820
  batch 200/264  loss=0.4332
  batch 210/264  loss=0.4965
  batch 220/264  loss=0.4320
  batch 230/264  loss=0.4001
  batch 240/264  loss=0.4198
  batch 250/264  loss=0.4867
  batch 260/264  loss=0.6351
Epoch 248/300  train=4.501e-01  rmse=1.7988  lr=1.0e-04  230s
  batch 10/264  loss=0.3481
  batch 20/264  loss=0.4944
  batch 30/264  loss=0.3933
  batch 40/264  loss=0.4438
  batch 50/264  loss=0.4933
  batch 60/264  loss=0.3565
  batch 70/264  loss=0.4424
  batch 80/264  loss=0.4108
  batch 90/264  loss=0.4767
  batch 100/264  loss=0.4548
  batch 110/264  loss=0.5005
  batch 120/264  loss=0.5571
  batch 130/264  loss=0.5249
  batch 140/264  loss=0.5205
  batch 150/264  loss=0.4167
  batch 160/264  loss=0.4053
  batch 170/264  loss=0.3575
  batch 180/264  loss=0.4325
  batch 190/264  loss=0.3821
  batch 200/264  loss=0.8800
  batch 210/264  loss=0.4095
  batch 220/264  loss=0.4351
  batch 230/264  loss=0.5424
  batch 240/264  loss=0.5584
  batch 250/264  loss=0.4462
  batch 260/264  loss=0.3650
Epoch 249/300  train=4.497e-01  rmse=1.8118  lr=1.0e-04  229s
  batch 10/264  loss=0.4321
  batch 20/264  loss=0.6519
  batch 30/264  loss=0.4184
  batch 40/264  loss=0.5726
  batch 50/264  loss=0.5582
  batch 60/264  loss=0.5111
  batch 70/264  loss=0.5285
  batch 80/264  loss=0.4305
  batch 90/264  loss=0.5068
  batch 100/264  loss=0.4605
  batch 110/264  loss=0.3820
  batch 120/264  loss=0.7049
  batch 130/264  loss=0.3519
  batch 140/264  loss=0.4387
  batch 150/264  loss=0.4251
  batch 160/264  loss=0.5194
  batch 170/264  loss=0.3897
  batch 180/264  loss=0.4715
  batch 190/264  loss=0.4998
  batch 200/264  loss=0.5001
  batch 210/264  loss=0.5375
  batch 220/264  loss=0.6013
  batch 230/264  loss=0.4683
  batch 240/264  loss=0.5595
  batch 250/264  loss=0.4748
  batch 260/264  loss=0.3223
Epoch 250/300  train=4.460e-01  rmse=1.7606  lr=1.0e-04  230s
  batch 10/264  loss=0.3942
  batch 20/264  loss=0.4412
  batch 30/264  loss=0.3901
  batch 40/264  loss=0.5022
  batch 50/264  loss=0.3900
  batch 60/264  loss=0.4179
  batch 70/264  loss=0.3739
  batch 80/264  loss=0.4933
  batch 90/264  loss=0.4362
  batch 100/264  loss=0.5109
  batch 110/264  loss=0.5620
  batch 120/264  loss=0.4327
  batch 130/264  loss=0.4563
  batch 140/264  loss=0.4148
  batch 150/264  loss=0.5545
  batch 160/264  loss=0.3416
  batch 170/264  loss=0.6557
  batch 180/264  loss=0.4150
  batch 190/264  loss=0.4824
  batch 200/264  loss=0.4434
  batch 210/264  loss=0.3803
  batch 220/264  loss=0.3348
  batch 230/264  loss=0.5084
  batch 240/264  loss=0.5357
  batch 250/264  loss=0.5169
  batch 260/264  loss=0.4390
Epoch 251/300  train=4.444e-01  rmse=1.8379  lr=1.0e-04  230s
  batch 10/264  loss=0.4719
  batch 20/264  loss=0.5689
  batch 30/264  loss=0.4276
  batch 40/264  loss=0.4793
  batch 50/264  loss=0.4117
  batch 60/264  loss=1.2000
  batch 70/264  loss=0.4572
  batch 80/264  loss=0.4077
  batch 90/264  loss=0.4454
  batch 100/264  loss=0.4586
  batch 110/264  loss=0.5284
  batch 120/264  loss=0.4506
  batch 130/264  loss=0.3409
  batch 140/264  loss=0.4237
  batch 150/264  loss=0.3047
  batch 160/264  loss=0.4589
  batch 170/264  loss=0.3812
  batch 180/264  loss=0.3902
  batch 190/264  loss=0.4148
  batch 200/264  loss=0.3666
  batch 210/264  loss=0.3400
  batch 220/264  loss=0.4362
  batch 230/264  loss=0.3477
  batch 240/264  loss=0.3560
  batch 250/264  loss=0.4422
  batch 260/264  loss=0.4009
Epoch 252/300  train=4.500e-01  rmse=1.9098  lr=1.0e-04  230s
  batch 10/264  loss=0.4344
  batch 20/264  loss=0.3289
  batch 30/264  loss=0.3503
  batch 40/264  loss=0.3122
  batch 50/264  loss=0.3458
  batch 60/264  loss=0.3269
  batch 70/264  loss=0.4207
  batch 80/264  loss=0.4172
  batch 90/264  loss=0.5459
  batch 100/264  loss=0.4248
  batch 110/264  loss=0.4331
  batch 120/264  loss=0.3828
  batch 130/264  loss=0.6067
  batch 140/264  loss=0.5294
  batch 150/264  loss=0.4464
  batch 160/264  loss=0.5161
  batch 170/264  loss=0.4207
  batch 180/264  loss=0.3679
  batch 190/264  loss=0.4295
  batch 200/264  loss=0.3806
  batch 210/264  loss=0.5527
  batch 220/264  loss=0.4048
  batch 230/264  loss=0.4795
  batch 240/264  loss=0.4099
  batch 250/264  loss=0.4037
  batch 260/264  loss=0.4694
Epoch 253/300  train=4.445e-01  rmse=1.8047  lr=1.0e-04  229s
  batch 10/264  loss=0.4714
  batch 20/264  loss=0.4656
  batch 30/264  loss=0.3782
  batch 40/264  loss=0.4395
  batch 50/264  loss=0.3427
  batch 60/264  loss=0.3048
  batch 70/264  loss=0.5038
  batch 80/264  loss=0.3987
  batch 90/264  loss=0.4325
  batch 100/264  loss=0.6291
  batch 110/264  loss=0.3739
  batch 120/264  loss=0.7618
  batch 130/264  loss=0.5326
  batch 140/264  loss=0.4260
  batch 150/264  loss=0.4683
  batch 160/264  loss=0.3503
  batch 170/264  loss=0.4287
  batch 180/264  loss=0.3030
  batch 190/264  loss=0.3660
  batch 200/264  loss=0.3728
  batch 210/264  loss=0.3360
  batch 220/264  loss=0.4548
  batch 230/264  loss=0.5544
  batch 240/264  loss=0.6798
  batch 250/264  loss=0.3849
  batch 260/264  loss=0.3720
Epoch 254/300  train=4.475e-01  rmse=1.9704  lr=1.0e-04  230s
  batch 10/264  loss=0.4103
  batch 20/264  loss=0.4192
  batch 30/264  loss=0.3925
  batch 40/264  loss=0.5123
  batch 50/264  loss=0.4790
  batch 60/264  loss=0.6367
  batch 70/264  loss=0.6478
  batch 80/264  loss=0.3569
  batch 90/264  loss=0.4505
  batch 100/264  loss=0.3836
  batch 110/264  loss=0.4058
  batch 120/264  loss=0.5243
  batch 130/264  loss=0.4206
  batch 140/264  loss=0.4578
  batch 150/264  loss=0.6105
  batch 160/264  loss=0.4354
  batch 170/264  loss=0.4776
  batch 180/264  loss=0.4558
  batch 190/264  loss=0.5843
  batch 200/264  loss=0.3757
  batch 210/264  loss=0.5031
  batch 220/264  loss=0.4024
  batch 230/264  loss=0.4426
  batch 240/264  loss=0.4658
  batch 250/264  loss=0.5358
  batch 260/264  loss=0.4227
Epoch 255/300  train=4.467e-01  rmse=2.2953  lr=1.0e-04  229s
  batch 10/264  loss=0.4193
  batch 20/264  loss=0.4220
  batch 30/264  loss=0.3263
  batch 40/264  loss=0.4239
  batch 50/264  loss=0.4562
  batch 60/264  loss=0.3951
  batch 70/264  loss=0.5511
  batch 80/264  loss=0.4539
  batch 90/264  loss=0.4405
  batch 100/264  loss=0.4332
  batch 110/264  loss=0.4120
  batch 120/264  loss=0.4581
  batch 130/264  loss=0.3064
  batch 140/264  loss=0.4971
  batch 150/264  loss=0.4059
  batch 160/264  loss=0.4059
  batch 170/264  loss=0.2994
  batch 180/264  loss=0.4013
  batch 190/264  loss=0.4118
  batch 200/264  loss=0.4483
  batch 210/264  loss=0.5861
  batch 220/264  loss=0.5222
  batch 230/264  loss=0.3017
  batch 240/264  loss=0.4800
  batch 250/264  loss=0.4109
  batch 260/264  loss=0.3893
Epoch 256/300  train=4.424e-01  rmse=1.8650  lr=1.0e-04  231s
  -> best  monitor=4.424e-01
  batch 10/264  loss=0.4362
  batch 20/264  loss=0.4457
  batch 30/264  loss=0.5357
  batch 40/264  loss=0.4567
  batch 50/264  loss=0.4056
  batch 60/264  loss=0.3247
  batch 70/264  loss=0.3083
  batch 80/264  loss=0.3093
  batch 90/264  loss=0.3483
  batch 100/264  loss=0.4140
  batch 110/264  loss=0.3510
  batch 120/264  loss=0.3099
  batch 130/264  loss=0.4178
  batch 140/264  loss=0.5498
  batch 150/264  loss=0.5206
  batch 160/264  loss=0.4101
  batch 170/264  loss=0.4177
  batch 180/264  loss=0.3657
  batch 190/264  loss=0.3889
  batch 200/264  loss=0.3906
  batch 210/264  loss=0.3160
  batch 220/264  loss=0.3211
  batch 230/264  loss=0.3448
  batch 240/264  loss=0.4646
  batch 250/264  loss=0.3770
  batch 260/264  loss=0.5563
Epoch 257/300  train=4.404e-01  rmse=1.7648  lr=1.0e-04  230s
  -> best  monitor=4.404e-01
  batch 10/264  loss=0.7012
  batch 20/264  loss=0.4439
  batch 30/264  loss=0.4064
  batch 40/264  loss=0.3668
  batch 50/264  loss=0.3900
  batch 60/264  loss=0.4523
  batch 70/264  loss=0.3024
  batch 80/264  loss=0.4881
  batch 90/264  loss=0.3958
  batch 100/264  loss=0.4952
  batch 110/264  loss=0.3809
  batch 120/264  loss=0.3581
  batch 130/264  loss=0.4484
  batch 140/264  loss=0.4348
  batch 150/264  loss=0.5281
  batch 160/264  loss=0.4313
  batch 170/264  loss=0.3441
  batch 180/264  loss=0.3456
  batch 190/264  loss=0.4083
  batch 200/264  loss=0.2967
  batch 210/264  loss=0.3723
  batch 220/264  loss=0.4119
  batch 230/264  loss=0.4191
  batch 240/264  loss=0.3592
  batch 250/264  loss=0.6611
  batch 260/264  loss=0.4112
Epoch 258/300  train=4.417e-01  rmse=1.8038  lr=1.0e-04  230s
  batch 10/264  loss=0.3135
  batch 20/264  loss=0.3738
  batch 30/264  loss=0.4220
  batch 40/264  loss=0.4925
  batch 50/264  loss=0.4863
  batch 60/264  loss=0.3418
  batch 70/264  loss=0.4111
  batch 80/264  loss=0.4085
  batch 90/264  loss=0.5643
  batch 100/264  loss=0.4501
  batch 110/264  loss=0.4340
  batch 120/264  loss=0.3153
  batch 130/264  loss=0.3592
  batch 140/264  loss=0.4517
  batch 150/264  loss=0.4017
  batch 160/264  loss=0.5881
  batch 170/264  loss=0.4634
  batch 180/264  loss=0.3107
  batch 190/264  loss=0.3781
  batch 200/264  loss=0.4712
  batch 210/264  loss=0.3503
  batch 220/264  loss=0.4786
  batch 230/264  loss=0.4572
  batch 240/264  loss=0.3844
  batch 250/264  loss=0.2865
  batch 260/264  loss=0.4196
Epoch 259/300  train=4.418e-01  rmse=1.7625  lr=1.0e-04  230s
  batch 10/264  loss=0.4233
  batch 20/264  loss=0.4329
  batch 30/264  loss=0.3977
  batch 40/264  loss=0.4203
  batch 50/264  loss=0.4011
  batch 60/264  loss=0.5718
  batch 70/264  loss=0.4238
  batch 80/264  loss=0.3731
  batch 90/264  loss=0.3837
  batch 100/264  loss=0.4551
  batch 110/264  loss=0.3420
  batch 120/264  loss=0.4161
  batch 130/264  loss=0.4024
  batch 140/264  loss=0.4114
  batch 150/264  loss=0.4100
  batch 160/264  loss=0.3620
  batch 170/264  loss=0.4174
  batch 180/264  loss=0.3825
  batch 190/264  loss=0.4083
  batch 200/264  loss=0.5426
  batch 210/264  loss=0.4871
  batch 220/264  loss=0.4674
  batch 230/264  loss=0.8032
  batch 240/264  loss=0.3691
  batch 250/264  loss=0.3423
  batch 260/264  loss=0.3804
Epoch 260/300  train=4.408e-01  rmse=1.7435  lr=1.0e-04  229s
  batch 10/264  loss=0.5130
  batch 20/264  loss=0.4278
  batch 30/264  loss=0.3119
  batch 40/264  loss=0.4363
  batch 50/264  loss=0.3568
  batch 60/264  loss=0.2924
  batch 70/264  loss=0.4209
  batch 80/264  loss=0.3267
  batch 90/264  loss=0.4373
  batch 100/264  loss=0.3676
  batch 110/264  loss=0.4108
  batch 120/264  loss=0.4955
  batch 130/264  loss=0.4426
  batch 140/264  loss=0.2922
  batch 150/264  loss=0.4297
  batch 160/264  loss=0.5358
  batch 170/264  loss=0.5811
  batch 180/264  loss=0.4052
  batch 190/264  loss=0.4806
  batch 200/264  loss=0.3429
  batch 210/264  loss=0.3400
  batch 220/264  loss=0.3134
  batch 230/264  loss=0.5821
  batch 240/264  loss=0.4028
  batch 250/264  loss=0.3756
  batch 260/264  loss=0.3572
Epoch 261/300  train=4.400e-01  rmse=1.7623  lr=1.0e-04  229s
  -> best  monitor=4.400e-01
  batch 10/264  loss=0.5278
  batch 20/264  loss=0.6698
  batch 30/264  loss=0.3423
  batch 40/264  loss=0.3804
  batch 50/264  loss=0.3828
  batch 60/264  loss=0.4381
  batch 70/264  loss=0.5567
  batch 80/264  loss=0.5892
  batch 90/264  loss=0.4967
  batch 100/264  loss=0.4085
  batch 110/264  loss=0.4518
  batch 120/264  loss=0.6099
  batch 130/264  loss=0.3364
  batch 140/264  loss=0.3522
  batch 150/264  loss=0.5572
  batch 160/264  loss=0.5886
  batch 170/264  loss=0.4197
  batch 180/264  loss=0.3678
  batch 190/264  loss=0.3760
  batch 200/264  loss=0.4668
  batch 210/264  loss=0.3744
  batch 220/264  loss=0.4136
  batch 230/264  loss=0.4512
  batch 240/264  loss=0.5124
  batch 250/264  loss=0.4653
  batch 260/264  loss=0.3768
Epoch 262/300  train=4.413e-01  rmse=1.8969  lr=1.0e-04  230s
  batch 10/264  loss=0.4293
  batch 20/264  loss=0.3569
  batch 30/264  loss=0.4186
  batch 40/264  loss=0.5760
  batch 50/264  loss=0.3971
  batch 60/264  loss=0.3689
  batch 70/264  loss=0.5040
  batch 80/264  loss=0.4043
  batch 90/264  loss=0.4849
  batch 100/264  loss=0.3729
  batch 110/264  loss=0.3162
  batch 120/264  loss=0.4618
  batch 130/264  loss=0.4476
  batch 140/264  loss=0.4369
  batch 150/264  loss=0.4904
  batch 160/264  loss=0.5889
  batch 170/264  loss=0.5522
  batch 180/264  loss=0.4816
  batch 190/264  loss=0.4343
  batch 200/264  loss=0.3891
  batch 210/264  loss=0.5207
  batch 220/264  loss=0.4443
  batch 230/264  loss=0.4152
  batch 240/264  loss=0.5353
  batch 250/264  loss=0.3957
  batch 260/264  loss=0.3482
Epoch 263/300  train=4.429e-01  rmse=1.8153  lr=1.0e-04  230s
  batch 10/264  loss=0.3941
  batch 20/264  loss=0.4260
  batch 30/264  loss=0.4304
  batch 40/264  loss=0.4445
  batch 50/264  loss=0.3381
  batch 60/264  loss=0.4263
  batch 70/264  loss=0.5207
  batch 80/264  loss=0.4705
  batch 90/264  loss=0.4851
  batch 100/264  loss=0.5244
  batch 110/264  loss=0.4246
  batch 120/264  loss=0.5032
  batch 130/264  loss=0.5410
  batch 140/264  loss=0.3490
  batch 150/264  loss=0.4219
  batch 160/264  loss=0.4326
  batch 170/264  loss=0.4241
  batch 180/264  loss=0.5184
  batch 190/264  loss=0.5925
  batch 200/264  loss=0.2782
  batch 210/264  loss=0.5315
  batch 220/264  loss=0.5998
  batch 230/264  loss=0.4441
  batch 240/264  loss=0.4441
  batch 250/264  loss=0.4206
  batch 260/264  loss=0.4620
Epoch 264/300  train=4.434e-01  rmse=1.7590  lr=1.0e-04  231s
  batch 10/264  loss=0.4338
  batch 20/264  loss=0.4917
  batch 30/264  loss=0.5504
  batch 40/264  loss=0.3961
  batch 50/264  loss=0.4713
  batch 60/264  loss=0.3503
  batch 70/264  loss=0.5457
  batch 80/264  loss=0.3853
  batch 90/264  loss=0.3843
  batch 100/264  loss=0.4075
  batch 110/264  loss=0.3933
  batch 120/264  loss=0.4807
  batch 130/264  loss=0.3856
  batch 140/264  loss=0.6108
  batch 150/264  loss=0.4039
  batch 160/264  loss=0.4470
  batch 170/264  loss=0.3855
  batch 180/264  loss=0.4355
  batch 190/264  loss=0.3558
  batch 200/264  loss=0.3419
  batch 210/264  loss=0.3148
  batch 220/264  loss=0.5766
  batch 230/264  loss=0.4034
  batch 240/264  loss=0.3790
  batch 250/264  loss=0.3931
  batch 260/264  loss=0.3249
Epoch 265/300  train=4.414e-01  rmse=2.4654  lr=1.0e-04  231s
  batch 10/264  loss=0.4098
  batch 20/264  loss=0.4144
  batch 30/264  loss=0.4386
  batch 40/264  loss=0.4147
  batch 50/264  loss=0.4047
  batch 60/264  loss=0.3088
  batch 70/264  loss=0.4093
  batch 80/264  loss=0.5545
  batch 90/264  loss=0.3867
  batch 100/264  loss=0.3823
  batch 110/264  loss=0.4106
  batch 120/264  loss=0.3217
  batch 130/264  loss=0.4565
  batch 140/264  loss=0.4830
  batch 150/264  loss=0.3516
  batch 160/264  loss=0.5970
  batch 170/264  loss=0.4432
  batch 180/264  loss=0.3958
  batch 190/264  loss=0.3898
  batch 200/264  loss=0.3485
  batch 210/264  loss=0.3867
  batch 220/264  loss=0.4884
  batch 230/264  loss=0.3708
  batch 240/264  loss=0.2986
  batch 250/264  loss=0.4918
  batch 260/264  loss=0.3858
Epoch 266/300  train=4.428e-01  rmse=1.7925  lr=1.0e-04  231s
  batch 10/264  loss=0.4029
  batch 20/264  loss=0.3543
  batch 30/264  loss=0.5866
  batch 40/264  loss=0.3794
  batch 50/264  loss=0.7965
  batch 60/264  loss=0.4207
  batch 70/264  loss=0.4343
  batch 80/264  loss=0.3860
  batch 90/264  loss=0.3981
  batch 100/264  loss=0.3987
  batch 110/264  loss=0.4585
  batch 120/264  loss=0.4497
  batch 130/264  loss=0.5012
  batch 140/264  loss=0.5045
  batch 150/264  loss=0.4909
  batch 160/264  loss=0.3672
  batch 170/264  loss=0.4579
  batch 180/264  loss=0.3777
  batch 190/264  loss=0.5026
  batch 200/264  loss=0.3765
  batch 210/264  loss=0.4071
  batch 220/264  loss=0.3794
  batch 230/264  loss=0.4753
  batch 240/264  loss=0.4040
  batch 250/264  loss=0.5768
  batch 260/264  loss=0.3529
Epoch 267/300  train=4.403e-01  rmse=1.7828  lr=1.0e-04  230s
  batch 10/264  loss=0.3529
  batch 20/264  loss=0.5645
  batch 30/264  loss=0.5368
  batch 40/264  loss=0.6814
  batch 50/264  loss=0.3735
  batch 60/264  loss=0.4269
  batch 70/264  loss=0.3508
  batch 80/264  loss=0.3744
  batch 90/264  loss=0.5670
  batch 100/264  loss=0.3224
  batch 110/264  loss=0.4013
  batch 120/264  loss=0.4791
  batch 130/264  loss=0.4331
  batch 140/264  loss=0.4348
  batch 150/264  loss=0.4371
  batch 160/264  loss=0.4529
  batch 170/264  loss=0.4095
  batch 180/264  loss=0.2788
  batch 190/264  loss=0.5389
  batch 200/264  loss=0.5000
  batch 210/264  loss=0.4521
  batch 220/264  loss=0.3981
  batch 230/264  loss=0.3796
  batch 240/264  loss=0.4957
  batch 250/264  loss=0.7112
  batch 260/264  loss=0.4586
Epoch 268/300  train=4.454e-01  rmse=2.1193  lr=1.0e-04  229s
  batch 10/264  loss=0.4887
  batch 20/264  loss=0.4301
  batch 30/264  loss=0.5272
  batch 40/264  loss=0.4895
  batch 50/264  loss=0.3509
  batch 60/264  loss=0.4573
  batch 70/264  loss=0.3392
  batch 80/264  loss=0.3517
  batch 90/264  loss=0.5436
  batch 100/264  loss=0.3881
  batch 110/264  loss=0.5489
  batch 120/264  loss=0.4741
  batch 130/264  loss=0.4138
  batch 140/264  loss=0.3102
  batch 150/264  loss=0.5246
  batch 160/264  loss=0.4971
  batch 170/264  loss=0.3941
  batch 180/264  loss=0.4050
  batch 190/264  loss=0.5305
  batch 200/264  loss=0.4127
  batch 210/264  loss=0.3617
  batch 220/264  loss=0.4023
  batch 230/264  loss=0.3812
  batch 240/264  loss=0.5181
  batch 250/264  loss=0.5557
  batch 260/264  loss=0.4536
Epoch 269/300  train=4.383e-01  rmse=2.1605  lr=1.0e-04  230s
  -> best  monitor=4.383e-01
  batch 10/264  loss=0.4984
  batch 20/264  loss=0.3933
  batch 30/264  loss=0.3861
  batch 40/264  loss=0.2836
  batch 50/264  loss=0.3046
  batch 60/264  loss=0.3470
  batch 70/264  loss=0.3887
  batch 80/264  loss=0.4194
  batch 90/264  loss=0.5344
  batch 100/264  loss=0.3684
  batch 110/264  loss=0.4424
  batch 120/264  loss=0.4361
  batch 130/264  loss=0.3901
  batch 140/264  loss=0.3584
  batch 150/264  loss=0.4309
  batch 160/264  loss=0.3581
  batch 170/264  loss=0.4944
  batch 180/264  loss=0.5658
  batch 190/264  loss=0.4790
  batch 200/264  loss=0.4687
  batch 210/264  loss=0.4207
  batch 220/264  loss=0.4093
  batch 230/264  loss=0.3207
  batch 240/264  loss=0.5795
  batch 250/264  loss=0.3134
  batch 260/264  loss=0.3997
Epoch 270/300  train=4.392e-01  rmse=1.8771  lr=1.0e-04  230s
  batch 10/264  loss=0.4616
  batch 20/264  loss=0.3020
  batch 30/264  loss=0.4814
  batch 40/264  loss=0.3659
  batch 50/264  loss=0.3993
  batch 60/264  loss=0.5088
  batch 70/264  loss=0.3911
  batch 80/264  loss=0.4364
  batch 90/264  loss=0.3180
  batch 100/264  loss=0.4261
  batch 110/264  loss=0.4062
  batch 120/264  loss=0.5663
  batch 130/264  loss=0.4069
  batch 140/264  loss=0.3126
  batch 150/264  loss=0.4149
  batch 160/264  loss=0.4524
  batch 170/264  loss=0.5535
  batch 180/264  loss=0.5684
  batch 190/264  loss=0.6524
  batch 200/264  loss=0.4011
  batch 210/264  loss=0.4662
  batch 220/264  loss=0.4741
  batch 230/264  loss=0.5116
  batch 240/264  loss=0.4268
  batch 250/264  loss=0.4312
  batch 260/264  loss=0.4352
Epoch 271/300  train=4.388e-01  rmse=1.7721  lr=1.0e-04  230s
  batch 10/264  loss=0.4251
  batch 20/264  loss=0.5851
  batch 30/264  loss=0.4610
  batch 40/264  loss=0.4280
  batch 50/264  loss=0.5265
  batch 60/264  loss=0.4416
  batch 70/264  loss=0.3770
  batch 80/264  loss=0.4991
  batch 90/264  loss=0.4320
  batch 100/264  loss=0.3160
  batch 110/264  loss=0.4066
  batch 120/264  loss=0.3384
  batch 130/264  loss=0.4481
  batch 140/264  loss=0.4471
  batch 150/264  loss=0.6027
  batch 160/264  loss=0.3947
  batch 170/264  loss=0.5041
  batch 180/264  loss=0.4757
  batch 190/264  loss=0.4100
  batch 200/264  loss=0.4182
  batch 210/264  loss=0.4423
  batch 220/264  loss=0.5402
  batch 230/264  loss=0.3185
  batch 240/264  loss=0.6765
  batch 250/264  loss=0.5039
  batch 260/264  loss=0.3553
Epoch 272/300  train=4.449e-01  rmse=4.4629  lr=1.0e-04  230s
  batch 10/264  loss=0.4180
  batch 20/264  loss=0.4200
  batch 30/264  loss=0.3188
  batch 40/264  loss=0.3967
  batch 50/264  loss=0.4448
  batch 60/264  loss=0.7756
  batch 70/264  loss=0.4746
  batch 80/264  loss=0.3250
  batch 90/264  loss=0.3021
  batch 100/264  loss=0.4984
  batch 110/264  loss=0.3747
  batch 120/264  loss=0.5006
  batch 130/264  loss=0.4024
  batch 140/264  loss=0.4036
  batch 150/264  loss=0.3912
  batch 160/264  loss=0.4365
  batch 170/264  loss=0.4035
  batch 180/264  loss=0.4532
  batch 190/264  loss=0.3636
  batch 200/264  loss=0.3929
  batch 210/264  loss=0.5152
  batch 220/264  loss=0.5295
  batch 230/264  loss=0.4336
  batch 240/264  loss=0.4080
  batch 250/264  loss=0.6571
  batch 260/264  loss=0.4253
Epoch 273/300  train=4.390e-01  rmse=1.7486  lr=1.0e-04  230s
  batch 10/264  loss=0.4812
  batch 20/264  loss=0.4112
  batch 30/264  loss=0.4201
  batch 40/264  loss=0.5630
  batch 50/264  loss=0.4837
  batch 60/264  loss=0.5169
  batch 70/264  loss=0.4906
  batch 80/264  loss=0.3363
  batch 90/264  loss=0.5037
  batch 100/264  loss=0.4427
  batch 110/264  loss=0.8098
  batch 120/264  loss=0.5827
  batch 130/264  loss=0.3856
  batch 140/264  loss=0.4661
  batch 150/264  loss=0.4677
  batch 160/264  loss=0.4558
  batch 170/264  loss=0.3088
  batch 180/264  loss=0.3193
  batch 190/264  loss=0.5054
  batch 200/264  loss=0.4371
  batch 210/264  loss=0.4241
  batch 220/264  loss=0.4905
  batch 230/264  loss=0.4856
  batch 240/264  loss=0.3732
  batch 250/264  loss=0.4911
  batch 260/264  loss=0.5327
Epoch 274/300  train=4.377e-01  rmse=2.0010  lr=1.0e-04  232s
  -> best  monitor=4.377e-01
  batch 10/264  loss=0.5135
  batch 20/264  loss=0.4972
  batch 30/264  loss=0.5164
  batch 40/264  loss=0.6706
  batch 50/264  loss=0.5173
  batch 60/264  loss=0.4847
  batch 70/264  loss=0.4446
  batch 80/264  loss=0.4182
  batch 90/264  loss=0.4101
  batch 100/264  loss=0.4127
  batch 110/264  loss=0.3641
  batch 120/264  loss=0.4134
  batch 130/264  loss=0.4257
  batch 140/264  loss=0.4058
  batch 150/264  loss=0.5228
  batch 160/264  loss=0.5298
  batch 170/264  loss=0.5367
  batch 180/264  loss=0.3837
  batch 190/264  loss=0.5906
  batch 200/264  loss=0.3657
  batch 210/264  loss=0.4176
  batch 220/264  loss=0.6107
  batch 230/264  loss=0.4089
  batch 240/264  loss=0.4378
  batch 250/264  loss=0.8875
  batch 260/264  loss=0.3966
Epoch 275/300  train=4.339e-01  rmse=1.8060  lr=1.0e-04  230s
  -> best  monitor=4.339e-01
  batch 10/264  loss=0.4773
  batch 20/264  loss=0.4052
  batch 30/264  loss=0.4941
  batch 40/264  loss=0.3888
  batch 50/264  loss=0.4301
  batch 60/264  loss=0.3882
  batch 70/264  loss=0.3820
  batch 80/264  loss=0.3662
  batch 90/264  loss=0.4127
  batch 100/264  loss=0.4281
  batch 110/264  loss=0.5482
  batch 120/264  loss=0.4930
  batch 130/264  loss=0.3784
  batch 140/264  loss=0.4271
  batch 150/264  loss=0.3728
  batch 160/264  loss=0.4934
  batch 170/264  loss=0.4587
  batch 180/264  loss=0.3562
  batch 190/264  loss=0.5257
  batch 200/264  loss=0.3555
  batch 210/264  loss=0.5245
  batch 220/264  loss=0.3374
  batch 230/264  loss=0.3567
  batch 240/264  loss=0.3310
  batch 250/264  loss=0.3852
  batch 260/264  loss=0.4622
Epoch 276/300  train=4.342e-01  rmse=1.7682  lr=1.0e-04  230s
  batch 10/264  loss=0.5677
  batch 20/264  loss=0.3842
  batch 30/264  loss=0.4415
  batch 40/264  loss=0.4093
  batch 50/264  loss=0.3294
  batch 60/264  loss=0.3902
  batch 70/264  loss=0.5357
  batch 80/264  loss=0.3796
  batch 90/264  loss=0.5661
  batch 100/264  loss=0.5118
  batch 110/264  loss=0.4471
  batch 120/264  loss=0.3583
  batch 130/264  loss=0.4847
  batch 140/264  loss=0.3842
  batch 150/264  loss=0.5031
  batch 160/264  loss=0.5256
  batch 170/264  loss=0.3697
  batch 180/264  loss=0.3428
  batch 190/264  loss=0.4174
  batch 200/264  loss=0.3913
  batch 210/264  loss=0.3442
  batch 220/264  loss=0.5216
  batch 230/264  loss=0.4053
  batch 240/264  loss=0.6370
  batch 250/264  loss=0.3980
  batch 260/264  loss=0.4448
Epoch 277/300  train=4.343e-01  rmse=1.7555  lr=1.0e-04  230s
  batch 10/264  loss=0.3697
  batch 20/264  loss=0.3241
  batch 30/264  loss=0.5882
  batch 40/264  loss=0.5353
  batch 50/264  loss=0.3788
  batch 60/264  loss=0.3426
  batch 70/264  loss=0.4303
  batch 80/264  loss=0.5101
  batch 90/264  loss=0.3733
  batch 100/264  loss=0.4392
  batch 110/264  loss=0.4447
  batch 120/264  loss=0.3651
  batch 130/264  loss=0.4156
  batch 140/264  loss=0.3248
  batch 150/264  loss=0.4177
  batch 160/264  loss=0.3782
  batch 170/264  loss=0.3605
  batch 180/264  loss=0.3960
  batch 190/264  loss=0.4016
  batch 200/264  loss=0.3700
  batch 210/264  loss=0.4492
  batch 220/264  loss=0.4466
  batch 230/264  loss=0.4260
  batch 240/264  loss=0.5846
  batch 250/264  loss=0.4959
  batch 260/264  loss=0.4931
Epoch 278/300  train=4.350e-01  rmse=1.7319  lr=1.0e-04  231s
  batch 10/264  loss=0.4347
  batch 20/264  loss=0.4194
  batch 30/264  loss=0.5063
  batch 40/264  loss=0.3222
  batch 50/264  loss=0.5432
  batch 60/264  loss=0.4916
  batch 70/264  loss=0.3791
  batch 80/264  loss=0.5022
  batch 90/264  loss=0.4003
  batch 100/264  loss=0.4703
  batch 110/264  loss=0.3554
  batch 120/264  loss=0.4817
  batch 130/264  loss=0.3746
  batch 140/264  loss=0.4694
  batch 150/264  loss=0.4282
  batch 160/264  loss=0.4397
  batch 170/264  loss=0.5255
  batch 180/264  loss=0.5729
  batch 190/264  loss=0.4601
  batch 200/264  loss=0.5569
  batch 210/264  loss=0.4040
  batch 220/264  loss=0.3769
  batch 230/264  loss=0.3850
  batch 240/264  loss=0.4251
  batch 250/264  loss=0.4863
  batch 260/264  loss=0.3135
Epoch 279/300  train=4.360e-01  rmse=1.7153  lr=1.0e-04  229s
  batch 10/264  loss=0.4968
  batch 20/264  loss=0.4931
  batch 30/264  loss=0.6317
  batch 40/264  loss=0.3819
  batch 50/264  loss=0.4440
  batch 60/264  loss=0.5083
  batch 70/264  loss=0.3975
  batch 80/264  loss=0.5773
  batch 90/264  loss=0.3697
  batch 100/264  loss=0.3307
  batch 110/264  loss=0.4283
  batch 120/264  loss=0.3960
  batch 130/264  loss=0.3992
  batch 140/264  loss=0.3618
  batch 150/264  loss=0.2785
  batch 160/264  loss=0.4041
  batch 170/264  loss=0.3078
  batch 180/264  loss=0.3838
  batch 190/264  loss=0.3334
  batch 200/264  loss=0.4716
  batch 210/264  loss=0.4472
  batch 220/264  loss=0.3694
  batch 230/264  loss=0.4823
  batch 240/264  loss=0.5706
  batch 250/264  loss=0.4597
  batch 260/264  loss=0.4082
Epoch 280/300  train=4.344e-01  rmse=1.8989  lr=1.0e-04  230s
  batch 10/264  loss=0.8974
  batch 20/264  loss=0.4273
  batch 30/264  loss=0.5360
  batch 40/264  loss=0.4139
  batch 50/264  loss=0.5284
  batch 60/264  loss=0.4076
  batch 70/264  loss=0.5074
  batch 80/264  loss=0.3883
  batch 90/264  loss=0.3122
  batch 100/264  loss=0.5020
  batch 110/264  loss=0.4251
  batch 120/264  loss=0.4615
  batch 130/264  loss=0.5531
  batch 140/264  loss=0.5195
  batch 150/264  loss=0.4646
  batch 160/264  loss=0.3853
  batch 170/264  loss=0.3828
  batch 180/264  loss=0.4620
  batch 190/264  loss=0.4284
  batch 200/264  loss=0.4084
  batch 210/264  loss=0.4336
  batch 220/264  loss=0.4739
  batch 230/264  loss=0.4771
  batch 240/264  loss=0.3583
  batch 250/264  loss=0.3607
  batch 260/264  loss=0.4196
Epoch 281/300  train=4.355e-01  rmse=1.8545  lr=1.0e-04  229s
  batch 10/264  loss=0.4729
  batch 20/264  loss=0.5275
  batch 30/264  loss=0.4041
  batch 40/264  loss=0.3205
  batch 50/264  loss=0.4669
  batch 60/264  loss=0.3850
  batch 70/264  loss=0.5503
  batch 80/264  loss=0.3954
  batch 90/264  loss=0.4095
  batch 100/264  loss=0.4011
  batch 110/264  loss=0.4042
  batch 120/264  loss=0.4222
  batch 130/264  loss=0.4240
  batch 140/264  loss=0.4577
  batch 150/264  loss=0.4725
  batch 160/264  loss=0.7519
  batch 170/264  loss=0.3961
  batch 180/264  loss=0.4065
  batch 190/264  loss=0.3693
  batch 200/264  loss=0.3879
  batch 210/264  loss=0.3623
  batch 220/264  loss=0.3753
  batch 230/264  loss=0.4185
  batch 240/264  loss=0.5206
  batch 250/264  loss=0.3140
  batch 260/264  loss=0.4181
Epoch 282/300  train=4.358e-01  rmse=1.8788  lr=1.0e-04  231s
  batch 10/264  loss=0.5125
  batch 20/264  loss=0.4067
  batch 30/264  loss=0.4744
  batch 40/264  loss=0.4158
  batch 50/264  loss=0.5688
  batch 60/264  loss=0.4355
  batch 70/264  loss=0.4197
  batch 80/264  loss=0.7333
  batch 90/264  loss=0.4243
  batch 100/264  loss=0.3788
  batch 110/264  loss=0.4035
  batch 120/264  loss=0.3270
  batch 130/264  loss=0.5523
  batch 140/264  loss=0.5164
  batch 150/264  loss=0.3307
  batch 160/264  loss=0.3880
  batch 170/264  loss=0.4245
  batch 180/264  loss=0.4703
  batch 190/264  loss=0.4191
  batch 200/264  loss=0.4388
  batch 210/264  loss=0.3925
  batch 220/264  loss=0.6310
  batch 230/264  loss=0.4473
  batch 240/264  loss=0.3483
  batch 250/264  loss=0.4386
  batch 260/264  loss=0.4390
Epoch 283/300  train=4.333e-01  rmse=1.7796  lr=1.0e-04  230s
  -> best  monitor=4.333e-01
  batch 10/264  loss=0.3685
  batch 20/264  loss=0.5195
  batch 30/264  loss=0.5032
  batch 40/264  loss=0.3983
  batch 50/264  loss=0.5575
  batch 60/264  loss=0.3536
  batch 70/264  loss=0.5527
  batch 80/264  loss=0.3558
  batch 90/264  loss=0.5280
  batch 100/264  loss=0.3549
  batch 110/264  loss=0.4018
  batch 120/264  loss=0.4276
  batch 130/264  loss=0.4163
  batch 140/264  loss=0.4152
  batch 150/264  loss=0.4211
  batch 160/264  loss=0.4255
  batch 170/264  loss=0.4564
  batch 180/264  loss=0.3321
  batch 190/264  loss=0.3834
  batch 200/264  loss=0.3259
  batch 210/264  loss=0.5274
  batch 220/264  loss=0.3659
  batch 230/264  loss=0.3897
  batch 240/264  loss=0.5552
  batch 250/264  loss=0.4338
  batch 260/264  loss=0.3887
Epoch 284/300  train=4.392e-01  rmse=1.9846  lr=1.0e-04  231s
  batch 10/264  loss=0.5292
  batch 20/264  loss=0.3939
  batch 30/264  loss=0.3760
  batch 40/264  loss=0.3880
  batch 50/264  loss=0.3581
  batch 60/264  loss=0.3115
  batch 70/264  loss=0.4473
  batch 80/264  loss=0.3612
  batch 90/264  loss=0.3900
  batch 100/264  loss=0.4169
  batch 110/264  loss=0.4184
  batch 120/264  loss=0.4931
  batch 130/264  loss=0.3956
  batch 140/264  loss=0.3493
  batch 150/264  loss=0.5183
  batch 160/264  loss=0.3634
  batch 170/264  loss=0.4110
  batch 180/264  loss=0.5093
  batch 190/264  loss=0.5134
  batch 200/264  loss=0.4573
  batch 210/264  loss=0.5293
  batch 220/264  loss=0.3834
  batch 230/264  loss=0.4958
  batch 240/264  loss=0.5394
  batch 250/264  loss=0.3969
  batch 260/264  loss=0.5753
Epoch 285/300  train=4.311e-01  rmse=1.7448  lr=1.0e-04  230s
  -> best  monitor=4.311e-01
  batch 10/264  loss=0.5271
  batch 20/264  loss=0.4714
  batch 30/264  loss=0.4274
  batch 40/264  loss=1.0281
  batch 50/264  loss=0.5991
  batch 60/264  loss=0.4509
  batch 70/264  loss=0.3109
  batch 80/264  loss=0.2960
  batch 90/264  loss=0.4121
  batch 100/264  loss=0.3478
  batch 110/264  loss=0.3623
  batch 120/264  loss=0.3225
  batch 130/264  loss=0.3109
  batch 140/264  loss=0.4983
  batch 150/264  loss=0.3628
  batch 160/264  loss=0.8410
  batch 170/264  loss=0.3853
  batch 180/264  loss=0.3559
  batch 190/264  loss=0.3812
  batch 200/264  loss=0.2746
  batch 210/264  loss=0.4331
  batch 220/264  loss=0.5335
  batch 230/264  loss=0.3931
  batch 240/264  loss=0.3728
  batch 250/264  loss=0.5260
  batch 260/264  loss=0.3870
Epoch 286/300  train=4.354e-01  rmse=2.4362  lr=1.0e-04  230s
  batch 10/264  loss=0.4226
  batch 20/264  loss=0.4244
  batch 30/264  loss=0.4037
  batch 40/264  loss=0.4222
  batch 50/264  loss=0.3434
  batch 60/264  loss=0.4280
  batch 70/264  loss=0.3485
  batch 80/264  loss=0.4485
  batch 90/264  loss=0.4261
  batch 100/264  loss=0.3584
  batch 110/264  loss=0.3805
  batch 120/264  loss=0.4062
  batch 130/264  loss=0.3917
  batch 140/264  loss=0.4671
  batch 150/264  loss=0.3912
  batch 160/264  loss=0.3593
  batch 170/264  loss=0.6013
  batch 180/264  loss=0.3730
  batch 190/264  loss=0.3791
  batch 200/264  loss=0.4249
  batch 210/264  loss=0.3257
  batch 220/264  loss=0.4271
  batch 230/264  loss=0.4962
  batch 240/264  loss=0.3541
  batch 250/264  loss=0.4225
  batch 260/264  loss=0.4483
Epoch 287/300  train=4.323e-01  rmse=1.8339  lr=1.0e-04  230s
  batch 10/264  loss=0.5639
  batch 20/264  loss=0.4168
  batch 30/264  loss=0.3888
  batch 40/264  loss=0.5212
  batch 50/264  loss=0.3362
  batch 60/264  loss=0.4628
  batch 70/264  loss=0.4851
  batch 80/264  loss=0.3589
  batch 90/264  loss=0.5651
  batch 100/264  loss=0.5337
  batch 110/264  loss=0.3522
  batch 120/264  loss=0.5127
  batch 130/264  loss=0.4266
  batch 140/264  loss=0.3124
  batch 150/264  loss=0.4215
  batch 160/264  loss=0.3073
  batch 170/264  loss=0.3426
  batch 180/264  loss=0.3460
  batch 190/264  loss=0.4660
  batch 200/264  loss=0.3902
  batch 210/264  loss=0.3639
  batch 220/264  loss=0.4356
  batch 230/264  loss=0.5141
  batch 240/264  loss=0.4576
  batch 250/264  loss=0.3435
  batch 260/264  loss=0.3605
Epoch 288/300  train=4.288e-01  rmse=1.9629  lr=1.0e-04  231s
  -> best  monitor=4.288e-01
  batch 10/264  loss=0.3460
  batch 20/264  loss=0.4473
  batch 30/264  loss=0.4498
  batch 40/264  loss=0.5386
  batch 50/264  loss=0.3205
  batch 60/264  loss=0.4651
  batch 70/264  loss=0.4469
  batch 80/264  loss=0.3898
  batch 90/264  loss=0.4129
  batch 100/264  loss=0.3847
  batch 110/264  loss=0.3637
  batch 120/264  loss=0.3230
  batch 130/264  loss=0.4673
  batch 140/264  loss=0.5594
  batch 150/264  loss=0.3865
  batch 160/264  loss=0.4013
  batch 170/264  loss=0.5182
  batch 180/264  loss=0.3566
  batch 190/264  loss=0.6701
  batch 200/264  loss=0.4433
  batch 210/264  loss=0.2943
  batch 220/264  loss=0.4042
  batch 230/264  loss=0.4205
  batch 240/264  loss=0.4200
  batch 250/264  loss=0.4372
  batch 260/264  loss=0.3340
Epoch 289/300  train=4.338e-01  rmse=3.7116  lr=1.0e-04  232s
  batch 10/264  loss=0.3189
  batch 20/264  loss=0.5123
  batch 30/264  loss=0.4466
  batch 40/264  loss=0.5446
  batch 50/264  loss=0.4126
  batch 60/264  loss=0.3523
  batch 70/264  loss=0.3477
  batch 80/264  loss=0.5458
  batch 90/264  loss=0.3666
  batch 100/264  loss=0.3082
  batch 110/264  loss=0.4198
  batch 120/264  loss=0.4439
  batch 130/264  loss=0.4801
  batch 140/264  loss=0.3261
  batch 150/264  loss=0.4011
  batch 160/264  loss=0.5446
  batch 170/264  loss=0.3476
  batch 180/264  loss=0.4388
  batch 190/264  loss=0.4119
  batch 200/264  loss=0.3617
  batch 210/264  loss=0.3842
  batch 220/264  loss=0.3554
  batch 230/264  loss=0.3867
  batch 240/264  loss=0.4617
  batch 250/264  loss=0.3745
  batch 260/264  loss=0.4084
Epoch 290/300  train=4.312e-01  rmse=1.7938  lr=1.0e-04  230s
  batch 10/264  loss=0.5656
  batch 20/264  loss=0.3971
  batch 30/264  loss=0.3657
  batch 40/264  loss=0.3853
  batch 50/264  loss=0.4030
  batch 60/264  loss=0.3892
  batch 70/264  loss=0.4204
  batch 80/264  loss=0.5096
  batch 90/264  loss=0.5763
  batch 100/264  loss=0.5105
  batch 110/264  loss=0.3865
  batch 120/264  loss=0.4062
  batch 130/264  loss=0.3611
  batch 140/264  loss=0.5301
  batch 150/264  loss=0.4070
  batch 160/264  loss=0.5341
  batch 170/264  loss=0.3745
  batch 180/264  loss=0.4890
  batch 190/264  loss=0.3515
  batch 200/264  loss=0.3920
  batch 210/264  loss=0.5917
  batch 220/264  loss=0.4817
  batch 230/264  loss=0.4182
  batch 240/264  loss=0.4132
  batch 250/264  loss=0.3602
  batch 260/264  loss=0.5220
Epoch 291/300  train=4.307e-01  rmse=4.7854  lr=1.0e-04  231s
  batch 10/264  loss=0.5747
  batch 20/264  loss=0.4935
  batch 30/264  loss=0.3770
  batch 40/264  loss=0.4506
  batch 50/264  loss=0.3980
  batch 60/264  loss=0.4076
  batch 70/264  loss=0.3430
  batch 80/264  loss=0.4538
  batch 90/264  loss=0.5256
  batch 100/264  loss=0.4893
  batch 110/264  loss=0.3353
  batch 120/264  loss=0.4912
  batch 130/264  loss=0.4363
  batch 140/264  loss=0.3482
  batch 150/264  loss=0.3951
  batch 160/264  loss=0.4744
  batch 170/264  loss=0.4195
  batch 180/264  loss=0.4320
  batch 190/264  loss=0.3425
  batch 200/264  loss=0.5376
  batch 210/264  loss=0.4042
  batch 220/264  loss=0.3885
  batch 230/264  loss=0.4175
  batch 240/264  loss=0.5003
  batch 250/264  loss=0.3547
  batch 260/264  loss=0.4175
Epoch 292/300  train=4.351e-01  rmse=2.2504  lr=1.0e-04  233s
  batch 10/264  loss=0.4880
  batch 20/264  loss=0.3959
  batch 30/264  loss=0.4474
  batch 40/264  loss=0.4410
  batch 50/264  loss=0.4497
  batch 60/264  loss=0.4468
  batch 70/264  loss=0.3374
  batch 80/264  loss=0.4212
  batch 90/264  loss=0.4805
  batch 100/264  loss=0.5319
  batch 110/264  loss=0.3464
  batch 120/264  loss=0.4407
  batch 130/264  loss=0.2834
  batch 140/264  loss=0.3860
  batch 150/264  loss=0.3966
  batch 160/264  loss=0.4705
  batch 170/264  loss=0.3464
  batch 180/264  loss=0.4036
  batch 190/264  loss=0.4285
  batch 200/264  loss=0.4933
  batch 210/264  loss=0.4508
  batch 220/264  loss=0.3809
  batch 230/264  loss=0.4848
  batch 240/264  loss=0.3108
  batch 250/264  loss=0.3692
  batch 260/264  loss=0.4361
Epoch 293/300  train=4.305e-01  rmse=2.0722  lr=1.0e-04  229s
  batch 10/264  loss=0.5617
  batch 20/264  loss=0.4490
  batch 30/264  loss=0.4676
  batch 40/264  loss=0.4246
  batch 50/264  loss=0.3226
  batch 60/264  loss=0.3970
  batch 70/264  loss=0.4095
  batch 80/264  loss=0.4252
  batch 90/264  loss=0.5176
  batch 100/264  loss=0.5272
  batch 110/264  loss=0.4467
  batch 120/264  loss=0.4420
  batch 130/264  loss=0.4340
  batch 140/264  loss=0.4301
  batch 150/264  loss=0.5860
  batch 160/264  loss=0.4205
  batch 170/264  loss=0.4001
  batch 180/264  loss=0.4051
  batch 190/264  loss=0.4362
  batch 200/264  loss=0.5481
  batch 210/264  loss=0.4125
  batch 220/264  loss=0.3926
  batch 230/264  loss=0.4874
  batch 240/264  loss=0.3784
  batch 250/264  loss=0.5211
  batch 260/264  loss=0.4478
Epoch 294/300  train=4.318e-01  rmse=1.7614  lr=1.0e-04  231s
  batch 10/264  loss=0.4947
  batch 20/264  loss=0.5539
  batch 30/264  loss=0.3546
  batch 40/264  loss=0.5873
  batch 50/264  loss=0.5395
  batch 60/264  loss=0.3045
  batch 70/264  loss=0.3990
  batch 80/264  loss=0.3396
  batch 90/264  loss=0.2993
  batch 100/264  loss=0.4125
  batch 110/264  loss=0.4534
  batch 120/264  loss=0.3150
  batch 130/264  loss=0.5148
  batch 140/264  loss=0.3492
  batch 150/264  loss=0.5045
  batch 160/264  loss=0.5285
  batch 170/264  loss=0.4393
  batch 180/264  loss=0.3345
  batch 190/264  loss=0.3574
  batch 200/264  loss=0.3517
  batch 210/264  loss=0.3114
  batch 220/264  loss=0.3431
  batch 230/264  loss=0.4041
  batch 240/264  loss=0.4864
  batch 250/264  loss=0.5042
  batch 260/264  loss=0.3694
Epoch 295/300  train=4.288e-01  rmse=1.7762  lr=1.0e-04  230s
  -> best  monitor=4.288e-01
  batch 10/264  loss=0.3798
  batch 20/264  loss=0.3525
  batch 30/264  loss=0.3834
  batch 40/264  loss=0.4424
  batch 50/264  loss=0.6090
  batch 60/264  loss=0.5465
  batch 70/264  loss=0.6565
  batch 80/264  loss=0.4405
  batch 90/264  loss=0.4364
  batch 100/264  loss=0.4143
  batch 110/264  loss=0.4870
  batch 120/264  loss=0.3513
  batch 130/264  loss=0.3745
  batch 140/264  loss=0.2963
  batch 150/264  loss=0.3548
  batch 160/264  loss=0.4414
  batch 170/264  loss=0.4387
  batch 180/264  loss=0.4735
  batch 190/264  loss=0.3262
  batch 200/264  loss=0.4344
  batch 210/264  loss=0.3044
  batch 220/264  loss=0.3160
  batch 230/264  loss=0.3379
  batch 240/264  loss=0.4456
  batch 250/264  loss=0.4936
  batch 260/264  loss=0.4107
Epoch 296/300  train=4.274e-01  rmse=1.7700  lr=1.0e-04  230s
  -> best  monitor=4.274e-01
  batch 10/264  loss=0.3382
  batch 20/264  loss=0.4924
  batch 30/264  loss=0.4723
  batch 40/264  loss=0.3659
  batch 50/264  loss=0.4100
  batch 60/264  loss=0.3917
  batch 70/264  loss=0.4747
  batch 80/264  loss=0.3606
  batch 90/264  loss=0.3087
  batch 100/264  loss=0.5406
  batch 110/264  loss=0.3005
  batch 120/264  loss=0.4764
  batch 130/264  loss=0.5173
  batch 140/264  loss=0.3146
  batch 150/264  loss=0.4254
  batch 160/264  loss=0.3405
  batch 170/264  loss=0.5838
  batch 180/264  loss=0.4974
  batch 190/264  loss=0.5795
  batch 200/264  loss=0.4433
  batch 210/264  loss=0.3986
  batch 220/264  loss=0.3065
  batch 230/264  loss=0.4837
  batch 240/264  loss=0.3423
  batch 250/264  loss=0.3722
  batch 260/264  loss=0.4609
Epoch 297/300  train=4.274e-01  rmse=1.7610  lr=1.0e-04  231s
  batch 10/264  loss=0.4716
  batch 20/264  loss=0.4150
  batch 30/264  loss=0.4015
  batch 40/264  loss=0.4438
  batch 50/264  loss=0.4770
  batch 60/264  loss=0.3684
  batch 70/264  loss=0.4816
  batch 80/264  loss=0.2937
  batch 90/264  loss=0.4041
  batch 100/264  loss=0.4978
  batch 110/264  loss=0.4301
  batch 120/264  loss=0.4938
  batch 130/264  loss=0.4210
  batch 140/264  loss=0.3790
  batch 150/264  loss=0.4806
  batch 160/264  loss=0.4832
  batch 170/264  loss=0.4221
  batch 180/264  loss=0.3771
  batch 190/264  loss=0.6650
  batch 200/264  loss=0.3817
  batch 210/264  loss=0.3632
  batch 220/264  loss=0.5252
  batch 230/264  loss=0.3102
  batch 240/264  loss=0.3404
  batch 250/264  loss=0.5811
  batch 260/264  loss=0.3996
Epoch 298/300  train=4.328e-01  rmse=2.4859  lr=1.0e-04  222s
  batch 10/264  loss=0.5182
  batch 20/264  loss=0.4223
  batch 30/264  loss=0.4384
  batch 40/264  loss=0.3679
  batch 50/264  loss=0.4265
  batch 60/264  loss=0.5181
  batch 70/264  loss=0.4429
  batch 80/264  loss=0.3713
  batch 90/264  loss=0.4074
  batch 100/264  loss=0.4787
  batch 110/264  loss=0.3757
  batch 120/264  loss=0.4779
  batch 130/264  loss=0.3904
  batch 140/264  loss=0.5454
  batch 150/264  loss=0.3758
  batch 160/264  loss=0.4725
  batch 170/264  loss=0.5392
  batch 180/264  loss=0.3766
  batch 190/264  loss=0.4116
  batch 200/264  loss=0.3702
  batch 210/264  loss=0.2951
  batch 220/264  loss=0.3923
  batch 230/264  loss=0.4322
  batch 240/264  loss=0.4177
  batch 250/264  loss=0.5161
  batch 260/264  loss=0.3231
Epoch 299/300  train=4.281e-01  rmse=1.9895  lr=1.0e-04  224s
  batch 10/264  loss=0.3319
  batch 20/264  loss=0.4014
  batch 30/264  loss=0.3918
  batch 40/264  loss=0.4155
  batch 50/264  loss=0.3109
  batch 60/264  loss=0.4432
  batch 70/264  loss=0.3345
  batch 80/264  loss=0.5235
  batch 90/264  loss=0.4326
  batch 100/264  loss=0.4197
  batch 110/264  loss=0.3953
  batch 120/264  loss=0.4323
  batch 130/264  loss=0.3411
  batch 140/264  loss=0.4190
  batch 150/264  loss=0.3296
  batch 160/264  loss=0.4258
  batch 170/264  loss=0.3985
  batch 180/264  loss=0.4204
  batch 190/264  loss=0.3554
  batch 200/264  loss=0.4217
  batch 210/264  loss=0.4147
  batch 220/264  loss=0.3415
  batch 230/264  loss=0.4338
  batch 240/264  loss=0.3465
  batch 250/264  loss=0.4502
  batch 260/264  loss=0.4336
Epoch 300/300  train=4.289e-01  rmse=1.8134  lr=1.0e-04  226s

Test evaluation (best checkpoint)...
Test (RMSE / MAE in μg/m³):
  total: 0.564738
  main: 0.034795
  nonneg: 0.000000
  smooth: 0.000000
  anom: 0.021685
  grad: 0.000695
  pattern: 0.137631
  spectral: 0.369932
  var: 0.000000
  rmse: 0.989202
  rmse_low: 1.309890
  rmse_high: 0.374799
  mae: 0.453124

  z  Height(m)        R²
--------------------------
  0       15.0    0.7193  <- ~0-100m
  1       25.0    0.7093  <- ~0-100m
  2       35.0    0.7508  <- ~0-100m
  3       45.0    0.7974  <- ~0-100m
  4       55.0    0.8354  <- ~0-100m
  5       75.0    0.9106  <- ~0-100m
  6       95.0    0.9441  <- ~0-100m
  7      115.0    0.9576  <- ~0-100m
  8      135.0    0.9620
  9      155.0    0.9691
 10      175.0    0.9766
 11      195.0    0.9793
