Device: cuda
Building datasets...
Temporal split:  train=264  val=0  test=72
Fitting normalisation on 264 samples...
  50/264
  100/264
  150/264
  200/264
  250/264
Done.
  emission  mean=5.6840  std=1.1291
  pm25      per-level  mean[0]=2.3826e+00  mean[-1]=1.1283e+00
Model: UNet3D  base_ch=16  params: 1,598,466
No val set — using train loss for scheduler and checkpoint selection.

Training for 300 epochs...
  batch 10/264  loss=2.9980
  batch 20/264  loss=4.2218
  batch 30/264  loss=1.9884
  batch 40/264  loss=3.0851
  batch 50/264  loss=2.2457
  batch 60/264  loss=2.0131
  batch 70/264  loss=1.2166
  batch 80/264  loss=1.2030
  batch 90/264  loss=3.7967
  batch 100/264  loss=4.9921
  batch 110/264  loss=1.1652
  batch 120/264  loss=1.2440
  batch 130/264  loss=1.1021
  batch 140/264  loss=1.2969
  batch 150/264  loss=2.2499
  batch 160/264  loss=1.7324
  batch 170/264  loss=0.9160
  batch 180/264  loss=3.0434
  batch 190/264  loss=2.9913
  batch 200/264  loss=1.1427
  batch 210/264  loss=2.0548
  batch 220/264  loss=1.6120
  batch 230/264  loss=1.8934
  batch 240/264  loss=1.4282
  batch 250/264  loss=1.7236
  batch 260/264  loss=1.3067
Epoch   1/300  train=2.145e+00  rmse=4.5429  lr=1.0e-04  261s
  -> best  monitor=2.145e+00
  batch 10/264  loss=1.3910
  batch 20/264  loss=2.4101
  batch 30/264  loss=2.3029
  batch 40/264  loss=4.9323
  batch 50/264  loss=1.0154
  batch 60/264  loss=1.0705
  batch 70/264  loss=1.0000
  batch 80/264  loss=1.5503
  batch 90/264  loss=1.7670
  batch 100/264  loss=0.8492
  batch 110/264  loss=1.1022
  batch 120/264  loss=0.8857
  batch 130/264  loss=1.0075
  batch 140/264  loss=1.5250
  batch 150/264  loss=3.6820
  batch 160/264  loss=0.9094
  batch 170/264  loss=3.7485
  batch 180/264  loss=1.3629
  batch 190/264  loss=1.4464
  batch 200/264  loss=1.6751
  batch 210/264  loss=2.3236
  batch 220/264  loss=1.9281
  batch 230/264  loss=0.8626
  batch 240/264  loss=1.8342
  batch 250/264  loss=0.8662
  batch 260/264  loss=1.1219
Epoch   2/300  train=1.700e+00  rmse=4.1415  lr=1.0e-04  234s
  -> best  monitor=1.700e+00
  batch 10/264  loss=1.3400
  batch 20/264  loss=0.9825
  batch 30/264  loss=2.7106
  batch 40/264  loss=1.0223
  batch 50/264  loss=1.0361
  batch 60/264  loss=0.7989
  batch 70/264  loss=0.9895
  batch 80/264  loss=1.9657
  batch 90/264  loss=1.6295
  batch 100/264  loss=1.0651
  batch 110/264  loss=1.1919
  batch 120/264  loss=1.9471
  batch 130/264  loss=1.1400
  batch 140/264  loss=1.5474
  batch 150/264  loss=0.9416
  batch 160/264  loss=1.3044
  batch 170/264  loss=1.3073
  batch 180/264  loss=1.3538
  batch 190/264  loss=1.6635
  batch 200/264  loss=0.8898
  batch 210/264  loss=2.9744
  batch 220/264  loss=0.9929
  batch 230/264  loss=1.0342
  batch 240/264  loss=0.9116
  batch 250/264  loss=1.1928
  batch 260/264  loss=1.3126
Epoch   3/300  train=1.415e+00  rmse=3.7344  lr=1.0e-04  231s
  -> best  monitor=1.415e+00
  batch 10/264  loss=1.0187
  batch 20/264  loss=1.2632
  batch 30/264  loss=1.2663
  batch 40/264  loss=1.1125
  batch 50/264  loss=1.1211
  batch 60/264  loss=1.1916
  batch 70/264  loss=0.7820
  batch 80/264  loss=0.9942
  batch 90/264  loss=0.8429
  batch 100/264  loss=0.8464
  batch 110/264  loss=1.2509
  batch 120/264  loss=1.6145
  batch 130/264  loss=0.9914
  batch 140/264  loss=1.0402
  batch 150/264  loss=1.0054
  batch 160/264  loss=1.8482
  batch 170/264  loss=0.6323
  batch 180/264  loss=1.8048
  batch 190/264  loss=0.8658
  batch 200/264  loss=1.2769
  batch 210/264  loss=0.8108
  batch 220/264  loss=2.3532
  batch 230/264  loss=0.6579
  batch 240/264  loss=1.7131
  batch 250/264  loss=1.3931
  batch 260/264  loss=0.8388
Epoch   4/300  train=1.210e+00  rmse=3.3600  lr=1.0e-04  231s
  -> best  monitor=1.210e+00
  batch 10/264  loss=0.9277
  batch 20/264  loss=1.1765
  batch 30/264  loss=0.9548
  batch 40/264  loss=2.3214
  batch 50/264  loss=1.2209
  batch 60/264  loss=2.3934
  batch 70/264  loss=0.6791
  batch 80/264  loss=0.6507
  batch 90/264  loss=0.8664
  batch 100/264  loss=1.0387
  batch 110/264  loss=0.6914
  batch 120/264  loss=1.0106
  batch 130/264  loss=0.9939
  batch 140/264  loss=1.7062
  batch 150/264  loss=0.8341
  batch 160/264  loss=0.6163
  batch 170/264  loss=1.4131
  batch 180/264  loss=0.8745
  batch 190/264  loss=0.7552
  batch 200/264  loss=1.2872
  batch 210/264  loss=0.7753
  batch 220/264  loss=0.8896
  batch 230/264  loss=0.5656
  batch 240/264  loss=0.6801
  batch 250/264  loss=0.6787
  batch 260/264  loss=0.7765
Epoch   5/300  train=1.094e+00  rmse=3.1329  lr=1.0e-04  231s
  -> best  monitor=1.094e+00
  batch 10/264  loss=1.1715
  batch 20/264  loss=0.7231
  batch 30/264  loss=0.8986
  batch 40/264  loss=0.5491
  batch 50/264  loss=1.0200
  batch 60/264  loss=0.7820
  batch 70/264  loss=1.1012
  batch 80/264  loss=1.2422
  batch 90/264  loss=1.0813
  batch 100/264  loss=2.1061
  batch 110/264  loss=0.8759
  batch 120/264  loss=1.5977
  batch 130/264  loss=0.8964
  batch 140/264  loss=0.9262
  batch 150/264  loss=1.4317
  batch 160/264  loss=1.3951
  batch 170/264  loss=0.6005
  batch 180/264  loss=0.9754
  batch 190/264  loss=2.1169
  batch 200/264  loss=0.8242
  batch 210/264  loss=0.8408
  batch 220/264  loss=0.8791
  batch 230/264  loss=0.8289
  batch 240/264  loss=1.0825
  batch 250/264  loss=0.7136
  batch 260/264  loss=1.1298
Epoch   6/300  train=1.029e+00  rmse=3.0006  lr=1.0e-04  230s
  -> best  monitor=1.029e+00
  batch 10/264  loss=1.4818
  batch 20/264  loss=0.5850
  batch 30/264  loss=0.9075
  batch 40/264  loss=0.8735
  batch 50/264  loss=1.0157
  batch 60/264  loss=0.8493
  batch 70/264  loss=1.4314
  batch 80/264  loss=1.1362
  batch 90/264  loss=0.9754
  batch 100/264  loss=0.7801
  batch 110/264  loss=1.0522
  batch 120/264  loss=0.9302
  batch 130/264  loss=0.8549
  batch 140/264  loss=0.8751
  batch 150/264  loss=0.6357
  batch 160/264  loss=0.6810
  batch 170/264  loss=0.8140
  batch 180/264  loss=0.7622
  batch 190/264  loss=1.5767
  batch 200/264  loss=0.7778
  batch 210/264  loss=1.4336
  batch 220/264  loss=1.4368
  batch 230/264  loss=0.7636
  batch 240/264  loss=0.7934
  batch 250/264  loss=1.0220
  batch 260/264  loss=0.6750
Epoch   7/300  train=9.653e-01  rmse=2.9177  lr=1.0e-04  232s
  -> best  monitor=9.653e-01
  batch 10/264  loss=1.2959
  batch 20/264  loss=0.7694
  batch 30/264  loss=0.6049
  batch 40/264  loss=0.8484
  batch 50/264  loss=0.7552
  batch 60/264  loss=0.8054
  batch 70/264  loss=0.8754
  batch 80/264  loss=0.6975
  batch 90/264  loss=0.7868
  batch 100/264  loss=0.8764
  batch 110/264  loss=0.6637
  batch 120/264  loss=0.7384
  batch 130/264  loss=0.8086
  batch 140/264  loss=0.5550
  batch 150/264  loss=1.0519
  batch 160/264  loss=0.8175
  batch 170/264  loss=0.7664
  batch 180/264  loss=0.7039
  batch 190/264  loss=0.5669
  batch 200/264  loss=1.7055
  batch 210/264  loss=1.0855
  batch 220/264  loss=0.5515
  batch 230/264  loss=0.8147
  batch 240/264  loss=0.7255
  batch 250/264  loss=0.8406
  batch 260/264  loss=1.7244
Epoch   8/300  train=9.364e-01  rmse=2.8946  lr=1.0e-04  232s
  -> best  monitor=9.364e-01
  batch 10/264  loss=0.6837
  batch 20/264  loss=0.8557
  batch 30/264  loss=0.7426
  batch 40/264  loss=0.5282
  batch 50/264  loss=0.6322
  batch 60/264  loss=0.6062
  batch 70/264  loss=0.6267
  batch 80/264  loss=0.4723
  batch 90/264  loss=0.5152
  batch 100/264  loss=0.7304
  batch 110/264  loss=0.8588
  batch 120/264  loss=0.8328
  batch 130/264  loss=0.9034
  batch 140/264  loss=0.7415
  batch 150/264  loss=0.6688
  batch 160/264  loss=0.8636
  batch 170/264  loss=1.1350
  batch 180/264  loss=0.6652
  batch 190/264  loss=0.6204
  batch 200/264  loss=0.8021
  batch 210/264  loss=0.8790
  batch 220/264  loss=0.5311
  batch 230/264  loss=0.8522
  batch 240/264  loss=0.5963
  batch 250/264  loss=1.1730
  batch 260/264  loss=0.6461
Epoch   9/300  train=8.905e-01  rmse=2.8744  lr=1.0e-04  232s
  -> best  monitor=8.905e-01
  batch 10/264  loss=0.6353
  batch 20/264  loss=0.7677
  batch 30/264  loss=0.7142
  batch 40/264  loss=0.8364
  batch 50/264  loss=0.8665
  batch 60/264  loss=0.7733
  batch 70/264  loss=0.8755
  batch 80/264  loss=0.6801
  batch 90/264  loss=0.8230
  batch 100/264  loss=0.5690
  batch 110/264  loss=0.5473
  batch 120/264  loss=0.6802
  batch 130/264  loss=0.7644
  batch 140/264  loss=0.8949
  batch 150/264  loss=0.8467
  batch 160/264  loss=0.9311
  batch 170/264  loss=0.5884
  batch 180/264  loss=1.1941
  batch 190/264  loss=0.8994
  batch 200/264  loss=0.6776
  batch 210/264  loss=1.4439
  batch 220/264  loss=0.6841
  batch 230/264  loss=0.9254
  batch 240/264  loss=1.2870
  batch 250/264  loss=0.7423
  batch 260/264  loss=0.6606
Epoch  10/300  train=8.613e-01  rmse=2.7998  lr=1.0e-04  232s
  -> best  monitor=8.613e-01
  batch 10/264  loss=0.8978
  batch 20/264  loss=0.8341
  batch 30/264  loss=0.6351
  batch 40/264  loss=0.5548
  batch 50/264  loss=0.9910
  batch 60/264  loss=0.5599
  batch 70/264  loss=0.8104
  batch 80/264  loss=0.6690
  batch 90/264  loss=0.9569
  batch 100/264  loss=1.0174
  batch 110/264  loss=0.5927
  batch 120/264  loss=0.6930
  batch 130/264  loss=2.3691
  batch 140/264  loss=0.7048
  batch 150/264  loss=0.8208
  batch 160/264  loss=0.6829
  batch 170/264  loss=0.9250
  batch 180/264  loss=0.7932
  batch 190/264  loss=0.6681
  batch 200/264  loss=0.6190
  batch 210/264  loss=1.0123
  batch 220/264  loss=0.5055
  batch 230/264  loss=0.7108
  batch 240/264  loss=0.4908
  batch 250/264  loss=0.9089
  batch 260/264  loss=0.7261
Epoch  11/300  train=8.534e-01  rmse=2.7729  lr=1.0e-04  232s
  -> best  monitor=8.534e-01
  batch 10/264  loss=0.8980
  batch 20/264  loss=0.9402
  batch 30/264  loss=0.6806
  batch 40/264  loss=0.9953
  batch 50/264  loss=0.5966
  batch 60/264  loss=0.7205
  batch 70/264  loss=0.6050
  batch 80/264  loss=0.8632
  batch 90/264  loss=0.6557
  batch 100/264  loss=0.5844
  batch 110/264  loss=0.8212
  batch 120/264  loss=0.8494
  batch 130/264  loss=0.8897
  batch 140/264  loss=0.6206
  batch 150/264  loss=0.5411
  batch 160/264  loss=0.7206
  batch 170/264  loss=0.6532
  batch 180/264  loss=0.6239
  batch 190/264  loss=0.7425
  batch 200/264  loss=0.7064
  batch 210/264  loss=0.6803
  batch 220/264  loss=0.7026
  batch 230/264  loss=0.8854
  batch 240/264  loss=1.1125
  batch 250/264  loss=1.0827
  batch 260/264  loss=0.8715
Epoch  12/300  train=8.156e-01  rmse=2.7250  lr=1.0e-04  232s
  -> best  monitor=8.156e-01
  batch 10/264  loss=1.4000
  batch 20/264  loss=1.9553
  batch 30/264  loss=0.5501
  batch 40/264  loss=2.2336
  batch 50/264  loss=0.7698
  batch 60/264  loss=1.1575
  batch 70/264  loss=0.7807
  batch 80/264  loss=1.0141
  batch 90/264  loss=1.0319
  batch 100/264  loss=1.0000
  batch 110/264  loss=0.8812
  batch 120/264  loss=0.9140
  batch 130/264  loss=0.6533
  batch 140/264  loss=1.0045
  batch 150/264  loss=0.5733
  batch 160/264  loss=0.5992
  batch 170/264  loss=0.8417
  batch 180/264  loss=0.6522
  batch 190/264  loss=0.8345
  batch 200/264  loss=0.7137
  batch 210/264  loss=1.2908
  batch 220/264  loss=0.4986
  batch 230/264  loss=0.5538
  batch 240/264  loss=0.4684
  batch 250/264  loss=0.6243
  batch 260/264  loss=0.6893
Epoch  13/300  train=7.963e-01  rmse=2.6598  lr=1.0e-04  230s
  -> best  monitor=7.963e-01
  batch 10/264  loss=0.7528
  batch 20/264  loss=1.6116
  batch 30/264  loss=0.7019
  batch 40/264  loss=0.9482
  batch 50/264  loss=1.1222
  batch 60/264  loss=0.5696
  batch 70/264  loss=0.8860
  batch 80/264  loss=1.1661
  batch 90/264  loss=0.6618
  batch 100/264  loss=1.1027
  batch 110/264  loss=0.7878
  batch 120/264  loss=0.6911
  batch 130/264  loss=0.4617
  batch 140/264  loss=0.7532
  batch 150/264  loss=0.6675
  batch 160/264  loss=1.0752
  batch 170/264  loss=0.6352
  batch 180/264  loss=1.0446
  batch 190/264  loss=0.5777
  batch 200/264  loss=0.4513
  batch 210/264  loss=0.8241
  batch 220/264  loss=1.4661
  batch 230/264  loss=0.8048
  batch 240/264  loss=0.5482
  batch 250/264  loss=0.5129
  batch 260/264  loss=0.5166
Epoch  14/300  train=7.849e-01  rmse=2.6029  lr=1.0e-04  231s
  -> best  monitor=7.849e-01
  batch 10/264  loss=0.4977
  batch 20/264  loss=0.8836
  batch 30/264  loss=0.7238
  batch 40/264  loss=0.8594
  batch 50/264  loss=0.8955
  batch 60/264  loss=0.7581
  batch 70/264  loss=0.6123
  batch 80/264  loss=0.6262
  batch 90/264  loss=0.5567
  batch 100/264  loss=0.9673
  batch 110/264  loss=0.6296
  batch 120/264  loss=0.5670
  batch 130/264  loss=0.6264
  batch 140/264  loss=0.7748
  batch 150/264  loss=0.6059
  batch 160/264  loss=0.5789
  batch 170/264  loss=0.9196
  batch 180/264  loss=0.9237
  batch 190/264  loss=0.9033
  batch 200/264  loss=1.3893
  batch 210/264  loss=0.7168
  batch 220/264  loss=0.5206
  batch 230/264  loss=0.8499
  batch 240/264  loss=0.7117
  batch 250/264  loss=0.5481
  batch 260/264  loss=1.0308
Epoch  15/300  train=7.713e-01  rmse=2.5921  lr=1.0e-04  231s
  -> best  monitor=7.713e-01
  batch 10/264  loss=0.6430
  batch 20/264  loss=0.4674
  batch 30/264  loss=0.9649
  batch 40/264  loss=0.6164
  batch 50/264  loss=1.2046
  batch 60/264  loss=0.8348
  batch 70/264  loss=0.6257
  batch 80/264  loss=0.6121
  batch 90/264  loss=0.7806
  batch 100/264  loss=0.5412
  batch 110/264  loss=0.6878
  batch 120/264  loss=0.4805
  batch 130/264  loss=0.5075
  batch 140/264  loss=0.5542
  batch 150/264  loss=0.9880
  batch 160/264  loss=0.5627
  batch 170/264  loss=0.5604
  batch 180/264  loss=0.7855
  batch 190/264  loss=0.7299
  batch 200/264  loss=1.6636
  batch 210/264  loss=0.5308
  batch 220/264  loss=0.6829
  batch 230/264  loss=0.9611
  batch 240/264  loss=0.5552
  batch 250/264  loss=0.6624
  batch 260/264  loss=0.6608
Epoch  16/300  train=7.464e-01  rmse=2.5473  lr=1.0e-04  232s
  -> best  monitor=7.464e-01
  batch 10/264  loss=0.7435
  batch 20/264  loss=0.9108
  batch 30/264  loss=0.6180
  batch 40/264  loss=0.7371
  batch 50/264  loss=0.7687
  batch 60/264  loss=0.5537
  batch 70/264  loss=0.5734
  batch 80/264  loss=0.8049
  batch 90/264  loss=0.8008
  batch 100/264  loss=0.7810
  batch 110/264  loss=0.4896
  batch 120/264  loss=0.5747
  batch 130/264  loss=0.4797
  batch 140/264  loss=0.5079
  batch 150/264  loss=0.6266
  batch 160/264  loss=0.4881
  batch 170/264  loss=0.6452
  batch 180/264  loss=0.7562
  batch 190/264  loss=0.4992
  batch 200/264  loss=0.6560
  batch 210/264  loss=0.7752
  batch 220/264  loss=1.3688
  batch 230/264  loss=1.3552
  batch 240/264  loss=0.6508
  batch 250/264  loss=0.5741
  batch 260/264  loss=1.5617
Epoch  17/300  train=7.395e-01  rmse=2.5178  lr=1.0e-04  232s
  -> best  monitor=7.395e-01
  batch 10/264  loss=0.9291
  batch 20/264  loss=0.8833
  batch 30/264  loss=0.9421
  batch 40/264  loss=0.8273
  batch 50/264  loss=0.7926
  batch 60/264  loss=0.5374
  batch 70/264  loss=0.9244
  batch 80/264  loss=0.5313
  batch 90/264  loss=0.7054
  batch 100/264  loss=0.7682
  batch 110/264  loss=0.6573
  batch 120/264  loss=0.5888
  batch 130/264  loss=0.6504
  batch 140/264  loss=0.6292
  batch 150/264  loss=0.6919
  batch 160/264  loss=0.5189
  batch 170/264  loss=0.6999
  batch 180/264  loss=0.9634
  batch 190/264  loss=0.9240
  batch 200/264  loss=0.5828
  batch 210/264  loss=0.6031
  batch 220/264  loss=0.5194
  batch 230/264  loss=0.6707
  batch 240/264  loss=0.7704
  batch 250/264  loss=0.7772
  batch 260/264  loss=0.7031
Epoch  18/300  train=7.263e-01  rmse=2.5808  lr=1.0e-04  232s
  -> best  monitor=7.263e-01
  batch 10/264  loss=1.0664
  batch 20/264  loss=0.6572
  batch 30/264  loss=0.9033
  batch 40/264  loss=0.5418
  batch 50/264  loss=0.4497
  batch 60/264  loss=1.7114
  batch 70/264  loss=0.5269
  batch 80/264  loss=0.4359
  batch 90/264  loss=0.5669
  batch 100/264  loss=0.5960
  batch 110/264  loss=0.6155
  batch 120/264  loss=0.5343
  batch 130/264  loss=0.6033
  batch 140/264  loss=0.6022
  batch 150/264  loss=0.6993
  batch 160/264  loss=0.5499
  batch 170/264  loss=0.8726
  batch 180/264  loss=0.8148
  batch 190/264  loss=1.3951
  batch 200/264  loss=1.5041
  batch 210/264  loss=0.5387
  batch 220/264  loss=0.7195
  batch 230/264  loss=0.4953
  batch 240/264  loss=0.6249
  batch 250/264  loss=0.7443
  batch 260/264  loss=0.4989
Epoch  19/300  train=7.035e-01  rmse=2.4553  lr=1.0e-04  232s
  -> best  monitor=7.035e-01
  batch 10/264  loss=0.6008
  batch 20/264  loss=0.6381
  batch 30/264  loss=0.5400
  batch 40/264  loss=0.4653
  batch 50/264  loss=0.5945
  batch 60/264  loss=0.7130
  batch 70/264  loss=0.5265
  batch 80/264  loss=1.1862
  batch 90/264  loss=0.5545
  batch 100/264  loss=0.8169
  batch 110/264  loss=0.8868
  batch 120/264  loss=1.5904
  batch 130/264  loss=1.1981
  batch 140/264  loss=0.8030
  batch 150/264  loss=1.0927
  batch 160/264  loss=0.4884
  batch 170/264  loss=0.8134
  batch 180/264  loss=0.4776
  batch 190/264  loss=0.4479
  batch 200/264  loss=0.6125
  batch 210/264  loss=0.5705
  batch 220/264  loss=0.6115
  batch 230/264  loss=0.5027
  batch 240/264  loss=0.7028
  batch 250/264  loss=0.4832
  batch 260/264  loss=1.0309
Epoch  20/300  train=7.106e-01  rmse=2.4859  lr=1.0e-04  231s
  batch 10/264  loss=0.6320
  batch 20/264  loss=0.5543
  batch 30/264  loss=0.6465
  batch 40/264  loss=1.3450
  batch 50/264  loss=0.5425
  batch 60/264  loss=0.4759
  batch 70/264  loss=0.5707
  batch 80/264  loss=0.6745
  batch 90/264  loss=0.5218
  batch 100/264  loss=0.5996
  batch 110/264  loss=0.9368
  batch 120/264  loss=0.6170
  batch 130/264  loss=1.6527
  batch 140/264  loss=0.7408
  batch 150/264  loss=0.6478
  batch 160/264  loss=0.4657
  batch 170/264  loss=0.5833
  batch 180/264  loss=0.7123
  batch 190/264  loss=0.9618
  batch 200/264  loss=0.4900
  batch 210/264  loss=0.4775
  batch 220/264  loss=0.9256
  batch 230/264  loss=0.5427
  batch 240/264  loss=0.5418
  batch 250/264  loss=0.5612
  batch 260/264  loss=0.4723
Epoch  21/300  train=6.959e-01  rmse=2.5012  lr=1.0e-04  231s
  -> best  monitor=6.959e-01
  batch 10/264  loss=0.6365
  batch 20/264  loss=0.3977
  batch 30/264  loss=0.5100
  batch 40/264  loss=1.1617
  batch 50/264  loss=0.6347
  batch 60/264  loss=0.5376
  batch 70/264  loss=0.6072
  batch 80/264  loss=0.8407
  batch 90/264  loss=0.6090
  batch 100/264  loss=0.5291
  batch 110/264  loss=0.7143
  batch 120/264  loss=0.7773
  batch 130/264  loss=0.7610
  batch 140/264  loss=0.6244
  batch 150/264  loss=0.6395
  batch 160/264  loss=0.8692
  batch 170/264  loss=0.6000
  batch 180/264  loss=0.5938
  batch 190/264  loss=0.6245
  batch 200/264  loss=0.6956
  batch 210/264  loss=0.6970
  batch 220/264  loss=0.5788
  batch 230/264  loss=0.4908
  batch 240/264  loss=0.5239
  batch 250/264  loss=0.8124
  batch 260/264  loss=0.6529
Epoch  22/300  train=6.927e-01  rmse=2.4749  lr=1.0e-04  232s
  -> best  monitor=6.927e-01
  batch 10/264  loss=1.1813
  batch 20/264  loss=0.5058
  batch 30/264  loss=0.6301
  batch 40/264  loss=0.6154
  batch 50/264  loss=0.4828
  batch 60/264  loss=0.6099
  batch 70/264  loss=0.7225
  batch 80/264  loss=0.5384
  batch 90/264  loss=0.4959
  batch 100/264  loss=0.7190
  batch 110/264  loss=0.6406
  batch 120/264  loss=0.4639
  batch 130/264  loss=0.5389
  batch 140/264  loss=0.6785
  batch 150/264  loss=0.5381
  batch 160/264  loss=0.6142
  batch 170/264  loss=0.6572
  batch 180/264  loss=0.6313
  batch 190/264  loss=0.5073
  batch 200/264  loss=0.4679
  batch 210/264  loss=0.5585
  batch 220/264  loss=1.5541
  batch 230/264  loss=0.5841
  batch 240/264  loss=0.5859
  batch 250/264  loss=0.9999
  batch 260/264  loss=0.6828
Epoch  23/300  train=6.743e-01  rmse=2.4237  lr=1.0e-04  232s
  -> best  monitor=6.743e-01
  batch 10/264  loss=0.4922
  batch 20/264  loss=0.7082
  batch 30/264  loss=0.6796
  batch 40/264  loss=0.5416
  batch 50/264  loss=0.6796
  batch 60/264  loss=0.4649
  batch 70/264  loss=1.1041
  batch 80/264  loss=0.6759
  batch 90/264  loss=0.5430
  batch 100/264  loss=0.8069
  batch 110/264  loss=1.6768
  batch 120/264  loss=0.4796
  batch 130/264  loss=0.6219
  batch 140/264  loss=0.9467
  batch 150/264  loss=1.5632
  batch 160/264  loss=0.5081
  batch 170/264  loss=0.5061
  batch 180/264  loss=0.5719
  batch 190/264  loss=1.1402
  batch 200/264  loss=0.4866
  batch 210/264  loss=0.7585
  batch 220/264  loss=0.5961
  batch 230/264  loss=0.6847
  batch 240/264  loss=0.4815
  batch 250/264  loss=0.5703
  batch 260/264  loss=0.5351
Epoch  24/300  train=6.659e-01  rmse=2.3918  lr=1.0e-04  231s
  -> best  monitor=6.659e-01
  batch 10/264  loss=0.4857
  batch 20/264  loss=0.6836
  batch 30/264  loss=0.5669
  batch 40/264  loss=0.5532
  batch 50/264  loss=0.6779
  batch 60/264  loss=0.6856
  batch 70/264  loss=0.5800
  batch 80/264  loss=0.6320
  batch 90/264  loss=0.4237
  batch 100/264  loss=0.8451
  batch 110/264  loss=0.4768
  batch 120/264  loss=0.6418
  batch 130/264  loss=0.9653
  batch 140/264  loss=0.4654
  batch 150/264  loss=0.6877
  batch 160/264  loss=0.7788
  batch 170/264  loss=1.7545
  batch 180/264  loss=0.4344
  batch 190/264  loss=1.3615
  batch 200/264  loss=0.6409
  batch 210/264  loss=0.5923
  batch 220/264  loss=0.6379
  batch 230/264  loss=0.5348
  batch 240/264  loss=0.6787
  batch 250/264  loss=0.4843
  batch 260/264  loss=0.7634
Epoch  25/300  train=6.661e-01  rmse=2.4243  lr=1.0e-04  231s
  batch 10/264  loss=0.6956
  batch 20/264  loss=0.7492
  batch 30/264  loss=1.1162
  batch 40/264  loss=0.4835
  batch 50/264  loss=0.5903
  batch 60/264  loss=0.6519
  batch 70/264  loss=0.7628
  batch 80/264  loss=0.8022
  batch 90/264  loss=0.5564
  batch 100/264  loss=0.4729
  batch 110/264  loss=0.5363
  batch 120/264  loss=0.8600
  batch 130/264  loss=0.5655
  batch 140/264  loss=0.8226
  batch 150/264  loss=1.8070
  batch 160/264  loss=0.6232
  batch 170/264  loss=0.6938
  batch 180/264  loss=0.5341
  batch 190/264  loss=0.4983
  batch 200/264  loss=0.6148
  batch 210/264  loss=0.6441
  batch 220/264  loss=0.6312
  batch 230/264  loss=0.4866
  batch 240/264  loss=0.6231
  batch 250/264  loss=0.5933
  batch 260/264  loss=0.7054
Epoch  26/300  train=6.592e-01  rmse=2.3461  lr=1.0e-04  232s
  -> best  monitor=6.592e-01
  batch 10/264  loss=0.4567
  batch 20/264  loss=1.1273
  batch 30/264  loss=0.5053
  batch 40/264  loss=0.6107
  batch 50/264  loss=0.7690
  batch 60/264  loss=0.4014
  batch 70/264  loss=0.6182
  batch 80/264  loss=0.5048
  batch 90/264  loss=0.5096
  batch 100/264  loss=0.7011
  batch 110/264  loss=0.6294
  batch 120/264  loss=0.5387
  batch 130/264  loss=1.4159
  batch 140/264  loss=0.4423
  batch 150/264  loss=0.7175
  batch 160/264  loss=0.4884
  batch 170/264  loss=0.5084
  batch 180/264  loss=0.7458
  batch 190/264  loss=0.4256
  batch 200/264  loss=1.3268
  batch 210/264  loss=0.9243
  batch 220/264  loss=0.4991
  batch 230/264  loss=0.5052
  batch 240/264  loss=0.4794
  batch 250/264  loss=0.4787
  batch 260/264  loss=0.6723
Epoch  27/300  train=6.433e-01  rmse=2.3577  lr=1.0e-04  233s
  -> best  monitor=6.433e-01
  batch 10/264  loss=0.5400
  batch 20/264  loss=0.7329
  batch 30/264  loss=0.7730
  batch 40/264  loss=0.5611
  batch 50/264  loss=0.5512
  batch 60/264  loss=0.5295
  batch 70/264  loss=1.2952
  batch 80/264  loss=0.4962
  batch 90/264  loss=0.5469
  batch 100/264  loss=0.4380
  batch 110/264  loss=0.6943
  batch 120/264  loss=0.5706
  batch 130/264  loss=0.4927
  batch 140/264  loss=0.7513
  batch 150/264  loss=0.6995
  batch 160/264  loss=0.4598
  batch 170/264  loss=0.4517
  batch 180/264  loss=0.4830
  batch 190/264  loss=0.5184
  batch 200/264  loss=1.5024
  batch 210/264  loss=0.6117
  batch 220/264  loss=0.4451
  batch 230/264  loss=0.6488
  batch 240/264  loss=0.4736
  batch 250/264  loss=0.4458
  batch 260/264  loss=0.6326
Epoch  28/300  train=6.345e-01  rmse=2.3706  lr=1.0e-04  232s
  -> best  monitor=6.345e-01
  batch 10/264  loss=0.7630
  batch 20/264  loss=0.9352
  batch 30/264  loss=1.0646
  batch 40/264  loss=0.6081
  batch 50/264  loss=0.4776
  batch 60/264  loss=0.6839
  batch 70/264  loss=0.7243
  batch 80/264  loss=0.8700
  batch 90/264  loss=0.6729
  batch 100/264  loss=0.5782
  batch 110/264  loss=0.6148
  batch 120/264  loss=0.6366
  batch 130/264  loss=0.3655
  batch 140/264  loss=0.4987
  batch 150/264  loss=0.8490
  batch 160/264  loss=1.5435
  batch 170/264  loss=0.5742
  batch 180/264  loss=0.4763
  batch 190/264  loss=0.6642
  batch 200/264  loss=0.5493
  batch 210/264  loss=0.6989
  batch 220/264  loss=0.4542
  batch 230/264  loss=0.5942
  batch 240/264  loss=0.5241
  batch 250/264  loss=0.4695
  batch 260/264  loss=0.4903
Epoch  29/300  train=6.265e-01  rmse=2.3152  lr=1.0e-04  232s
  -> best  monitor=6.265e-01
  batch 10/264  loss=0.6542
  batch 20/264  loss=0.9282
  batch 30/264  loss=1.1535
  batch 40/264  loss=0.4674
  batch 50/264  loss=0.6898
  batch 60/264  loss=0.8950
  batch 70/264  loss=0.4889
  batch 80/264  loss=0.6876
  batch 90/264  loss=0.4783
  batch 100/264  loss=0.6086
  batch 110/264  loss=0.6337
  batch 120/264  loss=0.6772
  batch 130/264  loss=0.4273
  batch 140/264  loss=1.2367
  batch 150/264  loss=0.5427
  batch 160/264  loss=0.5142
  batch 170/264  loss=1.3670
  batch 180/264  loss=0.5270
  batch 190/264  loss=0.4888
  batch 200/264  loss=0.5022
  batch 210/264  loss=0.5849
  batch 220/264  loss=0.5645
  batch 230/264  loss=0.6178
  batch 240/264  loss=0.4294
  batch 250/264  loss=0.4815
  batch 260/264  loss=0.6142
Epoch  30/300  train=6.266e-01  rmse=2.3341  lr=1.0e-04  231s
  batch 10/264  loss=0.5109
  batch 20/264  loss=0.5896
  batch 30/264  loss=0.4175
  batch 40/264  loss=0.4464
  batch 50/264  loss=0.7424
  batch 60/264  loss=0.5590
  batch 70/264  loss=0.5790
  batch 80/264  loss=0.7715
  batch 90/264  loss=1.0015
  batch 100/264  loss=0.4755
  batch 110/264  loss=0.6250
  batch 120/264  loss=0.6270
  batch 130/264  loss=0.6609
  batch 140/264  loss=0.5775
  batch 150/264  loss=0.8122
  batch 160/264  loss=0.4747
  batch 170/264  loss=0.5396
  batch 180/264  loss=0.8422
  batch 190/264  loss=0.5088
  batch 200/264  loss=0.6944
  batch 210/264  loss=0.5779
  batch 220/264  loss=0.5457
  batch 230/264  loss=0.7059
  batch 240/264  loss=0.6730
  batch 250/264  loss=0.4697
  batch 260/264  loss=0.7193
Epoch  31/300  train=6.296e-01  rmse=2.3315  lr=1.0e-04  232s
  batch 10/264  loss=0.5294
  batch 20/264  loss=0.4078
  batch 30/264  loss=0.6115
  batch 40/264  loss=0.6514
  batch 50/264  loss=0.6060
  batch 60/264  loss=0.6007
  batch 70/264  loss=0.7025
  batch 80/264  loss=0.6352
  batch 90/264  loss=0.7002
  batch 100/264  loss=0.6129
  batch 110/264  loss=1.1289
  batch 120/264  loss=0.6466
  batch 130/264  loss=0.6316
  batch 140/264  loss=0.8125
  batch 150/264  loss=0.5452
  batch 160/264  loss=0.5985
  batch 170/264  loss=0.6810
  batch 180/264  loss=0.5872
  batch 190/264  loss=0.5215
  batch 200/264  loss=0.4987
  batch 210/264  loss=1.0134
  batch 220/264  loss=0.4114
  batch 230/264  loss=0.6573
  batch 240/264  loss=0.4972
  batch 250/264  loss=0.8660
  batch 260/264  loss=0.5482
Epoch  32/300  train=6.257e-01  rmse=2.3391  lr=1.0e-04  231s
  -> best  monitor=6.257e-01
  batch 10/264  loss=0.4416
  batch 20/264  loss=0.5610
  batch 30/264  loss=0.5318
  batch 40/264  loss=0.5896
  batch 50/264  loss=1.2387
  batch 60/264  loss=0.4364
  batch 70/264  loss=0.4988
  batch 80/264  loss=0.4223
  batch 90/264  loss=0.4970
  batch 100/264  loss=0.5381
  batch 110/264  loss=0.4343
  batch 120/264  loss=0.3982
  batch 130/264  loss=0.7090
  batch 140/264  loss=0.6116
  batch 150/264  loss=0.5020
  batch 160/264  loss=0.5852
  batch 170/264  loss=0.4603
  batch 180/264  loss=0.5121
  batch 190/264  loss=0.4949
  batch 200/264  loss=0.5777
  batch 210/264  loss=1.1683
  batch 220/264  loss=1.1954
  batch 230/264  loss=0.7195
  batch 240/264  loss=0.9102
  batch 250/264  loss=0.5177
  batch 260/264  loss=0.5201
Epoch  33/300  train=6.164e-01  rmse=2.3420  lr=1.0e-04  232s
  -> best  monitor=6.164e-01
  batch 10/264  loss=0.7112
  batch 20/264  loss=0.4365
  batch 30/264  loss=0.6688
  batch 40/264  loss=0.5133
  batch 50/264  loss=0.5082
  batch 60/264  loss=0.4414
  batch 70/264  loss=0.6551
  batch 80/264  loss=0.6658
  batch 90/264  loss=0.6201
  batch 100/264  loss=1.1322
  batch 110/264  loss=0.8092
  batch 120/264  loss=0.4976
  batch 130/264  loss=0.7004
  batch 140/264  loss=0.4418
  batch 150/264  loss=0.6258
  batch 160/264  loss=0.8030
  batch 170/264  loss=0.5949
  batch 180/264  loss=0.4710
  batch 190/264  loss=0.5242
  batch 200/264  loss=0.5227
  batch 210/264  loss=0.4528
  batch 220/264  loss=0.5684
  batch 230/264  loss=0.4555
  batch 240/264  loss=0.6203
  batch 250/264  loss=0.6856
  batch 260/264  loss=0.5399
Epoch  34/300  train=6.055e-01  rmse=2.2584  lr=1.0e-04  233s
  -> best  monitor=6.055e-01
  batch 10/264  loss=1.1622
  batch 20/264  loss=0.5218
  batch 30/264  loss=0.9262
  batch 40/264  loss=0.8368
  batch 50/264  loss=0.5083
  batch 60/264  loss=0.8031
  batch 70/264  loss=0.4868
  batch 80/264  loss=0.4430
  batch 90/264  loss=0.5654
  batch 100/264  loss=0.6800
  batch 110/264  loss=0.4423
  batch 120/264  loss=0.4073
  batch 130/264  loss=0.4107
  batch 140/264  loss=0.4415
  batch 150/264  loss=0.9240
  batch 160/264  loss=0.6466
  batch 170/264  loss=0.4537
  batch 180/264  loss=0.5116
  batch 190/264  loss=0.8444
  batch 200/264  loss=0.5610
  batch 210/264  loss=0.5134
  batch 220/264  loss=0.5484
  batch 230/264  loss=0.7183
  batch 240/264  loss=0.8005
  batch 250/264  loss=0.8148
  batch 260/264  loss=0.6891
Epoch  35/300  train=6.031e-01  rmse=2.2655  lr=1.0e-04  232s
  -> best  monitor=6.031e-01
  batch 10/264  loss=0.5325
  batch 20/264  loss=0.7243
  batch 30/264  loss=0.4778
  batch 40/264  loss=0.6300
  batch 50/264  loss=0.6793
  batch 60/264  loss=0.4364
  batch 70/264  loss=0.6803
  batch 80/264  loss=0.5070
  batch 90/264  loss=0.7752
  batch 100/264  loss=0.5149
  batch 110/264  loss=0.4478
  batch 120/264  loss=0.3883
  batch 130/264  loss=0.4436
  batch 140/264  loss=0.5790
  batch 150/264  loss=0.4262
  batch 160/264  loss=0.6333
  batch 170/264  loss=0.5958
  batch 180/264  loss=0.4815
  batch 190/264  loss=0.5287
  batch 200/264  loss=0.6475
  batch 210/264  loss=0.5668
  batch 220/264  loss=0.5691
  batch 230/264  loss=0.5243
  batch 240/264  loss=0.9490
  batch 250/264  loss=0.7325
  batch 260/264  loss=0.4631
Epoch  36/300  train=6.027e-01  rmse=2.2876  lr=1.0e-04  232s
  -> best  monitor=6.027e-01
  batch 10/264  loss=0.4354
  batch 20/264  loss=0.8102
  batch 30/264  loss=0.5393
  batch 40/264  loss=0.5345
  batch 50/264  loss=0.7728
  batch 60/264  loss=0.4702
  batch 70/264  loss=0.5343
  batch 80/264  loss=1.0290
  batch 90/264  loss=0.5683
  batch 100/264  loss=0.5465
  batch 110/264  loss=0.6009
  batch 120/264  loss=0.8429
  batch 130/264  loss=0.4521
  batch 140/264  loss=0.4504
  batch 150/264  loss=0.4468
  batch 160/264  loss=0.6064
  batch 170/264  loss=0.9276
  batch 180/264  loss=0.4826
  batch 190/264  loss=0.4157
  batch 200/264  loss=0.4824
  batch 210/264  loss=0.5819
  batch 220/264  loss=0.5811
  batch 230/264  loss=1.1021
  batch 240/264  loss=0.9313
  batch 250/264  loss=0.4372
  batch 260/264  loss=0.8022
Epoch  37/300  train=5.981e-01  rmse=2.3490  lr=1.0e-04  231s
  -> best  monitor=5.981e-01
  batch 10/264  loss=0.5137
  batch 20/264  loss=0.5693
  batch 30/264  loss=0.6425
  batch 40/264  loss=0.3769
  batch 50/264  loss=0.5461
  batch 60/264  loss=0.4364
  batch 70/264  loss=0.5346
  batch 80/264  loss=0.6582
  batch 90/264  loss=0.5666
  batch 100/264  loss=0.7346
  batch 110/264  loss=0.8243
  batch 120/264  loss=0.6245
  batch 130/264  loss=0.5371
  batch 140/264  loss=0.4649
  batch 150/264  loss=0.6064
  batch 160/264  loss=0.7030
  batch 170/264  loss=0.5698
  batch 180/264  loss=0.7073
  batch 190/264  loss=0.7466
  batch 200/264  loss=0.6998
  batch 210/264  loss=0.4149
  batch 220/264  loss=0.5162
  batch 230/264  loss=0.6775
  batch 240/264  loss=1.1540
  batch 250/264  loss=0.4835
  batch 260/264  loss=0.4302
Epoch  38/300  train=5.900e-01  rmse=2.2498  lr=1.0e-04  231s
  -> best  monitor=5.900e-01
  batch 10/264  loss=0.5005
  batch 20/264  loss=0.4840
  batch 30/264  loss=0.5057
  batch 40/264  loss=0.9473
  batch 50/264  loss=0.6876
  batch 60/264  loss=0.5081
  batch 70/264  loss=0.5391
  batch 80/264  loss=0.5770
  batch 90/264  loss=0.5762
  batch 100/264  loss=0.6193
  batch 110/264  loss=0.6490
  batch 120/264  loss=0.3747
  batch 130/264  loss=0.4947
  batch 140/264  loss=0.5301
  batch 150/264  loss=0.5209
  batch 160/264  loss=0.7207
  batch 170/264  loss=1.6040
  batch 180/264  loss=1.0600
  batch 190/264  loss=0.3782
  batch 200/264  loss=0.6035
  batch 210/264  loss=0.8552
  batch 220/264  loss=0.8081
  batch 230/264  loss=0.4735
  batch 240/264  loss=0.9528
  batch 250/264  loss=0.5166
  batch 260/264  loss=0.4146
Epoch  39/300  train=5.932e-01  rmse=2.2508  lr=1.0e-04  230s
  batch 10/264  loss=0.8432
  batch 20/264  loss=0.5046
  batch 30/264  loss=0.5497
  batch 40/264  loss=0.3841
  batch 50/264  loss=0.4545
  batch 60/264  loss=0.5689
  batch 70/264  loss=0.4072
  batch 80/264  loss=0.6870
  batch 90/264  loss=0.7276
  batch 100/264  loss=0.4612
  batch 110/264  loss=0.4945
  batch 120/264  loss=0.4270
  batch 130/264  loss=0.5286
  batch 140/264  loss=0.3753
  batch 150/264  loss=0.5661
  batch 160/264  loss=0.4605
  batch 170/264  loss=0.4325
  batch 180/264  loss=1.0905
  batch 190/264  loss=0.4745
  batch 200/264  loss=0.5011
  batch 210/264  loss=0.4529
  batch 220/264  loss=0.7472
  batch 230/264  loss=0.7393
  batch 240/264  loss=0.7016
  batch 250/264  loss=0.4471
  batch 260/264  loss=0.8865
Epoch  40/300  train=5.844e-01  rmse=2.2715  lr=1.0e-04  231s
  -> best  monitor=5.844e-01
  batch 10/264  loss=0.4591
  batch 20/264  loss=0.4576
  batch 30/264  loss=0.4786
  batch 40/264  loss=0.4384
  batch 50/264  loss=0.5270
  batch 60/264  loss=0.8005
  batch 70/264  loss=0.4012
  batch 80/264  loss=0.4875
  batch 90/264  loss=1.1668
  batch 100/264  loss=1.0331
  batch 110/264  loss=0.4036
  batch 120/264  loss=0.5933
  batch 130/264  loss=0.4197
  batch 140/264  loss=0.6427
  batch 150/264  loss=0.5794
  batch 160/264  loss=0.4701
  batch 170/264  loss=0.6154
  batch 180/264  loss=0.4821
  batch 190/264  loss=0.4878
  batch 200/264  loss=0.5838
  batch 210/264  loss=0.6395
  batch 220/264  loss=0.5463
  batch 230/264  loss=0.5423
  batch 240/264  loss=0.6247
  batch 250/264  loss=0.4733
  batch 260/264  loss=0.4391
Epoch  41/300  train=5.769e-01  rmse=2.2307  lr=1.0e-04  232s
  -> best  monitor=5.769e-01
  batch 10/264  loss=0.7329
  batch 20/264  loss=0.4291
  batch 30/264  loss=0.5165
  batch 40/264  loss=0.6575
  batch 50/264  loss=0.5973
  batch 60/264  loss=0.6327
  batch 70/264  loss=0.5735
  batch 80/264  loss=0.8569
  batch 90/264  loss=0.4176
  batch 100/264  loss=0.4181
  batch 110/264  loss=0.4735
  batch 120/264  loss=0.5019
  batch 130/264  loss=0.5266
  batch 140/264  loss=0.4774
  batch 150/264  loss=0.8086
  batch 160/264  loss=0.5315
  batch 170/264  loss=0.6929
  batch 180/264  loss=0.9666
  batch 190/264  loss=0.4355
  batch 200/264  loss=0.4680
  batch 210/264  loss=0.5302
  batch 220/264  loss=1.1058
  batch 230/264  loss=0.4483
  batch 240/264  loss=0.5412
  batch 250/264  loss=0.6166
  batch 260/264  loss=0.5918
Epoch  42/300  train=5.758e-01  rmse=2.2490  lr=1.0e-04  232s
  -> best  monitor=5.758e-01
  batch 10/264  loss=0.7253
  batch 20/264  loss=0.4981
  batch 30/264  loss=1.2499
  batch 40/264  loss=0.5775
  batch 50/264  loss=0.7398
  batch 60/264  loss=0.4580
  batch 70/264  loss=0.4970
  batch 80/264  loss=0.6516
  batch 90/264  loss=0.5125
  batch 100/264  loss=0.4297
  batch 110/264  loss=0.7640
  batch 120/264  loss=0.6213
  batch 130/264  loss=0.4015
  batch 140/264  loss=0.5264
  batch 150/264  loss=0.8215
  batch 160/264  loss=0.5761
  batch 170/264  loss=0.4173
  batch 180/264  loss=0.5690
  batch 190/264  loss=0.5261
  batch 200/264  loss=0.6081
  batch 210/264  loss=0.4602
  batch 220/264  loss=0.4713
  batch 230/264  loss=0.4752
  batch 240/264  loss=0.4598
  batch 250/264  loss=0.6014
  batch 260/264  loss=0.4852
Epoch  43/300  train=5.678e-01  rmse=2.2246  lr=1.0e-04  232s
  -> best  monitor=5.678e-01
  batch 10/264  loss=0.4645
  batch 20/264  loss=0.4360
  batch 30/264  loss=0.4950
  batch 40/264  loss=0.5715
  batch 50/264  loss=0.9126
  batch 60/264  loss=0.6385
  batch 70/264  loss=0.5025
  batch 80/264  loss=0.5188
  batch 90/264  loss=0.4468
  batch 100/264  loss=0.7600
  batch 110/264  loss=0.7030
  batch 120/264  loss=0.5589
  batch 130/264  loss=0.5884
  batch 140/264  loss=0.8979
  batch 150/264  loss=0.5468
  batch 160/264  loss=0.3702
  batch 170/264  loss=0.5212
  batch 180/264  loss=0.6103
  batch 190/264  loss=0.5276
  batch 200/264  loss=0.3833
  batch 210/264  loss=0.3828
  batch 220/264  loss=0.5622
  batch 230/264  loss=0.5770
  batch 240/264  loss=0.4852
  batch 250/264  loss=0.4207
  batch 260/264  loss=0.6164
Epoch  44/300  train=5.727e-01  rmse=2.2227  lr=1.0e-04  233s
  batch 10/264  loss=0.5639
  batch 20/264  loss=0.3921
  batch 30/264  loss=0.4949
  batch 40/264  loss=0.4023
  batch 50/264  loss=0.5347
  batch 60/264  loss=0.6759
  batch 70/264  loss=0.6241
  batch 80/264  loss=0.6405
  batch 90/264  loss=0.7851
  batch 100/264  loss=0.7275
  batch 110/264  loss=0.4087
  batch 120/264  loss=0.5710
  batch 130/264  loss=0.7313
  batch 140/264  loss=0.5257
  batch 150/264  loss=0.4674
  batch 160/264  loss=0.7498
  batch 170/264  loss=0.7289
  batch 180/264  loss=0.5435
  batch 190/264  loss=0.5565
  batch 200/264  loss=0.4703
  batch 210/264  loss=0.4049
  batch 220/264  loss=0.9256
  batch 230/264  loss=0.6646
  batch 240/264  loss=0.3863
  batch 250/264  loss=0.4845
  batch 260/264  loss=0.5858
Epoch  45/300  train=5.610e-01  rmse=2.1674  lr=1.0e-04  233s
  -> best  monitor=5.610e-01
  batch 10/264  loss=0.6656
  batch 20/264  loss=0.4489
  batch 30/264  loss=0.4691
  batch 40/264  loss=0.5754
  batch 50/264  loss=0.6386
  batch 60/264  loss=0.5319
  batch 70/264  loss=0.4677
  batch 80/264  loss=0.7727
  batch 90/264  loss=0.4294
  batch 100/264  loss=0.7006
  batch 110/264  loss=0.7454
  batch 120/264  loss=1.1651
  batch 130/264  loss=0.4321
  batch 140/264  loss=0.5730
  batch 150/264  loss=0.6088
  batch 160/264  loss=0.5136
  batch 170/264  loss=0.5274
  batch 180/264  loss=0.4382
  batch 190/264  loss=0.3586
  batch 200/264  loss=0.5158
  batch 210/264  loss=0.8220
  batch 220/264  loss=0.4297
  batch 230/264  loss=0.4610
  batch 240/264  loss=0.5098
  batch 250/264  loss=0.5096
  batch 260/264  loss=0.4723
Epoch  46/300  train=5.630e-01  rmse=2.1697  lr=1.0e-04  233s
  batch 10/264  loss=0.5165
  batch 20/264  loss=0.5401
  batch 30/264  loss=0.3775
  batch 40/264  loss=0.6343
  batch 50/264  loss=0.4589
  batch 60/264  loss=0.4314
  batch 70/264  loss=0.8930
  batch 80/264  loss=0.5613
  batch 90/264  loss=0.6001
  batch 100/264  loss=1.2242
  batch 110/264  loss=0.4279
  batch 120/264  loss=0.4543
  batch 130/264  loss=0.5833
  batch 140/264  loss=0.5264
  batch 150/264  loss=0.6247
  batch 160/264  loss=0.5629
  batch 170/264  loss=0.8054
  batch 180/264  loss=0.3917
  batch 190/264  loss=0.5440
  batch 200/264  loss=0.8370
  batch 210/264  loss=0.4601
  batch 220/264  loss=0.5941
  batch 230/264  loss=0.4265
  batch 240/264  loss=0.3875
  batch 250/264  loss=0.3745
  batch 260/264  loss=0.4705
Epoch  47/300  train=5.638e-01  rmse=2.2067  lr=1.0e-04  232s
  batch 10/264  loss=0.4513
  batch 20/264  loss=0.6021
  batch 30/264  loss=0.5221
  batch 40/264  loss=0.4476
  batch 50/264  loss=0.4322
  batch 60/264  loss=0.4607
  batch 70/264  loss=0.6141
  batch 80/264  loss=0.4192
  batch 90/264  loss=0.4069
  batch 100/264  loss=0.8167
  batch 110/264  loss=0.3969
  batch 120/264  loss=0.4587
  batch 130/264  loss=0.4514
  batch 140/264  loss=0.4096
  batch 150/264  loss=0.8988
  batch 160/264  loss=0.6496
  batch 170/264  loss=0.3964
  batch 180/264  loss=0.4871
  batch 190/264  loss=0.4322
  batch 200/264  loss=0.4021
  batch 210/264  loss=0.3821
  batch 220/264  loss=0.4575
  batch 230/264  loss=0.5566
  batch 240/264  loss=0.6422
  batch 250/264  loss=0.4426
  batch 260/264  loss=0.4457
Epoch  48/300  train=5.548e-01  rmse=2.1531  lr=1.0e-04  232s
  -> best  monitor=5.548e-01
  batch 10/264  loss=0.5738
  batch 20/264  loss=0.4597
  batch 30/264  loss=0.5352
  batch 40/264  loss=0.7564
  batch 50/264  loss=0.4609
  batch 60/264  loss=0.3698
  batch 70/264  loss=0.4851
  batch 80/264  loss=0.5188
  batch 90/264  loss=0.3973
  batch 100/264  loss=0.4763
  batch 110/264  loss=0.7464
  batch 120/264  loss=0.5487
  batch 130/264  loss=0.5238
  batch 140/264  loss=0.4473
  batch 150/264  loss=0.5182
  batch 160/264  loss=0.4570
  batch 170/264  loss=1.1371
  batch 180/264  loss=0.4480
  batch 190/264  loss=0.4244
  batch 200/264  loss=0.6000
  batch 210/264  loss=0.5419
  batch 220/264  loss=0.5586
  batch 230/264  loss=0.6092
  batch 240/264  loss=0.4402
  batch 250/264  loss=0.6576
  batch 260/264  loss=0.4758
Epoch  49/300  train=5.470e-01  rmse=2.1847  lr=1.0e-04  231s
  -> best  monitor=5.470e-01
  batch 10/264  loss=0.4700
  batch 20/264  loss=0.5140
  batch 30/264  loss=0.5182
  batch 40/264  loss=0.5350
  batch 50/264  loss=0.4618
  batch 60/264  loss=0.3840
  batch 70/264  loss=0.6042
  batch 80/264  loss=0.4685
  batch 90/264  loss=0.4185
  batch 100/264  loss=0.5707
  batch 110/264  loss=0.4087
  batch 120/264  loss=0.7341
  batch 130/264  loss=0.4934
  batch 140/264  loss=0.4526
  batch 150/264  loss=0.3867
  batch 160/264  loss=0.4021
  batch 170/264  loss=0.4866
  batch 180/264  loss=0.4013
  batch 190/264  loss=0.9386
  batch 200/264  loss=0.4177
  batch 210/264  loss=0.6285
  batch 220/264  loss=0.6231
  batch 230/264  loss=0.4285
  batch 240/264  loss=0.4790
  batch 250/264  loss=0.7523
  batch 260/264  loss=0.4895
Epoch  50/300  train=5.504e-01  rmse=2.1720  lr=1.0e-04  232s
  batch 10/264  loss=0.4788
  batch 20/264  loss=0.4438
  batch 30/264  loss=0.4779
  batch 40/264  loss=0.4383
  batch 50/264  loss=0.5392
  batch 60/264  loss=0.4254
  batch 70/264  loss=0.4364
  batch 80/264  loss=0.5277
  batch 90/264  loss=0.8595
  batch 100/264  loss=0.7268
  batch 110/264  loss=0.4248
  batch 120/264  loss=0.6591
  batch 130/264  loss=0.4509
  batch 140/264  loss=0.5978
  batch 150/264  loss=0.4134
  batch 160/264  loss=0.5617
  batch 170/264  loss=0.4736
  batch 180/264  loss=0.4477
  batch 190/264  loss=0.3910
  batch 200/264  loss=0.4785
  batch 210/264  loss=0.4626
  batch 220/264  loss=0.6676
  batch 230/264  loss=0.3807
  batch 240/264  loss=0.7703
  batch 250/264  loss=0.5860
  batch 260/264  loss=0.4527
Epoch  51/300  train=5.416e-01  rmse=2.1139  lr=1.0e-04  233s
  -> best  monitor=5.416e-01
  batch 10/264  loss=0.3793
  batch 20/264  loss=0.4578
  batch 30/264  loss=0.3414
  batch 40/264  loss=0.4076
  batch 50/264  loss=0.3598
  batch 60/264  loss=0.5233
  batch 70/264  loss=0.4544
  batch 80/264  loss=0.4684
  batch 90/264  loss=0.7519
  batch 100/264  loss=0.4460
  batch 110/264  loss=0.4021
  batch 120/264  loss=0.4291
  batch 130/264  loss=0.6600
  batch 140/264  loss=0.6635
  batch 150/264  loss=0.6752
  batch 160/264  loss=0.4376
  batch 170/264  loss=0.4507
  batch 180/264  loss=0.6183
  batch 190/264  loss=0.5222
  batch 200/264  loss=0.4252
  batch 210/264  loss=0.4986
  batch 220/264  loss=0.7400
  batch 230/264  loss=0.5532
  batch 240/264  loss=0.4828
  batch 250/264  loss=0.6767
  batch 260/264  loss=0.4850
Epoch  52/300  train=5.430e-01  rmse=2.1372  lr=1.0e-04  232s
  batch 10/264  loss=0.5591
  batch 20/264  loss=0.8928
  batch 30/264  loss=0.3748
  batch 40/264  loss=0.4452
  batch 50/264  loss=0.8301
  batch 60/264  loss=0.5352
  batch 70/264  loss=0.7806
  batch 80/264  loss=0.4831
  batch 90/264  loss=0.3483
  batch 100/264  loss=0.6663
  batch 110/264  loss=0.5478
  batch 120/264  loss=0.5774
  batch 130/264  loss=0.7341
  batch 140/264  loss=0.3966
  batch 150/264  loss=0.5189
  batch 160/264  loss=0.4517
  batch 170/264  loss=0.5558
  batch 180/264  loss=0.5584
  batch 190/264  loss=0.4126
  batch 200/264  loss=0.5199
  batch 210/264  loss=0.5435
  batch 220/264  loss=0.6227
  batch 230/264  loss=0.4719
  batch 240/264  loss=0.7745
  batch 250/264  loss=0.4040
  batch 260/264  loss=0.4154
Epoch  53/300  train=5.472e-01  rmse=2.1555  lr=1.0e-04  233s
  batch 10/264  loss=0.5185
  batch 20/264  loss=0.4578
  batch 30/264  loss=0.4654
  batch 40/264  loss=0.5135
  batch 50/264  loss=0.6636
  batch 60/264  loss=0.5249
  batch 70/264  loss=0.4472
  batch 80/264  loss=0.3847
  batch 90/264  loss=0.4493
  batch 100/264  loss=0.4657
  batch 110/264  loss=0.4610
  batch 120/264  loss=0.4192
  batch 130/264  loss=0.4335
  batch 140/264  loss=0.4743
  batch 150/264  loss=0.6448
  batch 160/264  loss=0.8593
  batch 170/264  loss=0.6010
  batch 180/264  loss=0.5980
  batch 190/264  loss=0.4030
  batch 200/264  loss=0.4329
  batch 210/264  loss=0.4020
  batch 220/264  loss=0.6644
  batch 230/264  loss=0.4428
  batch 240/264  loss=0.7266
  batch 250/264  loss=0.4612
  batch 260/264  loss=0.5768
Epoch  54/300  train=5.387e-01  rmse=2.1466  lr=1.0e-04  232s
  -> best  monitor=5.387e-01
  batch 10/264  loss=0.5550
  batch 20/264  loss=0.5852
  batch 30/264  loss=0.7087
  batch 40/264  loss=0.3993
  batch 50/264  loss=0.5378
  batch 60/264  loss=0.4965
  batch 70/264  loss=0.4998
  batch 80/264  loss=0.6667
  batch 90/264  loss=0.4880
  batch 100/264  loss=0.4170
  batch 110/264  loss=0.4636
  batch 120/264  loss=0.4742
  batch 130/264  loss=0.3582
  batch 140/264  loss=0.4111
  batch 150/264  loss=0.5502
  batch 160/264  loss=0.5540
  batch 170/264  loss=0.5435
  batch 180/264  loss=0.5823
  batch 190/264  loss=0.4922
  batch 200/264  loss=0.4173
  batch 210/264  loss=0.4883
  batch 220/264  loss=0.6706
  batch 230/264  loss=0.4167
  batch 240/264  loss=0.7859
  batch 250/264  loss=0.4702
  batch 260/264  loss=0.4856
Epoch  55/300  train=5.393e-01  rmse=2.1575  lr=1.0e-04  234s
  batch 10/264  loss=0.4517
  batch 20/264  loss=0.9181
  batch 30/264  loss=0.7083
  batch 40/264  loss=0.3954
  batch 50/264  loss=0.4615
  batch 60/264  loss=0.3689
  batch 70/264  loss=0.4711
  batch 80/264  loss=0.3964
  batch 90/264  loss=0.4352
  batch 100/264  loss=0.4706
  batch 110/264  loss=0.4122
  batch 120/264  loss=0.4348
  batch 130/264  loss=0.4945
  batch 140/264  loss=0.4296
  batch 150/264  loss=0.5114
  batch 160/264  loss=0.5300
  batch 170/264  loss=0.4662
  batch 180/264  loss=0.4378
  batch 190/264  loss=0.4312
  batch 200/264  loss=0.3772
  batch 210/264  loss=0.4501
  batch 220/264  loss=0.4153
  batch 230/264  loss=0.5057
  batch 240/264  loss=0.7227
  batch 250/264  loss=0.7392
  batch 260/264  loss=0.4631
Epoch  56/300  train=5.327e-01  rmse=2.1212  lr=1.0e-04  233s
  -> best  monitor=5.327e-01
  batch 10/264  loss=0.3598
  batch 20/264  loss=0.4513
  batch 30/264  loss=0.8372
  batch 40/264  loss=0.6249
  batch 50/264  loss=0.8775
  batch 60/264  loss=0.5023
  batch 70/264  loss=0.7631
  batch 80/264  loss=0.4263
  batch 90/264  loss=0.8635
  batch 100/264  loss=0.5217
  batch 110/264  loss=0.3865
  batch 120/264  loss=0.5703
  batch 130/264  loss=0.4216
  batch 140/264  loss=0.3812
  batch 150/264  loss=0.3671
  batch 160/264  loss=0.3701
  batch 170/264  loss=0.4940
  batch 180/264  loss=0.8005
  batch 190/264  loss=0.4576
  batch 200/264  loss=0.4174
  batch 210/264  loss=0.5967
  batch 220/264  loss=1.1877
  batch 230/264  loss=0.4602
  batch 240/264  loss=0.3989
  batch 250/264  loss=0.4398
  batch 260/264  loss=0.4995
Epoch  57/300  train=5.295e-01  rmse=2.1018  lr=1.0e-04  233s
  -> best  monitor=5.295e-01
  batch 10/264  loss=0.6463
  batch 20/264  loss=0.4606
  batch 30/264  loss=0.4548
  batch 40/264  loss=0.7459
  batch 50/264  loss=0.4958
  batch 60/264  loss=0.7664
  batch 70/264  loss=0.7649
  batch 80/264  loss=0.5294
  batch 90/264  loss=0.4108
  batch 100/264  loss=0.3994
  batch 110/264  loss=0.4424
  batch 120/264  loss=0.3575
  batch 130/264  loss=0.4249
  batch 140/264  loss=0.4479
  batch 150/264  loss=0.6833
  batch 160/264  loss=0.4652
  batch 170/264  loss=0.5013
  batch 180/264  loss=0.3958
  batch 190/264  loss=0.3819
  batch 200/264  loss=0.5276
  batch 210/264  loss=0.4423
  batch 220/264  loss=0.7479
  batch 230/264  loss=0.6173
  batch 240/264  loss=0.4806
  batch 250/264  loss=0.7271
  batch 260/264  loss=0.7735
Epoch  58/300  train=5.330e-01  rmse=2.1305  lr=1.0e-04  232s
  batch 10/264  loss=0.5644
  batch 20/264  loss=0.4415
  batch 30/264  loss=0.4834
  batch 40/264  loss=0.4191
  batch 50/264  loss=0.3992
  batch 60/264  loss=0.5510
  batch 70/264  loss=0.5929
  batch 80/264  loss=0.5294
  batch 90/264  loss=0.4002
  batch 100/264  loss=0.5042
  batch 110/264  loss=0.3985
  batch 120/264  loss=0.6386
  batch 130/264  loss=0.3977
  batch 140/264  loss=0.4263
  batch 150/264  loss=0.5894
  batch 160/264  loss=0.6405
  batch 170/264  loss=0.3767
  batch 180/264  loss=0.8225
  batch 190/264  loss=0.4211
  batch 200/264  loss=0.4535
  batch 210/264  loss=0.5078
  batch 220/264  loss=0.4086
  batch 230/264  loss=0.6662
  batch 240/264  loss=0.6160
  batch 250/264  loss=0.4039
  batch 260/264  loss=0.4236
Epoch  59/300  train=5.298e-01  rmse=2.0934  lr=1.0e-04  233s
  batch 10/264  loss=0.4012
  batch 20/264  loss=0.7957
  batch 30/264  loss=0.7927
  batch 40/264  loss=0.5514
  batch 50/264  loss=0.4814
  batch 60/264  loss=0.4664
  batch 70/264  loss=0.4177
  batch 80/264  loss=0.5246
  batch 90/264  loss=0.7067
  batch 100/264  loss=0.3740
  batch 110/264  loss=0.5301
  batch 120/264  loss=0.7581
  batch 130/264  loss=0.4488
  batch 140/264  loss=0.4260
  batch 150/264  loss=0.4742
  batch 160/264  loss=0.4897
  batch 170/264  loss=0.5931
  batch 180/264  loss=0.6567
  batch 190/264  loss=0.6657
  batch 200/264  loss=0.3762
  batch 210/264  loss=0.4068
  batch 220/264  loss=0.5718
  batch 230/264  loss=0.7579
  batch 240/264  loss=0.5528
  batch 250/264  loss=0.4588
  batch 260/264  loss=0.5428
Epoch  60/300  train=5.306e-01  rmse=2.1401  lr=1.0e-04  232s
  batch 10/264  loss=0.3820
  batch 20/264  loss=0.4608
  batch 30/264  loss=0.3721
  batch 40/264  loss=0.4637
  batch 50/264  loss=0.5581
  batch 60/264  loss=0.5867
  batch 70/264  loss=0.3655
  batch 80/264  loss=0.4405
  batch 90/264  loss=0.5348
  batch 100/264  loss=0.6343
  batch 110/264  loss=0.4889
  batch 120/264  loss=0.4128
  batch 130/264  loss=0.4091
  batch 140/264  loss=0.4204
  batch 150/264  loss=0.4344
  batch 160/264  loss=0.5814
  batch 170/264  loss=0.5149
  batch 180/264  loss=0.3618
  batch 190/264  loss=0.4170
  batch 200/264  loss=0.3789
  batch 210/264  loss=0.5484
  batch 220/264  loss=0.4704
  batch 230/264  loss=0.4174
  batch 240/264  loss=0.4874
  batch 250/264  loss=0.4505
  batch 260/264  loss=0.9118
Epoch  61/300  train=5.340e-01  rmse=2.1368  lr=1.0e-04  233s
  batch 10/264  loss=0.4584
  batch 20/264  loss=0.4334
  batch 30/264  loss=0.5477
  batch 40/264  loss=0.4452
  batch 50/264  loss=0.3695
  batch 60/264  loss=0.5010
  batch 70/264  loss=0.4731
  batch 80/264  loss=0.6723
  batch 90/264  loss=0.4043
  batch 100/264  loss=0.3581
  batch 110/264  loss=0.3871
  batch 120/264  loss=0.3993
  batch 130/264  loss=0.5643
  batch 140/264  loss=0.6622
  batch 150/264  loss=0.4957
  batch 160/264  loss=1.1863
  batch 170/264  loss=0.5029
  batch 180/264  loss=0.5689
  batch 190/264  loss=0.3836
  batch 200/264  loss=0.5352
  batch 210/264  loss=0.4083
  batch 220/264  loss=0.4562
  batch 230/264  loss=0.3822
  batch 240/264  loss=0.3509
  batch 250/264  loss=0.7663
  batch 260/264  loss=0.8997
Epoch  62/300  train=5.197e-01  rmse=2.1119  lr=1.0e-04  234s
  -> best  monitor=5.197e-01
  batch 10/264  loss=0.4340
  batch 20/264  loss=0.4757
  batch 30/264  loss=0.6625
  batch 40/264  loss=0.5442
  batch 50/264  loss=0.4900
  batch 60/264  loss=0.4126
  batch 70/264  loss=0.4682
  batch 80/264  loss=0.6962
  batch 90/264  loss=0.5744
  batch 100/264  loss=0.4051
  batch 110/264  loss=0.6010
  batch 120/264  loss=0.3819
  batch 130/264  loss=0.3777
  batch 140/264  loss=0.4520
  batch 150/264  loss=0.4182
  batch 160/264  loss=0.5153
  batch 170/264  loss=0.4316
  batch 180/264  loss=0.4773
  batch 190/264  loss=0.6059
  batch 200/264  loss=0.6262
  batch 210/264  loss=0.4171
  batch 220/264  loss=0.6012
  batch 230/264  loss=0.5907
  batch 240/264  loss=0.7281
  batch 250/264  loss=0.4661
  batch 260/264  loss=0.4750
Epoch  63/300  train=5.228e-01  rmse=2.1144  lr=1.0e-04  233s
  batch 10/264  loss=0.4162
  batch 20/264  loss=0.4149
  batch 30/264  loss=0.3817
  batch 40/264  loss=0.4745
  batch 50/264  loss=0.4234
  batch 60/264  loss=0.3890
  batch 70/264  loss=0.4291
  batch 80/264  loss=0.8628
  batch 90/264  loss=0.6303
  batch 100/264  loss=0.5800
  batch 110/264  loss=0.4886
  batch 120/264  loss=0.7226
  batch 130/264  loss=0.5929
  batch 140/264  loss=0.4900
  batch 150/264  loss=0.4940
  batch 160/264  loss=0.4201
  batch 170/264  loss=0.3612
  batch 180/264  loss=0.5755
  batch 190/264  loss=0.4312
  batch 200/264  loss=0.5756
  batch 210/264  loss=0.5889
  batch 220/264  loss=0.4790
  batch 230/264  loss=0.6721
  batch 240/264  loss=0.3716
  batch 250/264  loss=0.5207
  batch 260/264  loss=0.5492
Epoch  64/300  train=5.172e-01  rmse=2.1049  lr=1.0e-04  233s
  -> best  monitor=5.172e-01
  batch 10/264  loss=0.4540
  batch 20/264  loss=0.6083
  batch 30/264  loss=0.4879
  batch 40/264  loss=0.4863
  batch 50/264  loss=0.4939
  batch 60/264  loss=0.4164
  batch 70/264  loss=0.4533
  batch 80/264  loss=0.4588
  batch 90/264  loss=0.5493
  batch 100/264  loss=0.5351
  batch 110/264  loss=0.7471
  batch 120/264  loss=0.4782
  batch 130/264  loss=0.3914
  batch 140/264  loss=0.3846
  batch 150/264  loss=1.1734
  batch 160/264  loss=0.9216
  batch 170/264  loss=0.4233
  batch 180/264  loss=0.5385
  batch 190/264  loss=0.4713
  batch 200/264  loss=0.5250
  batch 210/264  loss=0.4699
  batch 220/264  loss=0.3504
  batch 230/264  loss=0.4103
  batch 240/264  loss=0.7076
  batch 250/264  loss=0.4515
  batch 260/264  loss=0.5762
Epoch  65/300  train=5.137e-01  rmse=2.1391  lr=1.0e-04  233s
  -> best  monitor=5.137e-01
  batch 10/264  loss=0.5684
  batch 20/264  loss=0.4926
  batch 30/264  loss=0.6422
  batch 40/264  loss=0.3804
  batch 50/264  loss=0.3912
  batch 60/264  loss=0.6763
  batch 70/264  loss=0.6466
  batch 80/264  loss=0.5818
  batch 90/264  loss=0.5696
  batch 100/264  loss=0.4460
  batch 110/264  loss=0.4642
  batch 120/264  loss=0.5828
  batch 130/264  loss=1.0037
  batch 140/264  loss=0.6722
  batch 150/264  loss=0.5016
  batch 160/264  loss=0.3161
  batch 170/264  loss=0.5021
  batch 180/264  loss=0.5693
  batch 190/264  loss=0.3891
  batch 200/264  loss=0.5272
  batch 210/264  loss=0.3656
  batch 220/264  loss=0.4849
  batch 230/264  loss=0.3400
  batch 240/264  loss=0.6712
  batch 250/264  loss=0.7039
  batch 260/264  loss=0.6604
Epoch  66/300  train=5.192e-01  rmse=2.1588  lr=1.0e-04  233s
  batch 10/264  loss=0.8092
  batch 20/264  loss=0.6278
  batch 30/264  loss=0.4249
  batch 40/264  loss=0.4446
  batch 50/264  loss=0.6035
  batch 60/264  loss=0.4939
  batch 70/264  loss=0.4447
  batch 80/264  loss=0.4259
  batch 90/264  loss=0.7164
  batch 100/264  loss=0.6341
  batch 110/264  loss=0.5069
  batch 120/264  loss=0.3814
  batch 130/264  loss=0.4691
  batch 140/264  loss=0.4951
  batch 150/264  loss=0.4272
  batch 160/264  loss=0.3637
  batch 170/264  loss=0.4282
  batch 180/264  loss=0.4716
  batch 190/264  loss=0.9242
  batch 200/264  loss=0.4821
  batch 210/264  loss=0.7879
  batch 220/264  loss=0.4613
  batch 230/264  loss=0.4313
  batch 240/264  loss=0.4024
  batch 250/264  loss=0.6973
  batch 260/264  loss=0.5796
Epoch  67/300  train=5.107e-01  rmse=2.0648  lr=1.0e-04  233s
  -> best  monitor=5.107e-01
  batch 10/264  loss=0.5468
  batch 20/264  loss=0.7383
  batch 30/264  loss=0.7204
  batch 40/264  loss=0.6668
  batch 50/264  loss=0.4379
  batch 60/264  loss=0.4456
  batch 70/264  loss=0.8689
  batch 80/264  loss=0.3952
  batch 90/264  loss=0.6636
  batch 100/264  loss=0.4808
  batch 110/264  loss=0.4582
  batch 120/264  loss=0.5340
  batch 130/264  loss=0.4109
  batch 140/264  loss=0.4470
  batch 150/264  loss=0.4383
  batch 160/264  loss=0.5665
  batch 170/264  loss=0.4094
  batch 180/264  loss=0.4683
  batch 190/264  loss=0.4469
  batch 200/264  loss=0.4777
  batch 210/264  loss=0.5255
  batch 220/264  loss=1.1032
  batch 230/264  loss=0.5400
  batch 240/264  loss=0.5455
  batch 250/264  loss=0.7509
  batch 260/264  loss=0.6925
Epoch  68/300  train=5.163e-01  rmse=2.1079  lr=1.0e-04  232s
  batch 10/264  loss=0.3862
  batch 20/264  loss=0.5361
  batch 30/264  loss=0.4002
  batch 40/264  loss=0.4922
  batch 50/264  loss=0.4455
  batch 60/264  loss=0.5576
  batch 70/264  loss=0.5270
  batch 80/264  loss=0.5199
  batch 90/264  loss=0.5873
  batch 100/264  loss=0.3747
  batch 110/264  loss=0.5824
  batch 120/264  loss=0.4183
  batch 130/264  loss=0.5315
  batch 140/264  loss=1.1356
  batch 150/264  loss=0.3977
  batch 160/264  loss=0.4219
  batch 170/264  loss=0.7357
  batch 180/264  loss=0.6471
  batch 190/264  loss=0.9997
  batch 200/264  loss=0.4739
  batch 210/264  loss=0.6573
  batch 220/264  loss=0.5077
  batch 230/264  loss=0.4581
  batch 240/264  loss=0.4865
  batch 250/264  loss=0.5062
  batch 260/264  loss=0.6479
Epoch  69/300  train=5.126e-01  rmse=2.1362  lr=1.0e-04  233s
  batch 10/264  loss=0.3996
  batch 20/264  loss=0.4643
  batch 30/264  loss=0.5319
  batch 40/264  loss=0.4012
  batch 50/264  loss=0.5559
  batch 60/264  loss=0.4247
  batch 70/264  loss=0.8443
  batch 80/264  loss=0.5600
  batch 90/264  loss=0.4249
  batch 100/264  loss=0.5588
  batch 110/264  loss=1.1887
  batch 120/264  loss=0.4151
  batch 130/264  loss=0.7573
  batch 140/264  loss=0.6165
  batch 150/264  loss=0.5195
  batch 160/264  loss=0.3889
  batch 170/264  loss=0.6478
  batch 180/264  loss=0.4496
  batch 190/264  loss=0.4009
  batch 200/264  loss=0.4375
  batch 210/264  loss=0.5404
  batch 220/264  loss=0.4002
  batch 230/264  loss=0.4420
  batch 240/264  loss=0.5354
  batch 250/264  loss=0.4751
  batch 260/264  loss=0.4300
Epoch  70/300  train=5.009e-01  rmse=2.0602  lr=1.0e-04  233s
  -> best  monitor=5.009e-01
  batch 10/264  loss=0.4395
  batch 20/264  loss=0.4299
  batch 30/264  loss=0.4716
  batch 40/264  loss=0.6212
  batch 50/264  loss=0.4564
  batch 60/264  loss=0.3797
  batch 70/264  loss=0.4195
  batch 80/264  loss=0.3563
  batch 90/264  loss=0.4246
  batch 100/264  loss=0.8243
  batch 110/264  loss=0.5098
  batch 120/264  loss=0.4212
  batch 130/264  loss=0.4002
  batch 140/264  loss=0.3569
  batch 150/264  loss=1.0546
  batch 160/264  loss=0.5600
  batch 170/264  loss=0.4474
  batch 180/264  loss=0.4088
  batch 190/264  loss=0.6654
  batch 200/264  loss=0.4197
  batch 210/264  loss=0.4408
  batch 220/264  loss=0.3617
  batch 230/264  loss=0.4501
  batch 240/264  loss=0.3735
  batch 250/264  loss=0.4348
  batch 260/264  loss=0.4702
Epoch  71/300  train=5.100e-01  rmse=2.0879  lr=1.0e-04  232s
  batch 10/264  loss=0.8327
  batch 20/264  loss=0.4420
  batch 30/264  loss=0.7982
  batch 40/264  loss=0.5975
  batch 50/264  loss=0.4622
  batch 60/264  loss=0.5473
  batch 70/264  loss=0.4412
  batch 80/264  loss=0.5246
  batch 90/264  loss=0.4099
  batch 100/264  loss=0.3062
  batch 110/264  loss=0.3645
  batch 120/264  loss=0.5633
  batch 130/264  loss=0.4265
  batch 140/264  loss=0.5584
  batch 150/264  loss=0.5107
  batch 160/264  loss=0.4694
  batch 170/264  loss=0.5603
  batch 180/264  loss=0.4681
  batch 190/264  loss=0.5611
  batch 200/264  loss=0.3683
  batch 210/264  loss=0.3712
  batch 220/264  loss=0.4739
  batch 230/264  loss=0.4898
  batch 240/264  loss=0.5084
  batch 250/264  loss=0.8295
  batch 260/264  loss=0.5565
Epoch  72/300  train=5.081e-01  rmse=2.0999  lr=1.0e-04  233s
  batch 10/264  loss=0.3715
  batch 20/264  loss=0.4158
  batch 30/264  loss=0.4867
  batch 40/264  loss=0.3813
  batch 50/264  loss=0.9445
  batch 60/264  loss=0.4353
  batch 70/264  loss=0.5268
  batch 80/264  loss=0.4236
  batch 90/264  loss=0.3508
  batch 100/264  loss=0.5197
  batch 110/264  loss=0.4823
  batch 120/264  loss=0.5592
  batch 130/264  loss=0.7674
  batch 140/264  loss=0.5284
  batch 150/264  loss=0.3657
  batch 160/264  loss=0.4612
  batch 170/264  loss=0.4768
  batch 180/264  loss=0.5926
  batch 190/264  loss=0.4998
  batch 200/264  loss=0.4880
  batch 210/264  loss=0.3595
  batch 220/264  loss=0.6506
  batch 230/264  loss=0.3776
  batch 240/264  loss=0.4464
  batch 250/264  loss=0.3948
  batch 260/264  loss=0.4170
Epoch  73/300  train=5.019e-01  rmse=2.0544  lr=1.0e-04  232s
  batch 10/264  loss=0.4455
  batch 20/264  loss=0.6140
  batch 30/264  loss=0.4037
  batch 40/264  loss=0.4540
  batch 50/264  loss=0.7517
  batch 60/264  loss=0.7263
  batch 70/264  loss=0.4260
  batch 80/264  loss=0.3744
  batch 90/264  loss=0.5355
  batch 100/264  loss=0.5057
  batch 110/264  loss=0.4118
  batch 120/264  loss=0.3700
  batch 130/264  loss=0.5369
  batch 140/264  loss=0.4723
  batch 150/264  loss=0.3860
  batch 160/264  loss=0.4134
  batch 170/264  loss=0.4499
  batch 180/264  loss=0.5607
  batch 190/264  loss=0.5737
  batch 200/264  loss=1.0219
  batch 210/264  loss=0.9057
  batch 220/264  loss=0.4039
  batch 230/264  loss=0.6435
  batch 240/264  loss=0.7313
  batch 250/264  loss=0.4475
  batch 260/264  loss=0.4745
Epoch  74/300  train=4.976e-01  rmse=2.0642  lr=1.0e-04  232s
  -> best  monitor=4.976e-01
  batch 10/264  loss=0.4320
  batch 20/264  loss=0.3963
  batch 30/264  loss=0.8743
  batch 40/264  loss=0.3506
  batch 50/264  loss=0.4076
  batch 60/264  loss=0.6254
  batch 70/264  loss=0.6128
  batch 80/264  loss=0.5410
  batch 90/264  loss=0.3691
  batch 100/264  loss=0.3880
  batch 110/264  loss=0.3521
  batch 120/264  loss=0.3517
  batch 130/264  loss=0.7560
  batch 140/264  loss=0.5096
  batch 150/264  loss=0.4345
  batch 160/264  loss=0.4040
  batch 170/264  loss=0.4924
  batch 180/264  loss=0.4084
  batch 190/264  loss=0.4895
  batch 200/264  loss=0.4072
  batch 210/264  loss=0.4980
  batch 220/264  loss=0.3955
  batch 230/264  loss=0.3857
  batch 240/264  loss=0.3175
  batch 250/264  loss=0.6294
  batch 260/264  loss=0.4114
Epoch  75/300  train=4.973e-01  rmse=2.0912  lr=1.0e-04  232s
  -> best  monitor=4.973e-01
  batch 10/264  loss=0.5542
  batch 20/264  loss=0.5885
  batch 30/264  loss=0.4639
  batch 40/264  loss=0.4725
  batch 50/264  loss=0.8375
  batch 60/264  loss=0.4021
  batch 70/264  loss=0.4647
  batch 80/264  loss=0.5775
  batch 90/264  loss=0.6472
  batch 100/264  loss=0.3717
  batch 110/264  loss=0.4563
  batch 120/264  loss=0.4767
  batch 130/264  loss=0.3141
  batch 140/264  loss=0.5556
  batch 150/264  loss=0.5123
  batch 160/264  loss=0.5042
  batch 170/264  loss=0.4043
  batch 180/264  loss=0.4631
  batch 190/264  loss=0.7377
  batch 200/264  loss=0.6283
  batch 210/264  loss=0.3821
  batch 220/264  loss=0.6710
  batch 230/264  loss=0.5104
  batch 240/264  loss=0.3592
  batch 250/264  loss=0.4230
  batch 260/264  loss=0.4565
Epoch  76/300  train=5.043e-01  rmse=2.0616  lr=1.0e-04  232s
  batch 10/264  loss=0.5776
  batch 20/264  loss=0.3939
  batch 30/264  loss=0.3897
  batch 40/264  loss=0.4066
  batch 50/264  loss=0.6067
  batch 60/264  loss=0.5543
  batch 70/264  loss=0.3812
  batch 80/264  loss=0.4402
  batch 90/264  loss=0.4401
  batch 100/264  loss=0.3591
  batch 110/264  loss=0.5463
  batch 120/264  loss=0.4270
  batch 130/264  loss=0.3957
  batch 140/264  loss=0.4023
  batch 150/264  loss=0.5436
  batch 160/264  loss=0.5229
  batch 170/264  loss=0.4152
  batch 180/264  loss=0.4166
  batch 190/264  loss=0.3876
  batch 200/264  loss=0.6139
  batch 210/264  loss=0.3573
  batch 220/264  loss=0.4522
  batch 230/264  loss=0.5468
  batch 240/264  loss=0.5646
  batch 250/264  loss=0.4900
  batch 260/264  loss=0.3621
Epoch  77/300  train=4.944e-01  rmse=2.0909  lr=1.0e-04  232s
  -> best  monitor=4.944e-01
  batch 10/264  loss=0.3817
  batch 20/264  loss=0.5640
  batch 30/264  loss=0.5041
  batch 40/264  loss=0.4400
  batch 50/264  loss=0.5210
  batch 60/264  loss=0.5420
  batch 70/264  loss=0.8028
  batch 80/264  loss=0.6689
  batch 90/264  loss=0.5407
  batch 100/264  loss=0.4919
  batch 110/264  loss=0.4735
  batch 120/264  loss=0.3944
  batch 130/264  loss=0.3730
  batch 140/264  loss=0.4645
  batch 150/264  loss=0.4838
  batch 160/264  loss=0.4222
  batch 170/264  loss=0.3607
  batch 180/264  loss=0.6246
  batch 190/264  loss=0.5626
  batch 200/264  loss=0.8527
  batch 210/264  loss=0.5118
  batch 220/264  loss=0.4247
  batch 230/264  loss=0.5216
  batch 240/264  loss=0.3972
  batch 250/264  loss=0.4195
  batch 260/264  loss=0.4592
Epoch  78/300  train=4.984e-01  rmse=2.0722  lr=1.0e-04  233s
  batch 10/264  loss=0.6967
  batch 20/264  loss=0.4516
  batch 30/264  loss=0.5697
  batch 40/264  loss=0.4728
  batch 50/264  loss=0.4314
  batch 60/264  loss=0.6473
  batch 70/264  loss=0.6122
  batch 80/264  loss=0.5433
  batch 90/264  loss=0.4044
  batch 100/264  loss=0.6269
  batch 110/264  loss=0.6465
  batch 120/264  loss=0.3960
  batch 130/264  loss=0.6413
  batch 140/264  loss=0.3831
  batch 150/264  loss=0.4689
  batch 160/264  loss=0.4446
  batch 170/264  loss=0.4403
  batch 180/264  loss=0.5137
  batch 190/264  loss=0.3745
  batch 200/264  loss=0.3891
  batch 210/264  loss=0.4723
  batch 220/264  loss=0.5815
  batch 230/264  loss=0.5964
  batch 240/264  loss=0.4600
  batch 250/264  loss=0.5374
  batch 260/264  loss=0.3785
Epoch  79/300  train=4.903e-01  rmse=2.1036  lr=1.0e-04  232s
  -> best  monitor=4.903e-01
  batch 10/264  loss=0.3666
  batch 20/264  loss=0.4626
  batch 30/264  loss=0.5319
  batch 40/264  loss=0.3933
  batch 50/264  loss=0.3645
  batch 60/264  loss=0.3926
  batch 70/264  loss=0.4431
  batch 80/264  loss=0.3465
  batch 90/264  loss=0.4690
  batch 100/264  loss=0.3371
  batch 110/264  loss=0.4453
  batch 120/264  loss=0.9928
  batch 130/264  loss=0.4219
  batch 140/264  loss=0.4577
  batch 150/264  loss=0.4046
  batch 160/264  loss=0.3695
  batch 170/264  loss=0.6394
  batch 180/264  loss=0.7161
  batch 190/264  loss=0.5291
  batch 200/264  loss=0.6239
  batch 210/264  loss=0.3992
  batch 220/264  loss=0.4736
  batch 230/264  loss=0.4812
  batch 240/264  loss=0.5307
  batch 250/264  loss=0.5545
  batch 260/264  loss=0.3948
Epoch  80/300  train=4.941e-01  rmse=2.0014  lr=1.0e-04  232s
  batch 10/264  loss=0.4691
  batch 20/264  loss=0.5128
  batch 30/264  loss=0.3646
  batch 40/264  loss=0.5361
  batch 50/264  loss=0.3974
  batch 60/264  loss=0.4738
  batch 70/264  loss=0.3944
  batch 80/264  loss=1.0648
  batch 90/264  loss=0.4245
  batch 100/264  loss=0.3860
  batch 110/264  loss=0.4372
  batch 120/264  loss=0.3684
  batch 130/264  loss=0.3402
  batch 140/264  loss=0.5531
  batch 150/264  loss=0.5399
  batch 160/264  loss=0.5143
  batch 170/264  loss=0.4374
  batch 180/264  loss=0.3876
  batch 190/264  loss=0.5805
  batch 200/264  loss=0.3573
  batch 210/264  loss=0.3783
  batch 220/264  loss=0.4400
  batch 230/264  loss=0.5033
  batch 240/264  loss=0.4355
  batch 250/264  loss=0.4584
  batch 260/264  loss=0.6001
Epoch  81/300  train=4.916e-01  rmse=2.0820  lr=1.0e-04  234s
  batch 10/264  loss=0.5936
  batch 20/264  loss=0.4642
  batch 30/264  loss=0.8219
  batch 40/264  loss=0.6094
  batch 50/264  loss=0.3698
  batch 60/264  loss=0.4573
  batch 70/264  loss=0.5676
  batch 80/264  loss=0.5372
  batch 90/264  loss=0.4409
  batch 100/264  loss=0.6672
  batch 110/264  loss=0.9940
  batch 120/264  loss=0.3663
  batch 130/264  loss=0.6340
  batch 140/264  loss=0.6526
  batch 150/264  loss=0.3599
  batch 160/264  loss=0.4403
  batch 170/264  loss=0.4023
  batch 180/264  loss=0.3873
  batch 190/264  loss=0.4557
  batch 200/264  loss=0.3460
  batch 210/264  loss=0.4140
  batch 220/264  loss=0.6431
  batch 230/264  loss=0.4329
  batch 240/264  loss=0.3594
  batch 250/264  loss=0.6577
  batch 260/264  loss=0.8887
Epoch  82/300  train=4.850e-01  rmse=2.0107  lr=1.0e-04  232s
  -> best  monitor=4.850e-01
  batch 10/264  loss=0.4314
  batch 20/264  loss=0.3510
  batch 30/264  loss=0.6724
  batch 40/264  loss=0.3923
  batch 50/264  loss=0.4683
  batch 60/264  loss=0.4960
  batch 70/264  loss=0.4870
  batch 80/264  loss=0.5349
  batch 90/264  loss=0.4491
  batch 100/264  loss=0.3978
  batch 110/264  loss=0.4543
  batch 120/264  loss=0.4568
  batch 130/264  loss=0.7147
  batch 140/264  loss=0.4577
  batch 150/264  loss=0.7050
  batch 160/264  loss=0.4753
  batch 170/264  loss=0.4840
  batch 180/264  loss=0.7211
  batch 190/264  loss=0.4515
  batch 200/264  loss=0.4185
  batch 210/264  loss=0.4603
  batch 220/264  loss=0.4376
  batch 230/264  loss=0.6837
  batch 240/264  loss=0.5028
  batch 250/264  loss=0.4913
  batch 260/264  loss=0.6313
Epoch  83/300  train=4.931e-01  rmse=2.0363  lr=1.0e-04  233s
  batch 10/264  loss=0.4149
  batch 20/264  loss=0.6568
  batch 30/264  loss=0.3904
  batch 40/264  loss=0.6270
  batch 50/264  loss=0.3568
  batch 60/264  loss=0.4495
  batch 70/264  loss=0.5481
  batch 80/264  loss=0.4597
  batch 90/264  loss=0.6592
  batch 100/264  loss=0.5509
  batch 110/264  loss=0.5255
  batch 120/264  loss=0.4957
  batch 130/264  loss=0.6654
  batch 140/264  loss=0.4279
  batch 150/264  loss=0.3756
  batch 160/264  loss=0.4238
  batch 170/264  loss=0.3647
  batch 180/264  loss=0.6516
  batch 190/264  loss=0.5675
  batch 200/264  loss=0.4103
  batch 210/264  loss=0.3842
  batch 220/264  loss=0.4815
  batch 230/264  loss=0.5126
  batch 240/264  loss=0.4823
  batch 250/264  loss=0.4259
  batch 260/264  loss=0.5509
Epoch  84/300  train=4.818e-01  rmse=2.0223  lr=1.0e-04  232s
  -> best  monitor=4.818e-01
  batch 10/264  loss=0.3958
  batch 20/264  loss=0.3842
  batch 30/264  loss=0.5560
  batch 40/264  loss=0.5654
  batch 50/264  loss=0.4533
  batch 60/264  loss=0.4812
  batch 70/264  loss=0.7394
  batch 80/264  loss=0.4499
  batch 90/264  loss=0.4937
  batch 100/264  loss=0.4019
  batch 110/264  loss=0.5672
  batch 120/264  loss=0.4364
  batch 130/264  loss=0.5091
  batch 140/264  loss=0.4766
  batch 150/264  loss=0.4779
  batch 160/264  loss=0.3768
  batch 170/264  loss=0.4054
  batch 180/264  loss=0.3732
  batch 190/264  loss=0.6693
  batch 200/264  loss=0.3837
  batch 210/264  loss=0.4744
  batch 220/264  loss=0.6356
  batch 230/264  loss=0.4753
  batch 240/264  loss=0.7025
  batch 250/264  loss=0.5043
  batch 260/264  loss=1.2663
Epoch  85/300  train=4.883e-01  rmse=2.0903  lr=1.0e-04  233s
  batch 10/264  loss=0.5023
  batch 20/264  loss=0.5157
  batch 30/264  loss=0.4842
  batch 40/264  loss=0.6556
  batch 50/264  loss=0.4860
  batch 60/264  loss=0.3552
  batch 70/264  loss=0.4298
  batch 80/264  loss=0.4283
  batch 90/264  loss=0.6948
  batch 100/264  loss=0.4360
  batch 110/264  loss=0.3779
  batch 120/264  loss=0.4742
  batch 130/264  loss=0.4295
  batch 140/264  loss=0.5309
  batch 150/264  loss=0.4486
  batch 160/264  loss=0.4652
  batch 170/264  loss=0.3995
  batch 180/264  loss=0.4991
  batch 190/264  loss=0.4836
  batch 200/264  loss=0.7026
  batch 210/264  loss=0.6320
  batch 220/264  loss=0.4970
  batch 230/264  loss=0.5210
  batch 240/264  loss=0.8162
  batch 250/264  loss=0.5570
  batch 260/264  loss=0.4932
Epoch  86/300  train=4.919e-01  rmse=2.0392  lr=1.0e-04  232s
  batch 10/264  loss=0.3908
  batch 20/264  loss=0.5528
  batch 30/264  loss=0.4340
  batch 40/264  loss=0.3422
  batch 50/264  loss=0.4025
  batch 60/264  loss=0.3538
  batch 70/264  loss=0.3731
  batch 80/264  loss=0.4547
  batch 90/264  loss=0.4628
  batch 100/264  loss=0.4157
  batch 110/264  loss=0.4184
  batch 120/264  loss=0.7436
  batch 130/264  loss=0.4511
  batch 140/264  loss=0.5260
  batch 150/264  loss=0.6647
  batch 160/264  loss=0.4266
  batch 170/264  loss=0.4301
  batch 180/264  loss=0.3936
  batch 190/264  loss=0.3284
  batch 200/264  loss=0.4132
  batch 210/264  loss=0.4076
  batch 220/264  loss=1.0296
  batch 230/264  loss=0.4097
  batch 240/264  loss=0.4264
  batch 250/264  loss=0.6904
  batch 260/264  loss=0.4124
Epoch  87/300  train=4.873e-01  rmse=2.0869  lr=1.0e-04  232s
  batch 10/264  loss=0.4939
  batch 20/264  loss=0.4656
  batch 30/264  loss=1.0936
  batch 40/264  loss=0.5972
  batch 50/264  loss=0.3765
  batch 60/264  loss=0.6136
  batch 70/264  loss=0.4563
  batch 80/264  loss=0.4279
  batch 90/264  loss=0.3948
  batch 100/264  loss=0.6509
  batch 110/264  loss=0.5164
  batch 120/264  loss=0.3638
  batch 130/264  loss=0.5563
  batch 140/264  loss=0.4340
  batch 150/264  loss=0.4806
  batch 160/264  loss=0.5244
  batch 170/264  loss=0.4091
  batch 180/264  loss=0.6727
  batch 190/264  loss=0.3832
  batch 200/264  loss=0.4337
  batch 210/264  loss=0.4139
  batch 220/264  loss=0.5555
  batch 230/264  loss=0.7862
  batch 240/264  loss=0.4876
  batch 250/264  loss=0.4655
  batch 260/264  loss=0.6274
Epoch  88/300  train=4.869e-01  rmse=2.0885  lr=1.0e-04  233s
  batch 10/264  loss=0.3558
  batch 20/264  loss=0.9341
  batch 30/264  loss=0.3949
  batch 40/264  loss=0.4849
  batch 50/264  loss=0.4373
  batch 60/264  loss=0.5366
  batch 70/264  loss=0.4418
  batch 80/264  loss=0.4401
  batch 90/264  loss=0.7843
  batch 100/264  loss=0.3388
  batch 110/264  loss=0.6044
  batch 120/264  loss=0.5674
  batch 130/264  loss=0.4058
  batch 140/264  loss=0.3581
  batch 150/264  loss=0.5852
  batch 160/264  loss=0.3720
  batch 170/264  loss=0.3851
  batch 180/264  loss=0.7520
  batch 190/264  loss=0.8399
  batch 200/264  loss=0.4599
  batch 210/264  loss=0.3888
  batch 220/264  loss=0.6444
  batch 230/264  loss=0.4032
  batch 240/264  loss=0.3848
  batch 250/264  loss=0.5203
  batch 260/264  loss=0.5827
Epoch  89/300  train=4.770e-01  rmse=2.0193  lr=1.0e-04  234s
  -> best  monitor=4.770e-01
  batch 10/264  loss=0.6027
  batch 20/264  loss=0.4026
  batch 30/264  loss=0.5153
  batch 40/264  loss=0.4507
  batch 50/264  loss=0.5060
  batch 60/264  loss=0.5925
  batch 70/264  loss=0.5271
  batch 80/264  loss=0.4991
  batch 90/264  loss=0.3648
  batch 100/264  loss=0.4297
  batch 110/264  loss=0.4118
  batch 120/264  loss=0.4287
  batch 130/264  loss=0.3751
  batch 140/264  loss=0.3859
  batch 150/264  loss=0.4271
  batch 160/264  loss=0.4722
  batch 170/264  loss=0.6341
  batch 180/264  loss=0.4643
  batch 190/264  loss=0.5301
  batch 200/264  loss=0.3703
  batch 210/264  loss=0.4467
  batch 220/264  loss=0.4156
  batch 230/264  loss=0.3819
  batch 240/264  loss=0.4288
  batch 250/264  loss=0.4293
  batch 260/264  loss=0.6100
Epoch  90/300  train=4.877e-01  rmse=2.0252  lr=1.0e-04  232s
  batch 10/264  loss=0.4061
  batch 20/264  loss=0.4029
  batch 30/264  loss=0.3865
  batch 40/264  loss=0.3389
  batch 50/264  loss=0.5790
  batch 60/264  loss=0.6171
  batch 70/264  loss=0.4348
  batch 80/264  loss=0.4669
  batch 90/264  loss=0.4037
  batch 100/264  loss=0.5519
  batch 110/264  loss=0.4321
  batch 120/264  loss=0.5024
  batch 130/264  loss=0.3919
  batch 140/264  loss=0.5903
  batch 150/264  loss=0.4194
  batch 160/264  loss=0.4956
  batch 170/264  loss=0.4836
  batch 180/264  loss=0.5596
  batch 190/264  loss=0.4582
  batch 200/264  loss=0.3810
  batch 210/264  loss=0.5623
  batch 220/264  loss=0.4656
  batch 230/264  loss=0.3544
  batch 240/264  loss=0.4048
  batch 250/264  loss=0.4306
  batch 260/264  loss=0.4218
Epoch  91/300  train=4.752e-01  rmse=2.0116  lr=1.0e-04  233s
  -> best  monitor=4.752e-01
  batch 10/264  loss=0.5415
  batch 20/264  loss=0.4875
  batch 30/264  loss=0.4327
  batch 40/264  loss=0.5240
  batch 50/264  loss=0.5980
  batch 60/264  loss=0.4138
  batch 70/264  loss=0.4185
  batch 80/264  loss=0.4575
  batch 90/264  loss=0.4921
  batch 100/264  loss=0.3650
  batch 110/264  loss=0.6103
  batch 120/264  loss=0.6283
  batch 130/264  loss=0.4567
  batch 140/264  loss=0.5238
  batch 150/264  loss=0.4365
  batch 160/264  loss=0.3703
  batch 170/264  loss=0.4912
  batch 180/264  loss=0.4723
  batch 190/264  loss=0.4127
  batch 200/264  loss=0.4108
  batch 210/264  loss=0.4389
  batch 220/264  loss=0.3679
  batch 230/264  loss=0.4783
  batch 240/264  loss=0.5691
  batch 250/264  loss=0.3657
  batch 260/264  loss=0.3540
Epoch  92/300  train=4.803e-01  rmse=2.0358  lr=1.0e-04  232s
  batch 10/264  loss=0.4562
  batch 20/264  loss=0.3972
  batch 30/264  loss=0.5240
  batch 40/264  loss=0.5317
  batch 50/264  loss=0.4528
  batch 60/264  loss=0.3633
  batch 70/264  loss=0.5961
  batch 80/264  loss=0.5072
  batch 90/264  loss=0.4959
  batch 100/264  loss=0.8286
  batch 110/264  loss=0.5035
  batch 120/264  loss=0.4747
  batch 130/264  loss=0.4627
  batch 140/264  loss=0.4851
  batch 150/264  loss=0.4762
  batch 160/264  loss=0.4961
  batch 170/264  loss=0.3881
  batch 180/264  loss=0.6933
  batch 190/264  loss=0.4656
  batch 200/264  loss=0.5028
  batch 210/264  loss=0.4926
  batch 220/264  loss=0.3838
  batch 230/264  loss=0.3390
  batch 240/264  loss=0.4017
  batch 250/264  loss=0.7475
  batch 260/264  loss=0.4116
Epoch  93/300  train=4.758e-01  rmse=1.9873  lr=1.0e-04  231s
  batch 10/264  loss=0.4048
  batch 20/264  loss=0.6064
  batch 30/264  loss=0.4042
  batch 40/264  loss=0.4090
  batch 50/264  loss=0.4688
  batch 60/264  loss=0.5713
  batch 70/264  loss=0.4817
  batch 80/264  loss=0.6055
  batch 90/264  loss=0.3350
  batch 100/264  loss=0.4659
  batch 110/264  loss=0.4739
  batch 120/264  loss=0.5888
  batch 130/264  loss=0.3374
  batch 140/264  loss=0.3968
  batch 150/264  loss=0.4067
  batch 160/264  loss=0.3710
  batch 170/264  loss=0.3773
  batch 180/264  loss=0.3700
  batch 190/264  loss=0.3788
  batch 200/264  loss=0.3687
  batch 210/264  loss=0.4559
  batch 220/264  loss=0.3953
  batch 230/264  loss=0.4436
  batch 240/264  loss=0.4144
  batch 250/264  loss=0.5040
  batch 260/264  loss=0.5835
Epoch  94/300  train=4.794e-01  rmse=2.0676  lr=1.0e-04  232s
  batch 10/264  loss=0.4178
  batch 20/264  loss=0.3676
  batch 30/264  loss=0.4069
  batch 40/264  loss=0.4886
  batch 50/264  loss=0.4113
  batch 60/264  loss=0.3754
  batch 70/264  loss=0.4202
  batch 80/264  loss=0.4026
  batch 90/264  loss=0.3488
  batch 100/264  loss=0.4678
  batch 110/264  loss=0.3585
  batch 120/264  loss=0.4659
  batch 130/264  loss=0.4790
  batch 140/264  loss=0.5367
  batch 150/264  loss=0.4670
  batch 160/264  loss=0.7265
  batch 170/264  loss=0.4180
  batch 180/264  loss=0.4510
  batch 190/264  loss=0.6905
  batch 200/264  loss=0.4390
  batch 210/264  loss=0.3490
  batch 220/264  loss=0.4647
  batch 230/264  loss=0.4200
  batch 240/264  loss=0.3374
  batch 250/264  loss=0.7018
  batch 260/264  loss=0.4253
Epoch  95/300  train=4.787e-01  rmse=2.0297  lr=1.0e-04  233s
  batch 10/264  loss=0.4425
  batch 20/264  loss=0.4993
  batch 30/264  loss=0.3456
  batch 40/264  loss=0.4988
  batch 50/264  loss=0.5388
  batch 60/264  loss=0.4438
  batch 70/264  loss=0.6249
  batch 80/264  loss=0.4316
  batch 90/264  loss=0.4032
  batch 100/264  loss=0.3864
  batch 110/264  loss=0.3709
  batch 120/264  loss=0.5927
  batch 130/264  loss=0.3985
  batch 140/264  loss=0.4156
  batch 150/264  loss=0.7393
  batch 160/264  loss=0.5091
  batch 170/264  loss=0.4427
  batch 180/264  loss=0.5660
  batch 190/264  loss=0.3955
  batch 200/264  loss=0.4196
  batch 210/264  loss=0.4117
  batch 220/264  loss=0.6171
  batch 230/264  loss=0.4388
  batch 240/264  loss=0.4413
  batch 250/264  loss=0.4032
  batch 260/264  loss=0.4273
Epoch  96/300  train=4.721e-01  rmse=2.0167  lr=1.0e-04  233s
  -> best  monitor=4.721e-01
  batch 10/264  loss=0.4240
  batch 20/264  loss=0.3301
  batch 30/264  loss=0.3318
  batch 40/264  loss=0.4211
  batch 50/264  loss=0.5875
  batch 60/264  loss=0.4142
  batch 70/264  loss=0.6219
  batch 80/264  loss=0.4490
  batch 90/264  loss=0.3887
  batch 100/264  loss=0.5833
  batch 110/264  loss=0.6404
  batch 120/264  loss=0.3661
  batch 130/264  loss=0.4195
  batch 140/264  loss=0.5261
  batch 150/264  loss=0.6503
  batch 160/264  loss=0.4053
  batch 170/264  loss=0.3352
  batch 180/264  loss=0.3689
  batch 190/264  loss=0.6855
  batch 200/264  loss=0.4065
  batch 210/264  loss=0.4690
  batch 220/264  loss=0.8013
  batch 230/264  loss=0.7832
  batch 240/264  loss=0.3414
  batch 250/264  loss=0.5024
  batch 260/264  loss=0.3914
Epoch  97/300  train=4.742e-01  rmse=2.0333  lr=1.0e-04  233s
  batch 10/264  loss=0.4320
  batch 20/264  loss=0.5401
  batch 30/264  loss=0.5338
  batch 40/264  loss=0.3435
  batch 50/264  loss=0.3845
  batch 60/264  loss=0.4405
  batch 70/264  loss=0.3819
  batch 80/264  loss=0.4386
  batch 90/264  loss=0.4364
  batch 100/264  loss=0.3599
  batch 110/264  loss=0.5481
  batch 120/264  loss=0.5074
  batch 130/264  loss=0.4201
  batch 140/264  loss=0.6577
  batch 150/264  loss=0.6567
  batch 160/264  loss=0.5791
  batch 170/264  loss=0.3393
  batch 180/264  loss=0.9998
  batch 190/264  loss=0.3536
  batch 200/264  loss=0.3932
  batch 210/264  loss=0.4739
  batch 220/264  loss=0.4206
  batch 230/264  loss=0.4822
  batch 240/264  loss=0.2976
  batch 250/264  loss=0.4620
  batch 260/264  loss=0.4228
Epoch  98/300  train=4.733e-01  rmse=2.0280  lr=1.0e-04  232s
  batch 10/264  loss=0.3690
  batch 20/264  loss=0.3633
  batch 30/264  loss=0.5059
  batch 40/264  loss=0.3924
  batch 50/264  loss=0.4904
  batch 60/264  loss=0.4754
  batch 70/264  loss=0.5879
  batch 80/264  loss=0.4223
  batch 90/264  loss=0.4319
  batch 100/264  loss=0.4310
  batch 110/264  loss=0.4303
  batch 120/264  loss=0.4388
  batch 130/264  loss=0.3485
  batch 140/264  loss=0.3728
  batch 150/264  loss=0.3796
  batch 160/264  loss=0.3581
  batch 170/264  loss=0.3738
  batch 180/264  loss=0.3834
  batch 190/264  loss=0.4318
  batch 200/264  loss=0.5542
  batch 210/264  loss=0.3664
  batch 220/264  loss=0.3889
  batch 230/264  loss=0.3989
  batch 240/264  loss=0.5440
  batch 250/264  loss=0.6997
  batch 260/264  loss=0.4363
Epoch  99/300  train=4.694e-01  rmse=1.9748  lr=1.0e-04  232s
  -> best  monitor=4.694e-01
  batch 10/264  loss=0.3747
  batch 20/264  loss=0.3745
  batch 30/264  loss=0.4010
  batch 40/264  loss=0.6603
  batch 50/264  loss=0.4535
  batch 60/264  loss=0.3526
  batch 70/264  loss=0.5581
  batch 80/264  loss=0.5034
  batch 90/264  loss=0.4033
  batch 100/264  loss=0.5623
  batch 110/264  loss=0.4637
  batch 120/264  loss=0.7894
  batch 130/264  loss=0.4803
  batch 140/264  loss=0.4743
  batch 150/264  loss=0.4806
  batch 160/264  loss=0.5141
  batch 170/264  loss=0.4533
  batch 180/264  loss=0.4187
  batch 190/264  loss=0.3353
  batch 200/264  loss=0.4899
  batch 210/264  loss=0.4173
  batch 220/264  loss=0.4410
  batch 230/264  loss=0.4227
  batch 240/264  loss=0.3191
  batch 250/264  loss=0.4437
  batch 260/264  loss=0.5229
Epoch 100/300  train=4.694e-01  rmse=2.0010  lr=1.0e-04  231s
  batch 10/264  loss=0.6547
  batch 20/264  loss=0.3941
  batch 30/264  loss=0.3714
  batch 40/264  loss=0.4187
  batch 50/264  loss=0.3294
  batch 60/264  loss=0.3587
  batch 70/264  loss=0.3792
  batch 80/264  loss=0.3742
  batch 90/264  loss=0.4102
  batch 100/264  loss=0.5294
  batch 110/264  loss=0.3568
  batch 120/264  loss=0.4743
  batch 130/264  loss=0.4346
  batch 140/264  loss=0.5313
  batch 150/264  loss=0.4079
  batch 160/264  loss=0.3739
  batch 170/264  loss=0.3245
  batch 180/264  loss=0.4870
  batch 190/264  loss=0.5471
  batch 200/264  loss=0.4022
  batch 210/264  loss=0.5606
  batch 220/264  loss=0.7025
  batch 230/264  loss=0.4997
  batch 240/264  loss=0.6538
  batch 250/264  loss=0.4632
  batch 260/264  loss=0.3891
Epoch 101/300  train=4.725e-01  rmse=2.0128  lr=1.0e-04  232s
  batch 10/264  loss=0.4189
  batch 20/264  loss=0.3552
  batch 30/264  loss=0.5689
  batch 40/264  loss=0.4257
  batch 50/264  loss=0.4947
  batch 60/264  loss=0.7689
  batch 70/264  loss=0.6218
  batch 80/264  loss=0.3762
  batch 90/264  loss=0.4192
  batch 100/264  loss=0.3836
  batch 110/264  loss=0.4537
  batch 120/264  loss=0.4534
  batch 130/264  loss=0.4025
  batch 140/264  loss=0.3880
  batch 150/264  loss=0.5215
  batch 160/264  loss=0.5115
  batch 170/264  loss=0.3719
  batch 180/264  loss=0.7493
  batch 190/264  loss=0.6771
  batch 200/264  loss=0.3708
  batch 210/264  loss=0.5321
  batch 220/264  loss=0.3635
  batch 230/264  loss=0.4683
  batch 240/264  loss=0.4421
  batch 250/264  loss=0.4160
  batch 260/264  loss=0.3974
Epoch 102/300  train=4.660e-01  rmse=1.9712  lr=1.0e-04  232s
  -> best  monitor=4.660e-01
  batch 10/264  loss=0.4258
  batch 20/264  loss=0.3571
  batch 30/264  loss=0.3861
  batch 40/264  loss=0.3879
  batch 50/264  loss=0.3493
  batch 60/264  loss=0.5185
  batch 70/264  loss=0.5449
  batch 80/264  loss=0.4379
  batch 90/264  loss=0.3455
  batch 100/264  loss=0.4730
  batch 110/264  loss=0.4772
  batch 120/264  loss=0.6093
  batch 130/264  loss=0.3734
  batch 140/264  loss=0.3568
  batch 150/264  loss=0.4501
  batch 160/264  loss=0.3648
  batch 170/264  loss=0.6629
  batch 180/264  loss=0.4396
  batch 190/264  loss=0.5464
  batch 200/264  loss=0.4973
  batch 210/264  loss=0.3815
  batch 220/264  loss=0.4854
  batch 230/264  loss=0.7143
  batch 240/264  loss=1.0982
  batch 250/264  loss=0.4765
  batch 260/264  loss=0.4107
Epoch 103/300  train=4.650e-01  rmse=1.9451  lr=1.0e-04  233s
  -> best  monitor=4.650e-01
  batch 10/264  loss=0.3267
  batch 20/264  loss=0.7058
  batch 30/264  loss=0.4759
  batch 40/264  loss=0.3555
  batch 50/264  loss=0.4349
  batch 60/264  loss=0.3487
  batch 70/264  loss=0.7271
  batch 80/264  loss=0.6381
  batch 90/264  loss=0.7002
  batch 100/264  loss=0.3448
  batch 110/264  loss=0.9932
  batch 120/264  loss=0.9059
  batch 130/264  loss=0.4688
  batch 140/264  loss=0.6399
  batch 150/264  loss=0.4533
  batch 160/264  loss=0.3714
  batch 170/264  loss=0.4722
  batch 180/264  loss=0.5515
  batch 190/264  loss=0.3786
  batch 200/264  loss=0.4467
  batch 210/264  loss=0.4309
  batch 220/264  loss=0.3577
  batch 230/264  loss=0.2930
  batch 240/264  loss=0.4510
  batch 250/264  loss=0.7502
  batch 260/264  loss=0.4899
Epoch 104/300  train=4.663e-01  rmse=1.9514  lr=1.0e-04  233s
  batch 10/264  loss=0.3737
  batch 20/264  loss=0.4406
  batch 30/264  loss=0.4294
  batch 40/264  loss=0.4365
  batch 50/264  loss=0.4228
  batch 60/264  loss=0.3718
  batch 70/264  loss=0.3599
  batch 80/264  loss=0.6822
  batch 90/264  loss=0.6634
  batch 100/264  loss=0.6654
  batch 110/264  loss=0.6793
  batch 120/264  loss=0.3332
  batch 130/264  loss=0.4401
  batch 140/264  loss=0.5785
  batch 150/264  loss=0.4021
  batch 160/264  loss=0.4762
  batch 170/264  loss=0.5633
  batch 180/264  loss=0.3397
  batch 190/264  loss=0.4692
  batch 200/264  loss=0.6471
  batch 210/264  loss=0.4163
  batch 220/264  loss=0.6058
  batch 230/264  loss=0.3314
  batch 240/264  loss=0.3564
  batch 250/264  loss=0.3371
  batch 260/264  loss=0.4127
Epoch 105/300  train=4.666e-01  rmse=1.9849  lr=1.0e-04  232s
  batch 10/264  loss=0.4055
  batch 20/264  loss=0.5308
  batch 30/264  loss=0.5440
  batch 40/264  loss=0.7723
  batch 50/264  loss=0.3702
  batch 60/264  loss=0.3457
  batch 70/264  loss=0.4592
  batch 80/264  loss=0.4094
  batch 90/264  loss=0.4130
  batch 100/264  loss=0.5152
  batch 110/264  loss=0.4539
  batch 120/264  loss=0.4213
  batch 130/264  loss=0.3792
  batch 140/264  loss=0.7436
  batch 150/264  loss=0.4926
  batch 160/264  loss=0.3917
  batch 170/264  loss=0.3945
  batch 180/264  loss=0.3304
  batch 190/264  loss=0.3665
  batch 200/264  loss=0.5929
  batch 210/264  loss=0.3933
  batch 220/264  loss=0.5255
  batch 230/264  loss=0.3380
  batch 240/264  loss=0.3804
  batch 250/264  loss=0.4104
  batch 260/264  loss=0.3908
Epoch 106/300  train=4.601e-01  rmse=1.9553  lr=1.0e-04  234s
  -> best  monitor=4.601e-01
  batch 10/264  loss=0.4604
  batch 20/264  loss=0.5069
  batch 30/264  loss=0.4584
  batch 40/264  loss=0.4000
  batch 50/264  loss=0.4255
  batch 60/264  loss=0.4315
  batch 70/264  loss=0.5056
  batch 80/264  loss=0.6362
  batch 90/264  loss=0.3345
  batch 100/264  loss=0.3659
  batch 110/264  loss=0.4397
  batch 120/264  loss=0.3564
  batch 130/264  loss=0.3657
  batch 140/264  loss=0.3782
  batch 150/264  loss=0.3721
  batch 160/264  loss=0.5557
  batch 170/264  loss=0.3526
  batch 180/264  loss=0.4698
  batch 190/264  loss=0.7171
  batch 200/264  loss=0.4854
  batch 210/264  loss=0.3892
  batch 220/264  loss=0.7436
  batch 230/264  loss=0.4348
  batch 240/264  loss=0.3665
  batch 250/264  loss=0.4633
  batch 260/264  loss=0.5743
Epoch 107/300  train=4.582e-01  rmse=1.9536  lr=1.0e-04  232s
  -> best  monitor=4.582e-01
  batch 10/264  loss=0.5021
  batch 20/264  loss=0.4387
  batch 30/264  loss=0.4241
  batch 40/264  loss=0.6634
  batch 50/264  loss=0.3848
  batch 60/264  loss=0.4801
  batch 70/264  loss=0.4725
  batch 80/264  loss=0.4623
  batch 90/264  loss=0.4022
  batch 100/264  loss=0.4459
  batch 110/264  loss=0.3901
  batch 120/264  loss=0.4080
  batch 130/264  loss=0.5214
  batch 140/264  loss=0.3791
  batch 150/264  loss=0.3839
  batch 160/264  loss=0.5454
  batch 170/264  loss=0.4478
  batch 180/264  loss=0.4170
  batch 190/264  loss=0.4375
  batch 200/264  loss=0.3734
  batch 210/264  loss=0.3852
  batch 220/264  loss=0.5659
  batch 230/264  loss=0.4989
  batch 240/264  loss=0.4262
  batch 250/264  loss=0.3825
  batch 260/264  loss=0.5502
Epoch 108/300  train=4.610e-01  rmse=1.9589  lr=1.0e-04  233s
  batch 10/264  loss=0.3848
  batch 20/264  loss=0.5443
  batch 30/264  loss=0.3692
  batch 40/264  loss=0.4568
  batch 50/264  loss=0.5832
  batch 60/264  loss=0.4623
  batch 70/264  loss=0.4252
  batch 80/264  loss=0.3462
  batch 90/264  loss=0.4000
  batch 100/264  loss=0.4705
  batch 110/264  loss=0.3447
  batch 120/264  loss=0.3595
  batch 130/264  loss=0.4694
  batch 140/264  loss=0.3508
  batch 150/264  loss=0.4198
  batch 160/264  loss=0.4186
  batch 170/264  loss=0.3406
  batch 180/264  loss=0.3806
  batch 190/264  loss=0.5666
  batch 200/264  loss=0.4744
  batch 210/264  loss=0.3732
  batch 220/264  loss=0.6324
  batch 230/264  loss=0.3282
  batch 240/264  loss=0.3964
  batch 250/264  loss=0.5528
  batch 260/264  loss=0.2887
Epoch 109/300  train=4.608e-01  rmse=1.9667  lr=1.0e-04  232s
  batch 10/264  loss=0.5134
  batch 20/264  loss=0.4882
  batch 30/264  loss=0.4741
  batch 40/264  loss=0.4110
  batch 50/264  loss=0.4053
  batch 60/264  loss=0.4286
  batch 70/264  loss=0.3387
  batch 80/264  loss=0.5138
  batch 90/264  loss=0.4386
  batch 100/264  loss=0.3676
  batch 110/264  loss=0.3822
  batch 120/264  loss=0.4237
  batch 130/264  loss=0.7841
  batch 140/264  loss=0.4913
  batch 150/264  loss=0.4352
  batch 160/264  loss=0.4191
  batch 170/264  loss=0.5791
  batch 180/264  loss=0.3719
  batch 190/264  loss=0.3393
  batch 200/264  loss=0.5653
  batch 210/264  loss=0.3618
  batch 220/264  loss=0.4470
  batch 230/264  loss=0.8064
  batch 240/264  loss=0.4461
  batch 250/264  loss=0.4030
  batch 260/264  loss=0.4896
Epoch 110/300  train=4.644e-01  rmse=2.0117  lr=1.0e-04  232s
  batch 10/264  loss=0.4694
  batch 20/264  loss=0.6762
  batch 30/264  loss=0.6822
  batch 40/264  loss=0.3571
  batch 50/264  loss=0.4096
  batch 60/264  loss=0.4389
  batch 70/264  loss=0.4621
  batch 80/264  loss=0.3769
  batch 90/264  loss=0.6878
  batch 100/264  loss=0.4709
  batch 110/264  loss=0.3120
  batch 120/264  loss=0.4500
  batch 130/264  loss=0.5659
  batch 140/264  loss=0.4112
  batch 150/264  loss=0.3687
  batch 160/264  loss=0.4629
  batch 170/264  loss=0.4434
  batch 180/264  loss=0.5965
  batch 190/264  loss=0.4660
  batch 200/264  loss=0.7388
  batch 210/264  loss=0.3849
  batch 220/264  loss=0.4122
  batch 230/264  loss=0.7718
  batch 240/264  loss=0.6082
  batch 250/264  loss=0.4951
  batch 260/264  loss=0.4872
Epoch 111/300  train=4.598e-01  rmse=1.9425  lr=1.0e-04  232s
  batch 10/264  loss=0.3789
  batch 20/264  loss=0.3531
  batch 30/264  loss=0.4907
  batch 40/264  loss=0.3537
  batch 50/264  loss=0.4313
  batch 60/264  loss=0.4525
  batch 70/264  loss=0.5448
  batch 80/264  loss=0.5081
  batch 90/264  loss=0.4080
  batch 100/264  loss=0.7157
  batch 110/264  loss=0.4494
  batch 120/264  loss=0.3969
  batch 130/264  loss=0.5119
  batch 140/264  loss=0.4873
  batch 150/264  loss=0.4270
  batch 160/264  loss=0.3204
  batch 170/264  loss=0.4938
  batch 180/264  loss=0.3882
  batch 190/264  loss=0.4582
  batch 200/264  loss=0.6116
  batch 210/264  loss=0.3536
  batch 220/264  loss=0.6949
  batch 230/264  loss=0.3818
  batch 240/264  loss=0.5848
  batch 250/264  loss=0.3517
  batch 260/264  loss=0.3802
Epoch 112/300  train=4.659e-01  rmse=1.9880  lr=1.0e-04  233s
  batch 10/264  loss=0.4027
  batch 20/264  loss=0.3541
  batch 30/264  loss=0.4354
  batch 40/264  loss=0.5602
  batch 50/264  loss=0.5639
  batch 60/264  loss=0.3850
  batch 70/264  loss=0.3507
  batch 80/264  loss=0.4771
  batch 90/264  loss=0.4949
  batch 100/264  loss=0.5896
  batch 110/264  loss=0.5670
  batch 120/264  loss=0.9525
  batch 130/264  loss=0.6965
  batch 140/264  loss=0.6490
  batch 150/264  loss=0.4210
  batch 160/264  loss=0.3424
  batch 170/264  loss=0.7528
  batch 180/264  loss=0.5046
  batch 190/264  loss=0.3730
  batch 200/264  loss=0.3688
  batch 210/264  loss=0.3439
  batch 220/264  loss=0.3862
  batch 230/264  loss=0.6640
  batch 240/264  loss=0.3609
  batch 250/264  loss=0.4428
  batch 260/264  loss=0.3828
Epoch 113/300  train=4.607e-01  rmse=1.9496  lr=1.0e-04  233s
  batch 10/264  loss=0.3762
  batch 20/264  loss=0.3452
  batch 30/264  loss=0.8012
  batch 40/264  loss=0.3773
  batch 50/264  loss=0.4276
  batch 60/264  loss=0.4965
  batch 70/264  loss=0.4100
  batch 80/264  loss=0.5362
  batch 90/264  loss=0.4356
  batch 100/264  loss=0.4363
  batch 110/264  loss=0.4262
  batch 120/264  loss=0.5381
  batch 130/264  loss=0.3756
  batch 140/264  loss=0.5100
  batch 150/264  loss=0.7045
  batch 160/264  loss=0.7296
  batch 170/264  loss=0.4612
  batch 180/264  loss=0.3298
  batch 190/264  loss=0.4503
  batch 200/264  loss=0.5575
  batch 210/264  loss=0.4565
  batch 220/264  loss=0.3536
  batch 230/264  loss=0.4800
  batch 240/264  loss=0.3709
  batch 250/264  loss=0.4203
  batch 260/264  loss=0.3448
Epoch 114/300  train=4.607e-01  rmse=2.0343  lr=1.0e-04  232s
  batch 10/264  loss=0.3721
  batch 20/264  loss=0.3547
  batch 30/264  loss=0.5107
  batch 40/264  loss=0.4625
  batch 50/264  loss=0.3903
  batch 60/264  loss=0.3628
  batch 70/264  loss=0.4593
  batch 80/264  loss=0.7267
  batch 90/264  loss=0.5643
  batch 100/264  loss=0.3634
  batch 110/264  loss=0.3994
  batch 120/264  loss=0.3629
  batch 130/264  loss=0.4340
  batch 140/264  loss=0.3320
  batch 150/264  loss=0.8326
  batch 160/264  loss=0.3443
  batch 170/264  loss=0.3816
  batch 180/264  loss=0.4228
  batch 190/264  loss=0.4259
  batch 200/264  loss=0.4472
  batch 210/264  loss=0.3704
  batch 220/264  loss=0.3793
  batch 230/264  loss=0.3516
  batch 240/264  loss=0.3783
  batch 250/264  loss=0.6550
  batch 260/264  loss=0.3495
Epoch 115/300  train=4.506e-01  rmse=1.9189  lr=1.0e-04  232s
  -> best  monitor=4.506e-01
  batch 10/264  loss=0.4520
  batch 20/264  loss=0.6018
  batch 30/264  loss=0.6197
  batch 40/264  loss=0.4648
  batch 50/264  loss=0.4188
  batch 60/264  loss=0.6352
  batch 70/264  loss=0.4796
  batch 80/264  loss=0.3599
  batch 90/264  loss=0.8622
  batch 100/264  loss=0.5804
  batch 110/264  loss=0.3873
  batch 120/264  loss=0.3474
  batch 130/264  loss=0.6709
  batch 140/264  loss=0.5219
  batch 150/264  loss=0.3860
  batch 160/264  loss=0.4752
  batch 170/264  loss=0.4097
  batch 180/264  loss=0.3726
  batch 190/264  loss=0.3990
  batch 200/264  loss=0.3418
  batch 210/264  loss=0.6759
  batch 220/264  loss=0.6894
  batch 230/264  loss=0.5711
  batch 240/264  loss=0.4029
  batch 250/264  loss=0.4288
  batch 260/264  loss=0.3833
Epoch 116/300  train=4.515e-01  rmse=1.9094  lr=1.0e-04  231s
  batch 10/264  loss=0.4499
  batch 20/264  loss=0.4119
  batch 30/264  loss=0.4946
  batch 40/264  loss=0.3455
  batch 50/264  loss=0.5393
  batch 60/264  loss=0.4328
  batch 70/264  loss=0.3510
  batch 80/264  loss=0.4074
  batch 90/264  loss=0.4425
  batch 100/264  loss=0.4313
  batch 110/264  loss=0.4520
  batch 120/264  loss=0.4880
  batch 130/264  loss=0.3862
  batch 140/264  loss=0.3223
  batch 150/264  loss=0.3735
  batch 160/264  loss=0.4497
  batch 170/264  loss=0.3296
  batch 180/264  loss=0.4086
  batch 190/264  loss=0.4770
  batch 200/264  loss=0.3696
  batch 210/264  loss=0.5797
  batch 220/264  loss=0.4252
  batch 230/264  loss=0.6697
  batch 240/264  loss=0.4212
  batch 250/264  loss=0.4275
  batch 260/264  loss=0.3750
Epoch 117/300  train=4.551e-01  rmse=1.9607  lr=1.0e-04  232s
  batch 10/264  loss=0.4549
  batch 20/264  loss=0.3617
  batch 30/264  loss=0.9166
  batch 40/264  loss=0.6710
  batch 50/264  loss=0.4143
  batch 60/264  loss=0.5869
  batch 70/264  loss=0.4637
  batch 80/264  loss=0.3969
  batch 90/264  loss=0.4780
  batch 100/264  loss=0.3815
  batch 110/264  loss=0.4252
  batch 120/264  loss=0.3556
  batch 130/264  loss=0.4642
  batch 140/264  loss=0.3810
  batch 150/264  loss=0.3941
  batch 160/264  loss=0.3738
  batch 170/264  loss=0.4814
  batch 180/264  loss=0.4272
  batch 190/264  loss=0.6760
  batch 200/264  loss=0.3527
  batch 210/264  loss=0.4303
  batch 220/264  loss=0.3281
  batch 230/264  loss=0.5926
  batch 240/264  loss=0.4569
  batch 250/264  loss=0.3754
  batch 260/264  loss=0.4093
Epoch 118/300  train=4.577e-01  rmse=2.1260  lr=1.0e-04  232s
  batch 10/264  loss=0.6188
  batch 20/264  loss=0.4728
  batch 30/264  loss=0.3435
  batch 40/264  loss=0.4307
  batch 50/264  loss=0.5401
  batch 60/264  loss=0.3801
  batch 70/264  loss=0.4642
  batch 80/264  loss=0.4684
  batch 90/264  loss=0.4772
  batch 100/264  loss=0.3939
  batch 110/264  loss=0.3966
  batch 120/264  loss=0.6059
  batch 130/264  loss=0.3910
  batch 140/264  loss=0.3704
  batch 150/264  loss=0.6110
  batch 160/264  loss=0.4484
  batch 170/264  loss=0.3352
  batch 180/264  loss=0.3460
  batch 190/264  loss=0.4284
  batch 200/264  loss=0.3621
  batch 210/264  loss=0.3544
  batch 220/264  loss=0.4061
  batch 230/264  loss=0.3818
  batch 240/264  loss=0.5344
  batch 250/264  loss=0.4518
  batch 260/264  loss=0.6739
Epoch 119/300  train=4.501e-01  rmse=1.9166  lr=1.0e-04  232s
  -> best  monitor=4.501e-01
  batch 10/264  loss=0.3492
  batch 20/264  loss=0.5754
  batch 30/264  loss=0.3608
  batch 40/264  loss=0.3312
  batch 50/264  loss=0.4053
  batch 60/264  loss=0.3539
  batch 70/264  loss=0.3689
  batch 80/264  loss=0.4303
  batch 90/264  loss=0.3675
  batch 100/264  loss=0.3670
  batch 110/264  loss=0.7482
  batch 120/264  loss=0.5158
  batch 130/264  loss=0.4744
  batch 140/264  loss=0.8407
  batch 150/264  loss=0.5320
  batch 160/264  loss=0.4227
  batch 170/264  loss=0.5787
  batch 180/264  loss=0.7557
  batch 190/264  loss=0.5631
  batch 200/264  loss=0.4402
  batch 210/264  loss=0.4608
  batch 220/264  loss=0.3553
  batch 230/264  loss=0.3929
  batch 240/264  loss=0.4096
  batch 250/264  loss=0.4679
  batch 260/264  loss=0.3887
Epoch 120/300  train=4.480e-01  rmse=1.9300  lr=1.0e-04  233s
  -> best  monitor=4.480e-01
  batch 10/264  loss=0.4291
  batch 20/264  loss=0.4657
  batch 30/264  loss=0.3765
  batch 40/264  loss=0.3856
  batch 50/264  loss=0.3687
  batch 60/264  loss=0.5368
  batch 70/264  loss=0.4346
  batch 80/264  loss=0.4056
  batch 90/264  loss=0.5887
  batch 100/264  loss=0.4839
  batch 110/264  loss=0.4823
  batch 120/264  loss=0.4113
  batch 130/264  loss=0.3683
  batch 140/264  loss=0.6037
  batch 150/264  loss=0.3613
  batch 160/264  loss=0.5472
  batch 170/264  loss=0.5049
  batch 180/264  loss=0.5479
  batch 190/264  loss=0.5948
  batch 200/264  loss=0.5435
  batch 210/264  loss=0.3751
  batch 220/264  loss=0.5164
  batch 230/264  loss=0.4042
  batch 240/264  loss=0.4216
  batch 250/264  loss=0.4331
  batch 260/264  loss=0.3915
Epoch 121/300  train=4.515e-01  rmse=1.9569  lr=1.0e-04  233s
  batch 10/264  loss=0.4060
  batch 20/264  loss=0.4017
  batch 30/264  loss=0.3729
  batch 40/264  loss=0.4062
  batch 50/264  loss=0.4036
  batch 60/264  loss=0.4873
  batch 70/264  loss=0.3451
  batch 80/264  loss=0.4547
  batch 90/264  loss=0.3441
  batch 100/264  loss=0.4043
  batch 110/264  loss=0.5514
  batch 120/264  loss=0.4242
  batch 130/264  loss=0.4508
  batch 140/264  loss=0.4023
  batch 150/264  loss=0.3256
  batch 160/264  loss=0.4992
  batch 170/264  loss=0.5593
  batch 180/264  loss=0.7774
  batch 190/264  loss=0.7069
  batch 200/264  loss=0.3623
  batch 210/264  loss=0.3772
  batch 220/264  loss=0.5188
  batch 230/264  loss=0.5239
  batch 240/264  loss=0.5164
  batch 250/264  loss=0.5298
  batch 260/264  loss=0.3679
Epoch 122/300  train=4.430e-01  rmse=1.9315  lr=1.0e-04  232s
  -> best  monitor=4.430e-01
  batch 10/264  loss=0.4060
  batch 20/264  loss=0.4134
  batch 30/264  loss=0.3376
  batch 40/264  loss=0.3366
  batch 50/264  loss=0.4106
  batch 60/264  loss=0.4157
  batch 70/264  loss=0.4029
  batch 80/264  loss=0.4324
  batch 90/264  loss=0.5023
  batch 100/264  loss=0.3377
  batch 110/264  loss=0.6927
  batch 120/264  loss=0.4118
  batch 130/264  loss=0.3504
  batch 140/264  loss=0.5569
  batch 150/264  loss=0.3965
  batch 160/264  loss=0.3416
  batch 170/264  loss=0.4858
  batch 180/264  loss=0.3234
  batch 190/264  loss=0.8270
  batch 200/264  loss=0.4780
  batch 210/264  loss=0.8002
  batch 220/264  loss=0.3558
  batch 230/264  loss=0.4607
  batch 240/264  loss=0.4377
  batch 250/264  loss=0.5913
  batch 260/264  loss=0.3908
Epoch 123/300  train=4.447e-01  rmse=1.9297  lr=1.0e-04  233s
  batch 10/264  loss=0.4966
  batch 20/264  loss=0.5801
  batch 30/264  loss=0.3138
  batch 40/264  loss=0.3396
  batch 50/264  loss=0.5690
  batch 60/264  loss=0.3323
  batch 70/264  loss=0.5219
  batch 80/264  loss=0.6281
  batch 90/264  loss=0.4428
  batch 100/264  loss=0.4619
  batch 110/264  loss=0.4080
  batch 120/264  loss=0.3613
  batch 130/264  loss=0.4494
  batch 140/264  loss=0.3843
  batch 150/264  loss=0.3821
  batch 160/264  loss=0.3908
  batch 170/264  loss=0.4034
  batch 180/264  loss=0.3446
  batch 190/264  loss=0.3479
  batch 200/264  loss=0.5608
  batch 210/264  loss=0.4381
  batch 220/264  loss=0.3370
  batch 230/264  loss=0.4852
  batch 240/264  loss=0.5303
  batch 250/264  loss=0.3252
  batch 260/264  loss=0.3903
Epoch 124/300  train=4.470e-01  rmse=1.9049  lr=1.0e-04  233s
  batch 10/264  loss=0.3845
  batch 20/264  loss=0.3763
  batch 30/264  loss=0.4054
  batch 40/264  loss=0.4501
  batch 50/264  loss=0.5979
  batch 60/264  loss=0.3641
  batch 70/264  loss=0.6340
  batch 80/264  loss=0.4425
  batch 90/264  loss=0.5412
  batch 100/264  loss=0.3197
  batch 110/264  loss=0.3746
  batch 120/264  loss=0.3813
  batch 130/264  loss=0.7079
  batch 140/264  loss=0.5307
  batch 150/264  loss=0.4535
  batch 160/264  loss=0.4364
  batch 170/264  loss=0.3626
  batch 180/264  loss=0.3850
  batch 190/264  loss=0.3544
  batch 200/264  loss=0.8343
  batch 210/264  loss=0.5859
  batch 220/264  loss=0.3225
  batch 230/264  loss=0.3637
  batch 240/264  loss=0.5644
  batch 250/264  loss=0.5568
  batch 260/264  loss=0.3676
Epoch 125/300  train=4.518e-01  rmse=1.9812  lr=1.0e-04  233s
  batch 10/264  loss=0.3597
  batch 20/264  loss=0.3065
  batch 30/264  loss=0.4527
  batch 40/264  loss=0.4773
  batch 50/264  loss=0.5890
  batch 60/264  loss=0.4483
  batch 70/264  loss=0.4462
  batch 80/264  loss=0.5722
  batch 90/264  loss=0.4422
  batch 100/264  loss=0.3652
  batch 110/264  loss=0.4778
  batch 120/264  loss=0.4266
  batch 130/264  loss=0.4363
  batch 140/264  loss=0.4577
  batch 150/264  loss=0.3799
  batch 160/264  loss=0.7000
  batch 170/264  loss=0.3855
  batch 180/264  loss=0.5252
  batch 190/264  loss=0.4655
  batch 200/264  loss=0.5026
  batch 210/264  loss=0.4792
  batch 220/264  loss=0.4428
  batch 230/264  loss=0.5420
  batch 240/264  loss=0.5184
  batch 250/264  loss=0.3740
  batch 260/264  loss=0.5664
Epoch 126/300  train=4.468e-01  rmse=2.1726  lr=1.0e-04  233s
  batch 10/264  loss=0.6220
  batch 20/264  loss=0.3715
  batch 30/264  loss=0.4451
  batch 40/264  loss=0.3484
  batch 50/264  loss=0.4981
  batch 60/264  loss=0.4460
  batch 70/264  loss=0.3304
  batch 80/264  loss=0.6042
  batch 90/264  loss=0.5122
  batch 100/264  loss=0.4455
  batch 110/264  loss=0.3220
  batch 120/264  loss=0.3599
  batch 130/264  loss=0.6256
  batch 140/264  loss=0.4154
  batch 150/264  loss=0.4374
  batch 160/264  loss=0.5075
  batch 170/264  loss=0.4038
  batch 180/264  loss=0.4750
  batch 190/264  loss=0.3530
  batch 200/264  loss=0.3284
  batch 210/264  loss=0.4211
  batch 220/264  loss=0.4050
  batch 230/264  loss=0.6599
  batch 240/264  loss=0.3845
  batch 250/264  loss=0.5706
  batch 260/264  loss=0.3805
Epoch 127/300  train=4.468e-01  rmse=1.9420  lr=1.0e-04  233s
  batch 10/264  loss=0.3449
  batch 20/264  loss=0.4438
  batch 30/264  loss=0.2760
  batch 40/264  loss=0.4269
  batch 50/264  loss=0.3428
  batch 60/264  loss=0.4025
  batch 70/264  loss=0.5717
  batch 80/264  loss=0.3344
  batch 90/264  loss=0.4287
  batch 100/264  loss=0.7738
  batch 110/264  loss=0.6123
  batch 120/264  loss=0.3683
  batch 130/264  loss=0.4064
  batch 140/264  loss=0.7770
  batch 150/264  loss=0.3681
  batch 160/264  loss=0.3374
  batch 170/264  loss=0.4993
  batch 180/264  loss=0.4090
  batch 190/264  loss=0.3478
  batch 200/264  loss=0.4760
  batch 210/264  loss=0.3718
  batch 220/264  loss=0.4474
  batch 230/264  loss=0.4445
  batch 240/264  loss=0.4000
  batch 250/264  loss=0.4266
  batch 260/264  loss=0.3515
Epoch 128/300  train=4.458e-01  rmse=1.9159  lr=1.0e-04  232s
  batch 10/264  loss=0.3488
  batch 20/264  loss=0.4288
  batch 30/264  loss=0.4078
  batch 40/264  loss=0.4780
  batch 50/264  loss=0.4193
  batch 60/264  loss=0.3949
  batch 70/264  loss=0.4435
  batch 80/264  loss=0.4996
  batch 90/264  loss=0.5753
  batch 100/264  loss=0.5347
  batch 110/264  loss=0.3884
  batch 120/264  loss=0.4677
  batch 130/264  loss=0.4200
  batch 140/264  loss=0.4578
  batch 150/264  loss=0.4351
  batch 160/264  loss=0.3695
  batch 170/264  loss=0.4280
  batch 180/264  loss=0.3002
  batch 190/264  loss=0.6042
  batch 200/264  loss=0.4511
  batch 210/264  loss=0.3849
  batch 220/264  loss=0.3399
  batch 230/264  loss=0.3311
  batch 240/264  loss=0.3573
  batch 250/264  loss=0.4091
  batch 260/264  loss=0.4327
Epoch 129/300  train=4.420e-01  rmse=1.8933  lr=1.0e-04  233s
  -> best  monitor=4.420e-01
  batch 10/264  loss=0.3861
  batch 20/264  loss=0.3818
  batch 30/264  loss=0.3554
  batch 40/264  loss=0.4419
  batch 50/264  loss=0.5562
  batch 60/264  loss=0.3515
  batch 70/264  loss=0.3463
  batch 80/264  loss=0.4031
  batch 90/264  loss=0.3762
  batch 100/264  loss=0.6833
  batch 110/264  loss=0.3609
  batch 120/264  loss=0.4331
  batch 130/264  loss=0.4590
  batch 140/264  loss=0.4662
  batch 150/264  loss=0.3660
  batch 160/264  loss=0.3577
  batch 170/264  loss=0.4733
  batch 180/264  loss=0.4849
  batch 190/264  loss=0.3885
  batch 200/264  loss=0.3466
  batch 210/264  loss=0.4451
  batch 220/264  loss=0.3478
  batch 230/264  loss=0.7571
  batch 240/264  loss=0.5115
  batch 250/264  loss=0.5573
  batch 260/264  loss=0.4257
Epoch 130/300  train=4.449e-01  rmse=1.9233  lr=1.0e-04  232s
  batch 10/264  loss=0.4245
  batch 20/264  loss=0.4133
  batch 30/264  loss=0.3793
  batch 40/264  loss=0.5378
  batch 50/264  loss=0.4122
  batch 60/264  loss=0.3489
  batch 70/264  loss=0.3277
  batch 80/264  loss=0.3882
  batch 90/264  loss=0.5619
  batch 100/264  loss=0.4444
  batch 110/264  loss=0.3748
  batch 120/264  loss=0.3794
  batch 130/264  loss=0.5070
  batch 140/264  loss=0.4030
  batch 150/264  loss=0.4254
  batch 160/264  loss=0.3345
  batch 170/264  loss=0.3958
  batch 180/264  loss=0.3912
  batch 190/264  loss=0.5166
  batch 200/264  loss=0.4486
  batch 210/264  loss=0.3723
  batch 220/264  loss=0.2990
  batch 230/264  loss=0.3762
  batch 240/264  loss=0.4976
  batch 250/264  loss=0.3391
  batch 260/264  loss=0.5185
Epoch 131/300  train=4.424e-01  rmse=1.9163  lr=1.0e-04  234s
  batch 10/264  loss=0.3883
  batch 20/264  loss=0.4140
  batch 30/264  loss=0.3500
  batch 40/264  loss=0.5593
  batch 50/264  loss=0.4794
  batch 60/264  loss=0.7727
  batch 70/264  loss=0.5689
  batch 80/264  loss=0.3853
  batch 90/264  loss=0.3328
  batch 100/264  loss=0.6991
  batch 110/264  loss=0.4687
  batch 120/264  loss=0.2825
  batch 130/264  loss=0.3771
  batch 140/264  loss=0.4108
  batch 150/264  loss=0.3313
  batch 160/264  loss=0.3725
  batch 170/264  loss=0.3919
  batch 180/264  loss=0.3553
  batch 190/264  loss=0.4017
  batch 200/264  loss=0.6399
  batch 210/264  loss=0.4356
  batch 220/264  loss=0.3852
  batch 230/264  loss=0.3953
  batch 240/264  loss=0.5540
  batch 250/264  loss=0.3867
  batch 260/264  loss=0.4074
Epoch 132/300  train=4.366e-01  rmse=1.9360  lr=1.0e-04  233s
  -> best  monitor=4.366e-01
  batch 10/264  loss=0.3395
  batch 20/264  loss=0.3797
  batch 30/264  loss=0.6274
  batch 40/264  loss=0.4657
  batch 50/264  loss=0.4112
  batch 60/264  loss=0.4421
  batch 70/264  loss=0.4165
  batch 80/264  loss=0.4523
  batch 90/264  loss=0.4569
  batch 100/264  loss=0.3716
  batch 110/264  loss=0.3912
  batch 120/264  loss=0.4292
  batch 130/264  loss=0.3743
  batch 140/264  loss=0.3794
  batch 150/264  loss=0.6516
  batch 160/264  loss=0.3320
  batch 170/264  loss=0.4024
  batch 180/264  loss=0.5068
  batch 190/264  loss=0.5672
  batch 200/264  loss=0.4328
  batch 210/264  loss=0.3549
  batch 220/264  loss=0.3304
  batch 230/264  loss=0.3234
  batch 240/264  loss=0.3408
  batch 250/264  loss=0.4659
  batch 260/264  loss=0.3212
Epoch 133/300  train=4.401e-01  rmse=1.9064  lr=1.0e-04  232s
  batch 10/264  loss=0.3830
  batch 20/264  loss=0.5373
  batch 30/264  loss=0.3698
  batch 40/264  loss=0.3620
  batch 50/264  loss=0.3585
  batch 60/264  loss=0.3432
  batch 70/264  loss=0.3718
  batch 80/264  loss=0.3764
  batch 90/264  loss=0.3940
  batch 100/264  loss=0.4317
  batch 110/264  loss=0.4415
  batch 120/264  loss=0.6777
  batch 130/264  loss=0.3837
  batch 140/264  loss=0.3469
  batch 150/264  loss=0.4245
  batch 160/264  loss=0.4657
  batch 170/264  loss=0.3898
  batch 180/264  loss=0.7939
  batch 190/264  loss=0.4189
  batch 200/264  loss=0.4222
  batch 210/264  loss=0.4281
  batch 220/264  loss=0.4272
  batch 230/264  loss=0.3308
  batch 240/264  loss=0.4608
  batch 250/264  loss=0.6784
  batch 260/264  loss=0.4854
Epoch 134/300  train=4.400e-01  rmse=1.9348  lr=1.0e-04  232s
  batch 10/264  loss=0.4934
  batch 20/264  loss=0.4856
  batch 30/264  loss=0.3552
  batch 40/264  loss=0.5274
  batch 50/264  loss=0.3540
  batch 60/264  loss=0.5973
  batch 70/264  loss=0.4047
  batch 80/264  loss=0.3002
  batch 90/264  loss=0.4516
  batch 100/264  loss=0.3589
  batch 110/264  loss=0.6108
  batch 120/264  loss=0.3108
  batch 130/264  loss=0.7504
  batch 140/264  loss=0.3841
  batch 150/264  loss=0.5669
  batch 160/264  loss=0.3984
  batch 170/264  loss=0.4752
  batch 180/264  loss=0.7392
  batch 190/264  loss=0.5054
  batch 200/264  loss=0.4969
  batch 210/264  loss=0.3682
  batch 220/264  loss=0.5419
  batch 230/264  loss=0.4752
  batch 240/264  loss=0.4405
  batch 250/264  loss=0.4632
  batch 260/264  loss=0.3466
Epoch 135/300  train=4.372e-01  rmse=1.8617  lr=1.0e-04  232s
  batch 10/264  loss=0.5503
  batch 20/264  loss=0.3401
  batch 30/264  loss=0.4083
  batch 40/264  loss=0.4158
  batch 50/264  loss=0.3333
  batch 60/264  loss=0.3733
  batch 70/264  loss=0.5094
  batch 80/264  loss=0.4614
  batch 90/264  loss=0.5579
  batch 100/264  loss=0.3690
  batch 110/264  loss=0.4773
  batch 120/264  loss=0.5832
  batch 130/264  loss=0.4278
  batch 140/264  loss=0.5615
  batch 150/264  loss=0.3209
  batch 160/264  loss=0.4856
  batch 170/264  loss=0.3044
  batch 180/264  loss=0.3413
  batch 190/264  loss=0.3480
  batch 200/264  loss=0.4509
  batch 210/264  loss=0.4988
  batch 220/264  loss=0.4467
  batch 230/264  loss=0.5510
  batch 240/264  loss=0.4180
  batch 250/264  loss=0.5613
  batch 260/264  loss=0.4025
Epoch 136/300  train=4.424e-01  rmse=1.8889  lr=1.0e-04  233s
  batch 10/264  loss=0.5052
  batch 20/264  loss=0.4595
  batch 30/264  loss=0.3219
  batch 40/264  loss=0.4438
  batch 50/264  loss=0.3119
  batch 60/264  loss=0.4445
  batch 70/264  loss=0.3756
  batch 80/264  loss=0.3630
  batch 90/264  loss=0.4608
  batch 100/264  loss=0.3892
  batch 110/264  loss=0.4354
  batch 120/264  loss=0.5987
  batch 130/264  loss=0.8948
  batch 140/264  loss=0.3301
  batch 150/264  loss=0.5965
  batch 160/264  loss=0.4055
  batch 170/264  loss=0.4211
  batch 180/264  loss=0.4323
  batch 190/264  loss=0.3347
  batch 200/264  loss=0.4371
  batch 210/264  loss=0.3657
  batch 220/264  loss=0.3506
  batch 230/264  loss=0.5028
  batch 240/264  loss=0.3915
  batch 250/264  loss=0.4165
  batch 260/264  loss=0.3203
Epoch 137/300  train=4.348e-01  rmse=1.8379  lr=1.0e-04  233s
  -> best  monitor=4.348e-01
  batch 10/264  loss=0.3985
  batch 20/264  loss=0.4512
  batch 30/264  loss=0.5148
  batch 40/264  loss=0.4159
  batch 50/264  loss=0.4077
  batch 60/264  loss=0.4461
  batch 70/264  loss=0.3759
  batch 80/264  loss=0.4279
  batch 90/264  loss=0.3733
  batch 100/264  loss=0.3970
  batch 110/264  loss=0.4079
  batch 120/264  loss=0.3944
  batch 130/264  loss=0.3712
  batch 140/264  loss=0.3416
  batch 150/264  loss=0.5308
  batch 160/264  loss=0.3637
  batch 170/264  loss=0.3570
  batch 180/264  loss=0.5885
  batch 190/264  loss=0.4123
  batch 200/264  loss=0.6038
  batch 210/264  loss=0.4038
  batch 220/264  loss=0.3545
  batch 230/264  loss=0.7887
  batch 240/264  loss=0.3626
  batch 250/264  loss=0.4354
  batch 260/264  loss=0.3812
Epoch 138/300  train=4.374e-01  rmse=1.8555  lr=1.0e-04  233s
  batch 10/264  loss=0.4397
  batch 20/264  loss=0.4296
  batch 30/264  loss=0.3549
  batch 40/264  loss=0.4757
  batch 50/264  loss=0.4306
  batch 60/264  loss=0.4202
  batch 70/264  loss=0.3942
  batch 80/264  loss=0.4685
  batch 90/264  loss=0.4826
  batch 100/264  loss=0.4060
  batch 110/264  loss=0.4356
  batch 120/264  loss=0.3864
  batch 130/264  loss=0.5088
  batch 140/264  loss=0.3683
  batch 150/264  loss=0.6783
  batch 160/264  loss=0.4833
  batch 170/264  loss=0.4162
  batch 180/264  loss=0.3601
  batch 190/264  loss=0.4812
  batch 200/264  loss=0.6751
  batch 210/264  loss=0.4063
  batch 220/264  loss=0.4595
  batch 230/264  loss=0.4108
  batch 240/264  loss=0.3126
  batch 250/264  loss=0.3578
  batch 260/264  loss=0.3760
Epoch 139/300  train=4.374e-01  rmse=2.8165  lr=1.0e-04  233s
  batch 10/264  loss=0.3525
  batch 20/264  loss=0.4161
  batch 30/264  loss=0.5692
  batch 40/264  loss=0.5324
  batch 50/264  loss=0.4417
  batch 60/264  loss=0.4234
  batch 70/264  loss=0.6805
  batch 80/264  loss=0.4720
  batch 90/264  loss=0.4536
  batch 100/264  loss=0.4045
  batch 110/264  loss=0.3820
  batch 120/264  loss=0.4038
  batch 130/264  loss=0.3635
  batch 140/264  loss=0.3552
  batch 150/264  loss=0.5159
  batch 160/264  loss=0.5113
  batch 170/264  loss=0.3325
  batch 180/264  loss=0.6865
  batch 190/264  loss=0.4026
  batch 200/264  loss=0.5319
  batch 210/264  loss=0.5627
  batch 220/264  loss=0.6169
  batch 230/264  loss=0.4635
  batch 240/264  loss=0.3959
  batch 250/264  loss=0.3238
  batch 260/264  loss=0.4429
Epoch 140/300  train=4.294e-01  rmse=1.9400  lr=1.0e-04  233s
  -> best  monitor=4.294e-01
  batch 10/264  loss=0.3449
  batch 20/264  loss=0.4641
  batch 30/264  loss=0.4917
  batch 40/264  loss=0.3707
  batch 50/264  loss=0.3364
  batch 60/264  loss=0.4041
  batch 70/264  loss=0.6103
  batch 80/264  loss=0.3689
  batch 90/264  loss=0.3258
  batch 100/264  loss=0.3810
  batch 110/264  loss=0.3575
  batch 120/264  loss=0.4501
  batch 130/264  loss=0.3365
  batch 140/264  loss=0.3387
  batch 150/264  loss=0.4350
  batch 160/264  loss=0.4372
  batch 170/264  loss=0.5606
  batch 180/264  loss=0.6738
  batch 190/264  loss=0.5544
  batch 200/264  loss=0.4129
  batch 210/264  loss=0.3994
  batch 220/264  loss=0.4234
  batch 230/264  loss=0.3288
  batch 240/264  loss=0.4425
  batch 250/264  loss=0.5474
  batch 260/264  loss=0.3353
Epoch 141/300  train=4.324e-01  rmse=1.8255  lr=1.0e-04  232s
  batch 10/264  loss=0.3738
  batch 20/264  loss=0.3984
  batch 30/264  loss=0.3931
  batch 40/264  loss=0.3716
  batch 50/264  loss=0.3414
  batch 60/264  loss=0.5424
  batch 70/264  loss=0.3618
  batch 80/264  loss=0.4938
  batch 90/264  loss=0.3697
  batch 100/264  loss=0.3953
  batch 110/264  loss=0.3274
  batch 120/264  loss=0.3195
  batch 130/264  loss=0.3182
  batch 140/264  loss=0.6605
  batch 150/264  loss=0.3126
  batch 160/264  loss=0.4440
  batch 170/264  loss=0.3310
  batch 180/264  loss=0.7861
  batch 190/264  loss=0.3709
  batch 200/264  loss=0.3647
  batch 210/264  loss=0.5448
  batch 220/264  loss=0.4382
  batch 230/264  loss=0.3583
  batch 240/264  loss=0.3877
  batch 250/264  loss=0.3902
  batch 260/264  loss=0.5575
Epoch 142/300  train=4.377e-01  rmse=1.9822  lr=1.0e-04  233s
  batch 10/264  loss=0.3904
  batch 20/264  loss=0.5891
  batch 30/264  loss=0.5676
  batch 40/264  loss=0.4497
  batch 50/264  loss=0.3498
  batch 60/264  loss=0.4030
  batch 70/264  loss=0.3805
  batch 80/264  loss=0.6785
  batch 90/264  loss=0.5413
  batch 100/264  loss=0.7896
  batch 110/264  loss=0.5118
  batch 120/264  loss=0.3724
  batch 130/264  loss=0.3527
  batch 140/264  loss=0.3386
  batch 150/264  loss=0.3547
  batch 160/264  loss=0.3566
  batch 170/264  loss=0.3908
  batch 180/264  loss=0.3747
  batch 190/264  loss=0.3336
  batch 200/264  loss=0.3506
  batch 210/264  loss=0.4645
  batch 220/264  loss=0.4582
  batch 230/264  loss=0.3876
  batch 240/264  loss=0.4485
  batch 250/264  loss=0.3828
  batch 260/264  loss=0.9512
Epoch 143/300  train=4.363e-01  rmse=2.0979  lr=1.0e-04  233s
  batch 10/264  loss=0.4487
  batch 20/264  loss=0.3837
  batch 30/264  loss=0.3855
  batch 40/264  loss=0.4038
  batch 50/264  loss=0.3823
  batch 60/264  loss=0.5908
  batch 70/264  loss=0.5293
  batch 80/264  loss=0.3742
  batch 90/264  loss=0.3471
  batch 100/264  loss=0.3964
  batch 110/264  loss=0.3905
  batch 120/264  loss=0.3557
  batch 130/264  loss=0.3902
  batch 140/264  loss=0.5630
  batch 150/264  loss=0.4892
  batch 160/264  loss=0.3852
  batch 170/264  loss=0.3049
  batch 180/264  loss=0.3657
  batch 190/264  loss=0.5618
  batch 200/264  loss=0.3663
  batch 210/264  loss=0.4199
  batch 220/264  loss=0.3986
  batch 230/264  loss=0.5595
  batch 240/264  loss=0.4883
  batch 250/264  loss=0.4918
  batch 260/264  loss=0.4208
Epoch 144/300  train=4.337e-01  rmse=2.2065  lr=1.0e-04  233s
  batch 10/264  loss=0.5124
  batch 20/264  loss=0.6485
  batch 30/264  loss=0.3718
  batch 40/264  loss=0.3835
  batch 50/264  loss=0.3957
  batch 60/264  loss=0.3500
  batch 70/264  loss=0.3613
  batch 80/264  loss=0.4951
  batch 90/264  loss=0.3971
  batch 100/264  loss=0.4650
  batch 110/264  loss=0.3802
  batch 120/264  loss=0.5594
  batch 130/264  loss=0.4247
  batch 140/264  loss=0.4426
  batch 150/264  loss=0.3248
  batch 160/264  loss=0.5629
  batch 170/264  loss=0.4637
  batch 180/264  loss=0.3605
  batch 190/264  loss=0.5146
  batch 200/264  loss=0.3548
  batch 210/264  loss=0.4669
  batch 220/264  loss=0.3632
  batch 230/264  loss=0.5405
  batch 240/264  loss=0.4871
  batch 250/264  loss=0.3669
  batch 260/264  loss=0.5203
Epoch 145/300  train=4.340e-01  rmse=1.8495  lr=1.0e-04  232s
  batch 10/264  loss=0.4002
  batch 20/264  loss=0.5490
  batch 30/264  loss=0.3192
  batch 40/264  loss=0.5200
  batch 50/264  loss=0.3187
  batch 60/264  loss=0.3792
  batch 70/264  loss=0.3036
  batch 80/264  loss=0.3871
  batch 90/264  loss=0.3922
  batch 100/264  loss=0.4102
  batch 110/264  loss=0.4852
  batch 120/264  loss=0.4579
  batch 130/264  loss=0.6581
  batch 140/264  loss=0.3553
  batch 150/264  loss=0.3867
  batch 160/264  loss=0.5364
  batch 170/264  loss=0.3882
  batch 180/264  loss=0.3840
  batch 190/264  loss=0.3127
  batch 200/264  loss=0.4382
  batch 210/264  loss=0.4045
  batch 220/264  loss=0.4637
  batch 230/264  loss=0.3732
  batch 240/264  loss=0.6370
  batch 250/264  loss=0.5208
  batch 260/264  loss=0.4860
Epoch 146/300  train=4.287e-01  rmse=1.8179  lr=1.0e-04  233s
  -> best  monitor=4.287e-01
  batch 10/264  loss=0.4001
  batch 20/264  loss=0.3752
  batch 30/264  loss=0.4285
  batch 40/264  loss=0.3807
  batch 50/264  loss=0.4703
  batch 60/264  loss=0.4091
  batch 70/264  loss=0.5926
  batch 80/264  loss=0.3487
  batch 90/264  loss=0.5333
  batch 100/264  loss=0.4303
  batch 110/264  loss=0.4850
  batch 120/264  loss=0.4714
  batch 130/264  loss=0.4552
  batch 140/264  loss=0.3735
  batch 150/264  loss=0.3473
  batch 160/264  loss=0.3584
  batch 170/264  loss=0.3779
  batch 180/264  loss=0.5635
  batch 190/264  loss=0.3320
  batch 200/264  loss=0.5692
  batch 210/264  loss=0.4054
  batch 220/264  loss=0.3796
  batch 230/264  loss=0.3723
  batch 240/264  loss=0.5451
  batch 250/264  loss=0.4408
  batch 260/264  loss=0.4791
Epoch 147/300  train=4.301e-01  rmse=2.7143  lr=1.0e-04  232s
  batch 10/264  loss=0.4990
  batch 20/264  loss=0.3359
  batch 30/264  loss=0.3038
  batch 40/264  loss=0.3499
  batch 50/264  loss=0.4531
  batch 60/264  loss=0.3702
  batch 70/264  loss=0.5038
  batch 80/264  loss=0.4014
  batch 90/264  loss=0.4447
  batch 100/264  loss=0.3690
  batch 110/264  loss=0.4159
  batch 120/264  loss=0.3626
  batch 130/264  loss=0.3032
  batch 140/264  loss=0.5016
  batch 150/264  loss=0.3386
  batch 160/264  loss=0.3577
  batch 170/264  loss=0.4756
  batch 180/264  loss=0.4352
  batch 190/264  loss=0.5964
  batch 200/264  loss=0.4435
  batch 210/264  loss=0.4684
  batch 220/264  loss=0.4447
  batch 230/264  loss=0.4355
  batch 240/264  loss=0.4064
  batch 250/264  loss=0.4151
  batch 260/264  loss=0.3301
Epoch 148/300  train=4.301e-01  rmse=2.0098  lr=1.0e-04  231s
  batch 10/264  loss=0.3500
  batch 20/264  loss=0.3258
  batch 30/264  loss=0.3220
  batch 40/264  loss=0.4562
  batch 50/264  loss=0.3974
  batch 60/264  loss=0.4441
  batch 70/264  loss=0.3562
  batch 80/264  loss=0.3825
  batch 90/264  loss=0.3440
  batch 100/264  loss=0.5726
  batch 110/264  loss=0.5298
  batch 120/264  loss=0.4880
  batch 130/264  loss=0.4126
  batch 140/264  loss=0.3095
  batch 150/264  loss=0.4688
  batch 160/264  loss=0.5994
  batch 170/264  loss=0.3756
  batch 180/264  loss=0.5082
  batch 190/264  loss=0.3382
  batch 200/264  loss=0.3947
  batch 210/264  loss=0.3280
  batch 220/264  loss=0.5002
  batch 230/264  loss=0.4981
  batch 240/264  loss=0.4044
  batch 250/264  loss=0.4249
  batch 260/264  loss=0.4552
Epoch 149/300  train=4.342e-01  rmse=2.5152  lr=1.0e-04  232s
  batch 10/264  loss=0.3402
  batch 20/264  loss=0.4279
  batch 30/264  loss=0.5380
  batch 40/264  loss=0.3781
  batch 50/264  loss=0.3992
  batch 60/264  loss=0.3806
  batch 70/264  loss=0.3226
  batch 80/264  loss=0.2969
  batch 90/264  loss=0.5912
  batch 100/264  loss=0.3654
  batch 110/264  loss=0.4168
  batch 120/264  loss=0.4043
  batch 130/264  loss=0.7567
  batch 140/264  loss=0.4966
  batch 150/264  loss=0.7444
  batch 160/264  loss=0.3672
  batch 170/264  loss=0.3335
  batch 180/264  loss=0.5122
  batch 190/264  loss=0.3074
  batch 200/264  loss=0.4014
  batch 210/264  loss=0.3657
  batch 220/264  loss=0.4135
  batch 230/264  loss=0.5641
  batch 240/264  loss=0.4948
  batch 250/264  loss=0.3139
  batch 260/264  loss=0.5413
Epoch 150/300  train=4.292e-01  rmse=1.8558  lr=1.0e-04  232s
  batch 10/264  loss=0.4260
  batch 20/264  loss=0.5428
  batch 30/264  loss=0.3433
  batch 40/264  loss=0.3281
  batch 50/264  loss=0.4429
  batch 60/264  loss=0.5126
  batch 70/264  loss=0.3544
  batch 80/264  loss=0.3466
  batch 90/264  loss=0.3806
  batch 100/264  loss=0.3544
  batch 110/264  loss=0.3363
  batch 120/264  loss=0.3436
  batch 130/264  loss=0.3753
  batch 140/264  loss=0.3512
  batch 150/264  loss=0.3990
  batch 160/264  loss=0.4560
  batch 170/264  loss=0.3969
  batch 180/264  loss=0.3238
  batch 190/264  loss=0.4765
  batch 200/264  loss=0.3349
  batch 210/264  loss=0.2998
  batch 220/264  loss=0.5129
  batch 230/264  loss=0.3735
  batch 240/264  loss=0.4053
  batch 250/264  loss=0.4791
  batch 260/264  loss=0.3984
Epoch 151/300  train=4.323e-01  rmse=3.6032  lr=1.0e-04  233s
  batch 10/264  loss=0.6149
  batch 20/264  loss=0.3173
  batch 30/264  loss=0.3449
  batch 40/264  loss=0.3406
  batch 50/264  loss=0.5646
  batch 60/264  loss=0.5592
  batch 70/264  loss=0.4591
  batch 80/264  loss=0.3719
  batch 90/264  loss=0.3419
  batch 100/264  loss=0.4002
  batch 110/264  loss=0.3989
  batch 120/264  loss=0.5800
  batch 130/264  loss=0.5217
  batch 140/264  loss=0.3683
  batch 150/264  loss=0.4991
  batch 160/264  loss=0.5217
  batch 170/264  loss=0.3860
  batch 180/264  loss=0.3222
  batch 190/264  loss=0.3200
  batch 200/264  loss=0.3686
  batch 210/264  loss=0.4529
  batch 220/264  loss=0.3174
  batch 230/264  loss=0.4137
  batch 240/264  loss=0.3935
  batch 250/264  loss=0.3870
  batch 260/264  loss=0.3365
Epoch 152/300  train=4.282e-01  rmse=1.9176  lr=1.0e-04  233s
  -> best  monitor=4.282e-01
  batch 10/264  loss=0.3384
  batch 20/264  loss=0.3152
  batch 30/264  loss=0.3885
  batch 40/264  loss=0.4404
  batch 50/264  loss=0.5555
  batch 60/264  loss=0.3640
  batch 70/264  loss=0.3574
  batch 80/264  loss=0.4147
  batch 90/264  loss=0.2894
  batch 100/264  loss=0.3494
  batch 110/264  loss=0.4290
  batch 120/264  loss=0.3414
  batch 130/264  loss=0.5891
  batch 140/264  loss=0.3559
  batch 150/264  loss=0.3580
  batch 160/264  loss=0.3825
  batch 170/264  loss=0.5608
  batch 180/264  loss=0.5564
  batch 190/264  loss=0.3714
  batch 200/264  loss=0.3962
  batch 210/264  loss=0.4038
  batch 220/264  loss=0.5124
  batch 230/264  loss=0.3649
  batch 240/264  loss=0.4327
  batch 250/264  loss=0.3394
  batch 260/264  loss=0.3622
Epoch 153/300  train=4.262e-01  rmse=1.8754  lr=1.0e-04  232s
  -> best  monitor=4.262e-01
  batch 10/264  loss=0.6968
  batch 20/264  loss=0.3247
  batch 30/264  loss=0.3422
  batch 40/264  loss=0.4170
  batch 50/264  loss=0.3268
  batch 60/264  loss=0.4579
  batch 70/264  loss=0.4070
  batch 80/264  loss=0.4301
  batch 90/264  loss=0.6370
  batch 100/264  loss=0.5311
  batch 110/264  loss=0.4163
  batch 120/264  loss=0.4381
  batch 130/264  loss=0.3374
  batch 140/264  loss=0.2690
  batch 150/264  loss=0.4815
  batch 160/264  loss=0.3608
  batch 170/264  loss=0.4446
  batch 180/264  loss=0.3350
  batch 190/264  loss=0.4645
  batch 200/264  loss=0.6665
  batch 210/264  loss=0.4534
  batch 220/264  loss=0.3527
  batch 230/264  loss=0.3585
  batch 240/264  loss=0.3402
  batch 250/264  loss=0.4332
  batch 260/264  loss=0.5482
Epoch 154/300  train=4.247e-01  rmse=1.9718  lr=1.0e-04  232s
  -> best  monitor=4.247e-01
  batch 10/264  loss=0.4712
  batch 20/264  loss=0.3820
  batch 30/264  loss=0.4442
  batch 40/264  loss=0.4194
  batch 50/264  loss=0.4179
  batch 60/264  loss=0.5508
  batch 70/264  loss=0.5996
  batch 80/264  loss=0.3388
  batch 90/264  loss=0.5408
  batch 100/264  loss=0.4368
  batch 110/264  loss=0.4195
  batch 120/264  loss=0.3681
  batch 130/264  loss=0.4555
  batch 140/264  loss=0.4090
  batch 150/264  loss=0.4990
  batch 160/264  loss=0.4202
  batch 170/264  loss=0.3434
  batch 180/264  loss=0.3644
  batch 190/264  loss=0.3817
  batch 200/264  loss=0.3499
  batch 210/264  loss=0.4437
  batch 220/264  loss=0.4449
  batch 230/264  loss=0.3721
  batch 240/264  loss=0.3974
  batch 250/264  loss=0.3947
  batch 260/264  loss=0.6374
Epoch 155/300  train=4.233e-01  rmse=1.9116  lr=1.0e-04  233s
  -> best  monitor=4.233e-01
  batch 10/264  loss=0.4765
  batch 20/264  loss=0.3711
  batch 30/264  loss=0.4497
  batch 40/264  loss=0.4575
  batch 50/264  loss=0.3867
  batch 60/264  loss=0.3701
  batch 70/264  loss=0.3686
  batch 80/264  loss=0.3010
  batch 90/264  loss=0.6507
  batch 100/264  loss=0.4168
  batch 110/264  loss=0.3248
  batch 120/264  loss=0.5896
  batch 130/264  loss=0.3558
  batch 140/264  loss=0.3995
  batch 150/264  loss=0.4882
  batch 160/264  loss=0.4924
  batch 170/264  loss=0.3305
  batch 180/264  loss=0.5621
  batch 190/264  loss=0.3479
  batch 200/264  loss=0.4378
  batch 210/264  loss=0.2940
  batch 220/264  loss=0.3539
  batch 230/264  loss=0.4068
  batch 240/264  loss=0.7222
  batch 250/264  loss=0.4515
  batch 260/264  loss=0.3087
Epoch 156/300  train=4.276e-01  rmse=2.2187  lr=1.0e-04  232s
  batch 10/264  loss=0.3895
  batch 20/264  loss=0.3561
  batch 30/264  loss=0.3886
  batch 40/264  loss=0.3098
  batch 50/264  loss=0.5039
  batch 60/264  loss=0.4072
  batch 70/264  loss=0.5431
  batch 80/264  loss=0.3582
  batch 90/264  loss=0.5298
  batch 100/264  loss=0.3381
  batch 110/264  loss=0.3405
  batch 120/264  loss=0.3846
  batch 130/264  loss=0.4585
  batch 140/264  loss=0.6362
  batch 150/264  loss=0.3947
  batch 160/264  loss=0.4913
  batch 170/264  loss=0.3435
  batch 180/264  loss=0.3366
  batch 190/264  loss=0.4006
  batch 200/264  loss=0.4560
  batch 210/264  loss=0.3674
  batch 220/264  loss=0.3628
  batch 230/264  loss=0.6339
  batch 240/264  loss=0.4347
  batch 250/264  loss=0.3768
  batch 260/264  loss=0.4535
Epoch 157/300  train=4.302e-01  rmse=2.6448  lr=1.0e-04  233s
  batch 10/264  loss=0.4832
  batch 20/264  loss=0.4590
  batch 30/264  loss=0.3707
  batch 40/264  loss=0.3056
  batch 50/264  loss=0.5638
  batch 60/264  loss=0.4572
  batch 70/264  loss=0.4843
  batch 80/264  loss=0.3479
  batch 90/264  loss=0.3385
  batch 100/264  loss=0.3177
  batch 110/264  loss=0.4026
  batch 120/264  loss=0.4635
  batch 130/264  loss=0.3468
  batch 140/264  loss=0.3830
  batch 150/264  loss=0.3320
  batch 160/264  loss=0.4081
  batch 170/264  loss=0.3616
  batch 180/264  loss=0.3642
  batch 190/264  loss=0.4582
  batch 200/264  loss=0.4928
  batch 210/264  loss=0.5665
  batch 220/264  loss=0.4118
  batch 230/264  loss=0.4293
  batch 240/264  loss=0.4235
  batch 250/264  loss=0.5320
  batch 260/264  loss=0.4024
Epoch 158/300  train=4.246e-01  rmse=1.9261  lr=1.0e-04  233s
  batch 10/264  loss=0.3279
  batch 20/264  loss=0.4062
  batch 30/264  loss=0.4051
  batch 40/264  loss=0.3075
  batch 50/264  loss=0.5337
  batch 60/264  loss=0.5060
  batch 70/264  loss=0.3471
  batch 80/264  loss=0.3647
  batch 90/264  loss=0.3408
  batch 100/264  loss=0.3129
  batch 110/264  loss=0.4759
  batch 120/264  loss=0.4546
  batch 130/264  loss=0.3643
  batch 140/264  loss=0.3626
  batch 150/264  loss=0.3864
  batch 160/264  loss=0.3264
  batch 170/264  loss=0.3420
  batch 180/264  loss=0.5219
  batch 190/264  loss=0.3750
  batch 200/264  loss=0.7100
  batch 210/264  loss=0.3721
  batch 220/264  loss=0.3984
  batch 230/264  loss=0.5797
  batch 240/264  loss=0.4209
  batch 250/264  loss=0.4007
  batch 260/264  loss=0.3878
Epoch 159/300  train=4.263e-01  rmse=1.8958  lr=1.0e-04  233s
  batch 10/264  loss=0.4343
  batch 20/264  loss=0.3413
  batch 30/264  loss=0.4795
  batch 40/264  loss=0.3626
  batch 50/264  loss=0.3672
  batch 60/264  loss=0.6791
  batch 70/264  loss=0.5069
  batch 80/264  loss=0.4246
  batch 90/264  loss=0.4322
  batch 100/264  loss=0.3410
  batch 110/264  loss=0.5521
  batch 120/264  loss=0.3845
  batch 130/264  loss=0.5435
  batch 140/264  loss=0.4462
  batch 150/264  loss=0.3795
  batch 160/264  loss=0.3241
  batch 170/264  loss=0.3456
  batch 180/264  loss=0.5139
  batch 190/264  loss=0.4276
  batch 200/264  loss=0.3119
  batch 210/264  loss=0.4500
  batch 220/264  loss=0.3358
  batch 230/264  loss=0.3407
  batch 240/264  loss=0.4286
  batch 250/264  loss=0.3362
  batch 260/264  loss=0.4608
Epoch 160/300  train=4.277e-01  rmse=1.8441  lr=1.0e-04  233s
  batch 10/264  loss=0.3444
  batch 20/264  loss=0.4883
  batch 30/264  loss=0.3901
  batch 40/264  loss=0.3873
  batch 50/264  loss=0.6674
  batch 60/264  loss=0.3257
  batch 70/264  loss=0.4652
  batch 80/264  loss=0.4581
  batch 90/264  loss=0.3151
  batch 100/264  loss=0.4406
  batch 110/264  loss=0.3301
  batch 120/264  loss=0.3189
  batch 130/264  loss=0.4263
  batch 140/264  loss=0.3631
  batch 150/264  loss=0.4055
  batch 160/264  loss=0.4016
  batch 170/264  loss=0.3799
  batch 180/264  loss=0.3440
  batch 190/264  loss=0.6895
  batch 200/264  loss=0.3060
  batch 210/264  loss=0.6019
  batch 220/264  loss=0.4623
  batch 230/264  loss=0.3543
  batch 240/264  loss=0.3976
  batch 250/264  loss=0.4229
  batch 260/264  loss=0.3950
Epoch 161/300  train=4.198e-01  rmse=2.0702  lr=1.0e-04  232s
  -> best  monitor=4.198e-01
  batch 10/264  loss=0.4704
  batch 20/264  loss=0.4438
  batch 30/264  loss=0.3890
  batch 40/264  loss=0.3619
  batch 50/264  loss=0.3955
  batch 60/264  loss=0.4162
  batch 70/264  loss=0.4631
  batch 80/264  loss=0.4300
  batch 90/264  loss=0.3578
  batch 100/264  loss=0.3608
  batch 110/264  loss=0.3709
  batch 120/264  loss=0.3387
  batch 130/264  loss=0.4911
  batch 140/264  loss=0.4996
  batch 150/264  loss=0.3575
  batch 160/264  loss=0.2897
  batch 170/264  loss=0.3897
  batch 180/264  loss=0.4667
  batch 190/264  loss=0.4748
  batch 200/264  loss=0.3879
  batch 210/264  loss=0.4120
  batch 220/264  loss=0.4442
  batch 230/264  loss=0.3966
  batch 240/264  loss=0.4482
  batch 250/264  loss=0.3093
  batch 260/264  loss=0.3446
Epoch 162/300  train=4.198e-01  rmse=2.9468  lr=1.0e-04  232s
  batch 10/264  loss=0.4595
  batch 20/264  loss=0.3041
  batch 30/264  loss=0.4880
  batch 40/264  loss=0.3387
  batch 50/264  loss=0.6711
  batch 60/264  loss=0.4056
  batch 70/264  loss=0.3131
  batch 80/264  loss=0.5176
  batch 90/264  loss=0.3616
  batch 100/264  loss=0.3509
  batch 110/264  loss=0.4153
  batch 120/264  loss=0.3685
  batch 130/264  loss=0.3900
  batch 140/264  loss=0.3827
  batch 150/264  loss=0.3759
  batch 160/264  loss=0.3479
  batch 170/264  loss=0.3299
  batch 180/264  loss=0.4522
  batch 190/264  loss=0.6038
  batch 200/264  loss=0.2986
  batch 210/264  loss=0.4479
  batch 220/264  loss=0.4084
  batch 230/264  loss=0.3977
  batch 240/264  loss=0.3868
  batch 250/264  loss=0.4748
  batch 260/264  loss=0.3500
Epoch 163/300  train=4.249e-01  rmse=1.8778  lr=1.0e-04  232s
  batch 10/264  loss=0.3575
  batch 20/264  loss=0.4230
  batch 30/264  loss=0.5041
  batch 40/264  loss=0.4042
  batch 50/264  loss=0.3310
  batch 60/264  loss=0.3884
  batch 70/264  loss=0.3824
  batch 80/264  loss=0.4998
  batch 90/264  loss=0.6187
  batch 100/264  loss=0.3413
  batch 110/264  loss=0.6069
  batch 120/264  loss=0.3929
  batch 130/264  loss=0.3245
  batch 140/264  loss=0.3478
  batch 150/264  loss=0.3986
  batch 160/264  loss=0.3757
  batch 170/264  loss=0.5401
  batch 180/264  loss=0.3713
  batch 190/264  loss=0.3821
  batch 200/264  loss=0.3823
  batch 210/264  loss=0.5182
  batch 220/264  loss=0.3133
  batch 230/264  loss=0.3319
  batch 240/264  loss=0.3746
  batch 250/264  loss=0.3060
  batch 260/264  loss=0.3125
Epoch 164/300  train=4.155e-01  rmse=2.3472  lr=1.0e-04  233s
  -> best  monitor=4.155e-01
  batch 10/264  loss=0.3977
  batch 20/264  loss=0.3426
  batch 30/264  loss=0.3276
  batch 40/264  loss=0.5680
  batch 50/264  loss=0.4963
  batch 60/264  loss=0.5359
  batch 70/264  loss=0.3212
  batch 80/264  loss=0.3956
  batch 90/264  loss=0.4312
  batch 100/264  loss=0.3749
  batch 110/264  loss=0.4649
  batch 120/264  loss=0.3384
  batch 130/264  loss=0.7495
  batch 140/264  loss=0.3685
  batch 150/264  loss=0.3415
  batch 160/264  loss=0.4169
  batch 170/264  loss=0.3229
  batch 180/264  loss=0.4013
  batch 190/264  loss=0.3770
  batch 200/264  loss=0.5918
  batch 210/264  loss=0.4261
  batch 220/264  loss=0.4128
  batch 230/264  loss=0.4400
  batch 240/264  loss=0.3201
  batch 250/264  loss=0.4064
  batch 260/264  loss=0.3934
Epoch 165/300  train=4.229e-01  rmse=1.8188  lr=1.0e-04  233s
  batch 10/264  loss=0.4330
  batch 20/264  loss=0.4345
  batch 30/264  loss=0.4418
  batch 40/264  loss=0.3857
  batch 50/264  loss=0.3068
  batch 60/264  loss=0.4255
  batch 70/264  loss=0.4698
  batch 80/264  loss=0.3368
  batch 90/264  loss=0.4025
  batch 100/264  loss=0.4013
  batch 110/264  loss=0.2690
  batch 120/264  loss=0.3058
  batch 130/264  loss=0.3743
  batch 140/264  loss=0.3574
  batch 150/264  loss=0.3309
  batch 160/264  loss=0.4049
  batch 170/264  loss=0.3626
  batch 180/264  loss=0.5928
  batch 190/264  loss=0.4119
  batch 200/264  loss=0.3518
  batch 210/264  loss=0.4479
  batch 220/264  loss=0.4354
  batch 230/264  loss=0.4249
  batch 240/264  loss=0.3618
  batch 250/264  loss=0.3575
  batch 260/264  loss=0.3937
Epoch 166/300  train=4.198e-01  rmse=1.9598  lr=1.0e-04  232s
  batch 10/264  loss=0.4888
  batch 20/264  loss=0.4645
  batch 30/264  loss=0.2970
  batch 40/264  loss=0.4052
  batch 50/264  loss=0.4073
  batch 60/264  loss=0.4682
  batch 70/264  loss=0.3685
  batch 80/264  loss=0.5702
  batch 90/264  loss=0.5966
  batch 100/264  loss=0.4209
  batch 110/264  loss=0.3662
  batch 120/264  loss=0.3648
  batch 130/264  loss=0.5141
  batch 140/264  loss=0.3986
  batch 150/264  loss=0.3416
  batch 160/264  loss=0.3777
  batch 170/264  loss=0.3613
  batch 180/264  loss=0.3669
  batch 190/264  loss=0.3923
  batch 200/264  loss=0.4090
  batch 210/264  loss=0.6774
  batch 220/264  loss=0.5111
  batch 230/264  loss=0.6523
  batch 240/264  loss=0.6334
  batch 250/264  loss=0.5501
  batch 260/264  loss=0.3890
Epoch 167/300  train=4.215e-01  rmse=3.5257  lr=1.0e-04  232s
  batch 10/264  loss=0.3378
  batch 20/264  loss=0.4084
  batch 30/264  loss=0.5151
  batch 40/264  loss=0.5286
  batch 50/264  loss=0.3298
  batch 60/264  loss=0.5161
  batch 70/264  loss=0.5026
  batch 80/264  loss=0.6482
  batch 90/264  loss=0.4293
  batch 100/264  loss=0.4519
  batch 110/264  loss=0.5644
  batch 120/264  loss=0.3541
  batch 130/264  loss=0.4008
  batch 140/264  loss=0.5070
  batch 150/264  loss=0.3334
  batch 160/264  loss=0.3649
  batch 170/264  loss=0.3465
  batch 180/264  loss=0.3801
  batch 190/264  loss=0.5772
  batch 200/264  loss=0.3188
  batch 210/264  loss=0.4266
  batch 220/264  loss=0.5222
  batch 230/264  loss=0.3637
  batch 240/264  loss=0.3349
  batch 250/264  loss=0.6249
  batch 260/264  loss=0.4197
Epoch 168/300  train=4.184e-01  rmse=2.4613  lr=1.0e-04  232s
  batch 10/264  loss=0.3008
  batch 20/264  loss=0.3447
  batch 30/264  loss=0.3537
  batch 40/264  loss=0.3920
  batch 50/264  loss=0.3922
  batch 60/264  loss=0.3124
  batch 70/264  loss=0.4560
  batch 80/264  loss=0.3718
  batch 90/264  loss=0.4121
  batch 100/264  loss=0.3466
  batch 110/264  loss=0.4809
  batch 120/264  loss=0.4350
  batch 130/264  loss=0.4494
  batch 140/264  loss=0.4705
  batch 150/264  loss=0.8250
  batch 160/264  loss=0.3852
  batch 170/264  loss=0.3179
  batch 180/264  loss=0.5480
  batch 190/264  loss=0.4108
  batch 200/264  loss=0.4201
  batch 210/264  loss=0.3813
  batch 220/264  loss=0.2942
  batch 230/264  loss=0.4115
  batch 240/264  loss=0.4950
  batch 250/264  loss=0.5381
  batch 260/264  loss=0.6300
Epoch 169/300  train=4.227e-01  rmse=1.8850  lr=1.0e-04  233s
  batch 10/264  loss=0.4616
  batch 20/264  loss=0.3675
  batch 30/264  loss=0.3713
  batch 40/264  loss=0.5843
  batch 50/264  loss=0.3883
  batch 60/264  loss=0.4981
  batch 70/264  loss=0.3421
  batch 80/264  loss=0.3248
  batch 90/264  loss=0.3867
  batch 100/264  loss=0.3730
  batch 110/264  loss=0.3208
  batch 120/264  loss=0.3834
  batch 130/264  loss=0.4492
  batch 140/264  loss=0.3582
  batch 150/264  loss=0.3479
  batch 160/264  loss=0.3745
  batch 170/264  loss=0.3718
  batch 180/264  loss=0.7477
  batch 190/264  loss=0.3768
  batch 200/264  loss=0.3784
  batch 210/264  loss=0.4377
  batch 220/264  loss=0.3416
  batch 230/264  loss=0.5343
  batch 240/264  loss=0.4431
  batch 250/264  loss=0.3804
  batch 260/264  loss=0.4800
Epoch 170/300  train=4.176e-01  rmse=2.2425  lr=1.0e-04  233s
  batch 10/264  loss=0.3786
  batch 20/264  loss=0.3793
  batch 30/264  loss=0.3708
  batch 40/264  loss=0.3528
  batch 50/264  loss=0.3430
  batch 60/264  loss=0.4140
  batch 70/264  loss=0.3420
  batch 80/264  loss=0.3284
  batch 90/264  loss=0.5322
  batch 100/264  loss=0.3463
  batch 110/264  loss=0.3279
  batch 120/264  loss=0.3499
  batch 130/264  loss=0.3453
  batch 140/264  loss=0.3668
  batch 150/264  loss=0.4038
  batch 160/264  loss=0.4967
  batch 170/264  loss=0.3311
  batch 180/264  loss=0.3131
  batch 190/264  loss=0.3426
  batch 200/264  loss=0.4474
  batch 210/264  loss=0.3443
  batch 220/264  loss=0.4685
  batch 230/264  loss=0.4026
  batch 240/264  loss=0.4914
  batch 250/264  loss=0.3613
  batch 260/264  loss=0.4757
Epoch 171/300  train=4.194e-01  rmse=1.8508  lr=1.0e-04  233s
  batch 10/264  loss=0.3463
  batch 20/264  loss=0.4827
  batch 30/264  loss=0.5064
  batch 40/264  loss=0.4437
  batch 50/264  loss=0.3448
  batch 60/264  loss=0.3506
  batch 70/264  loss=0.3312
  batch 80/264  loss=0.3137
  batch 90/264  loss=0.2992
  batch 100/264  loss=0.3446
  batch 110/264  loss=0.3829
  batch 120/264  loss=0.4790
  batch 130/264  loss=0.3835
  batch 140/264  loss=0.5847
  batch 150/264  loss=0.3911
  batch 160/264  loss=0.6090
  batch 170/264  loss=0.3349
  batch 180/264  loss=0.2795
  batch 190/264  loss=0.4202
  batch 200/264  loss=0.3430
  batch 210/264  loss=0.3562
  batch 220/264  loss=0.3999
  batch 230/264  loss=0.4450
  batch 240/264  loss=0.4038
  batch 250/264  loss=0.4895
  batch 260/264  loss=0.3704
Epoch 172/300  train=4.186e-01  rmse=7.9853  lr=1.0e-04  233s
  batch 10/264  loss=0.4916
  batch 20/264  loss=0.3179
  batch 30/264  loss=0.5375
  batch 40/264  loss=0.3289
  batch 50/264  loss=0.3423
  batch 60/264  loss=0.4669
  batch 70/264  loss=0.3680
  batch 80/264  loss=0.3542
  batch 90/264  loss=0.3835
  batch 100/264  loss=0.3323
  batch 110/264  loss=0.4016
  batch 120/264  loss=0.3448
  batch 130/264  loss=0.4645
  batch 140/264  loss=0.3921
  batch 150/264  loss=0.3895
  batch 160/264  loss=0.5292
  batch 170/264  loss=0.3740
  batch 180/264  loss=0.3623
  batch 190/264  loss=0.3021
  batch 200/264  loss=0.3510
  batch 210/264  loss=0.3880
  batch 220/264  loss=0.4169
  batch 230/264  loss=0.3633
  batch 240/264  loss=0.3787
  batch 250/264  loss=0.6126
  batch 260/264  loss=0.4379
Epoch 173/300  train=4.169e-01  rmse=3.2305  lr=1.0e-04  232s
  batch 10/264  loss=0.4004
  batch 20/264  loss=0.3589
  batch 30/264  loss=0.3607
  batch 40/264  loss=0.3165
  batch 50/264  loss=0.3675
  batch 60/264  loss=0.3186
  batch 70/264  loss=0.4787
  batch 80/264  loss=0.4022
  batch 90/264  loss=0.3581
  batch 100/264  loss=0.3342
  batch 110/264  loss=0.3580
  batch 120/264  loss=0.3772
  batch 130/264  loss=0.5525
  batch 140/264  loss=0.3430
  batch 150/264  loss=0.6241
  batch 160/264  loss=0.3866
  batch 170/264  loss=0.3202
  batch 180/264  loss=0.4028
  batch 190/264  loss=0.4434
  batch 200/264  loss=0.3625
  batch 210/264  loss=0.5902
  batch 220/264  loss=0.4839
  batch 230/264  loss=0.3848
  batch 240/264  loss=0.3956
  batch 250/264  loss=0.3810
  batch 260/264  loss=0.4704
Epoch 174/300  train=4.139e-01  rmse=1.7220  lr=1.0e-04  233s
  -> best  monitor=4.139e-01
  batch 10/264  loss=0.4461
  batch 20/264  loss=0.5506
  batch 30/264  loss=0.6062
  batch 40/264  loss=0.4471
  batch 50/264  loss=0.5647
  batch 60/264  loss=0.4338
  batch 70/264  loss=0.3128
  batch 80/264  loss=0.3459
  batch 90/264  loss=0.3435
  batch 100/264  loss=0.3181
  batch 110/264  loss=0.4118
  batch 120/264  loss=0.4771
  batch 130/264  loss=0.5825
  batch 140/264  loss=0.3414
  batch 150/264  loss=0.3257
  batch 160/264  loss=0.3890
  batch 170/264  loss=0.5268
  batch 180/264  loss=0.4607
  batch 190/264  loss=0.3507
  batch 200/264  loss=0.3552
  batch 210/264  loss=0.3667
  batch 220/264  loss=0.3866
  batch 230/264  loss=0.4577
  batch 240/264  loss=0.3954
  batch 250/264  loss=0.3852
  batch 260/264  loss=0.7134
Epoch 175/300  train=4.155e-01  rmse=1.8994  lr=1.0e-04  234s
  batch 10/264  loss=0.3778
  batch 20/264  loss=0.3867
  batch 30/264  loss=0.5613
  batch 40/264  loss=0.5026
  batch 50/264  loss=0.3015
  batch 60/264  loss=0.3427
  batch 70/264  loss=0.3351
  batch 80/264  loss=0.4779
  batch 90/264  loss=0.2991
  batch 100/264  loss=0.3881
  batch 110/264  loss=0.4451
  batch 120/264  loss=0.4508
  batch 130/264  loss=0.4167
  batch 140/264  loss=0.5953
  batch 150/264  loss=0.3329
  batch 160/264  loss=0.5326
  batch 170/264  loss=0.2696
  batch 180/264  loss=0.6229
  batch 190/264  loss=0.4123
  batch 200/264  loss=0.4026
  batch 210/264  loss=0.5067
  batch 220/264  loss=0.4271
  batch 230/264  loss=0.4439
  batch 240/264  loss=0.3286
  batch 250/264  loss=0.4156
  batch 260/264  loss=0.4389
Epoch 176/300  train=4.232e-01  rmse=1.8773  lr=1.0e-04  233s
  batch 10/264  loss=0.5878
  batch 20/264  loss=0.3665
  batch 30/264  loss=0.3641
  batch 40/264  loss=0.6736
  batch 50/264  loss=0.3726
  batch 60/264  loss=0.3557
  batch 70/264  loss=0.4649
  batch 80/264  loss=0.3687
  batch 90/264  loss=0.3422
  batch 100/264  loss=0.3231
  batch 110/264  loss=0.3573
  batch 120/264  loss=0.5104
  batch 130/264  loss=0.4343
  batch 140/264  loss=0.5325
  batch 150/264  loss=0.3537
  batch 160/264  loss=0.4196
  batch 170/264  loss=0.3857
  batch 180/264  loss=0.5859
  batch 190/264  loss=0.3082
  batch 200/264  loss=0.3449
  batch 210/264  loss=0.5290
  batch 220/264  loss=0.3032
  batch 230/264  loss=0.3191
  batch 240/264  loss=0.3846
  batch 250/264  loss=0.4109
  batch 260/264  loss=0.3382
Epoch 177/300  train=4.130e-01  rmse=2.4164  lr=1.0e-04  234s
  -> best  monitor=4.130e-01
  batch 10/264  loss=0.3280
  batch 20/264  loss=0.3523
  batch 30/264  loss=0.3301
  batch 40/264  loss=0.3862
  batch 50/264  loss=0.3968
  batch 60/264  loss=0.3839
  batch 70/264  loss=0.5462
  batch 80/264  loss=0.4039
  batch 90/264  loss=0.3082
  batch 100/264  loss=0.4851
  batch 110/264  loss=0.4125
  batch 120/264  loss=0.3657
  batch 130/264  loss=0.3302
  batch 140/264  loss=0.3899
  batch 150/264  loss=0.4275
  batch 160/264  loss=0.2743
  batch 170/264  loss=0.6909
  batch 180/264  loss=0.5069
  batch 190/264  loss=0.4354
  batch 200/264  loss=0.5384
  batch 210/264  loss=0.3637
  batch 220/264  loss=0.3744
  batch 230/264  loss=0.5957
  batch 240/264  loss=0.5524
  batch 250/264  loss=0.4182
  batch 260/264  loss=0.2968
Epoch 178/300  train=4.173e-01  rmse=2.0058  lr=1.0e-04  232s
  batch 10/264  loss=0.3707
  batch 20/264  loss=0.4893
  batch 30/264  loss=0.5626
  batch 40/264  loss=0.5358
  batch 50/264  loss=0.2749
  batch 60/264  loss=0.3173
  batch 70/264  loss=0.3429
  batch 80/264  loss=0.3406
  batch 90/264  loss=0.3734
  batch 100/264  loss=0.3698
  batch 110/264  loss=0.4499
  batch 120/264  loss=0.5127
  batch 130/264  loss=0.3818
  batch 140/264  loss=0.4067
  batch 150/264  loss=0.4285
  batch 160/264  loss=0.3349
  batch 170/264  loss=0.4092
  batch 180/264  loss=0.4129
  batch 190/264  loss=0.5669
  batch 200/264  loss=0.3584
  batch 210/264  loss=0.3325
  batch 220/264  loss=0.5014
  batch 230/264  loss=0.4145
  batch 240/264  loss=0.3847
  batch 250/264  loss=0.5383
  batch 260/264  loss=0.3616
Epoch 179/300  train=4.159e-01  rmse=3.0209  lr=1.0e-04  233s
  batch 10/264  loss=0.3860
  batch 20/264  loss=0.4563
  batch 30/264  loss=0.3893
  batch 40/264  loss=0.2941
  batch 50/264  loss=0.3894
  batch 60/264  loss=0.4035
  batch 70/264  loss=0.6682
  batch 80/264  loss=0.3591
  batch 90/264  loss=0.3332
  batch 100/264  loss=0.3091
  batch 110/264  loss=0.4718
  batch 120/264  loss=0.3060
  batch 130/264  loss=0.4804
  batch 140/264  loss=0.3336
  batch 150/264  loss=0.3316
  batch 160/264  loss=0.4868
  batch 170/264  loss=0.3719
  batch 180/264  loss=0.3126
  batch 190/264  loss=0.4799
  batch 200/264  loss=0.3226
  batch 210/264  loss=0.6942
  batch 220/264  loss=0.3866
  batch 230/264  loss=0.4586
  batch 240/264  loss=0.3892
  batch 250/264  loss=0.3922
  batch 260/264  loss=0.3090
Epoch 180/300  train=4.065e-01  rmse=2.2419  lr=1.0e-04  233s
  -> best  monitor=4.065e-01
  batch 10/264  loss=0.4754
  batch 20/264  loss=0.3915
  batch 30/264  loss=0.4778
  batch 40/264  loss=0.3506
  batch 50/264  loss=0.3795
  batch 60/264  loss=0.3188
  batch 70/264  loss=0.3939
  batch 80/264  loss=0.3512
  batch 90/264  loss=0.3365
  batch 100/264  loss=0.4777
  batch 110/264  loss=0.4142
  batch 120/264  loss=0.3037
  batch 130/264  loss=0.5164
  batch 140/264  loss=0.3037
  batch 150/264  loss=0.5047
  batch 160/264  loss=0.3788
  batch 170/264  loss=0.3920
  batch 180/264  loss=0.3503
  batch 190/264  loss=0.4112
  batch 200/264  loss=0.3403
  batch 210/264  loss=0.4052
  batch 220/264  loss=0.2777
  batch 230/264  loss=0.5223
  batch 240/264  loss=0.3202
  batch 250/264  loss=0.3973
  batch 260/264  loss=0.3623
Epoch 181/300  train=4.119e-01  rmse=3.4492  lr=1.0e-04  232s
  batch 10/264  loss=0.3455
  batch 20/264  loss=0.3015
  batch 30/264  loss=0.3520
  batch 40/264  loss=0.4196
  batch 50/264  loss=0.4903
  batch 60/264  loss=0.4794
  batch 70/264  loss=0.3121
  batch 80/264  loss=0.5870
  batch 90/264  loss=0.3274
  batch 100/264  loss=0.3163
  batch 110/264  loss=0.3320
  batch 120/264  loss=0.5623
  batch 130/264  loss=0.3572
  batch 140/264  loss=0.4476
  batch 150/264  loss=0.3756
  batch 160/264  loss=0.4592
  batch 170/264  loss=0.4442
  batch 180/264  loss=0.6122
  batch 190/264  loss=0.4646
  batch 200/264  loss=0.4347
  batch 210/264  loss=0.3805
  batch 220/264  loss=0.7374
  batch 230/264  loss=0.5576
  batch 240/264  loss=0.6080
  batch 250/264  loss=0.4237
  batch 260/264  loss=0.4250
Epoch 182/300  train=4.171e-01  rmse=1.8375  lr=1.0e-04  232s
  batch 10/264  loss=0.4141
  batch 20/264  loss=0.3944
  batch 30/264  loss=0.3214
  batch 40/264  loss=0.3176
  batch 50/264  loss=0.3679
  batch 60/264  loss=0.3560
  batch 70/264  loss=0.5343
  batch 80/264  loss=0.3806
  batch 90/264  loss=0.6300
  batch 100/264  loss=0.3621
  batch 110/264  loss=0.3524
  batch 120/264  loss=0.4542
  batch 130/264  loss=0.3696
  batch 140/264  loss=0.3747
  batch 150/264  loss=0.3632
  batch 160/264  loss=0.3358
  batch 170/264  loss=0.3886
  batch 180/264  loss=0.4138
  batch 190/264  loss=0.4637
  batch 200/264  loss=0.3328
  batch 210/264  loss=0.3317
  batch 220/264  loss=0.3413
  batch 230/264  loss=0.5774
  batch 240/264  loss=0.3301
  batch 250/264  loss=0.3031
  batch 260/264  loss=0.3497
Epoch 183/300  train=4.106e-01  rmse=1.7724  lr=1.0e-04  233s
  batch 10/264  loss=0.3048
  batch 20/264  loss=0.3165
  batch 30/264  loss=0.3444
  batch 40/264  loss=0.4084
  batch 50/264  loss=0.4072
  batch 60/264  loss=0.4267
  batch 70/264  loss=0.3464
  batch 80/264  loss=0.3267
  batch 90/264  loss=0.4732
  batch 100/264  loss=0.6295
  batch 110/264  loss=0.4064
  batch 120/264  loss=0.3301
  batch 130/264  loss=0.4514
  batch 140/264  loss=0.3489
  batch 150/264  loss=0.3394
  batch 160/264  loss=0.4627
  batch 170/264  loss=0.3372
  batch 180/264  loss=0.3514
  batch 190/264  loss=0.3703
  batch 200/264  loss=0.4089
  batch 210/264  loss=0.3975
  batch 220/264  loss=0.3521
  batch 230/264  loss=0.3593
  batch 240/264  loss=0.4638
  batch 250/264  loss=0.3138
  batch 260/264  loss=0.4343
Epoch 184/300  train=4.122e-01  rmse=2.0100  lr=1.0e-04  233s
  batch 10/264  loss=0.3304
  batch 20/264  loss=0.3686
  batch 30/264  loss=0.3309
  batch 40/264  loss=0.4861
  batch 50/264  loss=0.4279
  batch 60/264  loss=0.4114
  batch 70/264  loss=0.5249
  batch 80/264  loss=0.4090
  batch 90/264  loss=0.3370
  batch 100/264  loss=0.4590
  batch 110/264  loss=0.3689
  batch 120/264  loss=0.4842
  batch 130/264  loss=0.4970
  batch 140/264  loss=0.4027
  batch 150/264  loss=0.4292
  batch 160/264  loss=0.3416
  batch 170/264  loss=0.2859
  batch 180/264  loss=0.4548
  batch 190/264  loss=0.3098
  batch 200/264  loss=0.3260
  batch 210/264  loss=0.3896
  batch 220/264  loss=0.6182
  batch 230/264  loss=0.3474
  batch 240/264  loss=0.2880
  batch 250/264  loss=0.5107
  batch 260/264  loss=0.3309
Epoch 185/300  train=4.087e-01  rmse=2.0897  lr=1.0e-04  232s
  batch 10/264  loss=0.4171
  batch 20/264  loss=0.3993
  batch 30/264  loss=0.3482
  batch 40/264  loss=0.3787
  batch 50/264  loss=0.3718
  batch 60/264  loss=0.3338
  batch 70/264  loss=0.3388
  batch 80/264  loss=0.4969
  batch 90/264  loss=0.4017
  batch 100/264  loss=0.4631
  batch 110/264  loss=0.3457
  batch 120/264  loss=0.3774
  batch 130/264  loss=0.3883
  batch 140/264  loss=0.3067
  batch 150/264  loss=0.3405
  batch 160/264  loss=0.3577
  batch 170/264  loss=0.3241
  batch 180/264  loss=0.3378
  batch 190/264  loss=0.4706
  batch 200/264  loss=0.3722
  batch 210/264  loss=0.3571
  batch 220/264  loss=0.3651
  batch 230/264  loss=0.3953
  batch 240/264  loss=0.4212
  batch 250/264  loss=0.3304
  batch 260/264  loss=0.4626
Epoch 186/300  train=4.045e-01  rmse=3.5013  lr=1.0e-04  231s
  -> best  monitor=4.045e-01
  batch 10/264  loss=0.3513
  batch 20/264  loss=0.4085
  batch 30/264  loss=0.4263
  batch 40/264  loss=0.3466
  batch 50/264  loss=0.3868
  batch 60/264  loss=0.4677
  batch 70/264  loss=0.4836
  batch 80/264  loss=0.3690
  batch 90/264  loss=0.3752
  batch 100/264  loss=0.2730
  batch 110/264  loss=0.3446
  batch 120/264  loss=0.3936
  batch 130/264  loss=0.4887
  batch 140/264  loss=0.3803
  batch 150/264  loss=0.5974
  batch 160/264  loss=0.4646
  batch 170/264  loss=0.3278
  batch 180/264  loss=0.3903
  batch 190/264  loss=0.5906
  batch 200/264  loss=0.3617
  batch 210/264  loss=0.3974
  batch 220/264  loss=0.3722
  batch 230/264  loss=0.3750
  batch 240/264  loss=0.4268
  batch 250/264  loss=0.3461
  batch 260/264  loss=0.4460
Epoch 187/300  train=4.075e-01  rmse=2.2143  lr=1.0e-04  234s
  batch 10/264  loss=0.3492
  batch 20/264  loss=0.5871
  batch 30/264  loss=0.4453
  batch 40/264  loss=0.4308
  batch 50/264  loss=0.3487
  batch 60/264  loss=0.3414
  batch 70/264  loss=0.3197
  batch 80/264  loss=0.3816
  batch 90/264  loss=0.4768
  batch 100/264  loss=0.3989
  batch 110/264  loss=0.3434
  batch 120/264  loss=0.3098
  batch 130/264  loss=0.3327
  batch 140/264  loss=0.6231
  batch 150/264  loss=0.4319
  batch 160/264  loss=0.3923
  batch 170/264  loss=0.4033
  batch 180/264  loss=0.3779
  batch 190/264  loss=0.3224
  batch 200/264  loss=0.3567
  batch 210/264  loss=0.4867
  batch 220/264  loss=0.3358
  batch 230/264  loss=0.3277
  batch 240/264  loss=0.5260
  batch 250/264  loss=0.3010
  batch 260/264  loss=0.4180
Epoch 188/300  train=4.112e-01  rmse=2.6969  lr=1.0e-04  232s
  batch 10/264  loss=0.5732
  batch 20/264  loss=0.3714
  batch 30/264  loss=0.3970
  batch 40/264  loss=0.4279
  batch 50/264  loss=0.3291
  batch 60/264  loss=0.3869
  batch 70/264  loss=0.5405
  batch 80/264  loss=0.5049
  batch 90/264  loss=0.3226
  batch 100/264  loss=0.3543
  batch 110/264  loss=0.3297
  batch 120/264  loss=0.3319
  batch 130/264  loss=0.3656
  batch 140/264  loss=0.3506
  batch 150/264  loss=0.3766
  batch 160/264  loss=0.5262
  batch 170/264  loss=0.3453
  batch 180/264  loss=0.4202
  batch 190/264  loss=0.3274
  batch 200/264  loss=0.3664
  batch 210/264  loss=0.4645
  batch 220/264  loss=0.3342
  batch 230/264  loss=0.3197
  batch 240/264  loss=0.7717
  batch 250/264  loss=0.4175
  batch 260/264  loss=0.3578
Epoch 189/300  train=4.101e-01  rmse=2.5472  lr=1.0e-04  233s
  batch 10/264  loss=0.3184
  batch 20/264  loss=0.4440
  batch 30/264  loss=0.3002
  batch 40/264  loss=0.3945
  batch 50/264  loss=0.3154
  batch 60/264  loss=0.3158
  batch 70/264  loss=0.5091
  batch 80/264  loss=0.5120
  batch 90/264  loss=0.3880
  batch 100/264  loss=0.3630
  batch 110/264  loss=0.4002
  batch 120/264  loss=0.4286
  batch 130/264  loss=0.5050
  batch 140/264  loss=0.4293
  batch 150/264  loss=0.3430
  batch 160/264  loss=0.4502
  batch 170/264  loss=0.3962
  batch 180/264  loss=0.3487
  batch 190/264  loss=0.3367
  batch 200/264  loss=0.3580
  batch 210/264  loss=0.3056
  batch 220/264  loss=0.2966
  batch 230/264  loss=0.6540
  batch 240/264  loss=0.3018
  batch 250/264  loss=0.4262
  batch 260/264  loss=0.4126
Epoch 190/300  train=4.074e-01  rmse=3.4892  lr=1.0e-04  232s
  batch 10/264  loss=0.4118
  batch 20/264  loss=0.4370
  batch 30/264  loss=0.3644
  batch 40/264  loss=0.4149
  batch 50/264  loss=0.5611
  batch 60/264  loss=0.3787
  batch 70/264  loss=0.3210
  batch 80/264  loss=0.3689
  batch 90/264  loss=0.3694
  batch 100/264  loss=0.4305
  batch 110/264  loss=0.3605
  batch 120/264  loss=0.3660
  batch 130/264  loss=0.3872
  batch 140/264  loss=0.3623
  batch 150/264  loss=0.3869
  batch 160/264  loss=0.3401
  batch 170/264  loss=0.3397
  batch 180/264  loss=0.7231
  batch 190/264  loss=0.3314
  batch 200/264  loss=0.5276
  batch 210/264  loss=0.4818
  batch 220/264  loss=0.3404
  batch 230/264  loss=0.6262
  batch 240/264  loss=0.3970
  batch 250/264  loss=0.3299
  batch 260/264  loss=0.3507
Epoch 191/300  train=4.125e-01  rmse=3.9487  lr=1.0e-04  233s
  batch 10/264  loss=0.3935
  batch 20/264  loss=0.3970
  batch 30/264  loss=0.3528
  batch 40/264  loss=0.4995
  batch 50/264  loss=0.4851
  batch 60/264  loss=0.3968
  batch 70/264  loss=0.7775
  batch 80/264  loss=0.4027
  batch 90/264  loss=0.3392
  batch 100/264  loss=0.3760
  batch 110/264  loss=0.2955
  batch 120/264  loss=0.3482
  batch 130/264  loss=0.3239
  batch 140/264  loss=0.3195
  batch 150/264  loss=0.7035
  batch 160/264  loss=0.4077
  batch 170/264  loss=0.4537
  batch 180/264  loss=0.4123
  batch 190/264  loss=0.3282
  batch 200/264  loss=0.6124
  batch 210/264  loss=0.3670
  batch 220/264  loss=0.5038
  batch 230/264  loss=0.6149
  batch 240/264  loss=0.4750
  batch 250/264  loss=0.3638
  batch 260/264  loss=0.3697
Epoch 192/300  train=4.072e-01  rmse=2.1882  lr=1.0e-04  233s
  batch 10/264  loss=0.4533
  batch 20/264  loss=0.3920
  batch 30/264  loss=0.4398
  batch 40/264  loss=0.3827
  batch 50/264  loss=0.3415
  batch 60/264  loss=0.4907
  batch 70/264  loss=0.3275
  batch 80/264  loss=0.3889
  batch 90/264  loss=0.5284
  batch 100/264  loss=0.3613
  batch 110/264  loss=0.4137
  batch 120/264  loss=0.4211
  batch 130/264  loss=0.3487
  batch 140/264  loss=0.3206
  batch 150/264  loss=0.3418
  batch 160/264  loss=0.3636
  batch 170/264  loss=0.5274
  batch 180/264  loss=0.5645
  batch 190/264  loss=0.3269
  batch 200/264  loss=0.3917
  batch 210/264  loss=0.3383
  batch 220/264  loss=0.4106
  batch 230/264  loss=0.4345
  batch 240/264  loss=0.4059
  batch 250/264  loss=0.3328
  batch 260/264  loss=0.4773
Epoch 193/300  train=4.023e-01  rmse=2.0841  lr=1.0e-04  232s
  -> best  monitor=4.023e-01
  batch 10/264  loss=0.3316
  batch 20/264  loss=0.3423
  batch 30/264  loss=0.3346
  batch 40/264  loss=0.3879
  batch 50/264  loss=0.5636
  batch 60/264  loss=0.3058
  batch 70/264  loss=0.5417
  batch 80/264  loss=0.3587
  batch 90/264  loss=0.3471
  batch 100/264  loss=0.4735
  batch 110/264  loss=0.3446
  batch 120/264  loss=0.4765
  batch 130/264  loss=0.3617
  batch 140/264  loss=0.6402
  batch 150/264  loss=0.5986
  batch 160/264  loss=0.3739
  batch 170/264  loss=0.4157
  batch 180/264  loss=0.3339
  batch 190/264  loss=0.4446
  batch 200/264  loss=0.3718
  batch 210/264  loss=0.3791
  batch 220/264  loss=0.4229
  batch 230/264  loss=0.3417
  batch 240/264  loss=0.3567
  batch 250/264  loss=0.3739
  batch 260/264  loss=0.3643
Epoch 194/300  train=4.050e-01  rmse=2.2870  lr=1.0e-04  232s
  batch 10/264  loss=0.4691
  batch 20/264  loss=0.5286
  batch 30/264  loss=0.2920
  batch 40/264  loss=0.4020
  batch 50/264  loss=0.3435
  batch 60/264  loss=0.3860
  batch 70/264  loss=0.4194
  batch 80/264  loss=0.3902
  batch 90/264  loss=0.4578
  batch 100/264  loss=0.4760
  batch 110/264  loss=0.3402
  batch 120/264  loss=0.2756
  batch 130/264  loss=0.3227
  batch 140/264  loss=0.6820
  batch 150/264  loss=0.3620
  batch 160/264  loss=0.3542
  batch 170/264  loss=0.4586
  batch 180/264  loss=0.4325
  batch 190/264  loss=0.3706
  batch 200/264  loss=0.3945
  batch 210/264  loss=0.3187
  batch 220/264  loss=0.4214
  batch 230/264  loss=0.3979
  batch 240/264  loss=0.3974
  batch 250/264  loss=0.2871
  batch 260/264  loss=0.3232
Epoch 195/300  train=4.030e-01  rmse=2.4055  lr=1.0e-04  231s
  batch 10/264  loss=0.4467
  batch 20/264  loss=0.2916
  batch 30/264  loss=0.4085
  batch 40/264  loss=0.3177
  batch 50/264  loss=0.4106
  batch 60/264  loss=0.4320
  batch 70/264  loss=0.3419
  batch 80/264  loss=0.4077
  batch 90/264  loss=0.4247
  batch 100/264  loss=0.3170
  batch 110/264  loss=0.4039
  batch 120/264  loss=0.3040
  batch 130/264  loss=0.3271
  batch 140/264  loss=0.3797
  batch 150/264  loss=0.4089
  batch 160/264  loss=0.5128
  batch 170/264  loss=0.5845
  batch 180/264  loss=0.3557
  batch 190/264  loss=0.3075
  batch 200/264  loss=0.3246
  batch 210/264  loss=0.6304
  batch 220/264  loss=0.4060
  batch 230/264  loss=0.4125
  batch 240/264  loss=0.3969
  batch 250/264  loss=0.5447
  batch 260/264  loss=0.3700
Epoch 196/300  train=4.035e-01  rmse=1.9831  lr=1.0e-04  232s
  batch 10/264  loss=0.3523
  batch 20/264  loss=0.2985
  batch 30/264  loss=0.3294
  batch 40/264  loss=0.4015
  batch 50/264  loss=0.3446
  batch 60/264  loss=0.3987
  batch 70/264  loss=0.4543
  batch 80/264  loss=0.5399
  batch 90/264  loss=0.4940
  batch 100/264  loss=0.4349
  batch 110/264  loss=0.3427
  batch 120/264  loss=0.3273
  batch 130/264  loss=0.8267
  batch 140/264  loss=0.5242
  batch 150/264  loss=0.4978
  batch 160/264  loss=0.3552
  batch 170/264  loss=0.4881
  batch 180/264  loss=0.3656
  batch 190/264  loss=0.3115
  batch 200/264  loss=0.4177
  batch 210/264  loss=0.3740
  batch 220/264  loss=0.4169
  batch 230/264  loss=0.6570
  batch 240/264  loss=0.4470
  batch 250/264  loss=0.3440
  batch 260/264  loss=0.3920
Epoch 197/300  train=4.123e-01  rmse=3.1409  lr=1.0e-04  232s
  batch 10/264  loss=0.3903
  batch 20/264  loss=0.3741
  batch 30/264  loss=0.3890
  batch 40/264  loss=0.3436
  batch 50/264  loss=0.4375
  batch 60/264  loss=0.3428
  batch 70/264  loss=0.3070
  batch 80/264  loss=0.4840
  batch 90/264  loss=0.3116
  batch 100/264  loss=0.2825
  batch 110/264  loss=0.3412
  batch 120/264  loss=0.3309
  batch 130/264  loss=0.3865
  batch 140/264  loss=0.4269
  batch 150/264  loss=0.3982
  batch 160/264  loss=0.3020
  batch 170/264  loss=0.4463
  batch 180/264  loss=0.5460
  batch 190/264  loss=0.3783
  batch 200/264  loss=0.4285
  batch 210/264  loss=0.4725
  batch 220/264  loss=0.4991
  batch 230/264  loss=0.4200
  batch 240/264  loss=0.4135
  batch 250/264  loss=0.3416
  batch 260/264  loss=0.3311
Epoch 198/300  train=4.031e-01  rmse=3.0067  lr=1.0e-04  232s
  batch 10/264  loss=0.2974
  batch 20/264  loss=0.4526
  batch 30/264  loss=0.4658
  batch 40/264  loss=0.3753
  batch 50/264  loss=0.4991
  batch 60/264  loss=0.3143
  batch 70/264  loss=0.3385
  batch 80/264  loss=0.3341
  batch 90/264  loss=0.3616
  batch 100/264  loss=0.3356
  batch 110/264  loss=0.4004
  batch 120/264  loss=0.3912
  batch 130/264  loss=0.3860
  batch 140/264  loss=0.4710
  batch 150/264  loss=0.3324
  batch 160/264  loss=0.5552
  batch 170/264  loss=0.3234
  batch 180/264  loss=0.3118
  batch 190/264  loss=0.5213
  batch 200/264  loss=0.3317
  batch 210/264  loss=0.3351
  batch 220/264  loss=0.4338
  batch 230/264  loss=0.2964
  batch 240/264  loss=0.3338
  batch 250/264  loss=0.3936
  batch 260/264  loss=0.6334
Epoch 199/300  train=4.025e-01  rmse=2.3349  lr=1.0e-04  232s
  batch 10/264  loss=0.4623
  batch 20/264  loss=0.4477
  batch 30/264  loss=0.3834
  batch 40/264  loss=0.5238
  batch 50/264  loss=0.3541
  batch 60/264  loss=0.6233
  batch 70/264  loss=0.4954
  batch 80/264  loss=0.3346
  batch 90/264  loss=0.4203
  batch 100/264  loss=0.3325
  batch 110/264  loss=0.3307
  batch 120/264  loss=0.6059
  batch 130/264  loss=0.4909
  batch 140/264  loss=0.3282
  batch 150/264  loss=0.4322
  batch 160/264  loss=0.4152
  batch 170/264  loss=0.4852
  batch 180/264  loss=0.3348
  batch 190/264  loss=0.3401
  batch 200/264  loss=0.6436
  batch 210/264  loss=0.6680
  batch 220/264  loss=0.4549
  batch 230/264  loss=0.4435
  batch 240/264  loss=0.3473
  batch 250/264  loss=0.3606
  batch 260/264  loss=0.3073
Epoch 200/300  train=4.023e-01  rmse=4.1969  lr=1.0e-04  232s
  -> best  monitor=4.023e-01
  batch 10/264  loss=0.3400
  batch 20/264  loss=0.3709
  batch 30/264  loss=0.3677
  batch 40/264  loss=0.4613
  batch 50/264  loss=0.4151
  batch 60/264  loss=0.3474
  batch 70/264  loss=0.3990
  batch 80/264  loss=0.4596
  batch 90/264  loss=0.4957
  batch 100/264  loss=0.4261
  batch 110/264  loss=0.3051
  batch 120/264  loss=0.3992
  batch 130/264  loss=0.3851
  batch 140/264  loss=0.4015
  batch 150/264  loss=0.3569
  batch 160/264  loss=0.4507
  batch 170/264  loss=0.5745
  batch 180/264  loss=0.5013
  batch 190/264  loss=0.3589
  batch 200/264  loss=0.5858
  batch 210/264  loss=0.3072
  batch 220/264  loss=0.4927
  batch 230/264  loss=0.2836
  batch 240/264  loss=0.4467
  batch 250/264  loss=0.3344
  batch 260/264  loss=0.3189
Epoch 201/300  train=4.062e-01  rmse=4.7582  lr=1.0e-04  233s
  batch 10/264  loss=0.3450
  batch 20/264  loss=0.4171
  batch 30/264  loss=0.4324
  batch 40/264  loss=0.3585
  batch 50/264  loss=0.5248
  batch 60/264  loss=0.3529
  batch 70/264  loss=0.4438
  batch 80/264  loss=0.6374
  batch 90/264  loss=0.2965
  batch 100/264  loss=0.5549
  batch 110/264  loss=0.2887
  batch 120/264  loss=0.3933
  batch 130/264  loss=0.2800
  batch 140/264  loss=0.5205
  batch 150/264  loss=0.4148
  batch 160/264  loss=0.4143
  batch 170/264  loss=0.5560
  batch 180/264  loss=0.4405
  batch 190/264  loss=0.3247
  batch 200/264  loss=0.3757
  batch 210/264  loss=0.3302
  batch 220/264  loss=0.4219
  batch 230/264  loss=0.4352
  batch 240/264  loss=0.2981
  batch 250/264  loss=0.5181
  batch 260/264  loss=0.4696
Epoch 202/300  train=4.021e-01  rmse=3.1308  lr=1.0e-04  233s
  -> best  monitor=4.021e-01
  batch 10/264  loss=0.4266
  batch 20/264  loss=0.5746
  batch 30/264  loss=0.3826
  batch 40/264  loss=0.3692
  batch 50/264  loss=0.3934
  batch 60/264  loss=0.3909
  batch 70/264  loss=0.4272
  batch 80/264  loss=0.5563
  batch 90/264  loss=0.3512
  batch 100/264  loss=0.3154
  batch 110/264  loss=0.2979
  batch 120/264  loss=0.4916
  batch 130/264  loss=0.3788
  batch 140/264  loss=0.3282
  batch 150/264  loss=0.3484
  batch 160/264  loss=0.3081
  batch 170/264  loss=0.3506
  batch 180/264  loss=0.4502
  batch 190/264  loss=0.5568
  batch 200/264  loss=0.2991
  batch 210/264  loss=0.3346
  batch 220/264  loss=0.4441
  batch 230/264  loss=0.5142
  batch 240/264  loss=0.3042
  batch 250/264  loss=0.4408
  batch 260/264  loss=0.3194
Epoch 203/300  train=4.030e-01  rmse=2.3242  lr=1.0e-04  232s
  batch 10/264  loss=0.3549
  batch 20/264  loss=0.3547
  batch 30/264  loss=0.3349
  batch 40/264  loss=0.3609
  batch 50/264  loss=0.4632
  batch 60/264  loss=0.3266
  batch 70/264  loss=0.3893
  batch 80/264  loss=0.3589
  batch 90/264  loss=0.2975
  batch 100/264  loss=0.5391
  batch 110/264  loss=0.3851
  batch 120/264  loss=0.4270
  batch 130/264  loss=0.5323
  batch 140/264  loss=0.5040
  batch 150/264  loss=0.5455
  batch 160/264  loss=0.4263
  batch 170/264  loss=0.3578
  batch 180/264  loss=0.3346
  batch 190/264  loss=0.5032
  batch 200/264  loss=0.3991
  batch 210/264  loss=0.3857
  batch 220/264  loss=0.4495
  batch 230/264  loss=0.3092
  batch 240/264  loss=0.3692
  batch 250/264  loss=0.3878
  batch 260/264  loss=0.3291
Epoch 204/300  train=4.045e-01  rmse=2.1973  lr=1.0e-04  232s
  batch 10/264  loss=0.4677
  batch 20/264  loss=0.3617
  batch 30/264  loss=0.4297
  batch 40/264  loss=0.4815
  batch 50/264  loss=0.4458
  batch 60/264  loss=0.3386
  batch 70/264  loss=0.5302
  batch 80/264  loss=0.3932
  batch 90/264  loss=0.3757
  batch 100/264  loss=0.4785
  batch 110/264  loss=0.3603
  batch 120/264  loss=0.3637
  batch 130/264  loss=0.3968
  batch 140/264  loss=0.4051
  batch 150/264  loss=0.4443
  batch 160/264  loss=0.3541
  batch 170/264  loss=0.3693
  batch 180/264  loss=0.5628
  batch 190/264  loss=0.2971
  batch 200/264  loss=0.3671
  batch 210/264  loss=0.4146
  batch 220/264  loss=0.3905
  batch 230/264  loss=0.5732
  batch 240/264  loss=0.3058
  batch 250/264  loss=0.4635
  batch 260/264  loss=0.5554
Epoch 205/300  train=4.006e-01  rmse=1.9371  lr=1.0e-04  231s
  -> best  monitor=4.006e-01
  batch 10/264  loss=0.3857
  batch 20/264  loss=0.3318
  batch 30/264  loss=0.3770
  batch 40/264  loss=0.3819
  batch 50/264  loss=0.2920
  batch 60/264  loss=0.5895
  batch 70/264  loss=0.2924
  batch 80/264  loss=0.3306
  batch 90/264  loss=0.3787
  batch 100/264  loss=0.3110
  batch 110/264  loss=0.4970
  batch 120/264  loss=0.5762
  batch 130/264  loss=0.4163
  batch 140/264  loss=0.5904
  batch 150/264  loss=0.4048
  batch 160/264  loss=0.3910
  batch 170/264  loss=0.5278
  batch 180/264  loss=0.3533
  batch 190/264  loss=0.3490
  batch 200/264  loss=0.3300
  batch 210/264  loss=0.3518
  batch 220/264  loss=0.4071
  batch 230/264  loss=0.3443
  batch 240/264  loss=0.3751
  batch 250/264  loss=0.3876
  batch 260/264  loss=0.4300
Epoch 206/300  train=4.011e-01  rmse=1.8787  lr=1.0e-04  232s
  batch 10/264  loss=0.3901
  batch 20/264  loss=0.4353
  batch 30/264  loss=0.3980
  batch 40/264  loss=0.3557
  batch 50/264  loss=0.3205
  batch 60/264  loss=0.4497
  batch 70/264  loss=0.6123
  batch 80/264  loss=0.3067
  batch 90/264  loss=0.3555
  batch 100/264  loss=0.5491
  batch 110/264  loss=0.5812
  batch 120/264  loss=0.3201
  batch 130/264  loss=0.3047
  batch 140/264  loss=0.3519
  batch 150/264  loss=0.3897
  batch 160/264  loss=0.3037
  batch 170/264  loss=0.5985
  batch 180/264  loss=0.3286
  batch 190/264  loss=0.4091
  batch 200/264  loss=0.3371
  batch 210/264  loss=0.3811
  batch 220/264  loss=0.3885
  batch 230/264  loss=0.4744
  batch 240/264  loss=0.4710
  batch 250/264  loss=0.4443
  batch 260/264  loss=0.3576
Epoch 207/300  train=4.005e-01  rmse=4.5254  lr=1.0e-04  232s
  -> best  monitor=4.005e-01
  batch 10/264  loss=0.3956
  batch 20/264  loss=0.3385
  batch 30/264  loss=0.4392
  batch 40/264  loss=0.5342
  batch 50/264  loss=0.3374
  batch 60/264  loss=0.2975
  batch 70/264  loss=0.4536
  batch 80/264  loss=0.3182
  batch 90/264  loss=0.4714
  batch 100/264  loss=0.4221
  batch 110/264  loss=0.3633
  batch 120/264  loss=0.3699
  batch 130/264  loss=0.2835
  batch 140/264  loss=0.3992
  batch 150/264  loss=0.4297
  batch 160/264  loss=0.5324
  batch 170/264  loss=0.4834
  batch 180/264  loss=0.6184
  batch 190/264  loss=0.3026
  batch 200/264  loss=0.4670
  batch 210/264  loss=0.3413
  batch 220/264  loss=0.3508
  batch 230/264  loss=0.3555
  batch 240/264  loss=0.4162
  batch 250/264  loss=0.4318
  batch 260/264  loss=0.3339
Epoch 208/300  train=4.035e-01  rmse=3.5437  lr=1.0e-04  232s
  batch 10/264  loss=0.3917
  batch 20/264  loss=0.5034
  batch 30/264  loss=0.3273
  batch 40/264  loss=0.5114
  batch 50/264  loss=0.3425
  batch 60/264  loss=0.3200
  batch 70/264  loss=0.3299
  batch 80/264  loss=0.4743
  batch 90/264  loss=0.3129
  batch 100/264  loss=0.3736
  batch 110/264  loss=0.3051
  batch 120/264  loss=0.3979
  batch 130/264  loss=0.3711
  batch 140/264  loss=0.3511
  batch 150/264  loss=0.4616
  batch 160/264  loss=0.2735
  batch 170/264  loss=0.3554
  batch 180/264  loss=0.3768
  batch 190/264  loss=0.4652
  batch 200/264  loss=0.3909
  batch 210/264  loss=0.4198
  batch 220/264  loss=0.3848
  batch 230/264  loss=0.3580
  batch 240/264  loss=0.5598
  batch 250/264  loss=0.3797
  batch 260/264  loss=0.3751
Epoch 209/300  train=3.970e-01  rmse=3.5564  lr=1.0e-04  232s
  -> best  monitor=3.970e-01
  batch 10/264  loss=0.4090
  batch 20/264  loss=0.3615
  batch 30/264  loss=0.3116
  batch 40/264  loss=0.3935
  batch 50/264  loss=0.4392
  batch 60/264  loss=0.3354
  batch 70/264  loss=0.4530
  batch 80/264  loss=0.3593
  batch 90/264  loss=0.4204
  batch 100/264  loss=0.4161
  batch 110/264  loss=0.3748
  batch 120/264  loss=0.3633
  batch 130/264  loss=0.4080
  batch 140/264  loss=0.4074
  batch 150/264  loss=0.3845
  batch 160/264  loss=0.5022
  batch 170/264  loss=0.4619
  batch 180/264  loss=0.4215
  batch 190/264  loss=0.5203
  batch 200/264  loss=0.5605
  batch 210/264  loss=0.4838
  batch 220/264  loss=0.3448
  batch 230/264  loss=0.3812
  batch 240/264  loss=0.3383
  batch 250/264  loss=0.3101
  batch 260/264  loss=0.2828
Epoch 210/300  train=4.011e-01  rmse=2.1727  lr=1.0e-04  232s
  batch 10/264  loss=0.3145
  batch 20/264  loss=0.6241
  batch 30/264  loss=0.3137
  batch 40/264  loss=0.3621
  batch 50/264  loss=0.4542
  batch 60/264  loss=0.4930
  batch 70/264  loss=0.3719
  batch 80/264  loss=0.4578
  batch 90/264  loss=0.5024
  batch 100/264  loss=0.5829
  batch 110/264  loss=0.3971
  batch 120/264  loss=0.3558
  batch 130/264  loss=0.3176
  batch 140/264  loss=0.3774
  batch 150/264  loss=0.3842
  batch 160/264  loss=0.6027
  batch 170/264  loss=0.3227
  batch 180/264  loss=0.3979
  batch 190/264  loss=0.3957
  batch 200/264  loss=0.3367
  batch 210/264  loss=0.2699
  batch 220/264  loss=0.3711
  batch 230/264  loss=0.3360
  batch 240/264  loss=0.4788
  batch 250/264  loss=0.3766
  batch 260/264  loss=0.3889
Epoch 211/300  train=4.005e-01  rmse=2.3419  lr=1.0e-04  232s
  batch 10/264  loss=0.6011
  batch 20/264  loss=0.4265
  batch 30/264  loss=0.3261
  batch 40/264  loss=0.3660
  batch 50/264  loss=0.3396
  batch 60/264  loss=0.2941
  batch 70/264  loss=0.3161
  batch 80/264  loss=0.3737
  batch 90/264  loss=0.3268
  batch 100/264  loss=0.5283
  batch 110/264  loss=0.3329
  batch 120/264  loss=0.4200
  batch 130/264  loss=0.3260
  batch 140/264  loss=0.3574
  batch 150/264  loss=0.3467
  batch 160/264  loss=0.4539
  batch 170/264  loss=0.4178
  batch 180/264  loss=0.3167
  batch 190/264  loss=0.4165
  batch 200/264  loss=0.3044
  batch 210/264  loss=0.5771
  batch 220/264  loss=0.4114
  batch 230/264  loss=0.3538
  batch 240/264  loss=0.3150
  batch 250/264  loss=0.4790
  batch 260/264  loss=0.4869
Epoch 212/300  train=3.967e-01  rmse=2.2457  lr=1.0e-04  232s
  -> best  monitor=3.967e-01
  batch 10/264  loss=0.3647
  batch 20/264  loss=0.3890
  batch 30/264  loss=0.2701
  batch 40/264  loss=0.3623
  batch 50/264  loss=0.3651
  batch 60/264  loss=0.3487
  batch 70/264  loss=0.3261
  batch 80/264  loss=0.3899
  batch 90/264  loss=0.3775
  batch 100/264  loss=0.3715
  batch 110/264  loss=0.4102
  batch 120/264  loss=0.3007
  batch 130/264  loss=0.3493
  batch 140/264  loss=0.3562
  batch 150/264  loss=0.3106
  batch 160/264  loss=0.3150
  batch 170/264  loss=0.3427
  batch 180/264  loss=0.3492
  batch 190/264  loss=0.3660
  batch 200/264  loss=0.3620
  batch 210/264  loss=0.3971
  batch 220/264  loss=0.3128
  batch 230/264  loss=0.3124
  batch 240/264  loss=0.5271
  batch 250/264  loss=0.5673
  batch 260/264  loss=0.3258
Epoch 213/300  train=3.917e-01  rmse=6.3968  lr=1.0e-04  232s
  -> best  monitor=3.917e-01
  batch 10/264  loss=0.4648
  batch 20/264  loss=0.3431
  batch 30/264  loss=0.2850
  batch 40/264  loss=0.3825
  batch 50/264  loss=0.2929
  batch 60/264  loss=0.3728
  batch 70/264  loss=0.5501
  batch 80/264  loss=0.7874
  batch 90/264  loss=0.3955
  batch 100/264  loss=0.3519
  batch 110/264  loss=0.4105
  batch 120/264  loss=0.3354
  batch 130/264  loss=0.4277
  batch 140/264  loss=0.3030
  batch 150/264  loss=0.5464
  batch 160/264  loss=0.3366
  batch 170/264  loss=0.4392
  batch 180/264  loss=0.4017
  batch 190/264  loss=0.4101
  batch 200/264  loss=0.3687
  batch 210/264  loss=0.3407
  batch 220/264  loss=0.3924
  batch 230/264  loss=0.3185
  batch 240/264  loss=0.2968
  batch 250/264  loss=0.4446
  batch 260/264  loss=0.3051
Epoch 214/300  train=3.996e-01  rmse=3.8007  lr=1.0e-04  233s
  batch 10/264  loss=0.3449
  batch 20/264  loss=0.3840
  batch 30/264  loss=0.4434
  batch 40/264  loss=0.3918
  batch 50/264  loss=0.4748
  batch 60/264  loss=0.3321
  batch 70/264  loss=0.4462
  batch 80/264  loss=0.3785
  batch 90/264  loss=0.4476
  batch 100/264  loss=0.4839
  batch 110/264  loss=0.3342
  batch 120/264  loss=0.3421
  batch 130/264  loss=0.3894
  batch 140/264  loss=0.3477
  batch 150/264  loss=0.3366
  batch 160/264  loss=0.5354
  batch 170/264  loss=0.4157
  batch 180/264  loss=0.5214
  batch 190/264  loss=0.2841
  batch 200/264  loss=0.4285
  batch 210/264  loss=0.3393
  batch 220/264  loss=0.3178
  batch 230/264  loss=0.3077
  batch 240/264  loss=0.3373
  batch 250/264  loss=0.4078
  batch 260/264  loss=0.2667
Epoch 215/300  train=3.987e-01  rmse=1.8714  lr=1.0e-04  233s
  batch 10/264  loss=0.3566
  batch 20/264  loss=0.5250
  batch 30/264  loss=0.4262
  batch 40/264  loss=0.3697
  batch 50/264  loss=0.3538
  batch 60/264  loss=0.3545
  batch 70/264  loss=0.3502
  batch 80/264  loss=0.4423
  batch 90/264  loss=0.3325
  batch 100/264  loss=0.3640
  batch 110/264  loss=0.4074
  batch 120/264  loss=0.3624
  batch 130/264  loss=0.5522
  batch 140/264  loss=0.3732
  batch 150/264  loss=0.3209
  batch 160/264  loss=0.4575
  batch 170/264  loss=0.4201
  batch 180/264  loss=0.4357
  batch 190/264  loss=0.3318
  batch 200/264  loss=0.4104
  batch 210/264  loss=0.4064
  batch 220/264  loss=0.4586
  batch 230/264  loss=0.3348
  batch 240/264  loss=0.5276
  batch 250/264  loss=0.3751
  batch 260/264  loss=0.5438
Epoch 216/300  train=3.955e-01  rmse=27.8246  lr=1.0e-04  233s
  batch 10/264  loss=0.3609
  batch 20/264  loss=0.4625
  batch 30/264  loss=0.4092
  batch 40/264  loss=0.3905
  batch 50/264  loss=0.4365
  batch 60/264  loss=0.4177
  batch 70/264  loss=0.3673
  batch 80/264  loss=0.3466
  batch 90/264  loss=0.3468
  batch 100/264  loss=0.4411
  batch 110/264  loss=0.3315
  batch 120/264  loss=0.4050
  batch 130/264  loss=0.3609
  batch 140/264  loss=0.4397
  batch 150/264  loss=0.2974
  batch 160/264  loss=0.3038
  batch 170/264  loss=0.3046
  batch 180/264  loss=0.4932
  batch 190/264  loss=0.2960
  batch 200/264  loss=0.4031
  batch 210/264  loss=0.5292
  batch 220/264  loss=0.3046
  batch 230/264  loss=0.2846
  batch 240/264  loss=0.3603
  batch 250/264  loss=0.3473
  batch 260/264  loss=0.3072
Epoch 217/300  train=3.973e-01  rmse=4.4277  lr=1.0e-04  234s
  batch 10/264  loss=0.3715
  batch 20/264  loss=0.3598
  batch 30/264  loss=0.3073
  batch 40/264  loss=0.5532
  batch 50/264  loss=0.2874
  batch 60/264  loss=0.3568
  batch 70/264  loss=0.5348
  batch 80/264  loss=0.4804
  batch 90/264  loss=0.3284
  batch 100/264  loss=0.2948
  batch 110/264  loss=0.3790
  batch 120/264  loss=0.3857
  batch 130/264  loss=0.3940
  batch 140/264  loss=0.3425
  batch 150/264  loss=0.3502
  batch 160/264  loss=0.3779
  batch 170/264  loss=0.3032
  batch 180/264  loss=0.4799
  batch 190/264  loss=0.3451
  batch 200/264  loss=0.3917
  batch 210/264  loss=0.5785
  batch 220/264  loss=0.3167
  batch 230/264  loss=0.3076
  batch 240/264  loss=0.3759
  batch 250/264  loss=0.3062
  batch 260/264  loss=0.4641
Epoch 218/300  train=3.995e-01  rmse=2.1113  lr=1.0e-04  233s
  batch 10/264  loss=0.3455
  batch 20/264  loss=0.4345
  batch 30/264  loss=0.3536
  batch 40/264  loss=0.7726
  batch 50/264  loss=0.3166
  batch 60/264  loss=0.4075
  batch 70/264  loss=0.4974
  batch 80/264  loss=0.3926
  batch 90/264  loss=0.4323
  batch 100/264  loss=0.5065
  batch 110/264  loss=0.3813
  batch 120/264  loss=0.2851
  batch 130/264  loss=0.4041
  batch 140/264  loss=0.3128
  batch 150/264  loss=0.2970
  batch 160/264  loss=0.3738
  batch 170/264  loss=0.4696
  batch 180/264  loss=0.4382
  batch 190/264  loss=0.3109
  batch 200/264  loss=0.3760
  batch 210/264  loss=0.4312
  batch 220/264  loss=0.4879
  batch 230/264  loss=0.3561
  batch 240/264  loss=0.3887
  batch 250/264  loss=0.3347
  batch 260/264  loss=0.5268
Epoch 219/300  train=4.004e-01  rmse=7.8640  lr=1.0e-04  232s
  batch 10/264  loss=0.3433
  batch 20/264  loss=0.5890
  batch 30/264  loss=0.3459
  batch 40/264  loss=0.5614
  batch 50/264  loss=0.4313
  batch 60/264  loss=0.3697
  batch 70/264  loss=0.3722
  batch 80/264  loss=0.3010
  batch 90/264  loss=0.3452
  batch 100/264  loss=0.4156
  batch 110/264  loss=0.3674
  batch 120/264  loss=0.3528
  batch 130/264  loss=0.3965
  batch 140/264  loss=0.2870
  batch 150/264  loss=0.2931
  batch 160/264  loss=0.5321
  batch 170/264  loss=0.4478
  batch 180/264  loss=0.3456
  batch 190/264  loss=0.3383
  batch 200/264  loss=0.4025
  batch 210/264  loss=0.3600
  batch 220/264  loss=0.3885
  batch 230/264  loss=0.3446
  batch 240/264  loss=0.3715
  batch 250/264  loss=0.3590
  batch 260/264  loss=0.5293
Epoch 220/300  train=3.990e-01  rmse=3.4621  lr=1.0e-04  234s
  batch 10/264  loss=0.4578
  batch 20/264  loss=0.2861
  batch 30/264  loss=0.4372
  batch 40/264  loss=0.4216
  batch 50/264  loss=0.4154
  batch 60/264  loss=0.3681
  batch 70/264  loss=0.3861
  batch 80/264  loss=0.4356
  batch 90/264  loss=0.3033
  batch 100/264  loss=0.3647
  batch 110/264  loss=0.3149
  batch 120/264  loss=0.4086
  batch 130/264  loss=0.3687
  batch 140/264  loss=0.4907
  batch 150/264  loss=0.4069
  batch 160/264  loss=0.4019
  batch 170/264  loss=0.3868
  batch 180/264  loss=0.3290
  batch 190/264  loss=0.3408
  batch 200/264  loss=0.3203
  batch 210/264  loss=0.3344
  batch 220/264  loss=0.2961
  batch 230/264  loss=0.3814
  batch 240/264  loss=0.3844
  batch 250/264  loss=0.3934
  batch 260/264  loss=0.3044
Epoch 221/300  train=3.924e-01  rmse=1.9729  lr=1.0e-04  233s
  batch 10/264  loss=0.4445
  batch 20/264  loss=0.2969
  batch 30/264  loss=0.3272
  batch 40/264  loss=0.3613
  batch 50/264  loss=0.6053
  batch 60/264  loss=0.3859
  batch 70/264  loss=0.3239
  batch 80/264  loss=0.3186
  batch 90/264  loss=0.3839
  batch 100/264  loss=0.4388
  batch 110/264  loss=0.3365
  batch 120/264  loss=0.3239
  batch 130/264  loss=0.3624
  batch 140/264  loss=0.3248
  batch 150/264  loss=0.4812
  batch 160/264  loss=0.3077
  batch 170/264  loss=0.3176
  batch 180/264  loss=0.3506
  batch 190/264  loss=0.3762
  batch 200/264  loss=0.3027
  batch 210/264  loss=0.3356
  batch 220/264  loss=0.5786
  batch 230/264  loss=0.4231
  batch 240/264  loss=0.3203
  batch 250/264  loss=0.5900
  batch 260/264  loss=0.4127
Epoch 222/300  train=3.989e-01  rmse=1.9030  lr=1.0e-04  233s
  batch 10/264  loss=0.5234
  batch 20/264  loss=0.3164
  batch 30/264  loss=0.3429
  batch 40/264  loss=0.4041
  batch 50/264  loss=0.4413
  batch 60/264  loss=0.3703
  batch 70/264  loss=0.3851
  batch 80/264  loss=0.4008
  batch 90/264  loss=0.2954
  batch 100/264  loss=0.3781
  batch 110/264  loss=0.3581
  batch 120/264  loss=0.4449
  batch 130/264  loss=0.3684
  batch 140/264  loss=0.4098
  batch 150/264  loss=0.3836
  batch 160/264  loss=0.3195
  batch 170/264  loss=0.3058
  batch 180/264  loss=0.4545
  batch 190/264  loss=0.3834
  batch 200/264  loss=0.4450
  batch 210/264  loss=0.3781
  batch 220/264  loss=0.3521
  batch 230/264  loss=0.3987
  batch 240/264  loss=0.4113
  batch 250/264  loss=0.5022
  batch 260/264  loss=0.5612
Epoch 223/300  train=3.927e-01  rmse=6.8033  lr=1.0e-04  232s
  batch 10/264  loss=0.4066
  batch 20/264  loss=0.4249
  batch 30/264  loss=0.4455
  batch 40/264  loss=0.3601
  batch 50/264  loss=0.3988
  batch 60/264  loss=0.3182
  batch 70/264  loss=0.2887
  batch 80/264  loss=0.5817
  batch 90/264  loss=0.3178
  batch 100/264  loss=0.3292
  batch 110/264  loss=0.4535
  batch 120/264  loss=0.3798
  batch 130/264  loss=0.3217
  batch 140/264  loss=0.3927
  batch 150/264  loss=0.5387
  batch 160/264  loss=0.4045
  batch 170/264  loss=0.3714
  batch 180/264  loss=0.4161
  batch 190/264  loss=0.5769
  batch 200/264  loss=0.5447
  batch 210/264  loss=0.5127
  batch 220/264  loss=0.3552
  batch 230/264  loss=0.3808
  batch 240/264  loss=0.4092
  batch 250/264  loss=0.3369
  batch 260/264  loss=0.3538
Epoch 224/300  train=3.952e-01  rmse=2.0166  lr=5.0e-05  233s
  batch 10/264  loss=0.2929
  batch 20/264  loss=0.3463
  batch 30/264  loss=0.5679
  batch 40/264  loss=0.2678
  batch 50/264  loss=0.4176
  batch 60/264  loss=0.3994
  batch 70/264  loss=0.3136
  batch 80/264  loss=0.3859
  batch 90/264  loss=0.3346
  batch 100/264  loss=0.3509
  batch 110/264  loss=0.8991
  batch 120/264  loss=0.3173
  batch 130/264  loss=0.3164
  batch 140/264  loss=0.3026
  batch 150/264  loss=0.4636
  batch 160/264  loss=0.3079
  batch 170/264  loss=0.4152
  batch 180/264  loss=0.3348
  batch 190/264  loss=0.3936
  batch 200/264  loss=0.4049
  batch 210/264  loss=0.3812
  batch 220/264  loss=0.3557
  batch 230/264  loss=0.3570
  batch 240/264  loss=0.5116
  batch 250/264  loss=0.3192
  batch 260/264  loss=0.5697
Epoch 225/300  train=3.817e-01  rmse=3.2541  lr=5.0e-05  233s
  -> best  monitor=3.817e-01
  batch 10/264  loss=0.3297
  batch 20/264  loss=0.3522
  batch 30/264  loss=0.4636
  batch 40/264  loss=0.3543
  batch 50/264  loss=0.3238
  batch 60/264  loss=0.3744
  batch 70/264  loss=0.3356
  batch 80/264  loss=0.4178
  batch 90/264  loss=0.3223
  batch 100/264  loss=0.2978
  batch 110/264  loss=0.4276
  batch 120/264  loss=0.3843
  batch 130/264  loss=0.6130
  batch 140/264  loss=0.4972
  batch 150/264  loss=0.3177
  batch 160/264  loss=0.5311
  batch 170/264  loss=0.4406
  batch 180/264  loss=0.4365
  batch 190/264  loss=0.3918
  batch 200/264  loss=0.3312
  batch 210/264  loss=0.4747
  batch 220/264  loss=0.3231
  batch 230/264  loss=0.3806
  batch 240/264  loss=0.2953
  batch 250/264  loss=0.4564
  batch 260/264  loss=0.3240
Epoch 226/300  train=3.768e-01  rmse=3.3797  lr=5.0e-05  232s
  -> best  monitor=3.768e-01
  batch 10/264  loss=0.3421
  batch 20/264  loss=0.5415
  batch 30/264  loss=0.4700
  batch 40/264  loss=0.4090
  batch 50/264  loss=0.3841
  batch 60/264  loss=0.2986
  batch 70/264  loss=0.3772
  batch 80/264  loss=0.3403
  batch 90/264  loss=0.4428
  batch 100/264  loss=0.3099
  batch 110/264  loss=0.4107
  batch 120/264  loss=0.3118
  batch 130/264  loss=0.2833
  batch 140/264  loss=0.6332
  batch 150/264  loss=0.4661
  batch 160/264  loss=0.2631
  batch 170/264  loss=0.3043
  batch 180/264  loss=0.4214
  batch 190/264  loss=0.3205
  batch 200/264  loss=0.3480
  batch 210/264  loss=0.3761
  batch 220/264  loss=0.3449
  batch 230/264  loss=0.3349
  batch 240/264  loss=0.3796
  batch 250/264  loss=0.3555
  batch 260/264  loss=0.5131
Epoch 227/300  train=3.764e-01  rmse=4.0023  lr=5.0e-05  232s
  -> best  monitor=3.764e-01
  batch 10/264  loss=0.2917
  batch 20/264  loss=0.3438
  batch 30/264  loss=0.4991
  batch 40/264  loss=0.3288
  batch 50/264  loss=0.3302
  batch 60/264  loss=0.5027
  batch 70/264  loss=0.3292
  batch 80/264  loss=0.4029
  batch 90/264  loss=0.4332
  batch 100/264  loss=0.3098
  batch 110/264  loss=0.3997
  batch 120/264  loss=0.2856
  batch 130/264  loss=0.3530
  batch 140/264  loss=0.4330
  batch 150/264  loss=0.3029
  batch 160/264  loss=0.4816
  batch 170/264  loss=0.4115
  batch 180/264  loss=0.2925
  batch 190/264  loss=0.4045
  batch 200/264  loss=0.4609
  batch 210/264  loss=0.3683
  batch 220/264  loss=0.4210
  batch 230/264  loss=0.3044
  batch 240/264  loss=0.3133
  batch 250/264  loss=0.2491
  batch 260/264  loss=0.7239
Epoch 228/300  train=3.770e-01  rmse=2.5266  lr=5.0e-05  231s
  batch 10/264  loss=0.3591
  batch 20/264  loss=0.4215
  batch 30/264  loss=0.3495
  batch 40/264  loss=0.3983
  batch 50/264  loss=0.3318
  batch 60/264  loss=0.4017
  batch 70/264  loss=0.3918
  batch 80/264  loss=0.3796
  batch 90/264  loss=0.4032
  batch 100/264  loss=0.3106
  batch 110/264  loss=0.4518
  batch 120/264  loss=0.2871
  batch 130/264  loss=0.3952
  batch 140/264  loss=0.3707
  batch 150/264  loss=0.3155
  batch 160/264  loss=0.3351
  batch 170/264  loss=0.5496
  batch 180/264  loss=0.4535
  batch 190/264  loss=0.3528
  batch 200/264  loss=0.3907
  batch 210/264  loss=0.4280
  batch 220/264  loss=0.4384
  batch 230/264  loss=0.3860
  batch 240/264  loss=0.4760
  batch 250/264  loss=0.3521
  batch 260/264  loss=0.4506
Epoch 229/300  train=3.796e-01  rmse=3.8101  lr=5.0e-05  232s
  batch 10/264  loss=0.3154
  batch 20/264  loss=0.3839
  batch 30/264  loss=0.4187
  batch 40/264  loss=0.3646
  batch 50/264  loss=0.2529
  batch 60/264  loss=0.3028
  batch 70/264  loss=0.5288
  batch 80/264  loss=0.2869
  batch 90/264  loss=0.3535
  batch 100/264  loss=0.3328
  batch 110/264  loss=0.4054
  batch 120/264  loss=0.2895
  batch 130/264  loss=0.3074
  batch 140/264  loss=0.4371
  batch 150/264  loss=0.4052
  batch 160/264  loss=0.5066
  batch 170/264  loss=0.4302
  batch 180/264  loss=0.3333
  batch 190/264  loss=0.3740
  batch 200/264  loss=0.4104
  batch 210/264  loss=0.4368
  batch 220/264  loss=0.4447
  batch 230/264  loss=0.2994
  batch 240/264  loss=0.4818
  batch 250/264  loss=0.3002
  batch 260/264  loss=0.3679
Epoch 230/300  train=3.754e-01  rmse=2.3489  lr=5.0e-05  231s
  -> best  monitor=3.754e-01
  batch 10/264  loss=0.3320
  batch 20/264  loss=0.4431
  batch 30/264  loss=0.4163
  batch 40/264  loss=0.3440
  batch 50/264  loss=0.3415
  batch 60/264  loss=0.2939
  batch 70/264  loss=0.3514
  batch 80/264  loss=0.3307
  batch 90/264  loss=0.3106
  batch 100/264  loss=0.3153
  batch 110/264  loss=0.6579
  batch 120/264  loss=0.3375
  batch 130/264  loss=0.3843
  batch 140/264  loss=0.2639
  batch 150/264  loss=0.3061
  batch 160/264  loss=0.7355
  batch 170/264  loss=0.4139
  batch 180/264  loss=0.3167
  batch 190/264  loss=0.3945
  batch 200/264  loss=0.4144
  batch 210/264  loss=0.3022
  batch 220/264  loss=0.3609
  batch 230/264  loss=0.5328
  batch 240/264  loss=0.3380
  batch 250/264  loss=0.3136
  batch 260/264  loss=0.2932
Epoch 231/300  train=3.710e-01  rmse=2.1815  lr=5.0e-05  232s
  -> best  monitor=3.710e-01
  batch 10/264  loss=0.2980
  batch 20/264  loss=0.4001
  batch 30/264  loss=0.3600
  batch 40/264  loss=0.3063
  batch 50/264  loss=0.2850
  batch 60/264  loss=0.4007
  batch 70/264  loss=0.3432
  batch 80/264  loss=0.4191
  batch 90/264  loss=0.2712
  batch 100/264  loss=0.4610
  batch 110/264  loss=0.2911
  batch 120/264  loss=0.4249
  batch 130/264  loss=0.4113
  batch 140/264  loss=0.2585
  batch 150/264  loss=0.3534
  batch 160/264  loss=0.2984
  batch 170/264  loss=0.3846
  batch 180/264  loss=0.6204
  batch 190/264  loss=0.5236
  batch 200/264  loss=0.4650
  batch 210/264  loss=0.3275
  batch 220/264  loss=0.3489
  batch 230/264  loss=0.4874
  batch 240/264  loss=0.3671
  batch 250/264  loss=0.4291
  batch 260/264  loss=0.3691
Epoch 232/300  train=3.740e-01  rmse=2.4815  lr=5.0e-05  232s
  batch 10/264  loss=0.2967
  batch 20/264  loss=0.4240
  batch 30/264  loss=0.3207
  batch 40/264  loss=0.4005
  batch 50/264  loss=0.3973
  batch 60/264  loss=0.3291
  batch 70/264  loss=0.3799
  batch 80/264  loss=0.2674
  batch 90/264  loss=0.2825
  batch 100/264  loss=0.2957
  batch 110/264  loss=0.2629
  batch 120/264  loss=0.3422
  batch 130/264  loss=0.7157
  batch 140/264  loss=0.3250
  batch 150/264  loss=0.3287
  batch 160/264  loss=0.4571
  batch 170/264  loss=0.5426
  batch 180/264  loss=0.3754
  batch 190/264  loss=0.4501
  batch 200/264  loss=0.5239
  batch 210/264  loss=0.3239
  batch 220/264  loss=0.3795
  batch 230/264  loss=0.3968
  batch 240/264  loss=0.4390
  batch 250/264  loss=0.5325
  batch 260/264  loss=0.4929
Epoch 233/300  train=3.769e-01  rmse=4.9752  lr=5.0e-05  233s
  batch 10/264  loss=0.3917
  batch 20/264  loss=0.2957
  batch 30/264  loss=0.3336
  batch 40/264  loss=0.2974
  batch 50/264  loss=0.3272
  batch 60/264  loss=0.4498
  batch 70/264  loss=0.4331
  batch 80/264  loss=0.3677
  batch 90/264  loss=0.4324
  batch 100/264  loss=0.3127
  batch 110/264  loss=0.3439
  batch 120/264  loss=0.2702
  batch 130/264  loss=0.3920
  batch 140/264  loss=0.3015
  batch 150/264  loss=0.3256
  batch 160/264  loss=0.5017
  batch 170/264  loss=0.3586
  batch 180/264  loss=0.4619
  batch 190/264  loss=0.3641
  batch 200/264  loss=0.3549
  batch 210/264  loss=0.3394
  batch 220/264  loss=0.3698
  batch 230/264  loss=0.2959
  batch 240/264  loss=0.4218
  batch 250/264  loss=0.2511
  batch 260/264  loss=0.3136
Epoch 234/300  train=3.770e-01  rmse=2.0944  lr=5.0e-05  231s
  batch 10/264  loss=0.3144
  batch 20/264  loss=0.3709
  batch 30/264  loss=0.3467
  batch 40/264  loss=0.4386
  batch 50/264  loss=0.3353
  batch 60/264  loss=0.3083
  batch 70/264  loss=0.4337
  batch 80/264  loss=0.2880
  batch 90/264  loss=0.5542
  batch 100/264  loss=0.3441
  batch 110/264  loss=0.3290
  batch 120/264  loss=0.4355
  batch 130/264  loss=0.3602
  batch 140/264  loss=0.4370
  batch 150/264  loss=0.4086
  batch 160/264  loss=0.4085
  batch 170/264  loss=0.4519
  batch 180/264  loss=0.3785
  batch 190/264  loss=0.3614
  batch 200/264  loss=0.2814
  batch 210/264  loss=0.5743
  batch 220/264  loss=0.3570
  batch 230/264  loss=0.3055
  batch 240/264  loss=0.4326
  batch 250/264  loss=0.3518
  batch 260/264  loss=0.3104
Epoch 235/300  train=3.764e-01  rmse=1.8564  lr=5.0e-05  232s
  batch 10/264  loss=0.2849
  batch 20/264  loss=0.2882
  batch 30/264  loss=0.4201
  batch 40/264  loss=0.3166
  batch 50/264  loss=0.4148
  batch 60/264  loss=0.3482
  batch 70/264  loss=0.3183
  batch 80/264  loss=0.4844
  batch 90/264  loss=0.3255
  batch 100/264  loss=0.3446
  batch 110/264  loss=0.3497
  batch 120/264  loss=0.4512
  batch 130/264  loss=0.4425
  batch 140/264  loss=0.3103
  batch 150/264  loss=0.4103
  batch 160/264  loss=0.4196
  batch 170/264  loss=0.3176
  batch 180/264  loss=0.3726
  batch 190/264  loss=0.5821
  batch 200/264  loss=0.4521
  batch 210/264  loss=0.3736
  batch 220/264  loss=0.3466
  batch 230/264  loss=0.3033
  batch 240/264  loss=0.4636
  batch 250/264  loss=0.4212
  batch 260/264  loss=0.3180
Epoch 236/300  train=3.720e-01  rmse=2.0267  lr=5.0e-05  232s
  batch 10/264  loss=0.5435
  batch 20/264  loss=0.4295
  batch 30/264  loss=0.2997
  batch 40/264  loss=0.4054
  batch 50/264  loss=0.3773
  batch 60/264  loss=0.3307
  batch 70/264  loss=0.5502
  batch 80/264  loss=0.4056
  batch 90/264  loss=0.4099
  batch 100/264  loss=0.3709
  batch 110/264  loss=0.2898
  batch 120/264  loss=0.3132
  batch 130/264  loss=0.3545
  batch 140/264  loss=0.3250
  batch 150/264  loss=0.4313
  batch 160/264  loss=0.3359
  batch 170/264  loss=0.3988
  batch 180/264  loss=0.3665
  batch 190/264  loss=0.3454
  batch 200/264  loss=0.3432
  batch 210/264  loss=0.3110
  batch 220/264  loss=0.4446
  batch 230/264  loss=0.3543
  batch 240/264  loss=0.3747
  batch 250/264  loss=0.2684
  batch 260/264  loss=0.2985
Epoch 237/300  train=3.739e-01  rmse=25.8094  lr=5.0e-05  232s
  batch 10/264  loss=0.3824
  batch 20/264  loss=0.2836
  batch 30/264  loss=0.3562
  batch 40/264  loss=0.4523
  batch 50/264  loss=0.3088
  batch 60/264  loss=0.3325
  batch 70/264  loss=0.3559
  batch 80/264  loss=0.5474
  batch 90/264  loss=0.3124
  batch 100/264  loss=0.4398
  batch 110/264  loss=0.5144
  batch 120/264  loss=0.3760
  batch 130/264  loss=0.3336
  batch 140/264  loss=0.3318
  batch 150/264  loss=0.3612
  batch 160/264  loss=0.3835
  batch 170/264  loss=0.3345
  batch 180/264  loss=0.2842
  batch 190/264  loss=0.3280
  batch 200/264  loss=0.3158
  batch 210/264  loss=0.3467
  batch 220/264  loss=0.3342
  batch 230/264  loss=0.3673
  batch 240/264  loss=0.3310
  batch 250/264  loss=0.2656
  batch 260/264  loss=0.3306
Epoch 238/300  train=3.746e-01  rmse=1.8924  lr=5.0e-05  231s
  batch 10/264  loss=0.3387
  batch 20/264  loss=0.3902
  batch 30/264  loss=0.4048
  batch 40/264  loss=0.3252
  batch 50/264  loss=0.3794
  batch 60/264  loss=0.4283
  batch 70/264  loss=0.2899
  batch 80/264  loss=0.3248
  batch 90/264  loss=0.3432
  batch 100/264  loss=0.3099
  batch 110/264  loss=0.4036
  batch 120/264  loss=0.3161
  batch 130/264  loss=0.5159
  batch 140/264  loss=0.3836
  batch 150/264  loss=0.3753
  batch 160/264  loss=0.3219
  batch 170/264  loss=0.3218
  batch 180/264  loss=0.3108
  batch 190/264  loss=0.3410
  batch 200/264  loss=0.3223
  batch 210/264  loss=0.4102
  batch 220/264  loss=0.3448
  batch 230/264  loss=0.5427
  batch 240/264  loss=0.3153
  batch 250/264  loss=0.6950
  batch 260/264  loss=0.4529
Epoch 239/300  train=3.734e-01  rmse=2.2073  lr=5.0e-05  232s
  batch 10/264  loss=0.3320
  batch 20/264  loss=0.3088
  batch 30/264  loss=0.3659
  batch 40/264  loss=0.4237
  batch 50/264  loss=0.2856
  batch 60/264  loss=0.3552
  batch 70/264  loss=0.4042
  batch 80/264  loss=0.4926
  batch 90/264  loss=0.3254
  batch 100/264  loss=0.3671
  batch 110/264  loss=0.3860
  batch 120/264  loss=0.2958
  batch 130/264  loss=0.3454
  batch 140/264  loss=0.3611
  batch 150/264  loss=0.3180
  batch 160/264  loss=0.4922
  batch 170/264  loss=0.3985
  batch 180/264  loss=0.3552
  batch 190/264  loss=0.3702
  batch 200/264  loss=0.4430
  batch 210/264  loss=0.3482
  batch 220/264  loss=0.3343
  batch 230/264  loss=0.3490
  batch 240/264  loss=0.3739
  batch 250/264  loss=0.3255
  batch 260/264  loss=0.5294
Epoch 240/300  train=3.723e-01  rmse=4.6420  lr=5.0e-05  232s
  batch 10/264  loss=0.3310
  batch 20/264  loss=0.3260
  batch 30/264  loss=0.3989
  batch 40/264  loss=0.4674
  batch 50/264  loss=0.3271
  batch 60/264  loss=0.3520
  batch 70/264  loss=0.2743
  batch 80/264  loss=0.3071
  batch 90/264  loss=0.3036
  batch 100/264  loss=0.3039
  batch 110/264  loss=0.3119
  batch 120/264  loss=0.4515
  batch 130/264  loss=0.4243
  batch 140/264  loss=0.3653
  batch 150/264  loss=0.4180
  batch 160/264  loss=0.3347
  batch 170/264  loss=0.3551
  batch 180/264  loss=0.5231
  batch 190/264  loss=0.2907
  batch 200/264  loss=0.3446
  batch 210/264  loss=0.3115
  batch 220/264  loss=0.4692
  batch 230/264  loss=0.4027
  batch 240/264  loss=0.3006
  batch 250/264  loss=0.3923
  batch 260/264  loss=0.4055
Epoch 241/300  train=3.732e-01  rmse=2.6274  lr=5.0e-05  232s
  batch 10/264  loss=0.3211
  batch 20/264  loss=0.2921
  batch 30/264  loss=0.3967
  batch 40/264  loss=0.4294
  batch 50/264  loss=0.2958
  batch 60/264  loss=0.3068
  batch 70/264  loss=0.3859
  batch 80/264  loss=0.4495
  batch 90/264  loss=0.3552
  batch 100/264  loss=0.3289
  batch 110/264  loss=0.2916
  batch 120/264  loss=0.3352
  batch 130/264  loss=0.3067
  batch 140/264  loss=0.3248
  batch 150/264  loss=0.4909
  batch 160/264  loss=0.3933
  batch 170/264  loss=0.4845
  batch 180/264  loss=0.3907
  batch 190/264  loss=0.3781
  batch 200/264  loss=0.2615
  batch 210/264  loss=0.3112
  batch 220/264  loss=0.2937
  batch 230/264  loss=0.4388
  batch 240/264  loss=0.3565
  batch 250/264  loss=0.3552
  batch 260/264  loss=0.3020
Epoch 242/300  train=3.788e-01  rmse=2.4924  lr=2.5e-05  233s
  batch 10/264  loss=0.3004
  batch 20/264  loss=0.3759
  batch 30/264  loss=0.2924
  batch 40/264  loss=0.2640
  batch 50/264  loss=0.3836
  batch 60/264  loss=0.3057
  batch 70/264  loss=0.3536
  batch 80/264  loss=0.6312
  batch 90/264  loss=0.2832
  batch 100/264  loss=0.6343
  batch 110/264  loss=0.6418
  batch 120/264  loss=0.4436
  batch 130/264  loss=0.3686
  batch 140/264  loss=0.2876
  batch 150/264  loss=0.3847
  batch 160/264  loss=0.3750
  batch 170/264  loss=0.2943
  batch 180/264  loss=0.5132
  batch 190/264  loss=0.4102
  batch 200/264  loss=0.3862
  batch 210/264  loss=0.2834
  batch 220/264  loss=0.3389
  batch 230/264  loss=0.3935
  batch 240/264  loss=0.3869
  batch 250/264  loss=0.3687
  batch 260/264  loss=0.3788
Epoch 243/300  train=3.724e-01  rmse=2.8609  lr=2.5e-05  233s
  batch 10/264  loss=0.3219
  batch 20/264  loss=0.4045
  batch 30/264  loss=0.4362
  batch 40/264  loss=0.3435
  batch 50/264  loss=0.3364
  batch 60/264  loss=0.6763
  batch 70/264  loss=0.3786
  batch 80/264  loss=0.3446
  batch 90/264  loss=0.2842
  batch 100/264  loss=0.3711
  batch 110/264  loss=0.3066
  batch 120/264  loss=0.3029
  batch 130/264  loss=0.3618
  batch 140/264  loss=0.3257
  batch 150/264  loss=0.3720
  batch 160/264  loss=0.5029
  batch 170/264  loss=0.4050
  batch 180/264  loss=0.3213
  batch 190/264  loss=0.3269
  batch 200/264  loss=0.4108
  batch 210/264  loss=0.2932
  batch 220/264  loss=0.2884
  batch 230/264  loss=0.3522
  batch 240/264  loss=0.3253
  batch 250/264  loss=0.3138
  batch 260/264  loss=0.4341
Epoch 244/300  train=3.650e-01  rmse=2.1327  lr=2.5e-05  232s
  -> best  monitor=3.650e-01
  batch 10/264  loss=0.2748
  batch 20/264  loss=0.3182
  batch 30/264  loss=0.3139
  batch 40/264  loss=0.3562
  batch 50/264  loss=0.3120
  batch 60/264  loss=0.3176
  batch 70/264  loss=0.3223
  batch 80/264  loss=0.3625
  batch 90/264  loss=0.4500
  batch 100/264  loss=0.5299
  batch 110/264  loss=0.4953
  batch 120/264  loss=0.4532
  batch 130/264  loss=0.3340
  batch 140/264  loss=0.2935
  batch 150/264  loss=0.3712
  batch 160/264  loss=0.2969
  batch 170/264  loss=0.4223
  batch 180/264  loss=0.3430
  batch 190/264  loss=0.3434
  batch 200/264  loss=0.2801
  batch 210/264  loss=0.3396
  batch 220/264  loss=0.3594
  batch 230/264  loss=0.3661
  batch 240/264  loss=0.2952
  batch 250/264  loss=0.6831
  batch 260/264  loss=0.2885
Epoch 245/300  train=3.669e-01  rmse=2.5234  lr=2.5e-05  233s
  batch 10/264  loss=0.3435
  batch 20/264  loss=0.3151
  batch 30/264  loss=0.3441
  batch 40/264  loss=0.3267
  batch 50/264  loss=0.3950
  batch 60/264  loss=0.3109
  batch 70/264  loss=0.2667
  batch 80/264  loss=0.3803
  batch 90/264  loss=0.4670
  batch 100/264  loss=0.3436
  batch 110/264  loss=0.3315
  batch 120/264  loss=0.3823
  batch 130/264  loss=0.3365
  batch 140/264  loss=0.3185
  batch 150/264  loss=0.3092
  batch 160/264  loss=0.2722
  batch 170/264  loss=0.3113
  batch 180/264  loss=0.4887
  batch 190/264  loss=0.2685
  batch 200/264  loss=0.4487
  batch 210/264  loss=0.4352
  batch 220/264  loss=0.3121
  batch 230/264  loss=0.3765
  batch 240/264  loss=0.3417
  batch 250/264  loss=0.6065
  batch 260/264  loss=0.4821
Epoch 246/300  train=3.679e-01  rmse=2.4762  lr=2.5e-05  232s
  batch 10/264  loss=0.3311
  batch 20/264  loss=0.3230
  batch 30/264  loss=0.3551
  batch 40/264  loss=0.3628
  batch 50/264  loss=0.3029
  batch 60/264  loss=0.3647
  batch 70/264  loss=0.3272
  batch 80/264  loss=0.3757
  batch 90/264  loss=0.4020
  batch 100/264  loss=0.3228
  batch 110/264  loss=0.2747
  batch 120/264  loss=0.2994
  batch 130/264  loss=0.3327
  batch 140/264  loss=0.3244
  batch 150/264  loss=0.5598
  batch 160/264  loss=0.3931
  batch 170/264  loss=0.3259
  batch 180/264  loss=0.4542
  batch 190/264  loss=0.4268
  batch 200/264  loss=0.3941
  batch 210/264  loss=0.3303
  batch 220/264  loss=0.4627
  batch 230/264  loss=0.3508
  batch 240/264  loss=0.2862
  batch 250/264  loss=0.2834
  batch 260/264  loss=0.3903
Epoch 247/300  train=3.647e-01  rmse=2.2166  lr=2.5e-05  233s
  -> best  monitor=3.647e-01
  batch 10/264  loss=0.3256
  batch 20/264  loss=0.3706
  batch 30/264  loss=0.3286
  batch 40/264  loss=0.3863
  batch 50/264  loss=0.2863
  batch 60/264  loss=0.3482
  batch 70/264  loss=0.3816
  batch 80/264  loss=0.3194
  batch 90/264  loss=0.3568
  batch 100/264  loss=0.3505
  batch 110/264  loss=0.3385
  batch 120/264  loss=0.3187
  batch 130/264  loss=0.3848
  batch 140/264  loss=0.3137
  batch 150/264  loss=0.3337
  batch 160/264  loss=0.3052
  batch 170/264  loss=0.3796
  batch 180/264  loss=0.3583
  batch 190/264  loss=0.3253
  batch 200/264  loss=0.3859
  batch 210/264  loss=0.3772
  batch 220/264  loss=0.3720
  batch 230/264  loss=0.2992
  batch 240/264  loss=0.3595
  batch 250/264  loss=0.4775
  batch 260/264  loss=0.4920
Epoch 248/300  train=3.685e-01  rmse=3.5906  lr=2.5e-05  233s
  batch 10/264  loss=0.3140
  batch 20/264  loss=0.4623
  batch 30/264  loss=0.2973
  batch 40/264  loss=0.3116
  batch 50/264  loss=0.3372
  batch 60/264  loss=0.3024
  batch 70/264  loss=0.3953
  batch 80/264  loss=0.3612
  batch 90/264  loss=0.4171
  batch 100/264  loss=0.3225
  batch 110/264  loss=0.4639
  batch 120/264  loss=0.4781
  batch 130/264  loss=0.4279
  batch 140/264  loss=0.3751
  batch 150/264  loss=0.3262
  batch 160/264  loss=0.3095
  batch 170/264  loss=0.2989
  batch 180/264  loss=0.4334
  batch 190/264  loss=0.2935
  batch 200/264  loss=0.7308
  batch 210/264  loss=0.3271
  batch 220/264  loss=0.3609
  batch 230/264  loss=0.4805
  batch 240/264  loss=0.4465
  batch 250/264  loss=0.3828
  batch 260/264  loss=0.3248
Epoch 249/300  train=3.681e-01  rmse=5.4871  lr=2.5e-05  232s
  batch 10/264  loss=0.3507
  batch 20/264  loss=0.6066
  batch 30/264  loss=0.3150
  batch 40/264  loss=0.3743
  batch 50/264  loss=0.4213
  batch 60/264  loss=0.4178
  batch 70/264  loss=0.3727
  batch 80/264  loss=0.3703
  batch 90/264  loss=0.3819
  batch 100/264  loss=0.4040
  batch 110/264  loss=0.3131
  batch 120/264  loss=0.4876
  batch 130/264  loss=0.3212
  batch 140/264  loss=0.4268
  batch 150/264  loss=0.2990
  batch 160/264  loss=0.4701
  batch 170/264  loss=0.2980
  batch 180/264  loss=0.3283
  batch 190/264  loss=0.3930
  batch 200/264  loss=0.3542
  batch 210/264  loss=0.4107
  batch 220/264  loss=0.4854
  batch 230/264  loss=0.4908
  batch 240/264  loss=0.4033
  batch 250/264  loss=0.4057
  batch 260/264  loss=0.2796
Epoch 250/300  train=3.660e-01  rmse=2.3003  lr=2.5e-05  232s
  batch 10/264  loss=0.2912
  batch 20/264  loss=0.3431
  batch 30/264  loss=0.2823
  batch 40/264  loss=0.3438
  batch 50/264  loss=0.2875
  batch 60/264  loss=0.3725
  batch 70/264  loss=0.3587
  batch 80/264  loss=0.3735
  batch 90/264  loss=0.4058
  batch 100/264  loss=0.3979
  batch 110/264  loss=0.4439
  batch 120/264  loss=0.4462
  batch 130/264  loss=0.3956
  batch 140/264  loss=0.2999
  batch 150/264  loss=0.3962
  batch 160/264  loss=0.3014
  batch 170/264  loss=0.5083
  batch 180/264  loss=0.3907
  batch 190/264  loss=0.3929
  batch 200/264  loss=0.3712
  batch 210/264  loss=0.3189
  batch 220/264  loss=0.3013
  batch 230/264  loss=0.4142
  batch 240/264  loss=0.4586
  batch 250/264  loss=0.3995
  batch 260/264  loss=0.4150
Epoch 251/300  train=3.619e-01  rmse=1.9195  lr=2.5e-05  232s
  -> best  monitor=3.619e-01
  batch 10/264  loss=0.3850
  batch 20/264  loss=0.5097
  batch 30/264  loss=0.3094
  batch 40/264  loss=0.3231
  batch 50/264  loss=0.3843
  batch 60/264  loss=0.9611
  batch 70/264  loss=0.3375
  batch 80/264  loss=0.2917
  batch 90/264  loss=0.4623
  batch 100/264  loss=0.3433
  batch 110/264  loss=0.3980
  batch 120/264  loss=0.3250
  batch 130/264  loss=0.2975
  batch 140/264  loss=0.3340
  batch 150/264  loss=0.2767
  batch 160/264  loss=0.3523
  batch 170/264  loss=0.3360
  batch 180/264  loss=0.3218
  batch 190/264  loss=0.4039
  batch 200/264  loss=0.3273
  batch 210/264  loss=0.3049
  batch 220/264  loss=0.3775
  batch 230/264  loss=0.3420
  batch 240/264  loss=0.3650
  batch 250/264  loss=0.3460
  batch 260/264  loss=0.2782
Epoch 252/300  train=3.685e-01  rmse=3.7548  lr=2.5e-05  233s
  batch 10/264  loss=0.3957
  batch 20/264  loss=0.2881
  batch 30/264  loss=0.3846
  batch 40/264  loss=0.2594
  batch 50/264  loss=0.3035
  batch 60/264  loss=0.3789
  batch 70/264  loss=0.3079
  batch 80/264  loss=0.3400
  batch 90/264  loss=0.4254
  batch 100/264  loss=0.3549
  batch 110/264  loss=0.3112
  batch 120/264  loss=0.3297
  batch 130/264  loss=0.5192
  batch 140/264  loss=0.4387
  batch 150/264  loss=0.3500
  batch 160/264  loss=0.4097
  batch 170/264  loss=0.3001
  batch 180/264  loss=0.3241
  batch 190/264  loss=0.3270
  batch 200/264  loss=0.3168
  batch 210/264  loss=0.4829
  batch 220/264  loss=0.2776
  batch 230/264  loss=0.3503
  batch 240/264  loss=0.3009
  batch 250/264  loss=0.3322
  batch 260/264  loss=0.3797
Epoch 253/300  train=3.627e-01  rmse=2.2485  lr=2.5e-05  232s
  batch 10/264  loss=0.3862
  batch 20/264  loss=0.3759
  batch 30/264  loss=0.2559
  batch 40/264  loss=0.3400
  batch 50/264  loss=0.2732
  batch 60/264  loss=0.2651
  batch 70/264  loss=0.4655
  batch 80/264  loss=0.3086
  batch 90/264  loss=0.3793
  batch 100/264  loss=0.4808
  batch 110/264  loss=0.3285
  batch 120/264  loss=0.6052
  batch 130/264  loss=0.3719
  batch 140/264  loss=0.3240
  batch 150/264  loss=0.3754
  batch 160/264  loss=0.2865
  batch 170/264  loss=0.3368
  batch 180/264  loss=0.3350
  batch 190/264  loss=0.3114
  batch 200/264  loss=0.3609
  batch 210/264  loss=0.2691
  batch 220/264  loss=0.3658
  batch 230/264  loss=0.4736
  batch 240/264  loss=0.6421
  batch 250/264  loss=0.3525
  batch 260/264  loss=0.3086
Epoch 254/300  train=3.702e-01  rmse=2.0954  lr=2.5e-05  232s
  batch 10/264  loss=0.3894
  batch 20/264  loss=0.3149
  batch 30/264  loss=0.2863
  batch 40/264  loss=0.4200
  batch 50/264  loss=0.3666
  batch 60/264  loss=0.6674
  batch 70/264  loss=0.4802
  batch 80/264  loss=0.3593
  batch 90/264  loss=0.4103
  batch 100/264  loss=0.3331
  batch 110/264  loss=0.3485
  batch 120/264  loss=0.4020
  batch 130/264  loss=0.3152
  batch 140/264  loss=0.4158
  batch 150/264  loss=0.5023
  batch 160/264  loss=0.2967
  batch 170/264  loss=0.3121
  batch 180/264  loss=0.3623
  batch 190/264  loss=0.4711
  batch 200/264  loss=0.3456
  batch 210/264  loss=0.3642
  batch 220/264  loss=0.3256
  batch 230/264  loss=0.4032
  batch 240/264  loss=0.4322
  batch 250/264  loss=0.3712
  batch 260/264  loss=0.2898
Epoch 255/300  train=3.687e-01  rmse=4.7509  lr=2.5e-05  233s
  batch 10/264  loss=0.3108
  batch 20/264  loss=0.3953
  batch 30/264  loss=0.2806
  batch 40/264  loss=0.3309
  batch 50/264  loss=0.3424
  batch 60/264  loss=0.3200
  batch 70/264  loss=0.5139
  batch 80/264  loss=0.3121
  batch 90/264  loss=0.3218
  batch 100/264  loss=0.3537
  batch 110/264  loss=0.3033
  batch 120/264  loss=0.3253
  batch 130/264  loss=0.2594
  batch 140/264  loss=0.3279
  batch 150/264  loss=0.3311
  batch 160/264  loss=0.3164
  batch 170/264  loss=0.3119
  batch 180/264  loss=0.2919
  batch 190/264  loss=0.3717
  batch 200/264  loss=0.3417
  batch 210/264  loss=0.5102
  batch 220/264  loss=0.4521
  batch 230/264  loss=0.2985
  batch 240/264  loss=0.3843
  batch 250/264  loss=0.3236
  batch 260/264  loss=0.3648
Epoch 256/300  train=3.642e-01  rmse=2.0324  lr=2.5e-05  234s
  batch 10/264  loss=0.3802
  batch 20/264  loss=0.3954
  batch 30/264  loss=0.3837
  batch 40/264  loss=0.3844
  batch 50/264  loss=0.3649
  batch 60/264  loss=0.2740
  batch 70/264  loss=0.3185
  batch 80/264  loss=0.2941
  batch 90/264  loss=0.3054
  batch 100/264  loss=0.3835
  batch 110/264  loss=0.2980
  batch 120/264  loss=0.2458
  batch 130/264  loss=0.3020
  batch 140/264  loss=0.4427
  batch 150/264  loss=0.5010
  batch 160/264  loss=0.2942
  batch 170/264  loss=0.3498
  batch 180/264  loss=0.2973
  batch 190/264  loss=0.3705
  batch 200/264  loss=0.3854
  batch 210/264  loss=0.3494
  batch 220/264  loss=0.3226
  batch 230/264  loss=0.2973
  batch 240/264  loss=0.3513
  batch 250/264  loss=0.3070
  batch 260/264  loss=0.5081
Epoch 257/300  train=3.609e-01  rmse=3.0401  lr=2.5e-05  233s
  -> best  monitor=3.609e-01
  batch 10/264  loss=0.5876
  batch 20/264  loss=0.3294
  batch 30/264  loss=0.2754
  batch 40/264  loss=0.3129
  batch 50/264  loss=0.2890
  batch 60/264  loss=0.3797
  batch 70/264  loss=0.2622
  batch 80/264  loss=0.3471
  batch 90/264  loss=0.3590
  batch 100/264  loss=0.3916
  batch 110/264  loss=0.2896
  batch 120/264  loss=0.2963
  batch 130/264  loss=0.3033
  batch 140/264  loss=0.2998
  batch 150/264  loss=0.3754
  batch 160/264  loss=0.3175
  batch 170/264  loss=0.4426
  batch 180/264  loss=0.3518
  batch 190/264  loss=0.3872
  batch 200/264  loss=0.2641
  batch 210/264  loss=0.3286
  batch 220/264  loss=0.3588
  batch 230/264  loss=0.3242
  batch 240/264  loss=0.3176
  batch 250/264  loss=0.4823
  batch 260/264  loss=0.3337
Epoch 258/300  train=3.625e-01  rmse=2.3087  lr=2.5e-05  233s
  batch 10/264  loss=0.2866
  batch 20/264  loss=0.3287
  batch 30/264  loss=0.3393
  batch 40/264  loss=0.3471
  batch 50/264  loss=0.3565
  batch 60/264  loss=0.3254
  batch 70/264  loss=0.3491
  batch 80/264  loss=0.2950
  batch 90/264  loss=0.4884
  batch 100/264  loss=0.3700
  batch 110/264  loss=0.3173
  batch 120/264  loss=0.2810
  batch 130/264  loss=0.3104
  batch 140/264  loss=0.3676
  batch 150/264  loss=0.3019
  batch 160/264  loss=0.4932
  batch 170/264  loss=0.3910
  batch 180/264  loss=0.2798
  batch 190/264  loss=0.3355
  batch 200/264  loss=0.3644
  batch 210/264  loss=0.3370
  batch 220/264  loss=0.3693
  batch 230/264  loss=0.3172
  batch 240/264  loss=0.3005
  batch 250/264  loss=0.2471
  batch 260/264  loss=0.3138
Epoch 259/300  train=3.618e-01  rmse=1.7635  lr=2.5e-05  232s
  batch 10/264  loss=0.2997
  batch 20/264  loss=0.4037
  batch 30/264  loss=0.3444
  batch 40/264  loss=0.3029
  batch 50/264  loss=0.2938
  batch 60/264  loss=0.4982
  batch 70/264  loss=0.3365
  batch 80/264  loss=0.2897
  batch 90/264  loss=0.3388
  batch 100/264  loss=0.4216
  batch 110/264  loss=0.3294
  batch 120/264  loss=0.3562
  batch 130/264  loss=0.2996
  batch 140/264  loss=0.3229
  batch 150/264  loss=0.2902
  batch 160/264  loss=0.3512
  batch 170/264  loss=0.3038
  batch 180/264  loss=0.3205
  batch 190/264  loss=0.2934
  batch 200/264  loss=0.3812
  batch 210/264  loss=0.3575
  batch 220/264  loss=0.3444
  batch 230/264  loss=0.6115
  batch 240/264  loss=0.3630
  batch 250/264  loss=0.3089
  batch 260/264  loss=0.3013
Epoch 260/300  train=3.597e-01  rmse=9.8152  lr=2.5e-05  233s
  -> best  monitor=3.597e-01
  batch 10/264  loss=0.3540
  batch 20/264  loss=0.3365
  batch 30/264  loss=0.2893
  batch 40/264  loss=0.3257
  batch 50/264  loss=0.3195
  batch 60/264  loss=0.2622
  batch 70/264  loss=0.3167
  batch 80/264  loss=0.2860
  batch 90/264  loss=0.3126
  batch 100/264  loss=0.3123
  batch 110/264  loss=0.3402
  batch 120/264  loss=0.3922
  batch 130/264  loss=0.4346
  batch 140/264  loss=0.2657
  batch 150/264  loss=0.3210
  batch 160/264  loss=0.4982
  batch 170/264  loss=0.6792
  batch 180/264  loss=0.2907
  batch 190/264  loss=0.3414
  batch 200/264  loss=0.2969
  batch 210/264  loss=0.2838
  batch 220/264  loss=0.2754
  batch 230/264  loss=0.4679
  batch 240/264  loss=0.3655
  batch 250/264  loss=0.3026
  batch 260/264  loss=0.3061
Epoch 261/300  train=3.654e-01  rmse=6.4051  lr=2.5e-05  233s
  batch 10/264  loss=0.4748
  batch 20/264  loss=0.4476
  batch 30/264  loss=0.3263
  batch 40/264  loss=0.2932
  batch 50/264  loss=0.2734
  batch 60/264  loss=0.3396
  batch 70/264  loss=0.3740
  batch 80/264  loss=0.4542
  batch 90/264  loss=0.4360
  batch 100/264  loss=0.3034
  batch 110/264  loss=0.3102
  batch 120/264  loss=0.4854
  batch 130/264  loss=0.3198
  batch 140/264  loss=0.3030
  batch 150/264  loss=0.5422
  batch 160/264  loss=0.4368
  batch 170/264  loss=0.3342
  batch 180/264  loss=0.2852
  batch 190/264  loss=0.3558
  batch 200/264  loss=0.3479
  batch 210/264  loss=0.2916
  batch 220/264  loss=0.2912
  batch 230/264  loss=0.3815
  batch 240/264  loss=0.5395
  batch 250/264  loss=0.3444
  batch 260/264  loss=0.3046
Epoch 262/300  train=3.615e-01  rmse=2.3914  lr=2.5e-05  232s
  batch 10/264  loss=0.3460
  batch 20/264  loss=0.2801
  batch 30/264  loss=0.3456
  batch 40/264  loss=0.5137
  batch 50/264  loss=0.3529
  batch 60/264  loss=0.2794
  batch 70/264  loss=0.3381
  batch 80/264  loss=0.3147
  batch 90/264  loss=0.3604
  batch 100/264  loss=0.2984
  batch 110/264  loss=0.3362
  batch 120/264  loss=0.4006
  batch 130/264  loss=0.3748
  batch 140/264  loss=0.3993
  batch 150/264  loss=0.3852
  batch 160/264  loss=0.5136
  batch 170/264  loss=0.3637
  batch 180/264  loss=0.4067
  batch 190/264  loss=0.3136
  batch 200/264  loss=0.2733
  batch 210/264  loss=0.4217
  batch 220/264  loss=0.3362
  batch 230/264  loss=0.3285
  batch 240/264  loss=0.3810
  batch 250/264  loss=0.3569
  batch 260/264  loss=0.2860
Epoch 263/300  train=3.652e-01  rmse=3.0793  lr=2.5e-05  232s
  batch 10/264  loss=0.2989
  batch 20/264  loss=0.3053
  batch 30/264  loss=0.3121
  batch 40/264  loss=0.3361
  batch 50/264  loss=0.2724
  batch 60/264  loss=0.3449
  batch 70/264  loss=0.4486
  batch 80/264  loss=0.3962
  batch 90/264  loss=0.3776
  batch 100/264  loss=0.4019
  batch 110/264  loss=0.3536
  batch 120/264  loss=0.4408
  batch 130/264  loss=0.5183
  batch 140/264  loss=0.2669
  batch 150/264  loss=0.4202
  batch 160/264  loss=0.3193
  batch 170/264  loss=0.4449
  batch 180/264  loss=0.4101
  batch 190/264  loss=0.4875
  batch 200/264  loss=0.2530
  batch 210/264  loss=0.3538
  batch 220/264  loss=0.5177
  batch 230/264  loss=0.5621
  batch 240/264  loss=0.3366
  batch 250/264  loss=0.2871
  batch 260/264  loss=0.3205
Epoch 264/300  train=3.639e-01  rmse=2.9599  lr=2.5e-05  232s
  batch 10/264  loss=0.3599
  batch 20/264  loss=0.3651
  batch 30/264  loss=0.4768
  batch 40/264  loss=0.2901
  batch 50/264  loss=0.3612
  batch 60/264  loss=0.3103
  batch 70/264  loss=0.3742
  batch 80/264  loss=0.2828
  batch 90/264  loss=0.3550
  batch 100/264  loss=0.3297
  batch 110/264  loss=0.3228
  batch 120/264  loss=0.4489
  batch 130/264  loss=0.3037
  batch 140/264  loss=0.4589
  batch 150/264  loss=0.3718
  batch 160/264  loss=0.3571
  batch 170/264  loss=0.3349
  batch 180/264  loss=0.3734
  batch 190/264  loss=0.3127
  batch 200/264  loss=0.2883
  batch 210/264  loss=0.2595
  batch 220/264  loss=0.4378
  batch 230/264  loss=0.3214
  batch 240/264  loss=0.2965
  batch 250/264  loss=0.3949
  batch 260/264  loss=0.2907
Epoch 265/300  train=3.639e-01  rmse=3.5567  lr=2.5e-05  231s
  batch 10/264  loss=0.4596
  batch 20/264  loss=0.3864
  batch 30/264  loss=0.3871
  batch 40/264  loss=0.4073
  batch 50/264  loss=0.3195
  batch 60/264  loss=0.2414
  batch 70/264  loss=0.3270
  batch 80/264  loss=0.4422
  batch 90/264  loss=0.3439
  batch 100/264  loss=0.3223
  batch 110/264  loss=0.2935
  batch 120/264  loss=0.2610
  batch 130/264  loss=0.2964
  batch 140/264  loss=0.4892
  batch 150/264  loss=0.3333
  batch 160/264  loss=0.4900
  batch 170/264  loss=0.3713
  batch 180/264  loss=0.3492
  batch 190/264  loss=0.3209
  batch 200/264  loss=0.3157
  batch 210/264  loss=0.2686
  batch 220/264  loss=0.3619
  batch 230/264  loss=0.3322
  batch 240/264  loss=0.2542
  batch 250/264  loss=0.4720
  batch 260/264  loss=0.3142
Epoch 266/300  train=3.642e-01  rmse=1.9195  lr=2.5e-05  232s
  batch 10/264  loss=0.3474
  batch 20/264  loss=0.3041
  batch 30/264  loss=0.4821
  batch 40/264  loss=0.2933
  batch 50/264  loss=0.6559
  batch 60/264  loss=0.3685
  batch 70/264  loss=0.3831
  batch 80/264  loss=0.3610
  batch 90/264  loss=0.3096
  batch 100/264  loss=0.3152
  batch 110/264  loss=0.3675
  batch 120/264  loss=0.3481
  batch 130/264  loss=0.3471
  batch 140/264  loss=0.3502
  batch 150/264  loss=0.4259
  batch 160/264  loss=0.3047
  batch 170/264  loss=0.3550
  batch 180/264  loss=0.3285
  batch 190/264  loss=0.4313
  batch 200/264  loss=0.3026
  batch 210/264  loss=0.3174
  batch 220/264  loss=0.3401
  batch 230/264  loss=0.3794
  batch 240/264  loss=0.3424
  batch 250/264  loss=0.4995
  batch 260/264  loss=0.2982
Epoch 267/300  train=3.626e-01  rmse=1.8697  lr=2.5e-05  231s
  batch 10/264  loss=0.3177
  batch 20/264  loss=0.5182
  batch 30/264  loss=0.4611
  batch 40/264  loss=0.4180
  batch 50/264  loss=0.3858
  batch 60/264  loss=0.3454
  batch 70/264  loss=0.2698
  batch 80/264  loss=0.3413
  batch 90/264  loss=0.4401
  batch 100/264  loss=0.2602
  batch 110/264  loss=0.3079
  batch 120/264  loss=0.4609
  batch 130/264  loss=0.3284
  batch 140/264  loss=0.3420
  batch 150/264  loss=0.3327
  batch 160/264  loss=0.3661
  batch 170/264  loss=0.2986
  batch 180/264  loss=0.2407
  batch 190/264  loss=0.3792
  batch 200/264  loss=0.3760
  batch 210/264  loss=0.4029
  batch 220/264  loss=0.3068
  batch 230/264  loss=0.3337
  batch 240/264  loss=0.4421
  batch 250/264  loss=0.5503
  batch 260/264  loss=0.3958
Epoch 268/300  train=3.644e-01  rmse=3.5295  lr=2.5e-05  231s
  batch 10/264  loss=0.3416
  batch 20/264  loss=0.3249
  batch 30/264  loss=0.4345
  batch 40/264  loss=0.4399
  batch 50/264  loss=0.2758
  batch 60/264  loss=0.3623
  batch 70/264  loss=0.2675
  batch 80/264  loss=0.3128
  batch 90/264  loss=0.4478
  batch 100/264  loss=0.3946
  batch 110/264  loss=0.5000
  batch 120/264  loss=0.4561
  batch 130/264  loss=0.2924
  batch 140/264  loss=0.3127
  batch 150/264  loss=0.4191
  batch 160/264  loss=0.3685
  batch 170/264  loss=0.3033
  batch 180/264  loss=0.3021
  batch 190/264  loss=0.4766
  batch 200/264  loss=0.2857
  batch 210/264  loss=0.3091
  batch 220/264  loss=0.3289
  batch 230/264  loss=0.2657
  batch 240/264  loss=0.3544
  batch 250/264  loss=0.4113
  batch 260/264  loss=0.3546
Epoch 269/300  train=3.614e-01  rmse=1.9410  lr=2.5e-05  231s
  batch 10/264  loss=0.3413
  batch 20/264  loss=0.3026
  batch 30/264  loss=0.3009
  batch 40/264  loss=0.2488
  batch 50/264  loss=0.2884
  batch 60/264  loss=0.3138
  batch 70/264  loss=0.2973
  batch 80/264  loss=0.3177
  batch 90/264  loss=0.4372
  batch 100/264  loss=0.2899
  batch 110/264  loss=0.3968
  batch 120/264  loss=0.3448
  batch 130/264  loss=0.4037
  batch 140/264  loss=0.3185
  batch 150/264  loss=0.3949
  batch 160/264  loss=0.3083
  batch 170/264  loss=0.3146
  batch 180/264  loss=0.4215
  batch 190/264  loss=0.3575
  batch 200/264  loss=0.3443
  batch 210/264  loss=0.3549
  batch 220/264  loss=0.2905
  batch 230/264  loss=0.2845
  batch 240/264  loss=0.4802
  batch 250/264  loss=0.3040
  batch 260/264  loss=0.3250
Epoch 270/300  train=3.612e-01  rmse=1.9662  lr=2.5e-05  232s
  batch 10/264  loss=0.3826
  batch 20/264  loss=0.2589
  batch 30/264  loss=0.3578
  batch 40/264  loss=0.3678
  batch 50/264  loss=0.3121
  batch 60/264  loss=0.4782
  batch 70/264  loss=0.2802
  batch 80/264  loss=0.3976
  batch 90/264  loss=0.2736
  batch 100/264  loss=0.3641
  batch 110/264  loss=0.2872
  batch 120/264  loss=0.5127
  batch 130/264  loss=0.3355
  batch 140/264  loss=0.3180
  batch 150/264  loss=0.3733
  batch 160/264  loss=0.3723
  batch 170/264  loss=0.3781
  batch 180/264  loss=0.4495
  batch 190/264  loss=0.5817
  batch 200/264  loss=0.3264
  batch 210/264  loss=0.3262
  batch 220/264  loss=0.3852
  batch 230/264  loss=0.4434
  batch 240/264  loss=0.2933
  batch 250/264  loss=0.3744
  batch 260/264  loss=0.3245
Epoch 271/300  train=3.657e-01  rmse=2.0213  lr=1.3e-05  232s
  batch 10/264  loss=0.2857
  batch 20/264  loss=0.4338
  batch 30/264  loss=0.3543
  batch 40/264  loss=0.3722
  batch 50/264  loss=0.5111
  batch 60/264  loss=0.3077
  batch 70/264  loss=0.2958
  batch 80/264  loss=0.4476
  batch 90/264  loss=0.3745
  batch 100/264  loss=0.2712
  batch 110/264  loss=0.3729
  batch 120/264  loss=0.4361
  batch 130/264  loss=0.4315
  batch 140/264  loss=0.3616
  batch 150/264  loss=0.5229
  batch 160/264  loss=0.3000
  batch 170/264  loss=0.3733
  batch 180/264  loss=0.3979
  batch 190/264  loss=0.3831
  batch 200/264  loss=0.4151
  batch 210/264  loss=0.3498
  batch 220/264  loss=0.4113
  batch 230/264  loss=0.3188
  batch 240/264  loss=0.5300
  batch 250/264  loss=0.3854
  batch 260/264  loss=0.3175
Epoch 272/300  train=3.635e-01  rmse=3.0718  lr=1.3e-05  231s
  batch 10/264  loss=0.3324
  batch 20/264  loss=0.3215
  batch 30/264  loss=0.2943
  batch 40/264  loss=0.4232
  batch 50/264  loss=0.2829
  batch 60/264  loss=0.6170
  batch 70/264  loss=0.4029
  batch 80/264  loss=0.2474
  batch 90/264  loss=0.3166
  batch 100/264  loss=0.3861
  batch 110/264  loss=0.3421
  batch 120/264  loss=0.3486
  batch 130/264  loss=0.3045
  batch 140/264  loss=0.2923
  batch 150/264  loss=0.2905
  batch 160/264  loss=0.3430
  batch 170/264  loss=0.4039
  batch 180/264  loss=0.3210
  batch 190/264  loss=0.3156
  batch 200/264  loss=0.3503
  batch 210/264  loss=0.4028
  batch 220/264  loss=0.4124
  batch 230/264  loss=0.3396
  batch 240/264  loss=0.3900
  batch 250/264  loss=0.4503
  batch 260/264  loss=0.3374
Epoch 273/300  train=3.552e-01  rmse=1.7345  lr=1.3e-05  232s
  -> best  monitor=3.552e-01
  batch 10/264  loss=0.3598
  batch 20/264  loss=0.3220
  batch 30/264  loss=0.2814
  batch 40/264  loss=0.4764
  batch 50/264  loss=0.3638
  batch 60/264  loss=0.4395
  batch 70/264  loss=0.4074
  batch 80/264  loss=0.3027
  batch 90/264  loss=0.3951
  batch 100/264  loss=0.2820
  batch 110/264  loss=0.5024
  batch 120/264  loss=0.5172
  batch 130/264  loss=0.3437
  batch 140/264  loss=0.3538
  batch 150/264  loss=0.3952
  batch 160/264  loss=0.4081
  batch 170/264  loss=0.2646
  batch 180/264  loss=0.2731
  batch 190/264  loss=0.4456
  batch 200/264  loss=0.3365
  batch 210/264  loss=0.3809
  batch 220/264  loss=0.3635
  batch 230/264  loss=0.3531
  batch 240/264  loss=0.3248
  batch 250/264  loss=0.4618
  batch 260/264  loss=0.4757
Epoch 274/300  train=3.603e-01  rmse=2.7669  lr=1.3e-05  232s
  batch 10/264  loss=0.4132
  batch 20/264  loss=0.3580
  batch 30/264  loss=0.3567
  batch 40/264  loss=0.7149
  batch 50/264  loss=0.4199
  batch 60/264  loss=0.3210
  batch 70/264  loss=0.3958
  batch 80/264  loss=0.3423
  batch 90/264  loss=0.3114
  batch 100/264  loss=0.3042
  batch 110/264  loss=0.4004
  batch 120/264  loss=0.3148
  batch 130/264  loss=0.4681
  batch 140/264  loss=0.3128
  batch 150/264  loss=0.4518
  batch 160/264  loss=0.3782
  batch 170/264  loss=0.4703
  batch 180/264  loss=0.3338
  batch 190/264  loss=0.4476
  batch 200/264  loss=0.3055
  batch 210/264  loss=0.2966
  batch 220/264  loss=0.4791
  batch 230/264  loss=0.3965
  batch 240/264  loss=0.3456
  batch 250/264  loss=0.6766
  batch 260/264  loss=0.2882
Epoch 275/300  train=3.584e-01  rmse=3.6218  lr=1.3e-05  232s
  batch 10/264  loss=0.3744
  batch 20/264  loss=0.2845
  batch 30/264  loss=0.3633
  batch 40/264  loss=0.3600
  batch 50/264  loss=0.3404
  batch 60/264  loss=0.2831
  batch 70/264  loss=0.3277
  batch 80/264  loss=0.2852
  batch 90/264  loss=0.3689
  batch 100/264  loss=0.3524
  batch 110/264  loss=0.4225
  batch 120/264  loss=0.4514
  batch 130/264  loss=0.3238
  batch 140/264  loss=0.2741
  batch 150/264  loss=0.2934
  batch 160/264  loss=0.4091
  batch 170/264  loss=0.3056
  batch 180/264  loss=0.5006
  batch 190/264  loss=0.4130
  batch 200/264  loss=0.2874
  batch 210/264  loss=0.3660
  batch 220/264  loss=0.2792
  batch 230/264  loss=0.3079
  batch 240/264  loss=0.2590
  batch 250/264  loss=0.2858
  batch 260/264  loss=0.3811
Epoch 276/300  train=3.528e-01  rmse=2.5209  lr=1.3e-05  233s
  -> best  monitor=3.528e-01
  batch 10/264  loss=0.4434
  batch 20/264  loss=0.3215
  batch 30/264  loss=0.3675
  batch 40/264  loss=0.3067
  batch 50/264  loss=0.3669
  batch 60/264  loss=0.2707
  batch 70/264  loss=0.4206
  batch 80/264  loss=0.3456
  batch 90/264  loss=0.5988
  batch 100/264  loss=0.4526
  batch 110/264  loss=0.3331
  batch 120/264  loss=0.2997
  batch 130/264  loss=0.4382
  batch 140/264  loss=0.3260
  batch 150/264  loss=0.4280
  batch 160/264  loss=0.4128
  batch 170/264  loss=0.2937
  batch 180/264  loss=0.3042
  batch 190/264  loss=0.2918
  batch 200/264  loss=0.3091
  batch 210/264  loss=0.3188
  batch 220/264  loss=0.4399
  batch 230/264  loss=0.5039
  batch 240/264  loss=0.5070
  batch 250/264  loss=0.2749
  batch 260/264  loss=0.3571
Epoch 277/300  train=3.584e-01  rmse=2.6375  lr=1.3e-05  233s
  batch 10/264  loss=0.2868
  batch 20/264  loss=0.2892
  batch 30/264  loss=0.5223
  batch 40/264  loss=0.4510
  batch 50/264  loss=0.3232
  batch 60/264  loss=0.2886
  batch 70/264  loss=0.3978
  batch 80/264  loss=0.4202
  batch 90/264  loss=0.2981
  batch 100/264  loss=0.3530
  batch 110/264  loss=0.3982
  batch 120/264  loss=0.2924
  batch 130/264  loss=0.3734
  batch 140/264  loss=0.2850
  batch 150/264  loss=0.2905
  batch 160/264  loss=0.2909
  batch 170/264  loss=0.2994
  batch 180/264  loss=0.3422
  batch 190/264  loss=0.2818
  batch 200/264  loss=0.3244
  batch 210/264  loss=0.3518
  batch 220/264  loss=0.3874
  batch 230/264  loss=0.3925
  batch 240/264  loss=0.4862
  batch 250/264  loss=0.3904
  batch 260/264  loss=0.4842
Epoch 278/300  train=3.554e-01  rmse=1.6868  lr=1.3e-05  234s
  batch 10/264  loss=0.3582
  batch 20/264  loss=0.3435
  batch 30/264  loss=0.4791
  batch 40/264  loss=0.2828
  batch 50/264  loss=0.4480
  batch 60/264  loss=0.3646
  batch 70/264  loss=0.2982
  batch 80/264  loss=0.3542
  batch 90/264  loss=0.3409
  batch 100/264  loss=0.3486
  batch 110/264  loss=0.3227
  batch 120/264  loss=0.3529
  batch 130/264  loss=0.3380
  batch 140/264  loss=0.4323
  batch 150/264  loss=0.3248
  batch 160/264  loss=0.3813
  batch 170/264  loss=0.3660
  batch 180/264  loss=0.4537
  batch 190/264  loss=0.3053
  batch 200/264  loss=0.3971
  batch 210/264  loss=0.3287
  batch 220/264  loss=0.4454
  batch 230/264  loss=0.3273
  batch 240/264  loss=0.3356
  batch 250/264  loss=0.3816
  batch 260/264  loss=0.2969
Epoch 279/300  train=3.580e-01  rmse=4.8398  lr=1.3e-05  232s
  batch 10/264  loss=0.3679
  batch 20/264  loss=0.4351
  batch 30/264  loss=0.4249
  batch 40/264  loss=0.3194
  batch 50/264  loss=0.4469
  batch 60/264  loss=0.4041
  batch 70/264  loss=0.2838
  batch 80/264  loss=0.5201
  batch 90/264  loss=0.3750
  batch 100/264  loss=0.3143
  batch 110/264  loss=0.3216
  batch 120/264  loss=0.3010
  batch 130/264  loss=0.3063
  batch 140/264  loss=0.3453
  batch 150/264  loss=0.2483
  batch 160/264  loss=0.3717
  batch 170/264  loss=0.2777
  batch 180/264  loss=0.3292
  batch 190/264  loss=0.2742
  batch 200/264  loss=0.3552
  batch 210/264  loss=0.3527
  batch 220/264  loss=0.3576
  batch 230/264  loss=0.4385
  batch 240/264  loss=0.4529
  batch 250/264  loss=0.2909
  batch 260/264  loss=0.3535
Epoch 280/300  train=3.583e-01  rmse=3.9257  lr=1.3e-05  232s
  batch 10/264  loss=0.4006
  batch 20/264  loss=0.3649
  batch 30/264  loss=0.5106
  batch 40/264  loss=0.3954
  batch 50/264  loss=0.4431
  batch 60/264  loss=0.3019
  batch 70/264  loss=0.4362
  batch 80/264  loss=0.5078
  batch 90/264  loss=0.2696
  batch 100/264  loss=0.3521
  batch 110/264  loss=0.3393
  batch 120/264  loss=0.3761
  batch 130/264  loss=0.4818
  batch 140/264  loss=0.4396
  batch 150/264  loss=0.3458
  batch 160/264  loss=0.2816
  batch 170/264  loss=0.3726
  batch 180/264  loss=0.4726
  batch 190/264  loss=0.2987
  batch 200/264  loss=0.3500
  batch 210/264  loss=0.3331
  batch 220/264  loss=0.4170
  batch 230/264  loss=0.3630
  batch 240/264  loss=0.3289
  batch 250/264  loss=0.3101
  batch 260/264  loss=0.3265
Epoch 281/300  train=3.585e-01  rmse=2.3599  lr=1.3e-05  232s
  batch 10/264  loss=0.4931
  batch 20/264  loss=0.4301
  batch 30/264  loss=0.3215
  batch 40/264  loss=0.3210
  batch 50/264  loss=0.4025
  batch 60/264  loss=0.3313
  batch 70/264  loss=0.4069
  batch 80/264  loss=0.2699
  batch 90/264  loss=0.2952
  batch 100/264  loss=0.2850
  batch 110/264  loss=0.3242
  batch 120/264  loss=0.3271
  batch 130/264  loss=0.4105
  batch 140/264  loss=0.3078
  batch 150/264  loss=0.3891
  batch 160/264  loss=0.7055
  batch 170/264  loss=0.2896
  batch 180/264  loss=0.2667
  batch 190/264  loss=0.3071
  batch 200/264  loss=0.2912
  batch 210/264  loss=0.3638
  batch 220/264  loss=0.3195
  batch 230/264  loss=0.3897
  batch 240/264  loss=0.3554
  batch 250/264  loss=0.2456
  batch 260/264  loss=0.4026
Epoch 282/300  train=3.612e-01  rmse=3.0246  lr=1.3e-05  233s
  batch 10/264  loss=0.3630
  batch 20/264  loss=0.3122
  batch 30/264  loss=0.3764
  batch 40/264  loss=0.3446
  batch 50/264  loss=0.4378
  batch 60/264  loss=0.3448
  batch 70/264  loss=0.3505
  batch 80/264  loss=0.6795
  batch 90/264  loss=0.3260
  batch 100/264  loss=0.2901
  batch 110/264  loss=0.3138
  batch 120/264  loss=0.2764
  batch 130/264  loss=0.3975
  batch 140/264  loss=0.5168
  batch 150/264  loss=0.3080
  batch 160/264  loss=0.3087
  batch 170/264  loss=0.3784
  batch 180/264  loss=0.3686
  batch 190/264  loss=0.3229
  batch 200/264  loss=0.3527
  batch 210/264  loss=0.2904
  batch 220/264  loss=0.6075
  batch 230/264  loss=0.3496
  batch 240/264  loss=0.2961
  batch 250/264  loss=0.3381
  batch 260/264  loss=0.3514
Epoch 283/300  train=3.561e-01  rmse=2.1236  lr=1.3e-05  232s
  batch 10/264  loss=0.2666
  batch 20/264  loss=0.3567
  batch 30/264  loss=0.3776
  batch 40/264  loss=0.3089
  batch 50/264  loss=0.4657
  batch 60/264  loss=0.3717
  batch 70/264  loss=0.4465
  batch 80/264  loss=0.3082
  batch 90/264  loss=0.4673
  batch 100/264  loss=0.3325
  batch 110/264  loss=0.3059
  batch 120/264  loss=0.3774
  batch 130/264  loss=0.3701
  batch 140/264  loss=0.3584
  batch 150/264  loss=0.3239
  batch 160/264  loss=0.3536
  batch 170/264  loss=0.3539
  batch 180/264  loss=0.2719
  batch 190/264  loss=0.3244
  batch 200/264  loss=0.3042
  batch 210/264  loss=0.3590
  batch 220/264  loss=0.3258
  batch 230/264  loss=0.3499
  batch 240/264  loss=0.4662
  batch 250/264  loss=0.3066
  batch 260/264  loss=0.3413
Epoch 284/300  train=3.579e-01  rmse=2.0696  lr=1.3e-05  232s
  batch 10/264  loss=0.4122
  batch 20/264  loss=0.2992
  batch 30/264  loss=0.3622
  batch 40/264  loss=0.2820
  batch 50/264  loss=0.3160
  batch 60/264  loss=0.2748
  batch 70/264  loss=0.3965
  batch 80/264  loss=0.4884
  batch 90/264  loss=0.3241
  batch 100/264  loss=0.3470
  batch 110/264  loss=0.3263
  batch 120/264  loss=0.3444
  batch 130/264  loss=0.2889
  batch 140/264  loss=0.3236
  batch 150/264  loss=0.4793
  batch 160/264  loss=0.2888
  batch 170/264  loss=0.4278
  batch 180/264  loss=0.3932
  batch 190/264  loss=0.3873
  batch 200/264  loss=0.4028
  batch 210/264  loss=0.4217
  batch 220/264  loss=0.2717
  batch 230/264  loss=0.4011
  batch 240/264  loss=0.4271
  batch 250/264  loss=0.3265
  batch 260/264  loss=0.4962
Epoch 285/300  train=3.534e-01  rmse=4.9980  lr=1.3e-05  234s
  batch 10/264  loss=0.4124
  batch 20/264  loss=0.3409
  batch 30/264  loss=0.3419
  batch 40/264  loss=0.8151
  batch 50/264  loss=0.4407
  batch 60/264  loss=0.3859
  batch 70/264  loss=0.2788
  batch 80/264  loss=0.2948
  batch 90/264  loss=0.3269
  batch 100/264  loss=0.2980
  batch 110/264  loss=0.2757
  batch 120/264  loss=0.2820
  batch 130/264  loss=0.3553
  batch 140/264  loss=0.4577
  batch 150/264  loss=0.3208
  batch 160/264  loss=0.6925
  batch 170/264  loss=0.3581
  batch 180/264  loss=0.3428
  batch 190/264  loss=0.3299
  batch 200/264  loss=0.2402
  batch 210/264  loss=0.4001
  batch 220/264  loss=0.4301
  batch 230/264  loss=0.3413
  batch 240/264  loss=0.3027
  batch 250/264  loss=0.4034
  batch 260/264  loss=0.3582
Epoch 286/300  train=3.606e-01  rmse=2.9840  lr=1.3e-05  233s
  batch 10/264  loss=0.3318
  batch 20/264  loss=0.4002
  batch 30/264  loss=0.3335
  batch 40/264  loss=0.3312
  batch 50/264  loss=0.2944
  batch 60/264  loss=0.3068
  batch 70/264  loss=0.2762
  batch 80/264  loss=0.3722
  batch 90/264  loss=0.3150
  batch 100/264  loss=0.2793
  batch 110/264  loss=0.2789
  batch 120/264  loss=0.3465
  batch 130/264  loss=0.3023
  batch 140/264  loss=0.3814
  batch 150/264  loss=0.3698
  batch 160/264  loss=0.3603
  batch 170/264  loss=0.4587
  batch 180/264  loss=0.3132
  batch 190/264  loss=0.3281
  batch 200/264  loss=0.4241
  batch 210/264  loss=0.2722
  batch 220/264  loss=0.2880
  batch 230/264  loss=0.3446
  batch 240/264  loss=0.3288
  batch 250/264  loss=0.3457
  batch 260/264  loss=0.3495
Epoch 287/300  train=3.563e-01  rmse=2.1744  lr=6.3e-06  232s
  batch 10/264  loss=0.4641
  batch 20/264  loss=0.3801
  batch 30/264  loss=0.3188
  batch 40/264  loss=0.4354
  batch 50/264  loss=0.2985
  batch 60/264  loss=0.3392
  batch 70/264  loss=0.3633
  batch 80/264  loss=0.3065
  batch 90/264  loss=0.4048
  batch 100/264  loss=0.4799
  batch 110/264  loss=0.3181
  batch 120/264  loss=0.4254
  batch 130/264  loss=0.4048
  batch 140/264  loss=0.3071
  batch 150/264  loss=0.3100
  batch 160/264  loss=0.2517
  batch 170/264  loss=0.3416
  batch 180/264  loss=0.2861
  batch 190/264  loss=0.3799
  batch 200/264  loss=0.3000
  batch 210/264  loss=0.2944
  batch 220/264  loss=0.3651
  batch 230/264  loss=0.4713
  batch 240/264  loss=0.4305
  batch 250/264  loss=0.2846
  batch 260/264  loss=0.3156
Epoch 288/300  train=3.529e-01  rmse=1.8914  lr=6.3e-06  232s
  batch 10/264  loss=0.3156
  batch 20/264  loss=0.4784
  batch 30/264  loss=0.4001
  batch 40/264  loss=0.3471
  batch 50/264  loss=0.2489
  batch 60/264  loss=0.3716
  batch 70/264  loss=0.3423
  batch 80/264  loss=0.3539
  batch 90/264  loss=0.3362
  batch 100/264  loss=0.3009
  batch 110/264  loss=0.3668
  batch 120/264  loss=0.3113
  batch 130/264  loss=0.4401
  batch 140/264  loss=0.4234
  batch 150/264  loss=0.2773
  batch 160/264  loss=0.3202
  batch 170/264  loss=0.4965
  batch 180/264  loss=0.2882
  batch 190/264  loss=0.6040
  batch 200/264  loss=0.3384
  batch 210/264  loss=0.2465
  batch 220/264  loss=0.3314
  batch 230/264  loss=0.3057
  batch 240/264  loss=0.3173
  batch 250/264  loss=0.4190
  batch 260/264  loss=0.3181
Epoch 289/300  train=3.579e-01  rmse=2.2185  lr=6.3e-06  231s
  batch 10/264  loss=0.2855
  batch 20/264  loss=0.3657
  batch 30/264  loss=0.3559
  batch 40/264  loss=0.4193
  batch 50/264  loss=0.3142
  batch 60/264  loss=0.3046
  batch 70/264  loss=0.3123
  batch 80/264  loss=0.4388
  batch 90/264  loss=0.3311
  batch 100/264  loss=0.2868
  batch 110/264  loss=0.3384
  batch 120/264  loss=0.4369
  batch 130/264  loss=0.3861
  batch 140/264  loss=0.2737
  batch 150/264  loss=0.3381
  batch 160/264  loss=0.4337
  batch 170/264  loss=0.2923
  batch 180/264  loss=0.3167
  batch 190/264  loss=0.2939
  batch 200/264  loss=0.2997
  batch 210/264  loss=0.2819
  batch 220/264  loss=0.3136
  batch 230/264  loss=0.2885
  batch 240/264  loss=0.4423
  batch 250/264  loss=0.2786
  batch 260/264  loss=0.2925
Epoch 290/300  train=3.539e-01  rmse=4.6074  lr=6.3e-06  233s
  batch 10/264  loss=0.4648
  batch 20/264  loss=0.2907
  batch 30/264  loss=0.3197
  batch 40/264  loss=0.2938
  batch 50/264  loss=0.3249
  batch 60/264  loss=0.3298
  batch 70/264  loss=0.3310
  batch 80/264  loss=0.4348
  batch 90/264  loss=0.3911
  batch 100/264  loss=0.3414
  batch 110/264  loss=0.2889
  batch 120/264  loss=0.3933
  batch 130/264  loss=0.3260
  batch 140/264  loss=0.4196
  batch 150/264  loss=0.2887
  batch 160/264  loss=0.4664
  batch 170/264  loss=0.3160
  batch 180/264  loss=0.4904
  batch 190/264  loss=0.2917
  batch 200/264  loss=0.3107
  batch 210/264  loss=0.4668
  batch 220/264  loss=0.4012
  batch 230/264  loss=0.3592
  batch 240/264  loss=0.3260
  batch 250/264  loss=0.2749
  batch 260/264  loss=0.4345
Epoch 291/300  train=3.556e-01  rmse=2.0317  lr=6.3e-06  233s
  batch 10/264  loss=0.4355
  batch 20/264  loss=0.4100
  batch 30/264  loss=0.3816
  batch 40/264  loss=0.3631
  batch 50/264  loss=0.3218
  batch 60/264  loss=0.2666
  batch 70/264  loss=0.3519
  batch 80/264  loss=0.3899
  batch 90/264  loss=0.4234
  batch 100/264  loss=0.4129
  batch 110/264  loss=0.3354
  batch 120/264  loss=0.4293
  batch 130/264  loss=0.3166
  batch 140/264  loss=0.2883
  batch 150/264  loss=0.2919
  batch 160/264  loss=0.3906
  batch 170/264  loss=0.3760
  batch 180/264  loss=0.3887
  batch 190/264  loss=0.2935
  batch 200/264  loss=0.4777
  batch 210/264  loss=0.3491
  batch 220/264  loss=0.2829
  batch 230/264  loss=0.3194
  batch 240/264  loss=0.4205
  batch 250/264  loss=0.2791
  batch 260/264  loss=0.3270
Epoch 292/300  train=3.616e-01  rmse=2.7897  lr=6.3e-06  233s
  batch 10/264  loss=0.3298
  batch 20/264  loss=0.3125
  batch 30/264  loss=0.4095
  batch 40/264  loss=0.4307
  batch 50/264  loss=0.3592
  batch 60/264  loss=0.3415
  batch 70/264  loss=0.2804
  batch 80/264  loss=0.2852
  batch 90/264  loss=0.3487
  batch 100/264  loss=0.4238
  batch 110/264  loss=0.3366
  batch 120/264  loss=0.3594
  batch 130/264  loss=0.2614
  batch 140/264  loss=0.3223
  batch 150/264  loss=0.2937
  batch 160/264  loss=0.3655
  batch 170/264  loss=0.2734
  batch 180/264  loss=0.3248
  batch 190/264  loss=0.3402
  batch 200/264  loss=0.3654
  batch 210/264  loss=0.3190
  batch 220/264  loss=0.3180
  batch 230/264  loss=0.3601
  batch 240/264  loss=0.2711
  batch 250/264  loss=0.3086
  batch 260/264  loss=0.3231
Epoch 293/300  train=3.529e-01  rmse=5.8010  lr=6.3e-06  232s
  batch 10/264  loss=0.4586
  batch 20/264  loss=0.3742
  batch 30/264  loss=0.3453
  batch 40/264  loss=0.3514
  batch 50/264  loss=0.3047
  batch 60/264  loss=0.3170
  batch 70/264  loss=0.2865
  batch 80/264  loss=0.4160
  batch 90/264  loss=0.3899
  batch 100/264  loss=0.4257
  batch 110/264  loss=0.4004
  batch 120/264  loss=0.3566
  batch 130/264  loss=0.3324
  batch 140/264  loss=0.3047
  batch 150/264  loss=0.5204
  batch 160/264  loss=0.3214
  batch 170/264  loss=0.2912
  batch 180/264  loss=0.2991
  batch 190/264  loss=0.4874
  batch 200/264  loss=0.4357
  batch 210/264  loss=0.3023
  batch 220/264  loss=0.2905
  batch 230/264  loss=0.5171
  batch 240/264  loss=0.2594
  batch 250/264  loss=0.4011
  batch 260/264  loss=0.3404
Epoch 294/300  train=3.531e-01  rmse=5.2744  lr=6.3e-06  233s
  batch 10/264  loss=0.4150
  batch 20/264  loss=0.4682
  batch 30/264  loss=0.3023
  batch 40/264  loss=0.4862
  batch 50/264  loss=0.3920
  batch 60/264  loss=0.2561
  batch 70/264  loss=0.3433
  batch 80/264  loss=0.3708
  batch 90/264  loss=0.2804
  batch 100/264  loss=0.3424
  batch 110/264  loss=0.3747
  batch 120/264  loss=0.3007
  batch 130/264  loss=0.5025
  batch 140/264  loss=0.3038
  batch 150/264  loss=0.3480
  batch 160/264  loss=0.4866
  batch 170/264  loss=0.2980
  batch 180/264  loss=0.2635
  batch 190/264  loss=0.2848
  batch 200/264  loss=0.2884
  batch 210/264  loss=0.2718
  batch 220/264  loss=0.2632
  batch 230/264  loss=0.2719
  batch 240/264  loss=0.4019
  batch 250/264  loss=0.4720
  batch 260/264  loss=0.2944
Epoch 295/300  train=3.532e-01  rmse=1.7321  lr=6.3e-06  233s
  batch 10/264  loss=0.2794
  batch 20/264  loss=0.2724
  batch 30/264  loss=0.2717
  batch 40/264  loss=0.4222
  batch 50/264  loss=0.4950
  batch 60/264  loss=0.4706
  batch 70/264  loss=0.5554
  batch 80/264  loss=0.3611
  batch 90/264  loss=0.3491
  batch 100/264  loss=0.3274
  batch 110/264  loss=0.3839
  batch 120/264  loss=0.2658
  batch 130/264  loss=0.2790
  batch 140/264  loss=0.2472
  batch 150/264  loss=0.3123
  batch 160/264  loss=0.3821
  batch 170/264  loss=0.3163
  batch 180/264  loss=0.3303
  batch 190/264  loss=0.2480
  batch 200/264  loss=0.3770
  batch 210/264  loss=0.2834
  batch 220/264  loss=0.2695
  batch 230/264  loss=0.3062
  batch 240/264  loss=0.4227
  batch 250/264  loss=0.4437
  batch 260/264  loss=0.2950
Epoch 296/300  train=3.544e-01  rmse=3.1734  lr=6.3e-06  232s
  batch 10/264  loss=0.3186
  batch 20/264  loss=0.3876
  batch 30/264  loss=0.3855
  batch 40/264  loss=0.3423
  batch 50/264  loss=0.3785
  batch 60/264  loss=0.3069
  batch 70/264  loss=0.3897
  batch 80/264  loss=0.2975
  batch 90/264  loss=0.2950
  batch 100/264  loss=0.4684
  batch 110/264  loss=0.2932
  batch 120/264  loss=0.3687
  batch 130/264  loss=0.3703
  batch 140/264  loss=0.2388
  batch 150/264  loss=0.2962
  batch 160/264  loss=0.3398
  batch 170/264  loss=0.4920
  batch 180/264  loss=0.4724
  batch 190/264  loss=0.5174
  batch 200/264  loss=0.3370
  batch 210/264  loss=0.3002
  batch 220/264  loss=0.2768
  batch 230/264  loss=0.3333
  batch 240/264  loss=0.3462
  batch 250/264  loss=0.3130
  batch 260/264  loss=0.3313
Epoch 297/300  train=3.516e-01  rmse=2.5011  lr=6.3e-06  233s
  -> best  monitor=3.516e-01
  batch 10/264  loss=0.4122
  batch 20/264  loss=0.3797
  batch 30/264  loss=0.2984
  batch 40/264  loss=0.3579
  batch 50/264  loss=0.3712
  batch 60/264  loss=0.3082
  batch 70/264  loss=0.3563
  batch 80/264  loss=0.2532
  batch 90/264  loss=0.3304
  batch 100/264  loss=0.3610
  batch 110/264  loss=0.3595
  batch 120/264  loss=0.5066
  batch 130/264  loss=0.3008
  batch 140/264  loss=0.3025
  batch 150/264  loss=0.4000
  batch 160/264  loss=0.4316
  batch 170/264  loss=0.4100
  batch 180/264  loss=0.3200
  batch 190/264  loss=0.6050
  batch 200/264  loss=0.3341
  batch 210/264  loss=0.3732
  batch 220/264  loss=0.3711
  batch 230/264  loss=0.2750
  batch 240/264  loss=0.3028
  batch 250/264  loss=0.4357
  batch 260/264  loss=0.3124
Epoch 298/300  train=3.611e-01  rmse=1.8267  lr=6.3e-06  225s
  batch 10/264  loss=0.3762
  batch 20/264  loss=0.3640
  batch 30/264  loss=0.3469
  batch 40/264  loss=0.3251
  batch 50/264  loss=0.3288
  batch 60/264  loss=0.4328
  batch 70/264  loss=0.3430
  batch 80/264  loss=0.3528
  batch 90/264  loss=0.2800
  batch 100/264  loss=0.3551
  batch 110/264  loss=0.2942
  batch 120/264  loss=0.4573
  batch 130/264  loss=0.2857
  batch 140/264  loss=0.4818
  batch 150/264  loss=0.3342
  batch 160/264  loss=0.3235
  batch 170/264  loss=0.4174
  batch 180/264  loss=0.2869
  batch 190/264  loss=0.3628
  batch 200/264  loss=0.2817
  batch 210/264  loss=0.2342
  batch 220/264  loss=0.3220
  batch 230/264  loss=0.3283
  batch 240/264  loss=0.2920
  batch 250/264  loss=0.4597
  batch 260/264  loss=0.3342
Epoch 299/300  train=3.562e-01  rmse=2.0152  lr=6.3e-06  229s
  batch 10/264  loss=0.3090
  batch 20/264  loss=0.3711
  batch 30/264  loss=0.3321
  batch 40/264  loss=0.3624
  batch 50/264  loss=0.2803
  batch 60/264  loss=0.3870
  batch 70/264  loss=0.3147
  batch 80/264  loss=0.4313
  batch 90/264  loss=0.3464
  batch 100/264  loss=0.3279
  batch 110/264  loss=0.2937
  batch 120/264  loss=0.3746
  batch 130/264  loss=0.2957
  batch 140/264  loss=0.4379
  batch 150/264  loss=0.2421
  batch 160/264  loss=0.3731
  batch 170/264  loss=0.3091
  batch 180/264  loss=0.3038
  batch 190/264  loss=0.2995
  batch 200/264  loss=0.3674
  batch 210/264  loss=0.3294
  batch 220/264  loss=0.3422
  batch 230/264  loss=0.3538
  batch 240/264  loss=0.3102
  batch 250/264  loss=0.3395
  batch 260/264  loss=0.4005
Epoch 300/300  train=3.562e-01  rmse=2.3638  lr=6.3e-06  230s

Test evaluation (best checkpoint)...
Test (RMSE / MAE in μg/m³):
  total: 0.476294
  main: 0.039482
  nonneg: 0.000000
  smooth: 0.000000
  anom: 0.017666
  grad: 0.000555
  pattern: 0.116147
  spectral: 0.302444
  var: 0.000000
  rmse: 0.801586
  rmse_low: 1.013394
  rmse_high: 0.453409
  mae: 0.476486

  z  Height(m)        R²
--------------------------
  0       15.0    0.8610  <- ~0-100m
  1       25.0    0.8494  <- ~0-100m
  2       35.0    0.8766  <- ~0-100m
  3       45.0    0.8907  <- ~0-100m
  4       55.0    0.8990  <- ~0-100m
  5       75.0    0.9295  <- ~0-100m
  6       95.0    0.9464  <- ~0-100m
  7      115.0    0.9543  <- ~0-100m
  8      135.0    0.9579
  9      155.0    0.9586
 10      175.0    0.9577
 11      195.0    0.9546
