Device: cuda
Building datasets...
Temporal split:  train=264  val=0  test=72
Fitting normalisation on 264 samples...
  50/264
  100/264
  150/264
  200/264
  250/264
Done.
  emission  mean=5.6840  std=1.1291
  pm25      per-level  mean[0]=2.3826e+00  mean[-1]=1.1283e+00
Model: UNet3D  base_ch=16  params: 1,598,466
No val set — using train loss for scheduler and checkpoint selection.

Training for 300 epochs...
  batch 10/264  loss=2.7121
  batch 20/264  loss=4.0838
  batch 30/264  loss=1.9858
  batch 40/264  loss=2.9574
  batch 50/264  loss=2.3067
  batch 60/264  loss=2.1699
  batch 70/264  loss=1.2869
  batch 80/264  loss=1.2598
  batch 90/264  loss=3.5286
  batch 100/264  loss=4.5644
  batch 110/264  loss=1.2969
  batch 120/264  loss=1.0732
  batch 130/264  loss=1.2173
  batch 140/264  loss=1.1920
  batch 150/264  loss=2.0598
  batch 160/264  loss=1.8619
  batch 170/264  loss=0.9343
  batch 180/264  loss=2.8204
  batch 190/264  loss=2.4529
  batch 200/264  loss=1.0383
  batch 210/264  loss=1.7093
  batch 220/264  loss=1.3467
  batch 230/264  loss=1.5702
  batch 240/264  loss=1.6139
  batch 250/264  loss=1.9138
  batch 260/264  loss=1.2140
Epoch   1/300  train=2.026e+00  rmse=4.4114  lr=1.0e-04  248s
  -> best  monitor=2.026e+00
  batch 10/264  loss=1.3805
  batch 20/264  loss=2.1578
  batch 30/264  loss=1.9879
  batch 40/264  loss=4.2540
  batch 50/264  loss=1.1387
  batch 60/264  loss=1.0058
  batch 70/264  loss=1.2076
  batch 80/264  loss=1.3002
  batch 90/264  loss=1.7661
  batch 100/264  loss=0.8835
  batch 110/264  loss=1.1585
  batch 120/264  loss=0.9041
  batch 130/264  loss=1.2711
  batch 140/264  loss=1.2060
  batch 150/264  loss=2.7574
  batch 160/264  loss=0.9330
  batch 170/264  loss=3.2844
  batch 180/264  loss=1.4882
  batch 190/264  loss=1.2309
  batch 200/264  loss=1.2763
  batch 210/264  loss=1.6968
  batch 220/264  loss=1.2498
  batch 230/264  loss=1.0108
  batch 240/264  loss=1.5803
  batch 250/264  loss=0.8814
  batch 260/264  loss=0.9234
Epoch   2/300  train=1.454e+00  rmse=3.6696  lr=1.0e-04  225s
  -> best  monitor=1.454e+00
  batch 10/264  loss=1.3214
  batch 20/264  loss=0.8512
  batch 30/264  loss=2.4933
  batch 40/264  loss=0.9724
  batch 50/264  loss=0.9472
  batch 60/264  loss=0.9099
  batch 70/264  loss=1.0260
  batch 80/264  loss=1.7971
  batch 90/264  loss=1.4138
  batch 100/264  loss=0.9617
  batch 110/264  loss=0.8365
  batch 120/264  loss=1.6204
  batch 130/264  loss=0.9974
  batch 140/264  loss=1.3473
  batch 150/264  loss=0.9075
  batch 160/264  loss=1.0441
  batch 170/264  loss=1.1611
  batch 180/264  loss=1.3902
  batch 190/264  loss=1.3451
  batch 200/264  loss=0.7678
  batch 210/264  loss=2.6785
  batch 220/264  loss=1.1828
  batch 230/264  loss=0.9434
  batch 240/264  loss=0.8571
  batch 250/264  loss=0.8527
  batch 260/264  loss=1.2258
Epoch   3/300  train=1.175e+00  rmse=3.1855  lr=1.0e-04  222s
  -> best  monitor=1.175e+00
  batch 10/264  loss=0.8977
  batch 20/264  loss=1.2584
  batch 30/264  loss=0.8879
  batch 40/264  loss=0.9800
  batch 50/264  loss=0.9294
  batch 60/264  loss=0.9558
  batch 70/264  loss=0.8524
  batch 80/264  loss=0.7151
  batch 90/264  loss=0.8862
  batch 100/264  loss=0.7642
  batch 110/264  loss=0.9430
  batch 120/264  loss=1.4308
  batch 130/264  loss=0.8471
  batch 140/264  loss=0.7820
  batch 150/264  loss=0.7448
  batch 160/264  loss=1.3901
  batch 170/264  loss=0.6086
  batch 180/264  loss=1.1168
  batch 190/264  loss=0.9618
  batch 200/264  loss=1.2816
  batch 210/264  loss=0.9009
  batch 220/264  loss=2.0164
  batch 230/264  loss=0.6917
  batch 240/264  loss=1.4304
  batch 250/264  loss=1.2823
  batch 260/264  loss=0.8918
Epoch   4/300  train=1.052e+00  rmse=2.9807  lr=1.0e-04  220s
  -> best  monitor=1.052e+00
  batch 10/264  loss=0.7421
  batch 20/264  loss=0.8494
  batch 30/264  loss=1.0115
  batch 40/264  loss=1.9495
  batch 50/264  loss=0.9175
  batch 60/264  loss=2.5562
  batch 70/264  loss=0.6327
  batch 80/264  loss=0.6002
  batch 90/264  loss=0.7108
  batch 100/264  loss=0.8841
  batch 110/264  loss=0.8050
  batch 120/264  loss=0.9801
  batch 130/264  loss=0.9408
  batch 140/264  loss=1.6410
  batch 150/264  loss=0.8008
  batch 160/264  loss=0.6115
  batch 170/264  loss=0.9812
  batch 180/264  loss=0.6653
  batch 190/264  loss=0.7407
  batch 200/264  loss=1.0609
  batch 210/264  loss=0.6734
  batch 220/264  loss=0.8004
  batch 230/264  loss=0.6390
  batch 240/264  loss=0.7478
  batch 250/264  loss=0.5855
  batch 260/264  loss=0.8254
Epoch   5/300  train=9.779e-01  rmse=2.8928  lr=1.0e-04  226s
  -> best  monitor=9.779e-01
  batch 10/264  loss=0.8395
  batch 20/264  loss=0.6433
  batch 30/264  loss=0.8849
  batch 40/264  loss=0.5938
  batch 50/264  loss=1.1904
  batch 60/264  loss=0.7624
  batch 70/264  loss=1.1463
  batch 80/264  loss=1.0917
  batch 90/264  loss=1.1845
  batch 100/264  loss=2.0652
  batch 110/264  loss=0.8424
  batch 120/264  loss=1.2724
  batch 130/264  loss=0.6789
  batch 140/264  loss=0.7931
  batch 150/264  loss=0.8834
  batch 160/264  loss=1.3303
  batch 170/264  loss=0.5811
  batch 180/264  loss=0.8780
  batch 190/264  loss=1.9286
  batch 200/264  loss=0.7843
  batch 210/264  loss=0.8120
  batch 220/264  loss=0.5978
  batch 230/264  loss=0.6204
  batch 240/264  loss=1.0624
  batch 250/264  loss=0.7500
  batch 260/264  loss=1.1167
Epoch   6/300  train=9.352e-01  rmse=2.8790  lr=1.0e-04  227s
  -> best  monitor=9.352e-01
  batch 10/264  loss=1.0316
  batch 20/264  loss=0.5762
  batch 30/264  loss=0.7794
  batch 40/264  loss=0.9902
  batch 50/264  loss=0.8478
  batch 60/264  loss=0.7333
  batch 70/264  loss=0.8509
  batch 80/264  loss=1.0374
  batch 90/264  loss=0.9051
  batch 100/264  loss=0.8280
  batch 110/264  loss=1.1371
  batch 120/264  loss=0.7915
  batch 130/264  loss=0.7823
  batch 140/264  loss=0.7008
  batch 150/264  loss=0.6186
  batch 160/264  loss=0.5422
  batch 170/264  loss=0.7636
  batch 180/264  loss=0.6144
  batch 190/264  loss=1.5459
  batch 200/264  loss=0.6400
  batch 210/264  loss=1.3881
  batch 220/264  loss=1.3417
  batch 230/264  loss=0.6781
  batch 240/264  loss=0.7337
  batch 250/264  loss=0.8711
  batch 260/264  loss=0.6403
Epoch   7/300  train=8.802e-01  rmse=2.8435  lr=1.0e-04  227s
  -> best  monitor=8.802e-01
  batch 10/264  loss=0.7578
  batch 20/264  loss=0.6736
  batch 30/264  loss=0.6415
  batch 40/264  loss=0.7831
  batch 50/264  loss=0.6145
  batch 60/264  loss=0.8101
  batch 70/264  loss=0.7521
  batch 80/264  loss=0.9230
  batch 90/264  loss=0.7916
  batch 100/264  loss=0.7902
  batch 110/264  loss=0.6813
  batch 120/264  loss=0.6713
  batch 130/264  loss=0.6768
  batch 140/264  loss=0.5470
  batch 150/264  loss=0.8186
  batch 160/264  loss=0.7782
  batch 170/264  loss=0.7372
  batch 180/264  loss=0.6766
  batch 190/264  loss=0.5795
  batch 200/264  loss=1.8018
  batch 210/264  loss=0.8511
  batch 220/264  loss=0.5064
  batch 230/264  loss=0.7907
  batch 240/264  loss=0.6959
  batch 250/264  loss=0.8208
  batch 260/264  loss=1.7389
Epoch   8/300  train=8.561e-01  rmse=2.7741  lr=1.0e-04  227s
  -> best  monitor=8.561e-01
  batch 10/264  loss=0.8209
  batch 20/264  loss=0.6858
  batch 30/264  loss=0.5830
  batch 40/264  loss=0.4995
  batch 50/264  loss=0.5162
  batch 60/264  loss=0.5684
  batch 70/264  loss=0.6600
  batch 80/264  loss=0.4935
  batch 90/264  loss=0.5119
  batch 100/264  loss=0.7560
  batch 110/264  loss=0.6423
  batch 120/264  loss=0.6007
  batch 130/264  loss=0.7402
  batch 140/264  loss=0.6566
  batch 150/264  loss=0.5848
  batch 160/264  loss=0.8169
  batch 170/264  loss=1.6110
  batch 180/264  loss=0.6271
  batch 190/264  loss=0.5928
  batch 200/264  loss=0.8331
  batch 210/264  loss=0.6706
  batch 220/264  loss=0.5151
  batch 230/264  loss=0.6594
  batch 240/264  loss=0.7210
  batch 250/264  loss=1.1982
  batch 260/264  loss=0.7068
Epoch   9/300  train=8.253e-01  rmse=2.8010  lr=1.0e-04  227s
  -> best  monitor=8.253e-01
  batch 10/264  loss=0.6179
  batch 20/264  loss=0.7326
  batch 30/264  loss=0.7059
  batch 40/264  loss=0.7099
  batch 50/264  loss=0.7592
  batch 60/264  loss=0.9493
  batch 70/264  loss=0.7025
  batch 80/264  loss=0.6563
  batch 90/264  loss=0.6210
  batch 100/264  loss=0.5373
  batch 110/264  loss=0.5836
  batch 120/264  loss=0.6441
  batch 130/264  loss=0.6995
  batch 140/264  loss=0.6437
  batch 150/264  loss=0.7754
  batch 160/264  loss=0.7564
  batch 170/264  loss=0.7443
  batch 180/264  loss=1.0944
  batch 190/264  loss=0.7496
  batch 200/264  loss=0.6112
  batch 210/264  loss=1.3616
  batch 220/264  loss=0.6775
  batch 230/264  loss=0.7937
  batch 240/264  loss=1.2894
  batch 250/264  loss=0.7177
  batch 260/264  loss=0.5749
Epoch  10/300  train=7.944e-01  rmse=2.7251  lr=1.0e-04  226s
  -> best  monitor=7.944e-01
  batch 10/264  loss=0.7834
  batch 20/264  loss=0.7663
  batch 30/264  loss=0.5487
  batch 40/264  loss=0.5159
  batch 50/264  loss=0.8160
  batch 60/264  loss=0.6443
  batch 70/264  loss=0.6686
  batch 80/264  loss=0.6102
  batch 90/264  loss=0.9181
  batch 100/264  loss=1.0562
  batch 110/264  loss=0.7206
  batch 120/264  loss=0.5984
  batch 130/264  loss=2.0283
  batch 140/264  loss=0.6817
  batch 150/264  loss=0.8147
  batch 160/264  loss=0.5709
  batch 170/264  loss=0.7336
  batch 180/264  loss=0.6510
  batch 190/264  loss=0.5692
  batch 200/264  loss=0.5127
  batch 210/264  loss=0.8681
  batch 220/264  loss=0.4533
  batch 230/264  loss=0.7197
  batch 240/264  loss=0.5173
  batch 250/264  loss=0.7748
  batch 260/264  loss=0.6029
Epoch  11/300  train=7.743e-01  rmse=2.6596  lr=1.0e-04  229s
  -> best  monitor=7.743e-01
  batch 10/264  loss=0.9670
  batch 20/264  loss=1.1550
  batch 30/264  loss=0.6069
  batch 40/264  loss=1.0934
  batch 50/264  loss=0.5674
  batch 60/264  loss=0.5230
  batch 70/264  loss=0.5005
  batch 80/264  loss=0.7886
  batch 90/264  loss=0.6079
  batch 100/264  loss=0.6085
  batch 110/264  loss=0.7035
  batch 120/264  loss=0.6864
  batch 130/264  loss=0.9444
  batch 140/264  loss=0.5510
  batch 150/264  loss=0.5049
  batch 160/264  loss=0.5922
  batch 170/264  loss=0.5797
  batch 180/264  loss=0.5078
  batch 190/264  loss=0.5563
  batch 200/264  loss=0.8249
  batch 210/264  loss=0.6288
  batch 220/264  loss=0.7306
  batch 230/264  loss=0.9432
  batch 240/264  loss=1.0436
  batch 250/264  loss=1.0188
  batch 260/264  loss=0.8433
Epoch  12/300  train=7.591e-01  rmse=2.6510  lr=1.0e-04  226s
  -> best  monitor=7.591e-01
  batch 10/264  loss=1.2073
  batch 20/264  loss=1.5736
  batch 30/264  loss=0.5550
  batch 40/264  loss=2.3265
  batch 50/264  loss=0.7063
  batch 60/264  loss=1.1396
  batch 70/264  loss=0.6097
  batch 80/264  loss=0.6039
  batch 90/264  loss=0.7202
  batch 100/264  loss=0.9944
  batch 110/264  loss=0.8284
  batch 120/264  loss=0.7357
  batch 130/264  loss=0.7254
  batch 140/264  loss=0.7605
  batch 150/264  loss=0.5498
  batch 160/264  loss=0.5574
  batch 170/264  loss=0.6253
  batch 180/264  loss=0.6240
  batch 190/264  loss=0.8965
  batch 200/264  loss=0.6167
  batch 210/264  loss=1.1592
  batch 220/264  loss=0.4588
  batch 230/264  loss=0.5818
  batch 240/264  loss=0.4532
  batch 250/264  loss=0.6611
  batch 260/264  loss=0.6410
Epoch  13/300  train=7.345e-01  rmse=2.5960  lr=1.0e-04  227s
  -> best  monitor=7.345e-01
  batch 10/264  loss=0.6974
  batch 20/264  loss=1.3976
  batch 30/264  loss=0.6011
  batch 40/264  loss=1.0590
  batch 50/264  loss=1.1837
  batch 60/264  loss=0.5933
  batch 70/264  loss=0.7698
  batch 80/264  loss=0.9951
  batch 90/264  loss=0.6612
  batch 100/264  loss=0.9630
  batch 110/264  loss=0.7070
  batch 120/264  loss=0.6571
  batch 130/264  loss=0.4675
  batch 140/264  loss=0.8371
  batch 150/264  loss=0.8409
  batch 160/264  loss=1.0663
  batch 170/264  loss=0.6290
  batch 180/264  loss=0.7914
  batch 190/264  loss=0.5945
  batch 200/264  loss=0.4349
  batch 210/264  loss=0.7419
  batch 220/264  loss=1.0960
  batch 230/264  loss=0.6811
  batch 240/264  loss=0.4958
  batch 250/264  loss=0.5157
  batch 260/264  loss=0.5095
Epoch  14/300  train=7.192e-01  rmse=2.5211  lr=1.0e-04  226s
  -> best  monitor=7.192e-01
  batch 10/264  loss=0.4784
  batch 20/264  loss=0.7851
  batch 30/264  loss=0.7585
  batch 40/264  loss=0.8741
  batch 50/264  loss=0.8299
  batch 60/264  loss=0.5952
  batch 70/264  loss=0.6214
  batch 80/264  loss=0.6506
  batch 90/264  loss=0.6012
  batch 100/264  loss=0.8827
  batch 110/264  loss=0.6460
  batch 120/264  loss=0.5247
  batch 130/264  loss=0.4915
  batch 140/264  loss=0.7067
  batch 150/264  loss=0.5564
  batch 160/264  loss=0.4492
  batch 170/264  loss=0.7175
  batch 180/264  loss=0.7632
  batch 190/264  loss=0.8208
  batch 200/264  loss=1.3291
  batch 210/264  loss=0.8031
  batch 220/264  loss=0.5377
  batch 230/264  loss=0.9422
  batch 240/264  loss=0.5203
  batch 250/264  loss=0.4945
  batch 260/264  loss=1.0139
Epoch  15/300  train=7.049e-01  rmse=2.5140  lr=1.0e-04  227s
  -> best  monitor=7.049e-01
  batch 10/264  loss=0.5678
  batch 20/264  loss=0.4342
  batch 30/264  loss=0.9700
  batch 40/264  loss=0.5685
  batch 50/264  loss=1.3983
  batch 60/264  loss=0.6060
  batch 70/264  loss=0.5108
  batch 80/264  loss=0.6410
  batch 90/264  loss=0.7061
  batch 100/264  loss=0.4871
  batch 110/264  loss=0.6401
  batch 120/264  loss=0.4141
  batch 130/264  loss=0.5504
  batch 140/264  loss=0.4639
  batch 150/264  loss=1.0595
  batch 160/264  loss=0.5189
  batch 170/264  loss=0.5706
  batch 180/264  loss=0.7307
  batch 190/264  loss=0.6509
  batch 200/264  loss=1.4869
  batch 210/264  loss=0.4606
  batch 220/264  loss=0.8608
  batch 230/264  loss=0.8302
  batch 240/264  loss=0.5972
  batch 250/264  loss=0.6484
  batch 260/264  loss=0.6639
Epoch  16/300  train=6.974e-01  rmse=2.4513  lr=1.0e-04  226s
  -> best  monitor=6.974e-01
  batch 10/264  loss=0.9170
  batch 20/264  loss=0.8417
  batch 30/264  loss=0.5827
  batch 40/264  loss=0.7446
  batch 50/264  loss=0.6329
  batch 60/264  loss=0.5667
  batch 70/264  loss=0.5583
  batch 80/264  loss=0.7057
  batch 90/264  loss=0.6959
  batch 100/264  loss=0.6177
  batch 110/264  loss=0.5079
  batch 120/264  loss=0.4466
  batch 130/264  loss=0.4508
  batch 140/264  loss=0.5431
  batch 150/264  loss=0.6401
  batch 160/264  loss=0.4690
  batch 170/264  loss=0.5589
  batch 180/264  loss=0.7828
  batch 190/264  loss=0.5052
  batch 200/264  loss=0.5294
  batch 210/264  loss=0.6595
  batch 220/264  loss=1.1735
  batch 230/264  loss=1.0668
  batch 240/264  loss=0.7069
  batch 250/264  loss=0.5260
  batch 260/264  loss=1.2954
Epoch  17/300  train=6.871e-01  rmse=2.4282  lr=1.0e-04  227s
  -> best  monitor=6.871e-01
  batch 10/264  loss=0.9096
  batch 20/264  loss=0.6056
  batch 30/264  loss=0.8132
  batch 40/264  loss=0.7660
  batch 50/264  loss=0.6973
  batch 60/264  loss=0.5439
  batch 70/264  loss=0.8950
  batch 80/264  loss=0.4774
  batch 90/264  loss=0.6185
  batch 100/264  loss=0.7541
  batch 110/264  loss=0.5988
  batch 120/264  loss=0.5787
  batch 130/264  loss=0.7183
  batch 140/264  loss=0.6871
  batch 150/264  loss=0.5578
  batch 160/264  loss=0.4387
  batch 170/264  loss=0.7056
  batch 180/264  loss=1.0598
  batch 190/264  loss=1.0912
  batch 200/264  loss=0.5552
  batch 210/264  loss=0.4860
  batch 220/264  loss=0.5497
  batch 230/264  loss=0.7292
  batch 240/264  loss=0.7644
  batch 250/264  loss=0.6396
  batch 260/264  loss=0.6256
Epoch  18/300  train=6.705e-01  rmse=2.4971  lr=1.0e-04  228s
  -> best  monitor=6.705e-01
  batch 10/264  loss=0.9641
  batch 20/264  loss=0.5242
  batch 30/264  loss=0.8976
  batch 40/264  loss=0.5847
  batch 50/264  loss=0.4367
  batch 60/264  loss=1.5503
  batch 70/264  loss=0.5142
  batch 80/264  loss=0.4935
  batch 90/264  loss=0.4907
  batch 100/264  loss=0.5944
  batch 110/264  loss=0.5050
  batch 120/264  loss=0.4998
  batch 130/264  loss=0.5951
  batch 140/264  loss=0.5299
  batch 150/264  loss=0.6311
  batch 160/264  loss=0.5740
  batch 170/264  loss=0.8604
  batch 180/264  loss=0.7332
  batch 190/264  loss=1.3972
  batch 200/264  loss=1.7415
  batch 210/264  loss=0.5456
  batch 220/264  loss=0.6484
  batch 230/264  loss=0.4209
  batch 240/264  loss=0.6752
  batch 250/264  loss=0.7803
  batch 260/264  loss=0.5882
Epoch  19/300  train=6.698e-01  rmse=2.4115  lr=1.0e-04  227s
  -> best  monitor=6.698e-01
  batch 10/264  loss=0.5748
  batch 20/264  loss=0.6712
  batch 30/264  loss=0.5127
  batch 40/264  loss=0.4433
  batch 50/264  loss=0.5920
  batch 60/264  loss=0.5151
  batch 70/264  loss=0.4564
  batch 80/264  loss=1.0486
  batch 90/264  loss=0.5429
  batch 100/264  loss=0.7399
  batch 110/264  loss=0.9046
  batch 120/264  loss=1.5895
  batch 130/264  loss=1.0712
  batch 140/264  loss=0.7690
  batch 150/264  loss=1.4055
  batch 160/264  loss=0.4219
  batch 170/264  loss=0.7290
  batch 180/264  loss=0.4446
  batch 190/264  loss=0.5528
  batch 200/264  loss=0.6810
  batch 210/264  loss=0.5869
  batch 220/264  loss=0.5344
  batch 230/264  loss=0.4874
  batch 240/264  loss=0.7120
  batch 250/264  loss=0.4712
  batch 260/264  loss=0.9477
Epoch  20/300  train=6.661e-01  rmse=2.4278  lr=1.0e-04  227s
  -> best  monitor=6.661e-01
  batch 10/264  loss=0.6200
  batch 20/264  loss=0.5751
  batch 30/264  loss=0.5443
  batch 40/264  loss=1.4164
  batch 50/264  loss=0.5349
  batch 60/264  loss=0.4364
  batch 70/264  loss=0.5645
  batch 80/264  loss=0.5441
  batch 90/264  loss=0.4964
  batch 100/264  loss=0.6919
  batch 110/264  loss=0.7636
  batch 120/264  loss=0.5175
  batch 130/264  loss=2.2447
  batch 140/264  loss=0.6815
  batch 150/264  loss=0.5600
  batch 160/264  loss=0.4548
  batch 170/264  loss=0.6477
  batch 180/264  loss=0.7525
  batch 190/264  loss=0.8039
  batch 200/264  loss=0.5476
  batch 210/264  loss=0.4731
  batch 220/264  loss=0.7341
  batch 230/264  loss=0.6054
  batch 240/264  loss=0.4966
  batch 250/264  loss=0.5953
  batch 260/264  loss=0.4476
Epoch  21/300  train=6.488e-01  rmse=2.4313  lr=1.0e-04  227s
  -> best  monitor=6.488e-01
  batch 10/264  loss=0.6723
  batch 20/264  loss=0.5189
  batch 30/264  loss=0.4960
  batch 40/264  loss=0.9236
  batch 50/264  loss=0.5914
  batch 60/264  loss=0.6035
  batch 70/264  loss=0.5439
  batch 80/264  loss=0.9206
  batch 90/264  loss=0.5602
  batch 100/264  loss=0.4666
  batch 110/264  loss=0.5192
  batch 120/264  loss=0.9684
  batch 130/264  loss=0.8377
  batch 140/264  loss=0.5789
  batch 150/264  loss=0.5263
  batch 160/264  loss=0.7866
  batch 170/264  loss=0.4628
  batch 180/264  loss=0.5340
  batch 190/264  loss=0.6467
  batch 200/264  loss=0.6848
  batch 210/264  loss=0.7344
  batch 220/264  loss=0.5710
  batch 230/264  loss=0.4162
  batch 240/264  loss=0.4957
  batch 250/264  loss=0.7451
  batch 260/264  loss=0.4923
Epoch  22/300  train=6.471e-01  rmse=2.3628  lr=1.0e-04  227s
  -> best  monitor=6.471e-01
  batch 10/264  loss=0.9771
  batch 20/264  loss=0.5099
  batch 30/264  loss=0.6649
  batch 40/264  loss=0.5474
  batch 50/264  loss=0.5742
  batch 60/264  loss=0.5003
  batch 70/264  loss=0.6648
  batch 80/264  loss=0.5422
  batch 90/264  loss=0.5225
  batch 100/264  loss=0.6685
  batch 110/264  loss=0.6286
  batch 120/264  loss=0.4388
  batch 130/264  loss=0.5283
  batch 140/264  loss=0.6333
  batch 150/264  loss=0.5204
  batch 160/264  loss=0.5448
  batch 170/264  loss=0.6636
  batch 180/264  loss=0.5585
  batch 190/264  loss=0.4976
  batch 200/264  loss=0.4522
  batch 210/264  loss=0.5281
  batch 220/264  loss=1.6026
  batch 230/264  loss=0.7151
  batch 240/264  loss=0.6008
  batch 250/264  loss=0.7484
  batch 260/264  loss=0.5384
Epoch  23/300  train=6.284e-01  rmse=2.3119  lr=1.0e-04  228s
  -> best  monitor=6.284e-01
  batch 10/264  loss=0.4932
  batch 20/264  loss=0.5888
  batch 30/264  loss=0.6596
  batch 40/264  loss=0.4649
  batch 50/264  loss=0.7166
  batch 60/264  loss=0.4363
  batch 70/264  loss=1.0102
  batch 80/264  loss=0.6905
  batch 90/264  loss=0.5290
  batch 100/264  loss=0.7186
  batch 110/264  loss=1.6513
  batch 120/264  loss=0.5057
  batch 130/264  loss=0.4798
  batch 140/264  loss=0.7668
  batch 150/264  loss=1.4562
  batch 160/264  loss=0.5309
  batch 170/264  loss=0.5495
  batch 180/264  loss=0.5593
  batch 190/264  loss=1.0455
  batch 200/264  loss=0.4563
  batch 210/264  loss=0.6842
  batch 220/264  loss=0.6387
  batch 230/264  loss=0.6375
  batch 240/264  loss=0.3897
  batch 250/264  loss=0.6884
  batch 260/264  loss=0.4534
Epoch  24/300  train=6.274e-01  rmse=2.3200  lr=1.0e-04  227s
  -> best  monitor=6.274e-01
  batch 10/264  loss=0.4421
  batch 20/264  loss=0.7764
  batch 30/264  loss=0.5280
  batch 40/264  loss=0.5108
  batch 50/264  loss=0.6339
  batch 60/264  loss=0.5203
  batch 70/264  loss=0.5126
  batch 80/264  loss=0.6623
  batch 90/264  loss=0.4806
  batch 100/264  loss=0.6359
  batch 110/264  loss=0.4715
  batch 120/264  loss=0.5724
  batch 130/264  loss=0.8935
  batch 140/264  loss=0.4521
  batch 150/264  loss=0.4875
  batch 160/264  loss=0.8957
  batch 170/264  loss=1.6381
  batch 180/264  loss=0.4026
  batch 190/264  loss=1.3505
  batch 200/264  loss=0.5710
  batch 210/264  loss=0.5969
  batch 220/264  loss=0.5659
  batch 230/264  loss=0.4839
  batch 240/264  loss=0.6391
  batch 250/264  loss=0.4054
  batch 260/264  loss=0.5187
Epoch  25/300  train=6.223e-01  rmse=2.3460  lr=1.0e-04  227s
  -> best  monitor=6.223e-01
  batch 10/264  loss=0.6077
  batch 20/264  loss=0.5743
  batch 30/264  loss=1.0054
  batch 40/264  loss=0.4498
  batch 50/264  loss=0.5476
  batch 60/264  loss=0.6710
  batch 70/264  loss=0.6621
  batch 80/264  loss=0.5205
  batch 90/264  loss=0.5786
  batch 100/264  loss=0.4707
  batch 110/264  loss=0.4399
  batch 120/264  loss=0.7345
  batch 130/264  loss=0.5006
  batch 140/264  loss=0.7205
  batch 150/264  loss=1.9581
  batch 160/264  loss=0.5007
  batch 170/264  loss=0.6519
  batch 180/264  loss=0.4587
  batch 190/264  loss=0.4096
  batch 200/264  loss=0.5621
  batch 210/264  loss=0.5198
  batch 220/264  loss=0.6352
  batch 230/264  loss=0.4523
  batch 240/264  loss=0.5819
  batch 250/264  loss=0.5521
  batch 260/264  loss=0.5867
Epoch  26/300  train=6.130e-01  rmse=2.2627  lr=1.0e-04  226s
  -> best  monitor=6.130e-01
  batch 10/264  loss=0.5067
  batch 20/264  loss=0.7189
  batch 30/264  loss=0.5082
  batch 40/264  loss=0.5533
  batch 50/264  loss=0.7133
  batch 60/264  loss=0.4014
  batch 70/264  loss=0.4470
  batch 80/264  loss=0.4367
  batch 90/264  loss=0.4183
  batch 100/264  loss=0.6720
  batch 110/264  loss=0.5576
  batch 120/264  loss=0.5199
  batch 130/264  loss=1.0954
  batch 140/264  loss=0.4534
  batch 150/264  loss=0.6882
  batch 160/264  loss=0.4488
  batch 170/264  loss=0.4673
  batch 180/264  loss=0.7709
  batch 190/264  loss=0.3955
  batch 200/264  loss=1.4931
  batch 210/264  loss=0.8129
  batch 220/264  loss=0.4503
  batch 230/264  loss=0.4214
  batch 240/264  loss=0.4374
  batch 250/264  loss=0.4384
  batch 260/264  loss=0.6196
Epoch  27/300  train=6.028e-01  rmse=2.2714  lr=1.0e-04  226s
  -> best  monitor=6.028e-01
  batch 10/264  loss=0.4459
  batch 20/264  loss=0.5372
  batch 30/264  loss=0.8430
  batch 40/264  loss=0.6129
  batch 50/264  loss=0.5389
  batch 60/264  loss=0.5513
  batch 70/264  loss=1.5803
  batch 80/264  loss=0.4557
  batch 90/264  loss=0.4434
  batch 100/264  loss=0.5167
  batch 110/264  loss=0.5985
  batch 120/264  loss=0.6357
  batch 130/264  loss=0.4766
  batch 140/264  loss=0.5643
  batch 150/264  loss=0.6001
  batch 160/264  loss=0.4483
  batch 170/264  loss=0.4565
  batch 180/264  loss=0.4614
  batch 190/264  loss=0.4962
  batch 200/264  loss=1.6969
  batch 210/264  loss=0.4803
  batch 220/264  loss=0.5002
  batch 230/264  loss=0.6403
  batch 240/264  loss=0.4583
  batch 250/264  loss=0.3867
  batch 260/264  loss=0.5711
Epoch  28/300  train=6.035e-01  rmse=2.3375  lr=1.0e-04  227s
  batch 10/264  loss=0.6843
  batch 20/264  loss=0.7729
  batch 30/264  loss=0.8972
  batch 40/264  loss=0.5503
  batch 50/264  loss=0.5053
  batch 60/264  loss=0.7062
  batch 70/264  loss=0.6885
  batch 80/264  loss=0.7345
  batch 90/264  loss=0.5293
  batch 100/264  loss=0.4901
  batch 110/264  loss=0.5482
  batch 120/264  loss=0.5810
  batch 130/264  loss=0.3771
  batch 140/264  loss=0.4646
  batch 150/264  loss=0.7134
  batch 160/264  loss=1.0689
  batch 170/264  loss=0.5362
  batch 180/264  loss=0.5051
  batch 190/264  loss=0.7060
  batch 200/264  loss=0.5433
  batch 210/264  loss=0.7339
  batch 220/264  loss=0.5100
  batch 230/264  loss=0.4904
  batch 240/264  loss=0.5368
  batch 250/264  loss=0.4282
  batch 260/264  loss=0.4483
Epoch  29/300  train=5.884e-01  rmse=2.2506  lr=1.0e-04  227s
  -> best  monitor=5.884e-01
  batch 10/264  loss=0.5484
  batch 20/264  loss=0.9993
  batch 30/264  loss=1.2345
  batch 40/264  loss=0.4081
  batch 50/264  loss=0.6673
  batch 60/264  loss=0.7485
  batch 70/264  loss=0.4451
  batch 80/264  loss=0.6694
  batch 90/264  loss=0.4496
  batch 100/264  loss=0.5618
  batch 110/264  loss=0.5386
  batch 120/264  loss=0.7092
  batch 130/264  loss=0.4227
  batch 140/264  loss=1.1538
  batch 150/264  loss=0.5401
  batch 160/264  loss=0.4127
  batch 170/264  loss=1.0611
  batch 180/264  loss=0.4919
  batch 190/264  loss=0.4660
  batch 200/264  loss=0.4606
  batch 210/264  loss=0.5308
  batch 220/264  loss=0.5418
  batch 230/264  loss=0.4451
  batch 240/264  loss=0.4280
  batch 250/264  loss=0.4854
  batch 260/264  loss=0.5375
Epoch  30/300  train=5.870e-01  rmse=2.2034  lr=1.0e-04  226s
  -> best  monitor=5.870e-01
  batch 10/264  loss=0.5168
  batch 20/264  loss=0.5556
  batch 30/264  loss=0.3810
  batch 40/264  loss=0.4597
  batch 50/264  loss=0.7580
  batch 60/264  loss=0.4485
  batch 70/264  loss=0.6432
  batch 80/264  loss=0.6921
  batch 90/264  loss=0.8853
  batch 100/264  loss=0.4569
  batch 110/264  loss=0.5634
  batch 120/264  loss=0.5333
  batch 130/264  loss=0.6808
  batch 140/264  loss=0.5323
  batch 150/264  loss=0.7049
  batch 160/264  loss=0.4205
  batch 170/264  loss=0.5501
  batch 180/264  loss=0.6239
  batch 190/264  loss=0.4767
  batch 200/264  loss=0.5511
  batch 210/264  loss=0.5413
  batch 220/264  loss=0.5598
  batch 230/264  loss=0.5518
  batch 240/264  loss=0.5176
  batch 250/264  loss=0.4596
  batch 260/264  loss=0.6471
Epoch  31/300  train=5.828e-01  rmse=2.2227  lr=1.0e-04  226s
  -> best  monitor=5.828e-01
  batch 10/264  loss=0.4972
  batch 20/264  loss=0.4009
  batch 30/264  loss=0.6280
  batch 40/264  loss=0.5017
  batch 50/264  loss=0.5154
  batch 60/264  loss=0.4998
  batch 70/264  loss=0.5808
  batch 80/264  loss=0.5672
  batch 90/264  loss=0.8902
  batch 100/264  loss=0.4977
  batch 110/264  loss=0.9187
  batch 120/264  loss=0.5152
  batch 130/264  loss=0.5307
  batch 140/264  loss=0.6522
  batch 150/264  loss=0.5184
  batch 160/264  loss=0.5420
  batch 170/264  loss=0.6481
  batch 180/264  loss=0.5798
  batch 190/264  loss=0.5363
  batch 200/264  loss=0.5274
  batch 210/264  loss=1.0635
  batch 220/264  loss=0.3711
  batch 230/264  loss=0.6235
  batch 240/264  loss=0.4898
  batch 250/264  loss=0.8602
  batch 260/264  loss=0.4635
Epoch  32/300  train=5.945e-01  rmse=2.2805  lr=1.0e-04  227s
  batch 10/264  loss=0.4057
  batch 20/264  loss=0.5269
  batch 30/264  loss=0.5266
  batch 40/264  loss=0.5131
  batch 50/264  loss=1.0849
  batch 60/264  loss=0.4013
  batch 70/264  loss=0.4234
  batch 80/264  loss=0.4145
  batch 90/264  loss=0.5625
  batch 100/264  loss=0.4977
  batch 110/264  loss=0.4447
  batch 120/264  loss=0.3824
  batch 130/264  loss=0.7084
  batch 140/264  loss=0.5483
  batch 150/264  loss=0.4486
  batch 160/264  loss=0.4962
  batch 170/264  loss=0.4625
  batch 180/264  loss=0.4830
  batch 190/264  loss=0.4255
  batch 200/264  loss=0.5523
  batch 210/264  loss=1.2005
  batch 220/264  loss=1.2584
  batch 230/264  loss=0.7014
  batch 240/264  loss=0.7835
  batch 250/264  loss=0.4827
  batch 260/264  loss=0.4694
Epoch  33/300  train=5.728e-01  rmse=2.2137  lr=1.0e-04  227s
  -> best  monitor=5.728e-01
  batch 10/264  loss=0.6766
  batch 20/264  loss=0.4406
  batch 30/264  loss=0.6737
  batch 40/264  loss=0.5991
  batch 50/264  loss=0.5296
  batch 60/264  loss=0.4497
  batch 70/264  loss=0.5839
  batch 80/264  loss=0.5367
  batch 90/264  loss=0.5321
  batch 100/264  loss=1.0042
  batch 110/264  loss=0.8997
  batch 120/264  loss=0.4902
  batch 130/264  loss=0.5705
  batch 140/264  loss=0.3881
  batch 150/264  loss=0.4768
  batch 160/264  loss=0.6887
  batch 170/264  loss=0.5764
  batch 180/264  loss=0.4285
  batch 190/264  loss=0.4513
  batch 200/264  loss=0.5353
  batch 210/264  loss=0.4598
  batch 220/264  loss=0.4966
  batch 230/264  loss=0.4391
  batch 240/264  loss=0.5012
  batch 250/264  loss=0.6555
  batch 260/264  loss=0.4684
Epoch  34/300  train=5.639e-01  rmse=2.1773  lr=1.0e-04  227s
  -> best  monitor=5.639e-01
  batch 10/264  loss=0.9457
  batch 20/264  loss=0.5256
  batch 30/264  loss=1.0039
  batch 40/264  loss=0.8026
  batch 50/264  loss=0.3982
  batch 60/264  loss=0.7277
  batch 70/264  loss=0.4696
  batch 80/264  loss=0.4478
  batch 90/264  loss=0.5432
  batch 100/264  loss=0.6634
  batch 110/264  loss=0.5926
  batch 120/264  loss=0.3990
  batch 130/264  loss=0.4133
  batch 140/264  loss=0.4168
  batch 150/264  loss=0.7969
  batch 160/264  loss=0.6291
  batch 170/264  loss=0.4364
  batch 180/264  loss=0.4733
  batch 190/264  loss=0.7805
  batch 200/264  loss=0.4422
  batch 210/264  loss=0.4011
  batch 220/264  loss=0.4379
  batch 230/264  loss=0.6229
  batch 240/264  loss=0.7661
  batch 250/264  loss=0.7050
  batch 260/264  loss=0.6543
Epoch  35/300  train=5.728e-01  rmse=2.2378  lr=1.0e-04  227s
  batch 10/264  loss=0.5054
  batch 20/264  loss=0.6814
  batch 30/264  loss=0.4800
  batch 40/264  loss=0.6000
  batch 50/264  loss=0.6687
  batch 60/264  loss=0.5330
  batch 70/264  loss=0.6084
  batch 80/264  loss=0.4328
  batch 90/264  loss=0.7182
  batch 100/264  loss=0.4623
  batch 110/264  loss=0.4114
  batch 120/264  loss=0.4592
  batch 130/264  loss=0.4228
  batch 140/264  loss=0.4925
  batch 150/264  loss=0.4059
  batch 160/264  loss=0.5322
  batch 170/264  loss=0.5175
  batch 180/264  loss=0.4453
  batch 190/264  loss=0.4385
  batch 200/264  loss=0.5447
  batch 210/264  loss=0.5526
  batch 220/264  loss=0.5066
  batch 230/264  loss=0.4731
  batch 240/264  loss=0.8182
  batch 250/264  loss=0.7322
  batch 260/264  loss=0.3811
Epoch  36/300  train=5.644e-01  rmse=2.2085  lr=1.0e-04  227s
  batch 10/264  loss=0.4371
  batch 20/264  loss=0.6879
  batch 30/264  loss=0.5121
  batch 40/264  loss=0.4425
  batch 50/264  loss=0.8915
  batch 60/264  loss=0.4982
  batch 70/264  loss=0.4773
  batch 80/264  loss=0.9167
  batch 90/264  loss=0.4948
  batch 100/264  loss=0.5454
  batch 110/264  loss=0.5757
  batch 120/264  loss=1.0188
  batch 130/264  loss=0.4311
  batch 140/264  loss=0.4188
  batch 150/264  loss=0.4638
  batch 160/264  loss=0.5553
  batch 170/264  loss=0.8869
  batch 180/264  loss=0.4471
  batch 190/264  loss=0.3980
  batch 200/264  loss=0.4334
  batch 210/264  loss=0.5380
  batch 220/264  loss=0.6035
  batch 230/264  loss=0.9601
  batch 240/264  loss=0.7617
  batch 250/264  loss=0.3870
  batch 260/264  loss=0.7312
Epoch  37/300  train=5.609e-01  rmse=2.2567  lr=1.0e-04  226s
  -> best  monitor=5.609e-01
  batch 10/264  loss=0.4791
  batch 20/264  loss=0.4254
  batch 30/264  loss=0.5134
  batch 40/264  loss=0.3582
  batch 50/264  loss=0.4960
  batch 60/264  loss=0.4065
  batch 70/264  loss=0.4617
  batch 80/264  loss=0.6507
  batch 90/264  loss=0.4441
  batch 100/264  loss=0.6778
  batch 110/264  loss=0.8726
  batch 120/264  loss=0.4549
  batch 130/264  loss=0.5966
  batch 140/264  loss=0.4147
  batch 150/264  loss=0.5555
  batch 160/264  loss=0.6476
  batch 170/264  loss=0.4066
  batch 180/264  loss=0.6316
  batch 190/264  loss=0.7619
  batch 200/264  loss=0.6649
  batch 210/264  loss=0.3633
  batch 220/264  loss=0.4132
  batch 230/264  loss=0.5455
  batch 240/264  loss=1.0929
  batch 250/264  loss=0.4306
  batch 260/264  loss=0.4111
Epoch  38/300  train=5.575e-01  rmse=2.1757  lr=1.0e-04  225s
  -> best  monitor=5.575e-01
  batch 10/264  loss=0.4759
  batch 20/264  loss=0.5486
  batch 30/264  loss=0.4852
  batch 40/264  loss=0.7330
  batch 50/264  loss=0.6285
  batch 60/264  loss=0.4922
  batch 70/264  loss=0.5357
  batch 80/264  loss=0.5356
  batch 90/264  loss=0.5774
  batch 100/264  loss=0.5013
  batch 110/264  loss=0.6359
  batch 120/264  loss=0.3519
  batch 130/264  loss=0.4028
  batch 140/264  loss=0.4768
  batch 150/264  loss=0.3998
  batch 160/264  loss=0.7676
  batch 170/264  loss=1.1351
  batch 180/264  loss=0.8600
  batch 190/264  loss=0.4225
  batch 200/264  loss=0.5063
  batch 210/264  loss=0.8109
  batch 220/264  loss=0.7546
  batch 230/264  loss=0.5324
  batch 240/264  loss=0.7333
  batch 250/264  loss=0.6092
  batch 260/264  loss=0.3844
Epoch  39/300  train=5.586e-01  rmse=2.1733  lr=1.0e-04  226s
  batch 10/264  loss=0.7830
  batch 20/264  loss=0.4763
  batch 30/264  loss=0.5097
  batch 40/264  loss=0.3978
  batch 50/264  loss=0.4393
  batch 60/264  loss=0.4183
  batch 70/264  loss=0.4096
  batch 80/264  loss=0.4501
  batch 90/264  loss=0.6236
  batch 100/264  loss=0.4672
  batch 110/264  loss=0.4870
  batch 120/264  loss=0.4128
  batch 130/264  loss=0.5543
  batch 140/264  loss=0.3371
  batch 150/264  loss=0.5829
  batch 160/264  loss=0.4320
  batch 170/264  loss=0.4424
  batch 180/264  loss=1.0350
  batch 190/264  loss=0.4719
  batch 200/264  loss=0.5528
  batch 210/264  loss=0.3853
  batch 220/264  loss=0.7217
  batch 230/264  loss=0.6441
  batch 240/264  loss=0.5752
  batch 250/264  loss=0.4124
  batch 260/264  loss=1.2594
Epoch  40/300  train=5.535e-01  rmse=2.1740  lr=1.0e-04  226s
  -> best  monitor=5.535e-01
  batch 10/264  loss=0.4658
  batch 20/264  loss=0.4613
  batch 30/264  loss=0.4300
  batch 40/264  loss=0.4154
  batch 50/264  loss=0.4026
  batch 60/264  loss=0.7251
  batch 70/264  loss=0.3514
  batch 80/264  loss=0.5442
  batch 90/264  loss=0.9831
  batch 100/264  loss=0.9762
  batch 110/264  loss=0.4040
  batch 120/264  loss=0.6582
  batch 130/264  loss=0.3525
  batch 140/264  loss=0.6129
  batch 150/264  loss=0.5541
  batch 160/264  loss=0.4406
  batch 170/264  loss=0.5182
  batch 180/264  loss=0.4147
  batch 190/264  loss=0.4338
  batch 200/264  loss=0.5246
  batch 210/264  loss=0.5227
  batch 220/264  loss=0.5960
  batch 230/264  loss=0.4745
  batch 240/264  loss=0.5871
  batch 250/264  loss=0.4644
  batch 260/264  loss=0.4197
Epoch  41/300  train=5.407e-01  rmse=2.1156  lr=1.0e-04  226s
  -> best  monitor=5.407e-01
  batch 10/264  loss=0.7573
  batch 20/264  loss=0.4200
  batch 30/264  loss=0.5277
  batch 40/264  loss=0.5847
  batch 50/264  loss=0.5256
  batch 60/264  loss=0.5398
  batch 70/264  loss=0.4832
  batch 80/264  loss=0.9594
  batch 90/264  loss=0.3771
  batch 100/264  loss=0.4394
  batch 110/264  loss=0.4174
  batch 120/264  loss=0.4457
  batch 130/264  loss=0.5009
  batch 140/264  loss=0.4099
  batch 150/264  loss=0.7054
  batch 160/264  loss=0.6053
  batch 170/264  loss=0.4542
  batch 180/264  loss=1.0851
  batch 190/264  loss=0.3748
  batch 200/264  loss=0.4876
  batch 210/264  loss=0.5112
  batch 220/264  loss=1.1133
  batch 230/264  loss=0.4719
  batch 240/264  loss=0.5152
  batch 250/264  loss=0.6888
  batch 260/264  loss=0.6220
Epoch  42/300  train=5.495e-01  rmse=2.1693  lr=1.0e-04  225s
  batch 10/264  loss=0.7579
  batch 20/264  loss=0.4947
  batch 30/264  loss=1.0988
  batch 40/264  loss=0.5486
  batch 50/264  loss=0.6814
  batch 60/264  loss=0.5343
  batch 70/264  loss=0.4127
  batch 80/264  loss=0.6220
  batch 90/264  loss=0.4803
  batch 100/264  loss=0.4050
  batch 110/264  loss=0.8141
  batch 120/264  loss=0.6106
  batch 130/264  loss=0.3883
  batch 140/264  loss=0.5354
  batch 150/264  loss=0.6596
  batch 160/264  loss=0.5309
  batch 170/264  loss=0.4126
  batch 180/264  loss=0.5198
  batch 190/264  loss=0.5238
  batch 200/264  loss=0.5711
  batch 210/264  loss=0.6271
  batch 220/264  loss=0.4516
  batch 230/264  loss=0.4446
  batch 240/264  loss=0.4361
  batch 250/264  loss=0.5357
  batch 260/264  loss=0.4246
Epoch  43/300  train=5.385e-01  rmse=2.1182  lr=1.0e-04  225s
  -> best  monitor=5.385e-01
  batch 10/264  loss=0.4362
  batch 20/264  loss=0.4242
  batch 30/264  loss=0.4668
  batch 40/264  loss=0.4987
  batch 50/264  loss=0.6033
  batch 60/264  loss=0.6522
  batch 70/264  loss=0.4748
  batch 80/264  loss=0.5036
  batch 90/264  loss=0.4421
  batch 100/264  loss=0.8906
  batch 110/264  loss=0.6273
  batch 120/264  loss=0.5106
  batch 130/264  loss=0.4328
  batch 140/264  loss=0.7439
  batch 150/264  loss=0.4804
  batch 160/264  loss=0.3839
  batch 170/264  loss=0.4250
  batch 180/264  loss=0.6962
  batch 190/264  loss=0.5131
  batch 200/264  loss=0.4021
  batch 210/264  loss=0.3704
  batch 220/264  loss=0.5525
  batch 230/264  loss=0.6732
  batch 240/264  loss=0.4605
  batch 250/264  loss=0.3786
  batch 260/264  loss=0.5431
Epoch  44/300  train=5.351e-01  rmse=2.1224  lr=1.0e-04  226s
  -> best  monitor=5.351e-01
  batch 10/264  loss=0.4796
  batch 20/264  loss=0.3756
  batch 30/264  loss=0.4730
  batch 40/264  loss=0.5004
  batch 50/264  loss=0.5064
  batch 60/264  loss=0.6200
  batch 70/264  loss=0.5067
  batch 80/264  loss=0.5567
  batch 90/264  loss=0.7743
  batch 100/264  loss=0.7638
  batch 110/264  loss=0.3528
  batch 120/264  loss=0.4800
  batch 130/264  loss=0.6980
  batch 140/264  loss=0.5884
  batch 150/264  loss=0.4493
  batch 160/264  loss=0.7204
  batch 170/264  loss=0.8453
  batch 180/264  loss=0.4905
  batch 190/264  loss=0.4934
  batch 200/264  loss=0.4422
  batch 210/264  loss=0.4206
  batch 220/264  loss=0.8386
  batch 230/264  loss=0.6805
  batch 240/264  loss=0.4099
  batch 250/264  loss=0.4623
  batch 260/264  loss=0.6545
Epoch  45/300  train=5.326e-01  rmse=2.0975  lr=1.0e-04  227s
  -> best  monitor=5.326e-01
  batch 10/264  loss=0.6188
  batch 20/264  loss=0.4953
  batch 30/264  loss=0.4506
  batch 40/264  loss=0.4294
  batch 50/264  loss=0.6153
  batch 60/264  loss=0.3691
  batch 70/264  loss=0.4916
  batch 80/264  loss=0.6668
  batch 90/264  loss=0.3940
  batch 100/264  loss=0.6406
  batch 110/264  loss=0.6767
  batch 120/264  loss=0.7853
  batch 130/264  loss=0.4866
  batch 140/264  loss=0.4943
  batch 150/264  loss=0.7583
  batch 160/264  loss=0.4710
  batch 170/264  loss=0.5033
  batch 180/264  loss=0.4527
  batch 190/264  loss=0.3724
  batch 200/264  loss=0.4684
  batch 210/264  loss=0.7358
  batch 220/264  loss=0.4214
  batch 230/264  loss=0.4395
  batch 240/264  loss=0.4317
  batch 250/264  loss=0.4696
  batch 260/264  loss=0.4464
Epoch  46/300  train=5.290e-01  rmse=2.0872  lr=1.0e-04  227s
  -> best  monitor=5.290e-01
  batch 10/264  loss=0.4845
  batch 20/264  loss=0.5298
  batch 30/264  loss=0.3938
  batch 40/264  loss=0.5522
  batch 50/264  loss=0.4160
  batch 60/264  loss=0.4199
  batch 70/264  loss=0.6409
  batch 80/264  loss=0.4954
  batch 90/264  loss=0.4585
  batch 100/264  loss=0.9100
  batch 110/264  loss=0.3849
  batch 120/264  loss=0.4594
  batch 130/264  loss=0.5569
  batch 140/264  loss=0.5039
  batch 150/264  loss=0.7063
  batch 160/264  loss=0.5381
  batch 170/264  loss=1.0399
  batch 180/264  loss=0.3645
  batch 190/264  loss=0.4570
  batch 200/264  loss=0.6941
  batch 210/264  loss=0.4557
  batch 220/264  loss=0.5161
  batch 230/264  loss=0.4358
  batch 240/264  loss=0.4261
  batch 250/264  loss=0.3865
  batch 260/264  loss=0.4647
Epoch  47/300  train=5.306e-01  rmse=2.1235  lr=1.0e-04  228s
  batch 10/264  loss=0.3902
  batch 20/264  loss=0.5304
  batch 30/264  loss=0.5265
  batch 40/264  loss=0.3618
  batch 50/264  loss=0.4136
  batch 60/264  loss=0.4278
  batch 70/264  loss=0.5649
  batch 80/264  loss=0.4283
  batch 90/264  loss=0.3843
  batch 100/264  loss=0.8273
  batch 110/264  loss=0.4193
  batch 120/264  loss=0.4137
  batch 130/264  loss=0.4071
  batch 140/264  loss=0.3851
  batch 150/264  loss=0.8524
  batch 160/264  loss=0.5508
  batch 170/264  loss=0.3656
  batch 180/264  loss=0.4601
  batch 190/264  loss=0.4134
  batch 200/264  loss=0.3675
  batch 210/264  loss=0.3404
  batch 220/264  loss=0.4522
  batch 230/264  loss=0.5586
  batch 240/264  loss=0.5530
  batch 250/264  loss=0.4376
  batch 260/264  loss=0.4455
Epoch  48/300  train=5.254e-01  rmse=2.1483  lr=1.0e-04  227s
  -> best  monitor=5.254e-01
  batch 10/264  loss=0.5593
  batch 20/264  loss=0.3928
  batch 30/264  loss=0.5196
  batch 40/264  loss=0.7514
  batch 50/264  loss=0.4047
  batch 60/264  loss=0.3594
  batch 70/264  loss=0.4746
  batch 80/264  loss=0.4622
  batch 90/264  loss=0.3388
  batch 100/264  loss=0.4422
  batch 110/264  loss=0.8506
  batch 120/264  loss=0.5098
  batch 130/264  loss=0.5748
  batch 140/264  loss=0.4154
  batch 150/264  loss=0.4191
  batch 160/264  loss=0.4479
  batch 170/264  loss=0.8563
  batch 180/264  loss=0.3946
  batch 190/264  loss=0.4338
  batch 200/264  loss=0.5915
  batch 210/264  loss=0.4492
  batch 220/264  loss=0.5463
  batch 230/264  loss=0.4766
  batch 240/264  loss=0.3924
  batch 250/264  loss=0.6548
  batch 260/264  loss=0.4955
Epoch  49/300  train=5.251e-01  rmse=2.1205  lr=1.0e-04  228s
  -> best  monitor=5.251e-01
  batch 10/264  loss=0.4507
  batch 20/264  loss=0.4680
  batch 30/264  loss=0.4866
  batch 40/264  loss=0.4874
  batch 50/264  loss=0.4247
  batch 60/264  loss=0.4425
  batch 70/264  loss=0.6379
  batch 80/264  loss=0.4286
  batch 90/264  loss=0.3795
  batch 100/264  loss=0.5962
  batch 110/264  loss=0.3923
  batch 120/264  loss=0.5980
  batch 130/264  loss=0.4592
  batch 140/264  loss=0.4737
  batch 150/264  loss=0.3783
  batch 160/264  loss=0.4460
  batch 170/264  loss=0.4649
  batch 180/264  loss=0.4157
  batch 190/264  loss=0.7968
  batch 200/264  loss=0.3919
  batch 210/264  loss=0.6780
  batch 220/264  loss=0.6100
  batch 230/264  loss=0.4158
  batch 240/264  loss=0.4999
  batch 250/264  loss=0.7346
  batch 260/264  loss=0.5054
Epoch  50/300  train=5.236e-01  rmse=2.1219  lr=1.0e-04  227s
  -> best  monitor=5.236e-01
  batch 10/264  loss=0.4913
  batch 20/264  loss=0.4138
  batch 30/264  loss=0.4287
  batch 40/264  loss=0.3771
  batch 50/264  loss=0.5109
  batch 60/264  loss=0.4014
  batch 70/264  loss=0.4534
  batch 80/264  loss=0.4369
  batch 90/264  loss=0.7574
  batch 100/264  loss=0.6711
  batch 110/264  loss=0.3889
  batch 120/264  loss=0.6068
  batch 130/264  loss=0.3981
  batch 140/264  loss=0.5975
  batch 150/264  loss=0.4576
  batch 160/264  loss=0.5492
  batch 170/264  loss=0.4571
  batch 180/264  loss=0.4318
  batch 190/264  loss=0.4029
  batch 200/264  loss=0.4928
  batch 210/264  loss=0.4452
  batch 220/264  loss=0.5883
  batch 230/264  loss=0.3569
  batch 240/264  loss=0.7970
  batch 250/264  loss=0.5494
  batch 260/264  loss=0.4444
Epoch  51/300  train=5.141e-01  rmse=2.0613  lr=1.0e-04  227s
  -> best  monitor=5.141e-01
  batch 10/264  loss=0.3595
  batch 20/264  loss=0.5291
  batch 30/264  loss=0.3261
  batch 40/264  loss=0.4346
  batch 50/264  loss=0.3453
  batch 60/264  loss=0.5153
  batch 70/264  loss=0.4070
  batch 80/264  loss=0.4931
  batch 90/264  loss=0.6973
  batch 100/264  loss=0.3966
  batch 110/264  loss=0.3826
  batch 120/264  loss=0.4854
  batch 130/264  loss=0.6433
  batch 140/264  loss=0.6208
  batch 150/264  loss=0.7323
  batch 160/264  loss=0.5198
  batch 170/264  loss=0.4440
  batch 180/264  loss=0.5543
  batch 190/264  loss=0.4607
  batch 200/264  loss=0.4335
  batch 210/264  loss=0.5095
  batch 220/264  loss=0.8279
  batch 230/264  loss=0.4406
  batch 240/264  loss=0.4542
  batch 250/264  loss=0.7312
  batch 260/264  loss=0.4680
Epoch  52/300  train=5.200e-01  rmse=2.1015  lr=1.0e-04  228s
  batch 10/264  loss=0.5195
  batch 20/264  loss=1.0772
  batch 30/264  loss=0.3846
  batch 40/264  loss=0.3754
  batch 50/264  loss=0.7379
  batch 60/264  loss=0.4991
  batch 70/264  loss=0.6143
  batch 80/264  loss=0.4726
  batch 90/264  loss=0.3581
  batch 100/264  loss=0.7138
  batch 110/264  loss=0.4936
  batch 120/264  loss=0.4874
  batch 130/264  loss=0.5691
  batch 140/264  loss=0.4397
  batch 150/264  loss=0.5090
  batch 160/264  loss=0.3887
  batch 170/264  loss=0.5234
  batch 180/264  loss=0.4951
  batch 190/264  loss=0.4523
  batch 200/264  loss=0.5671
  batch 210/264  loss=0.5373
  batch 220/264  loss=0.6017
  batch 230/264  loss=0.4618
  batch 240/264  loss=0.7094
  batch 250/264  loss=0.3448
  batch 260/264  loss=0.3552
Epoch  53/300  train=5.176e-01  rmse=2.1073  lr=1.0e-04  227s
  batch 10/264  loss=0.5206
  batch 20/264  loss=0.4534
  batch 30/264  loss=0.4674
  batch 40/264  loss=0.4551
  batch 50/264  loss=0.7018
  batch 60/264  loss=0.5213
  batch 70/264  loss=0.4071
  batch 80/264  loss=0.3750
  batch 90/264  loss=0.4039
  batch 100/264  loss=0.4373
  batch 110/264  loss=0.4446
  batch 120/264  loss=0.3635
  batch 130/264  loss=0.4041
  batch 140/264  loss=0.5304
  batch 150/264  loss=0.4523
  batch 160/264  loss=0.7666
  batch 170/264  loss=0.5435
  batch 180/264  loss=0.5479
  batch 190/264  loss=0.4015
  batch 200/264  loss=0.3747
  batch 210/264  loss=0.3747
  batch 220/264  loss=0.6490
  batch 230/264  loss=0.4309
  batch 240/264  loss=0.6448
  batch 250/264  loss=0.4646
  batch 260/264  loss=0.4667
Epoch  54/300  train=5.141e-01  rmse=2.0780  lr=1.0e-04  228s
  -> best  monitor=5.141e-01
  batch 10/264  loss=0.4613
  batch 20/264  loss=0.5250
  batch 30/264  loss=0.6481
  batch 40/264  loss=0.4285
  batch 50/264  loss=0.4296
  batch 60/264  loss=0.5470
  batch 70/264  loss=0.4531
  batch 80/264  loss=0.6436
  batch 90/264  loss=0.4059
  batch 100/264  loss=0.3689
  batch 110/264  loss=0.4802
  batch 120/264  loss=0.3821
  batch 130/264  loss=0.3420
  batch 140/264  loss=0.3653
  batch 150/264  loss=0.5498
  batch 160/264  loss=0.5634
  batch 170/264  loss=0.4524
  batch 180/264  loss=0.5912
  batch 190/264  loss=0.3953
  batch 200/264  loss=0.4510
  batch 210/264  loss=0.5279
  batch 220/264  loss=0.5845
  batch 230/264  loss=0.3688
  batch 240/264  loss=0.7144
  batch 250/264  loss=0.4847
  batch 260/264  loss=0.4368
Epoch  55/300  train=5.118e-01  rmse=2.1045  lr=1.0e-04  227s
  -> best  monitor=5.118e-01
  batch 10/264  loss=0.3749
  batch 20/264  loss=1.1017
  batch 30/264  loss=0.6976
  batch 40/264  loss=0.3714
  batch 50/264  loss=0.4685
  batch 60/264  loss=0.3825
  batch 70/264  loss=0.4496
  batch 80/264  loss=0.3719
  batch 90/264  loss=0.4052
  batch 100/264  loss=0.5108
  batch 110/264  loss=0.4532
  batch 120/264  loss=0.4048
  batch 130/264  loss=0.4796
  batch 140/264  loss=0.4653
  batch 150/264  loss=0.4947
  batch 160/264  loss=0.5249
  batch 170/264  loss=0.4115
  batch 180/264  loss=0.3714
  batch 190/264  loss=0.4191
  batch 200/264  loss=0.3427
  batch 210/264  loss=0.4807
  batch 220/264  loss=0.4168
  batch 230/264  loss=0.4599
  batch 240/264  loss=0.7227
  batch 250/264  loss=0.7290
  batch 260/264  loss=0.4451
Epoch  56/300  train=5.026e-01  rmse=2.0399  lr=1.0e-04  226s
  -> best  monitor=5.026e-01
  batch 10/264  loss=0.3252
  batch 20/264  loss=0.4476
  batch 30/264  loss=0.8943
  batch 40/264  loss=0.5894
  batch 50/264  loss=0.7656
  batch 60/264  loss=0.4888
  batch 70/264  loss=0.8251
  batch 80/264  loss=0.3724
  batch 90/264  loss=0.8796
  batch 100/264  loss=0.5219
  batch 110/264  loss=0.3839
  batch 120/264  loss=0.4871
  batch 130/264  loss=0.3739
  batch 140/264  loss=0.4329
  batch 150/264  loss=0.3790
  batch 160/264  loss=0.3665
  batch 170/264  loss=0.4544
  batch 180/264  loss=0.6835
  batch 190/264  loss=0.4474
  batch 200/264  loss=0.4540
  batch 210/264  loss=0.5482
  batch 220/264  loss=1.1739
  batch 230/264  loss=0.4358
  batch 240/264  loss=0.4073
  batch 250/264  loss=0.4105
  batch 260/264  loss=0.4268
Epoch  57/300  train=5.023e-01  rmse=2.0579  lr=1.0e-04  225s
  -> best  monitor=5.023e-01
  batch 10/264  loss=0.7251
  batch 20/264  loss=0.4108
  batch 30/264  loss=0.4561
  batch 40/264  loss=0.5667
  batch 50/264  loss=0.4698
  batch 60/264  loss=0.6782
  batch 70/264  loss=0.5711
  batch 80/264  loss=0.4444
  batch 90/264  loss=0.3704
  batch 100/264  loss=0.4081
  batch 110/264  loss=0.4234
  batch 120/264  loss=0.3571
  batch 130/264  loss=0.4118
  batch 140/264  loss=0.4542
  batch 150/264  loss=0.4887
  batch 160/264  loss=0.4552
  batch 170/264  loss=0.5618
  batch 180/264  loss=0.3990
  batch 190/264  loss=0.3626
  batch 200/264  loss=0.4441
  batch 210/264  loss=0.3942
  batch 220/264  loss=0.6699
  batch 230/264  loss=0.5038
  batch 240/264  loss=0.4352
  batch 250/264  loss=0.7665
  batch 260/264  loss=0.5139
Epoch  58/300  train=5.045e-01  rmse=2.0456  lr=1.0e-04  226s
  batch 10/264  loss=0.5088
  batch 20/264  loss=0.4377
  batch 30/264  loss=0.4655
  batch 40/264  loss=0.4279
  batch 50/264  loss=0.3609
  batch 60/264  loss=0.5767
  batch 70/264  loss=0.5368
  batch 80/264  loss=0.4732
  batch 90/264  loss=0.3494
  batch 100/264  loss=0.4982
  batch 110/264  loss=0.4017
  batch 120/264  loss=0.5401
  batch 130/264  loss=0.4019
  batch 140/264  loss=0.4150
  batch 150/264  loss=0.5781
  batch 160/264  loss=0.5761
  batch 170/264  loss=0.3995
  batch 180/264  loss=0.6546
  batch 190/264  loss=0.3833
  batch 200/264  loss=0.4078
  batch 210/264  loss=0.4488
  batch 220/264  loss=0.4333
  batch 230/264  loss=0.5889
  batch 240/264  loss=0.6791
  batch 250/264  loss=0.3674
  batch 260/264  loss=0.3876
Epoch  59/300  train=5.032e-01  rmse=2.0557  lr=1.0e-04  227s
  batch 10/264  loss=0.4338
  batch 20/264  loss=0.7832
  batch 30/264  loss=0.7568
  batch 40/264  loss=0.4453
  batch 50/264  loss=0.4676
  batch 60/264  loss=0.4998
  batch 70/264  loss=0.5239
  batch 80/264  loss=0.4553
  batch 90/264  loss=0.9673
  batch 100/264  loss=0.3700
  batch 110/264  loss=0.4445
  batch 120/264  loss=0.8481
  batch 130/264  loss=0.4263
  batch 140/264  loss=0.4305
  batch 150/264  loss=0.4672
  batch 160/264  loss=0.5298
  batch 170/264  loss=0.5730
  batch 180/264  loss=0.5376
  batch 190/264  loss=0.6284
  batch 200/264  loss=0.4346
  batch 210/264  loss=0.4038
  batch 220/264  loss=0.4373
  batch 230/264  loss=0.7207
  batch 240/264  loss=0.5970
  batch 250/264  loss=0.4590
  batch 260/264  loss=0.5232
Epoch  60/300  train=5.020e-01  rmse=2.0837  lr=1.0e-04  228s
  -> best  monitor=5.020e-01
  batch 10/264  loss=0.3945
  batch 20/264  loss=0.3981
  batch 30/264  loss=0.3558
  batch 40/264  loss=0.3745
  batch 50/264  loss=0.6071
  batch 60/264  loss=0.5962
  batch 70/264  loss=0.3631
  batch 80/264  loss=0.5703
  batch 90/264  loss=0.4595
  batch 100/264  loss=0.5477
  batch 110/264  loss=0.5099
  batch 120/264  loss=0.4199
  batch 130/264  loss=0.3539
  batch 140/264  loss=0.3974
  batch 150/264  loss=0.4490
  batch 160/264  loss=0.5412
  batch 170/264  loss=0.4114
  batch 180/264  loss=0.3816
  batch 190/264  loss=0.4047
  batch 200/264  loss=0.3663
  batch 210/264  loss=0.5453
  batch 220/264  loss=0.3554
  batch 230/264  loss=0.4007
  batch 240/264  loss=0.4646
  batch 250/264  loss=0.4401
  batch 260/264  loss=0.9994
Epoch  61/300  train=5.029e-01  rmse=2.0429  lr=1.0e-04  227s
  batch 10/264  loss=0.3679
  batch 20/264  loss=0.4190
  batch 30/264  loss=0.4884
  batch 40/264  loss=0.4700
  batch 50/264  loss=0.3996
  batch 60/264  loss=0.4466
  batch 70/264  loss=0.4197
  batch 80/264  loss=0.4980
  batch 90/264  loss=0.4040
  batch 100/264  loss=0.4390
  batch 110/264  loss=0.3311
  batch 120/264  loss=0.3960
  batch 130/264  loss=0.5789
  batch 140/264  loss=0.6034
  batch 150/264  loss=0.4294
  batch 160/264  loss=1.2099
  batch 170/264  loss=0.5428
  batch 180/264  loss=0.5285
  batch 190/264  loss=0.3716
  batch 200/264  loss=0.5388
  batch 210/264  loss=0.3912
  batch 220/264  loss=0.3761
  batch 230/264  loss=0.3899
  batch 240/264  loss=0.3970
  batch 250/264  loss=0.7625
  batch 260/264  loss=0.7093
Epoch  62/300  train=4.953e-01  rmse=2.0103  lr=1.0e-04  226s
  -> best  monitor=4.953e-01
  batch 10/264  loss=0.4255
  batch 20/264  loss=0.4445
  batch 30/264  loss=0.5981
  batch 40/264  loss=0.5130
  batch 50/264  loss=0.4451
  batch 60/264  loss=0.3828
  batch 70/264  loss=0.4288
  batch 80/264  loss=0.6328
  batch 90/264  loss=0.5414
  batch 100/264  loss=0.4111
  batch 110/264  loss=0.6344
  batch 120/264  loss=0.4011
  batch 130/264  loss=0.4040
  batch 140/264  loss=0.4530
  batch 150/264  loss=0.3878
  batch 160/264  loss=0.5154
  batch 170/264  loss=0.3947
  batch 180/264  loss=0.4421
  batch 190/264  loss=0.5019
  batch 200/264  loss=0.6589
  batch 210/264  loss=0.4190
  batch 220/264  loss=0.6912
  batch 230/264  loss=0.5258
  batch 240/264  loss=0.6231
  batch 250/264  loss=0.4082
  batch 260/264  loss=0.4555
Epoch  63/300  train=4.971e-01  rmse=2.0566  lr=1.0e-04  228s
  batch 10/264  loss=0.4162
  batch 20/264  loss=0.4647
  batch 30/264  loss=0.3481
  batch 40/264  loss=0.4572
  batch 50/264  loss=0.4697
  batch 60/264  loss=0.3801
  batch 70/264  loss=0.4247
  batch 80/264  loss=0.7405
  batch 90/264  loss=0.5106
  batch 100/264  loss=0.5740
  batch 110/264  loss=0.4348
  batch 120/264  loss=0.6277
  batch 130/264  loss=0.5619
  batch 140/264  loss=0.4528
  batch 150/264  loss=0.4748
  batch 160/264  loss=0.3886
  batch 170/264  loss=0.3584
  batch 180/264  loss=0.5976
  batch 190/264  loss=0.4426
  batch 200/264  loss=0.6132
  batch 210/264  loss=0.6013
  batch 220/264  loss=0.5445
  batch 230/264  loss=0.6566
  batch 240/264  loss=0.3419
  batch 250/264  loss=0.4912
  batch 260/264  loss=0.4286
Epoch  64/300  train=4.923e-01  rmse=2.0733  lr=1.0e-04  226s
  -> best  monitor=4.923e-01
  batch 10/264  loss=0.4636
  batch 20/264  loss=0.6930
  batch 30/264  loss=0.4935
  batch 40/264  loss=0.4410
  batch 50/264  loss=0.3992
  batch 60/264  loss=0.3626
  batch 70/264  loss=0.3952
  batch 80/264  loss=0.3919
  batch 90/264  loss=0.4945
  batch 100/264  loss=0.4748
  batch 110/264  loss=0.5574
  batch 120/264  loss=0.5471
  batch 130/264  loss=0.3717
  batch 140/264  loss=0.3359
  batch 150/264  loss=1.0375
  batch 160/264  loss=0.9785
  batch 170/264  loss=0.3814
  batch 180/264  loss=0.4926
  batch 190/264  loss=0.4489
  batch 200/264  loss=0.4870
  batch 210/264  loss=0.5199
  batch 220/264  loss=0.3463
  batch 230/264  loss=0.3647
  batch 240/264  loss=0.6141
  batch 250/264  loss=0.4157
  batch 260/264  loss=0.3779
Epoch  65/300  train=4.921e-01  rmse=2.0934  lr=1.0e-04  226s
  -> best  monitor=4.921e-01
  batch 10/264  loss=0.5884
  batch 20/264  loss=0.4766
  batch 30/264  loss=0.5088
  batch 40/264  loss=0.3766
  batch 50/264  loss=0.3551
  batch 60/264  loss=0.5595
  batch 70/264  loss=0.7267
  batch 80/264  loss=0.5706
  batch 90/264  loss=0.5798
  batch 100/264  loss=0.4627
  batch 110/264  loss=0.4074
  batch 120/264  loss=0.4688
  batch 130/264  loss=1.1271
  batch 140/264  loss=0.6068
  batch 150/264  loss=0.4156
  batch 160/264  loss=0.3185
  batch 170/264  loss=0.4630
  batch 180/264  loss=0.4399
  batch 190/264  loss=0.3564
  batch 200/264  loss=0.5320
  batch 210/264  loss=0.4519
  batch 220/264  loss=0.4127
  batch 230/264  loss=0.3352
  batch 240/264  loss=0.7671
  batch 250/264  loss=0.7063
  batch 260/264  loss=0.4224
Epoch  66/300  train=4.985e-01  rmse=2.1061  lr=1.0e-04  226s
  batch 10/264  loss=0.8910
  batch 20/264  loss=0.7050
  batch 30/264  loss=0.4040
  batch 40/264  loss=0.4097
  batch 50/264  loss=0.6474
  batch 60/264  loss=0.4822
  batch 70/264  loss=0.3635
  batch 80/264  loss=0.3547
  batch 90/264  loss=0.8368
  batch 100/264  loss=0.5808
  batch 110/264  loss=0.5417
  batch 120/264  loss=0.3607
  batch 130/264  loss=0.4401
  batch 140/264  loss=0.4646
  batch 150/264  loss=0.4293
  batch 160/264  loss=0.3381
  batch 170/264  loss=0.4065
  batch 180/264  loss=0.4530
  batch 190/264  loss=0.8904
  batch 200/264  loss=0.4694
  batch 210/264  loss=0.7556
  batch 220/264  loss=0.4623
  batch 230/264  loss=0.4273
  batch 240/264  loss=0.3817
  batch 250/264  loss=0.5433
  batch 260/264  loss=0.6888
Epoch  67/300  train=4.877e-01  rmse=2.0127  lr=1.0e-04  227s
  -> best  monitor=4.877e-01
  batch 10/264  loss=0.4794
  batch 20/264  loss=0.6309
  batch 30/264  loss=0.7204
  batch 40/264  loss=0.6794
  batch 50/264  loss=0.3602
  batch 60/264  loss=0.4341
  batch 70/264  loss=0.7198
  batch 80/264  loss=0.3800
  batch 90/264  loss=0.5803
  batch 100/264  loss=0.4627
  batch 110/264  loss=0.4629
  batch 120/264  loss=0.5246
  batch 130/264  loss=0.3731
  batch 140/264  loss=0.3237
  batch 150/264  loss=0.4583
  batch 160/264  loss=0.5310
  batch 170/264  loss=0.3804
  batch 180/264  loss=0.4381
  batch 190/264  loss=0.4594
  batch 200/264  loss=0.4860
  batch 210/264  loss=0.4346
  batch 220/264  loss=0.9432
  batch 230/264  loss=0.5276
  batch 240/264  loss=0.4789
  batch 250/264  loss=0.6446
  batch 260/264  loss=0.6525
Epoch  68/300  train=4.875e-01  rmse=2.0408  lr=1.0e-04  227s
  -> best  monitor=4.875e-01
  batch 10/264  loss=0.4599
  batch 20/264  loss=0.5009
  batch 30/264  loss=0.3043
  batch 40/264  loss=0.4395
  batch 50/264  loss=0.4436
  batch 60/264  loss=0.5464
  batch 70/264  loss=0.4823
  batch 80/264  loss=0.4019
  batch 90/264  loss=0.6721
  batch 100/264  loss=0.3786
  batch 110/264  loss=0.5858
  batch 120/264  loss=0.3998
  batch 130/264  loss=0.4846
  batch 140/264  loss=0.9968
  batch 150/264  loss=0.4389
  batch 160/264  loss=0.4205
  batch 170/264  loss=0.6734
  batch 180/264  loss=0.6939
  batch 190/264  loss=0.7356
  batch 200/264  loss=0.4530
  batch 210/264  loss=0.6635
  batch 220/264  loss=0.4801
  batch 230/264  loss=0.5568
  batch 240/264  loss=0.4494
  batch 250/264  loss=0.4592
  batch 260/264  loss=0.7973
Epoch  69/300  train=4.853e-01  rmse=2.0493  lr=1.0e-04  226s
  -> best  monitor=4.853e-01
  batch 10/264  loss=0.3720
  batch 20/264  loss=0.4769
  batch 30/264  loss=0.4148
  batch 40/264  loss=0.4341
  batch 50/264  loss=0.4646
  batch 60/264  loss=0.3367
  batch 70/264  loss=0.7323
  batch 80/264  loss=0.5006
  batch 90/264  loss=0.4027
  batch 100/264  loss=0.5461
  batch 110/264  loss=0.9700
  batch 120/264  loss=0.3885
  batch 130/264  loss=0.7796
  batch 140/264  loss=0.4371
  batch 150/264  loss=0.4962
  batch 160/264  loss=0.4196
  batch 170/264  loss=0.5922
  batch 180/264  loss=0.4266
  batch 190/264  loss=0.3822
  batch 200/264  loss=0.4195
  batch 210/264  loss=0.5327
  batch 220/264  loss=0.3490
  batch 230/264  loss=0.4626
  batch 240/264  loss=0.4968
  batch 250/264  loss=0.4746
  batch 260/264  loss=0.4121
Epoch  70/300  train=4.791e-01  rmse=1.9998  lr=1.0e-04  226s
  -> best  monitor=4.791e-01
  batch 10/264  loss=0.4335
  batch 20/264  loss=0.4431
  batch 30/264  loss=0.4860
  batch 40/264  loss=0.6191
  batch 50/264  loss=0.4049
  batch 60/264  loss=0.3819
  batch 70/264  loss=0.4082
  batch 80/264  loss=0.3751
  batch 90/264  loss=0.3739
  batch 100/264  loss=0.8940
  batch 110/264  loss=0.3895
  batch 120/264  loss=0.3839
  batch 130/264  loss=0.3627
  batch 140/264  loss=0.3361
  batch 150/264  loss=1.0701
  batch 160/264  loss=0.5617
  batch 170/264  loss=0.4349
  batch 180/264  loss=0.4325
  batch 190/264  loss=0.4901
  batch 200/264  loss=0.4447
  batch 210/264  loss=0.4211
  batch 220/264  loss=0.3776
  batch 230/264  loss=0.4543
  batch 240/264  loss=0.3504
  batch 250/264  loss=0.5064
  batch 260/264  loss=0.4534
Epoch  71/300  train=4.802e-01  rmse=2.0222  lr=1.0e-04  227s
  batch 10/264  loss=0.8589
  batch 20/264  loss=0.4842
  batch 30/264  loss=0.7686
  batch 40/264  loss=0.5606
  batch 50/264  loss=0.4513
  batch 60/264  loss=0.4906
  batch 70/264  loss=0.3531
  batch 80/264  loss=0.4931
  batch 90/264  loss=0.3567
  batch 100/264  loss=0.3238
  batch 110/264  loss=0.3457
  batch 120/264  loss=0.5299
  batch 130/264  loss=0.4683
  batch 140/264  loss=0.5535
  batch 150/264  loss=0.3960
  batch 160/264  loss=0.4290
  batch 170/264  loss=0.6022
  batch 180/264  loss=0.4766
  batch 190/264  loss=0.5388
  batch 200/264  loss=0.3578
  batch 210/264  loss=0.3202
  batch 220/264  loss=0.4973
  batch 230/264  loss=0.4787
  batch 240/264  loss=0.4503
  batch 250/264  loss=0.6338
  batch 260/264  loss=0.5464
Epoch  72/300  train=4.818e-01  rmse=2.0479  lr=1.0e-04  227s
  batch 10/264  loss=0.4765
  batch 20/264  loss=0.4153
  batch 30/264  loss=0.5016
  batch 40/264  loss=0.3781
  batch 50/264  loss=0.7055
  batch 60/264  loss=0.3443
  batch 70/264  loss=0.4983
  batch 80/264  loss=0.3959
  batch 90/264  loss=0.3764
  batch 100/264  loss=0.5191
  batch 110/264  loss=0.4661
  batch 120/264  loss=0.5820
  batch 130/264  loss=0.6515
  batch 140/264  loss=0.4361
  batch 150/264  loss=0.3505
  batch 160/264  loss=0.4161
  batch 170/264  loss=0.4587
  batch 180/264  loss=0.5401
  batch 190/264  loss=0.3676
  batch 200/264  loss=0.4676
  batch 210/264  loss=0.3566
  batch 220/264  loss=0.7490
  batch 230/264  loss=0.3622
  batch 240/264  loss=0.4452
  batch 250/264  loss=0.3821
  batch 260/264  loss=0.3870
Epoch  73/300  train=4.808e-01  rmse=2.0086  lr=1.0e-04  226s
  batch 10/264  loss=0.3617
  batch 20/264  loss=0.5836
  batch 30/264  loss=0.3577
  batch 40/264  loss=0.3864
  batch 50/264  loss=0.6677
  batch 60/264  loss=0.7163
  batch 70/264  loss=0.3317
  batch 80/264  loss=0.3785
  batch 90/264  loss=0.5141
  batch 100/264  loss=0.4854
  batch 110/264  loss=0.3630
  batch 120/264  loss=0.3679
  batch 130/264  loss=0.5203
  batch 140/264  loss=0.4205
  batch 150/264  loss=0.3575
  batch 160/264  loss=0.4499
  batch 170/264  loss=0.4497
  batch 180/264  loss=0.5694
  batch 190/264  loss=0.5156
  batch 200/264  loss=1.2705
  batch 210/264  loss=0.9280
  batch 220/264  loss=0.3747
  batch 230/264  loss=0.7534
  batch 240/264  loss=0.6753
  batch 250/264  loss=0.3837
  batch 260/264  loss=0.4232
Epoch  74/300  train=4.752e-01  rmse=2.0013  lr=1.0e-04  227s
  -> best  monitor=4.752e-01
  batch 10/264  loss=0.4054
  batch 20/264  loss=0.3437
  batch 30/264  loss=0.8600
  batch 40/264  loss=0.3518
  batch 50/264  loss=0.3872
  batch 60/264  loss=0.5819
  batch 70/264  loss=0.5603
  batch 80/264  loss=0.5613
  batch 90/264  loss=0.3371
  batch 100/264  loss=0.3793
  batch 110/264  loss=0.3455
  batch 120/264  loss=0.3550
  batch 130/264  loss=0.8509
  batch 140/264  loss=0.5418
  batch 150/264  loss=0.3933
  batch 160/264  loss=0.4083
  batch 170/264  loss=0.5525
  batch 180/264  loss=0.3619
  batch 190/264  loss=0.4508
  batch 200/264  loss=0.4730
  batch 210/264  loss=0.4129
  batch 220/264  loss=0.4262
  batch 230/264  loss=0.4328
  batch 240/264  loss=0.2961
  batch 250/264  loss=0.6097
  batch 260/264  loss=0.3931
Epoch  75/300  train=4.805e-01  rmse=2.0239  lr=1.0e-04  225s
  batch 10/264  loss=0.5273
  batch 20/264  loss=0.6006
  batch 30/264  loss=0.5024
  batch 40/264  loss=0.4105
  batch 50/264  loss=0.7939
  batch 60/264  loss=0.3644
  batch 70/264  loss=0.5197
  batch 80/264  loss=0.9153
  batch 90/264  loss=0.5652
  batch 100/264  loss=0.3485
  batch 110/264  loss=0.5066
  batch 120/264  loss=0.4194
  batch 130/264  loss=0.3426
  batch 140/264  loss=0.4563
  batch 150/264  loss=0.4226
  batch 160/264  loss=0.4426
  batch 170/264  loss=0.3578
  batch 180/264  loss=0.4274
  batch 190/264  loss=0.6890
  batch 200/264  loss=0.6642
  batch 210/264  loss=0.3579
  batch 220/264  loss=0.5322
  batch 230/264  loss=0.5033
  batch 240/264  loss=0.3668
  batch 250/264  loss=0.3785
  batch 260/264  loss=0.4525
Epoch  76/300  train=4.798e-01  rmse=2.0098  lr=1.0e-04  228s
  batch 10/264  loss=0.5179
  batch 20/264  loss=0.3336
  batch 30/264  loss=0.3975
  batch 40/264  loss=0.3551
  batch 50/264  loss=0.6198
  batch 60/264  loss=0.5305
  batch 70/264  loss=0.4004
  batch 80/264  loss=0.4779
  batch 90/264  loss=0.3777
  batch 100/264  loss=0.4270
  batch 110/264  loss=0.4959
  batch 120/264  loss=0.4544
  batch 130/264  loss=0.4130
  batch 140/264  loss=0.3701
  batch 150/264  loss=0.4867
  batch 160/264  loss=0.5088
  batch 170/264  loss=0.4024
  batch 180/264  loss=0.3858
  batch 190/264  loss=0.4075
  batch 200/264  loss=0.4729
  batch 210/264  loss=0.4039
  batch 220/264  loss=0.4629
  batch 230/264  loss=0.4463
  batch 240/264  loss=0.4868
  batch 250/264  loss=0.4360
  batch 260/264  loss=0.3492
Epoch  77/300  train=4.719e-01  rmse=2.0033  lr=1.0e-04  227s
  -> best  monitor=4.719e-01
  batch 10/264  loss=0.3768
  batch 20/264  loss=0.4941
  batch 30/264  loss=0.4398
  batch 40/264  loss=0.4082
  batch 50/264  loss=0.4504
  batch 60/264  loss=0.5575
  batch 70/264  loss=0.6861
  batch 80/264  loss=0.5770
  batch 90/264  loss=0.5467
  batch 100/264  loss=0.4467
  batch 110/264  loss=0.4847
  batch 120/264  loss=0.3654
  batch 130/264  loss=0.3577
  batch 140/264  loss=0.5257
  batch 150/264  loss=0.4264
  batch 160/264  loss=0.3892
  batch 170/264  loss=0.3592
  batch 180/264  loss=0.4778
  batch 190/264  loss=0.6186
  batch 200/264  loss=0.8552
  batch 210/264  loss=0.4690
  batch 220/264  loss=0.3739
  batch 230/264  loss=0.4583
  batch 240/264  loss=0.3799
  batch 250/264  loss=0.3896
  batch 260/264  loss=0.4470
Epoch  78/300  train=4.743e-01  rmse=1.9794  lr=1.0e-04  226s
  batch 10/264  loss=0.5801
  batch 20/264  loss=0.3733
  batch 30/264  loss=0.5774
  batch 40/264  loss=0.4177
  batch 50/264  loss=0.4045
  batch 60/264  loss=0.6125
  batch 70/264  loss=0.5475
  batch 80/264  loss=0.5168
  batch 90/264  loss=0.3550
  batch 100/264  loss=0.5754
  batch 110/264  loss=0.6129
  batch 120/264  loss=0.3751
  batch 130/264  loss=0.5998
  batch 140/264  loss=0.3725
  batch 150/264  loss=0.4265
  batch 160/264  loss=0.4289
  batch 170/264  loss=0.5357
  batch 180/264  loss=0.4848
  batch 190/264  loss=0.4088
  batch 200/264  loss=0.4045
  batch 210/264  loss=0.4639
  batch 220/264  loss=0.7390
  batch 230/264  loss=0.4362
  batch 240/264  loss=0.4940
  batch 250/264  loss=0.5468
  batch 260/264  loss=0.4461
Epoch  79/300  train=4.693e-01  rmse=2.0299  lr=1.0e-04  226s
  -> best  monitor=4.693e-01
  batch 10/264  loss=0.3953
  batch 20/264  loss=0.4307
  batch 30/264  loss=0.4572
  batch 40/264  loss=0.4505
  batch 50/264  loss=0.3456
  batch 60/264  loss=0.3941
  batch 70/264  loss=0.4147
  batch 80/264  loss=0.3340
  batch 90/264  loss=0.4500
  batch 100/264  loss=0.3390
  batch 110/264  loss=0.4601
  batch 120/264  loss=1.0102
  batch 130/264  loss=0.4131
  batch 140/264  loss=0.4434
  batch 150/264  loss=0.3865
  batch 160/264  loss=0.3534
  batch 170/264  loss=0.7214
  batch 180/264  loss=0.8978
  batch 190/264  loss=0.4876
  batch 200/264  loss=0.5045
  batch 210/264  loss=0.3990
  batch 220/264  loss=0.3720
  batch 230/264  loss=0.3947
  batch 240/264  loss=0.5316
  batch 250/264  loss=0.5075
  batch 260/264  loss=0.3370
Epoch  80/300  train=4.730e-01  rmse=1.9675  lr=1.0e-04  227s
  batch 10/264  loss=0.4084
  batch 20/264  loss=0.5243
  batch 30/264  loss=0.4983
  batch 40/264  loss=0.4717
  batch 50/264  loss=0.3947
  batch 60/264  loss=0.5224
  batch 70/264  loss=0.3929
  batch 80/264  loss=0.8562
  batch 90/264  loss=0.4203
  batch 100/264  loss=0.3482
  batch 110/264  loss=0.4491
  batch 120/264  loss=0.4552
  batch 130/264  loss=0.3634
  batch 140/264  loss=0.6813
  batch 150/264  loss=0.4843
  batch 160/264  loss=0.5624
  batch 170/264  loss=0.4536
  batch 180/264  loss=0.3746
  batch 190/264  loss=0.5337
  batch 200/264  loss=0.3494
  batch 210/264  loss=0.4207
  batch 220/264  loss=0.4382
  batch 230/264  loss=0.4968
  batch 240/264  loss=0.5594
  batch 250/264  loss=0.5176
  batch 260/264  loss=0.4426
Epoch  81/300  train=4.727e-01  rmse=2.0053  lr=1.0e-04  228s
  batch 10/264  loss=0.5698
  batch 20/264  loss=0.4161
  batch 30/264  loss=0.7632
  batch 40/264  loss=0.6014
  batch 50/264  loss=0.3437
  batch 60/264  loss=0.3977
  batch 70/264  loss=0.4616
  batch 80/264  loss=0.5298
  batch 90/264  loss=0.4472
  batch 100/264  loss=0.6176
  batch 110/264  loss=0.6401
  batch 120/264  loss=0.3188
  batch 130/264  loss=0.6195
  batch 140/264  loss=0.6120
  batch 150/264  loss=0.3291
  batch 160/264  loss=0.4390
  batch 170/264  loss=0.3877
  batch 180/264  loss=0.4019
  batch 190/264  loss=0.4644
  batch 200/264  loss=0.3867
  batch 210/264  loss=0.5206
  batch 220/264  loss=0.6309
  batch 230/264  loss=0.3749
  batch 240/264  loss=0.3150
  batch 250/264  loss=0.5914
  batch 260/264  loss=0.7425
Epoch  82/300  train=4.624e-01  rmse=1.9379  lr=1.0e-04  227s
  -> best  monitor=4.624e-01
  batch 10/264  loss=0.4216
  batch 20/264  loss=0.3463
  batch 30/264  loss=0.6570
  batch 40/264  loss=0.3819
  batch 50/264  loss=0.4876
  batch 60/264  loss=0.4883
  batch 70/264  loss=0.4840
  batch 80/264  loss=0.4975
  batch 90/264  loss=0.4103
  batch 100/264  loss=0.5123
  batch 110/264  loss=0.4866
  batch 120/264  loss=0.4465
  batch 130/264  loss=0.6481
  batch 140/264  loss=0.4287
  batch 150/264  loss=0.6672
  batch 160/264  loss=0.4914
  batch 170/264  loss=0.4014
  batch 180/264  loss=0.5187
  batch 190/264  loss=0.4644
  batch 200/264  loss=0.4352
  batch 210/264  loss=0.4481
  batch 220/264  loss=0.4033
  batch 230/264  loss=0.7629
  batch 240/264  loss=0.4905
  batch 250/264  loss=0.4961
  batch 260/264  loss=0.7030
Epoch  83/300  train=4.693e-01  rmse=1.9733  lr=1.0e-04  227s
  batch 10/264  loss=0.3855
  batch 20/264  loss=0.7476
  batch 30/264  loss=0.3779
  batch 40/264  loss=0.6439
  batch 50/264  loss=0.3273
  batch 60/264  loss=0.4278
  batch 70/264  loss=0.5091
  batch 80/264  loss=0.4507
  batch 90/264  loss=0.5024
  batch 100/264  loss=0.4755
  batch 110/264  loss=0.5337
  batch 120/264  loss=0.5165
  batch 130/264  loss=0.6051
  batch 140/264  loss=0.3882
  batch 150/264  loss=0.3775
  batch 160/264  loss=0.3854
  batch 170/264  loss=0.3485
  batch 180/264  loss=0.5464
  batch 190/264  loss=0.4820
  batch 200/264  loss=0.4254
  batch 210/264  loss=0.5297
  batch 220/264  loss=0.4327
  batch 230/264  loss=0.4476
  batch 240/264  loss=0.4281
  batch 250/264  loss=0.4010
  batch 260/264  loss=0.5283
Epoch  84/300  train=4.598e-01  rmse=1.9503  lr=1.0e-04  226s
  -> best  monitor=4.598e-01
  batch 10/264  loss=0.4277
  batch 20/264  loss=0.3740
  batch 30/264  loss=0.5389
  batch 40/264  loss=0.5224
  batch 50/264  loss=0.4211
  batch 60/264  loss=0.5210
  batch 70/264  loss=0.7034
  batch 80/264  loss=0.4497
  batch 90/264  loss=0.5367
  batch 100/264  loss=0.3732
  batch 110/264  loss=0.6082
  batch 120/264  loss=0.4269
  batch 130/264  loss=0.4159
  batch 140/264  loss=0.5052
  batch 150/264  loss=0.4191
  batch 160/264  loss=0.3646
  batch 170/264  loss=0.3933
  batch 180/264  loss=0.3230
  batch 190/264  loss=0.6502
  batch 200/264  loss=0.3991
  batch 210/264  loss=0.4353
  batch 220/264  loss=0.6794
  batch 230/264  loss=0.4364
  batch 240/264  loss=0.5408
  batch 250/264  loss=0.5234
  batch 260/264  loss=1.3725
Epoch  85/300  train=4.712e-01  rmse=1.9931  lr=1.0e-04  227s
  batch 10/264  loss=0.4653
  batch 20/264  loss=0.4225
  batch 30/264  loss=0.4828
  batch 40/264  loss=0.6334
  batch 50/264  loss=0.4580
  batch 60/264  loss=0.4314
  batch 70/264  loss=0.3950
  batch 80/264  loss=0.3540
  batch 90/264  loss=0.5584
  batch 100/264  loss=0.4408
  batch 110/264  loss=0.3925
  batch 120/264  loss=0.4368
  batch 130/264  loss=0.3978
  batch 140/264  loss=0.5175
  batch 150/264  loss=0.3928
  batch 160/264  loss=0.4606
  batch 170/264  loss=0.3772
  batch 180/264  loss=0.4667
  batch 190/264  loss=0.3883
  batch 200/264  loss=0.9434
  batch 210/264  loss=0.5949
  batch 220/264  loss=0.3900
  batch 230/264  loss=0.5322
  batch 240/264  loss=0.6940
  batch 250/264  loss=0.4622
  batch 260/264  loss=0.4445
Epoch  86/300  train=4.671e-01  rmse=1.9530  lr=1.0e-04  228s
  batch 10/264  loss=0.3857
  batch 20/264  loss=0.5105
  batch 30/264  loss=0.4256
  batch 40/264  loss=0.3263
  batch 50/264  loss=0.3580
  batch 60/264  loss=0.3359
  batch 70/264  loss=0.3732
  batch 80/264  loss=0.4096
  batch 90/264  loss=0.4367
  batch 100/264  loss=0.4537
  batch 110/264  loss=0.4228
  batch 120/264  loss=0.5495
  batch 130/264  loss=0.4356
  batch 140/264  loss=0.4553
  batch 150/264  loss=0.6010
  batch 160/264  loss=0.3982
  batch 170/264  loss=0.3961
  batch 180/264  loss=0.3960
  batch 190/264  loss=0.3707
  batch 200/264  loss=0.4082
  batch 210/264  loss=0.3999
  batch 220/264  loss=1.0408
  batch 230/264  loss=0.4286
  batch 240/264  loss=0.4449
  batch 250/264  loss=0.7901
  batch 260/264  loss=0.4266
Epoch  87/300  train=4.651e-01  rmse=2.0041  lr=1.0e-04  225s
  batch 10/264  loss=0.4104
  batch 20/264  loss=0.4340
  batch 30/264  loss=1.2380
  batch 40/264  loss=0.5573
  batch 50/264  loss=0.3380
  batch 60/264  loss=0.5704
  batch 70/264  loss=0.4507
  batch 80/264  loss=0.4036
  batch 90/264  loss=0.3627
  batch 100/264  loss=0.5573
  batch 110/264  loss=0.4413
  batch 120/264  loss=0.3752
  batch 130/264  loss=0.4983
  batch 140/264  loss=0.3957
  batch 150/264  loss=0.5289
  batch 160/264  loss=0.4141
  batch 170/264  loss=0.3950
  batch 180/264  loss=0.7091
  batch 190/264  loss=0.3560
  batch 200/264  loss=0.4153
  batch 210/264  loss=0.3873
  batch 220/264  loss=0.5114
  batch 230/264  loss=0.7996
  batch 240/264  loss=0.4353
  batch 250/264  loss=0.3911
  batch 260/264  loss=0.6775
Epoch  88/300  train=4.585e-01  rmse=2.0109  lr=1.0e-04  229s
  -> best  monitor=4.585e-01
  batch 10/264  loss=0.3309
  batch 20/264  loss=0.9795
  batch 30/264  loss=0.3834
  batch 40/264  loss=0.4643
  batch 50/264  loss=0.4081
  batch 60/264  loss=0.4501
  batch 70/264  loss=0.4849
  batch 80/264  loss=0.3716
  batch 90/264  loss=0.8781
  batch 100/264  loss=0.3431
  batch 110/264  loss=0.7165
  batch 120/264  loss=0.5447
  batch 130/264  loss=0.4122
  batch 140/264  loss=0.3436
  batch 150/264  loss=0.5044
  batch 160/264  loss=0.3324
  batch 170/264  loss=0.3821
  batch 180/264  loss=0.5576
  batch 190/264  loss=0.7133
  batch 200/264  loss=0.4118
  batch 210/264  loss=0.3935
  batch 220/264  loss=0.6390
  batch 230/264  loss=0.4849
  batch 240/264  loss=0.3597
  batch 250/264  loss=0.4761
  batch 260/264  loss=0.5614
Epoch  89/300  train=4.614e-01  rmse=1.9537  lr=1.0e-04  230s
  batch 10/264  loss=0.5950
  batch 20/264  loss=0.4030
  batch 30/264  loss=0.5668
  batch 40/264  loss=0.4251
  batch 50/264  loss=0.4783
  batch 60/264  loss=0.6188
  batch 70/264  loss=0.5698
  batch 80/264  loss=0.4684
  batch 90/264  loss=0.3480
  batch 100/264  loss=0.4500
  batch 110/264  loss=0.4086
  batch 120/264  loss=0.4092
  batch 130/264  loss=0.3274
  batch 140/264  loss=0.3317
  batch 150/264  loss=0.4294
  batch 160/264  loss=0.4562
  batch 170/264  loss=0.5594
  batch 180/264  loss=0.4346
  batch 190/264  loss=0.4591
  batch 200/264  loss=0.3586
  batch 210/264  loss=0.4106
  batch 220/264  loss=0.4614
  batch 230/264  loss=0.3995
  batch 240/264  loss=0.3806
  batch 250/264  loss=0.3160
  batch 260/264  loss=0.5812
Epoch  90/300  train=4.696e-01  rmse=1.9628  lr=1.0e-04  231s
  batch 10/264  loss=0.3824
  batch 20/264  loss=0.3720
  batch 30/264  loss=0.3800
  batch 40/264  loss=0.3155
  batch 50/264  loss=0.7067
  batch 60/264  loss=0.6268
  batch 70/264  loss=0.4324
  batch 80/264  loss=0.4188
  batch 90/264  loss=0.3800
  batch 100/264  loss=0.4920
  batch 110/264  loss=0.3634
  batch 120/264  loss=0.5514
  batch 130/264  loss=0.4356
  batch 140/264  loss=0.5809
  batch 150/264  loss=0.3907
  batch 160/264  loss=0.4239
  batch 170/264  loss=0.5072
  batch 180/264  loss=0.4665
  batch 190/264  loss=0.5102
  batch 200/264  loss=0.3610
  batch 210/264  loss=0.4545
  batch 220/264  loss=0.4782
  batch 230/264  loss=0.3582
  batch 240/264  loss=0.3391
  batch 250/264  loss=0.4141
  batch 260/264  loss=0.3517
Epoch  91/300  train=4.525e-01  rmse=1.9043  lr=1.0e-04  232s
  -> best  monitor=4.525e-01
  batch 10/264  loss=0.5296
  batch 20/264  loss=0.4111
  batch 30/264  loss=0.3969
  batch 40/264  loss=0.3959
  batch 50/264  loss=0.5872
  batch 60/264  loss=0.4440
  batch 70/264  loss=0.4549
  batch 80/264  loss=0.4669
  batch 90/264  loss=0.4652
  batch 100/264  loss=0.3415
  batch 110/264  loss=0.6312
  batch 120/264  loss=0.6180
  batch 130/264  loss=0.4899
  batch 140/264  loss=0.4952
  batch 150/264  loss=0.3903
  batch 160/264  loss=0.3822
  batch 170/264  loss=0.4420
  batch 180/264  loss=0.3867
  batch 190/264  loss=0.3729
  batch 200/264  loss=0.3957
  batch 210/264  loss=0.4652
  batch 220/264  loss=0.3917
  batch 230/264  loss=0.5554
  batch 240/264  loss=0.4630
  batch 250/264  loss=0.3643
  batch 260/264  loss=0.3558
Epoch  92/300  train=4.552e-01  rmse=1.9343  lr=1.0e-04  232s
  batch 10/264  loss=0.4263
  batch 20/264  loss=0.3768
  batch 30/264  loss=0.5423
  batch 40/264  loss=0.4958
  batch 50/264  loss=0.4455
  batch 60/264  loss=0.3544
  batch 70/264  loss=0.3715
  batch 80/264  loss=0.4860
  batch 90/264  loss=0.4118
  batch 100/264  loss=0.8536
  batch 110/264  loss=0.6372
  batch 120/264  loss=0.3972
  batch 130/264  loss=0.4150
  batch 140/264  loss=0.4474
  batch 150/264  loss=0.4605
  batch 160/264  loss=0.5004
  batch 170/264  loss=0.3675
  batch 180/264  loss=0.6752
  batch 190/264  loss=0.4175
  batch 200/264  loss=0.4788
  batch 210/264  loss=0.3133
  batch 220/264  loss=0.3604
  batch 230/264  loss=0.3421
  batch 240/264  loss=0.3851
  batch 250/264  loss=0.7862
  batch 260/264  loss=0.3842
Epoch  93/300  train=4.519e-01  rmse=1.9270  lr=1.0e-04  228s
  -> best  monitor=4.519e-01
  batch 10/264  loss=0.3681
  batch 20/264  loss=0.6110
  batch 30/264  loss=0.4515
  batch 40/264  loss=0.3489
  batch 50/264  loss=0.4304
  batch 60/264  loss=0.4771
  batch 70/264  loss=0.3882
  batch 80/264  loss=0.4876
  batch 90/264  loss=0.3502
  batch 100/264  loss=0.4220
  batch 110/264  loss=0.4557
  batch 120/264  loss=0.4713
  batch 130/264  loss=0.3266
  batch 140/264  loss=0.3571
  batch 150/264  loss=0.3668
  batch 160/264  loss=0.3851
  batch 170/264  loss=0.4284
  batch 180/264  loss=0.3919
  batch 190/264  loss=0.3601
  batch 200/264  loss=0.3294
  batch 210/264  loss=0.4831
  batch 220/264  loss=0.3871
  batch 230/264  loss=0.4106
  batch 240/264  loss=0.4541
  batch 250/264  loss=0.4519
  batch 260/264  loss=0.5114
Epoch  94/300  train=4.555e-01  rmse=1.9776  lr=1.0e-04  230s
  batch 10/264  loss=0.4270
  batch 20/264  loss=0.3637
  batch 30/264  loss=0.3950
  batch 40/264  loss=0.5049
  batch 50/264  loss=0.4065
  batch 60/264  loss=0.3657
  batch 70/264  loss=0.4467
  batch 80/264  loss=0.4378
  batch 90/264  loss=0.3485
  batch 100/264  loss=0.3996
  batch 110/264  loss=0.3481
  batch 120/264  loss=0.4466
  batch 130/264  loss=0.4416
  batch 140/264  loss=0.5357
  batch 150/264  loss=0.5881
  batch 160/264  loss=0.5228
  batch 170/264  loss=0.4187
  batch 180/264  loss=0.4661
  batch 190/264  loss=0.6166
  batch 200/264  loss=0.5001
  batch 210/264  loss=0.3521
  batch 220/264  loss=0.4031
  batch 230/264  loss=0.4031
  batch 240/264  loss=0.3614
  batch 250/264  loss=0.7509
  batch 260/264  loss=0.3408
Epoch  95/300  train=4.564e-01  rmse=1.9368  lr=1.0e-04  231s
  batch 10/264  loss=0.4519
  batch 20/264  loss=0.5108
  batch 30/264  loss=0.3308
  batch 40/264  loss=0.4282
  batch 50/264  loss=0.4982
  batch 60/264  loss=0.3959
  batch 70/264  loss=0.5490
  batch 80/264  loss=0.4266
  batch 90/264  loss=0.4028
  batch 100/264  loss=0.4200
  batch 110/264  loss=0.3449
  batch 120/264  loss=0.5332
  batch 130/264  loss=0.3708
  batch 140/264  loss=0.5037
  batch 150/264  loss=0.7060
  batch 160/264  loss=0.4529
  batch 170/264  loss=0.4580
  batch 180/264  loss=0.5248
  batch 190/264  loss=0.3868
  batch 200/264  loss=0.3901
  batch 210/264  loss=0.3602
  batch 220/264  loss=0.4700
  batch 230/264  loss=0.3994
  batch 240/264  loss=0.4367
  batch 250/264  loss=0.3349
  batch 260/264  loss=0.4217
Epoch  96/300  train=4.480e-01  rmse=1.9294  lr=1.0e-04  234s
  -> best  monitor=4.480e-01
  batch 10/264  loss=0.4247
  batch 20/264  loss=0.3691
  batch 30/264  loss=0.4176
  batch 40/264  loss=0.4038
  batch 50/264  loss=0.3699
  batch 60/264  loss=0.3584
  batch 70/264  loss=0.5645
  batch 80/264  loss=0.4283
  batch 90/264  loss=0.3423
  batch 100/264  loss=0.6433
  batch 110/264  loss=0.6453
  batch 120/264  loss=0.3454
  batch 130/264  loss=0.4064
  batch 140/264  loss=0.4803
  batch 150/264  loss=0.6087
  batch 160/264  loss=0.3914
  batch 170/264  loss=0.3053
  batch 180/264  loss=0.3675
  batch 190/264  loss=0.6880
  batch 200/264  loss=0.3972
  batch 210/264  loss=0.4296
  batch 220/264  loss=0.7532
  batch 230/264  loss=0.7035
  batch 240/264  loss=0.3383
  batch 250/264  loss=0.4577
  batch 260/264  loss=0.4014
Epoch  97/300  train=4.556e-01  rmse=1.9368  lr=1.0e-04  234s
  batch 10/264  loss=0.3852
  batch 20/264  loss=0.5089
  batch 30/264  loss=0.4726
  batch 40/264  loss=0.3298
  batch 50/264  loss=0.3819
  batch 60/264  loss=0.4773
  batch 70/264  loss=0.3598
  batch 80/264  loss=0.4441
  batch 90/264  loss=0.4235
  batch 100/264  loss=0.3468
  batch 110/264  loss=0.4926
  batch 120/264  loss=0.4684
  batch 130/264  loss=0.4035
  batch 140/264  loss=0.6138
  batch 150/264  loss=0.5787
  batch 160/264  loss=0.5822
  batch 170/264  loss=0.3386
  batch 180/264  loss=0.9198
  batch 190/264  loss=0.3626
  batch 200/264  loss=0.4210
  batch 210/264  loss=0.4580
  batch 220/264  loss=0.4534
  batch 230/264  loss=0.3964
  batch 240/264  loss=0.3285
  batch 250/264  loss=0.4380
  batch 260/264  loss=0.4226
Epoch  98/300  train=4.538e-01  rmse=1.9500  lr=1.0e-04  234s
  batch 10/264  loss=0.3427
  batch 20/264  loss=0.3694
  batch 30/264  loss=0.4834
  batch 40/264  loss=0.3493
  batch 50/264  loss=0.4660
  batch 60/264  loss=0.3985
  batch 70/264  loss=0.5200
  batch 80/264  loss=0.3915
  batch 90/264  loss=0.4038
  batch 100/264  loss=0.4520
  batch 110/264  loss=0.4536
  batch 120/264  loss=0.4088
  batch 130/264  loss=0.3669
  batch 140/264  loss=0.3991
  batch 150/264  loss=0.3693
  batch 160/264  loss=0.3547
  batch 170/264  loss=0.3524
  batch 180/264  loss=0.3598
  batch 190/264  loss=0.4024
  batch 200/264  loss=0.5932
  batch 210/264  loss=0.3739
  batch 220/264  loss=0.3559
  batch 230/264  loss=0.3619
  batch 240/264  loss=0.5161
  batch 250/264  loss=0.7657
  batch 260/264  loss=0.4231
Epoch  99/300  train=4.484e-01  rmse=1.9462  lr=1.0e-04  234s
  batch 10/264  loss=0.4165
  batch 20/264  loss=0.3603
  batch 30/264  loss=0.3864
  batch 40/264  loss=0.4543
  batch 50/264  loss=0.3963
  batch 60/264  loss=0.3272
  batch 70/264  loss=0.5297
  batch 80/264  loss=0.4662
  batch 90/264  loss=0.4711
  batch 100/264  loss=0.7457
  batch 110/264  loss=0.4230
  batch 120/264  loss=0.7333
  batch 130/264  loss=0.4538
  batch 140/264  loss=0.4208
  batch 150/264  loss=0.3807
  batch 160/264  loss=0.4791
  batch 170/264  loss=0.4591
  batch 180/264  loss=0.3470
  batch 190/264  loss=0.3359
  batch 200/264  loss=0.4400
  batch 210/264  loss=0.4314
  batch 220/264  loss=0.4473
  batch 230/264  loss=0.3603
  batch 240/264  loss=0.3440
  batch 250/264  loss=0.3740
  batch 260/264  loss=0.5399
Epoch 100/300  train=4.464e-01  rmse=1.9035  lr=1.0e-04  233s
  -> best  monitor=4.464e-01
  batch 10/264  loss=0.6151
  batch 20/264  loss=0.3478
  batch 30/264  loss=0.3661
  batch 40/264  loss=0.4235
  batch 50/264  loss=0.2925
  batch 60/264  loss=0.3550
  batch 70/264  loss=0.3391
  batch 80/264  loss=0.3520
  batch 90/264  loss=0.3863
  batch 100/264  loss=0.4451
  batch 110/264  loss=0.3399
  batch 120/264  loss=0.4634
  batch 130/264  loss=0.4278
  batch 140/264  loss=0.6151
  batch 150/264  loss=0.4089
  batch 160/264  loss=0.3490
  batch 170/264  loss=0.3604
  batch 180/264  loss=0.5701
  batch 190/264  loss=0.4996
  batch 200/264  loss=0.3593
  batch 210/264  loss=0.5573
  batch 220/264  loss=0.5376
  batch 230/264  loss=0.4797
  batch 240/264  loss=0.5562
  batch 250/264  loss=0.3772
  batch 260/264  loss=0.3187
Epoch 101/300  train=4.476e-01  rmse=1.9007  lr=1.0e-04  234s
  batch 10/264  loss=0.4299
  batch 20/264  loss=0.3734
  batch 30/264  loss=0.4718
  batch 40/264  loss=0.3724
  batch 50/264  loss=0.4909
  batch 60/264  loss=0.8051
  batch 70/264  loss=0.6154
  batch 80/264  loss=0.3579
  batch 90/264  loss=0.3675
  batch 100/264  loss=0.3954
  batch 110/264  loss=0.4401
  batch 120/264  loss=0.4059
  batch 130/264  loss=0.4046
  batch 140/264  loss=0.3715
  batch 150/264  loss=0.4858
  batch 160/264  loss=0.5586
  batch 170/264  loss=0.3531
  batch 180/264  loss=0.6871
  batch 190/264  loss=0.7156
  batch 200/264  loss=0.4024
  batch 210/264  loss=0.4969
  batch 220/264  loss=0.3049
  batch 230/264  loss=0.4901
  batch 240/264  loss=0.4313
  batch 250/264  loss=0.4179
  batch 260/264  loss=0.3791
Epoch 102/300  train=4.484e-01  rmse=1.8912  lr=1.0e-04  232s
  batch 10/264  loss=0.3431
  batch 20/264  loss=0.3403
  batch 30/264  loss=0.3965
  batch 40/264  loss=0.4043
  batch 50/264  loss=0.3212
  batch 60/264  loss=0.4129
  batch 70/264  loss=0.4326
  batch 80/264  loss=0.3984
  batch 90/264  loss=0.3120
  batch 100/264  loss=0.4858
  batch 110/264  loss=0.4159
  batch 120/264  loss=0.5608
  batch 130/264  loss=0.3592
  batch 140/264  loss=0.3374
  batch 150/264  loss=0.4415
  batch 160/264  loss=0.3346
  batch 170/264  loss=0.5580
  batch 180/264  loss=0.5109
  batch 190/264  loss=0.5209
  batch 200/264  loss=0.4882
  batch 210/264  loss=0.3885
  batch 220/264  loss=0.4746
  batch 230/264  loss=0.6298
  batch 240/264  loss=1.0096
  batch 250/264  loss=0.4065
  batch 260/264  loss=0.3697
Epoch 103/300  train=4.452e-01  rmse=1.8820  lr=1.0e-04  234s
  -> best  monitor=4.452e-01
  batch 10/264  loss=0.3375
  batch 20/264  loss=0.6627
  batch 30/264  loss=0.4217
  batch 40/264  loss=0.3720
  batch 50/264  loss=0.4258
  batch 60/264  loss=0.3649
  batch 70/264  loss=0.6438
  batch 80/264  loss=0.5524
  batch 90/264  loss=0.6096
  batch 100/264  loss=0.3292
  batch 110/264  loss=0.7780
  batch 120/264  loss=0.9842
  batch 130/264  loss=0.4304
  batch 140/264  loss=0.6270
  batch 150/264  loss=0.3855
  batch 160/264  loss=0.3699
  batch 170/264  loss=0.4608
  batch 180/264  loss=0.5517
  batch 190/264  loss=0.3385
  batch 200/264  loss=0.4257
  batch 210/264  loss=0.4039
  batch 220/264  loss=0.3555
  batch 230/264  loss=0.3049
  batch 240/264  loss=0.4553
  batch 250/264  loss=0.5907
  batch 260/264  loss=0.5061
Epoch 104/300  train=4.402e-01  rmse=1.8313  lr=1.0e-04  231s
  -> best  monitor=4.402e-01
  batch 10/264  loss=0.4033
  batch 20/264  loss=0.4500
  batch 30/264  loss=0.4451
  batch 40/264  loss=0.4445
  batch 50/264  loss=0.4191
  batch 60/264  loss=0.4671
  batch 70/264  loss=0.3515
  batch 80/264  loss=0.6612
  batch 90/264  loss=0.7784
  batch 100/264  loss=0.5473
  batch 110/264  loss=0.5692
  batch 120/264  loss=0.3930
  batch 130/264  loss=0.4048
  batch 140/264  loss=0.5032
  batch 150/264  loss=0.4152
  batch 160/264  loss=0.4400
  batch 170/264  loss=0.5359
  batch 180/264  loss=0.3076
  batch 190/264  loss=0.4288
  batch 200/264  loss=0.6416
  batch 210/264  loss=0.4731
  batch 220/264  loss=0.5684
  batch 230/264  loss=0.3505
  batch 240/264  loss=0.3567
  batch 250/264  loss=0.3470
  batch 260/264  loss=0.4025
Epoch 105/300  train=4.505e-01  rmse=1.8949  lr=1.0e-04  232s
  batch 10/264  loss=0.3917
  batch 20/264  loss=0.4500
  batch 30/264  loss=0.4972
  batch 40/264  loss=0.6776
  batch 50/264  loss=0.3866
  batch 60/264  loss=0.3480
  batch 70/264  loss=0.4781
  batch 80/264  loss=0.3572
  batch 90/264  loss=0.3977
  batch 100/264  loss=0.5088
  batch 110/264  loss=0.5557
  batch 120/264  loss=0.4319
  batch 130/264  loss=0.3259
  batch 140/264  loss=0.6080
  batch 150/264  loss=0.4521
  batch 160/264  loss=0.3822
  batch 170/264  loss=0.4446
  batch 180/264  loss=0.3581
  batch 190/264  loss=0.3369
  batch 200/264  loss=0.5827
  batch 210/264  loss=0.3873
  batch 220/264  loss=0.5197
  batch 230/264  loss=0.3362
  batch 240/264  loss=0.3729
  batch 250/264  loss=0.3626
  batch 260/264  loss=0.3885
Epoch 106/300  train=4.420e-01  rmse=1.8529  lr=1.0e-04  232s
  batch 10/264  loss=0.4653
  batch 20/264  loss=0.5304
  batch 30/264  loss=0.3876
  batch 40/264  loss=0.4179
  batch 50/264  loss=0.3800
  batch 60/264  loss=0.4638
  batch 70/264  loss=0.4556
  batch 80/264  loss=0.6816
  batch 90/264  loss=0.3270
  batch 100/264  loss=0.4010
  batch 110/264  loss=0.4002
  batch 120/264  loss=0.3773
  batch 130/264  loss=0.3446
  batch 140/264  loss=0.3549
  batch 150/264  loss=0.3742
  batch 160/264  loss=0.5747
  batch 170/264  loss=0.3545
  batch 180/264  loss=0.4877
  batch 190/264  loss=0.7984
  batch 200/264  loss=0.4941
  batch 210/264  loss=0.4502
  batch 220/264  loss=0.5564
  batch 230/264  loss=0.4471
  batch 240/264  loss=0.3417
  batch 250/264  loss=0.4327
  batch 260/264  loss=0.5642
Epoch 107/300  train=4.398e-01  rmse=1.8701  lr=1.0e-04  233s
  -> best  monitor=4.398e-01
  batch 10/264  loss=0.4525
  batch 20/264  loss=0.4241
  batch 30/264  loss=0.4083
  batch 40/264  loss=0.5470
  batch 50/264  loss=0.3684
  batch 60/264  loss=0.4594
  batch 70/264  loss=0.4408
  batch 80/264  loss=0.3856
  batch 90/264  loss=0.3931
  batch 100/264  loss=0.4580
  batch 110/264  loss=0.3710
  batch 120/264  loss=0.3805
  batch 130/264  loss=0.4721
  batch 140/264  loss=0.4084
  batch 150/264  loss=0.3752
  batch 160/264  loss=0.5601
  batch 170/264  loss=0.4752
  batch 180/264  loss=0.4039
  batch 190/264  loss=0.3641
  batch 200/264  loss=0.4188
  batch 210/264  loss=0.3459
  batch 220/264  loss=0.5077
  batch 230/264  loss=0.3658
  batch 240/264  loss=0.3890
  batch 250/264  loss=0.3907
  batch 260/264  loss=0.5402
Epoch 108/300  train=4.367e-01  rmse=1.8255  lr=1.0e-04  232s
  -> best  monitor=4.367e-01
  batch 10/264  loss=0.3548
  batch 20/264  loss=0.4682
  batch 30/264  loss=0.3680
  batch 40/264  loss=0.3665
  batch 50/264  loss=0.5763
  batch 60/264  loss=0.4664
  batch 70/264  loss=0.3913
  batch 80/264  loss=0.3288
  batch 90/264  loss=0.3710
  batch 100/264  loss=0.4262
  batch 110/264  loss=0.3890
  batch 120/264  loss=0.3848
  batch 130/264  loss=0.4221
  batch 140/264  loss=0.3438
  batch 150/264  loss=0.4384
  batch 160/264  loss=0.4039
  batch 170/264  loss=0.3858
  batch 180/264  loss=0.3556
  batch 190/264  loss=0.5251
  batch 200/264  loss=0.5030
  batch 210/264  loss=0.3674
  batch 220/264  loss=0.7052
  batch 230/264  loss=0.3051
  batch 240/264  loss=0.3794
  batch 250/264  loss=0.5571
  batch 260/264  loss=0.2771
Epoch 109/300  train=4.425e-01  rmse=2.0927  lr=1.0e-04  231s
  batch 10/264  loss=0.4920
  batch 20/264  loss=0.4148
  batch 30/264  loss=0.4263
  batch 40/264  loss=0.3958
  batch 50/264  loss=0.3630
  batch 60/264  loss=0.4374
  batch 70/264  loss=0.3831
  batch 80/264  loss=0.4691
  batch 90/264  loss=0.4409
  batch 100/264  loss=0.3441
  batch 110/264  loss=0.3336
  batch 120/264  loss=0.4152
  batch 130/264  loss=0.7333
  batch 140/264  loss=0.4912
  batch 150/264  loss=0.4105
  batch 160/264  loss=0.4157
  batch 170/264  loss=0.5062
  batch 180/264  loss=0.3412
  batch 190/264  loss=0.3393
  batch 200/264  loss=0.4647
  batch 210/264  loss=0.3684
  batch 220/264  loss=0.4177
  batch 230/264  loss=0.5818
  batch 240/264  loss=0.4600
  batch 250/264  loss=0.3920
  batch 260/264  loss=0.3925
Epoch 110/300  train=4.401e-01  rmse=1.9787  lr=1.0e-04  231s
  batch 10/264  loss=0.4107
  batch 20/264  loss=0.5848
  batch 30/264  loss=0.6624
  batch 40/264  loss=0.3351
  batch 50/264  loss=0.4340
  batch 60/264  loss=0.3620
  batch 70/264  loss=0.4063
  batch 80/264  loss=0.4093
  batch 90/264  loss=0.6739
  batch 100/264  loss=0.4292
  batch 110/264  loss=0.3558
  batch 120/264  loss=0.3986
  batch 130/264  loss=0.5897
  batch 140/264  loss=0.4118
  batch 150/264  loss=0.3426
  batch 160/264  loss=0.4394
  batch 170/264  loss=0.4465
  batch 180/264  loss=0.4850
  batch 190/264  loss=0.4530
  batch 200/264  loss=0.6224
  batch 210/264  loss=0.3786
  batch 220/264  loss=0.3678
  batch 230/264  loss=0.6987
  batch 240/264  loss=0.5354
  batch 250/264  loss=0.4820
  batch 260/264  loss=0.5171
Epoch 111/300  train=4.385e-01  rmse=1.8680  lr=1.0e-04  231s
  batch 10/264  loss=0.3498
  batch 20/264  loss=0.3646
  batch 30/264  loss=0.4492
  batch 40/264  loss=0.3117
  batch 50/264  loss=0.4017
  batch 60/264  loss=0.5411
  batch 70/264  loss=0.4097
  batch 80/264  loss=0.4356
  batch 90/264  loss=0.4703
  batch 100/264  loss=0.4926
  batch 110/264  loss=0.4258
  batch 120/264  loss=0.3648
  batch 130/264  loss=0.4741
  batch 140/264  loss=0.4251
  batch 150/264  loss=0.4374
  batch 160/264  loss=0.3038
  batch 170/264  loss=0.3654
  batch 180/264  loss=0.3108
  batch 190/264  loss=0.4540
  batch 200/264  loss=0.5680
  batch 210/264  loss=0.3909
  batch 220/264  loss=0.6585
  batch 230/264  loss=0.3909
  batch 240/264  loss=0.5073
  batch 250/264  loss=0.3217
  batch 260/264  loss=0.3588
Epoch 112/300  train=4.400e-01  rmse=1.8866  lr=1.0e-04  233s
  batch 10/264  loss=0.3912
  batch 20/264  loss=0.3201
  batch 30/264  loss=0.3692
  batch 40/264  loss=0.5989
  batch 50/264  loss=0.4728
  batch 60/264  loss=0.3904
  batch 70/264  loss=0.3163
  batch 80/264  loss=0.4701
  batch 90/264  loss=0.5152
  batch 100/264  loss=0.5002
  batch 110/264  loss=0.5464
  batch 120/264  loss=0.8326
  batch 130/264  loss=0.9241
  batch 140/264  loss=0.6084
  batch 150/264  loss=0.3771
  batch 160/264  loss=0.3225
  batch 170/264  loss=0.5041
  batch 180/264  loss=0.3412
  batch 190/264  loss=0.3412
  batch 200/264  loss=0.3886
  batch 210/264  loss=0.3312
  batch 220/264  loss=0.3533
  batch 230/264  loss=0.6288
  batch 240/264  loss=0.3089
  batch 250/264  loss=0.5196
  batch 260/264  loss=0.3338
Epoch 113/300  train=4.423e-01  rmse=1.9557  lr=1.0e-04  232s
  batch 10/264  loss=0.3677
  batch 20/264  loss=0.3324
  batch 30/264  loss=0.8108
  batch 40/264  loss=0.3348
  batch 50/264  loss=0.4131
  batch 60/264  loss=0.7527
  batch 70/264  loss=0.3868
  batch 80/264  loss=0.4768
  batch 90/264  loss=0.3967
  batch 100/264  loss=0.4078
  batch 110/264  loss=0.4056
  batch 120/264  loss=0.5121
  batch 130/264  loss=0.4023
  batch 140/264  loss=0.4645
  batch 150/264  loss=0.6772
  batch 160/264  loss=0.5090
  batch 170/264  loss=0.4320
  batch 180/264  loss=0.3519
  batch 190/264  loss=0.3962
  batch 200/264  loss=0.4840
  batch 210/264  loss=0.4163
  batch 220/264  loss=0.3729
  batch 230/264  loss=0.3960
  batch 240/264  loss=0.3925
  batch 250/264  loss=0.3707
  batch 260/264  loss=0.3679
Epoch 114/300  train=4.369e-01  rmse=1.9272  lr=1.0e-04  234s
  batch 10/264  loss=0.3962
  batch 20/264  loss=0.3397
  batch 30/264  loss=0.4827
  batch 40/264  loss=0.3311
  batch 50/264  loss=0.3483
  batch 60/264  loss=0.3692
  batch 70/264  loss=0.4916
  batch 80/264  loss=0.7905
  batch 90/264  loss=0.5505
  batch 100/264  loss=0.4316
  batch 110/264  loss=0.3916
  batch 120/264  loss=0.3536
  batch 130/264  loss=0.4124
  batch 140/264  loss=0.3389
  batch 150/264  loss=0.5508
  batch 160/264  loss=0.3552
  batch 170/264  loss=0.3570
  batch 180/264  loss=0.4394
  batch 190/264  loss=0.3996
  batch 200/264  loss=0.4310
  batch 210/264  loss=0.3496
  batch 220/264  loss=0.3515
  batch 230/264  loss=0.3477
  batch 240/264  loss=0.3707
  batch 250/264  loss=0.5589
  batch 260/264  loss=0.3367
Epoch 115/300  train=4.356e-01  rmse=1.8303  lr=1.0e-04  233s
  -> best  monitor=4.356e-01
  batch 10/264  loss=0.3962
  batch 20/264  loss=0.6144
  batch 30/264  loss=0.5689
  batch 40/264  loss=0.4337
  batch 50/264  loss=0.4283
  batch 60/264  loss=0.5102
  batch 70/264  loss=0.4358
  batch 80/264  loss=0.3451
  batch 90/264  loss=0.8946
  batch 100/264  loss=0.5577
  batch 110/264  loss=0.3889
  batch 120/264  loss=0.3812
  batch 130/264  loss=0.6420
  batch 140/264  loss=0.5249
  batch 150/264  loss=0.3999
  batch 160/264  loss=0.5030
  batch 170/264  loss=0.4179
  batch 180/264  loss=0.3413
  batch 190/264  loss=0.4231
  batch 200/264  loss=0.3383
  batch 210/264  loss=0.6096
  batch 220/264  loss=0.6861
  batch 230/264  loss=0.5475
  batch 240/264  loss=0.3601
  batch 250/264  loss=0.3589
  batch 260/264  loss=0.4093
Epoch 116/300  train=4.372e-01  rmse=1.8398  lr=1.0e-04  234s
  batch 10/264  loss=0.4333
  batch 20/264  loss=0.3814
  batch 30/264  loss=0.3170
  batch 40/264  loss=0.3360
  batch 50/264  loss=0.5628
  batch 60/264  loss=0.4465
  batch 70/264  loss=0.3424
  batch 80/264  loss=0.3471
  batch 90/264  loss=0.4749
  batch 100/264  loss=0.4388
  batch 110/264  loss=0.4248
  batch 120/264  loss=0.5224
  batch 130/264  loss=0.4193
  batch 140/264  loss=0.3747
  batch 150/264  loss=0.4291
  batch 160/264  loss=0.3748
  batch 170/264  loss=0.3161
  batch 180/264  loss=0.4578
  batch 190/264  loss=0.4353
  batch 200/264  loss=0.3696
  batch 210/264  loss=0.5242
  batch 220/264  loss=0.4761
  batch 230/264  loss=0.7353
  batch 240/264  loss=0.4022
  batch 250/264  loss=0.3998
  batch 260/264  loss=0.3920
Epoch 117/300  train=4.371e-01  rmse=3.5614  lr=1.0e-04  234s
  batch 10/264  loss=0.4099
  batch 20/264  loss=0.3442
  batch 30/264  loss=0.8009
  batch 40/264  loss=0.6887
  batch 50/264  loss=0.3891
  batch 60/264  loss=0.4998
  batch 70/264  loss=0.4995
  batch 80/264  loss=0.3272
  batch 90/264  loss=0.5362
  batch 100/264  loss=0.3670
  batch 110/264  loss=0.4454
  batch 120/264  loss=0.3550
  batch 130/264  loss=0.4273
  batch 140/264  loss=0.4119
  batch 150/264  loss=0.4153
  batch 160/264  loss=0.3662
  batch 170/264  loss=0.4840
  batch 180/264  loss=0.3771
  batch 190/264  loss=0.6159
  batch 200/264  loss=0.3443
  batch 210/264  loss=0.3925
  batch 220/264  loss=0.3333
  batch 230/264  loss=0.5368
  batch 240/264  loss=0.4216
  batch 250/264  loss=0.3449
  batch 260/264  loss=0.5243
Epoch 118/300  train=4.359e-01  rmse=2.0018  lr=1.0e-04  236s
  batch 10/264  loss=0.5479
  batch 20/264  loss=0.3388
  batch 30/264  loss=0.3260
  batch 40/264  loss=0.5316
  batch 50/264  loss=0.5142
  batch 60/264  loss=0.4026
  batch 70/264  loss=0.4664
  batch 80/264  loss=0.4954
  batch 90/264  loss=0.4473
  batch 100/264  loss=0.5223
  batch 110/264  loss=0.3291
  batch 120/264  loss=0.4977
  batch 130/264  loss=0.3918
  batch 140/264  loss=0.3463
  batch 150/264  loss=0.6171
  batch 160/264  loss=0.5038
  batch 170/264  loss=0.3138
  batch 180/264  loss=0.3716
  batch 190/264  loss=0.4330
  batch 200/264  loss=0.3417
  batch 210/264  loss=0.3645
  batch 220/264  loss=0.4351
  batch 230/264  loss=0.3883
  batch 240/264  loss=0.4935
  batch 250/264  loss=0.3792
  batch 260/264  loss=0.5818
Epoch 119/300  train=4.291e-01  rmse=1.8520  lr=1.0e-04  232s
  -> best  monitor=4.291e-01
  batch 10/264  loss=0.3211
  batch 20/264  loss=0.4816
  batch 30/264  loss=0.3477
  batch 40/264  loss=0.3608
  batch 50/264  loss=0.4116
  batch 60/264  loss=0.3742
  batch 70/264  loss=0.4293
  batch 80/264  loss=0.4068
  batch 90/264  loss=0.3291
  batch 100/264  loss=0.3562
  batch 110/264  loss=0.6288
  batch 120/264  loss=0.4015
  batch 130/264  loss=0.4019
  batch 140/264  loss=0.6052
  batch 150/264  loss=0.4578
  batch 160/264  loss=0.3999
  batch 170/264  loss=0.6436
  batch 180/264  loss=0.6294
  batch 190/264  loss=0.6478
  batch 200/264  loss=0.4631
  batch 210/264  loss=0.4322
  batch 220/264  loss=0.3521
  batch 230/264  loss=0.3827
  batch 240/264  loss=0.4305
  batch 250/264  loss=0.3998
  batch 260/264  loss=0.3855
Epoch 120/300  train=4.276e-01  rmse=2.9157  lr=1.0e-04  234s
  -> best  monitor=4.276e-01
  batch 10/264  loss=0.3997
  batch 20/264  loss=0.4185
  batch 30/264  loss=0.3483
  batch 40/264  loss=0.3626
  batch 50/264  loss=0.3318
  batch 60/264  loss=0.4893
  batch 70/264  loss=0.3802
  batch 80/264  loss=0.3341
  batch 90/264  loss=0.6120
  batch 100/264  loss=0.4359
  batch 110/264  loss=0.3793
  batch 120/264  loss=0.4121
  batch 130/264  loss=0.3441
  batch 140/264  loss=0.6266
  batch 150/264  loss=0.3491
  batch 160/264  loss=0.5125
  batch 170/264  loss=0.5579
  batch 180/264  loss=0.4561
  batch 190/264  loss=0.5716
  batch 200/264  loss=0.6453
  batch 210/264  loss=0.3559
  batch 220/264  loss=0.4129
  batch 230/264  loss=0.3918
  batch 240/264  loss=0.3724
  batch 250/264  loss=0.3490
  batch 260/264  loss=0.3202
Epoch 121/300  train=4.283e-01  rmse=1.9562  lr=1.0e-04  235s
  batch 10/264  loss=0.3853
  batch 20/264  loss=0.3890
  batch 30/264  loss=0.3740
  batch 40/264  loss=0.3948
  batch 50/264  loss=0.4543
  batch 60/264  loss=0.4629
  batch 70/264  loss=0.3147
  batch 80/264  loss=0.4446
  batch 90/264  loss=0.3610
  batch 100/264  loss=0.3998
  batch 110/264  loss=0.5994
  batch 120/264  loss=0.3640
  batch 130/264  loss=0.4196
  batch 140/264  loss=0.3721
  batch 150/264  loss=0.3389
  batch 160/264  loss=0.4578
  batch 170/264  loss=0.5027
  batch 180/264  loss=0.6617
  batch 190/264  loss=0.7766
  batch 200/264  loss=0.3919
  batch 210/264  loss=0.3667
  batch 220/264  loss=0.6135
  batch 230/264  loss=0.5096
  batch 240/264  loss=0.5212
  batch 250/264  loss=0.5726
  batch 260/264  loss=0.4126
Epoch 122/300  train=4.268e-01  rmse=3.1184  lr=1.0e-04  231s
  -> best  monitor=4.268e-01
  batch 10/264  loss=0.3874
  batch 20/264  loss=0.3824
  batch 30/264  loss=0.3608
  batch 40/264  loss=0.3315
  batch 50/264  loss=0.3825
  batch 60/264  loss=0.3510
  batch 70/264  loss=0.3723
  batch 80/264  loss=0.3916
  batch 90/264  loss=0.4712
  batch 100/264  loss=0.3056
  batch 110/264  loss=0.5981
  batch 120/264  loss=0.4299
  batch 130/264  loss=0.3376
  batch 140/264  loss=0.5734
  batch 150/264  loss=0.4368
  batch 160/264  loss=0.3397
  batch 170/264  loss=0.4312
  batch 180/264  loss=0.3315
  batch 190/264  loss=0.7814
  batch 200/264  loss=0.4707
  batch 210/264  loss=0.6217
  batch 220/264  loss=0.3798
  batch 230/264  loss=0.3929
  batch 240/264  loss=0.5793
  batch 250/264  loss=0.5911
  batch 260/264  loss=0.3298
Epoch 123/300  train=4.287e-01  rmse=1.9353  lr=1.0e-04  229s
  batch 10/264  loss=0.4342
  batch 20/264  loss=0.6038
  batch 30/264  loss=0.3225
  batch 40/264  loss=0.3373
  batch 50/264  loss=0.4816
  batch 60/264  loss=0.3554
  batch 70/264  loss=0.4618
  batch 80/264  loss=0.5659
  batch 90/264  loss=0.4098
  batch 100/264  loss=0.4295
  batch 110/264  loss=0.4294
  batch 120/264  loss=0.3627
  batch 130/264  loss=0.3696
  batch 140/264  loss=0.3998
  batch 150/264  loss=0.3777
  batch 160/264  loss=0.4246
  batch 170/264  loss=0.3864
  batch 180/264  loss=0.3150
  batch 190/264  loss=0.3279
  batch 200/264  loss=0.6526
  batch 210/264  loss=0.3939
  batch 220/264  loss=0.3637
  batch 230/264  loss=0.4843
  batch 240/264  loss=0.4969
  batch 250/264  loss=0.2949
  batch 260/264  loss=0.3498
Epoch 124/300  train=4.263e-01  rmse=1.7880  lr=1.0e-04  230s
  -> best  monitor=4.263e-01
  batch 10/264  loss=0.3838
  batch 20/264  loss=0.3232
  batch 30/264  loss=0.3416
  batch 40/264  loss=0.4505
  batch 50/264  loss=0.5549
  batch 60/264  loss=0.3692
  batch 70/264  loss=0.6384
  batch 80/264  loss=0.4133
  batch 90/264  loss=0.5496
  batch 100/264  loss=0.3219
  batch 110/264  loss=0.3809
  batch 120/264  loss=0.3865
  batch 130/264  loss=0.6274
  batch 140/264  loss=0.4742
  batch 150/264  loss=0.4184
  batch 160/264  loss=0.4365
  batch 170/264  loss=0.3735
  batch 180/264  loss=0.4059
  batch 190/264  loss=0.3513
  batch 200/264  loss=0.7301
  batch 210/264  loss=0.5139
  batch 220/264  loss=0.3135
  batch 230/264  loss=0.3903
  batch 240/264  loss=0.6244
  batch 250/264  loss=0.5348
  batch 260/264  loss=0.3530
Epoch 125/300  train=4.274e-01  rmse=2.2019  lr=1.0e-04  230s
  batch 10/264  loss=0.3561
  batch 20/264  loss=0.2925
  batch 30/264  loss=0.4374
  batch 40/264  loss=0.4006
  batch 50/264  loss=0.6872
  batch 60/264  loss=0.3893
  batch 70/264  loss=0.3724
  batch 80/264  loss=0.5673
  batch 90/264  loss=0.3339
  batch 100/264  loss=0.3665
  batch 110/264  loss=0.4358
  batch 120/264  loss=0.4638
  batch 130/264  loss=0.4319
  batch 140/264  loss=0.4043
  batch 150/264  loss=0.3810
  batch 160/264  loss=0.5857
  batch 170/264  loss=0.4314
  batch 180/264  loss=0.3640
  batch 190/264  loss=0.4629
  batch 200/264  loss=0.4545
  batch 210/264  loss=0.4078
  batch 220/264  loss=0.3711
  batch 230/264  loss=0.5172
  batch 240/264  loss=0.5265
  batch 250/264  loss=0.3216
  batch 260/264  loss=0.4806
Epoch 126/300  train=4.281e-01  rmse=1.8832  lr=1.0e-04  231s
  batch 10/264  loss=0.6480
  batch 20/264  loss=0.3530
  batch 30/264  loss=0.3925
  batch 40/264  loss=0.3697
  batch 50/264  loss=0.3898
  batch 60/264  loss=0.4340
  batch 70/264  loss=0.2995
  batch 80/264  loss=0.5849
  batch 90/264  loss=0.4393
  batch 100/264  loss=0.4497
  batch 110/264  loss=0.3138
  batch 120/264  loss=0.3626
  batch 130/264  loss=0.6230
  batch 140/264  loss=0.3375
  batch 150/264  loss=0.4208
  batch 160/264  loss=0.4432
  batch 170/264  loss=0.4131
  batch 180/264  loss=0.4128
  batch 190/264  loss=0.3621
  batch 200/264  loss=0.3056
  batch 210/264  loss=0.4325
  batch 220/264  loss=0.4021
  batch 230/264  loss=0.6489
  batch 240/264  loss=0.3931
  batch 250/264  loss=0.5091
  batch 260/264  loss=0.3562
Epoch 127/300  train=4.257e-01  rmse=1.8040  lr=1.0e-04  234s
  -> best  monitor=4.257e-01
  batch 10/264  loss=0.3214
  batch 20/264  loss=0.4042
  batch 30/264  loss=0.2744
  batch 40/264  loss=0.4375
  batch 50/264  loss=0.3332
  batch 60/264  loss=0.4126
  batch 70/264  loss=0.5479
  batch 80/264  loss=0.3186
  batch 90/264  loss=0.4451
  batch 100/264  loss=0.6103
  batch 110/264  loss=0.6660
  batch 120/264  loss=0.3371
  batch 130/264  loss=0.3905
  batch 140/264  loss=0.8913
  batch 150/264  loss=0.3052
  batch 160/264  loss=0.3890
  batch 170/264  loss=0.5435
  batch 180/264  loss=0.4051
  batch 190/264  loss=0.3378
  batch 200/264  loss=0.4200
  batch 210/264  loss=0.3977
  batch 220/264  loss=0.4631
  batch 230/264  loss=0.4254
  batch 240/264  loss=0.3694
  batch 250/264  loss=0.3886
  batch 260/264  loss=0.3691
Epoch 128/300  train=4.276e-01  rmse=1.7792  lr=1.0e-04  231s
  batch 10/264  loss=0.3448
  batch 20/264  loss=0.4149
  batch 30/264  loss=0.3549
  batch 40/264  loss=0.4628
  batch 50/264  loss=0.4011
  batch 60/264  loss=0.3521
  batch 70/264  loss=0.4794
  batch 80/264  loss=0.4789
  batch 90/264  loss=0.5445
  batch 100/264  loss=0.4758
  batch 110/264  loss=0.4308
  batch 120/264  loss=0.3794
  batch 130/264  loss=0.3725
  batch 140/264  loss=0.5547
  batch 150/264  loss=0.3631
  batch 160/264  loss=0.3982
  batch 170/264  loss=0.4309
  batch 180/264  loss=0.2991
  batch 190/264  loss=0.6231
  batch 200/264  loss=0.4598
  batch 210/264  loss=0.3932
  batch 220/264  loss=0.3721
  batch 230/264  loss=0.3236
  batch 240/264  loss=0.3267
  batch 250/264  loss=0.3970
  batch 260/264  loss=0.4454
Epoch 129/300  train=4.277e-01  rmse=1.8915  lr=1.0e-04  238s
  batch 10/264  loss=0.3679
  batch 20/264  loss=0.3497
  batch 30/264  loss=0.3382
  batch 40/264  loss=0.4573
  batch 50/264  loss=0.4857
  batch 60/264  loss=0.3118
  batch 70/264  loss=0.3258
  batch 80/264  loss=0.3760
  batch 90/264  loss=0.3867
  batch 100/264  loss=0.7367
  batch 110/264  loss=0.4072
  batch 120/264  loss=0.3458
  batch 130/264  loss=0.4487
  batch 140/264  loss=0.4210
  batch 150/264  loss=0.4037
  batch 160/264  loss=0.3217
  batch 170/264  loss=0.4344
  batch 180/264  loss=0.4179
  batch 190/264  loss=0.3791
  batch 200/264  loss=0.3604
  batch 210/264  loss=0.4524
  batch 220/264  loss=0.3624
  batch 230/264  loss=0.8207
  batch 240/264  loss=0.5066
  batch 250/264  loss=0.4742
  batch 260/264  loss=0.3583
Epoch 130/300  train=4.244e-01  rmse=1.9125  lr=1.0e-04  235s
  -> best  monitor=4.244e-01
  batch 10/264  loss=0.4136
  batch 20/264  loss=0.3913
  batch 30/264  loss=0.3635
  batch 40/264  loss=0.5221
  batch 50/264  loss=0.4243
  batch 60/264  loss=0.3701
  batch 70/264  loss=0.3310
  batch 80/264  loss=0.3680
  batch 90/264  loss=0.5542
  batch 100/264  loss=0.3925
  batch 110/264  loss=0.3477
  batch 120/264  loss=0.2905
  batch 130/264  loss=0.5131
  batch 140/264  loss=0.4246
  batch 150/264  loss=0.3853
  batch 160/264  loss=0.3341
  batch 170/264  loss=0.3813
  batch 180/264  loss=0.3826
  batch 190/264  loss=0.4917
  batch 200/264  loss=0.4293
  batch 210/264  loss=0.3659
  batch 220/264  loss=0.3081
  batch 230/264  loss=0.3526
  batch 240/264  loss=0.3544
  batch 250/264  loss=0.3377
  batch 260/264  loss=0.4521
Epoch 131/300  train=4.204e-01  rmse=1.7762  lr=1.0e-04  231s
  -> best  monitor=4.204e-01
  batch 10/264  loss=0.3740
  batch 20/264  loss=0.3606
  batch 30/264  loss=0.3525
  batch 40/264  loss=0.5207
  batch 50/264  loss=0.4911
  batch 60/264  loss=0.7075
  batch 70/264  loss=0.5030
  batch 80/264  loss=0.3508
  batch 90/264  loss=0.3128
  batch 100/264  loss=0.7331
  batch 110/264  loss=0.4717
  batch 120/264  loss=0.2743
  batch 130/264  loss=0.3452
  batch 140/264  loss=0.4242
  batch 150/264  loss=0.3213
  batch 160/264  loss=0.3759
  batch 170/264  loss=0.4124
  batch 180/264  loss=0.3504
  batch 190/264  loss=0.3863
  batch 200/264  loss=0.5973
  batch 210/264  loss=0.4535
  batch 220/264  loss=0.3690
  batch 230/264  loss=0.3589
  batch 240/264  loss=0.5054
  batch 250/264  loss=0.3457
  batch 260/264  loss=0.4353
Epoch 132/300  train=4.237e-01  rmse=6.2706  lr=1.0e-04  230s
  batch 10/264  loss=0.2920
  batch 20/264  loss=0.3639
  batch 30/264  loss=0.5403
  batch 40/264  loss=0.4393
  batch 50/264  loss=0.3936
  batch 60/264  loss=0.4309
  batch 70/264  loss=0.4232
  batch 80/264  loss=0.4243
  batch 90/264  loss=0.4666
  batch 100/264  loss=0.3645
  batch 110/264  loss=0.4434
  batch 120/264  loss=0.4018
  batch 130/264  loss=0.3856
  batch 140/264  loss=0.4106
  batch 150/264  loss=0.5837
  batch 160/264  loss=0.3605
  batch 170/264  loss=0.3538
  batch 180/264  loss=0.4285
  batch 190/264  loss=0.5689
  batch 200/264  loss=0.4041
  batch 210/264  loss=0.3563
  batch 220/264  loss=0.3124
  batch 230/264  loss=0.3189
  batch 240/264  loss=0.3471
  batch 250/264  loss=0.4063
  batch 260/264  loss=0.3064
Epoch 133/300  train=4.181e-01  rmse=1.8296  lr=1.0e-04  231s
  -> best  monitor=4.181e-01
  batch 10/264  loss=0.3703
  batch 20/264  loss=0.3876
  batch 30/264  loss=0.3501
  batch 40/264  loss=0.3152
  batch 50/264  loss=0.3229
  batch 60/264  loss=0.3654
  batch 70/264  loss=0.3609
  batch 80/264  loss=0.3423
  batch 90/264  loss=0.4144
  batch 100/264  loss=0.4073
  batch 110/264  loss=0.5122
  batch 120/264  loss=0.7752
  batch 130/264  loss=0.3761
  batch 140/264  loss=0.3650
  batch 150/264  loss=0.4079
  batch 160/264  loss=0.4344
  batch 170/264  loss=0.3821
  batch 180/264  loss=0.5673
  batch 190/264  loss=0.3795
  batch 200/264  loss=0.3850
  batch 210/264  loss=0.3487
  batch 220/264  loss=0.4063
  batch 230/264  loss=0.3320
  batch 240/264  loss=0.4466
  batch 250/264  loss=0.7600
  batch 260/264  loss=0.4413
Epoch 134/300  train=4.236e-01  rmse=4.3544  lr=1.0e-04  232s
  batch 10/264  loss=0.4807
  batch 20/264  loss=0.4449
  batch 30/264  loss=0.3304
  batch 40/264  loss=0.4932
  batch 50/264  loss=0.3336
  batch 60/264  loss=0.5022
  batch 70/264  loss=0.4051
  batch 80/264  loss=0.3699
  batch 90/264  loss=0.4555
  batch 100/264  loss=0.3193
  batch 110/264  loss=0.5535
  batch 120/264  loss=0.3186
  batch 130/264  loss=0.6115
  batch 140/264  loss=0.3744
  batch 150/264  loss=0.4886
  batch 160/264  loss=0.4017
  batch 170/264  loss=0.3340
  batch 180/264  loss=0.7379
  batch 190/264  loss=0.4741
  batch 200/264  loss=0.5022
  batch 210/264  loss=0.3622
  batch 220/264  loss=0.5428
  batch 230/264  loss=0.4733
  batch 240/264  loss=0.4133
  batch 250/264  loss=0.3900
  batch 260/264  loss=0.3526
Epoch 135/300  train=4.264e-01  rmse=2.0805  lr=1.0e-04  231s
  batch 10/264  loss=0.5165
  batch 20/264  loss=0.3184
  batch 30/264  loss=0.4075
  batch 40/264  loss=0.4509
  batch 50/264  loss=0.3585
  batch 60/264  loss=0.3503
  batch 70/264  loss=0.4680
  batch 80/264  loss=0.4293
  batch 90/264  loss=0.6261
  batch 100/264  loss=0.4007
  batch 110/264  loss=0.5082
  batch 120/264  loss=0.4385
  batch 130/264  loss=0.3346
  batch 140/264  loss=0.5943
  batch 150/264  loss=0.3172
  batch 160/264  loss=0.4626
  batch 170/264  loss=0.3301
  batch 180/264  loss=0.3255
  batch 190/264  loss=0.3400
  batch 200/264  loss=0.3980
  batch 210/264  loss=0.6338
  batch 220/264  loss=0.3773
  batch 230/264  loss=0.5072
  batch 240/264  loss=0.3990
  batch 250/264  loss=0.4965
  batch 260/264  loss=0.4456
Epoch 136/300  train=4.249e-01  rmse=2.3981  lr=1.0e-04  232s
  batch 10/264  loss=0.4753
  batch 20/264  loss=0.4189
  batch 30/264  loss=0.2897
  batch 40/264  loss=0.4042
  batch 50/264  loss=0.3049
  batch 60/264  loss=0.3927
  batch 70/264  loss=0.3268
  batch 80/264  loss=0.4132
  batch 90/264  loss=0.4234
  batch 100/264  loss=0.3678
  batch 110/264  loss=0.3972
  batch 120/264  loss=0.5116
  batch 130/264  loss=0.9563
  batch 140/264  loss=0.3608
  batch 150/264  loss=0.6068
  batch 160/264  loss=0.3826
  batch 170/264  loss=0.4019
  batch 180/264  loss=0.3680
  batch 190/264  loss=0.3166
  batch 200/264  loss=0.4989
  batch 210/264  loss=0.3844
  batch 220/264  loss=0.3524
  batch 230/264  loss=0.4567
  batch 240/264  loss=0.3608
  batch 250/264  loss=0.3440
  batch 260/264  loss=0.3453
Epoch 137/300  train=4.182e-01  rmse=1.9403  lr=1.0e-04  231s
  batch 10/264  loss=0.3521
  batch 20/264  loss=0.4537
  batch 30/264  loss=0.4551
  batch 40/264  loss=0.3807
  batch 50/264  loss=0.3784
  batch 60/264  loss=0.4475
  batch 70/264  loss=0.3641
  batch 80/264  loss=0.4085
  batch 90/264  loss=0.3839
  batch 100/264  loss=0.3778
  batch 110/264  loss=0.3466
  batch 120/264  loss=0.3594
  batch 130/264  loss=0.3932
  batch 140/264  loss=0.3550
  batch 150/264  loss=0.3634
  batch 160/264  loss=0.3565
  batch 170/264  loss=0.3070
  batch 180/264  loss=0.6199
  batch 190/264  loss=0.4087
  batch 200/264  loss=0.5790
  batch 210/264  loss=0.4038
  batch 220/264  loss=0.3272
  batch 230/264  loss=0.6510
  batch 240/264  loss=0.3512
  batch 250/264  loss=0.3786
  batch 260/264  loss=0.3855
Epoch 138/300  train=4.183e-01  rmse=1.9417  lr=1.0e-04  231s
  batch 10/264  loss=0.3677
  batch 20/264  loss=0.4213
  batch 30/264  loss=0.3568
  batch 40/264  loss=0.4064
  batch 50/264  loss=0.4290
  batch 60/264  loss=0.4162
  batch 70/264  loss=0.3764
  batch 80/264  loss=0.5111
  batch 90/264  loss=0.4779
  batch 100/264  loss=0.3559
  batch 110/264  loss=0.4162
  batch 120/264  loss=0.3491
  batch 130/264  loss=0.4772
  batch 140/264  loss=0.3478
  batch 150/264  loss=0.5366
  batch 160/264  loss=0.4714
  batch 170/264  loss=0.3761
  batch 180/264  loss=0.4008
  batch 190/264  loss=0.4711
  batch 200/264  loss=0.5956
  batch 210/264  loss=0.3849
  batch 220/264  loss=0.4136
  batch 230/264  loss=0.3507
  batch 240/264  loss=0.2858
  batch 250/264  loss=0.3357
  batch 260/264  loss=0.3518
Epoch 139/300  train=4.235e-01  rmse=1.7610  lr=1.0e-04  232s
  batch 10/264  loss=0.3539
  batch 20/264  loss=0.3958
  batch 30/264  loss=0.4923
  batch 40/264  loss=0.5018
  batch 50/264  loss=0.3554
  batch 60/264  loss=0.3679
  batch 70/264  loss=0.7707
  batch 80/264  loss=0.4462
  batch 90/264  loss=0.4836
  batch 100/264  loss=0.4786
  batch 110/264  loss=0.3623
  batch 120/264  loss=0.4222
  batch 130/264  loss=0.3342
  batch 140/264  loss=0.3535
  batch 150/264  loss=0.5737
  batch 160/264  loss=0.4704
  batch 170/264  loss=0.3385
  batch 180/264  loss=0.7816
  batch 190/264  loss=0.4357
  batch 200/264  loss=0.4854
  batch 210/264  loss=0.5945
  batch 220/264  loss=0.5613
  batch 230/264  loss=0.5440
  batch 240/264  loss=0.4056
  batch 250/264  loss=0.3424
  batch 260/264  loss=0.4564
Epoch 140/300  train=4.151e-01  rmse=2.9645  lr=1.0e-04  233s
  -> best  monitor=4.151e-01
  batch 10/264  loss=0.3520
  batch 20/264  loss=0.4508
  batch 30/264  loss=0.4474
  batch 40/264  loss=0.3968
  batch 50/264  loss=0.3053
  batch 60/264  loss=0.3656
  batch 70/264  loss=0.5910
  batch 80/264  loss=0.3429
  batch 90/264  loss=0.3285
  batch 100/264  loss=0.3282
  batch 110/264  loss=0.3468
  batch 120/264  loss=0.4654
  batch 130/264  loss=0.3432
  batch 140/264  loss=0.3188
  batch 150/264  loss=0.4560
  batch 160/264  loss=0.4329
  batch 170/264  loss=0.5153
  batch 180/264  loss=0.7639
  batch 190/264  loss=0.4620
  batch 200/264  loss=0.3765
  batch 210/264  loss=0.3654
  batch 220/264  loss=0.3767
  batch 230/264  loss=0.3330
  batch 240/264  loss=0.4140
  batch 250/264  loss=0.5154
  batch 260/264  loss=0.3044
Epoch 141/300  train=4.128e-01  rmse=1.7623  lr=1.0e-04  232s
  -> best  monitor=4.128e-01
  batch 10/264  loss=0.3480
  batch 20/264  loss=0.3991
  batch 30/264  loss=0.3730
  batch 40/264  loss=0.3885
  batch 50/264  loss=0.3220
  batch 60/264  loss=0.5287
  batch 70/264  loss=0.4118
  batch 80/264  loss=0.4354
  batch 90/264  loss=0.3683
  batch 100/264  loss=0.4112
  batch 110/264  loss=0.3244
  batch 120/264  loss=0.2770
  batch 130/264  loss=0.3120
  batch 140/264  loss=0.5830
  batch 150/264  loss=0.3537
  batch 160/264  loss=0.3861
  batch 170/264  loss=0.3085
  batch 180/264  loss=0.5333
  batch 190/264  loss=0.3565
  batch 200/264  loss=0.3806
  batch 210/264  loss=0.5059
  batch 220/264  loss=0.4280
  batch 230/264  loss=0.3538
  batch 240/264  loss=0.4066
  batch 250/264  loss=0.3527
  batch 260/264  loss=0.5605
Epoch 142/300  train=4.172e-01  rmse=1.8658  lr=1.0e-04  231s
  batch 10/264  loss=0.4386
  batch 20/264  loss=0.5712
  batch 30/264  loss=0.4959
  batch 40/264  loss=0.4402
  batch 50/264  loss=0.3624
  batch 60/264  loss=0.4014
  batch 70/264  loss=0.3498
  batch 80/264  loss=0.5373
  batch 90/264  loss=0.4671
  batch 100/264  loss=0.6083
  batch 110/264  loss=0.4914
  batch 120/264  loss=0.3765
  batch 130/264  loss=0.3726
  batch 140/264  loss=0.3867
  batch 150/264  loss=0.3343
  batch 160/264  loss=0.3327
  batch 170/264  loss=0.3978
  batch 180/264  loss=0.3410
  batch 190/264  loss=0.3165
  batch 200/264  loss=0.3462
  batch 210/264  loss=0.4783
  batch 220/264  loss=0.4411
  batch 230/264  loss=0.4119
  batch 240/264  loss=0.4391
  batch 250/264  loss=0.3498
  batch 260/264  loss=0.8756
Epoch 143/300  train=4.166e-01  rmse=2.2731  lr=1.0e-04  233s
  batch 10/264  loss=0.3695
  batch 20/264  loss=0.3473
  batch 30/264  loss=0.3521
  batch 40/264  loss=0.4217
  batch 50/264  loss=0.3575
  batch 60/264  loss=0.4396
  batch 70/264  loss=0.5234
  batch 80/264  loss=0.3425
  batch 90/264  loss=0.3349
  batch 100/264  loss=0.3845
  batch 110/264  loss=0.3706
  batch 120/264  loss=0.3735
  batch 130/264  loss=0.3870
  batch 140/264  loss=0.4867
  batch 150/264  loss=0.4478
  batch 160/264  loss=0.3148
  batch 170/264  loss=0.3306
  batch 180/264  loss=0.3500
  batch 190/264  loss=0.5603
  batch 200/264  loss=0.3310
  batch 210/264  loss=0.3794
  batch 220/264  loss=0.3748
  batch 230/264  loss=0.4657
  batch 240/264  loss=0.4928
  batch 250/264  loss=0.4585
  batch 260/264  loss=0.4025
Epoch 144/300  train=4.105e-01  rmse=2.2047  lr=1.0e-04  232s
  -> best  monitor=4.105e-01
  batch 10/264  loss=0.4530
  batch 20/264  loss=0.5020
  batch 30/264  loss=0.3518
  batch 40/264  loss=0.3784
  batch 50/264  loss=0.3802
  batch 60/264  loss=0.3297
  batch 70/264  loss=0.3094
  batch 80/264  loss=0.4265
  batch 90/264  loss=0.4016
  batch 100/264  loss=0.4594
  batch 110/264  loss=0.4392
  batch 120/264  loss=0.5171
  batch 130/264  loss=0.4034
  batch 140/264  loss=0.4337
  batch 150/264  loss=0.3133
  batch 160/264  loss=0.4596
  batch 170/264  loss=0.5310
  batch 180/264  loss=0.3614
  batch 190/264  loss=0.6645
  batch 200/264  loss=0.3593
  batch 210/264  loss=0.4525
  batch 220/264  loss=0.3539
  batch 230/264  loss=0.4967
  batch 240/264  loss=0.4656
  batch 250/264  loss=0.3254
  batch 260/264  loss=0.5064
Epoch 145/300  train=4.210e-01  rmse=2.7982  lr=1.0e-04  235s
  batch 10/264  loss=0.4241
  batch 20/264  loss=0.5138
  batch 30/264  loss=0.3137
  batch 40/264  loss=0.5902
  batch 50/264  loss=0.3079
  batch 60/264  loss=0.3593
  batch 70/264  loss=0.2910
  batch 80/264  loss=0.3693
  batch 90/264  loss=0.4026
  batch 100/264  loss=0.4196
  batch 110/264  loss=0.4326
  batch 120/264  loss=0.4082
  batch 130/264  loss=0.5874
  batch 140/264  loss=0.3647
  batch 150/264  loss=0.4134
  batch 160/264  loss=0.5428
  batch 170/264  loss=0.3575
  batch 180/264  loss=0.3559
  batch 190/264  loss=0.3656
  batch 200/264  loss=0.3952
  batch 210/264  loss=0.3727
  batch 220/264  loss=0.4382
  batch 230/264  loss=0.4010
  batch 240/264  loss=0.5572
  batch 250/264  loss=0.6614
  batch 260/264  loss=0.4352
Epoch 146/300  train=4.133e-01  rmse=1.8173  lr=1.0e-04  232s
  batch 10/264  loss=0.4323
  batch 20/264  loss=0.3631
  batch 30/264  loss=0.4505
  batch 40/264  loss=0.3741
  batch 50/264  loss=0.3711
  batch 60/264  loss=0.3634
  batch 70/264  loss=0.5727
  batch 80/264  loss=0.3464
  batch 90/264  loss=0.5854
  batch 100/264  loss=0.3684
  batch 110/264  loss=0.4926
  batch 120/264  loss=0.3511
  batch 130/264  loss=0.4952
  batch 140/264  loss=0.3766
  batch 150/264  loss=0.3088
  batch 160/264  loss=0.3428
  batch 170/264  loss=0.4999
  batch 180/264  loss=0.5102
  batch 190/264  loss=0.3244
  batch 200/264  loss=0.6775
  batch 210/264  loss=0.4135
  batch 220/264  loss=0.3786
  batch 230/264  loss=0.3614
  batch 240/264  loss=0.5204
  batch 250/264  loss=0.4862
  batch 260/264  loss=0.3796
Epoch 147/300  train=4.119e-01  rmse=1.7667  lr=1.0e-04  230s
  batch 10/264  loss=0.4366
  batch 20/264  loss=0.3242
  batch 30/264  loss=0.2963
  batch 40/264  loss=0.3492
  batch 50/264  loss=0.4445
  batch 60/264  loss=0.3572
  batch 70/264  loss=0.4122
  batch 80/264  loss=0.3547
  batch 90/264  loss=0.4591
  batch 100/264  loss=0.3271
  batch 110/264  loss=0.4057
  batch 120/264  loss=0.3542
  batch 130/264  loss=0.3667
  batch 140/264  loss=0.4312
  batch 150/264  loss=0.3232
  batch 160/264  loss=0.3618
  batch 170/264  loss=0.4550
  batch 180/264  loss=0.4894
  batch 190/264  loss=0.5766
  batch 200/264  loss=0.5061
  batch 210/264  loss=0.4810
  batch 220/264  loss=0.4327
  batch 230/264  loss=0.4647
  batch 240/264  loss=0.3769
  batch 250/264  loss=0.5253
  batch 260/264  loss=0.3473
Epoch 148/300  train=4.195e-01  rmse=3.0987  lr=1.0e-04  231s
  batch 10/264  loss=0.3586
  batch 20/264  loss=0.3189
  batch 30/264  loss=0.2975
  batch 40/264  loss=0.4138
  batch 50/264  loss=0.3886
  batch 60/264  loss=0.4420
  batch 70/264  loss=0.3384
  batch 80/264  loss=0.3242
  batch 90/264  loss=0.3337
  batch 100/264  loss=0.5693
  batch 110/264  loss=0.4708
  batch 120/264  loss=0.5541
  batch 130/264  loss=0.4112
  batch 140/264  loss=0.3191
  batch 150/264  loss=0.4634
  batch 160/264  loss=0.5310
  batch 170/264  loss=0.3989
  batch 180/264  loss=0.4983
  batch 190/264  loss=0.2966
  batch 200/264  loss=0.3858
  batch 210/264  loss=0.3582
  batch 220/264  loss=0.4779
  batch 230/264  loss=0.4270
  batch 240/264  loss=0.3989
  batch 250/264  loss=0.4300
  batch 260/264  loss=0.4786
Epoch 149/300  train=4.135e-01  rmse=1.7101  lr=1.0e-04  230s
  batch 10/264  loss=0.2952
  batch 20/264  loss=0.4066
  batch 30/264  loss=0.5112
  batch 40/264  loss=0.3516
  batch 50/264  loss=0.4311
  batch 60/264  loss=0.3851
  batch 70/264  loss=0.2922
  batch 80/264  loss=0.3235
  batch 90/264  loss=0.6370
  batch 100/264  loss=0.4039
  batch 110/264  loss=0.4419
  batch 120/264  loss=0.3953
  batch 130/264  loss=0.7481
  batch 140/264  loss=0.4536
  batch 150/264  loss=0.7687
  batch 160/264  loss=0.3520
  batch 170/264  loss=0.3312
  batch 180/264  loss=0.5164
  batch 190/264  loss=0.3349
  batch 200/264  loss=0.3924
  batch 210/264  loss=0.3631
  batch 220/264  loss=0.4151
  batch 230/264  loss=0.5529
  batch 240/264  loss=0.4547
  batch 250/264  loss=0.3033
  batch 260/264  loss=0.5176
Epoch 150/300  train=4.105e-01  rmse=1.8438  lr=1.0e-04  230s
  batch 10/264  loss=0.4324
  batch 20/264  loss=0.5294
  batch 30/264  loss=0.3082
  batch 40/264  loss=0.3357
  batch 50/264  loss=0.4520
  batch 60/264  loss=0.4717
  batch 70/264  loss=0.3012
  batch 80/264  loss=0.3207
  batch 90/264  loss=0.3596
  batch 100/264  loss=0.3382
  batch 110/264  loss=0.3185
  batch 120/264  loss=0.3352
  batch 130/264  loss=0.3654
  batch 140/264  loss=0.3316
  batch 150/264  loss=0.3542
  batch 160/264  loss=0.3864
  batch 170/264  loss=0.3824
  batch 180/264  loss=0.3812
  batch 190/264  loss=0.4299
  batch 200/264  loss=0.3096
  batch 210/264  loss=0.2989
  batch 220/264  loss=0.4027
  batch 230/264  loss=0.3543
  batch 240/264  loss=0.4497
  batch 250/264  loss=0.4184
  batch 260/264  loss=0.3784
Epoch 151/300  train=4.122e-01  rmse=2.1172  lr=1.0e-04  231s
  batch 10/264  loss=0.5196
  batch 20/264  loss=0.3119
  batch 30/264  loss=0.2966
  batch 40/264  loss=0.2989
  batch 50/264  loss=0.4023
  batch 60/264  loss=0.4982
  batch 70/264  loss=0.4138
  batch 80/264  loss=0.3747
  batch 90/264  loss=0.3140
  batch 100/264  loss=0.3517
  batch 110/264  loss=0.3549
  batch 120/264  loss=0.5312
  batch 130/264  loss=0.5827
  batch 140/264  loss=0.3544
  batch 150/264  loss=0.4707
  batch 160/264  loss=0.4948
  batch 170/264  loss=0.3629
  batch 180/264  loss=0.3059
  batch 190/264  loss=0.3152
  batch 200/264  loss=0.3067
  batch 210/264  loss=0.4214
  batch 220/264  loss=0.3683
  batch 230/264  loss=0.4150
  batch 240/264  loss=0.3703
  batch 250/264  loss=0.3393
  batch 260/264  loss=0.3120
Epoch 152/300  train=4.061e-01  rmse=1.8254  lr=1.0e-04  230s
  -> best  monitor=4.061e-01
  batch 10/264  loss=0.3719
  batch 20/264  loss=0.3230
  batch 30/264  loss=0.4207
  batch 40/264  loss=0.3661
  batch 50/264  loss=0.5285
  batch 60/264  loss=0.3340
  batch 70/264  loss=0.3376
  batch 80/264  loss=0.3691
  batch 90/264  loss=0.2910
  batch 100/264  loss=0.2946
  batch 110/264  loss=0.4694
  batch 120/264  loss=0.3324
  batch 130/264  loss=0.6171
  batch 140/264  loss=0.3379
  batch 150/264  loss=0.3015
  batch 160/264  loss=0.3696
  batch 170/264  loss=0.6255
  batch 180/264  loss=0.5313
  batch 190/264  loss=0.3556
  batch 200/264  loss=0.4170
  batch 210/264  loss=0.4029
  batch 220/264  loss=0.5789
  batch 230/264  loss=0.4084
  batch 240/264  loss=0.4147
  batch 250/264  loss=0.2695
  batch 260/264  loss=0.3919
Epoch 153/300  train=4.084e-01  rmse=2.4005  lr=1.0e-04  232s
  batch 10/264  loss=0.6853
  batch 20/264  loss=0.3163
  batch 30/264  loss=0.3533
  batch 40/264  loss=0.4184
  batch 50/264  loss=0.3483
  batch 60/264  loss=0.4122
  batch 70/264  loss=0.3758
  batch 80/264  loss=0.3881
  batch 90/264  loss=0.6091
  batch 100/264  loss=0.5085
  batch 110/264  loss=0.4225
  batch 120/264  loss=0.3828
  batch 130/264  loss=0.3573
  batch 140/264  loss=0.2891
  batch 150/264  loss=0.4767
  batch 160/264  loss=0.3229
  batch 170/264  loss=0.4374
  batch 180/264  loss=0.3345
  batch 190/264  loss=0.4367
  batch 200/264  loss=0.6749
  batch 210/264  loss=0.3887
  batch 220/264  loss=0.3616
  batch 230/264  loss=0.3434
  batch 240/264  loss=0.3454
  batch 250/264  loss=0.4438
  batch 260/264  loss=0.5379
Epoch 154/300  train=4.073e-01  rmse=1.7832  lr=1.0e-04  234s
  batch 10/264  loss=0.4170
  batch 20/264  loss=0.3824
  batch 30/264  loss=0.4498
  batch 40/264  loss=0.3594
  batch 50/264  loss=0.3953
  batch 60/264  loss=0.5308
  batch 70/264  loss=0.4467
  batch 80/264  loss=0.3318
  batch 90/264  loss=0.5418
  batch 100/264  loss=0.3807
  batch 110/264  loss=0.4340
  batch 120/264  loss=0.3551
  batch 130/264  loss=0.4074
  batch 140/264  loss=0.4457
  batch 150/264  loss=0.4792
  batch 160/264  loss=0.3723
  batch 170/264  loss=0.3243
  batch 180/264  loss=0.3618
  batch 190/264  loss=0.3752
  batch 200/264  loss=0.3018
  batch 210/264  loss=0.5072
  batch 220/264  loss=0.4390
  batch 230/264  loss=0.3449
  batch 240/264  loss=0.3445
  batch 250/264  loss=0.3771
  batch 260/264  loss=0.6244
Epoch 155/300  train=4.111e-01  rmse=2.0366  lr=1.0e-04  233s
  batch 10/264  loss=0.4796
  batch 20/264  loss=0.3732
  batch 30/264  loss=0.4514
  batch 40/264  loss=0.4023
  batch 50/264  loss=0.3863
  batch 60/264  loss=0.3333
  batch 70/264  loss=0.3845
  batch 80/264  loss=0.2943
  batch 90/264  loss=0.5635
  batch 100/264  loss=0.3729
  batch 110/264  loss=0.3097
  batch 120/264  loss=0.4891
  batch 130/264  loss=0.3422
  batch 140/264  loss=0.3590
  batch 150/264  loss=0.4431
  batch 160/264  loss=0.4802
  batch 170/264  loss=0.3209
  batch 180/264  loss=0.5147
  batch 190/264  loss=0.3406
  batch 200/264  loss=0.4182
  batch 210/264  loss=0.2858
  batch 220/264  loss=0.3285
  batch 230/264  loss=0.3888
  batch 240/264  loss=0.8580
  batch 250/264  loss=0.4144
  batch 260/264  loss=0.3133
Epoch 156/300  train=4.090e-01  rmse=1.7448  lr=1.0e-04  232s
  batch 10/264  loss=0.3717
  batch 20/264  loss=0.3458
  batch 30/264  loss=0.3792
  batch 40/264  loss=0.2896
  batch 50/264  loss=0.4959
  batch 60/264  loss=0.3439
  batch 70/264  loss=0.5997
  batch 80/264  loss=0.3957
  batch 90/264  loss=0.4555
  batch 100/264  loss=0.3088
  batch 110/264  loss=0.3295
  batch 120/264  loss=0.3836
  batch 130/264  loss=0.4598
  batch 140/264  loss=0.6443
  batch 150/264  loss=0.3723
  batch 160/264  loss=0.4419
  batch 170/264  loss=0.3053
  batch 180/264  loss=0.3889
  batch 190/264  loss=0.3918
  batch 200/264  loss=0.5070
  batch 210/264  loss=0.4080
  batch 220/264  loss=0.3509
  batch 230/264  loss=0.6374
  batch 240/264  loss=0.3994
  batch 250/264  loss=0.3887
  batch 260/264  loss=0.4492
Epoch 157/300  train=4.087e-01  rmse=1.8030  lr=1.0e-04  232s
  batch 10/264  loss=0.3176
  batch 20/264  loss=0.4419
  batch 30/264  loss=0.3599
  batch 40/264  loss=0.3122
  batch 50/264  loss=0.5728
  batch 60/264  loss=0.3806
  batch 70/264  loss=0.4858
  batch 80/264  loss=0.3861
  batch 90/264  loss=0.3583
  batch 100/264  loss=0.2948
  batch 110/264  loss=0.3471
  batch 120/264  loss=0.4361
  batch 130/264  loss=0.3123
  batch 140/264  loss=0.3769
  batch 150/264  loss=0.2981
  batch 160/264  loss=0.3717
  batch 170/264  loss=0.3558
  batch 180/264  loss=0.3400
  batch 190/264  loss=0.3744
  batch 200/264  loss=0.4466
  batch 210/264  loss=0.5374
  batch 220/264  loss=0.3814
  batch 230/264  loss=0.4183
  batch 240/264  loss=0.4388
  batch 250/264  loss=0.4141
  batch 260/264  loss=0.3693
Epoch 158/300  train=4.069e-01  rmse=2.0197  lr=1.0e-04  231s
  batch 10/264  loss=0.3353
  batch 20/264  loss=0.3538
  batch 30/264  loss=0.3932
  batch 40/264  loss=0.2918
  batch 50/264  loss=0.4957
  batch 60/264  loss=0.4308
  batch 70/264  loss=0.3196
  batch 80/264  loss=0.3341
  batch 90/264  loss=0.3600
  batch 100/264  loss=0.3225
  batch 110/264  loss=0.4846
  batch 120/264  loss=0.4447
  batch 130/264  loss=0.3086
  batch 140/264  loss=0.3917
  batch 150/264  loss=0.3382
  batch 160/264  loss=0.2964
  batch 170/264  loss=0.3372
  batch 180/264  loss=0.4874
  batch 190/264  loss=0.3620
  batch 200/264  loss=0.8959
  batch 210/264  loss=0.4058
  batch 220/264  loss=0.3919
  batch 230/264  loss=0.5543
  batch 240/264  loss=0.3777
  batch 250/264  loss=0.3879
  batch 260/264  loss=0.3706
Epoch 159/300  train=4.117e-01  rmse=1.7642  lr=1.0e-04  231s
  batch 10/264  loss=0.4134
  batch 20/264  loss=0.3303
  batch 30/264  loss=0.5014
  batch 40/264  loss=0.3349
  batch 50/264  loss=0.3883
  batch 60/264  loss=0.7088
  batch 70/264  loss=0.4172
  batch 80/264  loss=0.4019
  batch 90/264  loss=0.3936
  batch 100/264  loss=0.3296
  batch 110/264  loss=0.5207
  batch 120/264  loss=0.3280
  batch 130/264  loss=0.6424
  batch 140/264  loss=0.4844
  batch 150/264  loss=0.3495
  batch 160/264  loss=0.3143
  batch 170/264  loss=0.3501
  batch 180/264  loss=0.4771
  batch 190/264  loss=0.3932
  batch 200/264  loss=0.3238
  batch 210/264  loss=0.4181
  batch 220/264  loss=0.3049
  batch 230/264  loss=0.3226
  batch 240/264  loss=0.4396
  batch 250/264  loss=0.3420
  batch 260/264  loss=0.4319
Epoch 160/300  train=4.092e-01  rmse=1.9172  lr=1.0e-04  234s
  batch 10/264  loss=0.3481
  batch 20/264  loss=0.4175
  batch 30/264  loss=0.3579
  batch 40/264  loss=0.3534
  batch 50/264  loss=0.5962
  batch 60/264  loss=0.3037
  batch 70/264  loss=0.4668
  batch 80/264  loss=0.4017
  batch 90/264  loss=0.3000
  batch 100/264  loss=0.3915
  batch 110/264  loss=0.3343
  batch 120/264  loss=0.3083
  batch 130/264  loss=0.4338
  batch 140/264  loss=0.3642
  batch 150/264  loss=0.3641
  batch 160/264  loss=0.3572
  batch 170/264  loss=0.3811
  batch 180/264  loss=0.4015
  batch 190/264  loss=0.5843
  batch 200/264  loss=0.2943
  batch 210/264  loss=0.6446
  batch 220/264  loss=0.4467
  batch 230/264  loss=0.3250
  batch 240/264  loss=0.4111
  batch 250/264  loss=0.3744
  batch 260/264  loss=0.3496
Epoch 161/300  train=4.038e-01  rmse=1.8675  lr=1.0e-04  231s
  -> best  monitor=4.038e-01
  batch 10/264  loss=0.4635
  batch 20/264  loss=0.4472
  batch 30/264  loss=0.3986
  batch 40/264  loss=0.3259
  batch 50/264  loss=0.3706
  batch 60/264  loss=0.3918
  batch 70/264  loss=0.3461
  batch 80/264  loss=0.4056
  batch 90/264  loss=0.3775
  batch 100/264  loss=0.3771
  batch 110/264  loss=0.3431
  batch 120/264  loss=0.3627
  batch 130/264  loss=0.4080
  batch 140/264  loss=0.4435
  batch 150/264  loss=0.3305
  batch 160/264  loss=0.2943
  batch 170/264  loss=0.3456
  batch 180/264  loss=0.3243
  batch 190/264  loss=0.4225
  batch 200/264  loss=0.3786
  batch 210/264  loss=0.3721
  batch 220/264  loss=0.4231
  batch 230/264  loss=0.3917
  batch 240/264  loss=0.4372
  batch 250/264  loss=0.3126
  batch 260/264  loss=0.3246
Epoch 162/300  train=4.031e-01  rmse=2.0722  lr=1.0e-04  230s
  -> best  monitor=4.031e-01
  batch 10/264  loss=0.4837
  batch 20/264  loss=0.3087
  batch 30/264  loss=0.5276
  batch 40/264  loss=0.4121
  batch 50/264  loss=0.6253
  batch 60/264  loss=0.4109
  batch 70/264  loss=0.3180
  batch 80/264  loss=0.4515
  batch 90/264  loss=0.3633
  batch 100/264  loss=0.3572
  batch 110/264  loss=0.4489
  batch 120/264  loss=0.3198
  batch 130/264  loss=0.4867
  batch 140/264  loss=0.3098
  batch 150/264  loss=0.3516
  batch 160/264  loss=0.3341
  batch 170/264  loss=0.3066
  batch 180/264  loss=0.3826
  batch 190/264  loss=0.6556
  batch 200/264  loss=0.2838
  batch 210/264  loss=0.4491
  batch 220/264  loss=0.4137
  batch 230/264  loss=0.3824
  batch 240/264  loss=0.3704
  batch 250/264  loss=0.5046
  batch 260/264  loss=0.3509
Epoch 163/300  train=4.105e-01  rmse=1.8946  lr=1.0e-04  233s
  batch 10/264  loss=0.3501
  batch 20/264  loss=0.3814
  batch 30/264  loss=0.4622
  batch 40/264  loss=0.3738
  batch 50/264  loss=0.3117
  batch 60/264  loss=0.3489
  batch 70/264  loss=0.3634
  batch 80/264  loss=0.3619
  batch 90/264  loss=0.4884
  batch 100/264  loss=0.3501
  batch 110/264  loss=0.5574
  batch 120/264  loss=0.3941
  batch 130/264  loss=0.3307
  batch 140/264  loss=0.3599
  batch 150/264  loss=0.3658
  batch 160/264  loss=0.3334
  batch 170/264  loss=0.6035
  batch 180/264  loss=0.3889
  batch 190/264  loss=0.3476
  batch 200/264  loss=0.4223
  batch 210/264  loss=0.4753
  batch 220/264  loss=0.2939
  batch 230/264  loss=0.3293
  batch 240/264  loss=0.3562
  batch 250/264  loss=0.3188
  batch 260/264  loss=0.3126
Epoch 164/300  train=3.982e-01  rmse=2.0693  lr=1.0e-04  231s
  -> best  monitor=3.982e-01
  batch 10/264  loss=0.4307
  batch 20/264  loss=0.3491
  batch 30/264  loss=0.2953
  batch 40/264  loss=0.4172
  batch 50/264  loss=0.4781
  batch 60/264  loss=0.4395
  batch 70/264  loss=0.3171
  batch 80/264  loss=0.4085
  batch 90/264  loss=0.4340
  batch 100/264  loss=0.3691
  batch 110/264  loss=0.4010
  batch 120/264  loss=0.3513
  batch 130/264  loss=0.6520
  batch 140/264  loss=0.3683
  batch 150/264  loss=0.3529
  batch 160/264  loss=0.3783
  batch 170/264  loss=0.3261
  batch 180/264  loss=0.3712
  batch 190/264  loss=0.3406
  batch 200/264  loss=0.5827
  batch 210/264  loss=0.3973
  batch 220/264  loss=0.4054
  batch 230/264  loss=0.4087
  batch 240/264  loss=0.3563
  batch 250/264  loss=0.3500
  batch 260/264  loss=0.3627
Epoch 165/300  train=4.011e-01  rmse=1.7947  lr=1.0e-04  233s
  batch 10/264  loss=0.3119
  batch 20/264  loss=0.3813
  batch 30/264  loss=0.4709
  batch 40/264  loss=0.3596
  batch 50/264  loss=0.3103
  batch 60/264  loss=0.4262
  batch 70/264  loss=0.4316
  batch 80/264  loss=0.2996
  batch 90/264  loss=0.4045
  batch 100/264  loss=0.3950
  batch 110/264  loss=0.2867
  batch 120/264  loss=0.3546
  batch 130/264  loss=0.3612
  batch 140/264  loss=0.2950
  batch 150/264  loss=0.3075
  batch 160/264  loss=0.4000
  batch 170/264  loss=0.3397
  batch 180/264  loss=0.4846
  batch 190/264  loss=0.4184
  batch 200/264  loss=0.3258
  batch 210/264  loss=0.3831
  batch 220/264  loss=0.4011
  batch 230/264  loss=0.3850
  batch 240/264  loss=0.3688
  batch 250/264  loss=0.3288
  batch 260/264  loss=0.4031
Epoch 166/300  train=4.036e-01  rmse=8.0427  lr=1.0e-04  234s
  batch 10/264  loss=0.5497
  batch 20/264  loss=0.4547
  batch 30/264  loss=0.3006
  batch 40/264  loss=0.3772
  batch 50/264  loss=0.3969
  batch 60/264  loss=0.4719
  batch 70/264  loss=0.3516
  batch 80/264  loss=0.4190
  batch 90/264  loss=0.5621
  batch 100/264  loss=0.3656
  batch 110/264  loss=0.3418
  batch 120/264  loss=0.3349
  batch 130/264  loss=0.4660
  batch 140/264  loss=0.4039
  batch 150/264  loss=0.3325
  batch 160/264  loss=0.3594
  batch 170/264  loss=0.3593
  batch 180/264  loss=0.3730
  batch 190/264  loss=0.3690
  batch 200/264  loss=0.4978
  batch 210/264  loss=0.5438
  batch 220/264  loss=0.4873
  batch 230/264  loss=0.6178
  batch 240/264  loss=0.5186
  batch 250/264  loss=0.5035
  batch 260/264  loss=0.3427
Epoch 167/300  train=4.060e-01  rmse=2.9382  lr=1.0e-04  232s
  batch 10/264  loss=0.3116
  batch 20/264  loss=0.4220
  batch 30/264  loss=0.4989
  batch 40/264  loss=0.4817
  batch 50/264  loss=0.3095
  batch 60/264  loss=0.5340
  batch 70/264  loss=0.4297
  batch 80/264  loss=0.6170
  batch 90/264  loss=0.3630
  batch 100/264  loss=0.4550
  batch 110/264  loss=0.6953
  batch 120/264  loss=0.3679
  batch 130/264  loss=0.3617
  batch 140/264  loss=0.5001
  batch 150/264  loss=0.3238
  batch 160/264  loss=0.3688
  batch 170/264  loss=0.3177
  batch 180/264  loss=0.3505
  batch 190/264  loss=0.5099
  batch 200/264  loss=0.3200
  batch 210/264  loss=0.4457
  batch 220/264  loss=0.5704
  batch 230/264  loss=0.3657
  batch 240/264  loss=0.3496
  batch 250/264  loss=0.6033
  batch 260/264  loss=0.4480
Epoch 168/300  train=4.016e-01  rmse=5.5189  lr=1.0e-04  232s
  batch 10/264  loss=0.2992
  batch 20/264  loss=0.3338
  batch 30/264  loss=0.3757
  batch 40/264  loss=0.3742
  batch 50/264  loss=0.3997
  batch 60/264  loss=0.3025
  batch 70/264  loss=0.4215
  batch 80/264  loss=0.3604
  batch 90/264  loss=0.4119
  batch 100/264  loss=0.3533
  batch 110/264  loss=0.4878
  batch 120/264  loss=0.4032
  batch 130/264  loss=0.4302
  batch 140/264  loss=0.4487
  batch 150/264  loss=0.7686
  batch 160/264  loss=0.3701
  batch 170/264  loss=0.3219
  batch 180/264  loss=0.5378
  batch 190/264  loss=0.3558
  batch 200/264  loss=0.3191
  batch 210/264  loss=0.3664
  batch 220/264  loss=0.3031
  batch 230/264  loss=0.3772
  batch 240/264  loss=0.4582
  batch 250/264  loss=0.5570
  batch 260/264  loss=0.7339
Epoch 169/300  train=4.016e-01  rmse=3.3038  lr=1.0e-04  232s
  batch 10/264  loss=0.4081
  batch 20/264  loss=0.3957
  batch 30/264  loss=0.3055
  batch 40/264  loss=0.5909
  batch 50/264  loss=0.4000
  batch 60/264  loss=0.4550
  batch 70/264  loss=0.3149
  batch 80/264  loss=0.2911
  batch 90/264  loss=0.3895
  batch 100/264  loss=0.3571
  batch 110/264  loss=0.3286
  batch 120/264  loss=0.5143
  batch 130/264  loss=0.4458
  batch 140/264  loss=0.3267
  batch 150/264  loss=0.3520
  batch 160/264  loss=0.3483
  batch 170/264  loss=0.3592
  batch 180/264  loss=0.5753
  batch 190/264  loss=0.3973
  batch 200/264  loss=0.3414
  batch 210/264  loss=0.4067
  batch 220/264  loss=0.3529
  batch 230/264  loss=0.5041
  batch 240/264  loss=0.4435
  batch 250/264  loss=0.3671
  batch 260/264  loss=0.4113
Epoch 170/300  train=3.971e-01  rmse=2.4249  lr=1.0e-04  231s
  -> best  monitor=3.971e-01
  batch 10/264  loss=0.3260
  batch 20/264  loss=0.3657
  batch 30/264  loss=0.3574
  batch 40/264  loss=0.4121
  batch 50/264  loss=0.3523
  batch 60/264  loss=0.3971
  batch 70/264  loss=0.3760
  batch 80/264  loss=0.2879
  batch 90/264  loss=0.5086
  batch 100/264  loss=0.3506
  batch 110/264  loss=0.3185
  batch 120/264  loss=0.3663
  batch 130/264  loss=0.3173
  batch 140/264  loss=0.3344
  batch 150/264  loss=0.4279
  batch 160/264  loss=0.4979
  batch 170/264  loss=0.3660
  batch 180/264  loss=0.3088
  batch 190/264  loss=0.3428
  batch 200/264  loss=0.4790
  batch 210/264  loss=0.3444
  batch 220/264  loss=0.4133
  batch 230/264  loss=0.3628
  batch 240/264  loss=0.4961
  batch 250/264  loss=0.3607
  batch 260/264  loss=0.3982
Epoch 171/300  train=4.035e-01  rmse=1.8462  lr=1.0e-04  230s
  batch 10/264  loss=0.3740
  batch 20/264  loss=0.4231
  batch 30/264  loss=0.4134
  batch 40/264  loss=0.3734
  batch 50/264  loss=0.3555
  batch 60/264  loss=0.3359
  batch 70/264  loss=0.3194
  batch 80/264  loss=0.3134
  batch 90/264  loss=0.2898
  batch 100/264  loss=0.3373
  batch 110/264  loss=0.3561
  batch 120/264  loss=0.3922
  batch 130/264  loss=0.3248
  batch 140/264  loss=0.6258
  batch 150/264  loss=0.3736
  batch 160/264  loss=0.5798
  batch 170/264  loss=0.3715
  batch 180/264  loss=0.3156
  batch 190/264  loss=0.3293
  batch 200/264  loss=0.3192
  batch 210/264  loss=0.3807
  batch 220/264  loss=0.3514
  batch 230/264  loss=0.4015
  batch 240/264  loss=0.2840
  batch 250/264  loss=0.4217
  batch 260/264  loss=0.3448
Epoch 172/300  train=4.032e-01  rmse=1.9443  lr=1.0e-04  230s
  batch 10/264  loss=0.5357
  batch 20/264  loss=0.3049
  batch 30/264  loss=0.4396
  batch 40/264  loss=0.3026
  batch 50/264  loss=0.3329
  batch 60/264  loss=0.4601
  batch 70/264  loss=0.3720
  batch 80/264  loss=0.3497
  batch 90/264  loss=0.3879
  batch 100/264  loss=0.3347
  batch 110/264  loss=0.3895
  batch 120/264  loss=0.3374
  batch 130/264  loss=0.5048
  batch 140/264  loss=0.4609
  batch 150/264  loss=0.4025
  batch 160/264  loss=0.4418
  batch 170/264  loss=0.3130
  batch 180/264  loss=0.3138
  batch 190/264  loss=0.2917
  batch 200/264  loss=0.3182
  batch 210/264  loss=0.3710
  batch 220/264  loss=0.3762
  batch 230/264  loss=0.3958
  batch 240/264  loss=0.3218
  batch 250/264  loss=0.5471
  batch 260/264  loss=0.4084
Epoch 173/300  train=3.993e-01  rmse=3.3406  lr=1.0e-04  230s
  batch 10/264  loss=0.3969
  batch 20/264  loss=0.3234
  batch 30/264  loss=0.3504
  batch 40/264  loss=0.2936
  batch 50/264  loss=0.3238
  batch 60/264  loss=0.3071
  batch 70/264  loss=0.4597
  batch 80/264  loss=0.4250
  batch 90/264  loss=0.3392
  batch 100/264  loss=0.3441
  batch 110/264  loss=0.3687
  batch 120/264  loss=0.3619
  batch 130/264  loss=0.5914
  batch 140/264  loss=0.3374
  batch 150/264  loss=0.5661
  batch 160/264  loss=0.3394
  batch 170/264  loss=0.3125
  batch 180/264  loss=0.4184
  batch 190/264  loss=0.4592
  batch 200/264  loss=0.3340
  batch 210/264  loss=0.5757
  batch 220/264  loss=0.4402
  batch 230/264  loss=0.3849
  batch 240/264  loss=0.3601
  batch 250/264  loss=0.3507
  batch 260/264  loss=0.4335
Epoch 174/300  train=4.001e-01  rmse=2.1045  lr=1.0e-04  230s
  batch 10/264  loss=0.3501
  batch 20/264  loss=0.5396
  batch 30/264  loss=0.5286
  batch 40/264  loss=0.4183
  batch 50/264  loss=0.5156
  batch 60/264  loss=0.3709
  batch 70/264  loss=0.3143
  batch 80/264  loss=0.3238
  batch 90/264  loss=0.3312
  batch 100/264  loss=0.3192
  batch 110/264  loss=0.3858
  batch 120/264  loss=0.5832
  batch 130/264  loss=0.6299
  batch 140/264  loss=0.3941
  batch 150/264  loss=0.3260
  batch 160/264  loss=0.3585
  batch 170/264  loss=0.4665
  batch 180/264  loss=0.4452
  batch 190/264  loss=0.3557
  batch 200/264  loss=0.3345
  batch 210/264  loss=0.3502
  batch 220/264  loss=0.3532
  batch 230/264  loss=0.4473
  batch 240/264  loss=0.4072
  batch 250/264  loss=0.4080
  batch 260/264  loss=0.6419
Epoch 175/300  train=4.010e-01  rmse=4.1053  lr=1.0e-04  230s
  batch 10/264  loss=0.3540
  batch 20/264  loss=0.3540
  batch 30/264  loss=0.4611
  batch 40/264  loss=0.4563
  batch 50/264  loss=0.2841
  batch 60/264  loss=0.3763
  batch 70/264  loss=0.3280
  batch 80/264  loss=0.5117
  batch 90/264  loss=0.2475
  batch 100/264  loss=0.3490
  batch 110/264  loss=0.3231
  batch 120/264  loss=0.3804
  batch 130/264  loss=0.3557
  batch 140/264  loss=0.4858
  batch 150/264  loss=0.3062
  batch 160/264  loss=0.6083
  batch 170/264  loss=0.2775
  batch 180/264  loss=0.5492
  batch 190/264  loss=0.3519
  batch 200/264  loss=0.3275
  batch 210/264  loss=0.4886
  batch 220/264  loss=0.4263
  batch 230/264  loss=0.3622
  batch 240/264  loss=0.3361
  batch 250/264  loss=0.4155
  batch 260/264  loss=0.3949
Epoch 176/300  train=4.034e-01  rmse=2.0753  lr=1.0e-04  230s
  batch 10/264  loss=0.6115
  batch 20/264  loss=0.3266
  batch 30/264  loss=0.3711
  batch 40/264  loss=0.6042
  batch 50/264  loss=0.3608
  batch 60/264  loss=0.3873
  batch 70/264  loss=0.4254
  batch 80/264  loss=0.3677
  batch 90/264  loss=0.3259
  batch 100/264  loss=0.3051
  batch 110/264  loss=0.3972
  batch 120/264  loss=0.4981
  batch 130/264  loss=0.3300
  batch 140/264  loss=0.5086
  batch 150/264  loss=0.3390
  batch 160/264  loss=0.4234
  batch 170/264  loss=0.3604
  batch 180/264  loss=0.4808
  batch 190/264  loss=0.3104
  batch 200/264  loss=0.3073
  batch 210/264  loss=0.4672
  batch 220/264  loss=0.3281
  batch 230/264  loss=0.3141
  batch 240/264  loss=0.3724
  batch 250/264  loss=0.4134
  batch 260/264  loss=0.3147
Epoch 177/300  train=3.979e-01  rmse=1.8232  lr=1.0e-04  229s
  batch 10/264  loss=0.3209
  batch 20/264  loss=0.3294
  batch 30/264  loss=0.3149
  batch 40/264  loss=0.3801
  batch 50/264  loss=0.4001
  batch 60/264  loss=0.3675
  batch 70/264  loss=0.6282
  batch 80/264  loss=0.3681
  batch 90/264  loss=0.3475
  batch 100/264  loss=0.6176
  batch 110/264  loss=0.3285
  batch 120/264  loss=0.3664
  batch 130/264  loss=0.3230
  batch 140/264  loss=0.3894
  batch 150/264  loss=0.3921
  batch 160/264  loss=0.2630
  batch 170/264  loss=0.6326
  batch 180/264  loss=0.3710
  batch 190/264  loss=0.4160
  batch 200/264  loss=0.4915
  batch 210/264  loss=0.3469
  batch 220/264  loss=0.3924
  batch 230/264  loss=0.6123
  batch 240/264  loss=0.5276
  batch 250/264  loss=0.4027
  batch 260/264  loss=0.2939
Epoch 178/300  train=3.967e-01  rmse=2.0065  lr=1.0e-04  231s
  -> best  monitor=3.967e-01
  batch 10/264  loss=0.3521
  batch 20/264  loss=0.4751
  batch 30/264  loss=0.5224
  batch 40/264  loss=0.4668
  batch 50/264  loss=0.2613
  batch 60/264  loss=0.3178
  batch 70/264  loss=0.3796
  batch 80/264  loss=0.3582
  batch 90/264  loss=0.3253
  batch 100/264  loss=0.3078
  batch 110/264  loss=0.4544
  batch 120/264  loss=0.5418
  batch 130/264  loss=0.3854
  batch 140/264  loss=0.3714
  batch 150/264  loss=0.4020
  batch 160/264  loss=0.3523
  batch 170/264  loss=0.3890
  batch 180/264  loss=0.3669
  batch 190/264  loss=0.3937
  batch 200/264  loss=0.3333
  batch 210/264  loss=0.3538
  batch 220/264  loss=0.4537
  batch 230/264  loss=0.3913
  batch 240/264  loss=0.3556
  batch 250/264  loss=0.5120
  batch 260/264  loss=0.3167
Epoch 179/300  train=3.980e-01  rmse=4.1678  lr=1.0e-04  231s
  batch 10/264  loss=0.3651
  batch 20/264  loss=0.4494
  batch 30/264  loss=0.3547
  batch 40/264  loss=0.3027
  batch 50/264  loss=0.3807
  batch 60/264  loss=0.4080
  batch 70/264  loss=0.6607
  batch 80/264  loss=0.3911
  batch 90/264  loss=0.3207
  batch 100/264  loss=0.2805
  batch 110/264  loss=0.4799
  batch 120/264  loss=0.3245
  batch 130/264  loss=0.3711
  batch 140/264  loss=0.3123
  batch 150/264  loss=0.3388
  batch 160/264  loss=0.4168
  batch 170/264  loss=0.3663
  batch 180/264  loss=0.3133
  batch 190/264  loss=0.5379
  batch 200/264  loss=0.2740
  batch 210/264  loss=0.5101
  batch 220/264  loss=0.3723
  batch 230/264  loss=0.4288
  batch 240/264  loss=0.3747
  batch 250/264  loss=0.4199
  batch 260/264  loss=0.3185
Epoch 180/300  train=3.886e-01  rmse=2.1808  lr=1.0e-04  231s
  -> best  monitor=3.886e-01
  batch 10/264  loss=0.7018
  batch 20/264  loss=0.3803
  batch 30/264  loss=0.4804
  batch 40/264  loss=0.3320
  batch 50/264  loss=0.4209
  batch 60/264  loss=0.3170
  batch 70/264  loss=0.5543
  batch 80/264  loss=0.2971
  batch 90/264  loss=0.3453
  batch 100/264  loss=0.3312
  batch 110/264  loss=0.4301
  batch 120/264  loss=0.3176
  batch 130/264  loss=0.3632
  batch 140/264  loss=0.2959
  batch 150/264  loss=0.4238
  batch 160/264  loss=0.3730
  batch 170/264  loss=0.4049
  batch 180/264  loss=0.3423
  batch 190/264  loss=0.3416
  batch 200/264  loss=0.3207
  batch 210/264  loss=0.4013
  batch 220/264  loss=0.2739
  batch 230/264  loss=0.4625
  batch 240/264  loss=0.3244
  batch 250/264  loss=0.3717
  batch 260/264  loss=0.3359
Epoch 181/300  train=3.954e-01  rmse=4.1853  lr=1.0e-04  231s
  batch 10/264  loss=0.3589
  batch 20/264  loss=0.2970
  batch 30/264  loss=0.3434
  batch 40/264  loss=0.3450
  batch 50/264  loss=0.5057
  batch 60/264  loss=0.4328
  batch 70/264  loss=0.3334
  batch 80/264  loss=0.5584
  batch 90/264  loss=0.2994
  batch 100/264  loss=0.3304
  batch 110/264  loss=0.3203
  batch 120/264  loss=0.5240
  batch 130/264  loss=0.3443
  batch 140/264  loss=0.4121
  batch 150/264  loss=0.3729
  batch 160/264  loss=0.4557
  batch 170/264  loss=0.3660
  batch 180/264  loss=0.5178
  batch 190/264  loss=0.4255
  batch 200/264  loss=0.4411
  batch 210/264  loss=0.3988
  batch 220/264  loss=0.9229
  batch 230/264  loss=0.5025
  batch 240/264  loss=0.6088
  batch 250/264  loss=0.3839
  batch 260/264  loss=0.4089
Epoch 182/300  train=3.991e-01  rmse=1.7855  lr=1.0e-04  230s
  batch 10/264  loss=0.4198
  batch 20/264  loss=0.3986
  batch 30/264  loss=0.3421
  batch 40/264  loss=0.3023
  batch 50/264  loss=0.3743
  batch 60/264  loss=0.3271
  batch 70/264  loss=0.5537
  batch 80/264  loss=0.3865
  batch 90/264  loss=0.5306
  batch 100/264  loss=0.3253
  batch 110/264  loss=0.3534
  batch 120/264  loss=0.3849
  batch 130/264  loss=0.3456
  batch 140/264  loss=0.3510
  batch 150/264  loss=0.3183
  batch 160/264  loss=0.3052
  batch 170/264  loss=0.3957
  batch 180/264  loss=0.3951
  batch 190/264  loss=0.4529
  batch 200/264  loss=0.3184
  batch 210/264  loss=0.3104
  batch 220/264  loss=0.3484
  batch 230/264  loss=0.5174
  batch 240/264  loss=0.3181
  batch 250/264  loss=0.2970
  batch 260/264  loss=0.3542
Epoch 183/300  train=3.889e-01  rmse=1.8055  lr=1.0e-04  231s
  batch 10/264  loss=0.2957
  batch 20/264  loss=0.2918
  batch 30/264  loss=0.3137
  batch 40/264  loss=0.4575
  batch 50/264  loss=0.3712
  batch 60/264  loss=0.3766
  batch 70/264  loss=0.3281
  batch 80/264  loss=0.3157
  batch 90/264  loss=0.4108
  batch 100/264  loss=0.5863
  batch 110/264  loss=0.3842
  batch 120/264  loss=0.3356
  batch 130/264  loss=0.3785
  batch 140/264  loss=0.3602
  batch 150/264  loss=0.3318
  batch 160/264  loss=0.4505
  batch 170/264  loss=0.3118
  batch 180/264  loss=0.3268
  batch 190/264  loss=0.3551
  batch 200/264  loss=0.3852
  batch 210/264  loss=0.4319
  batch 220/264  loss=0.3268
  batch 230/264  loss=0.3646
  batch 240/264  loss=0.4479
  batch 250/264  loss=0.3224
  batch 260/264  loss=0.3930
Epoch 184/300  train=3.923e-01  rmse=1.8636  lr=1.0e-04  230s
  batch 10/264  loss=0.3125
  batch 20/264  loss=0.3798
  batch 30/264  loss=0.3458
  batch 40/264  loss=0.5482
  batch 50/264  loss=0.3866
  batch 60/264  loss=0.3789
  batch 70/264  loss=0.5592
  batch 80/264  loss=0.3763
  batch 90/264  loss=0.3640
  batch 100/264  loss=0.5177
  batch 110/264  loss=0.4253
  batch 120/264  loss=0.4802
  batch 130/264  loss=0.3924
  batch 140/264  loss=0.4162
  batch 150/264  loss=0.3338
  batch 160/264  loss=0.3601
  batch 170/264  loss=0.3122
  batch 180/264  loss=0.4403
  batch 190/264  loss=0.2798
  batch 200/264  loss=0.3020
  batch 210/264  loss=0.4198
  batch 220/264  loss=0.6648
  batch 230/264  loss=0.3145
  batch 240/264  loss=0.3193
  batch 250/264  loss=0.4888
  batch 260/264  loss=0.3233
Epoch 185/300  train=3.952e-01  rmse=2.0861  lr=1.0e-04  232s
  batch 10/264  loss=0.3632
  batch 20/264  loss=0.4122
  batch 30/264  loss=0.3266
  batch 40/264  loss=0.3800
  batch 50/264  loss=0.3651
  batch 60/264  loss=0.3450
  batch 70/264  loss=0.2726
  batch 80/264  loss=0.3931
  batch 90/264  loss=0.3617
  batch 100/264  loss=0.3578
  batch 110/264  loss=0.3714
  batch 120/264  loss=0.3526
  batch 130/264  loss=0.3904
  batch 140/264  loss=0.3233
  batch 150/264  loss=0.3435
  batch 160/264  loss=0.3217
  batch 170/264  loss=0.3313
  batch 180/264  loss=0.3331
  batch 190/264  loss=0.3900
  batch 200/264  loss=0.3381
  batch 210/264  loss=0.3752
  batch 220/264  loss=0.2986
  batch 230/264  loss=0.3742
  batch 240/264  loss=0.4063
  batch 250/264  loss=0.3223
  batch 260/264  loss=0.4352
Epoch 186/300  train=3.902e-01  rmse=2.3583  lr=1.0e-04  231s
  batch 10/264  loss=0.2965
  batch 20/264  loss=0.3966
  batch 30/264  loss=0.4300
  batch 40/264  loss=0.2933
  batch 50/264  loss=0.3397
  batch 60/264  loss=0.4246
  batch 70/264  loss=0.4443
  batch 80/264  loss=0.3494
  batch 90/264  loss=0.3512
  batch 100/264  loss=0.2843
  batch 110/264  loss=0.3163
  batch 120/264  loss=0.3749
  batch 130/264  loss=0.4793
  batch 140/264  loss=0.3446
  batch 150/264  loss=0.4480
  batch 160/264  loss=0.4223
  batch 170/264  loss=0.3550
  batch 180/264  loss=0.3672
  batch 190/264  loss=0.4697
  batch 200/264  loss=0.3397
  batch 210/264  loss=0.4827
  batch 220/264  loss=0.3573
  batch 230/264  loss=0.3344
  batch 240/264  loss=0.3994
  batch 250/264  loss=0.3230
  batch 260/264  loss=0.4109
Epoch 187/300  train=3.937e-01  rmse=4.7416  lr=1.0e-04  230s
  batch 10/264  loss=0.3283
  batch 20/264  loss=0.5166
  batch 30/264  loss=0.3419
  batch 40/264  loss=0.3099
  batch 50/264  loss=0.3203
  batch 60/264  loss=0.3448
  batch 70/264  loss=0.3518
  batch 80/264  loss=0.3562
  batch 90/264  loss=0.3887
  batch 100/264  loss=0.3541
  batch 110/264  loss=0.3168
  batch 120/264  loss=0.2868
  batch 130/264  loss=0.3158
  batch 140/264  loss=0.5940
  batch 150/264  loss=0.3397
  batch 160/264  loss=0.4452
  batch 170/264  loss=0.3474
  batch 180/264  loss=0.3693
  batch 190/264  loss=0.3383
  batch 200/264  loss=0.3678
  batch 210/264  loss=0.3701
  batch 220/264  loss=0.3171
  batch 230/264  loss=0.3074
  batch 240/264  loss=0.4543
  batch 250/264  loss=0.3026
  batch 260/264  loss=0.3525
Epoch 188/300  train=3.919e-01  rmse=5.3626  lr=1.0e-04  228s
  batch 10/264  loss=0.5205
  batch 20/264  loss=0.3438
  batch 30/264  loss=0.3931
  batch 40/264  loss=0.4067
  batch 50/264  loss=0.3408
  batch 60/264  loss=0.3616
  batch 70/264  loss=0.6281
  batch 80/264  loss=0.4557
  batch 90/264  loss=0.3195
  batch 100/264  loss=0.3772
  batch 110/264  loss=0.3263
  batch 120/264  loss=0.3572
  batch 130/264  loss=0.3519
  batch 140/264  loss=0.3712
  batch 150/264  loss=0.3351
  batch 160/264  loss=0.4599
  batch 170/264  loss=0.3526
  batch 180/264  loss=0.3646
  batch 190/264  loss=0.2979
  batch 200/264  loss=0.3948
  batch 210/264  loss=0.4298
  batch 220/264  loss=0.3029
  batch 230/264  loss=0.4078
  batch 240/264  loss=0.5030
  batch 250/264  loss=0.4301
  batch 260/264  loss=0.3125
Epoch 189/300  train=3.949e-01  rmse=2.9719  lr=1.0e-04  229s
  batch 10/264  loss=0.3700
  batch 20/264  loss=0.4777
  batch 30/264  loss=0.2992
  batch 40/264  loss=0.3461
  batch 50/264  loss=0.3067
  batch 60/264  loss=0.3063
  batch 70/264  loss=0.4754
  batch 80/264  loss=0.4434
  batch 90/264  loss=0.4015
  batch 100/264  loss=0.3361
  batch 110/264  loss=0.3768
  batch 120/264  loss=0.3262
  batch 130/264  loss=0.4908
  batch 140/264  loss=0.4126
  batch 150/264  loss=0.3638
  batch 160/264  loss=0.4376
  batch 170/264  loss=0.3846
  batch 180/264  loss=0.3190
  batch 190/264  loss=0.3178
  batch 200/264  loss=0.3227
  batch 210/264  loss=0.2805
  batch 220/264  loss=0.2802
  batch 230/264  loss=0.7159
  batch 240/264  loss=0.3117
  batch 250/264  loss=0.3339
  batch 260/264  loss=0.4451
Epoch 190/300  train=3.917e-01  rmse=2.5075  lr=1.0e-04  229s
  batch 10/264  loss=0.3719
  batch 20/264  loss=0.3885
  batch 30/264  loss=0.3108
  batch 40/264  loss=0.4122
  batch 50/264  loss=0.5640
  batch 60/264  loss=0.3858
  batch 70/264  loss=0.3111
  batch 80/264  loss=0.3645
  batch 90/264  loss=0.3478
  batch 100/264  loss=0.4024
  batch 110/264  loss=0.3375
  batch 120/264  loss=0.3369
  batch 130/264  loss=0.3659
  batch 140/264  loss=0.4130
  batch 150/264  loss=0.3508
  batch 160/264  loss=0.3136
  batch 170/264  loss=0.3791
  batch 180/264  loss=0.5972
  batch 190/264  loss=0.3124
  batch 200/264  loss=0.3794
  batch 210/264  loss=0.3828
  batch 220/264  loss=0.3238
  batch 230/264  loss=0.4720
  batch 240/264  loss=0.3959
  batch 250/264  loss=0.3039
  batch 260/264  loss=0.3290
Epoch 191/300  train=3.885e-01  rmse=4.9282  lr=1.0e-04  230s
  -> best  monitor=3.885e-01
  batch 10/264  loss=0.3844
  batch 20/264  loss=0.3938
  batch 30/264  loss=0.3584
  batch 40/264  loss=0.4332
  batch 50/264  loss=0.4901
  batch 60/264  loss=0.3550
  batch 70/264  loss=0.6904
  batch 80/264  loss=0.3932
  batch 90/264  loss=0.3398
  batch 100/264  loss=0.3132
  batch 110/264  loss=0.3173
  batch 120/264  loss=0.3514
  batch 130/264  loss=0.3167
  batch 140/264  loss=0.3007
  batch 150/264  loss=0.6272
  batch 160/264  loss=0.5182
  batch 170/264  loss=0.4883
  batch 180/264  loss=0.4452
  batch 190/264  loss=0.3095
  batch 200/264  loss=0.5024
  batch 210/264  loss=0.3656
  batch 220/264  loss=0.3979
  batch 230/264  loss=0.5385
  batch 240/264  loss=0.4700
  batch 250/264  loss=0.3113
  batch 260/264  loss=0.3709
Epoch 192/300  train=3.915e-01  rmse=1.8284  lr=1.0e-04  229s
  batch 10/264  loss=0.4769
  batch 20/264  loss=0.3542
  batch 30/264  loss=0.4126
  batch 40/264  loss=0.3773
  batch 50/264  loss=0.3120
  batch 60/264  loss=0.3453
  batch 70/264  loss=0.3385
  batch 80/264  loss=0.3391
  batch 90/264  loss=0.4594
  batch 100/264  loss=0.3002
  batch 110/264  loss=0.4029
  batch 120/264  loss=0.4367
  batch 130/264  loss=0.3606
  batch 140/264  loss=0.3347
  batch 150/264  loss=0.3870
  batch 160/264  loss=0.3171
  batch 170/264  loss=0.4915
  batch 180/264  loss=0.6957
  batch 190/264  loss=0.3089
  batch 200/264  loss=0.3668
  batch 210/264  loss=0.3400
  batch 220/264  loss=0.4155
  batch 230/264  loss=0.4372
  batch 240/264  loss=0.3746
  batch 250/264  loss=0.3539
  batch 260/264  loss=0.4064
Epoch 193/300  train=3.880e-01  rmse=3.9202  lr=1.0e-04  230s
  -> best  monitor=3.880e-01
  batch 10/264  loss=0.3282
  batch 20/264  loss=0.3212
  batch 30/264  loss=0.3590
  batch 40/264  loss=0.4586
  batch 50/264  loss=0.5207
  batch 60/264  loss=0.3073
  batch 70/264  loss=0.3741
  batch 80/264  loss=0.3226
  batch 90/264  loss=0.3283
  batch 100/264  loss=0.4740
  batch 110/264  loss=0.3301
  batch 120/264  loss=0.4436
  batch 130/264  loss=0.3996
  batch 140/264  loss=0.6355
  batch 150/264  loss=0.5747
  batch 160/264  loss=0.3339
  batch 170/264  loss=0.3891
  batch 180/264  loss=0.3243
  batch 190/264  loss=0.2978
  batch 200/264  loss=0.3474
  batch 210/264  loss=0.4215
  batch 220/264  loss=0.4887
  batch 230/264  loss=0.3411
  batch 240/264  loss=0.3682
  batch 250/264  loss=0.3292
  batch 260/264  loss=0.3596
Epoch 194/300  train=3.896e-01  rmse=3.1117  lr=1.0e-04  231s
  batch 10/264  loss=0.4417
  batch 20/264  loss=0.5351
  batch 30/264  loss=0.2865
  batch 40/264  loss=0.3880
  batch 50/264  loss=0.3348
  batch 60/264  loss=0.3584
  batch 70/264  loss=0.3779
  batch 80/264  loss=0.3647
  batch 90/264  loss=0.4627
  batch 100/264  loss=0.4899
  batch 110/264  loss=0.2920
  batch 120/264  loss=0.2922
  batch 130/264  loss=0.3525
  batch 140/264  loss=0.6276
  batch 150/264  loss=0.3391
  batch 160/264  loss=0.3895
  batch 170/264  loss=0.3969
  batch 180/264  loss=0.4199
  batch 190/264  loss=0.3592
  batch 200/264  loss=0.3128
  batch 210/264  loss=0.3262
  batch 220/264  loss=0.4040
  batch 230/264  loss=0.3953
  batch 240/264  loss=0.4273
  batch 250/264  loss=0.2617
  batch 260/264  loss=0.3099
Epoch 195/300  train=3.825e-01  rmse=2.1322  lr=1.0e-04  229s
  -> best  monitor=3.825e-01
  batch 10/264  loss=0.4100
  batch 20/264  loss=0.2777
  batch 30/264  loss=0.4196
  batch 40/264  loss=0.2862
  batch 50/264  loss=0.3686
  batch 60/264  loss=0.3852
  batch 70/264  loss=0.3710
  batch 80/264  loss=0.3534
  batch 90/264  loss=0.4238
  batch 100/264  loss=0.3074
  batch 110/264  loss=0.4031
  batch 120/264  loss=0.3054
  batch 130/264  loss=0.3546
  batch 140/264  loss=0.3341
  batch 150/264  loss=0.3533
  batch 160/264  loss=0.5173
  batch 170/264  loss=0.6246
  batch 180/264  loss=0.3393
  batch 190/264  loss=0.3106
  batch 200/264  loss=0.2909
  batch 210/264  loss=0.5265
  batch 220/264  loss=0.3976
  batch 230/264  loss=0.3643
  batch 240/264  loss=0.3976
  batch 250/264  loss=0.5523
  batch 260/264  loss=0.4028
Epoch 196/300  train=3.902e-01  rmse=2.0093  lr=1.0e-04  230s
  batch 10/264  loss=0.3559
  batch 20/264  loss=0.2855
  batch 30/264  loss=0.3119
  batch 40/264  loss=0.3906
  batch 50/264  loss=0.3814
  batch 60/264  loss=0.4197
  batch 70/264  loss=0.3400
  batch 80/264  loss=0.5172
  batch 90/264  loss=0.4311
  batch 100/264  loss=0.3679
  batch 110/264  loss=0.3346
  batch 120/264  loss=0.3178
  batch 130/264  loss=0.8154
  batch 140/264  loss=0.4883
  batch 150/264  loss=0.4885
  batch 160/264  loss=0.3165
  batch 170/264  loss=0.4761
  batch 180/264  loss=0.3215
  batch 190/264  loss=0.2910
  batch 200/264  loss=0.3704
  batch 210/264  loss=0.3710
  batch 220/264  loss=0.3373
  batch 230/264  loss=0.5065
  batch 240/264  loss=0.4311
  batch 250/264  loss=0.3440
  batch 260/264  loss=0.3899
Epoch 197/300  train=3.940e-01  rmse=2.9056  lr=1.0e-04  230s
  batch 10/264  loss=0.4079
  batch 20/264  loss=0.3097
  batch 30/264  loss=0.3951
  batch 40/264  loss=0.3374
  batch 50/264  loss=0.4407
  batch 60/264  loss=0.3592
  batch 70/264  loss=0.3162
  batch 80/264  loss=0.4803
  batch 90/264  loss=0.3013
  batch 100/264  loss=0.3164
  batch 110/264  loss=0.3533
  batch 120/264  loss=0.2823
  batch 130/264  loss=0.3971
  batch 140/264  loss=0.3419
  batch 150/264  loss=0.4027
  batch 160/264  loss=0.2937
  batch 170/264  loss=0.4078
  batch 180/264  loss=0.5284
  batch 190/264  loss=0.3595
  batch 200/264  loss=0.3858
  batch 210/264  loss=0.4078
  batch 220/264  loss=0.4574
  batch 230/264  loss=0.3465
  batch 240/264  loss=0.3901
  batch 250/264  loss=0.3105
  batch 260/264  loss=0.3404
Epoch 198/300  train=3.848e-01  rmse=1.7829  lr=1.0e-04  231s
  batch 10/264  loss=0.2719
  batch 20/264  loss=0.4591
  batch 30/264  loss=0.4006
  batch 40/264  loss=0.4557
  batch 50/264  loss=0.4936
  batch 60/264  loss=0.3051
  batch 70/264  loss=0.3422
  batch 80/264  loss=0.3387
  batch 90/264  loss=0.3203
  batch 100/264  loss=0.3299
  batch 110/264  loss=0.3990
  batch 120/264  loss=0.3725
  batch 130/264  loss=0.3951
  batch 140/264  loss=0.3932
  batch 150/264  loss=0.3271
  batch 160/264  loss=0.5197
  batch 170/264  loss=0.3148
  batch 180/264  loss=0.3049
  batch 190/264  loss=0.5840
  batch 200/264  loss=0.3447
  batch 210/264  loss=0.3221
  batch 220/264  loss=0.3381
  batch 230/264  loss=0.2790
  batch 240/264  loss=0.3587
  batch 250/264  loss=0.3962
  batch 260/264  loss=0.5387
Epoch 199/300  train=3.936e-01  rmse=2.0669  lr=1.0e-04  230s
  batch 10/264  loss=0.4669
  batch 20/264  loss=0.4073
  batch 30/264  loss=0.3848
  batch 40/264  loss=0.5008
  batch 50/264  loss=0.3892
  batch 60/264  loss=0.5673
  batch 70/264  loss=0.4671
  batch 80/264  loss=0.3191
  batch 90/264  loss=0.4349
  batch 100/264  loss=0.3221
  batch 110/264  loss=0.3260
  batch 120/264  loss=0.5219
  batch 130/264  loss=0.4324
  batch 140/264  loss=0.3540
  batch 150/264  loss=0.3991
  batch 160/264  loss=0.3573
  batch 170/264  loss=0.5038
  batch 180/264  loss=0.3183
  batch 190/264  loss=0.3549
  batch 200/264  loss=0.4973
  batch 210/264  loss=0.5186
  batch 220/264  loss=0.5601
  batch 230/264  loss=0.3854
  batch 240/264  loss=0.3414
  batch 250/264  loss=0.3471
  batch 260/264  loss=0.2922
Epoch 200/300  train=3.895e-01  rmse=3.9594  lr=1.0e-04  229s
  batch 10/264  loss=0.3093
  batch 20/264  loss=0.3506
  batch 30/264  loss=0.3290
  batch 40/264  loss=0.4659
  batch 50/264  loss=0.4043
  batch 60/264  loss=0.3157
  batch 70/264  loss=0.3506
  batch 80/264  loss=0.4305
  batch 90/264  loss=0.4594
  batch 100/264  loss=0.4118
  batch 110/264  loss=0.3218
  batch 120/264  loss=0.3847
  batch 130/264  loss=0.3297
  batch 140/264  loss=0.3826
  batch 150/264  loss=0.3440
  batch 160/264  loss=0.3826
  batch 170/264  loss=0.5068
  batch 180/264  loss=0.4432
  batch 190/264  loss=0.3412
  batch 200/264  loss=0.5165
  batch 210/264  loss=0.3227
  batch 220/264  loss=0.4499
  batch 230/264  loss=0.2871
  batch 240/264  loss=0.4078
  batch 250/264  loss=0.3425
  batch 260/264  loss=0.3083
Epoch 201/300  train=3.882e-01  rmse=8.0319  lr=1.0e-04  229s
  batch 10/264  loss=0.3198
  batch 20/264  loss=0.4187
  batch 30/264  loss=0.4110
  batch 40/264  loss=0.3676
  batch 50/264  loss=0.3822
  batch 60/264  loss=0.3484
  batch 70/264  loss=0.4480
  batch 80/264  loss=0.6173
  batch 90/264  loss=0.3116
  batch 100/264  loss=0.4610
  batch 110/264  loss=0.2686
  batch 120/264  loss=0.3093
  batch 130/264  loss=0.2789
  batch 140/264  loss=0.5345
  batch 150/264  loss=0.4098
  batch 160/264  loss=0.3508
  batch 170/264  loss=0.4854
  batch 180/264  loss=0.4166
  batch 190/264  loss=0.3025
  batch 200/264  loss=0.3381
  batch 210/264  loss=0.3269
  batch 220/264  loss=0.3924
  batch 230/264  loss=0.4057
  batch 240/264  loss=0.2829
  batch 250/264  loss=0.5128
  batch 260/264  loss=0.4651
Epoch 202/300  train=3.865e-01  rmse=2.0874  lr=1.0e-04  230s
  batch 10/264  loss=0.4080
  batch 20/264  loss=0.4928
  batch 30/264  loss=0.3631
  batch 40/264  loss=0.3363
  batch 50/264  loss=0.3728
  batch 60/264  loss=0.3685
  batch 70/264  loss=0.4304
  batch 80/264  loss=0.5202
  batch 90/264  loss=0.2855
  batch 100/264  loss=0.3341
  batch 110/264  loss=0.2902
  batch 120/264  loss=0.4518
  batch 130/264  loss=0.3932
  batch 140/264  loss=0.3817
  batch 150/264  loss=0.3314
  batch 160/264  loss=0.3272
  batch 170/264  loss=0.3002
  batch 180/264  loss=0.3716
  batch 190/264  loss=0.5225
  batch 200/264  loss=0.2945
  batch 210/264  loss=0.3129
  batch 220/264  loss=0.4298
  batch 230/264  loss=0.4900
  batch 240/264  loss=0.2879
  batch 250/264  loss=0.4842
  batch 260/264  loss=0.3237
Epoch 203/300  train=3.872e-01  rmse=1.9571  lr=1.0e-04  230s
  batch 10/264  loss=0.3499
  batch 20/264  loss=0.3677
  batch 30/264  loss=0.3945
  batch 40/264  loss=0.3245
  batch 50/264  loss=0.4092
  batch 60/264  loss=0.3039
  batch 70/264  loss=0.3612
  batch 80/264  loss=0.3952
  batch 90/264  loss=0.2949
  batch 100/264  loss=0.5521
  batch 110/264  loss=0.3128
  batch 120/264  loss=0.3911
  batch 130/264  loss=0.4945
  batch 140/264  loss=0.4810
  batch 150/264  loss=0.4996
  batch 160/264  loss=0.5129
  batch 170/264  loss=0.3333
  batch 180/264  loss=0.3738
  batch 190/264  loss=0.4705
  batch 200/264  loss=0.3296
  batch 210/264  loss=0.3235
  batch 220/264  loss=0.4866
  batch 230/264  loss=0.2972
  batch 240/264  loss=0.3756
  batch 250/264  loss=0.3378
  batch 260/264  loss=0.3278
Epoch 204/300  train=3.889e-01  rmse=1.7833  lr=1.0e-04  229s
  batch 10/264  loss=0.3499
  batch 20/264  loss=0.3433
  batch 30/264  loss=0.3769
  batch 40/264  loss=0.4538
  batch 50/264  loss=0.4307
  batch 60/264  loss=0.3148
  batch 70/264  loss=0.3691
  batch 80/264  loss=0.3828
  batch 90/264  loss=0.3724
  batch 100/264  loss=0.3655
  batch 110/264  loss=0.3520
  batch 120/264  loss=0.3181
  batch 130/264  loss=0.3712
  batch 140/264  loss=0.3373
  batch 150/264  loss=0.4830
  batch 160/264  loss=0.3003
  batch 170/264  loss=0.3225
  batch 180/264  loss=0.4567
  batch 190/264  loss=0.2918
  batch 200/264  loss=0.3668
  batch 210/264  loss=0.3595
  batch 220/264  loss=0.3637
  batch 230/264  loss=0.5196
  batch 240/264  loss=0.2691
  batch 250/264  loss=0.3974
  batch 260/264  loss=0.5688
Epoch 205/300  train=3.833e-01  rmse=2.0981  lr=1.0e-04  229s
  batch 10/264  loss=0.3631
  batch 20/264  loss=0.3368
  batch 30/264  loss=0.3712
  batch 40/264  loss=0.3708
  batch 50/264  loss=0.2818
  batch 60/264  loss=0.5172
  batch 70/264  loss=0.2908
  batch 80/264  loss=0.4103
  batch 90/264  loss=0.3921
  batch 100/264  loss=0.2869
  batch 110/264  loss=0.4537
  batch 120/264  loss=0.4602
  batch 130/264  loss=0.5154
  batch 140/264  loss=0.5288
  batch 150/264  loss=0.3592
  batch 160/264  loss=0.3784
  batch 170/264  loss=0.5613
  batch 180/264  loss=0.3299
  batch 190/264  loss=0.3420
  batch 200/264  loss=0.3311
  batch 210/264  loss=0.3218
  batch 220/264  loss=0.3259
  batch 230/264  loss=0.3235
  batch 240/264  loss=0.3797
  batch 250/264  loss=0.4016
  batch 260/264  loss=0.3486
Epoch 206/300  train=3.889e-01  rmse=1.6319  lr=5.0e-05  229s
  batch 10/264  loss=0.4088
  batch 20/264  loss=0.3542
  batch 30/264  loss=0.3822
  batch 40/264  loss=0.2934
  batch 50/264  loss=0.3120
  batch 60/264  loss=0.4117
  batch 70/264  loss=0.6389
  batch 80/264  loss=0.3223
  batch 90/264  loss=0.3334
  batch 100/264  loss=0.5304
  batch 110/264  loss=0.5083
  batch 120/264  loss=0.2865
  batch 130/264  loss=0.3127
  batch 140/264  loss=0.3401
  batch 150/264  loss=0.3474
  batch 160/264  loss=0.3085
  batch 170/264  loss=0.5020
  batch 180/264  loss=0.3030
  batch 190/264  loss=0.3597
  batch 200/264  loss=0.3324
  batch 210/264  loss=0.3411
  batch 220/264  loss=0.3324
  batch 230/264  loss=0.4047
  batch 240/264  loss=0.4274
  batch 250/264  loss=0.3410
  batch 260/264  loss=0.3176
Epoch 207/300  train=3.752e-01  rmse=9.9289  lr=5.0e-05  229s
  -> best  monitor=3.752e-01
  batch 10/264  loss=0.3299
  batch 20/264  loss=0.3165
  batch 30/264  loss=0.4303
  batch 40/264  loss=0.5490
  batch 50/264  loss=0.3285
  batch 60/264  loss=0.3181
  batch 70/264  loss=0.4059
  batch 80/264  loss=0.3099
  batch 90/264  loss=0.4466
  batch 100/264  loss=0.4259
  batch 110/264  loss=0.3491
  batch 120/264  loss=0.3380
  batch 130/264  loss=0.2668
  batch 140/264  loss=0.3412
  batch 150/264  loss=0.4456
  batch 160/264  loss=0.4571
  batch 170/264  loss=0.4316
  batch 180/264  loss=0.6196
  batch 190/264  loss=0.2821
  batch 200/264  loss=0.4492
  batch 210/264  loss=0.2723
  batch 220/264  loss=0.3152
  batch 230/264  loss=0.3099
  batch 240/264  loss=0.4122
  batch 250/264  loss=0.3720
  batch 260/264  loss=0.3052
Epoch 208/300  train=3.693e-01  rmse=3.3621  lr=5.0e-05  229s
  -> best  monitor=3.693e-01
  batch 10/264  loss=0.3796
  batch 20/264  loss=0.4955
  batch 30/264  loss=0.2921
  batch 40/264  loss=0.5148
  batch 50/264  loss=0.3257
  batch 60/264  loss=0.3460
  batch 70/264  loss=0.3267
  batch 80/264  loss=0.3628
  batch 90/264  loss=0.2830
  batch 100/264  loss=0.3190
  batch 110/264  loss=0.2777
  batch 120/264  loss=0.3608
  batch 130/264  loss=0.3271
  batch 140/264  loss=0.3459
  batch 150/264  loss=0.4357
  batch 160/264  loss=0.2768
  batch 170/264  loss=0.3352
  batch 180/264  loss=0.3939
  batch 190/264  loss=0.4612
  batch 200/264  loss=0.3456
  batch 210/264  loss=0.4219
  batch 220/264  loss=0.3813
  batch 230/264  loss=0.3502
  batch 240/264  loss=0.4347
  batch 250/264  loss=0.3594
  batch 260/264  loss=0.3430
Epoch 209/300  train=3.676e-01  rmse=2.8329  lr=5.0e-05  229s
  -> best  monitor=3.676e-01
  batch 10/264  loss=0.3829
  batch 20/264  loss=0.3188
  batch 30/264  loss=0.3052
  batch 40/264  loss=0.3276
  batch 50/264  loss=0.3546
  batch 60/264  loss=0.3463
  batch 70/264  loss=0.3738
  batch 80/264  loss=0.3302
  batch 90/264  loss=0.4195
  batch 100/264  loss=0.3494
  batch 110/264  loss=0.3458
  batch 120/264  loss=0.3405
  batch 130/264  loss=0.4090
  batch 140/264  loss=0.3642
  batch 150/264  loss=0.3511
  batch 160/264  loss=0.4840
  batch 170/264  loss=0.3424
  batch 180/264  loss=0.4095
  batch 190/264  loss=0.4585
  batch 200/264  loss=0.5420
  batch 210/264  loss=0.4584
  batch 220/264  loss=0.3455
  batch 230/264  loss=0.3316
  batch 240/264  loss=0.3122
  batch 250/264  loss=0.2761
  batch 260/264  loss=0.2982
Epoch 210/300  train=3.678e-01  rmse=3.9468  lr=5.0e-05  228s
  batch 10/264  loss=0.2901
  batch 20/264  loss=0.5126
  batch 30/264  loss=0.3175
  batch 40/264  loss=0.3162
  batch 50/264  loss=0.4226
  batch 60/264  loss=0.4381
  batch 70/264  loss=0.2785
  batch 80/264  loss=0.4292
  batch 90/264  loss=0.4368
  batch 100/264  loss=0.4859
  batch 110/264  loss=0.3728
  batch 120/264  loss=0.3402
  batch 130/264  loss=0.2912
  batch 140/264  loss=0.3663
  batch 150/264  loss=0.3641
  batch 160/264  loss=0.4277
  batch 170/264  loss=0.3513
  batch 180/264  loss=0.3782
  batch 190/264  loss=0.3915
  batch 200/264  loss=0.3449
  batch 210/264  loss=0.2713
  batch 220/264  loss=0.3385
  batch 230/264  loss=0.3314
  batch 240/264  loss=0.4509
  batch 250/264  loss=0.3744
  batch 260/264  loss=0.3536
Epoch 211/300  train=3.669e-01  rmse=2.4753  lr=5.0e-05  229s
  -> best  monitor=3.669e-01
  batch 10/264  loss=0.4578
  batch 20/264  loss=0.3952
  batch 30/264  loss=0.3255
  batch 40/264  loss=0.3506
  batch 50/264  loss=0.3254
  batch 60/264  loss=0.2676
  batch 70/264  loss=0.3004
  batch 80/264  loss=0.3273
  batch 90/264  loss=0.2892
  batch 100/264  loss=0.5033
  batch 110/264  loss=0.3242
  batch 120/264  loss=0.3968
  batch 130/264  loss=0.2980
  batch 140/264  loss=0.3108
  batch 150/264  loss=0.3063
  batch 160/264  loss=0.4573
  batch 170/264  loss=0.3924
  batch 180/264  loss=0.2931
  batch 190/264  loss=0.3719
  batch 200/264  loss=0.2960
  batch 210/264  loss=0.5302
  batch 220/264  loss=0.3849
  batch 230/264  loss=0.3197
  batch 240/264  loss=0.2910
  batch 250/264  loss=0.4327
  batch 260/264  loss=0.4398
Epoch 212/300  train=3.667e-01  rmse=2.2246  lr=5.0e-05  229s
  -> best  monitor=3.667e-01
  batch 10/264  loss=0.3820
  batch 20/264  loss=0.3066
  batch 30/264  loss=0.2813
  batch 40/264  loss=0.3510
  batch 50/264  loss=0.3788
  batch 60/264  loss=0.3179
  batch 70/264  loss=0.3171
  batch 80/264  loss=0.3485
  batch 90/264  loss=0.3973
  batch 100/264  loss=0.3635
  batch 110/264  loss=0.3833
  batch 120/264  loss=0.2931
  batch 130/264  loss=0.3027
  batch 140/264  loss=0.3832
  batch 150/264  loss=0.3128
  batch 160/264  loss=0.3071
  batch 170/264  loss=0.3270
  batch 180/264  loss=0.3291
  batch 190/264  loss=0.3652
  batch 200/264  loss=0.3749
  batch 210/264  loss=0.3600
  batch 220/264  loss=0.3082
  batch 230/264  loss=0.3054
  batch 240/264  loss=0.3525
  batch 250/264  loss=0.5170
  batch 260/264  loss=0.3123
Epoch 213/300  train=3.667e-01  rmse=1.8537  lr=5.0e-05  229s
  batch 10/264  loss=0.4390
  batch 20/264  loss=0.3059
  batch 30/264  loss=0.2573
  batch 40/264  loss=0.3651
  batch 50/264  loss=0.2986
  batch 60/264  loss=0.3829
  batch 70/264  loss=0.5012
  batch 80/264  loss=0.5518
  batch 90/264  loss=0.3745
  batch 100/264  loss=0.2973
  batch 110/264  loss=0.3923
  batch 120/264  loss=0.3419
  batch 130/264  loss=0.3461
  batch 140/264  loss=0.3067
  batch 150/264  loss=0.4567
  batch 160/264  loss=0.3310
  batch 170/264  loss=0.4419
  batch 180/264  loss=0.3713
  batch 190/264  loss=0.4059
  batch 200/264  loss=0.3453
  batch 210/264  loss=0.3449
  batch 220/264  loss=0.3527
  batch 230/264  loss=0.2985
  batch 240/264  loss=0.2807
  batch 250/264  loss=0.4895
  batch 260/264  loss=0.2997
Epoch 214/300  train=3.682e-01  rmse=2.1513  lr=5.0e-05  230s
  batch 10/264  loss=0.2927
  batch 20/264  loss=0.3599
  batch 30/264  loss=0.3838
  batch 40/264  loss=0.3550
  batch 50/264  loss=0.4543
  batch 60/264  loss=0.3319
  batch 70/264  loss=0.3293
  batch 80/264  loss=0.3452
  batch 90/264  loss=0.4027
  batch 100/264  loss=0.4955
  batch 110/264  loss=0.3084
  batch 120/264  loss=0.3243
  batch 130/264  loss=0.3693
  batch 140/264  loss=0.3296
  batch 150/264  loss=0.3293
  batch 160/264  loss=0.3547
  batch 170/264  loss=0.4044
  batch 180/264  loss=0.4190
  batch 190/264  loss=0.3068
  batch 200/264  loss=0.4289
  batch 210/264  loss=0.3064
  batch 220/264  loss=0.2918
  batch 230/264  loss=0.2792
  batch 240/264  loss=0.3514
  batch 250/264  loss=0.3671
  batch 260/264  loss=0.2621
Epoch 215/300  train=3.682e-01  rmse=2.1648  lr=5.0e-05  230s
  batch 10/264  loss=0.3485
  batch 20/264  loss=0.5157
  batch 30/264  loss=0.3648
  batch 40/264  loss=0.3196
  batch 50/264  loss=0.3441
  batch 60/264  loss=0.3517
  batch 70/264  loss=0.2912
  batch 80/264  loss=0.4285
  batch 90/264  loss=0.3400
  batch 100/264  loss=0.3323
  batch 110/264  loss=0.3434
  batch 120/264  loss=0.3497
  batch 130/264  loss=0.4484
  batch 140/264  loss=0.3010
  batch 150/264  loss=0.3128
  batch 160/264  loss=0.4297
  batch 170/264  loss=0.3951
  batch 180/264  loss=0.4134
  batch 190/264  loss=0.3627
  batch 200/264  loss=0.3650
  batch 210/264  loss=0.3807
  batch 220/264  loss=0.4674
  batch 230/264  loss=0.3410
  batch 240/264  loss=0.5141
  batch 250/264  loss=0.3450
  batch 260/264  loss=0.4733
Epoch 216/300  train=3.638e-01  rmse=2.4431  lr=5.0e-05  230s
  -> best  monitor=3.638e-01
  batch 10/264  loss=0.3097
  batch 20/264  loss=0.4592
  batch 30/264  loss=0.2847
  batch 40/264  loss=0.3963
  batch 50/264  loss=0.4005
  batch 60/264  loss=0.3780
  batch 70/264  loss=0.3670
  batch 80/264  loss=0.3233
  batch 90/264  loss=0.3390
  batch 100/264  loss=0.4255
  batch 110/264  loss=0.3159
  batch 120/264  loss=0.3407
  batch 130/264  loss=0.3817
  batch 140/264  loss=0.3952
  batch 150/264  loss=0.2701
  batch 160/264  loss=0.2685
  batch 170/264  loss=0.2885
  batch 180/264  loss=0.4703
  batch 190/264  loss=0.2937
  batch 200/264  loss=0.3977
  batch 210/264  loss=0.5393
  batch 220/264  loss=0.2929
  batch 230/264  loss=0.2833
  batch 240/264  loss=0.3527
  batch 250/264  loss=0.3456
  batch 260/264  loss=0.2923
Epoch 217/300  train=3.649e-01  rmse=1.7687  lr=5.0e-05  229s
  batch 10/264  loss=0.4376
  batch 20/264  loss=0.3382
  batch 30/264  loss=0.2590
  batch 40/264  loss=0.4642
  batch 50/264  loss=0.2924
  batch 60/264  loss=0.3141
  batch 70/264  loss=0.5625
  batch 80/264  loss=0.3882
  batch 90/264  loss=0.3271
  batch 100/264  loss=0.3198
  batch 110/264  loss=0.3549
  batch 120/264  loss=0.3536
  batch 130/264  loss=0.3512
  batch 140/264  loss=0.3065
  batch 150/264  loss=0.3062
  batch 160/264  loss=0.3853
  batch 170/264  loss=0.2659
  batch 180/264  loss=0.4100
  batch 190/264  loss=0.3245
  batch 200/264  loss=0.3185
  batch 210/264  loss=0.5233
  batch 220/264  loss=0.2866
  batch 230/264  loss=0.2919
  batch 240/264  loss=0.3363
  batch 250/264  loss=0.2903
  batch 260/264  loss=0.4383
Epoch 218/300  train=3.676e-01  rmse=1.9644  lr=5.0e-05  229s
  batch 10/264  loss=0.3173
  batch 20/264  loss=0.4158
  batch 30/264  loss=0.4305
  batch 40/264  loss=0.6890
  batch 50/264  loss=0.3190
  batch 60/264  loss=0.4382
  batch 70/264  loss=0.5490
  batch 80/264  loss=0.3593
  batch 90/264  loss=0.5065
  batch 100/264  loss=0.4331
  batch 110/264  loss=0.3374
  batch 120/264  loss=0.2850
  batch 130/264  loss=0.3731
  batch 140/264  loss=0.3199
  batch 150/264  loss=0.3034
  batch 160/264  loss=0.3898
  batch 170/264  loss=0.4302
  batch 180/264  loss=0.3956
  batch 190/264  loss=0.2866
  batch 200/264  loss=0.3924
  batch 210/264  loss=0.3361
  batch 220/264  loss=0.4078
  batch 230/264  loss=0.3447
  batch 240/264  loss=0.3557
  batch 250/264  loss=0.3242
  batch 260/264  loss=0.4841
Epoch 219/300  train=3.659e-01  rmse=3.3036  lr=5.0e-05  229s
  batch 10/264  loss=0.3471
  batch 20/264  loss=0.6472
  batch 30/264  loss=0.3419
  batch 40/264  loss=0.5058
  batch 50/264  loss=0.3599
  batch 60/264  loss=0.3412
  batch 70/264  loss=0.3175
  batch 80/264  loss=0.3186
  batch 90/264  loss=0.2915
  batch 100/264  loss=0.3774
  batch 110/264  loss=0.3613
  batch 120/264  loss=0.3371
  batch 130/264  loss=0.4168
  batch 140/264  loss=0.2776
  batch 150/264  loss=0.2980
  batch 160/264  loss=0.4639
  batch 170/264  loss=0.3956
  batch 180/264  loss=0.2826
  batch 190/264  loss=0.3314
  batch 200/264  loss=0.3620
  batch 210/264  loss=0.3149
  batch 220/264  loss=0.3667
  batch 230/264  loss=0.2925
  batch 240/264  loss=0.3609
  batch 250/264  loss=0.3339
  batch 260/264  loss=0.5348
Epoch 220/300  train=3.674e-01  rmse=1.9993  lr=5.0e-05  229s
  batch 10/264  loss=0.4180
  batch 20/264  loss=0.2890
  batch 30/264  loss=0.4054
  batch 40/264  loss=0.3609
  batch 50/264  loss=0.3888
  batch 60/264  loss=0.3463
  batch 70/264  loss=0.3784
  batch 80/264  loss=0.4736
  batch 90/264  loss=0.3017
  batch 100/264  loss=0.3524
  batch 110/264  loss=0.2813
  batch 120/264  loss=0.3590
  batch 130/264  loss=0.3197
  batch 140/264  loss=0.4124
  batch 150/264  loss=0.4222
  batch 160/264  loss=0.3905
  batch 170/264  loss=0.3879
  batch 180/264  loss=0.3178
  batch 190/264  loss=0.3227
  batch 200/264  loss=0.3328
  batch 210/264  loss=0.3223
  batch 220/264  loss=0.2627
  batch 230/264  loss=0.3544
  batch 240/264  loss=0.3668
  batch 250/264  loss=0.3860
  batch 260/264  loss=0.2937
Epoch 221/300  train=3.646e-01  rmse=2.6417  lr=5.0e-05  230s
  batch 10/264  loss=0.4226
  batch 20/264  loss=0.2928
  batch 30/264  loss=0.2704
  batch 40/264  loss=0.3706
  batch 50/264  loss=0.6106
  batch 60/264  loss=0.3382
  batch 70/264  loss=0.3607
  batch 80/264  loss=0.3026
  batch 90/264  loss=0.3532
  batch 100/264  loss=0.3644
  batch 110/264  loss=0.3445
  batch 120/264  loss=0.3070
  batch 130/264  loss=0.3222
  batch 140/264  loss=0.3163
  batch 150/264  loss=0.3714
  batch 160/264  loss=0.2827
  batch 170/264  loss=0.3021
  batch 180/264  loss=0.3140
  batch 190/264  loss=0.3473
  batch 200/264  loss=0.2770
  batch 210/264  loss=0.3299
  batch 220/264  loss=0.5740
  batch 230/264  loss=0.3798
  batch 240/264  loss=0.2966
  batch 250/264  loss=0.5727
  batch 260/264  loss=0.3771
Epoch 222/300  train=3.692e-01  rmse=1.8325  lr=5.0e-05  231s
  batch 10/264  loss=0.4314
  batch 20/264  loss=0.3001
  batch 30/264  loss=0.3004
  batch 40/264  loss=0.3393
  batch 50/264  loss=0.4413
  batch 60/264  loss=0.3432
  batch 70/264  loss=0.3599
  batch 80/264  loss=0.2996
  batch 90/264  loss=0.2865
  batch 100/264  loss=0.3372
  batch 110/264  loss=0.3088
  batch 120/264  loss=0.4000
  batch 130/264  loss=0.3393
  batch 140/264  loss=0.4109
  batch 150/264  loss=0.3682
  batch 160/264  loss=0.3236
  batch 170/264  loss=0.2950
  batch 180/264  loss=0.4041
  batch 190/264  loss=0.3594
  batch 200/264  loss=0.3864
  batch 210/264  loss=0.3147
  batch 220/264  loss=0.3111
  batch 230/264  loss=0.3427
  batch 240/264  loss=0.4019
  batch 250/264  loss=0.4938
  batch 260/264  loss=0.5378
Epoch 223/300  train=3.615e-01  rmse=2.2272  lr=5.0e-05  229s
  -> best  monitor=3.615e-01
  batch 10/264  loss=0.3726
  batch 20/264  loss=0.3838
  batch 30/264  loss=0.3530
  batch 40/264  loss=0.3216
  batch 50/264  loss=0.3560
  batch 60/264  loss=0.2754
  batch 70/264  loss=0.2553
  batch 80/264  loss=0.5993
  batch 90/264  loss=0.2826
  batch 100/264  loss=0.3352
  batch 110/264  loss=0.4336
  batch 120/264  loss=0.3305
  batch 130/264  loss=0.3056
  batch 140/264  loss=0.3631
  batch 150/264  loss=0.4355
  batch 160/264  loss=0.3296
  batch 170/264  loss=0.3120
  batch 180/264  loss=0.4078
  batch 190/264  loss=0.4672
  batch 200/264  loss=0.4544
  batch 210/264  loss=0.4845
  batch 220/264  loss=0.3477
  batch 230/264  loss=0.3576
  batch 240/264  loss=0.4104
  batch 250/264  loss=0.3313
  batch 260/264  loss=0.3522
Epoch 224/300  train=3.642e-01  rmse=2.7993  lr=5.0e-05  229s
  batch 10/264  loss=0.2869
  batch 20/264  loss=0.3160
  batch 30/264  loss=0.5284
  batch 40/264  loss=0.3074
  batch 50/264  loss=0.3953
  batch 60/264  loss=0.3339
  batch 70/264  loss=0.2937
  batch 80/264  loss=0.3645
  batch 90/264  loss=0.2887
  batch 100/264  loss=0.2793
  batch 110/264  loss=0.9896
  batch 120/264  loss=0.3318
  batch 130/264  loss=0.3209
  batch 140/264  loss=0.2960
  batch 150/264  loss=0.4888
  batch 160/264  loss=0.2901
  batch 170/264  loss=0.3742
  batch 180/264  loss=0.3112
  batch 190/264  loss=0.3364
  batch 200/264  loss=0.3286
  batch 210/264  loss=0.3769
  batch 220/264  loss=0.3053
  batch 230/264  loss=0.3184
  batch 240/264  loss=0.4643
  batch 250/264  loss=0.3109
  batch 260/264  loss=0.5472
Epoch 225/300  train=3.660e-01  rmse=2.7654  lr=5.0e-05  230s
  batch 10/264  loss=0.2743
  batch 20/264  loss=0.3738
  batch 30/264  loss=0.4317
  batch 40/264  loss=0.3708
  batch 50/264  loss=0.3648
  batch 60/264  loss=0.3765
  batch 70/264  loss=0.3112
  batch 80/264  loss=0.4651
  batch 90/264  loss=0.3787
  batch 100/264  loss=0.2826
  batch 110/264  loss=0.3684
  batch 120/264  loss=0.3775
  batch 130/264  loss=0.5460
  batch 140/264  loss=0.4450
  batch 150/264  loss=0.2997
  batch 160/264  loss=0.5012
  batch 170/264  loss=0.4187
  batch 180/264  loss=0.4081
  batch 190/264  loss=0.3167
  batch 200/264  loss=0.3210
  batch 210/264  loss=0.4413
  batch 220/264  loss=0.2909
  batch 230/264  loss=0.5115
  batch 240/264  loss=0.2520
  batch 250/264  loss=0.3821
  batch 260/264  loss=0.3118
Epoch 226/300  train=3.630e-01  rmse=3.5273  lr=5.0e-05  230s
  batch 10/264  loss=0.3499
  batch 20/264  loss=0.4866
  batch 30/264  loss=0.4662
  batch 40/264  loss=0.3888
  batch 50/264  loss=0.3249
  batch 60/264  loss=0.3013
  batch 70/264  loss=0.3750
  batch 80/264  loss=0.3223
  batch 90/264  loss=0.3408
  batch 100/264  loss=0.2900
  batch 110/264  loss=0.4069
  batch 120/264  loss=0.2807
  batch 130/264  loss=0.2725
  batch 140/264  loss=0.5441
  batch 150/264  loss=0.4418
  batch 160/264  loss=0.2713
  batch 170/264  loss=0.3141
  batch 180/264  loss=0.3802
  batch 190/264  loss=0.3032
  batch 200/264  loss=0.3070
  batch 210/264  loss=0.3842
  batch 220/264  loss=0.3618
  batch 230/264  loss=0.3046
  batch 240/264  loss=0.3298
  batch 250/264  loss=0.3427
  batch 260/264  loss=0.4699
Epoch 227/300  train=3.630e-01  rmse=2.4061  lr=5.0e-05  231s
  batch 10/264  loss=0.2886
  batch 20/264  loss=0.3101
  batch 30/264  loss=0.4966
  batch 40/264  loss=0.3175
  batch 50/264  loss=0.2913
  batch 60/264  loss=0.5561
  batch 70/264  loss=0.3346
  batch 80/264  loss=0.3521
  batch 90/264  loss=0.4029
  batch 100/264  loss=0.2964
  batch 110/264  loss=0.3756
  batch 120/264  loss=0.2983
  batch 130/264  loss=0.3326
  batch 140/264  loss=0.3992
  batch 150/264  loss=0.2842
  batch 160/264  loss=0.4344
  batch 170/264  loss=0.4088
  batch 180/264  loss=0.2866
  batch 190/264  loss=0.4068
  batch 200/264  loss=0.4594
  batch 210/264  loss=0.3076
  batch 220/264  loss=0.4655
  batch 230/264  loss=0.2924
  batch 240/264  loss=0.3279
  batch 250/264  loss=0.2493
  batch 260/264  loss=0.6226
Epoch 228/300  train=3.654e-01  rmse=2.7220  lr=5.0e-05  231s
  batch 10/264  loss=0.3280
  batch 20/264  loss=0.3876
  batch 30/264  loss=0.3115
  batch 40/264  loss=0.3490
  batch 50/264  loss=0.3212
  batch 60/264  loss=0.4152
  batch 70/264  loss=0.4098
  batch 80/264  loss=0.3569
  batch 90/264  loss=0.3930
  batch 100/264  loss=0.3129
  batch 110/264  loss=0.4120
  batch 120/264  loss=0.2668
  batch 130/264  loss=0.4119
  batch 140/264  loss=0.3507
  batch 150/264  loss=0.3278
  batch 160/264  loss=0.3223
  batch 170/264  loss=0.6387
  batch 180/264  loss=0.3548
  batch 190/264  loss=0.3684
  batch 200/264  loss=0.4000
  batch 210/264  loss=0.4552
  batch 220/264  loss=0.3882
  batch 230/264  loss=0.3528
  batch 240/264  loss=0.4970
  batch 250/264  loss=0.3491
  batch 260/264  loss=0.3945
Epoch 229/300  train=3.697e-01  rmse=2.1790  lr=5.0e-05  230s
  batch 10/264  loss=0.3165
  batch 20/264  loss=0.3722
  batch 30/264  loss=0.3367
  batch 40/264  loss=0.3473
  batch 50/264  loss=0.2590
  batch 60/264  loss=0.2712
  batch 70/264  loss=0.5281
  batch 80/264  loss=0.2822
  batch 90/264  loss=0.4110
  batch 100/264  loss=0.3309
  batch 110/264  loss=0.3657
  batch 120/264  loss=0.3028
  batch 130/264  loss=0.2993
  batch 140/264  loss=0.3749
  batch 150/264  loss=0.3628
  batch 160/264  loss=0.4983
  batch 170/264  loss=0.4385
  batch 180/264  loss=0.3280
  batch 190/264  loss=0.3899
  batch 200/264  loss=0.3651
  batch 210/264  loss=0.4286
  batch 220/264  loss=0.4733
  batch 230/264  loss=0.3067
  batch 240/264  loss=0.4870
  batch 250/264  loss=0.3125
  batch 260/264  loss=0.3459
Epoch 230/300  train=3.626e-01  rmse=2.1149  lr=5.0e-05  229s
  batch 10/264  loss=0.3026
  batch 20/264  loss=0.4559
  batch 30/264  loss=0.4006
  batch 40/264  loss=0.3219
  batch 50/264  loss=0.4086
  batch 60/264  loss=0.3043
  batch 70/264  loss=0.3332
  batch 80/264  loss=0.2954
  batch 90/264  loss=0.3119
  batch 100/264  loss=0.3160
  batch 110/264  loss=0.6508
  batch 120/264  loss=0.3222
  batch 130/264  loss=0.3523
  batch 140/264  loss=0.2591
  batch 150/264  loss=0.3038
  batch 160/264  loss=0.6555
  batch 170/264  loss=0.3656
  batch 180/264  loss=0.3148
  batch 190/264  loss=0.3481
  batch 200/264  loss=0.3435
  batch 210/264  loss=0.2871
  batch 220/264  loss=0.3021
  batch 230/264  loss=0.5222
  batch 240/264  loss=0.3134
  batch 250/264  loss=0.2836
  batch 260/264  loss=0.2952
Epoch 231/300  train=3.603e-01  rmse=4.5039  lr=5.0e-05  228s
  -> best  monitor=3.603e-01
  batch 10/264  loss=0.3208
  batch 20/264  loss=0.3107
  batch 30/264  loss=0.3793
  batch 40/264  loss=0.3030
  batch 50/264  loss=0.2764
  batch 60/264  loss=0.4248
  batch 70/264  loss=0.3315
  batch 80/264  loss=0.3991
  batch 90/264  loss=0.2741
  batch 100/264  loss=0.4332
  batch 110/264  loss=0.2807
  batch 120/264  loss=0.3342
  batch 130/264  loss=0.4179
  batch 140/264  loss=0.2856
  batch 150/264  loss=0.3143
  batch 160/264  loss=0.3007
  batch 170/264  loss=0.3056
  batch 180/264  loss=0.6073
  batch 190/264  loss=0.4745
  batch 200/264  loss=0.4193
  batch 210/264  loss=0.3235
  batch 220/264  loss=0.3151
  batch 230/264  loss=0.4996
  batch 240/264  loss=0.3495
  batch 250/264  loss=0.3985
  batch 260/264  loss=0.3655
Epoch 232/300  train=3.635e-01  rmse=1.6745  lr=5.0e-05  229s
  batch 10/264  loss=0.2879
  batch 20/264  loss=0.3192
  batch 30/264  loss=0.3134
  batch 40/264  loss=0.4196
  batch 50/264  loss=0.3890
  batch 60/264  loss=0.3284
  batch 70/264  loss=0.3782
  batch 80/264  loss=0.2760
  batch 90/264  loss=0.2852
  batch 100/264  loss=0.2781
  batch 110/264  loss=0.2589
  batch 120/264  loss=0.4341
  batch 130/264  loss=0.6488
  batch 140/264  loss=0.3008
  batch 150/264  loss=0.3536
  batch 160/264  loss=0.4445
  batch 170/264  loss=0.4301
  batch 180/264  loss=0.3507
  batch 190/264  loss=0.4246
  batch 200/264  loss=0.4508
  batch 210/264  loss=0.3417
  batch 220/264  loss=0.3130
  batch 230/264  loss=0.3694
  batch 240/264  loss=0.3903
  batch 250/264  loss=0.5057
  batch 260/264  loss=0.5643
Epoch 233/300  train=3.639e-01  rmse=2.3797  lr=5.0e-05  229s
  batch 10/264  loss=0.3203
  batch 20/264  loss=0.3043
  batch 30/264  loss=0.3368
  batch 40/264  loss=0.2856
  batch 50/264  loss=0.3165
  batch 60/264  loss=0.4403
  batch 70/264  loss=0.4105
  batch 80/264  loss=0.4132
  batch 90/264  loss=0.3633
  batch 100/264  loss=0.2928
  batch 110/264  loss=0.4042
  batch 120/264  loss=0.2830
  batch 130/264  loss=0.3567
  batch 140/264  loss=0.3028
  batch 150/264  loss=0.3053
  batch 160/264  loss=0.5186
  batch 170/264  loss=0.3582
  batch 180/264  loss=0.4977
  batch 190/264  loss=0.3248
  batch 200/264  loss=0.3503
  batch 210/264  loss=0.3266
  batch 220/264  loss=0.3375
  batch 230/264  loss=0.3004
  batch 240/264  loss=0.3687
  batch 250/264  loss=0.2363
  batch 260/264  loss=0.3261
Epoch 234/300  train=3.643e-01  rmse=2.2199  lr=5.0e-05  229s
  batch 10/264  loss=0.3264
  batch 20/264  loss=0.3887
  batch 30/264  loss=0.3487
  batch 40/264  loss=0.3875
  batch 50/264  loss=0.3360
  batch 60/264  loss=0.2749
  batch 70/264  loss=0.4465
  batch 80/264  loss=0.2904
  batch 90/264  loss=0.5241
  batch 100/264  loss=0.3570
  batch 110/264  loss=0.2873
  batch 120/264  loss=0.4307
  batch 130/264  loss=0.3226
  batch 140/264  loss=0.4355
  batch 150/264  loss=0.3626
  batch 160/264  loss=0.3173
  batch 170/264  loss=0.4380
  batch 180/264  loss=0.3326
  batch 190/264  loss=0.3527
  batch 200/264  loss=0.2831
  batch 210/264  loss=0.4594
  batch 220/264  loss=0.3450
  batch 230/264  loss=0.3190
  batch 240/264  loss=0.4317
  batch 250/264  loss=0.3442
  batch 260/264  loss=0.2925
Epoch 235/300  train=3.646e-01  rmse=5.0948  lr=5.0e-05  230s
  batch 10/264  loss=0.2797
  batch 20/264  loss=0.2886
  batch 30/264  loss=0.3969
  batch 40/264  loss=0.2949
  batch 50/264  loss=0.4225
  batch 60/264  loss=0.3421
  batch 70/264  loss=0.3049
  batch 80/264  loss=0.4538
  batch 90/264  loss=0.3242
  batch 100/264  loss=0.2889
  batch 110/264  loss=0.3714
  batch 120/264  loss=0.4533
  batch 130/264  loss=0.4266
  batch 140/264  loss=0.2785
  batch 150/264  loss=0.4077
  batch 160/264  loss=0.4386
  batch 170/264  loss=0.2865
  batch 180/264  loss=0.3239
  batch 190/264  loss=0.6392
  batch 200/264  loss=0.4235
  batch 210/264  loss=0.3900
  batch 220/264  loss=0.2701
  batch 230/264  loss=0.3227
  batch 240/264  loss=0.4351
  batch 250/264  loss=0.3950
  batch 260/264  loss=0.2941
Epoch 236/300  train=3.579e-01  rmse=2.1990  lr=5.0e-05  231s
  -> best  monitor=3.579e-01
  batch 10/264  loss=0.4361
  batch 20/264  loss=0.4596
  batch 30/264  loss=0.3131
  batch 40/264  loss=0.3515
  batch 50/264  loss=0.3663
  batch 60/264  loss=0.2900
  batch 70/264  loss=0.6158
  batch 80/264  loss=0.3356
  batch 90/264  loss=0.4204
  batch 100/264  loss=0.3952
  batch 110/264  loss=0.2878
  batch 120/264  loss=0.3275
  batch 130/264  loss=0.3659
  batch 140/264  loss=0.3855
  batch 150/264  loss=0.3918
  batch 160/264  loss=0.3379
  batch 170/264  loss=0.3816
  batch 180/264  loss=0.3773
  batch 190/264  loss=0.3549
  batch 200/264  loss=0.3002
  batch 210/264  loss=0.3056
  batch 220/264  loss=0.3185
  batch 230/264  loss=0.3828
  batch 240/264  loss=0.3691
  batch 250/264  loss=0.2602
  batch 260/264  loss=0.3152
Epoch 237/300  train=3.608e-01  rmse=2.9662  lr=5.0e-05  230s
  batch 10/264  loss=0.4045
  batch 20/264  loss=0.2968
  batch 30/264  loss=0.3367
  batch 40/264  loss=0.4663
  batch 50/264  loss=0.3027
  batch 60/264  loss=0.3500
  batch 70/264  loss=0.3504
  batch 80/264  loss=0.4418
  batch 90/264  loss=0.3123
  batch 100/264  loss=0.4208
  batch 110/264  loss=0.4692
  batch 120/264  loss=0.3599
  batch 130/264  loss=0.3473
  batch 140/264  loss=0.3382
  batch 150/264  loss=0.3595
  batch 160/264  loss=0.3627
  batch 170/264  loss=0.3218
  batch 180/264  loss=0.2765
  batch 190/264  loss=0.3264
  batch 200/264  loss=0.3057
  batch 210/264  loss=0.3429
  batch 220/264  loss=0.3254
  batch 230/264  loss=0.3730
  batch 240/264  loss=0.3130
  batch 250/264  loss=0.2797
  batch 260/264  loss=0.3549
Epoch 238/300  train=3.621e-01  rmse=2.7304  lr=5.0e-05  228s
  batch 10/264  loss=0.3416
  batch 20/264  loss=0.3655
  batch 30/264  loss=0.3927
  batch 40/264  loss=0.3045
  batch 50/264  loss=0.3203
  batch 60/264  loss=0.4279
  batch 70/264  loss=0.2672
  batch 80/264  loss=0.3261
  batch 90/264  loss=0.3472
  batch 100/264  loss=0.2992
  batch 110/264  loss=0.3907
  batch 120/264  loss=0.2950
  batch 130/264  loss=0.4820
  batch 140/264  loss=0.4148
  batch 150/264  loss=0.3562
  batch 160/264  loss=0.3124
  batch 170/264  loss=0.2948
  batch 180/264  loss=0.3143
  batch 190/264  loss=0.3926
  batch 200/264  loss=0.3164
  batch 210/264  loss=0.3711
  batch 220/264  loss=0.2708
  batch 230/264  loss=0.4655
  batch 240/264  loss=0.3205
  batch 250/264  loss=0.6827
  batch 260/264  loss=0.4612
Epoch 239/300  train=3.659e-01  rmse=2.2673  lr=5.0e-05  231s
  batch 10/264  loss=0.3112
  batch 20/264  loss=0.2939
  batch 30/264  loss=0.3813
  batch 40/264  loss=0.4790
  batch 50/264  loss=0.2864
  batch 60/264  loss=0.3283
  batch 70/264  loss=0.3988
  batch 80/264  loss=0.4917
  batch 90/264  loss=0.2741
  batch 100/264  loss=0.3464
  batch 110/264  loss=0.3364
  batch 120/264  loss=0.2868
  batch 130/264  loss=0.3432
  batch 140/264  loss=0.3338
  batch 150/264  loss=0.3064
  batch 160/264  loss=0.4308
  batch 170/264  loss=0.3684
  batch 180/264  loss=0.3157
  batch 190/264  loss=0.3648
  batch 200/264  loss=0.4159
  batch 210/264  loss=0.3474
  batch 220/264  loss=0.3201
  batch 230/264  loss=0.2903
  batch 240/264  loss=0.3891
  batch 250/264  loss=0.3063
  batch 260/264  loss=0.5522
Epoch 240/300  train=3.576e-01  rmse=1.5297  lr=5.0e-05  230s
  -> best  monitor=3.576e-01
  batch 10/264  loss=0.3475
  batch 20/264  loss=0.2953
  batch 30/264  loss=0.3585
  batch 40/264  loss=0.3583
  batch 50/264  loss=0.3236
  batch 60/264  loss=0.3401
  batch 70/264  loss=0.2947
  batch 80/264  loss=0.2894
  batch 90/264  loss=0.2908
  batch 100/264  loss=0.2891
  batch 110/264  loss=0.3060
  batch 120/264  loss=0.4314
  batch 130/264  loss=0.3809
  batch 140/264  loss=0.3376
  batch 150/264  loss=0.3807
  batch 160/264  loss=0.3286
  batch 170/264  loss=0.3349
  batch 180/264  loss=0.4703
  batch 190/264  loss=0.2873
  batch 200/264  loss=0.3259
  batch 210/264  loss=0.3050
  batch 220/264  loss=0.4684
  batch 230/264  loss=0.4146
  batch 240/264  loss=0.2950
  batch 250/264  loss=0.4324
  batch 260/264  loss=0.3924
Epoch 241/300  train=3.593e-01  rmse=2.3641  lr=5.0e-05  228s
  batch 10/264  loss=0.2649
  batch 20/264  loss=0.2824
  batch 30/264  loss=0.3727
  batch 40/264  loss=0.4069
  batch 50/264  loss=0.2887
  batch 60/264  loss=0.2886
  batch 70/264  loss=0.3717
  batch 80/264  loss=0.4136
  batch 90/264  loss=0.2663
  batch 100/264  loss=0.3013
  batch 110/264  loss=0.2848
  batch 120/264  loss=0.3242
  batch 130/264  loss=0.3462
  batch 140/264  loss=0.2992
  batch 150/264  loss=0.4584
  batch 160/264  loss=0.3629
  batch 170/264  loss=0.4672
  batch 180/264  loss=0.3610
  batch 190/264  loss=0.3526
  batch 200/264  loss=0.2613
  batch 210/264  loss=0.3123
  batch 220/264  loss=0.2813
  batch 230/264  loss=0.4872
  batch 240/264  loss=0.3582
  batch 250/264  loss=0.3415
  batch 260/264  loss=0.3164
Epoch 242/300  train=3.642e-01  rmse=4.9177  lr=5.0e-05  230s
  batch 10/264  loss=0.2897
  batch 20/264  loss=0.3682
  batch 30/264  loss=0.3154
  batch 40/264  loss=0.2666
  batch 50/264  loss=0.4140
  batch 60/264  loss=0.2917
  batch 70/264  loss=0.3548
  batch 80/264  loss=0.5878
  batch 90/264  loss=0.2786
  batch 100/264  loss=0.7544
  batch 110/264  loss=0.6976
  batch 120/264  loss=0.5103
  batch 130/264  loss=0.3760
  batch 140/264  loss=0.2874
  batch 150/264  loss=0.3212
  batch 160/264  loss=0.3821
  batch 170/264  loss=0.2917
  batch 180/264  loss=0.4960
  batch 190/264  loss=0.4182
  batch 200/264  loss=0.3651
  batch 210/264  loss=0.3024
  batch 220/264  loss=0.3474
  batch 230/264  loss=0.3555
  batch 240/264  loss=0.3594
  batch 250/264  loss=0.4486
  batch 260/264  loss=0.4019
Epoch 243/300  train=3.636e-01  rmse=5.6594  lr=5.0e-05  230s
  batch 10/264  loss=0.3345
  batch 20/264  loss=0.4323
  batch 30/264  loss=0.4190
  batch 40/264  loss=0.3309
  batch 50/264  loss=0.3568
  batch 60/264  loss=0.6607
  batch 70/264  loss=0.4239
  batch 80/264  loss=0.3220
  batch 90/264  loss=0.2951
  batch 100/264  loss=0.3675
  batch 110/264  loss=0.2954
  batch 120/264  loss=0.2953
  batch 130/264  loss=0.3633
  batch 140/264  loss=0.3128
  batch 150/264  loss=0.3611
  batch 160/264  loss=0.5372
  batch 170/264  loss=0.4067
  batch 180/264  loss=0.3180
  batch 190/264  loss=0.3684
  batch 200/264  loss=0.3930
  batch 210/264  loss=0.2905
  batch 220/264  loss=0.2688
  batch 230/264  loss=0.3522
  batch 240/264  loss=0.3359
  batch 250/264  loss=0.3185
  batch 260/264  loss=0.3887
Epoch 244/300  train=3.594e-01  rmse=2.6530  lr=5.0e-05  231s
  batch 10/264  loss=0.2650
  batch 20/264  loss=0.3405
  batch 30/264  loss=0.3134
  batch 40/264  loss=0.4768
  batch 50/264  loss=0.2960
  batch 60/264  loss=0.3143
  batch 70/264  loss=0.3480
  batch 80/264  loss=0.4095
  batch 90/264  loss=0.4098
  batch 100/264  loss=0.4946
  batch 110/264  loss=0.5131
  batch 120/264  loss=0.4604
  batch 130/264  loss=0.3028
  batch 140/264  loss=0.2818
  batch 150/264  loss=0.3631
  batch 160/264  loss=0.2976
  batch 170/264  loss=0.4155
  batch 180/264  loss=0.3387
  batch 190/264  loss=0.3805
  batch 200/264  loss=0.2877
  batch 210/264  loss=0.3005
  batch 220/264  loss=0.3441
  batch 230/264  loss=0.3313
  batch 240/264  loss=0.2953
  batch 250/264  loss=0.7546
  batch 260/264  loss=0.2943
Epoch 245/300  train=3.610e-01  rmse=12.3369  lr=5.0e-05  231s
  batch 10/264  loss=0.3327
  batch 20/264  loss=0.3363
  batch 30/264  loss=0.3444
  batch 40/264  loss=0.2785
  batch 50/264  loss=0.4100
  batch 60/264  loss=0.2977
  batch 70/264  loss=0.2783
  batch 80/264  loss=0.3263
  batch 90/264  loss=0.5406
  batch 100/264  loss=0.3136
  batch 110/264  loss=0.3525
  batch 120/264  loss=0.3550
  batch 130/264  loss=0.3108
  batch 140/264  loss=0.3149
  batch 150/264  loss=0.2966
  batch 160/264  loss=0.2740
  batch 170/264  loss=0.3057
  batch 180/264  loss=0.4545
  batch 190/264  loss=0.2737
  batch 200/264  loss=0.4750
  batch 210/264  loss=0.3680
  batch 220/264  loss=0.3287
  batch 230/264  loss=0.3597
  batch 240/264  loss=0.3454
  batch 250/264  loss=0.5756
  batch 260/264  loss=0.4624
Epoch 246/300  train=3.578e-01  rmse=2.2574  lr=5.0e-05  232s
  batch 10/264  loss=0.3289
  batch 20/264  loss=0.3509
  batch 30/264  loss=0.3352
  batch 40/264  loss=0.3421
  batch 50/264  loss=0.3106
  batch 60/264  loss=0.3321
  batch 70/264  loss=0.3063
  batch 80/264  loss=0.3511
  batch 90/264  loss=0.3961
  batch 100/264  loss=0.3187
  batch 110/264  loss=0.2733
  batch 120/264  loss=0.2910
  batch 130/264  loss=0.3411
  batch 140/264  loss=0.3056
  batch 150/264  loss=0.5472
  batch 160/264  loss=0.3923
  batch 170/264  loss=0.3149
  batch 180/264  loss=0.4445
  batch 190/264  loss=0.4180
  batch 200/264  loss=0.4022
  batch 210/264  loss=0.3240
  batch 220/264  loss=0.4113
  batch 230/264  loss=0.3262
  batch 240/264  loss=0.2743
  batch 250/264  loss=0.2939
  batch 260/264  loss=0.3952
Epoch 247/300  train=3.627e-01  rmse=2.1788  lr=5.0e-05  231s
  batch 10/264  loss=0.3394
  batch 20/264  loss=0.4458
  batch 30/264  loss=0.2952
  batch 40/264  loss=0.3647
  batch 50/264  loss=0.2762
  batch 60/264  loss=0.3414
  batch 70/264  loss=0.3664
  batch 80/264  loss=0.3287
  batch 90/264  loss=0.3395
  batch 100/264  loss=0.3461
  batch 110/264  loss=0.3341
  batch 120/264  loss=0.3331
  batch 130/264  loss=0.3650
  batch 140/264  loss=0.2952
  batch 150/264  loss=0.3337
  batch 160/264  loss=0.2998
  batch 170/264  loss=0.3696
  batch 180/264  loss=0.3786
  batch 190/264  loss=0.3210
  batch 200/264  loss=0.3586
  batch 210/264  loss=0.3975
  batch 220/264  loss=0.3686
  batch 230/264  loss=0.2930
  batch 240/264  loss=0.3613
  batch 250/264  loss=0.4252
  batch 260/264  loss=0.5351
Epoch 248/300  train=3.633e-01  rmse=1.7136  lr=5.0e-05  230s
  batch 10/264  loss=0.3112
  batch 20/264  loss=0.5049
  batch 30/264  loss=0.2961
  batch 40/264  loss=0.3128
  batch 50/264  loss=0.3382
  batch 60/264  loss=0.3118
  batch 70/264  loss=0.3238
  batch 80/264  loss=0.3471
  batch 90/264  loss=0.3789
  batch 100/264  loss=0.3163
  batch 110/264  loss=0.4011
  batch 120/264  loss=0.4857
  batch 130/264  loss=0.4092
  batch 140/264  loss=0.4496
  batch 150/264  loss=0.3180
  batch 160/264  loss=0.3010
  batch 170/264  loss=0.2922
  batch 180/264  loss=0.3913
  batch 190/264  loss=0.2941
  batch 200/264  loss=0.8449
  batch 210/264  loss=0.3180
  batch 220/264  loss=0.3148
  batch 230/264  loss=0.4219
  batch 240/264  loss=0.4318
  batch 250/264  loss=0.3322
  batch 260/264  loss=0.3062
Epoch 249/300  train=3.617e-01  rmse=2.1154  lr=5.0e-05  229s
  batch 10/264  loss=0.3649
  batch 20/264  loss=0.4884
  batch 30/264  loss=0.2996
  batch 40/264  loss=0.3915
  batch 50/264  loss=0.4220
  batch 60/264  loss=0.4013
  batch 70/264  loss=0.3743
  batch 80/264  loss=0.3728
  batch 90/264  loss=0.3885
  batch 100/264  loss=0.4035
  batch 110/264  loss=0.3038
  batch 120/264  loss=0.5369
  batch 130/264  loss=0.3053
  batch 140/264  loss=0.3906
  batch 150/264  loss=0.2953
  batch 160/264  loss=0.4506
  batch 170/264  loss=0.2896
  batch 180/264  loss=0.3212
  batch 190/264  loss=0.4931
  batch 200/264  loss=0.3360
  batch 210/264  loss=0.3874
  batch 220/264  loss=0.5561
  batch 230/264  loss=0.5095
  batch 240/264  loss=0.3793
  batch 250/264  loss=0.3785
  batch 260/264  loss=0.3207
Epoch 250/300  train=3.590e-01  rmse=3.5630  lr=5.0e-05  231s
  batch 10/264  loss=0.2733
  batch 20/264  loss=0.3237
  batch 30/264  loss=0.2938
  batch 40/264  loss=0.3419
  batch 50/264  loss=0.2860
  batch 60/264  loss=0.3627
  batch 70/264  loss=0.3029
  batch 80/264  loss=0.3592
  batch 90/264  loss=0.3696
  batch 100/264  loss=0.3608
  batch 110/264  loss=0.4424
  batch 120/264  loss=0.3822
  batch 130/264  loss=0.3854
  batch 140/264  loss=0.3013
  batch 150/264  loss=0.4128
  batch 160/264  loss=0.3228
  batch 170/264  loss=0.4765
  batch 180/264  loss=0.3828
  batch 190/264  loss=0.3966
  batch 200/264  loss=0.3169
  batch 210/264  loss=0.3039
  batch 220/264  loss=0.2972
  batch 230/264  loss=0.3927
  batch 240/264  loss=0.4350
  batch 250/264  loss=0.4057
  batch 260/264  loss=0.3458
Epoch 251/300  train=3.566e-01  rmse=1.8318  lr=5.0e-05  229s
  -> best  monitor=3.566e-01
  batch 10/264  loss=0.3941
  batch 20/264  loss=0.4791
  batch 30/264  loss=0.2999
  batch 40/264  loss=0.3263
  batch 50/264  loss=0.3868
  batch 60/264  loss=0.7656
  batch 70/264  loss=0.3138
  batch 80/264  loss=0.2858
  batch 90/264  loss=0.3728
  batch 100/264  loss=0.3430
  batch 110/264  loss=0.4100
  batch 120/264  loss=0.3245
  batch 130/264  loss=0.3070
  batch 140/264  loss=0.3441
  batch 150/264  loss=0.2880
  batch 160/264  loss=0.3590
  batch 170/264  loss=0.3168
  batch 180/264  loss=0.3012
  batch 190/264  loss=0.4174
  batch 200/264  loss=0.3186
  batch 210/264  loss=0.3120
  batch 220/264  loss=0.3076
  batch 230/264  loss=0.3052
  batch 240/264  loss=0.3359
  batch 250/264  loss=0.3212
  batch 260/264  loss=0.2893
Epoch 252/300  train=3.636e-01  rmse=3.5811  lr=5.0e-05  229s
  batch 10/264  loss=0.4242
  batch 20/264  loss=0.2899
  batch 30/264  loss=0.2970
  batch 40/264  loss=0.2619
  batch 50/264  loss=0.2861
  batch 60/264  loss=0.2901
  batch 70/264  loss=0.3117
  batch 80/264  loss=0.4260
  batch 90/264  loss=0.4785
  batch 100/264  loss=0.3021
  batch 110/264  loss=0.3039
  batch 120/264  loss=0.3217
  batch 130/264  loss=0.4906
  batch 140/264  loss=0.3895
  batch 150/264  loss=0.3497
  batch 160/264  loss=0.4046
  batch 170/264  loss=0.2972
  batch 180/264  loss=0.3339
  batch 190/264  loss=0.3264
  batch 200/264  loss=0.3132
  batch 210/264  loss=0.4972
  batch 220/264  loss=0.2750
  batch 230/264  loss=0.3341
  batch 240/264  loss=0.2893
  batch 250/264  loss=0.3366
  batch 260/264  loss=0.3609
Epoch 253/300  train=3.554e-01  rmse=2.3417  lr=5.0e-05  230s
  -> best  monitor=3.554e-01
  batch 10/264  loss=0.4286
  batch 20/264  loss=0.3473
  batch 30/264  loss=0.2721
  batch 40/264  loss=0.3178
  batch 50/264  loss=0.2733
  batch 60/264  loss=0.2840
  batch 70/264  loss=0.4609
  batch 80/264  loss=0.3086
  batch 90/264  loss=0.3595
  batch 100/264  loss=0.4436
  batch 110/264  loss=0.3184
  batch 120/264  loss=0.7329
  batch 130/264  loss=0.3640
  batch 140/264  loss=0.3064
  batch 150/264  loss=0.3853
  batch 160/264  loss=0.3168
  batch 170/264  loss=0.3043
  batch 180/264  loss=0.2624
  batch 190/264  loss=0.3384
  batch 200/264  loss=0.2981
  batch 210/264  loss=0.2778
  batch 220/264  loss=0.3662
  batch 230/264  loss=0.4585
  batch 240/264  loss=0.5604
  batch 250/264  loss=0.3102
  batch 260/264  loss=0.3914
Epoch 254/300  train=3.620e-01  rmse=1.8531  lr=5.0e-05  229s
  batch 10/264  loss=0.4257
  batch 20/264  loss=0.2939
  batch 30/264  loss=0.2835
  batch 40/264  loss=0.3877
  batch 50/264  loss=0.3840
  batch 60/264  loss=0.6011
  batch 70/264  loss=0.4887
  batch 80/264  loss=0.3514
  batch 90/264  loss=0.4005
  batch 100/264  loss=0.3232
  batch 110/264  loss=0.3511
  batch 120/264  loss=0.3865
  batch 130/264  loss=0.2812
  batch 140/264  loss=0.3641
  batch 150/264  loss=0.4720
  batch 160/264  loss=0.3050
  batch 170/264  loss=0.3083
  batch 180/264  loss=0.4070
  batch 190/264  loss=0.4706
  batch 200/264  loss=0.3440
  batch 210/264  loss=0.3878
  batch 220/264  loss=0.3475
  batch 230/264  loss=0.3553
  batch 240/264  loss=0.4305
  batch 250/264  loss=0.3826
  batch 260/264  loss=0.2922
Epoch 255/300  train=3.600e-01  rmse=2.7988  lr=5.0e-05  229s
  batch 10/264  loss=0.2970
  batch 20/264  loss=0.3840
  batch 30/264  loss=0.2760
  batch 40/264  loss=0.3318
  batch 50/264  loss=0.3216
  batch 60/264  loss=0.3027
  batch 70/264  loss=0.5115
  batch 80/264  loss=0.2945
  batch 90/264  loss=0.3335
  batch 100/264  loss=0.3315
  batch 110/264  loss=0.3175
  batch 120/264  loss=0.4216
  batch 130/264  loss=0.2787
  batch 140/264  loss=0.3280
  batch 150/264  loss=0.3168
  batch 160/264  loss=0.3283
  batch 170/264  loss=0.3389
  batch 180/264  loss=0.3215
  batch 190/264  loss=0.3821
  batch 200/264  loss=0.3282
  batch 210/264  loss=0.4892
  batch 220/264  loss=0.5114
  batch 230/264  loss=0.2775
  batch 240/264  loss=0.4646
  batch 250/264  loss=0.3260
  batch 260/264  loss=0.3241
Epoch 256/300  train=3.548e-01  rmse=2.3039  lr=5.0e-05  230s
  -> best  monitor=3.548e-01
  batch 10/264  loss=0.3666
  batch 20/264  loss=0.3579
  batch 30/264  loss=0.3890
  batch 40/264  loss=0.4046
  batch 50/264  loss=0.3756
  batch 60/264  loss=0.2808
  batch 70/264  loss=0.3478
  batch 80/264  loss=0.2771
  batch 90/264  loss=0.2857
  batch 100/264  loss=0.3707
  batch 110/264  loss=0.2808
  batch 120/264  loss=0.2712
  batch 130/264  loss=0.2909
  batch 140/264  loss=0.4461
  batch 150/264  loss=0.4719
  batch 160/264  loss=0.3122
  batch 170/264  loss=0.3054
  batch 180/264  loss=0.3465
  batch 190/264  loss=0.3564
  batch 200/264  loss=0.3539
  batch 210/264  loss=0.2675
  batch 220/264  loss=0.2932
  batch 230/264  loss=0.3109
  batch 240/264  loss=0.4091
  batch 250/264  loss=0.2862
  batch 260/264  loss=0.5727
Epoch 257/300  train=3.546e-01  rmse=1.8139  lr=5.0e-05  231s
  -> best  monitor=3.546e-01
  batch 10/264  loss=0.4980
  batch 20/264  loss=0.3552
  batch 30/264  loss=0.2930
  batch 40/264  loss=0.2935
  batch 50/264  loss=0.2966
  batch 60/264  loss=0.3060
  batch 70/264  loss=0.2649
  batch 80/264  loss=0.3642
  batch 90/264  loss=0.3561
  batch 100/264  loss=0.3991
  batch 110/264  loss=0.2993
  batch 120/264  loss=0.3181
  batch 130/264  loss=0.2916
  batch 140/264  loss=0.3252
  batch 150/264  loss=0.4007
  batch 160/264  loss=0.3072
  batch 170/264  loss=0.3332
  batch 180/264  loss=0.3837
  batch 190/264  loss=0.3298
  batch 200/264  loss=0.2580
  batch 210/264  loss=0.3110
  batch 220/264  loss=0.3792
  batch 230/264  loss=0.3133
  batch 240/264  loss=0.2860
  batch 250/264  loss=0.4546
  batch 260/264  loss=0.3391
Epoch 258/300  train=3.544e-01  rmse=2.9900  lr=5.0e-05  229s
  -> best  monitor=3.544e-01
  batch 10/264  loss=0.2782
  batch 20/264  loss=0.3485
  batch 30/264  loss=0.3351
  batch 40/264  loss=0.3348
  batch 50/264  loss=0.3648
  batch 60/264  loss=0.3281
  batch 70/264  loss=0.3629
  batch 80/264  loss=0.3006
  batch 90/264  loss=0.4944
  batch 100/264  loss=0.4109
  batch 110/264  loss=0.3100
  batch 120/264  loss=0.2948
  batch 130/264  loss=0.2984
  batch 140/264  loss=0.4010
  batch 150/264  loss=0.3023
  batch 160/264  loss=0.5083
  batch 170/264  loss=0.3674
  batch 180/264  loss=0.2905
  batch 190/264  loss=0.3360
  batch 200/264  loss=0.3643
  batch 210/264  loss=0.3076
  batch 220/264  loss=0.3471
  batch 230/264  loss=0.3309
  batch 240/264  loss=0.2887
  batch 250/264  loss=0.2486
  batch 260/264  loss=0.3105
Epoch 259/300  train=3.551e-01  rmse=1.7248  lr=5.0e-05  231s
  batch 10/264  loss=0.3076
  batch 20/264  loss=0.3625
  batch 30/264  loss=0.3191
  batch 40/264  loss=0.3186
  batch 50/264  loss=0.2795
  batch 60/264  loss=0.4742
  batch 70/264  loss=0.3080
  batch 80/264  loss=0.2914
  batch 90/264  loss=0.3342
  batch 100/264  loss=0.3696
  batch 110/264  loss=0.3338
  batch 120/264  loss=0.3411
  batch 130/264  loss=0.2901
  batch 140/264  loss=0.3220
  batch 150/264  loss=0.2691
  batch 160/264  loss=0.3314
  batch 170/264  loss=0.3012
  batch 180/264  loss=0.3318
  batch 190/264  loss=0.3125
  batch 200/264  loss=0.3805
  batch 210/264  loss=0.3496
  batch 220/264  loss=0.3487
  batch 230/264  loss=0.6084
  batch 240/264  loss=0.3287
  batch 250/264  loss=0.3078
  batch 260/264  loss=0.3175
Epoch 260/300  train=3.563e-01  rmse=2.2882  lr=5.0e-05  232s
  batch 10/264  loss=0.3604
  batch 20/264  loss=0.3259
  batch 30/264  loss=0.2823
  batch 40/264  loss=0.3277
  batch 50/264  loss=0.2915
  batch 60/264  loss=0.2535
  batch 70/264  loss=0.3155
  batch 80/264  loss=0.2659
  batch 90/264  loss=0.3085
  batch 100/264  loss=0.2968
  batch 110/264  loss=0.3033
  batch 120/264  loss=0.3912
  batch 130/264  loss=0.4039
  batch 140/264  loss=0.2542
  batch 150/264  loss=0.3147
  batch 160/264  loss=0.4971
  batch 170/264  loss=0.6560
  batch 180/264  loss=0.2862
  batch 190/264  loss=0.3503
  batch 200/264  loss=0.2771
  batch 210/264  loss=0.2724
  batch 220/264  loss=0.2581
  batch 230/264  loss=0.4383
  batch 240/264  loss=0.3142
  batch 250/264  loss=0.2795
  batch 260/264  loss=0.3529
Epoch 261/300  train=3.593e-01  rmse=2.8479  lr=5.0e-05  231s
  batch 10/264  loss=0.4629
  batch 20/264  loss=0.4833
  batch 30/264  loss=0.3156
  batch 40/264  loss=0.2883
  batch 50/264  loss=0.2846
  batch 60/264  loss=0.3206
  batch 70/264  loss=0.3826
  batch 80/264  loss=0.4097
  batch 90/264  loss=0.4232
  batch 100/264  loss=0.2848
  batch 110/264  loss=0.3181
  batch 120/264  loss=0.4921
  batch 130/264  loss=0.2923
  batch 140/264  loss=0.2962
  batch 150/264  loss=0.4674
  batch 160/264  loss=0.4327
  batch 170/264  loss=0.3081
  batch 180/264  loss=0.3060
  batch 190/264  loss=0.3613
  batch 200/264  loss=0.3374
  batch 210/264  loss=0.3018
  batch 220/264  loss=0.3038
  batch 230/264  loss=0.3628
  batch 240/264  loss=0.4628
  batch 250/264  loss=0.3353
  batch 260/264  loss=0.2810
Epoch 262/300  train=3.554e-01  rmse=2.1999  lr=5.0e-05  231s
  batch 10/264  loss=0.3936
  batch 20/264  loss=0.3186
  batch 30/264  loss=0.3603
  batch 40/264  loss=0.4775
  batch 50/264  loss=0.3644
  batch 60/264  loss=0.2870
  batch 70/264  loss=0.3133
  batch 80/264  loss=0.3341
  batch 90/264  loss=0.3578
  batch 100/264  loss=0.2846
  batch 110/264  loss=0.3030
  batch 120/264  loss=0.3931
  batch 130/264  loss=0.3746
  batch 140/264  loss=0.3943
  batch 150/264  loss=0.3944
  batch 160/264  loss=0.5023
  batch 170/264  loss=0.3727
  batch 180/264  loss=0.3822
  batch 190/264  loss=0.2955
  batch 200/264  loss=0.2841
  batch 210/264  loss=0.3788
  batch 220/264  loss=0.3575
  batch 230/264  loss=0.3224
  batch 240/264  loss=0.3865
  batch 250/264  loss=0.3249
  batch 260/264  loss=0.2812
Epoch 263/300  train=3.573e-01  rmse=2.3488  lr=5.0e-05  231s
  batch 10/264  loss=0.2982
  batch 20/264  loss=0.2746
  batch 30/264  loss=0.3119
  batch 40/264  loss=0.3369
  batch 50/264  loss=0.2833
  batch 60/264  loss=0.3370
  batch 70/264  loss=0.4169
  batch 80/264  loss=0.3989
  batch 90/264  loss=0.3690
  batch 100/264  loss=0.4351
  batch 110/264  loss=0.3364
  batch 120/264  loss=0.4997
  batch 130/264  loss=0.4783
  batch 140/264  loss=0.2698
  batch 150/264  loss=0.3432
  batch 160/264  loss=0.3011
  batch 170/264  loss=0.3875
  batch 180/264  loss=0.4090
  batch 190/264  loss=0.4691
  batch 200/264  loss=0.2832
  batch 210/264  loss=0.3472
  batch 220/264  loss=0.5448
  batch 230/264  loss=0.6650
  batch 240/264  loss=0.3489
  batch 250/264  loss=0.2788
  batch 260/264  loss=0.3169
Epoch 264/300  train=3.579e-01  rmse=2.0136  lr=5.0e-05  230s
  batch 10/264  loss=0.3625
  batch 20/264  loss=0.3779
  batch 30/264  loss=0.4353
  batch 40/264  loss=0.2853
  batch 50/264  loss=0.3771
  batch 60/264  loss=0.3167
  batch 70/264  loss=0.3881
  batch 80/264  loss=0.2752
  batch 90/264  loss=0.3234
  batch 100/264  loss=0.3016
  batch 110/264  loss=0.3299
  batch 120/264  loss=0.3689
  batch 130/264  loss=0.2907
  batch 140/264  loss=0.4499
  batch 150/264  loss=0.3577
  batch 160/264  loss=0.3395
  batch 170/264  loss=0.3265
  batch 180/264  loss=0.3844
  batch 190/264  loss=0.2978
  batch 200/264  loss=0.2947
  batch 210/264  loss=0.2717
  batch 220/264  loss=0.5410
  batch 230/264  loss=0.3061
  batch 240/264  loss=0.2827
  batch 250/264  loss=0.3456
  batch 260/264  loss=0.2991
Epoch 265/300  train=3.571e-01  rmse=2.8698  lr=5.0e-05  230s
  batch 10/264  loss=0.3813
  batch 20/264  loss=0.3746
  batch 30/264  loss=0.3715
  batch 40/264  loss=0.3712
  batch 50/264  loss=0.2942
  batch 60/264  loss=0.2729
  batch 70/264  loss=0.3030
  batch 80/264  loss=0.4421
  batch 90/264  loss=0.3248
  batch 100/264  loss=0.3253
  batch 110/264  loss=0.2955
  batch 120/264  loss=0.2798
  batch 130/264  loss=0.2951
  batch 140/264  loss=0.4522
  batch 150/264  loss=0.3079
  batch 160/264  loss=0.4881
  batch 170/264  loss=0.3398
  batch 180/264  loss=0.3325
  batch 190/264  loss=0.2878
  batch 200/264  loss=0.2993
  batch 210/264  loss=0.2567
  batch 220/264  loss=0.3354
  batch 230/264  loss=0.3156
  batch 240/264  loss=0.2600
  batch 250/264  loss=0.4541
  batch 260/264  loss=0.3412
Epoch 266/300  train=3.568e-01  rmse=2.2969  lr=5.0e-05  230s
  batch 10/264  loss=0.3618
  batch 20/264  loss=0.3115
  batch 30/264  loss=0.4555
  batch 40/264  loss=0.2899
  batch 50/264  loss=0.6350
  batch 60/264  loss=0.3638
  batch 70/264  loss=0.3954
  batch 80/264  loss=0.3235
  batch 90/264  loss=0.2926
  batch 100/264  loss=0.3223
  batch 110/264  loss=0.3612
  batch 120/264  loss=0.3334
  batch 130/264  loss=0.3433
  batch 140/264  loss=0.3410
  batch 150/264  loss=0.4359
  batch 160/264  loss=0.3261
  batch 170/264  loss=0.3802
  batch 180/264  loss=0.3325
  batch 190/264  loss=0.4229
  batch 200/264  loss=0.2991
  batch 210/264  loss=0.3075
  batch 220/264  loss=0.3294
  batch 230/264  loss=0.3660
  batch 240/264  loss=0.3476
  batch 250/264  loss=0.4802
  batch 260/264  loss=0.2843
Epoch 267/300  train=3.546e-01  rmse=2.3370  lr=5.0e-05  231s
  batch 10/264  loss=0.3586
  batch 20/264  loss=0.4971
  batch 30/264  loss=0.4561
  batch 40/264  loss=0.5010
  batch 50/264  loss=0.3322
  batch 60/264  loss=0.3549
  batch 70/264  loss=0.2613
  batch 80/264  loss=0.3598
  batch 90/264  loss=0.5478
  batch 100/264  loss=0.2762
  batch 110/264  loss=0.3092
  batch 120/264  loss=0.3988
  batch 130/264  loss=0.3545
  batch 140/264  loss=0.4403
  batch 150/264  loss=0.3452
  batch 160/264  loss=0.3596
  batch 170/264  loss=0.2807
  batch 180/264  loss=0.2356
  batch 190/264  loss=0.3918
  batch 200/264  loss=0.3717
  batch 210/264  loss=0.4068
  batch 220/264  loss=0.3051
  batch 230/264  loss=0.3153
  batch 240/264  loss=0.4476
  batch 250/264  loss=0.4954
  batch 260/264  loss=0.3688
Epoch 268/300  train=3.591e-01  rmse=1.7802  lr=5.0e-05  230s
  batch 10/264  loss=0.3393
  batch 20/264  loss=0.3002
  batch 30/264  loss=0.4700
  batch 40/264  loss=0.4350
  batch 50/264  loss=0.2699
  batch 60/264  loss=0.3809
  batch 70/264  loss=0.2747
  batch 80/264  loss=0.2964
  batch 90/264  loss=0.4722
  batch 100/264  loss=0.3623
  batch 110/264  loss=0.4926
  batch 120/264  loss=0.4584
  batch 130/264  loss=0.2949
  batch 140/264  loss=0.2915
  batch 150/264  loss=0.3867
  batch 160/264  loss=0.3415
  batch 170/264  loss=0.2994
  batch 180/264  loss=0.2984
  batch 190/264  loss=0.4807
  batch 200/264  loss=0.2879
  batch 210/264  loss=0.3084
  batch 220/264  loss=0.3119
  batch 230/264  loss=0.2994
  batch 240/264  loss=0.3547
  batch 250/264  loss=0.3749
  batch 260/264  loss=0.3131
Epoch 269/300  train=3.547e-01  rmse=3.2935  lr=2.5e-05  231s
  batch 10/264  loss=0.3453
  batch 20/264  loss=0.2886
  batch 30/264  loss=0.3047
  batch 40/264  loss=0.2438
  batch 50/264  loss=0.2731
  batch 60/264  loss=0.3192
  batch 70/264  loss=0.2997
  batch 80/264  loss=0.3381
  batch 90/264  loss=0.4601
  batch 100/264  loss=0.2762
  batch 110/264  loss=0.4421
  batch 120/264  loss=0.3307
  batch 130/264  loss=0.3096
  batch 140/264  loss=0.2816
  batch 150/264  loss=0.3918
  batch 160/264  loss=0.3130
  batch 170/264  loss=0.2984
  batch 180/264  loss=0.3936
  batch 190/264  loss=0.3526
  batch 200/264  loss=0.3115
  batch 210/264  loss=0.3748
  batch 220/264  loss=0.2817
  batch 230/264  loss=0.2975
  batch 240/264  loss=0.5039
  batch 250/264  loss=0.2729
  batch 260/264  loss=0.3201
Epoch 270/300  train=3.490e-01  rmse=3.5157  lr=2.5e-05  230s
  -> best  monitor=3.490e-01
  batch 10/264  loss=0.3575
  batch 20/264  loss=0.2569
  batch 30/264  loss=0.3567
  batch 40/264  loss=0.2910
  batch 50/264  loss=0.2846
  batch 60/264  loss=0.4709
  batch 70/264  loss=0.2929
  batch 80/264  loss=0.3751
  batch 90/264  loss=0.2598
  batch 100/264  loss=0.3549
  batch 110/264  loss=0.2918
  batch 120/264  loss=0.4696
  batch 130/264  loss=0.3076
  batch 140/264  loss=0.2788
  batch 150/264  loss=0.3547
  batch 160/264  loss=0.3612
  batch 170/264  loss=0.3904
  batch 180/264  loss=0.4879
  batch 190/264  loss=0.6257
  batch 200/264  loss=0.3052
  batch 210/264  loss=0.3114
  batch 220/264  loss=0.3589
  batch 230/264  loss=0.4317
  batch 240/264  loss=0.2812
  batch 250/264  loss=0.4037
  batch 260/264  loss=0.3317
Epoch 271/300  train=3.548e-01  rmse=1.8248  lr=2.5e-05  229s
  batch 10/264  loss=0.3052
  batch 20/264  loss=0.4316
  batch 30/264  loss=0.3340
  batch 40/264  loss=0.3491
  batch 50/264  loss=0.5092
  batch 60/264  loss=0.2959
  batch 70/264  loss=0.2940
  batch 80/264  loss=0.4355
  batch 90/264  loss=0.3468
  batch 100/264  loss=0.2595
  batch 110/264  loss=0.3372
  batch 120/264  loss=0.3208
  batch 130/264  loss=0.4358
  batch 140/264  loss=0.4003
  batch 150/264  loss=0.5643
  batch 160/264  loss=0.2917
  batch 170/264  loss=0.3476
  batch 180/264  loss=0.4469
  batch 190/264  loss=0.3840
  batch 200/264  loss=0.3458
  batch 210/264  loss=0.3400
  batch 220/264  loss=0.4224
  batch 230/264  loss=0.3027
  batch 240/264  loss=0.4961
  batch 250/264  loss=0.3523
  batch 260/264  loss=0.3073
Epoch 272/300  train=3.517e-01  rmse=1.8503  lr=2.5e-05  231s
  batch 10/264  loss=0.3057
  batch 20/264  loss=0.2955
  batch 30/264  loss=0.2705
  batch 40/264  loss=0.4265
  batch 50/264  loss=0.2874
  batch 60/264  loss=0.6996
  batch 70/264  loss=0.4481
  batch 80/264  loss=0.2691
  batch 90/264  loss=0.2601
  batch 100/264  loss=0.3673
  batch 110/264  loss=0.3171
  batch 120/264  loss=0.3636
  batch 130/264  loss=0.3028
  batch 140/264  loss=0.2974
  batch 150/264  loss=0.2644
  batch 160/264  loss=0.3300
  batch 170/264  loss=0.4122
  batch 180/264  loss=0.3276
  batch 190/264  loss=0.2977
  batch 200/264  loss=0.3509
  batch 210/264  loss=0.4053
  batch 220/264  loss=0.3834
  batch 230/264  loss=0.3219
  batch 240/264  loss=0.3330
  batch 250/264  loss=0.4533
  batch 260/264  loss=0.3256
Epoch 273/300  train=3.447e-01  rmse=2.2095  lr=2.5e-05  232s
  -> best  monitor=3.447e-01
  batch 10/264  loss=0.3381
  batch 20/264  loss=0.3032
  batch 30/264  loss=0.2891
  batch 40/264  loss=0.4304
  batch 50/264  loss=0.3350
  batch 60/264  loss=0.4450
  batch 70/264  loss=0.4242
  batch 80/264  loss=0.3092
  batch 90/264  loss=0.3937
  batch 100/264  loss=0.2849
  batch 110/264  loss=0.5626
  batch 120/264  loss=0.4368
  batch 130/264  loss=0.3767
  batch 140/264  loss=0.3697
  batch 150/264  loss=0.3483
  batch 160/264  loss=0.3920
  batch 170/264  loss=0.2563
  batch 180/264  loss=0.2730
  batch 190/264  loss=0.4416
  batch 200/264  loss=0.3141
  batch 210/264  loss=0.3675
  batch 220/264  loss=0.3633
  batch 230/264  loss=0.3868
  batch 240/264  loss=0.3064
  batch 250/264  loss=0.4708
  batch 260/264  loss=0.4099
Epoch 274/300  train=3.492e-01  rmse=2.9638  lr=2.5e-05  231s
  batch 10/264  loss=0.4110
  batch 20/264  loss=0.3626
  batch 30/264  loss=0.3804
  batch 40/264  loss=0.7785
  batch 50/264  loss=0.3787
  batch 60/264  loss=0.3386
  batch 70/264  loss=0.3831
  batch 80/264  loss=0.3356
  batch 90/264  loss=0.3021
  batch 100/264  loss=0.2966
  batch 110/264  loss=0.2841
  batch 120/264  loss=0.3116
  batch 130/264  loss=0.4072
  batch 140/264  loss=0.3074
  batch 150/264  loss=0.4275
  batch 160/264  loss=0.3802
  batch 170/264  loss=0.4579
  batch 180/264  loss=0.3167
  batch 190/264  loss=0.4424
  batch 200/264  loss=0.2864
  batch 210/264  loss=0.2887
  batch 220/264  loss=0.4277
  batch 230/264  loss=0.3544
  batch 240/264  loss=0.3418
  batch 250/264  loss=0.6307
  batch 260/264  loss=0.2808
Epoch 275/300  train=3.461e-01  rmse=3.1726  lr=2.5e-05  231s
  batch 10/264  loss=0.3407
  batch 20/264  loss=0.2783
  batch 30/264  loss=0.3814
  batch 40/264  loss=0.2925
  batch 50/264  loss=0.3239
  batch 60/264  loss=0.2824
  batch 70/264  loss=0.3207
  batch 80/264  loss=0.2751
  batch 90/264  loss=0.4245
  batch 100/264  loss=0.2988
  batch 110/264  loss=0.4008
  batch 120/264  loss=0.4424
  batch 130/264  loss=0.3173
  batch 140/264  loss=0.2824
  batch 150/264  loss=0.2947
  batch 160/264  loss=0.3723
  batch 170/264  loss=0.2915
  batch 180/264  loss=0.3353
  batch 190/264  loss=0.3769
  batch 200/264  loss=0.2654
  batch 210/264  loss=0.3586
  batch 220/264  loss=0.2723
  batch 230/264  loss=0.2887
  batch 240/264  loss=0.2590
  batch 250/264  loss=0.2972
  batch 260/264  loss=0.3422
Epoch 276/300  train=3.426e-01  rmse=2.3209  lr=2.5e-05  230s
  -> best  monitor=3.426e-01
  batch 10/264  loss=0.4298
  batch 20/264  loss=0.3131
  batch 30/264  loss=0.3605
  batch 40/264  loss=0.3068
  batch 50/264  loss=0.2949
  batch 60/264  loss=0.2633
  batch 70/264  loss=0.3966
  batch 80/264  loss=0.3631
  batch 90/264  loss=0.5302
  batch 100/264  loss=0.4904
  batch 110/264  loss=0.3017
  batch 120/264  loss=0.2823
  batch 130/264  loss=0.3821
  batch 140/264  loss=0.2997
  batch 150/264  loss=0.4339
  batch 160/264  loss=0.3824
  batch 170/264  loss=0.2895
  batch 180/264  loss=0.2537
  batch 190/264  loss=0.2860
  batch 200/264  loss=0.3055
  batch 210/264  loss=0.2937
  batch 220/264  loss=0.4000
  batch 230/264  loss=0.3251
  batch 240/264  loss=0.4806
  batch 250/264  loss=0.2853
  batch 260/264  loss=0.3356
Epoch 277/300  train=3.445e-01  rmse=2.3694  lr=2.5e-05  229s
  batch 10/264  loss=0.2857
  batch 20/264  loss=0.2905
  batch 30/264  loss=0.5198
  batch 40/264  loss=0.4113
  batch 50/264  loss=0.3263
  batch 60/264  loss=0.2712
  batch 70/264  loss=0.3648
  batch 80/264  loss=0.4852
  batch 90/264  loss=0.2633
  batch 100/264  loss=0.3093
  batch 110/264  loss=0.3731
  batch 120/264  loss=0.2692
  batch 130/264  loss=0.3417
  batch 140/264  loss=0.2817
  batch 150/264  loss=0.2894
  batch 160/264  loss=0.2944
  batch 170/264  loss=0.2867
  batch 180/264  loss=0.3321
  batch 190/264  loss=0.2898
  batch 200/264  loss=0.3286
  batch 210/264  loss=0.3445
  batch 220/264  loss=0.3458
  batch 230/264  loss=0.3277
  batch 240/264  loss=0.4502
  batch 250/264  loss=0.3845
  batch 260/264  loss=0.4633
Epoch 278/300  train=3.464e-01  rmse=2.2587  lr=2.5e-05  230s
  batch 10/264  loss=0.3528
  batch 20/264  loss=0.3349
  batch 30/264  loss=0.4491
  batch 40/264  loss=0.2587
  batch 50/264  loss=0.4030
  batch 60/264  loss=0.3644
  batch 70/264  loss=0.2901
  batch 80/264  loss=0.3450
  batch 90/264  loss=0.3250
  batch 100/264  loss=0.3671
  batch 110/264  loss=0.3223
  batch 120/264  loss=0.3547
  batch 130/264  loss=0.3170
  batch 140/264  loss=0.3809
  batch 150/264  loss=0.3114
  batch 160/264  loss=0.3422
  batch 170/264  loss=0.3521
  batch 180/264  loss=0.4316
  batch 190/264  loss=0.3159
  batch 200/264  loss=0.4353
  batch 210/264  loss=0.3744
  batch 220/264  loss=0.4083
  batch 230/264  loss=0.3393
  batch 240/264  loss=0.3151
  batch 250/264  loss=0.4196
  batch 260/264  loss=0.2849
Epoch 279/300  train=3.473e-01  rmse=2.7661  lr=2.5e-05  230s
  batch 10/264  loss=0.3470
  batch 20/264  loss=0.3662
  batch 30/264  loss=0.3942
  batch 40/264  loss=0.2933
  batch 50/264  loss=0.3795
  batch 60/264  loss=0.3921
  batch 70/264  loss=0.2824
  batch 80/264  loss=0.4677
  batch 90/264  loss=0.2922
  batch 100/264  loss=0.2931
  batch 110/264  loss=0.3104
  batch 120/264  loss=0.3041
  batch 130/264  loss=0.2787
  batch 140/264  loss=0.3596
  batch 150/264  loss=0.2529
  batch 160/264  loss=0.3506
  batch 170/264  loss=0.2934
  batch 180/264  loss=0.3315
  batch 190/264  loss=0.2748
  batch 200/264  loss=0.3520
  batch 210/264  loss=0.3453
  batch 220/264  loss=0.3525
  batch 230/264  loss=0.4232
  batch 240/264  loss=0.4138
  batch 250/264  loss=0.3081
  batch 260/264  loss=0.3461
Epoch 280/300  train=3.484e-01  rmse=6.1192  lr=2.5e-05  230s
  batch 10/264  loss=0.3988
  batch 20/264  loss=0.3448
  batch 30/264  loss=0.4197
  batch 40/264  loss=0.3672
  batch 50/264  loss=0.3845
  batch 60/264  loss=0.3491
  batch 70/264  loss=0.4118
  batch 80/264  loss=0.3239
  batch 90/264  loss=0.2617
  batch 100/264  loss=0.3437
  batch 110/264  loss=0.3140
  batch 120/264  loss=0.3692
  batch 130/264  loss=0.4987
  batch 140/264  loss=0.4291
  batch 150/264  loss=0.4001
  batch 160/264  loss=0.2786
  batch 170/264  loss=0.3023
  batch 180/264  loss=0.4375
  batch 190/264  loss=0.2915
  batch 200/264  loss=0.3819
  batch 210/264  loss=0.3219
  batch 220/264  loss=0.3951
  batch 230/264  loss=0.3470
  batch 240/264  loss=0.2804
  batch 250/264  loss=0.3000
  batch 260/264  loss=0.3002
Epoch 281/300  train=3.436e-01  rmse=2.3544  lr=2.5e-05  234s
  batch 10/264  loss=0.4550
  batch 20/264  loss=0.4258
  batch 30/264  loss=0.3064
  batch 40/264  loss=0.2757
  batch 50/264  loss=0.3757
  batch 60/264  loss=0.3026
  batch 70/264  loss=0.4615
  batch 80/264  loss=0.2861
  batch 90/264  loss=0.2884
  batch 100/264  loss=0.2792
  batch 110/264  loss=0.3312
  batch 120/264  loss=0.3147
  batch 130/264  loss=0.3722
  batch 140/264  loss=0.3020
  batch 150/264  loss=0.3884
  batch 160/264  loss=0.6251
  batch 170/264  loss=0.2873
  batch 180/264  loss=0.2842
  batch 190/264  loss=0.2753
  batch 200/264  loss=0.2982
  batch 210/264  loss=0.3044
  batch 220/264  loss=0.3649
  batch 230/264  loss=0.3161
  batch 240/264  loss=0.3489
  batch 250/264  loss=0.2378
  batch 260/264  loss=0.4429
Epoch 282/300  train=3.500e-01  rmse=1.7339  lr=2.5e-05  259s
  batch 10/264  loss=0.3693
  batch 20/264  loss=0.3288
  batch 30/264  loss=0.3302
  batch 40/264  loss=0.2997
  batch 50/264  loss=0.4153
  batch 60/264  loss=0.3380
  batch 70/264  loss=0.3193
  batch 80/264  loss=0.5686
  batch 90/264  loss=0.3241
  batch 100/264  loss=0.2753
  batch 110/264  loss=0.2917
  batch 120/264  loss=0.2927
  batch 130/264  loss=0.3884
  batch 140/264  loss=0.4184
  batch 150/264  loss=0.2845
  batch 160/264  loss=0.2936
  batch 170/264  loss=0.3685
  batch 180/264  loss=0.3509
  batch 190/264  loss=0.3189
  batch 200/264  loss=0.3536
  batch 210/264  loss=0.2944
  batch 220/264  loss=0.5200
  batch 230/264  loss=0.3548
  batch 240/264  loss=0.2719
  batch 250/264  loss=0.3171
  batch 260/264  loss=0.3770
Epoch 283/300  train=3.457e-01  rmse=2.4353  lr=2.5e-05  258s
  batch 10/264  loss=0.2713
  batch 20/264  loss=0.3833
  batch 30/264  loss=0.3729
  batch 40/264  loss=0.3103
  batch 50/264  loss=0.4452
  batch 60/264  loss=0.3085
  batch 70/264  loss=0.4012
  batch 80/264  loss=0.2972
  batch 90/264  loss=0.4037
  batch 100/264  loss=0.3208
  batch 110/264  loss=0.2814
  batch 120/264  loss=0.3263
  batch 130/264  loss=0.3668
  batch 140/264  loss=0.3222
  batch 150/264  loss=0.3030
  batch 160/264  loss=0.3361
  batch 170/264  loss=0.3006
  batch 180/264  loss=0.2561
  batch 190/264  loss=0.2839
  batch 200/264  loss=0.3895
  batch 210/264  loss=0.3446
  batch 220/264  loss=0.3042
  batch 230/264  loss=0.3448
  batch 240/264  loss=0.4557
  batch 250/264  loss=0.3069
  batch 260/264  loss=0.3103
Epoch 284/300  train=3.464e-01  rmse=3.9782  lr=2.5e-05  253s
  batch 10/264  loss=0.3894
  batch 20/264  loss=0.2994
  batch 30/264  loss=0.3339
  batch 40/264  loss=0.2827
  batch 50/264  loss=0.3043
  batch 60/264  loss=0.2783
  batch 70/264  loss=0.4031
  batch 80/264  loss=0.3656
  batch 90/264  loss=0.3149
  batch 100/264  loss=0.2981
  batch 110/264  loss=0.3257
  batch 120/264  loss=0.3902
  batch 130/264  loss=0.2872
  batch 140/264  loss=0.2937
  batch 150/264  loss=0.4465
  batch 160/264  loss=0.3042
  batch 170/264  loss=0.3142
  batch 180/264  loss=0.5316
  batch 190/264  loss=0.3686
  batch 200/264  loss=0.3986
  batch 210/264  loss=0.3952
  batch 220/264  loss=0.2801
  batch 230/264  loss=0.3808
  batch 240/264  loss=0.3956
  batch 250/264  loss=0.3020
  batch 260/264  loss=0.4797
Epoch 285/300  train=3.439e-01  rmse=1.9118  lr=2.5e-05  228s
  batch 10/264  loss=0.4011
  batch 20/264  loss=0.3375
  batch 30/264  loss=0.3042
  batch 40/264  loss=1.1435
  batch 50/264  loss=0.4069
  batch 60/264  loss=0.3665
  batch 70/264  loss=0.2724
  batch 80/264  loss=0.2476
  batch 90/264  loss=0.2908
  batch 100/264  loss=0.3075
  batch 110/264  loss=0.2640
  batch 120/264  loss=0.2549
  batch 130/264  loss=0.2773
  batch 140/264  loss=0.4592
  batch 150/264  loss=0.3363
  batch 160/264  loss=0.7288
  batch 170/264  loss=0.3484
  batch 180/264  loss=0.3678
  batch 190/264  loss=0.3259
  batch 200/264  loss=0.2593
  batch 210/264  loss=0.3674
  batch 220/264  loss=0.4012
  batch 230/264  loss=0.3551
  batch 240/264  loss=0.2685
  batch 250/264  loss=0.4795
  batch 260/264  loss=0.3604
Epoch 286/300  train=3.503e-01  rmse=8.4966  lr=2.5e-05  230s
  batch 10/264  loss=0.3409
  batch 20/264  loss=0.3569
  batch 30/264  loss=0.2949
  batch 40/264  loss=0.2962
  batch 50/264  loss=0.2831
  batch 60/264  loss=0.3308
  batch 70/264  loss=0.2684
  batch 80/264  loss=0.4431
  batch 90/264  loss=0.2933
  batch 100/264  loss=0.2686
  batch 110/264  loss=0.2692
  batch 120/264  loss=0.3402
  batch 130/264  loss=0.3539
  batch 140/264  loss=0.3487
  batch 150/264  loss=0.2984
  batch 160/264  loss=0.3367
  batch 170/264  loss=0.4512
  batch 180/264  loss=0.3471
  batch 190/264  loss=0.3124
  batch 200/264  loss=0.3909
  batch 210/264  loss=0.2598
  batch 220/264  loss=0.3134
  batch 230/264  loss=0.3465
  batch 240/264  loss=0.3198
  batch 250/264  loss=0.3294
  batch 260/264  loss=0.3552
Epoch 287/300  train=3.452e-01  rmse=1.7026  lr=1.3e-05  229s
  batch 10/264  loss=0.4089
  batch 20/264  loss=0.3612
  batch 30/264  loss=0.2915
  batch 40/264  loss=0.4087
  batch 50/264  loss=0.2949
  batch 60/264  loss=0.3421
  batch 70/264  loss=0.3445
  batch 80/264  loss=0.2908
  batch 90/264  loss=0.3686
  batch 100/264  loss=0.4455
  batch 110/264  loss=0.3029
  batch 120/264  loss=0.4222
  batch 130/264  loss=0.4062
  batch 140/264  loss=0.2747
  batch 150/264  loss=0.2836
  batch 160/264  loss=0.2374
  batch 170/264  loss=0.2979
  batch 180/264  loss=0.2938
  batch 190/264  loss=0.3878
  batch 200/264  loss=0.3116
  batch 210/264  loss=0.2723
  batch 220/264  loss=0.3427
  batch 230/264  loss=0.4859
  batch 240/264  loss=0.4942
  batch 250/264  loss=0.2638
  batch 260/264  loss=0.2867
Epoch 288/300  train=3.395e-01  rmse=1.6661  lr=1.3e-05  229s
  -> best  monitor=3.395e-01
  batch 10/264  loss=0.2867
  batch 20/264  loss=0.3687
  batch 30/264  loss=0.3688
  batch 40/264  loss=0.3291
  batch 50/264  loss=0.2410
  batch 60/264  loss=0.3396
  batch 70/264  loss=0.3415
  batch 80/264  loss=0.2853
  batch 90/264  loss=0.3357
  batch 100/264  loss=0.3068
  batch 110/264  loss=0.3335
  batch 120/264  loss=0.2670
  batch 130/264  loss=0.4595
  batch 140/264  loss=0.3914
  batch 150/264  loss=0.2614
  batch 160/264  loss=0.3171
  batch 170/264  loss=0.4496
  batch 180/264  loss=0.2802
  batch 190/264  loss=0.5642
  batch 200/264  loss=0.3273
  batch 210/264  loss=0.2580
  batch 220/264  loss=0.3350
  batch 230/264  loss=0.3138
  batch 240/264  loss=0.3131
  batch 250/264  loss=0.3391
  batch 260/264  loss=0.2595
Epoch 289/300  train=3.442e-01  rmse=2.8230  lr=1.3e-05  229s
  batch 10/264  loss=0.2758
  batch 20/264  loss=0.3451
  batch 30/264  loss=0.3903
  batch 40/264  loss=0.3984
  batch 50/264  loss=0.2830
  batch 60/264  loss=0.2837
  batch 70/264  loss=0.3302
  batch 80/264  loss=0.3874
  batch 90/264  loss=0.3099
  batch 100/264  loss=0.2603
  batch 110/264  loss=0.3248
  batch 120/264  loss=0.3772
  batch 130/264  loss=0.3602
  batch 140/264  loss=0.2723
  batch 150/264  loss=0.3053
  batch 160/264  loss=0.3945
  batch 170/264  loss=0.2842
  batch 180/264  loss=0.3135
  batch 190/264  loss=0.2866
  batch 200/264  loss=0.2588
  batch 210/264  loss=0.2809
  batch 220/264  loss=0.3006
  batch 230/264  loss=0.2760
  batch 240/264  loss=0.4111
  batch 250/264  loss=0.2789
  batch 260/264  loss=0.2784
Epoch 290/300  train=3.434e-01  rmse=3.8427  lr=1.3e-05  228s
  batch 10/264  loss=0.4470
  batch 20/264  loss=0.2966
  batch 30/264  loss=0.2971
  batch 40/264  loss=0.2828
  batch 50/264  loss=0.3129
  batch 60/264  loss=0.3136
  batch 70/264  loss=0.3164
  batch 80/264  loss=0.4691
  batch 90/264  loss=0.4780
  batch 100/264  loss=0.3396
  batch 110/264  loss=0.2674
  batch 120/264  loss=0.3574
  batch 130/264  loss=0.2773
  batch 140/264  loss=0.3943
  batch 150/264  loss=0.2828
  batch 160/264  loss=0.4109
  batch 170/264  loss=0.3137
  batch 180/264  loss=0.4411
  batch 190/264  loss=0.2852
  batch 200/264  loss=0.2715
  batch 210/264  loss=0.4517
  batch 220/264  loss=0.4041
  batch 230/264  loss=0.3185
  batch 240/264  loss=0.3214
  batch 250/264  loss=0.2804
  batch 260/264  loss=0.4273
Epoch 291/300  train=3.428e-01  rmse=1.7125  lr=1.3e-05  228s
  batch 10/264  loss=0.4009
  batch 20/264  loss=0.3698
  batch 30/264  loss=0.3420
  batch 40/264  loss=0.3395
  batch 50/264  loss=0.3102
  batch 60/264  loss=0.2683
  batch 70/264  loss=0.3023
  batch 80/264  loss=0.3634
  batch 90/264  loss=0.3988
  batch 100/264  loss=0.4565
  batch 110/264  loss=0.2752
  batch 120/264  loss=0.3974
  batch 130/264  loss=0.3042
  batch 140/264  loss=0.2960
  batch 150/264  loss=0.3048
  batch 160/264  loss=0.3852
  batch 170/264  loss=0.3616
  batch 180/264  loss=0.3406
  batch 190/264  loss=0.2978
  batch 200/264  loss=0.4365
  batch 210/264  loss=0.3691
  batch 220/264  loss=0.2868
  batch 230/264  loss=0.2995
  batch 240/264  loss=0.4233
  batch 250/264  loss=0.2837
  batch 260/264  loss=0.3172
Epoch 292/300  train=3.475e-01  rmse=2.0726  lr=1.3e-05  228s
  batch 10/264  loss=0.3326
  batch 20/264  loss=0.2855
  batch 30/264  loss=0.3331
  batch 40/264  loss=0.4101
  batch 50/264  loss=0.3354
  batch 60/264  loss=0.3195
  batch 70/264  loss=0.2724
  batch 80/264  loss=0.2873
  batch 90/264  loss=0.3602
  batch 100/264  loss=0.3792
  batch 110/264  loss=0.3352
  batch 120/264  loss=0.3546
  batch 130/264  loss=0.2602
  batch 140/264  loss=0.3231
  batch 150/264  loss=0.3280
  batch 160/264  loss=0.3400
  batch 170/264  loss=0.2716
  batch 180/264  loss=0.3184
  batch 190/264  loss=0.3357
  batch 200/264  loss=0.3457
  batch 210/264  loss=0.3107
  batch 220/264  loss=0.3050
  batch 230/264  loss=0.3484
  batch 240/264  loss=0.2532
  batch 250/264  loss=0.2813
  batch 260/264  loss=0.3195
Epoch 293/300  train=3.407e-01  rmse=2.0201  lr=1.3e-05  230s
  batch 10/264  loss=0.4455
  batch 20/264  loss=0.3665
  batch 30/264  loss=0.3396
  batch 40/264  loss=0.3380
  batch 50/264  loss=0.2745
  batch 60/264  loss=0.2934
  batch 70/264  loss=0.2588
  batch 80/264  loss=0.4018
  batch 90/264  loss=0.3714
  batch 100/264  loss=0.3860
  batch 110/264  loss=0.4144
  batch 120/264  loss=0.3323
  batch 130/264  loss=0.3244
  batch 140/264  loss=0.3080
  batch 150/264  loss=0.4962
  batch 160/264  loss=0.2989
  batch 170/264  loss=0.2966
  batch 180/264  loss=0.2795
  batch 190/264  loss=0.3564
  batch 200/264  loss=0.4285
  batch 210/264  loss=0.2787
  batch 220/264  loss=0.2948
  batch 230/264  loss=0.4253
  batch 240/264  loss=0.2651
  batch 250/264  loss=0.3958
  batch 260/264  loss=0.3151
Epoch 294/300  train=3.387e-01  rmse=2.0985  lr=1.3e-05  230s
  -> best  monitor=3.387e-01
  batch 10/264  loss=0.4147
  batch 20/264  loss=0.4480
  batch 30/264  loss=0.3031
  batch 40/264  loss=0.4916
  batch 50/264  loss=0.4685
  batch 60/264  loss=0.2551
  batch 70/264  loss=0.3728
  batch 80/264  loss=0.3263
  batch 90/264  loss=0.3030
  batch 100/264  loss=0.3274
  batch 110/264  loss=0.3658
  batch 120/264  loss=0.2906
  batch 130/264  loss=0.4812
  batch 140/264  loss=0.3261
  batch 150/264  loss=0.3568
  batch 160/264  loss=0.4233
  batch 170/264  loss=0.2988
  batch 180/264  loss=0.2683
  batch 190/264  loss=0.2806
  batch 200/264  loss=0.2577
  batch 210/264  loss=0.2821
  batch 220/264  loss=0.2610
  batch 230/264  loss=0.2692
  batch 240/264  loss=0.4083
  batch 250/264  loss=0.4561
  batch 260/264  loss=0.2790
Epoch 295/300  train=3.447e-01  rmse=2.0703  lr=1.3e-05  230s
  batch 10/264  loss=0.2664
  batch 20/264  loss=0.2634
  batch 30/264  loss=0.2604
  batch 40/264  loss=0.3954
  batch 50/264  loss=0.5021
  batch 60/264  loss=0.4476
  batch 70/264  loss=0.5625
  batch 80/264  loss=0.3396
  batch 90/264  loss=0.3664
  batch 100/264  loss=0.3319
  batch 110/264  loss=0.3605
  batch 120/264  loss=0.2993
  batch 130/264  loss=0.2764
  batch 140/264  loss=0.2367
  batch 150/264  loss=0.3116
  batch 160/264  loss=0.3437
  batch 170/264  loss=0.2971
  batch 180/264  loss=0.3267
  batch 190/264  loss=0.2785
  batch 200/264  loss=0.3874
  batch 210/264  loss=0.2596
  batch 220/264  loss=0.2618
  batch 230/264  loss=0.2895
  batch 240/264  loss=0.4059
  batch 250/264  loss=0.4376
  batch 260/264  loss=0.2807
Epoch 296/300  train=3.422e-01  rmse=2.7725  lr=1.3e-05  228s
  batch 10/264  loss=0.2815
  batch 20/264  loss=0.3697
  batch 30/264  loss=0.3711
  batch 40/264  loss=0.3128
  batch 50/264  loss=0.3738
  batch 60/264  loss=0.2821
  batch 70/264  loss=0.3562
  batch 80/264  loss=0.2983
  batch 90/264  loss=0.2523
  batch 100/264  loss=0.4635
  batch 110/264  loss=0.2788
  batch 120/264  loss=0.4437
  batch 130/264  loss=0.3563
  batch 140/264  loss=0.2243
  batch 150/264  loss=0.3024
  batch 160/264  loss=0.3022
  batch 170/264  loss=0.4853
  batch 180/264  loss=0.4782
  batch 190/264  loss=0.4871
  batch 200/264  loss=0.3098
  batch 210/264  loss=0.3013
  batch 220/264  loss=0.2649
  batch 230/264  loss=0.3480
  batch 240/264  loss=0.3286
  batch 250/264  loss=0.3008
  batch 260/264  loss=0.3292
Epoch 297/300  train=3.389e-01  rmse=1.6921  lr=1.3e-05  229s
  batch 10/264  loss=0.3675
  batch 20/264  loss=0.4748
  batch 30/264  loss=0.2949
  batch 40/264  loss=0.3455
  batch 50/264  loss=0.4208
  batch 60/264  loss=0.3205
  batch 70/264  loss=0.3620
  batch 80/264  loss=0.2393
  batch 90/264  loss=0.3260
  batch 100/264  loss=0.3594
  batch 110/264  loss=0.3301
  batch 120/264  loss=0.4943
  batch 130/264  loss=0.2948
  batch 140/264  loss=0.2827
  batch 150/264  loss=0.3960
  batch 160/264  loss=0.4016
  batch 170/264  loss=0.3920
  batch 180/264  loss=0.3348
  batch 190/264  loss=0.5209
  batch 200/264  loss=0.3163
  batch 210/264  loss=0.2880
  batch 220/264  loss=0.3442
  batch 230/264  loss=0.2386
  batch 240/264  loss=0.2920
  batch 250/264  loss=0.4488
  batch 260/264  loss=0.3329
Epoch 298/300  train=3.482e-01  rmse=3.2449  lr=1.3e-05  231s
  batch 10/264  loss=0.3345
  batch 20/264  loss=0.2993
  batch 30/264  loss=0.3079
  batch 40/264  loss=0.2900
  batch 50/264  loss=0.3108
  batch 60/264  loss=0.4122
  batch 70/264  loss=0.3158
  batch 80/264  loss=0.3200
  batch 90/264  loss=0.2870
  batch 100/264  loss=0.3338
  batch 110/264  loss=0.2844
  batch 120/264  loss=0.4234
  batch 130/264  loss=0.3067
  batch 140/264  loss=0.5009
  batch 150/264  loss=0.3723
  batch 160/264  loss=0.3237
  batch 170/264  loss=0.3939
  batch 180/264  loss=0.2833
  batch 190/264  loss=0.3440
  batch 200/264  loss=0.2908
  batch 210/264  loss=0.2523
  batch 220/264  loss=0.2967
  batch 230/264  loss=0.3278
  batch 240/264  loss=0.2826
  batch 250/264  loss=0.4130
  batch 260/264  loss=0.3509
Epoch 299/300  train=3.404e-01  rmse=1.5948  lr=1.3e-05  230s
  batch 10/264  loss=0.2964
  batch 20/264  loss=0.3474
  batch 30/264  loss=0.3182
  batch 40/264  loss=0.3521
  batch 50/264  loss=0.2715
  batch 60/264  loss=0.3594
  batch 70/264  loss=0.2858
  batch 80/264  loss=0.4401
  batch 90/264  loss=0.3401
  batch 100/264  loss=0.3368
  batch 110/264  loss=0.2902
  batch 120/264  loss=0.3342
  batch 130/264  loss=0.2966
  batch 140/264  loss=0.4249
  batch 150/264  loss=0.2469
  batch 160/264  loss=0.3358
  batch 170/264  loss=0.2936
  batch 180/264  loss=0.3003
  batch 190/264  loss=0.2861
  batch 200/264  loss=0.3341
  batch 210/264  loss=0.3315
  batch 220/264  loss=0.3130
  batch 230/264  loss=0.3210
  batch 240/264  loss=0.2982
  batch 250/264  loss=0.3303
  batch 260/264  loss=0.4055
Epoch 300/300  train=3.414e-01  rmse=2.4830  lr=1.3e-05  230s

Test evaluation (best checkpoint)...
Test (RMSE / MAE in μg/m³):
  total: 0.460548
  main: 0.034409
  nonneg: 0.000000
  smooth: 0.000000
  anom: 0.019390
  grad: 0.000566
  pattern: 0.109574
  spectral: 0.296609
  var: 0.000000
  rmse: 0.826632
  rmse_low: 1.088520
  rmse_high: 0.336485
  mae: 0.411986

  z  Height(m)        R²
--------------------------
  0       15.0    0.8273  <- ~0-100m
  1       25.0    0.8098  <- ~0-100m
  2       35.0    0.8294  <- ~0-100m
  3       45.0    0.8616  <- ~0-100m
  4       55.0    0.8886  <- ~0-100m
  5       75.0    0.9344  <- ~0-100m
  6       95.0    0.9549  <- ~0-100m
  7      115.0    0.9647  <- ~0-100m
  8      135.0    0.9705
  9      155.0    0.9752
 10      175.0    0.9791
 11      195.0    0.9838
