Device: cuda
Building datasets...
Temporal split:  train=264  val=0  test=72
Fitting normalisation on 264 samples...
  50/264
  100/264
  150/264
  200/264
  250/264
Done.
  emission  mean=5.6840  std=1.1291
  pm25      per-level  mean[0]=2.3826e+00  mean[-1]=1.1283e+00
Model: UNet3D  base_ch=16  params: 1,598,466
No val set — using train loss for scheduler and checkpoint selection.

Training for 300 epochs...
  batch 10/264  loss=2.7159
  batch 20/264  loss=4.1032
  batch 30/264  loss=1.9961
  batch 40/264  loss=2.9839
  batch 50/264  loss=2.3223
  batch 60/264  loss=2.1823
  batch 70/264  loss=1.2761
  batch 80/264  loss=1.2660
  batch 90/264  loss=3.5776
  batch 100/264  loss=4.6675
  batch 110/264  loss=1.2912
  batch 120/264  loss=1.1011
  batch 130/264  loss=1.1673
  batch 140/264  loss=1.2346
  batch 150/264  loss=2.1560
  batch 160/264  loss=1.8705
  batch 170/264  loss=0.9564
  batch 180/264  loss=2.6918
  batch 190/264  loss=2.4662
  batch 200/264  loss=1.1445
  batch 210/264  loss=1.8125
  batch 220/264  loss=1.4267
  batch 230/264  loss=1.6410
  batch 240/264  loss=1.5637
  batch 250/264  loss=1.8401
  batch 260/264  loss=1.2326
Epoch   1/300  train=2.061e+00  rmse=4.4570  lr=1.0e-04  250s
  -> best  monitor=2.061e+00
  batch 10/264  loss=1.2978
  batch 20/264  loss=2.0141
  batch 30/264  loss=2.0140
  batch 40/264  loss=4.2862
  batch 50/264  loss=1.0469
  batch 60/264  loss=1.0166
  batch 70/264  loss=1.1173
  batch 80/264  loss=1.4024
  batch 90/264  loss=1.6656
  batch 100/264  loss=0.8917
  batch 110/264  loss=1.0826
  batch 120/264  loss=0.9077
  batch 130/264  loss=1.2091
  batch 140/264  loss=1.2141
  batch 150/264  loss=2.6839
  batch 160/264  loss=0.9415
  batch 170/264  loss=3.6956
  batch 180/264  loss=1.4908
  batch 190/264  loss=1.2919
  batch 200/264  loss=1.4963
  batch 210/264  loss=1.8965
  batch 220/264  loss=1.4054
  batch 230/264  loss=0.9998
  batch 240/264  loss=1.6895
  batch 250/264  loss=0.8893
  batch 260/264  loss=0.9367
Epoch   2/300  train=1.491e+00  rmse=3.7339  lr=1.0e-04  227s
  -> best  monitor=1.491e+00
  batch 10/264  loss=1.4463
  batch 20/264  loss=0.9999
  batch 30/264  loss=2.0937
  batch 40/264  loss=0.9532
  batch 50/264  loss=1.0316
  batch 60/264  loss=0.8611
  batch 70/264  loss=1.0140
  batch 80/264  loss=1.7647
  batch 90/264  loss=1.4741
  batch 100/264  loss=0.9560
  batch 110/264  loss=0.8429
  batch 120/264  loss=1.6580
  batch 130/264  loss=1.0097
  batch 140/264  loss=1.4381
  batch 150/264  loss=0.8251
  batch 160/264  loss=1.1660
  batch 170/264  loss=1.2181
  batch 180/264  loss=1.7292
  batch 190/264  loss=1.2700
  batch 200/264  loss=0.7981
  batch 210/264  loss=2.6799
  batch 220/264  loss=1.1092
  batch 230/264  loss=0.9375
  batch 240/264  loss=0.7948
  batch 250/264  loss=1.0295
  batch 260/264  loss=1.2508
Epoch   3/300  train=1.193e+00  rmse=3.1960  lr=1.0e-04  226s
  -> best  monitor=1.193e+00
  batch 10/264  loss=0.9011
  batch 20/264  loss=1.1746
  batch 30/264  loss=0.9138
  batch 40/264  loss=0.9869
  batch 50/264  loss=0.8912
  batch 60/264  loss=0.9788
  batch 70/264  loss=0.7868
  batch 80/264  loss=0.7638
  batch 90/264  loss=0.8081
  batch 100/264  loss=0.8804
  batch 110/264  loss=0.7692
  batch 120/264  loss=1.4169
  batch 130/264  loss=0.9257
  batch 140/264  loss=0.7836
  batch 150/264  loss=0.7453
  batch 160/264  loss=1.5657
  batch 170/264  loss=0.6218
  batch 180/264  loss=1.0317
  batch 190/264  loss=0.8937
  batch 200/264  loss=1.2844
  batch 210/264  loss=0.8703
  batch 220/264  loss=2.0659
  batch 230/264  loss=0.6646
  batch 240/264  loss=1.5324
  batch 250/264  loss=1.2086
  batch 260/264  loss=0.8372
Epoch   4/300  train=1.053e+00  rmse=2.9578  lr=1.0e-04  222s
  -> best  monitor=1.053e+00
  batch 10/264  loss=0.7392
  batch 20/264  loss=0.9028
  batch 30/264  loss=0.9000
  batch 40/264  loss=2.0386
  batch 50/264  loss=0.9541
  batch 60/264  loss=2.3946
  batch 70/264  loss=0.6507
  batch 80/264  loss=0.5833
  batch 90/264  loss=0.7723
  batch 100/264  loss=0.8781
  batch 110/264  loss=0.7466
  batch 120/264  loss=0.8987
  batch 130/264  loss=0.9432
  batch 140/264  loss=1.2980
  batch 150/264  loss=0.7479
  batch 160/264  loss=0.5812
  batch 170/264  loss=0.9564
  batch 180/264  loss=0.6930
  batch 190/264  loss=0.6866
  batch 200/264  loss=0.9149
  batch 210/264  loss=0.6353
  batch 220/264  loss=0.7742
  batch 230/264  loss=0.6434
  batch 240/264  loss=0.7270
  batch 250/264  loss=0.6084
  batch 260/264  loss=0.7063
Epoch   5/300  train=9.729e-01  rmse=2.8529  lr=1.0e-04  225s
  -> best  monitor=9.729e-01
  batch 10/264  loss=0.7968
  batch 20/264  loss=0.6459
  batch 30/264  loss=0.8126
  batch 40/264  loss=0.6569
  batch 50/264  loss=1.0966
  batch 60/264  loss=0.6665
  batch 70/264  loss=1.0586
  batch 80/264  loss=1.2050
  batch 90/264  loss=1.1548
  batch 100/264  loss=2.2056
  batch 110/264  loss=0.8278
  batch 120/264  loss=1.3765
  batch 130/264  loss=0.5950
  batch 140/264  loss=0.9038
  batch 150/264  loss=0.8740
  batch 160/264  loss=1.5140
  batch 170/264  loss=0.6249
  batch 180/264  loss=1.0406
  batch 190/264  loss=1.8943
  batch 200/264  loss=0.7950
  batch 210/264  loss=0.7919
  batch 220/264  loss=0.6119
  batch 230/264  loss=0.5760
  batch 240/264  loss=1.0318
  batch 250/264  loss=0.7307
  batch 260/264  loss=1.1367
Epoch   6/300  train=9.248e-01  rmse=2.8393  lr=1.0e-04  226s
  -> best  monitor=9.248e-01
  batch 10/264  loss=1.0154
  batch 20/264  loss=0.5376
  batch 30/264  loss=0.7624
  batch 40/264  loss=0.8994
  batch 50/264  loss=0.9621
  batch 60/264  loss=0.7609
  batch 70/264  loss=0.9121
  batch 80/264  loss=1.1116
  batch 90/264  loss=0.9463
  batch 100/264  loss=0.7578
  batch 110/264  loss=1.0375
  batch 120/264  loss=0.8474
  batch 130/264  loss=0.7686
  batch 140/264  loss=0.7244
  batch 150/264  loss=0.5960
  batch 160/264  loss=0.5597
  batch 170/264  loss=0.8207
  batch 180/264  loss=0.6514
  batch 190/264  loss=1.6123
  batch 200/264  loss=0.7145
  batch 210/264  loss=1.4429
  batch 220/264  loss=1.2373
  batch 230/264  loss=0.6693
  batch 240/264  loss=0.8246
  batch 250/264  loss=0.8142
  batch 260/264  loss=0.7240
Epoch   7/300  train=8.719e-01  rmse=2.8101  lr=1.0e-04  226s
  -> best  monitor=8.719e-01
  batch 10/264  loss=0.8800
  batch 20/264  loss=0.6768
  batch 30/264  loss=0.6329
  batch 40/264  loss=0.8010
  batch 50/264  loss=0.7041
  batch 60/264  loss=0.8172
  batch 70/264  loss=0.8254
  batch 80/264  loss=0.7996
  batch 90/264  loss=0.8294
  batch 100/264  loss=0.7150
  batch 110/264  loss=0.6303
  batch 120/264  loss=0.6935
  batch 130/264  loss=0.6572
  batch 140/264  loss=0.5207
  batch 150/264  loss=0.8298
  batch 160/264  loss=0.8227
  batch 170/264  loss=0.7750
  batch 180/264  loss=0.6318
  batch 190/264  loss=0.5602
  batch 200/264  loss=1.8063
  batch 210/264  loss=0.8590
  batch 220/264  loss=0.5563
  batch 230/264  loss=0.7979
  batch 240/264  loss=0.6758
  batch 250/264  loss=0.7773
  batch 260/264  loss=1.6675
Epoch   8/300  train=8.532e-01  rmse=2.7642  lr=1.0e-04  227s
  -> best  monitor=8.532e-01
  batch 10/264  loss=0.6447
  batch 20/264  loss=0.7466
  batch 30/264  loss=0.5589
  batch 40/264  loss=0.4775
  batch 50/264  loss=0.5878
  batch 60/264  loss=0.5934
  batch 70/264  loss=0.6798
  batch 80/264  loss=0.4745
  batch 90/264  loss=0.5211
  batch 100/264  loss=0.6750
  batch 110/264  loss=0.6166
  batch 120/264  loss=0.6049
  batch 130/264  loss=0.7635
  batch 140/264  loss=0.6483
  batch 150/264  loss=0.5750
  batch 160/264  loss=0.7110
  batch 170/264  loss=1.3679
  batch 180/264  loss=0.6357
  batch 190/264  loss=0.5441
  batch 200/264  loss=0.8183
  batch 210/264  loss=0.6143
  batch 220/264  loss=0.5476
  batch 230/264  loss=0.6834
  batch 240/264  loss=0.7658
  batch 250/264  loss=1.2471
  batch 260/264  loss=0.6994
Epoch   9/300  train=8.337e-01  rmse=2.8094  lr=1.0e-04  227s
  -> best  monitor=8.337e-01
  batch 10/264  loss=0.6427
  batch 20/264  loss=0.7804
  batch 30/264  loss=0.6954
  batch 40/264  loss=0.7429
  batch 50/264  loss=0.7927
  batch 60/264  loss=0.7388
  batch 70/264  loss=0.7124
  batch 80/264  loss=0.6712
  batch 90/264  loss=0.6180
  batch 100/264  loss=0.6027
  batch 110/264  loss=0.5992
  batch 120/264  loss=0.6499
  batch 130/264  loss=0.8317
  batch 140/264  loss=0.6277
  batch 150/264  loss=0.7858
  batch 160/264  loss=0.7656
  batch 170/264  loss=0.7731
  batch 180/264  loss=0.9213
  batch 190/264  loss=0.7846
  batch 200/264  loss=0.5535
  batch 210/264  loss=1.2053
  batch 220/264  loss=0.6453
  batch 230/264  loss=0.7942
  batch 240/264  loss=1.1194
  batch 250/264  loss=0.7510
  batch 260/264  loss=0.5811
Epoch  10/300  train=8.023e-01  rmse=2.7224  lr=1.0e-04  228s
  -> best  monitor=8.023e-01
  batch 10/264  loss=0.8355
  batch 20/264  loss=0.7721
  batch 30/264  loss=0.5438
  batch 40/264  loss=0.4888
  batch 50/264  loss=0.8607
  batch 60/264  loss=0.6341
  batch 70/264  loss=0.7179
  batch 80/264  loss=0.5752
  batch 90/264  loss=0.9515
  batch 100/264  loss=1.0208
  batch 110/264  loss=0.6781
  batch 120/264  loss=0.5942
  batch 130/264  loss=1.9432
  batch 140/264  loss=0.7185
  batch 150/264  loss=0.8158
  batch 160/264  loss=0.5808
  batch 170/264  loss=0.7971
  batch 180/264  loss=0.6341
  batch 190/264  loss=0.5773
  batch 200/264  loss=0.5704
  batch 210/264  loss=0.7963
  batch 220/264  loss=0.4596
  batch 230/264  loss=0.6155
  batch 240/264  loss=0.5096
  batch 250/264  loss=0.7706
  batch 260/264  loss=0.6385
Epoch  11/300  train=7.749e-01  rmse=2.6933  lr=1.0e-04  227s
  -> best  monitor=7.749e-01
  batch 10/264  loss=0.8831
  batch 20/264  loss=0.8805
  batch 30/264  loss=0.5909
  batch 40/264  loss=1.0070
  batch 50/264  loss=0.5699
  batch 60/264  loss=0.5690
  batch 70/264  loss=0.5179
  batch 80/264  loss=0.9114
  batch 90/264  loss=0.7703
  batch 100/264  loss=0.5754
  batch 110/264  loss=0.7389
  batch 120/264  loss=0.6142
  batch 130/264  loss=0.8866
  batch 140/264  loss=0.5241
  batch 150/264  loss=0.5205
  batch 160/264  loss=0.6099
  batch 170/264  loss=0.5901
  batch 180/264  loss=0.5209
  batch 190/264  loss=0.5606
  batch 200/264  loss=0.9029
  batch 210/264  loss=0.6798
  batch 220/264  loss=0.8508
  batch 230/264  loss=0.9647
  batch 240/264  loss=1.0639
  batch 250/264  loss=1.1839
  batch 260/264  loss=0.8392
Epoch  12/300  train=7.655e-01  rmse=2.6571  lr=1.0e-04  227s
  -> best  monitor=7.655e-01
  batch 10/264  loss=1.2664
  batch 20/264  loss=1.4162
  batch 30/264  loss=0.5338
  batch 40/264  loss=2.0834
  batch 50/264  loss=0.7594
  batch 60/264  loss=1.2207
  batch 70/264  loss=0.6135
  batch 80/264  loss=0.6761
  batch 90/264  loss=0.8008
  batch 100/264  loss=0.9171
  batch 110/264  loss=0.6706
  batch 120/264  loss=0.6726
  batch 130/264  loss=0.7176
  batch 140/264  loss=0.6804
  batch 150/264  loss=0.5360
  batch 160/264  loss=0.5822
  batch 170/264  loss=0.5729
  batch 180/264  loss=0.6056
  batch 190/264  loss=0.7554
  batch 200/264  loss=0.6094
  batch 210/264  loss=1.1809
  batch 220/264  loss=0.4518
  batch 230/264  loss=0.5429
  batch 240/264  loss=0.5061
  batch 250/264  loss=0.6026
  batch 260/264  loss=0.5948
Epoch  13/300  train=7.344e-01  rmse=2.6111  lr=1.0e-04  227s
  -> best  monitor=7.344e-01
  batch 10/264  loss=0.6738
  batch 20/264  loss=1.6849
  batch 30/264  loss=0.7228
  batch 40/264  loss=1.2501
  batch 50/264  loss=1.1442
  batch 60/264  loss=0.5633
  batch 70/264  loss=0.7665
  batch 80/264  loss=0.9637
  batch 90/264  loss=0.5497
  batch 100/264  loss=0.9996
  batch 110/264  loss=0.7367
  batch 120/264  loss=0.5999
  batch 130/264  loss=0.4858
  batch 140/264  loss=0.9072
  batch 150/264  loss=0.8529
  batch 160/264  loss=1.0475
  batch 170/264  loss=0.6573
  batch 180/264  loss=0.7170
  batch 190/264  loss=0.5755
  batch 200/264  loss=0.6111
  batch 210/264  loss=0.7153
  batch 220/264  loss=1.5435
  batch 230/264  loss=0.6705
  batch 240/264  loss=0.5046
  batch 250/264  loss=0.5157
  batch 260/264  loss=0.5152
Epoch  14/300  train=7.291e-01  rmse=2.5935  lr=1.0e-04  229s
  -> best  monitor=7.291e-01
  batch 10/264  loss=0.4954
  batch 20/264  loss=0.8998
  batch 30/264  loss=0.8623
  batch 40/264  loss=0.8667
  batch 50/264  loss=0.8595
  batch 60/264  loss=0.5476
  batch 70/264  loss=0.6143
  batch 80/264  loss=0.6879
  batch 90/264  loss=0.5444
  batch 100/264  loss=0.8978
  batch 110/264  loss=0.6099
  batch 120/264  loss=0.5392
  batch 130/264  loss=0.4927
  batch 140/264  loss=0.7320
  batch 150/264  loss=0.5079
  batch 160/264  loss=0.4761
  batch 170/264  loss=0.6907
  batch 180/264  loss=0.7376
  batch 190/264  loss=0.7851
  batch 200/264  loss=1.7491
  batch 210/264  loss=0.6755
  batch 220/264  loss=0.5455
  batch 230/264  loss=0.8352
  batch 240/264  loss=0.5526
  batch 250/264  loss=0.5218
  batch 260/264  loss=1.0441
Epoch  15/300  train=7.142e-01  rmse=2.5510  lr=1.0e-04  228s
  -> best  monitor=7.142e-01
  batch 10/264  loss=0.5300
  batch 20/264  loss=0.4233
  batch 30/264  loss=0.9898
  batch 40/264  loss=0.5823
  batch 50/264  loss=0.8836
  batch 60/264  loss=0.6144
  batch 70/264  loss=0.5049
  batch 80/264  loss=0.7279
  batch 90/264  loss=0.6678
  batch 100/264  loss=0.4701
  batch 110/264  loss=0.6151
  batch 120/264  loss=0.4772
  batch 130/264  loss=0.5595
  batch 140/264  loss=0.4182
  batch 150/264  loss=0.9010
  batch 160/264  loss=0.5333
  batch 170/264  loss=0.5204
  batch 180/264  loss=0.8199
  batch 190/264  loss=0.6477
  batch 200/264  loss=1.4856
  batch 210/264  loss=0.4640
  batch 220/264  loss=0.8444
  batch 230/264  loss=0.8832
  batch 240/264  loss=0.4876
  batch 250/264  loss=0.5873
  batch 260/264  loss=0.6122
Epoch  16/300  train=6.911e-01  rmse=2.4462  lr=1.0e-04  228s
  -> best  monitor=6.911e-01
  batch 10/264  loss=0.7628
  batch 20/264  loss=0.7656
  batch 30/264  loss=0.6115
  batch 40/264  loss=0.8755
  batch 50/264  loss=0.6055
  batch 60/264  loss=0.5384
  batch 70/264  loss=0.5588
  batch 80/264  loss=0.6479
  batch 90/264  loss=0.8506
  batch 100/264  loss=0.6185
  batch 110/264  loss=0.4931
  batch 120/264  loss=0.5328
  batch 130/264  loss=0.4442
  batch 140/264  loss=0.4760
  batch 150/264  loss=0.6110
  batch 160/264  loss=0.4374
  batch 170/264  loss=0.4925
  batch 180/264  loss=0.8548
  batch 190/264  loss=0.4889
  batch 200/264  loss=0.5747
  batch 210/264  loss=0.5502
  batch 220/264  loss=1.2488
  batch 230/264  loss=1.0114
  batch 240/264  loss=0.6478
  batch 250/264  loss=0.6065
  batch 260/264  loss=1.4717
Epoch  17/300  train=6.878e-01  rmse=2.4528  lr=1.0e-04  227s
  -> best  monitor=6.878e-01
  batch 10/264  loss=0.9092
  batch 20/264  loss=0.7853
  batch 30/264  loss=0.8905
  batch 40/264  loss=0.7727
  batch 50/264  loss=0.6417
  batch 60/264  loss=0.5889
  batch 70/264  loss=0.9105
  batch 80/264  loss=0.4835
  batch 90/264  loss=0.7063
  batch 100/264  loss=0.6999
  batch 110/264  loss=0.5964
  batch 120/264  loss=0.5764
  batch 130/264  loss=0.7264
  batch 140/264  loss=0.7735
  batch 150/264  loss=0.6460
  batch 160/264  loss=0.4895
  batch 170/264  loss=0.8119
  batch 180/264  loss=0.9416
  batch 190/264  loss=1.2240
  batch 200/264  loss=0.6169
  batch 210/264  loss=0.5379
  batch 220/264  loss=0.5726
  batch 230/264  loss=0.7050
  batch 240/264  loss=0.7654
  batch 250/264  loss=0.6359
  batch 260/264  loss=0.5567
Epoch  18/300  train=6.810e-01  rmse=2.5237  lr=1.0e-04  228s
  -> best  monitor=6.810e-01
  batch 10/264  loss=1.1510
  batch 20/264  loss=0.4862
  batch 30/264  loss=0.8019
  batch 40/264  loss=0.5033
  batch 50/264  loss=0.4296
  batch 60/264  loss=1.6335
  batch 70/264  loss=0.5337
  batch 80/264  loss=0.4756
  batch 90/264  loss=0.4796
  batch 100/264  loss=0.5368
  batch 110/264  loss=0.4938
  batch 120/264  loss=0.5540
  batch 130/264  loss=0.6026
  batch 140/264  loss=0.5491
  batch 150/264  loss=0.7410
  batch 160/264  loss=0.4750
  batch 170/264  loss=0.7128
  batch 180/264  loss=0.7645
  batch 190/264  loss=1.1106
  batch 200/264  loss=1.2874
  batch 210/264  loss=0.5444
  batch 220/264  loss=0.6687
  batch 230/264  loss=0.4404
  batch 240/264  loss=0.6789
  batch 250/264  loss=0.8043
  batch 260/264  loss=0.4692
Epoch  19/300  train=6.656e-01  rmse=2.4299  lr=1.0e-04  227s
  -> best  monitor=6.656e-01
  batch 10/264  loss=0.6606
  batch 20/264  loss=0.5274
  batch 30/264  loss=0.5638
  batch 40/264  loss=0.4261
  batch 50/264  loss=0.5523
  batch 60/264  loss=0.5712
  batch 70/264  loss=0.5025
  batch 80/264  loss=1.1361
  batch 90/264  loss=0.5629
  batch 100/264  loss=0.7628
  batch 110/264  loss=0.8735
  batch 120/264  loss=1.8612
  batch 130/264  loss=1.0835
  batch 140/264  loss=0.7874
  batch 150/264  loss=1.0639
  batch 160/264  loss=0.4443
  batch 170/264  loss=0.7885
  batch 180/264  loss=0.4455
  batch 190/264  loss=0.5037
  batch 200/264  loss=0.6582
  batch 210/264  loss=0.5243
  batch 220/264  loss=0.5446
  batch 230/264  loss=0.4580
  batch 240/264  loss=0.7475
  batch 250/264  loss=0.4981
  batch 260/264  loss=0.8773
Epoch  20/300  train=6.743e-01  rmse=2.4461  lr=1.0e-04  227s
  batch 10/264  loss=0.5965
  batch 20/264  loss=0.5288
  batch 30/264  loss=0.5430
  batch 40/264  loss=1.3519
  batch 50/264  loss=0.4711
  batch 60/264  loss=0.3966
  batch 70/264  loss=0.5291
  batch 80/264  loss=0.5176
  batch 90/264  loss=0.4687
  batch 100/264  loss=0.6462
  batch 110/264  loss=0.7909
  batch 120/264  loss=0.5672
  batch 130/264  loss=2.0690
  batch 140/264  loss=0.6969
  batch 150/264  loss=0.5034
  batch 160/264  loss=0.4722
  batch 170/264  loss=0.7052
  batch 180/264  loss=0.6834
  batch 190/264  loss=0.8902
  batch 200/264  loss=0.5509
  batch 210/264  loss=0.4818
  batch 220/264  loss=0.7953
  batch 230/264  loss=0.6008
  batch 240/264  loss=0.5464
  batch 250/264  loss=0.5450
  batch 260/264  loss=0.4534
Epoch  21/300  train=6.568e-01  rmse=2.4512  lr=1.0e-04  227s
  -> best  monitor=6.568e-01
  batch 10/264  loss=0.6563
  batch 20/264  loss=0.4140
  batch 30/264  loss=0.5029
  batch 40/264  loss=0.9178
  batch 50/264  loss=0.5185
  batch 60/264  loss=0.5324
  batch 70/264  loss=0.5492
  batch 80/264  loss=0.7745
  batch 90/264  loss=0.5603
  batch 100/264  loss=0.5146
  batch 110/264  loss=0.5625
  batch 120/264  loss=0.8944
  batch 130/264  loss=0.8653
  batch 140/264  loss=0.6188
  batch 150/264  loss=0.5649
  batch 160/264  loss=0.6280
  batch 170/264  loss=0.4401
  batch 180/264  loss=0.5161
  batch 190/264  loss=0.5908
  batch 200/264  loss=0.6879
  batch 210/264  loss=0.6750
  batch 220/264  loss=0.5182
  batch 230/264  loss=0.4204
  batch 240/264  loss=0.5142
  batch 250/264  loss=0.7144
  batch 260/264  loss=0.5326
Epoch  22/300  train=6.491e-01  rmse=2.4336  lr=1.0e-04  227s
  -> best  monitor=6.491e-01
  batch 10/264  loss=1.0050
  batch 20/264  loss=0.4744
  batch 30/264  loss=0.5819
  batch 40/264  loss=0.5642
  batch 50/264  loss=0.6032
  batch 60/264  loss=0.5093
  batch 70/264  loss=0.6099
  batch 80/264  loss=0.5016
  batch 90/264  loss=0.5015
  batch 100/264  loss=0.6456
  batch 110/264  loss=0.8124
  batch 120/264  loss=0.4295
  batch 130/264  loss=0.5150
  batch 140/264  loss=0.6122
  batch 150/264  loss=0.4926
  batch 160/264  loss=0.4933
  batch 170/264  loss=0.7226
  batch 180/264  loss=0.5541
  batch 190/264  loss=0.4910
  batch 200/264  loss=0.4560
  batch 210/264  loss=0.5292
  batch 220/264  loss=1.6232
  batch 230/264  loss=0.4996
  batch 240/264  loss=0.6019
  batch 250/264  loss=0.8528
  batch 260/264  loss=0.6682
Epoch  23/300  train=6.301e-01  rmse=2.3342  lr=1.0e-04  227s
  -> best  monitor=6.301e-01
  batch 10/264  loss=0.5428
  batch 20/264  loss=0.6235
  batch 30/264  loss=0.6169
  batch 40/264  loss=0.5017
  batch 50/264  loss=0.6440
  batch 60/264  loss=0.4528
  batch 70/264  loss=1.1575
  batch 80/264  loss=0.6408
  batch 90/264  loss=0.4853
  batch 100/264  loss=0.7257
  batch 110/264  loss=1.6013
  batch 120/264  loss=0.4391
  batch 130/264  loss=0.4969
  batch 140/264  loss=0.7854
  batch 150/264  loss=1.1510
  batch 160/264  loss=0.5892
  batch 170/264  loss=0.5023
  batch 180/264  loss=0.4802
  batch 190/264  loss=1.0731
  batch 200/264  loss=0.4383
  batch 210/264  loss=0.6133
  batch 220/264  loss=0.6757
  batch 230/264  loss=0.6569
  batch 240/264  loss=0.4015
  batch 250/264  loss=0.6655
  batch 260/264  loss=0.4694
Epoch  24/300  train=6.250e-01  rmse=2.2894  lr=1.0e-04  226s
  -> best  monitor=6.250e-01
  batch 10/264  loss=0.5311
  batch 20/264  loss=0.5827
  batch 30/264  loss=0.5899
  batch 40/264  loss=0.5488
  batch 50/264  loss=0.6069
  batch 60/264  loss=0.4871
  batch 70/264  loss=0.5521
  batch 80/264  loss=0.7654
  batch 90/264  loss=0.4362
  batch 100/264  loss=0.6436
  batch 110/264  loss=0.4560
  batch 120/264  loss=0.5867
  batch 130/264  loss=0.9383
  batch 140/264  loss=0.4212
  batch 150/264  loss=0.5975
  batch 160/264  loss=0.8638
  batch 170/264  loss=1.6532
  batch 180/264  loss=0.4181
  batch 190/264  loss=1.1403
  batch 200/264  loss=0.6013
  batch 210/264  loss=0.6005
  batch 220/264  loss=0.6015
  batch 230/264  loss=0.4881
  batch 240/264  loss=0.6547
  batch 250/264  loss=0.4493
  batch 260/264  loss=0.5508
Epoch  25/300  train=6.278e-01  rmse=2.3816  lr=1.0e-04  226s
  batch 10/264  loss=0.6392
  batch 20/264  loss=0.5855
  batch 30/264  loss=0.8786
  batch 40/264  loss=0.4231
  batch 50/264  loss=0.4855
  batch 60/264  loss=0.6071
  batch 70/264  loss=0.6380
  batch 80/264  loss=0.4816
  batch 90/264  loss=0.6322
  batch 100/264  loss=0.5303
  batch 110/264  loss=0.4422
  batch 120/264  loss=0.7100
  batch 130/264  loss=0.5736
  batch 140/264  loss=0.7663
  batch 150/264  loss=2.0374
  batch 160/264  loss=0.4847
  batch 170/264  loss=0.6570
  batch 180/264  loss=0.5444
  batch 190/264  loss=0.4074
  batch 200/264  loss=0.5659
  batch 210/264  loss=0.4621
  batch 220/264  loss=0.5811
  batch 230/264  loss=0.4809
  batch 240/264  loss=0.5738
  batch 250/264  loss=0.5547
  batch 260/264  loss=0.5923
Epoch  26/300  train=6.133e-01  rmse=2.2869  lr=1.0e-04  227s
  -> best  monitor=6.133e-01
  batch 10/264  loss=0.4474
  batch 20/264  loss=1.0686
  batch 30/264  loss=0.5273
  batch 40/264  loss=0.6086
  batch 50/264  loss=0.7245
  batch 60/264  loss=0.4402
  batch 70/264  loss=0.4879
  batch 80/264  loss=0.4839
  batch 90/264  loss=0.4317
  batch 100/264  loss=0.6668
  batch 110/264  loss=0.5692
  batch 120/264  loss=0.4682
  batch 130/264  loss=1.1138
  batch 140/264  loss=0.4859
  batch 150/264  loss=0.7176
  batch 160/264  loss=0.5093
  batch 170/264  loss=0.5070
  batch 180/264  loss=0.7220
  batch 190/264  loss=0.4391
  batch 200/264  loss=1.3457
  batch 210/264  loss=0.9115
  batch 220/264  loss=0.4506
  batch 230/264  loss=0.4460
  batch 240/264  loss=0.4361
  batch 250/264  loss=0.4474
  batch 260/264  loss=0.5946
Epoch  27/300  train=6.054e-01  rmse=2.2840  lr=1.0e-04  227s
  -> best  monitor=6.054e-01
  batch 10/264  loss=0.4497
  batch 20/264  loss=0.5383
  batch 30/264  loss=0.9169
  batch 40/264  loss=0.5487
  batch 50/264  loss=0.5651
  batch 60/264  loss=0.5313
  batch 70/264  loss=1.3817
  batch 80/264  loss=0.4768
  batch 90/264  loss=0.4488
  batch 100/264  loss=0.4803
  batch 110/264  loss=0.6354
  batch 120/264  loss=0.6309
  batch 130/264  loss=0.4953
  batch 140/264  loss=0.5841
  batch 150/264  loss=0.6003
  batch 160/264  loss=0.4324
  batch 170/264  loss=0.4382
  batch 180/264  loss=0.4767
  batch 190/264  loss=0.4690
  batch 200/264  loss=1.6326
  batch 210/264  loss=0.5284
  batch 220/264  loss=0.4807
  batch 230/264  loss=0.5987
  batch 240/264  loss=0.4501
  batch 250/264  loss=0.3865
  batch 260/264  loss=0.6405
Epoch  28/300  train=6.057e-01  rmse=2.3374  lr=1.0e-04  228s
  batch 10/264  loss=0.6180
  batch 20/264  loss=0.8144
  batch 30/264  loss=0.8871
  batch 40/264  loss=0.5469
  batch 50/264  loss=0.4990
  batch 60/264  loss=0.7292
  batch 70/264  loss=0.6918
  batch 80/264  loss=0.7931
  batch 90/264  loss=0.6625
  batch 100/264  loss=0.5379
  batch 110/264  loss=0.5993
  batch 120/264  loss=0.6083
  batch 130/264  loss=0.3615
  batch 140/264  loss=0.4964
  batch 150/264  loss=0.5353
  batch 160/264  loss=1.4449
  batch 170/264  loss=0.5435
  batch 180/264  loss=0.4573
  batch 190/264  loss=0.6507
  batch 200/264  loss=0.5586
  batch 210/264  loss=0.7988
  batch 220/264  loss=0.5017
  batch 230/264  loss=0.5231
  batch 240/264  loss=0.4999
  batch 250/264  loss=0.4575
  batch 260/264  loss=0.4477
Epoch  29/300  train=5.897e-01  rmse=2.2439  lr=1.0e-04  227s
  -> best  monitor=5.897e-01
  batch 10/264  loss=0.4906
  batch 20/264  loss=1.0222
  batch 30/264  loss=1.1768
  batch 40/264  loss=0.4021
  batch 50/264  loss=0.5816
  batch 60/264  loss=0.9704
  batch 70/264  loss=0.4286
  batch 80/264  loss=0.6572
  batch 90/264  loss=0.4568
  batch 100/264  loss=0.8129
  batch 110/264  loss=0.5073
  batch 120/264  loss=0.6800
  batch 130/264  loss=0.4041
  batch 140/264  loss=1.3498
  batch 150/264  loss=0.5076
  batch 160/264  loss=0.4467
  batch 170/264  loss=1.2861
  batch 180/264  loss=0.4720
  batch 190/264  loss=0.4818
  batch 200/264  loss=0.4827
  batch 210/264  loss=0.4954
  batch 220/264  loss=0.5186
  batch 230/264  loss=0.5498
  batch 240/264  loss=0.4864
  batch 250/264  loss=0.4545
  batch 260/264  loss=0.5373
Epoch  30/300  train=5.878e-01  rmse=2.2263  lr=1.0e-04  228s
  -> best  monitor=5.878e-01
  batch 10/264  loss=0.4984
  batch 20/264  loss=0.5583
  batch 30/264  loss=0.3805
  batch 40/264  loss=0.4824
  batch 50/264  loss=0.7056
  batch 60/264  loss=0.4683
  batch 70/264  loss=0.5069
  batch 80/264  loss=0.6428
  batch 90/264  loss=0.8982
  batch 100/264  loss=0.4336
  batch 110/264  loss=0.5136
  batch 120/264  loss=0.5763
  batch 130/264  loss=0.7060
  batch 140/264  loss=0.5438
  batch 150/264  loss=0.7333
  batch 160/264  loss=0.4324
  batch 170/264  loss=0.5155
  batch 180/264  loss=0.5214
  batch 190/264  loss=0.4704
  batch 200/264  loss=0.6814
  batch 210/264  loss=0.5647
  batch 220/264  loss=0.4586
  batch 230/264  loss=0.5864
  batch 240/264  loss=0.5538
  batch 250/264  loss=0.4626
  batch 260/264  loss=0.6768
Epoch  31/300  train=5.902e-01  rmse=2.2824  lr=1.0e-04  230s
  batch 10/264  loss=0.5174
  batch 20/264  loss=0.4284
  batch 30/264  loss=0.5615
  batch 40/264  loss=0.5096
  batch 50/264  loss=0.5133
  batch 60/264  loss=0.4520
  batch 70/264  loss=0.5226
  batch 80/264  loss=0.5847
  batch 90/264  loss=0.6719
  batch 100/264  loss=0.5764
  batch 110/264  loss=1.0601
  batch 120/264  loss=0.5262
  batch 130/264  loss=0.4376
  batch 140/264  loss=0.5763
  batch 150/264  loss=0.4609
  batch 160/264  loss=0.5482
  batch 170/264  loss=0.6764
  batch 180/264  loss=0.5844
  batch 190/264  loss=0.4823
  batch 200/264  loss=0.5147
  batch 210/264  loss=0.8506
  batch 220/264  loss=0.3909
  batch 230/264  loss=0.6516
  batch 240/264  loss=0.4087
  batch 250/264  loss=0.6654
  batch 260/264  loss=0.4666
Epoch  32/300  train=5.888e-01  rmse=2.2832  lr=1.0e-04  231s
  batch 10/264  loss=0.4328
  batch 20/264  loss=0.5773
  batch 30/264  loss=0.5041
  batch 40/264  loss=0.5575
  batch 50/264  loss=1.1702
  batch 60/264  loss=0.4448
  batch 70/264  loss=0.4715
  batch 80/264  loss=0.4300
  batch 90/264  loss=0.4918
  batch 100/264  loss=0.5404
  batch 110/264  loss=0.3877
  batch 120/264  loss=0.4094
  batch 130/264  loss=0.6832
  batch 140/264  loss=0.4829
  batch 150/264  loss=0.4826
  batch 160/264  loss=0.4583
  batch 170/264  loss=0.4450
  batch 180/264  loss=0.5294
  batch 190/264  loss=0.4536
  batch 200/264  loss=0.5252
  batch 210/264  loss=1.1641
  batch 220/264  loss=1.2291
  batch 230/264  loss=0.7050
  batch 240/264  loss=0.7540
  batch 250/264  loss=0.5734
  batch 260/264  loss=0.5081
Epoch  33/300  train=5.748e-01  rmse=2.2523  lr=1.0e-04  228s
  -> best  monitor=5.748e-01
  batch 10/264  loss=0.6832
  batch 20/264  loss=0.4150
  batch 30/264  loss=0.6420
  batch 40/264  loss=0.5396
  batch 50/264  loss=0.5098
  batch 60/264  loss=0.4693
  batch 70/264  loss=0.6132
  batch 80/264  loss=0.5685
  batch 90/264  loss=0.5070
  batch 100/264  loss=1.0929
  batch 110/264  loss=0.8445
  batch 120/264  loss=0.5084
  batch 130/264  loss=0.5391
  batch 140/264  loss=0.4008
  batch 150/264  loss=0.5200
  batch 160/264  loss=0.8622
  batch 170/264  loss=0.5331
  batch 180/264  loss=0.4249
  batch 190/264  loss=0.4683
  batch 200/264  loss=0.5319
  batch 210/264  loss=0.4741
  batch 220/264  loss=0.5309
  batch 230/264  loss=0.4428
  batch 240/264  loss=0.5568
  batch 250/264  loss=0.6556
  batch 260/264  loss=0.4992
Epoch  34/300  train=5.700e-01  rmse=2.2022  lr=1.0e-04  228s
  -> best  monitor=5.700e-01
  batch 10/264  loss=1.3269
  batch 20/264  loss=0.4843
  batch 30/264  loss=0.8372
  batch 40/264  loss=0.7695
  batch 50/264  loss=0.4456
  batch 60/264  loss=0.6636
  batch 70/264  loss=0.4429
  batch 80/264  loss=0.4960
  batch 90/264  loss=0.5801
  batch 100/264  loss=0.7277
  batch 110/264  loss=0.4858
  batch 120/264  loss=0.3890
  batch 130/264  loss=0.4138
  batch 140/264  loss=0.4426
  batch 150/264  loss=0.8296
  batch 160/264  loss=0.6648
  batch 170/264  loss=0.4536
  batch 180/264  loss=0.5786
  batch 190/264  loss=0.8047
  batch 200/264  loss=0.4627
  batch 210/264  loss=0.4321
  batch 220/264  loss=0.4228
  batch 230/264  loss=0.6196
  batch 240/264  loss=0.8070
  batch 250/264  loss=0.7878
  batch 260/264  loss=0.6600
Epoch  35/300  train=5.727e-01  rmse=2.2405  lr=1.0e-04  228s
  batch 10/264  loss=0.5037
  batch 20/264  loss=0.6683
  batch 30/264  loss=0.4568
  batch 40/264  loss=0.6350
  batch 50/264  loss=0.6447
  batch 60/264  loss=0.4552
  batch 70/264  loss=0.5861
  batch 80/264  loss=0.4512
  batch 90/264  loss=0.6860
  batch 100/264  loss=0.5736
  batch 110/264  loss=0.4574
  batch 120/264  loss=0.4471
  batch 130/264  loss=0.4273
  batch 140/264  loss=0.4910
  batch 150/264  loss=0.4296
  batch 160/264  loss=0.4867
  batch 170/264  loss=0.5217
  batch 180/264  loss=0.4348
  batch 190/264  loss=0.4422
  batch 200/264  loss=0.6169
  batch 210/264  loss=0.5974
  batch 220/264  loss=0.5428
  batch 230/264  loss=0.5008
  batch 240/264  loss=0.8119
  batch 250/264  loss=0.7361
  batch 260/264  loss=0.3850
Epoch  36/300  train=5.703e-01  rmse=2.2216  lr=1.0e-04  228s
  batch 10/264  loss=0.4301
  batch 20/264  loss=0.7009
  batch 30/264  loss=0.4893
  batch 40/264  loss=0.4353
  batch 50/264  loss=0.8728
  batch 60/264  loss=0.5644
  batch 70/264  loss=0.4632
  batch 80/264  loss=0.8957
  batch 90/264  loss=0.5387
  batch 100/264  loss=0.5117
  batch 110/264  loss=0.5540
  batch 120/264  loss=0.8691
  batch 130/264  loss=0.4520
  batch 140/264  loss=0.4264
  batch 150/264  loss=0.4389
  batch 160/264  loss=0.5378
  batch 170/264  loss=0.7140
  batch 180/264  loss=0.3873
  batch 190/264  loss=0.3561
  batch 200/264  loss=0.4466
  batch 210/264  loss=0.5197
  batch 220/264  loss=0.6469
  batch 230/264  loss=0.8326
  batch 240/264  loss=0.9624
  batch 250/264  loss=0.4271
  batch 260/264  loss=0.7179
Epoch  37/300  train=5.638e-01  rmse=2.2757  lr=1.0e-04  228s
  -> best  monitor=5.638e-01
  batch 10/264  loss=0.5325
  batch 20/264  loss=0.4465
  batch 30/264  loss=0.6237
  batch 40/264  loss=0.3584
  batch 50/264  loss=0.5047
  batch 60/264  loss=0.3929
  batch 70/264  loss=0.4320
  batch 80/264  loss=0.6299
  batch 90/264  loss=0.4601
  batch 100/264  loss=0.6337
  batch 110/264  loss=0.9211
  batch 120/264  loss=0.6981
  batch 130/264  loss=0.5420
  batch 140/264  loss=0.4161
  batch 150/264  loss=0.5887
  batch 160/264  loss=0.7774
  batch 170/264  loss=0.5189
  batch 180/264  loss=0.7240
  batch 190/264  loss=0.7971
  batch 200/264  loss=0.6850
  batch 210/264  loss=0.3693
  batch 220/264  loss=0.5080
  batch 230/264  loss=0.6410
  batch 240/264  loss=1.0697
  batch 250/264  loss=0.4570
  batch 260/264  loss=0.3934
Epoch  38/300  train=5.584e-01  rmse=2.1888  lr=1.0e-04  230s
  -> best  monitor=5.584e-01
  batch 10/264  loss=0.4697
  batch 20/264  loss=0.5679
  batch 30/264  loss=0.4829
  batch 40/264  loss=0.9148
  batch 50/264  loss=0.6216
  batch 60/264  loss=0.4360
  batch 70/264  loss=0.5313
  batch 80/264  loss=0.5216
  batch 90/264  loss=0.5266
  batch 100/264  loss=0.4584
  batch 110/264  loss=0.7197
  batch 120/264  loss=0.3291
  batch 130/264  loss=0.5083
  batch 140/264  loss=0.4987
  batch 150/264  loss=0.3617
  batch 160/264  loss=0.7079
  batch 170/264  loss=1.1725
  batch 180/264  loss=0.8342
  batch 190/264  loss=0.4200
  batch 200/264  loss=0.4807
  batch 210/264  loss=0.8140
  batch 220/264  loss=0.8249
  batch 230/264  loss=0.4905
  batch 240/264  loss=0.7825
  batch 250/264  loss=0.5206
  batch 260/264  loss=0.4651
Epoch  39/300  train=5.558e-01  rmse=2.1858  lr=1.0e-04  233s
  -> best  monitor=5.558e-01
  batch 10/264  loss=0.7515
  batch 20/264  loss=0.4814
  batch 30/264  loss=0.4459
  batch 40/264  loss=0.4128
  batch 50/264  loss=0.4867
  batch 60/264  loss=0.5882
  batch 70/264  loss=0.4551
  batch 80/264  loss=0.4929
  batch 90/264  loss=0.6312
  batch 100/264  loss=0.4983
  batch 110/264  loss=0.4797
  batch 120/264  loss=0.4076
  batch 130/264  loss=0.5980
  batch 140/264  loss=0.3473
  batch 150/264  loss=0.5888
  batch 160/264  loss=0.4052
  batch 170/264  loss=0.5295
  batch 180/264  loss=0.9015
  batch 190/264  loss=0.4926
  batch 200/264  loss=0.5678
  batch 210/264  loss=0.3962
  batch 220/264  loss=0.7299
  batch 230/264  loss=0.6617
  batch 240/264  loss=0.6971
  batch 250/264  loss=0.4395
  batch 260/264  loss=1.0764
Epoch  40/300  train=5.519e-01  rmse=2.1952  lr=1.0e-04  230s
  -> best  monitor=5.519e-01
  batch 10/264  loss=0.4407
  batch 20/264  loss=0.4529
  batch 30/264  loss=0.4121
  batch 40/264  loss=0.4122
  batch 50/264  loss=0.4101
  batch 60/264  loss=0.8614
  batch 70/264  loss=0.3713
  batch 80/264  loss=0.4576
  batch 90/264  loss=1.0120
  batch 100/264  loss=0.9424
  batch 110/264  loss=0.4397
  batch 120/264  loss=0.6492
  batch 130/264  loss=0.4089
  batch 140/264  loss=0.6592
  batch 150/264  loss=0.6085
  batch 160/264  loss=0.4029
  batch 170/264  loss=0.6031
  batch 180/264  loss=0.4049
  batch 190/264  loss=0.4845
  batch 200/264  loss=0.5841
  batch 210/264  loss=0.4754
  batch 220/264  loss=0.5622
  batch 230/264  loss=0.4878
  batch 240/264  loss=0.5931
  batch 250/264  loss=0.4253
  batch 260/264  loss=0.4078
Epoch  41/300  train=5.458e-01  rmse=2.1314  lr=1.0e-04  229s
  -> best  monitor=5.458e-01
  batch 10/264  loss=0.7335
  batch 20/264  loss=0.3763
  batch 30/264  loss=0.5557
  batch 40/264  loss=0.6097
  batch 50/264  loss=0.5654
  batch 60/264  loss=0.5227
  batch 70/264  loss=0.4948
  batch 80/264  loss=1.0967
  batch 90/264  loss=0.4109
  batch 100/264  loss=0.3994
  batch 110/264  loss=0.4507
  batch 120/264  loss=0.4685
  batch 130/264  loss=0.4962
  batch 140/264  loss=0.4441
  batch 150/264  loss=0.8179
  batch 160/264  loss=0.6072
  batch 170/264  loss=0.5264
  batch 180/264  loss=0.9427
  batch 190/264  loss=0.4096
  batch 200/264  loss=0.5004
  batch 210/264  loss=0.5243
  batch 220/264  loss=1.0295
  batch 230/264  loss=0.4403
  batch 240/264  loss=0.4870
  batch 250/264  loss=0.6692
  batch 260/264  loss=0.5678
Epoch  42/300  train=5.478e-01  rmse=2.1649  lr=1.0e-04  232s
  batch 10/264  loss=0.7717
  batch 20/264  loss=0.4536
  batch 30/264  loss=1.0209
  batch 40/264  loss=0.5536
  batch 50/264  loss=0.6593
  batch 60/264  loss=0.4883
  batch 70/264  loss=0.3904
  batch 80/264  loss=0.6004
  batch 90/264  loss=0.4512
  batch 100/264  loss=0.4096
  batch 110/264  loss=0.7100
  batch 120/264  loss=0.6393
  batch 130/264  loss=0.3832
  batch 140/264  loss=0.4815
  batch 150/264  loss=0.7037
  batch 160/264  loss=0.5275
  batch 170/264  loss=0.4116
  batch 180/264  loss=0.4949
  batch 190/264  loss=0.4548
  batch 200/264  loss=0.5671
  batch 210/264  loss=0.5682
  batch 220/264  loss=0.4233
  batch 230/264  loss=0.4799
  batch 240/264  loss=0.3950
  batch 250/264  loss=0.5404
  batch 260/264  loss=0.4424
Epoch  43/300  train=5.376e-01  rmse=2.1579  lr=1.0e-04  231s
  -> best  monitor=5.376e-01
  batch 10/264  loss=0.4363
  batch 20/264  loss=0.4296
  batch 30/264  loss=0.5430
  batch 40/264  loss=0.4715
  batch 50/264  loss=0.6207
  batch 60/264  loss=0.6582
  batch 70/264  loss=0.4734
  batch 80/264  loss=0.4940
  batch 90/264  loss=0.4436
  batch 100/264  loss=0.7417
  batch 110/264  loss=0.6007
  batch 120/264  loss=0.5424
  batch 130/264  loss=0.4520
  batch 140/264  loss=0.7075
  batch 150/264  loss=0.4982
  batch 160/264  loss=0.4051
  batch 170/264  loss=0.4627
  batch 180/264  loss=0.6067
  batch 190/264  loss=0.5542
  batch 200/264  loss=0.3971
  batch 210/264  loss=0.3989
  batch 220/264  loss=0.4918
  batch 230/264  loss=0.6265
  batch 240/264  loss=0.4462
  batch 250/264  loss=0.3762
  batch 260/264  loss=0.5935
Epoch  44/300  train=5.432e-01  rmse=2.1316  lr=1.0e-04  229s
  batch 10/264  loss=0.4524
  batch 20/264  loss=0.3828
  batch 30/264  loss=0.4458
  batch 40/264  loss=0.4669
  batch 50/264  loss=0.5202
  batch 60/264  loss=0.5549
  batch 70/264  loss=0.5453
  batch 80/264  loss=0.5303
  batch 90/264  loss=0.7173
  batch 100/264  loss=0.7569
  batch 110/264  loss=0.3791
  batch 120/264  loss=0.4572
  batch 130/264  loss=0.7237
  batch 140/264  loss=0.5470
  batch 150/264  loss=0.4655
  batch 160/264  loss=0.7137
  batch 170/264  loss=0.7632
  batch 180/264  loss=0.4780
  batch 190/264  loss=0.5842
  batch 200/264  loss=0.4764
  batch 210/264  loss=0.4128
  batch 220/264  loss=0.8895
  batch 230/264  loss=0.6131
  batch 240/264  loss=0.3564
  batch 250/264  loss=0.4384
  batch 260/264  loss=0.6011
Epoch  45/300  train=5.325e-01  rmse=2.1336  lr=1.0e-04  230s
  -> best  monitor=5.325e-01
  batch 10/264  loss=0.5416
  batch 20/264  loss=0.5246
  batch 30/264  loss=0.4471
  batch 40/264  loss=0.4838
  batch 50/264  loss=0.6638
  batch 60/264  loss=0.3717
  batch 70/264  loss=0.4304
  batch 80/264  loss=0.7008
  batch 90/264  loss=0.4074
  batch 100/264  loss=0.6354
  batch 110/264  loss=0.7025
  batch 120/264  loss=0.8295
  batch 130/264  loss=0.4216
  batch 140/264  loss=0.4798
  batch 150/264  loss=0.6216
  batch 160/264  loss=0.4824
  batch 170/264  loss=0.5478
  batch 180/264  loss=0.4094
  batch 190/264  loss=0.3398
  batch 200/264  loss=0.4516
  batch 210/264  loss=0.8193
  batch 220/264  loss=0.4519
  batch 230/264  loss=0.3829
  batch 240/264  loss=0.4471
  batch 250/264  loss=0.4757
  batch 260/264  loss=0.4293
Epoch  46/300  train=5.297e-01  rmse=2.1116  lr=1.0e-04  232s
  -> best  monitor=5.297e-01
  batch 10/264  loss=0.5150
  batch 20/264  loss=0.5169
  batch 30/264  loss=0.3892
  batch 40/264  loss=0.5292
  batch 50/264  loss=0.4323
  batch 60/264  loss=0.4246
  batch 70/264  loss=0.9315
  batch 80/264  loss=0.5540
  batch 90/264  loss=0.4493
  batch 100/264  loss=0.8371
  batch 110/264  loss=0.4018
  batch 120/264  loss=0.4462
  batch 130/264  loss=0.5831
  batch 140/264  loss=0.4970
  batch 150/264  loss=0.6151
  batch 160/264  loss=0.5709
  batch 170/264  loss=1.0551
  batch 180/264  loss=0.3673
  batch 190/264  loss=0.4885
  batch 200/264  loss=0.7142
  batch 210/264  loss=0.4416
  batch 220/264  loss=0.5196
  batch 230/264  loss=0.4337
  batch 240/264  loss=0.4022
  batch 250/264  loss=0.4218
  batch 260/264  loss=0.4869
Epoch  47/300  train=5.290e-01  rmse=2.1286  lr=1.0e-04  229s
  -> best  monitor=5.290e-01
  batch 10/264  loss=0.4018
  batch 20/264  loss=0.5312
  batch 30/264  loss=0.4953
  batch 40/264  loss=0.3667
  batch 50/264  loss=0.4125
  batch 60/264  loss=0.4739
  batch 70/264  loss=0.5256
  batch 80/264  loss=0.4099
  batch 90/264  loss=0.3939
  batch 100/264  loss=0.7221
  batch 110/264  loss=0.4346
  batch 120/264  loss=0.4076
  batch 130/264  loss=0.4106
  batch 140/264  loss=0.3907
  batch 150/264  loss=0.7660
  batch 160/264  loss=0.5310
  batch 170/264  loss=0.3480
  batch 180/264  loss=0.4827
  batch 190/264  loss=0.4312
  batch 200/264  loss=0.3841
  batch 210/264  loss=0.3800
  batch 220/264  loss=0.4245
  batch 230/264  loss=0.5614
  batch 240/264  loss=0.5354
  batch 250/264  loss=0.3960
  batch 260/264  loss=0.4309
Epoch  48/300  train=5.230e-01  rmse=2.1130  lr=1.0e-04  229s
  -> best  monitor=5.230e-01
  batch 10/264  loss=0.5260
  batch 20/264  loss=0.4208
  batch 30/264  loss=0.4969
  batch 40/264  loss=0.8338
  batch 50/264  loss=0.3977
  batch 60/264  loss=0.3696
  batch 70/264  loss=0.5064
  batch 80/264  loss=0.4658
  batch 90/264  loss=0.3874
  batch 100/264  loss=0.4369
  batch 110/264  loss=0.7048
  batch 120/264  loss=0.4653
  batch 130/264  loss=0.5242
  batch 140/264  loss=0.3921
  batch 150/264  loss=0.3846
  batch 160/264  loss=0.4439
  batch 170/264  loss=1.0383
  batch 180/264  loss=0.3861
  batch 190/264  loss=0.4131
  batch 200/264  loss=0.5543
  batch 210/264  loss=0.4513
  batch 220/264  loss=0.5430
  batch 230/264  loss=0.5397
  batch 240/264  loss=0.3788
  batch 250/264  loss=0.6590
  batch 260/264  loss=0.4890
Epoch  49/300  train=5.277e-01  rmse=2.1058  lr=1.0e-04  227s
  batch 10/264  loss=0.4705
  batch 20/264  loss=0.4503
  batch 30/264  loss=0.4678
  batch 40/264  loss=0.4762
  batch 50/264  loss=0.4024
  batch 60/264  loss=0.3957
  batch 70/264  loss=0.6243
  batch 80/264  loss=0.4211
  batch 90/264  loss=0.4076
  batch 100/264  loss=0.5953
  batch 110/264  loss=0.3923
  batch 120/264  loss=0.6272
  batch 130/264  loss=0.4603
  batch 140/264  loss=0.5170
  batch 150/264  loss=0.3890
  batch 160/264  loss=0.4244
  batch 170/264  loss=0.4921
  batch 180/264  loss=0.3991
  batch 190/264  loss=0.7882
  batch 200/264  loss=0.4080
  batch 210/264  loss=0.5780
  batch 220/264  loss=0.6143
  batch 230/264  loss=0.4483
  batch 240/264  loss=0.4686
  batch 250/264  loss=0.6999
  batch 260/264  loss=0.4579
Epoch  50/300  train=5.224e-01  rmse=2.1287  lr=1.0e-04  228s
  -> best  monitor=5.224e-01
  batch 10/264  loss=0.4753
  batch 20/264  loss=0.4426
  batch 30/264  loss=0.3832
  batch 40/264  loss=0.3694
  batch 50/264  loss=0.5077
  batch 60/264  loss=0.3908
  batch 70/264  loss=0.4342
  batch 80/264  loss=0.4797
  batch 90/264  loss=0.7372
  batch 100/264  loss=0.6687
  batch 110/264  loss=0.4066
  batch 120/264  loss=0.5270
  batch 130/264  loss=0.4696
  batch 140/264  loss=0.5737
  batch 150/264  loss=0.4576
  batch 160/264  loss=0.5437
  batch 170/264  loss=0.5450
  batch 180/264  loss=0.4348
  batch 190/264  loss=0.4314
  batch 200/264  loss=0.4761
  batch 210/264  loss=0.4056
  batch 220/264  loss=0.5477
  batch 230/264  loss=0.3555
  batch 240/264  loss=0.7396
  batch 250/264  loss=0.5463
  batch 260/264  loss=0.4366
Epoch  51/300  train=5.090e-01  rmse=2.0415  lr=1.0e-04  230s
  -> best  monitor=5.090e-01
  batch 10/264  loss=0.3322
  batch 20/264  loss=0.5234
  batch 30/264  loss=0.3261
  batch 40/264  loss=0.4200
  batch 50/264  loss=0.3332
  batch 60/264  loss=0.4736
  batch 70/264  loss=0.4218
  batch 80/264  loss=0.4792
  batch 90/264  loss=0.6883
  batch 100/264  loss=0.4217
  batch 110/264  loss=0.3795
  batch 120/264  loss=0.4921
  batch 130/264  loss=0.6093
  batch 140/264  loss=0.6424
  batch 150/264  loss=0.6845
  batch 160/264  loss=0.4855
  batch 170/264  loss=0.4157
  batch 180/264  loss=0.6473
  batch 190/264  loss=0.4117
  batch 200/264  loss=0.4268
  batch 210/264  loss=0.5458
  batch 220/264  loss=0.8526
  batch 230/264  loss=0.4486
  batch 240/264  loss=0.4357
  batch 250/264  loss=0.7501
  batch 260/264  loss=0.4787
Epoch  52/300  train=5.195e-01  rmse=2.0934  lr=1.0e-04  228s
  batch 10/264  loss=0.5211
  batch 20/264  loss=1.0637
  batch 30/264  loss=0.3832
  batch 40/264  loss=0.3701
  batch 50/264  loss=0.7049
  batch 60/264  loss=0.4841
  batch 70/264  loss=0.6258
  batch 80/264  loss=0.5550
  batch 90/264  loss=0.3522
  batch 100/264  loss=0.6146
  batch 110/264  loss=0.4545
  batch 120/264  loss=0.5048
  batch 130/264  loss=0.5767
  batch 140/264  loss=0.4228
  batch 150/264  loss=0.5488
  batch 160/264  loss=0.4107
  batch 170/264  loss=0.5360
  batch 180/264  loss=0.5016
  batch 190/264  loss=0.4190
  batch 200/264  loss=0.5472
  batch 210/264  loss=0.5663
  batch 220/264  loss=0.5136
  batch 230/264  loss=0.4398
  batch 240/264  loss=0.6599
  batch 250/264  loss=0.3729
  batch 260/264  loss=0.3505
Epoch  53/300  train=5.159e-01  rmse=2.1155  lr=1.0e-04  227s
  batch 10/264  loss=0.5701
  batch 20/264  loss=0.4156
  batch 30/264  loss=0.4828
  batch 40/264  loss=0.4712
  batch 50/264  loss=0.6909
  batch 60/264  loss=0.5038
  batch 70/264  loss=0.4041
  batch 80/264  loss=0.3588
  batch 90/264  loss=0.3605
  batch 100/264  loss=0.4474
  batch 110/264  loss=0.4712
  batch 120/264  loss=0.3952
  batch 130/264  loss=0.3994
  batch 140/264  loss=0.4720
  batch 150/264  loss=0.4353
  batch 160/264  loss=0.8364
  batch 170/264  loss=0.5695
  batch 180/264  loss=0.5699
  batch 190/264  loss=0.4418
  batch 200/264  loss=0.3930
  batch 210/264  loss=0.3721
  batch 220/264  loss=0.6186
  batch 230/264  loss=0.4678
  batch 240/264  loss=0.7766
  batch 250/264  loss=0.4486
  batch 260/264  loss=0.4147
Epoch  54/300  train=5.146e-01  rmse=2.0868  lr=1.0e-04  228s
  batch 10/264  loss=0.4898
  batch 20/264  loss=0.5073
  batch 30/264  loss=0.6323
  batch 40/264  loss=0.4064
  batch 50/264  loss=0.4096
  batch 60/264  loss=0.5349
  batch 70/264  loss=0.4778
  batch 80/264  loss=0.6231
  batch 90/264  loss=0.4411
  batch 100/264  loss=0.3839
  batch 110/264  loss=0.4363
  batch 120/264  loss=0.4028
  batch 130/264  loss=0.3396
  batch 140/264  loss=0.3911
  batch 150/264  loss=0.5790
  batch 160/264  loss=0.5384
  batch 170/264  loss=0.4263
  batch 180/264  loss=0.5645
  batch 190/264  loss=0.4022
  batch 200/264  loss=0.4358
  batch 210/264  loss=0.4738
  batch 220/264  loss=0.5453
  batch 230/264  loss=0.3811
  batch 240/264  loss=0.7552
  batch 250/264  loss=0.4816
  batch 260/264  loss=0.4416
Epoch  55/300  train=5.175e-01  rmse=2.1221  lr=1.0e-04  227s
  batch 10/264  loss=0.3347
  batch 20/264  loss=0.9241
  batch 30/264  loss=0.7076
  batch 40/264  loss=0.3912
  batch 50/264  loss=0.5012
  batch 60/264  loss=0.3972
  batch 70/264  loss=0.4842
  batch 80/264  loss=0.3786
  batch 90/264  loss=0.4289
  batch 100/264  loss=0.5108
  batch 110/264  loss=0.5447
  batch 120/264  loss=0.4246
  batch 130/264  loss=0.5092
  batch 140/264  loss=0.4701
  batch 150/264  loss=0.4565
  batch 160/264  loss=0.5535
  batch 170/264  loss=0.3932
  batch 180/264  loss=0.3737
  batch 190/264  loss=0.4379
  batch 200/264  loss=0.3597
  batch 210/264  loss=0.4784
  batch 220/264  loss=0.4014
  batch 230/264  loss=0.5208
  batch 240/264  loss=0.7147
  batch 250/264  loss=0.9230
  batch 260/264  loss=0.4516
Epoch  56/300  train=5.080e-01  rmse=2.0625  lr=1.0e-04  228s
  -> best  monitor=5.080e-01
  batch 10/264  loss=0.4155
  batch 20/264  loss=0.4400
  batch 30/264  loss=0.9025
  batch 40/264  loss=0.6119
  batch 50/264  loss=0.8017
  batch 60/264  loss=0.4851
  batch 70/264  loss=0.7167
  batch 80/264  loss=0.4085
  batch 90/264  loss=0.7868
  batch 100/264  loss=0.4923
  batch 110/264  loss=0.3633
  batch 120/264  loss=0.5326
  batch 130/264  loss=0.3649
  batch 140/264  loss=0.3637
  batch 150/264  loss=0.3704
  batch 160/264  loss=0.3933
  batch 170/264  loss=0.5335
  batch 180/264  loss=0.7000
  batch 190/264  loss=0.4388
  batch 200/264  loss=0.4026
  batch 210/264  loss=0.5148
  batch 220/264  loss=1.1364
  batch 230/264  loss=0.4442
  batch 240/264  loss=0.3883
  batch 250/264  loss=0.4379
  batch 260/264  loss=0.4145
Epoch  57/300  train=5.049e-01  rmse=2.0563  lr=1.0e-04  227s
  -> best  monitor=5.049e-01
  batch 10/264  loss=0.6828
  batch 20/264  loss=0.4397
  batch 30/264  loss=0.4106
  batch 40/264  loss=0.7068
  batch 50/264  loss=0.4871
  batch 60/264  loss=0.6183
  batch 70/264  loss=0.6870
  batch 80/264  loss=0.5684
  batch 90/264  loss=0.4078
  batch 100/264  loss=0.4150
  batch 110/264  loss=0.4443
  batch 120/264  loss=0.4262
  batch 130/264  loss=0.4134
  batch 140/264  loss=0.4300
  batch 150/264  loss=0.5526
  batch 160/264  loss=0.4615
  batch 170/264  loss=0.5081
  batch 180/264  loss=0.3850
  batch 190/264  loss=0.4347
  batch 200/264  loss=0.4269
  batch 210/264  loss=0.4738
  batch 220/264  loss=0.7635
  batch 230/264  loss=0.5183
  batch 240/264  loss=0.4198
  batch 250/264  loss=0.7010
  batch 260/264  loss=0.5110
Epoch  58/300  train=5.054e-01  rmse=2.0590  lr=1.0e-04  228s
  batch 10/264  loss=0.5538
  batch 20/264  loss=0.4023
  batch 30/264  loss=0.4543
  batch 40/264  loss=0.4228
  batch 50/264  loss=0.3788
  batch 60/264  loss=0.6118
  batch 70/264  loss=0.5505
  batch 80/264  loss=0.5345
  batch 90/264  loss=0.3586
  batch 100/264  loss=0.4792
  batch 110/264  loss=0.4085
  batch 120/264  loss=0.6029
  batch 130/264  loss=0.4593
  batch 140/264  loss=0.3924
  batch 150/264  loss=0.5602
  batch 160/264  loss=0.6064
  batch 170/264  loss=0.3727
  batch 180/264  loss=0.6958
  batch 190/264  loss=0.3782
  batch 200/264  loss=0.4104
  batch 210/264  loss=0.4743
  batch 220/264  loss=0.4430
  batch 230/264  loss=0.5621
  batch 240/264  loss=0.7231
  batch 250/264  loss=0.3662
  batch 260/264  loss=0.4043
Epoch  59/300  train=5.040e-01  rmse=2.0559  lr=1.0e-04  228s
  -> best  monitor=5.040e-01
  batch 10/264  loss=0.4370
  batch 20/264  loss=0.8468
  batch 30/264  loss=0.7879
  batch 40/264  loss=0.4240
  batch 50/264  loss=0.4177
  batch 60/264  loss=0.4770
  batch 70/264  loss=0.4858
  batch 80/264  loss=0.4616
  batch 90/264  loss=0.7037
  batch 100/264  loss=0.4048
  batch 110/264  loss=0.4285
  batch 120/264  loss=0.7804
  batch 130/264  loss=0.3880
  batch 140/264  loss=0.4003
  batch 150/264  loss=0.4964
  batch 160/264  loss=0.4796
  batch 170/264  loss=0.6492
  batch 180/264  loss=0.5326
  batch 190/264  loss=0.6025
  batch 200/264  loss=0.4063
  batch 210/264  loss=0.4044
  batch 220/264  loss=0.4724
  batch 230/264  loss=0.9441
  batch 240/264  loss=0.4831
  batch 250/264  loss=0.4531
  batch 260/264  loss=0.5519
Epoch  60/300  train=5.044e-01  rmse=2.1048  lr=1.0e-04  228s
  batch 10/264  loss=0.3667
  batch 20/264  loss=0.4234
  batch 30/264  loss=0.3656
  batch 40/264  loss=0.3511
  batch 50/264  loss=0.5769
  batch 60/264  loss=0.6314
  batch 70/264  loss=0.3670
  batch 80/264  loss=0.4585
  batch 90/264  loss=0.4245
  batch 100/264  loss=0.4997
  batch 110/264  loss=0.4878
  batch 120/264  loss=0.3919
  batch 130/264  loss=0.3475
  batch 140/264  loss=0.4327
  batch 150/264  loss=0.3916
  batch 160/264  loss=0.4595
  batch 170/264  loss=0.4726
  batch 180/264  loss=0.3594
  batch 190/264  loss=0.4525
  batch 200/264  loss=0.4013
  batch 210/264  loss=0.5533
  batch 220/264  loss=0.4102
  batch 230/264  loss=0.4392
  batch 240/264  loss=0.4647
  batch 250/264  loss=0.4601
  batch 260/264  loss=0.7996
Epoch  61/300  train=5.016e-01  rmse=2.0336  lr=1.0e-04  228s
  -> best  monitor=5.016e-01
  batch 10/264  loss=0.3707
  batch 20/264  loss=0.4107
  batch 30/264  loss=0.4933
  batch 40/264  loss=0.4379
  batch 50/264  loss=0.3945
  batch 60/264  loss=0.4557
  batch 70/264  loss=0.4213
  batch 80/264  loss=0.5960
  batch 90/264  loss=0.4240
  batch 100/264  loss=0.3840
  batch 110/264  loss=0.4252
  batch 120/264  loss=0.5075
  batch 130/264  loss=0.5757
  batch 140/264  loss=0.5528
  batch 150/264  loss=0.4301
  batch 160/264  loss=1.1095
  batch 170/264  loss=0.4926
  batch 180/264  loss=0.5206
  batch 190/264  loss=0.3699
  batch 200/264  loss=0.4700
  batch 210/264  loss=0.3910
  batch 220/264  loss=0.4945
  batch 230/264  loss=0.3567
  batch 240/264  loss=0.3715
  batch 250/264  loss=0.6529
  batch 260/264  loss=0.6530
Epoch  62/300  train=4.913e-01  rmse=2.0385  lr=1.0e-04  228s
  -> best  monitor=4.913e-01
  batch 10/264  loss=0.4232
  batch 20/264  loss=0.4496
  batch 30/264  loss=0.5837
  batch 40/264  loss=0.4772
  batch 50/264  loss=0.4962
  batch 60/264  loss=0.3961
  batch 70/264  loss=0.4792
  batch 80/264  loss=0.6699
  batch 90/264  loss=0.5324
  batch 100/264  loss=0.3810
  batch 110/264  loss=0.6013
  batch 120/264  loss=0.3580
  batch 130/264  loss=0.4521
  batch 140/264  loss=0.5348
  batch 150/264  loss=0.3952
  batch 160/264  loss=0.5240
  batch 170/264  loss=0.3903
  batch 180/264  loss=0.4322
  batch 190/264  loss=0.6144
  batch 200/264  loss=0.6651
  batch 210/264  loss=0.4162
  batch 220/264  loss=0.6960
  batch 230/264  loss=0.5524
  batch 240/264  loss=0.6325
  batch 250/264  loss=0.4118
  batch 260/264  loss=0.5063
Epoch  63/300  train=4.919e-01  rmse=2.0455  lr=1.0e-04  229s
  batch 10/264  loss=0.3848
  batch 20/264  loss=0.3986
  batch 30/264  loss=0.3985
  batch 40/264  loss=0.4565
  batch 50/264  loss=0.4453
  batch 60/264  loss=0.3497
  batch 70/264  loss=0.3972
  batch 80/264  loss=0.8252
  batch 90/264  loss=0.5259
  batch 100/264  loss=0.5540
  batch 110/264  loss=0.4377
  batch 120/264  loss=0.6172
  batch 130/264  loss=0.5648
  batch 140/264  loss=0.4692
  batch 150/264  loss=0.4291
  batch 160/264  loss=0.4340
  batch 170/264  loss=0.3436
  batch 180/264  loss=0.6012
  batch 190/264  loss=0.4406
  batch 200/264  loss=0.5630
  batch 210/264  loss=0.6630
  batch 220/264  loss=0.6015
  batch 230/264  loss=0.7252
  batch 240/264  loss=0.3466
  batch 250/264  loss=0.4672
  batch 260/264  loss=0.5032
Epoch  64/300  train=4.968e-01  rmse=2.0900  lr=1.0e-04  228s
  batch 10/264  loss=0.4190
  batch 20/264  loss=0.7037
  batch 30/264  loss=0.4502
  batch 40/264  loss=0.4214
  batch 50/264  loss=0.4149
  batch 60/264  loss=0.3588
  batch 70/264  loss=0.3795
  batch 80/264  loss=0.4087
  batch 90/264  loss=0.5606
  batch 100/264  loss=0.4720
  batch 110/264  loss=0.6271
  batch 120/264  loss=0.4716
  batch 130/264  loss=0.3791
  batch 140/264  loss=0.3794
  batch 150/264  loss=1.0657
  batch 160/264  loss=0.8989
  batch 170/264  loss=0.3935
  batch 180/264  loss=0.5113
  batch 190/264  loss=0.4557
  batch 200/264  loss=0.5055
  batch 210/264  loss=0.4868
  batch 220/264  loss=0.3253
  batch 230/264  loss=0.3561
  batch 240/264  loss=0.6307
  batch 250/264  loss=0.4248
  batch 260/264  loss=0.3822
Epoch  65/300  train=4.905e-01  rmse=2.0753  lr=1.0e-04  228s
  -> best  monitor=4.905e-01
  batch 10/264  loss=0.5870
  batch 20/264  loss=0.4796
  batch 30/264  loss=0.4830
  batch 40/264  loss=0.3789
  batch 50/264  loss=0.3819
  batch 60/264  loss=0.5572
  batch 70/264  loss=0.6018
  batch 80/264  loss=0.5818
  batch 90/264  loss=0.5574
  batch 100/264  loss=0.4097
  batch 110/264  loss=0.4798
  batch 120/264  loss=0.4292
  batch 130/264  loss=0.9614
  batch 140/264  loss=0.6157
  batch 150/264  loss=0.4076
  batch 160/264  loss=0.3179
  batch 170/264  loss=0.4898
  batch 180/264  loss=0.4378
  batch 190/264  loss=0.3840
  batch 200/264  loss=0.4857
  batch 210/264  loss=0.3981
  batch 220/264  loss=0.4071
  batch 230/264  loss=0.3416
  batch 240/264  loss=0.7188
  batch 250/264  loss=0.6756
  batch 260/264  loss=0.4362
Epoch  66/300  train=4.914e-01  rmse=2.0789  lr=1.0e-04  227s
  batch 10/264  loss=0.8048
  batch 20/264  loss=0.6498
  batch 30/264  loss=0.4430
  batch 40/264  loss=0.4440
  batch 50/264  loss=0.5644
  batch 60/264  loss=0.4831
  batch 70/264  loss=0.3670
  batch 80/264  loss=0.3554
  batch 90/264  loss=0.8189
  batch 100/264  loss=0.5997
  batch 110/264  loss=0.5032
  batch 120/264  loss=0.3304
  batch 130/264  loss=0.4602
  batch 140/264  loss=0.4738
  batch 150/264  loss=0.4065
  batch 160/264  loss=0.3599
  batch 170/264  loss=0.4059
  batch 180/264  loss=0.4845
  batch 190/264  loss=0.8536
  batch 200/264  loss=0.5990
  batch 210/264  loss=0.6978
  batch 220/264  loss=0.4379
  batch 230/264  loss=0.4176
  batch 240/264  loss=0.3846
  batch 250/264  loss=0.5455
  batch 260/264  loss=0.6472
Epoch  67/300  train=4.877e-01  rmse=2.0178  lr=1.0e-04  232s
  -> best  monitor=4.877e-01
  batch 10/264  loss=0.4731
  batch 20/264  loss=0.6589
  batch 30/264  loss=0.7794
  batch 40/264  loss=0.7449
  batch 50/264  loss=0.3821
  batch 60/264  loss=0.4185
  batch 70/264  loss=0.7360
  batch 80/264  loss=0.3938
  batch 90/264  loss=0.5815
  batch 100/264  loss=0.4960
  batch 110/264  loss=0.4468
  batch 120/264  loss=0.5330
  batch 130/264  loss=0.3915
  batch 140/264  loss=0.3423
  batch 150/264  loss=0.3772
  batch 160/264  loss=0.5609
  batch 170/264  loss=0.3880
  batch 180/264  loss=0.4542
  batch 190/264  loss=0.4397
  batch 200/264  loss=0.4429
  batch 210/264  loss=0.4237
  batch 220/264  loss=0.9527
  batch 230/264  loss=0.5249
  batch 240/264  loss=0.4950
  batch 250/264  loss=0.6229
  batch 260/264  loss=0.7046
Epoch  68/300  train=4.916e-01  rmse=2.0781  lr=1.0e-04  231s
  batch 10/264  loss=0.4276
  batch 20/264  loss=0.5091
  batch 30/264  loss=0.3173
  batch 40/264  loss=0.4812
  batch 50/264  loss=0.4347
  batch 60/264  loss=0.5623
  batch 70/264  loss=0.5077
  batch 80/264  loss=0.3796
  batch 90/264  loss=0.6489
  batch 100/264  loss=0.3489
  batch 110/264  loss=0.7064
  batch 120/264  loss=0.3771
  batch 130/264  loss=0.4976
  batch 140/264  loss=1.0139
  batch 150/264  loss=0.4039
  batch 160/264  loss=0.4546
  batch 170/264  loss=0.6375
  batch 180/264  loss=0.6433
  batch 190/264  loss=0.6566
  batch 200/264  loss=0.4343
  batch 210/264  loss=0.6249
  batch 220/264  loss=0.5159
  batch 230/264  loss=0.4507
  batch 240/264  loss=0.4209
  batch 250/264  loss=0.4813
  batch 260/264  loss=0.6421
Epoch  69/300  train=4.831e-01  rmse=2.0462  lr=1.0e-04  229s
  -> best  monitor=4.831e-01
  batch 10/264  loss=0.3837
  batch 20/264  loss=0.4604
  batch 30/264  loss=0.4339
  batch 40/264  loss=0.4074
  batch 50/264  loss=0.4613
  batch 60/264  loss=0.4390
  batch 70/264  loss=0.7640
  batch 80/264  loss=0.5225
  batch 90/264  loss=0.3911
  batch 100/264  loss=0.5163
  batch 110/264  loss=0.8822
  batch 120/264  loss=0.3726
  batch 130/264  loss=0.8035
  batch 140/264  loss=0.4789
  batch 150/264  loss=0.4868
  batch 160/264  loss=0.3836
  batch 170/264  loss=0.5855
  batch 180/264  loss=0.4133
  batch 190/264  loss=0.4083
  batch 200/264  loss=0.4212
  batch 210/264  loss=0.5226
  batch 220/264  loss=0.3768
  batch 230/264  loss=0.4386
  batch 240/264  loss=0.5150
  batch 250/264  loss=0.4852
  batch 260/264  loss=0.4108
Epoch  70/300  train=4.824e-01  rmse=2.0147  lr=1.0e-04  230s
  -> best  monitor=4.824e-01
  batch 10/264  loss=0.4164
  batch 20/264  loss=0.4695
  batch 30/264  loss=0.4293
  batch 40/264  loss=0.5904
  batch 50/264  loss=0.4269
  batch 60/264  loss=0.3522
  batch 70/264  loss=0.4577
  batch 80/264  loss=0.3547
  batch 90/264  loss=0.3860
  batch 100/264  loss=0.7705
  batch 110/264  loss=0.4139
  batch 120/264  loss=0.4129
  batch 130/264  loss=0.3926
  batch 140/264  loss=0.3451
  batch 150/264  loss=1.0177
  batch 160/264  loss=0.5461
  batch 170/264  loss=0.4268
  batch 180/264  loss=0.3740
  batch 190/264  loss=0.4796
  batch 200/264  loss=0.4021
  batch 210/264  loss=0.4270
  batch 220/264  loss=0.3559
  batch 230/264  loss=0.4351
  batch 240/264  loss=0.3940
  batch 250/264  loss=0.4478
  batch 260/264  loss=0.4163
Epoch  71/300  train=4.823e-01  rmse=2.0156  lr=1.0e-04  233s
  -> best  monitor=4.823e-01
  batch 10/264  loss=0.8779
  batch 20/264  loss=0.4401
  batch 30/264  loss=0.7664
  batch 40/264  loss=0.5501
  batch 50/264  loss=0.4732
  batch 60/264  loss=0.4874
  batch 70/264  loss=0.3482
  batch 80/264  loss=0.4923
  batch 90/264  loss=0.3436
  batch 100/264  loss=0.3314
  batch 110/264  loss=0.3545
  batch 120/264  loss=0.4755
  batch 130/264  loss=0.4967
  batch 140/264  loss=0.5496
  batch 150/264  loss=0.3963
  batch 160/264  loss=0.4173
  batch 170/264  loss=0.5299
  batch 180/264  loss=0.5458
  batch 190/264  loss=0.5498
  batch 200/264  loss=0.3456
  batch 210/264  loss=0.3250
  batch 220/264  loss=0.5338
  batch 230/264  loss=0.4855
  batch 240/264  loss=0.5184
  batch 250/264  loss=0.6100
  batch 260/264  loss=0.5218
Epoch  72/300  train=4.819e-01  rmse=2.0548  lr=1.0e-04  230s
  -> best  monitor=4.819e-01
  batch 10/264  loss=0.3818
  batch 20/264  loss=0.3639
  batch 30/264  loss=0.5284
  batch 40/264  loss=0.3843
  batch 50/264  loss=0.7392
  batch 60/264  loss=0.3757
  batch 70/264  loss=0.5038
  batch 80/264  loss=0.4014
  batch 90/264  loss=0.3744
  batch 100/264  loss=0.5394
  batch 110/264  loss=0.4857
  batch 120/264  loss=0.5440
  batch 130/264  loss=0.6948
  batch 140/264  loss=0.4979
  batch 150/264  loss=0.3446
  batch 160/264  loss=0.4422
  batch 170/264  loss=0.4577
  batch 180/264  loss=0.5938
  batch 190/264  loss=0.4160
  batch 200/264  loss=0.5097
  batch 210/264  loss=0.3558
  batch 220/264  loss=0.6363
  batch 230/264  loss=0.3959
  batch 240/264  loss=0.4149
  batch 250/264  loss=0.3685
  batch 260/264  loss=0.4064
Epoch  73/300  train=4.769e-01  rmse=1.9896  lr=1.0e-04  229s
  -> best  monitor=4.769e-01
  batch 10/264  loss=0.4195
  batch 20/264  loss=0.5691
  batch 30/264  loss=0.3782
  batch 40/264  loss=0.4184
  batch 50/264  loss=0.7174
  batch 60/264  loss=0.6395
  batch 70/264  loss=0.3098
  batch 80/264  loss=0.3917
  batch 90/264  loss=0.5316
  batch 100/264  loss=0.4992
  batch 110/264  loss=0.4014
  batch 120/264  loss=0.3497
  batch 130/264  loss=0.5210
  batch 140/264  loss=0.4645
  batch 150/264  loss=0.3788
  batch 160/264  loss=0.4406
  batch 170/264  loss=0.4359
  batch 180/264  loss=0.5418
  batch 190/264  loss=0.4967
  batch 200/264  loss=1.0207
  batch 210/264  loss=0.7407
  batch 220/264  loss=0.3690
  batch 230/264  loss=0.8152
  batch 240/264  loss=0.6861
  batch 250/264  loss=0.4152
  batch 260/264  loss=0.4210
Epoch  74/300  train=4.727e-01  rmse=2.0000  lr=1.0e-04  229s
  -> best  monitor=4.727e-01
  batch 10/264  loss=0.4198
  batch 20/264  loss=0.3441
  batch 30/264  loss=0.6846
  batch 40/264  loss=0.3278
  batch 50/264  loss=0.3860
  batch 60/264  loss=0.6150
  batch 70/264  loss=0.5359
  batch 80/264  loss=0.6910
  batch 90/264  loss=0.3442
  batch 100/264  loss=0.3544
  batch 110/264  loss=0.3572
  batch 120/264  loss=0.3303
  batch 130/264  loss=0.6942
  batch 140/264  loss=0.5608
  batch 150/264  loss=0.4962
  batch 160/264  loss=0.3829
  batch 170/264  loss=0.4636
  batch 180/264  loss=0.3767
  batch 190/264  loss=0.3527
  batch 200/264  loss=0.4491
  batch 210/264  loss=0.4240
  batch 220/264  loss=0.4172
  batch 230/264  loss=0.3801
  batch 240/264  loss=0.3023
  batch 250/264  loss=0.5661
  batch 260/264  loss=0.3900
Epoch  75/300  train=4.757e-01  rmse=1.9936  lr=1.0e-04  231s
  batch 10/264  loss=0.5463
  batch 20/264  loss=0.5648
  batch 30/264  loss=0.4024
  batch 40/264  loss=0.4378
  batch 50/264  loss=0.8884
  batch 60/264  loss=0.3976
  batch 70/264  loss=0.5602
  batch 80/264  loss=0.7248
  batch 90/264  loss=0.5760
  batch 100/264  loss=0.4078
  batch 110/264  loss=0.5243
  batch 120/264  loss=0.4272
  batch 130/264  loss=0.3317
  batch 140/264  loss=0.5620
  batch 150/264  loss=0.4331
  batch 160/264  loss=0.4260
  batch 170/264  loss=0.3747
  batch 180/264  loss=0.4009
  batch 190/264  loss=0.7376
  batch 200/264  loss=0.6738
  batch 210/264  loss=0.3547
  batch 220/264  loss=0.5423
  batch 230/264  loss=0.5056
  batch 240/264  loss=0.3818
  batch 250/264  loss=0.4014
  batch 260/264  loss=0.4975
Epoch  76/300  train=4.794e-01  rmse=1.9877  lr=1.0e-04  229s
  batch 10/264  loss=0.5806
  batch 20/264  loss=0.3437
  batch 30/264  loss=0.3901
  batch 40/264  loss=0.3453
  batch 50/264  loss=0.7149
  batch 60/264  loss=0.5381
  batch 70/264  loss=0.3875
  batch 80/264  loss=0.4339
  batch 90/264  loss=0.3871
  batch 100/264  loss=0.3868
  batch 110/264  loss=0.5114
  batch 120/264  loss=0.4967
  batch 130/264  loss=0.3776
  batch 140/264  loss=0.3731
  batch 150/264  loss=0.4748
  batch 160/264  loss=0.5355
  batch 170/264  loss=0.4251
  batch 180/264  loss=0.3827
  batch 190/264  loss=0.3907
  batch 200/264  loss=0.4406
  batch 210/264  loss=0.3876
  batch 220/264  loss=0.4374
  batch 230/264  loss=0.4743
  batch 240/264  loss=0.5744
  batch 250/264  loss=0.3896
  batch 260/264  loss=0.3307
Epoch  77/300  train=4.736e-01  rmse=1.9964  lr=1.0e-04  229s
  batch 10/264  loss=0.3670
  batch 20/264  loss=0.4900
  batch 30/264  loss=0.5411
  batch 40/264  loss=0.4526
  batch 50/264  loss=0.4800
  batch 60/264  loss=0.5242
  batch 70/264  loss=0.7541
  batch 80/264  loss=0.5812
  batch 90/264  loss=0.6858
  batch 100/264  loss=0.4571
  batch 110/264  loss=0.5355
  batch 120/264  loss=0.3657
  batch 130/264  loss=0.3693
  batch 140/264  loss=0.5606
  batch 150/264  loss=0.4243
  batch 160/264  loss=0.4167
  batch 170/264  loss=0.3514
  batch 180/264  loss=0.4769
  batch 190/264  loss=0.5208
  batch 200/264  loss=0.7467
  batch 210/264  loss=0.4763
  batch 220/264  loss=0.4354
  batch 230/264  loss=0.5180
  batch 240/264  loss=0.3673
  batch 250/264  loss=0.3967
  batch 260/264  loss=0.4778
Epoch  78/300  train=4.699e-01  rmse=1.9598  lr=1.0e-04  229s
  -> best  monitor=4.699e-01
  batch 10/264  loss=0.5368
  batch 20/264  loss=0.3922
  batch 30/264  loss=0.5060
  batch 40/264  loss=0.4384
  batch 50/264  loss=0.4012
  batch 60/264  loss=0.6123
  batch 70/264  loss=0.6130
  batch 80/264  loss=0.5201
  batch 90/264  loss=0.3635
  batch 100/264  loss=0.6065
  batch 110/264  loss=0.6272
  batch 120/264  loss=0.4324
  batch 130/264  loss=0.5826
  batch 140/264  loss=0.3920
  batch 150/264  loss=0.4506
  batch 160/264  loss=0.4186
  batch 170/264  loss=0.4623
  batch 180/264  loss=0.4827
  batch 190/264  loss=0.3545
  batch 200/264  loss=0.3763
  batch 210/264  loss=0.4796
  batch 220/264  loss=0.6046
  batch 230/264  loss=0.4570
  batch 240/264  loss=0.5078
  batch 250/264  loss=0.5156
  batch 260/264  loss=0.4113
Epoch  79/300  train=4.696e-01  rmse=2.0154  lr=1.0e-04  228s
  -> best  monitor=4.696e-01
  batch 10/264  loss=0.3630
  batch 20/264  loss=0.4155
  batch 30/264  loss=0.4754
  batch 40/264  loss=0.3736
  batch 50/264  loss=0.3481
  batch 60/264  loss=0.3817
  batch 70/264  loss=0.4045
  batch 80/264  loss=0.3345
  batch 90/264  loss=0.4747
  batch 100/264  loss=0.3438
  batch 110/264  loss=0.4853
  batch 120/264  loss=0.9312
  batch 130/264  loss=0.4245
  batch 140/264  loss=0.4252
  batch 150/264  loss=0.4141
  batch 160/264  loss=0.3510
  batch 170/264  loss=0.6751
  batch 180/264  loss=0.7643
  batch 190/264  loss=0.4443
  batch 200/264  loss=0.5136
  batch 210/264  loss=0.3514
  batch 220/264  loss=0.3638
  batch 230/264  loss=0.4147
  batch 240/264  loss=0.5645
  batch 250/264  loss=0.5626
  batch 260/264  loss=0.3601
Epoch  80/300  train=4.687e-01  rmse=1.9479  lr=1.0e-04  228s
  -> best  monitor=4.687e-01
  batch 10/264  loss=0.4063
  batch 20/264  loss=0.5101
  batch 30/264  loss=0.4177
  batch 40/264  loss=0.4452
  batch 50/264  loss=0.3917
  batch 60/264  loss=0.4802
  batch 70/264  loss=0.3775
  batch 80/264  loss=0.7211
  batch 90/264  loss=0.4031
  batch 100/264  loss=0.3505
  batch 110/264  loss=0.4194
  batch 120/264  loss=0.5073
  batch 130/264  loss=0.3669
  batch 140/264  loss=0.5677
  batch 150/264  loss=0.4775
  batch 160/264  loss=0.5912
  batch 170/264  loss=0.4942
  batch 180/264  loss=0.3932
  batch 190/264  loss=0.5148
  batch 200/264  loss=0.3519
  batch 210/264  loss=0.3623
  batch 220/264  loss=0.4509
  batch 230/264  loss=0.5266
  batch 240/264  loss=0.4569
  batch 250/264  loss=0.4963
  batch 260/264  loss=0.4532
Epoch  81/300  train=4.708e-01  rmse=2.0098  lr=1.0e-04  229s
  batch 10/264  loss=0.5779
  batch 20/264  loss=0.3939
  batch 30/264  loss=0.8181
  batch 40/264  loss=0.6776
  batch 50/264  loss=0.3506
  batch 60/264  loss=0.3789
  batch 70/264  loss=0.5198
  batch 80/264  loss=0.5230
  batch 90/264  loss=0.4322
  batch 100/264  loss=0.6898
  batch 110/264  loss=0.6353
  batch 120/264  loss=0.3533
  batch 130/264  loss=0.6069
  batch 140/264  loss=0.6236
  batch 150/264  loss=0.3377
  batch 160/264  loss=0.4771
  batch 170/264  loss=0.3959
  batch 180/264  loss=0.3339
  batch 190/264  loss=0.4669
  batch 200/264  loss=0.4409
  batch 210/264  loss=0.4914
  batch 220/264  loss=0.6343
  batch 230/264  loss=0.4178
  batch 240/264  loss=0.3206
  batch 250/264  loss=0.6379
  batch 260/264  loss=0.8000
Epoch  82/300  train=4.687e-01  rmse=1.9381  lr=1.0e-04  229s
  batch 10/264  loss=0.4154
  batch 20/264  loss=0.3358
  batch 30/264  loss=0.7359
  batch 40/264  loss=0.3618
  batch 50/264  loss=0.4438
  batch 60/264  loss=0.4465
  batch 70/264  loss=0.4630
  batch 80/264  loss=0.4688
  batch 90/264  loss=0.4270
  batch 100/264  loss=0.5270
  batch 110/264  loss=0.4707
  batch 120/264  loss=0.4527
  batch 130/264  loss=0.6424
  batch 140/264  loss=0.4605
  batch 150/264  loss=0.6540
  batch 160/264  loss=0.5390
  batch 170/264  loss=0.4098
  batch 180/264  loss=0.5582
  batch 190/264  loss=0.4634
  batch 200/264  loss=0.4283
  batch 210/264  loss=0.4259
  batch 220/264  loss=0.3947
  batch 230/264  loss=0.7117
  batch 240/264  loss=0.4694
  batch 250/264  loss=0.5323
  batch 260/264  loss=0.6156
Epoch  83/300  train=4.718e-01  rmse=1.9719  lr=1.0e-04  230s
  batch 10/264  loss=0.3905
  batch 20/264  loss=0.6112
  batch 30/264  loss=0.3644
  batch 40/264  loss=0.6687
  batch 50/264  loss=0.3352
  batch 60/264  loss=0.4364
  batch 70/264  loss=0.5112
  batch 80/264  loss=0.4087
  batch 90/264  loss=0.5509
  batch 100/264  loss=0.4941
  batch 110/264  loss=0.4642
  batch 120/264  loss=0.4650
  batch 130/264  loss=0.6189
  batch 140/264  loss=0.3932
  batch 150/264  loss=0.4209
  batch 160/264  loss=0.3739
  batch 170/264  loss=0.3703
  batch 180/264  loss=0.6118
  batch 190/264  loss=0.5442
  batch 200/264  loss=0.4131
  batch 210/264  loss=0.4342
  batch 220/264  loss=0.4431
  batch 230/264  loss=0.4649
  batch 240/264  loss=0.4032
  batch 250/264  loss=0.3922
  batch 260/264  loss=0.5218
Epoch  84/300  train=4.627e-01  rmse=1.9477  lr=1.0e-04  230s
  -> best  monitor=4.627e-01
  batch 10/264  loss=0.4202
  batch 20/264  loss=0.3734
  batch 30/264  loss=0.5225
  batch 40/264  loss=0.5231
  batch 50/264  loss=0.4518
  batch 60/264  loss=0.4740
  batch 70/264  loss=0.7033
  batch 80/264  loss=0.5037
  batch 90/264  loss=0.4851
  batch 100/264  loss=0.3850
  batch 110/264  loss=0.6024
  batch 120/264  loss=0.3967
  batch 130/264  loss=0.4364
  batch 140/264  loss=0.4898
  batch 150/264  loss=0.4358
  batch 160/264  loss=0.3496
  batch 170/264  loss=0.3919
  batch 180/264  loss=0.3320
  batch 190/264  loss=0.6750
  batch 200/264  loss=0.3749
  batch 210/264  loss=0.4189
  batch 220/264  loss=0.6307
  batch 230/264  loss=0.4801
  batch 240/264  loss=0.5167
  batch 250/264  loss=0.4973
  batch 260/264  loss=1.3892
Epoch  85/300  train=4.661e-01  rmse=1.9811  lr=1.0e-04  232s
  batch 10/264  loss=0.4556
  batch 20/264  loss=0.3710
  batch 30/264  loss=0.4835
  batch 40/264  loss=0.5930
  batch 50/264  loss=0.4703
  batch 60/264  loss=0.3405
  batch 70/264  loss=0.4058
  batch 80/264  loss=0.3460
  batch 90/264  loss=0.5381
  batch 100/264  loss=0.4290
  batch 110/264  loss=0.3691
  batch 120/264  loss=0.4664
  batch 130/264  loss=0.4117
  batch 140/264  loss=0.4229
  batch 150/264  loss=0.4088
  batch 160/264  loss=0.4611
  batch 170/264  loss=0.3670
  batch 180/264  loss=0.4630
  batch 190/264  loss=0.3784
  batch 200/264  loss=0.8195
  batch 210/264  loss=0.6568
  batch 220/264  loss=0.4103
  batch 230/264  loss=0.5271
  batch 240/264  loss=0.7900
  batch 250/264  loss=0.4803
  batch 260/264  loss=0.4289
Epoch  86/300  train=4.659e-01  rmse=1.9801  lr=1.0e-04  234s
  batch 10/264  loss=0.3898
  batch 20/264  loss=0.4972
  batch 30/264  loss=0.4478
  batch 40/264  loss=0.3337
  batch 50/264  loss=0.3934
  batch 60/264  loss=0.3687
  batch 70/264  loss=0.3532
  batch 80/264  loss=0.4307
  batch 90/264  loss=0.4776
  batch 100/264  loss=0.4682
  batch 110/264  loss=0.4574
  batch 120/264  loss=0.5510
  batch 130/264  loss=0.4498
  batch 140/264  loss=0.4358
  batch 150/264  loss=0.6155
  batch 160/264  loss=0.4022
  batch 170/264  loss=0.3730
  batch 180/264  loss=0.3852
  batch 190/264  loss=0.3721
  batch 200/264  loss=0.4129
  batch 210/264  loss=0.4045
  batch 220/264  loss=0.9981
  batch 230/264  loss=0.4249
  batch 240/264  loss=0.3797
  batch 250/264  loss=0.6687
  batch 260/264  loss=0.4464
Epoch  87/300  train=4.650e-01  rmse=1.9533  lr=1.0e-04  248s
  batch 10/264  loss=0.4453
  batch 20/264  loss=0.4283
  batch 30/264  loss=0.9924
  batch 40/264  loss=0.5497
  batch 50/264  loss=0.3818
  batch 60/264  loss=0.5854
  batch 70/264  loss=0.5120
  batch 80/264  loss=0.4000
  batch 90/264  loss=0.3666
  batch 100/264  loss=0.6236
  batch 110/264  loss=0.4006
  batch 120/264  loss=0.3536
  batch 130/264  loss=0.5122
  batch 140/264  loss=0.4205
  batch 150/264  loss=0.4459
  batch 160/264  loss=0.4100
  batch 170/264  loss=0.3980
  batch 180/264  loss=0.6093
  batch 190/264  loss=0.3816
  batch 200/264  loss=0.4265
  batch 210/264  loss=0.3779
  batch 220/264  loss=0.5170
  batch 230/264  loss=0.8930
  batch 240/264  loss=0.4689
  batch 250/264  loss=0.4604
  batch 260/264  loss=0.5981
Epoch  88/300  train=4.612e-01  rmse=2.0031  lr=1.0e-04  265s
  -> best  monitor=4.612e-01
  batch 10/264  loss=0.3336
  batch 20/264  loss=0.8665
  batch 30/264  loss=0.3370
  batch 40/264  loss=0.4726
  batch 50/264  loss=0.4127
  batch 60/264  loss=0.4715
  batch 70/264  loss=0.4420
  batch 80/264  loss=0.3686
  batch 90/264  loss=0.8637
  batch 100/264  loss=0.3476
  batch 110/264  loss=0.7913
  batch 120/264  loss=0.5400
  batch 130/264  loss=0.3913
  batch 140/264  loss=0.3926
  batch 150/264  loss=0.5290
  batch 160/264  loss=0.3472
  batch 170/264  loss=0.4059
  batch 180/264  loss=0.5553
  batch 190/264  loss=0.7503
  batch 200/264  loss=0.4298
  batch 210/264  loss=0.3938
  batch 220/264  loss=0.6536
  batch 230/264  loss=0.4334
  batch 240/264  loss=0.3742
  batch 250/264  loss=0.4688
  batch 260/264  loss=0.5950
Epoch  89/300  train=4.607e-01  rmse=1.9359  lr=1.0e-04  266s
  -> best  monitor=4.607e-01
  batch 10/264  loss=0.6259
  batch 20/264  loss=0.3596
  batch 30/264  loss=0.5386
  batch 40/264  loss=0.4132
  batch 50/264  loss=0.4086
  batch 60/264  loss=0.6079
  batch 70/264  loss=0.5132
  batch 80/264  loss=0.4525
  batch 90/264  loss=0.3852
  batch 100/264  loss=0.4158
  batch 110/264  loss=0.4002
  batch 120/264  loss=0.4099
  batch 130/264  loss=0.3202
  batch 140/264  loss=0.3324
  batch 150/264  loss=0.4295
  batch 160/264  loss=0.4392
  batch 170/264  loss=0.5344
  batch 180/264  loss=0.4545
  batch 190/264  loss=0.4634
  batch 200/264  loss=0.3806
  batch 210/264  loss=0.4441
  batch 220/264  loss=0.4240
  batch 230/264  loss=0.3446
  batch 240/264  loss=0.3817
  batch 250/264  loss=0.3438
  batch 260/264  loss=0.5534
Epoch  90/300  train=4.634e-01  rmse=1.9499  lr=1.0e-04  248s
  batch 10/264  loss=0.3694
  batch 20/264  loss=0.3829
  batch 30/264  loss=0.3584
  batch 40/264  loss=0.3381
  batch 50/264  loss=0.5897
  batch 60/264  loss=0.5912
  batch 70/264  loss=0.4645
  batch 80/264  loss=0.4215
  batch 90/264  loss=0.3922
  batch 100/264  loss=0.5119
  batch 110/264  loss=0.3861
  batch 120/264  loss=0.5533
  batch 130/264  loss=0.4713
  batch 140/264  loss=0.6314
  batch 150/264  loss=0.3783
  batch 160/264  loss=0.4316
  batch 170/264  loss=0.4529
  batch 180/264  loss=0.4733
  batch 190/264  loss=0.4040
  batch 200/264  loss=0.3619
  batch 210/264  loss=0.4813
  batch 220/264  loss=0.5114
  batch 230/264  loss=0.3644
  batch 240/264  loss=0.3388
  batch 250/264  loss=0.4078
  batch 260/264  loss=0.3948
Epoch  91/300  train=4.533e-01  rmse=1.9297  lr=1.0e-04  235s
  -> best  monitor=4.533e-01
  batch 10/264  loss=0.5416
  batch 20/264  loss=0.4043
  batch 30/264  loss=0.4155
  batch 40/264  loss=0.4630
  batch 50/264  loss=0.5754
  batch 60/264  loss=0.4326
  batch 70/264  loss=0.4163
  batch 80/264  loss=0.4373
  batch 90/264  loss=0.4472
  batch 100/264  loss=0.3630
  batch 110/264  loss=0.7009
  batch 120/264  loss=0.6780
  batch 130/264  loss=0.4540
  batch 140/264  loss=0.4630
  batch 150/264  loss=0.4433
  batch 160/264  loss=0.4122
  batch 170/264  loss=0.4895
  batch 180/264  loss=0.4303
  batch 190/264  loss=0.3618
  batch 200/264  loss=0.3834
  batch 210/264  loss=0.4522
  batch 220/264  loss=0.4221
  batch 230/264  loss=0.4645
  batch 240/264  loss=0.4909
  batch 250/264  loss=0.3549
  batch 260/264  loss=0.3761
Epoch  92/300  train=4.572e-01  rmse=1.9625  lr=1.0e-04  235s
  batch 10/264  loss=0.4450
  batch 20/264  loss=0.3929
  batch 30/264  loss=0.5501
  batch 40/264  loss=0.5053
  batch 50/264  loss=0.4611
  batch 60/264  loss=0.3640
  batch 70/264  loss=0.3741
  batch 80/264  loss=0.5061
  batch 90/264  loss=0.3505
  batch 100/264  loss=0.8170
  batch 110/264  loss=0.5693
  batch 120/264  loss=0.4177
  batch 130/264  loss=0.4049
  batch 140/264  loss=0.4304
  batch 150/264  loss=0.4187
  batch 160/264  loss=0.4647
  batch 170/264  loss=0.3922
  batch 180/264  loss=0.7061
  batch 190/264  loss=0.4168
  batch 200/264  loss=0.5261
  batch 210/264  loss=0.3219
  batch 220/264  loss=0.3432
  batch 230/264  loss=0.3725
  batch 240/264  loss=0.3828
  batch 250/264  loss=0.6739
  batch 260/264  loss=0.3884
Epoch  93/300  train=4.586e-01  rmse=1.9747  lr=1.0e-04  230s
  batch 10/264  loss=0.3538
  batch 20/264  loss=0.5894
  batch 30/264  loss=0.4173
  batch 40/264  loss=0.3534
  batch 50/264  loss=0.4408
  batch 60/264  loss=0.4931
  batch 70/264  loss=0.3962
  batch 80/264  loss=0.4859
  batch 90/264  loss=0.3152
  batch 100/264  loss=0.4027
  batch 110/264  loss=0.4636
  batch 120/264  loss=0.4427
  batch 130/264  loss=0.3274
  batch 140/264  loss=0.3619
  batch 150/264  loss=0.4208
  batch 160/264  loss=0.3464
  batch 170/264  loss=0.3836
  batch 180/264  loss=0.3517
  batch 190/264  loss=0.3733
  batch 200/264  loss=0.3545
  batch 210/264  loss=0.4819
  batch 220/264  loss=0.4022
  batch 230/264  loss=0.3801
  batch 240/264  loss=0.4321
  batch 250/264  loss=0.4729
  batch 260/264  loss=0.5321
Epoch  94/300  train=4.554e-01  rmse=1.9578  lr=1.0e-04  229s
  batch 10/264  loss=0.3916
  batch 20/264  loss=0.3833
  batch 30/264  loss=0.3939
  batch 40/264  loss=0.5152
  batch 50/264  loss=0.4213
  batch 60/264  loss=0.3490
  batch 70/264  loss=0.4250
  batch 80/264  loss=0.3851
  batch 90/264  loss=0.3706
  batch 100/264  loss=0.3968
  batch 110/264  loss=0.3822
  batch 120/264  loss=0.4334
  batch 130/264  loss=0.4507
  batch 140/264  loss=0.4779
  batch 150/264  loss=0.5238
  batch 160/264  loss=0.5643
  batch 170/264  loss=0.3882
  batch 180/264  loss=0.4343
  batch 190/264  loss=0.6652
  batch 200/264  loss=0.4436
  batch 210/264  loss=0.3363
  batch 220/264  loss=0.4011
  batch 230/264  loss=0.4006
  batch 240/264  loss=0.3303
  batch 250/264  loss=0.7608
  batch 260/264  loss=0.3635
Epoch  95/300  train=4.555e-01  rmse=2.2569  lr=1.0e-04  232s
  batch 10/264  loss=0.4512
  batch 20/264  loss=0.5028
  batch 30/264  loss=0.3242
  batch 40/264  loss=0.4760
  batch 50/264  loss=0.4417
  batch 60/264  loss=0.4260
  batch 70/264  loss=0.6154
  batch 80/264  loss=0.4342
  batch 90/264  loss=0.3586
  batch 100/264  loss=0.3510
  batch 110/264  loss=0.3617
  batch 120/264  loss=0.5985
  batch 130/264  loss=0.4088
  batch 140/264  loss=0.5879
  batch 150/264  loss=0.6926
  batch 160/264  loss=0.4658
  batch 170/264  loss=0.4360
  batch 180/264  loss=0.4891
  batch 190/264  loss=0.4084
  batch 200/264  loss=0.3880
  batch 210/264  loss=0.3598
  batch 220/264  loss=0.5415
  batch 230/264  loss=0.3844
  batch 240/264  loss=0.4452
  batch 250/264  loss=0.3479
  batch 260/264  loss=0.4728
Epoch  96/300  train=4.532e-01  rmse=1.9250  lr=1.0e-04  233s
  -> best  monitor=4.532e-01
  batch 10/264  loss=0.4185
  batch 20/264  loss=0.3730
  batch 30/264  loss=0.3764
  batch 40/264  loss=0.4238
  batch 50/264  loss=0.4062
  batch 60/264  loss=0.3350
  batch 70/264  loss=0.5752
  batch 80/264  loss=0.4458
  batch 90/264  loss=0.3374
  batch 100/264  loss=0.5532
  batch 110/264  loss=0.5551
  batch 120/264  loss=0.3740
  batch 130/264  loss=0.3855
  batch 140/264  loss=0.5422
  batch 150/264  loss=0.6595
  batch 160/264  loss=0.3679
  batch 170/264  loss=0.3318
  batch 180/264  loss=0.3513
  batch 190/264  loss=0.6714
  batch 200/264  loss=0.4085
  batch 210/264  loss=0.4144
  batch 220/264  loss=0.9149
  batch 230/264  loss=1.0473
  batch 240/264  loss=0.3290
  batch 250/264  loss=0.4583
  batch 260/264  loss=0.4087
Epoch  97/300  train=4.545e-01  rmse=1.9585  lr=1.0e-04  234s
  batch 10/264  loss=0.3960
  batch 20/264  loss=0.5223
  batch 30/264  loss=0.5153
  batch 40/264  loss=0.3551
  batch 50/264  loss=0.3803
  batch 60/264  loss=0.4684
  batch 70/264  loss=0.3575
  batch 80/264  loss=0.4639
  batch 90/264  loss=0.3698
  batch 100/264  loss=0.3589
  batch 110/264  loss=0.5162
  batch 120/264  loss=0.3873
  batch 130/264  loss=0.4124
  batch 140/264  loss=0.6140
  batch 150/264  loss=0.6504
  batch 160/264  loss=0.6169
  batch 170/264  loss=0.3379
  batch 180/264  loss=0.8513
  batch 190/264  loss=0.3304
  batch 200/264  loss=0.3678
  batch 210/264  loss=0.4260
  batch 220/264  loss=0.4038
  batch 230/264  loss=0.4111
  batch 240/264  loss=0.2859
  batch 250/264  loss=0.4479
  batch 260/264  loss=0.4085
Epoch  98/300  train=4.529e-01  rmse=1.9754  lr=1.0e-04  229s
  -> best  monitor=4.529e-01
  batch 10/264  loss=0.3882
  batch 20/264  loss=0.3744
  batch 30/264  loss=0.4846
  batch 40/264  loss=0.3946
  batch 50/264  loss=0.4395
  batch 60/264  loss=0.4456
  batch 70/264  loss=0.5264
  batch 80/264  loss=0.3853
  batch 90/264  loss=0.3953
  batch 100/264  loss=0.3994
  batch 110/264  loss=0.4721
  batch 120/264  loss=0.4158
  batch 130/264  loss=0.3725
  batch 140/264  loss=0.4499
  batch 150/264  loss=0.3773
  batch 160/264  loss=0.3556
  batch 170/264  loss=0.3503
  batch 180/264  loss=0.3506
  batch 190/264  loss=0.4198
  batch 200/264  loss=0.5744
  batch 210/264  loss=0.3955
  batch 220/264  loss=0.3536
  batch 230/264  loss=0.3615
  batch 240/264  loss=0.4993
  batch 250/264  loss=0.7491
  batch 260/264  loss=0.4321
Epoch  99/300  train=4.483e-01  rmse=1.8890  lr=1.0e-04  231s
  -> best  monitor=4.483e-01
  batch 10/264  loss=0.3718
  batch 20/264  loss=0.3874
  batch 30/264  loss=0.3927
  batch 40/264  loss=0.4522
  batch 50/264  loss=0.3921
  batch 60/264  loss=0.3200
  batch 70/264  loss=0.5813
  batch 80/264  loss=0.4350
  batch 90/264  loss=0.4094
  batch 100/264  loss=0.8120
  batch 110/264  loss=0.4261
  batch 120/264  loss=0.7103
  batch 130/264  loss=0.4263
  batch 140/264  loss=0.4345
  batch 150/264  loss=0.4335
  batch 160/264  loss=0.5006
  batch 170/264  loss=0.4495
  batch 180/264  loss=0.3537
  batch 190/264  loss=0.3186
  batch 200/264  loss=0.4141
  batch 210/264  loss=0.4114
  batch 220/264  loss=0.4334
  batch 230/264  loss=0.3972
  batch 240/264  loss=0.3172
  batch 250/264  loss=0.4205
  batch 260/264  loss=0.4901
Epoch 100/300  train=4.504e-01  rmse=1.9303  lr=1.0e-04  232s
  batch 10/264  loss=0.6081
  batch 20/264  loss=0.3289
  batch 30/264  loss=0.3226
  batch 40/264  loss=0.3928
  batch 50/264  loss=0.3373
  batch 60/264  loss=0.3498
  batch 70/264  loss=0.3414
  batch 80/264  loss=0.3916
  batch 90/264  loss=0.4023
  batch 100/264  loss=0.4328
  batch 110/264  loss=0.3627
  batch 120/264  loss=0.4314
  batch 130/264  loss=0.3943
  batch 140/264  loss=0.6576
  batch 150/264  loss=0.4066
  batch 160/264  loss=0.3574
  batch 170/264  loss=0.3641
  batch 180/264  loss=0.4982
  batch 190/264  loss=0.5126
  batch 200/264  loss=0.3572
  batch 210/264  loss=0.6244
  batch 220/264  loss=0.6644
  batch 230/264  loss=0.5657
  batch 240/264  loss=0.5406
  batch 250/264  loss=0.4100
  batch 260/264  loss=0.3070
Epoch 101/300  train=4.478e-01  rmse=1.9001  lr=1.0e-04  230s
  -> best  monitor=4.478e-01
  batch 10/264  loss=0.4245
  batch 20/264  loss=0.3612
  batch 30/264  loss=0.5060
  batch 40/264  loss=0.3764
  batch 50/264  loss=0.4883
  batch 60/264  loss=0.7463
  batch 70/264  loss=0.6172
  batch 80/264  loss=0.3495
  batch 90/264  loss=0.3669
  batch 100/264  loss=0.4415
  batch 110/264  loss=0.4341
  batch 120/264  loss=0.4058
  batch 130/264  loss=0.3868
  batch 140/264  loss=0.3835
  batch 150/264  loss=0.4969
  batch 160/264  loss=0.5178
  batch 170/264  loss=0.3399
  batch 180/264  loss=0.8109
  batch 190/264  loss=0.6805
  batch 200/264  loss=0.3769
  batch 210/264  loss=0.4564
  batch 220/264  loss=0.3327
  batch 230/264  loss=0.4608
  batch 240/264  loss=0.4301
  batch 250/264  loss=0.4163
  batch 260/264  loss=0.3775
Epoch 102/300  train=4.484e-01  rmse=2.0415  lr=1.0e-04  230s
  batch 10/264  loss=0.3713
  batch 20/264  loss=0.3583
  batch 30/264  loss=0.3753
  batch 40/264  loss=0.3754
  batch 50/264  loss=0.3155
  batch 60/264  loss=0.4027
  batch 70/264  loss=0.4669
  batch 80/264  loss=0.3948
  batch 90/264  loss=0.3337
  batch 100/264  loss=0.4978
  batch 110/264  loss=0.4138
  batch 120/264  loss=0.5741
  batch 130/264  loss=0.3204
  batch 140/264  loss=0.3415
  batch 150/264  loss=0.4328
  batch 160/264  loss=0.3527
  batch 170/264  loss=0.5083
  batch 180/264  loss=0.5384
  batch 190/264  loss=0.5277
  batch 200/264  loss=0.5085
  batch 210/264  loss=0.3999
  batch 220/264  loss=0.4356
  batch 230/264  loss=0.6524
  batch 240/264  loss=1.0527
  batch 250/264  loss=0.4190
  batch 260/264  loss=0.3919
Epoch 103/300  train=4.459e-01  rmse=1.8613  lr=1.0e-04  231s
  -> best  monitor=4.459e-01
  batch 10/264  loss=0.3676
  batch 20/264  loss=0.6793
  batch 30/264  loss=0.4265
  batch 40/264  loss=0.3568
  batch 50/264  loss=0.4476
  batch 60/264  loss=0.4008
  batch 70/264  loss=0.7580
  batch 80/264  loss=0.5714
  batch 90/264  loss=0.5719
  batch 100/264  loss=0.3543
  batch 110/264  loss=0.7124
  batch 120/264  loss=0.8888
  batch 130/264  loss=0.4364
  batch 140/264  loss=0.5994
  batch 150/264  loss=0.4068
  batch 160/264  loss=0.3664
  batch 170/264  loss=0.5143
  batch 180/264  loss=0.5454
  batch 190/264  loss=0.3294
  batch 200/264  loss=0.4010
  batch 210/264  loss=0.4316
  batch 220/264  loss=0.3621
  batch 230/264  loss=0.2912
  batch 240/264  loss=0.4574
  batch 250/264  loss=0.6711
  batch 260/264  loss=0.4701
Epoch 104/300  train=4.423e-01  rmse=1.8627  lr=1.0e-04  230s
  -> best  monitor=4.423e-01
  batch 10/264  loss=0.3691
  batch 20/264  loss=0.4651
  batch 30/264  loss=0.4429
  batch 40/264  loss=0.4258
  batch 50/264  loss=0.4596
  batch 60/264  loss=0.3631
  batch 70/264  loss=0.3249
  batch 80/264  loss=0.6631
  batch 90/264  loss=0.7892
  batch 100/264  loss=0.4923
  batch 110/264  loss=0.6120
  batch 120/264  loss=0.3943
  batch 130/264  loss=0.3968
  batch 140/264  loss=0.5569
  batch 150/264  loss=0.3705
  batch 160/264  loss=0.4453
  batch 170/264  loss=0.5705
  batch 180/264  loss=0.3593
  batch 190/264  loss=0.4694
  batch 200/264  loss=0.6232
  batch 210/264  loss=0.3889
  batch 220/264  loss=0.5699
  batch 230/264  loss=0.2992
  batch 240/264  loss=0.3756
  batch 250/264  loss=0.3481
  batch 260/264  loss=0.3985
Epoch 105/300  train=4.494e-01  rmse=1.9806  lr=1.0e-04  230s
  batch 10/264  loss=0.4214
  batch 20/264  loss=0.4041
  batch 30/264  loss=0.4394
  batch 40/264  loss=0.6224
  batch 50/264  loss=0.3558
  batch 60/264  loss=0.3286
  batch 70/264  loss=0.4897
  batch 80/264  loss=0.3663
  batch 90/264  loss=0.4036
  batch 100/264  loss=0.5026
  batch 110/264  loss=0.4458
  batch 120/264  loss=0.4106
  batch 130/264  loss=0.3597
  batch 140/264  loss=0.6858
  batch 150/264  loss=0.4346
  batch 160/264  loss=0.3625
  batch 170/264  loss=0.5468
  batch 180/264  loss=0.3462
  batch 190/264  loss=0.3265
  batch 200/264  loss=0.5721
  batch 210/264  loss=0.3681
  batch 220/264  loss=0.5270
  batch 230/264  loss=0.3363
  batch 240/264  loss=0.3972
  batch 250/264  loss=0.3667
  batch 260/264  loss=0.4151
Epoch 106/300  train=4.425e-01  rmse=2.1753  lr=1.0e-04  231s
  batch 10/264  loss=0.4744
  batch 20/264  loss=0.5019
  batch 30/264  loss=0.4423
  batch 40/264  loss=0.4061
  batch 50/264  loss=0.3670
  batch 60/264  loss=0.4623
  batch 70/264  loss=0.4659
  batch 80/264  loss=0.5802
  batch 90/264  loss=0.3114
  batch 100/264  loss=0.3878
  batch 110/264  loss=0.3917
  batch 120/264  loss=0.3817
  batch 130/264  loss=0.3269
  batch 140/264  loss=0.3593
  batch 150/264  loss=0.3611
  batch 160/264  loss=0.5766
  batch 170/264  loss=0.3597
  batch 180/264  loss=0.4036
  batch 190/264  loss=0.6714
  batch 200/264  loss=0.5176
  batch 210/264  loss=0.4026
  batch 220/264  loss=0.5735
  batch 230/264  loss=0.4384
  batch 240/264  loss=0.3528
  batch 250/264  loss=0.4606
  batch 260/264  loss=0.5679
Epoch 107/300  train=4.369e-01  rmse=1.8408  lr=1.0e-04  231s
  -> best  monitor=4.369e-01
  batch 10/264  loss=0.4476
  batch 20/264  loss=0.4414
  batch 30/264  loss=0.4627
  batch 40/264  loss=0.4732
  batch 50/264  loss=0.3910
  batch 60/264  loss=0.5016
  batch 70/264  loss=0.4760
  batch 80/264  loss=0.4341
  batch 90/264  loss=0.3948
  batch 100/264  loss=0.4532
  batch 110/264  loss=0.3822
  batch 120/264  loss=0.4004
  batch 130/264  loss=0.5137
  batch 140/264  loss=0.3995
  batch 150/264  loss=0.3302
  batch 160/264  loss=0.6284
  batch 170/264  loss=0.4655
  batch 180/264  loss=0.4094
  batch 190/264  loss=0.3753
  batch 200/264  loss=0.3615
  batch 210/264  loss=0.3397
  batch 220/264  loss=0.5254
  batch 230/264  loss=0.3853
  batch 240/264  loss=0.4244
  batch 250/264  loss=0.3447
  batch 260/264  loss=0.5060
Epoch 108/300  train=4.400e-01  rmse=1.8251  lr=1.0e-04  232s
  batch 10/264  loss=0.3452
  batch 20/264  loss=0.4723
  batch 30/264  loss=0.3734
  batch 40/264  loss=0.3453
  batch 50/264  loss=0.6248
  batch 60/264  loss=0.4742
  batch 70/264  loss=0.4026
  batch 80/264  loss=0.3225
  batch 90/264  loss=0.3672
  batch 100/264  loss=0.4077
  batch 110/264  loss=0.3709
  batch 120/264  loss=0.3599
  batch 130/264  loss=0.4185
  batch 140/264  loss=0.3415
  batch 150/264  loss=0.4036
  batch 160/264  loss=0.4222
  batch 170/264  loss=0.3522
  batch 180/264  loss=0.3481
  batch 190/264  loss=0.5365
  batch 200/264  loss=0.4209
  batch 210/264  loss=0.3644
  batch 220/264  loss=0.7415
  batch 230/264  loss=0.3119
  batch 240/264  loss=0.3609
  batch 250/264  loss=0.6294
  batch 260/264  loss=0.2940
Epoch 109/300  train=4.405e-01  rmse=1.9425  lr=1.0e-04  233s
  batch 10/264  loss=0.4749
  batch 20/264  loss=0.4024
  batch 30/264  loss=0.4673
  batch 40/264  loss=0.3921
  batch 50/264  loss=0.4098
  batch 60/264  loss=0.3889
  batch 70/264  loss=0.3808
  batch 80/264  loss=0.4374
  batch 90/264  loss=0.4413
  batch 100/264  loss=0.3659
  batch 110/264  loss=0.3311
  batch 120/264  loss=0.3851
  batch 130/264  loss=0.6599
  batch 140/264  loss=0.4507
  batch 150/264  loss=0.3673
  batch 160/264  loss=0.4210
  batch 170/264  loss=0.5023
  batch 180/264  loss=0.3383
  batch 190/264  loss=0.3307
  batch 200/264  loss=0.4672
  batch 210/264  loss=0.3599
  batch 220/264  loss=0.3925
  batch 230/264  loss=0.5833
  batch 240/264  loss=0.4514
  batch 250/264  loss=0.3914
  batch 260/264  loss=0.3737
Epoch 110/300  train=4.400e-01  rmse=1.9706  lr=1.0e-04  233s
  batch 10/264  loss=0.4019
  batch 20/264  loss=0.6246
  batch 30/264  loss=0.5184
  batch 40/264  loss=0.3473
  batch 50/264  loss=0.4108
  batch 60/264  loss=0.3867
  batch 70/264  loss=0.3942
  batch 80/264  loss=0.4210
  batch 90/264  loss=0.7112
  batch 100/264  loss=0.4328
  batch 110/264  loss=0.3822
  batch 120/264  loss=0.4505
  batch 130/264  loss=0.5377
  batch 140/264  loss=0.4394
  batch 150/264  loss=0.3413
  batch 160/264  loss=0.4523
  batch 170/264  loss=0.4037
  batch 180/264  loss=0.5670
  batch 190/264  loss=0.5057
  batch 200/264  loss=0.5912
  batch 210/264  loss=0.3872
  batch 220/264  loss=0.3744
  batch 230/264  loss=0.6548
  batch 240/264  loss=0.7138
  batch 250/264  loss=0.5027
  batch 260/264  loss=0.5088
Epoch 111/300  train=4.393e-01  rmse=1.8513  lr=1.0e-04  234s
  batch 10/264  loss=0.3431
  batch 20/264  loss=0.3633
  batch 30/264  loss=0.4330
  batch 40/264  loss=0.3314
  batch 50/264  loss=0.3992
  batch 60/264  loss=0.5062
  batch 70/264  loss=0.4408
  batch 80/264  loss=0.4654
  batch 90/264  loss=0.4143
  batch 100/264  loss=0.5771
  batch 110/264  loss=0.4829
  batch 120/264  loss=0.3768
  batch 130/264  loss=0.4916
  batch 140/264  loss=0.4203
  batch 150/264  loss=0.4407
  batch 160/264  loss=0.3348
  batch 170/264  loss=0.3837
  batch 180/264  loss=0.3109
  batch 190/264  loss=0.4659
  batch 200/264  loss=0.5866
  batch 210/264  loss=0.3202
  batch 220/264  loss=0.6631
  batch 230/264  loss=0.3998
  batch 240/264  loss=0.6020
  batch 250/264  loss=0.3218
  batch 260/264  loss=0.3417
Epoch 112/300  train=4.413e-01  rmse=1.9021  lr=1.0e-04  232s
  batch 10/264  loss=0.4421
  batch 20/264  loss=0.3858
  batch 30/264  loss=0.3854
  batch 40/264  loss=0.5937
  batch 50/264  loss=0.5377
  batch 60/264  loss=0.3517
  batch 70/264  loss=0.3111
  batch 80/264  loss=0.4270
  batch 90/264  loss=0.5360
  batch 100/264  loss=0.4671
  batch 110/264  loss=0.6468
  batch 120/264  loss=0.8669
  batch 130/264  loss=0.6566
  batch 140/264  loss=0.5443
  batch 150/264  loss=0.4617
  batch 160/264  loss=0.3086
  batch 170/264  loss=0.6090
  batch 180/264  loss=0.3645
  batch 190/264  loss=0.3503
  batch 200/264  loss=0.4524
  batch 210/264  loss=0.3307
  batch 220/264  loss=0.3912
  batch 230/264  loss=0.5781
  batch 240/264  loss=0.3640
  batch 250/264  loss=0.4915
  batch 260/264  loss=0.3268
Epoch 113/300  train=4.403e-01  rmse=2.6633  lr=1.0e-04  232s
  batch 10/264  loss=0.3768
  batch 20/264  loss=0.3337
  batch 30/264  loss=0.8604
  batch 40/264  loss=0.3348
  batch 50/264  loss=0.4410
  batch 60/264  loss=0.6419
  batch 70/264  loss=0.3548
  batch 80/264  loss=0.4810
  batch 90/264  loss=0.4300
  batch 100/264  loss=0.4668
  batch 110/264  loss=0.4010
  batch 120/264  loss=0.5218
  batch 130/264  loss=0.4206
  batch 140/264  loss=0.4857
  batch 150/264  loss=0.6614
  batch 160/264  loss=0.5330
  batch 170/264  loss=0.4914
  batch 180/264  loss=0.3092
  batch 190/264  loss=0.4053
  batch 200/264  loss=0.5272
  batch 210/264  loss=0.4523
  batch 220/264  loss=0.3577
  batch 230/264  loss=0.3953
  batch 240/264  loss=0.3518
  batch 250/264  loss=0.4139
  batch 260/264  loss=0.4110
Epoch 114/300  train=4.423e-01  rmse=1.9988  lr=1.0e-04  232s
  batch 10/264  loss=0.3886
  batch 20/264  loss=0.3358
  batch 30/264  loss=0.5262
  batch 40/264  loss=0.3885
  batch 50/264  loss=0.3422
  batch 60/264  loss=0.3358
  batch 70/264  loss=0.4650
  batch 80/264  loss=0.6896
  batch 90/264  loss=0.5413
  batch 100/264  loss=0.3823
  batch 110/264  loss=0.4115
  batch 120/264  loss=0.3502
  batch 130/264  loss=0.4292
  batch 140/264  loss=0.3430
  batch 150/264  loss=0.5046
  batch 160/264  loss=0.3665
  batch 170/264  loss=0.3436
  batch 180/264  loss=0.4471
  batch 190/264  loss=0.3750
  batch 200/264  loss=0.4752
  batch 210/264  loss=0.3683
  batch 220/264  loss=0.3515
  batch 230/264  loss=0.3597
  batch 240/264  loss=0.3770
  batch 250/264  loss=0.5846
  batch 260/264  loss=0.3594
Epoch 115/300  train=4.374e-01  rmse=2.4138  lr=1.0e-04  232s
  batch 10/264  loss=0.3765
  batch 20/264  loss=0.6760
  batch 30/264  loss=0.5939
  batch 40/264  loss=0.4439
  batch 50/264  loss=0.3912
  batch 60/264  loss=0.5861
  batch 70/264  loss=0.4022
  batch 80/264  loss=0.3577
  batch 90/264  loss=0.8588
  batch 100/264  loss=0.5601
  batch 110/264  loss=0.3784
  batch 120/264  loss=0.3524
  batch 130/264  loss=0.5582
  batch 140/264  loss=0.5163
  batch 150/264  loss=0.3920
  batch 160/264  loss=0.5237
  batch 170/264  loss=0.4224
  batch 180/264  loss=0.3832
  batch 190/264  loss=0.3594
  batch 200/264  loss=0.3251
  batch 210/264  loss=0.7044
  batch 220/264  loss=0.6516
  batch 230/264  loss=0.5364
  batch 240/264  loss=0.3636
  batch 250/264  loss=0.3068
  batch 260/264  loss=0.3892
Epoch 116/300  train=4.345e-01  rmse=1.9545  lr=1.0e-04  231s
  -> best  monitor=4.345e-01
  batch 10/264  loss=0.4144
  batch 20/264  loss=0.4294
  batch 30/264  loss=0.3239
  batch 40/264  loss=0.3549
  batch 50/264  loss=0.4375
  batch 60/264  loss=0.4250
  batch 70/264  loss=0.3780
  batch 80/264  loss=0.3505
  batch 90/264  loss=0.4479
  batch 100/264  loss=0.4353
  batch 110/264  loss=0.4141
  batch 120/264  loss=0.4796
  batch 130/264  loss=0.3755
  batch 140/264  loss=0.3545
  batch 150/264  loss=0.4284
  batch 160/264  loss=0.3890
  batch 170/264  loss=0.3462
  batch 180/264  loss=0.3251
  batch 190/264  loss=0.4655
  batch 200/264  loss=0.3787
  batch 210/264  loss=0.5498
  batch 220/264  loss=0.4925
  batch 230/264  loss=0.7169
  batch 240/264  loss=0.3987
  batch 250/264  loss=0.4046
  batch 260/264  loss=0.4081
Epoch 117/300  train=4.337e-01  rmse=1.8384  lr=1.0e-04  231s
  -> best  monitor=4.337e-01
  batch 10/264  loss=0.3755
  batch 20/264  loss=0.3744
  batch 30/264  loss=0.8185
  batch 40/264  loss=0.6018
  batch 50/264  loss=0.3852
  batch 60/264  loss=0.5356
  batch 70/264  loss=0.5112
  batch 80/264  loss=0.3360
  batch 90/264  loss=0.5376
  batch 100/264  loss=0.3784
  batch 110/264  loss=0.4506
  batch 120/264  loss=0.3352
  batch 130/264  loss=0.4180
  batch 140/264  loss=0.4427
  batch 150/264  loss=0.4813
  batch 160/264  loss=0.3571
  batch 170/264  loss=0.4496
  batch 180/264  loss=0.4074
  batch 190/264  loss=0.6329
  batch 200/264  loss=0.3292
  batch 210/264  loss=0.4458
  batch 220/264  loss=0.3485
  batch 230/264  loss=0.4617
  batch 240/264  loss=0.4573
  batch 250/264  loss=0.3312
  batch 260/264  loss=0.5034
Epoch 118/300  train=4.356e-01  rmse=1.9352  lr=1.0e-04  232s
  batch 10/264  loss=0.5404
  batch 20/264  loss=0.3473
  batch 30/264  loss=0.3170
  batch 40/264  loss=0.4733
  batch 50/264  loss=0.5837
  batch 60/264  loss=0.4051
  batch 70/264  loss=0.4685
  batch 80/264  loss=0.5016
  batch 90/264  loss=0.4440
  batch 100/264  loss=0.4571
  batch 110/264  loss=0.3663
  batch 120/264  loss=0.4998
  batch 130/264  loss=0.4298
  batch 140/264  loss=0.3467
  batch 150/264  loss=0.8672
  batch 160/264  loss=0.4579
  batch 170/264  loss=0.3149
  batch 180/264  loss=0.3794
  batch 190/264  loss=0.3668
  batch 200/264  loss=0.3269
  batch 210/264  loss=0.3485
  batch 220/264  loss=0.3931
  batch 230/264  loss=0.3553
  batch 240/264  loss=0.4941
  batch 250/264  loss=0.4002
  batch 260/264  loss=0.6958
Epoch 119/300  train=4.326e-01  rmse=1.8691  lr=1.0e-04  231s
  -> best  monitor=4.326e-01
  batch 10/264  loss=0.3330
  batch 20/264  loss=0.4706
  batch 30/264  loss=0.3465
  batch 40/264  loss=0.3336
  batch 50/264  loss=0.3990
  batch 60/264  loss=0.3711
  batch 70/264  loss=0.3805
  batch 80/264  loss=0.4147
  batch 90/264  loss=0.3328
  batch 100/264  loss=0.3675
  batch 110/264  loss=0.7245
  batch 120/264  loss=0.4003
  batch 130/264  loss=0.4092
  batch 140/264  loss=0.6750
  batch 150/264  loss=0.4792
  batch 160/264  loss=0.4170
  batch 170/264  loss=0.6274
  batch 180/264  loss=0.6899
  batch 190/264  loss=0.5992
  batch 200/264  loss=0.4419
  batch 210/264  loss=0.4420
  batch 220/264  loss=0.3613
  batch 230/264  loss=0.3646
  batch 240/264  loss=0.4401
  batch 250/264  loss=0.3626
  batch 260/264  loss=0.3883
Epoch 120/300  train=4.297e-01  rmse=4.5716  lr=1.0e-04  231s
  -> best  monitor=4.297e-01
  batch 10/264  loss=0.3718
  batch 20/264  loss=0.4140
  batch 30/264  loss=0.3629
  batch 40/264  loss=0.4055
  batch 50/264  loss=0.3353
  batch 60/264  loss=0.4892
  batch 70/264  loss=0.4164
  batch 80/264  loss=0.3356
  batch 90/264  loss=0.7913
  batch 100/264  loss=0.4297
  batch 110/264  loss=0.3836
  batch 120/264  loss=0.4212
  batch 130/264  loss=0.3319
  batch 140/264  loss=0.6006
  batch 150/264  loss=0.3598
  batch 160/264  loss=0.5344
  batch 170/264  loss=0.5712
  batch 180/264  loss=0.4673
  batch 190/264  loss=0.5762
  batch 200/264  loss=0.6031
  batch 210/264  loss=0.3867
  batch 220/264  loss=0.4313
  batch 230/264  loss=0.4016
  batch 240/264  loss=0.4028
  batch 250/264  loss=0.3639
  batch 260/264  loss=0.3419
Epoch 121/300  train=4.324e-01  rmse=2.1125  lr=1.0e-04  231s
  batch 10/264  loss=0.3879
  batch 20/264  loss=0.3891
  batch 30/264  loss=0.3535
  batch 40/264  loss=0.4061
  batch 50/264  loss=0.3973
  batch 60/264  loss=0.4552
  batch 70/264  loss=0.3252
  batch 80/264  loss=0.4461
  batch 90/264  loss=0.3490
  batch 100/264  loss=0.3835
  batch 110/264  loss=0.5501
  batch 120/264  loss=0.3892
  batch 130/264  loss=0.4288
  batch 140/264  loss=0.3866
  batch 150/264  loss=0.3231
  batch 160/264  loss=0.4770
  batch 170/264  loss=0.4985
  batch 180/264  loss=0.7044
  batch 190/264  loss=0.7264
  batch 200/264  loss=0.4090
  batch 210/264  loss=0.3688
  batch 220/264  loss=0.5341
  batch 230/264  loss=0.5280
  batch 240/264  loss=0.5494
  batch 250/264  loss=0.5153
  batch 260/264  loss=0.4125
Epoch 122/300  train=4.247e-01  rmse=1.8516  lr=1.0e-04  231s
  -> best  monitor=4.247e-01
  batch 10/264  loss=0.3786
  batch 20/264  loss=0.3953
  batch 30/264  loss=0.3662
  batch 40/264  loss=0.3483
  batch 50/264  loss=0.4234
  batch 60/264  loss=0.3481
  batch 70/264  loss=0.3926
  batch 80/264  loss=0.4648
  batch 90/264  loss=0.5285
  batch 100/264  loss=0.3062
  batch 110/264  loss=0.6599
  batch 120/264  loss=0.4291
  batch 130/264  loss=0.3293
  batch 140/264  loss=0.5515
  batch 150/264  loss=0.4473
  batch 160/264  loss=0.3283
  batch 170/264  loss=0.4641
  batch 180/264  loss=0.3312
  batch 190/264  loss=0.8462
  batch 200/264  loss=0.4457
  batch 210/264  loss=0.5499
  batch 220/264  loss=0.3574
  batch 230/264  loss=0.3951
  batch 240/264  loss=0.6121
  batch 250/264  loss=0.5782
  batch 260/264  loss=0.3209
Epoch 123/300  train=4.307e-01  rmse=1.7933  lr=1.0e-04  233s
  batch 10/264  loss=0.4257
  batch 20/264  loss=0.6437
  batch 30/264  loss=0.3423
  batch 40/264  loss=0.3229
  batch 50/264  loss=0.4749
  batch 60/264  loss=0.3363
  batch 70/264  loss=0.4355
  batch 80/264  loss=0.6681
  batch 90/264  loss=0.3979
  batch 100/264  loss=0.4336
  batch 110/264  loss=0.3952
  batch 120/264  loss=0.3435
  batch 130/264  loss=0.3897
  batch 140/264  loss=0.4397
  batch 150/264  loss=0.4484
  batch 160/264  loss=0.4455
  batch 170/264  loss=0.4477
  batch 180/264  loss=0.3462
  batch 190/264  loss=0.3638
  batch 200/264  loss=0.5938
  batch 210/264  loss=0.3932
  batch 220/264  loss=0.3376
  batch 230/264  loss=0.4555
  batch 240/264  loss=0.4948
  batch 250/264  loss=0.3036
  batch 260/264  loss=0.3290
Epoch 124/300  train=4.290e-01  rmse=1.8190  lr=1.0e-04  231s
  batch 10/264  loss=0.3712
  batch 20/264  loss=0.3226
  batch 30/264  loss=0.3541
  batch 40/264  loss=0.4371
  batch 50/264  loss=0.5531
  batch 60/264  loss=0.3883
  batch 70/264  loss=0.5766
  batch 80/264  loss=0.3926
  batch 90/264  loss=0.5483
  batch 100/264  loss=0.3286
  batch 110/264  loss=0.4021
  batch 120/264  loss=0.4100
  batch 130/264  loss=0.6215
  batch 140/264  loss=0.4871
  batch 150/264  loss=0.4191
  batch 160/264  loss=0.4242
  batch 170/264  loss=0.3689
  batch 180/264  loss=0.3819
  batch 190/264  loss=0.3680
  batch 200/264  loss=0.7121
  batch 210/264  loss=0.5293
  batch 220/264  loss=0.3176
  batch 230/264  loss=0.4390
  batch 240/264  loss=0.5320
  batch 250/264  loss=0.5682
  batch 260/264  loss=0.3458
Epoch 125/300  train=4.291e-01  rmse=2.6175  lr=1.0e-04  232s
  batch 10/264  loss=0.3502
  batch 20/264  loss=0.2879
  batch 30/264  loss=0.4309
  batch 40/264  loss=0.4234
  batch 50/264  loss=0.7236
  batch 60/264  loss=0.4302
  batch 70/264  loss=0.3551
  batch 80/264  loss=0.5311
  batch 90/264  loss=0.3387
  batch 100/264  loss=0.3617
  batch 110/264  loss=0.4360
  batch 120/264  loss=0.4814
  batch 130/264  loss=0.4131
  batch 140/264  loss=0.4737
  batch 150/264  loss=0.4042
  batch 160/264  loss=0.6549
  batch 170/264  loss=0.3892
  batch 180/264  loss=0.3648
  batch 190/264  loss=0.4326
  batch 200/264  loss=0.4651
  batch 210/264  loss=0.4449
  batch 220/264  loss=0.4131
  batch 230/264  loss=0.5684
  batch 240/264  loss=0.5482
  batch 250/264  loss=0.3502
  batch 260/264  loss=0.5009
Epoch 126/300  train=4.282e-01  rmse=2.4619  lr=1.0e-04  233s
  batch 10/264  loss=0.5641
  batch 20/264  loss=0.3447
  batch 30/264  loss=0.4404
  batch 40/264  loss=0.3699
  batch 50/264  loss=0.4647
  batch 60/264  loss=0.4889
  batch 70/264  loss=0.3390
  batch 80/264  loss=0.6326
  batch 90/264  loss=0.4223
  batch 100/264  loss=0.4101
  batch 110/264  loss=0.3117
  batch 120/264  loss=0.3403
  batch 130/264  loss=0.6125
  batch 140/264  loss=0.3802
  batch 150/264  loss=0.4062
  batch 160/264  loss=0.4305
  batch 170/264  loss=0.3648
  batch 180/264  loss=0.4738
  batch 190/264  loss=0.3499
  batch 200/264  loss=0.3421
  batch 210/264  loss=0.4408
  batch 220/264  loss=0.4160
  batch 230/264  loss=0.6196
  batch 240/264  loss=0.3740
  batch 250/264  loss=0.5112
  batch 260/264  loss=0.3581
Epoch 127/300  train=4.291e-01  rmse=2.1798  lr=1.0e-04  232s
  batch 10/264  loss=0.3368
  batch 20/264  loss=0.4225
  batch 30/264  loss=0.2647
  batch 40/264  loss=0.4120
  batch 50/264  loss=0.3214
  batch 60/264  loss=0.4103
  batch 70/264  loss=0.5320
  batch 80/264  loss=0.3054
  batch 90/264  loss=0.4175
  batch 100/264  loss=0.6182
  batch 110/264  loss=0.9171
  batch 120/264  loss=0.3408
  batch 130/264  loss=0.3968
  batch 140/264  loss=0.8976
  batch 150/264  loss=0.3293
  batch 160/264  loss=0.3537
  batch 170/264  loss=0.5064
  batch 180/264  loss=0.3811
  batch 190/264  loss=0.3433
  batch 200/264  loss=0.4132
  batch 210/264  loss=0.3946
  batch 220/264  loss=0.4492
  batch 230/264  loss=0.4300
  batch 240/264  loss=0.3715
  batch 250/264  loss=0.3841
  batch 260/264  loss=0.3634
Epoch 128/300  train=4.286e-01  rmse=2.3538  lr=1.0e-04  231s
  batch 10/264  loss=0.3145
  batch 20/264  loss=0.4363
  batch 30/264  loss=0.3880
  batch 40/264  loss=0.4724
  batch 50/264  loss=0.4095
  batch 60/264  loss=0.3322
  batch 70/264  loss=0.4712
  batch 80/264  loss=0.4680
  batch 90/264  loss=0.5586
  batch 100/264  loss=0.4694
  batch 110/264  loss=0.4353
  batch 120/264  loss=0.3839
  batch 130/264  loss=0.3935
  batch 140/264  loss=0.4598
  batch 150/264  loss=0.3874
  batch 160/264  loss=0.3830
  batch 170/264  loss=0.4436
  batch 180/264  loss=0.3171
  batch 190/264  loss=0.6581
  batch 200/264  loss=0.4066
  batch 210/264  loss=0.4204
  batch 220/264  loss=0.3243
  batch 230/264  loss=0.3218
  batch 240/264  loss=0.3205
  batch 250/264  loss=0.4754
  batch 260/264  loss=0.4591
Epoch 129/300  train=4.282e-01  rmse=1.8369  lr=1.0e-04  232s
  batch 10/264  loss=0.3764
  batch 20/264  loss=0.3530
  batch 30/264  loss=0.3499
  batch 40/264  loss=0.4179
  batch 50/264  loss=0.5252
  batch 60/264  loss=0.3018
  batch 70/264  loss=0.3349
  batch 80/264  loss=0.3761
  batch 90/264  loss=0.3832
  batch 100/264  loss=0.6749
  batch 110/264  loss=0.3865
  batch 120/264  loss=0.3932
  batch 130/264  loss=0.4547
  batch 140/264  loss=0.4341
  batch 150/264  loss=0.3543
  batch 160/264  loss=0.3290
  batch 170/264  loss=0.4365
  batch 180/264  loss=0.3923
  batch 190/264  loss=0.3640
  batch 200/264  loss=0.3341
  batch 210/264  loss=0.4184
  batch 220/264  loss=0.4176
  batch 230/264  loss=0.7420
  batch 240/264  loss=0.4644
  batch 250/264  loss=0.4757
  batch 260/264  loss=0.3479
Epoch 130/300  train=4.227e-01  rmse=1.8470  lr=1.0e-04  231s
  -> best  monitor=4.227e-01
  batch 10/264  loss=0.3699
  batch 20/264  loss=0.3872
  batch 30/264  loss=0.3952
  batch 40/264  loss=0.5433
  batch 50/264  loss=0.4445
  batch 60/264  loss=0.3582
  batch 70/264  loss=0.3301
  batch 80/264  loss=0.3792
  batch 90/264  loss=0.5593
  batch 100/264  loss=0.3737
  batch 110/264  loss=0.3323
  batch 120/264  loss=0.3158
  batch 130/264  loss=0.5098
  batch 140/264  loss=0.4126
  batch 150/264  loss=0.4064
  batch 160/264  loss=0.3336
  batch 170/264  loss=0.3751
  batch 180/264  loss=0.4039
  batch 190/264  loss=0.4674
  batch 200/264  loss=0.4233
  batch 210/264  loss=0.3644
  batch 220/264  loss=0.3039
  batch 230/264  loss=0.3662
  batch 240/264  loss=0.3553
  batch 250/264  loss=0.3409
  batch 260/264  loss=0.4338
Epoch 131/300  train=4.203e-01  rmse=1.9612  lr=1.0e-04  230s
  -> best  monitor=4.203e-01
  batch 10/264  loss=0.4053
  batch 20/264  loss=0.3842
  batch 30/264  loss=0.3557
  batch 40/264  loss=0.5803
  batch 50/264  loss=0.4697
  batch 60/264  loss=0.7110
  batch 70/264  loss=0.5861
  batch 80/264  loss=0.3534
  batch 90/264  loss=0.2885
  batch 100/264  loss=0.7039
  batch 110/264  loss=0.4414
  batch 120/264  loss=0.2904
  batch 130/264  loss=0.3422
  batch 140/264  loss=0.4121
  batch 150/264  loss=0.3286
  batch 160/264  loss=0.4107
  batch 170/264  loss=0.4187
  batch 180/264  loss=0.3381
  batch 190/264  loss=0.3614
  batch 200/264  loss=0.5699
  batch 210/264  loss=0.4547
  batch 220/264  loss=0.4003
  batch 230/264  loss=0.4075
  batch 240/264  loss=0.5589
  batch 250/264  loss=0.3016
  batch 260/264  loss=0.4081
Epoch 132/300  train=4.247e-01  rmse=1.8718  lr=1.0e-04  231s
  batch 10/264  loss=0.3218
  batch 20/264  loss=0.3535
  batch 30/264  loss=0.6227
  batch 40/264  loss=0.4684
  batch 50/264  loss=0.3866
  batch 60/264  loss=0.4365
  batch 70/264  loss=0.3881
  batch 80/264  loss=0.4410
  batch 90/264  loss=0.4443
  batch 100/264  loss=0.3621
  batch 110/264  loss=0.4106
  batch 120/264  loss=0.4008
  batch 130/264  loss=0.3742
  batch 140/264  loss=0.3944
  batch 150/264  loss=0.5321
  batch 160/264  loss=0.3025
  batch 170/264  loss=0.3527
  batch 180/264  loss=0.4344
  batch 190/264  loss=0.5292
  batch 200/264  loss=0.3734
  batch 210/264  loss=0.3320
  batch 220/264  loss=0.3325
  batch 230/264  loss=0.3226
  batch 240/264  loss=0.3816
  batch 250/264  loss=0.3983
  batch 260/264  loss=0.3208
Epoch 133/300  train=4.195e-01  rmse=3.2792  lr=1.0e-04  230s
  -> best  monitor=4.195e-01
  batch 10/264  loss=0.3426
  batch 20/264  loss=0.3895
  batch 30/264  loss=0.3375
  batch 40/264  loss=0.3054
  batch 50/264  loss=0.3141
  batch 60/264  loss=0.3359
  batch 70/264  loss=0.3497
  batch 80/264  loss=0.3446
  batch 90/264  loss=0.3889
  batch 100/264  loss=0.3963
  batch 110/264  loss=0.5488
  batch 120/264  loss=0.5915
  batch 130/264  loss=0.4019
  batch 140/264  loss=0.3779
  batch 150/264  loss=0.4248
  batch 160/264  loss=0.4521
  batch 170/264  loss=0.4023
  batch 180/264  loss=0.6282
  batch 190/264  loss=0.3580
  batch 200/264  loss=0.4179
  batch 210/264  loss=0.3601
  batch 220/264  loss=0.4064
  batch 230/264  loss=0.3144
  batch 240/264  loss=0.4694
  batch 250/264  loss=0.7679
  batch 260/264  loss=0.4101
Epoch 134/300  train=4.253e-01  rmse=1.9206  lr=1.0e-04  230s
  batch 10/264  loss=0.4377
  batch 20/264  loss=0.4497
  batch 30/264  loss=0.3790
  batch 40/264  loss=0.4995
  batch 50/264  loss=0.3406
  batch 60/264  loss=0.5126
  batch 70/264  loss=0.4059
  batch 80/264  loss=0.3677
  batch 90/264  loss=0.4300
  batch 100/264  loss=0.3042
  batch 110/264  loss=0.6094
  batch 120/264  loss=0.3167
  batch 130/264  loss=0.7242
  batch 140/264  loss=0.3755
  batch 150/264  loss=0.5130
  batch 160/264  loss=0.4264
  batch 170/264  loss=0.3497
  batch 180/264  loss=0.7041
  batch 190/264  loss=0.4792
  batch 200/264  loss=0.5070
  batch 210/264  loss=0.3537
  batch 220/264  loss=0.5667
  batch 230/264  loss=0.5289
  batch 240/264  loss=0.3973
  batch 250/264  loss=0.4345
  batch 260/264  loss=0.3649
Epoch 135/300  train=4.275e-01  rmse=1.8846  lr=1.0e-04  231s
  batch 10/264  loss=0.6222
  batch 20/264  loss=0.3188
  batch 30/264  loss=0.4004
  batch 40/264  loss=0.4374
  batch 50/264  loss=0.3627
  batch 60/264  loss=0.3511
  batch 70/264  loss=0.4585
  batch 80/264  loss=0.4569
  batch 90/264  loss=0.6169
  batch 100/264  loss=0.4085
  batch 110/264  loss=0.4967
  batch 120/264  loss=0.4258
  batch 130/264  loss=0.3462
  batch 140/264  loss=0.6038
  batch 150/264  loss=0.3247
  batch 160/264  loss=0.5191
  batch 170/264  loss=0.3376
  batch 180/264  loss=0.3327
  batch 190/264  loss=0.3259
  batch 200/264  loss=0.4263
  batch 210/264  loss=0.4501
  batch 220/264  loss=0.3883
  batch 230/264  loss=0.4920
  batch 240/264  loss=0.4403
  batch 250/264  loss=0.4922
  batch 260/264  loss=0.4011
Epoch 136/300  train=4.229e-01  rmse=1.7495  lr=1.0e-04  233s
  batch 10/264  loss=0.4392
  batch 20/264  loss=0.4285
  batch 30/264  loss=0.2987
  batch 40/264  loss=0.4776
  batch 50/264  loss=0.2944
  batch 60/264  loss=0.4110
  batch 70/264  loss=0.3336
  batch 80/264  loss=0.4424
  batch 90/264  loss=0.4209
  batch 100/264  loss=0.3457
  batch 110/264  loss=0.4093
  batch 120/264  loss=0.5433
  batch 130/264  loss=0.9214
  batch 140/264  loss=0.3491
  batch 150/264  loss=0.6149
  batch 160/264  loss=0.3895
  batch 170/264  loss=0.4055
  batch 180/264  loss=0.4044
  batch 190/264  loss=0.3674
  batch 200/264  loss=0.4426
  batch 210/264  loss=0.3730
  batch 220/264  loss=0.3190
  batch 230/264  loss=0.4601
  batch 240/264  loss=0.3735
  batch 250/264  loss=0.3704
  batch 260/264  loss=0.2932
Epoch 137/300  train=4.175e-01  rmse=2.2364  lr=1.0e-04  233s
  -> best  monitor=4.175e-01
  batch 10/264  loss=0.3521
  batch 20/264  loss=0.4559
  batch 30/264  loss=0.5511
  batch 40/264  loss=0.4091
  batch 50/264  loss=0.3753
  batch 60/264  loss=0.4443
  batch 70/264  loss=0.3567
  batch 80/264  loss=0.4079
  batch 90/264  loss=0.3716
  batch 100/264  loss=0.4004
  batch 110/264  loss=0.3599
  batch 120/264  loss=0.3648
  batch 130/264  loss=0.3647
  batch 140/264  loss=0.3529
  batch 150/264  loss=0.4003
  batch 160/264  loss=0.3511
  batch 170/264  loss=0.3196
  batch 180/264  loss=0.5941
  batch 190/264  loss=0.4008
  batch 200/264  loss=0.5651
  batch 210/264  loss=0.3834
  batch 220/264  loss=0.3597
  batch 230/264  loss=0.6711
  batch 240/264  loss=0.3614
  batch 250/264  loss=0.4161
  batch 260/264  loss=0.3902
Epoch 138/300  train=4.183e-01  rmse=1.8811  lr=1.0e-04  233s
  batch 10/264  loss=0.3724
  batch 20/264  loss=0.3999
  batch 30/264  loss=0.3792
  batch 40/264  loss=0.4037
  batch 50/264  loss=0.4463
  batch 60/264  loss=0.4056
  batch 70/264  loss=0.3882
  batch 80/264  loss=0.4737
  batch 90/264  loss=0.4748
  batch 100/264  loss=0.3770
  batch 110/264  loss=0.4028
  batch 120/264  loss=0.3354
  batch 130/264  loss=0.5157
  batch 140/264  loss=0.3478
  batch 150/264  loss=0.5262
  batch 160/264  loss=0.4567
  batch 170/264  loss=0.3969
  batch 180/264  loss=0.3719
  batch 190/264  loss=0.4719
  batch 200/264  loss=0.6181
  batch 210/264  loss=0.3992
  batch 220/264  loss=0.3825
  batch 230/264  loss=0.3569
  batch 240/264  loss=0.2997
  batch 250/264  loss=0.3260
  batch 260/264  loss=0.3509
Epoch 139/300  train=4.221e-01  rmse=2.0404  lr=1.0e-04  231s
  batch 10/264  loss=0.3562
  batch 20/264  loss=0.4079
  batch 30/264  loss=0.4983
  batch 40/264  loss=0.5210
  batch 50/264  loss=0.3760
  batch 60/264  loss=0.4432
  batch 70/264  loss=0.7209
  batch 80/264  loss=0.4788
  batch 90/264  loss=0.3858
  batch 100/264  loss=0.4628
  batch 110/264  loss=0.4087
  batch 120/264  loss=0.4033
  batch 130/264  loss=0.3319
  batch 140/264  loss=0.3657
  batch 150/264  loss=0.5932
  batch 160/264  loss=0.4751
  batch 170/264  loss=0.3326
  batch 180/264  loss=0.6370
  batch 190/264  loss=0.4403
  batch 200/264  loss=0.5854
  batch 210/264  loss=0.5643
  batch 220/264  loss=0.5592
  batch 230/264  loss=0.5573
  batch 240/264  loss=0.3714
  batch 250/264  loss=0.3003
  batch 260/264  loss=0.4288
Epoch 140/300  train=4.132e-01  rmse=1.9829  lr=1.0e-04  231s
  -> best  monitor=4.132e-01
  batch 10/264  loss=0.3287
  batch 20/264  loss=0.4728
  batch 30/264  loss=0.4388
  batch 40/264  loss=0.3847
  batch 50/264  loss=0.3033
  batch 60/264  loss=0.3678
  batch 70/264  loss=0.5826
  batch 80/264  loss=0.3429
  batch 90/264  loss=0.3250
  batch 100/264  loss=0.3758
  batch 110/264  loss=0.3715
  batch 120/264  loss=0.4728
  batch 130/264  loss=0.3506
  batch 140/264  loss=0.3195
  batch 150/264  loss=0.4565
  batch 160/264  loss=0.4150
  batch 170/264  loss=0.5846
  batch 180/264  loss=0.6461
  batch 190/264  loss=0.5118
  batch 200/264  loss=0.3516
  batch 210/264  loss=0.4334
  batch 220/264  loss=0.3921
  batch 230/264  loss=0.3157
  batch 240/264  loss=0.4290
  batch 250/264  loss=0.4873
  batch 260/264  loss=0.3169
Epoch 141/300  train=4.132e-01  rmse=2.1281  lr=1.0e-04  230s
  -> best  monitor=4.132e-01
  batch 10/264  loss=0.3687
  batch 20/264  loss=0.4357
  batch 30/264  loss=0.3515
  batch 40/264  loss=0.3523
  batch 50/264  loss=0.3228
  batch 60/264  loss=0.5174
  batch 70/264  loss=0.3538
  batch 80/264  loss=0.5192
  batch 90/264  loss=0.3823
  batch 100/264  loss=0.3937
  batch 110/264  loss=0.3303
  batch 120/264  loss=0.2950
  batch 130/264  loss=0.3347
  batch 140/264  loss=0.5340
  batch 150/264  loss=0.3096
  batch 160/264  loss=0.4295
  batch 170/264  loss=0.3417
  batch 180/264  loss=0.7554
  batch 190/264  loss=0.3997
  batch 200/264  loss=0.3754
  batch 210/264  loss=0.4892
  batch 220/264  loss=0.4181
  batch 230/264  loss=0.3522
  batch 240/264  loss=0.4084
  batch 250/264  loss=0.3371
  batch 260/264  loss=0.6090
Epoch 142/300  train=4.225e-01  rmse=1.9737  lr=1.0e-04  231s
  batch 10/264  loss=0.4175
  batch 20/264  loss=0.5197
  batch 30/264  loss=0.5737
  batch 40/264  loss=0.4328
  batch 50/264  loss=0.3631
  batch 60/264  loss=0.3840
  batch 70/264  loss=0.3574
  batch 80/264  loss=0.5468
  batch 90/264  loss=0.4955
  batch 100/264  loss=0.5817
  batch 110/264  loss=0.4369
  batch 120/264  loss=0.3425
  batch 130/264  loss=0.3463
  batch 140/264  loss=0.3242
  batch 150/264  loss=0.3523
  batch 160/264  loss=0.3443
  batch 170/264  loss=0.3698
  batch 180/264  loss=0.3453
  batch 190/264  loss=0.3487
  batch 200/264  loss=0.3293
  batch 210/264  loss=0.4781
  batch 220/264  loss=0.4265
  batch 230/264  loss=0.3987
  batch 240/264  loss=0.4157
  batch 250/264  loss=0.3410
  batch 260/264  loss=0.8841
Epoch 143/300  train=4.162e-01  rmse=1.7435  lr=1.0e-04  231s
  batch 10/264  loss=0.4045
  batch 20/264  loss=0.3126
  batch 30/264  loss=0.3465
  batch 40/264  loss=0.4482
  batch 50/264  loss=0.3674
  batch 60/264  loss=0.3864
  batch 70/264  loss=0.5542
  batch 80/264  loss=0.3351
  batch 90/264  loss=0.3307
  batch 100/264  loss=0.3829
  batch 110/264  loss=0.3746
  batch 120/264  loss=0.3769
  batch 130/264  loss=0.3904
  batch 140/264  loss=0.4910
  batch 150/264  loss=0.5020
  batch 160/264  loss=0.3318
  batch 170/264  loss=0.3349
  batch 180/264  loss=0.3639
  batch 190/264  loss=0.6722
  batch 200/264  loss=0.3656
  batch 210/264  loss=0.4357
  batch 220/264  loss=0.3735
  batch 230/264  loss=0.4383
  batch 240/264  loss=0.4923
  batch 250/264  loss=0.4565
  batch 260/264  loss=0.4088
Epoch 144/300  train=4.162e-01  rmse=1.9148  lr=1.0e-04  231s
  batch 10/264  loss=0.4487
  batch 20/264  loss=0.5082
  batch 30/264  loss=0.3353
  batch 40/264  loss=0.3263
  batch 50/264  loss=0.3878
  batch 60/264  loss=0.3347
  batch 70/264  loss=0.3167
  batch 80/264  loss=0.4986
  batch 90/264  loss=0.3988
  batch 100/264  loss=0.4541
  batch 110/264  loss=0.3840
  batch 120/264  loss=0.5129
  batch 130/264  loss=0.4065
  batch 140/264  loss=0.4210
  batch 150/264  loss=0.3017
  batch 160/264  loss=0.4925
  batch 170/264  loss=0.4919
  batch 180/264  loss=0.3678
  batch 190/264  loss=0.4678
  batch 200/264  loss=0.3488
  batch 210/264  loss=0.4706
  batch 220/264  loss=0.3764
  batch 230/264  loss=0.4959
  batch 240/264  loss=0.4808
  batch 250/264  loss=0.3158
  batch 260/264  loss=0.5419
Epoch 145/300  train=4.165e-01  rmse=1.8559  lr=1.0e-04  231s
  batch 10/264  loss=0.4072
  batch 20/264  loss=0.4595
  batch 30/264  loss=0.3217
  batch 40/264  loss=0.5052
  batch 50/264  loss=0.3214
  batch 60/264  loss=0.3623
  batch 70/264  loss=0.3036
  batch 80/264  loss=0.3518
  batch 90/264  loss=0.3985
  batch 100/264  loss=0.3739
  batch 110/264  loss=0.3993
  batch 120/264  loss=0.4095
  batch 130/264  loss=0.5878
  batch 140/264  loss=0.3032
  batch 150/264  loss=0.4024
  batch 160/264  loss=0.4998
  batch 170/264  loss=0.3806
  batch 180/264  loss=0.3685
  batch 190/264  loss=0.3310
  batch 200/264  loss=0.3935
  batch 210/264  loss=0.3715
  batch 220/264  loss=0.5250
  batch 230/264  loss=0.3997
  batch 240/264  loss=0.5637
  batch 250/264  loss=0.5493
  batch 260/264  loss=0.4124
Epoch 146/300  train=4.133e-01  rmse=1.7620  lr=1.0e-04  233s
  batch 10/264  loss=0.3963
  batch 20/264  loss=0.3586
  batch 30/264  loss=0.4144
  batch 40/264  loss=0.3526
  batch 50/264  loss=0.3990
  batch 60/264  loss=0.3737
  batch 70/264  loss=0.5891
  batch 80/264  loss=0.3431
  batch 90/264  loss=0.5590
  batch 100/264  loss=0.3696
  batch 110/264  loss=0.4523
  batch 120/264  loss=0.3615
  batch 130/264  loss=0.4783
  batch 140/264  loss=0.3757
  batch 150/264  loss=0.3279
  batch 160/264  loss=0.4158
  batch 170/264  loss=0.4539
  batch 180/264  loss=0.5007
  batch 190/264  loss=0.2935
  batch 200/264  loss=0.6489
  batch 210/264  loss=0.4086
  batch 220/264  loss=0.3789
  batch 230/264  loss=0.3916
  batch 240/264  loss=0.5108
  batch 250/264  loss=0.5231
  batch 260/264  loss=0.3611
Epoch 147/300  train=4.137e-01  rmse=2.3962  lr=1.0e-04  236s
  batch 10/264  loss=0.4375
  batch 20/264  loss=0.3103
  batch 30/264  loss=0.3133
  batch 40/264  loss=0.3355
  batch 50/264  loss=0.4311
  batch 60/264  loss=0.3714
  batch 70/264  loss=0.3927
  batch 80/264  loss=0.3826
  batch 90/264  loss=0.3992
  batch 100/264  loss=0.3037
  batch 110/264  loss=0.4221
  batch 120/264  loss=0.3285
  batch 130/264  loss=0.3194
  batch 140/264  loss=0.4075
  batch 150/264  loss=0.3453
  batch 160/264  loss=0.3851
  batch 170/264  loss=0.5203
  batch 180/264  loss=0.4975
  batch 190/264  loss=0.5907
  batch 200/264  loss=0.4663
  batch 210/264  loss=0.4926
  batch 220/264  loss=0.4670
  batch 230/264  loss=0.4828
  batch 240/264  loss=0.3553
  batch 250/264  loss=0.4182
  batch 260/264  loss=0.3598
Epoch 148/300  train=4.184e-01  rmse=2.1058  lr=1.0e-04  235s
  batch 10/264  loss=0.3460
  batch 20/264  loss=0.3192
  batch 30/264  loss=0.2984
  batch 40/264  loss=0.4516
  batch 50/264  loss=0.4044
  batch 60/264  loss=0.4584
  batch 70/264  loss=0.3269
  batch 80/264  loss=0.3179
  batch 90/264  loss=0.3557
  batch 100/264  loss=0.6198
  batch 110/264  loss=0.4667
  batch 120/264  loss=0.5938
  batch 130/264  loss=0.3756
  batch 140/264  loss=0.3042
  batch 150/264  loss=0.4790
  batch 160/264  loss=0.5004
  batch 170/264  loss=0.3981
  batch 180/264  loss=0.5356
  batch 190/264  loss=0.3079
  batch 200/264  loss=0.3915
  batch 210/264  loss=0.3506
  batch 220/264  loss=0.4612
  batch 230/264  loss=0.4720
  batch 240/264  loss=0.3869
  batch 250/264  loss=0.4148
  batch 260/264  loss=0.4765
Epoch 149/300  train=4.149e-01  rmse=2.0465  lr=1.0e-04  234s
  batch 10/264  loss=0.3188
  batch 20/264  loss=0.4016
  batch 30/264  loss=0.5128
  batch 40/264  loss=0.3285
  batch 50/264  loss=0.4003
  batch 60/264  loss=0.4146
  batch 70/264  loss=0.2819
  batch 80/264  loss=0.3281
  batch 90/264  loss=0.6136
  batch 100/264  loss=0.4333
  batch 110/264  loss=0.4347
  batch 120/264  loss=0.3791
  batch 130/264  loss=0.8027
  batch 140/264  loss=0.4164
  batch 150/264  loss=0.8615
  batch 160/264  loss=0.3707
  batch 170/264  loss=0.3277
  batch 180/264  loss=0.5703
  batch 190/264  loss=0.3167
  batch 200/264  loss=0.4272
  batch 210/264  loss=0.3829
  batch 220/264  loss=0.4311
  batch 230/264  loss=0.7199
  batch 240/264  loss=0.4556
  batch 250/264  loss=0.3134
  batch 260/264  loss=0.5405
Epoch 150/300  train=4.121e-01  rmse=2.2565  lr=1.0e-04  233s
  -> best  monitor=4.121e-01
  batch 10/264  loss=0.4188
  batch 20/264  loss=0.5293
  batch 30/264  loss=0.3052
  batch 40/264  loss=0.3213
  batch 50/264  loss=0.4316
  batch 60/264  loss=0.5014
  batch 70/264  loss=0.2947
  batch 80/264  loss=0.3245
  batch 90/264  loss=0.3516
  batch 100/264  loss=0.3315
  batch 110/264  loss=0.3381
  batch 120/264  loss=0.3463
  batch 130/264  loss=0.3613
  batch 140/264  loss=0.3294
  batch 150/264  loss=0.3620
  batch 160/264  loss=0.4283
  batch 170/264  loss=0.3356
  batch 180/264  loss=0.3290
  batch 190/264  loss=0.4183
  batch 200/264  loss=0.3116
  batch 210/264  loss=0.3466
  batch 220/264  loss=0.4326
  batch 230/264  loss=0.3332
  batch 240/264  loss=0.4137
  batch 250/264  loss=0.3833
  batch 260/264  loss=0.3432
Epoch 151/300  train=4.118e-01  rmse=1.9697  lr=1.0e-04  234s
  -> best  monitor=4.118e-01
  batch 10/264  loss=0.5429
  batch 20/264  loss=0.3105
  batch 30/264  loss=0.2967
  batch 40/264  loss=0.3264
  batch 50/264  loss=0.4396
  batch 60/264  loss=0.4916
  batch 70/264  loss=0.3935
  batch 80/264  loss=0.4071
  batch 90/264  loss=0.3097
  batch 100/264  loss=0.3688
  batch 110/264  loss=0.3471
  batch 120/264  loss=0.5562
  batch 130/264  loss=0.5481
  batch 140/264  loss=0.3239
  batch 150/264  loss=0.5211
  batch 160/264  loss=0.4574
  batch 170/264  loss=0.4122
  batch 180/264  loss=0.3159
  batch 190/264  loss=0.3196
  batch 200/264  loss=0.3257
  batch 210/264  loss=0.3821
  batch 220/264  loss=0.3486
  batch 230/264  loss=0.4004
  batch 240/264  loss=0.3556
  batch 250/264  loss=0.3757
  batch 260/264  loss=0.3118
Epoch 152/300  train=4.110e-01  rmse=2.3717  lr=1.0e-04  233s
  -> best  monitor=4.110e-01
  batch 10/264  loss=0.3651
  batch 20/264  loss=0.3438
  batch 30/264  loss=0.4151
  batch 40/264  loss=0.3649
  batch 50/264  loss=0.5017
  batch 60/264  loss=0.3445
  batch 70/264  loss=0.3447
  batch 80/264  loss=0.3922
  batch 90/264  loss=0.3150
  batch 100/264  loss=0.3044
  batch 110/264  loss=0.3896
  batch 120/264  loss=0.3310
  batch 130/264  loss=0.5561
  batch 140/264  loss=0.3615
  batch 150/264  loss=0.2822
  batch 160/264  loss=0.3765
  batch 170/264  loss=0.6665
  batch 180/264  loss=0.5246
  batch 190/264  loss=0.3558
  batch 200/264  loss=0.4406
  batch 210/264  loss=0.3992
  batch 220/264  loss=0.5825
  batch 230/264  loss=0.4038
  batch 240/264  loss=0.4470
  batch 250/264  loss=0.2667
  batch 260/264  loss=0.3801
Epoch 153/300  train=4.115e-01  rmse=2.3118  lr=1.0e-04  233s
  batch 10/264  loss=0.5473
  batch 20/264  loss=0.3171
  batch 30/264  loss=0.3369
  batch 40/264  loss=0.4377
  batch 50/264  loss=0.3655
  batch 60/264  loss=0.3977
  batch 70/264  loss=0.4350
  batch 80/264  loss=0.4071
  batch 90/264  loss=0.5481
  batch 100/264  loss=0.4699
  batch 110/264  loss=0.4228
  batch 120/264  loss=0.4013
  batch 130/264  loss=0.3420
  batch 140/264  loss=0.2591
  batch 150/264  loss=0.4688
  batch 160/264  loss=0.3288
  batch 170/264  loss=0.5286
  batch 180/264  loss=0.3170
  batch 190/264  loss=0.4436
  batch 200/264  loss=0.5828
  batch 210/264  loss=0.3715
  batch 220/264  loss=0.3682
  batch 230/264  loss=0.3258
  batch 240/264  loss=0.3355
  batch 250/264  loss=0.4129
  batch 260/264  loss=0.5734
Epoch 154/300  train=4.061e-01  rmse=1.9281  lr=1.0e-04  234s
  -> best  monitor=4.061e-01
  batch 10/264  loss=0.4123
  batch 20/264  loss=0.3356
  batch 30/264  loss=0.4111
  batch 40/264  loss=0.4012
  batch 50/264  loss=0.4018
  batch 60/264  loss=0.5152
  batch 70/264  loss=0.5016
  batch 80/264  loss=0.3339
  batch 90/264  loss=0.6182
  batch 100/264  loss=0.3859
  batch 110/264  loss=0.4610
  batch 120/264  loss=0.3748
  batch 130/264  loss=0.4223
  batch 140/264  loss=0.4145
  batch 150/264  loss=0.4825
  batch 160/264  loss=0.3929
  batch 170/264  loss=0.3759
  batch 180/264  loss=0.3406
  batch 190/264  loss=0.3892
  batch 200/264  loss=0.3179
  batch 210/264  loss=0.5357
  batch 220/264  loss=0.4169
  batch 230/264  loss=0.3555
  batch 240/264  loss=0.3432
  batch 250/264  loss=0.3769
  batch 260/264  loss=0.6664
Epoch 155/300  train=4.137e-01  rmse=2.2541  lr=1.0e-04  233s
  batch 10/264  loss=0.4301
  batch 20/264  loss=0.3685
  batch 30/264  loss=0.5266
  batch 40/264  loss=0.4056
  batch 50/264  loss=0.3521
  batch 60/264  loss=0.3421
  batch 70/264  loss=0.3818
  batch 80/264  loss=0.3091
  batch 90/264  loss=0.5990
  batch 100/264  loss=0.4231
  batch 110/264  loss=0.3129
  batch 120/264  loss=0.4708
  batch 130/264  loss=0.3213
  batch 140/264  loss=0.4255
  batch 150/264  loss=0.4353
  batch 160/264  loss=0.4053
  batch 170/264  loss=0.3280
  batch 180/264  loss=0.4967
  batch 190/264  loss=0.3705
  batch 200/264  loss=0.4264
  batch 210/264  loss=0.2795
  batch 220/264  loss=0.3431
  batch 230/264  loss=0.3728
  batch 240/264  loss=0.7960
  batch 250/264  loss=0.4818
  batch 260/264  loss=0.2955
Epoch 156/300  train=4.099e-01  rmse=1.7875  lr=1.0e-04  234s
  batch 10/264  loss=0.3433
  batch 20/264  loss=0.3431
  batch 30/264  loss=0.3818
  batch 40/264  loss=0.2844
  batch 50/264  loss=0.4848
  batch 60/264  loss=0.3422
  batch 70/264  loss=0.5949
  batch 80/264  loss=0.3587
  batch 90/264  loss=0.4399
  batch 100/264  loss=0.3282
  batch 110/264  loss=0.3120
  batch 120/264  loss=0.3694
  batch 130/264  loss=0.4372
  batch 140/264  loss=0.6699
  batch 150/264  loss=0.3612
  batch 160/264  loss=0.3661
  batch 170/264  loss=0.2938
  batch 180/264  loss=0.3478
  batch 190/264  loss=0.4017
  batch 200/264  loss=0.5380
  batch 210/264  loss=0.4030
  batch 220/264  loss=0.3423
  batch 230/264  loss=0.6727
  batch 240/264  loss=0.3598
  batch 250/264  loss=0.3800
  batch 260/264  loss=0.4563
Epoch 157/300  train=4.116e-01  rmse=1.9860  lr=1.0e-04  233s
  batch 10/264  loss=0.2926
  batch 20/264  loss=0.3915
  batch 30/264  loss=0.3883
  batch 40/264  loss=0.2923
  batch 50/264  loss=0.6288
  batch 60/264  loss=0.4019
  batch 70/264  loss=0.4862
  batch 80/264  loss=0.3712
  batch 90/264  loss=0.3709
  batch 100/264  loss=0.2992
  batch 110/264  loss=0.3575
  batch 120/264  loss=0.4764
  batch 130/264  loss=0.2964
  batch 140/264  loss=0.3575
  batch 150/264  loss=0.3108
  batch 160/264  loss=0.3667
  batch 170/264  loss=0.3714
  batch 180/264  loss=0.3168
  batch 190/264  loss=0.4031
  batch 200/264  loss=0.4066
  batch 210/264  loss=0.6076
  batch 220/264  loss=0.3936
  batch 230/264  loss=0.4164
  batch 240/264  loss=0.4085
  batch 250/264  loss=0.4336
  batch 260/264  loss=0.3769
Epoch 158/300  train=4.101e-01  rmse=2.0909  lr=1.0e-04  232s
  batch 10/264  loss=0.3260
  batch 20/264  loss=0.3514
  batch 30/264  loss=0.3979
  batch 40/264  loss=0.2740
  batch 50/264  loss=0.5385
  batch 60/264  loss=0.4506
  batch 70/264  loss=0.3132
  batch 80/264  loss=0.3439
  batch 90/264  loss=0.3387
  batch 100/264  loss=0.3677
  batch 110/264  loss=0.4741
  batch 120/264  loss=0.4691
  batch 130/264  loss=0.3412
  batch 140/264  loss=0.3179
  batch 150/264  loss=0.3477
  batch 160/264  loss=0.2932
  batch 170/264  loss=0.3386
  batch 180/264  loss=0.4629
  batch 190/264  loss=0.3744
  batch 200/264  loss=0.8882
  batch 210/264  loss=0.3484
  batch 220/264  loss=0.3678
  batch 230/264  loss=0.5394
  batch 240/264  loss=0.3541
  batch 250/264  loss=0.3621
  batch 260/264  loss=0.3667
Epoch 159/300  train=4.110e-01  rmse=2.0766  lr=1.0e-04  231s
  batch 10/264  loss=0.4119
  batch 20/264  loss=0.3355
  batch 30/264  loss=0.4726
  batch 40/264  loss=0.3467
  batch 50/264  loss=0.3506
  batch 60/264  loss=0.7137
  batch 70/264  loss=0.4408
  batch 80/264  loss=0.3995
  batch 90/264  loss=0.3700
  batch 100/264  loss=0.3318
  batch 110/264  loss=0.5243
  batch 120/264  loss=0.3117
  batch 130/264  loss=0.6424
  batch 140/264  loss=0.4702
  batch 150/264  loss=0.3252
  batch 160/264  loss=0.3629
  batch 170/264  loss=0.3520
  batch 180/264  loss=0.4781
  batch 190/264  loss=0.3907
  batch 200/264  loss=0.3338
  batch 210/264  loss=0.4222
  batch 220/264  loss=0.2945
  batch 230/264  loss=0.3263
  batch 240/264  loss=0.4534
  batch 250/264  loss=0.3433
  batch 260/264  loss=0.4767
Epoch 160/300  train=4.074e-01  rmse=2.8487  lr=1.0e-04  231s
  batch 10/264  loss=0.3321
  batch 20/264  loss=0.4616
  batch 30/264  loss=0.3516
  batch 40/264  loss=0.3561
  batch 50/264  loss=0.5891
  batch 60/264  loss=0.3247
  batch 70/264  loss=0.4800
  batch 80/264  loss=0.3710
  batch 90/264  loss=0.3205
  batch 100/264  loss=0.4521
  batch 110/264  loss=0.3320
  batch 120/264  loss=0.3027
  batch 130/264  loss=0.4095
  batch 140/264  loss=0.3860
  batch 150/264  loss=0.3288
  batch 160/264  loss=0.3628
  batch 170/264  loss=0.3898
  batch 180/264  loss=0.3876
  batch 190/264  loss=0.5810
  batch 200/264  loss=0.2924
  batch 210/264  loss=0.5875
  batch 220/264  loss=0.4076
  batch 230/264  loss=0.3348
  batch 240/264  loss=0.4049
  batch 250/264  loss=0.3715
  batch 260/264  loss=0.3530
Epoch 161/300  train=4.029e-01  rmse=4.0339  lr=1.0e-04  232s
  -> best  monitor=4.029e-01
  batch 10/264  loss=0.5205
  batch 20/264  loss=0.4425
  batch 30/264  loss=0.4200
  batch 40/264  loss=0.3722
  batch 50/264  loss=0.3751
  batch 60/264  loss=0.3861
  batch 70/264  loss=0.3663
  batch 80/264  loss=0.4433
  batch 90/264  loss=0.3810
  batch 100/264  loss=0.3425
  batch 110/264  loss=0.3700
  batch 120/264  loss=0.3420
  batch 130/264  loss=0.4411
  batch 140/264  loss=0.4210
  batch 150/264  loss=0.3245
  batch 160/264  loss=0.3088
  batch 170/264  loss=0.3531
  batch 180/264  loss=0.2951
  batch 190/264  loss=0.4503
  batch 200/264  loss=0.4057
  batch 210/264  loss=0.3907
  batch 220/264  loss=0.4111
  batch 230/264  loss=0.3941
  batch 240/264  loss=0.4335
  batch 250/264  loss=0.3239
  batch 260/264  loss=0.3452
Epoch 162/300  train=4.074e-01  rmse=2.2423  lr=1.0e-04  231s
  batch 10/264  loss=0.4692
  batch 20/264  loss=0.3084
  batch 30/264  loss=0.5152
  batch 40/264  loss=0.3769
  batch 50/264  loss=0.6621
  batch 60/264  loss=0.3890
  batch 70/264  loss=0.3117
  batch 80/264  loss=0.4538
  batch 90/264  loss=0.3669
  batch 100/264  loss=0.3538
  batch 110/264  loss=0.4013
  batch 120/264  loss=0.3618
  batch 130/264  loss=0.4530
  batch 140/264  loss=0.3346
  batch 150/264  loss=0.3538
  batch 160/264  loss=0.3409
  batch 170/264  loss=0.3069
  batch 180/264  loss=0.3841
  batch 190/264  loss=0.6925
  batch 200/264  loss=0.2734
  batch 210/264  loss=0.4697
  batch 220/264  loss=0.4146
  batch 230/264  loss=0.4109
  batch 240/264  loss=0.3538
  batch 250/264  loss=0.4849
  batch 260/264  loss=0.3326
Epoch 163/300  train=4.117e-01  rmse=4.4741  lr=1.0e-04  230s
  batch 10/264  loss=0.3706
  batch 20/264  loss=0.3673
  batch 30/264  loss=0.4809
  batch 40/264  loss=0.3644
  batch 50/264  loss=0.3232
  batch 60/264  loss=0.3781
  batch 70/264  loss=0.3865
  batch 80/264  loss=0.3945
  batch 90/264  loss=0.5079
  batch 100/264  loss=0.3053
  batch 110/264  loss=0.5712
  batch 120/264  loss=0.3609
  batch 130/264  loss=0.3063
  batch 140/264  loss=0.3288
  batch 150/264  loss=0.3972
  batch 160/264  loss=0.3289
  batch 170/264  loss=0.5761
  batch 180/264  loss=0.3791
  batch 190/264  loss=0.3576
  batch 200/264  loss=0.4722
  batch 210/264  loss=0.4759
  batch 220/264  loss=0.3147
  batch 230/264  loss=0.3325
  batch 240/264  loss=0.3629
  batch 250/264  loss=0.2816
  batch 260/264  loss=0.3516
Epoch 164/300  train=4.011e-01  rmse=2.5076  lr=1.0e-04  230s
  -> best  monitor=4.011e-01
  batch 10/264  loss=0.4448
  batch 20/264  loss=0.3598
  batch 30/264  loss=0.3129
  batch 40/264  loss=0.3981
  batch 50/264  loss=0.4836
  batch 60/264  loss=0.5226
  batch 70/264  loss=0.3007
  batch 80/264  loss=0.3979
  batch 90/264  loss=0.4046
  batch 100/264  loss=0.3744
  batch 110/264  loss=0.4128
  batch 120/264  loss=0.3440
  batch 130/264  loss=0.6317
  batch 140/264  loss=0.3606
  batch 150/264  loss=0.3320
  batch 160/264  loss=0.4198
  batch 170/264  loss=0.3260
  batch 180/264  loss=0.3826
  batch 190/264  loss=0.3430
  batch 200/264  loss=0.5577
  batch 210/264  loss=0.3885
  batch 220/264  loss=0.4213
  batch 230/264  loss=0.4101
  batch 240/264  loss=0.3829
  batch 250/264  loss=0.3646
  batch 260/264  loss=0.3874
Epoch 165/300  train=4.051e-01  rmse=2.8413  lr=1.0e-04  230s
  batch 10/264  loss=0.3559
  batch 20/264  loss=0.3625
  batch 30/264  loss=0.4723
  batch 40/264  loss=0.3540
  batch 50/264  loss=0.3073
  batch 60/264  loss=0.4892
  batch 70/264  loss=0.4302
  batch 80/264  loss=0.2956
  batch 90/264  loss=0.3852
  batch 100/264  loss=0.4315
  batch 110/264  loss=0.2861
  batch 120/264  loss=0.3308
  batch 130/264  loss=0.3995
  batch 140/264  loss=0.2866
  batch 150/264  loss=0.3138
  batch 160/264  loss=0.3856
  batch 170/264  loss=0.3281
  batch 180/264  loss=0.5453
  batch 190/264  loss=0.4194
  batch 200/264  loss=0.3435
  batch 210/264  loss=0.3340
  batch 220/264  loss=0.4482
  batch 230/264  loss=0.4269
  batch 240/264  loss=0.3551
  batch 250/264  loss=0.3327
  batch 260/264  loss=0.3938
Epoch 166/300  train=4.057e-01  rmse=2.9803  lr=1.0e-04  231s
  batch 10/264  loss=0.4947
  batch 20/264  loss=0.4673
  batch 30/264  loss=0.2807
  batch 40/264  loss=0.3487
  batch 50/264  loss=0.4075
  batch 60/264  loss=0.4559
  batch 70/264  loss=0.3361
  batch 80/264  loss=0.3727
  batch 90/264  loss=0.5383
  batch 100/264  loss=0.3746
  batch 110/264  loss=0.3375
  batch 120/264  loss=0.3237
  batch 130/264  loss=0.4696
  batch 140/264  loss=0.3854
  batch 150/264  loss=0.3240
  batch 160/264  loss=0.3238
  batch 170/264  loss=0.3732
  batch 180/264  loss=0.3521
  batch 190/264  loss=0.3517
  batch 200/264  loss=0.4471
  batch 210/264  loss=0.5810
  batch 220/264  loss=0.5220
  batch 230/264  loss=0.6389
  batch 240/264  loss=0.5080
  batch 250/264  loss=0.5266
  batch 260/264  loss=0.3598
Epoch 167/300  train=4.070e-01  rmse=2.6087  lr=1.0e-04  232s
  batch 10/264  loss=0.3234
  batch 20/264  loss=0.4183
  batch 30/264  loss=0.5015
  batch 40/264  loss=0.4851
  batch 50/264  loss=0.3131
  batch 60/264  loss=0.5741
  batch 70/264  loss=0.4431
  batch 80/264  loss=0.6065
  batch 90/264  loss=0.4393
  batch 100/264  loss=0.4578
  batch 110/264  loss=0.6403
  batch 120/264  loss=0.3631
  batch 130/264  loss=0.3854
  batch 140/264  loss=0.5292
  batch 150/264  loss=0.3039
  batch 160/264  loss=0.3698
  batch 170/264  loss=0.3129
  batch 180/264  loss=0.3818
  batch 190/264  loss=0.4886
  batch 200/264  loss=0.3169
  batch 210/264  loss=0.4739
  batch 220/264  loss=0.5075
  batch 230/264  loss=0.3546
  batch 240/264  loss=0.3550
  batch 250/264  loss=0.5576
  batch 260/264  loss=0.4606
Epoch 168/300  train=4.038e-01  rmse=3.4758  lr=1.0e-04  231s
  batch 10/264  loss=0.3004
  batch 20/264  loss=0.3468
  batch 30/264  loss=0.3694
  batch 40/264  loss=0.4122
  batch 50/264  loss=0.3851
  batch 60/264  loss=0.3325
  batch 70/264  loss=0.4221
  batch 80/264  loss=0.3627
  batch 90/264  loss=0.4150
  batch 100/264  loss=0.3555
  batch 110/264  loss=0.5330
  batch 120/264  loss=0.4148
  batch 130/264  loss=0.4348
  batch 140/264  loss=0.4607
  batch 150/264  loss=0.9644
  batch 160/264  loss=0.3667
  batch 170/264  loss=0.3244
  batch 180/264  loss=0.5684
  batch 190/264  loss=0.3614
  batch 200/264  loss=0.3127
  batch 210/264  loss=0.3603
  batch 220/264  loss=0.3028
  batch 230/264  loss=0.3933
  batch 240/264  loss=0.5353
  batch 250/264  loss=0.4910
  batch 260/264  loss=0.9009
Epoch 169/300  train=4.051e-01  rmse=2.3291  lr=1.0e-04  231s
  batch 10/264  loss=0.4214
  batch 20/264  loss=0.3721
  batch 30/264  loss=0.3212
  batch 40/264  loss=0.6401
  batch 50/264  loss=0.3861
  batch 60/264  loss=0.5099
  batch 70/264  loss=0.3063
  batch 80/264  loss=0.2803
  batch 90/264  loss=0.3755
  batch 100/264  loss=0.3222
  batch 110/264  loss=0.3514
  batch 120/264  loss=0.4420
  batch 130/264  loss=0.4853
  batch 140/264  loss=0.3235
  batch 150/264  loss=0.3390
  batch 160/264  loss=0.3640
  batch 170/264  loss=0.3648
  batch 180/264  loss=0.5878
  batch 190/264  loss=0.4043
  batch 200/264  loss=0.3629
  batch 210/264  loss=0.4418
  batch 220/264  loss=0.3165
  batch 230/264  loss=0.5200
  batch 240/264  loss=0.4793
  batch 250/264  loss=0.4153
  batch 260/264  loss=0.4339
Epoch 170/300  train=4.003e-01  rmse=2.9115  lr=1.0e-04  231s
  -> best  monitor=4.003e-01
  batch 10/264  loss=0.3570
  batch 20/264  loss=0.4405
  batch 30/264  loss=0.3577
  batch 40/264  loss=0.4018
  batch 50/264  loss=0.3330
  batch 60/264  loss=0.4004
  batch 70/264  loss=0.3561
  batch 80/264  loss=0.2893
  batch 90/264  loss=0.5957
  batch 100/264  loss=0.3411
  batch 110/264  loss=0.3176
  batch 120/264  loss=0.3826
  batch 130/264  loss=0.3142
  batch 140/264  loss=0.3638
  batch 150/264  loss=0.4175
  batch 160/264  loss=0.4726
  batch 170/264  loss=0.3548
  batch 180/264  loss=0.3172
  batch 190/264  loss=0.3286
  batch 200/264  loss=0.4438
  batch 210/264  loss=0.3969
  batch 220/264  loss=0.4576
  batch 230/264  loss=0.3655
  batch 240/264  loss=0.6238
  batch 250/264  loss=0.3356
  batch 260/264  loss=0.4034
Epoch 171/300  train=4.048e-01  rmse=2.1358  lr=1.0e-04  231s
  batch 10/264  loss=0.3867
  batch 20/264  loss=0.4254
  batch 30/264  loss=0.4342
  batch 40/264  loss=0.3452
  batch 50/264  loss=0.3393
  batch 60/264  loss=0.3462
  batch 70/264  loss=0.2846
  batch 80/264  loss=0.3018
  batch 90/264  loss=0.3141
  batch 100/264  loss=0.3480
  batch 110/264  loss=0.3934
  batch 120/264  loss=0.3905
  batch 130/264  loss=0.3312
  batch 140/264  loss=0.6760
  batch 150/264  loss=0.3825
  batch 160/264  loss=0.5151
  batch 170/264  loss=0.3210
  batch 180/264  loss=0.3231
  batch 190/264  loss=0.3547
  batch 200/264  loss=0.3174
  batch 210/264  loss=0.3855
  batch 220/264  loss=0.3384
  batch 230/264  loss=0.4276
  batch 240/264  loss=0.3325
  batch 250/264  loss=0.4635
  batch 260/264  loss=0.3686
Epoch 172/300  train=4.043e-01  rmse=2.1150  lr=1.0e-04  231s
  batch 10/264  loss=0.5473
  batch 20/264  loss=0.3272
  batch 30/264  loss=0.4774
  batch 40/264  loss=0.2950
  batch 50/264  loss=0.3629
  batch 60/264  loss=0.4821
  batch 70/264  loss=0.3970
  batch 80/264  loss=0.3360
  batch 90/264  loss=0.3667
  batch 100/264  loss=0.3367
  batch 110/264  loss=0.3929
  batch 120/264  loss=0.3502
  batch 130/264  loss=0.4892
  batch 140/264  loss=0.3825
  batch 150/264  loss=0.4361
  batch 160/264  loss=0.4491
  batch 170/264  loss=0.3121
  batch 180/264  loss=0.3097
  batch 190/264  loss=0.2970
  batch 200/264  loss=0.3090
  batch 210/264  loss=0.3597
  batch 220/264  loss=0.3815
  batch 230/264  loss=0.4212
  batch 240/264  loss=0.3275
  batch 250/264  loss=0.5472
  batch 260/264  loss=0.4166
Epoch 173/300  train=4.027e-01  rmse=1.8087  lr=1.0e-04  231s
  batch 10/264  loss=0.3610
  batch 20/264  loss=0.3185
  batch 30/264  loss=0.3609
  batch 40/264  loss=0.3076
  batch 50/264  loss=0.3355
  batch 60/264  loss=0.3128
  batch 70/264  loss=0.5041
  batch 80/264  loss=0.3928
  batch 90/264  loss=0.3592
  batch 100/264  loss=0.3225
  batch 110/264  loss=0.3288
  batch 120/264  loss=0.3750
  batch 130/264  loss=0.5060
  batch 140/264  loss=0.3417
  batch 150/264  loss=0.6443
  batch 160/264  loss=0.3159
  batch 170/264  loss=0.3191
  batch 180/264  loss=0.4298
  batch 190/264  loss=0.3487
  batch 200/264  loss=0.3365
  batch 210/264  loss=0.6520
  batch 220/264  loss=0.5098
  batch 230/264  loss=0.3648
  batch 240/264  loss=0.3412
  batch 250/264  loss=0.3454
  batch 260/264  loss=0.4027
Epoch 174/300  train=4.010e-01  rmse=1.9146  lr=1.0e-04  232s
  batch 10/264  loss=0.4447
  batch 20/264  loss=0.6378
  batch 30/264  loss=0.5907
  batch 40/264  loss=0.4332
  batch 50/264  loss=0.5363
  batch 60/264  loss=0.3728
  batch 70/264  loss=0.2982
  batch 80/264  loss=0.3376
  batch 90/264  loss=0.3362
  batch 100/264  loss=0.2992
  batch 110/264  loss=0.3911
  batch 120/264  loss=0.6332
  batch 130/264  loss=0.6001
  batch 140/264  loss=0.4068
  batch 150/264  loss=0.3198
  batch 160/264  loss=0.3705
  batch 170/264  loss=0.4580
  batch 180/264  loss=0.4645
  batch 190/264  loss=0.3782
  batch 200/264  loss=0.2873
  batch 210/264  loss=0.3742
  batch 220/264  loss=0.3852
  batch 230/264  loss=0.4432
  batch 240/264  loss=0.3785
  batch 250/264  loss=0.4044
  batch 260/264  loss=0.5606
Epoch 175/300  train=4.019e-01  rmse=4.1615  lr=1.0e-04  232s
  batch 10/264  loss=0.3615
  batch 20/264  loss=0.3373
  batch 30/264  loss=0.4995
  batch 40/264  loss=0.4392
  batch 50/264  loss=0.3150
  batch 60/264  loss=0.3722
  batch 70/264  loss=0.3185
  batch 80/264  loss=0.5463
  batch 90/264  loss=0.2702
  batch 100/264  loss=0.3798
  batch 110/264  loss=0.3149
  batch 120/264  loss=0.4707
  batch 130/264  loss=0.3953
  batch 140/264  loss=0.5279
  batch 150/264  loss=0.3215
  batch 160/264  loss=0.4852
  batch 170/264  loss=0.2559
  batch 180/264  loss=0.4962
  batch 190/264  loss=0.3758
  batch 200/264  loss=0.3549
  batch 210/264  loss=0.5075
  batch 220/264  loss=0.3998
  batch 230/264  loss=0.3773
  batch 240/264  loss=0.3036
  batch 250/264  loss=0.4651
  batch 260/264  loss=0.4169
Epoch 176/300  train=4.075e-01  rmse=2.2883  lr=1.0e-04  231s
  batch 10/264  loss=0.6376
  batch 20/264  loss=0.3303
  batch 30/264  loss=0.3922
  batch 40/264  loss=0.6448
  batch 50/264  loss=0.3692
  batch 60/264  loss=0.3659
  batch 70/264  loss=0.4337
  batch 80/264  loss=0.3711
  batch 90/264  loss=0.3210
  batch 100/264  loss=0.3107
  batch 110/264  loss=0.3999
  batch 120/264  loss=0.5074
  batch 130/264  loss=0.4171
  batch 140/264  loss=0.4935
  batch 150/264  loss=0.3536
  batch 160/264  loss=0.3791
  batch 170/264  loss=0.3378
  batch 180/264  loss=0.4989
  batch 190/264  loss=0.2988
  batch 200/264  loss=0.3508
  batch 210/264  loss=0.4819
  batch 220/264  loss=0.3100
  batch 230/264  loss=0.3229
  batch 240/264  loss=0.3614
  batch 250/264  loss=0.3935
  batch 260/264  loss=0.3057
Epoch 177/300  train=4.010e-01  rmse=1.8072  lr=1.0e-04  232s
  batch 10/264  loss=0.3164
  batch 20/264  loss=0.3543
  batch 30/264  loss=0.3420
  batch 40/264  loss=0.3767
  batch 50/264  loss=0.4124
  batch 60/264  loss=0.3633
  batch 70/264  loss=0.5972
  batch 80/264  loss=0.3524
  batch 90/264  loss=0.3216
  batch 100/264  loss=0.5178
  batch 110/264  loss=0.3718
  batch 120/264  loss=0.3751
  batch 130/264  loss=0.3524
  batch 140/264  loss=0.3552
  batch 150/264  loss=0.4008
  batch 160/264  loss=0.2564
  batch 170/264  loss=0.6137
  batch 180/264  loss=0.4144
  batch 190/264  loss=0.4045
  batch 200/264  loss=0.5169
  batch 210/264  loss=0.3578
  batch 220/264  loss=0.4003
  batch 230/264  loss=0.5613
  batch 240/264  loss=0.5164
  batch 250/264  loss=0.5029
  batch 260/264  loss=0.3067
Epoch 178/300  train=3.980e-01  rmse=2.0693  lr=1.0e-04  236s
  -> best  monitor=3.980e-01
  batch 10/264  loss=0.3568
  batch 20/264  loss=0.5051
  batch 30/264  loss=0.5444
  batch 40/264  loss=0.4791
  batch 50/264  loss=0.2714
  batch 60/264  loss=0.3118
  batch 70/264  loss=0.3523
  batch 80/264  loss=0.3998
  batch 90/264  loss=0.3328
  batch 100/264  loss=0.2973
  batch 110/264  loss=0.4827
  batch 120/264  loss=0.4831
  batch 130/264  loss=0.3808
  batch 140/264  loss=0.3868
  batch 150/264  loss=0.3897
  batch 160/264  loss=0.3560
  batch 170/264  loss=0.3905
  batch 180/264  loss=0.3320
  batch 190/264  loss=0.3966
  batch 200/264  loss=0.3570
  batch 210/264  loss=0.3788
  batch 220/264  loss=0.4409
  batch 230/264  loss=0.4329
  batch 240/264  loss=0.3620
  batch 250/264  loss=0.5345
  batch 260/264  loss=0.3303
Epoch 179/300  train=3.969e-01  rmse=2.5801  lr=1.0e-04  231s
  -> best  monitor=3.969e-01
  batch 10/264  loss=0.3698
  batch 20/264  loss=0.4405
  batch 30/264  loss=0.3847
  batch 40/264  loss=0.2837
  batch 50/264  loss=0.4057
  batch 60/264  loss=0.4014
  batch 70/264  loss=0.6674
  batch 80/264  loss=0.3406
  batch 90/264  loss=0.3171
  batch 100/264  loss=0.2905
  batch 110/264  loss=0.5447
  batch 120/264  loss=0.3446
  batch 130/264  loss=0.4403
  batch 140/264  loss=0.3336
  batch 150/264  loss=0.4018
  batch 160/264  loss=0.3875
  batch 170/264  loss=0.3755
  batch 180/264  loss=0.3058
  batch 190/264  loss=0.5258
  batch 200/264  loss=0.2828
  batch 210/264  loss=0.4953
  batch 220/264  loss=0.3941
  batch 230/264  loss=0.4262
  batch 240/264  loss=0.3922
  batch 250/264  loss=0.4208
  batch 260/264  loss=0.3104
Epoch 180/300  train=3.912e-01  rmse=2.5336  lr=1.0e-04  232s
  -> best  monitor=3.912e-01
  batch 10/264  loss=0.5081
  batch 20/264  loss=0.3850
  batch 30/264  loss=0.4534
  batch 40/264  loss=0.3187
  batch 50/264  loss=0.3968
  batch 60/264  loss=0.3131
  batch 70/264  loss=0.5452
  batch 80/264  loss=0.3275
  batch 90/264  loss=0.3334
  batch 100/264  loss=0.3309
  batch 110/264  loss=0.4569
  batch 120/264  loss=0.3172
  batch 130/264  loss=0.3838
  batch 140/264  loss=0.3003
  batch 150/264  loss=0.4519
  batch 160/264  loss=0.3626
  batch 170/264  loss=0.3746
  batch 180/264  loss=0.3463
  batch 190/264  loss=0.3486
  batch 200/264  loss=0.3292
  batch 210/264  loss=0.4272
  batch 220/264  loss=0.2697
  batch 230/264  loss=0.4798
  batch 240/264  loss=0.3289
  batch 250/264  loss=0.3844
  batch 260/264  loss=0.3402
Epoch 181/300  train=4.022e-01  rmse=2.0337  lr=1.0e-04  232s
  batch 10/264  loss=0.3365
  batch 20/264  loss=0.2789
  batch 30/264  loss=0.3382
  batch 40/264  loss=0.4087
  batch 50/264  loss=0.4708
  batch 60/264  loss=0.3945
  batch 70/264  loss=0.3267
  batch 80/264  loss=0.7781
  batch 90/264  loss=0.3082
  batch 100/264  loss=0.3390
  batch 110/264  loss=0.3514
  batch 120/264  loss=0.5165
  batch 130/264  loss=0.3687
  batch 140/264  loss=0.4082
  batch 150/264  loss=0.3937
  batch 160/264  loss=0.4287
  batch 170/264  loss=0.3670
  batch 180/264  loss=0.5279
  batch 190/264  loss=0.3964
  batch 200/264  loss=0.4713
  batch 210/264  loss=0.4155
  batch 220/264  loss=0.9718
  batch 230/264  loss=0.5694
  batch 240/264  loss=0.6278
  batch 250/264  loss=0.3811
  batch 260/264  loss=0.3831
Epoch 182/300  train=4.037e-01  rmse=2.2533  lr=1.0e-04  229s
  batch 10/264  loss=0.4103
  batch 20/264  loss=0.3798
  batch 30/264  loss=0.3999
  batch 40/264  loss=0.3161
  batch 50/264  loss=0.3620
  batch 60/264  loss=0.3444
  batch 70/264  loss=0.5459
  batch 80/264  loss=0.3661
  batch 90/264  loss=0.5272
  batch 100/264  loss=0.3480
  batch 110/264  loss=0.3587
  batch 120/264  loss=0.3800
  batch 130/264  loss=0.3197
  batch 140/264  loss=0.3328
  batch 150/264  loss=0.3069
  batch 160/264  loss=0.3113
  batch 170/264  loss=0.3994
  batch 180/264  loss=0.3967
  batch 190/264  loss=0.4745
  batch 200/264  loss=0.3175
  batch 210/264  loss=0.3422
  batch 220/264  loss=0.3597
  batch 230/264  loss=0.4670
  batch 240/264  loss=0.3294
  batch 250/264  loss=0.2939
  batch 260/264  loss=0.3263
Epoch 183/300  train=3.911e-01  rmse=2.3885  lr=1.0e-04  230s
  -> best  monitor=3.911e-01
  batch 10/264  loss=0.3005
  batch 20/264  loss=0.2926
  batch 30/264  loss=0.3114
  batch 40/264  loss=0.4615
  batch 50/264  loss=0.3837
  batch 60/264  loss=0.4015
  batch 70/264  loss=0.3401
  batch 80/264  loss=0.3217
  batch 90/264  loss=0.4244
  batch 100/264  loss=0.5232
  batch 110/264  loss=0.3942
  batch 120/264  loss=0.3147
  batch 130/264  loss=0.4038
  batch 140/264  loss=0.3814
  batch 150/264  loss=0.3233
  batch 160/264  loss=0.4273
  batch 170/264  loss=0.3148
  batch 180/264  loss=0.3817
  batch 190/264  loss=0.3514
  batch 200/264  loss=0.4877
  batch 210/264  loss=0.4094
  batch 220/264  loss=0.3200
  batch 230/264  loss=0.3475
  batch 240/264  loss=0.4624
  batch 250/264  loss=0.3204
  batch 260/264  loss=0.4170
Epoch 184/300  train=3.961e-01  rmse=6.1830  lr=1.0e-04  232s
  batch 10/264  loss=0.3112
  batch 20/264  loss=0.3593
  batch 30/264  loss=0.3711
  batch 40/264  loss=0.5312
  batch 50/264  loss=0.4008
  batch 60/264  loss=0.3656
  batch 70/264  loss=0.6421
  batch 80/264  loss=0.3577
  batch 90/264  loss=0.3456
  batch 100/264  loss=0.5033
  batch 110/264  loss=0.4190
  batch 120/264  loss=0.5511
  batch 130/264  loss=0.5300
  batch 140/264  loss=0.3836
  batch 150/264  loss=0.3323
  batch 160/264  loss=0.3528
  batch 170/264  loss=0.2988
  batch 180/264  loss=0.4507
  batch 190/264  loss=0.3191
  batch 200/264  loss=0.2985
  batch 210/264  loss=0.4425
  batch 220/264  loss=0.6646
  batch 230/264  loss=0.3143
  batch 240/264  loss=0.2979
  batch 250/264  loss=0.5155
  batch 260/264  loss=0.2903
Epoch 185/300  train=3.971e-01  rmse=11.6966  lr=1.0e-04  231s
  batch 10/264  loss=0.3723
  batch 20/264  loss=0.4127
  batch 30/264  loss=0.3348
  batch 40/264  loss=0.3424
  batch 50/264  loss=0.3668
  batch 60/264  loss=0.3339
  batch 70/264  loss=0.2672
  batch 80/264  loss=0.3884
  batch 90/264  loss=0.3729
  batch 100/264  loss=0.3899
  batch 110/264  loss=0.4601
  batch 120/264  loss=0.3489
  batch 130/264  loss=0.4488
  batch 140/264  loss=0.3157
  batch 150/264  loss=0.3488
  batch 160/264  loss=0.3235
  batch 170/264  loss=0.3010
  batch 180/264  loss=0.3338
  batch 190/264  loss=0.3628
  batch 200/264  loss=0.3658
  batch 210/264  loss=0.4177
  batch 220/264  loss=0.3101
  batch 230/264  loss=0.3812
  batch 240/264  loss=0.3837
  batch 250/264  loss=0.3510
  batch 260/264  loss=0.4405
Epoch 186/300  train=3.930e-01  rmse=2.5642  lr=1.0e-04  230s
  batch 10/264  loss=0.3082
  batch 20/264  loss=0.4136
  batch 30/264  loss=0.4238
  batch 40/264  loss=0.3254
  batch 50/264  loss=0.3315
  batch 60/264  loss=0.4642
  batch 70/264  loss=0.4523
  batch 80/264  loss=0.3311
  batch 90/264  loss=0.3663
  batch 100/264  loss=0.3023
  batch 110/264  loss=0.3352
  batch 120/264  loss=0.3793
  batch 130/264  loss=0.5094
  batch 140/264  loss=0.2959
  batch 150/264  loss=0.5688
  batch 160/264  loss=0.4174
  batch 170/264  loss=0.3492
  batch 180/264  loss=0.3869
  batch 190/264  loss=0.4267
  batch 200/264  loss=0.3370
  batch 210/264  loss=0.4968
  batch 220/264  loss=0.3469
  batch 230/264  loss=0.3262
  batch 240/264  loss=0.4253
  batch 250/264  loss=0.3161
  batch 260/264  loss=0.3844
Epoch 187/300  train=3.963e-01  rmse=3.4380  lr=1.0e-04  231s
  batch 10/264  loss=0.3125
  batch 20/264  loss=0.6055
  batch 30/264  loss=0.3299
  batch 40/264  loss=0.3240
  batch 50/264  loss=0.3226
  batch 60/264  loss=0.3347
  batch 70/264  loss=0.3356
  batch 80/264  loss=0.3708
  batch 90/264  loss=0.3799
  batch 100/264  loss=0.3899
  batch 110/264  loss=0.3277
  batch 120/264  loss=0.2972
  batch 130/264  loss=0.3240
  batch 140/264  loss=0.5528
  batch 150/264  loss=0.3554
  batch 160/264  loss=0.4598
  batch 170/264  loss=0.3467
  batch 180/264  loss=0.3553
  batch 190/264  loss=0.3396
  batch 200/264  loss=0.3639
  batch 210/264  loss=0.3785
  batch 220/264  loss=0.3353
  batch 230/264  loss=0.3004
  batch 240/264  loss=0.4889
  batch 250/264  loss=0.2945
  batch 260/264  loss=0.3849
Epoch 188/300  train=3.925e-01  rmse=1.8584  lr=1.0e-04  231s
  batch 10/264  loss=0.5449
  batch 20/264  loss=0.3958
  batch 30/264  loss=0.4003
  batch 40/264  loss=0.3777
  batch 50/264  loss=0.3200
  batch 60/264  loss=0.3705
  batch 70/264  loss=0.5925
  batch 80/264  loss=0.4546
  batch 90/264  loss=0.3122
  batch 100/264  loss=0.3497
  batch 110/264  loss=0.3119
  batch 120/264  loss=0.3518
  batch 130/264  loss=0.4103
  batch 140/264  loss=0.3190
  batch 150/264  loss=0.3530
  batch 160/264  loss=0.4777
  batch 170/264  loss=0.3250
  batch 180/264  loss=0.3763
  batch 190/264  loss=0.2982
  batch 200/264  loss=0.4069
  batch 210/264  loss=0.4665
  batch 220/264  loss=0.2846
  batch 230/264  loss=0.3459
  batch 240/264  loss=0.5301
  batch 250/264  loss=0.4268
  batch 260/264  loss=0.3699
Epoch 189/300  train=3.959e-01  rmse=2.5393  lr=1.0e-04  231s
  batch 10/264  loss=0.3452
  batch 20/264  loss=0.4598
  batch 30/264  loss=0.2924
  batch 40/264  loss=0.3604
  batch 50/264  loss=0.3006
  batch 60/264  loss=0.3046
  batch 70/264  loss=0.4735
  batch 80/264  loss=0.4516
  batch 90/264  loss=0.3603
  batch 100/264  loss=0.3472
  batch 110/264  loss=0.4131
  batch 120/264  loss=0.3395
  batch 130/264  loss=0.4901
  batch 140/264  loss=0.3820
  batch 150/264  loss=0.3369
  batch 160/264  loss=0.3788
  batch 170/264  loss=0.4001
  batch 180/264  loss=0.3535
  batch 190/264  loss=0.3245
  batch 200/264  loss=0.3429
  batch 210/264  loss=0.2875
  batch 220/264  loss=0.3071
  batch 230/264  loss=0.6096
  batch 240/264  loss=0.3251
  batch 250/264  loss=0.3501
  batch 260/264  loss=0.4627
Epoch 190/300  train=3.923e-01  rmse=3.5978  lr=1.0e-04  232s
  batch 10/264  loss=0.3725
  batch 20/264  loss=0.3853
  batch 30/264  loss=0.2915
  batch 40/264  loss=0.3781
  batch 50/264  loss=0.5661
  batch 60/264  loss=0.3839
  batch 70/264  loss=0.2995
  batch 80/264  loss=0.4236
  batch 90/264  loss=0.3290
  batch 100/264  loss=0.3916
  batch 110/264  loss=0.3459
  batch 120/264  loss=0.3073
  batch 130/264  loss=0.3739
  batch 140/264  loss=0.3823
  batch 150/264  loss=0.3383
  batch 160/264  loss=0.3058
  batch 170/264  loss=0.3629
  batch 180/264  loss=0.5427
  batch 190/264  loss=0.3188
  batch 200/264  loss=0.3971
  batch 210/264  loss=0.3730
  batch 220/264  loss=0.3198
  batch 230/264  loss=0.5151
  batch 240/264  loss=0.3811
  batch 250/264  loss=0.3193
  batch 260/264  loss=0.3572
Epoch 191/300  train=3.911e-01  rmse=6.0022  lr=1.0e-04  233s
  batch 10/264  loss=0.3804
  batch 20/264  loss=0.3764
  batch 30/264  loss=0.3494
  batch 40/264  loss=0.4001
  batch 50/264  loss=0.5315
  batch 60/264  loss=0.3757
  batch 70/264  loss=0.8944
  batch 80/264  loss=0.4079
  batch 90/264  loss=0.3612
  batch 100/264  loss=0.3084
  batch 110/264  loss=0.3401
  batch 120/264  loss=0.3751
  batch 130/264  loss=0.3464
  batch 140/264  loss=0.3287
  batch 150/264  loss=0.6153
  batch 160/264  loss=0.5629
  batch 170/264  loss=0.4709
  batch 180/264  loss=0.4347
  batch 190/264  loss=0.3025
  batch 200/264  loss=0.5057
  batch 210/264  loss=0.3731
  batch 220/264  loss=0.3713
  batch 230/264  loss=0.5325
  batch 240/264  loss=0.4784
  batch 250/264  loss=0.3211
  batch 260/264  loss=0.4097
Epoch 192/300  train=3.942e-01  rmse=1.9521  lr=1.0e-04  232s
  batch 10/264  loss=0.4841
  batch 20/264  loss=0.3483
  batch 30/264  loss=0.3800
  batch 40/264  loss=0.3850
  batch 50/264  loss=0.2942
  batch 60/264  loss=0.3513
  batch 70/264  loss=0.3515
  batch 80/264  loss=0.3304
  batch 90/264  loss=0.4259
  batch 100/264  loss=0.3118
  batch 110/264  loss=0.3849
  batch 120/264  loss=0.4030
  batch 130/264  loss=0.3672
  batch 140/264  loss=0.3138
  batch 150/264  loss=0.3198
  batch 160/264  loss=0.3264
  batch 170/264  loss=0.4871
  batch 180/264  loss=0.6394
  batch 190/264  loss=0.3158
  batch 200/264  loss=0.4103
  batch 210/264  loss=0.3310
  batch 220/264  loss=0.4136
  batch 230/264  loss=0.4160
  batch 240/264  loss=0.3918
  batch 250/264  loss=0.3514
  batch 260/264  loss=0.4251
Epoch 193/300  train=3.891e-01  rmse=3.5388  lr=1.0e-04  232s
  -> best  monitor=3.891e-01
  batch 10/264  loss=0.3294
  batch 20/264  loss=0.3210
  batch 30/264  loss=0.4247
  batch 40/264  loss=0.4278
  batch 50/264  loss=0.5250
  batch 60/264  loss=0.3136
  batch 70/264  loss=0.3900
  batch 80/264  loss=0.3594
  batch 90/264  loss=0.3485
  batch 100/264  loss=0.4707
  batch 110/264  loss=0.3053
  batch 120/264  loss=0.4847
  batch 130/264  loss=0.4696
  batch 140/264  loss=0.7218
  batch 150/264  loss=0.5557
  batch 160/264  loss=0.3470
  batch 170/264  loss=0.3790
  batch 180/264  loss=0.3387
  batch 190/264  loss=0.3054
  batch 200/264  loss=0.3299
  batch 210/264  loss=0.4094
  batch 220/264  loss=0.4139
  batch 230/264  loss=0.3275
  batch 240/264  loss=0.3522
  batch 250/264  loss=0.3517
  batch 260/264  loss=0.3424
Epoch 194/300  train=3.926e-01  rmse=3.4215  lr=1.0e-04  231s
  batch 10/264  loss=0.5060
  batch 20/264  loss=0.5385
  batch 30/264  loss=0.3099
  batch 40/264  loss=0.3786
  batch 50/264  loss=0.3270
  batch 60/264  loss=0.3957
  batch 70/264  loss=0.3414
  batch 80/264  loss=0.3634
  batch 90/264  loss=0.4529
  batch 100/264  loss=0.4506
  batch 110/264  loss=0.2998
  batch 120/264  loss=0.2774
  batch 130/264  loss=0.3162
  batch 140/264  loss=0.7467
  batch 150/264  loss=0.3070
  batch 160/264  loss=0.3336
  batch 170/264  loss=0.4157
  batch 180/264  loss=0.4174
  batch 190/264  loss=0.3782
  batch 200/264  loss=0.3235
  batch 210/264  loss=0.3223
  batch 220/264  loss=0.4149
  batch 230/264  loss=0.3328
  batch 240/264  loss=0.4195
  batch 250/264  loss=0.2656
  batch 260/264  loss=0.3056
Epoch 195/300  train=3.850e-01  rmse=1.9252  lr=1.0e-04  231s
  -> best  monitor=3.850e-01
  batch 10/264  loss=0.4382
  batch 20/264  loss=0.3003
  batch 30/264  loss=0.4342
  batch 40/264  loss=0.3119
  batch 50/264  loss=0.3790
  batch 60/264  loss=0.3919
  batch 70/264  loss=0.3821
  batch 80/264  loss=0.3660
  batch 90/264  loss=0.4313
  batch 100/264  loss=0.3267
  batch 110/264  loss=0.3779
  batch 120/264  loss=0.2834
  batch 130/264  loss=0.3629
  batch 140/264  loss=0.3733
  batch 150/264  loss=0.3473
  batch 160/264  loss=0.5256
  batch 170/264  loss=0.5475
  batch 180/264  loss=0.3424
  batch 190/264  loss=0.3208
  batch 200/264  loss=0.3093
  batch 210/264  loss=0.4734
  batch 220/264  loss=0.3919
  batch 230/264  loss=0.3895
  batch 240/264  loss=0.3702
  batch 250/264  loss=0.4705
  batch 260/264  loss=0.3798
Epoch 196/300  train=3.906e-01  rmse=1.7980  lr=1.0e-04  231s
  batch 10/264  loss=0.3494
  batch 20/264  loss=0.2960
  batch 30/264  loss=0.3199
  batch 40/264  loss=0.3966
  batch 50/264  loss=0.3571
  batch 60/264  loss=0.3804
  batch 70/264  loss=0.3659
  batch 80/264  loss=0.4879
  batch 90/264  loss=0.4406
  batch 100/264  loss=0.3730
  batch 110/264  loss=0.3366
  batch 120/264  loss=0.3038
  batch 130/264  loss=0.8114
  batch 140/264  loss=0.5321
  batch 150/264  loss=0.4830
  batch 160/264  loss=0.3447
  batch 170/264  loss=0.4723
  batch 180/264  loss=0.3004
  batch 190/264  loss=0.2922
  batch 200/264  loss=0.3885
  batch 210/264  loss=0.3886
  batch 220/264  loss=0.3748
  batch 230/264  loss=0.5086
  batch 240/264  loss=0.4109
  batch 250/264  loss=0.3449
  batch 260/264  loss=0.3948
Epoch 197/300  train=3.929e-01  rmse=1.9574  lr=1.0e-04  231s
  batch 10/264  loss=0.3989
  batch 20/264  loss=0.3285
  batch 30/264  loss=0.4021
  batch 40/264  loss=0.3469
  batch 50/264  loss=0.4164
  batch 60/264  loss=0.3659
  batch 70/264  loss=0.3046
  batch 80/264  loss=0.4555
  batch 90/264  loss=0.3460
  batch 100/264  loss=0.2909
  batch 110/264  loss=0.3457
  batch 120/264  loss=0.2760
  batch 130/264  loss=0.3759
  batch 140/264  loss=0.3498
  batch 150/264  loss=0.3602
  batch 160/264  loss=0.2923
  batch 170/264  loss=0.4312
  batch 180/264  loss=0.4522
  batch 190/264  loss=0.3571
  batch 200/264  loss=0.4085
  batch 210/264  loss=0.4257
  batch 220/264  loss=0.5076
  batch 230/264  loss=0.4050
  batch 240/264  loss=0.4283
  batch 250/264  loss=0.3213
  batch 260/264  loss=0.3315
Epoch 198/300  train=3.854e-01  rmse=2.3862  lr=1.0e-04  230s
  batch 10/264  loss=0.3100
  batch 20/264  loss=0.4378
  batch 30/264  loss=0.4196
  batch 40/264  loss=0.4041
  batch 50/264  loss=0.4521
  batch 60/264  loss=0.2849
  batch 70/264  loss=0.3257
  batch 80/264  loss=0.3307
  batch 90/264  loss=0.3186
  batch 100/264  loss=0.3058
  batch 110/264  loss=0.3829
  batch 120/264  loss=0.3829
  batch 130/264  loss=0.3723
  batch 140/264  loss=0.4280
  batch 150/264  loss=0.3396
  batch 160/264  loss=0.4766
  batch 170/264  loss=0.3413
  batch 180/264  loss=0.3137
  batch 190/264  loss=0.5446
  batch 200/264  loss=0.3335
  batch 210/264  loss=0.3315
  batch 220/264  loss=0.3567
  batch 230/264  loss=0.2996
  batch 240/264  loss=0.3207
  batch 250/264  loss=0.4113
  batch 260/264  loss=0.4969
Epoch 199/300  train=3.902e-01  rmse=1.9875  lr=1.0e-04  231s
  batch 10/264  loss=0.4327
  batch 20/264  loss=0.4741
  batch 30/264  loss=0.3915
  batch 40/264  loss=0.5134
  batch 50/264  loss=0.3563
  batch 60/264  loss=0.5913
  batch 70/264  loss=0.4828
  batch 80/264  loss=0.3250
  batch 90/264  loss=0.3945
  batch 100/264  loss=0.3224
  batch 110/264  loss=0.3045
  batch 120/264  loss=0.5703
  batch 130/264  loss=0.4387
  batch 140/264  loss=0.3491
  batch 150/264  loss=0.3762
  batch 160/264  loss=0.4252
  batch 170/264  loss=0.4677
  batch 180/264  loss=0.3377
  batch 190/264  loss=0.3266
  batch 200/264  loss=0.5747
  batch 210/264  loss=0.5454
  batch 220/264  loss=0.4939
  batch 230/264  loss=0.3830
  batch 240/264  loss=0.3214
  batch 250/264  loss=0.3450
  batch 260/264  loss=0.3127
Epoch 200/300  train=3.890e-01  rmse=4.7102  lr=1.0e-04  231s
  batch 10/264  loss=0.3140
  batch 20/264  loss=0.3508
  batch 30/264  loss=0.3142
  batch 40/264  loss=0.4068
  batch 50/264  loss=0.4102
  batch 60/264  loss=0.3079
  batch 70/264  loss=0.3486
  batch 80/264  loss=0.4587
  batch 90/264  loss=0.4103
  batch 100/264  loss=0.4360
  batch 110/264  loss=0.3009
  batch 120/264  loss=0.3826
  batch 130/264  loss=0.3470
  batch 140/264  loss=0.4243
  batch 150/264  loss=0.3353
  batch 160/264  loss=0.3867
  batch 170/264  loss=0.5596
  batch 180/264  loss=0.4505
  batch 190/264  loss=0.3486
  batch 200/264  loss=0.5641
  batch 210/264  loss=0.3285
  batch 220/264  loss=0.5248
  batch 230/264  loss=0.3115
  batch 240/264  loss=0.4388
  batch 250/264  loss=0.3369
  batch 260/264  loss=0.2954
Epoch 201/300  train=3.881e-01  rmse=2.1842  lr=1.0e-04  230s
  batch 10/264  loss=0.3098
  batch 20/264  loss=0.4135
  batch 30/264  loss=0.4079
  batch 40/264  loss=0.3843
  batch 50/264  loss=0.3548
  batch 60/264  loss=0.3417
  batch 70/264  loss=0.4183
  batch 80/264  loss=0.5880
  batch 90/264  loss=0.2917
  batch 100/264  loss=0.4553
  batch 110/264  loss=0.2564
  batch 120/264  loss=0.3246
  batch 130/264  loss=0.3076
  batch 140/264  loss=0.5304
  batch 150/264  loss=0.4156
  batch 160/264  loss=0.3450
  batch 170/264  loss=0.4693
  batch 180/264  loss=0.4120
  batch 190/264  loss=0.3165
  batch 200/264  loss=0.3054
  batch 210/264  loss=0.3370
  batch 220/264  loss=0.4476
  batch 230/264  loss=0.3992
  batch 240/264  loss=0.3367
  batch 250/264  loss=0.5380
  batch 260/264  loss=0.4541
Epoch 202/300  train=3.881e-01  rmse=9.6161  lr=1.0e-04  231s
  batch 10/264  loss=0.4194
  batch 20/264  loss=0.4610
  batch 30/264  loss=0.3519
  batch 40/264  loss=0.3363
  batch 50/264  loss=0.3786
  batch 60/264  loss=0.3792
  batch 70/264  loss=0.3762
  batch 80/264  loss=0.5402
  batch 90/264  loss=0.2819
  batch 100/264  loss=0.3089
  batch 110/264  loss=0.2917
  batch 120/264  loss=0.4703
  batch 130/264  loss=0.3682
  batch 140/264  loss=0.3257
  batch 150/264  loss=0.3460
  batch 160/264  loss=0.3180
  batch 170/264  loss=0.3190
  batch 180/264  loss=0.4048
  batch 190/264  loss=0.5649
  batch 200/264  loss=0.3220
  batch 210/264  loss=0.3063
  batch 220/264  loss=0.4244
  batch 230/264  loss=0.4306
  batch 240/264  loss=0.2868
  batch 250/264  loss=0.4239
  batch 260/264  loss=0.3303
Epoch 203/300  train=3.876e-01  rmse=3.5315  lr=1.0e-04  231s
  batch 10/264  loss=0.3059
  batch 20/264  loss=0.3444
  batch 30/264  loss=0.3963
  batch 40/264  loss=0.3378
  batch 50/264  loss=0.4326
  batch 60/264  loss=0.2869
  batch 70/264  loss=0.3512
  batch 80/264  loss=0.3501
  batch 90/264  loss=0.3065
  batch 100/264  loss=0.4858
  batch 110/264  loss=0.3170
  batch 120/264  loss=0.4045
  batch 130/264  loss=0.5225
  batch 140/264  loss=0.5686
  batch 150/264  loss=0.5295
  batch 160/264  loss=0.5011
  batch 170/264  loss=0.3319
  batch 180/264  loss=0.3458
  batch 190/264  loss=0.4670
  batch 200/264  loss=0.3083
  batch 210/264  loss=0.3537
  batch 220/264  loss=0.4955
  batch 230/264  loss=0.2899
  batch 240/264  loss=0.3359
  batch 250/264  loss=0.3976
  batch 260/264  loss=0.3194
Epoch 204/300  train=3.906e-01  rmse=1.8123  lr=1.0e-04  231s
  batch 10/264  loss=0.3542
  batch 20/264  loss=0.3490
  batch 30/264  loss=0.3475
  batch 40/264  loss=0.4092
  batch 50/264  loss=0.4125
  batch 60/264  loss=0.3157
  batch 70/264  loss=0.4294
  batch 80/264  loss=0.3889
  batch 90/264  loss=0.3529
  batch 100/264  loss=0.4131
  batch 110/264  loss=0.3600
  batch 120/264  loss=0.3563
  batch 130/264  loss=0.3870
  batch 140/264  loss=0.3965
  batch 150/264  loss=0.4285
  batch 160/264  loss=0.3093
  batch 170/264  loss=0.3344
  batch 180/264  loss=0.4694
  batch 190/264  loss=0.2962
  batch 200/264  loss=0.3687
  batch 210/264  loss=0.3749
  batch 220/264  loss=0.3387
  batch 230/264  loss=0.5371
  batch 240/264  loss=0.2864
  batch 250/264  loss=0.3567
  batch 260/264  loss=0.5313
Epoch 205/300  train=3.829e-01  rmse=3.4776  lr=1.0e-04  231s
  -> best  monitor=3.829e-01
  batch 10/264  loss=0.3620
  batch 20/264  loss=0.3389
  batch 30/264  loss=0.3484
  batch 40/264  loss=0.3298
  batch 50/264  loss=0.2570
  batch 60/264  loss=0.5176
  batch 70/264  loss=0.2888
  batch 80/264  loss=0.3776
  batch 90/264  loss=0.3609
  batch 100/264  loss=0.2824
  batch 110/264  loss=0.4472
  batch 120/264  loss=0.5363
  batch 130/264  loss=0.4611
  batch 140/264  loss=0.6111
  batch 150/264  loss=0.3647
  batch 160/264  loss=0.3420
  batch 170/264  loss=0.5706
  batch 180/264  loss=0.3323
  batch 190/264  loss=0.3661
  batch 200/264  loss=0.3346
  batch 210/264  loss=0.3369
  batch 220/264  loss=0.3362
  batch 230/264  loss=0.3515
  batch 240/264  loss=0.3510
  batch 250/264  loss=0.3704
  batch 260/264  loss=0.3430
Epoch 206/300  train=3.898e-01  rmse=1.6938  lr=1.0e-04  231s
  batch 10/264  loss=0.3787
  batch 20/264  loss=0.3227
  batch 30/264  loss=0.4068
  batch 40/264  loss=0.3082
  batch 50/264  loss=0.3049
  batch 60/264  loss=0.4356
  batch 70/264  loss=0.6412
  batch 80/264  loss=0.3125
  batch 90/264  loss=0.3117
  batch 100/264  loss=0.5777
  batch 110/264  loss=0.6130
  batch 120/264  loss=0.3015
  batch 130/264  loss=0.3214
  batch 140/264  loss=0.3304
  batch 150/264  loss=0.3746
  batch 160/264  loss=0.3144
  batch 170/264  loss=0.6188
  batch 180/264  loss=0.3511
  batch 190/264  loss=0.3851
  batch 200/264  loss=0.3352
  batch 210/264  loss=0.3498
  batch 220/264  loss=0.3435
  batch 230/264  loss=0.4128
  batch 240/264  loss=0.4505
  batch 250/264  loss=0.3952
  batch 260/264  loss=0.3389
Epoch 207/300  train=3.867e-01  rmse=3.7925  lr=1.0e-04  230s
  batch 10/264  loss=0.3371
  batch 20/264  loss=0.3286
  batch 30/264  loss=0.4434
  batch 40/264  loss=0.4993
  batch 50/264  loss=0.3238
  batch 60/264  loss=0.2974
  batch 70/264  loss=0.4477
  batch 80/264  loss=0.2990
  batch 90/264  loss=0.4452
  batch 100/264  loss=0.4454
  batch 110/264  loss=0.3503
  batch 120/264  loss=0.3519
  batch 130/264  loss=0.2685
  batch 140/264  loss=0.3639
  batch 150/264  loss=0.4778
  batch 160/264  loss=0.4913
  batch 170/264  loss=0.4188
  batch 180/264  loss=0.7237
  batch 190/264  loss=0.2780
  batch 200/264  loss=0.4753
  batch 210/264  loss=0.2817
  batch 220/264  loss=0.3361
  batch 230/264  loss=0.3082
  batch 240/264  loss=0.4092
  batch 250/264  loss=0.3746
  batch 260/264  loss=0.3214
Epoch 208/300  train=3.849e-01  rmse=2.4140  lr=1.0e-04  232s
  batch 10/264  loss=0.3669
  batch 20/264  loss=0.5037
  batch 30/264  loss=0.3017
  batch 40/264  loss=0.5473
  batch 50/264  loss=0.3237
  batch 60/264  loss=0.3417
  batch 70/264  loss=0.3306
  batch 80/264  loss=0.3803
  batch 90/264  loss=0.2975
  batch 100/264  loss=0.3330
  batch 110/264  loss=0.2784
  batch 120/264  loss=0.3910
  batch 130/264  loss=0.3590
  batch 140/264  loss=0.3865
  batch 150/264  loss=0.4499
  batch 160/264  loss=0.3120
  batch 170/264  loss=0.3638
  batch 180/264  loss=0.4240
  batch 190/264  loss=0.4719
  batch 200/264  loss=0.3547
  batch 210/264  loss=0.4441
  batch 220/264  loss=0.3804
  batch 230/264  loss=0.3309
  batch 240/264  loss=0.6016
  batch 250/264  loss=0.3729
  batch 260/264  loss=0.3347
Epoch 209/300  train=3.824e-01  rmse=2.3358  lr=1.0e-04  231s
  -> best  monitor=3.824e-01
  batch 10/264  loss=0.3899
  batch 20/264  loss=0.3284
  batch 30/264  loss=0.3071
  batch 40/264  loss=0.3516
  batch 50/264  loss=0.3522
  batch 60/264  loss=0.3477
  batch 70/264  loss=0.3780
  batch 80/264  loss=0.3542
  batch 90/264  loss=0.4006
  batch 100/264  loss=0.3477
  batch 110/264  loss=0.3529
  batch 120/264  loss=0.3603
  batch 130/264  loss=0.4412
  batch 140/264  loss=0.4051
  batch 150/264  loss=0.3389
  batch 160/264  loss=0.4936
  batch 170/264  loss=0.3936
  batch 180/264  loss=0.3913
  batch 190/264  loss=0.4148
  batch 200/264  loss=0.5507
  batch 210/264  loss=0.5001
  batch 220/264  loss=0.3517
  batch 230/264  loss=0.3530
  batch 240/264  loss=0.3323
  batch 250/264  loss=0.3161
  batch 260/264  loss=0.2797
Epoch 210/300  train=3.870e-01  rmse=2.0800  lr=1.0e-04  230s
  batch 10/264  loss=0.3044
  batch 20/264  loss=0.5094
  batch 30/264  loss=0.3154
  batch 40/264  loss=0.3192
  batch 50/264  loss=0.4292
  batch 60/264  loss=0.5107
  batch 70/264  loss=0.3066
  batch 80/264  loss=0.4501
  batch 90/264  loss=0.4544
  batch 100/264  loss=0.5585
  batch 110/264  loss=0.4120
  batch 120/264  loss=0.3499
  batch 130/264  loss=0.3231
  batch 140/264  loss=0.3886
  batch 150/264  loss=0.3635
  batch 160/264  loss=0.5587
  batch 170/264  loss=0.3449
  batch 180/264  loss=0.4052
  batch 190/264  loss=0.4095
  batch 200/264  loss=0.3135
  batch 210/264  loss=0.2747
  batch 220/264  loss=0.3560
  batch 230/264  loss=0.3643
  batch 240/264  loss=0.4510
  batch 250/264  loss=0.3637
  batch 260/264  loss=0.4231
Epoch 211/300  train=3.865e-01  rmse=2.3039  lr=1.0e-04  230s
  batch 10/264  loss=0.4002
  batch 20/264  loss=0.4184
  batch 30/264  loss=0.3142
  batch 40/264  loss=0.3842
  batch 50/264  loss=0.3236
  batch 60/264  loss=0.2844
  batch 70/264  loss=0.2848
  batch 80/264  loss=0.3337
  batch 90/264  loss=0.3079
  batch 100/264  loss=0.5225
  batch 110/264  loss=0.3263
  batch 120/264  loss=0.4004
  batch 130/264  loss=0.3038
  batch 140/264  loss=0.3155
  batch 150/264  loss=0.3191
  batch 160/264  loss=0.5495
  batch 170/264  loss=0.4408
  batch 180/264  loss=0.2926
  batch 190/264  loss=0.3789
  batch 200/264  loss=0.2843
  batch 210/264  loss=0.5106
  batch 220/264  loss=0.3906
  batch 230/264  loss=0.3327
  batch 240/264  loss=0.2969
  batch 250/264  loss=0.4361
  batch 260/264  loss=0.4608
Epoch 212/300  train=3.820e-01  rmse=1.9787  lr=1.0e-04  230s
  -> best  monitor=3.820e-01
  batch 10/264  loss=0.3934
  batch 20/264  loss=0.3112
  batch 30/264  loss=0.2996
  batch 40/264  loss=0.3172
  batch 50/264  loss=0.3694
  batch 60/264  loss=0.3212
  batch 70/264  loss=0.3418
  batch 80/264  loss=0.3814
  batch 90/264  loss=0.4300
  batch 100/264  loss=0.3599
  batch 110/264  loss=0.4029
  batch 120/264  loss=0.3084
  batch 130/264  loss=0.3181
  batch 140/264  loss=0.3686
  batch 150/264  loss=0.2980
  batch 160/264  loss=0.3189
  batch 170/264  loss=0.3398
  batch 180/264  loss=0.3604
  batch 190/264  loss=0.4210
  batch 200/264  loss=0.3930
  batch 210/264  loss=0.3835
  batch 220/264  loss=0.3154
  batch 230/264  loss=0.3396
  batch 240/264  loss=0.3821
  batch 250/264  loss=0.5222
  batch 260/264  loss=0.3104
Epoch 213/300  train=3.822e-01  rmse=2.3855  lr=1.0e-04  230s
  batch 10/264  loss=0.4623
  batch 20/264  loss=0.3113
  batch 30/264  loss=0.2657
  batch 40/264  loss=0.3793
  batch 50/264  loss=0.3461
  batch 60/264  loss=0.3990
  batch 70/264  loss=0.6793
  batch 80/264  loss=0.5928
  batch 90/264  loss=0.3843
  batch 100/264  loss=0.2976
  batch 110/264  loss=0.3901
  batch 120/264  loss=0.3420
  batch 130/264  loss=0.3442
  batch 140/264  loss=0.3356
  batch 150/264  loss=0.4828
  batch 160/264  loss=0.3228
  batch 170/264  loss=0.4652
  batch 180/264  loss=0.3681
  batch 190/264  loss=0.4471
  batch 200/264  loss=0.3529
  batch 210/264  loss=0.3536
  batch 220/264  loss=0.3765
  batch 230/264  loss=0.2874
  batch 240/264  loss=0.3021
  batch 250/264  loss=0.4340
  batch 260/264  loss=0.2984
Epoch 214/300  train=3.862e-01  rmse=1.8549  lr=1.0e-04  231s
  batch 10/264  loss=0.3106
  batch 20/264  loss=0.3953
  batch 30/264  loss=0.4150
  batch 40/264  loss=0.3604
  batch 50/264  loss=0.5074
  batch 60/264  loss=0.3794
  batch 70/264  loss=0.3615
  batch 80/264  loss=0.3726
  batch 90/264  loss=0.4110
  batch 100/264  loss=0.4794
  batch 110/264  loss=0.3396
  batch 120/264  loss=0.3565
  batch 130/264  loss=0.3877
  batch 140/264  loss=0.3168
  batch 150/264  loss=0.3232
  batch 160/264  loss=0.3835
  batch 170/264  loss=0.4440
  batch 180/264  loss=0.4259
  batch 190/264  loss=0.2943
  batch 200/264  loss=0.4352
  batch 210/264  loss=0.3115
  batch 220/264  loss=0.2994
  batch 230/264  loss=0.2874
  batch 240/264  loss=0.3416
  batch 250/264  loss=0.3659
  batch 260/264  loss=0.2668
Epoch 215/300  train=3.857e-01  rmse=3.3694  lr=1.0e-04  230s
  batch 10/264  loss=0.3453
  batch 20/264  loss=0.6194
  batch 30/264  loss=0.3759
  batch 40/264  loss=0.3440
  batch 50/264  loss=0.3587
  batch 60/264  loss=0.3605
  batch 70/264  loss=0.3497
  batch 80/264  loss=0.4500
  batch 90/264  loss=0.3351
  batch 100/264  loss=0.3299
  batch 110/264  loss=0.3307
  batch 120/264  loss=0.3461
  batch 130/264  loss=0.5144
  batch 140/264  loss=0.3153
  batch 150/264  loss=0.3315
  batch 160/264  loss=0.4956
  batch 170/264  loss=0.4069
  batch 180/264  loss=0.4130
  batch 190/264  loss=0.4142
  batch 200/264  loss=0.3676
  batch 210/264  loss=0.3938
  batch 220/264  loss=0.4674
  batch 230/264  loss=0.2793
  batch 240/264  loss=0.5222
  batch 250/264  loss=0.3631
  batch 260/264  loss=0.5693
Epoch 216/300  train=3.811e-01  rmse=2.0738  lr=1.0e-04  230s
  -> best  monitor=3.811e-01
  batch 10/264  loss=0.3109
  batch 20/264  loss=0.4844
  batch 30/264  loss=0.3040
  batch 40/264  loss=0.4101
  batch 50/264  loss=0.4020
  batch 60/264  loss=0.4238
  batch 70/264  loss=0.3941
  batch 80/264  loss=0.3373
  batch 90/264  loss=0.3553
  batch 100/264  loss=0.4256
  batch 110/264  loss=0.3377
  batch 120/264  loss=0.3291
  batch 130/264  loss=0.3947
  batch 140/264  loss=0.3761
  batch 150/264  loss=0.2694
  batch 160/264  loss=0.2677
  batch 170/264  loss=0.3138
  batch 180/264  loss=0.5001
  batch 190/264  loss=0.3093
  batch 200/264  loss=0.3940
  batch 210/264  loss=0.4767
  batch 220/264  loss=0.2980
  batch 230/264  loss=0.2924
  batch 240/264  loss=0.3605
  batch 250/264  loss=0.3575
  batch 260/264  loss=0.3009
Epoch 217/300  train=3.823e-01  rmse=2.1049  lr=1.0e-04  231s
  batch 10/264  loss=0.4972
  batch 20/264  loss=0.3685
  batch 30/264  loss=0.3068
  batch 40/264  loss=0.4870
  batch 50/264  loss=0.3053
  batch 60/264  loss=0.3228
  batch 70/264  loss=0.5631
  batch 80/264  loss=0.3973
  batch 90/264  loss=0.3226
  batch 100/264  loss=0.3023
  batch 110/264  loss=0.3714
  batch 120/264  loss=0.3812
  batch 130/264  loss=0.3813
  batch 140/264  loss=0.3338
  batch 150/264  loss=0.3124
  batch 160/264  loss=0.4208
  batch 170/264  loss=0.2827
  batch 180/264  loss=0.4235
  batch 190/264  loss=0.3329
  batch 200/264  loss=0.3554
  batch 210/264  loss=0.5530
  batch 220/264  loss=0.3013
  batch 230/264  loss=0.3180
  batch 240/264  loss=0.3528
  batch 250/264  loss=0.2994
  batch 260/264  loss=0.5149
Epoch 218/300  train=3.834e-01  rmse=3.3704  lr=1.0e-04  231s
  batch 10/264  loss=0.3446
  batch 20/264  loss=0.4170
  batch 30/264  loss=0.4032
  batch 40/264  loss=0.7614
  batch 50/264  loss=0.3114
  batch 60/264  loss=0.4030
  batch 70/264  loss=0.5799
  batch 80/264  loss=0.3555
  batch 90/264  loss=0.5095
  batch 100/264  loss=0.4643
  batch 110/264  loss=0.3234
  batch 120/264  loss=0.2965
  batch 130/264  loss=0.3665
  batch 140/264  loss=0.3043
  batch 150/264  loss=0.3011
  batch 160/264  loss=0.3849
  batch 170/264  loss=0.4626
  batch 180/264  loss=0.4518
  batch 190/264  loss=0.2691
  batch 200/264  loss=0.3964
  batch 210/264  loss=0.3668
  batch 220/264  loss=0.5078
  batch 230/264  loss=0.4035
  batch 240/264  loss=0.3425
  batch 250/264  loss=0.3190
  batch 260/264  loss=0.5050
Epoch 219/300  train=3.820e-01  rmse=3.3698  lr=1.0e-04  230s
  batch 10/264  loss=0.3751
  batch 20/264  loss=0.6894
  batch 30/264  loss=0.3321
  batch 40/264  loss=0.4494
  batch 50/264  loss=0.3620
  batch 60/264  loss=0.3362
  batch 70/264  loss=0.3375
  batch 80/264  loss=0.2902
  batch 90/264  loss=0.3058
  batch 100/264  loss=0.3950
  batch 110/264  loss=0.3295
  batch 120/264  loss=0.3820
  batch 130/264  loss=0.4237
  batch 140/264  loss=0.2713
  batch 150/264  loss=0.3149
  batch 160/264  loss=0.4799
  batch 170/264  loss=0.4551
  batch 180/264  loss=0.2948
  batch 190/264  loss=0.3415
  batch 200/264  loss=0.3742
  batch 210/264  loss=0.3279
  batch 220/264  loss=0.3815
  batch 230/264  loss=0.2908
  batch 240/264  loss=0.3480
  batch 250/264  loss=0.3333
  batch 260/264  loss=0.5755
Epoch 220/300  train=3.827e-01  rmse=3.2072  lr=1.0e-04  229s
  batch 10/264  loss=0.4484
  batch 20/264  loss=0.2698
  batch 30/264  loss=0.4217
  batch 40/264  loss=0.3786
  batch 50/264  loss=0.3997
  batch 60/264  loss=0.3651
  batch 70/264  loss=0.3698
  batch 80/264  loss=0.4152
  batch 90/264  loss=0.2913
  batch 100/264  loss=0.3700
  batch 110/264  loss=0.3496
  batch 120/264  loss=0.3968
  batch 130/264  loss=0.3553
  batch 140/264  loss=0.4596
  batch 150/264  loss=0.4517
  batch 160/264  loss=0.3943
  batch 170/264  loss=0.3741
  batch 180/264  loss=0.2958
  batch 190/264  loss=0.3233
  batch 200/264  loss=0.3249
  batch 210/264  loss=0.3384
  batch 220/264  loss=0.3030
  batch 230/264  loss=0.3538
  batch 240/264  loss=0.3286
  batch 250/264  loss=0.4049
  batch 260/264  loss=0.3132
Epoch 221/300  train=3.799e-01  rmse=2.7402  lr=1.0e-04  230s
  -> best  monitor=3.799e-01
  batch 10/264  loss=0.4215
  batch 20/264  loss=0.3024
  batch 30/264  loss=0.2702
  batch 40/264  loss=0.3837
  batch 50/264  loss=0.4526
  batch 60/264  loss=0.3551
  batch 70/264  loss=0.3344
  batch 80/264  loss=0.3052
  batch 90/264  loss=0.3730
  batch 100/264  loss=0.4470
  batch 110/264  loss=0.3748
  batch 120/264  loss=0.2786
  batch 130/264  loss=0.3217
  batch 140/264  loss=0.3027
  batch 150/264  loss=0.3724
  batch 160/264  loss=0.3085
  batch 170/264  loss=0.3121
  batch 180/264  loss=0.3394
  batch 190/264  loss=0.3441
  batch 200/264  loss=0.2743
  batch 210/264  loss=0.3211
  batch 220/264  loss=0.6180
  batch 230/264  loss=0.3934
  batch 240/264  loss=0.3139
  batch 250/264  loss=0.4988
  batch 260/264  loss=0.3821
Epoch 222/300  train=3.850e-01  rmse=2.3839  lr=1.0e-04  230s
  batch 10/264  loss=0.4494
  batch 20/264  loss=0.3098
  batch 30/264  loss=0.2981
  batch 40/264  loss=0.3763
  batch 50/264  loss=0.4548
  batch 60/264  loss=0.3395
  batch 70/264  loss=0.4106
  batch 80/264  loss=0.3038
  batch 90/264  loss=0.2926
  batch 100/264  loss=0.3431
  batch 110/264  loss=0.3468
  batch 120/264  loss=0.3671
  batch 130/264  loss=0.3379
  batch 140/264  loss=0.4109
  batch 150/264  loss=0.3911
  batch 160/264  loss=0.3480
  batch 170/264  loss=0.3040
  batch 180/264  loss=0.4294
  batch 190/264  loss=0.3769
  batch 200/264  loss=0.3920
  batch 210/264  loss=0.3315
  batch 220/264  loss=0.3407
  batch 230/264  loss=0.3384
  batch 240/264  loss=0.3902
  batch 250/264  loss=0.6061
  batch 260/264  loss=0.5754
Epoch 223/300  train=3.789e-01  rmse=2.2573  lr=1.0e-04  229s
  -> best  monitor=3.789e-01
  batch 10/264  loss=0.3944
  batch 20/264  loss=0.3831
  batch 30/264  loss=0.3882
  batch 40/264  loss=0.3586
  batch 50/264  loss=0.3711
  batch 60/264  loss=0.2988
  batch 70/264  loss=0.2689
  batch 80/264  loss=0.6473
  batch 90/264  loss=0.2821
  batch 100/264  loss=0.3517
  batch 110/264  loss=0.4528
  batch 120/264  loss=0.3561
  batch 130/264  loss=0.3188
  batch 140/264  loss=0.3644
  batch 150/264  loss=0.4665
  batch 160/264  loss=0.3433
  batch 170/264  loss=0.3462
  batch 180/264  loss=0.4139
  batch 190/264  loss=0.5037
  batch 200/264  loss=0.4960
  batch 210/264  loss=0.5384
  batch 220/264  loss=0.3963
  batch 230/264  loss=0.3726
  batch 240/264  loss=0.4094
  batch 250/264  loss=0.3302
  batch 260/264  loss=0.3811
Epoch 224/300  train=3.815e-01  rmse=2.8959  lr=1.0e-04  230s
  batch 10/264  loss=0.2910
  batch 20/264  loss=0.3441
  batch 30/264  loss=0.5338
  batch 40/264  loss=0.3151
  batch 50/264  loss=0.4136
  batch 60/264  loss=0.3828
  batch 70/264  loss=0.3168
  batch 80/264  loss=0.3467
  batch 90/264  loss=0.3089
  batch 100/264  loss=0.2761
  batch 110/264  loss=1.0545
  batch 120/264  loss=0.3130
  batch 130/264  loss=0.3442
  batch 140/264  loss=0.2999
  batch 150/264  loss=0.5030
  batch 160/264  loss=0.2936
  batch 170/264  loss=0.4184
  batch 180/264  loss=0.3222
  batch 190/264  loss=0.3340
  batch 200/264  loss=0.3682
  batch 210/264  loss=0.3671
  batch 220/264  loss=0.3393
  batch 230/264  loss=0.4016
  batch 240/264  loss=0.5834
  batch 250/264  loss=0.3108
  batch 260/264  loss=0.5436
Epoch 225/300  train=3.790e-01  rmse=1.9649  lr=1.0e-04  229s
  batch 10/264  loss=0.2925
  batch 20/264  loss=0.3500
  batch 30/264  loss=0.4477
  batch 40/264  loss=0.4071
  batch 50/264  loss=0.3707
  batch 60/264  loss=0.3799
  batch 70/264  loss=0.3193
  batch 80/264  loss=0.4894
  batch 90/264  loss=0.3485
  batch 100/264  loss=0.3059
  batch 110/264  loss=0.3645
  batch 120/264  loss=0.4011
  batch 130/264  loss=0.5529
  batch 140/264  loss=0.4425
  batch 150/264  loss=0.3003
  batch 160/264  loss=0.5845
  batch 170/264  loss=0.4305
  batch 180/264  loss=0.4632
  batch 190/264  loss=0.3546
  batch 200/264  loss=0.3204
  batch 210/264  loss=0.4620
  batch 220/264  loss=0.3158
  batch 230/264  loss=0.4592
  batch 240/264  loss=0.2760
  batch 250/264  loss=0.3885
  batch 260/264  loss=0.3534
Epoch 226/300  train=3.808e-01  rmse=4.8283  lr=1.0e-04  229s
  batch 10/264  loss=0.3502
  batch 20/264  loss=0.5523
  batch 30/264  loss=0.4990
  batch 40/264  loss=0.3776
  batch 50/264  loss=0.3656
  batch 60/264  loss=0.3040
  batch 70/264  loss=0.3916
  batch 80/264  loss=0.3841
  batch 90/264  loss=0.3224
  batch 100/264  loss=0.3217
  batch 110/264  loss=0.4189
  batch 120/264  loss=0.3010
  batch 130/264  loss=0.2963
  batch 140/264  loss=0.5403
  batch 150/264  loss=0.4899
  batch 160/264  loss=0.3066
  batch 170/264  loss=0.3283
  batch 180/264  loss=0.4055
  batch 190/264  loss=0.2952
  batch 200/264  loss=0.3514
  batch 210/264  loss=0.4081
  batch 220/264  loss=0.3666
  batch 230/264  loss=0.3029
  batch 240/264  loss=0.3335
  batch 250/264  loss=0.3530
  batch 260/264  loss=0.5194
Epoch 227/300  train=3.789e-01  rmse=1.9465  lr=1.0e-04  229s
  -> best  monitor=3.789e-01
  batch 10/264  loss=0.2880
  batch 20/264  loss=0.3343
  batch 30/264  loss=0.4811
  batch 40/264  loss=0.3446
  batch 50/264  loss=0.3327
  batch 60/264  loss=0.4814
  batch 70/264  loss=0.3330
  batch 80/264  loss=0.3773
  batch 90/264  loss=0.4299
  batch 100/264  loss=0.3777
  batch 110/264  loss=0.3790
  batch 120/264  loss=0.3057
  batch 130/264  loss=0.3649
  batch 140/264  loss=0.3976
  batch 150/264  loss=0.3136
  batch 160/264  loss=0.3996
  batch 170/264  loss=0.4248
  batch 180/264  loss=0.2966
  batch 190/264  loss=0.4243
  batch 200/264  loss=0.5468
  batch 210/264  loss=0.3250
  batch 220/264  loss=0.4846
  batch 230/264  loss=0.3029
  batch 240/264  loss=0.3503
  batch 250/264  loss=0.2465
  batch 260/264  loss=0.7174
Epoch 228/300  train=3.812e-01  rmse=2.5989  lr=1.0e-04  232s
  batch 10/264  loss=0.3610
  batch 20/264  loss=0.4603
  batch 30/264  loss=0.3186
  batch 40/264  loss=0.3362
  batch 50/264  loss=0.3316
  batch 60/264  loss=0.4318
  batch 70/264  loss=0.3884
  batch 80/264  loss=0.3907
  batch 90/264  loss=0.3944
  batch 100/264  loss=0.3167
  batch 110/264  loss=0.4388
  batch 120/264  loss=0.2814
  batch 130/264  loss=0.4491
  batch 140/264  loss=0.4240
  batch 150/264  loss=0.3647
  batch 160/264  loss=0.3399
  batch 170/264  loss=0.6996
  batch 180/264  loss=0.3645
  batch 190/264  loss=0.3521
  batch 200/264  loss=0.4239
  batch 210/264  loss=0.4589
  batch 220/264  loss=0.3962
  batch 230/264  loss=0.3414
  batch 240/264  loss=0.4993
  batch 250/264  loss=0.4171
  batch 260/264  loss=0.4239
Epoch 229/300  train=3.829e-01  rmse=3.1721  lr=1.0e-04  244s
  batch 10/264  loss=0.3378
  batch 20/264  loss=0.3634
  batch 30/264  loss=0.3839
  batch 40/264  loss=0.3476
  batch 50/264  loss=0.2471
  batch 60/264  loss=0.2880
  batch 70/264  loss=0.5416
  batch 80/264  loss=0.2776
  batch 90/264  loss=0.3537
  batch 100/264  loss=0.3506
  batch 110/264  loss=0.3988
  batch 120/264  loss=0.2970
  batch 130/264  loss=0.3203
  batch 140/264  loss=0.3871
  batch 150/264  loss=0.3838
  batch 160/264  loss=0.5518
  batch 170/264  loss=0.4202
  batch 180/264  loss=0.3286
  batch 190/264  loss=0.3966
  batch 200/264  loss=0.3658
  batch 210/264  loss=0.4431
  batch 220/264  loss=0.4644
  batch 230/264  loss=0.3179
  batch 240/264  loss=0.5379
  batch 250/264  loss=0.3097
  batch 260/264  loss=0.3814
Epoch 230/300  train=3.790e-01  rmse=2.1605  lr=1.0e-04  261s
  batch 10/264  loss=0.3311
  batch 20/264  loss=0.4482
  batch 30/264  loss=0.4199
  batch 40/264  loss=0.3368
  batch 50/264  loss=0.4200
  batch 60/264  loss=0.3338
  batch 70/264  loss=0.3622
  batch 80/264  loss=0.3148
  batch 90/264  loss=0.3623
  batch 100/264  loss=0.3366
  batch 110/264  loss=0.7222
  batch 120/264  loss=0.3074
  batch 130/264  loss=0.3715
  batch 140/264  loss=0.2614
  batch 150/264  loss=0.3354
  batch 160/264  loss=0.7813
  batch 170/264  loss=0.3823
  batch 180/264  loss=0.3153
  batch 190/264  loss=0.3405
  batch 200/264  loss=0.3730
  batch 210/264  loss=0.2825
  batch 220/264  loss=0.3549
  batch 230/264  loss=0.5437
  batch 240/264  loss=0.3350
  batch 250/264  loss=0.2942
  batch 260/264  loss=0.2890
Epoch 231/300  train=3.745e-01  rmse=4.9713  lr=1.0e-04  262s
  -> best  monitor=3.745e-01
  batch 10/264  loss=0.3079
  batch 20/264  loss=0.3457
  batch 30/264  loss=0.3504
  batch 40/264  loss=0.3028
  batch 50/264  loss=0.2913
  batch 60/264  loss=0.4118
  batch 70/264  loss=0.3649
  batch 80/264  loss=0.4654
  batch 90/264  loss=0.2975
  batch 100/264  loss=0.4358
  batch 110/264  loss=0.2996
  batch 120/264  loss=0.3151
  batch 130/264  loss=0.4895
  batch 140/264  loss=0.2771
  batch 150/264  loss=0.3441
  batch 160/264  loss=0.3325
  batch 170/264  loss=0.3101
  batch 180/264  loss=0.6234
  batch 190/264  loss=0.5384
  batch 200/264  loss=0.4339
  batch 210/264  loss=0.3469
  batch 220/264  loss=0.3358
  batch 230/264  loss=0.4898
  batch 240/264  loss=0.3695
  batch 250/264  loss=0.4230
  batch 260/264  loss=0.3992
Epoch 232/300  train=3.790e-01  rmse=3.6068  lr=1.0e-04  249s
  batch 10/264  loss=0.2816
  batch 20/264  loss=0.3063
  batch 30/264  loss=0.3188
  batch 40/264  loss=0.3919
  batch 50/264  loss=0.3693
  batch 60/264  loss=0.3264
  batch 70/264  loss=0.3979
  batch 80/264  loss=0.2828
  batch 90/264  loss=0.2859
  batch 100/264  loss=0.2722
  batch 110/264  loss=0.2806
  batch 120/264  loss=0.4381
  batch 130/264  loss=0.7342
  batch 140/264  loss=0.3266
  batch 150/264  loss=0.3395
  batch 160/264  loss=0.4479
  batch 170/264  loss=0.4080
  batch 180/264  loss=0.3773
  batch 190/264  loss=0.4907
  batch 200/264  loss=0.4833
  batch 210/264  loss=0.3574
  batch 220/264  loss=0.3041
  batch 230/264  loss=0.3888
  batch 240/264  loss=0.4112
  batch 250/264  loss=0.6546
  batch 260/264  loss=0.5428
Epoch 233/300  train=3.778e-01  rmse=7.2864  lr=1.0e-04  233s
  batch 10/264  loss=0.3820
  batch 20/264  loss=0.2964
  batch 30/264  loss=0.3938
  batch 40/264  loss=0.2891
  batch 50/264  loss=0.3407
  batch 60/264  loss=0.4349
  batch 70/264  loss=0.4594
  batch 80/264  loss=0.4284
  batch 90/264  loss=0.4053
  batch 100/264  loss=0.2941
  batch 110/264  loss=0.3808
  batch 120/264  loss=0.3343
  batch 130/264  loss=0.3693
  batch 140/264  loss=0.3299
  batch 150/264  loss=0.3178
  batch 160/264  loss=0.5209
  batch 170/264  loss=0.3578
  batch 180/264  loss=0.4868
  batch 190/264  loss=0.3712
  batch 200/264  loss=0.3947
  batch 210/264  loss=0.3663
  batch 220/264  loss=0.4216
  batch 230/264  loss=0.3046
  batch 240/264  loss=0.3717
  batch 250/264  loss=0.2428
  batch 260/264  loss=0.3279
Epoch 234/300  train=3.803e-01  rmse=4.7923  lr=1.0e-04  233s
  batch 10/264  loss=0.3143
  batch 20/264  loss=0.3470
  batch 30/264  loss=0.3686
  batch 40/264  loss=0.3950
  batch 50/264  loss=0.3590
  batch 60/264  loss=0.3292
  batch 70/264  loss=0.4502
  batch 80/264  loss=0.2841
  batch 90/264  loss=0.5632
  batch 100/264  loss=0.3498
  batch 110/264  loss=0.2986
  batch 120/264  loss=0.4425
  batch 130/264  loss=0.3468
  batch 140/264  loss=0.4525
  batch 150/264  loss=0.3696
  batch 160/264  loss=0.3510
  batch 170/264  loss=0.4606
  batch 180/264  loss=0.3532
  batch 190/264  loss=0.3565
  batch 200/264  loss=0.2839
  batch 210/264  loss=0.5079
  batch 220/264  loss=0.3688
  batch 230/264  loss=0.3038
  batch 240/264  loss=0.4434
  batch 250/264  loss=0.3581
  batch 260/264  loss=0.2911
Epoch 235/300  train=3.779e-01  rmse=2.6335  lr=1.0e-04  233s
  batch 10/264  loss=0.2932
  batch 20/264  loss=0.2990
  batch 30/264  loss=0.4315
  batch 40/264  loss=0.3218
  batch 50/264  loss=0.4678
  batch 60/264  loss=0.3587
  batch 70/264  loss=0.3345
  batch 80/264  loss=0.5042
  batch 90/264  loss=0.3194
  batch 100/264  loss=0.3232
  batch 110/264  loss=0.3860
  batch 120/264  loss=0.4851
  batch 130/264  loss=0.4839
  batch 140/264  loss=0.2903
  batch 150/264  loss=0.4706
  batch 160/264  loss=0.3756
  batch 170/264  loss=0.3020
  batch 180/264  loss=0.3257
  batch 190/264  loss=0.5982
  batch 200/264  loss=0.4714
  batch 210/264  loss=0.4197
  batch 220/264  loss=0.2948
  batch 230/264  loss=0.3162
  batch 240/264  loss=0.4638
  batch 250/264  loss=0.4017
  batch 260/264  loss=0.3052
Epoch 236/300  train=3.748e-01  rmse=3.9852  lr=1.0e-04  233s
  batch 10/264  loss=0.4616
  batch 20/264  loss=0.4700
  batch 30/264  loss=0.3046
  batch 40/264  loss=0.4387
  batch 50/264  loss=0.3549
  batch 60/264  loss=0.2916
  batch 70/264  loss=0.6731
  batch 80/264  loss=0.3588
  batch 90/264  loss=0.4404
  batch 100/264  loss=0.4068
  batch 110/264  loss=0.2903
  batch 120/264  loss=0.3214
  batch 130/264  loss=0.3723
  batch 140/264  loss=0.4166
  batch 150/264  loss=0.4383
  batch 160/264  loss=0.3346
  batch 170/264  loss=0.4115
  batch 180/264  loss=0.3808
  batch 190/264  loss=0.4291
  batch 200/264  loss=0.3508
  batch 210/264  loss=0.3297
  batch 220/264  loss=0.3285
  batch 230/264  loss=0.3837
  batch 240/264  loss=0.4250
  batch 250/264  loss=0.2833
  batch 260/264  loss=0.3016
Epoch 237/300  train=3.768e-01  rmse=2.3674  lr=1.0e-04  231s
  batch 10/264  loss=0.4576
  batch 20/264  loss=0.3375
  batch 30/264  loss=0.3433
  batch 40/264  loss=0.4660
  batch 50/264  loss=0.3172
  batch 60/264  loss=0.3713
  batch 70/264  loss=0.3543
  batch 80/264  loss=0.4485
  batch 90/264  loss=0.2921
  batch 100/264  loss=0.4350
  batch 110/264  loss=0.6436
  batch 120/264  loss=0.3695
  batch 130/264  loss=0.3518
  batch 140/264  loss=0.4100
  batch 150/264  loss=0.3409
  batch 160/264  loss=0.3773
  batch 170/264  loss=0.5095
  batch 180/264  loss=0.2757
  batch 190/264  loss=0.3135
  batch 200/264  loss=0.3040
  batch 210/264  loss=0.3466
  batch 220/264  loss=0.3383
  batch 230/264  loss=0.3789
  batch 240/264  loss=0.3258
  batch 250/264  loss=0.3003
  batch 260/264  loss=0.3453
Epoch 238/300  train=3.797e-01  rmse=2.1484  lr=1.0e-04  232s
  batch 10/264  loss=0.3714
  batch 20/264  loss=0.3873
  batch 30/264  loss=0.3997
  batch 40/264  loss=0.3065
  batch 50/264  loss=0.3345
  batch 60/264  loss=0.4147
  batch 70/264  loss=0.3006
  batch 80/264  loss=0.3172
  batch 90/264  loss=0.3231
  batch 100/264  loss=0.3060
  batch 110/264  loss=0.3879
  batch 120/264  loss=0.3287
  batch 130/264  loss=0.4809
  batch 140/264  loss=0.4229
  batch 150/264  loss=0.3730
  batch 160/264  loss=0.3129
  batch 170/264  loss=0.3037
  batch 180/264  loss=0.3016
  batch 190/264  loss=0.4039
  batch 200/264  loss=0.3166
  batch 210/264  loss=0.3930
  batch 220/264  loss=0.2707
  batch 230/264  loss=0.5659
  batch 240/264  loss=0.2984
  batch 250/264  loss=0.7649
  batch 260/264  loss=0.4592
Epoch 239/300  train=3.775e-01  rmse=1.7161  lr=1.0e-04  230s
  batch 10/264  loss=0.3225
  batch 20/264  loss=0.3182
  batch 30/264  loss=0.3749
  batch 40/264  loss=0.4828
  batch 50/264  loss=0.3074
  batch 60/264  loss=0.3361
  batch 70/264  loss=0.3634
  batch 80/264  loss=0.4860
  batch 90/264  loss=0.2928
  batch 100/264  loss=0.3761
  batch 110/264  loss=0.3237
  batch 120/264  loss=0.3145
  batch 130/264  loss=0.3557
  batch 140/264  loss=0.3611
  batch 150/264  loss=0.3097
  batch 160/264  loss=0.4419
  batch 170/264  loss=0.3702
  batch 180/264  loss=0.3213
  batch 190/264  loss=0.3586
  batch 200/264  loss=0.4013
  batch 210/264  loss=0.3300
  batch 220/264  loss=0.3245
  batch 230/264  loss=0.2930
  batch 240/264  loss=0.4015
  batch 250/264  loss=0.3395
  batch 260/264  loss=0.5856
Epoch 240/300  train=3.717e-01  rmse=1.6634  lr=1.0e-04  229s
  -> best  monitor=3.717e-01
  batch 10/264  loss=0.3509
  batch 20/264  loss=0.3299
  batch 30/264  loss=0.3771
  batch 40/264  loss=0.3730
  batch 50/264  loss=0.3136
  batch 60/264  loss=0.3416
  batch 70/264  loss=0.3457
  batch 80/264  loss=0.3658
  batch 90/264  loss=0.3098
  batch 100/264  loss=0.2699
  batch 110/264  loss=0.3556
  batch 120/264  loss=0.4132
  batch 130/264  loss=0.4203
  batch 140/264  loss=0.3478
  batch 150/264  loss=0.4661
  batch 160/264  loss=0.3284
  batch 170/264  loss=0.3198
  batch 180/264  loss=0.4694
  batch 190/264  loss=0.2953
  batch 200/264  loss=0.3352
  batch 210/264  loss=0.2993
  batch 220/264  loss=0.4646
  batch 230/264  loss=0.4270
  batch 240/264  loss=0.2939
  batch 250/264  loss=0.4304
  batch 260/264  loss=0.4027
Epoch 241/300  train=3.737e-01  rmse=2.6154  lr=1.0e-04  231s
  batch 10/264  loss=0.2817
  batch 20/264  loss=0.2903
  batch 30/264  loss=0.3616
  batch 40/264  loss=0.4757
  batch 50/264  loss=0.2989
  batch 60/264  loss=0.2929
  batch 70/264  loss=0.3910
  batch 80/264  loss=0.4948
  batch 90/264  loss=0.3129
  batch 100/264  loss=0.3143
  batch 110/264  loss=0.2905
  batch 120/264  loss=0.3313
  batch 130/264  loss=0.3685
  batch 140/264  loss=0.2965
  batch 150/264  loss=0.4871
  batch 160/264  loss=0.3838
  batch 170/264  loss=0.5017
  batch 180/264  loss=0.3499
  batch 190/264  loss=0.3630
  batch 200/264  loss=0.2585
  batch 210/264  loss=0.3203
  batch 220/264  loss=0.2948
  batch 230/264  loss=0.6422
  batch 240/264  loss=0.3679
  batch 250/264  loss=0.3456
  batch 260/264  loss=0.2839
Epoch 242/300  train=3.780e-01  rmse=3.8656  lr=1.0e-04  230s
  batch 10/264  loss=0.3084
  batch 20/264  loss=0.3929
  batch 30/264  loss=0.3256
  batch 40/264  loss=0.2847
  batch 50/264  loss=0.4213
  batch 60/264  loss=0.2983
  batch 70/264  loss=0.4032
  batch 80/264  loss=0.5552
  batch 90/264  loss=0.3271
  batch 100/264  loss=0.7433
  batch 110/264  loss=0.7128
  batch 120/264  loss=0.5444
  batch 130/264  loss=0.3888
  batch 140/264  loss=0.2783
  batch 150/264  loss=0.3182
  batch 160/264  loss=0.3906
  batch 170/264  loss=0.2951
  batch 180/264  loss=0.5211
  batch 190/264  loss=0.4009
  batch 200/264  loss=0.3445
  batch 210/264  loss=0.3093
  batch 220/264  loss=0.3689
  batch 230/264  loss=0.3829
  batch 240/264  loss=0.3792
  batch 250/264  loss=0.5058
  batch 260/264  loss=0.4006
Epoch 243/300  train=3.801e-01  rmse=2.1970  lr=1.0e-04  230s
  batch 10/264  loss=0.4329
  batch 20/264  loss=0.4444
  batch 30/264  loss=0.5330
  batch 40/264  loss=0.3446
  batch 50/264  loss=0.3708
  batch 60/264  loss=0.7548
  batch 70/264  loss=0.3997
  batch 80/264  loss=0.3499
  batch 90/264  loss=0.2873
  batch 100/264  loss=0.3677
  batch 110/264  loss=0.3063
  batch 120/264  loss=0.3002
  batch 130/264  loss=0.3667
  batch 140/264  loss=0.3147
  batch 150/264  loss=0.3606
  batch 160/264  loss=0.5606
  batch 170/264  loss=0.4414
  batch 180/264  loss=0.3245
  batch 190/264  loss=0.3929
  batch 200/264  loss=0.4162
  batch 210/264  loss=0.2869
  batch 220/264  loss=0.2869
  batch 230/264  loss=0.4023
  batch 240/264  loss=0.3199
  batch 250/264  loss=0.3204
  batch 260/264  loss=0.4121
Epoch 244/300  train=3.730e-01  rmse=3.8962  lr=1.0e-04  230s
  batch 10/264  loss=0.2944
  batch 20/264  loss=0.3479
  batch 30/264  loss=0.3264
  batch 40/264  loss=0.4419
  batch 50/264  loss=0.3163
  batch 60/264  loss=0.3174
  batch 70/264  loss=0.3488
  batch 80/264  loss=0.3897
  batch 90/264  loss=0.4408
  batch 100/264  loss=0.5348
  batch 110/264  loss=0.5278
  batch 120/264  loss=0.4934
  batch 130/264  loss=0.3096
  batch 140/264  loss=0.2743
  batch 150/264  loss=0.3564
  batch 160/264  loss=0.3272
  batch 170/264  loss=0.4354
  batch 180/264  loss=0.3615
  batch 190/264  loss=0.3617
  batch 200/264  loss=0.2967
  batch 210/264  loss=0.3105
  batch 220/264  loss=0.3456
  batch 230/264  loss=0.3561
  batch 240/264  loss=0.3036
  batch 250/264  loss=0.7612
  batch 260/264  loss=0.2804
Epoch 245/300  train=3.743e-01  rmse=3.1728  lr=1.0e-04  231s
  batch 10/264  loss=0.3499
  batch 20/264  loss=0.3337
  batch 30/264  loss=0.3466
  batch 40/264  loss=0.3399
  batch 50/264  loss=0.4367
  batch 60/264  loss=0.3308
  batch 70/264  loss=0.2659
  batch 80/264  loss=0.3418
  batch 90/264  loss=0.5933
  batch 100/264  loss=0.3350
  batch 110/264  loss=0.3681
  batch 120/264  loss=0.3446
  batch 130/264  loss=0.3642
  batch 140/264  loss=0.3217
  batch 150/264  loss=0.2973
  batch 160/264  loss=0.2747
  batch 170/264  loss=0.3277
  batch 180/264  loss=0.5125
  batch 190/264  loss=0.2681
  batch 200/264  loss=0.5092
  batch 210/264  loss=0.3827
  batch 220/264  loss=0.3493
  batch 230/264  loss=0.3744
  batch 240/264  loss=0.3540
  batch 250/264  loss=0.7148
  batch 260/264  loss=0.5141
Epoch 246/300  train=3.725e-01  rmse=2.1014  lr=1.0e-04  231s
  batch 10/264  loss=0.3198
  batch 20/264  loss=0.3220
  batch 30/264  loss=0.3371
  batch 40/264  loss=0.3372
  batch 50/264  loss=0.3060
  batch 60/264  loss=0.3450
  batch 70/264  loss=0.3058
  batch 80/264  loss=0.3608
  batch 90/264  loss=0.4312
  batch 100/264  loss=0.3275
  batch 110/264  loss=0.2837
  batch 120/264  loss=0.3261
  batch 130/264  loss=0.3314
  batch 140/264  loss=0.3324
  batch 150/264  loss=0.6928
  batch 160/264  loss=0.4161
  batch 170/264  loss=0.3176
  batch 180/264  loss=0.4416
  batch 190/264  loss=0.4577
  batch 200/264  loss=0.4045
  batch 210/264  loss=0.3218
  batch 220/264  loss=0.4318
  batch 230/264  loss=0.3641
  batch 240/264  loss=0.2824
  batch 250/264  loss=0.2848
  batch 260/264  loss=0.3994
Epoch 247/300  train=3.770e-01  rmse=1.7560  lr=1.0e-04  232s
  batch 10/264  loss=0.3382
  batch 20/264  loss=0.4338
  batch 30/264  loss=0.3116
  batch 40/264  loss=0.3700
  batch 50/264  loss=0.2771
  batch 60/264  loss=0.3568
  batch 70/264  loss=0.3907
  batch 80/264  loss=0.3376
  batch 90/264  loss=0.3303
  batch 100/264  loss=0.3625
  batch 110/264  loss=0.3426
  batch 120/264  loss=0.3384
  batch 130/264  loss=0.3884
  batch 140/264  loss=0.2959
  batch 150/264  loss=0.3378
  batch 160/264  loss=0.3073
  batch 170/264  loss=0.4001
  batch 180/264  loss=0.4091
  batch 190/264  loss=0.3610
  batch 200/264  loss=0.3842
  batch 210/264  loss=0.4109
  batch 220/264  loss=0.3742
  batch 230/264  loss=0.2980
  batch 240/264  loss=0.4123
  batch 250/264  loss=0.4191
  batch 260/264  loss=0.5066
Epoch 248/300  train=3.758e-01  rmse=2.3643  lr=1.0e-04  230s
  batch 10/264  loss=0.3412
  batch 20/264  loss=0.4917
  batch 30/264  loss=0.3016
  batch 40/264  loss=0.3167
  batch 50/264  loss=0.3498
  batch 60/264  loss=0.3185
  batch 70/264  loss=0.3268
  batch 80/264  loss=0.3512
  batch 90/264  loss=0.4562
  batch 100/264  loss=0.3466
  batch 110/264  loss=0.4640
  batch 120/264  loss=0.4925
  batch 130/264  loss=0.4139
  batch 140/264  loss=0.3924
  batch 150/264  loss=0.3444
  batch 160/264  loss=0.2995
  batch 170/264  loss=0.3156
  batch 180/264  loss=0.4122
  batch 190/264  loss=0.2951
  batch 200/264  loss=0.7673
  batch 210/264  loss=0.3435
  batch 220/264  loss=0.3234
  batch 230/264  loss=0.4183
  batch 240/264  loss=0.4592
  batch 250/264  loss=0.3533
  batch 260/264  loss=0.3778
Epoch 249/300  train=3.745e-01  rmse=2.0605  lr=1.0e-04  229s
  batch 10/264  loss=0.3835
  batch 20/264  loss=0.5696
  batch 30/264  loss=0.3247
  batch 40/264  loss=0.4719
  batch 50/264  loss=0.4287
  batch 60/264  loss=0.4040
  batch 70/264  loss=0.3767
  batch 80/264  loss=0.3868
  batch 90/264  loss=0.3822
  batch 100/264  loss=0.3905
  batch 110/264  loss=0.3042
  batch 120/264  loss=0.5079
  batch 130/264  loss=0.3084
  batch 140/264  loss=0.4104
  batch 150/264  loss=0.3100
  batch 160/264  loss=0.4623
  batch 170/264  loss=0.2845
  batch 180/264  loss=0.3419
  batch 190/264  loss=0.4676
  batch 200/264  loss=0.3641
  batch 210/264  loss=0.3978
  batch 220/264  loss=0.5338
  batch 230/264  loss=0.4961
  batch 240/264  loss=0.4480
  batch 250/264  loss=0.3652
  batch 260/264  loss=0.3021
Epoch 250/300  train=3.706e-01  rmse=3.3361  lr=1.0e-04  228s
  -> best  monitor=3.706e-01
  batch 10/264  loss=0.2871
  batch 20/264  loss=0.3468
  batch 30/264  loss=0.2770
  batch 40/264  loss=0.3415
  batch 50/264  loss=0.2833
  batch 60/264  loss=0.3701
  batch 70/264  loss=0.3094
  batch 80/264  loss=0.3534
  batch 90/264  loss=0.3755
  batch 100/264  loss=0.3836
  batch 110/264  loss=0.4716
  batch 120/264  loss=0.4327
  batch 130/264  loss=0.3976
  batch 140/264  loss=0.2954
  batch 150/264  loss=0.3914
  batch 160/264  loss=0.3090
  batch 170/264  loss=0.5604
  batch 180/264  loss=0.3690
  batch 190/264  loss=0.4164
  batch 200/264  loss=0.3165
  batch 210/264  loss=0.3199
  batch 220/264  loss=0.2934
  batch 230/264  loss=0.4002
  batch 240/264  loss=0.4845
  batch 250/264  loss=0.4018
  batch 260/264  loss=0.3967
Epoch 251/300  train=3.713e-01  rmse=1.7921  lr=1.0e-04  229s
  batch 10/264  loss=0.4081
  batch 20/264  loss=0.4698
  batch 30/264  loss=0.3271
  batch 40/264  loss=0.3297
  batch 50/264  loss=0.4088
  batch 60/264  loss=0.8104
  batch 70/264  loss=0.3276
  batch 80/264  loss=0.2850
  batch 90/264  loss=0.4421
  batch 100/264  loss=0.3661
  batch 110/264  loss=0.4301
  batch 120/264  loss=0.3265
  batch 130/264  loss=0.2898
  batch 140/264  loss=0.3356
  batch 150/264  loss=0.2948
  batch 160/264  loss=0.4146
  batch 170/264  loss=0.3342
  batch 180/264  loss=0.3033
  batch 190/264  loss=0.4118
  batch 200/264  loss=0.3258
  batch 210/264  loss=0.3130
  batch 220/264  loss=0.3126
  batch 230/264  loss=0.3591
  batch 240/264  loss=0.3325
  batch 250/264  loss=0.3288
  batch 260/264  loss=0.3093
Epoch 252/300  train=3.748e-01  rmse=2.1570  lr=1.0e-04  230s
  batch 10/264  loss=0.4548
  batch 20/264  loss=0.3030
  batch 30/264  loss=0.3009
  batch 40/264  loss=0.2505
  batch 50/264  loss=0.3128
  batch 60/264  loss=0.3240
  batch 70/264  loss=0.3145
  batch 80/264  loss=0.3933
  batch 90/264  loss=0.4756
  batch 100/264  loss=0.3175
  batch 110/264  loss=0.3132
  batch 120/264  loss=0.3313
  batch 130/264  loss=0.5369
  batch 140/264  loss=0.4001
  batch 150/264  loss=0.3861
  batch 160/264  loss=0.4275
  batch 170/264  loss=0.2948
  batch 180/264  loss=0.3287
  batch 190/264  loss=0.3307
  batch 200/264  loss=0.3301
  batch 210/264  loss=0.4531
  batch 220/264  loss=0.2950
  batch 230/264  loss=0.3493
  batch 240/264  loss=0.3182
  batch 250/264  loss=0.3450
  batch 260/264  loss=0.3580
Epoch 253/300  train=3.662e-01  rmse=2.4474  lr=1.0e-04  230s
  -> best  monitor=3.662e-01
  batch 10/264  loss=0.4409
  batch 20/264  loss=0.3424
  batch 30/264  loss=0.2626
  batch 40/264  loss=0.3279
  batch 50/264  loss=0.2687
  batch 60/264  loss=0.2779
  batch 70/264  loss=0.4866
  batch 80/264  loss=0.3036
  batch 90/264  loss=0.4057
  batch 100/264  loss=0.4782
  batch 110/264  loss=0.3184
  batch 120/264  loss=0.7763
  batch 130/264  loss=0.3594
  batch 140/264  loss=0.3024
  batch 150/264  loss=0.3956
  batch 160/264  loss=0.3062
  batch 170/264  loss=0.3108
  batch 180/264  loss=0.2856
  batch 190/264  loss=0.3527
  batch 200/264  loss=0.3780
  batch 210/264  loss=0.2899
  batch 220/264  loss=0.3981
  batch 230/264  loss=0.4451
  batch 240/264  loss=0.5219
  batch 250/264  loss=0.3312
  batch 260/264  loss=0.3824
Epoch 254/300  train=3.743e-01  rmse=1.8117  lr=1.0e-04  229s
  batch 10/264  loss=0.4468
  batch 20/264  loss=0.3199
  batch 30/264  loss=0.3301
  batch 40/264  loss=0.4125
  batch 50/264  loss=0.4005
  batch 60/264  loss=0.6074
  batch 70/264  loss=0.5595
  batch 80/264  loss=0.3426
  batch 90/264  loss=0.3926
  batch 100/264  loss=0.3426
  batch 110/264  loss=0.4100
  batch 120/264  loss=0.4050
  batch 130/264  loss=0.2985
  batch 140/264  loss=0.3968
  batch 150/264  loss=0.5273
  batch 160/264  loss=0.3222
  batch 170/264  loss=0.3245
  batch 180/264  loss=0.4359
  batch 190/264  loss=0.4689
  batch 200/264  loss=0.3289
  batch 210/264  loss=0.4515
  batch 220/264  loss=0.3817
  batch 230/264  loss=0.3324
  batch 240/264  loss=0.4751
  batch 250/264  loss=0.3900
  batch 260/264  loss=0.2956
Epoch 255/300  train=3.740e-01  rmse=3.2121  lr=1.0e-04  231s
  batch 10/264  loss=0.3279
  batch 20/264  loss=0.3787
  batch 30/264  loss=0.2981
  batch 40/264  loss=0.3328
  batch 50/264  loss=0.3066
  batch 60/264  loss=0.3151
  batch 70/264  loss=0.4891
  batch 80/264  loss=0.2999
  batch 90/264  loss=0.3345
  batch 100/264  loss=0.3972
  batch 110/264  loss=0.3392
  batch 120/264  loss=0.4106
  batch 130/264  loss=0.2629
  batch 140/264  loss=0.3245
  batch 150/264  loss=0.3148
  batch 160/264  loss=0.3439
  batch 170/264  loss=0.3794
  batch 180/264  loss=0.3143
  batch 190/264  loss=0.4085
  batch 200/264  loss=0.3323
  batch 210/264  loss=0.5006
  batch 220/264  loss=0.5674
  batch 230/264  loss=0.2667
  batch 240/264  loss=0.4795
  batch 250/264  loss=0.3510
  batch 260/264  loss=0.3084
Epoch 256/300  train=3.655e-01  rmse=5.0770  lr=1.0e-04  230s
  -> best  monitor=3.655e-01
  batch 10/264  loss=0.3578
  batch 20/264  loss=0.3548
  batch 30/264  loss=0.3911
  batch 40/264  loss=0.3946
  batch 50/264  loss=0.4371
  batch 60/264  loss=0.2894
  batch 70/264  loss=0.3723
  batch 80/264  loss=0.2610
  batch 90/264  loss=0.2997
  batch 100/264  loss=0.3629
  batch 110/264  loss=0.3044
  batch 120/264  loss=0.2772
  batch 130/264  loss=0.2886
  batch 140/264  loss=0.5335
  batch 150/264  loss=0.4418
  batch 160/264  loss=0.2895
  batch 170/264  loss=0.3024
  batch 180/264  loss=0.3024
  batch 190/264  loss=0.3559
  batch 200/264  loss=0.3812
  batch 210/264  loss=0.2776
  batch 220/264  loss=0.3330
  batch 230/264  loss=0.3106
  batch 240/264  loss=0.4497
  batch 250/264  loss=0.2717
  batch 260/264  loss=0.5323
Epoch 257/300  train=3.689e-01  rmse=2.4444  lr=1.0e-04  230s
  batch 10/264  loss=0.5319
  batch 20/264  loss=0.3800
  batch 30/264  loss=0.2880
  batch 40/264  loss=0.3122
  batch 50/264  loss=0.3042
  batch 60/264  loss=0.3034
  batch 70/264  loss=0.2750
  batch 80/264  loss=0.3507
  batch 90/264  loss=0.3384
  batch 100/264  loss=0.3826
  batch 110/264  loss=0.2802
  batch 120/264  loss=0.3099
  batch 130/264  loss=0.3457
  batch 140/264  loss=0.3203
  batch 150/264  loss=0.3729
  batch 160/264  loss=0.3330
  batch 170/264  loss=0.3304
  batch 180/264  loss=0.3861
  batch 190/264  loss=0.3516
  batch 200/264  loss=0.2675
  batch 210/264  loss=0.3556
  batch 220/264  loss=0.3706
  batch 230/264  loss=0.3323
  batch 240/264  loss=0.3032
  batch 250/264  loss=0.4730
  batch 260/264  loss=0.4097
Epoch 258/300  train=3.658e-01  rmse=3.0714  lr=1.0e-04  229s
  batch 10/264  loss=0.2765
  batch 20/264  loss=0.3650
  batch 30/264  loss=0.3209
  batch 40/264  loss=0.3347
  batch 50/264  loss=0.3865
  batch 60/264  loss=0.3254
  batch 70/264  loss=0.3561
  batch 80/264  loss=0.2947
  batch 90/264  loss=0.4832
  batch 100/264  loss=0.4034
  batch 110/264  loss=0.3264
  batch 120/264  loss=0.3062
  batch 130/264  loss=0.3162
  batch 140/264  loss=0.3797
  batch 150/264  loss=0.3323
  batch 160/264  loss=0.4731
  batch 170/264  loss=0.3757
  batch 180/264  loss=0.2925
  batch 190/264  loss=0.3278
  batch 200/264  loss=0.3702
  batch 210/264  loss=0.2920
  batch 220/264  loss=0.3632
  batch 230/264  loss=0.3343
  batch 240/264  loss=0.2891
  batch 250/264  loss=0.2439
  batch 260/264  loss=0.3157
Epoch 259/300  train=3.669e-01  rmse=2.1440  lr=1.0e-04  229s
  batch 10/264  loss=0.3005
  batch 20/264  loss=0.3551
  batch 30/264  loss=0.3371
  batch 40/264  loss=0.3288
  batch 50/264  loss=0.2957
  batch 60/264  loss=0.5676
  batch 70/264  loss=0.3044
  batch 80/264  loss=0.2984
  batch 90/264  loss=0.4157
  batch 100/264  loss=0.3866
  batch 110/264  loss=0.3939
  batch 120/264  loss=0.3488
  batch 130/264  loss=0.3107
  batch 140/264  loss=0.3493
  batch 150/264  loss=0.2886
  batch 160/264  loss=0.3295
  batch 170/264  loss=0.2809
  batch 180/264  loss=0.3441
  batch 190/264  loss=0.3355
  batch 200/264  loss=0.3993
  batch 210/264  loss=0.3307
  batch 220/264  loss=0.4072
  batch 230/264  loss=0.6452
  batch 240/264  loss=0.3829
  batch 250/264  loss=0.3056
  batch 260/264  loss=0.3142
Epoch 260/300  train=3.696e-01  rmse=6.6752  lr=1.0e-04  230s
  batch 10/264  loss=0.3608
  batch 20/264  loss=0.3418
  batch 30/264  loss=0.3425
  batch 40/264  loss=0.3305
  batch 50/264  loss=0.2957
  batch 60/264  loss=0.2626
  batch 70/264  loss=0.3230
  batch 80/264  loss=0.2880
  batch 90/264  loss=0.3158
  batch 100/264  loss=0.2859
  batch 110/264  loss=0.3136
  batch 120/264  loss=0.3981
  batch 130/264  loss=0.3871
  batch 140/264  loss=0.2600
  batch 150/264  loss=0.3651
  batch 160/264  loss=0.4892
  batch 170/264  loss=0.6474
  batch 180/264  loss=0.2798
  batch 190/264  loss=0.3787
  batch 200/264  loss=0.2924
  batch 210/264  loss=0.2760
  batch 220/264  loss=0.2853
  batch 230/264  loss=0.4704
  batch 240/264  loss=0.3354
  batch 250/264  loss=0.3075
  batch 260/264  loss=0.3196
Epoch 261/300  train=3.707e-01  rmse=3.0569  lr=1.0e-04  229s
  batch 10/264  loss=0.5104
  batch 20/264  loss=0.4912
  batch 30/264  loss=0.2986
  batch 40/264  loss=0.2774
  batch 50/264  loss=0.3029
  batch 60/264  loss=0.3310
  batch 70/264  loss=0.3633
  batch 80/264  loss=0.4517
  batch 90/264  loss=0.4785
  batch 100/264  loss=0.2955
  batch 110/264  loss=0.3266
  batch 120/264  loss=0.4807
  batch 130/264  loss=0.3087
  batch 140/264  loss=0.3081
  batch 150/264  loss=0.5068
  batch 160/264  loss=0.4164
  batch 170/264  loss=0.3908
  batch 180/264  loss=0.3095
  batch 190/264  loss=0.3457
  batch 200/264  loss=0.3966
  batch 210/264  loss=0.2895
  batch 220/264  loss=0.3165
  batch 230/264  loss=0.4229
  batch 240/264  loss=0.5515
  batch 250/264  loss=0.3184
  batch 260/264  loss=0.2965
Epoch 262/300  train=3.667e-01  rmse=4.4164  lr=1.0e-04  229s
  batch 10/264  loss=0.4494
  batch 20/264  loss=0.2940
  batch 30/264  loss=0.3823
  batch 40/264  loss=0.4691
  batch 50/264  loss=0.4175
  batch 60/264  loss=0.3383
  batch 70/264  loss=0.3252
  batch 80/264  loss=0.3591
  batch 90/264  loss=0.3544
  batch 100/264  loss=0.3061
  batch 110/264  loss=0.2975
  batch 120/264  loss=0.4228
  batch 130/264  loss=0.3493
  batch 140/264  loss=0.3528
  batch 150/264  loss=0.4304
  batch 160/264  loss=0.5102
  batch 170/264  loss=0.3825
  batch 180/264  loss=0.3953
  batch 190/264  loss=0.2998
  batch 200/264  loss=0.2849
  batch 210/264  loss=0.4213
  batch 220/264  loss=0.3524
  batch 230/264  loss=0.3565
  batch 240/264  loss=0.3613
  batch 250/264  loss=0.3281
  batch 260/264  loss=0.3085
Epoch 263/300  train=3.697e-01  rmse=2.8243  lr=1.0e-04  229s
  batch 10/264  loss=0.2801
  batch 20/264  loss=0.3053
  batch 30/264  loss=0.3247
  batch 40/264  loss=0.3394
  batch 50/264  loss=0.2949
  batch 60/264  loss=0.3742
  batch 70/264  loss=0.4296
  batch 80/264  loss=0.4017
  batch 90/264  loss=0.3711
  batch 100/264  loss=0.5190
  batch 110/264  loss=0.3379
  batch 120/264  loss=0.5271
  batch 130/264  loss=0.5072
  batch 140/264  loss=0.2710
  batch 150/264  loss=0.3476
  batch 160/264  loss=0.3159
  batch 170/264  loss=0.3631
  batch 180/264  loss=0.4080
  batch 190/264  loss=0.5014
  batch 200/264  loss=0.2978
  batch 210/264  loss=0.3671
  batch 220/264  loss=0.5070
  batch 230/264  loss=0.5913
  batch 240/264  loss=0.3462
  batch 250/264  loss=0.2755
  batch 260/264  loss=0.3213
Epoch 264/300  train=3.696e-01  rmse=3.2043  lr=1.0e-04  228s
  batch 10/264  loss=0.3792
  batch 20/264  loss=0.3888
  batch 30/264  loss=0.4421
  batch 40/264  loss=0.2876
  batch 50/264  loss=0.3940
  batch 60/264  loss=0.3187
  batch 70/264  loss=0.3703
  batch 80/264  loss=0.2643
  batch 90/264  loss=0.3316
  batch 100/264  loss=0.3071
  batch 110/264  loss=0.3524
  batch 120/264  loss=0.3916
  batch 130/264  loss=0.2998
  batch 140/264  loss=0.4454
  batch 150/264  loss=0.3598
  batch 160/264  loss=0.3426
  batch 170/264  loss=0.3356
  batch 180/264  loss=0.3740
  batch 190/264  loss=0.2998
  batch 200/264  loss=0.2933
  batch 210/264  loss=0.2670
  batch 220/264  loss=0.4705
  batch 230/264  loss=0.3208
  batch 240/264  loss=0.2830
  batch 250/264  loss=0.4082
  batch 260/264  loss=0.2919
Epoch 265/300  train=3.680e-01  rmse=3.6425  lr=1.0e-04  230s
  batch 10/264  loss=0.4178
  batch 20/264  loss=0.3803
  batch 30/264  loss=0.3620
  batch 40/264  loss=0.3489
  batch 50/264  loss=0.3135
  batch 60/264  loss=0.2817
  batch 70/264  loss=0.3220
  batch 80/264  loss=0.4534
  batch 90/264  loss=0.3454
  batch 100/264  loss=0.3471
  batch 110/264  loss=0.2952
  batch 120/264  loss=0.3072
  batch 130/264  loss=0.3160
  batch 140/264  loss=0.4639
  batch 150/264  loss=0.3393
  batch 160/264  loss=0.5212
  batch 170/264  loss=0.3807
  batch 180/264  loss=0.3443
  batch 190/264  loss=0.2856
  batch 200/264  loss=0.3243
  batch 210/264  loss=0.2983
  batch 220/264  loss=0.3338
  batch 230/264  loss=0.3093
  batch 240/264  loss=0.2732
  batch 250/264  loss=0.4806
  batch 260/264  loss=0.3611
Epoch 266/300  train=3.681e-01  rmse=2.2404  lr=1.0e-04  230s
  batch 10/264  loss=0.3728
  batch 20/264  loss=0.3259
  batch 30/264  loss=0.4711
  batch 40/264  loss=0.2874
  batch 50/264  loss=0.6328
  batch 60/264  loss=0.3560
  batch 70/264  loss=0.4614
  batch 80/264  loss=0.3488
  batch 90/264  loss=0.2841
  batch 100/264  loss=0.3936
  batch 110/264  loss=0.3181
  batch 120/264  loss=0.3499
  batch 130/264  loss=0.3539
  batch 140/264  loss=0.3354
  batch 150/264  loss=0.4336
  batch 160/264  loss=0.3047
  batch 170/264  loss=0.3928
  batch 180/264  loss=0.3373
  batch 190/264  loss=0.8415
  batch 200/264  loss=0.3426
  batch 210/264  loss=0.3122
  batch 220/264  loss=0.3307
  batch 230/264  loss=0.3815
  batch 240/264  loss=0.3932
  batch 250/264  loss=0.5104
  batch 260/264  loss=0.2965
Epoch 267/300  train=3.653e-01  rmse=2.0255  lr=1.0e-04  230s
  -> best  monitor=3.653e-01
  batch 10/264  loss=0.3421
  batch 20/264  loss=0.4729
  batch 30/264  loss=0.4698
  batch 40/264  loss=0.4855
  batch 50/264  loss=0.4036
  batch 60/264  loss=0.4065
  batch 70/264  loss=0.2864
  batch 80/264  loss=0.4171
  batch 90/264  loss=0.5639
  batch 100/264  loss=0.2792
  batch 110/264  loss=0.3151
  batch 120/264  loss=0.4102
  batch 130/264  loss=0.3320
  batch 140/264  loss=0.3478
  batch 150/264  loss=0.3307
  batch 160/264  loss=0.3808
  batch 170/264  loss=0.2840
  batch 180/264  loss=0.2512
  batch 190/264  loss=0.3768
  batch 200/264  loss=0.3851
  batch 210/264  loss=0.3916
  batch 220/264  loss=0.3135
  batch 230/264  loss=0.3416
  batch 240/264  loss=0.4724
  batch 250/264  loss=0.4698
  batch 260/264  loss=0.3789
Epoch 268/300  train=3.714e-01  rmse=2.2576  lr=1.0e-04  231s
  batch 10/264  loss=0.3531
  batch 20/264  loss=0.3067
  batch 30/264  loss=0.4244
  batch 40/264  loss=0.4410
  batch 50/264  loss=0.2835
  batch 60/264  loss=0.4034
  batch 70/264  loss=0.2735
  batch 80/264  loss=0.2869
  batch 90/264  loss=0.5002
  batch 100/264  loss=0.3913
  batch 110/264  loss=0.5336
  batch 120/264  loss=0.4616
  batch 130/264  loss=0.2928
  batch 140/264  loss=0.2981
  batch 150/264  loss=0.4367
  batch 160/264  loss=0.3440
  batch 170/264  loss=0.2971
  batch 180/264  loss=0.3018
  batch 190/264  loss=0.6808
  batch 200/264  loss=0.2997
  batch 210/264  loss=0.3152
  batch 220/264  loss=0.3305
  batch 230/264  loss=0.2825
  batch 240/264  loss=0.3529
  batch 250/264  loss=0.3979
  batch 260/264  loss=0.2948
Epoch 269/300  train=3.637e-01  rmse=2.0465  lr=1.0e-04  230s
  -> best  monitor=3.637e-01
  batch 10/264  loss=0.3507
  batch 20/264  loss=0.3128
  batch 30/264  loss=0.3123
  batch 40/264  loss=0.2758
  batch 50/264  loss=0.3156
  batch 60/264  loss=0.3410
  batch 70/264  loss=0.3116
  batch 80/264  loss=0.3830
  batch 90/264  loss=0.4567
  batch 100/264  loss=0.2851
  batch 110/264  loss=0.4314
  batch 120/264  loss=0.3618
  batch 130/264  loss=0.3306
  batch 140/264  loss=0.2932
  batch 150/264  loss=0.4038
  batch 160/264  loss=0.3151
  batch 170/264  loss=0.3271
  batch 180/264  loss=0.4145
  batch 190/264  loss=0.3625
  batch 200/264  loss=0.3326
  batch 210/264  loss=0.4624
  batch 220/264  loss=0.3230
  batch 230/264  loss=0.2980
  batch 240/264  loss=0.4725
  batch 250/264  loss=0.2967
  batch 260/264  loss=0.2894
Epoch 270/300  train=3.662e-01  rmse=2.1323  lr=1.0e-04  231s
  batch 10/264  loss=0.3833
  batch 20/264  loss=0.2519
  batch 30/264  loss=0.3588
  batch 40/264  loss=0.3299
  batch 50/264  loss=0.2927
  batch 60/264  loss=0.4936
  batch 70/264  loss=0.2959
  batch 80/264  loss=0.3496
  batch 90/264  loss=0.2661
  batch 100/264  loss=0.3794
  batch 110/264  loss=0.2795
  batch 120/264  loss=0.5276
  batch 130/264  loss=0.2924
  batch 140/264  loss=0.2662
  batch 150/264  loss=0.3657
  batch 160/264  loss=0.3768
  batch 170/264  loss=0.3884
  batch 180/264  loss=0.6177
  batch 190/264  loss=0.6199
  batch 200/264  loss=0.2787
  batch 210/264  loss=0.3196
  batch 220/264  loss=0.3500
  batch 230/264  loss=0.4996
  batch 240/264  loss=0.3231
  batch 250/264  loss=0.4057
  batch 260/264  loss=0.3450
Epoch 271/300  train=3.724e-01  rmse=2.1378  lr=1.0e-04  229s
  batch 10/264  loss=0.3043
  batch 20/264  loss=0.4426
  batch 30/264  loss=0.3276
  batch 40/264  loss=0.3817
  batch 50/264  loss=0.5623
  batch 60/264  loss=0.2880
  batch 70/264  loss=0.3024
  batch 80/264  loss=0.4500
  batch 90/264  loss=0.3584
  batch 100/264  loss=0.2962
  batch 110/264  loss=0.3479
  batch 120/264  loss=0.3013
  batch 130/264  loss=0.4372
  batch 140/264  loss=0.4245
  batch 150/264  loss=0.5194
  batch 160/264  loss=0.3131
  batch 170/264  loss=0.3901
  batch 180/264  loss=0.4571
  batch 190/264  loss=0.3766
  batch 200/264  loss=0.3785
  batch 210/264  loss=0.3625
  batch 220/264  loss=0.4184
  batch 230/264  loss=0.3127
  batch 240/264  loss=0.6178
  batch 250/264  loss=0.3569
  batch 260/264  loss=0.3223
Epoch 272/300  train=3.692e-01  rmse=4.6173  lr=1.0e-04  230s
  batch 10/264  loss=0.2948
  batch 20/264  loss=0.3141
  batch 30/264  loss=0.2738
  batch 40/264  loss=0.3989
  batch 50/264  loss=0.3120
  batch 60/264  loss=0.7069
  batch 70/264  loss=0.4845
  batch 80/264  loss=0.2749
  batch 90/264  loss=0.2570
  batch 100/264  loss=0.3632
  batch 110/264  loss=0.2994
  batch 120/264  loss=0.3615
  batch 130/264  loss=0.2960
  batch 140/264  loss=0.3299
  batch 150/264  loss=0.3101
  batch 160/264  loss=0.3598
  batch 170/264  loss=0.4463
  batch 180/264  loss=0.3423
  batch 190/264  loss=0.2995
  batch 200/264  loss=0.3684
  batch 210/264  loss=0.4102
  batch 220/264  loss=0.4030
  batch 230/264  loss=0.3271
  batch 240/264  loss=0.3525
  batch 250/264  loss=0.5590
  batch 260/264  loss=0.3566
Epoch 273/300  train=3.616e-01  rmse=2.0702  lr=1.0e-04  230s
  -> best  monitor=3.616e-01
  batch 10/264  loss=0.3478
  batch 20/264  loss=0.2926
  batch 30/264  loss=0.2826
  batch 40/264  loss=0.4189
  batch 50/264  loss=0.3721
  batch 60/264  loss=0.4580
  batch 70/264  loss=0.4921
  batch 80/264  loss=0.3136
  batch 90/264  loss=0.3972
  batch 100/264  loss=0.3448
  batch 110/264  loss=0.6766
  batch 120/264  loss=0.4893
  batch 130/264  loss=0.4400
  batch 140/264  loss=0.4496
  batch 150/264  loss=0.3431
  batch 160/264  loss=0.4107
  batch 170/264  loss=0.2491
  batch 180/264  loss=0.2616
  batch 190/264  loss=0.4536
  batch 200/264  loss=0.3333
  batch 210/264  loss=0.3857
  batch 220/264  loss=0.3488
  batch 230/264  loss=0.4738
  batch 240/264  loss=0.3018
  batch 250/264  loss=0.4693
  batch 260/264  loss=0.4341
Epoch 274/300  train=3.672e-01  rmse=2.4851  lr=1.0e-04  230s
  batch 10/264  loss=0.4172
  batch 20/264  loss=0.3723
  batch 30/264  loss=0.3805
  batch 40/264  loss=0.7225
  batch 50/264  loss=0.4079
  batch 60/264  loss=0.3459
  batch 70/264  loss=0.4092
  batch 80/264  loss=0.4013
  batch 90/264  loss=0.2831
  batch 100/264  loss=0.2902
  batch 110/264  loss=0.2865
  batch 120/264  loss=0.3270
  batch 130/264  loss=0.4400
  batch 140/264  loss=0.3086
  batch 150/264  loss=0.4498
  batch 160/264  loss=0.3696
  batch 170/264  loss=0.5137
  batch 180/264  loss=0.3553
  batch 190/264  loss=0.5194
  batch 200/264  loss=0.2899
  batch 210/264  loss=0.3069
  batch 220/264  loss=0.4788
  batch 230/264  loss=0.3561
  batch 240/264  loss=0.3579
  batch 250/264  loss=0.7860
  batch 260/264  loss=0.2925
Epoch 275/300  train=3.658e-01  rmse=3.3264  lr=1.0e-04  229s
  batch 10/264  loss=0.4098
  batch 20/264  loss=0.2886
  batch 30/264  loss=0.3614
  batch 40/264  loss=0.3084
  batch 50/264  loss=0.3436
  batch 60/264  loss=0.2816
  batch 70/264  loss=0.3443
  batch 80/264  loss=0.2981
  batch 90/264  loss=0.3731
  batch 100/264  loss=0.3048
  batch 110/264  loss=0.4290
  batch 120/264  loss=0.4232
  batch 130/264  loss=0.3340
  batch 140/264  loss=0.3190
  batch 150/264  loss=0.3104
  batch 160/264  loss=0.3903
  batch 170/264  loss=0.3165
  batch 180/264  loss=0.3514
  batch 190/264  loss=0.3799
  batch 200/264  loss=0.2965
  batch 210/264  loss=0.3827
  batch 220/264  loss=0.3073
  batch 230/264  loss=0.3038
  batch 240/264  loss=0.2894
  batch 250/264  loss=0.2852
  batch 260/264  loss=0.3831
Epoch 276/300  train=3.604e-01  rmse=2.3060  lr=1.0e-04  230s
  -> best  monitor=3.604e-01
  batch 10/264  loss=0.5460
  batch 20/264  loss=0.3421
  batch 30/264  loss=0.4270
  batch 40/264  loss=0.3274
  batch 50/264  loss=0.3070
  batch 60/264  loss=0.2859
  batch 70/264  loss=0.4070
  batch 80/264  loss=0.3450
  batch 90/264  loss=0.5714
  batch 100/264  loss=0.5160
  batch 110/264  loss=0.3190
  batch 120/264  loss=0.2861
  batch 130/264  loss=0.3907
  batch 140/264  loss=0.3016
  batch 150/264  loss=0.4712
  batch 160/264  loss=0.3942
  batch 170/264  loss=0.3288
  batch 180/264  loss=0.2739
  batch 190/264  loss=0.3008
  batch 200/264  loss=0.3280
  batch 210/264  loss=0.2991
  batch 220/264  loss=0.4377
  batch 230/264  loss=0.3430
  batch 240/264  loss=0.5247
  batch 250/264  loss=0.2769
  batch 260/264  loss=0.3773
Epoch 277/300  train=3.605e-01  rmse=2.6245  lr=1.0e-04  231s
  batch 10/264  loss=0.2858
  batch 20/264  loss=0.3068
  batch 30/264  loss=0.5704
  batch 40/264  loss=0.5304
  batch 50/264  loss=0.3646
  batch 60/264  loss=0.3116
  batch 70/264  loss=0.3785
  batch 80/264  loss=0.7154
  batch 90/264  loss=0.3112
  batch 100/264  loss=0.3244
  batch 110/264  loss=0.3698
  batch 120/264  loss=0.2756
  batch 130/264  loss=0.3799
  batch 140/264  loss=0.2936
  batch 150/264  loss=0.2961
  batch 160/264  loss=0.2984
  batch 170/264  loss=0.3021
  batch 180/264  loss=0.3313
  batch 190/264  loss=0.2878
  batch 200/264  loss=0.3333
  batch 210/264  loss=0.3526
  batch 220/264  loss=0.3493
  batch 230/264  loss=0.3744
  batch 240/264  loss=0.5238
  batch 250/264  loss=0.4053
  batch 260/264  loss=0.4294
Epoch 278/300  train=3.643e-01  rmse=2.4511  lr=1.0e-04  231s
  batch 10/264  loss=0.4341
  batch 20/264  loss=0.3692
  batch 30/264  loss=0.5993
  batch 40/264  loss=0.2682
  batch 50/264  loss=0.3936
  batch 60/264  loss=0.3412
  batch 70/264  loss=0.2912
  batch 80/264  loss=0.3650
  batch 90/264  loss=0.3539
  batch 100/264  loss=0.4146
  batch 110/264  loss=0.3346
  batch 120/264  loss=0.3532
  batch 130/264  loss=0.3109
  batch 140/264  loss=0.4889
  batch 150/264  loss=0.3203
  batch 160/264  loss=0.3612
  batch 170/264  loss=0.3564
  batch 180/264  loss=0.4211
  batch 190/264  loss=0.3325
  batch 200/264  loss=0.4408
  batch 210/264  loss=0.3781
  batch 220/264  loss=0.4144
  batch 230/264  loss=0.3540
  batch 240/264  loss=0.3578
  batch 250/264  loss=0.4312
  batch 260/264  loss=0.2877
Epoch 279/300  train=3.645e-01  rmse=2.0131  lr=1.0e-04  231s
  batch 10/264  loss=0.3595
  batch 20/264  loss=0.3692
  batch 30/264  loss=0.5017
  batch 40/264  loss=0.3292
  batch 50/264  loss=0.3923
  batch 60/264  loss=0.3964
  batch 70/264  loss=0.2942
  batch 80/264  loss=0.5247
  batch 90/264  loss=0.3299
  batch 100/264  loss=0.2740
  batch 110/264  loss=0.3208
  batch 120/264  loss=0.3353
  batch 130/264  loss=0.2930
  batch 140/264  loss=0.3393
  batch 150/264  loss=0.2416
  batch 160/264  loss=0.3445
  batch 170/264  loss=0.2754
  batch 180/264  loss=0.3455
  batch 190/264  loss=0.2820
  batch 200/264  loss=0.3509
  batch 210/264  loss=0.3353
  batch 220/264  loss=0.3628
  batch 230/264  loss=0.4445
  batch 240/264  loss=0.4632
  batch 250/264  loss=0.3798
  batch 260/264  loss=0.3346
Epoch 280/300  train=3.645e-01  rmse=2.6990  lr=1.0e-04  229s
  batch 10/264  loss=0.5223
  batch 20/264  loss=0.3418
  batch 30/264  loss=0.4499
  batch 40/264  loss=0.3692
  batch 50/264  loss=0.4110
  batch 60/264  loss=0.3307
  batch 70/264  loss=0.4822
  batch 80/264  loss=0.3160
  batch 90/264  loss=0.2562
  batch 100/264  loss=0.3546
  batch 110/264  loss=0.3322
  batch 120/264  loss=0.3639
  batch 130/264  loss=0.4906
  batch 140/264  loss=0.4704
  batch 150/264  loss=0.4034
  batch 160/264  loss=0.3130
  batch 170/264  loss=0.3736
  batch 180/264  loss=0.4890
  batch 190/264  loss=0.3053
  batch 200/264  loss=0.4015
  batch 210/264  loss=0.3179
  batch 220/264  loss=0.4056
  batch 230/264  loss=0.3449
  batch 240/264  loss=0.2994
  batch 250/264  loss=0.2942
  batch 260/264  loss=0.2945
Epoch 281/300  train=3.592e-01  rmse=4.0041  lr=1.0e-04  231s
  -> best  monitor=3.592e-01
  batch 10/264  loss=0.4541
  batch 20/264  loss=0.4377
  batch 30/264  loss=0.3157
  batch 40/264  loss=0.3210
  batch 50/264  loss=0.3712
  batch 60/264  loss=0.3191
  batch 70/264  loss=0.4213
  batch 80/264  loss=0.2765
  batch 90/264  loss=0.2866
  batch 100/264  loss=0.2988
  batch 110/264  loss=0.3384
  batch 120/264  loss=0.3214
  batch 130/264  loss=0.3848
  batch 140/264  loss=0.3336
  batch 150/264  loss=0.3864
  batch 160/264  loss=0.6454
  batch 170/264  loss=0.3035
  batch 180/264  loss=0.3006
  batch 190/264  loss=0.2772
  batch 200/264  loss=0.2822
  batch 210/264  loss=0.3637
  batch 220/264  loss=0.4361
  batch 230/264  loss=0.3827
  batch 240/264  loss=0.3539
  batch 250/264  loss=0.2559
  batch 260/264  loss=0.4276
Epoch 282/300  train=3.669e-01  rmse=2.3178  lr=1.0e-04  229s
  batch 10/264  loss=0.3488
  batch 20/264  loss=0.3448
  batch 30/264  loss=0.3560
  batch 40/264  loss=0.3332
  batch 50/264  loss=0.3927
  batch 60/264  loss=0.3413
  batch 70/264  loss=0.3245
  batch 80/264  loss=0.6685
  batch 90/264  loss=0.3068
  batch 100/264  loss=0.2761
  batch 110/264  loss=0.3125
  batch 120/264  loss=0.2807
  batch 130/264  loss=0.4159
  batch 140/264  loss=0.4185
  batch 150/264  loss=0.3113
  batch 160/264  loss=0.3207
  batch 170/264  loss=0.3689
  batch 180/264  loss=0.3846
  batch 190/264  loss=0.2998
  batch 200/264  loss=0.3713
  batch 210/264  loss=0.2846
  batch 220/264  loss=0.5799
  batch 230/264  loss=0.3977
  batch 240/264  loss=0.3067
  batch 250/264  loss=0.3340
  batch 260/264  loss=0.3796
Epoch 283/300  train=3.618e-01  rmse=2.1457  lr=1.0e-04  231s
  batch 10/264  loss=0.2910
  batch 20/264  loss=0.3540
  batch 30/264  loss=0.3874
  batch 40/264  loss=0.3057
  batch 50/264  loss=0.4637
  batch 60/264  loss=0.3544
  batch 70/264  loss=0.4203
  batch 80/264  loss=0.3062
  batch 90/264  loss=0.4368
  batch 100/264  loss=0.3089
  batch 110/264  loss=0.3020
  batch 120/264  loss=0.3274
  batch 130/264  loss=0.3723
  batch 140/264  loss=0.3277
  batch 150/264  loss=0.3005
  batch 160/264  loss=0.3674
  batch 170/264  loss=0.3723
  batch 180/264  loss=0.3161
  batch 190/264  loss=0.2803
  batch 200/264  loss=0.3904
  batch 210/264  loss=0.3540
  batch 220/264  loss=0.3739
  batch 230/264  loss=0.3531
  batch 240/264  loss=0.5095
  batch 250/264  loss=0.2954
  batch 260/264  loss=0.3220
Epoch 284/300  train=3.642e-01  rmse=10.5891  lr=1.0e-04  229s
  batch 10/264  loss=0.4038
  batch 20/264  loss=0.3174
  batch 30/264  loss=0.3380
  batch 40/264  loss=0.2748
  batch 50/264  loss=0.3662
  batch 60/264  loss=0.2523
  batch 70/264  loss=0.4302
  batch 80/264  loss=0.4138
  batch 90/264  loss=0.3338
  batch 100/264  loss=0.3194
  batch 110/264  loss=0.3164
  batch 120/264  loss=0.4203
  batch 130/264  loss=0.2858
  batch 140/264  loss=0.3056
  batch 150/264  loss=0.4867
  batch 160/264  loss=0.2916
  batch 170/264  loss=0.3871
  batch 180/264  loss=0.4914
  batch 190/264  loss=0.3786
  batch 200/264  loss=0.4363
  batch 210/264  loss=0.4370
  batch 220/264  loss=0.2679
  batch 230/264  loss=0.4015
  batch 240/264  loss=0.4311
  batch 250/264  loss=0.3183
  batch 260/264  loss=0.5411
Epoch 285/300  train=3.575e-01  rmse=2.4779  lr=1.0e-04  230s
  -> best  monitor=3.575e-01
  batch 10/264  loss=0.4147
  batch 20/264  loss=0.3708
  batch 30/264  loss=0.3016
  batch 40/264  loss=1.1610
  batch 50/264  loss=0.4396
  batch 60/264  loss=0.4227
  batch 70/264  loss=0.2970
  batch 80/264  loss=0.2472
  batch 90/264  loss=0.3202
  batch 100/264  loss=0.3074
  batch 110/264  loss=0.2672
  batch 120/264  loss=0.2802
  batch 130/264  loss=0.2695
  batch 140/264  loss=0.5027
  batch 150/264  loss=0.3337
  batch 160/264  loss=0.7829
  batch 170/264  loss=0.3512
  batch 180/264  loss=0.3136
  batch 190/264  loss=0.2979
  batch 200/264  loss=0.2626
  batch 210/264  loss=0.3757
  batch 220/264  loss=0.4305
  batch 230/264  loss=0.3552
  batch 240/264  loss=0.2879
  batch 250/264  loss=0.4787
  batch 260/264  loss=0.3610
Epoch 286/300  train=3.647e-01  rmse=3.1737  lr=1.0e-04  230s
  batch 10/264  loss=0.3225
  batch 20/264  loss=0.4120
  batch 30/264  loss=0.2927
  batch 40/264  loss=0.3029
  batch 50/264  loss=0.3009
  batch 60/264  loss=0.3159
  batch 70/264  loss=0.3221
  batch 80/264  loss=0.3965
  batch 90/264  loss=0.3259
  batch 100/264  loss=0.2853
  batch 110/264  loss=0.2710
  batch 120/264  loss=0.3541
  batch 130/264  loss=0.4049
  batch 140/264  loss=0.3816
  batch 150/264  loss=0.3207
  batch 160/264  loss=0.3490
  batch 170/264  loss=0.4172
  batch 180/264  loss=0.3254
  batch 190/264  loss=0.3386
  batch 200/264  loss=0.4750
  batch 210/264  loss=0.2664
  batch 220/264  loss=0.3314
  batch 230/264  loss=0.3415
  batch 240/264  loss=0.3324
  batch 250/264  loss=0.3355
  batch 260/264  loss=0.3880
Epoch 287/300  train=3.588e-01  rmse=1.9901  lr=1.0e-04  230s
  batch 10/264  loss=0.4170
  batch 20/264  loss=0.3636
  batch 30/264  loss=0.3042
  batch 40/264  loss=0.4561
  batch 50/264  loss=0.2903
  batch 60/264  loss=0.3466
  batch 70/264  loss=0.3567
  batch 80/264  loss=0.3290
  batch 90/264  loss=0.4948
  batch 100/264  loss=0.4609
  batch 110/264  loss=0.2911
  batch 120/264  loss=0.4316
  batch 130/264  loss=0.3805
  batch 140/264  loss=0.2641
  batch 150/264  loss=0.3098
  batch 160/264  loss=0.2407
  batch 170/264  loss=0.3038
  batch 180/264  loss=0.3179
  batch 190/264  loss=0.4337
  batch 200/264  loss=0.3130
  batch 210/264  loss=0.2893
  batch 220/264  loss=0.3519
  batch 230/264  loss=0.4937
  batch 240/264  loss=0.5051
  batch 250/264  loss=0.2868
  batch 260/264  loss=0.3214
Epoch 288/300  train=3.558e-01  rmse=2.1132  lr=1.0e-04  231s
  -> best  monitor=3.558e-01
  batch 10/264  loss=0.2909
  batch 20/264  loss=0.4039
  batch 30/264  loss=0.3897
  batch 40/264  loss=0.3441
  batch 50/264  loss=0.2577
  batch 60/264  loss=0.3389
  batch 70/264  loss=0.3707
  batch 80/264  loss=0.3038
  batch 90/264  loss=0.3732
  batch 100/264  loss=0.3138
  batch 110/264  loss=0.3304
  batch 120/264  loss=0.3162
  batch 130/264  loss=0.4589
  batch 140/264  loss=0.4691
  batch 150/264  loss=0.2743
  batch 160/264  loss=0.3131
  batch 170/264  loss=0.4926
  batch 180/264  loss=0.2894
  batch 190/264  loss=0.6031
  batch 200/264  loss=0.3382
  batch 210/264  loss=0.2502
  batch 220/264  loss=0.3608
  batch 230/264  loss=0.3245
  batch 240/264  loss=0.3068
  batch 250/264  loss=0.3861
  batch 260/264  loss=0.2787
Epoch 289/300  train=3.639e-01  rmse=2.8485  lr=1.0e-04  230s
  batch 10/264  loss=0.3198
  batch 20/264  loss=0.3569
  batch 30/264  loss=0.4228
  batch 40/264  loss=0.4265
  batch 50/264  loss=0.2846
  batch 60/264  loss=0.3009
  batch 70/264  loss=0.3776
  batch 80/264  loss=0.4490
  batch 90/264  loss=0.3245
  batch 100/264  loss=0.2704
  batch 110/264  loss=0.3622
  batch 120/264  loss=0.3971
  batch 130/264  loss=0.3929
  batch 140/264  loss=0.2674
  batch 150/264  loss=0.3106
  batch 160/264  loss=0.3917
  batch 170/264  loss=0.2977
  batch 180/264  loss=0.3664
  batch 190/264  loss=0.2908
  batch 200/264  loss=0.2708
  batch 210/264  loss=0.2813
  batch 220/264  loss=0.3310
  batch 230/264  loss=0.2910
  batch 240/264  loss=0.4207
  batch 250/264  loss=0.3140
  batch 260/264  loss=0.3128
Epoch 290/300  train=3.620e-01  rmse=6.8196  lr=1.0e-04  230s
  batch 10/264  loss=0.5126
  batch 20/264  loss=0.2942
  batch 30/264  loss=0.3003
  batch 40/264  loss=0.3145
  batch 50/264  loss=0.3291
  batch 60/264  loss=0.3479
  batch 70/264  loss=0.3607
  batch 80/264  loss=0.4768
  batch 90/264  loss=0.5617
  batch 100/264  loss=0.3539
  batch 110/264  loss=0.2859
  batch 120/264  loss=0.3710
  batch 130/264  loss=0.3430
  batch 140/264  loss=0.4171
  batch 150/264  loss=0.3187
  batch 160/264  loss=0.4586
  batch 170/264  loss=0.3181
  batch 180/264  loss=0.5282
  batch 190/264  loss=0.2855
  batch 200/264  loss=0.2792
  batch 210/264  loss=0.5118
  batch 220/264  loss=0.4572
  batch 230/264  loss=0.3425
  batch 240/264  loss=0.3897
  batch 250/264  loss=0.2696
  batch 260/264  loss=0.4603
Epoch 291/300  train=3.618e-01  rmse=1.6833  lr=1.0e-04  231s
  batch 10/264  loss=0.4029
  batch 20/264  loss=0.3705
  batch 30/264  loss=0.3665
  batch 40/264  loss=0.3497
  batch 50/264  loss=0.3468
  batch 60/264  loss=0.3466
  batch 70/264  loss=0.3290
  batch 80/264  loss=0.3875
  batch 90/264  loss=0.3923
  batch 100/264  loss=0.5272
  batch 110/264  loss=0.2796
  batch 120/264  loss=0.4124
  batch 130/264  loss=0.3151
  batch 140/264  loss=0.2827
  batch 150/264  loss=0.2904
  batch 160/264  loss=0.3541
  batch 170/264  loss=0.3588
  batch 180/264  loss=0.3527
  batch 190/264  loss=0.2954
  batch 200/264  loss=0.4760
  batch 210/264  loss=0.3535
  batch 220/264  loss=0.2768
  batch 230/264  loss=0.2866
  batch 240/264  loss=0.4781
  batch 250/264  loss=0.2889
  batch 260/264  loss=0.3593
Epoch 292/300  train=3.652e-01  rmse=3.3374  lr=1.0e-04  231s
  batch 10/264  loss=0.3450
  batch 20/264  loss=0.2929
  batch 30/264  loss=0.3553
  batch 40/264  loss=0.4006
  batch 50/264  loss=0.3935
  batch 60/264  loss=0.3253
  batch 70/264  loss=0.2653
  batch 80/264  loss=0.2866
  batch 90/264  loss=0.3825
  batch 100/264  loss=0.4506
  batch 110/264  loss=0.3144
  batch 120/264  loss=0.3555
  batch 130/264  loss=0.2696
  batch 140/264  loss=0.3692
  batch 150/264  loss=0.3360
  batch 160/264  loss=0.3513
  batch 170/264  loss=0.2840
  batch 180/264  loss=0.3083
  batch 190/264  loss=0.3697
  batch 200/264  loss=0.4103
  batch 210/264  loss=0.3629
  batch 220/264  loss=0.3146
  batch 230/264  loss=0.3462
  batch 240/264  loss=0.2600
  batch 250/264  loss=0.3287
  batch 260/264  loss=0.3352
Epoch 293/300  train=3.580e-01  rmse=2.0594  lr=1.0e-04  231s
  batch 10/264  loss=0.4975
  batch 20/264  loss=0.3640
  batch 30/264  loss=0.3392
  batch 40/264  loss=0.3814
  batch 50/264  loss=0.2874
  batch 60/264  loss=0.3112
  batch 70/264  loss=0.2645
  batch 80/264  loss=0.4506
  batch 90/264  loss=0.3768
  batch 100/264  loss=0.4047
  batch 110/264  loss=0.4012
  batch 120/264  loss=0.3711
  batch 130/264  loss=0.3393
  batch 140/264  loss=0.3092
  batch 150/264  loss=0.5520
  batch 160/264  loss=0.3093
  batch 170/264  loss=0.4329
  batch 180/264  loss=0.2918
  batch 190/264  loss=0.3400
  batch 200/264  loss=0.4689
  batch 210/264  loss=0.2910
  batch 220/264  loss=0.3063
  batch 230/264  loss=0.4088
  batch 240/264  loss=0.2589
  batch 250/264  loss=0.4120
  batch 260/264  loss=0.3507
Epoch 294/300  train=3.555e-01  rmse=4.7760  lr=1.0e-04  230s
  -> best  monitor=3.555e-01
  batch 10/264  loss=0.4241
  batch 20/264  loss=0.4902
  batch 30/264  loss=0.3553
  batch 40/264  loss=0.5090
  batch 50/264  loss=0.3951
  batch 60/264  loss=0.2589
  batch 70/264  loss=0.3591
  batch 80/264  loss=0.3435
  batch 90/264  loss=0.2673
  batch 100/264  loss=0.3515
  batch 110/264  loss=0.3859
  batch 120/264  loss=0.2719
  batch 130/264  loss=0.5593
  batch 140/264  loss=0.3055
  batch 150/264  loss=0.3397
  batch 160/264  loss=0.5781
  batch 170/264  loss=0.3258
  batch 180/264  loss=0.2872
  batch 190/264  loss=0.2927
  batch 200/264  loss=0.2782
  batch 210/264  loss=0.2837
  batch 220/264  loss=0.2652
  batch 230/264  loss=0.2616
  batch 240/264  loss=0.4433
  batch 250/264  loss=0.4709
  batch 260/264  loss=0.3227
Epoch 295/300  train=3.621e-01  rmse=1.9061  lr=1.0e-04  231s
  batch 10/264  loss=0.2644
  batch 20/264  loss=0.2652
  batch 30/264  loss=0.2878
  batch 40/264  loss=0.4469
  batch 50/264  loss=0.5036
  batch 60/264  loss=0.4597
  batch 70/264  loss=0.6729
  batch 80/264  loss=0.3403
  batch 90/264  loss=0.3574
  batch 100/264  loss=0.3237
  batch 110/264  loss=0.4123
  batch 120/264  loss=0.3086
  batch 130/264  loss=0.2843
  batch 140/264  loss=0.2604
  batch 150/264  loss=0.3396
  batch 160/264  loss=0.3364
  batch 170/264  loss=0.2917
  batch 180/264  loss=0.4432
  batch 190/264  loss=0.2819
  batch 200/264  loss=0.4120
  batch 210/264  loss=0.2825
  batch 220/264  loss=0.2692
  batch 230/264  loss=0.3035
  batch 240/264  loss=0.4298
  batch 250/264  loss=0.4372
  batch 260/264  loss=0.2776
Epoch 296/300  train=3.592e-01  rmse=2.0009  lr=1.0e-04  232s
  batch 10/264  loss=0.2881
  batch 20/264  loss=0.3717
  batch 30/264  loss=0.3639
  batch 40/264  loss=0.3312
  batch 50/264  loss=0.4615
  batch 60/264  loss=0.2860
  batch 70/264  loss=0.3706
  batch 80/264  loss=0.3029
  batch 90/264  loss=0.2673
  batch 100/264  loss=0.4620
  batch 110/264  loss=0.2808
  batch 120/264  loss=0.4582
  batch 130/264  loss=0.4285
  batch 140/264  loss=0.2323
  batch 150/264  loss=0.3002
  batch 160/264  loss=0.3270
  batch 170/264  loss=0.4936
  batch 180/264  loss=0.4960
  batch 190/264  loss=0.5774
  batch 200/264  loss=0.3096
  batch 210/264  loss=0.2968
  batch 220/264  loss=0.2533
  batch 230/264  loss=0.3740
  batch 240/264  loss=0.2982
  batch 250/264  loss=0.2943
  batch 260/264  loss=0.3519
Epoch 297/300  train=3.552e-01  rmse=2.2783  lr=1.0e-04  230s
  -> best  monitor=3.552e-01
  batch 10/264  loss=0.3643
  batch 20/264  loss=0.5448
  batch 30/264  loss=0.2872
  batch 40/264  loss=0.3521
  batch 50/264  loss=0.4452
  batch 60/264  loss=0.4012
  batch 70/264  loss=0.3972
  batch 80/264  loss=0.2632
  batch 90/264  loss=0.3380
  batch 100/264  loss=0.3837
  batch 110/264  loss=0.3597
  batch 120/264  loss=0.4924
  batch 130/264  loss=0.2992
  batch 140/264  loss=0.3013
  batch 150/264  loss=0.4003
  batch 160/264  loss=0.4225
  batch 170/264  loss=0.4342
  batch 180/264  loss=0.3607
  batch 190/264  loss=0.5346
  batch 200/264  loss=0.3364
  batch 210/264  loss=0.3040
  batch 220/264  loss=0.3251
  batch 230/264  loss=0.2592
  batch 240/264  loss=0.3058
  batch 250/264  loss=0.4241
  batch 260/264  loss=0.4043
Epoch 298/300  train=3.668e-01  rmse=4.8214  lr=1.0e-04  230s
  batch 10/264  loss=0.3511
  batch 20/264  loss=0.3224
  batch 30/264  loss=0.3036
  batch 40/264  loss=0.3187
  batch 50/264  loss=0.2997
  batch 60/264  loss=0.4154
  batch 70/264  loss=0.3148
  batch 80/264  loss=0.3398
  batch 90/264  loss=0.2879
  batch 100/264  loss=0.3593
  batch 110/264  loss=0.2931
  batch 120/264  loss=0.4360
  batch 130/264  loss=0.2916
  batch 140/264  loss=0.5537
  batch 150/264  loss=0.3563
  batch 160/264  loss=0.3231
  batch 170/264  loss=0.4480
  batch 180/264  loss=0.3047
  batch 190/264  loss=0.3492
  batch 200/264  loss=0.2856
  batch 210/264  loss=0.2293
  batch 220/264  loss=0.3000
  batch 230/264  loss=0.3405
  batch 240/264  loss=0.2794
  batch 250/264  loss=0.4346
  batch 260/264  loss=0.3038
Epoch 299/300  train=3.587e-01  rmse=1.8432  lr=1.0e-04  230s
  batch 10/264  loss=0.2749
  batch 20/264  loss=0.3335
  batch 30/264  loss=0.3370
  batch 40/264  loss=0.3697
  batch 50/264  loss=0.3084
  batch 60/264  loss=0.3916
  batch 70/264  loss=0.2895
  batch 80/264  loss=0.4658
  batch 90/264  loss=0.3490
  batch 100/264  loss=0.3605
  batch 110/264  loss=0.2837
  batch 120/264  loss=0.3646
  batch 130/264  loss=0.2910
  batch 140/264  loss=0.4045
  batch 150/264  loss=0.2716
  batch 160/264  loss=0.3658
  batch 170/264  loss=0.3013
  batch 180/264  loss=0.3185
  batch 190/264  loss=0.3930
  batch 200/264  loss=0.3259
  batch 210/264  loss=0.3852
  batch 220/264  loss=0.3125
  batch 230/264  loss=0.3464
  batch 240/264  loss=0.4264
  batch 250/264  loss=0.3665
  batch 260/264  loss=0.3688
Epoch 300/300  train=3.572e-01  rmse=3.8601  lr=1.0e-04  231s

Test evaluation (best checkpoint)...
Test (RMSE / MAE in μg/m³):
  total: 0.494945
  main: 0.032456
  nonneg: 0.000000
  smooth: 0.000000
  anom: 0.020168
  grad: 0.000544
  pattern: 0.124811
  spectral: 0.316965
  var: 0.000000
  rmse: 0.859587
  rmse_low: 1.127020
  rmse_high: 0.367429
  mae: 0.428305

  z  Height(m)        R²
--------------------------
  0       15.0    0.8111  <- ~0-100m
  1       25.0    0.7953  <- ~0-100m
  2       35.0    0.8291  <- ~0-100m
  3       45.0    0.8575  <- ~0-100m
  4       55.0    0.8784  <- ~0-100m
  5       75.0    0.9230  <- ~0-100m
  6       95.0    0.9467  <- ~0-100m
  7      115.0    0.9583  <- ~0-100m
  8      135.0    0.9662
  9      155.0    0.9711
 10      175.0    0.9754
 11      195.0    0.9775
