Device: cuda
Building datasets...
Temporal split:  train=264  val=0  test=72
Fitting normalisation on 264 samples...
  50/264
  100/264
  150/264
  200/264
  250/264
Done.
  emission  mean=5.6840  std=1.1291
  pm25      per-level  mean[0]=2.3826e+00  mean[-1]=1.1283e+00
Model: UNet3D  base_ch=16  params: 1,598,466
No val set — using train loss for scheduler and checkpoint selection.

Training for 300 epochs...
  batch 10/264  loss=1.9885
  batch 20/264  loss=3.4062
  batch 30/264  loss=1.2799
  batch 40/264  loss=2.4140
  batch 50/264  loss=2.0008
  batch 60/264  loss=1.6747
  batch 70/264  loss=0.7333
  batch 80/264  loss=0.8333
  batch 90/264  loss=3.2923
  batch 100/264  loss=4.2381
  batch 110/264  loss=0.7126
  batch 120/264  loss=0.8502
  batch 130/264  loss=0.6654
  batch 140/264  loss=0.8439
  batch 150/264  loss=1.6098
  batch 160/264  loss=1.3097
  batch 170/264  loss=0.5897
  batch 180/264  loss=2.3303
  batch 190/264  loss=2.2384
  batch 200/264  loss=0.7537
  batch 210/264  loss=1.3368
  batch 220/264  loss=1.0048
  batch 230/264  loss=1.2350
  batch 240/264  loss=0.6489
  batch 250/264  loss=1.2498
  batch 260/264  loss=0.7955
Epoch   1/300  train=1.533e+00  rmse=4.4350  lr=1.0e-04  251s
  -> best  monitor=1.533e+00
  batch 10/264  loss=0.9329
  batch 20/264  loss=1.5051
  batch 30/264  loss=1.5596
  batch 40/264  loss=3.6252
  batch 50/264  loss=0.5877
  batch 60/264  loss=0.7653
  batch 70/264  loss=0.7693
  batch 80/264  loss=0.8290
  batch 90/264  loss=1.0827
  batch 100/264  loss=0.5822
  batch 110/264  loss=0.6710
  batch 120/264  loss=0.5654
  batch 130/264  loss=0.7518
  batch 140/264  loss=0.8918
  batch 150/264  loss=2.1201
  batch 160/264  loss=0.7619
  batch 170/264  loss=2.9727
  batch 180/264  loss=0.8694
  batch 190/264  loss=0.8608
  batch 200/264  loss=0.7600
  batch 210/264  loss=1.0943
  batch 220/264  loss=0.8314
  batch 230/264  loss=0.6068
  batch 240/264  loss=1.2868
  batch 250/264  loss=0.5972
  batch 260/264  loss=0.5615
Epoch   2/300  train=1.009e+00  rmse=3.6592  lr=1.0e-04  225s
  -> best  monitor=1.009e+00
  batch 10/264  loss=1.1136
  batch 20/264  loss=0.6152
  batch 30/264  loss=2.0067
  batch 40/264  loss=0.5878
  batch 50/264  loss=0.5751
  batch 60/264  loss=0.7416
  batch 70/264  loss=0.6434
  batch 80/264  loss=1.0547
  batch 90/264  loss=0.7906
  batch 100/264  loss=0.7579
  batch 110/264  loss=0.6674
  batch 120/264  loss=1.2344
  batch 130/264  loss=0.6753
  batch 140/264  loss=0.9270
  batch 150/264  loss=0.6348
  batch 160/264  loss=0.7459
  batch 170/264  loss=0.9436
  batch 180/264  loss=0.9321
  batch 190/264  loss=1.0188
  batch 200/264  loss=0.4747
  batch 210/264  loss=2.3967
  batch 220/264  loss=0.6131
  batch 230/264  loss=0.4832
  batch 240/264  loss=0.5084
  batch 250/264  loss=0.5618
  batch 260/264  loss=0.5537
Epoch   3/300  train=7.938e-01  rmse=3.1732  lr=1.0e-04  225s
  -> best  monitor=7.938e-01
  batch 10/264  loss=0.6714
  batch 20/264  loss=0.8733
  batch 30/264  loss=0.5445
  batch 40/264  loss=0.8834
  batch 50/264  loss=0.6198
  batch 60/264  loss=0.4917
  batch 70/264  loss=0.6341
  batch 80/264  loss=0.5580
  batch 90/264  loss=0.4896
  batch 100/264  loss=0.4970
  batch 110/264  loss=0.5466
  batch 120/264  loss=1.1267
  batch 130/264  loss=0.6562
  batch 140/264  loss=0.7577
  batch 150/264  loss=0.4915
  batch 160/264  loss=1.0375
  batch 170/264  loss=0.5142
  batch 180/264  loss=0.8144
  batch 190/264  loss=0.5843
  batch 200/264  loss=0.9611
  batch 210/264  loss=0.4909
  batch 220/264  loss=1.3493
  batch 230/264  loss=0.4587
  batch 240/264  loss=0.7347
  batch 250/264  loss=0.7976
  batch 260/264  loss=0.4773
Epoch   4/300  train=7.268e-01  rmse=3.0213  lr=1.0e-04  228s
  -> best  monitor=7.268e-01
  batch 10/264  loss=0.6285
  batch 20/264  loss=0.7953
  batch 30/264  loss=0.5638
  batch 40/264  loss=1.3905
  batch 50/264  loss=0.4948
  batch 60/264  loss=2.5969
  batch 70/264  loss=0.4525
  batch 80/264  loss=0.4542
  batch 90/264  loss=0.4478
  batch 100/264  loss=0.6497
  batch 110/264  loss=0.8005
  batch 120/264  loss=0.6491
  batch 130/264  loss=0.5701
  batch 140/264  loss=1.4141
  batch 150/264  loss=0.5007
  batch 160/264  loss=0.6035
  batch 170/264  loss=0.6448
  batch 180/264  loss=0.4623
  batch 190/264  loss=0.4447
  batch 200/264  loss=0.8499
  batch 210/264  loss=0.4971
  batch 220/264  loss=0.5076
  batch 230/264  loss=0.4416
  batch 240/264  loss=0.4885
  batch 250/264  loss=0.4952
  batch 260/264  loss=0.6100
Epoch   5/300  train=6.871e-01  rmse=2.9207  lr=1.0e-04  227s
  -> best  monitor=6.871e-01
  batch 10/264  loss=0.5207
  batch 20/264  loss=0.4984
  batch 30/264  loss=0.5353
  batch 40/264  loss=0.4605
  batch 50/264  loss=0.9333
  batch 60/264  loss=0.4548
  batch 70/264  loss=0.6876
  batch 80/264  loss=0.8915
  batch 90/264  loss=0.6711
  batch 100/264  loss=1.3469
  batch 110/264  loss=0.5758
  batch 120/264  loss=1.1540
  batch 130/264  loss=0.4741
  batch 140/264  loss=0.4984
  batch 150/264  loss=0.5275
  batch 160/264  loss=0.6969
  batch 170/264  loss=0.4231
  batch 180/264  loss=0.9407
  batch 190/264  loss=1.3660
  batch 200/264  loss=0.4855
  batch 210/264  loss=0.4877
  batch 220/264  loss=0.4974
  batch 230/264  loss=0.5674
  batch 240/264  loss=0.7200
  batch 250/264  loss=0.4667
  batch 260/264  loss=0.8720
Epoch   6/300  train=6.671e-01  rmse=2.8909  lr=1.0e-04  230s
  -> best  monitor=6.671e-01
  batch 10/264  loss=0.8287
  batch 20/264  loss=0.4826
  batch 30/264  loss=0.5368
  batch 40/264  loss=0.8652
  batch 50/264  loss=0.6193
  batch 60/264  loss=0.5328
  batch 70/264  loss=0.7132
  batch 80/264  loss=0.6329
  batch 90/264  loss=0.7064
  batch 100/264  loss=0.5419
  batch 110/264  loss=0.4533
  batch 120/264  loss=0.4169
  batch 130/264  loss=0.6688
  batch 140/264  loss=0.5245
  batch 150/264  loss=0.4399
  batch 160/264  loss=0.4772
  batch 170/264  loss=0.6381
  batch 180/264  loss=0.4252
  batch 190/264  loss=0.9906
  batch 200/264  loss=0.4063
  batch 210/264  loss=1.1820
  batch 220/264  loss=1.1206
  batch 230/264  loss=0.4754
  batch 240/264  loss=0.4915
  batch 250/264  loss=0.6979
  batch 260/264  loss=0.4861
Epoch   7/300  train=6.351e-01  rmse=2.8507  lr=1.0e-04  229s
  -> best  monitor=6.351e-01
  batch 10/264  loss=0.4903
  batch 20/264  loss=0.4948
  batch 30/264  loss=0.5269
  batch 40/264  loss=0.4845
  batch 50/264  loss=0.5201
  batch 60/264  loss=0.5213
  batch 70/264  loss=0.5472
  batch 80/264  loss=0.7029
  batch 90/264  loss=0.4816
  batch 100/264  loss=0.4906
  batch 110/264  loss=0.4926
  batch 120/264  loss=0.5138
  batch 130/264  loss=0.4122
  batch 140/264  loss=0.4831
  batch 150/264  loss=0.5901
  batch 160/264  loss=0.5368
  batch 170/264  loss=0.4875
  batch 180/264  loss=0.4459
  batch 190/264  loss=0.5119
  batch 200/264  loss=1.0456
  batch 210/264  loss=0.6446
  batch 220/264  loss=0.4337
  batch 230/264  loss=0.4554
  batch 240/264  loss=0.5056
  batch 250/264  loss=0.5253
  batch 260/264  loss=1.5349
Epoch   8/300  train=6.228e-01  rmse=2.7945  lr=1.0e-04  228s
  -> best  monitor=6.228e-01
  batch 10/264  loss=0.4731
  batch 20/264  loss=0.5667
  batch 30/264  loss=0.3941
  batch 40/264  loss=0.4612
  batch 50/264  loss=0.4006
  batch 60/264  loss=0.3938
  batch 70/264  loss=0.4657
  batch 80/264  loss=0.3758
  batch 90/264  loss=0.4036
  batch 100/264  loss=0.5132
  batch 110/264  loss=0.4250
  batch 120/264  loss=0.4244
  batch 130/264  loss=0.3903
  batch 140/264  loss=0.5886
  batch 150/264  loss=0.4371
  batch 160/264  loss=0.5354
  batch 170/264  loss=1.0281
  batch 180/264  loss=0.4137
  batch 190/264  loss=0.4280
  batch 200/264  loss=0.6389
  batch 210/264  loss=0.4718
  batch 220/264  loss=0.4136
  batch 230/264  loss=0.4317
  batch 240/264  loss=0.4517
  batch 250/264  loss=0.7997
  batch 260/264  loss=0.3873
Epoch   9/300  train=6.010e-01  rmse=2.8189  lr=1.0e-04  227s
  -> best  monitor=6.010e-01
  batch 10/264  loss=0.4247
  batch 20/264  loss=0.4375
  batch 30/264  loss=0.5270
  batch 40/264  loss=0.4893
  batch 50/264  loss=0.5732
  batch 60/264  loss=0.5359
  batch 70/264  loss=0.5590
  batch 80/264  loss=0.5312
  batch 90/264  loss=0.5444
  batch 100/264  loss=0.4391
  batch 110/264  loss=0.4172
  batch 120/264  loss=0.4849
  batch 130/264  loss=0.4712
  batch 140/264  loss=0.5424
  batch 150/264  loss=0.7088
  batch 160/264  loss=0.5414
  batch 170/264  loss=0.4027
  batch 180/264  loss=0.8561
  batch 190/264  loss=0.5027
  batch 200/264  loss=0.3677
  batch 210/264  loss=1.4004
  batch 220/264  loss=0.3873
  batch 230/264  loss=0.5747
  batch 240/264  loss=0.9155
  batch 250/264  loss=0.5506
  batch 260/264  loss=0.4655
Epoch  10/300  train=5.902e-01  rmse=2.7460  lr=1.0e-04  227s
  -> best  monitor=5.902e-01
  batch 10/264  loss=0.6496
  batch 20/264  loss=0.4458
  batch 30/264  loss=0.3933
  batch 40/264  loss=0.3983
  batch 50/264  loss=0.6443
  batch 60/264  loss=0.4024
  batch 70/264  loss=0.5500
  batch 80/264  loss=0.4055
  batch 90/264  loss=0.8886
  batch 100/264  loss=0.5928
  batch 110/264  loss=0.5490
  batch 120/264  loss=0.4354
  batch 130/264  loss=1.5990
  batch 140/264  loss=0.4271
  batch 150/264  loss=0.5879
  batch 160/264  loss=0.5041
  batch 170/264  loss=0.5914
  batch 180/264  loss=0.4732
  batch 190/264  loss=0.4494
  batch 200/264  loss=0.3859
  batch 210/264  loss=0.4330
  batch 220/264  loss=0.4521
  batch 230/264  loss=0.7133
  batch 240/264  loss=0.4085
  batch 250/264  loss=0.5494
  batch 260/264  loss=0.4579
Epoch  11/300  train=5.778e-01  rmse=2.7302  lr=1.0e-04  227s
  -> best  monitor=5.778e-01
  batch 10/264  loss=0.7253
  batch 20/264  loss=0.4866
  batch 30/264  loss=0.4538
  batch 40/264  loss=0.8712
  batch 50/264  loss=0.5145
  batch 60/264  loss=0.3858
  batch 70/264  loss=0.4372
  batch 80/264  loss=0.5007
  batch 90/264  loss=0.4017
  batch 100/264  loss=0.3931
  batch 110/264  loss=0.3575
  batch 120/264  loss=0.4753
  batch 130/264  loss=0.6579
  batch 140/264  loss=0.3824
  batch 150/264  loss=0.4361
  batch 160/264  loss=0.3729
  batch 170/264  loss=0.4308
  batch 180/264  loss=0.5994
  batch 190/264  loss=0.4317
  batch 200/264  loss=0.5377
  batch 210/264  loss=0.3496
  batch 220/264  loss=0.6002
  batch 230/264  loss=0.7054
  batch 240/264  loss=1.0444
  batch 250/264  loss=0.7427
  batch 260/264  loss=0.6885
Epoch  12/300  train=5.716e-01  rmse=2.7044  lr=1.0e-04  228s
  -> best  monitor=5.716e-01
  batch 10/264  loss=1.0240
  batch 20/264  loss=1.4794
  batch 30/264  loss=0.4766
  batch 40/264  loss=1.9563
  batch 50/264  loss=0.5317
  batch 60/264  loss=0.7903
  batch 70/264  loss=0.5065
  batch 80/264  loss=0.5157
  batch 90/264  loss=0.4236
  batch 100/264  loss=1.1436
  batch 110/264  loss=0.5881
  batch 120/264  loss=0.4954
  batch 130/264  loss=0.6363
  batch 140/264  loss=0.4036
  batch 150/264  loss=0.3700
  batch 160/264  loss=0.4034
  batch 170/264  loss=0.4238
  batch 180/264  loss=0.4568
  batch 190/264  loss=0.5054
  batch 200/264  loss=0.4671
  batch 210/264  loss=0.7024
  batch 220/264  loss=0.3776
  batch 230/264  loss=0.4261
  batch 240/264  loss=0.4240
  batch 250/264  loss=0.4225
  batch 260/264  loss=0.4773
Epoch  13/300  train=5.465e-01  rmse=2.6240  lr=1.0e-04  229s
  -> best  monitor=5.465e-01
  batch 10/264  loss=0.4943
  batch 20/264  loss=1.2115
  batch 30/264  loss=0.5600
  batch 40/264  loss=0.7692
  batch 50/264  loss=0.7043
  batch 60/264  loss=0.4126
  batch 70/264  loss=0.4399
  batch 80/264  loss=0.7571
  batch 90/264  loss=0.4076
  batch 100/264  loss=0.6396
  batch 110/264  loss=0.4927
  batch 120/264  loss=0.3949
  batch 130/264  loss=0.3809
  batch 140/264  loss=0.4097
  batch 150/264  loss=0.7232
  batch 160/264  loss=0.7895
  batch 170/264  loss=0.4753
  batch 180/264  loss=0.4305
  batch 190/264  loss=0.4376
  batch 200/264  loss=0.4474
  batch 210/264  loss=0.4571
  batch 220/264  loss=1.0609
  batch 230/264  loss=0.4588
  batch 240/264  loss=0.4417
  batch 250/264  loss=0.4216
  batch 260/264  loss=0.3719
Epoch  14/300  train=5.434e-01  rmse=2.5862  lr=1.0e-04  228s
  -> best  monitor=5.434e-01
  batch 10/264  loss=0.4464
  batch 20/264  loss=0.5473
  batch 30/264  loss=0.5131
  batch 40/264  loss=0.5517
  batch 50/264  loss=0.6864
  batch 60/264  loss=0.4386
  batch 70/264  loss=0.4417
  batch 80/264  loss=0.4069
  batch 90/264  loss=0.4190
  batch 100/264  loss=0.6034
  batch 110/264  loss=0.4539
  batch 120/264  loss=0.3579
  batch 130/264  loss=0.4304
  batch 140/264  loss=0.6449
  batch 150/264  loss=0.4796
  batch 160/264  loss=0.4147
  batch 170/264  loss=0.4481
  batch 180/264  loss=0.6807
  batch 190/264  loss=0.5662
  batch 200/264  loss=0.9846
  batch 210/264  loss=0.4684
  batch 220/264  loss=0.3747
  batch 230/264  loss=0.5144
  batch 240/264  loss=0.3585
  batch 250/264  loss=0.3929
  batch 260/264  loss=0.7528
Epoch  15/300  train=5.365e-01  rmse=2.5795  lr=1.0e-04  229s
  -> best  monitor=5.365e-01
  batch 10/264  loss=0.4504
  batch 20/264  loss=0.3423
  batch 30/264  loss=0.7288
  batch 40/264  loss=0.4651
  batch 50/264  loss=0.7721
  batch 60/264  loss=0.3560
  batch 70/264  loss=0.3896
  batch 80/264  loss=0.4232
  batch 90/264  loss=0.8530
  batch 100/264  loss=0.4132
  batch 110/264  loss=0.3958
  batch 120/264  loss=0.3386
  batch 130/264  loss=0.3912
  batch 140/264  loss=0.4087
  batch 150/264  loss=0.9753
  batch 160/264  loss=0.3734
  batch 170/264  loss=0.5319
  batch 180/264  loss=0.6102
  batch 190/264  loss=0.4388
  batch 200/264  loss=1.2548
  batch 210/264  loss=0.3436
  batch 220/264  loss=0.5531
  batch 230/264  loss=0.9347
  batch 240/264  loss=0.5009
  batch 250/264  loss=0.4419
  batch 260/264  loss=0.5118
Epoch  16/300  train=5.246e-01  rmse=2.5144  lr=1.0e-04  228s
  -> best  monitor=5.246e-01
  batch 10/264  loss=0.7133
  batch 20/264  loss=0.4478
  batch 30/264  loss=0.5039
  batch 40/264  loss=0.4829
  batch 50/264  loss=0.4513
  batch 60/264  loss=0.4433
  batch 70/264  loss=0.4162
  batch 80/264  loss=0.4410
  batch 90/264  loss=0.5344
  batch 100/264  loss=0.4628
  batch 110/264  loss=0.3694
  batch 120/264  loss=0.4410
  batch 130/264  loss=0.3702
  batch 140/264  loss=0.3846
  batch 150/264  loss=0.3856
  batch 160/264  loss=0.3680
  batch 170/264  loss=0.4080
  batch 180/264  loss=0.5973
  batch 190/264  loss=0.3932
  batch 200/264  loss=0.4478
  batch 210/264  loss=0.7138
  batch 220/264  loss=1.0084
  batch 230/264  loss=1.1667
  batch 240/264  loss=0.4891
  batch 250/264  loss=0.5436
  batch 260/264  loss=1.0439
Epoch  17/300  train=5.226e-01  rmse=2.5077  lr=1.0e-04  231s
  -> best  monitor=5.226e-01
  batch 10/264  loss=0.6528
  batch 20/264  loss=0.6082
  batch 30/264  loss=0.5881
  batch 40/264  loss=0.5617
  batch 50/264  loss=0.4427
  batch 60/264  loss=0.4098
  batch 70/264  loss=0.8786
  batch 80/264  loss=0.3675
  batch 90/264  loss=0.4447
  batch 100/264  loss=0.7339
  batch 110/264  loss=0.4475
  batch 120/264  loss=0.3974
  batch 130/264  loss=0.4220
  batch 140/264  loss=0.4324
  batch 150/264  loss=0.5443
  batch 160/264  loss=0.4044
  batch 170/264  loss=0.4279
  batch 180/264  loss=0.7412
  batch 190/264  loss=0.9873
  batch 200/264  loss=0.5055
  batch 210/264  loss=0.4288
  batch 220/264  loss=0.3952
  batch 230/264  loss=0.4666
  batch 240/264  loss=0.5005
  batch 250/264  loss=0.4246
  batch 260/264  loss=0.3910
Epoch  18/300  train=5.169e-01  rmse=2.5826  lr=1.0e-04  228s
  -> best  monitor=5.169e-01
  batch 10/264  loss=0.8070
  batch 20/264  loss=0.3380
  batch 30/264  loss=0.8404
  batch 40/264  loss=0.4180
  batch 50/264  loss=0.4146
  batch 60/264  loss=1.2723
  batch 70/264  loss=0.3670
  batch 80/264  loss=0.3734
  batch 90/264  loss=0.3385
  batch 100/264  loss=0.3428
  batch 110/264  loss=0.3534
  batch 120/264  loss=0.4413
  batch 130/264  loss=0.4493
  batch 140/264  loss=0.3720
  batch 150/264  loss=0.3911
  batch 160/264  loss=0.4627
  batch 170/264  loss=0.4950
  batch 180/264  loss=0.4623
  batch 190/264  loss=1.1793
  batch 200/264  loss=1.2171
  batch 210/264  loss=0.4654
  batch 220/264  loss=0.5016
  batch 230/264  loss=0.4220
  batch 240/264  loss=0.5179
  batch 250/264  loss=0.4259
  batch 260/264  loss=0.4504
Epoch  19/300  train=5.022e-01  rmse=2.4467  lr=1.0e-04  229s
  -> best  monitor=5.022e-01
  batch 10/264  loss=0.4255
  batch 20/264  loss=0.3775
  batch 30/264  loss=0.4068
  batch 40/264  loss=0.4178
  batch 50/264  loss=0.3922
  batch 60/264  loss=0.5805
  batch 70/264  loss=0.3879
  batch 80/264  loss=1.0795
  batch 90/264  loss=0.4148
  batch 100/264  loss=0.3964
  batch 110/264  loss=0.6409
  batch 120/264  loss=1.2080
  batch 130/264  loss=0.8687
  batch 140/264  loss=0.5076
  batch 150/264  loss=0.8380
  batch 160/264  loss=0.3463
  batch 170/264  loss=0.4495
  batch 180/264  loss=0.3548
  batch 190/264  loss=0.4298
  batch 200/264  loss=0.4393
  batch 210/264  loss=0.4073
  batch 220/264  loss=0.4357
  batch 230/264  loss=0.3339
  batch 240/264  loss=0.6625
  batch 250/264  loss=0.3289
  batch 260/264  loss=0.6465
Epoch  20/300  train=5.014e-01  rmse=2.4414  lr=1.0e-04  229s
  -> best  monitor=5.014e-01
  batch 10/264  loss=0.4843
  batch 20/264  loss=0.4262
  batch 30/264  loss=0.4150
  batch 40/264  loss=1.1588
  batch 50/264  loss=0.3574
  batch 60/264  loss=0.3517
  batch 70/264  loss=0.4166
  batch 80/264  loss=0.4444
  batch 90/264  loss=0.3821
  batch 100/264  loss=0.5766
  batch 110/264  loss=0.4662
  batch 120/264  loss=0.4542
  batch 130/264  loss=1.4682
  batch 140/264  loss=0.4091
  batch 150/264  loss=0.3763
  batch 160/264  loss=0.3769
  batch 170/264  loss=0.5107
  batch 180/264  loss=0.4506
  batch 190/264  loss=0.5298
  batch 200/264  loss=0.4022
  batch 210/264  loss=0.3307
  batch 220/264  loss=0.5686
  batch 230/264  loss=0.4660
  batch 240/264  loss=0.3697
  batch 250/264  loss=0.3495
  batch 260/264  loss=0.3503
Epoch  21/300  train=4.986e-01  rmse=2.4633  lr=1.0e-04  228s
  -> best  monitor=4.986e-01
  batch 10/264  loss=0.3954
  batch 20/264  loss=0.3426
  batch 30/264  loss=0.3695
  batch 40/264  loss=0.7349
  batch 50/264  loss=0.4929
  batch 60/264  loss=0.4453
  batch 70/264  loss=0.4602
  batch 80/264  loss=0.5903
  batch 90/264  loss=0.4892
  batch 100/264  loss=0.3927
  batch 110/264  loss=0.3955
  batch 120/264  loss=0.4947
  batch 130/264  loss=0.5632
  batch 140/264  loss=0.4135
  batch 150/264  loss=0.4287
  batch 160/264  loss=0.4843
  batch 170/264  loss=0.3378
  batch 180/264  loss=0.3958
  batch 190/264  loss=0.4625
  batch 200/264  loss=0.4762
  batch 210/264  loss=0.5012
  batch 220/264  loss=0.4301
  batch 230/264  loss=0.3251
  batch 240/264  loss=0.3329
  batch 250/264  loss=0.5883
  batch 260/264  loss=0.4376
Epoch  22/300  train=4.983e-01  rmse=2.5007  lr=1.0e-04  227s
  -> best  monitor=4.983e-01
  batch 10/264  loss=0.7891
  batch 20/264  loss=0.4177
  batch 30/264  loss=0.3054
  batch 40/264  loss=0.4039
  batch 50/264  loss=0.3451
  batch 60/264  loss=0.3530
  batch 70/264  loss=0.4842
  batch 80/264  loss=0.4053
  batch 90/264  loss=0.3721
  batch 100/264  loss=0.3369
  batch 110/264  loss=0.4195
  batch 120/264  loss=0.3773
  batch 130/264  loss=0.3951
  batch 140/264  loss=0.4699
  batch 150/264  loss=0.4095
  batch 160/264  loss=0.4506
  batch 170/264  loss=0.5634
  batch 180/264  loss=0.4095
  batch 190/264  loss=0.3836
  batch 200/264  loss=0.3329
  batch 210/264  loss=0.4544
  batch 220/264  loss=1.3084
  batch 230/264  loss=0.3965
  batch 240/264  loss=0.4276
  batch 250/264  loss=0.6625
  batch 260/264  loss=0.4796
Epoch  23/300  train=4.736e-01  rmse=2.3758  lr=1.0e-04  228s
  -> best  monitor=4.736e-01
  batch 10/264  loss=0.3906
  batch 20/264  loss=0.4457
  batch 30/264  loss=0.5879
  batch 40/264  loss=0.3996
  batch 50/264  loss=0.5238
  batch 60/264  loss=0.3174
  batch 70/264  loss=0.7873
  batch 80/264  loss=0.4131
  batch 90/264  loss=0.4358
  batch 100/264  loss=0.5476
  batch 110/264  loss=1.2455
  batch 120/264  loss=0.3520
  batch 130/264  loss=0.3699
  batch 140/264  loss=0.5912
  batch 150/264  loss=1.2687
  batch 160/264  loss=0.3982
  batch 170/264  loss=0.4251
  batch 180/264  loss=0.4697
  batch 190/264  loss=0.7717
  batch 200/264  loss=0.3593
  batch 210/264  loss=0.5295
  batch 220/264  loss=0.4259
  batch 230/264  loss=0.4961
  batch 240/264  loss=0.3328
  batch 250/264  loss=0.5263
  batch 260/264  loss=0.3808
Epoch  24/300  train=4.699e-01  rmse=2.3710  lr=1.0e-04  229s
  -> best  monitor=4.699e-01
  batch 10/264  loss=0.3729
  batch 20/264  loss=0.4247
  batch 30/264  loss=0.4105
  batch 40/264  loss=0.3975
  batch 50/264  loss=0.5163
  batch 60/264  loss=0.4174
  batch 70/264  loss=0.4292
  batch 80/264  loss=0.5831
  batch 90/264  loss=0.3490
  batch 100/264  loss=0.3589
  batch 110/264  loss=0.3483
  batch 120/264  loss=0.4822
  batch 130/264  loss=0.7503
  batch 140/264  loss=0.3284
  batch 150/264  loss=0.4601
  batch 160/264  loss=0.5858
  batch 170/264  loss=1.4130
  batch 180/264  loss=0.4198
  batch 190/264  loss=0.8904
  batch 200/264  loss=0.4003
  batch 210/264  loss=0.4350
  batch 220/264  loss=0.3816
  batch 230/264  loss=0.3577
  batch 240/264  loss=0.3833
  batch 250/264  loss=0.3887
  batch 260/264  loss=0.4247
Epoch  25/300  train=4.732e-01  rmse=2.3530  lr=1.0e-04  230s
  batch 10/264  loss=0.5546
  batch 20/264  loss=0.3999
  batch 30/264  loss=0.7032
  batch 40/264  loss=0.3093
  batch 50/264  loss=0.3563
  batch 60/264  loss=0.4624
  batch 70/264  loss=0.5325
  batch 80/264  loss=0.3715
  batch 90/264  loss=0.4249
  batch 100/264  loss=0.3213
  batch 110/264  loss=0.3140
  batch 120/264  loss=0.4433
  batch 130/264  loss=0.3848
  batch 140/264  loss=0.6698
  batch 150/264  loss=1.4634
  batch 160/264  loss=0.4035
  batch 170/264  loss=0.4604
  batch 180/264  loss=0.4073
  batch 190/264  loss=0.3359
  batch 200/264  loss=0.3772
  batch 210/264  loss=0.3437
  batch 220/264  loss=0.4057
  batch 230/264  loss=0.3384
  batch 240/264  loss=0.3621
  batch 250/264  loss=0.4650
  batch 260/264  loss=0.4584
Epoch  26/300  train=4.642e-01  rmse=2.2890  lr=1.0e-04  228s
  -> best  monitor=4.642e-01
  batch 10/264  loss=0.3540
  batch 20/264  loss=0.4378
  batch 30/264  loss=0.4359
  batch 40/264  loss=0.3677
  batch 50/264  loss=0.5703
  batch 60/264  loss=0.3644
  batch 70/264  loss=0.6728
  batch 80/264  loss=0.3368
  batch 90/264  loss=0.3577
  batch 100/264  loss=0.5846
  batch 110/264  loss=0.3758
  batch 120/264  loss=0.3339
  batch 130/264  loss=0.9266
  batch 140/264  loss=0.3713
  batch 150/264  loss=0.5064
  batch 160/264  loss=0.3630
  batch 170/264  loss=0.3978
  batch 180/264  loss=0.4369
  batch 190/264  loss=0.3354
  batch 200/264  loss=1.1391
  batch 210/264  loss=0.6991
  batch 220/264  loss=0.3386
  batch 230/264  loss=0.3634
  batch 240/264  loss=0.3279
  batch 250/264  loss=0.3974
  batch 260/264  loss=0.4308
Epoch  27/300  train=4.627e-01  rmse=2.3177  lr=1.0e-04  229s
  -> best  monitor=4.627e-01
  batch 10/264  loss=0.3044
  batch 20/264  loss=0.3471
  batch 30/264  loss=0.8767
  batch 40/264  loss=0.5766
  batch 50/264  loss=0.3681
  batch 60/264  loss=0.4155
  batch 70/264  loss=0.9222
  batch 80/264  loss=0.3974
  batch 90/264  loss=0.4410
  batch 100/264  loss=0.3429
  batch 110/264  loss=0.3837
  batch 120/264  loss=0.4565
  batch 130/264  loss=0.3752
  batch 140/264  loss=0.4826
  batch 150/264  loss=0.4444
  batch 160/264  loss=0.4045
  batch 170/264  loss=0.3551
  batch 180/264  loss=0.3458
  batch 190/264  loss=0.3451
  batch 200/264  loss=1.3311
  batch 210/264  loss=0.3895
  batch 220/264  loss=0.3348
  batch 230/264  loss=0.5802
  batch 240/264  loss=0.3301
  batch 250/264  loss=0.3977
  batch 260/264  loss=0.5730
Epoch  28/300  train=4.572e-01  rmse=2.3148  lr=1.0e-04  230s
  -> best  monitor=4.572e-01
  batch 10/264  loss=0.4582
  batch 20/264  loss=0.6431
  batch 30/264  loss=0.7594
  batch 40/264  loss=0.4353
  batch 50/264  loss=0.3492
  batch 60/264  loss=0.6028
  batch 70/264  loss=0.5639
  batch 80/264  loss=0.5287
  batch 90/264  loss=0.4021
  batch 100/264  loss=0.4061
  batch 110/264  loss=0.3758
  batch 120/264  loss=0.4444
  batch 130/264  loss=0.3014
  batch 140/264  loss=0.3217
  batch 150/264  loss=0.3939
  batch 160/264  loss=1.0228
  batch 170/264  loss=0.3811
  batch 180/264  loss=0.3487
  batch 190/264  loss=0.5146
  batch 200/264  loss=0.3808
  batch 210/264  loss=0.5784
  batch 220/264  loss=0.3342
  batch 230/264  loss=0.4116
  batch 240/264  loss=0.3330
  batch 250/264  loss=0.4355
  batch 260/264  loss=0.3688
Epoch  29/300  train=4.486e-01  rmse=2.2363  lr=1.0e-04  229s
  -> best  monitor=4.486e-01
  batch 10/264  loss=0.4287
  batch 20/264  loss=0.6369
  batch 30/264  loss=0.9826
  batch 40/264  loss=0.3567
  batch 50/264  loss=0.4729
  batch 60/264  loss=0.7829
  batch 70/264  loss=0.3184
  batch 80/264  loss=0.4953
  batch 90/264  loss=0.3706
  batch 100/264  loss=0.5502
  batch 110/264  loss=0.4650
  batch 120/264  loss=0.6027
  batch 130/264  loss=0.2954
  batch 140/264  loss=1.0339
  batch 150/264  loss=0.4031
  batch 160/264  loss=0.3533
  batch 170/264  loss=0.7493
  batch 180/264  loss=0.3168
  batch 190/264  loss=0.3377
  batch 200/264  loss=0.4092
  batch 210/264  loss=0.3888
  batch 220/264  loss=0.3944
  batch 230/264  loss=0.4444
  batch 240/264  loss=0.4474
  batch 250/264  loss=0.3815
  batch 260/264  loss=0.3879
Epoch  30/300  train=4.500e-01  rmse=2.2279  lr=1.0e-04  228s
  batch 10/264  loss=0.3358
  batch 20/264  loss=0.4264
  batch 30/264  loss=0.3028
  batch 40/264  loss=0.3442
  batch 50/264  loss=0.5104
  batch 60/264  loss=0.3315
  batch 70/264  loss=0.4879
  batch 80/264  loss=0.5823
  batch 90/264  loss=0.6196
  batch 100/264  loss=0.3661
  batch 110/264  loss=0.4287
  batch 120/264  loss=0.4453
  batch 130/264  loss=0.4316
  batch 140/264  loss=0.3808
  batch 150/264  loss=0.4613
  batch 160/264  loss=0.3616
  batch 170/264  loss=0.4332
  batch 180/264  loss=0.3653
  batch 190/264  loss=0.3631
  batch 200/264  loss=0.6735
  batch 210/264  loss=0.5000
  batch 220/264  loss=0.3956
  batch 230/264  loss=0.5512
  batch 240/264  loss=0.3755
  batch 250/264  loss=0.4056
  batch 260/264  loss=0.4657
Epoch  31/300  train=4.481e-01  rmse=2.2342  lr=1.0e-04  227s
  -> best  monitor=4.481e-01
  batch 10/264  loss=0.3281
  batch 20/264  loss=0.3077
  batch 30/264  loss=0.4901
  batch 40/264  loss=0.3609
  batch 50/264  loss=0.3952
  batch 60/264  loss=0.3625
  batch 70/264  loss=0.4923
  batch 80/264  loss=0.4622
  batch 90/264  loss=0.4747
  batch 100/264  loss=0.5794
  batch 110/264  loss=0.7073
  batch 120/264  loss=0.4867
  batch 130/264  loss=0.3400
  batch 140/264  loss=0.3541
  batch 150/264  loss=0.3329
  batch 160/264  loss=0.4387
  batch 170/264  loss=0.4429
  batch 180/264  loss=0.4736
  batch 190/264  loss=0.3546
  batch 200/264  loss=0.3812
  batch 210/264  loss=0.7227
  batch 220/264  loss=0.3109
  batch 230/264  loss=0.4553
  batch 240/264  loss=0.3507
  batch 250/264  loss=0.5570
  batch 260/264  loss=0.3270
Epoch  32/300  train=4.485e-01  rmse=2.2538  lr=1.0e-04  228s
  batch 10/264  loss=0.3740
  batch 20/264  loss=0.5948
  batch 30/264  loss=0.3952
  batch 40/264  loss=0.4281
  batch 50/264  loss=0.7113
  batch 60/264  loss=0.3706
  batch 70/264  loss=0.3671
  batch 80/264  loss=0.3392
  batch 90/264  loss=0.3690
  batch 100/264  loss=0.3914
  batch 110/264  loss=0.3185
  batch 120/264  loss=0.3228
  batch 130/264  loss=0.4901
  batch 140/264  loss=0.4692
  batch 150/264  loss=0.3654
  batch 160/264  loss=0.3696
  batch 170/264  loss=0.4169
  batch 180/264  loss=0.3763
  batch 190/264  loss=0.3778
  batch 200/264  loss=0.4391
  batch 210/264  loss=0.8850
  batch 220/264  loss=1.0550
  batch 230/264  loss=0.4968
  batch 240/264  loss=0.5264
  batch 250/264  loss=0.3564
  batch 260/264  loss=0.3983
Epoch  33/300  train=4.380e-01  rmse=2.2316  lr=1.0e-04  226s
  -> best  monitor=4.380e-01
  batch 10/264  loss=0.4755
  batch 20/264  loss=0.3272
  batch 30/264  loss=0.4649
  batch 40/264  loss=0.3401
  batch 50/264  loss=0.3547
  batch 60/264  loss=0.4101
  batch 70/264  loss=0.4542
  batch 80/264  loss=0.3725
  batch 90/264  loss=0.3794
  batch 100/264  loss=0.8916
  batch 110/264  loss=0.6550
  batch 120/264  loss=0.3858
  batch 130/264  loss=0.4052
  batch 140/264  loss=0.3601
  batch 150/264  loss=0.3254
  batch 160/264  loss=0.5528
  batch 170/264  loss=0.3986
  batch 180/264  loss=0.3365
  batch 190/264  loss=0.3679
  batch 200/264  loss=0.3653
  batch 210/264  loss=0.3711
  batch 220/264  loss=0.4490
  batch 230/264  loss=0.4350
  batch 240/264  loss=0.3842
  batch 250/264  loss=0.4967
  batch 260/264  loss=0.3460
Epoch  34/300  train=4.379e-01  rmse=2.2005  lr=1.0e-04  227s
  -> best  monitor=4.379e-01
  batch 10/264  loss=0.7010
  batch 20/264  loss=0.3662
  batch 30/264  loss=0.5477
  batch 40/264  loss=0.6573
  batch 50/264  loss=0.3368
  batch 60/264  loss=0.4890
  batch 70/264  loss=0.3594
  batch 80/264  loss=0.3701
  batch 90/264  loss=0.3956
  batch 100/264  loss=0.4907
  batch 110/264  loss=0.4563
  batch 120/264  loss=0.3046
  batch 130/264  loss=0.2977
  batch 140/264  loss=0.3186
  batch 150/264  loss=0.6970
  batch 160/264  loss=0.3826
  batch 170/264  loss=0.3522
  batch 180/264  loss=0.3849
  batch 190/264  loss=0.6229
  batch 200/264  loss=0.4708
  batch 210/264  loss=0.3715
  batch 220/264  loss=0.3130
  batch 230/264  loss=0.4067
  batch 240/264  loss=0.5623
  batch 250/264  loss=0.5691
  batch 260/264  loss=0.4700
Epoch  35/300  train=4.325e-01  rmse=2.1926  lr=1.0e-04  227s
  -> best  monitor=4.325e-01
  batch 10/264  loss=0.3610
  batch 20/264  loss=0.4983
  batch 30/264  loss=0.3372
  batch 40/264  loss=0.5649
  batch 50/264  loss=0.3498
  batch 60/264  loss=0.3692
  batch 70/264  loss=0.3917
  batch 80/264  loss=0.3435
  batch 90/264  loss=0.5776
  batch 100/264  loss=0.3845
  batch 110/264  loss=0.4159
  batch 120/264  loss=0.3518
  batch 130/264  loss=0.3478
  batch 140/264  loss=0.4637
  batch 150/264  loss=0.3360
  batch 160/264  loss=0.3479
  batch 170/264  loss=0.3889
  batch 180/264  loss=0.3522
  batch 190/264  loss=0.3406
  batch 200/264  loss=0.3929
  batch 210/264  loss=0.4054
  batch 220/264  loss=0.3960
  batch 230/264  loss=0.3523
  batch 240/264  loss=0.5678
  batch 250/264  loss=0.5372
  batch 260/264  loss=0.3580
Epoch  36/300  train=4.330e-01  rmse=2.1962  lr=1.0e-04  227s
  batch 10/264  loss=0.3151
  batch 20/264  loss=0.5508
  batch 30/264  loss=0.3865
  batch 40/264  loss=0.3152
  batch 50/264  loss=0.6513
  batch 60/264  loss=0.3571
  batch 70/264  loss=0.3450
  batch 80/264  loss=0.8162
  batch 90/264  loss=0.3948
  batch 100/264  loss=0.3707
  batch 110/264  loss=0.3462
  batch 120/264  loss=0.6867
  batch 130/264  loss=0.3800
  batch 140/264  loss=0.3559
  batch 150/264  loss=0.3219
  batch 160/264  loss=0.4759
  batch 170/264  loss=0.6908
  batch 180/264  loss=0.3135
  batch 190/264  loss=0.3273
  batch 200/264  loss=0.3557
  batch 210/264  loss=0.4077
  batch 220/264  loss=0.4861
  batch 230/264  loss=0.8999
  batch 240/264  loss=0.5939
  batch 250/264  loss=0.3176
  batch 260/264  loss=0.4944
Epoch  37/300  train=4.332e-01  rmse=2.2390  lr=1.0e-04  227s
  batch 10/264  loss=0.3377
  batch 20/264  loss=0.3516
  batch 30/264  loss=0.4499
  batch 40/264  loss=0.3709
  batch 50/264  loss=0.3562
  batch 60/264  loss=0.3240
  batch 70/264  loss=0.3373
  batch 80/264  loss=0.3736
  batch 90/264  loss=0.3535
  batch 100/264  loss=0.4835
  batch 110/264  loss=0.9163
  batch 120/264  loss=0.5291
  batch 130/264  loss=0.4490
  batch 140/264  loss=0.3380
  batch 150/264  loss=0.5186
  batch 160/264  loss=0.5771
  batch 170/264  loss=0.3350
  batch 180/264  loss=0.5083
  batch 190/264  loss=0.4785
  batch 200/264  loss=0.4456
  batch 210/264  loss=0.2916
  batch 220/264  loss=0.3119
  batch 230/264  loss=0.3934
  batch 240/264  loss=0.6110
  batch 250/264  loss=0.3257
  batch 260/264  loss=0.3211
Epoch  38/300  train=4.241e-01  rmse=2.1451  lr=1.0e-04  228s
  -> best  monitor=4.241e-01
  batch 10/264  loss=0.3728
  batch 20/264  loss=0.3823
  batch 30/264  loss=0.3680
  batch 40/264  loss=0.6197
  batch 50/264  loss=0.5500
  batch 60/264  loss=0.3307
  batch 70/264  loss=0.4158
  batch 80/264  loss=0.4567
  batch 90/264  loss=0.4114
  batch 100/264  loss=0.3474
  batch 110/264  loss=0.5386
  batch 120/264  loss=0.2852
  batch 130/264  loss=0.3284
  batch 140/264  loss=0.3756
  batch 150/264  loss=0.3092
  batch 160/264  loss=0.5123
  batch 170/264  loss=0.8275
  batch 180/264  loss=0.5251
  batch 190/264  loss=0.3547
  batch 200/264  loss=0.3774
  batch 210/264  loss=0.7255
  batch 220/264  loss=0.5547
  batch 230/264  loss=0.3952
  batch 240/264  loss=0.9001
  batch 250/264  loss=0.4702
  batch 260/264  loss=0.3527
Epoch  39/300  train=4.264e-01  rmse=2.1613  lr=1.0e-04  228s
  batch 10/264  loss=0.4991
  batch 20/264  loss=0.3793
  batch 30/264  loss=0.4625
  batch 40/264  loss=0.3120
  batch 50/264  loss=0.3228
  batch 60/264  loss=0.3899
  batch 70/264  loss=0.3341
  batch 80/264  loss=0.4791
  batch 90/264  loss=0.4782
  batch 100/264  loss=0.3985
  batch 110/264  loss=0.3433
  batch 120/264  loss=0.3203
  batch 130/264  loss=0.4243
  batch 140/264  loss=0.3054
  batch 150/264  loss=0.4197
  batch 160/264  loss=0.3329
  batch 170/264  loss=0.3983
  batch 180/264  loss=0.6994
  batch 190/264  loss=0.3312
  batch 200/264  loss=0.4849
  batch 210/264  loss=0.3187
  batch 220/264  loss=0.5268
  batch 230/264  loss=0.4923
  batch 240/264  loss=0.5062
  batch 250/264  loss=0.3607
  batch 260/264  loss=0.6290
Epoch  40/300  train=4.207e-01  rmse=2.1617  lr=1.0e-04  229s
  -> best  monitor=4.207e-01
  batch 10/264  loss=0.3460
  batch 20/264  loss=0.3862
  batch 30/264  loss=0.3837
  batch 40/264  loss=0.3333
  batch 50/264  loss=0.3311
  batch 60/264  loss=0.4798
  batch 70/264  loss=0.2885
  batch 80/264  loss=0.3770
  batch 90/264  loss=0.7460
  batch 100/264  loss=0.6080
  batch 110/264  loss=0.3271
  batch 120/264  loss=0.3882
  batch 130/264  loss=0.3215
  batch 140/264  loss=0.5201
  batch 150/264  loss=0.4394
  batch 160/264  loss=0.3442
  batch 170/264  loss=0.4182
  batch 180/264  loss=0.3851
  batch 190/264  loss=0.4077
  batch 200/264  loss=0.3955
  batch 210/264  loss=0.3344
  batch 220/264  loss=0.4609
  batch 230/264  loss=0.3494
  batch 240/264  loss=0.4239
  batch 250/264  loss=0.3099
  batch 260/264  loss=0.3221
Epoch  41/300  train=4.176e-01  rmse=2.1490  lr=1.0e-04  228s
  -> best  monitor=4.176e-01
  batch 10/264  loss=0.6106
  batch 20/264  loss=0.3173
  batch 30/264  loss=0.4030
  batch 40/264  loss=0.4616
  batch 50/264  loss=0.5028
  batch 60/264  loss=0.3480
  batch 70/264  loss=0.4518
  batch 80/264  loss=0.6055
  batch 90/264  loss=0.2955
  batch 100/264  loss=0.3042
  batch 110/264  loss=0.3926
  batch 120/264  loss=0.3284
  batch 130/264  loss=0.4057
  batch 140/264  loss=0.3160
  batch 150/264  loss=0.4271
  batch 160/264  loss=0.3620
  batch 170/264  loss=0.3889
  batch 180/264  loss=0.8598
  batch 190/264  loss=0.3478
  batch 200/264  loss=0.3319
  batch 210/264  loss=0.3476
  batch 220/264  loss=0.6753
  batch 230/264  loss=0.3795
  batch 240/264  loss=0.3657
  batch 250/264  loss=0.2958
  batch 260/264  loss=0.3794
Epoch  42/300  train=4.196e-01  rmse=2.1485  lr=1.0e-04  228s
  batch 10/264  loss=0.6011
  batch 20/264  loss=0.3492
  batch 30/264  loss=0.7258
  batch 40/264  loss=0.3794
  batch 50/264  loss=0.4904
  batch 60/264  loss=0.3955
  batch 70/264  loss=0.3517
  batch 80/264  loss=0.4290
  batch 90/264  loss=0.3150
  batch 100/264  loss=0.3035
  batch 110/264  loss=0.5259
  batch 120/264  loss=0.5031
  batch 130/264  loss=0.3066
  batch 140/264  loss=0.4062
  batch 150/264  loss=0.4037
  batch 160/264  loss=0.3482
  batch 170/264  loss=0.3851
  batch 180/264  loss=0.4468
  batch 190/264  loss=0.3483
  batch 200/264  loss=0.4438
  batch 210/264  loss=0.6182
  batch 220/264  loss=0.4009
  batch 230/264  loss=0.3393
  batch 240/264  loss=0.3259
  batch 250/264  loss=0.3470
  batch 260/264  loss=0.3433
Epoch  43/300  train=4.147e-01  rmse=2.1244  lr=1.0e-04  229s
  -> best  monitor=4.147e-01
  batch 10/264  loss=0.3183
  batch 20/264  loss=0.2793
  batch 30/264  loss=0.3752
  batch 40/264  loss=0.4250
  batch 50/264  loss=0.5056
  batch 60/264  loss=0.4512
  batch 70/264  loss=0.4312
  batch 80/264  loss=0.3758
  batch 90/264  loss=0.3982
  batch 100/264  loss=0.5670
  batch 110/264  loss=0.5169
  batch 120/264  loss=0.4815
  batch 130/264  loss=0.4374
  batch 140/264  loss=0.5799
  batch 150/264  loss=0.3837
  batch 160/264  loss=0.3278
  batch 170/264  loss=0.3479
  batch 180/264  loss=0.4998
  batch 190/264  loss=0.3894
  batch 200/264  loss=0.3226
  batch 210/264  loss=0.2790
  batch 220/264  loss=0.4701
  batch 230/264  loss=0.4427
  batch 240/264  loss=0.3863
  batch 250/264  loss=0.2796
  batch 260/264  loss=0.3940
Epoch  44/300  train=4.192e-01  rmse=2.1476  lr=1.0e-04  228s
  batch 10/264  loss=0.3737
  batch 20/264  loss=0.3061
  batch 30/264  loss=0.3678
  batch 40/264  loss=0.3704
  batch 50/264  loss=0.3401
  batch 60/264  loss=0.3741
  batch 70/264  loss=0.3344
  batch 80/264  loss=0.4076
  batch 90/264  loss=0.5766
  batch 100/264  loss=0.6822
  batch 110/264  loss=0.3294
  batch 120/264  loss=0.4955
  batch 130/264  loss=0.6232
  batch 140/264  loss=0.3926
  batch 150/264  loss=0.3367
  batch 160/264  loss=0.6425
  batch 170/264  loss=0.4471
  batch 180/264  loss=0.3947
  batch 190/264  loss=0.3631
  batch 200/264  loss=0.4464
  batch 210/264  loss=0.3740
  batch 220/264  loss=0.5662
  batch 230/264  loss=0.4780
  batch 240/264  loss=0.3025
  batch 250/264  loss=0.3749
  batch 260/264  loss=0.4095
Epoch  45/300  train=4.098e-01  rmse=2.1197  lr=1.0e-04  229s
  -> best  monitor=4.098e-01
  batch 10/264  loss=0.4751
  batch 20/264  loss=0.3851
  batch 30/264  loss=0.3322
  batch 40/264  loss=0.3359
  batch 50/264  loss=0.4826
  batch 60/264  loss=0.2999
  batch 70/264  loss=0.4367
  batch 80/264  loss=0.4841
  batch 90/264  loss=0.3554
  batch 100/264  loss=0.4023
  batch 110/264  loss=0.5898
  batch 120/264  loss=0.5693
  batch 130/264  loss=0.3591
  batch 140/264  loss=0.3486
  batch 150/264  loss=0.4395
  batch 160/264  loss=0.3753
  batch 170/264  loss=0.3842
  batch 180/264  loss=0.3273
  batch 190/264  loss=0.2931
  batch 200/264  loss=0.3780
  batch 210/264  loss=0.6989
  batch 220/264  loss=0.3200
  batch 230/264  loss=0.3106
  batch 240/264  loss=0.3917
  batch 250/264  loss=0.3398
  batch 260/264  loss=0.3061
Epoch  46/300  train=4.051e-01  rmse=2.0917  lr=1.0e-04  229s
  -> best  monitor=4.051e-01
  batch 10/264  loss=0.3515
  batch 20/264  loss=0.3626
  batch 30/264  loss=0.3333
  batch 40/264  loss=0.4328
  batch 50/264  loss=0.3098
  batch 60/264  loss=0.3492
  batch 70/264  loss=0.5771
  batch 80/264  loss=0.5005
  batch 90/264  loss=0.4878
  batch 100/264  loss=0.8451
  batch 110/264  loss=0.3344
  batch 120/264  loss=0.3020
  batch 130/264  loss=0.4166
  batch 140/264  loss=0.4099
  batch 150/264  loss=0.3584
  batch 160/264  loss=0.4045
  batch 170/264  loss=0.7876
  batch 180/264  loss=0.3339
  batch 190/264  loss=0.3870
  batch 200/264  loss=0.5820
  batch 210/264  loss=0.3532
  batch 220/264  loss=0.3917
  batch 230/264  loss=0.3789
  batch 240/264  loss=0.3094
  batch 250/264  loss=0.2953
  batch 260/264  loss=0.3536
Epoch  47/300  train=4.073e-01  rmse=2.1137  lr=1.0e-04  228s
  batch 10/264  loss=0.3151
  batch 20/264  loss=0.3557
  batch 30/264  loss=0.3916
  batch 40/264  loss=0.2947
  batch 50/264  loss=0.3198
  batch 60/264  loss=0.3805
  batch 70/264  loss=0.5624
  batch 80/264  loss=0.3344
  batch 90/264  loss=0.3228
  batch 100/264  loss=0.7836
  batch 110/264  loss=0.3275
  batch 120/264  loss=0.3036
  batch 130/264  loss=0.3192
  batch 140/264  loss=0.3379
  batch 150/264  loss=0.6324
  batch 160/264  loss=0.5143
  batch 170/264  loss=0.3000
  batch 180/264  loss=0.3908
  batch 190/264  loss=0.3143
  batch 200/264  loss=0.3201
  batch 210/264  loss=0.2952
  batch 220/264  loss=0.3397
  batch 230/264  loss=0.3859
  batch 240/264  loss=0.3890
  batch 250/264  loss=0.3371
  batch 260/264  loss=0.3380
Epoch  48/300  train=4.034e-01  rmse=2.0973  lr=1.0e-04  228s
  -> best  monitor=4.034e-01
  batch 10/264  loss=0.3905
  batch 20/264  loss=0.3242
  batch 30/264  loss=0.3740
  batch 40/264  loss=0.4459
  batch 50/264  loss=0.2912
  batch 60/264  loss=0.2616
  batch 70/264  loss=0.3680
  batch 80/264  loss=0.4571
  batch 90/264  loss=0.3495
  batch 100/264  loss=0.3206
  batch 110/264  loss=0.5917
  batch 120/264  loss=0.3255
  batch 130/264  loss=0.3483
  batch 140/264  loss=0.3387
  batch 150/264  loss=0.3266
  batch 160/264  loss=0.3750
  batch 170/264  loss=0.6958
  batch 180/264  loss=0.3146
  batch 190/264  loss=0.3435
  batch 200/264  loss=0.4084
  batch 210/264  loss=0.3728
  batch 220/264  loss=0.4201
  batch 230/264  loss=0.3787
  batch 240/264  loss=0.3140
  batch 250/264  loss=0.5774
  batch 260/264  loss=0.3252
Epoch  49/300  train=4.017e-01  rmse=2.0917  lr=1.0e-04  227s
  -> best  monitor=4.017e-01
  batch 10/264  loss=0.3402
  batch 20/264  loss=0.3892
  batch 30/264  loss=0.3350
  batch 40/264  loss=0.3239
  batch 50/264  loss=0.3272
  batch 60/264  loss=0.3227
  batch 70/264  loss=0.4374
  batch 80/264  loss=0.4416
  batch 90/264  loss=0.2941
  batch 100/264  loss=0.6075
  batch 110/264  loss=0.2965
  batch 120/264  loss=0.4431
  batch 130/264  loss=0.4047
  batch 140/264  loss=0.3449
  batch 150/264  loss=0.3315
  batch 160/264  loss=0.3116
  batch 170/264  loss=0.3618
  batch 180/264  loss=0.3386
  batch 190/264  loss=0.6247
  batch 200/264  loss=0.3238
  batch 210/264  loss=0.3536
  batch 220/264  loss=0.4725
  batch 230/264  loss=0.3299
  batch 240/264  loss=0.3737
  batch 250/264  loss=0.6047
  batch 260/264  loss=0.4134
Epoch  50/300  train=4.056e-01  rmse=2.0986  lr=1.0e-04  227s
  batch 10/264  loss=0.4166
  batch 20/264  loss=0.3312
  batch 30/264  loss=0.3746
  batch 40/264  loss=0.3438
  batch 50/264  loss=0.3487
  batch 60/264  loss=0.3528
  batch 70/264  loss=0.3379
  batch 80/264  loss=0.3372
  batch 90/264  loss=0.5516
  batch 100/264  loss=0.5030
  batch 110/264  loss=0.3079
  batch 120/264  loss=0.3817
  batch 130/264  loss=0.3935
  batch 140/264  loss=0.5046
  batch 150/264  loss=0.3790
  batch 160/264  loss=0.4173
  batch 170/264  loss=0.5903
  batch 180/264  loss=0.3722
  batch 190/264  loss=0.3206
  batch 200/264  loss=0.3740
  batch 210/264  loss=0.3400
  batch 220/264  loss=0.4420
  batch 230/264  loss=0.3111
  batch 240/264  loss=0.6154
  batch 250/264  loss=0.4539
  batch 260/264  loss=0.3405
Epoch  51/300  train=3.997e-01  rmse=2.0487  lr=1.0e-04  227s
  -> best  monitor=3.997e-01
  batch 10/264  loss=0.3352
  batch 20/264  loss=0.3923
  batch 30/264  loss=0.2758
  batch 40/264  loss=0.3682
  batch 50/264  loss=0.3191
  batch 60/264  loss=0.4018
  batch 70/264  loss=0.3231
  batch 80/264  loss=0.3187
  batch 90/264  loss=0.5006
  batch 100/264  loss=0.3177
  batch 110/264  loss=0.2928
  batch 120/264  loss=0.3563
  batch 130/264  loss=0.4608
  batch 140/264  loss=0.4650
  batch 150/264  loss=0.5031
  batch 160/264  loss=0.3809
  batch 170/264  loss=0.2996
  batch 180/264  loss=0.4487
  batch 190/264  loss=0.3489
  batch 200/264  loss=0.3037
  batch 210/264  loss=0.3627
  batch 220/264  loss=0.6788
  batch 230/264  loss=0.3577
  batch 240/264  loss=0.3415
  batch 250/264  loss=0.5600
  batch 260/264  loss=0.3570
Epoch  52/300  train=4.011e-01  rmse=2.0936  lr=1.0e-04  226s
  batch 10/264  loss=0.5234
  batch 20/264  loss=0.6004
  batch 30/264  loss=0.3245
  batch 40/264  loss=0.3180
  batch 50/264  loss=0.5138
  batch 60/264  loss=0.4577
  batch 70/264  loss=0.4058
  batch 80/264  loss=0.3907
  batch 90/264  loss=0.2997
  batch 100/264  loss=0.4405
  batch 110/264  loss=0.4052
  batch 120/264  loss=0.3714
  batch 130/264  loss=0.3833
  batch 140/264  loss=0.3253
  batch 150/264  loss=0.3314
  batch 160/264  loss=0.3019
  batch 170/264  loss=0.3369
  batch 180/264  loss=0.3529
  batch 190/264  loss=0.3495
  batch 200/264  loss=0.3260
  batch 210/264  loss=0.3770
  batch 220/264  loss=0.4186
  batch 230/264  loss=0.3574
  batch 240/264  loss=0.4767
  batch 250/264  loss=0.2866
  batch 260/264  loss=0.3513
Epoch  53/300  train=3.982e-01  rmse=2.0968  lr=1.0e-04  227s
  -> best  monitor=3.982e-01
  batch 10/264  loss=0.3922
  batch 20/264  loss=0.3144
  batch 30/264  loss=0.3703
  batch 40/264  loss=0.4278
  batch 50/264  loss=0.3910
  batch 60/264  loss=0.3368
  batch 70/264  loss=0.3570
  batch 80/264  loss=0.3075
  batch 90/264  loss=0.3248
  batch 100/264  loss=0.3556
  batch 110/264  loss=0.3930
  batch 120/264  loss=0.3284
  batch 130/264  loss=0.3147
  batch 140/264  loss=0.3960
  batch 150/264  loss=0.3388
  batch 160/264  loss=0.5294
  batch 170/264  loss=0.4024
  batch 180/264  loss=0.4298
  batch 190/264  loss=0.3375
  batch 200/264  loss=0.3180
  batch 210/264  loss=0.3153
  batch 220/264  loss=0.4512
  batch 230/264  loss=0.3800
  batch 240/264  loss=0.5740
  batch 250/264  loss=0.3640
  batch 260/264  loss=0.3048
Epoch  54/300  train=3.998e-01  rmse=2.0884  lr=1.0e-04  227s
  batch 10/264  loss=0.3477
  batch 20/264  loss=0.3393
  batch 30/264  loss=0.5451
  batch 40/264  loss=0.3433
  batch 50/264  loss=0.3430
  batch 60/264  loss=0.3610
  batch 70/264  loss=0.3682
  batch 80/264  loss=0.6218
  batch 90/264  loss=0.3421
  batch 100/264  loss=0.3233
  batch 110/264  loss=0.3659
  batch 120/264  loss=0.3043
  batch 130/264  loss=0.2789
  batch 140/264  loss=0.3006
  batch 150/264  loss=0.3807
  batch 160/264  loss=0.3197
  batch 170/264  loss=0.3228
  batch 180/264  loss=0.4469
  batch 190/264  loss=0.3672
  batch 200/264  loss=0.3533
  batch 210/264  loss=0.3964
  batch 220/264  loss=0.4641
  batch 230/264  loss=0.2803
  batch 240/264  loss=0.5991
  batch 250/264  loss=0.3958
  batch 260/264  loss=0.3418
Epoch  55/300  train=4.017e-01  rmse=2.1238  lr=1.0e-04  228s
  batch 10/264  loss=0.3227
  batch 20/264  loss=0.9398
  batch 30/264  loss=0.5291
  batch 40/264  loss=0.3091
  batch 50/264  loss=0.3834
  batch 60/264  loss=0.2923
  batch 70/264  loss=0.4350
  batch 80/264  loss=0.3203
  batch 90/264  loss=0.3588
  batch 100/264  loss=0.3296
  batch 110/264  loss=0.3484
  batch 120/264  loss=0.3051
  batch 130/264  loss=0.3727
  batch 140/264  loss=0.4145
  batch 150/264  loss=0.3314
  batch 160/264  loss=0.4683
  batch 170/264  loss=0.3474
  batch 180/264  loss=0.3121
  batch 190/264  loss=0.2987
  batch 200/264  loss=0.2929
  batch 210/264  loss=0.3807
  batch 220/264  loss=0.3023
  batch 230/264  loss=0.3794
  batch 240/264  loss=0.4983
  batch 250/264  loss=0.6114
  batch 260/264  loss=0.3332
Epoch  56/300  train=3.942e-01  rmse=2.0727  lr=1.0e-04  228s
  -> best  monitor=3.942e-01
  batch 10/264  loss=0.2974
  batch 20/264  loss=0.3431
  batch 30/264  loss=0.7565
  batch 40/264  loss=0.4623
  batch 50/264  loss=0.4984
  batch 60/264  loss=0.3309
  batch 70/264  loss=0.5868
  batch 80/264  loss=0.3402
  batch 90/264  loss=0.5865
  batch 100/264  loss=0.3769
  batch 110/264  loss=0.3105
  batch 120/264  loss=0.5160
  batch 130/264  loss=0.3316
  batch 140/264  loss=0.3139
  batch 150/264  loss=0.2900
  batch 160/264  loss=0.3752
  batch 170/264  loss=0.3519
  batch 180/264  loss=0.4968
  batch 190/264  loss=0.3406
  batch 200/264  loss=0.3124
  batch 210/264  loss=0.3304
  batch 220/264  loss=0.9929
  batch 230/264  loss=0.3157
  batch 240/264  loss=0.3289
  batch 250/264  loss=0.3360
  batch 260/264  loss=0.3298
Epoch  57/300  train=3.886e-01  rmse=2.0362  lr=1.0e-04  229s
  -> best  monitor=3.886e-01
  batch 10/264  loss=0.5473
  batch 20/264  loss=0.3459
  batch 30/264  loss=0.2980
  batch 40/264  loss=0.5646
  batch 50/264  loss=0.3778
  batch 60/264  loss=0.4390
  batch 70/264  loss=0.6132
  batch 80/264  loss=0.3227
  batch 90/264  loss=0.3414
  batch 100/264  loss=0.3045
  batch 110/264  loss=0.3258
  batch 120/264  loss=0.2773
  batch 130/264  loss=0.3102
  batch 140/264  loss=0.3571
  batch 150/264  loss=0.2997
  batch 160/264  loss=0.3221
  batch 170/264  loss=0.4248
  batch 180/264  loss=0.2957
  batch 190/264  loss=0.3294
  batch 200/264  loss=0.3243
  batch 210/264  loss=0.4461
  batch 220/264  loss=0.5703
  batch 230/264  loss=0.3730
  batch 240/264  loss=0.3688
  batch 250/264  loss=0.5797
  batch 260/264  loss=0.4050
Epoch  58/300  train=3.925e-01  rmse=2.0663  lr=1.0e-04  227s
  batch 10/264  loss=0.3891
  batch 20/264  loss=0.2935
  batch 30/264  loss=0.3568
  batch 40/264  loss=0.3135
  batch 50/264  loss=0.3316
  batch 60/264  loss=0.4521
  batch 70/264  loss=0.4692
  batch 80/264  loss=0.3726
  batch 90/264  loss=0.3080
  batch 100/264  loss=0.3766
  batch 110/264  loss=0.3263
  batch 120/264  loss=0.4674
  batch 130/264  loss=0.3463
  batch 140/264  loss=0.3586
  batch 150/264  loss=0.4571
  batch 160/264  loss=0.4645
  batch 170/264  loss=0.2735
  batch 180/264  loss=0.4916
  batch 190/264  loss=0.3247
  batch 200/264  loss=0.3398
  batch 210/264  loss=0.3565
  batch 220/264  loss=0.3206
  batch 230/264  loss=0.4795
  batch 240/264  loss=0.5598
  batch 250/264  loss=0.3130
  batch 260/264  loss=0.3156
Epoch  59/300  train=3.939e-01  rmse=2.0506  lr=1.0e-04  228s
  batch 10/264  loss=0.4131
  batch 20/264  loss=0.5894
  batch 30/264  loss=0.5790
  batch 40/264  loss=0.3212
  batch 50/264  loss=0.2877
  batch 60/264  loss=0.3959
  batch 70/264  loss=0.4050
  batch 80/264  loss=0.3893
  batch 90/264  loss=0.5567
  batch 100/264  loss=0.3067
  batch 110/264  loss=0.3518
  batch 120/264  loss=0.5142
  batch 130/264  loss=0.3502
  batch 140/264  loss=0.3844
  batch 150/264  loss=0.3057
  batch 160/264  loss=0.4001
  batch 170/264  loss=0.4465
  batch 180/264  loss=0.4198
  batch 190/264  loss=0.4532
  batch 200/264  loss=0.3119
  batch 210/264  loss=0.3285
  batch 220/264  loss=0.3311
  batch 230/264  loss=0.5995
  batch 240/264  loss=0.3194
  batch 250/264  loss=0.3101
  batch 260/264  loss=0.3849
Epoch  60/300  train=3.903e-01  rmse=2.0771  lr=1.0e-04  228s
  batch 10/264  loss=0.2924
  batch 20/264  loss=0.3307
  batch 30/264  loss=0.2896
  batch 40/264  loss=0.2796
  batch 50/264  loss=0.4524
  batch 60/264  loss=0.4938
  batch 70/264  loss=0.3081
  batch 80/264  loss=0.4117
  batch 90/264  loss=0.4000
  batch 100/264  loss=0.4708
  batch 110/264  loss=0.4642
  batch 120/264  loss=0.3474
  batch 130/264  loss=0.3011
  batch 140/264  loss=0.2973
  batch 150/264  loss=0.3565
  batch 160/264  loss=0.3907
  batch 170/264  loss=0.3079
  batch 180/264  loss=0.3273
  batch 190/264  loss=0.3201
  batch 200/264  loss=0.3207
  batch 210/264  loss=0.4535
  batch 220/264  loss=0.3133
  batch 230/264  loss=0.2937
  batch 240/264  loss=0.3537
  batch 250/264  loss=0.3157
  batch 260/264  loss=0.8733
Epoch  61/300  train=3.909e-01  rmse=2.0421  lr=1.0e-04  225s
  batch 10/264  loss=0.3944
  batch 20/264  loss=0.3342
  batch 30/264  loss=0.3728
  batch 40/264  loss=0.3417
  batch 50/264  loss=0.3100
  batch 60/264  loss=0.3660
  batch 70/264  loss=0.3546
  batch 80/264  loss=0.4893
  batch 90/264  loss=0.3019
  batch 100/264  loss=0.3162
  batch 110/264  loss=0.3076
  batch 120/264  loss=0.3208
  batch 130/264  loss=0.4873
  batch 140/264  loss=0.5526
  batch 150/264  loss=0.3664
  batch 160/264  loss=0.8462
  batch 170/264  loss=0.3286
  batch 180/264  loss=0.3581
  batch 190/264  loss=0.3056
  batch 200/264  loss=0.3983
  batch 210/264  loss=0.3247
  batch 220/264  loss=0.3178
  batch 230/264  loss=0.2851
  batch 240/264  loss=0.2893
  batch 250/264  loss=0.5066
  batch 260/264  loss=0.6067
Epoch  62/300  train=3.882e-01  rmse=2.0567  lr=1.0e-04  226s
  -> best  monitor=3.882e-01
  batch 10/264  loss=0.4024
  batch 20/264  loss=0.3570
  batch 30/264  loss=0.4261
  batch 40/264  loss=0.4609
  batch 50/264  loss=0.3722
  batch 60/264  loss=0.3407
  batch 70/264  loss=0.2633
  batch 80/264  loss=0.5577
  batch 90/264  loss=0.4369
  batch 100/264  loss=0.2983
  batch 110/264  loss=0.4449
  batch 120/264  loss=0.3539
  batch 130/264  loss=0.3127
  batch 140/264  loss=0.3749
  batch 150/264  loss=0.3268
  batch 160/264  loss=0.3536
  batch 170/264  loss=0.3043
  batch 180/264  loss=0.3827
  batch 190/264  loss=0.3527
  batch 200/264  loss=0.5552
  batch 210/264  loss=0.3395
  batch 220/264  loss=0.5337
  batch 230/264  loss=0.4050
  batch 240/264  loss=0.4629
  batch 250/264  loss=0.3154
  batch 260/264  loss=0.3427
Epoch  63/300  train=3.857e-01  rmse=2.0622  lr=1.0e-04  227s
  -> best  monitor=3.857e-01
  batch 10/264  loss=0.3066
  batch 20/264  loss=0.3453
  batch 30/264  loss=0.2947
  batch 40/264  loss=0.3451
  batch 50/264  loss=0.3321
  batch 60/264  loss=0.3289
  batch 70/264  loss=0.3205
  batch 80/264  loss=0.6408
  batch 90/264  loss=0.4228
  batch 100/264  loss=0.4155
  batch 110/264  loss=0.3304
  batch 120/264  loss=0.4675
  batch 130/264  loss=0.4067
  batch 140/264  loss=0.3206
  batch 150/264  loss=0.3386
  batch 160/264  loss=0.3299
  batch 170/264  loss=0.2772
  batch 180/264  loss=0.5253
  batch 190/264  loss=0.3356
  batch 200/264  loss=0.4304
  batch 210/264  loss=0.4835
  batch 220/264  loss=0.3818
  batch 230/264  loss=0.5780
  batch 240/264  loss=0.3138
  batch 250/264  loss=0.3374
  batch 260/264  loss=0.3983
Epoch  64/300  train=3.831e-01  rmse=2.0645  lr=1.0e-04  228s
  -> best  monitor=3.831e-01
  batch 10/264  loss=0.3320
  batch 20/264  loss=0.5338
  batch 30/264  loss=0.2897
  batch 40/264  loss=0.3366
  batch 50/264  loss=0.3794
  batch 60/264  loss=0.2831
  batch 70/264  loss=0.3395
  batch 80/264  loss=0.2789
  batch 90/264  loss=0.3719
  batch 100/264  loss=0.4875
  batch 110/264  loss=0.5820
  batch 120/264  loss=0.3551
  batch 130/264  loss=0.2709
  batch 140/264  loss=0.2816
  batch 150/264  loss=0.8984
  batch 160/264  loss=0.6663
  batch 170/264  loss=0.3284
  batch 180/264  loss=0.4464
  batch 190/264  loss=0.2903
  batch 200/264  loss=0.3835
  batch 210/264  loss=0.3429
  batch 220/264  loss=0.2730
  batch 230/264  loss=0.3084
  batch 240/264  loss=0.4641
  batch 250/264  loss=0.3450
  batch 260/264  loss=0.2711
Epoch  65/300  train=3.856e-01  rmse=2.0647  lr=1.0e-04  229s
  batch 10/264  loss=0.4687
  batch 20/264  loss=0.3353
  batch 30/264  loss=0.3525
  batch 40/264  loss=0.3056
  batch 50/264  loss=0.3035
  batch 60/264  loss=0.4646
  batch 70/264  loss=0.3508
  batch 80/264  loss=0.4575
  batch 90/264  loss=0.4581
  batch 100/264  loss=0.3662
  batch 110/264  loss=0.3731
  batch 120/264  loss=0.4771
  batch 130/264  loss=0.7530
  batch 140/264  loss=0.5702
  batch 150/264  loss=0.3367
  batch 160/264  loss=0.2645
  batch 170/264  loss=0.3533
  batch 180/264  loss=0.3293
  batch 190/264  loss=0.3073
  batch 200/264  loss=0.4015
  batch 210/264  loss=0.2731
  batch 220/264  loss=0.3659
  batch 230/264  loss=0.2670
  batch 240/264  loss=0.4198
  batch 250/264  loss=0.5175
  batch 260/264  loss=0.3295
Epoch  66/300  train=3.876e-01  rmse=2.0921  lr=1.0e-04  228s
  batch 10/264  loss=0.5763
  batch 20/264  loss=0.5390
  batch 30/264  loss=0.3658
  batch 40/264  loss=0.3238
  batch 50/264  loss=0.4609
  batch 60/264  loss=0.3632
  batch 70/264  loss=0.3355
  batch 80/264  loss=0.2653
  batch 90/264  loss=0.6224
  batch 100/264  loss=0.4990
  batch 110/264  loss=0.3251
  batch 120/264  loss=0.3159
  batch 130/264  loss=0.3781
  batch 140/264  loss=0.3359
  batch 150/264  loss=0.2942
  batch 160/264  loss=0.3154
  batch 170/264  loss=0.3205
  batch 180/264  loss=0.3992
  batch 190/264  loss=0.6969
  batch 200/264  loss=0.4369
  batch 210/264  loss=0.6040
  batch 220/264  loss=0.3666
  batch 230/264  loss=0.3460
  batch 240/264  loss=0.3153
  batch 250/264  loss=0.4829
  batch 260/264  loss=0.3393
Epoch  67/300  train=3.794e-01  rmse=2.0042  lr=1.0e-04  226s
  -> best  monitor=3.794e-01
  batch 10/264  loss=0.4530
  batch 20/264  loss=0.6784
  batch 30/264  loss=0.5536
  batch 40/264  loss=0.6241
  batch 50/264  loss=0.2749
  batch 60/264  loss=0.3372
  batch 70/264  loss=0.6098
  batch 80/264  loss=0.2891
  batch 90/264  loss=0.4327
  batch 100/264  loss=0.3627
  batch 110/264  loss=0.3279
  batch 120/264  loss=0.4798
  batch 130/264  loss=0.2972
  batch 140/264  loss=0.3345
  batch 150/264  loss=0.3483
  batch 160/264  loss=0.3909
  batch 170/264  loss=0.3115
  batch 180/264  loss=0.3149
  batch 190/264  loss=0.3448
  batch 200/264  loss=0.4003
  batch 210/264  loss=0.3025
  batch 220/264  loss=0.7728
  batch 230/264  loss=0.4451
  batch 240/264  loss=0.3424
  batch 250/264  loss=0.4946
  batch 260/264  loss=0.4661
Epoch  68/300  train=3.823e-01  rmse=2.0418  lr=1.0e-04  227s
  batch 10/264  loss=0.3697
  batch 20/264  loss=0.3372
  batch 30/264  loss=0.2877
  batch 40/264  loss=0.3666
  batch 50/264  loss=0.3030
  batch 60/264  loss=0.4080
  batch 70/264  loss=0.4434
  batch 80/264  loss=0.3575
  batch 90/264  loss=0.5100
  batch 100/264  loss=0.2806
  batch 110/264  loss=0.4582
  batch 120/264  loss=0.2989
  batch 130/264  loss=0.3847
  batch 140/264  loss=0.8297
  batch 150/264  loss=0.3446
  batch 160/264  loss=0.3006
  batch 170/264  loss=0.5285
  batch 180/264  loss=0.5342
  batch 190/264  loss=0.5167
  batch 200/264  loss=0.3630
  batch 210/264  loss=0.3898
  batch 220/264  loss=0.3452
  batch 230/264  loss=0.3501
  batch 240/264  loss=0.3223
  batch 250/264  loss=0.2738
  batch 260/264  loss=0.5262
Epoch  69/300  train=3.815e-01  rmse=2.0427  lr=1.0e-04  228s
  batch 10/264  loss=0.2953
  batch 20/264  loss=0.3462
  batch 30/264  loss=0.3650
  batch 40/264  loss=0.3557
  batch 50/264  loss=0.4719
  batch 60/264  loss=0.2633
  batch 70/264  loss=0.5558
  batch 80/264  loss=0.4518
  batch 90/264  loss=0.3083
  batch 100/264  loss=0.4643
  batch 110/264  loss=0.6315
  batch 120/264  loss=0.3110
  batch 130/264  loss=0.5609
  batch 140/264  loss=0.3553
  batch 150/264  loss=0.4213
  batch 160/264  loss=0.3349
  batch 170/264  loss=0.4706
  batch 180/264  loss=0.3251
  batch 190/264  loss=0.3091
  batch 200/264  loss=0.3041
  batch 210/264  loss=0.4167
  batch 220/264  loss=0.3061
  batch 230/264  loss=0.3442
  batch 240/264  loss=0.3208
  batch 250/264  loss=0.3505
  batch 260/264  loss=0.3407
Epoch  70/300  train=3.765e-01  rmse=2.0135  lr=1.0e-04  228s
  -> best  monitor=3.765e-01
  batch 10/264  loss=0.3543
  batch 20/264  loss=0.3810
  batch 30/264  loss=0.3666
  batch 40/264  loss=0.4152
  batch 50/264  loss=0.3377
  batch 60/264  loss=0.3273
  batch 70/264  loss=0.4001
  batch 80/264  loss=0.3072
  batch 90/264  loss=0.2684
  batch 100/264  loss=0.7155
  batch 110/264  loss=0.3110
  batch 120/264  loss=0.3277
  batch 130/264  loss=0.3014
  batch 140/264  loss=0.2914
  batch 150/264  loss=0.8589
  batch 160/264  loss=0.3742
  batch 170/264  loss=0.3709
  batch 180/264  loss=0.3114
  batch 190/264  loss=0.3991
  batch 200/264  loss=0.3089
  batch 210/264  loss=0.4118
  batch 220/264  loss=0.2973
  batch 230/264  loss=0.3768
  batch 240/264  loss=0.3008
  batch 250/264  loss=0.3549
  batch 260/264  loss=0.3182
Epoch  71/300  train=3.796e-01  rmse=2.0105  lr=1.0e-04  229s
  batch 10/264  loss=0.5611
  batch 20/264  loss=0.3553
  batch 30/264  loss=0.5389
  batch 40/264  loss=0.4203
  batch 50/264  loss=0.3248
  batch 60/264  loss=0.3857
  batch 70/264  loss=0.3085
  batch 80/264  loss=0.3318
  batch 90/264  loss=0.2829
  batch 100/264  loss=0.2861
  batch 110/264  loss=0.2925
  batch 120/264  loss=0.3599
  batch 130/264  loss=0.3561
  batch 140/264  loss=0.4541
  batch 150/264  loss=0.2979
  batch 160/264  loss=0.3228
  batch 170/264  loss=0.5238
  batch 180/264  loss=0.3097
  batch 190/264  loss=0.4261
  batch 200/264  loss=0.3195
  batch 210/264  loss=0.2876
  batch 220/264  loss=0.4680
  batch 230/264  loss=0.3647
  batch 240/264  loss=0.3297
  batch 250/264  loss=0.5256
  batch 260/264  loss=0.3699
Epoch  72/300  train=3.782e-01  rmse=2.0389  lr=1.0e-04  227s
  batch 10/264  loss=0.2620
  batch 20/264  loss=0.2725
  batch 30/264  loss=0.3368
  batch 40/264  loss=0.2785
  batch 50/264  loss=0.6711
  batch 60/264  loss=0.2868
  batch 70/264  loss=0.3500
  batch 80/264  loss=0.3466
  batch 90/264  loss=0.3369
  batch 100/264  loss=0.3961
  batch 110/264  loss=0.3369
  batch 120/264  loss=0.3966
  batch 130/264  loss=0.5401
  batch 140/264  loss=0.3499
  batch 150/264  loss=0.2930
  batch 160/264  loss=0.4172
  batch 170/264  loss=0.3552
  batch 180/264  loss=0.4162
  batch 190/264  loss=0.3537
  batch 200/264  loss=0.4264
  batch 210/264  loss=0.2984
  batch 220/264  loss=0.4883
  batch 230/264  loss=0.2953
  batch 240/264  loss=0.3532
  batch 250/264  loss=0.3138
  batch 260/264  loss=0.3190
Epoch  73/300  train=3.743e-01  rmse=2.0160  lr=1.0e-04  228s
  -> best  monitor=3.743e-01
  batch 10/264  loss=0.3245
  batch 20/264  loss=0.5075
  batch 30/264  loss=0.3160
  batch 40/264  loss=0.3496
  batch 50/264  loss=0.4937
  batch 60/264  loss=0.4389
  batch 70/264  loss=0.2790
  batch 80/264  loss=0.3066
  batch 90/264  loss=0.4082
  batch 100/264  loss=0.2966
  batch 110/264  loss=0.2996
  batch 120/264  loss=0.2707
  batch 130/264  loss=0.3956
  batch 140/264  loss=0.3025
  batch 150/264  loss=0.3125
  batch 160/264  loss=0.3349
  batch 170/264  loss=0.3412
  batch 180/264  loss=0.4631
  batch 190/264  loss=0.4515
  batch 200/264  loss=0.8204
  batch 210/264  loss=0.5987
  batch 220/264  loss=0.2995
  batch 230/264  loss=0.4585
  batch 240/264  loss=0.5477
  batch 250/264  loss=0.3333
  batch 260/264  loss=0.3238
Epoch  74/300  train=3.705e-01  rmse=1.9981  lr=1.0e-04  227s
  -> best  monitor=3.705e-01
  batch 10/264  loss=0.3345
  batch 20/264  loss=0.3135
  batch 30/264  loss=0.6203
  batch 40/264  loss=0.2804
  batch 50/264  loss=0.3625
  batch 60/264  loss=0.4678
  batch 70/264  loss=0.4004
  batch 80/264  loss=0.4528
  batch 90/264  loss=0.2703
  batch 100/264  loss=0.3737
  batch 110/264  loss=0.3134
  batch 120/264  loss=0.2903
  batch 130/264  loss=0.5175
  batch 140/264  loss=0.4913
  batch 150/264  loss=0.3598
  batch 160/264  loss=0.3432
  batch 170/264  loss=0.4039
  batch 180/264  loss=0.3033
  batch 190/264  loss=0.2687
  batch 200/264  loss=0.3418
  batch 210/264  loss=0.4018
  batch 220/264  loss=0.3048
  batch 230/264  loss=0.3477
  batch 240/264  loss=0.2611
  batch 250/264  loss=0.4432
  batch 260/264  loss=0.3061
Epoch  75/300  train=3.749e-01  rmse=2.0040  lr=1.0e-04  227s
  batch 10/264  loss=0.4352
  batch 20/264  loss=0.4529
  batch 30/264  loss=0.3187
  batch 40/264  loss=0.3235
  batch 50/264  loss=0.6711
  batch 60/264  loss=0.3748
  batch 70/264  loss=0.4983
  batch 80/264  loss=0.4958
  batch 90/264  loss=0.4410
  batch 100/264  loss=0.2869
  batch 110/264  loss=0.3739
  batch 120/264  loss=0.3388
  batch 130/264  loss=0.2783
  batch 140/264  loss=0.4050
  batch 150/264  loss=0.3331
  batch 160/264  loss=0.3232
  batch 170/264  loss=0.3630
  batch 180/264  loss=0.3474
  batch 190/264  loss=0.4963
  batch 200/264  loss=0.5110
  batch 210/264  loss=0.2769
  batch 220/264  loss=0.4120
  batch 230/264  loss=0.3928
  batch 240/264  loss=0.2940
  batch 250/264  loss=0.2996
  batch 260/264  loss=0.3932
Epoch  76/300  train=3.800e-01  rmse=2.0340  lr=1.0e-04  227s
  batch 10/264  loss=0.3776
  batch 20/264  loss=0.2904
  batch 30/264  loss=0.3187
  batch 40/264  loss=0.3215
  batch 50/264  loss=0.5538
  batch 60/264  loss=0.3832
  batch 70/264  loss=0.3139
  batch 80/264  loss=0.3908
  batch 90/264  loss=0.2798
  batch 100/264  loss=0.2815
  batch 110/264  loss=0.4445
  batch 120/264  loss=0.3666
  batch 130/264  loss=0.2851
  batch 140/264  loss=0.3226
  batch 150/264  loss=0.3469
  batch 160/264  loss=0.3592
  batch 170/264  loss=0.3084
  batch 180/264  loss=0.3340
  batch 190/264  loss=0.3265
  batch 200/264  loss=0.4855
  batch 210/264  loss=0.2965
  batch 220/264  loss=0.3110
  batch 230/264  loss=0.3879
  batch 240/264  loss=0.4647
  batch 250/264  loss=0.2931
  batch 260/264  loss=0.2775
Epoch  77/300  train=3.719e-01  rmse=2.0229  lr=1.0e-04  227s
  batch 10/264  loss=0.3102
  batch 20/264  loss=0.3873
  batch 30/264  loss=0.4349
  batch 40/264  loss=0.4252
  batch 50/264  loss=0.4383
  batch 60/264  loss=0.3716
  batch 70/264  loss=0.5441
  batch 80/264  loss=0.4251
  batch 90/264  loss=0.4123
  batch 100/264  loss=0.3712
  batch 110/264  loss=0.4391
  batch 120/264  loss=0.3395
  batch 130/264  loss=0.2831
  batch 140/264  loss=0.4867
  batch 150/264  loss=0.3077
  batch 160/264  loss=0.3238
  batch 170/264  loss=0.3047
  batch 180/264  loss=0.4503
  batch 190/264  loss=0.4289
  batch 200/264  loss=0.5003
  batch 210/264  loss=0.3719
  batch 220/264  loss=0.2787
  batch 230/264  loss=0.2674
  batch 240/264  loss=0.2725
  batch 250/264  loss=0.3622
  batch 260/264  loss=0.5508
Epoch  78/300  train=3.693e-01  rmse=1.9669  lr=1.0e-04  228s
  -> best  monitor=3.693e-01
  batch 10/264  loss=0.4357
  batch 20/264  loss=0.3349
  batch 30/264  loss=0.4205
  batch 40/264  loss=0.3420
  batch 50/264  loss=0.3583
  batch 60/264  loss=0.4622
  batch 70/264  loss=0.4512
  batch 80/264  loss=0.2813
  batch 90/264  loss=0.3081
  batch 100/264  loss=0.4429
  batch 110/264  loss=0.3879
  batch 120/264  loss=0.3061
  batch 130/264  loss=0.3683
  batch 140/264  loss=0.3150
  batch 150/264  loss=0.3428
  batch 160/264  loss=0.3639
  batch 170/264  loss=0.4255
  batch 180/264  loss=0.3203
  batch 190/264  loss=0.2975
  batch 200/264  loss=0.2966
  batch 210/264  loss=0.3895
  batch 220/264  loss=0.5126
  batch 230/264  loss=0.4793
  batch 240/264  loss=0.3909
  batch 250/264  loss=0.3831
  batch 260/264  loss=0.3207
Epoch  79/300  train=3.676e-01  rmse=2.0182  lr=1.0e-04  228s
  -> best  monitor=3.676e-01
  batch 10/264  loss=0.2963
  batch 20/264  loss=0.3592
  batch 30/264  loss=0.3524
  batch 40/264  loss=0.3139
  batch 50/264  loss=0.2802
  batch 60/264  loss=0.3327
  batch 70/264  loss=0.3202
  batch 80/264  loss=0.2703
  batch 90/264  loss=0.3467
  batch 100/264  loss=0.2739
  batch 110/264  loss=0.3581
  batch 120/264  loss=0.8158
  batch 130/264  loss=0.3311
  batch 140/264  loss=0.3188
  batch 150/264  loss=0.3320
  batch 160/264  loss=0.3122
  batch 170/264  loss=0.5005
  batch 180/264  loss=0.5621
  batch 190/264  loss=0.3843
  batch 200/264  loss=0.4389
  batch 210/264  loss=0.3535
  batch 220/264  loss=0.3097
  batch 230/264  loss=0.3678
  batch 240/264  loss=0.4976
  batch 250/264  loss=0.3909
  batch 260/264  loss=0.3017
Epoch  80/300  train=3.687e-01  rmse=1.9643  lr=1.0e-04  227s
  batch 10/264  loss=0.3108
  batch 20/264  loss=0.4171
  batch 30/264  loss=0.3029
  batch 40/264  loss=0.3735
  batch 50/264  loss=0.3298
  batch 60/264  loss=0.3442
  batch 70/264  loss=0.2865
  batch 80/264  loss=0.6088
  batch 90/264  loss=0.3218
  batch 100/264  loss=0.3234
  batch 110/264  loss=0.2979
  batch 120/264  loss=0.3085
  batch 130/264  loss=0.3024
  batch 140/264  loss=0.4718
  batch 150/264  loss=0.3652
  batch 160/264  loss=0.3722
  batch 170/264  loss=0.3974
  batch 180/264  loss=0.3003
  batch 190/264  loss=0.4463
  batch 200/264  loss=0.2876
  batch 210/264  loss=0.3478
  batch 220/264  loss=0.3555
  batch 230/264  loss=0.3960
  batch 240/264  loss=0.3398
  batch 250/264  loss=0.3125
  batch 260/264  loss=0.3293
Epoch  81/300  train=3.755e-01  rmse=2.0469  lr=1.0e-04  228s
  batch 10/264  loss=0.4433
  batch 20/264  loss=0.2923
  batch 30/264  loss=0.7012
  batch 40/264  loss=0.4997
  batch 50/264  loss=0.2848
  batch 60/264  loss=0.3484
  batch 70/264  loss=0.3919
  batch 80/264  loss=0.3856
  batch 90/264  loss=0.3505
  batch 100/264  loss=0.3976
  batch 110/264  loss=0.5630
  batch 120/264  loss=0.2923
  batch 130/264  loss=0.4803
  batch 140/264  loss=0.5018
  batch 150/264  loss=0.2793
  batch 160/264  loss=0.3067
  batch 170/264  loss=0.3089
  batch 180/264  loss=0.2567
  batch 190/264  loss=0.3368
  batch 200/264  loss=0.3174
  batch 210/264  loss=0.3445
  batch 220/264  loss=0.4560
  batch 230/264  loss=0.3007
  batch 240/264  loss=0.2682
  batch 250/264  loss=0.4512
  batch 260/264  loss=0.4830
Epoch  82/300  train=3.618e-01  rmse=1.9489  lr=1.0e-04  228s
  -> best  monitor=3.618e-01
  batch 10/264  loss=0.3085
  batch 20/264  loss=0.2886
  batch 30/264  loss=0.5001
  batch 40/264  loss=0.2900
  batch 50/264  loss=0.3554
  batch 60/264  loss=0.3714
  batch 70/264  loss=0.4033
  batch 80/264  loss=0.3674
  batch 90/264  loss=0.3744
  batch 100/264  loss=0.4041
  batch 110/264  loss=0.3335
  batch 120/264  loss=0.3494
  batch 130/264  loss=0.4818
  batch 140/264  loss=0.3897
  batch 150/264  loss=0.5399
  batch 160/264  loss=0.3631
  batch 170/264  loss=0.3028
  batch 180/264  loss=0.4476
  batch 190/264  loss=0.3264
  batch 200/264  loss=0.2851
  batch 210/264  loss=0.3454
  batch 220/264  loss=0.3252
  batch 230/264  loss=0.6019
  batch 240/264  loss=0.3380
  batch 250/264  loss=0.3715
  batch 260/264  loss=0.5054
Epoch  83/300  train=3.702e-01  rmse=1.9711  lr=1.0e-04  228s
  batch 10/264  loss=0.3106
  batch 20/264  loss=0.5758
  batch 30/264  loss=0.2702
  batch 40/264  loss=0.5391
  batch 50/264  loss=0.2688
  batch 60/264  loss=0.3665
  batch 70/264  loss=0.3556
  batch 80/264  loss=0.3236
  batch 90/264  loss=0.4124
  batch 100/264  loss=0.4609
  batch 110/264  loss=0.2890
  batch 120/264  loss=0.4190
  batch 130/264  loss=0.5156
  batch 140/264  loss=0.3519
  batch 150/264  loss=0.3065
  batch 160/264  loss=0.3151
  batch 170/264  loss=0.2944
  batch 180/264  loss=0.4681
  batch 190/264  loss=0.3533
  batch 200/264  loss=0.2709
  batch 210/264  loss=0.3783
  batch 220/264  loss=0.3656
  batch 230/264  loss=0.3490
  batch 240/264  loss=0.3705
  batch 250/264  loss=0.2864
  batch 260/264  loss=0.3815
Epoch  84/300  train=3.621e-01  rmse=1.9704  lr=1.0e-04  228s
  batch 10/264  loss=0.3203
  batch 20/264  loss=0.3018
  batch 30/264  loss=0.3519
  batch 40/264  loss=0.4929
  batch 50/264  loss=0.3320
  batch 60/264  loss=0.3964
  batch 70/264  loss=0.5456
  batch 80/264  loss=0.3747
  batch 90/264  loss=0.3149
  batch 100/264  loss=0.3315
  batch 110/264  loss=0.4782
  batch 120/264  loss=0.3582
  batch 130/264  loss=0.4130
  batch 140/264  loss=0.3526
  batch 150/264  loss=0.3518
  batch 160/264  loss=0.2736
  batch 170/264  loss=0.3094
  batch 180/264  loss=0.2756
  batch 190/264  loss=0.5111
  batch 200/264  loss=0.3114
  batch 210/264  loss=0.3806
  batch 220/264  loss=0.5571
  batch 230/264  loss=0.3533
  batch 240/264  loss=0.4295
  batch 250/264  loss=0.3794
  batch 260/264  loss=1.1657
Epoch  85/300  train=3.704e-01  rmse=1.9961  lr=1.0e-04  230s
  batch 10/264  loss=0.3384
  batch 20/264  loss=0.3063
  batch 30/264  loss=0.4022
  batch 40/264  loss=0.4758
  batch 50/264  loss=0.3615
  batch 60/264  loss=0.2826
  batch 70/264  loss=0.3309
  batch 80/264  loss=0.3013
  batch 90/264  loss=0.4230
  batch 100/264  loss=0.3511
  batch 110/264  loss=0.3181
  batch 120/264  loss=0.3727
  batch 130/264  loss=0.3428
  batch 140/264  loss=0.3434
  batch 150/264  loss=0.3264
  batch 160/264  loss=0.3558
  batch 170/264  loss=0.2672
  batch 180/264  loss=0.3829
  batch 190/264  loss=0.3345
  batch 200/264  loss=0.5654
  batch 210/264  loss=0.4708
  batch 220/264  loss=0.3142
  batch 230/264  loss=0.3939
  batch 240/264  loss=0.5876
  batch 250/264  loss=0.3934
  batch 260/264  loss=0.3560
Epoch  86/300  train=3.677e-01  rmse=1.9678  lr=1.0e-04  228s
  batch 10/264  loss=0.3101
  batch 20/264  loss=0.4282
  batch 30/264  loss=0.3078
  batch 40/264  loss=0.2701
  batch 50/264  loss=0.2724
  batch 60/264  loss=0.3026
  batch 70/264  loss=0.3228
  batch 80/264  loss=0.3414
  batch 90/264  loss=0.3402
  batch 100/264  loss=0.3536
  batch 110/264  loss=0.3595
  batch 120/264  loss=0.4110
  batch 130/264  loss=0.3479
  batch 140/264  loss=0.3644
  batch 150/264  loss=0.4423
  batch 160/264  loss=0.3183
  batch 170/264  loss=0.3720
  batch 180/264  loss=0.3079
  batch 190/264  loss=0.2933
  batch 200/264  loss=0.3480
  batch 210/264  loss=0.3548
  batch 220/264  loss=0.8530
  batch 230/264  loss=0.3480
  batch 240/264  loss=0.2985
  batch 250/264  loss=0.5170
  batch 260/264  loss=0.3129
Epoch  87/300  train=3.640e-01  rmse=1.9719  lr=1.0e-04  227s
  batch 10/264  loss=0.3355
  batch 20/264  loss=0.3262
  batch 30/264  loss=0.7418
  batch 40/264  loss=0.4355
  batch 50/264  loss=0.2547
  batch 60/264  loss=0.4981
  batch 70/264  loss=0.3508
  batch 80/264  loss=0.3395
  batch 90/264  loss=0.3008
  batch 100/264  loss=0.5308
  batch 110/264  loss=0.3120
  batch 120/264  loss=0.2745
  batch 130/264  loss=0.3751
  batch 140/264  loss=0.3291
  batch 150/264  loss=0.3986
  batch 160/264  loss=0.3435
  batch 170/264  loss=0.3380
  batch 180/264  loss=0.5114
  batch 190/264  loss=0.3358
  batch 200/264  loss=0.3098
  batch 210/264  loss=0.3419
  batch 220/264  loss=0.3997
  batch 230/264  loss=0.5746
  batch 240/264  loss=0.3478
  batch 250/264  loss=0.3308
  batch 260/264  loss=0.4697
Epoch  88/300  train=3.639e-01  rmse=2.0013  lr=1.0e-04  227s
  batch 10/264  loss=0.2563
  batch 20/264  loss=0.7649
  batch 30/264  loss=0.2994
  batch 40/264  loss=0.3293
  batch 50/264  loss=0.3399
  batch 60/264  loss=0.3770
  batch 70/264  loss=0.4069
  batch 80/264  loss=0.3176
  batch 90/264  loss=0.6809
  batch 100/264  loss=0.2688
  batch 110/264  loss=0.4920
  batch 120/264  loss=0.4301
  batch 130/264  loss=0.3174
  batch 140/264  loss=0.2824
  batch 150/264  loss=0.3996
  batch 160/264  loss=0.2624
  batch 170/264  loss=0.2938
  batch 180/264  loss=0.4550
  batch 190/264  loss=0.5070
  batch 200/264  loss=0.3108
  batch 210/264  loss=0.3283
  batch 220/264  loss=0.4064
  batch 230/264  loss=0.3143
  batch 240/264  loss=0.3131
  batch 250/264  loss=0.3979
  batch 260/264  loss=0.4210
Epoch  89/300  train=3.647e-01  rmse=1.9713  lr=1.0e-04  227s
  batch 10/264  loss=0.4461
  batch 20/264  loss=0.2945
  batch 30/264  loss=0.3488
  batch 40/264  loss=0.3337
  batch 50/264  loss=0.3416
  batch 60/264  loss=0.4528
  batch 70/264  loss=0.3881
  batch 80/264  loss=0.3551
  batch 90/264  loss=0.3058
  batch 100/264  loss=0.3441
  batch 110/264  loss=0.3494
  batch 120/264  loss=0.3306
  batch 130/264  loss=0.2918
  batch 140/264  loss=0.2976
  batch 150/264  loss=0.3581
  batch 160/264  loss=0.3269
  batch 170/264  loss=0.3885
  batch 180/264  loss=0.4125
  batch 190/264  loss=0.4210
  batch 200/264  loss=0.2661
  batch 210/264  loss=0.3189
  batch 220/264  loss=0.3203
  batch 230/264  loss=0.2845
  batch 240/264  loss=0.2803
  batch 250/264  loss=0.2687
  batch 260/264  loss=0.4147
Epoch  90/300  train=3.688e-01  rmse=1.9838  lr=1.0e-04  227s
  batch 10/264  loss=0.3101
  batch 20/264  loss=0.3006
  batch 30/264  loss=0.3073
  batch 40/264  loss=0.3098
  batch 50/264  loss=0.4966
  batch 60/264  loss=0.5029
  batch 70/264  loss=0.3216
  batch 80/264  loss=0.3378
  batch 90/264  loss=0.2657
  batch 100/264  loss=0.4490
  batch 110/264  loss=0.3280
  batch 120/264  loss=0.3513
  batch 130/264  loss=0.3301
  batch 140/264  loss=0.4226
  batch 150/264  loss=0.2788
  batch 160/264  loss=0.3464
  batch 170/264  loss=0.3303
  batch 180/264  loss=0.3720
  batch 190/264  loss=0.2897
  batch 200/264  loss=0.2848
  batch 210/264  loss=0.3574
  batch 220/264  loss=0.3765
  batch 230/264  loss=0.2601
  batch 240/264  loss=0.3399
  batch 250/264  loss=0.4968
  batch 260/264  loss=0.2757
Epoch  91/300  train=3.615e-01  rmse=1.9571  lr=1.0e-04  227s
  -> best  monitor=3.615e-01
  batch 10/264  loss=0.4003
  batch 20/264  loss=0.3308
  batch 30/264  loss=0.2988
  batch 40/264  loss=0.3896
  batch 50/264  loss=0.4532
  batch 60/264  loss=0.3932
  batch 70/264  loss=0.4848
  batch 80/264  loss=0.3149
  batch 90/264  loss=0.3575
  batch 100/264  loss=0.2914
  batch 110/264  loss=0.5119
  batch 120/264  loss=0.5525
  batch 130/264  loss=0.3717
  batch 140/264  loss=0.3734
  batch 150/264  loss=0.3524
  batch 160/264  loss=0.3002
  batch 170/264  loss=0.3465
  batch 180/264  loss=0.3103
  batch 190/264  loss=0.2975
  batch 200/264  loss=0.2860
  batch 210/264  loss=0.3246
  batch 220/264  loss=0.4504
  batch 230/264  loss=0.3432
  batch 240/264  loss=0.3858
  batch 250/264  loss=0.2638
  batch 260/264  loss=0.2903
Epoch  92/300  train=3.615e-01  rmse=1.9718  lr=1.0e-04  227s
  -> best  monitor=3.615e-01
  batch 10/264  loss=0.4267
  batch 20/264  loss=0.2852
  batch 30/264  loss=0.3794
  batch 40/264  loss=0.3744
  batch 50/264  loss=0.3922
  batch 60/264  loss=0.2877
  batch 70/264  loss=0.3015
  batch 80/264  loss=0.4163
  batch 90/264  loss=0.3087
  batch 100/264  loss=0.6037
  batch 110/264  loss=0.4950
  batch 120/264  loss=0.3376
  batch 130/264  loss=0.3940
  batch 140/264  loss=0.4083
  batch 150/264  loss=0.3735
  batch 160/264  loss=0.3279
  batch 170/264  loss=0.3209
  batch 180/264  loss=0.5544
  batch 190/264  loss=0.3463
  batch 200/264  loss=0.3365
  batch 210/264  loss=0.2594
  batch 220/264  loss=0.2884
  batch 230/264  loss=0.2982
  batch 240/264  loss=0.2907
  batch 250/264  loss=0.6772
  batch 260/264  loss=0.2986
Epoch  93/300  train=3.605e-01  rmse=1.9592  lr=1.0e-04  227s
  -> best  monitor=3.605e-01
  batch 10/264  loss=0.2957
  batch 20/264  loss=0.3858
  batch 30/264  loss=0.3817
  batch 40/264  loss=0.2978
  batch 50/264  loss=0.3001
  batch 60/264  loss=0.2878
  batch 70/264  loss=0.3026
  batch 80/264  loss=0.3948
  batch 90/264  loss=0.2495
  batch 100/264  loss=0.3692
  batch 110/264  loss=0.3542
  batch 120/264  loss=0.3033
  batch 130/264  loss=0.2932
  batch 140/264  loss=0.2869
  batch 150/264  loss=0.2737
  batch 160/264  loss=0.2941
  batch 170/264  loss=0.3360
  batch 180/264  loss=0.2713
  batch 190/264  loss=0.2971
  batch 200/264  loss=0.3120
  batch 210/264  loss=0.3731
  batch 220/264  loss=0.3455
  batch 230/264  loss=0.2892
  batch 240/264  loss=0.3205
  batch 250/264  loss=0.3936
  batch 260/264  loss=0.4210
Epoch  94/300  train=3.633e-01  rmse=2.0015  lr=1.0e-04  228s
  batch 10/264  loss=0.3486
  batch 20/264  loss=0.2982
  batch 30/264  loss=0.3269
  batch 40/264  loss=0.3556
  batch 50/264  loss=0.3546
  batch 60/264  loss=0.3014
  batch 70/264  loss=0.3167
  batch 80/264  loss=0.3081
  batch 90/264  loss=0.2864
  batch 100/264  loss=0.3402
  batch 110/264  loss=0.2937
  batch 120/264  loss=0.3397
  batch 130/264  loss=0.3510
  batch 140/264  loss=0.2977
  batch 150/264  loss=0.3263
  batch 160/264  loss=0.4256
  batch 170/264  loss=0.3241
  batch 180/264  loss=0.3254
  batch 190/264  loss=0.4389
  batch 200/264  loss=0.3319
  batch 210/264  loss=0.2920
  batch 220/264  loss=0.3193
  batch 230/264  loss=0.3145
  batch 240/264  loss=0.2919
  batch 250/264  loss=0.5133
  batch 260/264  loss=0.3102
Epoch  95/300  train=3.578e-01  rmse=1.9458  lr=1.0e-04  229s
  -> best  monitor=3.578e-01
  batch 10/264  loss=0.3206
  batch 20/264  loss=0.3649
  batch 30/264  loss=0.2544
  batch 40/264  loss=0.3967
  batch 50/264  loss=0.3643
  batch 60/264  loss=0.3324
  batch 70/264  loss=0.4523
  batch 80/264  loss=0.3231
  batch 90/264  loss=0.3096
  batch 100/264  loss=0.3697
  batch 110/264  loss=0.2984
  batch 120/264  loss=0.4260
  batch 130/264  loss=0.3127
  batch 140/264  loss=0.3772
  batch 150/264  loss=0.4725
  batch 160/264  loss=0.3670
  batch 170/264  loss=0.3932
  batch 180/264  loss=0.4308
  batch 190/264  loss=0.2467
  batch 200/264  loss=0.2939
  batch 210/264  loss=0.2636
  batch 220/264  loss=0.3871
  batch 230/264  loss=0.2627
  batch 240/264  loss=0.3336
  batch 250/264  loss=0.3102
  batch 260/264  loss=0.3574
Epoch  96/300  train=3.546e-01  rmse=1.9337  lr=1.0e-04  228s
  -> best  monitor=3.546e-01
  batch 10/264  loss=0.3537
  batch 20/264  loss=0.3005
  batch 30/264  loss=0.2544
  batch 40/264  loss=0.3222
  batch 50/264  loss=0.3242
  batch 60/264  loss=0.2702
  batch 70/264  loss=0.4547
  batch 80/264  loss=0.2926
  batch 90/264  loss=0.2893
  batch 100/264  loss=0.4438
  batch 110/264  loss=0.4741
  batch 120/264  loss=0.2954
  batch 130/264  loss=0.2972
  batch 140/264  loss=0.4162
  batch 150/264  loss=0.5173
  batch 160/264  loss=0.3156
  batch 170/264  loss=0.2686
  batch 180/264  loss=0.2525
  batch 190/264  loss=0.5136
  batch 200/264  loss=0.3004
  batch 210/264  loss=0.3289
  batch 220/264  loss=0.6105
  batch 230/264  loss=0.5691
  batch 240/264  loss=0.3389
  batch 250/264  loss=0.4134
  batch 260/264  loss=0.3197
Epoch  97/300  train=3.551e-01  rmse=1.9467  lr=1.0e-04  227s
  batch 10/264  loss=0.3142
  batch 20/264  loss=0.3954
  batch 30/264  loss=0.3796
  batch 40/264  loss=0.2761
  batch 50/264  loss=0.2970
  batch 60/264  loss=0.3408
  batch 70/264  loss=0.3114
  batch 80/264  loss=0.3306
  batch 90/264  loss=0.3245
  batch 100/264  loss=0.2833
  batch 110/264  loss=0.3880
  batch 120/264  loss=0.3315
  batch 130/264  loss=0.3020
  batch 140/264  loss=0.4724
  batch 150/264  loss=0.4087
  batch 160/264  loss=0.4956
  batch 170/264  loss=0.2731
  batch 180/264  loss=0.7576
  batch 190/264  loss=0.2717
  batch 200/264  loss=0.3262
  batch 210/264  loss=0.3397
  batch 220/264  loss=0.3579
  batch 230/264  loss=0.3380
  batch 240/264  loss=0.2976
  batch 250/264  loss=0.3122
  batch 260/264  loss=0.3237
Epoch  98/300  train=3.579e-01  rmse=1.9775  lr=1.0e-04  228s
  batch 10/264  loss=0.2423
  batch 20/264  loss=0.3213
  batch 30/264  loss=0.3804
  batch 40/264  loss=0.4228
  batch 50/264  loss=0.3084
  batch 60/264  loss=0.2796
  batch 70/264  loss=0.4653
  batch 80/264  loss=0.3021
  batch 90/264  loss=0.3305
  batch 100/264  loss=0.2987
  batch 110/264  loss=0.3299
  batch 120/264  loss=0.3446
  batch 130/264  loss=0.2867
  batch 140/264  loss=0.3656
  batch 150/264  loss=0.2797
  batch 160/264  loss=0.2808
  batch 170/264  loss=0.2815
  batch 180/264  loss=0.2982
  batch 190/264  loss=0.2992
  batch 200/264  loss=0.4304
  batch 210/264  loss=0.2895
  batch 220/264  loss=0.2713
  batch 230/264  loss=0.3198
  batch 240/264  loss=0.3398
  batch 250/264  loss=0.5833
  batch 260/264  loss=0.3654
Epoch  99/300  train=3.564e-01  rmse=1.9413  lr=1.0e-04  228s
  batch 10/264  loss=0.3404
  batch 20/264  loss=0.3164
  batch 30/264  loss=0.3724
  batch 40/264  loss=0.3982
  batch 50/264  loss=0.3012
  batch 60/264  loss=0.2776
  batch 70/264  loss=0.4793
  batch 80/264  loss=0.3481
  batch 90/264  loss=0.3693
  batch 100/264  loss=0.4554
  batch 110/264  loss=0.3747
  batch 120/264  loss=0.4921
  batch 130/264  loss=0.3054
  batch 140/264  loss=0.2874
  batch 150/264  loss=0.3209
  batch 160/264  loss=0.3233
  batch 170/264  loss=0.3548
  batch 180/264  loss=0.3254
  batch 190/264  loss=0.2785
  batch 200/264  loss=0.3428
  batch 210/264  loss=0.3287
  batch 220/264  loss=0.3401
  batch 230/264  loss=0.3312
  batch 240/264  loss=0.2519
  batch 250/264  loss=0.3258
  batch 260/264  loss=0.5020
Epoch 100/300  train=3.552e-01  rmse=1.9200  lr=1.0e-04  226s
  batch 10/264  loss=0.5032
  batch 20/264  loss=0.2804
  batch 30/264  loss=0.3181
  batch 40/264  loss=0.3093
  batch 50/264  loss=0.2628
  batch 60/264  loss=0.2827
  batch 70/264  loss=0.2780
  batch 80/264  loss=0.3076
  batch 90/264  loss=0.3094
  batch 100/264  loss=0.3505
  batch 110/264  loss=0.2831
  batch 120/264  loss=0.3757
  batch 130/264  loss=0.2854
  batch 140/264  loss=0.4126
  batch 150/264  loss=0.3247
  batch 160/264  loss=0.3050
  batch 170/264  loss=0.2847
  batch 180/264  loss=0.2822
  batch 190/264  loss=0.3416
  batch 200/264  loss=0.3006
  batch 210/264  loss=0.4719
  batch 220/264  loss=0.4728
  batch 230/264  loss=0.3307
  batch 240/264  loss=0.3792
  batch 250/264  loss=0.3258
  batch 260/264  loss=0.3026
Epoch 101/300  train=3.561e-01  rmse=1.9018  lr=1.0e-04  228s
  batch 10/264  loss=0.3214
  batch 20/264  loss=0.2933
  batch 30/264  loss=0.4004
  batch 40/264  loss=0.3089
  batch 50/264  loss=0.3643
  batch 60/264  loss=0.7246
  batch 70/264  loss=0.5314
  batch 80/264  loss=0.3451
  batch 90/264  loss=0.2904
  batch 100/264  loss=0.2831
  batch 110/264  loss=0.3331
  batch 120/264  loss=0.2887
  batch 130/264  loss=0.3493
  batch 140/264  loss=0.3233
  batch 150/264  loss=0.3806
  batch 160/264  loss=0.4507
  batch 170/264  loss=0.3146
  batch 180/264  loss=0.5538
  batch 190/264  loss=0.5833
  batch 200/264  loss=0.3296
  batch 210/264  loss=0.3884
  batch 220/264  loss=0.2509
  batch 230/264  loss=0.3227
  batch 240/264  loss=0.3345
  batch 250/264  loss=0.3704
  batch 260/264  loss=0.3173
Epoch 102/300  train=3.539e-01  rmse=1.9021  lr=1.0e-04  227s
  -> best  monitor=3.539e-01
  batch 10/264  loss=0.2889
  batch 20/264  loss=0.2826
  batch 30/264  loss=0.2988
  batch 40/264  loss=0.3266
  batch 50/264  loss=0.2533
  batch 60/264  loss=0.3758
  batch 70/264  loss=0.3186
  batch 80/264  loss=0.3030
  batch 90/264  loss=0.2275
  batch 100/264  loss=0.3658
  batch 110/264  loss=0.3712
  batch 120/264  loss=0.4312
  batch 130/264  loss=0.2603
  batch 140/264  loss=0.2869
  batch 150/264  loss=0.3519
  batch 160/264  loss=0.2914
  batch 170/264  loss=0.4532
  batch 180/264  loss=0.3680
  batch 190/264  loss=0.3663
  batch 200/264  loss=0.3969
  batch 210/264  loss=0.2958
  batch 220/264  loss=0.3208
  batch 230/264  loss=0.5324
  batch 240/264  loss=0.8991
  batch 250/264  loss=0.2910
  batch 260/264  loss=0.3013
Epoch 103/300  train=3.549e-01  rmse=1.8975  lr=1.0e-04  228s
  batch 10/264  loss=0.3673
  batch 20/264  loss=0.5562
  batch 30/264  loss=0.3441
  batch 40/264  loss=0.2765
  batch 50/264  loss=0.4248
  batch 60/264  loss=0.2831
  batch 70/264  loss=0.4804
  batch 80/264  loss=0.4385
  batch 90/264  loss=0.5545
  batch 100/264  loss=0.2948
  batch 110/264  loss=0.7332
  batch 120/264  loss=0.7373
  batch 130/264  loss=0.3214
  batch 140/264  loss=0.5436
  batch 150/264  loss=0.3500
  batch 160/264  loss=0.3235
  batch 170/264  loss=0.3636
  batch 180/264  loss=0.4282
  batch 190/264  loss=0.2647
  batch 200/264  loss=0.3402
  batch 210/264  loss=0.3241
  batch 220/264  loss=0.3014
  batch 230/264  loss=0.2506
  batch 240/264  loss=0.3238
  batch 250/264  loss=0.5620
  batch 260/264  loss=0.2879
Epoch 104/300  train=3.529e-01  rmse=1.8898  lr=1.0e-04  227s
  -> best  monitor=3.529e-01
  batch 10/264  loss=0.3012
  batch 20/264  loss=0.3519
  batch 30/264  loss=0.3320
  batch 40/264  loss=0.2928
  batch 50/264  loss=0.3296
  batch 60/264  loss=0.3004
  batch 70/264  loss=0.2672
  batch 80/264  loss=0.4986
  batch 90/264  loss=0.4717
  batch 100/264  loss=0.3979
  batch 110/264  loss=0.5142
  batch 120/264  loss=0.3203
  batch 130/264  loss=0.3698
  batch 140/264  loss=0.3981
  batch 150/264  loss=0.3149
  batch 160/264  loss=0.4032
  batch 170/264  loss=0.3833
  batch 180/264  loss=0.2623
  batch 190/264  loss=0.3764
  batch 200/264  loss=0.5619
  batch 210/264  loss=0.4148
  batch 220/264  loss=0.4339
  batch 230/264  loss=0.2827
  batch 240/264  loss=0.2955
  batch 250/264  loss=0.2842
  batch 260/264  loss=0.2964
Epoch 105/300  train=3.569e-01  rmse=1.9311  lr=1.0e-04  228s
  batch 10/264  loss=0.2501
  batch 20/264  loss=0.3613
  batch 30/264  loss=0.3341
  batch 40/264  loss=0.4436
  batch 50/264  loss=0.2941
  batch 60/264  loss=0.2816
  batch 70/264  loss=0.3468
  batch 80/264  loss=0.2872
  batch 90/264  loss=0.3259
  batch 100/264  loss=0.3842
  batch 110/264  loss=0.3606
  batch 120/264  loss=0.2761
  batch 130/264  loss=0.2639
  batch 140/264  loss=0.5465
  batch 150/264  loss=0.3983
  batch 160/264  loss=0.2997
  batch 170/264  loss=0.3772
  batch 180/264  loss=0.2773
  batch 190/264  loss=0.2861
  batch 200/264  loss=0.4869
  batch 210/264  loss=0.2963
  batch 220/264  loss=0.4011
  batch 230/264  loss=0.3071
  batch 240/264  loss=0.3408
  batch 250/264  loss=0.2834
  batch 260/264  loss=0.2877
Epoch 106/300  train=3.535e-01  rmse=1.9104  lr=1.0e-04  228s
  batch 10/264  loss=0.3732
  batch 20/264  loss=0.5550
  batch 30/264  loss=0.2460
  batch 40/264  loss=0.3413
  batch 50/264  loss=0.3072
  batch 60/264  loss=0.3041
  batch 70/264  loss=0.3691
  batch 80/264  loss=0.4357
  batch 90/264  loss=0.2690
  batch 100/264  loss=0.2994
  batch 110/264  loss=0.3165
  batch 120/264  loss=0.3229
  batch 130/264  loss=0.2891
  batch 140/264  loss=0.2944
  batch 150/264  loss=0.2799
  batch 160/264  loss=0.3730
  batch 170/264  loss=0.2857
  batch 180/264  loss=0.3417
  batch 190/264  loss=0.6561
  batch 200/264  loss=0.3778
  batch 210/264  loss=0.3735
  batch 220/264  loss=0.4053
  batch 230/264  loss=0.3705
  batch 240/264  loss=0.2611
  batch 250/264  loss=0.3436
  batch 260/264  loss=0.4553
Epoch 107/300  train=3.469e-01  rmse=1.8807  lr=1.0e-04  227s
  -> best  monitor=3.469e-01
  batch 10/264  loss=0.3869
  batch 20/264  loss=0.3258
  batch 30/264  loss=0.3353
  batch 40/264  loss=0.4218
  batch 50/264  loss=0.3301
  batch 60/264  loss=0.3702
  batch 70/264  loss=0.3978
  batch 80/264  loss=0.3156
  batch 90/264  loss=0.2867
  batch 100/264  loss=0.3907
  batch 110/264  loss=0.2896
  batch 120/264  loss=0.2979
  batch 130/264  loss=0.3711
  batch 140/264  loss=0.3174
  batch 150/264  loss=0.2722
  batch 160/264  loss=0.4289
  batch 170/264  loss=0.3685
  batch 180/264  loss=0.2775
  batch 190/264  loss=0.3002
  batch 200/264  loss=0.3131
  batch 210/264  loss=0.2901
  batch 220/264  loss=0.4095
  batch 230/264  loss=0.3373
  batch 240/264  loss=0.3355
  batch 250/264  loss=0.2537
  batch 260/264  loss=0.3453
Epoch 108/300  train=3.517e-01  rmse=1.8941  lr=1.0e-04  227s
  batch 10/264  loss=0.2851
  batch 20/264  loss=0.3215
  batch 30/264  loss=0.2940
  batch 40/264  loss=0.3112
  batch 50/264  loss=0.5150
  batch 60/264  loss=0.4113
  batch 70/264  loss=0.3460
  batch 80/264  loss=0.2611
  batch 90/264  loss=0.3300
  batch 100/264  loss=0.3056
  batch 110/264  loss=0.2589
  batch 120/264  loss=0.2789
  batch 130/264  loss=0.3385
  batch 140/264  loss=0.2738
  batch 150/264  loss=0.3181
  batch 160/264  loss=0.3258
  batch 170/264  loss=0.2864
  batch 180/264  loss=0.2920
  batch 190/264  loss=0.4135
  batch 200/264  loss=0.3628
  batch 210/264  loss=0.2911
  batch 220/264  loss=0.5044
  batch 230/264  loss=0.2479
  batch 240/264  loss=0.2767
  batch 250/264  loss=0.4707
  batch 260/264  loss=0.2412
Epoch 109/300  train=3.508e-01  rmse=1.9330  lr=1.0e-04  227s
  batch 10/264  loss=0.3852
  batch 20/264  loss=0.3265
  batch 30/264  loss=0.3421
  batch 40/264  loss=0.2983
  batch 50/264  loss=0.3693
  batch 60/264  loss=0.3250
  batch 70/264  loss=0.3059
  batch 80/264  loss=0.3860
  batch 90/264  loss=0.3089
  batch 100/264  loss=0.3020
  batch 110/264  loss=0.2867
  batch 120/264  loss=0.3054
  batch 130/264  loss=0.5218
  batch 140/264  loss=0.3616
  batch 150/264  loss=0.3004
  batch 160/264  loss=0.3475
  batch 170/264  loss=0.3708
  batch 180/264  loss=0.2814
  batch 190/264  loss=0.2563
  batch 200/264  loss=0.2629
  batch 210/264  loss=0.2950
  batch 220/264  loss=0.3371
  batch 230/264  loss=0.5452
  batch 240/264  loss=0.3202
  batch 250/264  loss=0.3611
  batch 260/264  loss=0.3136
Epoch 110/300  train=3.510e-01  rmse=2.0039  lr=1.0e-04  228s
  batch 10/264  loss=0.3756
  batch 20/264  loss=0.5837
  batch 30/264  loss=0.4570
  batch 40/264  loss=0.2778
  batch 50/264  loss=0.3218
  batch 60/264  loss=0.3035
  batch 70/264  loss=0.3059
  batch 80/264  loss=0.3014
  batch 90/264  loss=0.5112
  batch 100/264  loss=0.3715
  batch 110/264  loss=0.2850
  batch 120/264  loss=0.3030
  batch 130/264  loss=0.3836
  batch 140/264  loss=0.3163
  batch 150/264  loss=0.2816
  batch 160/264  loss=0.3210
  batch 170/264  loss=0.3280
  batch 180/264  loss=0.4578
  batch 190/264  loss=0.3690
  batch 200/264  loss=0.4643
  batch 210/264  loss=0.3544
  batch 220/264  loss=0.3244
  batch 230/264  loss=0.4430
  batch 240/264  loss=0.5230
  batch 250/264  loss=0.4254
  batch 260/264  loss=0.4307
Epoch 111/300  train=3.514e-01  rmse=1.8917  lr=1.0e-04  229s
  batch 10/264  loss=0.2803
  batch 20/264  loss=0.2643
  batch 30/264  loss=0.4030
  batch 40/264  loss=0.2441
  batch 50/264  loss=0.3534
  batch 60/264  loss=0.3981
  batch 70/264  loss=0.4101
  batch 80/264  loss=0.3408
  batch 90/264  loss=0.3909
  batch 100/264  loss=0.4417
  batch 110/264  loss=0.3494
  batch 120/264  loss=0.2644
  batch 130/264  loss=0.3871
  batch 140/264  loss=0.3334
  batch 150/264  loss=0.3045
  batch 160/264  loss=0.2492
  batch 170/264  loss=0.2864
  batch 180/264  loss=0.2465
  batch 190/264  loss=0.3804
  batch 200/264  loss=0.3714
  batch 210/264  loss=0.2562
  batch 220/264  loss=0.5279
  batch 230/264  loss=0.3365
  batch 240/264  loss=0.3499
  batch 250/264  loss=0.2878
  batch 260/264  loss=0.2868
Epoch 112/300  train=3.483e-01  rmse=1.9024  lr=1.0e-04  228s
  batch 10/264  loss=0.2784
  batch 20/264  loss=0.2573
  batch 30/264  loss=0.4706
  batch 40/264  loss=0.4576
  batch 50/264  loss=0.3712
  batch 60/264  loss=0.3003
  batch 70/264  loss=0.2969
  batch 80/264  loss=0.3251
  batch 90/264  loss=0.3243
  batch 100/264  loss=0.3809
  batch 110/264  loss=0.4406
  batch 120/264  loss=0.8465
  batch 130/264  loss=0.5863
  batch 140/264  loss=0.4966
  batch 150/264  loss=0.2959
  batch 160/264  loss=0.2718
  batch 170/264  loss=0.3747
  batch 180/264  loss=0.3240
  batch 190/264  loss=0.2673
  batch 200/264  loss=0.3127
  batch 210/264  loss=0.2592
  batch 220/264  loss=0.3001
  batch 230/264  loss=0.4464
  batch 240/264  loss=0.2632
  batch 250/264  loss=0.3314
  batch 260/264  loss=0.3226
Epoch 113/300  train=3.513e-01  rmse=1.8958  lr=1.0e-04  227s
  batch 10/264  loss=0.2648
  batch 20/264  loss=0.2767
  batch 30/264  loss=0.5878
  batch 40/264  loss=0.2950
  batch 50/264  loss=0.3445
  batch 60/264  loss=0.4345
  batch 70/264  loss=0.2800
  batch 80/264  loss=0.3474
  batch 90/264  loss=0.3339
  batch 100/264  loss=0.3292
  batch 110/264  loss=0.3050
  batch 120/264  loss=0.3616
  batch 130/264  loss=0.3257
  batch 140/264  loss=0.4478
  batch 150/264  loss=0.5818
  batch 160/264  loss=0.5058
  batch 170/264  loss=0.4088
  batch 180/264  loss=0.2431
  batch 190/264  loss=0.3171
  batch 200/264  loss=0.4326
  batch 210/264  loss=0.3501
  batch 220/264  loss=0.2975
  batch 230/264  loss=0.2887
  batch 240/264  loss=0.2733
  batch 250/264  loss=0.3014
  batch 260/264  loss=0.2749
Epoch 114/300  train=3.518e-01  rmse=1.9433  lr=1.0e-04  227s
  batch 10/264  loss=0.2842
  batch 20/264  loss=0.2702
  batch 30/264  loss=0.4228
  batch 40/264  loss=0.2769
  batch 50/264  loss=0.2645
  batch 60/264  loss=0.2623
  batch 70/264  loss=0.3717
  batch 80/264  loss=0.5291
  batch 90/264  loss=0.3238
  batch 100/264  loss=0.3138
  batch 110/264  loss=0.3507
  batch 120/264  loss=0.2891
  batch 130/264  loss=0.3234
  batch 140/264  loss=0.2975
  batch 150/264  loss=0.4232
  batch 160/264  loss=0.3271
  batch 170/264  loss=0.2777
  batch 180/264  loss=0.3217
  batch 190/264  loss=0.3488
  batch 200/264  loss=0.3481
  batch 210/264  loss=0.2774
  batch 220/264  loss=0.2730
  batch 230/264  loss=0.2869
  batch 240/264  loss=0.3001
  batch 250/264  loss=0.5374
  batch 260/264  loss=0.2505
Epoch 115/300  train=3.471e-01  rmse=1.8717  lr=1.0e-04  227s
  batch 10/264  loss=0.3191
  batch 20/264  loss=0.5946
  batch 30/264  loss=0.4982
  batch 40/264  loss=0.3605
  batch 50/264  loss=0.3120
  batch 60/264  loss=0.4293
  batch 70/264  loss=0.3133
  batch 80/264  loss=0.2562
  batch 90/264  loss=0.8251
  batch 100/264  loss=0.4280
  batch 110/264  loss=0.3190
  batch 120/264  loss=0.3086
  batch 130/264  loss=0.5073
  batch 140/264  loss=0.3543
  batch 150/264  loss=0.3392
  batch 160/264  loss=0.3678
  batch 170/264  loss=0.3066
  batch 180/264  loss=0.2971
  batch 190/264  loss=0.3043
  batch 200/264  loss=0.2893
  batch 210/264  loss=0.4505
  batch 220/264  loss=0.5324
  batch 230/264  loss=0.4231
  batch 240/264  loss=0.2661
  batch 250/264  loss=0.2789
  batch 260/264  loss=0.3010
Epoch 116/300  train=3.435e-01  rmse=1.9211  lr=1.0e-04  228s
  -> best  monitor=3.435e-01
  batch 10/264  loss=0.3047
  batch 20/264  loss=0.3346
  batch 30/264  loss=0.2506
  batch 40/264  loss=0.2728
  batch 50/264  loss=0.4194
  batch 60/264  loss=0.3085
  batch 70/264  loss=0.2773
  batch 80/264  loss=0.2937
  batch 90/264  loss=0.3020
  batch 100/264  loss=0.3256
  batch 110/264  loss=0.3709
  batch 120/264  loss=0.3869
  batch 130/264  loss=0.3368
  batch 140/264  loss=0.2996
  batch 150/264  loss=0.3477
  batch 160/264  loss=0.3126
  batch 170/264  loss=0.3189
  batch 180/264  loss=0.2897
  batch 190/264  loss=0.3562
  batch 200/264  loss=0.2989
  batch 210/264  loss=0.4538
  batch 220/264  loss=0.3449
  batch 230/264  loss=0.5312
  batch 240/264  loss=0.3140
  batch 250/264  loss=0.3171
  batch 260/264  loss=0.2937
Epoch 117/300  train=3.464e-01  rmse=1.9534  lr=1.0e-04  228s
  batch 10/264  loss=0.3230
  batch 20/264  loss=0.3103
  batch 30/264  loss=0.7663
  batch 40/264  loss=0.4201
  batch 50/264  loss=0.2526
  batch 60/264  loss=0.5158
  batch 70/264  loss=0.4314
  batch 80/264  loss=0.3521
  batch 90/264  loss=0.3884
  batch 100/264  loss=0.3107
  batch 110/264  loss=0.3533
  batch 120/264  loss=0.2726
  batch 130/264  loss=0.3797
  batch 140/264  loss=0.4109
  batch 150/264  loss=0.3092
  batch 160/264  loss=0.2921
  batch 170/264  loss=0.3435
  batch 180/264  loss=0.3230
  batch 190/264  loss=0.4832
  batch 200/264  loss=0.2863
  batch 210/264  loss=0.3019
  batch 220/264  loss=0.2728
  batch 230/264  loss=0.3486
  batch 240/264  loss=0.3491
  batch 250/264  loss=0.2833
  batch 260/264  loss=0.3714
Epoch 118/300  train=3.489e-01  rmse=1.8887  lr=1.0e-04  228s
  batch 10/264  loss=0.4137
  batch 20/264  loss=0.2851
  batch 30/264  loss=0.2566
  batch 40/264  loss=0.3763
  batch 50/264  loss=0.4346
  batch 60/264  loss=0.2928
  batch 70/264  loss=0.3218
  batch 80/264  loss=0.4186
  batch 90/264  loss=0.3001
  batch 100/264  loss=0.3124
  batch 110/264  loss=0.2726
  batch 120/264  loss=0.4024
  batch 130/264  loss=0.2988
  batch 140/264  loss=0.2941
  batch 150/264  loss=0.5036
  batch 160/264  loss=0.3208
  batch 170/264  loss=0.3164
  batch 180/264  loss=0.2815
  batch 190/264  loss=0.3142
  batch 200/264  loss=0.2925
  batch 210/264  loss=0.2787
  batch 220/264  loss=0.3108
  batch 230/264  loss=0.2763
  batch 240/264  loss=0.4188
  batch 250/264  loss=0.3214
  batch 260/264  loss=0.5236
Epoch 119/300  train=3.463e-01  rmse=1.8715  lr=1.0e-04  229s
  batch 10/264  loss=0.2708
  batch 20/264  loss=0.3704
  batch 30/264  loss=0.2724
  batch 40/264  loss=0.2867
  batch 50/264  loss=0.3052
  batch 60/264  loss=0.3040
  batch 70/264  loss=0.3475
  batch 80/264  loss=0.3229
  batch 90/264  loss=0.2922
  batch 100/264  loss=0.2660
  batch 110/264  loss=0.5698
  batch 120/264  loss=0.2948
  batch 130/264  loss=0.3417
  batch 140/264  loss=0.5175
  batch 150/264  loss=0.4227
  batch 160/264  loss=0.3115
  batch 170/264  loss=0.5953
  batch 180/264  loss=0.4821
  batch 190/264  loss=0.5676
  batch 200/264  loss=0.3519
  batch 210/264  loss=0.3946
  batch 220/264  loss=0.2715
  batch 230/264  loss=0.2924
  batch 240/264  loss=0.3135
  batch 250/264  loss=0.3184
  batch 260/264  loss=0.3216
Epoch 120/300  train=3.450e-01  rmse=1.8836  lr=1.0e-04  228s
  batch 10/264  loss=0.3272
  batch 20/264  loss=0.2670
  batch 30/264  loss=0.2787
  batch 40/264  loss=0.3137
  batch 50/264  loss=0.2733
  batch 60/264  loss=0.3569
  batch 70/264  loss=0.3460
  batch 80/264  loss=0.2874
  batch 90/264  loss=0.4442
  batch 100/264  loss=0.3020
  batch 110/264  loss=0.2804
  batch 120/264  loss=0.3206
  batch 130/264  loss=0.3198
  batch 140/264  loss=0.4523
  batch 150/264  loss=0.3153
  batch 160/264  loss=0.3877
  batch 170/264  loss=0.5357
  batch 180/264  loss=0.3619
  batch 190/264  loss=0.4782
  batch 200/264  loss=0.4209
  batch 210/264  loss=0.2649
  batch 220/264  loss=0.4234
  batch 230/264  loss=0.2914
  batch 240/264  loss=0.3535
  batch 250/264  loss=0.2642
  batch 260/264  loss=0.2810
Epoch 121/300  train=3.435e-01  rmse=1.8965  lr=1.0e-04  228s
  batch 10/264  loss=0.2864
  batch 20/264  loss=0.3164
  batch 30/264  loss=0.3146
  batch 40/264  loss=0.3217
  batch 50/264  loss=0.3211
  batch 60/264  loss=0.3562
  batch 70/264  loss=0.2891
  batch 80/264  loss=0.3527
  batch 90/264  loss=0.2853
  batch 100/264  loss=0.3162
  batch 110/264  loss=0.4122
  batch 120/264  loss=0.2778
  batch 130/264  loss=0.3217
  batch 140/264  loss=0.3353
  batch 150/264  loss=0.2895
  batch 160/264  loss=0.3103
  batch 170/264  loss=0.3646
  batch 180/264  loss=0.4833
  batch 190/264  loss=0.6226
  batch 200/264  loss=0.2802
  batch 210/264  loss=0.3033
  batch 220/264  loss=0.4833
  batch 230/264  loss=0.4373
  batch 240/264  loss=0.3712
  batch 250/264  loss=0.3825
  batch 260/264  loss=0.2817
Epoch 122/300  train=3.382e-01  rmse=1.8255  lr=1.0e-04  227s
  -> best  monitor=3.382e-01
  batch 10/264  loss=0.2849
  batch 20/264  loss=0.2942
  batch 30/264  loss=0.2745
  batch 40/264  loss=0.2855
  batch 50/264  loss=0.3145
  batch 60/264  loss=0.2750
  batch 70/264  loss=0.2987
  batch 80/264  loss=0.2383
  batch 90/264  loss=0.3741
  batch 100/264  loss=0.2754
  batch 110/264  loss=0.5325
  batch 120/264  loss=0.2926
  batch 130/264  loss=0.2850
  batch 140/264  loss=0.4617
  batch 150/264  loss=0.3136
  batch 160/264  loss=0.2889
  batch 170/264  loss=0.3410
  batch 180/264  loss=0.3125
  batch 190/264  loss=0.6915
  batch 200/264  loss=0.3104
  batch 210/264  loss=0.4169
  batch 220/264  loss=0.2616
  batch 230/264  loss=0.3557
  batch 240/264  loss=0.4796
  batch 250/264  loss=0.4740
  batch 260/264  loss=0.2770
Epoch 123/300  train=3.444e-01  rmse=1.8910  lr=1.0e-04  227s
  batch 10/264  loss=0.3089
  batch 20/264  loss=0.5209
  batch 30/264  loss=0.2859
  batch 40/264  loss=0.2476
  batch 50/264  loss=0.3629
  batch 60/264  loss=0.2305
  batch 70/264  loss=0.3542
  batch 80/264  loss=0.4060
  batch 90/264  loss=0.2813
  batch 100/264  loss=0.3114
  batch 110/264  loss=0.3567
  batch 120/264  loss=0.3262
  batch 130/264  loss=0.3580
  batch 140/264  loss=0.3268
  batch 150/264  loss=0.4118
  batch 160/264  loss=0.2792
  batch 170/264  loss=0.3390
  batch 180/264  loss=0.2892
  batch 190/264  loss=0.2948
  batch 200/264  loss=0.5500
  batch 210/264  loss=0.3062
  batch 220/264  loss=0.2781
  batch 230/264  loss=0.3088
  batch 240/264  loss=0.3701
  batch 250/264  loss=0.2608
  batch 260/264  loss=0.2929
Epoch 124/300  train=3.423e-01  rmse=1.8371  lr=1.0e-04  228s
  batch 10/264  loss=0.3356
  batch 20/264  loss=0.2692
  batch 30/264  loss=0.2906
  batch 40/264  loss=0.2303
  batch 50/264  loss=0.3562
  batch 60/264  loss=0.3034
  batch 70/264  loss=0.4823
  batch 80/264  loss=0.3617
  batch 90/264  loss=0.4574
  batch 100/264  loss=0.2704
  batch 110/264  loss=0.2744
  batch 120/264  loss=0.3231
  batch 130/264  loss=0.5359
  batch 140/264  loss=0.3643
  batch 150/264  loss=0.3116
  batch 160/264  loss=0.3380
  batch 170/264  loss=0.3120
  batch 180/264  loss=0.2979
  batch 190/264  loss=0.3313
  batch 200/264  loss=0.5452
  batch 210/264  loss=0.4558
  batch 220/264  loss=0.2620
  batch 230/264  loss=0.3038
  batch 240/264  loss=0.4097
  batch 250/264  loss=0.4044
  batch 260/264  loss=0.2772
Epoch 125/300  train=3.432e-01  rmse=1.8492  lr=1.0e-04  227s
  batch 10/264  loss=0.2643
  batch 20/264  loss=0.2472
  batch 30/264  loss=0.3063
  batch 40/264  loss=0.3271
  batch 50/264  loss=0.4622
  batch 60/264  loss=0.3280
  batch 70/264  loss=0.3202
  batch 80/264  loss=0.4445
  batch 90/264  loss=0.2943
  batch 100/264  loss=0.2648
  batch 110/264  loss=0.3097
  batch 120/264  loss=0.3956
  batch 130/264  loss=0.3329
  batch 140/264  loss=0.3514
  batch 150/264  loss=0.3498
  batch 160/264  loss=0.4490
  batch 170/264  loss=0.2994
  batch 180/264  loss=0.2774
  batch 190/264  loss=0.3620
  batch 200/264  loss=0.3733
  batch 210/264  loss=0.3274
  batch 220/264  loss=0.3241
  batch 230/264  loss=0.4510
  batch 240/264  loss=0.3634
  batch 250/264  loss=0.2646
  batch 260/264  loss=0.4848
Epoch 126/300  train=3.443e-01  rmse=1.8509  lr=1.0e-04  227s
  batch 10/264  loss=0.4528
  batch 20/264  loss=0.2647
  batch 30/264  loss=0.2901
  batch 40/264  loss=0.2758
  batch 50/264  loss=0.4288
  batch 60/264  loss=0.3328
  batch 70/264  loss=0.2681
  batch 80/264  loss=0.4689
  batch 90/264  loss=0.3332
  batch 100/264  loss=0.3262
  batch 110/264  loss=0.2805
  batch 120/264  loss=0.2996
  batch 130/264  loss=0.4813
  batch 140/264  loss=0.2995
  batch 150/264  loss=0.3840
  batch 160/264  loss=0.2851
  batch 170/264  loss=0.3445
  batch 180/264  loss=0.3515
  batch 190/264  loss=0.3142
  batch 200/264  loss=0.2638
  batch 210/264  loss=0.3142
  batch 220/264  loss=0.3317
  batch 230/264  loss=0.4450
  batch 240/264  loss=0.3195
  batch 250/264  loss=0.3736
  batch 260/264  loss=0.2857
Epoch 127/300  train=3.409e-01  rmse=1.8372  lr=1.0e-04  228s
  batch 10/264  loss=0.2811
  batch 20/264  loss=0.3762
  batch 30/264  loss=0.2376
  batch 40/264  loss=0.4251
  batch 50/264  loss=0.2938
  batch 60/264  loss=0.3466
  batch 70/264  loss=0.3578
  batch 80/264  loss=0.2537
  batch 90/264  loss=0.3424
  batch 100/264  loss=0.5365
  batch 110/264  loss=0.5312
  batch 120/264  loss=0.2951
  batch 130/264  loss=0.2910
  batch 140/264  loss=0.7575
  batch 150/264  loss=0.2832
  batch 160/264  loss=0.2799
  batch 170/264  loss=0.4605
  batch 180/264  loss=0.3044
  batch 190/264  loss=0.2823
  batch 200/264  loss=0.3855
  batch 210/264  loss=0.3350
  batch 220/264  loss=0.3344
  batch 230/264  loss=0.3325
  batch 240/264  loss=0.2629
  batch 250/264  loss=0.3124
  batch 260/264  loss=0.2879
Epoch 128/300  train=3.428e-01  rmse=1.8957  lr=1.0e-04  228s
  batch 10/264  loss=0.2819
  batch 20/264  loss=0.3198
  batch 30/264  loss=0.3070
  batch 40/264  loss=0.3529
  batch 50/264  loss=0.3302
  batch 60/264  loss=0.2954
  batch 70/264  loss=0.3766
  batch 80/264  loss=0.3154
  batch 90/264  loss=0.3567
  batch 100/264  loss=0.4423
  batch 110/264  loss=0.4042
  batch 120/264  loss=0.2966
  batch 130/264  loss=0.2768
  batch 140/264  loss=0.3316
  batch 150/264  loss=0.3130
  batch 160/264  loss=0.3317
  batch 170/264  loss=0.3297
  batch 180/264  loss=0.2552
  batch 190/264  loss=0.4796
  batch 200/264  loss=0.3344
  batch 210/264  loss=0.3654
  batch 220/264  loss=0.2824
  batch 230/264  loss=0.2628
  batch 240/264  loss=0.2536
  batch 250/264  loss=0.3452
  batch 260/264  loss=0.3126
Epoch 129/300  train=3.410e-01  rmse=1.8005  lr=1.0e-04  226s
  batch 10/264  loss=0.3421
  batch 20/264  loss=0.3298
  batch 30/264  loss=0.3082
  batch 40/264  loss=0.3650
  batch 50/264  loss=0.3490
  batch 60/264  loss=0.2767
  batch 70/264  loss=0.2901
  batch 80/264  loss=0.3108
  batch 90/264  loss=0.3107
  batch 100/264  loss=0.6121
  batch 110/264  loss=0.3348
  batch 120/264  loss=0.2755
  batch 130/264  loss=0.3053
  batch 140/264  loss=0.3531
  batch 150/264  loss=0.2805
  batch 160/264  loss=0.2880
  batch 170/264  loss=0.3510
  batch 180/264  loss=0.3015
  batch 190/264  loss=0.2981
  batch 200/264  loss=0.2775
  batch 210/264  loss=0.2971
  batch 220/264  loss=0.3527
  batch 230/264  loss=0.5560
  batch 240/264  loss=0.3985
  batch 250/264  loss=0.4206
  batch 260/264  loss=0.3236
Epoch 130/300  train=3.396e-01  rmse=1.8534  lr=1.0e-04  229s
  batch 10/264  loss=0.3028
  batch 20/264  loss=0.3332
  batch 30/264  loss=0.3134
  batch 40/264  loss=0.4336
  batch 50/264  loss=0.3327
  batch 60/264  loss=0.2939
  batch 70/264  loss=0.2653
  batch 80/264  loss=0.2906
  batch 90/264  loss=0.3557
  batch 100/264  loss=0.3484
  batch 110/264  loss=0.2797
  batch 120/264  loss=0.2717
  batch 130/264  loss=0.3680
  batch 140/264  loss=0.3473
  batch 150/264  loss=0.3130
  batch 160/264  loss=0.2699
  batch 170/264  loss=0.3242
  batch 180/264  loss=0.2757
  batch 190/264  loss=0.3525
  batch 200/264  loss=0.3130
  batch 210/264  loss=0.2597
  batch 220/264  loss=0.2568
  batch 230/264  loss=0.2717
  batch 240/264  loss=0.2820
  batch 250/264  loss=0.2624
  batch 260/264  loss=0.3390
Epoch 131/300  train=3.399e-01  rmse=1.8210  lr=1.0e-04  227s
  batch 10/264  loss=0.3288
  batch 20/264  loss=0.2831
  batch 30/264  loss=0.2946
  batch 40/264  loss=0.5218
  batch 50/264  loss=0.2508
  batch 60/264  loss=0.5423
  batch 70/264  loss=0.4159
  batch 80/264  loss=0.2860
  batch 90/264  loss=0.2504
  batch 100/264  loss=0.6086
  batch 110/264  loss=0.3402
  batch 120/264  loss=0.2456
  batch 130/264  loss=0.2927
  batch 140/264  loss=0.3582
  batch 150/264  loss=0.2662
  batch 160/264  loss=0.3193
  batch 170/264  loss=0.2922
  batch 180/264  loss=0.2572
  batch 190/264  loss=0.3317
  batch 200/264  loss=0.4964
  batch 210/264  loss=0.3644
  batch 220/264  loss=0.3129
  batch 230/264  loss=0.3184
  batch 240/264  loss=0.4418
  batch 250/264  loss=0.3185
  batch 260/264  loss=0.2896
Epoch 132/300  train=3.367e-01  rmse=1.8406  lr=1.0e-04  227s
  -> best  monitor=3.367e-01
  batch 10/264  loss=0.2656
  batch 20/264  loss=0.2551
  batch 30/264  loss=0.4597
  batch 40/264  loss=0.3413
  batch 50/264  loss=0.3427
  batch 60/264  loss=0.2972
  batch 70/264  loss=0.3142
  batch 80/264  loss=0.3378
  batch 90/264  loss=0.3570
  batch 100/264  loss=0.2513
  batch 110/264  loss=0.4260
  batch 120/264  loss=0.2950
  batch 130/264  loss=0.2969
  batch 140/264  loss=0.3036
  batch 150/264  loss=0.5005
  batch 160/264  loss=0.2556
  batch 170/264  loss=0.2564
  batch 180/264  loss=0.4116
  batch 190/264  loss=0.4531
  batch 200/264  loss=0.3141
  batch 210/264  loss=0.2919
  batch 220/264  loss=0.2714
  batch 230/264  loss=0.2780
  batch 240/264  loss=0.3023
  batch 250/264  loss=0.2680
  batch 260/264  loss=0.2776
Epoch 133/300  train=3.382e-01  rmse=1.8291  lr=1.0e-04  227s
  batch 10/264  loss=0.2957
  batch 20/264  loss=0.3318
  batch 30/264  loss=0.3022
  batch 40/264  loss=0.3003
  batch 50/264  loss=0.2751
  batch 60/264  loss=0.2724
  batch 70/264  loss=0.2861
  batch 80/264  loss=0.3121
  batch 90/264  loss=0.3035
  batch 100/264  loss=0.3352
  batch 110/264  loss=0.4012
  batch 120/264  loss=0.5978
  batch 130/264  loss=0.3143
  batch 140/264  loss=0.3110
  batch 150/264  loss=0.2852
  batch 160/264  loss=0.3687
  batch 170/264  loss=0.2532
  batch 180/264  loss=0.5823
  batch 190/264  loss=0.2905
  batch 200/264  loss=0.3854
  batch 210/264  loss=0.3052
  batch 220/264  loss=0.3245
  batch 230/264  loss=0.2535
  batch 240/264  loss=0.3129
  batch 250/264  loss=0.7137
  batch 260/264  loss=0.3393
Epoch 134/300  train=3.430e-01  rmse=1.8455  lr=1.0e-04  227s
  batch 10/264  loss=0.4152
  batch 20/264  loss=0.3227
  batch 30/264  loss=0.2767
  batch 40/264  loss=0.3728
  batch 50/264  loss=0.2571
  batch 60/264  loss=0.4215
  batch 70/264  loss=0.3030
  batch 80/264  loss=0.3191
  batch 90/264  loss=0.3042
  batch 100/264  loss=0.2474
  batch 110/264  loss=0.5086
  batch 120/264  loss=0.2857
  batch 130/264  loss=0.5152
  batch 140/264  loss=0.2910
  batch 150/264  loss=0.4500
  batch 160/264  loss=0.3180
  batch 170/264  loss=0.3583
  batch 180/264  loss=0.6450
  batch 190/264  loss=0.3456
  batch 200/264  loss=0.3635
  batch 210/264  loss=0.3011
  batch 220/264  loss=0.4361
  batch 230/264  loss=0.3687
  batch 240/264  loss=0.3198
  batch 250/264  loss=0.3005
  batch 260/264  loss=0.2780
Epoch 135/300  train=3.402e-01  rmse=1.8199  lr=1.0e-04  228s
  batch 10/264  loss=0.4469
  batch 20/264  loss=0.2526
  batch 30/264  loss=0.2970
  batch 40/264  loss=0.3840
  batch 50/264  loss=0.2964
  batch 60/264  loss=0.2396
  batch 70/264  loss=0.3938
  batch 80/264  loss=0.3464
  batch 90/264  loss=0.5001
  batch 100/264  loss=0.3864
  batch 110/264  loss=0.3630
  batch 120/264  loss=0.3394
  batch 130/264  loss=0.3161
  batch 140/264  loss=0.4766
  batch 150/264  loss=0.2464
  batch 160/264  loss=0.4230
  batch 170/264  loss=0.2661
  batch 180/264  loss=0.2506
  batch 190/264  loss=0.2560
  batch 200/264  loss=0.3063
  batch 210/264  loss=0.3630
  batch 220/264  loss=0.3448
  batch 230/264  loss=0.4372
  batch 240/264  loss=0.2834
  batch 250/264  loss=0.3922
  batch 260/264  loss=0.2984
Epoch 136/300  train=3.429e-01  rmse=2.0314  lr=1.0e-04  226s
  batch 10/264  loss=0.3816
  batch 20/264  loss=0.3085
  batch 30/264  loss=0.2494
  batch 40/264  loss=0.3138
  batch 50/264  loss=0.2435
  batch 60/264  loss=0.3619
  batch 70/264  loss=0.3195
  batch 80/264  loss=0.2849
  batch 90/264  loss=0.2996
  batch 100/264  loss=0.2948
  batch 110/264  loss=0.3128
  batch 120/264  loss=0.4087
  batch 130/264  loss=0.7647
  batch 140/264  loss=0.2899
  batch 150/264  loss=0.4814
  batch 160/264  loss=0.3142
  batch 170/264  loss=0.3435
  batch 180/264  loss=0.3322
  batch 190/264  loss=0.2809
  batch 200/264  loss=0.3397
  batch 210/264  loss=0.2703
  batch 220/264  loss=0.3112
  batch 230/264  loss=0.3687
  batch 240/264  loss=0.2724
  batch 250/264  loss=0.2777
  batch 260/264  loss=0.2755
Epoch 137/300  train=3.336e-01  rmse=1.7729  lr=1.0e-04  227s
  -> best  monitor=3.336e-01
  batch 10/264  loss=0.2886
  batch 20/264  loss=0.3143
  batch 30/264  loss=0.3566
  batch 40/264  loss=0.3503
  batch 50/264  loss=0.3138
  batch 60/264  loss=0.3156
  batch 70/264  loss=0.2855
  batch 80/264  loss=0.3259
  batch 90/264  loss=0.2794
  batch 100/264  loss=0.3606
  batch 110/264  loss=0.3048
  batch 120/264  loss=0.3121
  batch 130/264  loss=0.3048
  batch 140/264  loss=0.2845
  batch 150/264  loss=0.3671
  batch 160/264  loss=0.2641
  batch 170/264  loss=0.3036
  batch 180/264  loss=0.4810
  batch 190/264  loss=0.3521
  batch 200/264  loss=0.4901
  batch 210/264  loss=0.3536
  batch 220/264  loss=0.3204
  batch 230/264  loss=0.4775
  batch 240/264  loss=0.2705
  batch 250/264  loss=0.3566
  batch 260/264  loss=0.3010
Epoch 138/300  train=3.350e-01  rmse=1.8238  lr=1.0e-04  227s
  batch 10/264  loss=0.3189
  batch 20/264  loss=0.2872
  batch 30/264  loss=0.2827
  batch 40/264  loss=0.3468
  batch 50/264  loss=0.4375
  batch 60/264  loss=0.3521
  batch 70/264  loss=0.3009
  batch 80/264  loss=0.3669
  batch 90/264  loss=0.3899
  batch 100/264  loss=0.3195
  batch 110/264  loss=0.3576
  batch 120/264  loss=0.2858
  batch 130/264  loss=0.4085
  batch 140/264  loss=0.3045
  batch 150/264  loss=0.3506
  batch 160/264  loss=0.3120
  batch 170/264  loss=0.2820
  batch 180/264  loss=0.2724
  batch 190/264  loss=0.2681
  batch 200/264  loss=0.4790
  batch 210/264  loss=0.2976
  batch 220/264  loss=0.3253
  batch 230/264  loss=0.2955
  batch 240/264  loss=0.2560
  batch 250/264  loss=0.2782
  batch 260/264  loss=0.3098
Epoch 139/300  train=3.358e-01  rmse=1.8529  lr=1.0e-04  227s
  batch 10/264  loss=0.2961
  batch 20/264  loss=0.3329
  batch 30/264  loss=0.4201
  batch 40/264  loss=0.4049
  batch 50/264  loss=0.3365
  batch 60/264  loss=0.2866
  batch 70/264  loss=0.5790
  batch 80/264  loss=0.3581
  batch 90/264  loss=0.2627
  batch 100/264  loss=0.3420
  batch 110/264  loss=0.3146
  batch 120/264  loss=0.3175
  batch 130/264  loss=0.2960
  batch 140/264  loss=0.3060
  batch 150/264  loss=0.4826
  batch 160/264  loss=0.3758
  batch 170/264  loss=0.2468
  batch 180/264  loss=0.5581
  batch 190/264  loss=0.3011
  batch 200/264  loss=0.3772
  batch 210/264  loss=0.3880
  batch 220/264  loss=0.4917
  batch 230/264  loss=0.3907
  batch 240/264  loss=0.3087
  batch 250/264  loss=0.2591
  batch 260/264  loss=0.2832
Epoch 140/300  train=3.335e-01  rmse=1.7944  lr=1.0e-04  227s
  -> best  monitor=3.335e-01
  batch 10/264  loss=0.2709
  batch 20/264  loss=0.3315
  batch 30/264  loss=0.3311
  batch 40/264  loss=0.2675
  batch 50/264  loss=0.2498
  batch 60/264  loss=0.2934
  batch 70/264  loss=0.4623
  batch 80/264  loss=0.2669
  batch 90/264  loss=0.2496
  batch 100/264  loss=0.2672
  batch 110/264  loss=0.2948
  batch 120/264  loss=0.3307
  batch 130/264  loss=0.3053
  batch 140/264  loss=0.2666
  batch 150/264  loss=0.3019
  batch 160/264  loss=0.2968
  batch 170/264  loss=0.4371
  batch 180/264  loss=0.6289
  batch 190/264  loss=0.3900
  batch 200/264  loss=0.2553
  batch 210/264  loss=0.3366
  batch 220/264  loss=0.2756
  batch 230/264  loss=0.2855
  batch 240/264  loss=0.3299
  batch 250/264  loss=0.3441
  batch 260/264  loss=0.2447
Epoch 141/300  train=3.315e-01  rmse=1.8021  lr=1.0e-04  226s
  -> best  monitor=3.315e-01
  batch 10/264  loss=0.3211
  batch 20/264  loss=0.3651
  batch 30/264  loss=0.2987
  batch 40/264  loss=0.2768
  batch 50/264  loss=0.2755
  batch 60/264  loss=0.4508
  batch 70/264  loss=0.2951
  batch 80/264  loss=0.3469
  batch 90/264  loss=0.2833
  batch 100/264  loss=0.3527
  batch 110/264  loss=0.2659
  batch 120/264  loss=0.2796
  batch 130/264  loss=0.2802
  batch 140/264  loss=0.4126
  batch 150/264  loss=0.2710
  batch 160/264  loss=0.3565
  batch 170/264  loss=0.2668
  batch 180/264  loss=0.6052
  batch 190/264  loss=0.4063
  batch 200/264  loss=0.2839
  batch 210/264  loss=0.3775
  batch 220/264  loss=0.3175
  batch 230/264  loss=0.2830
  batch 240/264  loss=0.2933
  batch 250/264  loss=0.2764
  batch 260/264  loss=0.4845
Epoch 142/300  train=3.375e-01  rmse=1.8414  lr=1.0e-04  229s
  batch 10/264  loss=0.3161
  batch 20/264  loss=0.4651
  batch 30/264  loss=0.3678
  batch 40/264  loss=0.3397
  batch 50/264  loss=0.2789
  batch 60/264  loss=0.2804
  batch 70/264  loss=0.2608
  batch 80/264  loss=0.4823
  batch 90/264  loss=0.3739
  batch 100/264  loss=0.4835
  batch 110/264  loss=0.4034
  batch 120/264  loss=0.2806
  batch 130/264  loss=0.2764
  batch 140/264  loss=0.2654
  batch 150/264  loss=0.3068
  batch 160/264  loss=0.2904
  batch 170/264  loss=0.3219
  batch 180/264  loss=0.2641
  batch 190/264  loss=0.3379
  batch 200/264  loss=0.2921
  batch 210/264  loss=0.4476
  batch 220/264  loss=0.3116
  batch 230/264  loss=0.2896
  batch 240/264  loss=0.3271
  batch 250/264  loss=0.2686
  batch 260/264  loss=0.9069
Epoch 143/300  train=3.363e-01  rmse=1.7850  lr=1.0e-04  228s
  batch 10/264  loss=0.3364
  batch 20/264  loss=0.2511
  batch 30/264  loss=0.3394
  batch 40/264  loss=0.3436
  batch 50/264  loss=0.2911
  batch 60/264  loss=0.3138
  batch 70/264  loss=0.4401
  batch 80/264  loss=0.2796
  batch 90/264  loss=0.2585
  batch 100/264  loss=0.2925
  batch 110/264  loss=0.3272
  batch 120/264  loss=0.3345
  batch 130/264  loss=0.2829
  batch 140/264  loss=0.3935
  batch 150/264  loss=0.2957
  batch 160/264  loss=0.2705
  batch 170/264  loss=0.2466
  batch 180/264  loss=0.2491
  batch 190/264  loss=0.4650
  batch 200/264  loss=0.2902
  batch 210/264  loss=0.3365
  batch 220/264  loss=0.2923
  batch 230/264  loss=0.3521
  batch 240/264  loss=0.3793
  batch 250/264  loss=0.3498
  batch 260/264  loss=0.2923
Epoch 144/300  train=3.341e-01  rmse=1.8106  lr=1.0e-04  227s
  batch 10/264  loss=0.4266
  batch 20/264  loss=0.4033
  batch 30/264  loss=0.2881
  batch 40/264  loss=0.2848
  batch 50/264  loss=0.3221
  batch 60/264  loss=0.2884
  batch 70/264  loss=0.2582
  batch 80/264  loss=0.4530
  batch 90/264  loss=0.2838
  batch 100/264  loss=0.2984
  batch 110/264  loss=0.3314
  batch 120/264  loss=0.3811
  batch 130/264  loss=0.3204
  batch 140/264  loss=0.2984
  batch 150/264  loss=0.2619
  batch 160/264  loss=0.3851
  batch 170/264  loss=0.3543
  batch 180/264  loss=0.2487
  batch 190/264  loss=0.4202
  batch 200/264  loss=0.3626
  batch 210/264  loss=0.3499
  batch 220/264  loss=0.2927
  batch 230/264  loss=0.3858
  batch 240/264  loss=0.3628
  batch 250/264  loss=0.2700
  batch 260/264  loss=0.4024
Epoch 145/300  train=3.357e-01  rmse=1.8998  lr=1.0e-04  229s
  batch 10/264  loss=0.3214
  batch 20/264  loss=0.4428
  batch 30/264  loss=0.2774
  batch 40/264  loss=0.3888
  batch 50/264  loss=0.2451
  batch 60/264  loss=0.3121
  batch 70/264  loss=0.2530
  batch 80/264  loss=0.2946
  batch 90/264  loss=0.3071
  batch 100/264  loss=0.3345
  batch 110/264  loss=0.3317
  batch 120/264  loss=0.4821
  batch 130/264  loss=0.4708
  batch 140/264  loss=0.2754
  batch 150/264  loss=0.3349
  batch 160/264  loss=0.4629
  batch 170/264  loss=0.3275
  batch 180/264  loss=0.2951
  batch 190/264  loss=0.2835
  batch 200/264  loss=0.3072
  batch 210/264  loss=0.3239
  batch 220/264  loss=0.2925
  batch 230/264  loss=0.3546
  batch 240/264  loss=0.4186
  batch 250/264  loss=0.4509
  batch 260/264  loss=0.2998
Epoch 146/300  train=3.322e-01  rmse=1.7623  lr=1.0e-04  228s
  batch 10/264  loss=0.2901
  batch 20/264  loss=0.3051
  batch 30/264  loss=0.3427
  batch 40/264  loss=0.3163
  batch 50/264  loss=0.3099
  batch 60/264  loss=0.2886
  batch 70/264  loss=0.4469
  batch 80/264  loss=0.2857
  batch 90/264  loss=0.4564
  batch 100/264  loss=0.3031
  batch 110/264  loss=0.3642
  batch 120/264  loss=0.2841
  batch 130/264  loss=0.3535
  batch 140/264  loss=0.3318
  batch 150/264  loss=0.2451
  batch 160/264  loss=0.2751
  batch 170/264  loss=0.3608
  batch 180/264  loss=0.4283
  batch 190/264  loss=0.2468
  batch 200/264  loss=0.4891
  batch 210/264  loss=0.3745
  batch 220/264  loss=0.2850
  batch 230/264  loss=0.2966
  batch 240/264  loss=0.4394
  batch 250/264  loss=0.4210
  batch 260/264  loss=0.2983
Epoch 147/300  train=3.306e-01  rmse=1.9674  lr=1.0e-04  227s
  -> best  monitor=3.306e-01
  batch 10/264  loss=0.3649
  batch 20/264  loss=0.2706
  batch 30/264  loss=0.2678
  batch 40/264  loss=0.2843
  batch 50/264  loss=0.3133
  batch 60/264  loss=0.2955
  batch 70/264  loss=0.3110
  batch 80/264  loss=0.2450
  batch 90/264  loss=0.3325
  batch 100/264  loss=0.3027
  batch 110/264  loss=0.3069
  batch 120/264  loss=0.3055
  batch 130/264  loss=0.2626
  batch 140/264  loss=0.3476
  batch 150/264  loss=0.2602
  batch 160/264  loss=0.3256
  batch 170/264  loss=0.3424
  batch 180/264  loss=0.3298
  batch 190/264  loss=0.4770
  batch 200/264  loss=0.3727
  batch 210/264  loss=0.3291
  batch 220/264  loss=0.3455
  batch 230/264  loss=0.3843
  batch 240/264  loss=0.2759
  batch 250/264  loss=0.3454
  batch 260/264  loss=0.2998
Epoch 148/300  train=3.340e-01  rmse=2.8996  lr=1.0e-04  227s
  batch 10/264  loss=0.2865
  batch 20/264  loss=0.2811
  batch 30/264  loss=0.2790
  batch 40/264  loss=0.3967
  batch 50/264  loss=0.3038
  batch 60/264  loss=0.3124
  batch 70/264  loss=0.2561
  batch 80/264  loss=0.3168
  batch 90/264  loss=0.3066
  batch 100/264  loss=0.4836
  batch 110/264  loss=0.3869
  batch 120/264  loss=0.4262
  batch 130/264  loss=0.3212
  batch 140/264  loss=0.2574
  batch 150/264  loss=0.3768
  batch 160/264  loss=0.4313
  batch 170/264  loss=0.3075
  batch 180/264  loss=0.3466
  batch 190/264  loss=0.2733
  batch 200/264  loss=0.2992
  batch 210/264  loss=0.3037
  batch 220/264  loss=0.4039
  batch 230/264  loss=0.3919
  batch 240/264  loss=0.3241
  batch 250/264  loss=0.3511
  batch 260/264  loss=0.3706
Epoch 149/300  train=3.344e-01  rmse=1.8267  lr=1.0e-04  228s
  batch 10/264  loss=0.2587
  batch 20/264  loss=0.3523
  batch 30/264  loss=0.3651
  batch 40/264  loss=0.3160
  batch 50/264  loss=0.3466
  batch 60/264  loss=0.2886
  batch 70/264  loss=0.2565
  batch 80/264  loss=0.2626
  batch 90/264  loss=0.5193
  batch 100/264  loss=0.3296
  batch 110/264  loss=0.3037
  batch 120/264  loss=0.3349
  batch 130/264  loss=0.6402
  batch 140/264  loss=0.3721
  batch 150/264  loss=0.6494
  batch 160/264  loss=0.3062
  batch 170/264  loss=0.2678
  batch 180/264  loss=0.3526
  batch 190/264  loss=0.2656
  batch 200/264  loss=0.3399
  batch 210/264  loss=0.3149
  batch 220/264  loss=0.2829
  batch 230/264  loss=0.4040
  batch 240/264  loss=0.3638
  batch 250/264  loss=0.2795
  batch 260/264  loss=0.4276
Epoch 150/300  train=3.328e-01  rmse=2.3447  lr=1.0e-04  228s
  batch 10/264  loss=0.3221
  batch 20/264  loss=0.3996
  batch 30/264  loss=0.2608
  batch 40/264  loss=0.2715
  batch 50/264  loss=0.3116
  batch 60/264  loss=0.4574
  batch 70/264  loss=0.2659
  batch 80/264  loss=0.2773
  batch 90/264  loss=0.2814
  batch 100/264  loss=0.2677
  batch 110/264  loss=0.2565
  batch 120/264  loss=0.2845
  batch 130/264  loss=0.2902
  batch 140/264  loss=0.2801
  batch 150/264  loss=0.3153
  batch 160/264  loss=0.3022
  batch 170/264  loss=0.2758
  batch 180/264  loss=0.2564
  batch 190/264  loss=0.3110
  batch 200/264  loss=0.2815
  batch 210/264  loss=0.2514
  batch 220/264  loss=0.4404
  batch 230/264  loss=0.2796
  batch 240/264  loss=0.2744
  batch 250/264  loss=0.3327
  batch 260/264  loss=0.2436
Epoch 151/300  train=3.325e-01  rmse=1.8930  lr=1.0e-04  228s
  batch 10/264  loss=0.4667
  batch 20/264  loss=0.2815
  batch 30/264  loss=0.2513
  batch 40/264  loss=0.3230
  batch 50/264  loss=0.3495
  batch 60/264  loss=0.4259
  batch 70/264  loss=0.3593
  batch 80/264  loss=0.3067
  batch 90/264  loss=0.2568
  batch 100/264  loss=0.3064
  batch 110/264  loss=0.3460
  batch 120/264  loss=0.4631
  batch 130/264  loss=0.4324
  batch 140/264  loss=0.2735
  batch 150/264  loss=0.4062
  batch 160/264  loss=0.3555
  batch 170/264  loss=0.2930
  batch 180/264  loss=0.2627
  batch 190/264  loss=0.2494
  batch 200/264  loss=0.2473
  batch 210/264  loss=0.2992
  batch 220/264  loss=0.3368
  batch 230/264  loss=0.3075
  batch 240/264  loss=0.3109
  batch 250/264  loss=0.2868
  batch 260/264  loss=0.2497
Epoch 152/300  train=3.283e-01  rmse=1.8387  lr=1.0e-04  229s
  -> best  monitor=3.283e-01
  batch 10/264  loss=0.3183
  batch 20/264  loss=0.2691
  batch 30/264  loss=0.3161
  batch 40/264  loss=0.2985
  batch 50/264  loss=0.3656
  batch 60/264  loss=0.2700
  batch 70/264  loss=0.2829
  batch 80/264  loss=0.2907
  batch 90/264  loss=0.2553
  batch 100/264  loss=0.2451
  batch 110/264  loss=0.3515
  batch 120/264  loss=0.2322
  batch 130/264  loss=0.5746
  batch 140/264  loss=0.2831
  batch 150/264  loss=0.2480
  batch 160/264  loss=0.2913
  batch 170/264  loss=0.5363
  batch 180/264  loss=0.4353
  batch 190/264  loss=0.3128
  batch 200/264  loss=0.3177
  batch 210/264  loss=0.3506
  batch 220/264  loss=0.4869
  batch 230/264  loss=0.3055
  batch 240/264  loss=0.3566
  batch 250/264  loss=0.2477
  batch 260/264  loss=0.2868
Epoch 153/300  train=3.318e-01  rmse=2.2309  lr=1.0e-04  228s
  batch 10/264  loss=0.4460
  batch 20/264  loss=0.2463
  batch 30/264  loss=0.2900
  batch 40/264  loss=0.3477
  batch 50/264  loss=0.2625
  batch 60/264  loss=0.3463
  batch 70/264  loss=0.3524
  batch 80/264  loss=0.2792
  batch 90/264  loss=0.4161
  batch 100/264  loss=0.2435
  batch 110/264  loss=0.3091
  batch 120/264  loss=0.3527
  batch 130/264  loss=0.2659
  batch 140/264  loss=0.2478
  batch 150/264  loss=0.3424
  batch 160/264  loss=0.2948
  batch 170/264  loss=0.3300
  batch 180/264  loss=0.2922
  batch 190/264  loss=0.3778
  batch 200/264  loss=0.5012
  batch 210/264  loss=0.3286
  batch 220/264  loss=0.3178
  batch 230/264  loss=0.3106
  batch 240/264  loss=0.2875
  batch 250/264  loss=0.3650
  batch 260/264  loss=0.4919
Epoch 154/300  train=3.278e-01  rmse=2.5451  lr=1.0e-04  227s
  -> best  monitor=3.278e-01
  batch 10/264  loss=0.3313
  batch 20/264  loss=0.2496
  batch 30/264  loss=0.3468
  batch 40/264  loss=0.2861
  batch 50/264  loss=0.3271
  batch 60/264  loss=0.4131
  batch 70/264  loss=0.4521
  batch 80/264  loss=0.2582
  batch 90/264  loss=0.4374
  batch 100/264  loss=0.3173
  batch 110/264  loss=0.3623
  batch 120/264  loss=0.3166
  batch 130/264  loss=0.3555
  batch 140/264  loss=0.3703
  batch 150/264  loss=0.3444
  batch 160/264  loss=0.2916
  batch 170/264  loss=0.2694
  batch 180/264  loss=0.2603
  batch 190/264  loss=0.3111
  batch 200/264  loss=0.2623
  batch 210/264  loss=0.4322
  batch 220/264  loss=0.3135
  batch 230/264  loss=0.2818
  batch 240/264  loss=0.2820
  batch 250/264  loss=0.3041
  batch 260/264  loss=0.5085
Epoch 155/300  train=3.323e-01  rmse=1.7588  lr=1.0e-04  227s
  batch 10/264  loss=0.3504
  batch 20/264  loss=0.3134
  batch 30/264  loss=0.3521
  batch 40/264  loss=0.3127
  batch 50/264  loss=0.2768
  batch 60/264  loss=0.2669
  batch 70/264  loss=0.3484
  batch 80/264  loss=0.2788
  batch 90/264  loss=0.4729
  batch 100/264  loss=0.2761
  batch 110/264  loss=0.2529
  batch 120/264  loss=0.3966
  batch 130/264  loss=0.2751
  batch 140/264  loss=0.3014
  batch 150/264  loss=0.3439
  batch 160/264  loss=0.3490
  batch 170/264  loss=0.2758
  batch 180/264  loss=0.4252
  batch 190/264  loss=0.2543
  batch 200/264  loss=0.3312
  batch 210/264  loss=0.2310
  batch 220/264  loss=0.2386
  batch 230/264  loss=0.3302
  batch 240/264  loss=0.6335
  batch 250/264  loss=0.3783
  batch 260/264  loss=0.2473
Epoch 156/300  train=3.290e-01  rmse=1.8785  lr=1.0e-04  228s
  batch 10/264  loss=0.2748
  batch 20/264  loss=0.3067
  batch 30/264  loss=0.2781
  batch 40/264  loss=0.2407
  batch 50/264  loss=0.3935
  batch 60/264  loss=0.2866
  batch 70/264  loss=0.8155
  batch 80/264  loss=0.3269
  batch 90/264  loss=0.3599
  batch 100/264  loss=0.2532
  batch 110/264  loss=0.2676
  batch 120/264  loss=0.3004
  batch 130/264  loss=0.3608
  batch 140/264  loss=0.4627
  batch 150/264  loss=0.2784
  batch 160/264  loss=0.3181
  batch 170/264  loss=0.2527
  batch 180/264  loss=0.2778
  batch 190/264  loss=0.3277
  batch 200/264  loss=0.3911
  batch 210/264  loss=0.3079
  batch 220/264  loss=0.2844
  batch 230/264  loss=0.4638
  batch 240/264  loss=0.2858
  batch 250/264  loss=0.3061
  batch 260/264  loss=0.2898
Epoch 157/300  train=3.306e-01  rmse=2.5169  lr=1.0e-04  228s
  batch 10/264  loss=0.2534
  batch 20/264  loss=0.2784
  batch 30/264  loss=0.2949
  batch 40/264  loss=0.2640
  batch 50/264  loss=0.4522
  batch 60/264  loss=0.2828
  batch 70/264  loss=0.2767
  batch 80/264  loss=0.2890
  batch 90/264  loss=0.2739
  batch 100/264  loss=0.2500
  batch 110/264  loss=0.2977
  batch 120/264  loss=0.3516
  batch 130/264  loss=0.2652
  batch 140/264  loss=0.2873
  batch 150/264  loss=0.2673
  batch 160/264  loss=0.2952
  batch 170/264  loss=0.2974
  batch 180/264  loss=0.2867
  batch 190/264  loss=0.3061
  batch 200/264  loss=0.2925
  batch 210/264  loss=0.5021
  batch 220/264  loss=0.3148
  batch 230/264  loss=0.2894
  batch 240/264  loss=0.3058
  batch 250/264  loss=0.3089
  batch 260/264  loss=0.3249
Epoch 158/300  train=3.276e-01  rmse=4.1318  lr=1.0e-04  229s
  -> best  monitor=3.276e-01
  batch 10/264  loss=0.2587
  batch 20/264  loss=0.2998
  batch 30/264  loss=0.3299
  batch 40/264  loss=0.2746
  batch 50/264  loss=0.3922
  batch 60/264  loss=0.3401
  batch 70/264  loss=0.2727
  batch 80/264  loss=0.2989
  batch 90/264  loss=0.2624
  batch 100/264  loss=0.3009
  batch 110/264  loss=0.3627
  batch 120/264  loss=0.3499
  batch 130/264  loss=0.3374
  batch 140/264  loss=0.2805
  batch 150/264  loss=0.3152
  batch 160/264  loss=0.2353
  batch 170/264  loss=0.2757
  batch 180/264  loss=0.4310
  batch 190/264  loss=0.2908
  batch 200/264  loss=0.7808
  batch 210/264  loss=0.2838
  batch 220/264  loss=0.2762
  batch 230/264  loss=0.4362
  batch 240/264  loss=0.3197
  batch 250/264  loss=0.3098
  batch 260/264  loss=0.2822
Epoch 159/300  train=3.298e-01  rmse=1.9807  lr=1.0e-04  229s
  batch 10/264  loss=0.2927
  batch 20/264  loss=0.2728
  batch 30/264  loss=0.3785
  batch 40/264  loss=0.2718
  batch 50/264  loss=0.2735
  batch 60/264  loss=0.5611
  batch 70/264  loss=0.3461
  batch 80/264  loss=0.4009
  batch 90/264  loss=0.3134
  batch 100/264  loss=0.2607
  batch 110/264  loss=0.6765
  batch 120/264  loss=0.2650
  batch 130/264  loss=0.3940
  batch 140/264  loss=0.3539
  batch 150/264  loss=0.2922
  batch 160/264  loss=0.2482
  batch 170/264  loss=0.2736
  batch 180/264  loss=0.3599
  batch 190/264  loss=0.3044
  batch 200/264  loss=0.2545
  batch 210/264  loss=0.3282
  batch 220/264  loss=0.2385
  batch 230/264  loss=0.2757
  batch 240/264  loss=0.4476
  batch 250/264  loss=0.3079
  batch 260/264  loss=0.3123
Epoch 160/300  train=3.285e-01  rmse=2.0319  lr=1.0e-04  228s
  batch 10/264  loss=0.2876
  batch 20/264  loss=0.2444
  batch 30/264  loss=0.2869
  batch 40/264  loss=0.2725
  batch 50/264  loss=0.4409
  batch 60/264  loss=0.2598
  batch 70/264  loss=0.3530
  batch 80/264  loss=0.3829
  batch 90/264  loss=0.2511
  batch 100/264  loss=0.2951
  batch 110/264  loss=0.2780
  batch 120/264  loss=0.2704
  batch 130/264  loss=0.3416
  batch 140/264  loss=0.2656
  batch 150/264  loss=0.2861
  batch 160/264  loss=0.2893
  batch 170/264  loss=0.3198
  batch 180/264  loss=0.3116
  batch 190/264  loss=0.4401
  batch 200/264  loss=0.2489
  batch 210/264  loss=0.4911
  batch 220/264  loss=0.4014
  batch 230/264  loss=0.3389
  batch 240/264  loss=0.3035
  batch 250/264  loss=0.3804
  batch 260/264  loss=0.2886
Epoch 161/300  train=3.274e-01  rmse=1.9029  lr=1.0e-04  228s
  -> best  monitor=3.274e-01
  batch 10/264  loss=0.3849
  batch 20/264  loss=0.3032
  batch 30/264  loss=0.3295
  batch 40/264  loss=0.2990
  batch 50/264  loss=0.3373
  batch 60/264  loss=0.3358
  batch 70/264  loss=0.2721
  batch 80/264  loss=0.2951
  batch 90/264  loss=0.3136
  batch 100/264  loss=0.3051
  batch 110/264  loss=0.3115
  batch 120/264  loss=0.2671
  batch 130/264  loss=0.3387
  batch 140/264  loss=0.3057
  batch 150/264  loss=0.2653
  batch 160/264  loss=0.2751
  batch 170/264  loss=0.3115
  batch 180/264  loss=0.2602
  batch 190/264  loss=0.4013
  batch 200/264  loss=0.3808
  batch 210/264  loss=0.2981
  batch 220/264  loss=0.2857
  batch 230/264  loss=0.3227
  batch 240/264  loss=0.3415
  batch 250/264  loss=0.2853
  batch 260/264  loss=0.2853
Epoch 162/300  train=3.258e-01  rmse=2.1363  lr=1.0e-04  228s
  -> best  monitor=3.258e-01
  batch 10/264  loss=0.3661
  batch 20/264  loss=0.2658
  batch 30/264  loss=0.4236
  batch 40/264  loss=0.2747
  batch 50/264  loss=0.6769
  batch 60/264  loss=0.3257
  batch 70/264  loss=0.2464
  batch 80/264  loss=0.3647
  batch 90/264  loss=0.2962
  batch 100/264  loss=0.2912
  batch 110/264  loss=0.3145
  batch 120/264  loss=0.3279
  batch 130/264  loss=0.3823
  batch 140/264  loss=0.2591
  batch 150/264  loss=0.2824
  batch 160/264  loss=0.3013
  batch 170/264  loss=0.2851
  batch 180/264  loss=0.3019
  batch 190/264  loss=0.5081
  batch 200/264  loss=0.2476
  batch 210/264  loss=0.4003
  batch 220/264  loss=0.3127
  batch 230/264  loss=0.3232
  batch 240/264  loss=0.3382
  batch 250/264  loss=0.3378
  batch 260/264  loss=0.2786
Epoch 163/300  train=3.312e-01  rmse=2.7688  lr=1.0e-04  227s
  batch 10/264  loss=0.3118
  batch 20/264  loss=0.3215
  batch 30/264  loss=0.3135
  batch 40/264  loss=0.2667
  batch 50/264  loss=0.2770
  batch 60/264  loss=0.3125
  batch 70/264  loss=0.3284
  batch 80/264  loss=0.3011
  batch 90/264  loss=0.3921
  batch 100/264  loss=0.2620
  batch 110/264  loss=0.4592
  batch 120/264  loss=0.2987
  batch 130/264  loss=0.2878
  batch 140/264  loss=0.2907
  batch 150/264  loss=0.3120
  batch 160/264  loss=0.2987
  batch 170/264  loss=0.4762
  batch 180/264  loss=0.2979
  batch 190/264  loss=0.3020
  batch 200/264  loss=0.2809
  batch 210/264  loss=0.3682
  batch 220/264  loss=0.2513
  batch 230/264  loss=0.2881
  batch 240/264  loss=0.2919
  batch 250/264  loss=0.2499
  batch 260/264  loss=0.2657
Epoch 164/300  train=3.238e-01  rmse=1.8704  lr=1.0e-04  228s
  -> best  monitor=3.238e-01
  batch 10/264  loss=0.3284
  batch 20/264  loss=0.2964
  batch 30/264  loss=0.2463
  batch 40/264  loss=0.3884
  batch 50/264  loss=0.3773
  batch 60/264  loss=0.3488
  batch 70/264  loss=0.2636
  batch 80/264  loss=0.2801
  batch 90/264  loss=0.3253
  batch 100/264  loss=0.3357
  batch 110/264  loss=0.3228
  batch 120/264  loss=0.2655
  batch 130/264  loss=0.4876
  batch 140/264  loss=0.2809
  batch 150/264  loss=0.2688
  batch 160/264  loss=0.3517
  batch 170/264  loss=0.2780
  batch 180/264  loss=0.3066
  batch 190/264  loss=0.3029
  batch 200/264  loss=0.4756
  batch 210/264  loss=0.2811
  batch 220/264  loss=0.3123
  batch 230/264  loss=0.3585
  batch 240/264  loss=0.2875
  batch 250/264  loss=0.2914
  batch 260/264  loss=0.2792
Epoch 165/300  train=3.278e-01  rmse=1.8360  lr=1.0e-04  229s
  batch 10/264  loss=0.2518
  batch 20/264  loss=0.3170
  batch 30/264  loss=0.3962
  batch 40/264  loss=0.2693
  batch 50/264  loss=0.2626
  batch 60/264  loss=0.3162
  batch 70/264  loss=0.3597
  batch 80/264  loss=0.2969
  batch 90/264  loss=0.2884
  batch 100/264  loss=0.3505
  batch 110/264  loss=0.2398
  batch 120/264  loss=0.2647
  batch 130/264  loss=0.2990
  batch 140/264  loss=0.2586
  batch 150/264  loss=0.2610
  batch 160/264  loss=0.3070
  batch 170/264  loss=0.3208
  batch 180/264  loss=0.4459
  batch 190/264  loss=0.2612
  batch 200/264  loss=0.2779
  batch 210/264  loss=0.2619
  batch 220/264  loss=0.3558
  batch 230/264  loss=0.3255
  batch 240/264  loss=0.2918
  batch 250/264  loss=0.2755
  batch 260/264  loss=0.3077
Epoch 166/300  train=3.254e-01  rmse=1.8967  lr=1.0e-04  227s
  batch 10/264  loss=0.4174
  batch 20/264  loss=0.3612
  batch 30/264  loss=0.2473
  batch 40/264  loss=0.3053
  batch 50/264  loss=0.3407
  batch 60/264  loss=0.3485
  batch 70/264  loss=0.2818
  batch 80/264  loss=0.3578
  batch 90/264  loss=0.4296
  batch 100/264  loss=0.2828
  batch 110/264  loss=0.2957
  batch 120/264  loss=0.3295
  batch 130/264  loss=0.3574
  batch 140/264  loss=0.3582
  batch 150/264  loss=0.2494
  batch 160/264  loss=0.2919
  batch 170/264  loss=0.3151
  batch 180/264  loss=0.2688
  batch 190/264  loss=0.3013
  batch 200/264  loss=0.2993
  batch 210/264  loss=0.4755
  batch 220/264  loss=0.3852
  batch 230/264  loss=0.5642
  batch 240/264  loss=0.5010
  batch 250/264  loss=0.4470
  batch 260/264  loss=0.2481
Epoch 167/300  train=3.287e-01  rmse=1.9769  lr=1.0e-04  228s
  batch 10/264  loss=0.2818
  batch 20/264  loss=0.3452
  batch 30/264  loss=0.4212
  batch 40/264  loss=0.4224
  batch 50/264  loss=0.2717
  batch 60/264  loss=0.4528
  batch 70/264  loss=0.3677
  batch 80/264  loss=0.4318
  batch 90/264  loss=0.3187
  batch 100/264  loss=0.2883
  batch 110/264  loss=0.4493
  batch 120/264  loss=0.2912
  batch 130/264  loss=0.3038
  batch 140/264  loss=0.4628
  batch 150/264  loss=0.2794
  batch 160/264  loss=0.3165
  batch 170/264  loss=0.2652
  batch 180/264  loss=0.3109
  batch 190/264  loss=0.4375
  batch 200/264  loss=0.2736
  batch 210/264  loss=0.3622
  batch 220/264  loss=0.3913
  batch 230/264  loss=0.2877
  batch 240/264  loss=0.2796
  batch 250/264  loss=0.4709
  batch 260/264  loss=0.3607
Epoch 168/300  train=3.230e-01  rmse=2.5855  lr=1.0e-04  227s
  -> best  monitor=3.230e-01
  batch 10/264  loss=0.2430
  batch 20/264  loss=0.2690
  batch 30/264  loss=0.3402
  batch 40/264  loss=0.3379
  batch 50/264  loss=0.3194
  batch 60/264  loss=0.2725
  batch 70/264  loss=0.3185
  batch 80/264  loss=0.2672
  batch 90/264  loss=0.3959
  batch 100/264  loss=0.2700
  batch 110/264  loss=0.3927
  batch 120/264  loss=0.3302
  batch 130/264  loss=0.3323
  batch 140/264  loss=0.3535
  batch 150/264  loss=0.7537
  batch 160/264  loss=0.3164
  batch 170/264  loss=0.2880
  batch 180/264  loss=0.5140
  batch 190/264  loss=0.2795
  batch 200/264  loss=0.2575
  batch 210/264  loss=0.2978
  batch 220/264  loss=0.2465
  batch 230/264  loss=0.3263
  batch 240/264  loss=0.2601
  batch 250/264  loss=0.4344
  batch 260/264  loss=0.7376
Epoch 169/300  train=3.281e-01  rmse=2.2598  lr=1.0e-04  227s
  batch 10/264  loss=0.3090
  batch 20/264  loss=0.2947
  batch 30/264  loss=0.2815
  batch 40/264  loss=0.3898
  batch 50/264  loss=0.3511
  batch 60/264  loss=0.3712
  batch 70/264  loss=0.2528
  batch 80/264  loss=0.2346
  batch 90/264  loss=0.2795
  batch 100/264  loss=0.2484
  batch 110/264  loss=0.2644
  batch 120/264  loss=0.3205
  batch 130/264  loss=0.4082
  batch 140/264  loss=0.2836
  batch 150/264  loss=0.2762
  batch 160/264  loss=0.2800
  batch 170/264  loss=0.2559
  batch 180/264  loss=0.5443
  batch 190/264  loss=0.3568
  batch 200/264  loss=0.3109
  batch 210/264  loss=0.3650
  batch 220/264  loss=0.2453
  batch 230/264  loss=0.3984
  batch 240/264  loss=0.3218
  batch 250/264  loss=0.3277
  batch 260/264  loss=0.3368
Epoch 170/300  train=3.207e-01  rmse=2.3027  lr=1.0e-04  228s
  -> best  monitor=3.207e-01
  batch 10/264  loss=0.2752
  batch 20/264  loss=0.3209
  batch 30/264  loss=0.2919
  batch 40/264  loss=0.3058
  batch 50/264  loss=0.2667
  batch 60/264  loss=0.3322
  batch 70/264  loss=0.3009
  batch 80/264  loss=0.2469
  batch 90/264  loss=0.4353
  batch 100/264  loss=0.2581
  batch 110/264  loss=0.2752
  batch 120/264  loss=0.2877
  batch 130/264  loss=0.2497
  batch 140/264  loss=0.3072
  batch 150/264  loss=0.2789
  batch 160/264  loss=0.3569
  batch 170/264  loss=0.2620
  batch 180/264  loss=0.2549
  batch 190/264  loss=0.2816
  batch 200/264  loss=0.3042
  batch 210/264  loss=0.2955
  batch 220/264  loss=0.2373
  batch 230/264  loss=0.3131
  batch 240/264  loss=0.4120
  batch 250/264  loss=0.2631
  batch 260/264  loss=0.5436
Epoch 171/300  train=3.241e-01  rmse=1.7987  lr=1.0e-04  227s
  batch 10/264  loss=0.2753
  batch 20/264  loss=0.3469
  batch 30/264  loss=0.3649
  batch 40/264  loss=0.2993
  batch 50/264  loss=0.2856
  batch 60/264  loss=0.2865
  batch 70/264  loss=0.2570
  batch 80/264  loss=0.2887
  batch 90/264  loss=0.2600
  batch 100/264  loss=0.2632
  batch 110/264  loss=0.3140
  batch 120/264  loss=0.3096
  batch 130/264  loss=0.2827
  batch 140/264  loss=0.4458
  batch 150/264  loss=0.3121
  batch 160/264  loss=0.4473
  batch 170/264  loss=0.2631
  batch 180/264  loss=0.2610
  batch 190/264  loss=0.2867
  batch 200/264  loss=0.2891
  batch 210/264  loss=0.2697
  batch 220/264  loss=0.2901
  batch 230/264  loss=0.3191
  batch 240/264  loss=0.2649
  batch 250/264  loss=0.3364
  batch 260/264  loss=0.2626
Epoch 172/300  train=3.255e-01  rmse=1.9624  lr=1.0e-04  228s
  batch 10/264  loss=0.4076
  batch 20/264  loss=0.2657
  batch 30/264  loss=0.3485
  batch 40/264  loss=0.2462
  batch 50/264  loss=0.3064
  batch 60/264  loss=0.3798
  batch 70/264  loss=0.3325
  batch 80/264  loss=0.2988
  batch 90/264  loss=0.2897
  batch 100/264  loss=0.2976
  batch 110/264  loss=0.3130
  batch 120/264  loss=0.2608
  batch 130/264  loss=0.3558
  batch 140/264  loss=0.3123
  batch 150/264  loss=0.3254
  batch 160/264  loss=0.3715
  batch 170/264  loss=0.2603
  batch 180/264  loss=0.3140
  batch 190/264  loss=0.2794
  batch 200/264  loss=0.2676
  batch 210/264  loss=0.3039
  batch 220/264  loss=0.2836
  batch 230/264  loss=0.2975
  batch 240/264  loss=0.2602
  batch 250/264  loss=0.5140
  batch 260/264  loss=0.3324
Epoch 173/300  train=3.244e-01  rmse=2.2654  lr=1.0e-04  228s
  batch 10/264  loss=0.2987
  batch 20/264  loss=0.2660
  batch 30/264  loss=0.2487
  batch 40/264  loss=0.2585
  batch 50/264  loss=0.2671
  batch 60/264  loss=0.2516
  batch 70/264  loss=0.3644
  batch 80/264  loss=0.3019
  batch 90/264  loss=0.2613
  batch 100/264  loss=0.2503
  batch 110/264  loss=0.2751
  batch 120/264  loss=0.2653
  batch 130/264  loss=0.5065
  batch 140/264  loss=0.2758
  batch 150/264  loss=0.4340
  batch 160/264  loss=0.2502
  batch 170/264  loss=0.2736
  batch 180/264  loss=0.3658
  batch 190/264  loss=0.2768
  batch 200/264  loss=0.2565
  batch 210/264  loss=0.4699
  batch 220/264  loss=0.3618
  batch 230/264  loss=0.3253
  batch 240/264  loss=0.2886
  batch 250/264  loss=0.2905
  batch 260/264  loss=0.3315
Epoch 174/300  train=3.233e-01  rmse=2.4638  lr=1.0e-04  228s
  batch 10/264  loss=0.3236
  batch 20/264  loss=0.4561
  batch 30/264  loss=0.4459
  batch 40/264  loss=0.3384
  batch 50/264  loss=0.4333
  batch 60/264  loss=0.2768
  batch 70/264  loss=0.2359
  batch 80/264  loss=0.2745
  batch 90/264  loss=0.2322
  batch 100/264  loss=0.2477
  batch 110/264  loss=0.3018
  batch 120/264  loss=0.3801
  batch 130/264  loss=0.5539
  batch 140/264  loss=0.3017
  batch 150/264  loss=0.2720
  batch 160/264  loss=0.3195
  batch 170/264  loss=0.3850
  batch 180/264  loss=0.3775
  batch 190/264  loss=0.2882
  batch 200/264  loss=0.2669
  batch 210/264  loss=0.2785
  batch 220/264  loss=0.2991
  batch 230/264  loss=0.3269
  batch 240/264  loss=0.3569
  batch 250/264  loss=0.2910
  batch 260/264  loss=0.5072
Epoch 175/300  train=3.234e-01  rmse=4.5156  lr=1.0e-04  227s
  batch 10/264  loss=0.3095
  batch 20/264  loss=0.3003
  batch 30/264  loss=0.3696
  batch 40/264  loss=0.3568
  batch 50/264  loss=0.2585
  batch 60/264  loss=0.3094
  batch 70/264  loss=0.2856
  batch 80/264  loss=0.4096
  batch 90/264  loss=0.2439
  batch 100/264  loss=0.3227
  batch 110/264  loss=0.2607
  batch 120/264  loss=0.3031
  batch 130/264  loss=0.3524
  batch 140/264  loss=0.4135
  batch 150/264  loss=0.2664
  batch 160/264  loss=0.4023
  batch 170/264  loss=0.2528
  batch 180/264  loss=0.4489
  batch 190/264  loss=0.3175
  batch 200/264  loss=0.2719
  batch 210/264  loss=0.4804
  batch 220/264  loss=0.3646
  batch 230/264  loss=0.2983
  batch 240/264  loss=0.2555
  batch 250/264  loss=0.2681
  batch 260/264  loss=0.3196
Epoch 176/300  train=3.280e-01  rmse=4.6429  lr=1.0e-04  229s
  batch 10/264  loss=0.5063
  batch 20/264  loss=0.2707
  batch 30/264  loss=0.2697
  batch 40/264  loss=0.4511
  batch 50/264  loss=0.2697
  batch 60/264  loss=0.3035
  batch 70/264  loss=0.3577
  batch 80/264  loss=0.2887
  batch 90/264  loss=0.2696
  batch 100/264  loss=0.2443
  batch 110/264  loss=0.3032
  batch 120/264  loss=0.4474
  batch 130/264  loss=0.4181
  batch 140/264  loss=0.3625
  batch 150/264  loss=0.3544
  batch 160/264  loss=0.2749
  batch 170/264  loss=0.2440
  batch 180/264  loss=0.4032
  batch 190/264  loss=0.2679
  batch 200/264  loss=0.2507
  batch 210/264  loss=0.3628
  batch 220/264  loss=0.2358
  batch 230/264  loss=0.2488
  batch 240/264  loss=0.2969
  batch 250/264  loss=0.3011
  batch 260/264  loss=0.2522
Epoch 177/300  train=3.239e-01  rmse=1.8479  lr=1.0e-04  227s
  batch 10/264  loss=0.2628
  batch 20/264  loss=0.2678
  batch 30/264  loss=0.2823
  batch 40/264  loss=0.3339
  batch 50/264  loss=0.3506
  batch 60/264  loss=0.3068
  batch 70/264  loss=0.4413
  batch 80/264  loss=0.3005
  batch 90/264  loss=0.2677
  batch 100/264  loss=0.3656
  batch 110/264  loss=0.2671
  batch 120/264  loss=0.2827
  batch 130/264  loss=0.2796
  batch 140/264  loss=0.3226
  batch 150/264  loss=0.3047
  batch 160/264  loss=0.2221
  batch 170/264  loss=0.6614
  batch 180/264  loss=0.2967
  batch 190/264  loss=0.3411
  batch 200/264  loss=0.4064
  batch 210/264  loss=0.2719
  batch 220/264  loss=0.3448
  batch 230/264  loss=0.5887
  batch 240/264  loss=0.3676
  batch 250/264  loss=0.3149
  batch 260/264  loss=0.2460
Epoch 178/300  train=3.258e-01  rmse=2.3304  lr=1.0e-04  228s
  batch 10/264  loss=0.2743
  batch 20/264  loss=0.3668
  batch 30/264  loss=0.4469
  batch 40/264  loss=0.4034
  batch 50/264  loss=0.2312
  batch 60/264  loss=0.2554
  batch 70/264  loss=0.2585
  batch 80/264  loss=0.3094
  batch 90/264  loss=0.2723
  batch 100/264  loss=0.2289
  batch 110/264  loss=0.3782
  batch 120/264  loss=0.3746
  batch 130/264  loss=0.2925
  batch 140/264  loss=0.2847
  batch 150/264  loss=0.3413
  batch 160/264  loss=0.2711
  batch 170/264  loss=0.3461
  batch 180/264  loss=0.2594
  batch 190/264  loss=0.4370
  batch 200/264  loss=0.2623
  batch 210/264  loss=0.2861
  batch 220/264  loss=0.3845
  batch 230/264  loss=0.3292
  batch 240/264  loss=0.3104
  batch 250/264  loss=0.3829
  batch 260/264  loss=0.2800
Epoch 179/300  train=3.210e-01  rmse=2.1558  lr=1.0e-04  228s
  batch 10/264  loss=0.2801
  batch 20/264  loss=0.3485
  batch 30/264  loss=0.2743
  batch 40/264  loss=0.2238
  batch 50/264  loss=0.2263
  batch 60/264  loss=0.2961
  batch 70/264  loss=0.5844
  batch 80/264  loss=0.2945
  batch 90/264  loss=0.2692
  batch 100/264  loss=0.2329
  batch 110/264  loss=0.3951
  batch 120/264  loss=0.2570
  batch 130/264  loss=0.3488
  batch 140/264  loss=0.2806
  batch 150/264  loss=0.2996
  batch 160/264  loss=0.3073
  batch 170/264  loss=0.3005
  batch 180/264  loss=0.2689
  batch 190/264  loss=0.4072
  batch 200/264  loss=0.2323
  batch 210/264  loss=0.3359
  batch 220/264  loss=0.3877
  batch 230/264  loss=0.3590
  batch 240/264  loss=0.2740
  batch 250/264  loss=0.3036
  batch 260/264  loss=0.2649
Epoch 180/300  train=3.140e-01  rmse=2.3605  lr=1.0e-04  228s
  -> best  monitor=3.140e-01
  batch 10/264  loss=0.3531
  batch 20/264  loss=0.2879
  batch 30/264  loss=0.3645
  batch 40/264  loss=0.2704
  batch 50/264  loss=0.3285
  batch 60/264  loss=0.2608
  batch 70/264  loss=0.3427
  batch 80/264  loss=0.2452
  batch 90/264  loss=0.2884
  batch 100/264  loss=0.2700
  batch 110/264  loss=0.4070
  batch 120/264  loss=0.2598
  batch 130/264  loss=0.3093
  batch 140/264  loss=0.2416
  batch 150/264  loss=0.3889
  batch 160/264  loss=0.2698
  batch 170/264  loss=0.2838
  batch 180/264  loss=0.2869
  batch 190/264  loss=0.3112
  batch 200/264  loss=0.2573
  batch 210/264  loss=0.2818
  batch 220/264  loss=0.2249
  batch 230/264  loss=0.3673
  batch 240/264  loss=0.2595
  batch 250/264  loss=0.3233
  batch 260/264  loss=0.2809
Epoch 181/300  train=3.219e-01  rmse=1.8544  lr=1.0e-04  229s
  batch 10/264  loss=0.2892
  batch 20/264  loss=0.2698
  batch 30/264  loss=0.2707
  batch 40/264  loss=0.2952
  batch 50/264  loss=0.3451
  batch 60/264  loss=0.3569
  batch 70/264  loss=0.2536
  batch 80/264  loss=0.5395
  batch 90/264  loss=0.2519
  batch 100/264  loss=0.2539
  batch 110/264  loss=0.2929
  batch 120/264  loss=0.4333
  batch 130/264  loss=0.2860
  batch 140/264  loss=0.3719
  batch 150/264  loss=0.3014
  batch 160/264  loss=0.3466
  batch 170/264  loss=0.3023
  batch 180/264  loss=0.4308
  batch 190/264  loss=0.3202
  batch 200/264  loss=0.3418
  batch 210/264  loss=0.3101
  batch 220/264  loss=0.7621
  batch 230/264  loss=0.4158
  batch 240/264  loss=0.4072
  batch 250/264  loss=0.2830
  batch 260/264  loss=0.3605
Epoch 182/300  train=3.246e-01  rmse=1.8574  lr=1.0e-04  230s
  batch 10/264  loss=0.3092
  batch 20/264  loss=0.2827
  batch 30/264  loss=0.3027
  batch 40/264  loss=0.2818
  batch 50/264  loss=0.2964
  batch 60/264  loss=0.2945
  batch 70/264  loss=0.3891
  batch 80/264  loss=0.3053
  batch 90/264  loss=0.4099
  batch 100/264  loss=0.2761
  batch 110/264  loss=0.2535
  batch 120/264  loss=0.3287
  batch 130/264  loss=0.2855
  batch 140/264  loss=0.2827
  batch 150/264  loss=0.2582
  batch 160/264  loss=0.2618
  batch 170/264  loss=0.3060
  batch 180/264  loss=0.3136
  batch 190/264  loss=0.3453
  batch 200/264  loss=0.2742
  batch 210/264  loss=0.2724
  batch 220/264  loss=0.3235
  batch 230/264  loss=0.3874
  batch 240/264  loss=0.2703
  batch 250/264  loss=0.2535
  batch 260/264  loss=0.2442
Epoch 183/300  train=3.151e-01  rmse=1.6731  lr=1.0e-04  229s
  batch 10/264  loss=0.2413
  batch 20/264  loss=0.2531
  batch 30/264  loss=0.2873
  batch 40/264  loss=0.3557
  batch 50/264  loss=0.2820
  batch 60/264  loss=0.3072
  batch 70/264  loss=0.3069
  batch 80/264  loss=0.2662
  batch 90/264  loss=0.3815
  batch 100/264  loss=0.5983
  batch 110/264  loss=0.3661
  batch 120/264  loss=0.2613
  batch 130/264  loss=0.3203
  batch 140/264  loss=0.3069
  batch 150/264  loss=0.2952
  batch 160/264  loss=0.3384
  batch 170/264  loss=0.2525
  batch 180/264  loss=0.2866
  batch 190/264  loss=0.3005
  batch 200/264  loss=0.3437
  batch 210/264  loss=0.3255
  batch 220/264  loss=0.2919
  batch 230/264  loss=0.2917
  batch 240/264  loss=0.3495
  batch 250/264  loss=0.2567
  batch 260/264  loss=0.2899
Epoch 184/300  train=3.191e-01  rmse=4.1510  lr=1.0e-04  227s
  batch 10/264  loss=0.2646
  batch 20/264  loss=0.2761
  batch 30/264  loss=0.2838
  batch 40/264  loss=0.4416
  batch 50/264  loss=0.3268
  batch 60/264  loss=0.3005
  batch 70/264  loss=0.4488
  batch 80/264  loss=0.3492
  batch 90/264  loss=0.2781
  batch 100/264  loss=0.3917
  batch 110/264  loss=0.3370
  batch 120/264  loss=0.4049
  batch 130/264  loss=0.3863
  batch 140/264  loss=0.3082
  batch 150/264  loss=0.2793
  batch 160/264  loss=0.2994
  batch 170/264  loss=0.2508
  batch 180/264  loss=0.3362
  batch 190/264  loss=0.2577
  batch 200/264  loss=0.2669
  batch 210/264  loss=0.3244
  batch 220/264  loss=0.5254
  batch 230/264  loss=0.2601
  batch 240/264  loss=0.2389
  batch 250/264  loss=0.3469
  batch 260/264  loss=0.2541
Epoch 185/300  train=3.181e-01  rmse=2.0044  lr=1.0e-04  228s
  batch 10/264  loss=0.3020
  batch 20/264  loss=0.3054
  batch 30/264  loss=0.2985
  batch 40/264  loss=0.2747
  batch 50/264  loss=0.3060
  batch 60/264  loss=0.2700
  batch 70/264  loss=0.2630
  batch 80/264  loss=0.2900
  batch 90/264  loss=0.3181
  batch 100/264  loss=0.3557
  batch 110/264  loss=0.2991
  batch 120/264  loss=0.2720
  batch 130/264  loss=0.3410
  batch 140/264  loss=0.2335
  batch 150/264  loss=0.3024
  batch 160/264  loss=0.2852
  batch 170/264  loss=0.3065
  batch 180/264  loss=0.2845
  batch 190/264  loss=0.2710
  batch 200/264  loss=0.2917
  batch 210/264  loss=0.4075
  batch 220/264  loss=0.2536
  batch 230/264  loss=0.3122
  batch 240/264  loss=0.2957
  batch 250/264  loss=0.2516
  batch 260/264  loss=0.3657
Epoch 186/300  train=3.188e-01  rmse=4.2900  lr=1.0e-04  228s
  batch 10/264  loss=0.2591
  batch 20/264  loss=0.3288
  batch 30/264  loss=0.3532
  batch 40/264  loss=0.2531
  batch 50/264  loss=0.3036
  batch 60/264  loss=0.3207
  batch 70/264  loss=0.3465
  batch 80/264  loss=0.2666
  batch 90/264  loss=0.2993
  batch 100/264  loss=0.2490
  batch 110/264  loss=0.2810
  batch 120/264  loss=0.2885
  batch 130/264  loss=0.5113
  batch 140/264  loss=0.2510
  batch 150/264  loss=0.4130
  batch 160/264  loss=0.3634
  batch 170/264  loss=0.2744
  batch 180/264  loss=0.3126
  batch 190/264  loss=0.3773
  batch 200/264  loss=0.2947
  batch 210/264  loss=0.3661
  batch 220/264  loss=0.3112
  batch 230/264  loss=0.2637
  batch 240/264  loss=0.3344
  batch 250/264  loss=0.2747
  batch 260/264  loss=0.3151
Epoch 187/300  train=3.190e-01  rmse=3.5086  lr=1.0e-04  228s
  batch 10/264  loss=0.2625
  batch 20/264  loss=0.4369
  batch 30/264  loss=0.2714
  batch 40/264  loss=0.2710
  batch 50/264  loss=0.2816
  batch 60/264  loss=0.2836
  batch 70/264  loss=0.2939
  batch 80/264  loss=0.2631
  batch 90/264  loss=0.3073
  batch 100/264  loss=0.3125
  batch 110/264  loss=0.2973
  batch 120/264  loss=0.2341
  batch 130/264  loss=0.2525
  batch 140/264  loss=0.4031
  batch 150/264  loss=0.2932
  batch 160/264  loss=0.3383
  batch 170/264  loss=0.2881
  batch 180/264  loss=0.2894
  batch 190/264  loss=0.2601
  batch 200/264  loss=0.2690
  batch 210/264  loss=0.2851
  batch 220/264  loss=0.2575
  batch 230/264  loss=0.2885
  batch 240/264  loss=0.3972
  batch 250/264  loss=0.2542
  batch 260/264  loss=0.3332
Epoch 188/300  train=3.182e-01  rmse=2.1925  lr=1.0e-04  226s
  batch 10/264  loss=0.4580
  batch 20/264  loss=0.2993
  batch 30/264  loss=0.3360
  batch 40/264  loss=0.3189
  batch 50/264  loss=0.2963
  batch 60/264  loss=0.3258
  batch 70/264  loss=0.4417
  batch 80/264  loss=0.3939
  batch 90/264  loss=0.2709
  batch 100/264  loss=0.3038
  batch 110/264  loss=0.2709
  batch 120/264  loss=0.2720
  batch 130/264  loss=0.3356
  batch 140/264  loss=0.2731
  batch 150/264  loss=0.2495
  batch 160/264  loss=0.3683
  batch 170/264  loss=0.3180
  batch 180/264  loss=0.3278
  batch 190/264  loss=0.2432
  batch 200/264  loss=0.2954
  batch 210/264  loss=0.3864
  batch 220/264  loss=0.2547
  batch 230/264  loss=0.2596
  batch 240/264  loss=0.6536
  batch 250/264  loss=0.3305
  batch 260/264  loss=0.2925
Epoch 189/300  train=3.205e-01  rmse=2.8953  lr=1.0e-04  227s
  batch 10/264  loss=0.2664
  batch 20/264  loss=0.4146
  batch 30/264  loss=0.2574
  batch 40/264  loss=0.3002
  batch 50/264  loss=0.2435
  batch 60/264  loss=0.2623
  batch 70/264  loss=0.3700
  batch 80/264  loss=0.3763
  batch 90/264  loss=0.3504
  batch 100/264  loss=0.2994
  batch 110/264  loss=0.2949
  batch 120/264  loss=0.3077
  batch 130/264  loss=0.4012
  batch 140/264  loss=0.3298
  batch 150/264  loss=0.3020
  batch 160/264  loss=0.3940
  batch 170/264  loss=0.2865
  batch 180/264  loss=0.2415
  batch 190/264  loss=0.2909
  batch 200/264  loss=0.2788
  batch 210/264  loss=0.2356
  batch 220/264  loss=0.2389
  batch 230/264  loss=0.5276
  batch 240/264  loss=0.2563
  batch 250/264  loss=0.2861
  batch 260/264  loss=0.3342
Epoch 190/300  train=3.185e-01  rmse=2.1638  lr=1.0e-04  227s
  batch 10/264  loss=0.3032
  batch 20/264  loss=0.2938
  batch 30/264  loss=0.2649
  batch 40/264  loss=0.3062
  batch 50/264  loss=0.5165
  batch 60/264  loss=0.3014
  batch 70/264  loss=0.2492
  batch 80/264  loss=0.3688
  batch 90/264  loss=0.2846
  batch 100/264  loss=0.3626
  batch 110/264  loss=0.2966
  batch 120/264  loss=0.2739
  batch 130/264  loss=0.2743
  batch 140/264  loss=0.2899
  batch 150/264  loss=0.2560
  batch 160/264  loss=0.2823
  batch 170/264  loss=0.2593
  batch 180/264  loss=0.4148
  batch 190/264  loss=0.2695
  batch 200/264  loss=0.3476
  batch 210/264  loss=0.3230
  batch 220/264  loss=0.2755
  batch 230/264  loss=0.4025
  batch 240/264  loss=0.2849
  batch 250/264  loss=0.2819
  batch 260/264  loss=0.2595
Epoch 191/300  train=3.173e-01  rmse=2.2281  lr=5.0e-05  229s
  batch 10/264  loss=0.2869
  batch 20/264  loss=0.2555
  batch 30/264  loss=0.2720
  batch 40/264  loss=0.4293
  batch 50/264  loss=0.4723
  batch 60/264  loss=0.2718
  batch 70/264  loss=0.5846
  batch 80/264  loss=0.3286
  batch 90/264  loss=0.2683
  batch 100/264  loss=0.2587
  batch 110/264  loss=0.2395
  batch 120/264  loss=0.2913
  batch 130/264  loss=0.2542
  batch 140/264  loss=0.2456
  batch 150/264  loss=0.5841
  batch 160/264  loss=0.2844
  batch 170/264  loss=0.4500
  batch 180/264  loss=0.3487
  batch 190/264  loss=0.2436
  batch 200/264  loss=0.3981
  batch 210/264  loss=0.3316
  batch 220/264  loss=0.3556
  batch 230/264  loss=0.4466
  batch 240/264  loss=0.3972
  batch 250/264  loss=0.2515
  batch 260/264  loss=0.3458
Epoch 192/300  train=3.119e-01  rmse=1.7918  lr=5.0e-05  231s
  -> best  monitor=3.119e-01
  batch 10/264  loss=0.3652
  batch 20/264  loss=0.2626
  batch 30/264  loss=0.2827
  batch 40/264  loss=0.3198
  batch 50/264  loss=0.2449
  batch 60/264  loss=0.2761
  batch 70/264  loss=0.2516
  batch 80/264  loss=0.2898
  batch 90/264  loss=0.3530
  batch 100/264  loss=0.2522
  batch 110/264  loss=0.3077
  batch 120/264  loss=0.3456
  batch 130/264  loss=0.2328
  batch 140/264  loss=0.2544
  batch 150/264  loss=0.2737
  batch 160/264  loss=0.2810
  batch 170/264  loss=0.3820
  batch 180/264  loss=0.5282
  batch 190/264  loss=0.2360
  batch 200/264  loss=0.2868
  batch 210/264  loss=0.2867
  batch 220/264  loss=0.3077
  batch 230/264  loss=0.3311
  batch 240/264  loss=0.3160
  batch 250/264  loss=0.3159
  batch 260/264  loss=0.3510
Epoch 193/300  train=3.048e-01  rmse=3.3834  lr=5.0e-05  227s
  -> best  monitor=3.048e-01
  batch 10/264  loss=0.2551
  batch 20/264  loss=0.2821
  batch 30/264  loss=0.3204
  batch 40/264  loss=0.2812
  batch 50/264  loss=0.4481
  batch 60/264  loss=0.2653
  batch 70/264  loss=0.3817
  batch 80/264  loss=0.2660
  batch 90/264  loss=0.2690
  batch 100/264  loss=0.3442
  batch 110/264  loss=0.2525
  batch 120/264  loss=0.3868
  batch 130/264  loss=0.3106
  batch 140/264  loss=0.5480
  batch 150/264  loss=0.5184
  batch 160/264  loss=0.2409
  batch 170/264  loss=0.2959
  batch 180/264  loss=0.2450
  batch 190/264  loss=0.3093
  batch 200/264  loss=0.2793
  batch 210/264  loss=0.3403
  batch 220/264  loss=0.2688
  batch 230/264  loss=0.2792
  batch 240/264  loss=0.2799
  batch 250/264  loss=0.3007
  batch 260/264  loss=0.2642
Epoch 194/300  train=3.090e-01  rmse=2.0096  lr=5.0e-05  227s
  batch 10/264  loss=0.2818
  batch 20/264  loss=0.4750
  batch 30/264  loss=0.2629
  batch 40/264  loss=0.2972
  batch 50/264  loss=0.3020
  batch 60/264  loss=0.3024
  batch 70/264  loss=0.2776
  batch 80/264  loss=0.2540
  batch 90/264  loss=0.3494
  batch 100/264  loss=0.3624
  batch 110/264  loss=0.2454
  batch 120/264  loss=0.2286
  batch 130/264  loss=0.2582
  batch 140/264  loss=0.5435
  batch 150/264  loss=0.2590
  batch 160/264  loss=0.2404
  batch 170/264  loss=0.3484
  batch 180/264  loss=0.2803
  batch 190/264  loss=0.2961
  batch 200/264  loss=0.2541
  batch 210/264  loss=0.2477
  batch 220/264  loss=0.3286
  batch 230/264  loss=0.2732
  batch 240/264  loss=0.3568
  batch 250/264  loss=0.2255
  batch 260/264  loss=0.2661
Epoch 195/300  train=3.027e-01  rmse=1.7109  lr=5.0e-05  227s
  -> best  monitor=3.027e-01
  batch 10/264  loss=0.3918
  batch 20/264  loss=0.2274
  batch 30/264  loss=0.2417
  batch 40/264  loss=0.2259
  batch 50/264  loss=0.2671
  batch 60/264  loss=0.3325
  batch 70/264  loss=0.3229
  batch 80/264  loss=0.2712
  batch 90/264  loss=0.3115
  batch 100/264  loss=0.2575
  batch 110/264  loss=0.2963
  batch 120/264  loss=0.2716
  batch 130/264  loss=0.2985
  batch 140/264  loss=0.3055
  batch 150/264  loss=0.2767
  batch 160/264  loss=0.3964
  batch 170/264  loss=0.4613
  batch 180/264  loss=0.2775
  batch 190/264  loss=0.2394
  batch 200/264  loss=0.2310
  batch 210/264  loss=0.3894
  batch 220/264  loss=0.2862
  batch 230/264  loss=0.3138
  batch 240/264  loss=0.2857
  batch 250/264  loss=0.3458
  batch 260/264  loss=0.2824
Epoch 196/300  train=3.059e-01  rmse=1.9952  lr=5.0e-05  228s
  batch 10/264  loss=0.2781
  batch 20/264  loss=0.2400
  batch 30/264  loss=0.2305
  batch 40/264  loss=0.3331
  batch 50/264  loss=0.2927
  batch 60/264  loss=0.2858
  batch 70/264  loss=0.3029
  batch 80/264  loss=0.3961
  batch 90/264  loss=0.3591
  batch 100/264  loss=0.2787
  batch 110/264  loss=0.2666
  batch 120/264  loss=0.2589
  batch 130/264  loss=0.7258
  batch 140/264  loss=0.4080
  batch 150/264  loss=0.3858
  batch 160/264  loss=0.2742
  batch 170/264  loss=0.2773
  batch 180/264  loss=0.2425
  batch 190/264  loss=0.2463
  batch 200/264  loss=0.3246
  batch 210/264  loss=0.2922
  batch 220/264  loss=0.2941
  batch 230/264  loss=0.3889
  batch 240/264  loss=0.3262
  batch 250/264  loss=0.2751
  batch 260/264  loss=0.3114
Epoch 197/300  train=3.081e-01  rmse=3.6315  lr=5.0e-05  228s
  batch 10/264  loss=0.2343
  batch 20/264  loss=0.2525
  batch 30/264  loss=0.2615
  batch 40/264  loss=0.2600
  batch 50/264  loss=0.3035
  batch 60/264  loss=0.3113
  batch 70/264  loss=0.2556
  batch 80/264  loss=0.3603
  batch 90/264  loss=0.2344
  batch 100/264  loss=0.2253
  batch 110/264  loss=0.2855
  batch 120/264  loss=0.2174
  batch 130/264  loss=0.2790
  batch 140/264  loss=0.2752
  batch 150/264  loss=0.2986
  batch 160/264  loss=0.2513
  batch 170/264  loss=0.3503
  batch 180/264  loss=0.3433
  batch 190/264  loss=0.2882
  batch 200/264  loss=0.2888
  batch 210/264  loss=0.3244
  batch 220/264  loss=0.3692
  batch 230/264  loss=0.2698
  batch 240/264  loss=0.3046
  batch 250/264  loss=0.2990
  batch 260/264  loss=0.2725
Epoch 198/300  train=3.040e-01  rmse=1.8295  lr=5.0e-05  228s
  batch 10/264  loss=0.2184
  batch 20/264  loss=0.3095
  batch 30/264  loss=0.3223
  batch 40/264  loss=0.2911
  batch 50/264  loss=0.3728
  batch 60/264  loss=0.2385
  batch 70/264  loss=0.2867
  batch 80/264  loss=0.2453
  batch 90/264  loss=0.2744
  batch 100/264  loss=0.2455
  batch 110/264  loss=0.2796
  batch 120/264  loss=0.3052
  batch 130/264  loss=0.2975
  batch 140/264  loss=0.3322
  batch 150/264  loss=0.2726
  batch 160/264  loss=0.3567
  batch 170/264  loss=0.2638
  batch 180/264  loss=0.2405
  batch 190/264  loss=0.4459
  batch 200/264  loss=0.2384
  batch 210/264  loss=0.2771
  batch 220/264  loss=0.3163
  batch 230/264  loss=0.2628
  batch 240/264  loss=0.2514
  batch 250/264  loss=0.3401
  batch 260/264  loss=0.4831
Epoch 199/300  train=3.062e-01  rmse=1.9752  lr=5.0e-05  228s
  batch 10/264  loss=0.3379
  batch 20/264  loss=0.3725
  batch 30/264  loss=0.2814
  batch 40/264  loss=0.3387
  batch 50/264  loss=0.3057
  batch 60/264  loss=0.4318
  batch 70/264  loss=0.3684
  batch 80/264  loss=0.2540
  batch 90/264  loss=0.3252
  batch 100/264  loss=0.2662
  batch 110/264  loss=0.2719
  batch 120/264  loss=0.4834
  batch 130/264  loss=0.3383
  batch 140/264  loss=0.2885
  batch 150/264  loss=0.2911
  batch 160/264  loss=0.2723
  batch 170/264  loss=0.3980
  batch 180/264  loss=0.2375
  batch 190/264  loss=0.2733
  batch 200/264  loss=0.3959
  batch 210/264  loss=0.3996
  batch 220/264  loss=0.3995
  batch 230/264  loss=0.3246
  batch 240/264  loss=0.3586
  batch 250/264  loss=0.2760
  batch 260/264  loss=0.2292
Epoch 200/300  train=3.052e-01  rmse=3.2411  lr=5.0e-05  227s
  batch 10/264  loss=0.2391
  batch 20/264  loss=0.2883
  batch 30/264  loss=0.2771
  batch 40/264  loss=0.2970
  batch 50/264  loss=0.2994
  batch 60/264  loss=0.2700
  batch 70/264  loss=0.3011
  batch 80/264  loss=0.3115
  batch 90/264  loss=0.3469
  batch 100/264  loss=0.3585
  batch 110/264  loss=0.2404
  batch 120/264  loss=0.2746
  batch 130/264  loss=0.3009
  batch 140/264  loss=0.3261
  batch 150/264  loss=0.2621
  batch 160/264  loss=0.2805
  batch 170/264  loss=0.4645
  batch 180/264  loss=0.3660
  batch 190/264  loss=0.2398
  batch 200/264  loss=0.4406
  batch 210/264  loss=0.2350
  batch 220/264  loss=0.4068
  batch 230/264  loss=0.2389
  batch 240/264  loss=0.3070
  batch 250/264  loss=0.2776
  batch 260/264  loss=0.2385
Epoch 201/300  train=3.052e-01  rmse=1.9347  lr=5.0e-05  227s
  batch 10/264  loss=0.2572
  batch 20/264  loss=0.2935
  batch 30/264  loss=0.2957
  batch 40/264  loss=0.2727
  batch 50/264  loss=0.3229
  batch 60/264  loss=0.2741
  batch 70/264  loss=0.3035
  batch 80/264  loss=0.4399
  batch 90/264  loss=0.2370
  batch 100/264  loss=0.3849
  batch 110/264  loss=0.2142
  batch 120/264  loss=0.2690
  batch 130/264  loss=0.2472
  batch 140/264  loss=0.4275
  batch 150/264  loss=0.3428
  batch 160/264  loss=0.3058
  batch 170/264  loss=0.3822
  batch 180/264  loss=0.3726
  batch 190/264  loss=0.2341
  batch 200/264  loss=0.2361
  batch 210/264  loss=0.2515
  batch 220/264  loss=0.3139
  batch 230/264  loss=0.3162
  batch 240/264  loss=0.2175
  batch 250/264  loss=0.3877
  batch 260/264  loss=0.3470
Epoch 202/300  train=3.033e-01  rmse=2.4186  lr=5.0e-05  228s
  batch 10/264  loss=0.3286
  batch 20/264  loss=0.3749
  batch 30/264  loss=0.3180
  batch 40/264  loss=0.2836
  batch 50/264  loss=0.3030
  batch 60/264  loss=0.2740
  batch 70/264  loss=0.3097
  batch 80/264  loss=0.3885
  batch 90/264  loss=0.2413
  batch 100/264  loss=0.2417
  batch 110/264  loss=0.2341
  batch 120/264  loss=0.4029
  batch 130/264  loss=0.3010
  batch 140/264  loss=0.2609
  batch 150/264  loss=0.2716
  batch 160/264  loss=0.2727
  batch 170/264  loss=0.2432
  batch 180/264  loss=0.3805
  batch 190/264  loss=0.4237
  batch 200/264  loss=0.2576
  batch 210/264  loss=0.2944
  batch 220/264  loss=0.3269
  batch 230/264  loss=0.2933
  batch 240/264  loss=0.2427
  batch 250/264  loss=0.3120
  batch 260/264  loss=0.2716
Epoch 203/300  train=3.055e-01  rmse=1.8454  lr=5.0e-05  228s
  batch 10/264  loss=0.2540
  batch 20/264  loss=0.2806
  batch 30/264  loss=0.2833
  batch 40/264  loss=0.2581
  batch 50/264  loss=0.3203
  batch 60/264  loss=0.2615
  batch 70/264  loss=0.2665
  batch 80/264  loss=0.2560
  batch 90/264  loss=0.2588
  batch 100/264  loss=0.3903
  batch 110/264  loss=0.2639
  batch 120/264  loss=0.3228
  batch 130/264  loss=0.3631
  batch 140/264  loss=0.4525
  batch 150/264  loss=0.3770
  batch 160/264  loss=0.3809
  batch 170/264  loss=0.3045
  batch 180/264  loss=0.2583
  batch 190/264  loss=0.3764
  batch 200/264  loss=0.2347
  batch 210/264  loss=0.2859
  batch 220/264  loss=0.3207
  batch 230/264  loss=0.2463
  batch 240/264  loss=0.2798
  batch 250/264  loss=0.2530
  batch 260/264  loss=0.2545
Epoch 204/300  train=3.058e-01  rmse=2.9712  lr=5.0e-05  228s
  batch 10/264  loss=0.2934
  batch 20/264  loss=0.3057
  batch 30/264  loss=0.2769
  batch 40/264  loss=0.3283
  batch 50/264  loss=0.2872
  batch 60/264  loss=0.2768
  batch 70/264  loss=0.3465
  batch 80/264  loss=0.3079
  batch 90/264  loss=0.2899
  batch 100/264  loss=0.2914
  batch 110/264  loss=0.2567
  batch 120/264  loss=0.2860
  batch 130/264  loss=0.2748
  batch 140/264  loss=0.2291
  batch 150/264  loss=0.3547
  batch 160/264  loss=0.2766
  batch 170/264  loss=0.2638
  batch 180/264  loss=0.4075
  batch 190/264  loss=0.2444
  batch 200/264  loss=0.3235
  batch 210/264  loss=0.3171
  batch 220/264  loss=0.2817
  batch 230/264  loss=0.3821
  batch 240/264  loss=0.2271
  batch 250/264  loss=0.2955
  batch 260/264  loss=0.4399
Epoch 205/300  train=3.016e-01  rmse=2.1464  lr=5.0e-05  228s
  -> best  monitor=3.016e-01
  batch 10/264  loss=0.2990
  batch 20/264  loss=0.2795
  batch 30/264  loss=0.2753
  batch 40/264  loss=0.2559
  batch 50/264  loss=0.2575
  batch 60/264  loss=0.2869
  batch 70/264  loss=0.2466
  batch 80/264  loss=0.2866
  batch 90/264  loss=0.3015
  batch 100/264  loss=0.2271
  batch 110/264  loss=0.3226
  batch 120/264  loss=0.3594
  batch 130/264  loss=0.3692
  batch 140/264  loss=0.4461
  batch 150/264  loss=0.2638
  batch 160/264  loss=0.2855
  batch 170/264  loss=0.3995
  batch 180/264  loss=0.2742
  batch 190/264  loss=0.2765
  batch 200/264  loss=0.2786
  batch 210/264  loss=0.2999
  batch 220/264  loss=0.2807
  batch 230/264  loss=0.3058
  batch 240/264  loss=0.2974
  batch 250/264  loss=0.3118
  batch 260/264  loss=0.2768
Epoch 206/300  train=3.049e-01  rmse=2.3253  lr=5.0e-05  227s
  batch 10/264  loss=0.3257
  batch 20/264  loss=0.2869
  batch 30/264  loss=0.3196
  batch 40/264  loss=0.2629
  batch 50/264  loss=0.2515
  batch 60/264  loss=0.3363
  batch 70/264  loss=0.5422
  batch 80/264  loss=0.2510
  batch 90/264  loss=0.2997
  batch 100/264  loss=0.4418
  batch 110/264  loss=0.4605
  batch 120/264  loss=0.2396
  batch 130/264  loss=0.2641
  batch 140/264  loss=0.2607
  batch 150/264  loss=0.2881
  batch 160/264  loss=0.2567
  batch 170/264  loss=0.4230
  batch 180/264  loss=0.2572
  batch 190/264  loss=0.3139
  batch 200/264  loss=0.2692
  batch 210/264  loss=0.2414
  batch 220/264  loss=0.2589
  batch 230/264  loss=0.3591
  batch 240/264  loss=0.3392
  batch 250/264  loss=0.3061
  batch 260/264  loss=0.2612
Epoch 207/300  train=3.043e-01  rmse=2.1959  lr=5.0e-05  228s
  batch 10/264  loss=0.3094
  batch 20/264  loss=0.2313
  batch 30/264  loss=0.3355
  batch 40/264  loss=0.4167
  batch 50/264  loss=0.2571
  batch 60/264  loss=0.2367
  batch 70/264  loss=0.3258
  batch 80/264  loss=0.2558
  batch 90/264  loss=0.3143
  batch 100/264  loss=0.2948
  batch 110/264  loss=0.2615
  batch 120/264  loss=0.2837
  batch 130/264  loss=0.2211
  batch 140/264  loss=0.2799
  batch 150/264  loss=0.3413
  batch 160/264  loss=0.4389
  batch 170/264  loss=0.3246
  batch 180/264  loss=0.6608
  batch 190/264  loss=0.2465
  batch 200/264  loss=0.3476
  batch 210/264  loss=0.2224
  batch 220/264  loss=0.2790
  batch 230/264  loss=0.2741
  batch 240/264  loss=0.3260
  batch 250/264  loss=0.3517
  batch 260/264  loss=0.2458
Epoch 208/300  train=3.044e-01  rmse=2.6127  lr=5.0e-05  230s
  batch 10/264  loss=0.2726
  batch 20/264  loss=0.3998
  batch 30/264  loss=0.2656
  batch 40/264  loss=0.3849
  batch 50/264  loss=0.2499
  batch 60/264  loss=0.2819
  batch 70/264  loss=0.2463
  batch 80/264  loss=0.3316
  batch 90/264  loss=0.2277
  batch 100/264  loss=0.2843
  batch 110/264  loss=0.2534
  batch 120/264  loss=0.2359
  batch 130/264  loss=0.2789
  batch 140/264  loss=0.2639
  batch 150/264  loss=0.3204
  batch 160/264  loss=0.2301
  batch 170/264  loss=0.3066
  batch 180/264  loss=0.3239
  batch 190/264  loss=0.3619
  batch 200/264  loss=0.2520
  batch 210/264  loss=0.2998
  batch 220/264  loss=0.3162
  batch 230/264  loss=0.2939
  batch 240/264  loss=0.3601
  batch 250/264  loss=0.3077
  batch 260/264  loss=0.2788
Epoch 209/300  train=3.006e-01  rmse=1.7521  lr=5.0e-05  227s
  -> best  monitor=3.006e-01
  batch 10/264  loss=0.3033
  batch 20/264  loss=0.2812
  batch 30/264  loss=0.2599
  batch 40/264  loss=0.2566
  batch 50/264  loss=0.2878
  batch 60/264  loss=0.2949
  batch 70/264  loss=0.2886
  batch 80/264  loss=0.2719
  batch 90/264  loss=0.3246
  batch 100/264  loss=0.3458
  batch 110/264  loss=0.2796
  batch 120/264  loss=0.2564
  batch 130/264  loss=0.3585
  batch 140/264  loss=0.3023
  batch 150/264  loss=0.3123
  batch 160/264  loss=0.3890
  batch 170/264  loss=0.3251
  batch 180/264  loss=0.3220
  batch 190/264  loss=0.3184
  batch 200/264  loss=0.4133
  batch 210/264  loss=0.3857
  batch 220/264  loss=0.2738
  batch 230/264  loss=0.2661
  batch 240/264  loss=0.2404
  batch 250/264  loss=0.2560
  batch 260/264  loss=0.2322
Epoch 210/300  train=3.044e-01  rmse=2.6806  lr=5.0e-05  227s
  batch 10/264  loss=0.2442
  batch 20/264  loss=0.3958
  batch 30/264  loss=0.2796
  batch 40/264  loss=0.2933
  batch 50/264  loss=0.3186
  batch 60/264  loss=0.3901
  batch 70/264  loss=0.2462
  batch 80/264  loss=0.3338
  batch 90/264  loss=0.3159
  batch 100/264  loss=0.4767
  batch 110/264  loss=0.2825
  batch 120/264  loss=0.2502
  batch 130/264  loss=0.2441
  batch 140/264  loss=0.2918
  batch 150/264  loss=0.3387
  batch 160/264  loss=0.3701
  batch 170/264  loss=0.2901
  batch 180/264  loss=0.3236
  batch 190/264  loss=0.3359
  batch 200/264  loss=0.2752
  batch 210/264  loss=0.2698
  batch 220/264  loss=0.2622
  batch 230/264  loss=0.2818
  batch 240/264  loss=0.3584
  batch 250/264  loss=0.2709
  batch 260/264  loss=0.2801
Epoch 211/300  train=3.037e-01  rmse=1.7589  lr=5.0e-05  228s
  batch 10/264  loss=0.3920
  batch 20/264  loss=0.3381
  batch 30/264  loss=0.2719
  batch 40/264  loss=0.2878
  batch 50/264  loss=0.2546
  batch 60/264  loss=0.2318
  batch 70/264  loss=0.2331
  batch 80/264  loss=0.2656
  batch 90/264  loss=0.2490
  batch 100/264  loss=0.4053
  batch 110/264  loss=0.2786
  batch 120/264  loss=0.2912
  batch 130/264  loss=0.2367
  batch 140/264  loss=0.2467
  batch 150/264  loss=0.2533
  batch 160/264  loss=0.3723
  batch 170/264  loss=0.3946
  batch 180/264  loss=0.2435
  batch 190/264  loss=0.3046
  batch 200/264  loss=0.2259
  batch 210/264  loss=0.3975
  batch 220/264  loss=0.2964
  batch 230/264  loss=0.2604
  batch 240/264  loss=0.2723
  batch 250/264  loss=0.2983
  batch 260/264  loss=0.3824
Epoch 212/300  train=3.024e-01  rmse=2.6860  lr=5.0e-05  228s
  batch 10/264  loss=0.2974
  batch 20/264  loss=0.2616
  batch 30/264  loss=0.2331
  batch 40/264  loss=0.2844
  batch 50/264  loss=0.2894
  batch 60/264  loss=0.2490
  batch 70/264  loss=0.2641
  batch 80/264  loss=0.2975
  batch 90/264  loss=0.3220
  batch 100/264  loss=0.2704
  batch 110/264  loss=0.3118
  batch 120/264  loss=0.2299
  batch 130/264  loss=0.2365
  batch 140/264  loss=0.3000
  batch 150/264  loss=0.2623
  batch 160/264  loss=0.2680
  batch 170/264  loss=0.2530
  batch 180/264  loss=0.2807
  batch 190/264  loss=0.2970
  batch 200/264  loss=0.3388
  batch 210/264  loss=0.3009
  batch 220/264  loss=0.2522
  batch 230/264  loss=0.2606
  batch 240/264  loss=0.3201
  batch 250/264  loss=0.4678
  batch 260/264  loss=0.2517
Epoch 213/300  train=3.012e-01  rmse=2.3395  lr=5.0e-05  228s
  batch 10/264  loss=0.3204
  batch 20/264  loss=0.2745
  batch 30/264  loss=0.2383
  batch 40/264  loss=0.2958
  batch 50/264  loss=0.2452
  batch 60/264  loss=0.3206
  batch 70/264  loss=0.4335
  batch 80/264  loss=0.6130
  batch 90/264  loss=0.2812
  batch 100/264  loss=0.2258
  batch 110/264  loss=0.3053
  batch 120/264  loss=0.2759
  batch 130/264  loss=0.3147
  batch 140/264  loss=0.2644
  batch 150/264  loss=0.3712
  batch 160/264  loss=0.2487
  batch 170/264  loss=0.3417
  batch 180/264  loss=0.3018
  batch 190/264  loss=0.3992
  batch 200/264  loss=0.2474
  batch 210/264  loss=0.2620
  batch 220/264  loss=0.2935
  batch 230/264  loss=0.2460
  batch 240/264  loss=0.2357
  batch 250/264  loss=0.3508
  batch 260/264  loss=0.2618
Epoch 214/300  train=3.024e-01  rmse=3.9308  lr=5.0e-05  229s
  batch 10/264  loss=0.2868
  batch 20/264  loss=0.3035
  batch 30/264  loss=0.3248
  batch 40/264  loss=0.2896
  batch 50/264  loss=0.3519
  batch 60/264  loss=0.2454
  batch 70/264  loss=0.3183
  batch 80/264  loss=0.3211
  batch 90/264  loss=0.3190
  batch 100/264  loss=0.3741
  batch 110/264  loss=0.2539
  batch 120/264  loss=0.2748
  batch 130/264  loss=0.3174
  batch 140/264  loss=0.2591
  batch 150/264  loss=0.2605
  batch 160/264  loss=0.3462
  batch 170/264  loss=0.3063
  batch 180/264  loss=0.3773
  batch 190/264  loss=0.2481
  batch 200/264  loss=0.3655
  batch 210/264  loss=0.2522
  batch 220/264  loss=0.2564
  batch 230/264  loss=0.2344
  batch 240/264  loss=0.2534
  batch 250/264  loss=0.2789
  batch 260/264  loss=0.2235
Epoch 215/300  train=3.029e-01  rmse=2.0489  lr=5.0e-05  228s
  batch 10/264  loss=0.2657
  batch 20/264  loss=0.5079
  batch 30/264  loss=0.2986
  batch 40/264  loss=0.2707
  batch 50/264  loss=0.2747
  batch 60/264  loss=0.2844
  batch 70/264  loss=0.2842
  batch 80/264  loss=0.3239
  batch 90/264  loss=0.2831
  batch 100/264  loss=0.2762
  batch 110/264  loss=0.2711
  batch 120/264  loss=0.2551
  batch 130/264  loss=0.3720
  batch 140/264  loss=0.2383
  batch 150/264  loss=0.2738
  batch 160/264  loss=0.3528
  batch 170/264  loss=0.2268
  batch 180/264  loss=0.3608
  batch 190/264  loss=0.3484
  batch 200/264  loss=0.3211
  batch 210/264  loss=0.2863
  batch 220/264  loss=0.3614
  batch 230/264  loss=0.2443
  batch 240/264  loss=0.5648
  batch 250/264  loss=0.2761
  batch 260/264  loss=0.3970
Epoch 216/300  train=3.030e-01  rmse=2.3427  lr=5.0e-05  228s
  batch 10/264  loss=0.2807
  batch 20/264  loss=0.3328
  batch 30/264  loss=0.2404
  batch 40/264  loss=0.3298
  batch 50/264  loss=0.3024
  batch 60/264  loss=0.2901
  batch 70/264  loss=0.3071
  batch 80/264  loss=0.2745
  batch 90/264  loss=0.2901
  batch 100/264  loss=0.2927
  batch 110/264  loss=0.2768
  batch 120/264  loss=0.2354
  batch 130/264  loss=0.3184
  batch 140/264  loss=0.2825
  batch 150/264  loss=0.2446
  batch 160/264  loss=0.2233
  batch 170/264  loss=0.2324
  batch 180/264  loss=0.3468
  batch 190/264  loss=0.2514
  batch 200/264  loss=0.3065
  batch 210/264  loss=0.4831
  batch 220/264  loss=0.2588
  batch 230/264  loss=0.2310
  batch 240/264  loss=0.2716
  batch 250/264  loss=0.2857
  batch 260/264  loss=0.2555
Epoch 217/300  train=3.011e-01  rmse=1.9145  lr=5.0e-05  228s
  batch 10/264  loss=0.3659
  batch 20/264  loss=0.3058
  batch 30/264  loss=0.2253
  batch 40/264  loss=0.4186
  batch 50/264  loss=0.2371
  batch 60/264  loss=0.2515
  batch 70/264  loss=0.4467
  batch 80/264  loss=0.3379
  batch 90/264  loss=0.2615
  batch 100/264  loss=0.2338
  batch 110/264  loss=0.3484
  batch 120/264  loss=0.2857
  batch 130/264  loss=0.3032
  batch 140/264  loss=0.2506
  batch 150/264  loss=0.2856
  batch 160/264  loss=0.2789
  batch 170/264  loss=0.2304
  batch 180/264  loss=0.3342
  batch 190/264  loss=0.2667
  batch 200/264  loss=0.3280
  batch 210/264  loss=0.3885
  batch 220/264  loss=0.2289
  batch 230/264  loss=0.2348
  batch 240/264  loss=0.2901
  batch 250/264  loss=0.2292
  batch 260/264  loss=0.3511
Epoch 218/300  train=3.034e-01  rmse=2.5750  lr=5.0e-05  227s
  batch 10/264  loss=0.3023
  batch 20/264  loss=0.2907
  batch 30/264  loss=0.3832
  batch 40/264  loss=0.6333
  batch 50/264  loss=0.2474
  batch 60/264  loss=0.2784
  batch 70/264  loss=0.5187
  batch 80/264  loss=0.2706
  batch 90/264  loss=0.5265
  batch 100/264  loss=0.3382
  batch 110/264  loss=0.2532
  batch 120/264  loss=0.2242
  batch 130/264  loss=0.2875
  batch 140/264  loss=0.2354
  batch 150/264  loss=0.2532
  batch 160/264  loss=0.3113
  batch 170/264  loss=0.4151
  batch 180/264  loss=0.3033
  batch 190/264  loss=0.2398
  batch 200/264  loss=0.3265
  batch 210/264  loss=0.2811
  batch 220/264  loss=0.3558
  batch 230/264  loss=0.3080
  batch 240/264  loss=0.2959
  batch 250/264  loss=0.2649
  batch 260/264  loss=0.3727
Epoch 219/300  train=3.009e-01  rmse=3.4738  lr=5.0e-05  230s
  batch 10/264  loss=0.2825
  batch 20/264  loss=0.5647
  batch 30/264  loss=0.2790
  batch 40/264  loss=0.4067
  batch 50/264  loss=0.3354
  batch 60/264  loss=0.2961
  batch 70/264  loss=0.2701
  batch 80/264  loss=0.2439
  batch 90/264  loss=0.2620
  batch 100/264  loss=0.3169
  batch 110/264  loss=0.2577
  batch 120/264  loss=0.2348
  batch 130/264  loss=0.4063
  batch 140/264  loss=0.2362
  batch 150/264  loss=0.2548
  batch 160/264  loss=0.3950
  batch 170/264  loss=0.3650
  batch 180/264  loss=0.2334
  batch 190/264  loss=0.2748
  batch 200/264  loss=0.3173
  batch 210/264  loss=0.3235
  batch 220/264  loss=0.2831
  batch 230/264  loss=0.2854
  batch 240/264  loss=0.2508
  batch 250/264  loss=0.2809
  batch 260/264  loss=0.4313
Epoch 220/300  train=3.030e-01  rmse=2.3247  lr=2.5e-05  229s
  batch 10/264  loss=0.3729
  batch 20/264  loss=0.2505
  batch 30/264  loss=0.3198
  batch 40/264  loss=0.2808
  batch 50/264  loss=0.2856
  batch 60/264  loss=0.2959
  batch 70/264  loss=0.2883
  batch 80/264  loss=0.4175
  batch 90/264  loss=0.2419
  batch 100/264  loss=0.2698
  batch 110/264  loss=0.2227
  batch 120/264  loss=0.3322
  batch 130/264  loss=0.2782
  batch 140/264  loss=0.3375
  batch 150/264  loss=0.3107
  batch 160/264  loss=0.3270
  batch 170/264  loss=0.2772
  batch 180/264  loss=0.2746
  batch 190/264  loss=0.2635
  batch 200/264  loss=0.2678
  batch 210/264  loss=0.2614
  batch 220/264  loss=0.2483
  batch 230/264  loss=0.2793
  batch 240/264  loss=0.2874
  batch 250/264  loss=0.2959
  batch 260/264  loss=0.2429
Epoch 221/300  train=2.973e-01  rmse=2.9399  lr=2.5e-05  228s
  -> best  monitor=2.973e-01
  batch 10/264  loss=0.3545
  batch 20/264  loss=0.2474
  batch 30/264  loss=0.2345
  batch 40/264  loss=0.3214
  batch 50/264  loss=0.4595
  batch 60/264  loss=0.2510
  batch 70/264  loss=0.2728
  batch 80/264  loss=0.2780
  batch 90/264  loss=0.3267
  batch 100/264  loss=0.2862
  batch 110/264  loss=0.2726
  batch 120/264  loss=0.2342
  batch 130/264  loss=0.2646
  batch 140/264  loss=0.2539
  batch 150/264  loss=0.2849
  batch 160/264  loss=0.2370
  batch 170/264  loss=0.2521
  batch 180/264  loss=0.2911
  batch 190/264  loss=0.2864
  batch 200/264  loss=0.2447
  batch 210/264  loss=0.2631
  batch 220/264  loss=0.4011
  batch 230/264  loss=0.3138
  batch 240/264  loss=0.2593
  batch 250/264  loss=0.4528
  batch 260/264  loss=0.3317
Epoch 222/300  train=2.997e-01  rmse=3.0547  lr=2.5e-05  227s
  batch 10/264  loss=0.3508
  batch 20/264  loss=0.2269
  batch 30/264  loss=0.2616
  batch 40/264  loss=0.2910
  batch 50/264  loss=0.3353
  batch 60/264  loss=0.2923
  batch 70/264  loss=0.3094
  batch 80/264  loss=0.2496
  batch 90/264  loss=0.2273
  batch 100/264  loss=0.2581
  batch 110/264  loss=0.2504
  batch 120/264  loss=0.3376
  batch 130/264  loss=0.2702
  batch 140/264  loss=0.3153
  batch 150/264  loss=0.2997
  batch 160/264  loss=0.2733
  batch 170/264  loss=0.2366
  batch 180/264  loss=0.3391
  batch 190/264  loss=0.2857
  batch 200/264  loss=0.2593
  batch 210/264  loss=0.2689
  batch 220/264  loss=0.2527
  batch 230/264  loss=0.2752
  batch 240/264  loss=0.2652
  batch 250/264  loss=0.4027
  batch 260/264  loss=0.3762
Epoch 223/300  train=2.937e-01  rmse=3.7107  lr=2.5e-05  227s
  -> best  monitor=2.937e-01
  batch 10/264  loss=0.3401
  batch 20/264  loss=0.3244
  batch 30/264  loss=0.2685
  batch 40/264  loss=0.2763
  batch 50/264  loss=0.3323
  batch 60/264  loss=0.2234
  batch 70/264  loss=0.2349
  batch 80/264  loss=0.4854
  batch 90/264  loss=0.2575
  batch 100/264  loss=0.2557
  batch 110/264  loss=0.3690
  batch 120/264  loss=0.3002
  batch 130/264  loss=0.2443
  batch 140/264  loss=0.3044
  batch 150/264  loss=0.4026
  batch 160/264  loss=0.2479
  batch 170/264  loss=0.2436
  batch 180/264  loss=0.2947
  batch 190/264  loss=0.3726
  batch 200/264  loss=0.3170
  batch 210/264  loss=0.3797
  batch 220/264  loss=0.2816
  batch 230/264  loss=0.2611
  batch 240/264  loss=0.3184
  batch 250/264  loss=0.2458
  batch 260/264  loss=0.2665
Epoch 224/300  train=2.967e-01  rmse=2.7943  lr=2.5e-05  228s
  batch 10/264  loss=0.2558
  batch 20/264  loss=0.2427
  batch 30/264  loss=0.3816
  batch 40/264  loss=0.2371
  batch 50/264  loss=0.2909
  batch 60/264  loss=0.2639
  batch 70/264  loss=0.2659
  batch 80/264  loss=0.3045
  batch 90/264  loss=0.2189
  batch 100/264  loss=0.2271
  batch 110/264  loss=0.7399
  batch 120/264  loss=0.2586
  batch 130/264  loss=0.2433
  batch 140/264  loss=0.2505
  batch 150/264  loss=0.4033
  batch 160/264  loss=0.2630
  batch 170/264  loss=0.3000
  batch 180/264  loss=0.2709
  batch 190/264  loss=0.2686
  batch 200/264  loss=0.2966
  batch 210/264  loss=0.2717
  batch 220/264  loss=0.2528
  batch 230/264  loss=0.2371
  batch 240/264  loss=0.3983
  batch 250/264  loss=0.2492
  batch 260/264  loss=0.3693
Epoch 225/300  train=2.970e-01  rmse=2.2898  lr=2.5e-05  228s
  batch 10/264  loss=0.2263
  batch 20/264  loss=0.2902
  batch 30/264  loss=0.3684
  batch 40/264  loss=0.3140
  batch 50/264  loss=0.2731
  batch 60/264  loss=0.2852
  batch 70/264  loss=0.2757
  batch 80/264  loss=0.3788
  batch 90/264  loss=0.2785
  batch 100/264  loss=0.2658
  batch 110/264  loss=0.2935
  batch 120/264  loss=0.2890
  batch 130/264  loss=0.4235
  batch 140/264  loss=0.3399
  batch 150/264  loss=0.2386
  batch 160/264  loss=0.3888
  batch 170/264  loss=0.3091
  batch 180/264  loss=0.3516
  batch 190/264  loss=0.2638
  batch 200/264  loss=0.2676
  batch 210/264  loss=0.3451
  batch 220/264  loss=0.2450
  batch 230/264  loss=0.4348
  batch 240/264  loss=0.2281
  batch 250/264  loss=0.3677
  batch 260/264  loss=0.2479
Epoch 226/300  train=2.966e-01  rmse=2.3541  lr=2.5e-05  229s
  batch 10/264  loss=0.2668
  batch 20/264  loss=0.3827
  batch 30/264  loss=0.3601
  batch 40/264  loss=0.2914
  batch 50/264  loss=0.2784
  batch 60/264  loss=0.2364
  batch 70/264  loss=0.3184
  batch 80/264  loss=0.2284
  batch 90/264  loss=0.2632
  batch 100/264  loss=0.2495
  batch 110/264  loss=0.3025
  batch 120/264  loss=0.2379
  batch 130/264  loss=0.2346
  batch 140/264  loss=0.4681
  batch 150/264  loss=0.3576
  batch 160/264  loss=0.2171
  batch 170/264  loss=0.2502
  batch 180/264  loss=0.3045
  batch 190/264  loss=0.2450
  batch 200/264  loss=0.2262
  batch 210/264  loss=0.2844
  batch 220/264  loss=0.2711
  batch 230/264  loss=0.2404
  batch 240/264  loss=0.2600
  batch 250/264  loss=0.2695
  batch 260/264  loss=0.3090
Epoch 227/300  train=2.937e-01  rmse=2.4730  lr=2.5e-05  229s
  -> best  monitor=2.937e-01
  batch 10/264  loss=0.2236
  batch 20/264  loss=0.2831
  batch 30/264  loss=0.3703
  batch 40/264  loss=0.2489
  batch 50/264  loss=0.2339
  batch 60/264  loss=0.4055
  batch 70/264  loss=0.2402
  batch 80/264  loss=0.3137
  batch 90/264  loss=0.3164
  batch 100/264  loss=0.2340
  batch 110/264  loss=0.2837
  batch 120/264  loss=0.2261
  batch 130/264  loss=0.2804
  batch 140/264  loss=0.3079
  batch 150/264  loss=0.2250
  batch 160/264  loss=0.3521
  batch 170/264  loss=0.3374
  batch 180/264  loss=0.2516
  batch 190/264  loss=0.2990
  batch 200/264  loss=0.3987
  batch 210/264  loss=0.2813
  batch 220/264  loss=0.3501
  batch 230/264  loss=0.2422
  batch 240/264  loss=0.2670
  batch 250/264  loss=0.2322
  batch 260/264  loss=0.5571
Epoch 228/300  train=2.967e-01  rmse=2.4778  lr=2.5e-05  230s
  batch 10/264  loss=0.2769
  batch 20/264  loss=0.3401
  batch 30/264  loss=0.2720
  batch 40/264  loss=0.3063
  batch 50/264  loss=0.2517
  batch 60/264  loss=0.3059
  batch 70/264  loss=0.3423
  batch 80/264  loss=0.2771
  batch 90/264  loss=0.3374
  batch 100/264  loss=0.2505
  batch 110/264  loss=0.3216
  batch 120/264  loss=0.2332
  batch 130/264  loss=0.3206
  batch 140/264  loss=0.3456
  batch 150/264  loss=0.2514
  batch 160/264  loss=0.2603
  batch 170/264  loss=0.4042
  batch 180/264  loss=0.3156
  batch 190/264  loss=0.3032
  batch 200/264  loss=0.2968
  batch 210/264  loss=0.2987
  batch 220/264  loss=0.2918
  batch 230/264  loss=0.2820
  batch 240/264  loss=0.3808
  batch 250/264  loss=0.2735
  batch 260/264  loss=0.2930
Epoch 229/300  train=2.975e-01  rmse=3.7571  lr=2.5e-05  230s
  batch 10/264  loss=0.2821
  batch 20/264  loss=0.3129
  batch 30/264  loss=0.2880
  batch 40/264  loss=0.2826
  batch 50/264  loss=0.2250
  batch 60/264  loss=0.2402
  batch 70/264  loss=0.3622
  batch 80/264  loss=0.2482
  batch 90/264  loss=0.3573
  batch 100/264  loss=0.2685
  batch 110/264  loss=0.3149
  batch 120/264  loss=0.2377
  batch 130/264  loss=0.2401
  batch 140/264  loss=0.3024
  batch 150/264  loss=0.3052
  batch 160/264  loss=0.3743
  batch 170/264  loss=0.3240
  batch 180/264  loss=0.2927
  batch 190/264  loss=0.2884
  batch 200/264  loss=0.3296
  batch 210/264  loss=0.3362
  batch 220/264  loss=0.3778
  batch 230/264  loss=0.2444
  batch 240/264  loss=0.3719
  batch 250/264  loss=0.2582
  batch 260/264  loss=0.2761
Epoch 230/300  train=2.945e-01  rmse=1.7673  lr=2.5e-05  228s
  batch 10/264  loss=0.2881
  batch 20/264  loss=0.3146
  batch 30/264  loss=0.3249
  batch 40/264  loss=0.2681
  batch 50/264  loss=0.2279
  batch 60/264  loss=0.2422
  batch 70/264  loss=0.2783
  batch 80/264  loss=0.2469
  batch 90/264  loss=0.2963
  batch 100/264  loss=0.2859
  batch 110/264  loss=0.6209
  batch 120/264  loss=0.2499
  batch 130/264  loss=0.2704
  batch 140/264  loss=0.2170
  batch 150/264  loss=0.2521
  batch 160/264  loss=0.4967
  batch 170/264  loss=0.3524
  batch 180/264  loss=0.2764
  batch 190/264  loss=0.3085
  batch 200/264  loss=0.2385
  batch 210/264  loss=0.2441
  batch 220/264  loss=0.2236
  batch 230/264  loss=0.3923
  batch 240/264  loss=0.2557
  batch 250/264  loss=0.2270
  batch 260/264  loss=0.2467
Epoch 231/300  train=2.933e-01  rmse=3.2261  lr=2.5e-05  227s
  -> best  monitor=2.933e-01
  batch 10/264  loss=0.2568
  batch 20/264  loss=0.2257
  batch 30/264  loss=0.2928
  batch 40/264  loss=0.2423
  batch 50/264  loss=0.2490
  batch 60/264  loss=0.2866
  batch 70/264  loss=0.2452
  batch 80/264  loss=0.3250
  batch 90/264  loss=0.2123
  batch 100/264  loss=0.3359
  batch 110/264  loss=0.2138
  batch 120/264  loss=0.2770
  batch 130/264  loss=0.3285
  batch 140/264  loss=0.2393
  batch 150/264  loss=0.2729
  batch 160/264  loss=0.2471
  batch 170/264  loss=0.3096
  batch 180/264  loss=0.5404
  batch 190/264  loss=0.3790
  batch 200/264  loss=0.3107
  batch 210/264  loss=0.2575
  batch 220/264  loss=0.2385
  batch 230/264  loss=0.3870
  batch 240/264  loss=0.3313
  batch 250/264  loss=0.2904
  batch 260/264  loss=0.2316
Epoch 232/300  train=2.956e-01  rmse=3.1695  lr=2.5e-05  228s
  batch 10/264  loss=0.2345
  batch 20/264  loss=0.2690
  batch 30/264  loss=0.2781
  batch 40/264  loss=0.3527
  batch 50/264  loss=0.3020
  batch 60/264  loss=0.2411
  batch 70/264  loss=0.2995
  batch 80/264  loss=0.2256
  batch 90/264  loss=0.2357
  batch 100/264  loss=0.2348
  batch 110/264  loss=0.2179
  batch 120/264  loss=0.3412
  batch 130/264  loss=0.5567
  batch 140/264  loss=0.2393
  batch 150/264  loss=0.2654
  batch 160/264  loss=0.3694
  batch 170/264  loss=0.4059
  batch 180/264  loss=0.2913
  batch 190/264  loss=0.3670
  batch 200/264  loss=0.4130
  batch 210/264  loss=0.2647
  batch 220/264  loss=0.3004
  batch 230/264  loss=0.2695
  batch 240/264  loss=0.3321
  batch 250/264  loss=0.4068
  batch 260/264  loss=0.4486
Epoch 233/300  train=2.971e-01  rmse=2.1987  lr=2.5e-05  227s
  batch 10/264  loss=0.2474
  batch 20/264  loss=0.2214
  batch 30/264  loss=0.2697
  batch 40/264  loss=0.2430
  batch 50/264  loss=0.2409
  batch 60/264  loss=0.3136
  batch 70/264  loss=0.3378
  batch 80/264  loss=0.3008
  batch 90/264  loss=0.3177
  batch 100/264  loss=0.2525
  batch 110/264  loss=0.3091
  batch 120/264  loss=0.2286
  batch 130/264  loss=0.3060
  batch 140/264  loss=0.2656
  batch 150/264  loss=0.2604
  batch 160/264  loss=0.4148
  batch 170/264  loss=0.2999
  batch 180/264  loss=0.3830
  batch 190/264  loss=0.2705
  batch 200/264  loss=0.3219
  batch 210/264  loss=0.2811
  batch 220/264  loss=0.3067
  batch 230/264  loss=0.2545
  batch 240/264  loss=0.2920
  batch 250/264  loss=0.2222
  batch 260/264  loss=0.2848
Epoch 234/300  train=2.957e-01  rmse=2.2710  lr=2.5e-05  228s
  batch 10/264  loss=0.2309
  batch 20/264  loss=0.3053
  batch 30/264  loss=0.2888
  batch 40/264  loss=0.2896
  batch 50/264  loss=0.2786
  batch 60/264  loss=0.2271
  batch 70/264  loss=0.4253
  batch 80/264  loss=0.2506
  batch 90/264  loss=0.3666
  batch 100/264  loss=0.3235
  batch 110/264  loss=0.2410
  batch 120/264  loss=0.3742
  batch 130/264  loss=0.2346
  batch 140/264  loss=0.3222
  batch 150/264  loss=0.3071
  batch 160/264  loss=0.2697
  batch 170/264  loss=0.3087
  batch 180/264  loss=0.2634
  batch 190/264  loss=0.2869
  batch 200/264  loss=0.2485
  batch 210/264  loss=0.4134
  batch 220/264  loss=0.2811
  batch 230/264  loss=0.2363
  batch 240/264  loss=0.3164
  batch 250/264  loss=0.3044
  batch 260/264  loss=0.2303
Epoch 235/300  train=2.976e-01  rmse=2.1682  lr=2.5e-05  227s
  batch 10/264  loss=0.2382
  batch 20/264  loss=0.2577
  batch 30/264  loss=0.3076
  batch 40/264  loss=0.2344
  batch 50/264  loss=0.2693
  batch 60/264  loss=0.2641
  batch 70/264  loss=0.2408
  batch 80/264  loss=0.3644
  batch 90/264  loss=0.2691
  batch 100/264  loss=0.2534
  batch 110/264  loss=0.3163
  batch 120/264  loss=0.3995
  batch 130/264  loss=0.3331
  batch 140/264  loss=0.2455
  batch 150/264  loss=0.3177
  batch 160/264  loss=0.3147
  batch 170/264  loss=0.2280
  batch 180/264  loss=0.2695
  batch 190/264  loss=0.5201
  batch 200/264  loss=0.3860
  batch 210/264  loss=0.3465
  batch 220/264  loss=0.2292
  batch 230/264  loss=0.2505
  batch 240/264  loss=0.4217
  batch 250/264  loss=0.3145
  batch 260/264  loss=0.2454
Epoch 236/300  train=2.915e-01  rmse=1.7838  lr=2.5e-05  227s
  -> best  monitor=2.915e-01
  batch 10/264  loss=0.3949
  batch 20/264  loss=0.3288
  batch 30/264  loss=0.2137
  batch 40/264  loss=0.2791
  batch 50/264  loss=0.2960
  batch 60/264  loss=0.2483
  batch 70/264  loss=0.4530
  batch 80/264  loss=0.2677
  batch 90/264  loss=0.2990
  batch 100/264  loss=0.2720
  batch 110/264  loss=0.2431
  batch 120/264  loss=0.2324
  batch 130/264  loss=0.3058
  batch 140/264  loss=0.3278
  batch 150/264  loss=0.3145
  batch 160/264  loss=0.2716
  batch 170/264  loss=0.3354
  batch 180/264  loss=0.2745
  batch 190/264  loss=0.2833
  batch 200/264  loss=0.2852
  batch 210/264  loss=0.2387
  batch 220/264  loss=0.2826
  batch 230/264  loss=0.3095
  batch 240/264  loss=0.2798
  batch 250/264  loss=0.2182
  batch 260/264  loss=0.2453
Epoch 237/300  train=2.942e-01  rmse=3.0134  lr=2.5e-05  229s
  batch 10/264  loss=0.3228
  batch 20/264  loss=0.2408
  batch 30/264  loss=0.2653
  batch 40/264  loss=0.2992
  batch 50/264  loss=0.2402
  batch 60/264  loss=0.3279
  batch 70/264  loss=0.2857
  batch 80/264  loss=0.4160
  batch 90/264  loss=0.2549
  batch 100/264  loss=0.3825
  batch 110/264  loss=0.3485
  batch 120/264  loss=0.3062
  batch 130/264  loss=0.2417
  batch 140/264  loss=0.2542
  batch 150/264  loss=0.2997
  batch 160/264  loss=0.3262
  batch 170/264  loss=0.2274
  batch 180/264  loss=0.2282
  batch 190/264  loss=0.2656
  batch 200/264  loss=0.2405
  batch 210/264  loss=0.2608
  batch 220/264  loss=0.3142
  batch 230/264  loss=0.2644
  batch 240/264  loss=0.2474
  batch 250/264  loss=0.2175
  batch 260/264  loss=0.2497
Epoch 238/300  train=2.964e-01  rmse=2.0678  lr=2.5e-05  229s
  batch 10/264  loss=0.2822
  batch 20/264  loss=0.3305
  batch 30/264  loss=0.2934
  batch 40/264  loss=0.2473
  batch 50/264  loss=0.2515
  batch 60/264  loss=0.3044
  batch 70/264  loss=0.2313
  batch 80/264  loss=0.2510
  batch 90/264  loss=0.2773
  batch 100/264  loss=0.2327
  batch 110/264  loss=0.3278
  batch 120/264  loss=0.2469
  batch 130/264  loss=0.3614
  batch 140/264  loss=0.3179
  batch 150/264  loss=0.2952
  batch 160/264  loss=0.2583
  batch 170/264  loss=0.2393
  batch 180/264  loss=0.2573
  batch 190/264  loss=0.2431
  batch 200/264  loss=0.2680
  batch 210/264  loss=0.3453
  batch 220/264  loss=0.2275
  batch 230/264  loss=0.3919
  batch 240/264  loss=0.2422
  batch 250/264  loss=0.5676
  batch 260/264  loss=0.3524
Epoch 239/300  train=2.963e-01  rmse=2.3526  lr=2.5e-05  229s
  batch 10/264  loss=0.2510
  batch 20/264  loss=0.2386
  batch 30/264  loss=0.2709
  batch 40/264  loss=0.3243
  batch 50/264  loss=0.2437
  batch 60/264  loss=0.2868
  batch 70/264  loss=0.3081
  batch 80/264  loss=0.3894
  batch 90/264  loss=0.2217
  batch 100/264  loss=0.2869
  batch 110/264  loss=0.3313
  batch 120/264  loss=0.2599
  batch 130/264  loss=0.2839
  batch 140/264  loss=0.2807
  batch 150/264  loss=0.2660
  batch 160/264  loss=0.3437
  batch 170/264  loss=0.3001
  batch 180/264  loss=0.2701
  batch 190/264  loss=0.2602
  batch 200/264  loss=0.3326
  batch 210/264  loss=0.2794
  batch 220/264  loss=0.2537
  batch 230/264  loss=0.2379
  batch 240/264  loss=0.3364
  batch 250/264  loss=0.2646
  batch 260/264  loss=0.4149
Epoch 240/300  train=2.901e-01  rmse=1.7472  lr=2.5e-05  229s
  -> best  monitor=2.901e-01
  batch 10/264  loss=0.2833
  batch 20/264  loss=0.2689
  batch 30/264  loss=0.2913
  batch 40/264  loss=0.2230
  batch 50/264  loss=0.2706
  batch 60/264  loss=0.2772
  batch 70/264  loss=0.2578
  batch 80/264  loss=0.2242
  batch 90/264  loss=0.2384
  batch 100/264  loss=0.2460
  batch 110/264  loss=0.2346
  batch 120/264  loss=0.3589
  batch 130/264  loss=0.3065
  batch 140/264  loss=0.2782
  batch 150/264  loss=0.2237
  batch 160/264  loss=0.2608
  batch 170/264  loss=0.2872
  batch 180/264  loss=0.3477
  batch 190/264  loss=0.2511
  batch 200/264  loss=0.2871
  batch 210/264  loss=0.2500
  batch 220/264  loss=0.3728
  batch 230/264  loss=0.3314
  batch 240/264  loss=0.2343
  batch 250/264  loss=0.3008
  batch 260/264  loss=0.3337
Epoch 241/300  train=2.923e-01  rmse=2.3749  lr=2.5e-05  228s
  batch 10/264  loss=0.2417
  batch 20/264  loss=0.2478
  batch 30/264  loss=0.2917
  batch 40/264  loss=0.3118
  batch 50/264  loss=0.2485
  batch 60/264  loss=0.2327
  batch 70/264  loss=0.3166
  batch 80/264  loss=0.3614
  batch 90/264  loss=0.2782
  batch 100/264  loss=0.2497
  batch 110/264  loss=0.2645
  batch 120/264  loss=0.2415
  batch 130/264  loss=0.2561
  batch 140/264  loss=0.2419
  batch 150/264  loss=0.3745
  batch 160/264  loss=0.3214
  batch 170/264  loss=0.3962
  batch 180/264  loss=0.3031
  batch 190/264  loss=0.3399
  batch 200/264  loss=0.2307
  batch 210/264  loss=0.2636
  batch 220/264  loss=0.2492
  batch 230/264  loss=0.4352
  batch 240/264  loss=0.2798
  batch 250/264  loss=0.2566
  batch 260/264  loss=0.2572
Epoch 242/300  train=2.987e-01  rmse=2.6043  lr=2.5e-05  229s
  batch 10/264  loss=0.2604
  batch 20/264  loss=0.2797
  batch 30/264  loss=0.2306
  batch 40/264  loss=0.2317
  batch 50/264  loss=0.3217
  batch 60/264  loss=0.2412
  batch 70/264  loss=0.2978
  batch 80/264  loss=0.4486
  batch 90/264  loss=0.2371
  batch 100/264  loss=0.5688
  batch 110/264  loss=0.6606
  batch 120/264  loss=0.3829
  batch 130/264  loss=0.2807
  batch 140/264  loss=0.2349
  batch 150/264  loss=0.2769
  batch 160/264  loss=0.3069
  batch 170/264  loss=0.2509
  batch 180/264  loss=0.3613
  batch 190/264  loss=0.3305
  batch 200/264  loss=0.2853
  batch 210/264  loss=0.2466
  batch 220/264  loss=0.2804
  batch 230/264  loss=0.2820
  batch 240/264  loss=0.2995
  batch 250/264  loss=0.3453
  batch 260/264  loss=0.2222
Epoch 243/300  train=2.973e-01  rmse=5.4813  lr=2.5e-05  228s
  batch 10/264  loss=0.2722
  batch 20/264  loss=0.3198
  batch 30/264  loss=0.3842
  batch 40/264  loss=0.2696
  batch 50/264  loss=0.2602
  batch 60/264  loss=0.5873
  batch 70/264  loss=0.3128
  batch 80/264  loss=0.2546
  batch 90/264  loss=0.2346
  batch 100/264  loss=0.2900
  batch 110/264  loss=0.2442
  batch 120/264  loss=0.2434
  batch 130/264  loss=0.2768
  batch 140/264  loss=0.2308
  batch 150/264  loss=0.2816
  batch 160/264  loss=0.4676
  batch 170/264  loss=0.3565
  batch 180/264  loss=0.2635
  batch 190/264  loss=0.2902
  batch 200/264  loss=0.2663
  batch 210/264  loss=0.2481
  batch 220/264  loss=0.2432
  batch 230/264  loss=0.3341
  batch 240/264  loss=0.2878
  batch 250/264  loss=0.2357
  batch 260/264  loss=0.2819
Epoch 244/300  train=2.929e-01  rmse=3.4807  lr=2.5e-05  227s
  batch 10/264  loss=0.2262
  batch 20/264  loss=0.2900
  batch 30/264  loss=0.2347
  batch 40/264  loss=0.3145
  batch 50/264  loss=0.2867
  batch 60/264  loss=0.2640
  batch 70/264  loss=0.2754
  batch 80/264  loss=0.2537
  batch 90/264  loss=0.3985
  batch 100/264  loss=0.3676
  batch 110/264  loss=0.3869
  batch 120/264  loss=0.4025
  batch 130/264  loss=0.2662
  batch 140/264  loss=0.2284
  batch 150/264  loss=0.3207
  batch 160/264  loss=0.2481
  batch 170/264  loss=0.3482
  batch 180/264  loss=0.3041
  batch 190/264  loss=0.3288
  batch 200/264  loss=0.2462
  batch 210/264  loss=0.2729
  batch 220/264  loss=0.2975
  batch 230/264  loss=0.2862
  batch 240/264  loss=0.2492
  batch 250/264  loss=0.5333
  batch 260/264  loss=0.2421
Epoch 245/300  train=2.936e-01  rmse=2.5843  lr=2.5e-05  229s
  batch 10/264  loss=0.2712
  batch 20/264  loss=0.3096
  batch 30/264  loss=0.2669
  batch 40/264  loss=0.2320
  batch 50/264  loss=0.2914
  batch 60/264  loss=0.2479
  batch 70/264  loss=0.2500
  batch 80/264  loss=0.2770
  batch 90/264  loss=0.4050
  batch 100/264  loss=0.2620
  batch 110/264  loss=0.2712
  batch 120/264  loss=0.3060
  batch 130/264  loss=0.2644
  batch 140/264  loss=0.2439
  batch 150/264  loss=0.2441
  batch 160/264  loss=0.2530
  batch 170/264  loss=0.2517
  batch 180/264  loss=0.4254
  batch 190/264  loss=0.2304
  batch 200/264  loss=0.4283
  batch 210/264  loss=0.3160
  batch 220/264  loss=0.2839
  batch 230/264  loss=0.2846
  batch 240/264  loss=0.2886
  batch 250/264  loss=0.5239
  batch 260/264  loss=0.3662
Epoch 246/300  train=2.944e-01  rmse=2.2068  lr=2.5e-05  228s
  batch 10/264  loss=0.2693
  batch 20/264  loss=0.2422
  batch 30/264  loss=0.2848
  batch 40/264  loss=0.2629
  batch 50/264  loss=0.2512
  batch 60/264  loss=0.3111
  batch 70/264  loss=0.2467
  batch 80/264  loss=0.2652
  batch 90/264  loss=0.3514
  batch 100/264  loss=0.2513
  batch 110/264  loss=0.2300
  batch 120/264  loss=0.2484
  batch 130/264  loss=0.2816
  batch 140/264  loss=0.2632
  batch 150/264  loss=0.4038
  batch 160/264  loss=0.2767
  batch 170/264  loss=0.2741
  batch 180/264  loss=0.3654
  batch 190/264  loss=0.3227
  batch 200/264  loss=0.2884
  batch 210/264  loss=0.2611
  batch 220/264  loss=0.3660
  batch 230/264  loss=0.2823
  batch 240/264  loss=0.2479
  batch 250/264  loss=0.2510
  batch 260/264  loss=0.2963
Epoch 247/300  train=2.931e-01  rmse=3.6236  lr=2.5e-05  228s
  batch 10/264  loss=0.2518
  batch 20/264  loss=0.3817
  batch 30/264  loss=0.2497
  batch 40/264  loss=0.3161
  batch 50/264  loss=0.2304
  batch 60/264  loss=0.2867
  batch 70/264  loss=0.3034
  batch 80/264  loss=0.2286
  batch 90/264  loss=0.2737
  batch 100/264  loss=0.2613
  batch 110/264  loss=0.2849
  batch 120/264  loss=0.2957
  batch 130/264  loss=0.3141
  batch 140/264  loss=0.2419
  batch 150/264  loss=0.2536
  batch 160/264  loss=0.2482
  batch 170/264  loss=0.2984
  batch 180/264  loss=0.3332
  batch 190/264  loss=0.3007
  batch 200/264  loss=0.2816
  batch 210/264  loss=0.2892
  batch 220/264  loss=0.3350
  batch 230/264  loss=0.2482
  batch 240/264  loss=0.2899
  batch 250/264  loss=0.3613
  batch 260/264  loss=0.5077
Epoch 248/300  train=2.971e-01  rmse=3.0649  lr=2.5e-05  228s
  batch 10/264  loss=0.2736
  batch 20/264  loss=0.4116
  batch 30/264  loss=0.2464
  batch 40/264  loss=0.2637
  batch 50/264  loss=0.2757
  batch 60/264  loss=0.2639
  batch 70/264  loss=0.2634
  batch 80/264  loss=0.3107
  batch 90/264  loss=0.3084
  batch 100/264  loss=0.2583
  batch 110/264  loss=0.3595
  batch 120/264  loss=0.4069
  batch 130/264  loss=0.3536
  batch 140/264  loss=0.3034
  batch 150/264  loss=0.2347
  batch 160/264  loss=0.2415
  batch 170/264  loss=0.2280
  batch 180/264  loss=0.3724
  batch 190/264  loss=0.2500
  batch 200/264  loss=0.6264
  batch 210/264  loss=0.2593
  batch 220/264  loss=0.3157
  batch 230/264  loss=0.4623
  batch 240/264  loss=0.3549
  batch 250/264  loss=0.2640
  batch 260/264  loss=0.2346
Epoch 249/300  train=2.970e-01  rmse=3.2158  lr=2.5e-05  227s
  batch 10/264  loss=0.2561
  batch 20/264  loss=0.4312
  batch 30/264  loss=0.2492
  batch 40/264  loss=0.3685
  batch 50/264  loss=0.3395
  batch 60/264  loss=0.3462
  batch 70/264  loss=0.2771
  batch 80/264  loss=0.2853
  batch 90/264  loss=0.2660
  batch 100/264  loss=0.2729
  batch 110/264  loss=0.2515
  batch 120/264  loss=0.3932
  batch 130/264  loss=0.2638
  batch 140/264  loss=0.2946
  batch 150/264  loss=0.2360
  batch 160/264  loss=0.3836
  batch 170/264  loss=0.2621
  batch 180/264  loss=0.2389
  batch 190/264  loss=0.3795
  batch 200/264  loss=0.2748
  batch 210/264  loss=0.3218
  batch 220/264  loss=0.4042
  batch 230/264  loss=0.3423
  batch 240/264  loss=0.3534
  batch 250/264  loss=0.2774
  batch 260/264  loss=0.2498
Epoch 250/300  train=2.925e-01  rmse=2.1175  lr=2.5e-05  225s
  batch 10/264  loss=0.2371
  batch 20/264  loss=0.2625
  batch 30/264  loss=0.2357
  batch 40/264  loss=0.2498
  batch 50/264  loss=0.2323
  batch 60/264  loss=0.2929
  batch 70/264  loss=0.2288
  batch 80/264  loss=0.2840
  batch 90/264  loss=0.3250
  batch 100/264  loss=0.3213
  batch 110/264  loss=0.3937
  batch 120/264  loss=0.3004
  batch 130/264  loss=0.3295
  batch 140/264  loss=0.2699
  batch 150/264  loss=0.3451
  batch 160/264  loss=0.2436
  batch 170/264  loss=0.4994
  batch 180/264  loss=0.3286
  batch 190/264  loss=0.3094
  batch 200/264  loss=0.2712
  batch 210/264  loss=0.2256
  batch 220/264  loss=0.2417
  batch 230/264  loss=0.2651
  batch 240/264  loss=0.3700
  batch 250/264  loss=0.2967
  batch 260/264  loss=0.3191
Epoch 251/300  train=2.911e-01  rmse=1.7439  lr=1.3e-05  227s
  batch 10/264  loss=0.3568
  batch 20/264  loss=0.3676
  batch 30/264  loss=0.2506
  batch 40/264  loss=0.2634
  batch 50/264  loss=0.3439
  batch 60/264  loss=0.8734
  batch 70/264  loss=0.2644
  batch 80/264  loss=0.2279
  batch 90/264  loss=0.2997
  batch 100/264  loss=0.2603
  batch 110/264  loss=0.2957
  batch 120/264  loss=0.2603
  batch 130/264  loss=0.2369
  batch 140/264  loss=0.2819
  batch 150/264  loss=0.2211
  batch 160/264  loss=0.2871
  batch 170/264  loss=0.2791
  batch 180/264  loss=0.2593
  batch 190/264  loss=0.3408
  batch 200/264  loss=0.2552
  batch 210/264  loss=0.2280
  batch 220/264  loss=0.2490
  batch 230/264  loss=0.2387
  batch 240/264  loss=0.2803
  batch 250/264  loss=0.2691
  batch 260/264  loss=0.2405
Epoch 252/300  train=2.957e-01  rmse=4.0607  lr=1.3e-05  228s
  batch 10/264  loss=0.3202
  batch 20/264  loss=0.2449
  batch 30/264  loss=0.2394
  batch 40/264  loss=0.2250
  batch 50/264  loss=0.2358
  batch 60/264  loss=0.2428
  batch 70/264  loss=0.2708
  batch 80/264  loss=0.2933
  batch 90/264  loss=0.3247
  batch 100/264  loss=0.2695
  batch 110/264  loss=0.2443
  batch 120/264  loss=0.2466
  batch 130/264  loss=0.3580
  batch 140/264  loss=0.3328
  batch 150/264  loss=0.3023
  batch 160/264  loss=0.2661
  batch 170/264  loss=0.2368
  batch 180/264  loss=0.2776
  batch 190/264  loss=0.2519
  batch 200/264  loss=0.2628
  batch 210/264  loss=0.3866
  batch 220/264  loss=0.2370
  batch 230/264  loss=0.2695
  batch 240/264  loss=0.2451
  batch 250/264  loss=0.2850
  batch 260/264  loss=0.2851
Epoch 253/300  train=2.894e-01  rmse=1.6796  lr=1.3e-05  228s
  -> best  monitor=2.894e-01
  batch 10/264  loss=0.2179
  batch 20/264  loss=0.2773
  batch 30/264  loss=0.2428
  batch 40/264  loss=0.2577
  batch 50/264  loss=0.2586
  batch 60/264  loss=0.2191
  batch 70/264  loss=0.3396
  batch 80/264  loss=0.2631
  batch 90/264  loss=0.3043
  batch 100/264  loss=0.4200
  batch 110/264  loss=0.2614
  batch 120/264  loss=0.5254
  batch 130/264  loss=0.3136
  batch 140/264  loss=0.2429
  batch 150/264  loss=0.3195
  batch 160/264  loss=0.2235
  batch 170/264  loss=0.2811
  batch 180/264  loss=0.2181
  batch 190/264  loss=0.2589
  batch 200/264  loss=0.2704
  batch 210/264  loss=0.2282
  batch 220/264  loss=0.3062
  batch 230/264  loss=0.3422
  batch 240/264  loss=0.5304
  batch 250/264  loss=0.2458
  batch 260/264  loss=0.2355
Epoch 254/300  train=2.954e-01  rmse=1.8072  lr=1.3e-05  229s
  batch 10/264  loss=0.2882
  batch 20/264  loss=0.2447
  batch 30/264  loss=0.2420
  batch 40/264  loss=0.3200
  batch 50/264  loss=0.2891
  batch 60/264  loss=0.6324
  batch 70/264  loss=0.4089
  batch 80/264  loss=0.2752
  batch 90/264  loss=0.3082
  batch 100/264  loss=0.2664
  batch 110/264  loss=0.3123
  batch 120/264  loss=0.3218
  batch 130/264  loss=0.2622
  batch 140/264  loss=0.2961
  batch 150/264  loss=0.3931
  batch 160/264  loss=0.2470
  batch 170/264  loss=0.2611
  batch 180/264  loss=0.3042
  batch 190/264  loss=0.3565
  batch 200/264  loss=0.2875
  batch 210/264  loss=0.3396
  batch 220/264  loss=0.2371
  batch 230/264  loss=0.2578
  batch 240/264  loss=0.3343
  batch 250/264  loss=0.2822
  batch 260/264  loss=0.2543
Epoch 255/300  train=2.936e-01  rmse=3.0768  lr=1.3e-05  229s
  batch 10/264  loss=0.2680
  batch 20/264  loss=0.3231
  batch 30/264  loss=0.2248
  batch 40/264  loss=0.2721
  batch 50/264  loss=0.2532
  batch 60/264  loss=0.2534
  batch 70/264  loss=0.3635
  batch 80/264  loss=0.2507
  batch 90/264  loss=0.2944
  batch 100/264  loss=0.2877
  batch 110/264  loss=0.2558
  batch 120/264  loss=0.3077
  batch 130/264  loss=0.2107
  batch 140/264  loss=0.2597
  batch 150/264  loss=0.2614
  batch 160/264  loss=0.2769
  batch 170/264  loss=0.2592
  batch 180/264  loss=0.2440
  batch 190/264  loss=0.3229
  batch 200/264  loss=0.2458
  batch 210/264  loss=0.4245
  batch 220/264  loss=0.3827
  batch 230/264  loss=0.2498
  batch 240/264  loss=0.3418
  batch 250/264  loss=0.2837
  batch 260/264  loss=0.2649
Epoch 256/300  train=2.910e-01  rmse=2.1496  lr=1.3e-05  229s
  batch 10/264  loss=0.3046
  batch 20/264  loss=0.2928
  batch 30/264  loss=0.2876
  batch 40/264  loss=0.3590
  batch 50/264  loss=0.2981
  batch 60/264  loss=0.2229
  batch 70/264  loss=0.2685
  batch 80/264  loss=0.2209
  batch 90/264  loss=0.2537
  batch 100/264  loss=0.3005
  batch 110/264  loss=0.2382
  batch 120/264  loss=0.2123
  batch 130/264  loss=0.2392
  batch 140/264  loss=0.3555
  batch 150/264  loss=0.4112
  batch 160/264  loss=0.2434
  batch 170/264  loss=0.2616
  batch 180/264  loss=0.2506
  batch 190/264  loss=0.2850
  batch 200/264  loss=0.2900
  batch 210/264  loss=0.2208
  batch 220/264  loss=0.2537
  batch 230/264  loss=0.2343
  batch 240/264  loss=0.3344
  batch 250/264  loss=0.2356
  batch 260/264  loss=0.4039
Epoch 257/300  train=2.907e-01  rmse=2.1748  lr=1.3e-05  229s
  batch 10/264  loss=0.4617
  batch 20/264  loss=0.2525
  batch 30/264  loss=0.2448
  batch 40/264  loss=0.2629
  batch 50/264  loss=0.2419
  batch 60/264  loss=0.2672
  batch 70/264  loss=0.2360
  batch 80/264  loss=0.2914
  batch 90/264  loss=0.2952
  batch 100/264  loss=0.3075
  batch 110/264  loss=0.2322
  batch 120/264  loss=0.2673
  batch 130/264  loss=0.2421
  batch 140/264  loss=0.2594
  batch 150/264  loss=0.2614
  batch 160/264  loss=0.2441
  batch 170/264  loss=0.2589
  batch 180/264  loss=0.2888
  batch 190/264  loss=0.2597
  batch 200/264  loss=0.2216
  batch 210/264  loss=0.2704
  batch 220/264  loss=0.2999
  batch 230/264  loss=0.2675
  batch 240/264  loss=0.2259
  batch 250/264  loss=0.3306
  batch 260/264  loss=0.2391
Epoch 258/300  train=2.885e-01  rmse=2.0769  lr=1.3e-05  228s
  -> best  monitor=2.885e-01
  batch 10/264  loss=0.2303
  batch 20/264  loss=0.2747
  batch 30/264  loss=0.2484
  batch 40/264  loss=0.2795
  batch 50/264  loss=0.2911
  batch 60/264  loss=0.2374
  batch 70/264  loss=0.2779
  batch 80/264  loss=0.2674
  batch 90/264  loss=0.3880
  batch 100/264  loss=0.3380
  batch 110/264  loss=0.2691
  batch 120/264  loss=0.2561
  batch 130/264  loss=0.2455
  batch 140/264  loss=0.2946
  batch 150/264  loss=0.2504
  batch 160/264  loss=0.3969
  batch 170/264  loss=0.3056
  batch 180/264  loss=0.2364
  batch 190/264  loss=0.2671
  batch 200/264  loss=0.3254
  batch 210/264  loss=0.2552
  batch 220/264  loss=0.3079
  batch 230/264  loss=0.2591
  batch 240/264  loss=0.2594
  batch 250/264  loss=0.2112
  batch 260/264  loss=0.2664
Epoch 259/300  train=2.891e-01  rmse=2.4757  lr=1.3e-05  228s
  batch 10/264  loss=0.2388
  batch 20/264  loss=0.3068
  batch 30/264  loss=0.2693
  batch 40/264  loss=0.2654
  batch 50/264  loss=0.2373
  batch 60/264  loss=0.3878
  batch 70/264  loss=0.2784
  batch 80/264  loss=0.2546
  batch 90/264  loss=0.2669
  batch 100/264  loss=0.2756
  batch 110/264  loss=0.2491
  batch 120/264  loss=0.2457
  batch 130/264  loss=0.2457
  batch 140/264  loss=0.2375
  batch 150/264  loss=0.2342
  batch 160/264  loss=0.3173
  batch 170/264  loss=0.2314
  batch 180/264  loss=0.2674
  batch 190/264  loss=0.2536
  batch 200/264  loss=0.2781
  batch 210/264  loss=0.2767
  batch 220/264  loss=0.2697
  batch 230/264  loss=0.5117
  batch 240/264  loss=0.2341
  batch 250/264  loss=0.2357
  batch 260/264  loss=0.2613
Epoch 260/300  train=2.884e-01  rmse=2.7444  lr=1.3e-05  230s
  -> best  monitor=2.884e-01
  batch 10/264  loss=0.2675
  batch 20/264  loss=0.2882
  batch 30/264  loss=0.2228
  batch 40/264  loss=0.2616
  batch 50/264  loss=0.2326
  batch 60/264  loss=0.2276
  batch 70/264  loss=0.2570
  batch 80/264  loss=0.2198
  batch 90/264  loss=0.2580
  batch 100/264  loss=0.2643
  batch 110/264  loss=0.2606
  batch 120/264  loss=0.2708
  batch 130/264  loss=0.3115
  batch 140/264  loss=0.2173
  batch 150/264  loss=0.2650
  batch 160/264  loss=0.3928
  batch 170/264  loss=0.5532
  batch 180/264  loss=0.2438
  batch 190/264  loss=0.2684
  batch 200/264  loss=0.2489
  batch 210/264  loss=0.2393
  batch 220/264  loss=0.2342
  batch 230/264  loss=0.3841
  batch 240/264  loss=0.2828
  batch 250/264  loss=0.2446
  batch 260/264  loss=0.2622
Epoch 261/300  train=2.904e-01  rmse=2.3957  lr=1.3e-05  229s
  batch 10/264  loss=0.3569
  batch 20/264  loss=0.3961
  batch 30/264  loss=0.2563
  batch 40/264  loss=0.2660
  batch 50/264  loss=0.2554
  batch 60/264  loss=0.2612
  batch 70/264  loss=0.2842
  batch 80/264  loss=0.3547
  batch 90/264  loss=0.3686
  batch 100/264  loss=0.2445
  batch 110/264  loss=0.2497
  batch 120/264  loss=0.4190
  batch 130/264  loss=0.2607
  batch 140/264  loss=0.2420
  batch 150/264  loss=0.4278
  batch 160/264  loss=0.3071
  batch 170/264  loss=0.2386
  batch 180/264  loss=0.2255
  batch 190/264  loss=0.2698
  batch 200/264  loss=0.2668
  batch 210/264  loss=0.2356
  batch 220/264  loss=0.2717
  batch 230/264  loss=0.3192
  batch 240/264  loss=0.3109
  batch 250/264  loss=0.2739
  batch 260/264  loss=0.2456
Epoch 262/300  train=2.894e-01  rmse=2.3315  lr=1.3e-05  228s
  batch 10/264  loss=0.3390
  batch 20/264  loss=0.2545
  batch 30/264  loss=0.2970
  batch 40/264  loss=0.3985
  batch 50/264  loss=0.3285
  batch 60/264  loss=0.2522
  batch 70/264  loss=0.2651
  batch 80/264  loss=0.2671
  batch 90/264  loss=0.2630
  batch 100/264  loss=0.2496
  batch 110/264  loss=0.2871
  batch 120/264  loss=0.3489
  batch 130/264  loss=0.3236
  batch 140/264  loss=0.2957
  batch 150/264  loss=0.2797
  batch 160/264  loss=0.4437
  batch 170/264  loss=0.2759
  batch 180/264  loss=0.3007
  batch 190/264  loss=0.2523
  batch 200/264  loss=0.2687
  batch 210/264  loss=0.3251
  batch 220/264  loss=0.2800
  batch 230/264  loss=0.2720
  batch 240/264  loss=0.2877
  batch 250/264  loss=0.2951
  batch 260/264  loss=0.2211
Epoch 263/300  train=2.938e-01  rmse=2.7160  lr=1.3e-05  228s
  batch 10/264  loss=0.2510
  batch 20/264  loss=0.2506
  batch 30/264  loss=0.2492
  batch 40/264  loss=0.2598
  batch 50/264  loss=0.2367
  batch 60/264  loss=0.2861
  batch 70/264  loss=0.3505
  batch 80/264  loss=0.2924
  batch 90/264  loss=0.3119
  batch 100/264  loss=0.3343
  batch 110/264  loss=0.2699
  batch 120/264  loss=0.4565
  batch 130/264  loss=0.4109
  batch 140/264  loss=0.2175
  batch 150/264  loss=0.3610
  batch 160/264  loss=0.2634
  batch 170/264  loss=0.2778
  batch 180/264  loss=0.3238
  batch 190/264  loss=0.3410
  batch 200/264  loss=0.2204
  batch 210/264  loss=0.2611
  batch 220/264  loss=0.3707
  batch 230/264  loss=0.4158
  batch 240/264  loss=0.2754
  batch 250/264  loss=0.2506
  batch 260/264  loss=0.2550
Epoch 264/300  train=2.910e-01  rmse=2.1931  lr=1.3e-05  227s
  batch 10/264  loss=0.2758
  batch 20/264  loss=0.2889
  batch 30/264  loss=0.3270
  batch 40/264  loss=0.2296
  batch 50/264  loss=0.3192
  batch 60/264  loss=0.2576
  batch 70/264  loss=0.2665
  batch 80/264  loss=0.2295
  batch 90/264  loss=0.2683
  batch 100/264  loss=0.2579
  batch 110/264  loss=0.2726
  batch 120/264  loss=0.4158
  batch 130/264  loss=0.2519
  batch 140/264  loss=0.3046
  batch 150/264  loss=0.3089
  batch 160/264  loss=0.3054
  batch 170/264  loss=0.2842
  batch 180/264  loss=0.3465
  batch 190/264  loss=0.2371
  batch 200/264  loss=0.2400
  batch 210/264  loss=0.2363
  batch 220/264  loss=0.3653
  batch 230/264  loss=0.2702
  batch 240/264  loss=0.2468
  batch 250/264  loss=0.2746
  batch 260/264  loss=0.2561
Epoch 265/300  train=2.923e-01  rmse=3.7576  lr=1.3e-05  228s
  batch 10/264  loss=0.3082
  batch 20/264  loss=0.3038
  batch 30/264  loss=0.2751
  batch 40/264  loss=0.4163
  batch 50/264  loss=0.2500
  batch 60/264  loss=0.2327
  batch 70/264  loss=0.2612
  batch 80/264  loss=0.3561
  batch 90/264  loss=0.2749
  batch 100/264  loss=0.2722
  batch 110/264  loss=0.2417
  batch 120/264  loss=0.2235
  batch 130/264  loss=0.2420
  batch 140/264  loss=0.3755
  batch 150/264  loss=0.2731
  batch 160/264  loss=0.3846
  batch 170/264  loss=0.2620
  batch 180/264  loss=0.2761
  batch 190/264  loss=0.2600
  batch 200/264  loss=0.2573
  batch 210/264  loss=0.2262
  batch 220/264  loss=0.2937
  batch 230/264  loss=0.2642
  batch 240/264  loss=0.2341
  batch 250/264  loss=0.3647
  batch 260/264  loss=0.2771
Epoch 266/300  train=2.910e-01  rmse=2.6392  lr=1.3e-05  227s
  batch 10/264  loss=0.2829
  batch 20/264  loss=0.2500
  batch 30/264  loss=0.3791
  batch 40/264  loss=0.2419
  batch 50/264  loss=0.5456
  batch 60/264  loss=0.3057
  batch 70/264  loss=0.3375
  batch 80/264  loss=0.2589
  batch 90/264  loss=0.2445
  batch 100/264  loss=0.2815
  batch 110/264  loss=0.3032
  batch 120/264  loss=0.2558
  batch 130/264  loss=0.2882
  batch 140/264  loss=0.2842
  batch 150/264  loss=0.3615
  batch 160/264  loss=0.2880
  batch 170/264  loss=0.3076
  batch 180/264  loss=0.2787
  batch 190/264  loss=0.3455
  batch 200/264  loss=0.2372
  batch 210/264  loss=0.2566
  batch 220/264  loss=0.2794
  batch 230/264  loss=0.2976
  batch 240/264  loss=0.2601
  batch 250/264  loss=0.3772
  batch 260/264  loss=0.2325
Epoch 267/300  train=2.905e-01  rmse=2.6007  lr=1.3e-05  229s
  batch 10/264  loss=0.2133
  batch 20/264  loss=0.4296
  batch 30/264  loss=0.3845
  batch 40/264  loss=0.3459
  batch 50/264  loss=0.3301
  batch 60/264  loss=0.3016
  batch 70/264  loss=0.2216
  batch 80/264  loss=0.2681
  batch 90/264  loss=0.3845
  batch 100/264  loss=0.2311
  batch 110/264  loss=0.2604
  batch 120/264  loss=0.3756
  batch 130/264  loss=0.2783
  batch 140/264  loss=0.2770
  batch 150/264  loss=0.2703
  batch 160/264  loss=0.3055
  batch 170/264  loss=0.2397
  batch 180/264  loss=0.2083
  batch 190/264  loss=0.2856
  batch 200/264  loss=0.2589
  batch 210/264  loss=0.2849
  batch 220/264  loss=0.2469
  batch 230/264  loss=0.2747
  batch 240/264  loss=0.3355
  batch 250/264  loss=0.4773
  batch 260/264  loss=0.3018
Epoch 268/300  train=2.930e-01  rmse=2.7599  lr=1.3e-05  229s
  batch 10/264  loss=0.2653
  batch 20/264  loss=0.2931
  batch 30/264  loss=0.3654
  batch 40/264  loss=0.3158
  batch 50/264  loss=0.2187
  batch 60/264  loss=0.3196
  batch 70/264  loss=0.2419
  batch 80/264  loss=0.2695
  batch 90/264  loss=0.3742
  batch 100/264  loss=0.2723
  batch 110/264  loss=0.5325
  batch 120/264  loss=0.3615
  batch 130/264  loss=0.2534
  batch 140/264  loss=0.2549
  batch 150/264  loss=0.2975
  batch 160/264  loss=0.2702
  batch 170/264  loss=0.2631
  batch 180/264  loss=0.2431
  batch 190/264  loss=0.3751
  batch 200/264  loss=0.2481
  batch 210/264  loss=0.2593
  batch 220/264  loss=0.2489
  batch 230/264  loss=0.2486
  batch 240/264  loss=0.2671
  batch 250/264  loss=0.2846
  batch 260/264  loss=0.2626
Epoch 269/300  train=2.901e-01  rmse=2.3642  lr=1.3e-05  230s
  batch 10/264  loss=0.2707
  batch 20/264  loss=0.2604
  batch 30/264  loss=0.2555
  batch 40/264  loss=0.2100
  batch 50/264  loss=0.2336
  batch 60/264  loss=0.2718
  batch 70/264  loss=0.2520
  batch 80/264  loss=0.2849
  batch 90/264  loss=0.3661
  batch 100/264  loss=0.2309
  batch 110/264  loss=0.3830
  batch 120/264  loss=0.2867
  batch 130/264  loss=0.2708
  batch 140/264  loss=0.2464
  batch 150/264  loss=0.3053
  batch 160/264  loss=0.2707
  batch 170/264  loss=0.2593
  batch 180/264  loss=0.3288
  batch 190/264  loss=0.2730
  batch 200/264  loss=0.2525
  batch 210/264  loss=0.3143
  batch 220/264  loss=0.2424
  batch 230/264  loss=0.2528
  batch 240/264  loss=0.4101
  batch 250/264  loss=0.2458
  batch 260/264  loss=0.2546
Epoch 270/300  train=2.912e-01  rmse=2.2269  lr=1.3e-05  229s
  batch 10/264  loss=0.2814
  batch 20/264  loss=0.2302
  batch 30/264  loss=0.2754
  batch 40/264  loss=0.2508
  batch 50/264  loss=0.2393
  batch 60/264  loss=0.3983
  batch 70/264  loss=0.2366
  batch 80/264  loss=0.3535
  batch 90/264  loss=0.2323
  batch 100/264  loss=0.3328
  batch 110/264  loss=0.2643
  batch 120/264  loss=0.3764
  batch 130/264  loss=0.2773
  batch 140/264  loss=0.2349
  batch 150/264  loss=0.3244
  batch 160/264  loss=0.3065
  batch 170/264  loss=0.2793
  batch 180/264  loss=0.4058
  batch 190/264  loss=0.5350
  batch 200/264  loss=0.2511
  batch 210/264  loss=0.2816
  batch 220/264  loss=0.2905
  batch 230/264  loss=0.3778
  batch 240/264  loss=0.2385
  batch 250/264  loss=0.2886
  batch 260/264  loss=0.2757
Epoch 271/300  train=2.934e-01  rmse=2.4447  lr=6.3e-06  228s
  batch 10/264  loss=0.2406
  batch 20/264  loss=0.3575
  batch 30/264  loss=0.2663
  batch 40/264  loss=0.3139
  batch 50/264  loss=0.4064
  batch 60/264  loss=0.2523
  batch 70/264  loss=0.2547
  batch 80/264  loss=0.3810
  batch 90/264  loss=0.3566
  batch 100/264  loss=0.2256
  batch 110/264  loss=0.2928
  batch 120/264  loss=0.2430
  batch 130/264  loss=0.3661
  batch 140/264  loss=0.2852
  batch 150/264  loss=0.3857
  batch 160/264  loss=0.2391
  batch 170/264  loss=0.3275
  batch 180/264  loss=0.3179
  batch 190/264  loss=0.3289
  batch 200/264  loss=0.3032
  batch 210/264  loss=0.2728
  batch 220/264  loss=0.3427
  batch 230/264  loss=0.2530
  batch 240/264  loss=0.4210
  batch 250/264  loss=0.2784
  batch 260/264  loss=0.2631
Epoch 272/300  train=2.929e-01  rmse=4.0075  lr=6.3e-06  229s
  batch 10/264  loss=0.2561
  batch 20/264  loss=0.2665
  batch 30/264  loss=0.2349
  batch 40/264  loss=0.2389
  batch 50/264  loss=0.2410
  batch 60/264  loss=0.6635
  batch 70/264  loss=0.3609
  batch 80/264  loss=0.2153
  batch 90/264  loss=0.2247
  batch 100/264  loss=0.2615
  batch 110/264  loss=0.2600
  batch 120/264  loss=0.2825
  batch 130/264  loss=0.2489
  batch 140/264  loss=0.2520
  batch 150/264  loss=0.2353
  batch 160/264  loss=0.3027
  batch 170/264  loss=0.3548
  batch 180/264  loss=0.2461
  batch 190/264  loss=0.2358
  batch 200/264  loss=0.2953
  batch 210/264  loss=0.3236
  batch 220/264  loss=0.3334
  batch 230/264  loss=0.2693
  batch 240/264  loss=0.2932
  batch 250/264  loss=0.4155
  batch 260/264  loss=0.2940
Epoch 273/300  train=2.868e-01  rmse=3.3062  lr=6.3e-06  229s
  -> best  monitor=2.868e-01
  batch 10/264  loss=0.2902
  batch 20/264  loss=0.2417
  batch 30/264  loss=0.2437
  batch 40/264  loss=0.3536
  batch 50/264  loss=0.3126
  batch 60/264  loss=0.3380
  batch 70/264  loss=0.3505
  batch 80/264  loss=0.2391
  batch 90/264  loss=0.3369
  batch 100/264  loss=0.2447
  batch 110/264  loss=0.4434
  batch 120/264  loss=0.4344
  batch 130/264  loss=0.3127
  batch 140/264  loss=0.2992
  batch 150/264  loss=0.2736
  batch 160/264  loss=0.3274
  batch 170/264  loss=0.2461
  batch 180/264  loss=0.2187
  batch 190/264  loss=0.3395
  batch 200/264  loss=0.2770
  batch 210/264  loss=0.2769
  batch 220/264  loss=0.2699
  batch 230/264  loss=0.2369
  batch 240/264  loss=0.2445
  batch 250/264  loss=0.3444
  batch 260/264  loss=0.3491
Epoch 274/300  train=2.895e-01  rmse=2.4310  lr=6.3e-06  228s
  batch 10/264  loss=0.3249
  batch 20/264  loss=0.2841
  batch 30/264  loss=0.2731
  batch 40/264  loss=0.5577
  batch 50/264  loss=0.3293
  batch 60/264  loss=0.2675
  batch 70/264  loss=0.3275
  batch 80/264  loss=0.2750
  batch 90/264  loss=0.2519
  batch 100/264  loss=0.2428
  batch 110/264  loss=0.3040
  batch 120/264  loss=0.2266
  batch 130/264  loss=0.3931
  batch 140/264  loss=0.2679
  batch 150/264  loss=0.3709
  batch 160/264  loss=0.2845
  batch 170/264  loss=0.3536
  batch 180/264  loss=0.2408
  batch 190/264  loss=0.4037
  batch 200/264  loss=0.2552
  batch 210/264  loss=0.2367
  batch 220/264  loss=0.3266
  batch 230/264  loss=0.2788
  batch 240/264  loss=0.2883
  batch 250/264  loss=0.6148
  batch 260/264  loss=0.2332
Epoch 275/300  train=2.881e-01  rmse=4.1061  lr=6.3e-06  227s
  batch 10/264  loss=0.2853
  batch 20/264  loss=0.2503
  batch 30/264  loss=0.2829
  batch 40/264  loss=0.2557
  batch 50/264  loss=0.2585
  batch 60/264  loss=0.2411
  batch 70/264  loss=0.2675
  batch 80/264  loss=0.2400
  batch 90/264  loss=0.2564
  batch 100/264  loss=0.2769
  batch 110/264  loss=0.3613
  batch 120/264  loss=0.3338
  batch 130/264  loss=0.2589
  batch 140/264  loss=0.2396
  batch 150/264  loss=0.2300
  batch 160/264  loss=0.3146
  batch 170/264  loss=0.2556
  batch 180/264  loss=0.2858
  batch 190/264  loss=0.2847
  batch 200/264  loss=0.2312
  batch 210/264  loss=0.2722
  batch 220/264  loss=0.2367
  batch 230/264  loss=0.2500
  batch 240/264  loss=0.2225
  batch 250/264  loss=0.2554
  batch 260/264  loss=0.2747
Epoch 276/300  train=2.842e-01  rmse=2.0259  lr=6.3e-06  228s
  -> best  monitor=2.842e-01
  batch 10/264  loss=0.3667
  batch 20/264  loss=0.2245
  batch 30/264  loss=0.2860
  batch 40/264  loss=0.2589
  batch 50/264  loss=0.2807
  batch 60/264  loss=0.2288
  batch 70/264  loss=0.3633
  batch 80/264  loss=0.2946
  batch 90/264  loss=0.4806
  batch 100/264  loss=0.4035
  batch 110/264  loss=0.2428
  batch 120/264  loss=0.2470
  batch 130/264  loss=0.3350
  batch 140/264  loss=0.2476
  batch 150/264  loss=0.3544
  batch 160/264  loss=0.2913
  batch 170/264  loss=0.2491
  batch 180/264  loss=0.2279
  batch 190/264  loss=0.2526
  batch 200/264  loss=0.2321
  batch 210/264  loss=0.2644
  batch 220/264  loss=0.3599
  batch 230/264  loss=0.2825
  batch 240/264  loss=0.3690
  batch 250/264  loss=0.2478
  batch 260/264  loss=0.2917
Epoch 277/300  train=2.867e-01  rmse=2.2223  lr=6.3e-06  229s
  batch 10/264  loss=0.2392
  batch 20/264  loss=0.2564
  batch 30/264  loss=0.4399
  batch 40/264  loss=0.3551
  batch 50/264  loss=0.2757
  batch 60/264  loss=0.2321
  batch 70/264  loss=0.3123
  batch 80/264  loss=0.3441
  batch 90/264  loss=0.2429
  batch 100/264  loss=0.2748
  batch 110/264  loss=0.2899
  batch 120/264  loss=0.2295
  batch 130/264  loss=0.2987
  batch 140/264  loss=0.2646
  batch 150/264  loss=0.2568
  batch 160/264  loss=0.2513
  batch 170/264  loss=0.2278
  batch 180/264  loss=0.3191
  batch 190/264  loss=0.2399
  batch 200/264  loss=0.2274
  batch 210/264  loss=0.2835
  batch 220/264  loss=0.2944
  batch 230/264  loss=0.3027
  batch 240/264  loss=0.3834
  batch 250/264  loss=0.3122
  batch 260/264  loss=0.3622
Epoch 278/300  train=2.875e-01  rmse=1.9439  lr=6.3e-06  228s
  batch 10/264  loss=0.3164
  batch 20/264  loss=0.3182
  batch 30/264  loss=0.4023
  batch 40/264  loss=0.2203
  batch 50/264  loss=0.3515
  batch 60/264  loss=0.2732
  batch 70/264  loss=0.2460
  batch 80/264  loss=0.2940
  batch 90/264  loss=0.2442
  batch 100/264  loss=0.3637
  batch 110/264  loss=0.2861
  batch 120/264  loss=0.2795
  batch 130/264  loss=0.2875
  batch 140/264  loss=0.3314
  batch 150/264  loss=0.2667
  batch 160/264  loss=0.2836
  batch 170/264  loss=0.3127
  batch 180/264  loss=0.3304
  batch 190/264  loss=0.2587
  batch 200/264  loss=0.2951
  batch 210/264  loss=0.2601
  batch 220/264  loss=0.3733
  batch 230/264  loss=0.2799
  batch 240/264  loss=0.2871
  batch 250/264  loss=0.2748
  batch 260/264  loss=0.2422
Epoch 279/300  train=2.902e-01  rmse=1.5974  lr=6.3e-06  229s
  batch 10/264  loss=0.3012
  batch 20/264  loss=0.3513
  batch 30/264  loss=0.3455
  batch 40/264  loss=0.2340
  batch 50/264  loss=0.3199
  batch 60/264  loss=0.2811
  batch 70/264  loss=0.2392
  batch 80/264  loss=0.3952
  batch 90/264  loss=0.2717
  batch 100/264  loss=0.2372
  batch 110/264  loss=0.2814
  batch 120/264  loss=0.2673
  batch 130/264  loss=0.2453
  batch 140/264  loss=0.3037
  batch 150/264  loss=0.2195
  batch 160/264  loss=0.3048
  batch 170/264  loss=0.2387
  batch 180/264  loss=0.2187
  batch 190/264  loss=0.2177
  batch 200/264  loss=0.2751
  batch 210/264  loss=0.2864
  batch 220/264  loss=0.3021
  batch 230/264  loss=0.2989
  batch 240/264  loss=0.3729
  batch 250/264  loss=0.2266
  batch 260/264  loss=0.2884
Epoch 280/300  train=2.887e-01  rmse=2.3901  lr=6.3e-06  229s
  batch 10/264  loss=0.4133
  batch 20/264  loss=0.2841
  batch 30/264  loss=0.3780
  batch 40/264  loss=0.3164
  batch 50/264  loss=0.3017
  batch 60/264  loss=0.2873
  batch 70/264  loss=0.3420
  batch 80/264  loss=0.2880
  batch 90/264  loss=0.2346
  batch 100/264  loss=0.2634
  batch 110/264  loss=0.2719
  batch 120/264  loss=0.3437
  batch 130/264  loss=0.3764
  batch 140/264  loss=0.3591
  batch 150/264  loss=0.2912
  batch 160/264  loss=0.2379
  batch 170/264  loss=0.2710
  batch 180/264  loss=0.3980
  batch 190/264  loss=0.2460
  batch 200/264  loss=0.2223
  batch 210/264  loss=0.2471
  batch 220/264  loss=0.2952
  batch 230/264  loss=0.2618
  batch 240/264  loss=0.2457
  batch 250/264  loss=0.2460
  batch 260/264  loss=0.3112
Epoch 281/300  train=2.867e-01  rmse=1.7922  lr=6.3e-06  229s
  batch 10/264  loss=0.3468
  batch 20/264  loss=0.3572
  batch 30/264  loss=0.2610
  batch 40/264  loss=0.2206
  batch 50/264  loss=0.2962
  batch 60/264  loss=0.2341
  batch 70/264  loss=0.3136
  batch 80/264  loss=0.2326
  batch 90/264  loss=0.2635
  batch 100/264  loss=0.2317
  batch 110/264  loss=0.2485
  batch 120/264  loss=0.2718
  batch 130/264  loss=0.3036
  batch 140/264  loss=0.2792
  batch 150/264  loss=0.3647
  batch 160/264  loss=0.5252
  batch 170/264  loss=0.2248
  batch 180/264  loss=0.2317
  batch 190/264  loss=0.2592
  batch 200/264  loss=0.2587
  batch 210/264  loss=0.2580
  batch 220/264  loss=0.2676
  batch 230/264  loss=0.2764
  batch 240/264  loss=0.2721
  batch 250/264  loss=0.2126
  batch 260/264  loss=0.4275
Epoch 282/300  train=2.912e-01  rmse=2.6495  lr=6.3e-06  229s
  batch 10/264  loss=0.2704
  batch 20/264  loss=0.2205
  batch 30/264  loss=0.2930
  batch 40/264  loss=0.2833
  batch 50/264  loss=0.3519
  batch 60/264  loss=0.2843
  batch 70/264  loss=0.2837
  batch 80/264  loss=0.4587
  batch 90/264  loss=0.2719
  batch 100/264  loss=0.2288
  batch 110/264  loss=0.2498
  batch 120/264  loss=0.2045
  batch 130/264  loss=0.2873
  batch 140/264  loss=0.3590
  batch 150/264  loss=0.2417
  batch 160/264  loss=0.2590
  batch 170/264  loss=0.3157
  batch 180/264  loss=0.2793
  batch 190/264  loss=0.2806
  batch 200/264  loss=0.2582
  batch 210/264  loss=0.2299
  batch 220/264  loss=0.4951
  batch 230/264  loss=0.3002
  batch 240/264  loss=0.2462
  batch 250/264  loss=0.2829
  batch 260/264  loss=0.2997
Epoch 283/300  train=2.880e-01  rmse=2.8373  lr=6.3e-06  229s
  batch 10/264  loss=0.2553
  batch 20/264  loss=0.2818
  batch 30/264  loss=0.3030
  batch 40/264  loss=0.2415
  batch 50/264  loss=0.3768
  batch 60/264  loss=0.3015
  batch 70/264  loss=0.3362
  batch 80/264  loss=0.2583
  batch 90/264  loss=0.3383
  batch 100/264  loss=0.2556
  batch 110/264  loss=0.2445
  batch 120/264  loss=0.3032
  batch 130/264  loss=0.2849
  batch 140/264  loss=0.2670
  batch 150/264  loss=0.2518
  batch 160/264  loss=0.3167
  batch 170/264  loss=0.2591
  batch 180/264  loss=0.2201
  batch 190/264  loss=0.2550
  batch 200/264  loss=0.2937
  batch 210/264  loss=0.2739
  batch 220/264  loss=0.2339
  batch 230/264  loss=0.2947
  batch 240/264  loss=0.3906
  batch 250/264  loss=0.2478
  batch 260/264  loss=0.2529
Epoch 284/300  train=2.895e-01  rmse=2.5752  lr=6.3e-06  227s
  batch 10/264  loss=0.3529
  batch 20/264  loss=0.2359
  batch 30/264  loss=0.2862
  batch 40/264  loss=0.2263
  batch 50/264  loss=0.2642
  batch 60/264  loss=0.2253
  batch 70/264  loss=0.3110
  batch 80/264  loss=0.3128
  batch 90/264  loss=0.2440
  batch 100/264  loss=0.2597
  batch 110/264  loss=0.2726
  batch 120/264  loss=0.3162
  batch 130/264  loss=0.2454
  batch 140/264  loss=0.2424
  batch 150/264  loss=0.3674
  batch 160/264  loss=0.2530
  batch 170/264  loss=0.2484
  batch 180/264  loss=0.3925
  batch 190/264  loss=0.3159
  batch 200/264  loss=0.3280
  batch 210/264  loss=0.3035
  batch 220/264  loss=0.2288
  batch 230/264  loss=0.3017
  batch 240/264  loss=0.3663
  batch 250/264  loss=0.2639
  batch 260/264  loss=0.4399
Epoch 285/300  train=2.860e-01  rmse=2.2487  lr=6.3e-06  230s
  batch 10/264  loss=0.3357
  batch 20/264  loss=0.2830
  batch 30/264  loss=0.2753
  batch 40/264  loss=1.0257
  batch 50/264  loss=0.3769
  batch 60/264  loss=0.3412
  batch 70/264  loss=0.2272
  batch 80/264  loss=0.2546
  batch 90/264  loss=0.2652
  batch 100/264  loss=0.2735
  batch 110/264  loss=0.2215
  batch 120/264  loss=0.2230
  batch 130/264  loss=0.2119
  batch 140/264  loss=0.3549
  batch 150/264  loss=0.2948
  batch 160/264  loss=0.6231
  batch 170/264  loss=0.2196
  batch 180/264  loss=0.2840
  batch 190/264  loss=0.2794
  batch 200/264  loss=0.2214
  batch 210/264  loss=0.3241
  batch 220/264  loss=0.3713
  batch 230/264  loss=0.2837
  batch 240/264  loss=0.2420
  batch 250/264  loss=0.4166
  batch 260/264  loss=0.2923
Epoch 286/300  train=2.916e-01  rmse=2.5749  lr=6.3e-06  229s
  batch 10/264  loss=0.2597
  batch 20/264  loss=0.3209
  batch 30/264  loss=0.2767
  batch 40/264  loss=0.2547
  batch 50/264  loss=0.2363
  batch 60/264  loss=0.2657
  batch 70/264  loss=0.2395
  batch 80/264  loss=0.3351
  batch 90/264  loss=0.2435
  batch 100/264  loss=0.2193
  batch 110/264  loss=0.2256
  batch 120/264  loss=0.3080
  batch 130/264  loss=0.2902
  batch 140/264  loss=0.2901
  batch 150/264  loss=0.2536
  batch 160/264  loss=0.2815
  batch 170/264  loss=0.3094
  batch 180/264  loss=0.2676
  batch 190/264  loss=0.2587
  batch 200/264  loss=0.2860
  batch 210/264  loss=0.2372
  batch 220/264  loss=0.2798
  batch 230/264  loss=0.2622
  batch 240/264  loss=0.2340
  batch 250/264  loss=0.2976
  batch 260/264  loss=0.2892
Epoch 287/300  train=2.865e-01  rmse=2.3313  lr=3.1e-06  230s
  batch 10/264  loss=0.3613
  batch 20/264  loss=0.3058
  batch 30/264  loss=0.2436
  batch 40/264  loss=0.3797
  batch 50/264  loss=0.2385
  batch 60/264  loss=0.2580
  batch 70/264  loss=0.2663
  batch 80/264  loss=0.2543
  batch 90/264  loss=0.2576
  batch 100/264  loss=0.3818
  batch 110/264  loss=0.2507
  batch 120/264  loss=0.3230
  batch 130/264  loss=0.3224
  batch 140/264  loss=0.2331
  batch 150/264  loss=0.2668
  batch 160/264  loss=0.2255
  batch 170/264  loss=0.2461
  batch 180/264  loss=0.2468
  batch 190/264  loss=0.3486
  batch 200/264  loss=0.2656
  batch 210/264  loss=0.2237
  batch 220/264  loss=0.2981
  batch 230/264  loss=0.3918
  batch 240/264  loss=0.3871
  batch 250/264  loss=0.2235
  batch 260/264  loss=0.2431
Epoch 288/300  train=2.847e-01  rmse=1.6910  lr=3.1e-06  229s
  batch 10/264  loss=0.2499
  batch 20/264  loss=0.3032
  batch 30/264  loss=0.2835
  batch 40/264  loss=0.2723
  batch 50/264  loss=0.2181
  batch 60/264  loss=0.3086
  batch 70/264  loss=0.2666
  batch 80/264  loss=0.3085
  batch 90/264  loss=0.2734
  batch 100/264  loss=0.2617
  batch 110/264  loss=0.2714
  batch 120/264  loss=0.2645
  batch 130/264  loss=0.3307
  batch 140/264  loss=0.3290
  batch 150/264  loss=0.2267
  batch 160/264  loss=0.2728
  batch 170/264  loss=0.3996
  batch 180/264  loss=0.2284
  batch 190/264  loss=0.5129
  batch 200/264  loss=0.2569
  batch 210/264  loss=0.2161
  batch 220/264  loss=0.2962
  batch 230/264  loss=0.2750
  batch 240/264  loss=0.2508
  batch 250/264  loss=0.2921
  batch 260/264  loss=0.2230
Epoch 289/300  train=2.906e-01  rmse=1.8053  lr=3.1e-06  229s
  batch 10/264  loss=0.2280
  batch 20/264  loss=0.2676
  batch 30/264  loss=0.3080
  batch 40/264  loss=0.3367
  batch 50/264  loss=0.2650
  batch 60/264  loss=0.2568
  batch 70/264  loss=0.2712
  batch 80/264  loss=0.3465
  batch 90/264  loss=0.2853
  batch 100/264  loss=0.2578
  batch 110/264  loss=0.2906
  batch 120/264  loss=0.2971
  batch 130/264  loss=0.3329
  batch 140/264  loss=0.2257
  batch 150/264  loss=0.2619
  batch 160/264  loss=0.3074
  batch 170/264  loss=0.2469
  batch 180/264  loss=0.2306
  batch 190/264  loss=0.2358
  batch 200/264  loss=0.2375
  batch 210/264  loss=0.2305
  batch 220/264  loss=0.2701
  batch 230/264  loss=0.2436
  batch 240/264  loss=0.3323
  batch 250/264  loss=0.2307
  batch 260/264  loss=0.2543
Epoch 290/300  train=2.877e-01  rmse=3.8741  lr=3.1e-06  228s
  batch 10/264  loss=0.3776
  batch 20/264  loss=0.2596
  batch 30/264  loss=0.2639
  batch 40/264  loss=0.2203
  batch 50/264  loss=0.2564
  batch 60/264  loss=0.2453
  batch 70/264  loss=0.2619
  batch 80/264  loss=0.3813
  batch 90/264  loss=0.4224
  batch 100/264  loss=0.2556
  batch 110/264  loss=0.2371
  batch 120/264  loss=0.3050
  batch 130/264  loss=0.2119
  batch 140/264  loss=0.3296
  batch 150/264  loss=0.2311
  batch 160/264  loss=0.3652
  batch 170/264  loss=0.2752
  batch 180/264  loss=0.3329
  batch 190/264  loss=0.2474
  batch 200/264  loss=0.2485
  batch 210/264  loss=0.4464
  batch 220/264  loss=0.3453
  batch 230/264  loss=0.2786
  batch 240/264  loss=0.2620
  batch 250/264  loss=0.2337
  batch 260/264  loss=0.3421
Epoch 291/300  train=2.866e-01  rmse=2.5422  lr=3.1e-06  228s
  batch 10/264  loss=0.3056
  batch 20/264  loss=0.2780
  batch 30/264  loss=0.3278
  batch 40/264  loss=0.2734
  batch 50/264  loss=0.2471
  batch 60/264  loss=0.2381
  batch 70/264  loss=0.2664
  batch 80/264  loss=0.3111
  batch 90/264  loss=0.2952
  batch 100/264  loss=0.4346
  batch 110/264  loss=0.2302
  batch 120/264  loss=0.3530
  batch 130/264  loss=0.2659
  batch 140/264  loss=0.2344
  batch 150/264  loss=0.2431
  batch 160/264  loss=0.2862
  batch 170/264  loss=0.3015
  batch 180/264  loss=0.2882
  batch 190/264  loss=0.2492
  batch 200/264  loss=0.3812
  batch 210/264  loss=0.2585
  batch 220/264  loss=0.2547
  batch 230/264  loss=0.2451
  batch 240/264  loss=0.3793
  batch 250/264  loss=0.2244
  batch 260/264  loss=0.2629
Epoch 292/300  train=2.924e-01  rmse=2.7610  lr=3.1e-06  228s
  batch 10/264  loss=0.2572
  batch 20/264  loss=0.2445
  batch 30/264  loss=0.2895
  batch 40/264  loss=0.3181
  batch 50/264  loss=0.2719
  batch 60/264  loss=0.2931
  batch 70/264  loss=0.2552
  batch 80/264  loss=0.2478
  batch 90/264  loss=0.3257
  batch 100/264  loss=0.3352
  batch 110/264  loss=0.2615
  batch 120/264  loss=0.2708
  batch 130/264  loss=0.2135
  batch 140/264  loss=0.2650
  batch 150/264  loss=0.2583
  batch 160/264  loss=0.2805
  batch 170/264  loss=0.2448
  batch 180/264  loss=0.2603
  batch 190/264  loss=0.2741
  batch 200/264  loss=0.2739
  batch 210/264  loss=0.2634
  batch 220/264  loss=0.2781
  batch 230/264  loss=0.2771
  batch 240/264  loss=0.2239
  batch 250/264  loss=0.2189
  batch 260/264  loss=0.2611
Epoch 293/300  train=2.850e-01  rmse=2.0174  lr=3.1e-06  227s
  batch 10/264  loss=0.3852
  batch 20/264  loss=0.3013
  batch 30/264  loss=0.2961
  batch 40/264  loss=0.2907
  batch 50/264  loss=0.2330
  batch 60/264  loss=0.2470
  batch 70/264  loss=0.2435
  batch 80/264  loss=0.3300
  batch 90/264  loss=0.2741
  batch 100/264  loss=0.3412
  batch 110/264  loss=0.3225
  batch 120/264  loss=0.2764
  batch 130/264  loss=0.3080
  batch 140/264  loss=0.2799
  batch 150/264  loss=0.3999
  batch 160/264  loss=0.2461
  batch 170/264  loss=0.2275
  batch 180/264  loss=0.2531
  batch 190/264  loss=0.2983
  batch 200/264  loss=0.3958
  batch 210/264  loss=0.2308
  batch 220/264  loss=0.2861
  batch 230/264  loss=0.4535
  batch 240/264  loss=0.2334
  batch 250/264  loss=0.3569
  batch 260/264  loss=0.2612
Epoch 294/300  train=2.858e-01  rmse=2.1253  lr=3.1e-06  227s
  batch 10/264  loss=0.3478
  batch 20/264  loss=0.4066
  batch 30/264  loss=0.2870
  batch 40/264  loss=0.4186
  batch 50/264  loss=0.3329
  batch 60/264  loss=0.2210
  batch 70/264  loss=0.2655
  batch 80/264  loss=0.2672
  batch 90/264  loss=0.2358
  batch 100/264  loss=0.2831
  batch 110/264  loss=0.3290
  batch 120/264  loss=0.2476
  batch 130/264  loss=0.3484
  batch 140/264  loss=0.2506
  batch 150/264  loss=0.2737
  batch 160/264  loss=0.3854
  batch 170/264  loss=0.2426
  batch 180/264  loss=0.2181
  batch 190/264  loss=0.2464
  batch 200/264  loss=0.2285
  batch 210/264  loss=0.2432
  batch 220/264  loss=0.2414
  batch 230/264  loss=0.2325
  batch 240/264  loss=0.3482
  batch 250/264  loss=0.3532
  batch 260/264  loss=0.2281
Epoch 295/300  train=2.874e-01  rmse=1.6526  lr=3.1e-06  227s
  batch 10/264  loss=0.2395
  batch 20/264  loss=0.2292
  batch 30/264  loss=0.2484
  batch 40/264  loss=0.3545
  batch 50/264  loss=0.4132
  batch 60/264  loss=0.3530
  batch 70/264  loss=0.5259
  batch 80/264  loss=0.2786
  batch 90/264  loss=0.2993
  batch 100/264  loss=0.2760
  batch 110/264  loss=0.2889
  batch 120/264  loss=0.2589
  batch 130/264  loss=0.2360
  batch 140/264  loss=0.2053
  batch 150/264  loss=0.2948
  batch 160/264  loss=0.3192
  batch 170/264  loss=0.2821
  batch 180/264  loss=0.2984
  batch 190/264  loss=0.2478
  batch 200/264  loss=0.3109
  batch 210/264  loss=0.2349
  batch 220/264  loss=0.2316
  batch 230/264  loss=0.2266
  batch 240/264  loss=0.3350
  batch 250/264  loss=0.3330
  batch 260/264  loss=0.2406
Epoch 296/300  train=2.892e-01  rmse=2.7972  lr=3.1e-06  227s
  batch 10/264  loss=0.2334
  batch 20/264  loss=0.3097
  batch 30/264  loss=0.3039
  batch 40/264  loss=0.3078
  batch 50/264  loss=0.3459
  batch 60/264  loss=0.2572
  batch 70/264  loss=0.2989
  batch 80/264  loss=0.2438
  batch 90/264  loss=0.2093
  batch 100/264  loss=0.3741
  batch 110/264  loss=0.2299
  batch 120/264  loss=0.3606
  batch 130/264  loss=0.2820
  batch 140/264  loss=0.2134
  batch 150/264  loss=0.2528
  batch 160/264  loss=0.2997
  batch 170/264  loss=0.4199
  batch 180/264  loss=0.3827
  batch 190/264  loss=0.4041
  batch 200/264  loss=0.2826
  batch 210/264  loss=0.2572
  batch 220/264  loss=0.2204
  batch 230/264  loss=0.2762
  batch 240/264  loss=0.2615
  batch 250/264  loss=0.2566
  batch 260/264  loss=0.2619
Epoch 297/300  train=2.848e-01  rmse=3.5168  lr=3.1e-06  233s
  batch 10/264  loss=0.2700
  batch 20/264  loss=0.3538
  batch 30/264  loss=0.2530
  batch 40/264  loss=0.2997
  batch 50/264  loss=0.3365
  batch 60/264  loss=0.2689
  batch 70/264  loss=0.2886
  batch 80/264  loss=0.2225
  batch 90/264  loss=0.2901
  batch 100/264  loss=0.2872
  batch 110/264  loss=0.2696
  batch 120/264  loss=0.3884
  batch 130/264  loss=0.2417
  batch 140/264  loss=0.2277
  batch 150/264  loss=0.2881
  batch 160/264  loss=0.3100
  batch 170/264  loss=0.3494
  batch 180/264  loss=0.2790
  batch 190/264  loss=0.6261
  batch 200/264  loss=0.2509
  batch 210/264  loss=0.2376
  batch 220/264  loss=0.2780
  batch 230/264  loss=0.2222
  batch 240/264  loss=0.2248
  batch 250/264  loss=0.3346
  batch 260/264  loss=0.2758
Epoch 298/300  train=2.954e-01  rmse=2.3753  lr=1.6e-06  234s
  batch 10/264  loss=0.2938
  batch 20/264  loss=0.2433
  batch 30/264  loss=0.2744
  batch 40/264  loss=0.2539
  batch 50/264  loss=0.2670
  batch 60/264  loss=0.3711
  batch 70/264  loss=0.2915
  batch 80/264  loss=0.2719
  batch 90/264  loss=0.2265
  batch 100/264  loss=0.3295
  batch 110/264  loss=0.2390
  batch 120/264  loss=0.3500
  batch 130/264  loss=0.2444
  batch 140/264  loss=0.3974
  batch 150/264  loss=0.3868
  batch 160/264  loss=0.2660
  batch 170/264  loss=0.3468
  batch 180/264  loss=0.2439
  batch 190/264  loss=0.3357
  batch 200/264  loss=0.2691
  batch 210/264  loss=0.2135
  batch 220/264  loss=0.2635
  batch 230/264  loss=0.2616
  batch 240/264  loss=0.2417
  batch 250/264  loss=0.3320
  batch 260/264  loss=0.3456
Epoch 299/300  train=2.872e-01  rmse=4.0822  lr=1.6e-06  233s
  batch 10/264  loss=0.2343
  batch 20/264  loss=0.3087
  batch 30/264  loss=0.2836
  batch 40/264  loss=0.3388
  batch 50/264  loss=0.2246
  batch 60/264  loss=0.3212
  batch 70/264  loss=0.2164
  batch 80/264  loss=0.4048
  batch 90/264  loss=0.2829
  batch 100/264  loss=0.2692
  batch 110/264  loss=0.2378
  batch 120/264  loss=0.2985
  batch 130/264  loss=0.2516
  batch 140/264  loss=0.3146
  batch 150/264  loss=0.2194
  batch 160/264  loss=0.2981
  batch 170/264  loss=0.2447
  batch 180/264  loss=0.2427
  batch 190/264  loss=0.2395
  batch 200/264  loss=0.3030
  batch 210/264  loss=0.2790
  batch 220/264  loss=0.2794
  batch 230/264  loss=0.3320
  batch 240/264  loss=0.2665
  batch 250/264  loss=0.2847
  batch 260/264  loss=0.3025
Epoch 300/300  train=2.878e-01  rmse=2.3443  lr=1.6e-06  232s

Test evaluation (best checkpoint)...
Test (RMSE / MAE in μg/m³):
  total: 0.346189
  main: 0.028182
  nonneg: 0.000000
  smooth: 0.000000
  anom: 0.017914
  grad: 0.000570
  pattern: 0.000000
  spectral: 0.299523
  var: 0.000000
  rmse: 0.765530
  rmse_low: 0.996049
  rmse_high: 0.352796
  mae: 0.397172

  z  Height(m)        R²
--------------------------
  0       15.0    0.8449  <- ~0-100m
  1       25.0    0.8389  <- ~0-100m
  2       35.0    0.8686  <- ~0-100m
  3       45.0    0.8902  <- ~0-100m
  4       55.0    0.9035  <- ~0-100m
  5       75.0    0.9385  <- ~0-100m
  6       95.0    0.9587  <- ~0-100m
  7      115.0    0.9688  <- ~0-100m
  8      135.0    0.9726
  9      155.0    0.9742
 10      175.0    0.9749
 11      195.0    0.9756
