Device: cuda
Building datasets...
Temporal split:  train=264  val=0  test=72
Fitting normalisation on 264 samples...
  50/264
  100/264
  150/264
  200/264
  250/264
Done.
  emission  mean=5.6840  std=1.1291
  pm25      per-level  mean[0]=2.3826e+00  mean[-1]=1.1283e+00
Model: UNet3D  base_ch=16  params: 1,598,466
No val set — using train loss for scheduler and checkpoint selection.

Training for 300 epochs...
  batch 10/264  loss=2.6602
  batch 20/264  loss=4.0680
  batch 30/264  loss=1.9562
  batch 40/264  loss=2.9051
  batch 50/264  loss=2.2721
  batch 60/264  loss=2.1101
  batch 70/264  loss=1.3234
  batch 80/264  loss=1.2093
  batch 90/264  loss=3.4498
  batch 100/264  loss=4.2620
  batch 110/264  loss=1.2659
  batch 120/264  loss=1.0571
  batch 130/264  loss=1.1382
  batch 140/264  loss=1.2069
  batch 150/264  loss=1.9123
  batch 160/264  loss=1.6387
  batch 170/264  loss=0.8981
  batch 180/264  loss=2.8550
  batch 190/264  loss=2.3340
  batch 200/264  loss=1.0480
  batch 210/264  loss=1.5957
  batch 220/264  loss=1.2409
  batch 230/264  loss=1.4428
  batch 240/264  loss=1.5277
  batch 250/264  loss=1.6366
  batch 260/264  loss=1.0339
Epoch   1/300  train=1.955e+00  rmse=4.4140  lr=1.0e-04  252s
  -> best  monitor=1.955e+00
  batch 10/264  loss=1.1286
  batch 20/264  loss=2.0813
  batch 30/264  loss=1.8293
  batch 40/264  loss=3.8001
  batch 50/264  loss=0.9935
  batch 60/264  loss=0.9284
  batch 70/264  loss=1.2323
  batch 80/264  loss=1.3052
  batch 90/264  loss=1.6740
  batch 100/264  loss=0.8941
  batch 110/264  loss=1.1834
  batch 120/264  loss=0.9109
  batch 130/264  loss=1.2947
  batch 140/264  loss=1.1395
  batch 150/264  loss=2.7622
  batch 160/264  loss=0.9919
  batch 170/264  loss=3.0454
  batch 180/264  loss=1.4945
  batch 190/264  loss=1.2046
  batch 200/264  loss=1.1659
  batch 210/264  loss=1.6706
  batch 220/264  loss=1.2489
  batch 230/264  loss=0.9744
  batch 240/264  loss=1.4987
  batch 250/264  loss=1.0173
  batch 260/264  loss=0.9938
Epoch   2/300  train=1.390e+00  rmse=3.6735  lr=1.0e-04  231s
  -> best  monitor=1.390e+00
  batch 10/264  loss=1.2935
  batch 20/264  loss=0.8615
  batch 30/264  loss=2.4135
  batch 40/264  loss=0.8681
  batch 50/264  loss=0.8748
  batch 60/264  loss=0.7612
  batch 70/264  loss=0.9259
  batch 80/264  loss=1.5605
  batch 90/264  loss=1.4303
  batch 100/264  loss=1.0592
  batch 110/264  loss=0.8236
  batch 120/264  loss=1.5031
  batch 130/264  loss=1.0281
  batch 140/264  loss=1.2714
  batch 150/264  loss=0.8387
  batch 160/264  loss=1.1080
  batch 170/264  loss=1.3010
  batch 180/264  loss=1.1832
  batch 190/264  loss=1.1273
  batch 200/264  loss=0.8111
  batch 210/264  loss=2.4002
  batch 220/264  loss=0.9337
  batch 230/264  loss=0.8353
  batch 240/264  loss=0.8302
  batch 250/264  loss=0.8547
  batch 260/264  loss=1.2371
Epoch   3/300  train=1.129e+00  rmse=3.1723  lr=1.0e-04  231s
  -> best  monitor=1.129e+00
  batch 10/264  loss=0.8257
  batch 20/264  loss=1.2627
  batch 30/264  loss=0.9269
  batch 40/264  loss=0.9721
  batch 50/264  loss=0.7810
  batch 60/264  loss=0.9720
  batch 70/264  loss=0.7057
  batch 80/264  loss=0.7397
  batch 90/264  loss=0.8496
  batch 100/264  loss=0.8845
  batch 110/264  loss=0.8490
  batch 120/264  loss=1.3719
  batch 130/264  loss=0.7342
  batch 140/264  loss=0.8215
  batch 150/264  loss=0.7061
  batch 160/264  loss=1.2162
  batch 170/264  loss=0.5896
  batch 180/264  loss=1.1739
  batch 190/264  loss=0.8552
  batch 200/264  loss=1.1601
  batch 210/264  loss=0.8835
  batch 220/264  loss=1.7321
  batch 230/264  loss=0.6788
  batch 240/264  loss=1.3881
  batch 250/264  loss=1.0624
  batch 260/264  loss=0.8234
Epoch   4/300  train=9.922e-01  rmse=2.9756  lr=1.0e-04  230s
  -> best  monitor=9.922e-01
  batch 10/264  loss=0.7763
  batch 20/264  loss=0.6980
  batch 30/264  loss=0.8195
  batch 40/264  loss=1.5865
  batch 50/264  loss=0.9368
  batch 60/264  loss=2.1271
  batch 70/264  loss=0.6262
  batch 80/264  loss=0.6253
  batch 90/264  loss=0.7768
  batch 100/264  loss=0.8517
  batch 110/264  loss=0.8644
  batch 120/264  loss=0.8980
  batch 130/264  loss=0.7696
  batch 140/264  loss=1.4104
  batch 150/264  loss=0.7160
  batch 160/264  loss=0.6402
  batch 170/264  loss=0.9573
  batch 180/264  loss=0.6675
  batch 190/264  loss=0.7151
  batch 200/264  loss=0.9872
  batch 210/264  loss=0.6500
  batch 220/264  loss=0.7588
  batch 230/264  loss=0.6514
  batch 240/264  loss=0.6955
  batch 250/264  loss=0.5693
  batch 260/264  loss=0.7311
Epoch   5/300  train=9.095e-01  rmse=2.8441  lr=1.0e-04  230s
  -> best  monitor=9.095e-01
  batch 10/264  loss=0.8246
  batch 20/264  loss=0.6046
  batch 30/264  loss=0.8165
  batch 40/264  loss=0.5482
  batch 50/264  loss=1.1437
  batch 60/264  loss=0.7630
  batch 70/264  loss=1.0892
  batch 80/264  loss=1.0832
  batch 90/264  loss=1.1415
  batch 100/264  loss=1.9182
  batch 110/264  loss=0.7073
  batch 120/264  loss=1.0972
  batch 130/264  loss=0.7061
  batch 140/264  loss=0.8422
  batch 150/264  loss=0.7017
  batch 160/264  loss=1.4182
  batch 170/264  loss=0.5511
  batch 180/264  loss=0.9749
  batch 190/264  loss=1.7380
  batch 200/264  loss=0.6493
  batch 210/264  loss=0.6813
  batch 220/264  loss=0.6141
  batch 230/264  loss=0.5963
  batch 240/264  loss=0.9004
  batch 250/264  loss=0.6425
  batch 260/264  loss=1.0288
Epoch   6/300  train=8.773e-01  rmse=2.8542  lr=1.0e-04  232s
  -> best  monitor=8.773e-01
  batch 10/264  loss=0.9478
  batch 20/264  loss=0.5651
  batch 30/264  loss=0.7943
  batch 40/264  loss=0.9154
  batch 50/264  loss=0.8796
  batch 60/264  loss=0.7219
  batch 70/264  loss=0.8462
  batch 80/264  loss=1.1535
  batch 90/264  loss=0.9282
  batch 100/264  loss=0.7675
  batch 110/264  loss=0.9504
  batch 120/264  loss=0.8530
  batch 130/264  loss=0.8689
  batch 140/264  loss=0.6760
  batch 150/264  loss=0.5892
  batch 160/264  loss=0.4922
  batch 170/264  loss=0.7047
  batch 180/264  loss=0.6766
  batch 190/264  loss=1.5205
  batch 200/264  loss=0.7520
  batch 210/264  loss=1.2821
  batch 220/264  loss=1.2308
  batch 230/264  loss=0.6850
  batch 240/264  loss=0.7761
  batch 250/264  loss=0.7993
  batch 260/264  loss=0.6640
Epoch   7/300  train=8.239e-01  rmse=2.7994  lr=1.0e-04  232s
  -> best  monitor=8.239e-01
  batch 10/264  loss=0.8953
  batch 20/264  loss=0.6637
  batch 30/264  loss=0.5763
  batch 40/264  loss=0.7916
  batch 50/264  loss=0.5717
  batch 60/264  loss=0.7639
  batch 70/264  loss=0.7236
  batch 80/264  loss=0.8053
  batch 90/264  loss=0.7632
  batch 100/264  loss=0.7332
  batch 110/264  loss=0.6419
  batch 120/264  loss=0.6263
  batch 130/264  loss=0.6611
  batch 140/264  loss=0.5011
  batch 150/264  loss=0.7942
  batch 160/264  loss=0.7304
  batch 170/264  loss=0.7344
  batch 180/264  loss=0.6692
  batch 190/264  loss=0.5704
  batch 200/264  loss=1.5913
  batch 210/264  loss=0.7679
  batch 220/264  loss=0.4941
  batch 230/264  loss=0.8314
  batch 240/264  loss=0.6404
  batch 250/264  loss=0.7518
  batch 260/264  loss=1.5511
Epoch   8/300  train=8.009e-01  rmse=2.7704  lr=1.0e-04  231s
  -> best  monitor=8.009e-01
  batch 10/264  loss=0.6252
  batch 20/264  loss=0.6242
  batch 30/264  loss=0.5625
  batch 40/264  loss=0.4562
  batch 50/264  loss=0.5092
  batch 60/264  loss=0.5672
  batch 70/264  loss=0.6775
  batch 80/264  loss=0.4719
  batch 90/264  loss=0.5129
  batch 100/264  loss=0.6833
  batch 110/264  loss=0.5712
  batch 120/264  loss=0.6223
  batch 130/264  loss=0.7672
  batch 140/264  loss=0.6719
  batch 150/264  loss=0.5713
  batch 160/264  loss=0.6840
  batch 170/264  loss=1.5812
  batch 180/264  loss=0.6219
  batch 190/264  loss=0.5125
  batch 200/264  loss=0.8231
  batch 210/264  loss=0.6710
  batch 220/264  loss=0.4952
  batch 230/264  loss=0.6008
  batch 240/264  loss=0.6266
  batch 250/264  loss=1.2231
  batch 260/264  loss=0.6576
Epoch   9/300  train=7.726e-01  rmse=2.7865  lr=1.0e-04  227s
  -> best  monitor=7.726e-01
  batch 10/264  loss=0.5945
  batch 20/264  loss=0.7220
  batch 30/264  loss=0.6656
  batch 40/264  loss=0.7472
  batch 50/264  loss=0.6852
  batch 60/264  loss=0.7727
  batch 70/264  loss=0.6816
  batch 80/264  loss=0.6678
  batch 90/264  loss=0.5655
  batch 100/264  loss=0.5712
  batch 110/264  loss=0.5558
  batch 120/264  loss=0.6036
  batch 130/264  loss=0.7391
  batch 140/264  loss=0.5833
  batch 150/264  loss=0.8432
  batch 160/264  loss=0.7876
  batch 170/264  loss=0.6576
  batch 180/264  loss=0.8717
  batch 190/264  loss=0.6957
  batch 200/264  loss=0.5511
  batch 210/264  loss=1.0780
  batch 220/264  loss=0.6353
  batch 230/264  loss=0.7226
  batch 240/264  loss=1.0536
  batch 250/264  loss=0.7379
  batch 260/264  loss=0.5351
Epoch  10/300  train=7.487e-01  rmse=2.6920  lr=1.0e-04  229s
  -> best  monitor=7.487e-01
  batch 10/264  loss=0.6903
  batch 20/264  loss=0.7449
  batch 30/264  loss=0.5205
  batch 40/264  loss=0.5032
  batch 50/264  loss=0.7795
  batch 60/264  loss=0.5505
  batch 70/264  loss=0.6744
  batch 80/264  loss=0.5556
  batch 90/264  loss=0.8452
  batch 100/264  loss=1.0584
  batch 110/264  loss=0.6170
  batch 120/264  loss=0.6326
  batch 130/264  loss=1.6535
  batch 140/264  loss=0.6724
  batch 150/264  loss=0.7284
  batch 160/264  loss=0.7310
  batch 170/264  loss=0.7283
  batch 180/264  loss=0.6565
  batch 190/264  loss=0.5428
  batch 200/264  loss=0.5202
  batch 210/264  loss=0.9230
  batch 220/264  loss=0.4625
  batch 230/264  loss=0.5996
  batch 240/264  loss=0.4695
  batch 250/264  loss=0.7262
  batch 260/264  loss=0.6249
Epoch  11/300  train=7.324e-01  rmse=2.6509  lr=1.0e-04  228s
  -> best  monitor=7.324e-01
  batch 10/264  loss=0.8443
  batch 20/264  loss=0.9206
  batch 30/264  loss=0.6429
  batch 40/264  loss=0.8380
  batch 50/264  loss=0.5667
  batch 60/264  loss=0.5641
  batch 70/264  loss=0.5427
  batch 80/264  loss=0.8846
  batch 90/264  loss=0.6547
  batch 100/264  loss=0.5649
  batch 110/264  loss=0.6943
  batch 120/264  loss=0.6028
  batch 130/264  loss=0.8965
  batch 140/264  loss=0.5454
  batch 150/264  loss=0.5410
  batch 160/264  loss=0.6383
  batch 170/264  loss=0.5582
  batch 180/264  loss=0.5756
  batch 190/264  loss=0.5800
  batch 200/264  loss=0.7514
  batch 210/264  loss=0.5664
  batch 220/264  loss=0.7294
  batch 230/264  loss=0.7566
  batch 240/264  loss=0.9156
  batch 250/264  loss=0.9115
  batch 260/264  loss=0.8443
Epoch  12/300  train=7.165e-01  rmse=2.6336  lr=1.0e-04  226s
  -> best  monitor=7.165e-01
  batch 10/264  loss=1.1766
  batch 20/264  loss=1.1444
  batch 30/264  loss=0.5757
  batch 40/264  loss=1.8489
  batch 50/264  loss=0.6994
  batch 60/264  loss=1.2982
  batch 70/264  loss=0.6303
  batch 80/264  loss=0.6588
  batch 90/264  loss=0.6901
  batch 100/264  loss=0.7935
  batch 110/264  loss=0.6874
  batch 120/264  loss=0.6312
  batch 130/264  loss=0.7878
  batch 140/264  loss=0.6408
  batch 150/264  loss=0.5411
  batch 160/264  loss=0.6228
  batch 170/264  loss=0.6137
  batch 180/264  loss=0.5905
  batch 190/264  loss=0.7269
  batch 200/264  loss=0.5537
  batch 210/264  loss=0.9957
  batch 220/264  loss=0.4264
  batch 230/264  loss=0.4920
  batch 240/264  loss=0.5377
  batch 250/264  loss=0.6093
  batch 260/264  loss=0.6005
Epoch  13/300  train=6.869e-01  rmse=2.5849  lr=1.0e-04  228s
  -> best  monitor=6.869e-01
  batch 10/264  loss=0.6687
  batch 20/264  loss=1.3556
  batch 30/264  loss=0.6339
  batch 40/264  loss=0.9218
  batch 50/264  loss=1.0507
  batch 60/264  loss=0.5072
  batch 70/264  loss=0.7262
  batch 80/264  loss=0.9163
  batch 90/264  loss=0.5305
  batch 100/264  loss=0.8253
  batch 110/264  loss=0.7059
  batch 120/264  loss=0.6519
  batch 130/264  loss=0.4526
  batch 140/264  loss=0.7599
  batch 150/264  loss=0.7665
  batch 160/264  loss=0.8862
  batch 170/264  loss=0.6037
  batch 180/264  loss=0.8980
  batch 190/264  loss=0.5426
  batch 200/264  loss=0.5576
  batch 210/264  loss=0.7223
  batch 220/264  loss=1.1807
  batch 230/264  loss=0.6924
  batch 240/264  loss=0.4755
  batch 250/264  loss=0.4738
  batch 260/264  loss=0.5161
Epoch  14/300  train=6.807e-01  rmse=2.5184  lr=1.0e-04  227s
  -> best  monitor=6.807e-01
  batch 10/264  loss=0.4623
  batch 20/264  loss=0.8421
  batch 30/264  loss=0.7858
  batch 40/264  loss=0.8039
  batch 50/264  loss=0.7802
  batch 60/264  loss=0.5192
  batch 70/264  loss=0.6614
  batch 80/264  loss=0.5914
  batch 90/264  loss=0.5352
  batch 100/264  loss=0.8088
  batch 110/264  loss=0.5784
  batch 120/264  loss=0.5019
  batch 130/264  loss=0.4416
  batch 140/264  loss=0.7004
  batch 150/264  loss=0.5482
  batch 160/264  loss=0.4365
  batch 170/264  loss=0.7438
  batch 180/264  loss=0.6542
  batch 190/264  loss=0.8167
  batch 200/264  loss=1.1366
  batch 210/264  loss=0.6556
  batch 220/264  loss=0.5394
  batch 230/264  loss=0.8101
  batch 240/264  loss=0.5264
  batch 250/264  loss=0.4900
  batch 260/264  loss=0.8852
Epoch  15/300  train=6.649e-01  rmse=2.5133  lr=1.0e-04  227s
  -> best  monitor=6.649e-01
  batch 10/264  loss=0.5074
  batch 20/264  loss=0.4178
  batch 30/264  loss=0.9046
  batch 40/264  loss=0.5795
  batch 50/264  loss=0.9479
  batch 60/264  loss=0.5605
  batch 70/264  loss=0.4886
  batch 80/264  loss=0.5701
  batch 90/264  loss=0.6495
  batch 100/264  loss=0.5043
  batch 110/264  loss=0.5941
  batch 120/264  loss=0.4552
  batch 130/264  loss=0.4995
  batch 140/264  loss=0.4637
  batch 150/264  loss=1.0557
  batch 160/264  loss=0.5128
  batch 170/264  loss=0.5948
  batch 180/264  loss=0.7428
  batch 190/264  loss=0.6507
  batch 200/264  loss=1.2110
  batch 210/264  loss=0.4824
  batch 220/264  loss=0.7479
  batch 230/264  loss=0.7900
  batch 240/264  loss=0.5315
  batch 250/264  loss=0.5527
  batch 260/264  loss=0.6385
Epoch  16/300  train=6.462e-01  rmse=2.4171  lr=1.0e-04  227s
  -> best  monitor=6.462e-01
  batch 10/264  loss=0.8149
  batch 20/264  loss=0.8261
  batch 30/264  loss=0.5672
  batch 40/264  loss=0.7858
  batch 50/264  loss=0.6001
  batch 60/264  loss=0.5272
  batch 70/264  loss=0.5516
  batch 80/264  loss=0.6688
  batch 90/264  loss=0.7094
  batch 100/264  loss=0.5592
  batch 110/264  loss=0.5039
  batch 120/264  loss=0.4557
  batch 130/264  loss=0.4329
  batch 140/264  loss=0.5042
  batch 150/264  loss=0.6051
  batch 160/264  loss=0.5295
  batch 170/264  loss=0.4996
  batch 180/264  loss=0.6552
  batch 190/264  loss=0.4979
  batch 200/264  loss=0.5804
  batch 210/264  loss=0.5652
  batch 220/264  loss=1.0184
  batch 230/264  loss=1.0073
  batch 240/264  loss=0.6255
  batch 250/264  loss=0.4821
  batch 260/264  loss=1.1475
Epoch  17/300  train=6.396e-01  rmse=2.3913  lr=1.0e-04  227s
  -> best  monitor=6.396e-01
  batch 10/264  loss=0.7389
  batch 20/264  loss=0.7328
  batch 30/264  loss=0.7900
  batch 40/264  loss=0.5891
  batch 50/264  loss=0.6391
  batch 60/264  loss=0.5210
  batch 70/264  loss=0.8051
  batch 80/264  loss=0.4551
  batch 90/264  loss=0.6454
  batch 100/264  loss=0.7571
  batch 110/264  loss=0.5692
  batch 120/264  loss=0.5678
  batch 130/264  loss=0.6641
  batch 140/264  loss=0.6434
  batch 150/264  loss=0.5152
  batch 160/264  loss=0.4483
  batch 170/264  loss=0.7148
  batch 180/264  loss=0.8136
  batch 190/264  loss=0.8253
  batch 200/264  loss=0.4937
  batch 210/264  loss=0.5132
  batch 220/264  loss=0.5379
  batch 230/264  loss=0.6983
  batch 240/264  loss=0.7313
  batch 250/264  loss=0.6273
  batch 260/264  loss=0.5681
Epoch  18/300  train=6.313e-01  rmse=2.4577  lr=1.0e-04  228s
  -> best  monitor=6.313e-01
  batch 10/264  loss=0.8396
  batch 20/264  loss=0.4716
  batch 30/264  loss=0.7352
  batch 40/264  loss=0.4730
  batch 50/264  loss=0.4346
  batch 60/264  loss=1.4010
  batch 70/264  loss=0.4759
  batch 80/264  loss=0.5225
  batch 90/264  loss=0.4770
  batch 100/264  loss=0.5418
  batch 110/264  loss=0.4912
  batch 120/264  loss=0.4941
  batch 130/264  loss=0.5896
  batch 140/264  loss=0.5222
  batch 150/264  loss=0.5658
  batch 160/264  loss=0.4286
  batch 170/264  loss=0.7232
  batch 180/264  loss=0.7972
  batch 190/264  loss=1.0866
  batch 200/264  loss=1.3179
  batch 210/264  loss=0.5011
  batch 220/264  loss=0.6064
  batch 230/264  loss=0.4129
  batch 240/264  loss=0.5423
  batch 250/264  loss=0.7171
  batch 260/264  loss=0.4630
Epoch  19/300  train=6.166e-01  rmse=2.3545  lr=1.0e-04  227s
  -> best  monitor=6.166e-01
  batch 10/264  loss=0.5385
  batch 20/264  loss=0.5348
  batch 30/264  loss=0.5805
  batch 40/264  loss=0.4347
  batch 50/264  loss=0.4424
  batch 60/264  loss=0.5270
  batch 70/264  loss=0.4702
  batch 80/264  loss=0.9669
  batch 90/264  loss=0.4812
  batch 100/264  loss=0.6689
  batch 110/264  loss=0.8264
  batch 120/264  loss=1.6573
  batch 130/264  loss=0.8344
  batch 140/264  loss=0.7302
  batch 150/264  loss=0.8953
  batch 160/264  loss=0.4216
  batch 170/264  loss=0.6649
  batch 180/264  loss=0.4413
  batch 190/264  loss=0.4942
  batch 200/264  loss=0.6196
  batch 210/264  loss=0.4841
  batch 220/264  loss=0.5345
  batch 230/264  loss=0.4495
  batch 240/264  loss=0.6354
  batch 250/264  loss=0.4957
  batch 260/264  loss=0.7531
Epoch  20/300  train=6.278e-01  rmse=2.3987  lr=1.0e-04  227s
  batch 10/264  loss=0.5743
  batch 20/264  loss=0.4735
  batch 30/264  loss=0.5068
  batch 40/264  loss=1.1653
  batch 50/264  loss=0.4276
  batch 60/264  loss=0.4623
  batch 70/264  loss=0.5002
  batch 80/264  loss=0.5519
  batch 90/264  loss=0.4522
  batch 100/264  loss=0.6060
  batch 110/264  loss=0.7590
  batch 120/264  loss=0.5050
  batch 130/264  loss=1.5742
  batch 140/264  loss=0.6615
  batch 150/264  loss=0.4690
  batch 160/264  loss=0.4554
  batch 170/264  loss=0.6051
  batch 180/264  loss=0.8228
  batch 190/264  loss=0.8198
  batch 200/264  loss=0.5119
  batch 210/264  loss=0.4885
  batch 220/264  loss=0.7255
  batch 230/264  loss=0.4886
  batch 240/264  loss=0.4672
  batch 250/264  loss=0.5448
  batch 260/264  loss=0.4108
Epoch  21/300  train=6.102e-01  rmse=2.4080  lr=1.0e-04  229s
  -> best  monitor=6.102e-01
  batch 10/264  loss=0.5959
  batch 20/264  loss=0.4044
  batch 30/264  loss=0.5019
  batch 40/264  loss=0.9498
  batch 50/264  loss=0.4910
  batch 60/264  loss=0.5678
  batch 70/264  loss=0.5712
  batch 80/264  loss=0.8010
  batch 90/264  loss=0.5690
  batch 100/264  loss=0.4923
  batch 110/264  loss=0.4837
  batch 120/264  loss=0.8707
  batch 130/264  loss=0.6546
  batch 140/264  loss=0.5351
  batch 150/264  loss=0.5136
  batch 160/264  loss=0.6711
  batch 170/264  loss=0.4573
  batch 180/264  loss=0.4572
  batch 190/264  loss=0.5453
  batch 200/264  loss=0.5256
  batch 210/264  loss=0.6938
  batch 220/264  loss=0.5360
  batch 230/264  loss=0.4878
  batch 240/264  loss=0.4480
  batch 250/264  loss=0.5994
  batch 260/264  loss=0.6130
Epoch  22/300  train=6.076e-01  rmse=2.3377  lr=1.0e-04  229s
  -> best  monitor=6.076e-01
  batch 10/264  loss=0.9708
  batch 20/264  loss=0.4667
  batch 30/264  loss=0.5750
  batch 40/264  loss=0.5380
  batch 50/264  loss=0.4636
  batch 60/264  loss=0.5193
  batch 70/264  loss=0.5859
  batch 80/264  loss=0.4893
  batch 90/264  loss=0.4913
  batch 100/264  loss=0.6285
  batch 110/264  loss=0.6090
  batch 120/264  loss=0.4211
  batch 130/264  loss=0.4763
  batch 140/264  loss=0.5654
  batch 150/264  loss=0.5627
  batch 160/264  loss=0.4821
  batch 170/264  loss=0.6483
  batch 180/264  loss=0.5305
  batch 190/264  loss=0.4970
  batch 200/264  loss=0.4441
  batch 210/264  loss=0.4798
  batch 220/264  loss=1.4902
  batch 230/264  loss=0.4968
  batch 240/264  loss=0.5309
  batch 250/264  loss=0.6940
  batch 260/264  loss=0.5270
Epoch  23/300  train=5.892e-01  rmse=2.2919  lr=1.0e-04  229s
  -> best  monitor=5.892e-01
  batch 10/264  loss=0.5142
  batch 20/264  loss=0.5440
  batch 30/264  loss=0.6246
  batch 40/264  loss=0.5049
  batch 50/264  loss=0.6570
  batch 60/264  loss=0.4522
  batch 70/264  loss=0.7721
  batch 80/264  loss=0.6142
  batch 90/264  loss=0.5414
  batch 100/264  loss=0.7050
  batch 110/264  loss=1.3250
  batch 120/264  loss=0.4974
  batch 130/264  loss=0.4873
  batch 140/264  loss=0.6489
  batch 150/264  loss=1.1646
  batch 160/264  loss=0.4853
  batch 170/264  loss=0.5610
  batch 180/264  loss=0.4682
  batch 190/264  loss=1.0027
  batch 200/264  loss=0.4813
  batch 210/264  loss=0.5837
  batch 220/264  loss=0.5914
  batch 230/264  loss=0.5979
  batch 240/264  loss=0.3925
  batch 250/264  loss=0.6491
  batch 260/264  loss=0.4678
Epoch  24/300  train=5.886e-01  rmse=2.2754  lr=1.0e-04  228s
  -> best  monitor=5.886e-01
  batch 10/264  loss=0.4537
  batch 20/264  loss=0.6931
  batch 30/264  loss=0.5022
  batch 40/264  loss=0.5399
  batch 50/264  loss=0.5958
  batch 60/264  loss=0.5090
  batch 70/264  loss=0.5436
  batch 80/264  loss=0.6068
  batch 90/264  loss=0.4290
  batch 100/264  loss=0.6978
  batch 110/264  loss=0.4361
  batch 120/264  loss=0.5496
  batch 130/264  loss=0.8253
  batch 140/264  loss=0.4812
  batch 150/264  loss=0.5198
  batch 160/264  loss=0.8338
  batch 170/264  loss=1.4379
  batch 180/264  loss=0.4448
  batch 190/264  loss=0.8668
  batch 200/264  loss=0.6248
  batch 210/264  loss=0.6017
  batch 220/264  loss=0.5769
  batch 230/264  loss=0.4550
  batch 240/264  loss=0.6002
  batch 250/264  loss=0.4502
  batch 260/264  loss=0.5156
Epoch  25/300  train=5.837e-01  rmse=2.3191  lr=1.0e-04  228s
  -> best  monitor=5.837e-01
  batch 10/264  loss=0.5471
  batch 20/264  loss=0.5938
  batch 30/264  loss=0.7520
  batch 40/264  loss=0.4179
  batch 50/264  loss=0.4935
  batch 60/264  loss=0.6269
  batch 70/264  loss=0.6455
  batch 80/264  loss=0.5217
  batch 90/264  loss=0.4757
  batch 100/264  loss=0.4449
  batch 110/264  loss=0.4469
  batch 120/264  loss=0.6948
  batch 130/264  loss=0.5570
  batch 140/264  loss=0.6020
  batch 150/264  loss=1.5922
  batch 160/264  loss=0.5300
  batch 170/264  loss=0.7165
  batch 180/264  loss=0.4755
  batch 190/264  loss=0.4059
  batch 200/264  loss=0.5624
  batch 210/264  loss=0.4895
  batch 220/264  loss=0.6095
  batch 230/264  loss=0.4460
  batch 240/264  loss=0.5553
  batch 250/264  loss=0.5107
  batch 260/264  loss=0.6138
Epoch  26/300  train=5.758e-01  rmse=2.2314  lr=1.0e-04  228s
  -> best  monitor=5.758e-01
  batch 10/264  loss=0.4979
  batch 20/264  loss=1.0172
  batch 30/264  loss=0.5416
  batch 40/264  loss=0.5406
  batch 50/264  loss=0.7046
  batch 60/264  loss=0.4311
  batch 70/264  loss=0.6973
  batch 80/264  loss=0.4319
  batch 90/264  loss=0.3886
  batch 100/264  loss=0.6435
  batch 110/264  loss=0.5982
  batch 120/264  loss=0.4354
  batch 130/264  loss=0.9922
  batch 140/264  loss=0.4250
  batch 150/264  loss=0.5914
  batch 160/264  loss=0.4050
  batch 170/264  loss=0.4792
  batch 180/264  loss=0.7554
  batch 190/264  loss=0.4282
  batch 200/264  loss=1.2376
  batch 210/264  loss=0.7448
  batch 220/264  loss=0.4327
  batch 230/264  loss=0.4891
  batch 240/264  loss=0.4312
  batch 250/264  loss=0.4373
  batch 260/264  loss=0.5601
Epoch  27/300  train=5.685e-01  rmse=2.2645  lr=1.0e-04  227s
  -> best  monitor=5.685e-01
  batch 10/264  loss=0.4616
  batch 20/264  loss=0.5672
  batch 30/264  loss=0.6496
  batch 40/264  loss=0.6484
  batch 50/264  loss=0.5453
  batch 60/264  loss=0.4546
  batch 70/264  loss=1.0637
  batch 80/264  loss=0.4534
  batch 90/264  loss=0.4409
  batch 100/264  loss=0.4684
  batch 110/264  loss=0.6287
  batch 120/264  loss=0.5577
  batch 130/264  loss=0.4730
  batch 140/264  loss=0.6018
  batch 150/264  loss=0.6189
  batch 160/264  loss=0.4359
  batch 170/264  loss=0.4233
  batch 180/264  loss=0.4406
  batch 190/264  loss=0.4907
  batch 200/264  loss=1.2341
  batch 210/264  loss=0.4949
  batch 220/264  loss=0.4603
  batch 230/264  loss=0.5261
  batch 240/264  loss=0.4215
  batch 250/264  loss=0.3627
  batch 260/264  loss=0.6065
Epoch  28/300  train=5.660e-01  rmse=2.3126  lr=1.0e-04  227s
  -> best  monitor=5.660e-01
  batch 10/264  loss=0.5829
  batch 20/264  loss=0.7034
  batch 30/264  loss=0.7118
  batch 40/264  loss=0.4982
  batch 50/264  loss=0.4738
  batch 60/264  loss=0.6339
  batch 70/264  loss=0.6081
  batch 80/264  loss=0.6317
  batch 90/264  loss=0.5648
  batch 100/264  loss=0.4943
  batch 110/264  loss=0.5358
  batch 120/264  loss=0.5604
  batch 130/264  loss=0.3679
  batch 140/264  loss=0.4498
  batch 150/264  loss=0.7105
  batch 160/264  loss=0.9395
  batch 170/264  loss=0.5304
  batch 180/264  loss=0.4694
  batch 190/264  loss=0.6848
  batch 200/264  loss=0.5875
  batch 210/264  loss=0.5652
  batch 220/264  loss=0.4861
  batch 230/264  loss=0.5089
  batch 240/264  loss=0.5063
  batch 250/264  loss=0.5619
  batch 260/264  loss=0.4396
Epoch  29/300  train=5.557e-01  rmse=2.2308  lr=1.0e-04  228s
  -> best  monitor=5.557e-01
  batch 10/264  loss=0.5320
  batch 20/264  loss=0.8179
  batch 30/264  loss=0.9151
  batch 40/264  loss=0.4525
  batch 50/264  loss=0.5767
  batch 60/264  loss=0.9467
  batch 70/264  loss=0.4334
  batch 80/264  loss=0.6305
  batch 90/264  loss=0.4580
  batch 100/264  loss=0.6396
  batch 110/264  loss=0.5099
  batch 120/264  loss=0.5914
  batch 130/264  loss=0.3957
  batch 140/264  loss=1.2027
  batch 150/264  loss=0.4746
  batch 160/264  loss=0.4004
  batch 170/264  loss=0.8879
  batch 180/264  loss=0.4259
  batch 190/264  loss=0.4592
  batch 200/264  loss=0.4655
  batch 210/264  loss=0.4978
  batch 220/264  loss=0.5512
  batch 230/264  loss=0.5261
  batch 240/264  loss=0.4183
  batch 250/264  loss=0.4586
  batch 260/264  loss=0.5378
Epoch  30/300  train=5.559e-01  rmse=2.2079  lr=1.0e-04  229s
  batch 10/264  loss=0.4777
  batch 20/264  loss=0.5158
  batch 30/264  loss=0.3624
  batch 40/264  loss=0.4759
  batch 50/264  loss=0.7239
  batch 60/264  loss=0.4438
  batch 70/264  loss=0.4998
  batch 80/264  loss=0.6429
  batch 90/264  loss=0.7443
  batch 100/264  loss=0.4315
  batch 110/264  loss=0.4635
  batch 120/264  loss=0.5712
  batch 130/264  loss=0.6850
  batch 140/264  loss=0.5726
  batch 150/264  loss=0.7521
  batch 160/264  loss=0.3988
  batch 170/264  loss=0.5637
  batch 180/264  loss=0.5793
  batch 190/264  loss=0.4193
  batch 200/264  loss=0.5779
  batch 210/264  loss=0.5262
  batch 220/264  loss=0.4855
  batch 230/264  loss=0.5117
  batch 240/264  loss=0.5134
  batch 250/264  loss=0.4147
  batch 260/264  loss=0.6532
Epoch  31/300  train=5.589e-01  rmse=2.2064  lr=1.0e-04  230s
  batch 10/264  loss=0.4437
  batch 20/264  loss=0.4167
  batch 30/264  loss=0.6108
  batch 40/264  loss=0.4820
  batch 50/264  loss=0.5144
  batch 60/264  loss=0.3930
  batch 70/264  loss=0.5063
  batch 80/264  loss=0.5322
  batch 90/264  loss=0.7431
  batch 100/264  loss=0.5086
  batch 110/264  loss=0.7976
  batch 120/264  loss=0.4783
  batch 130/264  loss=0.5283
  batch 140/264  loss=0.5880
  batch 150/264  loss=0.4946
  batch 160/264  loss=0.6167
  batch 170/264  loss=0.6693
  batch 180/264  loss=0.5163
  batch 190/264  loss=0.5955
  batch 200/264  loss=0.5238
  batch 210/264  loss=0.9308
  batch 220/264  loss=0.3728
  batch 230/264  loss=0.6050
  batch 240/264  loss=0.4205
  batch 250/264  loss=0.8012
  batch 260/264  loss=0.4324
Epoch  32/300  train=5.527e-01  rmse=2.2277  lr=1.0e-04  228s
  -> best  monitor=5.527e-01
  batch 10/264  loss=0.4217
  batch 20/264  loss=0.5123
  batch 30/264  loss=0.5053
  batch 40/264  loss=0.5264
  batch 50/264  loss=0.8124
  batch 60/264  loss=0.4586
  batch 70/264  loss=0.4719
  batch 80/264  loss=0.4154
  batch 90/264  loss=0.4560
  batch 100/264  loss=0.4772
  batch 110/264  loss=0.3659
  batch 120/264  loss=0.4084
  batch 130/264  loss=0.7169
  batch 140/264  loss=0.5010
  batch 150/264  loss=0.4380
  batch 160/264  loss=0.4818
  batch 170/264  loss=0.4320
  batch 180/264  loss=0.5317
  batch 190/264  loss=0.4094
  batch 200/264  loss=0.5091
  batch 210/264  loss=0.9967
  batch 220/264  loss=1.0378
  batch 230/264  loss=0.6183
  batch 240/264  loss=0.7596
  batch 250/264  loss=0.5473
  batch 260/264  loss=0.4709
Epoch  33/300  train=5.420e-01  rmse=2.2139  lr=1.0e-04  229s
  -> best  monitor=5.420e-01
  batch 10/264  loss=0.6512
  batch 20/264  loss=0.4103
  batch 30/264  loss=0.6472
  batch 40/264  loss=0.5669
  batch 50/264  loss=0.4903
  batch 60/264  loss=0.4509
  batch 70/264  loss=0.5882
  batch 80/264  loss=0.5519
  batch 90/264  loss=0.4959
  batch 100/264  loss=0.7882
  batch 110/264  loss=0.7481
  batch 120/264  loss=0.4754
  batch 130/264  loss=0.5967
  batch 140/264  loss=0.4090
  batch 150/264  loss=0.4759
  batch 160/264  loss=0.7404
  batch 170/264  loss=0.5752
  batch 180/264  loss=0.3994
  batch 190/264  loss=0.4534
  batch 200/264  loss=0.5023
  batch 210/264  loss=0.4446
  batch 220/264  loss=0.5280
  batch 230/264  loss=0.4368
  batch 240/264  loss=0.5225
  batch 250/264  loss=0.7150
  batch 260/264  loss=0.4720
Epoch  34/300  train=5.395e-01  rmse=2.1450  lr=1.0e-04  231s
  -> best  monitor=5.395e-01
  batch 10/264  loss=0.8145
  batch 20/264  loss=0.4174
  batch 30/264  loss=0.6418
  batch 40/264  loss=0.7018
  batch 50/264  loss=0.4046
  batch 60/264  loss=0.6173
  batch 70/264  loss=0.4298
  batch 80/264  loss=0.4656
  batch 90/264  loss=0.5142
  batch 100/264  loss=0.7003
  batch 110/264  loss=0.5866
  batch 120/264  loss=0.3821
  batch 130/264  loss=0.4216
  batch 140/264  loss=0.4459
  batch 150/264  loss=0.6236
  batch 160/264  loss=0.5922
  batch 170/264  loss=0.4157
  batch 180/264  loss=0.4907
  batch 190/264  loss=0.6950
  batch 200/264  loss=0.4585
  batch 210/264  loss=0.4082
  batch 220/264  loss=0.4111
  batch 230/264  loss=0.6064
  batch 240/264  loss=0.7806
  batch 250/264  loss=0.7772
  batch 260/264  loss=0.5692
Epoch  35/300  train=5.335e-01  rmse=2.1932  lr=1.0e-04  230s
  -> best  monitor=5.335e-01
  batch 10/264  loss=0.5014
  batch 20/264  loss=0.5809
  batch 30/264  loss=0.4564
  batch 40/264  loss=0.5088
  batch 50/264  loss=0.6616
  batch 60/264  loss=0.4627
  batch 70/264  loss=0.6778
  batch 80/264  loss=0.4348
  batch 90/264  loss=0.6655
  batch 100/264  loss=0.5205
  batch 110/264  loss=0.4249
  batch 120/264  loss=0.4219
  batch 130/264  loss=0.4172
  batch 140/264  loss=0.5754
  batch 150/264  loss=0.4078
  batch 160/264  loss=0.5459
  batch 170/264  loss=0.5375
  batch 180/264  loss=0.4377
  batch 190/264  loss=0.3889
  batch 200/264  loss=0.5758
  batch 210/264  loss=0.5684
  batch 220/264  loss=0.5298
  batch 230/264  loss=0.4622
  batch 240/264  loss=0.7356
  batch 250/264  loss=0.5724
  batch 260/264  loss=0.3590
Epoch  36/300  train=5.385e-01  rmse=2.2085  lr=1.0e-04  229s
  batch 10/264  loss=0.4513
  batch 20/264  loss=0.6044
  batch 30/264  loss=0.4766
  batch 40/264  loss=0.4175
  batch 50/264  loss=0.7189
  batch 60/264  loss=0.5027
  batch 70/264  loss=0.4577
  batch 80/264  loss=0.8173
  batch 90/264  loss=0.4540
  batch 100/264  loss=0.5214
  batch 110/264  loss=0.5784
  batch 120/264  loss=0.7241
  batch 130/264  loss=0.4561
  batch 140/264  loss=0.3750
  batch 150/264  loss=0.4570
  batch 160/264  loss=0.5432
  batch 170/264  loss=0.6669
  batch 180/264  loss=0.4090
  batch 190/264  loss=0.3648
  batch 200/264  loss=0.3920
  batch 210/264  loss=0.5140
  batch 220/264  loss=0.6128
  batch 230/264  loss=0.8188
  batch 240/264  loss=0.8366
  batch 250/264  loss=0.3789
  batch 260/264  loss=0.6749
Epoch  37/300  train=5.289e-01  rmse=2.2315  lr=1.0e-04  229s
  -> best  monitor=5.289e-01
  batch 10/264  loss=0.5135
  batch 20/264  loss=0.4166
  batch 30/264  loss=0.5636
  batch 40/264  loss=0.3511
  batch 50/264  loss=0.5771
  batch 60/264  loss=0.4182
  batch 70/264  loss=0.4653
  batch 80/264  loss=0.5878
  batch 90/264  loss=0.4119
  batch 100/264  loss=0.5470
  batch 110/264  loss=0.6848
  batch 120/264  loss=0.5884
  batch 130/264  loss=0.5383
  batch 140/264  loss=0.4129
  batch 150/264  loss=0.5444
  batch 160/264  loss=0.6166
  batch 170/264  loss=0.4343
  batch 180/264  loss=0.6206
  batch 190/264  loss=0.6788
  batch 200/264  loss=0.6857
  batch 210/264  loss=0.3546
  batch 220/264  loss=0.4100
  batch 230/264  loss=0.6102
  batch 240/264  loss=0.9900
  batch 250/264  loss=0.4277
  batch 260/264  loss=0.4124
Epoch  38/300  train=5.274e-01  rmse=2.1502  lr=1.0e-04  228s
  -> best  monitor=5.274e-01
  batch 10/264  loss=0.5189
  batch 20/264  loss=0.4989
  batch 30/264  loss=0.4574
  batch 40/264  loss=0.7248
  batch 50/264  loss=0.5335
  batch 60/264  loss=0.4262
  batch 70/264  loss=0.5204
  batch 80/264  loss=0.4957
  batch 90/264  loss=0.5185
  batch 100/264  loss=0.4292
  batch 110/264  loss=0.5710
  batch 120/264  loss=0.3337
  batch 130/264  loss=0.4456
  batch 140/264  loss=0.4826
  batch 150/264  loss=0.3860
  batch 160/264  loss=0.7348
  batch 170/264  loss=0.8304
  batch 180/264  loss=0.8189
  batch 190/264  loss=0.3616
  batch 200/264  loss=0.4810
  batch 210/264  loss=0.6817
  batch 220/264  loss=0.6069
  batch 230/264  loss=0.4510
  batch 240/264  loss=0.6567
  batch 250/264  loss=0.5712
  batch 260/264  loss=0.3834
Epoch  39/300  train=5.258e-01  rmse=2.1467  lr=1.0e-04  228s
  -> best  monitor=5.258e-01
  batch 10/264  loss=0.6909
  batch 20/264  loss=0.4545
  batch 30/264  loss=0.4622
  batch 40/264  loss=0.3892
  batch 50/264  loss=0.4164
  batch 60/264  loss=0.4319
  batch 70/264  loss=0.4510
  batch 80/264  loss=0.4422
  batch 90/264  loss=0.5884
  batch 100/264  loss=0.4681
  batch 110/264  loss=0.5229
  batch 120/264  loss=0.3685
  batch 130/264  loss=0.4955
  batch 140/264  loss=0.4231
  batch 150/264  loss=0.5691
  batch 160/264  loss=0.4120
  batch 170/264  loss=0.4430
  batch 180/264  loss=0.7460
  batch 190/264  loss=0.4526
  batch 200/264  loss=0.5340
  batch 210/264  loss=0.3855
  batch 220/264  loss=0.6198
  batch 230/264  loss=0.6049
  batch 240/264  loss=0.5164
  batch 250/264  loss=0.4073
  batch 260/264  loss=0.9586
Epoch  40/300  train=5.184e-01  rmse=2.1342  lr=1.0e-04  228s
  -> best  monitor=5.184e-01
  batch 10/264  loss=0.4523
  batch 20/264  loss=0.4306
  batch 30/264  loss=0.4398
  batch 40/264  loss=0.4035
  batch 50/264  loss=0.3843
  batch 60/264  loss=0.6939
  batch 70/264  loss=0.3578
  batch 80/264  loss=0.4782
  batch 90/264  loss=0.8270
  batch 100/264  loss=0.8760
  batch 110/264  loss=0.3917
  batch 120/264  loss=0.6130
  batch 130/264  loss=0.4655
  batch 140/264  loss=0.5620
  batch 150/264  loss=0.5470
  batch 160/264  loss=0.3712
  batch 170/264  loss=0.6051
  batch 180/264  loss=0.3948
  batch 190/264  loss=0.3750
  batch 200/264  loss=0.5317
  batch 210/264  loss=0.5700
  batch 220/264  loss=0.6208
  batch 230/264  loss=0.4986
  batch 240/264  loss=0.5878
  batch 250/264  loss=0.4156
  batch 260/264  loss=0.4130
Epoch  41/300  train=5.144e-01  rmse=2.1050  lr=1.0e-04  228s
  -> best  monitor=5.144e-01
  batch 10/264  loss=0.7670
  batch 20/264  loss=0.3938
  batch 30/264  loss=0.5980
  batch 40/264  loss=0.5522
  batch 50/264  loss=0.4876
  batch 60/264  loss=0.4407
  batch 70/264  loss=0.4638
  batch 80/264  loss=0.6549
  batch 90/264  loss=0.3605
  batch 100/264  loss=0.4059
  batch 110/264  loss=0.4644
  batch 120/264  loss=0.3842
  batch 130/264  loss=0.4939
  batch 140/264  loss=0.4500
  batch 150/264  loss=0.6628
  batch 160/264  loss=0.5469
  batch 170/264  loss=0.4492
  batch 180/264  loss=0.9402
  batch 190/264  loss=0.4144
  batch 200/264  loss=0.4864
  batch 210/264  loss=0.4222
  batch 220/264  loss=0.8410
  batch 230/264  loss=0.4582
  batch 240/264  loss=0.4807
  batch 250/264  loss=0.6906
  batch 260/264  loss=0.6144
Epoch  42/300  train=5.170e-01  rmse=2.1703  lr=1.0e-04  228s
  batch 10/264  loss=0.7215
  batch 20/264  loss=0.4583
  batch 30/264  loss=0.9422
  batch 40/264  loss=0.4964
  batch 50/264  loss=0.6185
  batch 60/264  loss=0.4400
  batch 70/264  loss=0.4145
  batch 80/264  loss=0.5960
  batch 90/264  loss=0.4612
  batch 100/264  loss=0.4116
  batch 110/264  loss=0.6983
  batch 120/264  loss=0.5651
  batch 130/264  loss=0.3391
  batch 140/264  loss=0.4422
  batch 150/264  loss=0.7778
  batch 160/264  loss=0.5207
  batch 170/264  loss=0.3893
  batch 180/264  loss=0.4878
  batch 190/264  loss=0.5042
  batch 200/264  loss=0.4935
  batch 210/264  loss=0.5225
  batch 220/264  loss=0.4445
  batch 230/264  loss=0.4504
  batch 240/264  loss=0.4299
  batch 250/264  loss=0.5561
  batch 260/264  loss=0.4517
Epoch  43/300  train=5.125e-01  rmse=2.1008  lr=1.0e-04  228s
  -> best  monitor=5.125e-01
  batch 10/264  loss=0.4560
  batch 20/264  loss=0.4195
  batch 30/264  loss=0.4181
  batch 40/264  loss=0.4665
  batch 50/264  loss=0.8355
  batch 60/264  loss=0.6221
  batch 70/264  loss=0.4766
  batch 80/264  loss=0.4969
  batch 90/264  loss=0.4647
  batch 100/264  loss=0.7095
  batch 110/264  loss=0.4969
  batch 120/264  loss=0.4987
  batch 130/264  loss=0.4373
  batch 140/264  loss=0.6859
  batch 150/264  loss=0.4595
  batch 160/264  loss=0.3705
  batch 170/264  loss=0.4294
  batch 180/264  loss=0.5834
  batch 190/264  loss=0.5651
  batch 200/264  loss=0.3959
  batch 210/264  loss=0.4029
  batch 220/264  loss=0.5617
  batch 230/264  loss=0.6579
  batch 240/264  loss=0.4220
  batch 250/264  loss=0.4493
  batch 260/264  loss=0.5304
Epoch  44/300  train=5.136e-01  rmse=2.1207  lr=1.0e-04  230s
  batch 10/264  loss=0.4166
  batch 20/264  loss=0.3677
  batch 30/264  loss=0.4163
  batch 40/264  loss=0.4563
  batch 50/264  loss=0.4794
  batch 60/264  loss=0.5596
  batch 70/264  loss=0.5666
  batch 80/264  loss=0.4909
  batch 90/264  loss=0.6063
  batch 100/264  loss=0.6527
  batch 110/264  loss=0.3575
  batch 120/264  loss=0.4969
  batch 130/264  loss=0.6427
  batch 140/264  loss=0.4350
  batch 150/264  loss=0.4420
  batch 160/264  loss=0.6424
  batch 170/264  loss=0.7752
  batch 180/264  loss=0.4323
  batch 190/264  loss=0.5665
  batch 200/264  loss=0.4358
  batch 210/264  loss=0.4535
  batch 220/264  loss=0.7170
  batch 230/264  loss=0.5125
  batch 240/264  loss=0.4152
  batch 250/264  loss=0.4319
  batch 260/264  loss=0.6094
Epoch  45/300  train=5.046e-01  rmse=2.0922  lr=1.0e-04  227s
  -> best  monitor=5.046e-01
  batch 10/264  loss=0.4963
  batch 20/264  loss=0.5267
  batch 30/264  loss=0.4203
  batch 40/264  loss=0.4156
  batch 50/264  loss=0.5483
  batch 60/264  loss=0.3724
  batch 70/264  loss=0.4493
  batch 80/264  loss=0.6444
  batch 90/264  loss=0.3700
  batch 100/264  loss=0.6428
  batch 110/264  loss=0.6356
  batch 120/264  loss=0.8360
  batch 130/264  loss=0.4252
  batch 140/264  loss=0.4840
  batch 150/264  loss=0.5993
  batch 160/264  loss=0.5172
  batch 170/264  loss=0.4907
  batch 180/264  loss=0.3868
  batch 190/264  loss=0.3520
  batch 200/264  loss=0.4329
  batch 210/264  loss=0.6678
  batch 220/264  loss=0.4306
  batch 230/264  loss=0.4076
  batch 240/264  loss=0.4767
  batch 250/264  loss=0.4939
  batch 260/264  loss=0.4482
Epoch  46/300  train=5.012e-01  rmse=2.0825  lr=1.0e-04  228s
  -> best  monitor=5.012e-01
  batch 10/264  loss=0.4895
  batch 20/264  loss=0.5236
  batch 30/264  loss=0.3486
  batch 40/264  loss=0.5780
  batch 50/264  loss=0.4145
  batch 60/264  loss=0.4350
  batch 70/264  loss=0.6420
  batch 80/264  loss=0.4811
  batch 90/264  loss=0.4739
  batch 100/264  loss=0.7230
  batch 110/264  loss=0.3866
  batch 120/264  loss=0.4470
  batch 130/264  loss=0.5638
  batch 140/264  loss=0.4701
  batch 150/264  loss=0.7756
  batch 160/264  loss=0.4779
  batch 170/264  loss=0.9033
  batch 180/264  loss=0.3910
  batch 190/264  loss=0.4780
  batch 200/264  loss=0.6639
  batch 210/264  loss=0.4445
  batch 220/264  loss=0.5204
  batch 230/264  loss=0.4379
  batch 240/264  loss=0.3990
  batch 250/264  loss=0.4403
  batch 260/264  loss=0.4499
Epoch  47/300  train=5.073e-01  rmse=2.0982  lr=1.0e-04  229s
  batch 10/264  loss=0.3792
  batch 20/264  loss=0.5015
  batch 30/264  loss=0.4727
  batch 40/264  loss=0.3893
  batch 50/264  loss=0.3689
  batch 60/264  loss=0.4313
  batch 70/264  loss=0.5621
  batch 80/264  loss=0.3764
  batch 90/264  loss=0.3963
  batch 100/264  loss=0.7875
  batch 110/264  loss=0.3830
  batch 120/264  loss=0.4071
  batch 130/264  loss=0.3718
  batch 140/264  loss=0.3770
  batch 150/264  loss=0.7175
  batch 160/264  loss=0.4725
  batch 170/264  loss=0.3487
  batch 180/264  loss=0.4521
  batch 190/264  loss=0.4262
  batch 200/264  loss=0.3939
  batch 210/264  loss=0.3396
  batch 220/264  loss=0.4607
  batch 230/264  loss=0.5011
  batch 240/264  loss=0.5351
  batch 250/264  loss=0.4127
  batch 260/264  loss=0.4239
Epoch  48/300  train=4.988e-01  rmse=2.0973  lr=1.0e-04  229s
  -> best  monitor=4.988e-01
  batch 10/264  loss=0.5618
  batch 20/264  loss=0.3752
  batch 30/264  loss=0.4653
  batch 40/264  loss=0.8726
  batch 50/264  loss=0.4110
  batch 60/264  loss=0.3410
  batch 70/264  loss=0.4913
  batch 80/264  loss=0.5867
  batch 90/264  loss=0.3686
  batch 100/264  loss=0.4143
  batch 110/264  loss=0.7098
  batch 120/264  loss=0.5017
  batch 130/264  loss=0.5136
  batch 140/264  loss=0.3765
  batch 150/264  loss=0.4232
  batch 160/264  loss=0.4369
  batch 170/264  loss=0.7752
  batch 180/264  loss=0.3864
  batch 190/264  loss=0.4182
  batch 200/264  loss=0.6064
  batch 210/264  loss=0.4169
  batch 220/264  loss=0.5139
  batch 230/264  loss=0.5629
  batch 240/264  loss=0.3695
  batch 250/264  loss=0.6065
  batch 260/264  loss=0.5256
Epoch  49/300  train=4.976e-01  rmse=2.1141  lr=1.0e-04  229s
  -> best  monitor=4.976e-01
  batch 10/264  loss=0.4240
  batch 20/264  loss=0.4708
  batch 30/264  loss=0.4934
  batch 40/264  loss=0.4708
  batch 50/264  loss=0.4018
  batch 60/264  loss=0.3765
  batch 70/264  loss=0.6350
  batch 80/264  loss=0.4104
  batch 90/264  loss=0.3788
  batch 100/264  loss=0.7246
  batch 110/264  loss=0.4105
  batch 120/264  loss=0.5939
  batch 130/264  loss=0.4430
  batch 140/264  loss=0.4393
  batch 150/264  loss=0.3784
  batch 160/264  loss=0.3972
  batch 170/264  loss=0.4412
  batch 180/264  loss=0.4210
  batch 190/264  loss=0.7669
  batch 200/264  loss=0.3744
  batch 210/264  loss=0.6058
  batch 220/264  loss=0.5693
  batch 230/264  loss=0.4441
  batch 240/264  loss=0.4933
  batch 250/264  loss=0.6407
  batch 260/264  loss=0.4819
Epoch  50/300  train=4.959e-01  rmse=2.0800  lr=1.0e-04  227s
  -> best  monitor=4.959e-01
  batch 10/264  loss=0.4500
  batch 20/264  loss=0.4124
  batch 30/264  loss=0.4131
  batch 40/264  loss=0.3751
  batch 50/264  loss=0.5237
  batch 60/264  loss=0.3681
  batch 70/264  loss=0.4326
  batch 80/264  loss=0.4636
  batch 90/264  loss=0.7813
  batch 100/264  loss=0.5816
  batch 110/264  loss=0.3877
  batch 120/264  loss=0.4837
  batch 130/264  loss=0.5166
  batch 140/264  loss=0.5199
  batch 150/264  loss=0.4600
  batch 160/264  loss=0.4967
  batch 170/264  loss=0.6765
  batch 180/264  loss=0.3811
  batch 190/264  loss=0.4263
  batch 200/264  loss=0.4687
  batch 210/264  loss=0.4193
  batch 220/264  loss=0.5254
  batch 230/264  loss=0.3545
  batch 240/264  loss=0.7328
  batch 250/264  loss=0.5083
  batch 260/264  loss=0.4048
Epoch  51/300  train=4.868e-01  rmse=2.0188  lr=1.0e-04  227s
  -> best  monitor=4.868e-01
  batch 10/264  loss=0.3508
  batch 20/264  loss=0.4862
  batch 30/264  loss=0.3139
  batch 40/264  loss=0.4275
  batch 50/264  loss=0.3950
  batch 60/264  loss=0.4653
  batch 70/264  loss=0.3933
  batch 80/264  loss=0.4481
  batch 90/264  loss=0.5913
  batch 100/264  loss=0.3951
  batch 110/264  loss=0.3681
  batch 120/264  loss=0.4340
  batch 130/264  loss=0.6021
  batch 140/264  loss=0.6702
  batch 150/264  loss=0.6486
  batch 160/264  loss=0.5008
  batch 170/264  loss=0.4022
  batch 180/264  loss=0.4835
  batch 190/264  loss=0.4127
  batch 200/264  loss=0.4777
  batch 210/264  loss=0.4795
  batch 220/264  loss=0.7933
  batch 230/264  loss=0.4125
  batch 240/264  loss=0.4410
  batch 250/264  loss=0.5672
  batch 260/264  loss=0.4518
Epoch  52/300  train=4.938e-01  rmse=2.0652  lr=1.0e-04  228s
  batch 10/264  loss=0.5004
  batch 20/264  loss=0.7227
  batch 30/264  loss=0.4050
  batch 40/264  loss=0.3910
  batch 50/264  loss=0.7140
  batch 60/264  loss=0.4874
  batch 70/264  loss=0.5902
  batch 80/264  loss=0.5681
  batch 90/264  loss=0.3634
  batch 100/264  loss=0.6439
  batch 110/264  loss=0.4619
  batch 120/264  loss=0.4862
  batch 130/264  loss=0.5382
  batch 140/264  loss=0.3714
  batch 150/264  loss=0.4944
  batch 160/264  loss=0.4032
  batch 170/264  loss=0.5289
  batch 180/264  loss=0.5266
  batch 190/264  loss=0.4232
  batch 200/264  loss=0.5300
  batch 210/264  loss=0.5350
  batch 220/264  loss=0.5172
  batch 230/264  loss=0.4596
  batch 240/264  loss=0.6302
  batch 250/264  loss=0.3495
  batch 260/264  loss=0.3867
Epoch  53/300  train=4.934e-01  rmse=2.0857  lr=1.0e-04  227s
  batch 10/264  loss=0.5136
  batch 20/264  loss=0.4147
  batch 30/264  loss=0.4172
  batch 40/264  loss=0.5306
  batch 50/264  loss=0.6023
  batch 60/264  loss=0.5442
  batch 70/264  loss=0.3928
  batch 80/264  loss=0.3606
  batch 90/264  loss=0.3889
  batch 100/264  loss=0.4214
  batch 110/264  loss=0.4312
  batch 120/264  loss=0.3684
  batch 130/264  loss=0.4128
  batch 140/264  loss=0.4620
  batch 150/264  loss=0.4621
  batch 160/264  loss=0.5179
  batch 170/264  loss=0.5078
  batch 180/264  loss=0.5484
  batch 190/264  loss=0.4242
  batch 200/264  loss=0.4102
  batch 210/264  loss=0.3910
  batch 220/264  loss=0.5734
  batch 230/264  loss=0.4276
  batch 240/264  loss=0.6161
  batch 250/264  loss=0.4467
  batch 260/264  loss=0.3702
Epoch  54/300  train=4.896e-01  rmse=2.0634  lr=1.0e-04  227s
  batch 10/264  loss=0.6083
  batch 20/264  loss=0.5102
  batch 30/264  loss=0.5542
  batch 40/264  loss=0.3624
  batch 50/264  loss=0.4288
  batch 60/264  loss=0.4886
  batch 70/264  loss=0.4846
  batch 80/264  loss=0.6399
  batch 90/264  loss=0.4134
  batch 100/264  loss=0.3803
  batch 110/264  loss=0.4608
  batch 120/264  loss=0.3766
  batch 130/264  loss=0.3437
  batch 140/264  loss=0.3673
  batch 150/264  loss=0.5029
  batch 160/264  loss=0.5142
  batch 170/264  loss=0.4473
  batch 180/264  loss=0.5439
  batch 190/264  loss=0.3900
  batch 200/264  loss=0.4546
  batch 210/264  loss=0.4169
  batch 220/264  loss=0.4901
  batch 230/264  loss=0.3758
  batch 240/264  loss=0.6102
  batch 250/264  loss=0.4626
  batch 260/264  loss=0.4307
Epoch  55/300  train=4.868e-01  rmse=2.0950  lr=1.0e-04  228s
  batch 10/264  loss=0.3215
  batch 20/264  loss=0.7745
  batch 30/264  loss=0.7177
  batch 40/264  loss=0.3788
  batch 50/264  loss=0.4570
  batch 60/264  loss=0.3661
  batch 70/264  loss=0.4225
  batch 80/264  loss=0.3716
  batch 90/264  loss=0.4359
  batch 100/264  loss=0.4700
  batch 110/264  loss=0.4712
  batch 120/264  loss=0.4425
  batch 130/264  loss=0.4714
  batch 140/264  loss=0.5473
  batch 150/264  loss=0.4731
  batch 160/264  loss=0.4666
  batch 170/264  loss=0.3946
  batch 180/264  loss=0.3617
  batch 190/264  loss=0.3836
  batch 200/264  loss=0.3423
  batch 210/264  loss=0.4092
  batch 220/264  loss=0.4970
  batch 230/264  loss=0.4935
  batch 240/264  loss=0.6630
  batch 250/264  loss=0.5934
  batch 260/264  loss=0.4170
Epoch  56/300  train=4.819e-01  rmse=2.0427  lr=1.0e-04  228s
  -> best  monitor=4.819e-01
  batch 10/264  loss=0.3707
  batch 20/264  loss=0.4138
  batch 30/264  loss=0.7955
  batch 40/264  loss=0.5849
  batch 50/264  loss=0.6827
  batch 60/264  loss=0.4943
  batch 70/264  loss=0.6941
  batch 80/264  loss=0.4233
  batch 90/264  loss=0.8849
  batch 100/264  loss=0.5516
  batch 110/264  loss=0.3587
  batch 120/264  loss=0.5174
  batch 130/264  loss=0.3961
  batch 140/264  loss=0.3766
  batch 150/264  loss=0.3483
  batch 160/264  loss=0.3917
  batch 170/264  loss=0.4684
  batch 180/264  loss=0.5332
  batch 190/264  loss=0.4488
  batch 200/264  loss=0.4040
  batch 210/264  loss=0.5230
  batch 220/264  loss=1.0425
  batch 230/264  loss=0.3983
  batch 240/264  loss=0.3971
  batch 250/264  loss=0.4071
  batch 260/264  loss=0.3973
Epoch  57/300  train=4.791e-01  rmse=2.0463  lr=1.0e-04  228s
  -> best  monitor=4.791e-01
  batch 10/264  loss=0.6404
  batch 20/264  loss=0.4287
  batch 30/264  loss=0.4134
  batch 40/264  loss=0.5739
  batch 50/264  loss=0.4796
  batch 60/264  loss=0.7151
  batch 70/264  loss=0.6336
  batch 80/264  loss=0.4474
  batch 90/264  loss=0.3767
  batch 100/264  loss=0.4038
  batch 110/264  loss=0.4379
  batch 120/264  loss=0.4025
  batch 130/264  loss=0.3973
  batch 140/264  loss=0.4242
  batch 150/264  loss=0.5694
  batch 160/264  loss=0.4620
  batch 170/264  loss=0.5115
  batch 180/264  loss=0.3636
  batch 190/264  loss=0.3813
  batch 200/264  loss=0.4034
  batch 210/264  loss=0.4590
  batch 220/264  loss=0.6610
  batch 230/264  loss=0.5132
  batch 240/264  loss=0.4357
  batch 250/264  loss=0.7029
  batch 260/264  loss=0.5091
Epoch  58/300  train=4.775e-01  rmse=2.0209  lr=1.0e-04  227s
  -> best  monitor=4.775e-01
  batch 10/264  loss=0.5293
  batch 20/264  loss=0.3911
  batch 30/264  loss=0.4286
  batch 40/264  loss=0.4611
  batch 50/264  loss=0.3591
  batch 60/264  loss=0.5591
  batch 70/264  loss=0.5829
  batch 80/264  loss=0.4564
  batch 90/264  loss=0.3690
  batch 100/264  loss=0.4798
  batch 110/264  loss=0.3932
  batch 120/264  loss=0.5990
  batch 130/264  loss=0.4162
  batch 140/264  loss=0.3722
  batch 150/264  loss=0.5732
  batch 160/264  loss=0.6062
  batch 170/264  loss=0.3995
  batch 180/264  loss=0.5703
  batch 190/264  loss=0.3765
  batch 200/264  loss=0.3935
  batch 210/264  loss=0.4488
  batch 220/264  loss=0.4165
  batch 230/264  loss=0.5976
  batch 240/264  loss=0.6566
  batch 250/264  loss=0.3868
  batch 260/264  loss=0.4047
Epoch  59/300  train=4.808e-01  rmse=2.0381  lr=1.0e-04  228s
  batch 10/264  loss=0.3817
  batch 20/264  loss=0.8057
  batch 30/264  loss=0.6056
  batch 40/264  loss=0.4095
  batch 50/264  loss=0.3918
  batch 60/264  loss=0.4550
  batch 70/264  loss=0.4835
  batch 80/264  loss=0.5310
  batch 90/264  loss=0.5970
  batch 100/264  loss=0.3733
  batch 110/264  loss=0.4034
  batch 120/264  loss=0.6661
  batch 130/264  loss=0.3560
  batch 140/264  loss=0.5029
  batch 150/264  loss=0.4824
  batch 160/264  loss=0.5369
  batch 170/264  loss=0.6060
  batch 180/264  loss=0.5327
  batch 190/264  loss=0.6116
  batch 200/264  loss=0.3886
  batch 210/264  loss=0.4097
  batch 220/264  loss=0.4612
  batch 230/264  loss=0.6736
  batch 240/264  loss=0.5247
  batch 250/264  loss=0.4234
  batch 260/264  loss=0.5412
Epoch  60/300  train=4.742e-01  rmse=2.0563  lr=1.0e-04  230s
  -> best  monitor=4.742e-01
  batch 10/264  loss=0.3563
  batch 20/264  loss=0.4080
  batch 30/264  loss=0.3401
  batch 40/264  loss=0.3577
  batch 50/264  loss=0.5708
  batch 60/264  loss=0.5232
  batch 70/264  loss=0.3501
  batch 80/264  loss=0.5588
  batch 90/264  loss=0.4494
  batch 100/264  loss=0.5147
  batch 110/264  loss=0.4744
  batch 120/264  loss=0.3971
  batch 130/264  loss=0.3806
  batch 140/264  loss=0.4011
  batch 150/264  loss=0.4301
  batch 160/264  loss=0.4572
  batch 170/264  loss=0.4219
  batch 180/264  loss=0.3602
  batch 190/264  loss=0.4235
  batch 200/264  loss=0.3844
  batch 210/264  loss=0.5225
  batch 220/264  loss=0.3541
  batch 230/264  loss=0.3815
  batch 240/264  loss=0.4685
  batch 250/264  loss=0.3859
  batch 260/264  loss=0.8538
Epoch  61/300  train=4.761e-01  rmse=2.0027  lr=1.0e-04  228s
  batch 10/264  loss=0.3743
  batch 20/264  loss=0.3833
  batch 30/264  loss=0.4824
  batch 40/264  loss=0.4297
  batch 50/264  loss=0.4190
  batch 60/264  loss=0.4262
  batch 70/264  loss=0.4337
  batch 80/264  loss=0.4315
  batch 90/264  loss=0.4025
  batch 100/264  loss=0.4004
  batch 110/264  loss=0.3491
  batch 120/264  loss=0.3670
  batch 130/264  loss=0.5651
  batch 140/264  loss=0.5394
  batch 150/264  loss=0.3938
  batch 160/264  loss=1.0270
  batch 170/264  loss=0.4815
  batch 180/264  loss=0.4976
  batch 190/264  loss=0.3839
  batch 200/264  loss=0.5270
  batch 210/264  loss=0.3993
  batch 220/264  loss=0.3940
  batch 230/264  loss=0.3934
  batch 240/264  loss=0.3745
  batch 250/264  loss=0.5637
  batch 260/264  loss=0.5708
Epoch  62/300  train=4.704e-01  rmse=1.9933  lr=1.0e-04  228s
  -> best  monitor=4.704e-01
  batch 10/264  loss=0.4667
  batch 20/264  loss=0.4208
  batch 30/264  loss=0.5384
  batch 40/264  loss=0.5080
  batch 50/264  loss=0.4585
  batch 60/264  loss=0.3798
  batch 70/264  loss=0.4581
  batch 80/264  loss=0.5860
  batch 90/264  loss=0.5233
  batch 100/264  loss=0.3856
  batch 110/264  loss=0.5742
  batch 120/264  loss=0.3805
  batch 130/264  loss=0.3656
  batch 140/264  loss=0.4144
  batch 150/264  loss=0.3746
  batch 160/264  loss=0.4844
  batch 170/264  loss=0.3584
  batch 180/264  loss=0.4402
  batch 190/264  loss=0.5754
  batch 200/264  loss=0.5362
  batch 210/264  loss=0.4069
  batch 220/264  loss=0.6302
  batch 230/264  loss=0.4947
  batch 240/264  loss=0.6214
  batch 250/264  loss=0.4034
  batch 260/264  loss=0.4612
Epoch  63/300  train=4.708e-01  rmse=2.0221  lr=1.0e-04  229s
  batch 10/264  loss=0.3881
  batch 20/264  loss=0.4481
  batch 30/264  loss=0.3358
  batch 40/264  loss=0.4315
  batch 50/264  loss=0.4375
  batch 60/264  loss=0.3451
  batch 70/264  loss=0.3767
  batch 80/264  loss=0.5963
  batch 90/264  loss=0.5120
  batch 100/264  loss=0.5017
  batch 110/264  loss=0.3845
  batch 120/264  loss=0.6102
  batch 130/264  loss=0.6001
  batch 140/264  loss=0.4559
  batch 150/264  loss=0.4885
  batch 160/264  loss=0.4179
  batch 170/264  loss=0.3292
  batch 180/264  loss=0.7014
  batch 190/264  loss=0.4272
  batch 200/264  loss=0.5660
  batch 210/264  loss=0.4915
  batch 220/264  loss=0.4476
  batch 230/264  loss=0.5699
  batch 240/264  loss=0.3599
  batch 250/264  loss=0.5148
  batch 260/264  loss=0.5727
Epoch  64/300  train=4.664e-01  rmse=2.0280  lr=1.0e-04  229s
  -> best  monitor=4.664e-01
  batch 10/264  loss=0.4280
  batch 20/264  loss=0.7179
  batch 30/264  loss=0.4130
  batch 40/264  loss=0.4387
  batch 50/264  loss=0.4038
  batch 60/264  loss=0.3564
  batch 70/264  loss=0.4060
  batch 80/264  loss=0.3923
  batch 90/264  loss=0.4819
  batch 100/264  loss=0.4353
  batch 110/264  loss=0.4908
  batch 120/264  loss=0.4864
  batch 130/264  loss=0.3749
  batch 140/264  loss=0.3981
  batch 150/264  loss=1.0689
  batch 160/264  loss=0.7986
  batch 170/264  loss=0.3899
  batch 180/264  loss=0.5000
  batch 190/264  loss=0.4359
  batch 200/264  loss=0.4986
  batch 210/264  loss=0.4639
  batch 220/264  loss=0.3246
  batch 230/264  loss=0.3532
  batch 240/264  loss=0.5803
  batch 250/264  loss=0.4138
  batch 260/264  loss=0.3666
Epoch  65/300  train=4.685e-01  rmse=2.0636  lr=1.0e-04  229s
  batch 10/264  loss=0.5603
  batch 20/264  loss=0.4604
  batch 30/264  loss=0.5004
  batch 40/264  loss=0.3786
  batch 50/264  loss=0.3705
  batch 60/264  loss=0.4943
  batch 70/264  loss=0.6594
  batch 80/264  loss=0.5972
  batch 90/264  loss=0.5422
  batch 100/264  loss=0.4084
  batch 110/264  loss=0.3977
  batch 120/264  loss=0.4246
  batch 130/264  loss=0.8696
  batch 140/264  loss=0.5194
  batch 150/264  loss=0.4019
  batch 160/264  loss=0.3046
  batch 170/264  loss=0.4650
  batch 180/264  loss=0.4396
  batch 190/264  loss=0.3831
  batch 200/264  loss=0.4740
  batch 210/264  loss=0.3786
  batch 220/264  loss=0.3867
  batch 230/264  loss=0.3077
  batch 240/264  loss=0.6450
  batch 250/264  loss=0.5751
  batch 260/264  loss=0.4174
Epoch  66/300  train=4.712e-01  rmse=2.0309  lr=1.0e-04  228s
  batch 10/264  loss=0.6818
  batch 20/264  loss=0.4632
  batch 30/264  loss=0.4257
  batch 40/264  loss=0.3810
  batch 50/264  loss=0.5798
  batch 60/264  loss=0.4453
  batch 70/264  loss=0.3944
  batch 80/264  loss=0.3556
  batch 90/264  loss=0.7187
  batch 100/264  loss=0.5620
  batch 110/264  loss=0.5874
  batch 120/264  loss=0.3527
  batch 130/264  loss=0.4316
  batch 140/264  loss=0.4564
  batch 150/264  loss=0.3989
  batch 160/264  loss=0.3219
  batch 170/264  loss=0.3887
  batch 180/264  loss=0.5011
  batch 190/264  loss=0.7855
  batch 200/264  loss=0.5238
  batch 210/264  loss=0.6450
  batch 220/264  loss=0.4172
  batch 230/264  loss=0.4192
  batch 240/264  loss=0.3946
  batch 250/264  loss=0.5062
  batch 260/264  loss=0.6049
Epoch  67/300  train=4.614e-01  rmse=1.9804  lr=1.0e-04  229s
  -> best  monitor=4.614e-01
  batch 10/264  loss=0.4706
  batch 20/264  loss=0.5420
  batch 30/264  loss=0.5869
  batch 40/264  loss=0.6566
  batch 50/264  loss=0.3391
  batch 60/264  loss=0.4273
  batch 70/264  loss=0.7043
  batch 80/264  loss=0.3849
  batch 90/264  loss=0.5174
  batch 100/264  loss=0.4710
  batch 110/264  loss=0.4566
  batch 120/264  loss=0.4653
  batch 130/264  loss=0.3626
  batch 140/264  loss=0.3392
  batch 150/264  loss=0.3704
  batch 160/264  loss=0.4978
  batch 170/264  loss=0.3980
  batch 180/264  loss=0.3924
  batch 190/264  loss=0.4591
  batch 200/264  loss=0.4219
  batch 210/264  loss=0.4239
  batch 220/264  loss=0.7834
  batch 230/264  loss=0.5276
  batch 240/264  loss=0.4679
  batch 250/264  loss=0.5092
  batch 260/264  loss=0.6391
Epoch  68/300  train=4.673e-01  rmse=2.0295  lr=1.0e-04  229s
  batch 10/264  loss=0.3785
  batch 20/264  loss=0.5180
  batch 30/264  loss=0.3276
  batch 40/264  loss=0.4080
  batch 50/264  loss=0.3916
  batch 60/264  loss=0.5296
  batch 70/264  loss=0.4438
  batch 80/264  loss=0.3439
  batch 90/264  loss=0.5897
  batch 100/264  loss=0.3565
  batch 110/264  loss=0.5491
  batch 120/264  loss=0.3841
  batch 130/264  loss=0.4826
  batch 140/264  loss=0.8450
  batch 150/264  loss=0.3808
  batch 160/264  loss=0.3908
  batch 170/264  loss=0.5753
  batch 180/264  loss=0.5718
  batch 190/264  loss=0.5887
  batch 200/264  loss=0.4491
  batch 210/264  loss=0.6335
  batch 220/264  loss=0.5066
  batch 230/264  loss=0.4457
  batch 240/264  loss=0.4332
  batch 250/264  loss=0.4658
  batch 260/264  loss=0.5470
Epoch  69/300  train=4.621e-01  rmse=2.0221  lr=1.0e-04  229s
  batch 10/264  loss=0.3586
  batch 20/264  loss=0.4378
  batch 30/264  loss=0.4405
  batch 40/264  loss=0.4098
  batch 50/264  loss=0.4436
  batch 60/264  loss=0.3489
  batch 70/264  loss=0.7044
  batch 80/264  loss=0.5247
  batch 90/264  loss=0.3638
  batch 100/264  loss=0.4672
  batch 110/264  loss=0.8921
  batch 120/264  loss=0.3563
  batch 130/264  loss=0.5923
  batch 140/264  loss=0.4414
  batch 150/264  loss=0.4277
  batch 160/264  loss=0.3824
  batch 170/264  loss=0.6508
  batch 180/264  loss=0.4025
  batch 190/264  loss=0.4035
  batch 200/264  loss=0.4254
  batch 210/264  loss=0.6307
  batch 220/264  loss=0.3681
  batch 230/264  loss=0.3839
  batch 240/264  loss=0.4706
  batch 250/264  loss=0.4896
  batch 260/264  loss=0.4014
Epoch  70/300  train=4.574e-01  rmse=1.9890  lr=1.0e-04  228s
  -> best  monitor=4.574e-01
  batch 10/264  loss=0.4180
  batch 20/264  loss=0.4203
  batch 30/264  loss=0.4308
  batch 40/264  loss=0.5547
  batch 50/264  loss=0.4042
  batch 60/264  loss=0.3642
  batch 70/264  loss=0.4305
  batch 80/264  loss=0.3357
  batch 90/264  loss=0.3700
  batch 100/264  loss=0.6962
  batch 110/264  loss=0.3692
  batch 120/264  loss=0.3750
  batch 130/264  loss=0.3760
  batch 140/264  loss=0.3336
  batch 150/264  loss=0.8502
  batch 160/264  loss=0.5707
  batch 170/264  loss=0.4369
  batch 180/264  loss=0.3921
  batch 190/264  loss=0.5260
  batch 200/264  loss=0.3802
  batch 210/264  loss=0.3732
  batch 220/264  loss=0.3897
  batch 230/264  loss=0.4318
  batch 240/264  loss=0.3440
  batch 250/264  loss=0.4371
  batch 260/264  loss=0.3971
Epoch  71/300  train=4.552e-01  rmse=1.9502  lr=1.0e-04  229s
  -> best  monitor=4.552e-01
  batch 10/264  loss=0.7997
  batch 20/264  loss=0.4764
  batch 30/264  loss=0.6947
  batch 40/264  loss=0.4958
  batch 50/264  loss=0.4506
  batch 60/264  loss=0.4467
  batch 70/264  loss=0.3515
  batch 80/264  loss=0.4787
  batch 90/264  loss=0.3452
  batch 100/264  loss=0.3179
  batch 110/264  loss=0.3446
  batch 120/264  loss=0.5046
  batch 130/264  loss=0.4708
  batch 140/264  loss=0.5064
  batch 150/264  loss=0.3930
  batch 160/264  loss=0.4197
  batch 170/264  loss=0.5562
  batch 180/264  loss=0.4334
  batch 190/264  loss=0.5348
  batch 200/264  loss=0.3543
  batch 210/264  loss=0.3372
  batch 220/264  loss=0.5619
  batch 230/264  loss=0.4890
  batch 240/264  loss=0.4178
  batch 250/264  loss=0.5949
  batch 260/264  loss=0.5356
Epoch  72/300  train=4.602e-01  rmse=1.9825  lr=1.0e-04  228s
  batch 10/264  loss=0.3676
  batch 20/264  loss=0.3645
  batch 30/264  loss=0.4961
  batch 40/264  loss=0.4135
  batch 50/264  loss=0.6852
  batch 60/264  loss=0.3858
  batch 70/264  loss=0.5106
  batch 80/264  loss=0.3960
  batch 90/264  loss=0.3467
  batch 100/264  loss=0.4395
  batch 110/264  loss=0.4825
  batch 120/264  loss=0.5783
  batch 130/264  loss=0.6043
  batch 140/264  loss=0.5294
  batch 150/264  loss=0.3342
  batch 160/264  loss=0.3988
  batch 170/264  loss=0.4600
  batch 180/264  loss=0.5977
  batch 190/264  loss=0.4201
  batch 200/264  loss=0.5448
  batch 210/264  loss=0.3332
  batch 220/264  loss=0.5534
  batch 230/264  loss=0.3577
  batch 240/264  loss=0.4088
  batch 250/264  loss=0.4009
  batch 260/264  loss=0.4130
Epoch  73/300  train=4.556e-01  rmse=1.9876  lr=1.0e-04  228s
  batch 10/264  loss=0.3937
  batch 20/264  loss=0.5229
  batch 30/264  loss=0.3369
  batch 40/264  loss=0.3900
  batch 50/264  loss=0.6682
  batch 60/264  loss=0.6604
  batch 70/264  loss=0.3011
  batch 80/264  loss=0.3663
  batch 90/264  loss=0.5319
  batch 100/264  loss=0.5321
  batch 110/264  loss=0.3826
  batch 120/264  loss=0.3464
  batch 130/264  loss=0.4509
  batch 140/264  loss=0.4075
  batch 150/264  loss=0.3410
  batch 160/264  loss=0.3995
  batch 170/264  loss=0.4147
  batch 180/264  loss=0.5073
  batch 190/264  loss=0.4531
  batch 200/264  loss=0.9786
  batch 210/264  loss=0.6525
  batch 220/264  loss=0.3693
  batch 230/264  loss=0.6387
  batch 240/264  loss=0.7992
  batch 250/264  loss=0.3792
  batch 260/264  loss=0.4471
Epoch  74/300  train=4.489e-01  rmse=1.9857  lr=1.0e-04  227s
  -> best  monitor=4.489e-01
  batch 10/264  loss=0.4583
  batch 20/264  loss=0.3228
  batch 30/264  loss=0.7675
  batch 40/264  loss=0.3043
  batch 50/264  loss=0.3817
  batch 60/264  loss=0.5852
  batch 70/264  loss=0.5217
  batch 80/264  loss=0.5798
  batch 90/264  loss=0.3168
  batch 100/264  loss=0.3582
  batch 110/264  loss=0.3912
  batch 120/264  loss=0.3203
  batch 130/264  loss=0.6539
  batch 140/264  loss=0.4647
  batch 150/264  loss=0.4379
  batch 160/264  loss=0.3874
  batch 170/264  loss=0.4651
  batch 180/264  loss=0.3512
  batch 190/264  loss=0.3181
  batch 200/264  loss=0.4202
  batch 210/264  loss=0.4287
  batch 220/264  loss=0.4332
  batch 230/264  loss=0.3830
  batch 240/264  loss=0.2886
  batch 250/264  loss=0.5416
  batch 260/264  loss=0.3881
Epoch  75/300  train=4.531e-01  rmse=1.9457  lr=1.0e-04  229s
  batch 10/264  loss=0.4890
  batch 20/264  loss=0.5592
  batch 30/264  loss=0.4081
  batch 40/264  loss=0.3748
  batch 50/264  loss=0.6643
  batch 60/264  loss=0.3877
  batch 70/264  loss=0.5003
  batch 80/264  loss=0.6533
  batch 90/264  loss=0.5710
  batch 100/264  loss=0.4198
  batch 110/264  loss=0.4982
  batch 120/264  loss=0.3978
  batch 130/264  loss=0.3526
  batch 140/264  loss=0.3996
  batch 150/264  loss=0.4050
  batch 160/264  loss=0.4307
  batch 170/264  loss=0.3715
  batch 180/264  loss=0.4178
  batch 190/264  loss=0.6428
  batch 200/264  loss=0.5834
  batch 210/264  loss=0.3758
  batch 220/264  loss=0.5125
  batch 230/264  loss=0.4397
  batch 240/264  loss=0.3524
  batch 250/264  loss=0.3691
  batch 260/264  loss=0.4309
Epoch  76/300  train=4.574e-01  rmse=1.9893  lr=1.0e-04  229s
  batch 10/264  loss=0.5971
  batch 20/264  loss=0.3169
  batch 30/264  loss=0.3937
  batch 40/264  loss=0.3528
  batch 50/264  loss=0.6206
  batch 60/264  loss=0.5017
  batch 70/264  loss=0.3896
  batch 80/264  loss=0.4322
  batch 90/264  loss=0.4107
  batch 100/264  loss=0.3752
  batch 110/264  loss=0.5112
  batch 120/264  loss=0.4500
  batch 130/264  loss=0.3920
  batch 140/264  loss=0.3692
  batch 150/264  loss=0.4813
  batch 160/264  loss=0.5713
  batch 170/264  loss=0.4255
  batch 180/264  loss=0.4003
  batch 190/264  loss=0.4084
  batch 200/264  loss=0.4029
  batch 210/264  loss=0.3433
  batch 220/264  loss=0.4414
  batch 230/264  loss=0.4336
  batch 240/264  loss=0.4732
  batch 250/264  loss=0.4063
  batch 260/264  loss=0.3253
Epoch  77/300  train=4.509e-01  rmse=2.0140  lr=1.0e-04  228s
  batch 10/264  loss=0.3730
  batch 20/264  loss=0.4712
  batch 30/264  loss=0.4426
  batch 40/264  loss=0.4234
  batch 50/264  loss=0.4641
  batch 60/264  loss=0.4811
  batch 70/264  loss=0.6481
  batch 80/264  loss=0.5616
  batch 90/264  loss=0.5697
  batch 100/264  loss=0.4510
  batch 110/264  loss=0.4356
  batch 120/264  loss=0.3525
  batch 130/264  loss=0.3708
  batch 140/264  loss=0.5647
  batch 150/264  loss=0.4139
  batch 160/264  loss=0.3918
  batch 170/264  loss=0.3342
  batch 180/264  loss=0.4249
  batch 190/264  loss=0.5846
  batch 200/264  loss=0.7770
  batch 210/264  loss=0.4739
  batch 220/264  loss=0.3913
  batch 230/264  loss=0.4604
  batch 240/264  loss=0.3645
  batch 250/264  loss=0.3891
  batch 260/264  loss=0.4825
Epoch  78/300  train=4.473e-01  rmse=1.9400  lr=1.0e-04  227s
  -> best  monitor=4.473e-01
  batch 10/264  loss=0.5357
  batch 20/264  loss=0.3906
  batch 30/264  loss=0.5581
  batch 40/264  loss=0.4078
  batch 50/264  loss=0.4300
  batch 60/264  loss=0.5950
  batch 70/264  loss=0.5505
  batch 80/264  loss=0.4992
  batch 90/264  loss=0.3429
  batch 100/264  loss=0.6289
  batch 110/264  loss=0.5737
  batch 120/264  loss=0.3952
  batch 130/264  loss=0.5861
  batch 140/264  loss=0.3862
  batch 150/264  loss=0.3858
  batch 160/264  loss=0.4176
  batch 170/264  loss=0.4952
  batch 180/264  loss=0.4649
  batch 190/264  loss=0.3918
  batch 200/264  loss=0.3734
  batch 210/264  loss=0.4660
  batch 220/264  loss=0.6068
  batch 230/264  loss=0.4265
  batch 240/264  loss=0.4410
  batch 250/264  loss=0.4927
  batch 260/264  loss=0.4653
Epoch  79/300  train=4.466e-01  rmse=1.9739  lr=1.0e-04  228s
  -> best  monitor=4.466e-01
  batch 10/264  loss=0.3321
  batch 20/264  loss=0.4287
  batch 30/264  loss=0.4979
  batch 40/264  loss=0.3918
  batch 50/264  loss=0.3304
  batch 60/264  loss=0.4012
  batch 70/264  loss=0.4040
  batch 80/264  loss=0.3572
  batch 90/264  loss=0.4363
  batch 100/264  loss=0.3272
  batch 110/264  loss=0.4474
  batch 120/264  loss=0.8136
  batch 130/264  loss=0.3976
  batch 140/264  loss=0.4344
  batch 150/264  loss=0.3670
  batch 160/264  loss=0.3669
  batch 170/264  loss=0.5935
  batch 180/264  loss=0.5924
  batch 190/264  loss=0.4598
  batch 200/264  loss=0.5061
  batch 210/264  loss=0.3838
  batch 220/264  loss=0.3607
  batch 230/264  loss=0.3756
  batch 240/264  loss=0.4760
  batch 250/264  loss=0.5087
  batch 260/264  loss=0.3261
Epoch  80/300  train=4.510e-01  rmse=1.9150  lr=1.0e-04  228s
  batch 10/264  loss=0.3824
  batch 20/264  loss=0.4649
  batch 30/264  loss=0.3868
  batch 40/264  loss=0.5209
  batch 50/264  loss=0.3837
  batch 60/264  loss=0.4643
  batch 70/264  loss=0.3738
  batch 80/264  loss=0.6484
  batch 90/264  loss=0.4074
  batch 100/264  loss=0.3672
  batch 110/264  loss=0.4032
  batch 120/264  loss=0.4322
  batch 130/264  loss=0.3568
  batch 140/264  loss=0.5564
  batch 150/264  loss=0.4733
  batch 160/264  loss=0.5383
  batch 170/264  loss=0.4576
  batch 180/264  loss=0.3581
  batch 190/264  loss=0.5192
  batch 200/264  loss=0.3251
  batch 210/264  loss=0.3505
  batch 220/264  loss=0.4229
  batch 230/264  loss=0.4907
  batch 240/264  loss=0.3817
  batch 250/264  loss=0.5326
  batch 260/264  loss=0.4584
Epoch  81/300  train=4.483e-01  rmse=1.9719  lr=1.0e-04  228s
  batch 10/264  loss=0.5095
  batch 20/264  loss=0.3855
  batch 30/264  loss=0.7585
  batch 40/264  loss=0.5444
  batch 50/264  loss=0.3441
  batch 60/264  loss=0.3752
  batch 70/264  loss=0.4328
  batch 80/264  loss=0.4844
  batch 90/264  loss=0.4061
  batch 100/264  loss=0.6344
  batch 110/264  loss=0.6506
  batch 120/264  loss=0.3080
  batch 130/264  loss=0.4887
  batch 140/264  loss=0.5677
  batch 150/264  loss=0.3528
  batch 160/264  loss=0.3907
  batch 170/264  loss=0.3914
  batch 180/264  loss=0.3513
  batch 190/264  loss=0.4404
  batch 200/264  loss=0.4074
  batch 210/264  loss=0.4173
  batch 220/264  loss=0.5379
  batch 230/264  loss=0.3702
  batch 240/264  loss=0.3649
  batch 250/264  loss=0.5769
  batch 260/264  loss=0.7774
Epoch  82/300  train=4.363e-01  rmse=1.8850  lr=1.0e-04  230s
  -> best  monitor=4.363e-01
  batch 10/264  loss=0.4079
  batch 20/264  loss=0.3382
  batch 30/264  loss=0.5422
  batch 40/264  loss=0.3248
  batch 50/264  loss=0.4572
  batch 60/264  loss=0.4298
  batch 70/264  loss=0.4406
  batch 80/264  loss=0.4524
  batch 90/264  loss=0.4282
  batch 100/264  loss=0.5433
  batch 110/264  loss=0.4598
  batch 120/264  loss=0.4364
  batch 130/264  loss=0.5797
  batch 140/264  loss=0.4026
  batch 150/264  loss=0.5459
  batch 160/264  loss=0.4068
  batch 170/264  loss=0.4261
  batch 180/264  loss=0.5448
  batch 190/264  loss=0.4400
  batch 200/264  loss=0.3957
  batch 210/264  loss=0.4612
  batch 220/264  loss=0.3978
  batch 230/264  loss=0.6156
  batch 240/264  loss=0.4904
  batch 250/264  loss=0.4418
  batch 260/264  loss=0.6526
Epoch  83/300  train=4.464e-01  rmse=2.2497  lr=1.0e-04  228s
  batch 10/264  loss=0.3711
  batch 20/264  loss=0.6075
  batch 30/264  loss=0.3597
  batch 40/264  loss=0.5878
  batch 50/264  loss=0.3230
  batch 60/264  loss=0.4108
  batch 70/264  loss=0.4932
  batch 80/264  loss=0.4697
  batch 90/264  loss=0.5076
  batch 100/264  loss=0.4191
  batch 110/264  loss=0.4881
  batch 120/264  loss=0.4266
  batch 130/264  loss=0.5186
  batch 140/264  loss=0.3947
  batch 150/264  loss=0.4079
  batch 160/264  loss=0.3757
  batch 170/264  loss=0.3275
  batch 180/264  loss=0.5254
  batch 190/264  loss=0.4997
  batch 200/264  loss=0.3974
  batch 210/264  loss=0.4297
  batch 220/264  loss=0.4397
  batch 230/264  loss=0.4306
  batch 240/264  loss=0.3918
  batch 250/264  loss=0.3818
  batch 260/264  loss=0.4884
Epoch  84/300  train=4.359e-01  rmse=2.0242  lr=1.0e-04  229s
  -> best  monitor=4.359e-01
  batch 10/264  loss=0.4395
  batch 20/264  loss=0.3586
  batch 30/264  loss=0.4650
  batch 40/264  loss=0.5294
  batch 50/264  loss=0.4012
  batch 60/264  loss=0.4668
  batch 70/264  loss=0.5703
  batch 80/264  loss=0.4674
  batch 90/264  loss=0.5491
  batch 100/264  loss=0.3514
  batch 110/264  loss=0.5392
  batch 120/264  loss=0.3931
  batch 130/264  loss=0.4038
  batch 140/264  loss=0.4566
  batch 150/264  loss=0.4468
  batch 160/264  loss=0.3179
  batch 170/264  loss=0.3687
  batch 180/264  loss=0.3226
  batch 190/264  loss=0.6345
  batch 200/264  loss=0.3637
  batch 210/264  loss=0.3794
  batch 220/264  loss=0.5235
  batch 230/264  loss=0.4662
  batch 240/264  loss=0.4771
  batch 250/264  loss=0.4567
  batch 260/264  loss=1.2971
Epoch  85/300  train=4.448e-01  rmse=1.9613  lr=1.0e-04  229s
  batch 10/264  loss=0.4879
  batch 20/264  loss=0.3823
  batch 30/264  loss=0.4340
  batch 40/264  loss=0.5309
  batch 50/264  loss=0.4464
  batch 60/264  loss=0.3806
  batch 70/264  loss=0.3936
  batch 80/264  loss=0.3541
  batch 90/264  loss=0.5292
  batch 100/264  loss=0.3991
  batch 110/264  loss=0.3743
  batch 120/264  loss=0.4226
  batch 130/264  loss=0.3843
  batch 140/264  loss=0.3581
  batch 150/264  loss=0.4252
  batch 160/264  loss=0.4380
  batch 170/264  loss=0.3637
  batch 180/264  loss=0.4743
  batch 190/264  loss=0.3825
  batch 200/264  loss=0.8615
  batch 210/264  loss=0.5689
  batch 220/264  loss=0.4019
  batch 230/264  loss=0.4857
  batch 240/264  loss=0.6372
  batch 250/264  loss=0.4482
  batch 260/264  loss=0.4361
Epoch  86/300  train=4.413e-01  rmse=2.0430  lr=1.0e-04  229s
  batch 10/264  loss=0.3638
  batch 20/264  loss=0.4889
  batch 30/264  loss=0.4161
  batch 40/264  loss=0.3244
  batch 50/264  loss=0.3639
  batch 60/264  loss=0.3535
  batch 70/264  loss=0.3413
  batch 80/264  loss=0.4096
  batch 90/264  loss=0.4271
  batch 100/264  loss=0.4019
  batch 110/264  loss=0.4321
  batch 120/264  loss=0.6718
  batch 130/264  loss=0.4500
  batch 140/264  loss=0.4219
  batch 150/264  loss=0.7008
  batch 160/264  loss=0.4142
  batch 170/264  loss=0.4152
  batch 180/264  loss=0.3863
  batch 190/264  loss=0.3263
  batch 200/264  loss=0.3776
  batch 210/264  loss=0.4031
  batch 220/264  loss=0.9072
  batch 230/264  loss=0.4227
  batch 240/264  loss=0.3993
  batch 250/264  loss=0.6159
  batch 260/264  loss=0.4349
Epoch  87/300  train=4.428e-01  rmse=1.9161  lr=1.0e-04  228s
  batch 10/264  loss=0.4162
  batch 20/264  loss=0.4030
  batch 30/264  loss=0.8784
  batch 40/264  loss=0.5152
  batch 50/264  loss=0.3764
  batch 60/264  loss=0.5576
  batch 70/264  loss=0.4134
  batch 80/264  loss=0.3835
  batch 90/264  loss=0.3717
  batch 100/264  loss=0.5705
  batch 110/264  loss=0.4407
  batch 120/264  loss=0.3378
  batch 130/264  loss=0.4849
  batch 140/264  loss=0.4415
  batch 150/264  loss=0.4433
  batch 160/264  loss=0.3859
  batch 170/264  loss=0.4419
  batch 180/264  loss=0.4866
  batch 190/264  loss=0.3701
  batch 200/264  loss=0.3985
  batch 210/264  loss=0.3858
  batch 220/264  loss=0.4824
  batch 230/264  loss=0.7568
  batch 240/264  loss=0.4055
  batch 250/264  loss=0.4116
  batch 260/264  loss=0.5485
Epoch  88/300  train=4.375e-01  rmse=1.9916  lr=1.0e-04  228s
  batch 10/264  loss=0.3279
  batch 20/264  loss=0.9042
  batch 30/264  loss=0.3416
  batch 40/264  loss=0.4653
  batch 50/264  loss=0.3982
  batch 60/264  loss=0.4373
  batch 70/264  loss=0.4452
  batch 80/264  loss=0.3485
  batch 90/264  loss=0.6340
  batch 100/264  loss=0.3366
  batch 110/264  loss=0.7187
  batch 120/264  loss=0.5316
  batch 130/264  loss=0.3877
  batch 140/264  loss=0.3502
  batch 150/264  loss=0.4808
  batch 160/264  loss=0.3357
  batch 170/264  loss=0.4067
  batch 180/264  loss=0.5454
  batch 190/264  loss=0.6652
  batch 200/264  loss=0.4511
  batch 210/264  loss=0.3700
  batch 220/264  loss=0.5455
  batch 230/264  loss=0.4208
  batch 240/264  loss=0.3678
  batch 250/264  loss=0.4418
  batch 260/264  loss=0.4959
Epoch  89/300  train=4.384e-01  rmse=2.1626  lr=1.0e-04  229s
  batch 10/264  loss=0.5351
  batch 20/264  loss=0.3777
  batch 30/264  loss=0.4848
  batch 40/264  loss=0.4134
  batch 50/264  loss=0.4019
  batch 60/264  loss=0.5196
  batch 70/264  loss=0.4838
  batch 80/264  loss=0.4376
  batch 90/264  loss=0.3336
  batch 100/264  loss=0.4243
  batch 110/264  loss=0.3849
  batch 120/264  loss=0.4274
  batch 130/264  loss=0.3560
  batch 140/264  loss=0.3484
  batch 150/264  loss=0.4142
  batch 160/264  loss=0.4330
  batch 170/264  loss=0.4670
  batch 180/264  loss=0.4120
  batch 190/264  loss=0.4422
  batch 200/264  loss=0.3676
  batch 210/264  loss=0.3887
  batch 220/264  loss=0.4059
  batch 230/264  loss=0.3746
  batch 240/264  loss=0.3771
  batch 250/264  loss=0.3298
  batch 260/264  loss=0.5984
Epoch  90/300  train=4.400e-01  rmse=2.0629  lr=1.0e-04  228s
  batch 10/264  loss=0.3586
  batch 20/264  loss=0.3902
  batch 30/264  loss=0.3701
  batch 40/264  loss=0.3428
  batch 50/264  loss=0.5023
  batch 60/264  loss=0.5943
  batch 70/264  loss=0.4598
  batch 80/264  loss=0.4164
  batch 90/264  loss=0.3754
  batch 100/264  loss=0.4671
  batch 110/264  loss=0.3807
  batch 120/264  loss=0.4763
  batch 130/264  loss=0.3997
  batch 140/264  loss=0.5676
  batch 150/264  loss=0.3543
  batch 160/264  loss=0.4322
  batch 170/264  loss=0.4702
  batch 180/264  loss=0.4360
  batch 190/264  loss=0.4470
  batch 200/264  loss=0.3438
  batch 210/264  loss=0.4587
  batch 220/264  loss=0.4651
  batch 230/264  loss=0.3426
  batch 240/264  loss=0.3281
  batch 250/264  loss=0.4330
  batch 260/264  loss=0.3554
Epoch  91/300  train=4.328e-01  rmse=2.0071  lr=1.0e-04  229s
  -> best  monitor=4.328e-01
  batch 10/264  loss=0.4790
  batch 20/264  loss=0.4738
  batch 30/264  loss=0.3770
  batch 40/264  loss=0.4340
  batch 50/264  loss=0.5676
  batch 60/264  loss=0.3869
  batch 70/264  loss=0.3814
  batch 80/264  loss=0.4066
  batch 90/264  loss=0.4527
  batch 100/264  loss=0.3602
  batch 110/264  loss=0.5878
  batch 120/264  loss=0.5566
  batch 130/264  loss=0.4642
  batch 140/264  loss=0.4586
  batch 150/264  loss=0.4586
  batch 160/264  loss=0.3562
  batch 170/264  loss=0.5386
  batch 180/264  loss=0.3940
  batch 190/264  loss=0.3497
  batch 200/264  loss=0.3902
  batch 210/264  loss=0.4320
  batch 220/264  loss=0.3964
  batch 230/264  loss=0.3978
  batch 240/264  loss=0.4450
  batch 250/264  loss=0.3262
  batch 260/264  loss=0.3451
Epoch  92/300  train=4.345e-01  rmse=1.9296  lr=1.0e-04  230s
  batch 10/264  loss=0.3876
  batch 20/264  loss=0.4012
  batch 30/264  loss=0.5540
  batch 40/264  loss=0.4528
  batch 50/264  loss=0.4160
  batch 60/264  loss=0.3704
  batch 70/264  loss=0.3752
  batch 80/264  loss=0.4772
  batch 90/264  loss=0.3949
  batch 100/264  loss=0.7978
  batch 110/264  loss=0.5093
  batch 120/264  loss=0.3953
  batch 130/264  loss=0.3821
  batch 140/264  loss=0.4104
  batch 150/264  loss=0.4188
  batch 160/264  loss=0.4676
  batch 170/264  loss=0.3844
  batch 180/264  loss=0.5373
  batch 190/264  loss=0.4577
  batch 200/264  loss=0.4928
  batch 210/264  loss=0.3394
  batch 220/264  loss=0.3563
  batch 230/264  loss=0.3342
  batch 240/264  loss=0.4260
  batch 250/264  loss=0.6369
  batch 260/264  loss=0.3674
Epoch  93/300  train=4.354e-01  rmse=2.0033  lr=1.0e-04  229s
  batch 10/264  loss=0.3369
  batch 20/264  loss=0.5703
  batch 30/264  loss=0.4431
  batch 40/264  loss=0.3455
  batch 50/264  loss=0.4045
  batch 60/264  loss=0.4630
  batch 70/264  loss=0.3811
  batch 80/264  loss=0.4419
  batch 90/264  loss=0.3118
  batch 100/264  loss=0.3927
  batch 110/264  loss=0.4622
  batch 120/264  loss=0.4839
  batch 130/264  loss=0.3322
  batch 140/264  loss=0.3646
  batch 150/264  loss=0.3720
  batch 160/264  loss=0.3962
  batch 170/264  loss=0.4396
  batch 180/264  loss=0.3270
  batch 190/264  loss=0.3590
  batch 200/264  loss=0.3526
  batch 210/264  loss=0.4357
  batch 220/264  loss=0.3807
  batch 230/264  loss=0.4319
  batch 240/264  loss=0.3602
  batch 250/264  loss=0.5058
  batch 260/264  loss=0.5114
Epoch  94/300  train=4.363e-01  rmse=1.9556  lr=1.0e-04  229s
  batch 10/264  loss=0.4453
  batch 20/264  loss=0.3460
  batch 30/264  loss=0.4046
  batch 40/264  loss=0.4395
  batch 50/264  loss=0.3861
  batch 60/264  loss=0.3904
  batch 70/264  loss=0.4052
  batch 80/264  loss=0.3821
  batch 90/264  loss=0.3344
  batch 100/264  loss=0.4007
  batch 110/264  loss=0.3835
  batch 120/264  loss=0.4132
  batch 130/264  loss=0.4462
  batch 140/264  loss=0.4448
  batch 150/264  loss=0.5693
  batch 160/264  loss=0.4808
  batch 170/264  loss=0.3574
  batch 180/264  loss=0.4456
  batch 190/264  loss=0.5530
  batch 200/264  loss=0.3789
  batch 210/264  loss=0.3270
  batch 220/264  loss=0.3827
  batch 230/264  loss=0.3736
  batch 240/264  loss=0.3372
  batch 250/264  loss=0.6144
  batch 260/264  loss=0.3626
Epoch  95/300  train=4.328e-01  rmse=2.0819  lr=1.0e-04  229s
  -> best  monitor=4.328e-01
  batch 10/264  loss=0.4327
  batch 20/264  loss=0.4581
  batch 30/264  loss=0.2992
  batch 40/264  loss=0.4118
  batch 50/264  loss=0.4390
  batch 60/264  loss=0.3967
  batch 70/264  loss=0.5884
  batch 80/264  loss=0.3986
  batch 90/264  loss=0.3531
  batch 100/264  loss=0.4373
  batch 110/264  loss=0.3304
  batch 120/264  loss=0.4645
  batch 130/264  loss=0.3615
  batch 140/264  loss=0.4443
  batch 150/264  loss=0.6238
  batch 160/264  loss=0.4340
  batch 170/264  loss=0.4391
  batch 180/264  loss=0.4662
  batch 190/264  loss=0.3401
  batch 200/264  loss=0.3779
  batch 210/264  loss=0.3309
  batch 220/264  loss=0.4712
  batch 230/264  loss=0.4109
  batch 240/264  loss=0.4220
  batch 250/264  loss=0.3540
  batch 260/264  loss=0.4193
Epoch  96/300  train=4.282e-01  rmse=1.9232  lr=1.0e-04  229s
  -> best  monitor=4.282e-01
  batch 10/264  loss=0.4038
  batch 20/264  loss=0.3609
  batch 30/264  loss=0.3695
  batch 40/264  loss=0.4039
  batch 50/264  loss=0.4069
  batch 60/264  loss=0.3585
  batch 70/264  loss=0.5467
  batch 80/264  loss=0.4656
  batch 90/264  loss=0.3247
  batch 100/264  loss=0.4878
  batch 110/264  loss=0.5314
  batch 120/264  loss=0.3646
  batch 130/264  loss=0.3758
  batch 140/264  loss=0.4482
  batch 150/264  loss=0.5676
  batch 160/264  loss=0.3480
  batch 170/264  loss=0.3102
  batch 180/264  loss=0.3649
  batch 190/264  loss=0.5915
  batch 200/264  loss=0.3636
  batch 210/264  loss=0.3807
  batch 220/264  loss=0.5653
  batch 230/264  loss=0.5918
  batch 240/264  loss=0.3272
  batch 250/264  loss=0.4319
  batch 260/264  loss=0.4304
Epoch  97/300  train=4.290e-01  rmse=1.9479  lr=1.0e-04  229s
  batch 10/264  loss=0.3649
  batch 20/264  loss=0.5515
  batch 30/264  loss=0.4810
  batch 40/264  loss=0.3394
  batch 50/264  loss=0.3604
  batch 60/264  loss=0.4193
  batch 70/264  loss=0.3652
  batch 80/264  loss=0.4472
  batch 90/264  loss=0.3995
  batch 100/264  loss=0.3294
  batch 110/264  loss=0.4768
  batch 120/264  loss=0.4224
  batch 130/264  loss=0.3911
  batch 140/264  loss=0.6057
  batch 150/264  loss=0.5709
  batch 160/264  loss=0.5146
  batch 170/264  loss=0.3288
  batch 180/264  loss=0.8145
  batch 190/264  loss=0.3595
  batch 200/264  loss=0.3952
  batch 210/264  loss=0.4359
  batch 220/264  loss=0.3944
  batch 230/264  loss=0.4081
  batch 240/264  loss=0.2897
  batch 250/264  loss=0.4269
  batch 260/264  loss=0.3952
Epoch  98/300  train=4.304e-01  rmse=1.9891  lr=1.0e-04  230s
  batch 10/264  loss=0.3549
  batch 20/264  loss=0.3561
  batch 30/264  loss=0.4333
  batch 40/264  loss=0.3939
  batch 50/264  loss=0.4659
  batch 60/264  loss=0.3875
  batch 70/264  loss=0.5004
  batch 80/264  loss=0.3897
  batch 90/264  loss=0.3858
  batch 100/264  loss=0.4183
  batch 110/264  loss=0.4195
  batch 120/264  loss=0.3852
  batch 130/264  loss=0.3418
  batch 140/264  loss=0.3451
  batch 150/264  loss=0.3359
  batch 160/264  loss=0.3338
  batch 170/264  loss=0.3468
  batch 180/264  loss=0.3565
  batch 190/264  loss=0.3952
  batch 200/264  loss=0.5276
  batch 210/264  loss=0.3821
  batch 220/264  loss=0.3499
  batch 230/264  loss=0.3326
  batch 240/264  loss=0.4999
  batch 250/264  loss=0.6184
  batch 260/264  loss=0.4358
Epoch  99/300  train=4.254e-01  rmse=2.7313  lr=1.0e-04  228s
  -> best  monitor=4.254e-01
  batch 10/264  loss=0.3478
  batch 20/264  loss=0.3743
  batch 30/264  loss=0.4405
  batch 40/264  loss=0.4213
  batch 50/264  loss=0.4364
  batch 60/264  loss=0.3241
  batch 70/264  loss=0.5042
  batch 80/264  loss=0.4266
  batch 90/264  loss=0.4044
  batch 100/264  loss=0.7353
  batch 110/264  loss=0.4029
  batch 120/264  loss=0.6794
  batch 130/264  loss=0.4411
  batch 140/264  loss=0.3974
  batch 150/264  loss=0.3922
  batch 160/264  loss=0.4631
  batch 170/264  loss=0.4431
  batch 180/264  loss=0.3302
  batch 190/264  loss=0.3004
  batch 200/264  loss=0.3987
  batch 210/264  loss=0.3911
  batch 220/264  loss=0.4145
  batch 230/264  loss=0.3814
  batch 240/264  loss=0.3399
  batch 250/264  loss=0.4250
  batch 260/264  loss=0.4799
Epoch 100/300  train=4.305e-01  rmse=1.8951  lr=1.0e-04  228s
  batch 10/264  loss=0.6223
  batch 20/264  loss=0.3250
  batch 30/264  loss=0.3552
  batch 40/264  loss=0.4406
  batch 50/264  loss=0.2883
  batch 60/264  loss=0.3324
  batch 70/264  loss=0.3462
  batch 80/264  loss=0.3439
  batch 90/264  loss=0.3694
  batch 100/264  loss=0.4330
  batch 110/264  loss=0.3332
  batch 120/264  loss=0.4422
  batch 130/264  loss=0.3718
  batch 140/264  loss=0.4901
  batch 150/264  loss=0.4084
  batch 160/264  loss=0.3435
  batch 170/264  loss=0.3710
  batch 180/264  loss=0.4927
  batch 190/264  loss=0.4963
  batch 200/264  loss=0.3811
  batch 210/264  loss=0.5530
  batch 220/264  loss=0.4919
  batch 230/264  loss=0.4975
  batch 240/264  loss=0.5259
  batch 250/264  loss=0.4007
  batch 260/264  loss=0.3061
Epoch 101/300  train=4.256e-01  rmse=1.9033  lr=1.0e-04  229s
  batch 10/264  loss=0.3996
  batch 20/264  loss=0.3478
  batch 30/264  loss=0.4373
  batch 40/264  loss=0.3909
  batch 50/264  loss=0.4827
  batch 60/264  loss=0.6612
  batch 70/264  loss=0.5745
  batch 80/264  loss=0.3819
  batch 90/264  loss=0.3640
  batch 100/264  loss=0.3906
  batch 110/264  loss=0.4182
  batch 120/264  loss=0.3820
  batch 130/264  loss=0.4090
  batch 140/264  loss=0.3502
  batch 150/264  loss=0.4557
  batch 160/264  loss=0.4969
  batch 170/264  loss=0.3401
  batch 180/264  loss=0.6069
  batch 190/264  loss=0.5926
  batch 200/264  loss=0.3809
  batch 210/264  loss=0.4858
  batch 220/264  loss=0.3212
  batch 230/264  loss=0.4607
  batch 240/264  loss=0.3890
  batch 250/264  loss=0.4526
  batch 260/264  loss=0.3777
Epoch 102/300  train=4.250e-01  rmse=1.8561  lr=1.0e-04  230s
  -> best  monitor=4.250e-01
  batch 10/264  loss=0.3515
  batch 20/264  loss=0.3420
  batch 30/264  loss=0.3771
  batch 40/264  loss=0.3620
  batch 50/264  loss=0.3270
  batch 60/264  loss=0.5340
  batch 70/264  loss=0.4157
  batch 80/264  loss=0.3883
  batch 90/264  loss=0.3184
  batch 100/264  loss=0.4478
  batch 110/264  loss=0.3951
  batch 120/264  loss=0.5324
  batch 130/264  loss=0.3463
  batch 140/264  loss=0.3293
  batch 150/264  loss=0.4143
  batch 160/264  loss=0.3328
  batch 170/264  loss=0.5242
  batch 180/264  loss=0.4315
  batch 190/264  loss=0.5008
  batch 200/264  loss=0.4740
  batch 210/264  loss=0.3768
  batch 220/264  loss=0.4742
  batch 230/264  loss=0.6619
  batch 240/264  loss=0.9060
  batch 250/264  loss=0.3725
  batch 260/264  loss=0.4007
Epoch 103/300  train=4.239e-01  rmse=1.8396  lr=1.0e-04  230s
  -> best  monitor=4.239e-01
  batch 10/264  loss=0.3616
  batch 20/264  loss=0.6950
  batch 30/264  loss=0.4218
  batch 40/264  loss=0.3608
  batch 50/264  loss=0.4421
  batch 60/264  loss=0.3673
  batch 70/264  loss=0.6071
  batch 80/264  loss=0.4925
  batch 90/264  loss=0.4865
  batch 100/264  loss=0.3300
  batch 110/264  loss=0.6767
  batch 120/264  loss=0.7245
  batch 130/264  loss=0.3905
  batch 140/264  loss=0.5431
  batch 150/264  loss=0.3896
  batch 160/264  loss=0.3468
  batch 170/264  loss=0.4506
  batch 180/264  loss=0.5253
  batch 190/264  loss=0.3166
  batch 200/264  loss=0.3750
  batch 210/264  loss=0.3600
  batch 220/264  loss=0.3435
  batch 230/264  loss=0.2808
  batch 240/264  loss=0.3764
  batch 250/264  loss=0.5863
  batch 260/264  loss=0.4409
Epoch 104/300  train=4.212e-01  rmse=1.9014  lr=1.0e-04  229s
  -> best  monitor=4.212e-01
  batch 10/264  loss=0.4008
  batch 20/264  loss=0.4806
  batch 30/264  loss=0.4339
  batch 40/264  loss=0.3864
  batch 50/264  loss=0.4128
  batch 60/264  loss=0.3599
  batch 70/264  loss=0.3326
  batch 80/264  loss=0.6076
  batch 90/264  loss=0.5555
  batch 100/264  loss=0.4052
  batch 110/264  loss=0.5150
  batch 120/264  loss=0.3362
  batch 130/264  loss=0.4184
  batch 140/264  loss=0.4974
  batch 150/264  loss=0.3815
  batch 160/264  loss=0.4350
  batch 170/264  loss=0.4972
  batch 180/264  loss=0.3101
  batch 190/264  loss=0.4260
  batch 200/264  loss=0.5052
  batch 210/264  loss=0.4531
  batch 220/264  loss=0.5352
  batch 230/264  loss=0.3250
  batch 240/264  loss=0.3469
  batch 250/264  loss=0.3332
  batch 260/264  loss=0.4298
Epoch 105/300  train=4.301e-01  rmse=2.0649  lr=1.0e-04  231s
  batch 10/264  loss=0.4233
  batch 20/264  loss=0.4263
  batch 30/264  loss=0.4897
  batch 40/264  loss=0.6223
  batch 50/264  loss=0.3235
  batch 60/264  loss=0.3542
  batch 70/264  loss=0.5246
  batch 80/264  loss=0.3435
  batch 90/264  loss=0.3921
  batch 100/264  loss=0.4812
  batch 110/264  loss=0.4557
  batch 120/264  loss=0.4511
  batch 130/264  loss=0.3387
  batch 140/264  loss=0.5936
  batch 150/264  loss=0.4213
  batch 160/264  loss=0.3496
  batch 170/264  loss=0.4271
  batch 180/264  loss=0.3020
  batch 190/264  loss=0.3638
  batch 200/264  loss=0.5392
  batch 210/264  loss=0.3679
  batch 220/264  loss=0.4873
  batch 230/264  loss=0.3292
  batch 240/264  loss=0.3829
  batch 250/264  loss=0.3571
  batch 260/264  loss=0.3570
Epoch 106/300  train=4.237e-01  rmse=2.7994  lr=1.0e-04  229s
  batch 10/264  loss=0.4635
  batch 20/264  loss=0.5098
  batch 30/264  loss=0.4306
  batch 40/264  loss=0.4026
  batch 50/264  loss=0.3289
  batch 60/264  loss=0.4270
  batch 70/264  loss=0.4253
  batch 80/264  loss=0.5012
  batch 90/264  loss=0.3375
  batch 100/264  loss=0.4054
  batch 110/264  loss=0.3999
  batch 120/264  loss=0.3603
  batch 130/264  loss=0.3397
  batch 140/264  loss=0.3655
  batch 150/264  loss=0.3585
  batch 160/264  loss=0.4559
  batch 170/264  loss=0.3581
  batch 180/264  loss=0.3643
  batch 190/264  loss=0.7356
  batch 200/264  loss=0.4827
  batch 210/264  loss=0.3634
  batch 220/264  loss=0.4844
  batch 230/264  loss=0.4376
  batch 240/264  loss=0.3378
  batch 250/264  loss=0.4708
  batch 260/264  loss=0.5283
Epoch 107/300  train=4.186e-01  rmse=1.8779  lr=1.0e-04  228s
  -> best  monitor=4.186e-01
  batch 10/264  loss=0.4307
  batch 20/264  loss=0.4405
  batch 30/264  loss=0.4429
  batch 40/264  loss=0.4924
  batch 50/264  loss=0.3799
  batch 60/264  loss=0.4212
  batch 70/264  loss=0.4082
  batch 80/264  loss=0.4209
  batch 90/264  loss=0.4074
  batch 100/264  loss=0.4259
  batch 110/264  loss=0.3503
  batch 120/264  loss=0.3832
  batch 130/264  loss=0.4487
  batch 140/264  loss=0.3767
  batch 150/264  loss=0.3453
  batch 160/264  loss=0.5221
  batch 170/264  loss=0.5073
  batch 180/264  loss=0.3788
  batch 190/264  loss=0.3765
  batch 200/264  loss=0.3505
  batch 210/264  loss=0.4281
  batch 220/264  loss=0.5261
  batch 230/264  loss=0.4444
  batch 240/264  loss=0.4243
  batch 250/264  loss=0.3577
  batch 260/264  loss=0.5178
Epoch 108/300  train=4.195e-01  rmse=1.8131  lr=1.0e-04  228s
  batch 10/264  loss=0.3524
  batch 20/264  loss=0.4429
  batch 30/264  loss=0.3775
  batch 40/264  loss=0.3570
  batch 50/264  loss=0.5434
  batch 60/264  loss=0.4399
  batch 70/264  loss=0.3945
  batch 80/264  loss=0.2969
  batch 90/264  loss=0.3893
  batch 100/264  loss=0.3881
  batch 110/264  loss=0.3526
  batch 120/264  loss=0.3504
  batch 130/264  loss=0.4495
  batch 140/264  loss=0.3373
  batch 150/264  loss=0.4003
  batch 160/264  loss=0.4025
  batch 170/264  loss=0.3485
  batch 180/264  loss=0.3319
  batch 190/264  loss=0.4947
  batch 200/264  loss=0.4648
  batch 210/264  loss=0.3508
  batch 220/264  loss=0.5129
  batch 230/264  loss=0.3182
  batch 240/264  loss=0.3485
  batch 250/264  loss=0.4791
  batch 260/264  loss=0.2729
Epoch 109/300  train=4.194e-01  rmse=1.8979  lr=1.0e-04  230s
  batch 10/264  loss=0.4967
  batch 20/264  loss=0.4484
  batch 30/264  loss=0.3894
  batch 40/264  loss=0.3672
  batch 50/264  loss=0.3642
  batch 60/264  loss=0.3856
  batch 70/264  loss=0.3479
  batch 80/264  loss=0.4440
  batch 90/264  loss=0.4442
  batch 100/264  loss=0.3467
  batch 110/264  loss=0.3394
  batch 120/264  loss=0.4105
  batch 130/264  loss=0.6289
  batch 140/264  loss=0.4224
  batch 150/264  loss=0.3597
  batch 160/264  loss=0.4156
  batch 170/264  loss=0.4713
  batch 180/264  loss=0.3469
  batch 190/264  loss=0.3152
  batch 200/264  loss=0.4802
  batch 210/264  loss=0.3628
  batch 220/264  loss=0.4292
  batch 230/264  loss=0.5151
  batch 240/264  loss=0.4735
  batch 250/264  loss=0.3486
  batch 260/264  loss=0.3553
Epoch 110/300  train=4.205e-01  rmse=2.1038  lr=1.0e-04  228s
  batch 10/264  loss=0.3980
  batch 20/264  loss=0.5542
  batch 30/264  loss=0.4989
  batch 40/264  loss=0.3214
  batch 50/264  loss=0.4204
  batch 60/264  loss=0.3447
  batch 70/264  loss=0.3734
  batch 80/264  loss=0.4034
  batch 90/264  loss=0.6176
  batch 100/264  loss=0.4249
  batch 110/264  loss=0.3163
  batch 120/264  loss=0.4080
  batch 130/264  loss=0.5159
  batch 140/264  loss=0.4007
  batch 150/264  loss=0.3583
  batch 160/264  loss=0.4275
  batch 170/264  loss=0.4008
  batch 180/264  loss=0.5275
  batch 190/264  loss=0.4777
  batch 200/264  loss=0.5481
  batch 210/264  loss=0.3643
  batch 220/264  loss=0.3739
  batch 230/264  loss=0.5837
  batch 240/264  loss=0.5380
  batch 250/264  loss=0.4445
  batch 260/264  loss=0.4906
Epoch 111/300  train=4.212e-01  rmse=2.1130  lr=1.0e-04  229s
  batch 10/264  loss=0.3490
  batch 20/264  loss=0.3395
  batch 30/264  loss=0.4106
  batch 40/264  loss=0.2943
  batch 50/264  loss=0.3948
  batch 60/264  loss=0.4013
  batch 70/264  loss=0.4365
  batch 80/264  loss=0.4187
  batch 90/264  loss=0.4326
  batch 100/264  loss=0.5130
  batch 110/264  loss=0.4127
  batch 120/264  loss=0.3981
  batch 130/264  loss=0.4329
  batch 140/264  loss=0.4378
  batch 150/264  loss=0.3893
  batch 160/264  loss=0.3047
  batch 170/264  loss=0.3751
  batch 180/264  loss=0.3157
  batch 190/264  loss=0.4129
  batch 200/264  loss=0.5274
  batch 210/264  loss=0.3576
  batch 220/264  loss=0.5820
  batch 230/264  loss=0.4223
  batch 240/264  loss=0.4920
  batch 250/264  loss=0.3174
  batch 260/264  loss=0.3551
Epoch 112/300  train=4.165e-01  rmse=1.8363  lr=1.0e-04  228s
  -> best  monitor=4.165e-01
  batch 10/264  loss=0.3735
  batch 20/264  loss=0.3095
  batch 30/264  loss=0.3866
  batch 40/264  loss=0.4915
  batch 50/264  loss=0.4952
  batch 60/264  loss=0.3832
  batch 70/264  loss=0.3177
  batch 80/264  loss=0.4628
  batch 90/264  loss=0.4607
  batch 100/264  loss=0.4635
  batch 110/264  loss=0.5253
  batch 120/264  loss=0.7982
  batch 130/264  loss=0.6325
  batch 140/264  loss=0.4446
  batch 150/264  loss=0.4038
  batch 160/264  loss=0.2960
  batch 170/264  loss=0.6168
  batch 180/264  loss=0.3565
  batch 190/264  loss=0.3391
  batch 200/264  loss=0.3900
  batch 210/264  loss=0.3270
  batch 220/264  loss=0.3697
  batch 230/264  loss=0.6154
  batch 240/264  loss=0.3349
  batch 250/264  loss=0.4802
  batch 260/264  loss=0.3619
Epoch 113/300  train=4.207e-01  rmse=1.9996  lr=1.0e-04  227s
  batch 10/264  loss=0.3581
  batch 20/264  loss=0.3155
  batch 30/264  loss=0.6701
  batch 40/264  loss=0.3561
  batch 50/264  loss=0.3960
  batch 60/264  loss=0.4467
  batch 70/264  loss=0.3986
  batch 80/264  loss=0.4876
  batch 90/264  loss=0.4046
  batch 100/264  loss=0.4313
  batch 110/264  loss=0.4640
  batch 120/264  loss=0.4808
  batch 130/264  loss=0.4265
  batch 140/264  loss=0.4120
  batch 150/264  loss=0.6345
  batch 160/264  loss=0.6199
  batch 170/264  loss=0.4605
  batch 180/264  loss=0.3066
  batch 190/264  loss=0.3994
  batch 200/264  loss=0.4600
  batch 210/264  loss=0.4645
  batch 220/264  loss=0.3673
  batch 230/264  loss=0.3699
  batch 240/264  loss=0.3270
  batch 250/264  loss=0.3434
  batch 260/264  loss=0.3700
Epoch 114/300  train=4.219e-01  rmse=2.9581  lr=1.0e-04  228s
  batch 10/264  loss=0.3873
  batch 20/264  loss=0.3208
  batch 30/264  loss=0.4843
  batch 40/264  loss=0.3345
  batch 50/264  loss=0.3134
  batch 60/264  loss=0.3325
  batch 70/264  loss=0.4293
  batch 80/264  loss=0.7019
  batch 90/264  loss=0.4323
  batch 100/264  loss=0.3390
  batch 110/264  loss=0.3753
  batch 120/264  loss=0.3450
  batch 130/264  loss=0.4309
  batch 140/264  loss=0.3513
  batch 150/264  loss=0.4929
  batch 160/264  loss=0.3431
  batch 170/264  loss=0.3765
  batch 180/264  loss=0.4101
  batch 190/264  loss=0.3625
  batch 200/264  loss=0.4175
  batch 210/264  loss=0.3489
  batch 220/264  loss=0.3586
  batch 230/264  loss=0.3232
  batch 240/264  loss=0.3898
  batch 250/264  loss=0.5444
  batch 260/264  loss=0.3204
Epoch 115/300  train=4.161e-01  rmse=4.1257  lr=1.0e-04  228s
  -> best  monitor=4.161e-01
  batch 10/264  loss=0.3502
  batch 20/264  loss=0.5843
  batch 30/264  loss=0.5394
  batch 40/264  loss=0.4344
  batch 50/264  loss=0.4023
  batch 60/264  loss=0.4841
  batch 70/264  loss=0.4454
  batch 80/264  loss=0.3490
  batch 90/264  loss=0.7471
  batch 100/264  loss=0.4669
  batch 110/264  loss=0.3914
  batch 120/264  loss=0.3685
  batch 130/264  loss=0.5473
  batch 140/264  loss=0.5542
  batch 150/264  loss=0.4352
  batch 160/264  loss=0.4274
  batch 170/264  loss=0.4059
  batch 180/264  loss=0.3391
  batch 190/264  loss=0.3714
  batch 200/264  loss=0.3410
  batch 210/264  loss=0.5741
  batch 220/264  loss=0.6771
  batch 230/264  loss=0.5448
  batch 240/264  loss=0.3769
  batch 250/264  loss=0.3222
  batch 260/264  loss=0.3886
Epoch 116/300  train=4.150e-01  rmse=1.8514  lr=1.0e-04  228s
  -> best  monitor=4.150e-01
  batch 10/264  loss=0.4445
  batch 20/264  loss=0.3860
  batch 30/264  loss=0.3129
  batch 40/264  loss=0.3441
  batch 50/264  loss=0.4383
  batch 60/264  loss=0.4271
  batch 70/264  loss=0.3491
  batch 80/264  loss=0.3393
  batch 90/264  loss=0.4351
  batch 100/264  loss=0.3864
  batch 110/264  loss=0.3754
  batch 120/264  loss=0.4756
  batch 130/264  loss=0.3813
  batch 140/264  loss=0.3282
  batch 150/264  loss=0.3934
  batch 160/264  loss=0.4215
  batch 170/264  loss=0.3387
  batch 180/264  loss=0.3706
  batch 190/264  loss=0.4177
  batch 200/264  loss=0.3562
  batch 210/264  loss=0.5318
  batch 220/264  loss=0.4635
  batch 230/264  loss=0.5944
  batch 240/264  loss=0.3791
  batch 250/264  loss=0.3757
  batch 260/264  loss=0.3867
Epoch 117/300  train=4.162e-01  rmse=1.8598  lr=1.0e-04  228s
  batch 10/264  loss=0.4407
  batch 20/264  loss=0.3589
  batch 30/264  loss=0.7483
  batch 40/264  loss=0.5613
  batch 50/264  loss=0.4052
  batch 60/264  loss=0.4862
  batch 70/264  loss=0.4724
  batch 80/264  loss=0.3167
  batch 90/264  loss=0.4875
  batch 100/264  loss=0.3542
  batch 110/264  loss=0.4705
  batch 120/264  loss=0.3138
  batch 130/264  loss=0.4217
  batch 140/264  loss=0.3985
  batch 150/264  loss=0.3991
  batch 160/264  loss=0.3402
  batch 170/264  loss=0.4156
  batch 180/264  loss=0.3633
  batch 190/264  loss=0.6093
  batch 200/264  loss=0.3369
  batch 210/264  loss=0.4249
  batch 220/264  loss=0.3340
  batch 230/264  loss=0.4608
  batch 240/264  loss=0.4092
  batch 250/264  loss=0.3308
  batch 260/264  loss=0.4188
Epoch 118/300  train=4.122e-01  rmse=2.1291  lr=1.0e-04  228s
  -> best  monitor=4.122e-01
  batch 10/264  loss=0.5063
  batch 20/264  loss=0.3382
  batch 30/264  loss=0.3446
  batch 40/264  loss=0.4421
  batch 50/264  loss=0.4771
  batch 60/264  loss=0.4039
  batch 70/264  loss=0.4376
  batch 80/264  loss=0.4515
  batch 90/264  loss=0.4965
  batch 100/264  loss=0.4670
  batch 110/264  loss=0.3261
  batch 120/264  loss=0.6455
  batch 130/264  loss=0.3685
  batch 140/264  loss=0.3245
  batch 150/264  loss=0.5676
  batch 160/264  loss=0.4323
  batch 170/264  loss=0.3024
  batch 180/264  loss=0.3378
  batch 190/264  loss=0.4218
  batch 200/264  loss=0.3375
  batch 210/264  loss=0.3625
  batch 220/264  loss=0.3913
  batch 230/264  loss=0.3717
  batch 240/264  loss=0.4740
  batch 250/264  loss=0.3656
  batch 260/264  loss=0.5937
Epoch 119/300  train=4.153e-01  rmse=1.9572  lr=1.0e-04  228s
  batch 10/264  loss=0.3419
  batch 20/264  loss=0.4830
  batch 30/264  loss=0.3657
  batch 40/264  loss=0.3300
  batch 50/264  loss=0.3459
  batch 60/264  loss=0.3501
  batch 70/264  loss=0.4001
  batch 80/264  loss=0.3825
  batch 90/264  loss=0.3260
  batch 100/264  loss=0.3236
  batch 110/264  loss=0.6249
  batch 120/264  loss=0.3928
  batch 130/264  loss=0.4021
  batch 140/264  loss=0.7156
  batch 150/264  loss=0.4627
  batch 160/264  loss=0.4071
  batch 170/264  loss=0.5822
  batch 180/264  loss=0.6007
  batch 190/264  loss=0.5620
  batch 200/264  loss=0.4235
  batch 210/264  loss=0.4124
  batch 220/264  loss=0.3506
  batch 230/264  loss=0.3484
  batch 240/264  loss=0.3959
  batch 250/264  loss=0.3454
  batch 260/264  loss=0.3608
Epoch 120/300  train=4.092e-01  rmse=9.0224  lr=1.0e-04  228s
  -> best  monitor=4.092e-01
  batch 10/264  loss=0.3610
  batch 20/264  loss=0.4754
  batch 30/264  loss=0.3675
  batch 40/264  loss=0.3505
  batch 50/264  loss=0.3446
  batch 60/264  loss=0.4901
  batch 70/264  loss=0.3562
  batch 80/264  loss=0.3401
  batch 90/264  loss=0.5434
  batch 100/264  loss=0.4122
  batch 110/264  loss=0.3715
  batch 120/264  loss=0.3949
  batch 130/264  loss=0.3223
  batch 140/264  loss=0.5529
  batch 150/264  loss=0.3416
  batch 160/264  loss=0.5048
  batch 170/264  loss=0.5743
  batch 180/264  loss=0.4463
  batch 190/264  loss=0.5207
  batch 200/264  loss=0.5887
  batch 210/264  loss=0.3768
  batch 220/264  loss=0.3880
  batch 230/264  loss=0.3944
  batch 240/264  loss=0.3694
  batch 250/264  loss=0.3423
  batch 260/264  loss=0.3322
Epoch 121/300  train=4.140e-01  rmse=1.8489  lr=1.0e-04  227s
  batch 10/264  loss=0.3558
  batch 20/264  loss=0.3703
  batch 30/264  loss=0.3306
  batch 40/264  loss=0.3717
  batch 50/264  loss=0.3486
  batch 60/264  loss=0.4322
  batch 70/264  loss=0.2848
  batch 80/264  loss=0.3995
  batch 90/264  loss=0.3299
  batch 100/264  loss=0.3566
  batch 110/264  loss=0.5738
  batch 120/264  loss=0.3610
  batch 130/264  loss=0.4032
  batch 140/264  loss=0.3558
  batch 150/264  loss=0.3034
  batch 160/264  loss=0.4514
  batch 170/264  loss=0.4996
  batch 180/264  loss=0.5920
  batch 190/264  loss=0.7127
  batch 200/264  loss=0.3923
  batch 210/264  loss=0.3557
  batch 220/264  loss=0.4669
  batch 230/264  loss=0.4537
  batch 240/264  loss=0.4945
  batch 250/264  loss=0.4796
  batch 260/264  loss=0.3362
Epoch 122/300  train=4.095e-01  rmse=2.1462  lr=1.0e-04  229s
  batch 10/264  loss=0.3533
  batch 20/264  loss=0.4071
  batch 30/264  loss=0.3622
  batch 40/264  loss=0.3216
  batch 50/264  loss=0.3368
  batch 60/264  loss=0.3781
  batch 70/264  loss=0.3707
  batch 80/264  loss=0.3709
  batch 90/264  loss=0.4804
  batch 100/264  loss=0.2923
  batch 110/264  loss=0.6019
  batch 120/264  loss=0.3982
  batch 130/264  loss=0.3265
  batch 140/264  loss=0.5958
  batch 150/264  loss=0.3994
  batch 160/264  loss=0.3125
  batch 170/264  loss=0.4677
  batch 180/264  loss=0.3252
  batch 190/264  loss=0.6949
  batch 200/264  loss=0.4680
  batch 210/264  loss=0.4808
  batch 220/264  loss=0.3361
  batch 230/264  loss=0.3821
  batch 240/264  loss=0.4626
  batch 250/264  loss=0.6046
  batch 260/264  loss=0.3288
Epoch 123/300  train=4.104e-01  rmse=1.9247  lr=1.0e-04  228s
  batch 10/264  loss=0.4261
  batch 20/264  loss=0.5137
  batch 30/264  loss=0.3088
  batch 40/264  loss=0.3288
  batch 50/264  loss=0.4647
  batch 60/264  loss=0.2962
  batch 70/264  loss=0.4414
  batch 80/264  loss=0.4945
  batch 90/264  loss=0.3769
  batch 100/264  loss=0.4410
  batch 110/264  loss=0.3487
  batch 120/264  loss=0.3544
  batch 130/264  loss=0.3349
  batch 140/264  loss=0.3648
  batch 150/264  loss=0.4017
  batch 160/264  loss=0.4373
  batch 170/264  loss=0.4211
  batch 180/264  loss=0.3299
  batch 190/264  loss=0.3238
  batch 200/264  loss=0.6235
  batch 210/264  loss=0.4136
  batch 220/264  loss=0.3363
  batch 230/264  loss=0.4087
  batch 240/264  loss=0.4851
  batch 250/264  loss=0.2887
  batch 260/264  loss=0.3330
Epoch 124/300  train=4.071e-01  rmse=1.9367  lr=1.0e-04  229s
  -> best  monitor=4.071e-01
  batch 10/264  loss=0.4447
  batch 20/264  loss=0.3062
  batch 30/264  loss=0.3939
  batch 40/264  loss=0.4562
  batch 50/264  loss=0.5319
  batch 60/264  loss=0.3585
  batch 70/264  loss=0.4841
  batch 80/264  loss=0.3860
  batch 90/264  loss=0.5526
  batch 100/264  loss=0.3102
  batch 110/264  loss=0.3633
  batch 120/264  loss=0.3646
  batch 130/264  loss=0.5503
  batch 140/264  loss=0.4778
  batch 150/264  loss=0.4140
  batch 160/264  loss=0.4057
  batch 170/264  loss=0.3603
  batch 180/264  loss=0.3833
  batch 190/264  loss=0.3399
  batch 200/264  loss=0.6280
  batch 210/264  loss=0.4823
  batch 220/264  loss=0.3025
  batch 230/264  loss=0.3438
  batch 240/264  loss=0.4922
  batch 250/264  loss=0.5194
  batch 260/264  loss=0.3387
Epoch 125/300  train=4.066e-01  rmse=1.8764  lr=1.0e-04  229s
  -> best  monitor=4.066e-01
  batch 10/264  loss=0.3376
  batch 20/264  loss=0.2771
  batch 30/264  loss=0.4181
  batch 40/264  loss=0.3687
  batch 50/264  loss=0.6650
  batch 60/264  loss=0.4315
  batch 70/264  loss=0.3954
  batch 80/264  loss=0.4994
  batch 90/264  loss=0.3283
  batch 100/264  loss=0.3737
  batch 110/264  loss=0.4382
  batch 120/264  loss=0.4728
  batch 130/264  loss=0.4473
  batch 140/264  loss=0.4732
  batch 150/264  loss=0.3766
  batch 160/264  loss=0.5481
  batch 170/264  loss=0.3416
  batch 180/264  loss=0.3427
  batch 190/264  loss=0.4102
  batch 200/264  loss=0.4270
  batch 210/264  loss=0.4065
  batch 220/264  loss=0.4145
  batch 230/264  loss=0.4631
  batch 240/264  loss=0.5012
  batch 250/264  loss=0.3094
  batch 260/264  loss=0.4567
Epoch 126/300  train=4.081e-01  rmse=1.9276  lr=1.0e-04  228s
  batch 10/264  loss=0.6068
  batch 20/264  loss=0.3327
  batch 30/264  loss=0.3679
  batch 40/264  loss=0.3195
  batch 50/264  loss=0.5375
  batch 60/264  loss=0.3782
  batch 70/264  loss=0.2956
  batch 80/264  loss=0.5252
  batch 90/264  loss=0.4498
  batch 100/264  loss=0.3825
  batch 110/264  loss=0.2993
  batch 120/264  loss=0.3329
  batch 130/264  loss=0.5818
  batch 140/264  loss=0.3936
  batch 150/264  loss=0.3859
  batch 160/264  loss=0.4623
  batch 170/264  loss=0.3726
  batch 180/264  loss=0.3863
  batch 190/264  loss=0.3600
  batch 200/264  loss=0.2951
  batch 210/264  loss=0.3996
  batch 220/264  loss=0.3854
  batch 230/264  loss=0.5865
  batch 240/264  loss=0.3879
  batch 250/264  loss=0.4816
  batch 260/264  loss=0.3438
Epoch 127/300  train=4.085e-01  rmse=2.2544  lr=1.0e-04  227s
  batch 10/264  loss=0.3181
  batch 20/264  loss=0.3974
  batch 30/264  loss=0.2615
  batch 40/264  loss=0.3601
  batch 50/264  loss=0.3209
  batch 60/264  loss=0.4080
  batch 70/264  loss=0.5158
  batch 80/264  loss=0.2977
  batch 90/264  loss=0.4198
  batch 100/264  loss=0.5834
  batch 110/264  loss=0.6878
  batch 120/264  loss=0.3529
  batch 130/264  loss=0.3919
  batch 140/264  loss=0.8057
  batch 150/264  loss=0.3355
  batch 160/264  loss=0.3294
  batch 170/264  loss=0.4684
  batch 180/264  loss=0.3717
  batch 190/264  loss=0.3202
  batch 200/264  loss=0.3749
  batch 210/264  loss=0.3736
  batch 220/264  loss=0.4300
  batch 230/264  loss=0.4406
  batch 240/264  loss=0.3785
  batch 250/264  loss=0.3786
  batch 260/264  loss=0.3909
Epoch 128/300  train=4.094e-01  rmse=1.8465  lr=1.0e-04  229s
  batch 10/264  loss=0.3380
  batch 20/264  loss=0.3721
  batch 30/264  loss=0.3490
  batch 40/264  loss=0.4808
  batch 50/264  loss=0.3639
  batch 60/264  loss=0.3510
  batch 70/264  loss=0.4314
  batch 80/264  loss=0.4867
  batch 90/264  loss=0.5815
  batch 100/264  loss=0.4103
  batch 110/264  loss=0.3938
  batch 120/264  loss=0.3691
  batch 130/264  loss=0.3498
  batch 140/264  loss=0.4574
  batch 150/264  loss=0.4045
  batch 160/264  loss=0.3756
  batch 170/264  loss=0.4283
  batch 180/264  loss=0.3119
  batch 190/264  loss=0.5542
  batch 200/264  loss=0.3948
  batch 210/264  loss=0.3650
  batch 220/264  loss=0.3438
  batch 230/264  loss=0.2998
  batch 240/264  loss=0.3362
  batch 250/264  loss=0.3886
  batch 260/264  loss=0.4404
Epoch 129/300  train=4.083e-01  rmse=2.5495  lr=1.0e-04  229s
  batch 10/264  loss=0.3627
  batch 20/264  loss=0.3603
  batch 30/264  loss=0.3255
  batch 40/264  loss=0.3959
  batch 50/264  loss=0.5035
  batch 60/264  loss=0.3076
  batch 70/264  loss=0.3128
  batch 80/264  loss=0.3684
  batch 90/264  loss=0.3747
  batch 100/264  loss=0.6051
  batch 110/264  loss=0.3537
  batch 120/264  loss=0.3757
  batch 130/264  loss=0.4527
  batch 140/264  loss=0.3956
  batch 150/264  loss=0.3451
  batch 160/264  loss=0.3247
  batch 170/264  loss=0.3928
  batch 180/264  loss=0.3748
  batch 190/264  loss=0.4020
  batch 200/264  loss=0.3652
  batch 210/264  loss=0.4340
  batch 220/264  loss=0.3661
  batch 230/264  loss=0.6161
  batch 240/264  loss=0.4448
  batch 250/264  loss=0.4345
  batch 260/264  loss=0.3439
Epoch 130/300  train=4.023e-01  rmse=2.5655  lr=1.0e-04  229s
  -> best  monitor=4.023e-01
  batch 10/264  loss=0.4133
  batch 20/264  loss=0.3805
  batch 30/264  loss=0.3859
  batch 40/264  loss=0.4963
  batch 50/264  loss=0.4264
  batch 60/264  loss=0.3753
  batch 70/264  loss=0.3221
  batch 80/264  loss=0.3588
  batch 90/264  loss=0.5760
  batch 100/264  loss=0.3621
  batch 110/264  loss=0.3185
  batch 120/264  loss=0.3082
  batch 130/264  loss=0.4584
  batch 140/264  loss=0.3918
  batch 150/264  loss=0.3596
  batch 160/264  loss=0.3374
  batch 170/264  loss=0.3999
  batch 180/264  loss=0.3860
  batch 190/264  loss=0.4662
  batch 200/264  loss=0.4128
  batch 210/264  loss=0.3181
  batch 220/264  loss=0.3058
  batch 230/264  loss=0.3868
  batch 240/264  loss=0.3804
  batch 250/264  loss=0.3258
  batch 260/264  loss=0.4408
Epoch 131/300  train=4.045e-01  rmse=2.6296  lr=1.0e-04  227s
  batch 10/264  loss=0.3724
  batch 20/264  loss=0.3611
  batch 30/264  loss=0.3232
  batch 40/264  loss=0.4908
  batch 50/264  loss=0.4782
  batch 60/264  loss=0.6291
  batch 70/264  loss=0.4940
  batch 80/264  loss=0.4178
  batch 90/264  loss=0.2832
  batch 100/264  loss=0.6321
  batch 110/264  loss=0.4182
  batch 120/264  loss=0.2645
  batch 130/264  loss=0.3546
  batch 140/264  loss=0.4290
  batch 150/264  loss=0.3188
  batch 160/264  loss=0.3945
  batch 170/264  loss=0.3775
  batch 180/264  loss=0.3154
  batch 190/264  loss=0.3893
  batch 200/264  loss=0.4990
  batch 210/264  loss=0.4026
  batch 220/264  loss=0.3758
  batch 230/264  loss=0.3857
  batch 240/264  loss=0.5086
  batch 250/264  loss=0.3674
  batch 260/264  loss=0.3917
Epoch 132/300  train=4.059e-01  rmse=1.8471  lr=1.0e-04  226s
  batch 10/264  loss=0.3039
  batch 20/264  loss=0.3613
  batch 30/264  loss=0.4898
  batch 40/264  loss=0.4174
  batch 50/264  loss=0.3570
  batch 60/264  loss=0.4254
  batch 70/264  loss=0.4163
  batch 80/264  loss=0.4007
  batch 90/264  loss=0.4403
  batch 100/264  loss=0.3530
  batch 110/264  loss=0.4084
  batch 120/264  loss=0.4221
  batch 130/264  loss=0.3622
  batch 140/264  loss=0.3763
  batch 150/264  loss=0.5689
  batch 160/264  loss=0.3335
  batch 170/264  loss=0.3659
  batch 180/264  loss=0.4240
  batch 190/264  loss=0.4211
  batch 200/264  loss=0.3535
  batch 210/264  loss=0.3178
  batch 220/264  loss=0.3042
  batch 230/264  loss=0.3157
  batch 240/264  loss=0.3970
  batch 250/264  loss=0.3928
  batch 260/264  loss=0.3077
Epoch 133/300  train=4.000e-01  rmse=2.3771  lr=1.0e-04  228s
  -> best  monitor=4.000e-01
  batch 10/264  loss=0.3609
  batch 20/264  loss=0.3746
  batch 30/264  loss=0.3322
  batch 40/264  loss=0.3034
  batch 50/264  loss=0.3089
  batch 60/264  loss=0.3447
  batch 70/264  loss=0.3659
  batch 80/264  loss=0.3422
  batch 90/264  loss=0.3843
  batch 100/264  loss=0.4060
  batch 110/264  loss=0.5458
  batch 120/264  loss=0.8189
  batch 130/264  loss=0.3660
  batch 140/264  loss=0.3409
  batch 150/264  loss=0.3886
  batch 160/264  loss=0.4671
  batch 170/264  loss=0.3685
  batch 180/264  loss=0.6333
  batch 190/264  loss=0.3717
  batch 200/264  loss=0.3855
  batch 210/264  loss=0.3643
  batch 220/264  loss=0.3687
  batch 230/264  loss=0.3120
  batch 240/264  loss=0.4486
  batch 250/264  loss=0.6936
  batch 260/264  loss=0.3974
Epoch 134/300  train=4.050e-01  rmse=2.1558  lr=1.0e-04  227s
  batch 10/264  loss=0.4147
  batch 20/264  loss=0.4370
  batch 30/264  loss=0.3288
  batch 40/264  loss=0.4681
  batch 50/264  loss=0.3315
  batch 60/264  loss=0.5131
  batch 70/264  loss=0.4352
  batch 80/264  loss=0.3524
  batch 90/264  loss=0.4351
  batch 100/264  loss=0.3144
  batch 110/264  loss=0.5444
  batch 120/264  loss=0.3111
  batch 130/264  loss=0.5347
  batch 140/264  loss=0.3601
  batch 150/264  loss=0.5167
  batch 160/264  loss=0.3892
  batch 170/264  loss=0.3309
  batch 180/264  loss=0.6522
  batch 190/264  loss=0.4271
  batch 200/264  loss=0.4934
  batch 210/264  loss=0.3469
  batch 220/264  loss=0.5039
  batch 230/264  loss=0.4886
  batch 240/264  loss=0.3947
  batch 250/264  loss=0.3780
  batch 260/264  loss=0.3625
Epoch 135/300  train=4.035e-01  rmse=29.4055  lr=1.0e-04  229s
  batch 10/264  loss=0.5664
  batch 20/264  loss=0.3095
  batch 30/264  loss=0.4012
  batch 40/264  loss=0.4244
  batch 50/264  loss=0.3551
  batch 60/264  loss=0.3340
  batch 70/264  loss=0.4440
  batch 80/264  loss=0.4182
  batch 90/264  loss=0.5310
  batch 100/264  loss=0.3798
  batch 110/264  loss=0.4323
  batch 120/264  loss=0.4555
  batch 130/264  loss=0.3253
  batch 140/264  loss=0.5449
  batch 150/264  loss=0.3204
  batch 160/264  loss=0.4480
  batch 170/264  loss=0.2895
  batch 180/264  loss=0.3177
  batch 190/264  loss=0.3327
  batch 200/264  loss=0.3749
  batch 210/264  loss=0.5501
  batch 220/264  loss=0.3884
  batch 230/264  loss=0.4414
  batch 240/264  loss=0.4198
  batch 250/264  loss=0.4847
  batch 260/264  loss=0.4011
Epoch 136/300  train=4.057e-01  rmse=6.8066  lr=1.0e-04  228s
  batch 10/264  loss=0.4294
  batch 20/264  loss=0.4108
  batch 30/264  loss=0.3056
  batch 40/264  loss=0.3991
  batch 50/264  loss=0.2950
  batch 60/264  loss=0.3952
  batch 70/264  loss=0.3281
  batch 80/264  loss=0.3593
  batch 90/264  loss=0.4248
  batch 100/264  loss=0.3429
  batch 110/264  loss=0.3841
  batch 120/264  loss=0.4962
  batch 130/264  loss=0.8107
  batch 140/264  loss=0.3565
  batch 150/264  loss=0.5343
  batch 160/264  loss=0.3652
  batch 170/264  loss=0.3770
  batch 180/264  loss=0.3980
  batch 190/264  loss=0.3399
  batch 200/264  loss=0.4836
  batch 210/264  loss=0.3701
  batch 220/264  loss=0.3364
  batch 230/264  loss=0.4288
  batch 240/264  loss=0.3570
  batch 250/264  loss=0.3631
  batch 260/264  loss=0.3138
Epoch 137/300  train=3.977e-01  rmse=6.4483  lr=1.0e-04  229s
  -> best  monitor=3.977e-01
  batch 10/264  loss=0.3313
  batch 20/264  loss=0.4219
  batch 30/264  loss=0.4548
  batch 40/264  loss=0.3809
  batch 50/264  loss=0.3952
  batch 60/264  loss=0.4591
  batch 70/264  loss=0.3705
  batch 80/264  loss=0.4112
  batch 90/264  loss=0.3618
  batch 100/264  loss=0.3727
  batch 110/264  loss=0.3635
  batch 120/264  loss=0.3468
  batch 130/264  loss=0.3622
  batch 140/264  loss=0.3513
  batch 150/264  loss=0.3985
  batch 160/264  loss=0.3464
  batch 170/264  loss=0.3259
  batch 180/264  loss=0.5617
  batch 190/264  loss=0.4060
  batch 200/264  loss=0.5585
  batch 210/264  loss=0.3639
  batch 220/264  loss=0.3397
  batch 230/264  loss=0.5464
  batch 240/264  loss=0.3344
  batch 250/264  loss=0.4139
  batch 260/264  loss=0.3664
Epoch 138/300  train=4.012e-01  rmse=2.0865  lr=1.0e-04  228s
  batch 10/264  loss=0.3474
  batch 20/264  loss=0.3919
  batch 30/264  loss=0.3494
  batch 40/264  loss=0.4752
  batch 50/264  loss=0.3801
  batch 60/264  loss=0.3574
  batch 70/264  loss=0.3552
  batch 80/264  loss=0.3840
  batch 90/264  loss=0.4692
  batch 100/264  loss=0.3296
  batch 110/264  loss=0.3839
  batch 120/264  loss=0.3212
  batch 130/264  loss=0.4536
  batch 140/264  loss=0.3560
  batch 150/264  loss=0.5034
  batch 160/264  loss=0.4482
  batch 170/264  loss=0.3653
  batch 180/264  loss=0.3480
  batch 190/264  loss=0.4730
  batch 200/264  loss=0.5629
  batch 210/264  loss=0.3765
  batch 220/264  loss=0.4143
  batch 230/264  loss=0.3411
  batch 240/264  loss=0.2639
  batch 250/264  loss=0.3141
  batch 260/264  loss=0.3824
Epoch 139/300  train=4.016e-01  rmse=2.3510  lr=1.0e-04  228s
  batch 10/264  loss=0.3451
  batch 20/264  loss=0.3762
  batch 30/264  loss=0.4880
  batch 40/264  loss=0.5004
  batch 50/264  loss=0.3688
  batch 60/264  loss=0.4108
  batch 70/264  loss=0.7560
  batch 80/264  loss=0.4262
  batch 90/264  loss=0.4010
  batch 100/264  loss=0.4470
  batch 110/264  loss=0.3609
  batch 120/264  loss=0.3759
  batch 130/264  loss=0.3594
  batch 140/264  loss=0.3292
  batch 150/264  loss=0.5393
  batch 160/264  loss=0.4344
  batch 170/264  loss=0.3122
  batch 180/264  loss=0.7167
  batch 190/264  loss=0.4166
  batch 200/264  loss=0.4617
  batch 210/264  loss=0.5707
  batch 220/264  loss=0.5448
  batch 230/264  loss=0.4559
  batch 240/264  loss=0.3425
  batch 250/264  loss=0.2964
  batch 260/264  loss=0.4160
Epoch 140/300  train=3.992e-01  rmse=3.2312  lr=1.0e-04  229s
  batch 10/264  loss=0.3172
  batch 20/264  loss=0.4317
  batch 30/264  loss=0.4607
  batch 40/264  loss=0.3226
  batch 50/264  loss=0.3172
  batch 60/264  loss=0.3487
  batch 70/264  loss=0.5185
  batch 80/264  loss=0.3298
  batch 90/264  loss=0.3020
  batch 100/264  loss=0.3515
  batch 110/264  loss=0.3445
  batch 120/264  loss=0.4626
  batch 130/264  loss=0.3541
  batch 140/264  loss=0.3141
  batch 150/264  loss=0.4020
  batch 160/264  loss=0.4412
  batch 170/264  loss=0.5123
  batch 180/264  loss=0.5978
  batch 190/264  loss=0.4598
  batch 200/264  loss=0.3564
  batch 210/264  loss=0.3819
  batch 220/264  loss=0.3861
  batch 230/264  loss=0.3216
  batch 240/264  loss=0.3804
  batch 250/264  loss=0.5026
  batch 260/264  loss=0.2986
Epoch 141/300  train=3.980e-01  rmse=1.7792  lr=1.0e-04  228s
  batch 10/264  loss=0.3493
  batch 20/264  loss=0.3712
  batch 30/264  loss=0.3618
  batch 40/264  loss=0.3384
  batch 50/264  loss=0.3114
  batch 60/264  loss=0.4708
  batch 70/264  loss=0.3342
  batch 80/264  loss=0.4319
  batch 90/264  loss=0.3503
  batch 100/264  loss=0.4024
  batch 110/264  loss=0.3258
  batch 120/264  loss=0.2966
  batch 130/264  loss=0.3223
  batch 140/264  loss=0.4985
  batch 150/264  loss=0.3136
  batch 160/264  loss=0.3688
  batch 170/264  loss=0.2896
  batch 180/264  loss=0.6354
  batch 190/264  loss=0.3503
  batch 200/264  loss=0.3419
  batch 210/264  loss=0.5014
  batch 220/264  loss=0.4114
  batch 230/264  loss=0.3668
  batch 240/264  loss=0.3948
  batch 250/264  loss=0.3394
  batch 260/264  loss=0.5870
Epoch 142/300  train=4.024e-01  rmse=2.5249  lr=1.0e-04  227s
  batch 10/264  loss=0.3779
  batch 20/264  loss=0.5158
  batch 30/264  loss=0.5292
  batch 40/264  loss=0.3939
  batch 50/264  loss=0.3347
  batch 60/264  loss=0.3960
  batch 70/264  loss=0.3211
  batch 80/264  loss=0.4953
  batch 90/264  loss=0.4503
  batch 100/264  loss=0.5479
  batch 110/264  loss=0.4094
  batch 120/264  loss=0.3714
  batch 130/264  loss=0.3540
  batch 140/264  loss=0.3207
  batch 150/264  loss=0.3428
  batch 160/264  loss=0.3303
  batch 170/264  loss=0.3454
  batch 180/264  loss=0.3297
  batch 190/264  loss=0.3436
  batch 200/264  loss=0.3481
  batch 210/264  loss=0.4586
  batch 220/264  loss=0.4284
  batch 230/264  loss=0.3912
  batch 240/264  loss=0.3800
  batch 250/264  loss=0.3206
  batch 260/264  loss=0.7636
Epoch 143/300  train=3.998e-01  rmse=3.2027  lr=1.0e-04  228s
  batch 10/264  loss=0.3737
  batch 20/264  loss=0.2925
  batch 30/264  loss=0.3525
  batch 40/264  loss=0.4142
  batch 50/264  loss=0.3479
  batch 60/264  loss=0.5070
  batch 70/264  loss=0.4702
  batch 80/264  loss=0.3368
  batch 90/264  loss=0.3244
  batch 100/264  loss=0.4424
  batch 110/264  loss=0.3478
  batch 120/264  loss=0.3862
  batch 130/264  loss=0.3781
  batch 140/264  loss=0.4879
  batch 150/264  loss=0.4061
  batch 160/264  loss=0.3004
  batch 170/264  loss=0.3186
  batch 180/264  loss=0.3500
  batch 190/264  loss=0.5230
  batch 200/264  loss=0.3170
  batch 210/264  loss=0.4203
  batch 220/264  loss=0.3560
  batch 230/264  loss=0.4430
  batch 240/264  loss=0.4611
  batch 250/264  loss=0.4522
  batch 260/264  loss=0.3860
Epoch 144/300  train=3.989e-01  rmse=2.3224  lr=1.0e-04  229s
  batch 10/264  loss=0.4005
  batch 20/264  loss=0.4830
  batch 30/264  loss=0.3473
  batch 40/264  loss=0.3368
  batch 50/264  loss=0.3980
  batch 60/264  loss=0.3380
  batch 70/264  loss=0.3316
  batch 80/264  loss=0.4016
  batch 90/264  loss=0.3966
  batch 100/264  loss=0.4035
  batch 110/264  loss=0.4392
  batch 120/264  loss=0.5417
  batch 130/264  loss=0.4115
  batch 140/264  loss=0.4149
  batch 150/264  loss=0.3140
  batch 160/264  loss=0.4987
  batch 170/264  loss=0.4588
  batch 180/264  loss=0.3593
  batch 190/264  loss=0.3986
  batch 200/264  loss=0.3340
  batch 210/264  loss=0.4271
  batch 220/264  loss=0.3469
  batch 230/264  loss=0.4519
  batch 240/264  loss=0.4361
  batch 250/264  loss=0.3281
  batch 260/264  loss=0.4662
Epoch 145/300  train=3.987e-01  rmse=2.7659  lr=1.0e-04  228s
  batch 10/264  loss=0.4159
  batch 20/264  loss=0.4802
  batch 30/264  loss=0.3159
  batch 40/264  loss=0.4880
  batch 50/264  loss=0.3102
  batch 60/264  loss=0.3900
  batch 70/264  loss=0.2984
  batch 80/264  loss=0.3384
  batch 90/264  loss=0.3567
  batch 100/264  loss=0.4016
  batch 110/264  loss=0.4121
  batch 120/264  loss=0.4299
  batch 130/264  loss=0.4996
  batch 140/264  loss=0.3187
  batch 150/264  loss=0.3733
  batch 160/264  loss=0.4613
  batch 170/264  loss=0.3397
  batch 180/264  loss=0.3712
  batch 190/264  loss=0.3281
  batch 200/264  loss=0.3992
  batch 210/264  loss=0.3543
  batch 220/264  loss=0.4043
  batch 230/264  loss=0.4295
  batch 240/264  loss=0.5196
  batch 250/264  loss=0.4989
  batch 260/264  loss=0.4646
Epoch 146/300  train=3.934e-01  rmse=1.7338  lr=1.0e-04  231s
  -> best  monitor=3.934e-01
  batch 10/264  loss=0.3662
  batch 20/264  loss=0.3555
  batch 30/264  loss=0.4298
  batch 40/264  loss=0.3182
  batch 50/264  loss=0.3919
  batch 60/264  loss=0.3904
  batch 70/264  loss=0.5151
  batch 80/264  loss=0.3320
  batch 90/264  loss=0.5326
  batch 100/264  loss=0.3324
  batch 110/264  loss=0.4507
  batch 120/264  loss=0.3334
  batch 130/264  loss=0.4679
  batch 140/264  loss=0.4159
  batch 150/264  loss=0.3241
  batch 160/264  loss=0.3743
  batch 170/264  loss=0.4584
  batch 180/264  loss=0.4662
  batch 190/264  loss=0.3137
  batch 200/264  loss=0.5976
  batch 210/264  loss=0.3886
  batch 220/264  loss=0.3674
  batch 230/264  loss=0.3528
  batch 240/264  loss=0.4478
  batch 250/264  loss=0.4197
  batch 260/264  loss=0.3495
Epoch 147/300  train=3.958e-01  rmse=3.2500  lr=1.0e-04  229s
  batch 10/264  loss=0.4621
  batch 20/264  loss=0.3068
  batch 30/264  loss=0.3058
  batch 40/264  loss=0.3322
  batch 50/264  loss=0.4276
  batch 60/264  loss=0.3497
  batch 70/264  loss=0.4139
  batch 80/264  loss=0.3563
  batch 90/264  loss=0.4047
  batch 100/264  loss=0.3411
  batch 110/264  loss=0.4138
  batch 120/264  loss=0.3115
  batch 130/264  loss=0.2864
  batch 140/264  loss=0.4076
  batch 150/264  loss=0.3185
  batch 160/264  loss=0.3529
  batch 170/264  loss=0.4519
  batch 180/264  loss=0.4997
  batch 190/264  loss=0.5276
  batch 200/264  loss=0.4523
  batch 210/264  loss=0.4427
  batch 220/264  loss=0.4465
  batch 230/264  loss=0.5005
  batch 240/264  loss=0.3666
  batch 250/264  loss=0.4222
  batch 260/264  loss=0.3441
Epoch 148/300  train=3.999e-01  rmse=3.6647  lr=1.0e-04  229s
  batch 10/264  loss=0.3327
  batch 20/264  loss=0.2994
  batch 30/264  loss=0.2712
  batch 40/264  loss=0.4046
  batch 50/264  loss=0.3797
  batch 60/264  loss=0.4650
  batch 70/264  loss=0.3270
  batch 80/264  loss=0.3154
  batch 90/264  loss=0.3533
  batch 100/264  loss=0.5257
  batch 110/264  loss=0.4338
  batch 120/264  loss=0.4575
  batch 130/264  loss=0.3694
  batch 140/264  loss=0.3084
  batch 150/264  loss=0.4567
  batch 160/264  loss=0.5040
  batch 170/264  loss=0.3857
  batch 180/264  loss=0.4422
  batch 190/264  loss=0.2909
  batch 200/264  loss=0.3695
  batch 210/264  loss=0.3149
  batch 220/264  loss=0.4725
  batch 230/264  loss=0.4387
  batch 240/264  loss=0.3887
  batch 250/264  loss=0.3926
  batch 260/264  loss=0.4321
Epoch 149/300  train=3.952e-01  rmse=2.7053  lr=1.0e-04  229s
  batch 10/264  loss=0.3339
  batch 20/264  loss=0.4122
  batch 30/264  loss=0.4485
  batch 40/264  loss=0.3265
  batch 50/264  loss=0.3927
  batch 60/264  loss=0.3967
  batch 70/264  loss=0.2681
  batch 80/264  loss=0.2952
  batch 90/264  loss=0.5409
  batch 100/264  loss=0.3980
  batch 110/264  loss=0.4108
  batch 120/264  loss=0.3652
  batch 130/264  loss=0.6368
  batch 140/264  loss=0.4090
  batch 150/264  loss=0.6748
  batch 160/264  loss=0.3891
  batch 170/264  loss=0.3184
  batch 180/264  loss=0.4784
  batch 190/264  loss=0.3141
  batch 200/264  loss=0.4194
  batch 210/264  loss=0.3622
  batch 220/264  loss=0.4116
  batch 230/264  loss=0.5397
  batch 240/264  loss=0.4285
  batch 250/264  loss=0.3025
  batch 260/264  loss=0.5072
Epoch 150/300  train=3.958e-01  rmse=2.2690  lr=1.0e-04  229s
  batch 10/264  loss=0.3779
  batch 20/264  loss=0.5045
  batch 30/264  loss=0.2957
  batch 40/264  loss=0.3304
  batch 50/264  loss=0.4347
  batch 60/264  loss=0.4637
  batch 70/264  loss=0.3139
  batch 80/264  loss=0.3091
  batch 90/264  loss=0.3517
  batch 100/264  loss=0.3309
  batch 110/264  loss=0.3177
  batch 120/264  loss=0.3225
  batch 130/264  loss=0.3389
  batch 140/264  loss=0.3287
  batch 150/264  loss=0.3690
  batch 160/264  loss=0.3935
  batch 170/264  loss=0.3631
  batch 180/264  loss=0.3395
  batch 190/264  loss=0.4085
  batch 200/264  loss=0.3235
  batch 210/264  loss=0.2992
  batch 220/264  loss=0.4165
  batch 230/264  loss=0.3119
  batch 240/264  loss=0.3409
  batch 250/264  loss=0.3834
  batch 260/264  loss=0.3244
Epoch 151/300  train=3.944e-01  rmse=11.0876  lr=1.0e-04  227s
  batch 10/264  loss=0.4542
  batch 20/264  loss=0.3278
  batch 30/264  loss=0.2934
  batch 40/264  loss=0.2961
  batch 50/264  loss=0.4511
  batch 60/264  loss=0.4902
  batch 70/264  loss=0.3666
  batch 80/264  loss=0.3700
  batch 90/264  loss=0.3037
  batch 100/264  loss=0.3370
  batch 110/264  loss=0.3243
  batch 120/264  loss=0.5387
  batch 130/264  loss=0.4903
  batch 140/264  loss=0.3298
  batch 150/264  loss=0.4358
  batch 160/264  loss=0.4225
  batch 170/264  loss=0.3890
  batch 180/264  loss=0.3200
  batch 190/264  loss=0.3054
  batch 200/264  loss=0.3219
  batch 210/264  loss=0.3867
  batch 220/264  loss=0.3776
  batch 230/264  loss=0.4408
  batch 240/264  loss=0.3230
  batch 250/264  loss=0.3664
  batch 260/264  loss=0.3033
Epoch 152/300  train=3.906e-01  rmse=2.0523  lr=1.0e-04  228s
  -> best  monitor=3.906e-01
  batch 10/264  loss=0.3465
  batch 20/264  loss=0.3496
  batch 30/264  loss=0.3987
  batch 40/264  loss=0.3664
  batch 50/264  loss=0.5007
  batch 60/264  loss=0.3460
  batch 70/264  loss=0.3540
  batch 80/264  loss=0.3536
  batch 90/264  loss=0.3209
  batch 100/264  loss=0.3015
  batch 110/264  loss=0.4375
  batch 120/264  loss=0.3065
  batch 130/264  loss=0.6054
  batch 140/264  loss=0.3349
  batch 150/264  loss=0.2967
  batch 160/264  loss=0.3884
  batch 170/264  loss=0.6235
  batch 180/264  loss=0.5045
  batch 190/264  loss=0.3750
  batch 200/264  loss=0.4051
  batch 210/264  loss=0.3871
  batch 220/264  loss=0.5667
  batch 230/264  loss=0.4267
  batch 240/264  loss=0.3845
  batch 250/264  loss=0.2675
  batch 260/264  loss=0.3393
Epoch 153/300  train=3.935e-01  rmse=2.1816  lr=1.0e-04  228s
  batch 10/264  loss=0.4906
  batch 20/264  loss=0.2808
  batch 30/264  loss=0.3504
  batch 40/264  loss=0.4138
  batch 50/264  loss=0.3391
  batch 60/264  loss=0.3737
  batch 70/264  loss=0.3963
  batch 80/264  loss=0.3568
  batch 90/264  loss=0.5143
  batch 100/264  loss=0.5335
  batch 110/264  loss=0.4117
  batch 120/264  loss=0.4161
  batch 130/264  loss=0.3312
  batch 140/264  loss=0.2654
  batch 150/264  loss=0.4010
  batch 160/264  loss=0.3186
  batch 170/264  loss=0.4398
  batch 180/264  loss=0.3111
  batch 190/264  loss=0.3941
  batch 200/264  loss=0.5632
  batch 210/264  loss=0.4063
  batch 220/264  loss=0.3540
  batch 230/264  loss=0.3186
  batch 240/264  loss=0.3414
  batch 250/264  loss=0.3973
  batch 260/264  loss=0.5772
Epoch 154/300  train=3.883e-01  rmse=4.1251  lr=1.0e-04  229s
  -> best  monitor=3.883e-01
  batch 10/264  loss=0.3882
  batch 20/264  loss=0.3675
  batch 30/264  loss=0.4195
  batch 40/264  loss=0.3619
  batch 50/264  loss=0.4098
  batch 60/264  loss=0.4921
  batch 70/264  loss=0.4412
  batch 80/264  loss=0.3462
  batch 90/264  loss=0.5215
  batch 100/264  loss=0.3863
  batch 110/264  loss=0.4381
  batch 120/264  loss=0.3252
  batch 130/264  loss=0.4291
  batch 140/264  loss=0.3921
  batch 150/264  loss=0.4794
  batch 160/264  loss=0.3838
  batch 170/264  loss=0.3495
  batch 180/264  loss=0.3323
  batch 190/264  loss=0.3584
  batch 200/264  loss=0.3029
  batch 210/264  loss=0.5262
  batch 220/264  loss=0.4093
  batch 230/264  loss=0.3244
  batch 240/264  loss=0.3150
  batch 250/264  loss=0.3688
  batch 260/264  loss=0.5431
Epoch 155/300  train=3.919e-01  rmse=1.9753  lr=1.0e-04  228s
  batch 10/264  loss=0.4161
  batch 20/264  loss=0.3509
  batch 30/264  loss=0.4574
  batch 40/264  loss=0.4175
  batch 50/264  loss=0.3397
  batch 60/264  loss=0.3188
  batch 70/264  loss=0.3841
  batch 80/264  loss=0.3080
  batch 90/264  loss=0.5053
  batch 100/264  loss=0.3815
  batch 110/264  loss=0.3214
  batch 120/264  loss=0.4738
  batch 130/264  loss=0.3099
  batch 140/264  loss=0.3693
  batch 150/264  loss=0.4395
  batch 160/264  loss=0.4006
  batch 170/264  loss=0.3317
  batch 180/264  loss=0.4754
  batch 190/264  loss=0.3435
  batch 200/264  loss=0.4228
  batch 210/264  loss=0.2800
  batch 220/264  loss=0.3297
  batch 230/264  loss=0.3799
  batch 240/264  loss=0.7643
  batch 250/264  loss=0.4295
  batch 260/264  loss=0.2953
Epoch 156/300  train=3.946e-01  rmse=2.9727  lr=1.0e-04  227s
  batch 10/264  loss=0.3807
  batch 20/264  loss=0.3334
  batch 30/264  loss=0.3886
  batch 40/264  loss=0.2865
  batch 50/264  loss=0.4819
  batch 60/264  loss=0.3212
  batch 70/264  loss=0.5758
  batch 80/264  loss=0.3401
  batch 90/264  loss=0.4254
  batch 100/264  loss=0.3087
  batch 110/264  loss=0.3156
  batch 120/264  loss=0.3642
  batch 130/264  loss=0.3972
  batch 140/264  loss=0.5721
  batch 150/264  loss=0.3649
  batch 160/264  loss=0.3575
  batch 170/264  loss=0.3164
  batch 180/264  loss=0.3317
  batch 190/264  loss=0.4020
  batch 200/264  loss=0.5282
  batch 210/264  loss=0.3734
  batch 220/264  loss=0.3500
  batch 230/264  loss=0.4871
  batch 240/264  loss=0.3394
  batch 250/264  loss=0.3783
  batch 260/264  loss=0.4286
Epoch 157/300  train=3.931e-01  rmse=1.9111  lr=1.0e-04  227s
  batch 10/264  loss=0.2927
  batch 20/264  loss=0.3939
  batch 30/264  loss=0.4014
  batch 40/264  loss=0.3000
  batch 50/264  loss=0.5963
  batch 60/264  loss=0.4084
  batch 70/264  loss=0.5026
  batch 80/264  loss=0.3664
  batch 90/264  loss=0.3507
  batch 100/264  loss=0.3005
  batch 110/264  loss=0.3488
  batch 120/264  loss=0.4489
  batch 130/264  loss=0.2921
  batch 140/264  loss=0.3675
  batch 150/264  loss=0.3043
  batch 160/264  loss=0.4001
  batch 170/264  loss=0.3347
  batch 180/264  loss=0.3247
  batch 190/264  loss=0.3715
  batch 200/264  loss=0.4333
  batch 210/264  loss=0.5140
  batch 220/264  loss=0.3797
  batch 230/264  loss=0.4041
  batch 240/264  loss=0.4250
  batch 250/264  loss=0.4256
  batch 260/264  loss=0.3713
Epoch 158/300  train=3.909e-01  rmse=4.5906  lr=1.0e-04  230s
  batch 10/264  loss=0.3231
  batch 20/264  loss=0.3488
  batch 30/264  loss=0.4096
  batch 40/264  loss=0.2735
  batch 50/264  loss=0.5078
  batch 60/264  loss=0.3983
  batch 70/264  loss=0.3242
  batch 80/264  loss=0.3396
  batch 90/264  loss=0.3614
  batch 100/264  loss=0.3136
  batch 110/264  loss=0.4385
  batch 120/264  loss=0.4156
  batch 130/264  loss=0.3021
  batch 140/264  loss=0.3651
  batch 150/264  loss=0.3543
  batch 160/264  loss=0.2995
  batch 170/264  loss=0.3427
  batch 180/264  loss=0.4958
  batch 190/264  loss=0.3341
  batch 200/264  loss=0.7907
  batch 210/264  loss=0.3589
  batch 220/264  loss=0.3483
  batch 230/264  loss=0.5030
  batch 240/264  loss=0.3618
  batch 250/264  loss=0.3730
  batch 260/264  loss=0.3880
Epoch 159/300  train=3.934e-01  rmse=2.2616  lr=1.0e-04  228s
  batch 10/264  loss=0.4080
  batch 20/264  loss=0.3262
  batch 30/264  loss=0.4233
  batch 40/264  loss=0.3397
  batch 50/264  loss=0.3471
  batch 60/264  loss=0.7830
  batch 70/264  loss=0.4099
  batch 80/264  loss=0.3686
  batch 90/264  loss=0.3916
  batch 100/264  loss=0.3269
  batch 110/264  loss=0.5039
  batch 120/264  loss=0.3111
  batch 130/264  loss=0.5494
  batch 140/264  loss=0.4247
  batch 150/264  loss=0.3451
  batch 160/264  loss=0.3035
  batch 170/264  loss=0.3484
  batch 180/264  loss=0.4460
  batch 190/264  loss=0.3970
  batch 200/264  loss=0.3535
  batch 210/264  loss=0.4144
  batch 220/264  loss=0.2964
  batch 230/264  loss=0.2984
  batch 240/264  loss=0.4022
  batch 250/264  loss=0.3318
  batch 260/264  loss=0.4953
Epoch 160/300  train=3.925e-01  rmse=3.2720  lr=1.0e-04  228s
  batch 10/264  loss=0.3418
  batch 20/264  loss=0.3771
  batch 30/264  loss=0.3505
  batch 40/264  loss=0.3365
  batch 50/264  loss=0.5339
  batch 60/264  loss=0.3128
  batch 70/264  loss=0.4476
  batch 80/264  loss=0.3870
  batch 90/264  loss=0.3150
  batch 100/264  loss=0.4527
  batch 110/264  loss=0.3242
  batch 120/264  loss=0.3153
  batch 130/264  loss=0.4105
  batch 140/264  loss=0.3907
  batch 150/264  loss=0.3370
  batch 160/264  loss=0.3615
  batch 170/264  loss=0.3737
  batch 180/264  loss=0.3647
  batch 190/264  loss=0.4910
  batch 200/264  loss=0.2838
  batch 210/264  loss=0.5258
  batch 220/264  loss=0.4064
  batch 230/264  loss=0.3172
  batch 240/264  loss=0.3839
  batch 250/264  loss=0.3625
  batch 260/264  loss=0.3838
Epoch 161/300  train=3.876e-01  rmse=1.9356  lr=1.0e-04  228s
  -> best  monitor=3.876e-01
  batch 10/264  loss=0.4803
  batch 20/264  loss=0.4229
  batch 30/264  loss=0.3972
  batch 40/264  loss=0.4024
  batch 50/264  loss=0.3701
  batch 60/264  loss=0.3740
  batch 70/264  loss=0.3581
  batch 80/264  loss=0.4200
  batch 90/264  loss=0.3585
  batch 100/264  loss=0.3542
  batch 110/264  loss=0.3350
  batch 120/264  loss=0.3099
  batch 130/264  loss=0.4232
  batch 140/264  loss=0.4210
  batch 150/264  loss=0.3494
  batch 160/264  loss=0.3122
  batch 170/264  loss=0.3599
  batch 180/264  loss=0.3539
  batch 190/264  loss=0.4027
  batch 200/264  loss=0.3607
  batch 210/264  loss=0.3703
  batch 220/264  loss=0.4024
  batch 230/264  loss=0.3685
  batch 240/264  loss=0.3986
  batch 250/264  loss=0.3033
  batch 260/264  loss=0.3221
Epoch 162/300  train=3.894e-01  rmse=2.1984  lr=1.0e-04  229s
  batch 10/264  loss=0.4310
  batch 20/264  loss=0.3218
  batch 30/264  loss=0.4957
  batch 40/264  loss=0.3397
  batch 50/264  loss=0.6353
  batch 60/264  loss=0.3505
  batch 70/264  loss=0.3015
  batch 80/264  loss=0.4690
  batch 90/264  loss=0.3435
  batch 100/264  loss=0.3304
  batch 110/264  loss=0.4149
  batch 120/264  loss=0.3807
  batch 130/264  loss=0.4642
  batch 140/264  loss=0.3218
  batch 150/264  loss=0.3464
  batch 160/264  loss=0.3174
  batch 170/264  loss=0.2970
  batch 180/264  loss=0.3553
  batch 190/264  loss=0.5936
  batch 200/264  loss=0.2895
  batch 210/264  loss=0.4314
  batch 220/264  loss=0.3976
  batch 230/264  loss=0.3703
  batch 240/264  loss=0.3786
  batch 250/264  loss=0.4942
  batch 260/264  loss=0.3307
Epoch 163/300  train=3.925e-01  rmse=22.1011  lr=1.0e-04  229s
  batch 10/264  loss=0.3600
  batch 20/264  loss=0.3769
  batch 30/264  loss=0.4458
  batch 40/264  loss=0.3503
  batch 50/264  loss=0.3075
  batch 60/264  loss=0.3628
  batch 70/264  loss=0.3646
  batch 80/264  loss=0.3712
  batch 90/264  loss=0.4726
  batch 100/264  loss=0.3210
  batch 110/264  loss=0.5629
  batch 120/264  loss=0.3914
  batch 130/264  loss=0.3017
  batch 140/264  loss=0.3215
  batch 150/264  loss=0.3740
  batch 160/264  loss=0.3213
  batch 170/264  loss=0.5369
  batch 180/264  loss=0.3642
  batch 190/264  loss=0.3338
  batch 200/264  loss=0.4071
  batch 210/264  loss=0.4542
  batch 220/264  loss=0.3040
  batch 230/264  loss=0.3353
  batch 240/264  loss=0.4258
  batch 250/264  loss=0.2769
  batch 260/264  loss=0.2882
Epoch 164/300  train=3.845e-01  rmse=3.3927  lr=1.0e-04  229s
  -> best  monitor=3.845e-01
  batch 10/264  loss=0.3855
  batch 20/264  loss=0.3369
  batch 30/264  loss=0.2950
  batch 40/264  loss=0.4840
  batch 50/264  loss=0.4538
  batch 60/264  loss=0.4085
  batch 70/264  loss=0.2872
  batch 80/264  loss=0.3189
  batch 90/264  loss=0.4044
  batch 100/264  loss=0.3644
  batch 110/264  loss=0.3859
  batch 120/264  loss=0.3342
  batch 130/264  loss=0.5649
  batch 140/264  loss=0.3689
  batch 150/264  loss=0.3373
  batch 160/264  loss=0.4027
  batch 170/264  loss=0.3150
  batch 180/264  loss=0.3874
  batch 190/264  loss=0.3390
  batch 200/264  loss=0.5239
  batch 210/264  loss=0.3831
  batch 220/264  loss=0.3977
  batch 230/264  loss=0.3855
  batch 240/264  loss=0.3649
  batch 250/264  loss=0.3548
  batch 260/264  loss=0.3705
Epoch 165/300  train=3.882e-01  rmse=2.1283  lr=1.0e-04  227s
  batch 10/264  loss=0.3846
  batch 20/264  loss=0.3818
  batch 30/264  loss=0.4610
  batch 40/264  loss=0.3498
  batch 50/264  loss=0.2922
  batch 60/264  loss=0.3982
  batch 70/264  loss=0.4402
  batch 80/264  loss=0.2940
  batch 90/264  loss=0.3816
  batch 100/264  loss=0.3914
  batch 110/264  loss=0.2840
  batch 120/264  loss=0.3304
  batch 130/264  loss=0.3569
  batch 140/264  loss=0.2790
  batch 150/264  loss=0.2922
  batch 160/264  loss=0.3920
  batch 170/264  loss=0.3306
  batch 180/264  loss=0.4920
  batch 190/264  loss=0.4023
  batch 200/264  loss=0.3248
  batch 210/264  loss=0.3647
  batch 220/264  loss=0.3994
  batch 230/264  loss=0.3538
  batch 240/264  loss=0.3196
  batch 250/264  loss=0.3410
  batch 260/264  loss=0.4219
Epoch 166/300  train=3.870e-01  rmse=1.8921  lr=1.0e-04  227s
  batch 10/264  loss=0.4284
  batch 20/264  loss=0.4348
  batch 30/264  loss=0.2615
  batch 40/264  loss=0.3383
  batch 50/264  loss=0.3725
  batch 60/264  loss=0.4341
  batch 70/264  loss=0.3285
  batch 80/264  loss=0.3456
  batch 90/264  loss=0.5220
  batch 100/264  loss=0.3731
  batch 110/264  loss=0.3403
  batch 120/264  loss=0.3160
  batch 130/264  loss=0.4378
  batch 140/264  loss=0.3722
  batch 150/264  loss=0.3070
  batch 160/264  loss=0.3183
  batch 170/264  loss=0.3481
  batch 180/264  loss=0.3577
  batch 190/264  loss=0.3456
  batch 200/264  loss=0.4745
  batch 210/264  loss=0.4853
  batch 220/264  loss=0.4415
  batch 230/264  loss=0.5022
  batch 240/264  loss=0.5070
  batch 250/264  loss=0.4749
  batch 260/264  loss=0.3367
Epoch 167/300  train=3.878e-01  rmse=3.2168  lr=1.0e-04  228s
  batch 10/264  loss=0.2806
  batch 20/264  loss=0.4146
  batch 30/264  loss=0.5363
  batch 40/264  loss=0.4425
  batch 50/264  loss=0.3103
  batch 60/264  loss=0.4367
  batch 70/264  loss=0.4566
  batch 80/264  loss=0.4985
  batch 90/264  loss=0.3624
  batch 100/264  loss=0.4298
  batch 110/264  loss=0.5966
  batch 120/264  loss=0.3499
  batch 130/264  loss=0.3775
  batch 140/264  loss=0.4903
  batch 150/264  loss=0.3129
  batch 160/264  loss=0.3508
  batch 170/264  loss=0.3251
  batch 180/264  loss=0.3361
  batch 190/264  loss=0.4278
  batch 200/264  loss=0.3229
  batch 210/264  loss=0.4160
  batch 220/264  loss=0.5546
  batch 230/264  loss=0.3503
  batch 240/264  loss=0.3163
  batch 250/264  loss=0.4866
  batch 260/264  loss=0.3987
Epoch 168/300  train=3.857e-01  rmse=2.8014  lr=1.0e-04  230s
  batch 10/264  loss=0.2940
  batch 20/264  loss=0.3316
  batch 30/264  loss=0.3841
  batch 40/264  loss=0.4106
  batch 50/264  loss=0.3686
  batch 60/264  loss=0.3058
  batch 70/264  loss=0.4199
  batch 80/264  loss=0.3601
  batch 90/264  loss=0.3837
  batch 100/264  loss=0.3385
  batch 110/264  loss=0.4657
  batch 120/264  loss=0.3806
  batch 130/264  loss=0.4176
  batch 140/264  loss=0.4366
  batch 150/264  loss=0.7242
  batch 160/264  loss=0.3597
  batch 170/264  loss=0.3314
  batch 180/264  loss=0.4995
  batch 190/264  loss=0.3646
  batch 200/264  loss=0.3258
  batch 210/264  loss=0.3500
  batch 220/264  loss=0.2703
  batch 230/264  loss=0.3679
  batch 240/264  loss=0.4630
  batch 250/264  loss=0.5560
  batch 260/264  loss=0.8196
Epoch 169/300  train=3.882e-01  rmse=2.8377  lr=1.0e-04  228s
  batch 10/264  loss=0.3445
  batch 20/264  loss=0.3701
  batch 30/264  loss=0.3347
  batch 40/264  loss=0.5462
  batch 50/264  loss=0.3543
  batch 60/264  loss=0.4416
  batch 70/264  loss=0.2941
  batch 80/264  loss=0.3050
  batch 90/264  loss=0.3642
  batch 100/264  loss=0.3038
  batch 110/264  loss=0.3246
  batch 120/264  loss=0.3886
  batch 130/264  loss=0.4185
  batch 140/264  loss=0.3104
  batch 150/264  loss=0.3900
  batch 160/264  loss=0.3573
  batch 170/264  loss=0.3552
  batch 180/264  loss=0.5496
  batch 190/264  loss=0.4242
  batch 200/264  loss=0.3317
  batch 210/264  loss=0.3893
  batch 220/264  loss=0.3337
  batch 230/264  loss=0.5058
  batch 240/264  loss=0.4346
  batch 250/264  loss=0.3983
  batch 260/264  loss=0.4221
Epoch 170/300  train=3.840e-01  rmse=8.2006  lr=1.0e-04  227s
  -> best  monitor=3.840e-01
  batch 10/264  loss=0.3318
  batch 20/264  loss=0.3911
  batch 30/264  loss=0.3610
  batch 40/264  loss=0.3627
  batch 50/264  loss=0.3318
  batch 60/264  loss=0.3745
  batch 70/264  loss=0.3444
  batch 80/264  loss=0.2853
  batch 90/264  loss=0.5078
  batch 100/264  loss=0.3352
  batch 110/264  loss=0.3426
  batch 120/264  loss=0.3671
  batch 130/264  loss=0.3356
  batch 140/264  loss=0.3365
  batch 150/264  loss=0.3733
  batch 160/264  loss=0.4249
  batch 170/264  loss=0.3118
  batch 180/264  loss=0.3003
  batch 190/264  loss=0.3086
  batch 200/264  loss=0.4584
  batch 210/264  loss=0.3565
  batch 220/264  loss=0.3845
  batch 230/264  loss=0.3843
  batch 240/264  loss=0.5787
  batch 250/264  loss=0.3492
  batch 260/264  loss=0.3529
Epoch 171/300  train=3.854e-01  rmse=3.8442  lr=1.0e-04  227s
  batch 10/264  loss=0.3508
  batch 20/264  loss=0.4010
  batch 30/264  loss=0.3843
  batch 40/264  loss=0.3781
  batch 50/264  loss=0.3329
  batch 60/264  loss=0.3239
  batch 70/264  loss=0.2970
  batch 80/264  loss=0.2643
  batch 90/264  loss=0.2815
  batch 100/264  loss=0.3543
  batch 110/264  loss=0.3581
  batch 120/264  loss=0.3805
  batch 130/264  loss=0.3437
  batch 140/264  loss=0.5422
  batch 150/264  loss=0.3522
  batch 160/264  loss=0.4848
  batch 170/264  loss=0.3488
  batch 180/264  loss=0.2851
  batch 190/264  loss=0.3257
  batch 200/264  loss=0.3306
  batch 210/264  loss=0.3455
  batch 220/264  loss=0.3624
  batch 230/264  loss=0.4530
  batch 240/264  loss=0.2911
  batch 250/264  loss=0.4409
  batch 260/264  loss=0.3587
Epoch 172/300  train=3.885e-01  rmse=2.3600  lr=1.0e-04  228s
  batch 10/264  loss=0.5073
  batch 20/264  loss=0.2907
  batch 30/264  loss=0.4076
  batch 40/264  loss=0.2960
  batch 50/264  loss=0.3866
  batch 60/264  loss=0.4182
  batch 70/264  loss=0.4133
  batch 80/264  loss=0.3537
  batch 90/264  loss=0.3545
  batch 100/264  loss=0.3227
  batch 110/264  loss=0.4161
  batch 120/264  loss=0.3322
  batch 130/264  loss=0.4821
  batch 140/264  loss=0.4041
  batch 150/264  loss=0.3884
  batch 160/264  loss=0.4057
  batch 170/264  loss=0.2971
  batch 180/264  loss=0.3196
  batch 190/264  loss=0.2932
  batch 200/264  loss=0.3140
  batch 210/264  loss=0.3798
  batch 220/264  loss=0.3702
  batch 230/264  loss=0.3871
  batch 240/264  loss=0.3646
  batch 250/264  loss=0.5422
  batch 260/264  loss=0.3891
Epoch 173/300  train=3.871e-01  rmse=22.2630  lr=1.0e-04  228s
  batch 10/264  loss=0.3659
  batch 20/264  loss=0.3373
  batch 30/264  loss=0.3442
  batch 40/264  loss=0.2842
  batch 50/264  loss=0.3361
  batch 60/264  loss=0.3589
  batch 70/264  loss=0.4867
  batch 80/264  loss=0.3890
  batch 90/264  loss=0.3301
  batch 100/264  loss=0.3365
  batch 110/264  loss=0.3242
  batch 120/264  loss=0.3551
  batch 130/264  loss=0.5618
  batch 140/264  loss=0.3338
  batch 150/264  loss=0.5792
  batch 160/264  loss=0.3551
  batch 170/264  loss=0.3007
  batch 180/264  loss=0.3526
  batch 190/264  loss=0.3404
  batch 200/264  loss=0.3323
  batch 210/264  loss=0.5411
  batch 220/264  loss=0.4884
  batch 230/264  loss=0.3606
  batch 240/264  loss=0.3789
  batch 250/264  loss=0.3535
  batch 260/264  loss=0.3790
Epoch 174/300  train=3.819e-01  rmse=1.9049  lr=1.0e-04  228s
  -> best  monitor=3.819e-01
  batch 10/264  loss=0.3680
  batch 20/264  loss=0.5525
  batch 30/264  loss=0.5040
  batch 40/264  loss=0.4050
  batch 50/264  loss=0.4953
  batch 60/264  loss=0.3708
  batch 70/264  loss=0.3024
  batch 80/264  loss=0.3333
  batch 90/264  loss=0.3359
  batch 100/264  loss=0.2997
  batch 110/264  loss=0.3730
  batch 120/264  loss=0.5775
  batch 130/264  loss=0.5272
  batch 140/264  loss=0.3711
  batch 150/264  loss=0.3192
  batch 160/264  loss=0.3420
  batch 170/264  loss=0.4362
  batch 180/264  loss=0.3921
  batch 190/264  loss=0.3701
  batch 200/264  loss=0.3072
  batch 210/264  loss=0.3287
  batch 220/264  loss=0.3611
  batch 230/264  loss=0.4489
  batch 240/264  loss=0.3495
  batch 250/264  loss=0.3834
  batch 260/264  loss=0.5176
Epoch 175/300  train=3.809e-01  rmse=2.6108  lr=1.0e-04  227s
  -> best  monitor=3.809e-01
  batch 10/264  loss=0.3403
  batch 20/264  loss=0.3342
  batch 30/264  loss=0.4518
  batch 40/264  loss=0.4097
  batch 50/264  loss=0.2689
  batch 60/264  loss=0.3468
  batch 70/264  loss=0.3073
  batch 80/264  loss=0.4569
  batch 90/264  loss=0.2521
  batch 100/264  loss=0.3395
  batch 110/264  loss=0.3311
  batch 120/264  loss=0.3545
  batch 130/264  loss=0.3280
  batch 140/264  loss=0.4776
  batch 150/264  loss=0.3359
  batch 160/264  loss=0.4987
  batch 170/264  loss=0.2632
  batch 180/264  loss=0.4762
  batch 190/264  loss=0.3691
  batch 200/264  loss=0.3229
  batch 210/264  loss=0.4423
  batch 220/264  loss=0.3608
  batch 230/264  loss=0.3530
  batch 240/264  loss=0.2930
  batch 250/264  loss=0.4173
  batch 260/264  loss=0.3930
Epoch 176/300  train=3.917e-01  rmse=5.1123  lr=1.0e-04  233s
  batch 10/264  loss=0.5693
  batch 20/264  loss=0.3126
  batch 30/264  loss=0.3632
  batch 40/264  loss=0.5043
  batch 50/264  loss=0.3351
  batch 60/264  loss=0.3343
  batch 70/264  loss=0.4343
  batch 80/264  loss=0.3832
  batch 90/264  loss=0.3345
  batch 100/264  loss=0.2864
  batch 110/264  loss=0.3646
  batch 120/264  loss=0.4601
  batch 130/264  loss=0.3356
  batch 140/264  loss=0.4681
  batch 150/264  loss=0.3884
  batch 160/264  loss=0.3820
  batch 170/264  loss=0.3380
  batch 180/264  loss=0.4917
  batch 190/264  loss=0.2867
  batch 200/264  loss=0.3067
  batch 210/264  loss=0.4304
  batch 220/264  loss=0.2936
  batch 230/264  loss=0.2959
  batch 240/264  loss=0.3621
  batch 250/264  loss=0.3843
  batch 260/264  loss=0.2895
Epoch 177/300  train=3.844e-01  rmse=1.9751  lr=1.0e-04  235s
  batch 10/264  loss=0.2943
  batch 20/264  loss=0.3591
  batch 30/264  loss=0.3374
  batch 40/264  loss=0.3736
  batch 50/264  loss=0.3730
  batch 60/264  loss=0.3394
  batch 70/264  loss=0.5622
  batch 80/264  loss=0.3441
  batch 90/264  loss=0.3185
  batch 100/264  loss=0.5098
  batch 110/264  loss=0.3476
  batch 120/264  loss=0.3440
  batch 130/264  loss=0.3060
  batch 140/264  loss=0.3669
  batch 150/264  loss=0.4036
  batch 160/264  loss=0.2511
  batch 170/264  loss=0.5930
  batch 180/264  loss=0.3884
  batch 190/264  loss=0.4077
  batch 200/264  loss=0.4780
  batch 210/264  loss=0.3382
  batch 220/264  loss=0.4064
  batch 230/264  loss=0.5166
  batch 240/264  loss=0.5116
  batch 250/264  loss=0.4620
  batch 260/264  loss=0.2858
Epoch 178/300  train=3.834e-01  rmse=2.1723  lr=1.0e-04  235s
  batch 10/264  loss=0.3334
  batch 20/264  loss=0.4509
  batch 30/264  loss=0.5044
  batch 40/264  loss=0.4402
  batch 50/264  loss=0.2583
  batch 60/264  loss=0.3083
  batch 70/264  loss=0.3404
  batch 80/264  loss=0.3435
  batch 90/264  loss=0.3151
  batch 100/264  loss=0.3069
  batch 110/264  loss=0.4268
  batch 120/264  loss=0.4472
  batch 130/264  loss=0.3740
  batch 140/264  loss=0.3591
  batch 150/264  loss=0.3784
  batch 160/264  loss=0.3332
  batch 170/264  loss=0.3531
  batch 180/264  loss=0.3134
  batch 190/264  loss=0.4060
  batch 200/264  loss=0.3307
  batch 210/264  loss=0.3768
  batch 220/264  loss=0.4529
  batch 230/264  loss=0.3751
  batch 240/264  loss=0.3680
  batch 250/264  loss=0.4525
  batch 260/264  loss=0.3220
Epoch 179/300  train=3.781e-01  rmse=2.5839  lr=1.0e-04  236s
  -> best  monitor=3.781e-01
  batch 10/264  loss=0.3666
  batch 20/264  loss=0.4662
  batch 30/264  loss=0.3930
  batch 40/264  loss=0.2763
  batch 50/264  loss=0.3955
  batch 60/264  loss=0.3921
  batch 70/264  loss=0.5817
  batch 80/264  loss=0.3265
  batch 90/264  loss=0.3133
  batch 100/264  loss=0.2898
  batch 110/264  loss=0.4293
  batch 120/264  loss=0.3040
  batch 130/264  loss=0.3959
  batch 140/264  loss=0.3031
  batch 150/264  loss=0.3786
  batch 160/264  loss=0.3850
  batch 170/264  loss=0.3691
  batch 180/264  loss=0.2994
  batch 190/264  loss=0.4597
  batch 200/264  loss=0.2884
  batch 210/264  loss=0.4712
  batch 220/264  loss=0.3663
  batch 230/264  loss=0.3954
  batch 240/264  loss=0.3769
  batch 250/264  loss=0.3841
  batch 260/264  loss=0.3136
Epoch 180/300  train=3.730e-01  rmse=3.3157  lr=1.0e-04  236s
  -> best  monitor=3.730e-01
  batch 10/264  loss=0.4388
  batch 20/264  loss=0.3893
  batch 30/264  loss=0.4311
  batch 40/264  loss=0.3198
  batch 50/264  loss=0.3678
  batch 60/264  loss=0.3103
  batch 70/264  loss=0.4742
  batch 80/264  loss=0.3054
  batch 90/264  loss=0.3187
  batch 100/264  loss=0.3111
  batch 110/264  loss=0.3969
  batch 120/264  loss=0.2908
  batch 130/264  loss=0.3457
  batch 140/264  loss=0.2907
  batch 150/264  loss=0.3774
  batch 160/264  loss=0.3731
  batch 170/264  loss=0.3770
  batch 180/264  loss=0.3330
  batch 190/264  loss=0.3356
  batch 200/264  loss=0.3336
  batch 210/264  loss=0.4018
  batch 220/264  loss=0.2996
  batch 230/264  loss=0.4372
  batch 240/264  loss=0.3336
  batch 250/264  loss=0.3585
  batch 260/264  loss=0.3333
Epoch 181/300  train=3.807e-01  rmse=2.8291  lr=1.0e-04  237s
  batch 10/264  loss=0.3228
  batch 20/264  loss=0.2842
  batch 30/264  loss=0.3515
  batch 40/264  loss=0.3371
  batch 50/264  loss=0.4845
  batch 60/264  loss=0.3720
  batch 70/264  loss=0.3266
  batch 80/264  loss=0.5420
  batch 90/264  loss=0.2990
  batch 100/264  loss=0.3155
  batch 110/264  loss=0.3598
  batch 120/264  loss=0.4605
  batch 130/264  loss=0.3476
  batch 140/264  loss=0.4103
  batch 150/264  loss=0.3651
  batch 160/264  loss=0.4084
  batch 170/264  loss=0.3390
  batch 180/264  loss=0.4894
  batch 190/264  loss=0.3902
  batch 200/264  loss=0.4832
  batch 210/264  loss=0.3668
  batch 220/264  loss=0.8676
  batch 230/264  loss=0.4950
  batch 240/264  loss=0.5712
  batch 250/264  loss=0.4017
  batch 260/264  loss=0.4109
Epoch 182/300  train=3.844e-01  rmse=2.1599  lr=1.0e-04  235s
  batch 10/264  loss=0.3862
  batch 20/264  loss=0.4134
  batch 30/264  loss=0.3221
  batch 40/264  loss=0.3036
  batch 50/264  loss=0.3543
  batch 60/264  loss=0.3238
  batch 70/264  loss=0.4701
  batch 80/264  loss=0.3834
  batch 90/264  loss=0.4947
  batch 100/264  loss=0.3152
  batch 110/264  loss=0.3462
  batch 120/264  loss=0.4019
  batch 130/264  loss=0.3388
  batch 140/264  loss=0.3303
  batch 150/264  loss=0.3051
  batch 160/264  loss=0.2927
  batch 170/264  loss=0.4005
  batch 180/264  loss=0.3820
  batch 190/264  loss=0.4308
  batch 200/264  loss=0.3259
  batch 210/264  loss=0.3624
  batch 220/264  loss=0.3408
  batch 230/264  loss=0.4328
  batch 240/264  loss=0.3211
  batch 250/264  loss=0.2915
  batch 260/264  loss=0.3100
Epoch 183/300  train=3.744e-01  rmse=2.9538  lr=1.0e-04  237s
  batch 10/264  loss=0.2927
  batch 20/264  loss=0.2902
  batch 30/264  loss=0.3107
  batch 40/264  loss=0.3854
  batch 50/264  loss=0.4103
  batch 60/264  loss=0.3565
  batch 70/264  loss=0.3289
  batch 80/264  loss=0.3119
  batch 90/264  loss=0.4221
  batch 100/264  loss=0.5965
  batch 110/264  loss=0.3813
  batch 120/264  loss=0.3695
  batch 130/264  loss=0.4097
  batch 140/264  loss=0.3705
  batch 150/264  loss=0.3441
  batch 160/264  loss=0.4460
  batch 170/264  loss=0.3116
  batch 180/264  loss=0.3292
  batch 190/264  loss=0.3533
  batch 200/264  loss=0.3409
  batch 210/264  loss=0.3988
  batch 220/264  loss=0.3508
  batch 230/264  loss=0.3507
  batch 240/264  loss=0.4134
  batch 250/264  loss=0.3240
  batch 260/264  loss=0.3781
Epoch 184/300  train=3.789e-01  rmse=1.8140  lr=1.0e-04  237s
  batch 10/264  loss=0.2993
  batch 20/264  loss=0.3546
  batch 30/264  loss=0.3501
  batch 40/264  loss=0.6045
  batch 50/264  loss=0.3652
  batch 60/264  loss=0.3705
  batch 70/264  loss=0.5562
  batch 80/264  loss=0.3361
  batch 90/264  loss=0.3307
  batch 100/264  loss=0.4537
  batch 110/264  loss=0.4022
  batch 120/264  loss=0.4702
  batch 130/264  loss=0.4414
  batch 140/264  loss=0.3908
  batch 150/264  loss=0.3474
  batch 160/264  loss=0.3752
  batch 170/264  loss=0.3030
  batch 180/264  loss=0.4410
  batch 190/264  loss=0.3149
  batch 200/264  loss=0.2886
  batch 210/264  loss=0.3742
  batch 220/264  loss=0.6224
  batch 230/264  loss=0.3081
  batch 240/264  loss=0.2662
  batch 250/264  loss=0.4845
  batch 260/264  loss=0.2903
Epoch 185/300  train=3.798e-01  rmse=4.4422  lr=1.0e-04  236s
  batch 10/264  loss=0.3518
  batch 20/264  loss=0.3859
  batch 30/264  loss=0.3084
  batch 40/264  loss=0.3387
  batch 50/264  loss=0.3783
  batch 60/264  loss=0.3279
  batch 70/264  loss=0.2636
  batch 80/264  loss=0.4224
  batch 90/264  loss=0.3620
  batch 100/264  loss=0.4097
  batch 110/264  loss=0.3420
  batch 120/264  loss=0.3552
  batch 130/264  loss=0.3449
  batch 140/264  loss=0.2948
  batch 150/264  loss=0.3546
  batch 160/264  loss=0.3205
  batch 170/264  loss=0.3266
  batch 180/264  loss=0.3227
  batch 190/264  loss=0.3333
  batch 200/264  loss=0.3276
  batch 210/264  loss=0.4137
  batch 220/264  loss=0.3055
  batch 230/264  loss=0.3690
  batch 240/264  loss=0.3588
  batch 250/264  loss=0.3224
  batch 260/264  loss=0.4134
Epoch 186/300  train=3.742e-01  rmse=6.3762  lr=1.0e-04  236s
  batch 10/264  loss=0.3263
  batch 20/264  loss=0.3758
  batch 30/264  loss=0.4231
  batch 40/264  loss=0.3031
  batch 50/264  loss=0.3307
  batch 60/264  loss=0.4478
  batch 70/264  loss=0.4321
  batch 80/264  loss=0.3395
  batch 90/264  loss=0.3417
  batch 100/264  loss=0.2824
  batch 110/264  loss=0.3107
  batch 120/264  loss=0.3661
  batch 130/264  loss=0.5940
  batch 140/264  loss=0.2849
  batch 150/264  loss=0.4317
  batch 160/264  loss=0.4117
  batch 170/264  loss=0.3141
  batch 180/264  loss=0.3678
  batch 190/264  loss=0.4032
  batch 200/264  loss=0.3155
  batch 210/264  loss=0.4261
  batch 220/264  loss=0.3503
  batch 230/264  loss=0.3165
  batch 240/264  loss=0.4202
  batch 250/264  loss=0.3106
  batch 260/264  loss=0.3669
Epoch 187/300  train=3.775e-01  rmse=3.4386  lr=1.0e-04  236s
  batch 10/264  loss=0.3364
  batch 20/264  loss=0.5150
  batch 30/264  loss=0.3259
  batch 40/264  loss=0.2971
  batch 50/264  loss=0.3261
  batch 60/264  loss=0.3103
  batch 70/264  loss=0.3266
  batch 80/264  loss=0.3574
  batch 90/264  loss=0.4007
  batch 100/264  loss=0.3240
  batch 110/264  loss=0.3096
  batch 120/264  loss=0.2878
  batch 130/264  loss=0.3059
  batch 140/264  loss=0.5275
  batch 150/264  loss=0.3335
  batch 160/264  loss=0.4036
  batch 170/264  loss=0.3270
  batch 180/264  loss=0.3491
  batch 190/264  loss=0.3132
  batch 200/264  loss=0.3402
  batch 210/264  loss=0.3959
  batch 220/264  loss=0.3141
  batch 230/264  loss=0.3065
  batch 240/264  loss=0.4460
  batch 250/264  loss=0.2960
  batch 260/264  loss=0.3421
Epoch 188/300  train=3.748e-01  rmse=2.3291  lr=1.0e-04  233s
  batch 10/264  loss=0.5175
  batch 20/264  loss=0.3247
  batch 30/264  loss=0.3883
  batch 40/264  loss=0.3846
  batch 50/264  loss=0.3130
  batch 60/264  loss=0.3666
  batch 70/264  loss=0.5285
  batch 80/264  loss=0.4541
  batch 90/264  loss=0.3117
  batch 100/264  loss=0.3366
  batch 110/264  loss=0.3508
  batch 120/264  loss=0.3598
  batch 130/264  loss=0.3550
  batch 140/264  loss=0.3352
  batch 150/264  loss=0.3127
  batch 160/264  loss=0.4624
  batch 170/264  loss=0.3361
  batch 180/264  loss=0.3640
  batch 190/264  loss=0.2934
  batch 200/264  loss=0.3685
  batch 210/264  loss=0.4218
  batch 220/264  loss=0.2742
  batch 230/264  loss=0.3431
  batch 240/264  loss=0.5685
  batch 250/264  loss=0.4108
  batch 260/264  loss=0.3577
Epoch 189/300  train=3.821e-01  rmse=2.8155  lr=1.0e-04  235s
  batch 10/264  loss=0.3259
  batch 20/264  loss=0.5014
  batch 30/264  loss=0.2831
  batch 40/264  loss=0.3397
  batch 50/264  loss=0.2857
  batch 60/264  loss=0.3117
  batch 70/264  loss=0.4549
  batch 80/264  loss=0.4188
  batch 90/264  loss=0.3848
  batch 100/264  loss=0.3620
  batch 110/264  loss=0.3809
  batch 120/264  loss=0.3535
  batch 130/264  loss=0.4459
  batch 140/264  loss=0.3690
  batch 150/264  loss=0.3394
  batch 160/264  loss=0.4545
  batch 170/264  loss=0.3455
  batch 180/264  loss=0.3307
  batch 190/264  loss=0.3096
  batch 200/264  loss=0.3060
  batch 210/264  loss=0.2788
  batch 220/264  loss=0.2728
  batch 230/264  loss=0.6089
  batch 240/264  loss=0.3064
  batch 250/264  loss=0.3360
  batch 260/264  loss=0.3822
Epoch 190/300  train=3.761e-01  rmse=2.1179  lr=1.0e-04  235s
  batch 10/264  loss=0.3651
  batch 20/264  loss=0.3623
  batch 30/264  loss=0.2743
  batch 40/264  loss=0.3713
  batch 50/264  loss=0.5501
  batch 60/264  loss=0.3535
  batch 70/264  loss=0.2900
  batch 80/264  loss=0.3575
  batch 90/264  loss=0.3453
  batch 100/264  loss=0.3795
  batch 110/264  loss=0.3392
  batch 120/264  loss=0.3497
  batch 130/264  loss=0.4088
  batch 140/264  loss=0.3626
  batch 150/264  loss=0.3629
  batch 160/264  loss=0.3017
  batch 170/264  loss=0.3271
  batch 180/264  loss=0.5567
  batch 190/264  loss=0.3203
  batch 200/264  loss=0.3718
  batch 210/264  loss=0.3649
  batch 220/264  loss=0.3261
  batch 230/264  loss=0.5579
  batch 240/264  loss=0.3615
  batch 250/264  loss=0.3148
  batch 260/264  loss=0.3733
Epoch 191/300  train=3.763e-01  rmse=3.9210  lr=5.0e-05  235s
  batch 10/264  loss=0.3805
  batch 20/264  loss=0.3357
  batch 30/264  loss=0.3257
  batch 40/264  loss=0.3971
  batch 50/264  loss=0.4823
  batch 60/264  loss=0.3402
  batch 70/264  loss=0.6097
  batch 80/264  loss=0.3637
  batch 90/264  loss=0.3165
  batch 100/264  loss=0.3194
  batch 110/264  loss=0.3050
  batch 120/264  loss=0.3362
  batch 130/264  loss=0.2971
  batch 140/264  loss=0.2835
  batch 150/264  loss=0.5708
  batch 160/264  loss=0.3760
  batch 170/264  loss=0.5389
  batch 180/264  loss=0.3933
  batch 190/264  loss=0.2957
  batch 200/264  loss=0.4318
  batch 210/264  loss=0.3376
  batch 220/264  loss=0.3568
  batch 230/264  loss=0.4779
  batch 240/264  loss=0.4583
  batch 250/264  loss=0.3008
  batch 260/264  loss=0.3901
Epoch 192/300  train=3.676e-01  rmse=2.0109  lr=5.0e-05  236s
  -> best  monitor=3.676e-01
  batch 10/264  loss=0.4264
  batch 20/264  loss=0.3437
  batch 30/264  loss=0.3356
  batch 40/264  loss=0.3580
  batch 50/264  loss=0.2931
  batch 60/264  loss=0.3159
  batch 70/264  loss=0.3096
  batch 80/264  loss=0.3554
  batch 90/264  loss=0.4068
  batch 100/264  loss=0.3349
  batch 110/264  loss=0.3714
  batch 120/264  loss=0.3764
  batch 130/264  loss=0.3099
  batch 140/264  loss=0.2835
  batch 150/264  loss=0.3314
  batch 160/264  loss=0.3096
  batch 170/264  loss=0.4216
  batch 180/264  loss=0.6209
  batch 190/264  loss=0.3256
  batch 200/264  loss=0.3842
  batch 210/264  loss=0.3161
  batch 220/264  loss=0.3574
  batch 230/264  loss=0.4110
  batch 240/264  loss=0.3353
  batch 250/264  loss=0.3554
  batch 260/264  loss=0.3854
Epoch 193/300  train=3.584e-01  rmse=4.8366  lr=5.0e-05  235s
  -> best  monitor=3.584e-01
  batch 10/264  loss=0.3102
  batch 20/264  loss=0.3170
  batch 30/264  loss=0.3574
  batch 40/264  loss=0.3509
  batch 50/264  loss=0.4495
  batch 60/264  loss=0.2963
  batch 70/264  loss=0.3751
  batch 80/264  loss=0.3425
  batch 90/264  loss=0.3396
  batch 100/264  loss=0.4245
  batch 110/264  loss=0.2854
  batch 120/264  loss=0.3987
  batch 130/264  loss=0.3479
  batch 140/264  loss=0.5492
  batch 150/264  loss=0.5329
  batch 160/264  loss=0.3034
  batch 170/264  loss=0.3765
  batch 180/264  loss=0.2742
  batch 190/264  loss=0.2966
  batch 200/264  loss=0.3311
  batch 210/264  loss=0.3821
  batch 220/264  loss=0.3981
  batch 230/264  loss=0.3230
  batch 240/264  loss=0.3464
  batch 250/264  loss=0.3497
  batch 260/264  loss=0.3306
Epoch 194/300  train=3.611e-01  rmse=2.3267  lr=5.0e-05  235s
  batch 10/264  loss=0.3569
  batch 20/264  loss=0.4738
  batch 30/264  loss=0.2840
  batch 40/264  loss=0.3766
  batch 50/264  loss=0.3026
  batch 60/264  loss=0.3360
  batch 70/264  loss=0.3377
  batch 80/264  loss=0.3426
  batch 90/264  loss=0.4162
  batch 100/264  loss=0.4531
  batch 110/264  loss=0.2987
  batch 120/264  loss=0.2737
  batch 130/264  loss=0.3325
  batch 140/264  loss=0.5957
  batch 150/264  loss=0.3107
  batch 160/264  loss=0.3458
  batch 170/264  loss=0.3902
  batch 180/264  loss=0.3966
  batch 190/264  loss=0.3400
  batch 200/264  loss=0.3106
  batch 210/264  loss=0.3076
  batch 220/264  loss=0.3565
  batch 230/264  loss=0.3089
  batch 240/264  loss=0.4219
  batch 250/264  loss=0.2526
  batch 260/264  loss=0.2934
Epoch 195/300  train=3.575e-01  rmse=2.5485  lr=5.0e-05  236s
  -> best  monitor=3.575e-01
  batch 10/264  loss=0.3661
  batch 20/264  loss=0.2820
  batch 30/264  loss=0.4681
  batch 40/264  loss=0.2792
  batch 50/264  loss=0.3679
  batch 60/264  loss=0.3599
  batch 70/264  loss=0.3721
  batch 80/264  loss=0.3166
  batch 90/264  loss=0.3856
  batch 100/264  loss=0.3137
  batch 110/264  loss=0.3633
  batch 120/264  loss=0.2840
  batch 130/264  loss=0.3508
  batch 140/264  loss=0.3494
  batch 150/264  loss=0.3055
  batch 160/264  loss=0.4725
  batch 170/264  loss=0.5051
  batch 180/264  loss=0.3280
  batch 190/264  loss=0.2796
  batch 200/264  loss=0.2934
  batch 210/264  loss=0.4406
  batch 220/264  loss=0.3746
  batch 230/264  loss=0.3719
  batch 240/264  loss=0.3475
  batch 250/264  loss=0.4635
  batch 260/264  loss=0.3408
Epoch 196/300  train=3.585e-01  rmse=2.4997  lr=5.0e-05  236s
  batch 10/264  loss=0.3368
  batch 20/264  loss=0.2815
  batch 30/264  loss=0.2620
  batch 40/264  loss=0.3766
  batch 50/264  loss=0.3992
  batch 60/264  loss=0.3541
  batch 70/264  loss=0.3468
  batch 80/264  loss=0.4869
  batch 90/264  loss=0.4359
  batch 100/264  loss=0.3529
  batch 110/264  loss=0.3142
  batch 120/264  loss=0.2992
  batch 130/264  loss=0.6902
  batch 140/264  loss=0.4424
  batch 150/264  loss=0.4346
  batch 160/264  loss=0.3254
  batch 170/264  loss=0.3937
  batch 180/264  loss=0.2924
  batch 190/264  loss=0.2696
  batch 200/264  loss=0.3488
  batch 210/264  loss=0.3557
  batch 220/264  loss=0.3250
  batch 230/264  loss=0.3915
  batch 240/264  loss=0.4093
  batch 250/264  loss=0.3337
  batch 260/264  loss=0.3498
Epoch 197/300  train=3.630e-01  rmse=2.4365  lr=5.0e-05  237s
  batch 10/264  loss=0.3554
  batch 20/264  loss=0.2751
  batch 30/264  loss=0.3498
  batch 40/264  loss=0.3121
  batch 50/264  loss=0.3623
  batch 60/264  loss=0.3371
  batch 70/264  loss=0.2974
  batch 80/264  loss=0.4436
  batch 90/264  loss=0.2979
  batch 100/264  loss=0.2923
  batch 110/264  loss=0.3158
  batch 120/264  loss=0.2720
  batch 130/264  loss=0.3647
  batch 140/264  loss=0.3186
  batch 150/264  loss=0.3635
  batch 160/264  loss=0.2784
  batch 170/264  loss=0.4255
  batch 180/264  loss=0.4988
  batch 190/264  loss=0.3508
  batch 200/264  loss=0.4087
  batch 210/264  loss=0.4042
  batch 220/264  loss=0.4006
  batch 230/264  loss=0.3239
  batch 240/264  loss=0.4060
  batch 250/264  loss=0.3106
  batch 260/264  loss=0.3077
Epoch 198/300  train=3.559e-01  rmse=3.3257  lr=5.0e-05  235s
  -> best  monitor=3.559e-01
  batch 10/264  loss=0.2707
  batch 20/264  loss=0.3950
  batch 30/264  loss=0.4098
  batch 40/264  loss=0.3894
  batch 50/264  loss=0.4390
  batch 60/264  loss=0.3057
  batch 70/264  loss=0.3028
  batch 80/264  loss=0.3079
  batch 90/264  loss=0.3048
  batch 100/264  loss=0.2888
  batch 110/264  loss=0.3714
  batch 120/264  loss=0.3630
  batch 130/264  loss=0.3398
  batch 140/264  loss=0.3987
  batch 150/264  loss=0.3099
  batch 160/264  loss=0.4792
  batch 170/264  loss=0.3048
  batch 180/264  loss=0.3054
  batch 190/264  loss=0.5013
  batch 200/264  loss=0.3341
  batch 210/264  loss=0.3178
  batch 220/264  loss=0.3572
  batch 230/264  loss=0.2617
  batch 240/264  loss=0.3413
  batch 250/264  loss=0.3696
  batch 260/264  loss=0.3810
Epoch 199/300  train=3.621e-01  rmse=3.8761  lr=5.0e-05  235s
  batch 10/264  loss=0.4245
  batch 20/264  loss=0.4166
  batch 30/264  loss=0.3607
  batch 40/264  loss=0.4538
  batch 50/264  loss=0.3353
  batch 60/264  loss=0.4958
  batch 70/264  loss=0.4532
  batch 80/264  loss=0.3127
  batch 90/264  loss=0.3783
  batch 100/264  loss=0.2941
  batch 110/264  loss=0.3120
  batch 120/264  loss=0.5008
  batch 130/264  loss=0.3966
  batch 140/264  loss=0.3258
  batch 150/264  loss=0.3535
  batch 160/264  loss=0.3393
  batch 170/264  loss=0.4301
  batch 180/264  loss=0.2847
  batch 190/264  loss=0.3022
  batch 200/264  loss=0.5182
  batch 210/264  loss=0.5482
  batch 220/264  loss=0.4402
  batch 230/264  loss=0.3753
  batch 240/264  loss=0.3260
  batch 250/264  loss=0.3416
  batch 260/264  loss=0.2855
Epoch 200/300  train=3.581e-01  rmse=9.6002  lr=5.0e-05  233s
  batch 10/264  loss=0.2955
  batch 20/264  loss=0.3478
  batch 30/264  loss=0.3230
  batch 40/264  loss=0.3691
  batch 50/264  loss=0.4033
  batch 60/264  loss=0.2950
  batch 70/264  loss=0.3300
  batch 80/264  loss=0.3948
  batch 90/264  loss=0.3944
  batch 100/264  loss=0.3869
  batch 110/264  loss=0.3119
  batch 120/264  loss=0.3665
  batch 130/264  loss=0.3196
  batch 140/264  loss=0.3378
  batch 150/264  loss=0.3306
  batch 160/264  loss=0.3576
  batch 170/264  loss=0.4452
  batch 180/264  loss=0.4190
  batch 190/264  loss=0.3337
  batch 200/264  loss=0.4425
  batch 210/264  loss=0.2964
  batch 220/264  loss=0.4098
  batch 230/264  loss=0.2729
  batch 240/264  loss=0.3744
  batch 250/264  loss=0.3106
  batch 260/264  loss=0.2939
Epoch 201/300  train=3.582e-01  rmse=2.5405  lr=5.0e-05  233s
  batch 10/264  loss=0.3147
  batch 20/264  loss=0.4120
  batch 30/264  loss=0.3851
  batch 40/264  loss=0.3626
  batch 50/264  loss=0.3804
  batch 60/264  loss=0.3089
  batch 70/264  loss=0.3669
  batch 80/264  loss=0.5200
  batch 90/264  loss=0.2871
  batch 100/264  loss=0.4146
  batch 110/264  loss=0.2505
  batch 120/264  loss=0.3245
  batch 130/264  loss=0.2680
  batch 140/264  loss=0.4617
  batch 150/264  loss=0.3798
  batch 160/264  loss=0.3343
  batch 170/264  loss=0.4390
  batch 180/264  loss=0.3866
  batch 190/264  loss=0.2792
  batch 200/264  loss=0.2940
  batch 210/264  loss=0.3270
  batch 220/264  loss=0.4012
  batch 230/264  loss=0.3997
  batch 240/264  loss=0.2657
  batch 250/264  loss=0.4275
  batch 260/264  loss=0.4067
Epoch 202/300  train=3.568e-01  rmse=2.6016  lr=5.0e-05  229s
  batch 10/264  loss=0.3769
  batch 20/264  loss=0.4541
  batch 30/264  loss=0.3600
  batch 40/264  loss=0.3128
  batch 50/264  loss=0.3652
  batch 60/264  loss=0.3650
  batch 70/264  loss=0.3703
  batch 80/264  loss=0.4594
  batch 90/264  loss=0.2833
  batch 100/264  loss=0.3030
  batch 110/264  loss=0.2867
  batch 120/264  loss=0.4654
  batch 130/264  loss=0.3724
  batch 140/264  loss=0.3345
  batch 150/264  loss=0.3287
  batch 160/264  loss=0.3191
  batch 170/264  loss=0.2585
  batch 180/264  loss=0.3566
  batch 190/264  loss=0.4766
  batch 200/264  loss=0.2664
  batch 210/264  loss=0.3038
  batch 220/264  loss=0.3750
  batch 230/264  loss=0.4195
  batch 240/264  loss=0.3002
  batch 250/264  loss=0.3921
  batch 260/264  loss=0.2980
Epoch 203/300  train=3.572e-01  rmse=2.4649  lr=5.0e-05  229s
  batch 10/264  loss=0.3052
  batch 20/264  loss=0.3537
  batch 30/264  loss=0.3239
  batch 40/264  loss=0.3135
  batch 50/264  loss=0.3740
  batch 60/264  loss=0.2890
  batch 70/264  loss=0.3431
  batch 80/264  loss=0.3264
  batch 90/264  loss=0.2911
  batch 100/264  loss=0.4369
  batch 110/264  loss=0.2936
  batch 120/264  loss=0.3489
  batch 130/264  loss=0.4113
  batch 140/264  loss=0.4520
  batch 150/264  loss=0.4564
  batch 160/264  loss=0.4165
  batch 170/264  loss=0.3258
  batch 180/264  loss=0.2985
  batch 190/264  loss=0.4123
  batch 200/264  loss=0.3163
  batch 210/264  loss=0.3292
  batch 220/264  loss=0.4185
  batch 230/264  loss=0.2727
  batch 240/264  loss=0.3376
  batch 250/264  loss=0.3365
  batch 260/264  loss=0.3011
Epoch 204/300  train=3.597e-01  rmse=2.3046  lr=5.0e-05  229s
  batch 10/264  loss=0.3312
  batch 20/264  loss=0.3729
  batch 30/264  loss=0.3531
  batch 40/264  loss=0.3785
  batch 50/264  loss=0.4127
  batch 60/264  loss=0.3146
  batch 70/264  loss=0.4000
  batch 80/264  loss=0.3666
  batch 90/264  loss=0.3387
  batch 100/264  loss=0.3785
  batch 110/264  loss=0.3466
  batch 120/264  loss=0.3162
  batch 130/264  loss=0.3878
  batch 140/264  loss=0.3434
  batch 150/264  loss=0.4073
  batch 160/264  loss=0.2937
  batch 170/264  loss=0.3150
  batch 180/264  loss=0.4849
  batch 190/264  loss=0.3085
  batch 200/264  loss=0.3189
  batch 210/264  loss=0.3506
  batch 220/264  loss=0.3302
  batch 230/264  loss=0.5360
  batch 240/264  loss=0.2676
  batch 250/264  loss=0.4199
  batch 260/264  loss=0.5127
Epoch 205/300  train=3.563e-01  rmse=5.6462  lr=5.0e-05  228s
  batch 10/264  loss=0.3316
  batch 20/264  loss=0.3544
  batch 30/264  loss=0.3358
  batch 40/264  loss=0.3157
  batch 50/264  loss=0.2633
  batch 60/264  loss=0.3964
  batch 70/264  loss=0.2777
  batch 80/264  loss=0.3526
  batch 90/264  loss=0.3673
  batch 100/264  loss=0.2979
  batch 110/264  loss=0.4255
  batch 120/264  loss=0.4226
  batch 130/264  loss=0.4612
  batch 140/264  loss=0.4720
  batch 150/264  loss=0.3453
  batch 160/264  loss=0.3807
  batch 170/264  loss=0.4798
  batch 180/264  loss=0.3131
  batch 190/264  loss=0.3118
  batch 200/264  loss=0.3271
  batch 210/264  loss=0.2946
  batch 220/264  loss=0.3113
  batch 230/264  loss=0.3139
  batch 240/264  loss=0.3644
  batch 250/264  loss=0.3559
  batch 260/264  loss=0.3365
Epoch 206/300  train=3.586e-01  rmse=2.2664  lr=5.0e-05  228s
  batch 10/264  loss=0.3465
  batch 20/264  loss=0.3381
  batch 30/264  loss=0.3392
  batch 40/264  loss=0.2841
  batch 50/264  loss=0.2954
  batch 60/264  loss=0.4186
  batch 70/264  loss=0.6123
  batch 80/264  loss=0.2958
  batch 90/264  loss=0.3290
  batch 100/264  loss=0.4745
  batch 110/264  loss=0.4960
  batch 120/264  loss=0.2906
  batch 130/264  loss=0.3122
  batch 140/264  loss=0.3385
  batch 150/264  loss=0.3486
  batch 160/264  loss=0.2999
  batch 170/264  loss=0.4844
  batch 180/264  loss=0.2960
  batch 190/264  loss=0.3555
  batch 200/264  loss=0.3182
  batch 210/264  loss=0.3302
  batch 220/264  loss=0.3407
  batch 230/264  loss=0.3871
  batch 240/264  loss=0.4438
  batch 250/264  loss=0.3614
  batch 260/264  loss=0.2986
Epoch 207/300  train=3.602e-01  rmse=3.4970  lr=5.0e-05  227s
  batch 10/264  loss=0.3137
  batch 20/264  loss=0.3115
  batch 30/264  loss=0.3954
  batch 40/264  loss=0.4430
  batch 50/264  loss=0.3201
  batch 60/264  loss=0.2720
  batch 70/264  loss=0.3985
  batch 80/264  loss=0.2949
  batch 90/264  loss=0.4221
  batch 100/264  loss=0.4125
  batch 110/264  loss=0.3684
  batch 120/264  loss=0.3491
  batch 130/264  loss=0.2535
  batch 140/264  loss=0.3282
  batch 150/264  loss=0.4088
  batch 160/264  loss=0.4462
  batch 170/264  loss=0.4069
  batch 180/264  loss=0.6065
  batch 190/264  loss=0.2676
  batch 200/264  loss=0.4293
  batch 210/264  loss=0.2733
  batch 220/264  loss=0.3248
  batch 230/264  loss=0.3364
  batch 240/264  loss=0.3749
  batch 250/264  loss=0.3323
  batch 260/264  loss=0.3240
Epoch 208/300  train=3.547e-01  rmse=2.1267  lr=5.0e-05  228s
  -> best  monitor=3.547e-01
  batch 10/264  loss=0.3768
  batch 20/264  loss=0.4757
  batch 30/264  loss=0.2884
  batch 40/264  loss=0.4201
  batch 50/264  loss=0.3040
  batch 60/264  loss=0.3557
  batch 70/264  loss=0.3155
  batch 80/264  loss=0.3504
  batch 90/264  loss=0.2766
  batch 100/264  loss=0.3383
  batch 110/264  loss=0.2893
  batch 120/264  loss=0.3458
  batch 130/264  loss=0.3514
  batch 140/264  loss=0.3324
  batch 150/264  loss=0.3874
  batch 160/264  loss=0.2918
  batch 170/264  loss=0.2977
  batch 180/264  loss=0.3680
  batch 190/264  loss=0.4694
  batch 200/264  loss=0.3352
  batch 210/264  loss=0.3465
  batch 220/264  loss=0.3531
  batch 230/264  loss=0.3256
  batch 240/264  loss=0.4314
  batch 250/264  loss=0.3527
  batch 260/264  loss=0.3101
Epoch 209/300  train=3.536e-01  rmse=4.9940  lr=5.0e-05  228s
  -> best  monitor=3.536e-01
  batch 10/264  loss=0.3623
  batch 20/264  loss=0.3097
  batch 30/264  loss=0.2876
  batch 40/264  loss=0.3276
  batch 50/264  loss=0.3193
  batch 60/264  loss=0.3327
  batch 70/264  loss=0.3700
  batch 80/264  loss=0.3329
  batch 90/264  loss=0.3808
  batch 100/264  loss=0.3255
  batch 110/264  loss=0.3474
  batch 120/264  loss=0.3438
  batch 130/264  loss=0.3536
  batch 140/264  loss=0.3529
  batch 150/264  loss=0.3510
  batch 160/264  loss=0.4409
  batch 170/264  loss=0.3452
  batch 180/264  loss=0.3578
  batch 190/264  loss=0.4236
  batch 200/264  loss=0.5072
  batch 210/264  loss=0.4201
  batch 220/264  loss=0.3302
  batch 230/264  loss=0.3149
  batch 240/264  loss=0.2971
  batch 250/264  loss=0.2916
  batch 260/264  loss=0.2705
Epoch 210/300  train=3.567e-01  rmse=6.6182  lr=5.0e-05  228s
  batch 10/264  loss=0.3064
  batch 20/264  loss=0.4791
  batch 30/264  loss=0.3429
  batch 40/264  loss=0.3009
  batch 50/264  loss=0.4196
  batch 60/264  loss=0.4568
  batch 70/264  loss=0.2778
  batch 80/264  loss=0.4160
  batch 90/264  loss=0.4405
  batch 100/264  loss=0.4508
  batch 110/264  loss=0.3543
  batch 120/264  loss=0.3345
  batch 130/264  loss=0.2930
  batch 140/264  loss=0.3381
  batch 150/264  loss=0.3401
  batch 160/264  loss=0.4679
  batch 170/264  loss=0.3418
  batch 180/264  loss=0.3982
  batch 190/264  loss=0.3561
  batch 200/264  loss=0.3294
  batch 210/264  loss=0.2615
  batch 220/264  loss=0.3123
  batch 230/264  loss=0.3420
  batch 240/264  loss=0.4121
  batch 250/264  loss=0.3473
  batch 260/264  loss=0.3545
Epoch 211/300  train=3.566e-01  rmse=1.9235  lr=5.0e-05  229s
  batch 10/264  loss=0.4089
  batch 20/264  loss=0.3938
  batch 30/264  loss=0.2925
  batch 40/264  loss=0.3421
  batch 50/264  loss=0.3254
  batch 60/264  loss=0.2705
  batch 70/264  loss=0.2830
  batch 80/264  loss=0.3194
  batch 90/264  loss=0.2941
  batch 100/264  loss=0.4493
  batch 110/264  loss=0.3227
  batch 120/264  loss=0.3939
  batch 130/264  loss=0.2857
  batch 140/264  loss=0.3010
  batch 150/264  loss=0.3110
  batch 160/264  loss=0.4122
  batch 170/264  loss=0.3560
  batch 180/264  loss=0.2734
  batch 190/264  loss=0.3578
  batch 200/264  loss=0.2676
  batch 210/264  loss=0.4589
  batch 220/264  loss=0.3794
  batch 230/264  loss=0.3227
  batch 240/264  loss=0.2892
  batch 250/264  loss=0.3952
  batch 260/264  loss=0.4743
Epoch 212/300  train=3.557e-01  rmse=3.7689  lr=5.0e-05  227s
  batch 10/264  loss=0.3856
  batch 20/264  loss=0.3034
  batch 30/264  loss=0.2629
  batch 40/264  loss=0.3077
  batch 50/264  loss=0.3466
  batch 60/264  loss=0.3046
  batch 70/264  loss=0.3016
  batch 80/264  loss=0.3414
  batch 90/264  loss=0.4236
  batch 100/264  loss=0.3597
  batch 110/264  loss=0.3792
  batch 120/264  loss=0.2920
  batch 130/264  loss=0.3101
  batch 140/264  loss=0.3220
  batch 150/264  loss=0.2814
  batch 160/264  loss=0.2988
  batch 170/264  loss=0.3135
  batch 180/264  loss=0.3302
  batch 190/264  loss=0.3645
  batch 200/264  loss=0.3619
  batch 210/264  loss=0.3568
  batch 220/264  loss=0.2957
  batch 230/264  loss=0.3104
  batch 240/264  loss=0.3862
  batch 250/264  loss=0.4679
  batch 260/264  loss=0.2808
Epoch 213/300  train=3.538e-01  rmse=4.4792  lr=5.0e-05  228s
  batch 10/264  loss=0.4284
  batch 20/264  loss=0.3045
  batch 30/264  loss=0.2567
  batch 40/264  loss=0.3616
  batch 50/264  loss=0.2914
  batch 60/264  loss=0.3536
  batch 70/264  loss=0.4819
  batch 80/264  loss=0.4815
  batch 90/264  loss=0.3669
  batch 100/264  loss=0.3141
  batch 110/264  loss=0.3798
  batch 120/264  loss=0.3428
  batch 130/264  loss=0.3793
  batch 140/264  loss=0.3055
  batch 150/264  loss=0.4501
  batch 160/264  loss=0.2901
  batch 170/264  loss=0.4352
  batch 180/264  loss=0.3343
  batch 190/264  loss=0.3916
  batch 200/264  loss=0.3242
  batch 210/264  loss=0.3216
  batch 220/264  loss=0.3521
  batch 230/264  loss=0.2820
  batch 240/264  loss=0.3185
  batch 250/264  loss=0.4385
  batch 260/264  loss=0.2922
Epoch 214/300  train=3.561e-01  rmse=3.3459  lr=5.0e-05  228s
  batch 10/264  loss=0.2885
  batch 20/264  loss=0.3571
  batch 30/264  loss=0.3847
  batch 40/264  loss=0.3241
  batch 50/264  loss=0.4169
  batch 60/264  loss=0.3124
  batch 70/264  loss=0.3103
  batch 80/264  loss=0.3336
  batch 90/264  loss=0.3572
  batch 100/264  loss=0.4438
  batch 110/264  loss=0.2951
  batch 120/264  loss=0.3486
  batch 130/264  loss=0.3641
  batch 140/264  loss=0.3169
  batch 150/264  loss=0.3099
  batch 160/264  loss=0.3604
  batch 170/264  loss=0.4079
  batch 180/264  loss=0.4192
  batch 190/264  loss=0.2828
  batch 200/264  loss=0.3857
  batch 210/264  loss=0.3034
  batch 220/264  loss=0.2925
  batch 230/264  loss=0.2792
  batch 240/264  loss=0.3233
  batch 250/264  loss=0.3699
  batch 260/264  loss=0.2545
Epoch 215/300  train=3.559e-01  rmse=2.4654  lr=5.0e-05  230s
  batch 10/264  loss=0.3578
  batch 20/264  loss=0.4682
  batch 30/264  loss=0.3670
  batch 40/264  loss=0.3304
  batch 50/264  loss=0.3467
  batch 60/264  loss=0.3386
  batch 70/264  loss=0.2922
  batch 80/264  loss=0.4207
  batch 90/264  loss=0.2996
  batch 100/264  loss=0.3202
  batch 110/264  loss=0.3068
  batch 120/264  loss=0.3224
  batch 130/264  loss=0.4462
  batch 140/264  loss=0.2949
  batch 150/264  loss=0.3019
  batch 160/264  loss=0.4221
  batch 170/264  loss=0.3972
  batch 180/264  loss=0.3712
  batch 190/264  loss=0.3423
  batch 200/264  loss=0.4197
  batch 210/264  loss=0.3581
  batch 220/264  loss=0.4534
  batch 230/264  loss=0.2851
  batch 240/264  loss=0.5007
  batch 250/264  loss=0.3377
  batch 260/264  loss=0.4182
Epoch 216/300  train=3.533e-01  rmse=2.4402  lr=5.0e-05  230s
  -> best  monitor=3.533e-01
  batch 10/264  loss=0.3117
  batch 20/264  loss=0.5127
  batch 30/264  loss=0.2894
  batch 40/264  loss=0.4198
  batch 50/264  loss=0.4024
  batch 60/264  loss=0.3686
  batch 70/264  loss=0.3623
  batch 80/264  loss=0.3326
  batch 90/264  loss=0.3203
  batch 100/264  loss=0.3807
  batch 110/264  loss=0.3085
  batch 120/264  loss=0.3179
  batch 130/264  loss=0.3549
  batch 140/264  loss=0.3495
  batch 150/264  loss=0.2597
  batch 160/264  loss=0.2675
  batch 170/264  loss=0.2847
  batch 180/264  loss=0.4368
  batch 190/264  loss=0.2910
  batch 200/264  loss=0.3812
  batch 210/264  loss=0.5473
  batch 220/264  loss=0.2900
  batch 230/264  loss=0.2498
  batch 240/264  loss=0.3427
  batch 250/264  loss=0.3229
  batch 260/264  loss=0.2891
Epoch 217/300  train=3.529e-01  rmse=2.8941  lr=5.0e-05  228s
  -> best  monitor=3.529e-01
  batch 10/264  loss=0.4105
  batch 20/264  loss=0.3580
  batch 30/264  loss=0.2623
  batch 40/264  loss=0.4359
  batch 50/264  loss=0.2728
  batch 60/264  loss=0.2940
  batch 70/264  loss=0.5275
  batch 80/264  loss=0.3548
  batch 90/264  loss=0.3244
  batch 100/264  loss=0.2834
  batch 110/264  loss=0.3253
  batch 120/264  loss=0.3523
  batch 130/264  loss=0.3701
  batch 140/264  loss=0.3145
  batch 150/264  loss=0.2973
  batch 160/264  loss=0.3929
  batch 170/264  loss=0.2620
  batch 180/264  loss=0.4044
  batch 190/264  loss=0.3078
  batch 200/264  loss=0.3140
  batch 210/264  loss=0.4781
  batch 220/264  loss=0.2737
  batch 230/264  loss=0.3028
  batch 240/264  loss=0.3242
  batch 250/264  loss=0.2812
  batch 260/264  loss=0.3968
Epoch 218/300  train=3.549e-01  rmse=2.3420  lr=5.0e-05  230s
  batch 10/264  loss=0.3419
  batch 20/264  loss=0.4108
  batch 30/264  loss=0.3910
  batch 40/264  loss=0.6298
  batch 50/264  loss=0.2834
  batch 60/264  loss=0.4149
  batch 70/264  loss=0.5364
  batch 80/264  loss=0.3707
  batch 90/264  loss=0.4987
  batch 100/264  loss=0.3913
  batch 110/264  loss=0.3390
  batch 120/264  loss=0.2527
  batch 130/264  loss=0.3492
  batch 140/264  loss=0.3318
  batch 150/264  loss=0.2766
  batch 160/264  loss=0.3791
  batch 170/264  loss=0.4274
  batch 180/264  loss=0.3520
  batch 190/264  loss=0.2862
  batch 200/264  loss=0.3735
  batch 210/264  loss=0.3174
  batch 220/264  loss=0.4160
  batch 230/264  loss=0.3286
  batch 240/264  loss=0.3660
  batch 250/264  loss=0.2933
  batch 260/264  loss=0.4709
Epoch 219/300  train=3.545e-01  rmse=3.1826  lr=5.0e-05  228s
  batch 10/264  loss=0.3323
  batch 20/264  loss=0.6157
  batch 30/264  loss=0.3256
  batch 40/264  loss=0.4599
  batch 50/264  loss=0.3829
  batch 60/264  loss=0.3271
  batch 70/264  loss=0.3091
  batch 80/264  loss=0.2891
  batch 90/264  loss=0.2850
  batch 100/264  loss=0.3796
  batch 110/264  loss=0.3887
  batch 120/264  loss=0.3094
  batch 130/264  loss=0.4118
  batch 140/264  loss=0.2741
  batch 150/264  loss=0.2746
  batch 160/264  loss=0.4509
  batch 170/264  loss=0.4074
  batch 180/264  loss=0.2826
  batch 190/264  loss=0.3148
  batch 200/264  loss=0.3613
  batch 210/264  loss=0.2982
  batch 220/264  loss=0.3738
  batch 230/264  loss=0.2913
  batch 240/264  loss=0.3249
  batch 250/264  loss=0.3231
  batch 260/264  loss=0.4661
Epoch 220/300  train=3.536e-01  rmse=2.0829  lr=5.0e-05  228s
  batch 10/264  loss=0.4259
  batch 20/264  loss=0.2892
  batch 30/264  loss=0.4010
  batch 40/264  loss=0.3601
  batch 50/264  loss=0.3828
  batch 60/264  loss=0.3457
  batch 70/264  loss=0.3761
  batch 80/264  loss=0.4218
  batch 90/264  loss=0.2910
  batch 100/264  loss=0.3597
  batch 110/264  loss=0.2831
  batch 120/264  loss=0.3505
  batch 130/264  loss=0.3235
  batch 140/264  loss=0.4119
  batch 150/264  loss=0.4391
  batch 160/264  loss=0.3636
  batch 170/264  loss=0.3396
  batch 180/264  loss=0.3062
  batch 190/264  loss=0.3041
  batch 200/264  loss=0.3158
  batch 210/264  loss=0.3163
  batch 220/264  loss=0.2511
  batch 230/264  loss=0.3485
  batch 240/264  loss=0.3717
  batch 250/264  loss=0.3893
  batch 260/264  loss=0.2783
Epoch 221/300  train=3.533e-01  rmse=5.3690  lr=5.0e-05  228s
  batch 10/264  loss=0.4296
  batch 20/264  loss=0.2844
  batch 30/264  loss=0.2668
  batch 40/264  loss=0.3421
  batch 50/264  loss=0.5039
  batch 60/264  loss=0.3284
  batch 70/264  loss=0.3352
  batch 80/264  loss=0.2957
  batch 90/264  loss=0.3950
  batch 100/264  loss=0.3556
  batch 110/264  loss=0.3417
  batch 120/264  loss=0.2703
  batch 130/264  loss=0.3152
  batch 140/264  loss=0.2950
  batch 150/264  loss=0.3684
  batch 160/264  loss=0.2947
  batch 170/264  loss=0.3014
  batch 180/264  loss=0.3095
  batch 190/264  loss=0.3221
  batch 200/264  loss=0.2709
  batch 210/264  loss=0.3256
  batch 220/264  loss=0.5257
  batch 230/264  loss=0.3625
  batch 240/264  loss=0.3080
  batch 250/264  loss=0.5300
  batch 260/264  loss=0.3591
Epoch 222/300  train=3.559e-01  rmse=2.6199  lr=5.0e-05  229s
  batch 10/264  loss=0.4059
  batch 20/264  loss=0.2667
  batch 30/264  loss=0.2988
  batch 40/264  loss=0.3400
  batch 50/264  loss=0.4587
  batch 60/264  loss=0.3190
  batch 70/264  loss=0.3633
  batch 80/264  loss=0.2935
  batch 90/264  loss=0.2880
  batch 100/264  loss=0.3244
  batch 110/264  loss=0.3140
  batch 120/264  loss=0.3940
  batch 130/264  loss=0.3539
  batch 140/264  loss=0.4033
  batch 150/264  loss=0.3589
  batch 160/264  loss=0.3325
  batch 170/264  loss=0.2891
  batch 180/264  loss=0.4110
  batch 190/264  loss=0.3639
  batch 200/264  loss=0.3695
  batch 210/264  loss=0.3118
  batch 220/264  loss=0.3116
  batch 230/264  loss=0.3291
  batch 240/264  loss=0.3598
  batch 250/264  loss=0.4951
  batch 260/264  loss=0.5527
Epoch 223/300  train=3.500e-01  rmse=3.4037  lr=5.0e-05  228s
  -> best  monitor=3.500e-01
  batch 10/264  loss=0.3756
  batch 20/264  loss=0.3792
  batch 30/264  loss=0.3438
  batch 40/264  loss=0.3176
  batch 50/264  loss=0.3310
  batch 60/264  loss=0.2717
  batch 70/264  loss=0.2622
  batch 80/264  loss=0.5727
  batch 90/264  loss=0.2933
  batch 100/264  loss=0.3466
  batch 110/264  loss=0.3882
  batch 120/264  loss=0.3243
  batch 130/264  loss=0.2992
  batch 140/264  loss=0.3549
  batch 150/264  loss=0.4525
  batch 160/264  loss=0.3313
  batch 170/264  loss=0.3032
  batch 180/264  loss=0.3869
  batch 190/264  loss=0.4572
  batch 200/264  loss=0.4611
  batch 210/264  loss=0.5225
  batch 220/264  loss=0.3394
  batch 230/264  loss=0.3552
  batch 240/264  loss=0.4020
  batch 250/264  loss=0.3202
  batch 260/264  loss=0.3338
Epoch 224/300  train=3.530e-01  rmse=2.4472  lr=5.0e-05  226s
  batch 10/264  loss=0.2639
  batch 20/264  loss=0.3063
  batch 30/264  loss=0.4480
  batch 40/264  loss=0.2924
  batch 50/264  loss=0.3846
  batch 60/264  loss=0.3253
  batch 70/264  loss=0.2889
  batch 80/264  loss=0.3364
  batch 90/264  loss=0.2943
  batch 100/264  loss=0.2774
  batch 110/264  loss=0.8768
  batch 120/264  loss=0.3070
  batch 130/264  loss=0.3087
  batch 140/264  loss=0.2942
  batch 150/264  loss=0.4487
  batch 160/264  loss=0.2837
  batch 170/264  loss=0.3864
  batch 180/264  loss=0.3065
  batch 190/264  loss=0.3303
  batch 200/264  loss=0.3373
  batch 210/264  loss=0.3598
  batch 220/264  loss=0.3171
  batch 230/264  loss=0.3376
  batch 240/264  loss=0.4647
  batch 250/264  loss=0.3002
  batch 260/264  loss=0.5064
Epoch 225/300  train=3.515e-01  rmse=1.9239  lr=5.0e-05  228s
  batch 10/264  loss=0.2614
  batch 20/264  loss=0.3499
  batch 30/264  loss=0.4102
  batch 40/264  loss=0.3529
  batch 50/264  loss=0.3679
  batch 60/264  loss=0.3922
  batch 70/264  loss=0.2858
  batch 80/264  loss=0.4690
  batch 90/264  loss=0.3049
  batch 100/264  loss=0.3052
  batch 110/264  loss=0.3478
  batch 120/264  loss=0.3969
  batch 130/264  loss=0.5138
  batch 140/264  loss=0.4330
  batch 150/264  loss=0.3022
  batch 160/264  loss=0.5019
  batch 170/264  loss=0.4022
  batch 180/264  loss=0.3737
  batch 190/264  loss=0.3043
  batch 200/264  loss=0.3297
  batch 210/264  loss=0.4075
  batch 220/264  loss=0.2885
  batch 230/264  loss=0.4605
  batch 240/264  loss=0.2605
  batch 250/264  loss=0.3810
  batch 260/264  loss=0.3126
Epoch 226/300  train=3.524e-01  rmse=3.8869  lr=5.0e-05  229s
  batch 10/264  loss=0.3495
  batch 20/264  loss=0.4816
  batch 30/264  loss=0.4418
  batch 40/264  loss=0.3596
  batch 50/264  loss=0.3494
  batch 60/264  loss=0.2955
  batch 70/264  loss=0.3874
  batch 80/264  loss=0.3279
  batch 90/264  loss=0.2993
  batch 100/264  loss=0.2869
  batch 110/264  loss=0.3945
  batch 120/264  loss=0.3105
  batch 130/264  loss=0.2772
  batch 140/264  loss=0.5584
  batch 150/264  loss=0.4148
  batch 160/264  loss=0.2736
  batch 170/264  loss=0.2873
  batch 180/264  loss=0.3566
  batch 190/264  loss=0.2899
  batch 200/264  loss=0.3488
  batch 210/264  loss=0.3492
  batch 220/264  loss=0.3402
  batch 230/264  loss=0.3126
  batch 240/264  loss=0.3264
  batch 250/264  loss=0.3247
  batch 260/264  loss=0.4542
Epoch 227/300  train=3.522e-01  rmse=3.0455  lr=5.0e-05  228s
  batch 10/264  loss=0.2731
  batch 20/264  loss=0.3283
  batch 30/264  loss=0.4423
  batch 40/264  loss=0.3011
  batch 50/264  loss=0.2906
  batch 60/264  loss=0.4443
  batch 70/264  loss=0.3150
  batch 80/264  loss=0.3632
  batch 90/264  loss=0.4143
  batch 100/264  loss=0.3197
  batch 110/264  loss=0.3550
  batch 120/264  loss=0.2815
  batch 130/264  loss=0.3184
  batch 140/264  loss=0.3872
  batch 150/264  loss=0.2954
  batch 160/264  loss=0.3506
  batch 170/264  loss=0.3804
  batch 180/264  loss=0.2835
  batch 190/264  loss=0.3962
  batch 200/264  loss=0.4358
  batch 210/264  loss=0.3308
  batch 220/264  loss=0.4725
  batch 230/264  loss=0.2896
  batch 240/264  loss=0.3075
  batch 250/264  loss=0.2422
  batch 260/264  loss=0.6605
Epoch 228/300  train=3.525e-01  rmse=2.2594  lr=5.0e-05  229s
  batch 10/264  loss=0.3261
  batch 20/264  loss=0.3784
  batch 30/264  loss=0.3110
  batch 40/264  loss=0.3267
  batch 50/264  loss=0.3035
  batch 60/264  loss=0.4332
  batch 70/264  loss=0.4060
  batch 80/264  loss=0.3557
  batch 90/264  loss=0.3378
  batch 100/264  loss=0.3032
  batch 110/264  loss=0.4112
  batch 120/264  loss=0.2594
  batch 130/264  loss=0.3722
  batch 140/264  loss=0.4243
  batch 150/264  loss=0.3005
  batch 160/264  loss=0.3147
  batch 170/264  loss=0.5830
  batch 180/264  loss=0.4030
  batch 190/264  loss=0.3487
  batch 200/264  loss=0.3632
  batch 210/264  loss=0.4283
  batch 220/264  loss=0.3733
  batch 230/264  loss=0.3543
  batch 240/264  loss=0.4229
  batch 250/264  loss=0.3215
  batch 260/264  loss=0.3583
Epoch 229/300  train=3.580e-01  rmse=2.1821  lr=5.0e-05  228s
  batch 10/264  loss=0.3126
  batch 20/264  loss=0.3659
  batch 30/264  loss=0.3383
  batch 40/264  loss=0.3350
  batch 50/264  loss=0.2488
  batch 60/264  loss=0.2734
  batch 70/264  loss=0.4989
  batch 80/264  loss=0.2820
  batch 90/264  loss=0.3944
  batch 100/264  loss=0.3291
  batch 110/264  loss=0.3899
  batch 120/264  loss=0.3037
  batch 130/264  loss=0.3030
  batch 140/264  loss=0.3427
  batch 150/264  loss=0.3307
  batch 160/264  loss=0.4621
  batch 170/264  loss=0.3835
  batch 180/264  loss=0.3241
  batch 190/264  loss=0.3772
  batch 200/264  loss=0.3389
  batch 210/264  loss=0.4260
  batch 220/264  loss=0.4068
  batch 230/264  loss=0.3005
  batch 240/264  loss=0.5113
  batch 250/264  loss=0.2912
  batch 260/264  loss=0.3347
Epoch 230/300  train=3.506e-01  rmse=3.7704  lr=5.0e-05  228s
  batch 10/264  loss=0.2990
  batch 20/264  loss=0.4252
  batch 30/264  loss=0.3746
  batch 40/264  loss=0.3209
  batch 50/264  loss=0.4041
  batch 60/264  loss=0.2950
  batch 70/264  loss=0.3921
  batch 80/264  loss=0.3021
  batch 90/264  loss=0.3097
  batch 100/264  loss=0.3208
  batch 110/264  loss=0.6295
  batch 120/264  loss=0.3130
  batch 130/264  loss=0.3574
  batch 140/264  loss=0.2501
  batch 150/264  loss=0.2945
  batch 160/264  loss=0.6101
  batch 170/264  loss=0.3466
  batch 180/264  loss=0.3057
  batch 190/264  loss=0.3386
  batch 200/264  loss=0.3518
  batch 210/264  loss=0.2731
  batch 220/264  loss=0.3368
  batch 230/264  loss=0.4754
  batch 240/264  loss=0.3046
  batch 250/264  loss=0.2864
  batch 260/264  loss=0.2892
Epoch 231/300  train=3.498e-01  rmse=2.5354  lr=5.0e-05  228s
  -> best  monitor=3.498e-01
  batch 10/264  loss=0.3258
  batch 20/264  loss=0.2976
  batch 30/264  loss=0.3439
  batch 40/264  loss=0.3020
  batch 50/264  loss=0.2638
  batch 60/264  loss=0.4155
  batch 70/264  loss=0.3008
  batch 80/264  loss=0.4158
  batch 90/264  loss=0.2633
  batch 100/264  loss=0.4359
  batch 110/264  loss=0.2691
  batch 120/264  loss=0.2992
  batch 130/264  loss=0.4067
  batch 140/264  loss=0.2556
  batch 150/264  loss=0.2886
  batch 160/264  loss=0.3138
  batch 170/264  loss=0.3046
  batch 180/264  loss=0.5315
  batch 190/264  loss=0.5070
  batch 200/264  loss=0.4002
  batch 210/264  loss=0.3435
  batch 220/264  loss=0.3185
  batch 230/264  loss=0.4399
  batch 240/264  loss=0.3267
  batch 250/264  loss=0.3927
  batch 260/264  loss=0.4311
Epoch 232/300  train=3.513e-01  rmse=3.2817  lr=5.0e-05  227s
  batch 10/264  loss=0.2732
  batch 20/264  loss=0.2949
  batch 30/264  loss=0.3086
  batch 40/264  loss=0.3668
  batch 50/264  loss=0.3934
  batch 60/264  loss=0.3279
  batch 70/264  loss=0.3863
  batch 80/264  loss=0.2532
  batch 90/264  loss=0.2840
  batch 100/264  loss=0.2724
  batch 110/264  loss=0.2474
  batch 120/264  loss=0.3872
  batch 130/264  loss=0.5849
  batch 140/264  loss=0.3164
  batch 150/264  loss=0.3293
  batch 160/264  loss=0.4281
  batch 170/264  loss=0.4392
  batch 180/264  loss=0.3443
  batch 190/264  loss=0.4048
  batch 200/264  loss=0.3978
  batch 210/264  loss=0.3141
  batch 220/264  loss=0.3260
  batch 230/264  loss=0.3735
  batch 240/264  loss=0.3973
  batch 250/264  loss=0.4749
  batch 260/264  loss=0.4354
Epoch 233/300  train=3.523e-01  rmse=4.4283  lr=5.0e-05  230s
  batch 10/264  loss=0.3232
  batch 20/264  loss=0.2623
  batch 30/264  loss=0.3430
  batch 40/264  loss=0.2828
  batch 50/264  loss=0.3106
  batch 60/264  loss=0.4099
  batch 70/264  loss=0.4108
  batch 80/264  loss=0.4097
  batch 90/264  loss=0.3706
  batch 100/264  loss=0.2815
  batch 110/264  loss=0.3808
  batch 120/264  loss=0.2684
  batch 130/264  loss=0.3678
  batch 140/264  loss=0.2898
  batch 150/264  loss=0.3208
  batch 160/264  loss=0.4676
  batch 170/264  loss=0.3350
  batch 180/264  loss=0.4823
  batch 190/264  loss=0.3175
  batch 200/264  loss=0.3397
  batch 210/264  loss=0.3303
  batch 220/264  loss=0.3209
  batch 230/264  loss=0.2836
  batch 240/264  loss=0.3701
  batch 250/264  loss=0.2263
  batch 260/264  loss=0.3094
Epoch 234/300  train=3.545e-01  rmse=2.5027  lr=5.0e-05  228s
  batch 10/264  loss=0.3070
  batch 20/264  loss=0.3325
  batch 30/264  loss=0.3345
  batch 40/264  loss=0.4068
  batch 50/264  loss=0.3270
  batch 60/264  loss=0.2839
  batch 70/264  loss=0.3977
  batch 80/264  loss=0.2711
  batch 90/264  loss=0.4879
  batch 100/264  loss=0.3655
  batch 110/264  loss=0.2858
  batch 120/264  loss=0.3998
  batch 130/264  loss=0.3095
  batch 140/264  loss=0.4366
  batch 150/264  loss=0.3692
  batch 160/264  loss=0.3170
  batch 170/264  loss=0.4354
  batch 180/264  loss=0.3256
  batch 190/264  loss=0.3420
  batch 200/264  loss=0.2673
  batch 210/264  loss=0.4319
  batch 220/264  loss=0.3350
  batch 230/264  loss=0.3092
  batch 240/264  loss=0.4262
  batch 250/264  loss=0.3132
  batch 260/264  loss=0.2815
Epoch 235/300  train=3.530e-01  rmse=3.0984  lr=5.0e-05  227s
  batch 10/264  loss=0.2742
  batch 20/264  loss=0.2912
  batch 30/264  loss=0.3918
  batch 40/264  loss=0.3098
  batch 50/264  loss=0.4022
  batch 60/264  loss=0.3182
  batch 70/264  loss=0.2964
  batch 80/264  loss=0.4624
  batch 90/264  loss=0.3050
  batch 100/264  loss=0.3159
  batch 110/264  loss=0.3411
  batch 120/264  loss=0.4303
  batch 130/264  loss=0.4208
  batch 140/264  loss=0.2869
  batch 150/264  loss=0.3663
  batch 160/264  loss=0.3912
  batch 170/264  loss=0.2895
  batch 180/264  loss=0.3167
  batch 190/264  loss=0.5658
  batch 200/264  loss=0.4042
  batch 210/264  loss=0.3593
  batch 220/264  loss=0.2718
  batch 230/264  loss=0.3207
  batch 240/264  loss=0.4064
  batch 250/264  loss=0.3668
  batch 260/264  loss=0.2838
Epoch 236/300  train=3.475e-01  rmse=2.0665  lr=5.0e-05  229s
  -> best  monitor=3.475e-01
  batch 10/264  loss=0.3971
  batch 20/264  loss=0.4006
  batch 30/264  loss=0.2863
  batch 40/264  loss=0.3426
  batch 50/264  loss=0.3487
  batch 60/264  loss=0.2821
  batch 70/264  loss=0.5554
  batch 80/264  loss=0.3287
  batch 90/264  loss=0.3877
  batch 100/264  loss=0.3736
  batch 110/264  loss=0.2810
  batch 120/264  loss=0.2953
  batch 130/264  loss=0.3231
  batch 140/264  loss=0.3402
  batch 150/264  loss=0.4358
  batch 160/264  loss=0.3196
  batch 170/264  loss=0.3541
  batch 180/264  loss=0.3691
  batch 190/264  loss=0.3345
  batch 200/264  loss=0.3344
  batch 210/264  loss=0.3075
  batch 220/264  loss=0.3225
  batch 230/264  loss=0.3972
  batch 240/264  loss=0.3549
  batch 250/264  loss=0.2455
  batch 260/264  loss=0.3027
Epoch 237/300  train=3.481e-01  rmse=4.3296  lr=5.0e-05  228s
  batch 10/264  loss=0.3639
  batch 20/264  loss=0.2705
  batch 30/264  loss=0.3335
  batch 40/264  loss=0.4159
  batch 50/264  loss=0.2997
  batch 60/264  loss=0.3326
  batch 70/264  loss=0.3496
  batch 80/264  loss=0.4254
  batch 90/264  loss=0.3032
  batch 100/264  loss=0.4188
  batch 110/264  loss=0.4072
  batch 120/264  loss=0.3562
  batch 130/264  loss=0.3370
  batch 140/264  loss=0.3334
  batch 150/264  loss=0.3368
  batch 160/264  loss=0.3579
  batch 170/264  loss=0.3166
  batch 180/264  loss=0.2676
  batch 190/264  loss=0.3112
  batch 200/264  loss=0.3105
  batch 210/264  loss=0.3435
  batch 220/264  loss=0.3028
  batch 230/264  loss=0.3653
  batch 240/264  loss=0.3145
  batch 250/264  loss=0.2610
  batch 260/264  loss=0.3225
Epoch 238/300  train=3.514e-01  rmse=2.5277  lr=5.0e-05  228s
  batch 10/264  loss=0.3572
  batch 20/264  loss=0.3558
  batch 30/264  loss=0.3904
  batch 40/264  loss=0.3061
  batch 50/264  loss=0.3178
  batch 60/264  loss=0.3952
  batch 70/264  loss=0.2668
  batch 80/264  loss=0.3144
  batch 90/264  loss=0.3114
  batch 100/264  loss=0.2861
  batch 110/264  loss=0.3823
  batch 120/264  loss=0.2953
  batch 130/264  loss=0.4818
  batch 140/264  loss=0.3710
  batch 150/264  loss=0.3543
  batch 160/264  loss=0.3141
  batch 170/264  loss=0.2964
  batch 180/264  loss=0.2982
  batch 190/264  loss=0.4168
  batch 200/264  loss=0.3271
  batch 210/264  loss=0.3529
  batch 220/264  loss=0.2555
  batch 230/264  loss=0.4415
  batch 240/264  loss=0.3136
  batch 250/264  loss=0.6722
  batch 260/264  loss=0.4325
Epoch 239/300  train=3.532e-01  rmse=2.5301  lr=5.0e-05  227s
  batch 10/264  loss=0.3272
  batch 20/264  loss=0.2994
  batch 30/264  loss=0.3560
  batch 40/264  loss=0.4356
  batch 50/264  loss=0.2744
  batch 60/264  loss=0.2935
  batch 70/264  loss=0.3657
  batch 80/264  loss=0.4880
  batch 90/264  loss=0.2935
  batch 100/264  loss=0.3681
  batch 110/264  loss=0.3245
  batch 120/264  loss=0.2918
  batch 130/264  loss=0.3276
  batch 140/264  loss=0.3566
  batch 150/264  loss=0.3294
  batch 160/264  loss=0.4238
  batch 170/264  loss=0.3506
  batch 180/264  loss=0.3670
  batch 190/264  loss=0.3387
  batch 200/264  loss=0.3850
  batch 210/264  loss=0.3381
  batch 220/264  loss=0.3162
  batch 230/264  loss=0.2941
  batch 240/264  loss=0.3661
  batch 250/264  loss=0.3023
  batch 260/264  loss=0.5243
Epoch 240/300  train=3.481e-01  rmse=3.3170  lr=5.0e-05  229s
  batch 10/264  loss=0.3104
  batch 20/264  loss=0.2931
  batch 30/264  loss=0.3516
  batch 40/264  loss=0.3198
  batch 50/264  loss=0.3164
  batch 60/264  loss=0.3177
  batch 70/264  loss=0.2955
  batch 80/264  loss=0.2939
  batch 90/264  loss=0.2926
  batch 100/264  loss=0.3049
  batch 110/264  loss=0.3016
  batch 120/264  loss=0.4484
  batch 130/264  loss=0.3850
  batch 140/264  loss=0.3365
  batch 150/264  loss=0.4705
  batch 160/264  loss=0.3215
  batch 170/264  loss=0.3271
  batch 180/264  loss=0.4469
  batch 190/264  loss=0.2830
  batch 200/264  loss=0.3137
  batch 210/264  loss=0.2985
  batch 220/264  loss=0.4327
  batch 230/264  loss=0.4356
  batch 240/264  loss=0.2987
  batch 250/264  loss=0.4010
  batch 260/264  loss=0.3535
Epoch 241/300  train=3.485e-01  rmse=2.3231  lr=5.0e-05  230s
  batch 10/264  loss=0.2660
  batch 20/264  loss=0.2928
  batch 30/264  loss=0.3619
  batch 40/264  loss=0.3905
  batch 50/264  loss=0.2853
  batch 60/264  loss=0.2904
  batch 70/264  loss=0.3659
  batch 80/264  loss=0.3976
  batch 90/264  loss=0.2748
  batch 100/264  loss=0.3161
  batch 110/264  loss=0.3054
  batch 120/264  loss=0.3168
  batch 130/264  loss=0.2889
  batch 140/264  loss=0.2796
  batch 150/264  loss=0.4541
  batch 160/264  loss=0.3459
  batch 170/264  loss=0.4414
  batch 180/264  loss=0.3575
  batch 190/264  loss=0.3238
  batch 200/264  loss=0.2646
  batch 210/264  loss=0.3012
  batch 220/264  loss=0.2741
  batch 230/264  loss=0.4321
  batch 240/264  loss=0.3577
  batch 250/264  loss=0.3576
  batch 260/264  loss=0.3174
Epoch 242/300  train=3.520e-01  rmse=3.3287  lr=5.0e-05  230s
  batch 10/264  loss=0.2860
  batch 20/264  loss=0.3667
  batch 30/264  loss=0.3024
  batch 40/264  loss=0.2712
  batch 50/264  loss=0.3851
  batch 60/264  loss=0.2954
  batch 70/264  loss=0.3746
  batch 80/264  loss=0.5318
  batch 90/264  loss=0.2665
  batch 100/264  loss=0.6352
  batch 110/264  loss=0.6292
  batch 120/264  loss=0.4243
  batch 130/264  loss=0.3777
  batch 140/264  loss=0.2771
  batch 150/264  loss=0.3091
  batch 160/264  loss=0.3840
  batch 170/264  loss=0.2814
  batch 180/264  loss=0.5010
  batch 190/264  loss=0.3903
  batch 200/264  loss=0.3292
  batch 210/264  loss=0.2828
  batch 220/264  loss=0.3224
  batch 230/264  loss=0.3362
  batch 240/264  loss=0.3547
  batch 250/264  loss=0.4318
  batch 260/264  loss=0.3447
Epoch 243/300  train=3.521e-01  rmse=4.9955  lr=5.0e-05  231s
  batch 10/264  loss=0.3067
  batch 20/264  loss=0.4071
  batch 30/264  loss=0.4839
  batch 40/264  loss=0.3171
  batch 50/264  loss=0.3449
  batch 60/264  loss=0.5800
  batch 70/264  loss=0.4440
  batch 80/264  loss=0.3085
  batch 90/264  loss=0.2767
  batch 100/264  loss=0.3588
  batch 110/264  loss=0.3132
  batch 120/264  loss=0.2813
  batch 130/264  loss=0.3715
  batch 140/264  loss=0.2944
  batch 150/264  loss=0.3733
  batch 160/264  loss=0.4786
  batch 170/264  loss=0.3831
  batch 180/264  loss=0.3158
  batch 190/264  loss=0.3230
  batch 200/264  loss=0.4032
  batch 210/264  loss=0.2861
  batch 220/264  loss=0.2621
  batch 230/264  loss=0.3320
  batch 240/264  loss=0.3008
  batch 250/264  loss=0.3158
  batch 260/264  loss=0.4231
Epoch 244/300  train=3.479e-01  rmse=2.8845  lr=5.0e-05  232s
  batch 10/264  loss=0.2988
  batch 20/264  loss=0.3290
  batch 30/264  loss=0.3102
  batch 40/264  loss=0.4109
  batch 50/264  loss=0.3014
  batch 60/264  loss=0.2990
  batch 70/264  loss=0.3236
  batch 80/264  loss=0.4029
  batch 90/264  loss=0.4708
  batch 100/264  loss=0.4853
  batch 110/264  loss=0.4325
  batch 120/264  loss=0.4814
  batch 130/264  loss=0.2985
  batch 140/264  loss=0.2816
  batch 150/264  loss=0.3425
  batch 160/264  loss=0.3089
  batch 170/264  loss=0.3859
  batch 180/264  loss=0.3414
  batch 190/264  loss=0.3273
  batch 200/264  loss=0.2907
  batch 210/264  loss=0.2978
  batch 220/264  loss=0.3312
  batch 230/264  loss=0.3362
  batch 240/264  loss=0.2953
  batch 250/264  loss=0.6985
  batch 260/264  loss=0.2810
Epoch 245/300  train=3.510e-01  rmse=2.7215  lr=5.0e-05  230s
  batch 10/264  loss=0.3284
  batch 20/264  loss=0.3443
  batch 30/264  loss=0.3541
  batch 40/264  loss=0.2808
  batch 50/264  loss=0.3944
  batch 60/264  loss=0.3057
  batch 70/264  loss=0.2750
  batch 80/264  loss=0.3271
  batch 90/264  loss=0.4205
  batch 100/264  loss=0.3224
  batch 110/264  loss=0.3309
  batch 120/264  loss=0.3438
  batch 130/264  loss=0.3229
  batch 140/264  loss=0.3316
  batch 150/264  loss=0.2985
  batch 160/264  loss=0.2696
  batch 170/264  loss=0.3147
  batch 180/264  loss=0.4110
  batch 190/264  loss=0.2418
  batch 200/264  loss=0.4396
  batch 210/264  loss=0.3507
  batch 220/264  loss=0.3252
  batch 230/264  loss=0.3575
  batch 240/264  loss=0.3498
  batch 250/264  loss=0.5214
  batch 260/264  loss=0.4254
Epoch 246/300  train=3.474e-01  rmse=2.7283  lr=5.0e-05  231s
  -> best  monitor=3.474e-01
  batch 10/264  loss=0.3202
  batch 20/264  loss=0.2942
  batch 30/264  loss=0.3237
  batch 40/264  loss=0.3341
  batch 50/264  loss=0.3177
  batch 60/264  loss=0.3505
  batch 70/264  loss=0.3164
  batch 80/264  loss=0.3573
  batch 90/264  loss=0.3333
  batch 100/264  loss=0.3082
  batch 110/264  loss=0.2585
  batch 120/264  loss=0.2865
  batch 130/264  loss=0.3162
  batch 140/264  loss=0.3036
  batch 150/264  loss=0.4879
  batch 160/264  loss=0.3760
  batch 170/264  loss=0.3080
  batch 180/264  loss=0.3923
  batch 190/264  loss=0.3933
  batch 200/264  loss=0.3527
  batch 210/264  loss=0.2895
  batch 220/264  loss=0.3972
  batch 230/264  loss=0.3170
  batch 240/264  loss=0.2614
  batch 250/264  loss=0.2698
  batch 260/264  loss=0.3805
Epoch 247/300  train=3.476e-01  rmse=2.6655  lr=5.0e-05  232s
  batch 10/264  loss=0.3116
  batch 20/264  loss=0.4020
  batch 30/264  loss=0.2976
  batch 40/264  loss=0.3710
  batch 50/264  loss=0.2761
  batch 60/264  loss=0.3258
  batch 70/264  loss=0.3664
  batch 80/264  loss=0.3143
  batch 90/264  loss=0.3192
  batch 100/264  loss=0.3512
  batch 110/264  loss=0.3270
  batch 120/264  loss=0.3310
  batch 130/264  loss=0.3735
  batch 140/264  loss=0.2854
  batch 150/264  loss=0.3240
  batch 160/264  loss=0.2948
  batch 170/264  loss=0.3951
  batch 180/264  loss=0.3746
  batch 190/264  loss=0.3189
  batch 200/264  loss=0.3351
  batch 210/264  loss=0.4091
  batch 220/264  loss=0.3322
  batch 230/264  loss=0.2764
  batch 240/264  loss=0.3446
  batch 250/264  loss=0.3898
  batch 260/264  loss=0.4597
Epoch 248/300  train=3.518e-01  rmse=2.5512  lr=5.0e-05  231s
  batch 10/264  loss=0.3187
  batch 20/264  loss=0.4052
  batch 30/264  loss=0.2906
  batch 40/264  loss=0.3050
  batch 50/264  loss=0.3291
  batch 60/264  loss=0.3071
  batch 70/264  loss=0.3366
  batch 80/264  loss=0.3340
  batch 90/264  loss=0.3638
  batch 100/264  loss=0.3313
  batch 110/264  loss=0.3744
  batch 120/264  loss=0.4451
  batch 130/264  loss=0.4216
  batch 140/264  loss=0.3627
  batch 150/264  loss=0.3200
  batch 160/264  loss=0.3040
  batch 170/264  loss=0.2883
  batch 180/264  loss=0.4418
  batch 190/264  loss=0.2910
  batch 200/264  loss=0.6488
  batch 210/264  loss=0.3073
  batch 220/264  loss=0.3488
  batch 230/264  loss=0.4026
  batch 240/264  loss=0.4389
  batch 250/264  loss=0.3732
  batch 260/264  loss=0.3031
Epoch 249/300  train=3.510e-01  rmse=2.1775  lr=5.0e-05  230s
  batch 10/264  loss=0.3528
  batch 20/264  loss=0.4549
  batch 30/264  loss=0.2931
  batch 40/264  loss=0.3678
  batch 50/264  loss=0.3996
  batch 60/264  loss=0.3717
  batch 70/264  loss=0.3571
  batch 80/264  loss=0.3367
  batch 90/264  loss=0.3730
  batch 100/264  loss=0.3681
  batch 110/264  loss=0.3084
  batch 120/264  loss=0.5610
  batch 130/264  loss=0.3059
  batch 140/264  loss=0.3934
  batch 150/264  loss=0.2837
  batch 160/264  loss=0.4263
  batch 170/264  loss=0.2757
  batch 180/264  loss=0.3286
  batch 190/264  loss=0.4129
  batch 200/264  loss=0.3399
  batch 210/264  loss=0.4111
  batch 220/264  loss=0.4879
  batch 230/264  loss=0.4383
  batch 240/264  loss=0.3727
  batch 250/264  loss=0.3760
  batch 260/264  loss=0.2705
Epoch 250/300  train=3.498e-01  rmse=2.7417  lr=5.0e-05  230s
  batch 10/264  loss=0.2956
  batch 20/264  loss=0.3346
  batch 30/264  loss=0.2842
  batch 40/264  loss=0.3343
  batch 50/264  loss=0.2767
  batch 60/264  loss=0.4052
  batch 70/264  loss=0.3173
  batch 80/264  loss=0.3778
  batch 90/264  loss=0.3610
  batch 100/264  loss=0.3516
  batch 110/264  loss=0.4242
  batch 120/264  loss=0.3821
  batch 130/264  loss=0.3693
  batch 140/264  loss=0.3286
  batch 150/264  loss=0.4242
  batch 160/264  loss=0.3023
  batch 170/264  loss=0.5165
  batch 180/264  loss=0.3658
  batch 190/264  loss=0.3765
  batch 200/264  loss=0.3217
  batch 210/264  loss=0.2856
  batch 220/264  loss=0.2847
  batch 230/264  loss=0.3746
  batch 240/264  loss=0.4081
  batch 250/264  loss=0.3986
  batch 260/264  loss=0.4064
Epoch 251/300  train=3.466e-01  rmse=2.4459  lr=5.0e-05  230s
  -> best  monitor=3.466e-01
  batch 10/264  loss=0.3582
  batch 20/264  loss=0.4508
  batch 30/264  loss=0.3002
  batch 40/264  loss=0.3237
  batch 50/264  loss=0.3640
  batch 60/264  loss=0.7041
  batch 70/264  loss=0.3245
  batch 80/264  loss=0.2807
  batch 90/264  loss=0.3684
  batch 100/264  loss=0.3658
  batch 110/264  loss=0.4080
  batch 120/264  loss=0.3242
  batch 130/264  loss=0.2766
  batch 140/264  loss=0.3276
  batch 150/264  loss=0.2846
  batch 160/264  loss=0.3423
  batch 170/264  loss=0.3042
  batch 180/264  loss=0.3027
  batch 190/264  loss=0.4279
  batch 200/264  loss=0.3108
  batch 210/264  loss=0.3113
  batch 220/264  loss=0.3147
  batch 230/264  loss=0.3037
  batch 240/264  loss=0.3416
  batch 250/264  loss=0.3315
  batch 260/264  loss=0.2806
Epoch 252/300  train=3.520e-01  rmse=2.3979  lr=5.0e-05  230s
  batch 10/264  loss=0.3945
  batch 20/264  loss=0.2812
  batch 30/264  loss=0.2903
  batch 40/264  loss=0.2496
  batch 50/264  loss=0.2836
  batch 60/264  loss=0.3326
  batch 70/264  loss=0.3034
  batch 80/264  loss=0.3517
  batch 90/264  loss=0.4323
  batch 100/264  loss=0.2989
  batch 110/264  loss=0.3086
  batch 120/264  loss=0.3616
  batch 130/264  loss=0.4872
  batch 140/264  loss=0.3948
  batch 150/264  loss=0.3555
  batch 160/264  loss=0.3907
  batch 170/264  loss=0.2882
  batch 180/264  loss=0.3069
  batch 190/264  loss=0.3124
  batch 200/264  loss=0.3174
  batch 210/264  loss=0.4538
  batch 220/264  loss=0.2708
  batch 230/264  loss=0.3340
  batch 240/264  loss=0.2864
  batch 250/264  loss=0.3091
  batch 260/264  loss=0.3527
Epoch 253/300  train=3.434e-01  rmse=2.4784  lr=5.0e-05  229s
  -> best  monitor=3.434e-01
  batch 10/264  loss=0.4049
  batch 20/264  loss=0.3322
  batch 30/264  loss=0.2769
  batch 40/264  loss=0.3179
  batch 50/264  loss=0.2813
  batch 60/264  loss=0.2631
  batch 70/264  loss=0.4490
  batch 80/264  loss=0.3095
  batch 90/264  loss=0.3366
  batch 100/264  loss=0.4413
  batch 110/264  loss=0.3075
  batch 120/264  loss=0.6508
  batch 130/264  loss=0.3725
  batch 140/264  loss=0.3046
  batch 150/264  loss=0.3576
  batch 160/264  loss=0.3329
  batch 170/264  loss=0.3095
  batch 180/264  loss=0.2906
  batch 190/264  loss=0.3432
  batch 200/264  loss=0.3296
  batch 210/264  loss=0.2629
  batch 220/264  loss=0.3669
  batch 230/264  loss=0.4346
  batch 240/264  loss=0.5258
  batch 250/264  loss=0.3171
  batch 260/264  loss=0.3499
Epoch 254/300  train=3.520e-01  rmse=2.8687  lr=5.0e-05  231s
  batch 10/264  loss=0.3935
  batch 20/264  loss=0.2967
  batch 30/264  loss=0.3175
  batch 40/264  loss=0.3727
  batch 50/264  loss=0.3600
  batch 60/264  loss=0.6064
  batch 70/264  loss=0.4703
  batch 80/264  loss=0.3373
  batch 90/264  loss=0.3995
  batch 100/264  loss=0.3121
  batch 110/264  loss=0.3426
  batch 120/264  loss=0.3648
  batch 130/264  loss=0.2906
  batch 140/264  loss=0.3618
  batch 150/264  loss=0.4626
  batch 160/264  loss=0.2952
  batch 170/264  loss=0.3114
  batch 180/264  loss=0.4535
  batch 190/264  loss=0.4549
  batch 200/264  loss=0.3343
  batch 210/264  loss=0.3968
  batch 220/264  loss=0.3065
  batch 230/264  loss=0.3516
  batch 240/264  loss=0.3929
  batch 250/264  loss=0.3730
  batch 260/264  loss=0.3019
Epoch 255/300  train=3.500e-01  rmse=5.6315  lr=5.0e-05  230s
  batch 10/264  loss=0.3207
  batch 20/264  loss=0.3110
  batch 30/264  loss=0.2697
  batch 40/264  loss=0.3360
  batch 50/264  loss=0.3305
  batch 60/264  loss=0.2879
  batch 70/264  loss=0.4688
  batch 80/264  loss=0.2865
  batch 90/264  loss=0.3343
  batch 100/264  loss=0.3177
  batch 110/264  loss=0.2933
  batch 120/264  loss=0.3849
  batch 130/264  loss=0.2570
  batch 140/264  loss=0.3415
  batch 150/264  loss=0.3084
  batch 160/264  loss=0.3311
  batch 170/264  loss=0.3087
  batch 180/264  loss=0.2907
  batch 190/264  loss=0.3498
  batch 200/264  loss=0.3299
  batch 210/264  loss=0.4889
  batch 220/264  loss=0.4123
  batch 230/264  loss=0.2619
  batch 240/264  loss=0.3650
  batch 250/264  loss=0.3301
  batch 260/264  loss=0.3169
Epoch 256/300  train=3.451e-01  rmse=2.2376  lr=5.0e-05  231s
  batch 10/264  loss=0.3495
  batch 20/264  loss=0.3675
  batch 30/264  loss=0.3807
  batch 40/264  loss=0.4715
  batch 50/264  loss=0.3497
  batch 60/264  loss=0.2709
  batch 70/264  loss=0.3206
  batch 80/264  loss=0.2526
  batch 90/264  loss=0.2912
  batch 100/264  loss=0.3624
  batch 110/264  loss=0.2828
  batch 120/264  loss=0.2765
  batch 130/264  loss=0.2898
  batch 140/264  loss=0.4567
  batch 150/264  loss=0.4661
  batch 160/264  loss=0.2887
  batch 170/264  loss=0.2863
  batch 180/264  loss=0.3031
  batch 190/264  loss=0.3428
  batch 200/264  loss=0.3376
  batch 210/264  loss=0.2741
  batch 220/264  loss=0.2841
  batch 230/264  loss=0.2953
  batch 240/264  loss=0.3830
  batch 250/264  loss=0.2821
  batch 260/264  loss=0.4709
Epoch 257/300  train=3.460e-01  rmse=2.1319  lr=5.0e-05  229s
  batch 10/264  loss=0.4342
  batch 20/264  loss=0.3429
  batch 30/264  loss=0.2826
  batch 40/264  loss=0.3096
  batch 50/264  loss=0.2874
  batch 60/264  loss=0.3197
  batch 70/264  loss=0.2629
  batch 80/264  loss=0.3135
  batch 90/264  loss=0.3413
  batch 100/264  loss=0.3619
  batch 110/264  loss=0.2919
  batch 120/264  loss=0.2994
  batch 130/264  loss=0.3111
  batch 140/264  loss=0.3142
  batch 150/264  loss=0.3686
  batch 160/264  loss=0.2993
  batch 170/264  loss=0.3192
  batch 180/264  loss=0.3478
  batch 190/264  loss=0.3352
  batch 200/264  loss=0.2631
  batch 210/264  loss=0.3103
  batch 220/264  loss=0.3309
  batch 230/264  loss=0.3188
  batch 240/264  loss=0.2769
  batch 250/264  loss=0.4478
  batch 260/264  loss=0.3641
Epoch 258/300  train=3.430e-01  rmse=4.6252  lr=5.0e-05  231s
  -> best  monitor=3.430e-01
  batch 10/264  loss=0.2702
  batch 20/264  loss=0.3151
  batch 30/264  loss=0.3502
  batch 40/264  loss=0.3328
  batch 50/264  loss=0.3658
  batch 60/264  loss=0.3124
  batch 70/264  loss=0.3303
  batch 80/264  loss=0.2934
  batch 90/264  loss=0.4309
  batch 100/264  loss=0.4106
  batch 110/264  loss=0.3173
  batch 120/264  loss=0.2680
  batch 130/264  loss=0.2919
  batch 140/264  loss=0.3856
  batch 150/264  loss=0.3186
  batch 160/264  loss=0.4535
  batch 170/264  loss=0.3625
  batch 180/264  loss=0.2820
  batch 190/264  loss=0.3225
  batch 200/264  loss=0.3915
  batch 210/264  loss=0.2870
  batch 220/264  loss=0.3491
  batch 230/264  loss=0.3353
  batch 240/264  loss=0.2813
  batch 250/264  loss=0.2350
  batch 260/264  loss=0.3001
Epoch 259/300  train=3.442e-01  rmse=1.9401  lr=5.0e-05  229s
  batch 10/264  loss=0.2894
  batch 20/264  loss=0.3300
  batch 30/264  loss=0.3270
  batch 40/264  loss=0.3035
  batch 50/264  loss=0.2942
  batch 60/264  loss=0.4588
  batch 70/264  loss=0.3054
  batch 80/264  loss=0.2884
  batch 90/264  loss=0.3059
  batch 100/264  loss=0.3398
  batch 110/264  loss=0.3315
  batch 120/264  loss=0.3205
  batch 130/264  loss=0.2738
  batch 140/264  loss=0.3107
  batch 150/264  loss=0.2694
  batch 160/264  loss=0.3185
  batch 170/264  loss=0.2791
  batch 180/264  loss=0.3230
  batch 190/264  loss=0.2969
  batch 200/264  loss=0.3772
  batch 210/264  loss=0.3413
  batch 220/264  loss=0.3566
  batch 230/264  loss=0.5459
  batch 240/264  loss=0.3467
  batch 250/264  loss=0.2973
  batch 260/264  loss=0.3029
Epoch 260/300  train=3.461e-01  rmse=1.7430  lr=5.0e-05  230s
  batch 10/264  loss=0.3529
  batch 20/264  loss=0.3283
  batch 30/264  loss=0.2645
  batch 40/264  loss=0.3196
  batch 50/264  loss=0.2927
  batch 60/264  loss=0.2475
  batch 70/264  loss=0.3111
  batch 80/264  loss=0.2817
  batch 90/264  loss=0.2942
  batch 100/264  loss=0.2853
  batch 110/264  loss=0.2912
  batch 120/264  loss=0.3897
  batch 130/264  loss=0.3775
  batch 140/264  loss=0.2375
  batch 150/264  loss=0.3078
  batch 160/264  loss=0.4760
  batch 170/264  loss=0.5506
  batch 180/264  loss=0.2784
  batch 190/264  loss=0.3666
  batch 200/264  loss=0.2712
  batch 210/264  loss=0.2708
  batch 220/264  loss=0.2535
  batch 230/264  loss=0.4402
  batch 240/264  loss=0.3313
  batch 250/264  loss=0.2784
  batch 260/264  loss=0.3318
Epoch 261/300  train=3.477e-01  rmse=2.5922  lr=5.0e-05  231s
  batch 10/264  loss=0.4448
  batch 20/264  loss=0.4772
  batch 30/264  loss=0.2853
  batch 40/264  loss=0.2860
  batch 50/264  loss=0.2785
  batch 60/264  loss=0.3254
  batch 70/264  loss=0.3713
  batch 80/264  loss=0.4062
  batch 90/264  loss=0.4058
  batch 100/264  loss=0.2850
  batch 110/264  loss=0.3076
  batch 120/264  loss=0.4388
  batch 130/264  loss=0.2712
  batch 140/264  loss=0.3032
  batch 150/264  loss=0.4689
  batch 160/264  loss=0.4201
  batch 170/264  loss=0.3161
  batch 180/264  loss=0.3086
  batch 190/264  loss=0.3708
  batch 200/264  loss=0.3392
  batch 210/264  loss=0.2860
  batch 220/264  loss=0.3153
  batch 230/264  loss=0.3856
  batch 240/264  loss=0.4338
  batch 250/264  loss=0.3149
  batch 260/264  loss=0.2884
Epoch 262/300  train=3.441e-01  rmse=3.6937  lr=5.0e-05  229s
  batch 10/264  loss=0.3544
  batch 20/264  loss=0.2960
  batch 30/264  loss=0.3396
  batch 40/264  loss=0.4162
  batch 50/264  loss=0.3259
  batch 60/264  loss=0.2762
  batch 70/264  loss=0.3161
  batch 80/264  loss=0.3033
  batch 90/264  loss=0.3375
  batch 100/264  loss=0.2955
  batch 110/264  loss=0.3223
  batch 120/264  loss=0.4316
  batch 130/264  loss=0.3360
  batch 140/264  loss=0.3423
  batch 150/264  loss=0.3949
  batch 160/264  loss=0.4732
  batch 170/264  loss=0.3813
  batch 180/264  loss=0.3740
  batch 190/264  loss=0.2997
  batch 200/264  loss=0.2694
  batch 210/264  loss=0.3790
  batch 220/264  loss=0.3711
  batch 230/264  loss=0.3198
  batch 240/264  loss=0.3629
  batch 250/264  loss=0.3093
  batch 260/264  loss=0.2737
Epoch 263/300  train=3.475e-01  rmse=2.5081  lr=5.0e-05  234s
  batch 10/264  loss=0.2990
  batch 20/264  loss=0.2764
  batch 30/264  loss=0.2940
  batch 40/264  loss=0.3322
  batch 50/264  loss=0.2626
  batch 60/264  loss=0.3663
  batch 70/264  loss=0.4093
  batch 80/264  loss=0.3788
  batch 90/264  loss=0.3568
  batch 100/264  loss=0.3937
  batch 110/264  loss=0.3272
  batch 120/264  loss=0.4217
  batch 130/264  loss=0.4588
  batch 140/264  loss=0.2556
  batch 150/264  loss=0.3386
  batch 160/264  loss=0.2930
  batch 170/264  loss=0.3558
  batch 180/264  loss=0.4027
  batch 190/264  loss=0.4499
  batch 200/264  loss=0.2396
  batch 210/264  loss=0.3520
  batch 220/264  loss=0.4750
  batch 230/264  loss=0.5261
  batch 240/264  loss=0.3338
  batch 250/264  loss=0.2821
  batch 260/264  loss=0.3078
Epoch 264/300  train=3.464e-01  rmse=2.5886  lr=5.0e-05  238s
  batch 10/264  loss=0.3305
  batch 20/264  loss=0.3825
  batch 30/264  loss=0.4246
  batch 40/264  loss=0.2716
  batch 50/264  loss=0.3872
  batch 60/264  loss=0.2880
  batch 70/264  loss=0.3539
  batch 80/264  loss=0.2696
  batch 90/264  loss=0.3182
  batch 100/264  loss=0.3040
  batch 110/264  loss=0.3215
  batch 120/264  loss=0.3400
  batch 130/264  loss=0.2849
  batch 140/264  loss=0.4253
  batch 150/264  loss=0.3381
  batch 160/264  loss=0.3277
  batch 170/264  loss=0.3243
  batch 180/264  loss=0.3283
  batch 190/264  loss=0.3121
  batch 200/264  loss=0.3100
  batch 210/264  loss=0.2527
  batch 220/264  loss=0.4284
  batch 230/264  loss=0.3017
  batch 240/264  loss=0.2897
  batch 250/264  loss=0.3447
  batch 260/264  loss=0.3254
Epoch 265/300  train=3.446e-01  rmse=2.6224  lr=5.0e-05  238s
  batch 10/264  loss=0.3838
  batch 20/264  loss=0.3454
  batch 30/264  loss=0.3500
  batch 40/264  loss=0.3317
  batch 50/264  loss=0.3019
  batch 60/264  loss=0.2682
  batch 70/264  loss=0.3094
  batch 80/264  loss=0.4089
  batch 90/264  loss=0.3142
  batch 100/264  loss=0.3199
  batch 110/264  loss=0.2789
  batch 120/264  loss=0.2667
  batch 130/264  loss=0.2914
  batch 140/264  loss=0.4344
  batch 150/264  loss=0.3081
  batch 160/264  loss=0.4573
  batch 170/264  loss=0.3424
  batch 180/264  loss=0.3255
  batch 190/264  loss=0.2794
  batch 200/264  loss=0.2958
  batch 210/264  loss=0.2698
  batch 220/264  loss=0.3044
  batch 230/264  loss=0.2952
  batch 240/264  loss=0.2683
  batch 250/264  loss=0.4603
  batch 260/264  loss=0.3170
Epoch 266/300  train=3.469e-01  rmse=2.0488  lr=5.0e-05  234s
  batch 10/264  loss=0.3445
  batch 20/264  loss=0.2954
  batch 30/264  loss=0.4223
  batch 40/264  loss=0.2846
  batch 50/264  loss=0.5978
  batch 60/264  loss=0.3331
  batch 70/264  loss=0.3929
  batch 80/264  loss=0.3283
  batch 90/264  loss=0.2992
  batch 100/264  loss=0.3215
  batch 110/264  loss=0.3442
  batch 120/264  loss=0.3328
  batch 130/264  loss=0.3435
  batch 140/264  loss=0.3211
  batch 150/264  loss=0.3902
  batch 160/264  loss=0.3510
  batch 170/264  loss=0.3663
  batch 180/264  loss=0.3190
  batch 190/264  loss=0.4096
  batch 200/264  loss=0.2956
  batch 210/264  loss=0.3124
  batch 220/264  loss=0.3136
  batch 230/264  loss=0.3706
  batch 240/264  loss=0.3248
  batch 250/264  loss=0.4485
  batch 260/264  loss=0.2885
Epoch 267/300  train=3.441e-01  rmse=2.0565  lr=5.0e-05  235s
  batch 10/264  loss=0.3631
  batch 20/264  loss=0.4192
  batch 30/264  loss=0.4430
  batch 40/264  loss=0.5307
  batch 50/264  loss=0.3981
  batch 60/264  loss=0.3278
  batch 70/264  loss=0.2698
  batch 80/264  loss=0.3547
  batch 90/264  loss=0.4603
  batch 100/264  loss=0.2670
  batch 110/264  loss=0.3107
  batch 120/264  loss=0.4075
  batch 130/264  loss=0.3054
  batch 140/264  loss=0.3270
  batch 150/264  loss=0.3129
  batch 160/264  loss=0.3526
  batch 170/264  loss=0.2845
  batch 180/264  loss=0.2358
  batch 190/264  loss=0.3722
  batch 200/264  loss=0.3846
  batch 210/264  loss=0.3923
  batch 220/264  loss=0.2895
  batch 230/264  loss=0.3252
  batch 240/264  loss=0.4124
  batch 250/264  loss=0.4520
  batch 260/264  loss=0.3650
Epoch 268/300  train=3.490e-01  rmse=2.8252  lr=5.0e-05  235s
  batch 10/264  loss=0.3625
  batch 20/264  loss=0.2999
  batch 30/264  loss=0.3991
  batch 40/264  loss=0.4208
  batch 50/264  loss=0.2515
  batch 60/264  loss=0.3840
  batch 70/264  loss=0.2651
  batch 80/264  loss=0.2737
  batch 90/264  loss=0.5092
  batch 100/264  loss=0.3152
  batch 110/264  loss=0.4734
  batch 120/264  loss=0.4544
  batch 130/264  loss=0.2748
  batch 140/264  loss=0.2752
  batch 150/264  loss=0.4022
  batch 160/264  loss=0.3433
  batch 170/264  loss=0.2968
  batch 180/264  loss=0.2941
  batch 190/264  loss=0.4468
  batch 200/264  loss=0.2945
  batch 210/264  loss=0.2974
  batch 220/264  loss=0.3261
  batch 230/264  loss=0.2797
  batch 240/264  loss=0.3634
  batch 250/264  loss=0.3677
  batch 260/264  loss=0.3007
Epoch 269/300  train=3.443e-01  rmse=2.5810  lr=2.5e-05  234s
  batch 10/264  loss=0.3528
  batch 20/264  loss=0.3041
  batch 30/264  loss=0.3095
  batch 40/264  loss=0.2425
  batch 50/264  loss=0.2722
  batch 60/264  loss=0.3144
  batch 70/264  loss=0.2932
  batch 80/264  loss=0.3330
  batch 90/264  loss=0.4358
  batch 100/264  loss=0.2664
  batch 110/264  loss=0.4234
  batch 120/264  loss=0.3214
  batch 130/264  loss=0.3143
  batch 140/264  loss=0.2769
  batch 150/264  loss=0.3777
  batch 160/264  loss=0.3070
  batch 170/264  loss=0.3052
  batch 180/264  loss=0.4053
  batch 190/264  loss=0.3505
  batch 200/264  loss=0.3121
  batch 210/264  loss=0.3494
  batch 220/264  loss=0.2882
  batch 230/264  loss=0.2925
  batch 240/264  loss=0.4151
  batch 250/264  loss=0.2709
  batch 260/264  loss=0.2831
Epoch 270/300  train=3.386e-01  rmse=2.1760  lr=2.5e-05  234s
  -> best  monitor=3.386e-01
  batch 10/264  loss=0.3418
  batch 20/264  loss=0.2408
  batch 30/264  loss=0.3432
  batch 40/264  loss=0.2899
  batch 50/264  loss=0.2910
  batch 60/264  loss=0.4029
  batch 70/264  loss=0.2661
  batch 80/264  loss=0.3392
  batch 90/264  loss=0.2466
  batch 100/264  loss=0.3276
  batch 110/264  loss=0.2723
  batch 120/264  loss=0.4384
  batch 130/264  loss=0.3008
  batch 140/264  loss=0.2562
  batch 150/264  loss=0.3172
  batch 160/264  loss=0.3454
  batch 170/264  loss=0.3734
  batch 180/264  loss=0.4342
  batch 190/264  loss=0.5109
  batch 200/264  loss=0.3057
  batch 210/264  loss=0.3058
  batch 220/264  loss=0.3657
  batch 230/264  loss=0.4090
  batch 240/264  loss=0.2683
  batch 250/264  loss=0.3666
  batch 260/264  loss=0.3574
Epoch 271/300  train=3.422e-01  rmse=2.1774  lr=2.5e-05  231s
  batch 10/264  loss=0.2984
  batch 20/264  loss=0.4056
  batch 30/264  loss=0.3263
  batch 40/264  loss=0.3293
  batch 50/264  loss=0.5152
  batch 60/264  loss=0.2989
  batch 70/264  loss=0.2900
  batch 80/264  loss=0.4210
  batch 90/264  loss=0.3145
  batch 100/264  loss=0.2583
  batch 110/264  loss=0.3269
  batch 120/264  loss=0.3030
  batch 130/264  loss=0.3794
  batch 140/264  loss=0.3431
  batch 150/264  loss=0.4629
  batch 160/264  loss=0.2872
  batch 170/264  loss=0.3549
  batch 180/264  loss=0.4159
  batch 190/264  loss=0.3813
  batch 200/264  loss=0.3282
  batch 210/264  loss=0.3273
  batch 220/264  loss=0.3971
  batch 230/264  loss=0.2965
  batch 240/264  loss=0.4753
  batch 250/264  loss=0.3316
  batch 260/264  loss=0.2931
Epoch 272/300  train=3.402e-01  rmse=3.5708  lr=2.5e-05  230s
  batch 10/264  loss=0.2977
  batch 20/264  loss=0.2903
  batch 30/264  loss=0.2557
  batch 40/264  loss=0.4338
  batch 50/264  loss=0.2824
  batch 60/264  loss=0.6150
  batch 70/264  loss=0.4176
  batch 80/264  loss=0.2588
  batch 90/264  loss=0.2507
  batch 100/264  loss=0.3832
  batch 110/264  loss=0.3087
  batch 120/264  loss=0.3525
  batch 130/264  loss=0.2995
  batch 140/264  loss=0.2696
  batch 150/264  loss=0.2654
  batch 160/264  loss=0.3104
  batch 170/264  loss=0.3554
  batch 180/264  loss=0.3240
  batch 190/264  loss=0.3001
  batch 200/264  loss=0.3768
  batch 210/264  loss=0.4000
  batch 220/264  loss=0.3817
  batch 230/264  loss=0.3125
  batch 240/264  loss=0.3313
  batch 250/264  loss=0.4923
  batch 260/264  loss=0.3256
Epoch 273/300  train=3.336e-01  rmse=2.4739  lr=2.5e-05  230s
  -> best  monitor=3.336e-01
  batch 10/264  loss=0.3302
  batch 20/264  loss=0.3049
  batch 30/264  loss=0.2726
  batch 40/264  loss=0.4161
  batch 50/264  loss=0.3384
  batch 60/264  loss=0.4199
  batch 70/264  loss=0.3799
  batch 80/264  loss=0.2865
  batch 90/264  loss=0.3706
  batch 100/264  loss=0.2777
  batch 110/264  loss=0.5371
  batch 120/264  loss=0.4367
  batch 130/264  loss=0.3206
  batch 140/264  loss=0.3848
  batch 150/264  loss=0.3214
  batch 160/264  loss=0.3457
  batch 170/264  loss=0.2290
  batch 180/264  loss=0.2508
  batch 190/264  loss=0.4021
  batch 200/264  loss=0.3188
  batch 210/264  loss=0.3413
  batch 220/264  loss=0.3361
  batch 230/264  loss=0.4046
  batch 240/264  loss=0.2893
  batch 250/264  loss=0.4273
  batch 260/264  loss=0.3915
Epoch 274/300  train=3.379e-01  rmse=2.7163  lr=2.5e-05  231s
  batch 10/264  loss=0.3964
  batch 20/264  loss=0.4024
  batch 30/264  loss=0.3547
  batch 40/264  loss=0.6377
  batch 50/264  loss=0.3715
  batch 60/264  loss=0.3484
  batch 70/264  loss=0.3786
  batch 80/264  loss=0.3290
  batch 90/264  loss=0.2737
  batch 100/264  loss=0.2887
  batch 110/264  loss=0.2852
  batch 120/264  loss=0.3027
  batch 130/264  loss=0.4112
  batch 140/264  loss=0.3047
  batch 150/264  loss=0.3767
  batch 160/264  loss=0.3670
  batch 170/264  loss=0.4362
  batch 180/264  loss=0.3298
  batch 190/264  loss=0.4745
  batch 200/264  loss=0.2632
  batch 210/264  loss=0.2949
  batch 220/264  loss=0.4133
  batch 230/264  loss=0.3570
  batch 240/264  loss=0.3361
  batch 250/264  loss=0.6215
  batch 260/264  loss=0.2663
Epoch 275/300  train=3.362e-01  rmse=4.2520  lr=2.5e-05  233s
  batch 10/264  loss=0.3475
  batch 20/264  loss=0.2783
  batch 30/264  loss=0.3552
  batch 40/264  loss=0.2844
  batch 50/264  loss=0.3320
  batch 60/264  loss=0.2658
  batch 70/264  loss=0.3272
  batch 80/264  loss=0.2724
  batch 90/264  loss=0.3558
  batch 100/264  loss=0.3023
  batch 110/264  loss=0.3919
  batch 120/264  loss=0.3988
  batch 130/264  loss=0.3252
  batch 140/264  loss=0.2926
  batch 150/264  loss=0.2770
  batch 160/264  loss=0.3745
  batch 170/264  loss=0.2937
  batch 180/264  loss=0.3109
  batch 190/264  loss=0.3769
  batch 200/264  loss=0.2732
  batch 210/264  loss=0.3519
  batch 220/264  loss=0.2703
  batch 230/264  loss=0.2924
  batch 240/264  loss=0.2539
  batch 250/264  loss=0.2774
  batch 260/264  loss=0.3254
Epoch 276/300  train=3.314e-01  rmse=2.4383  lr=2.5e-05  234s
  -> best  monitor=3.314e-01
  batch 10/264  loss=0.4500
  batch 20/264  loss=0.3021
  batch 30/264  loss=0.3580
  batch 40/264  loss=0.2961
  batch 50/264  loss=0.2918
  batch 60/264  loss=0.2669
  batch 70/264  loss=0.3815
  batch 80/264  loss=0.3153
  batch 90/264  loss=0.4551
  batch 100/264  loss=0.4354
  batch 110/264  loss=0.3035
  batch 120/264  loss=0.2746
  batch 130/264  loss=0.3788
  batch 140/264  loss=0.2984
  batch 150/264  loss=0.4073
  batch 160/264  loss=0.3856
  batch 170/264  loss=0.2851
  batch 180/264  loss=0.2732
  batch 190/264  loss=0.2858
  batch 200/264  loss=0.3024
  batch 210/264  loss=0.2901
  batch 220/264  loss=0.3900
  batch 230/264  loss=0.3263
  batch 240/264  loss=0.4351
  batch 250/264  loss=0.2715
  batch 260/264  loss=0.3241
Epoch 277/300  train=3.350e-01  rmse=2.9338  lr=2.5e-05  234s
  batch 10/264  loss=0.2879
  batch 20/264  loss=0.2900
  batch 30/264  loss=0.4528
  batch 40/264  loss=0.3847
  batch 50/264  loss=0.3272
  batch 60/264  loss=0.2756
  batch 70/264  loss=0.3375
  batch 80/264  loss=0.4447
  batch 90/264  loss=0.2663
  batch 100/264  loss=0.3345
  batch 110/264  loss=0.3688
  batch 120/264  loss=0.2610
  batch 130/264  loss=0.3932
  batch 140/264  loss=0.2609
  batch 150/264  loss=0.2923
  batch 160/264  loss=0.2785
  batch 170/264  loss=0.2709
  batch 180/264  loss=0.3104
  batch 190/264  loss=0.2855
  batch 200/264  loss=0.3158
  batch 210/264  loss=0.3277
  batch 220/264  loss=0.3361
  batch 230/264  loss=0.3169
  batch 240/264  loss=0.4213
  batch 250/264  loss=0.3760
  batch 260/264  loss=0.4174
Epoch 278/300  train=3.356e-01  rmse=4.7940  lr=2.5e-05  234s
  batch 10/264  loss=0.3275
  batch 20/264  loss=0.3027
  batch 30/264  loss=0.4216
  batch 40/264  loss=0.2988
  batch 50/264  loss=0.3806
  batch 60/264  loss=0.3733
  batch 70/264  loss=0.2910
  batch 80/264  loss=0.3445
  batch 90/264  loss=0.3062
  batch 100/264  loss=0.3488
  batch 110/264  loss=0.3091
  batch 120/264  loss=0.3415
  batch 130/264  loss=0.2982
  batch 140/264  loss=0.3489
  batch 150/264  loss=0.3148
  batch 160/264  loss=0.3435
  batch 170/264  loss=0.3650
  batch 180/264  loss=0.3999
  batch 190/264  loss=0.3020
  batch 200/264  loss=0.4096
  batch 210/264  loss=0.3404
  batch 220/264  loss=0.3766
  batch 230/264  loss=0.3398
  batch 240/264  loss=0.3179
  batch 250/264  loss=0.4014
  batch 260/264  loss=0.2867
Epoch 279/300  train=3.373e-01  rmse=2.4322  lr=2.5e-05  233s
  batch 10/264  loss=0.3352
  batch 20/264  loss=0.3610
  batch 30/264  loss=0.3895
  batch 40/264  loss=0.2861
  batch 50/264  loss=0.3482
  batch 60/264  loss=0.3643
  batch 70/264  loss=0.2889
  batch 80/264  loss=0.4331
  batch 90/264  loss=0.3056
  batch 100/264  loss=0.2808
  batch 110/264  loss=0.3028
  batch 120/264  loss=0.3019
  batch 130/264  loss=0.2735
  batch 140/264  loss=0.3448
  batch 150/264  loss=0.2742
  batch 160/264  loss=0.3333
  batch 170/264  loss=0.2714
  batch 180/264  loss=0.3297
  batch 190/264  loss=0.2867
  batch 200/264  loss=0.3310
  batch 210/264  loss=0.3417
  batch 220/264  loss=0.3271
  batch 230/264  loss=0.4094
  batch 240/264  loss=0.4081
  batch 250/264  loss=0.3030
  batch 260/264  loss=0.3179
Epoch 280/300  train=3.386e-01  rmse=3.1365  lr=2.5e-05  234s
  batch 10/264  loss=0.3906
  batch 20/264  loss=0.3300
  batch 30/264  loss=0.4245
  batch 40/264  loss=0.3372
  batch 50/264  loss=0.3710
  batch 60/264  loss=0.3074
  batch 70/264  loss=0.4042
  batch 80/264  loss=0.3061
  batch 90/264  loss=0.2554
  batch 100/264  loss=0.3387
  batch 110/264  loss=0.3074
  batch 120/264  loss=0.3349
  batch 130/264  loss=0.3986
  batch 140/264  loss=0.4105
  batch 150/264  loss=0.3740
  batch 160/264  loss=0.2900
  batch 170/264  loss=0.3040
  batch 180/264  loss=0.4298
  batch 190/264  loss=0.2917
  batch 200/264  loss=0.3966
  batch 210/264  loss=0.3259
  batch 220/264  loss=0.3822
  batch 230/264  loss=0.3429
  batch 240/264  loss=0.3026
  batch 250/264  loss=0.3005
  batch 260/264  loss=0.3003
Epoch 281/300  train=3.342e-01  rmse=3.1727  lr=2.5e-05  235s
  batch 10/264  loss=0.4574
  batch 20/264  loss=0.3886
  batch 30/264  loss=0.3129
  batch 40/264  loss=0.2941
  batch 50/264  loss=0.3489
  batch 60/264  loss=0.3079
  batch 70/264  loss=0.4274
  batch 80/264  loss=0.2679
  batch 90/264  loss=0.2784
  batch 100/264  loss=0.2738
  batch 110/264  loss=0.3115
  batch 120/264  loss=0.3021
  batch 130/264  loss=0.3762
  batch 140/264  loss=0.3066
  batch 150/264  loss=0.3857
  batch 160/264  loss=0.5507
  batch 170/264  loss=0.2717
  batch 180/264  loss=0.2757
  batch 190/264  loss=0.2679
  batch 200/264  loss=0.2853
  batch 210/264  loss=0.3109
  batch 220/264  loss=0.3638
  batch 230/264  loss=0.3158
  batch 240/264  loss=0.3420
  batch 250/264  loss=0.2281
  batch 260/264  loss=0.3822
Epoch 282/300  train=3.382e-01  rmse=3.6048  lr=2.5e-05  234s
  batch 10/264  loss=0.3445
  batch 20/264  loss=0.3729
  batch 30/264  loss=0.3141
  batch 40/264  loss=0.3166
  batch 50/264  loss=0.3819
  batch 60/264  loss=0.3131
  batch 70/264  loss=0.3286
  batch 80/264  loss=0.5965
  batch 90/264  loss=0.3149
  batch 100/264  loss=0.2803
  batch 110/264  loss=0.2937
  batch 120/264  loss=0.2651
  batch 130/264  loss=0.3754
  batch 140/264  loss=0.4092
  batch 150/264  loss=0.3164
  batch 160/264  loss=0.2957
  batch 170/264  loss=0.3445
  batch 180/264  loss=0.3599
  batch 190/264  loss=0.3009
  batch 200/264  loss=0.3332
  batch 210/264  loss=0.2862
  batch 220/264  loss=0.4605
  batch 230/264  loss=0.3378
  batch 240/264  loss=0.3001
  batch 250/264  loss=0.3155
  batch 260/264  loss=0.3431
Epoch 283/300  train=3.358e-01  rmse=2.1940  lr=2.5e-05  233s
  batch 10/264  loss=0.2707
  batch 20/264  loss=0.3623
  batch 30/264  loss=0.3711
  batch 40/264  loss=0.3093
  batch 50/264  loss=0.4234
  batch 60/264  loss=0.3177
  batch 70/264  loss=0.4026
  batch 80/264  loss=0.3178
  batch 90/264  loss=0.4030
  batch 100/264  loss=0.2988
  batch 110/264  loss=0.2859
  batch 120/264  loss=0.3251
  batch 130/264  loss=0.3519
  batch 140/264  loss=0.3172
  batch 150/264  loss=0.3000
  batch 160/264  loss=0.3122
  batch 170/264  loss=0.2913
  batch 180/264  loss=0.2553
  batch 190/264  loss=0.2793
  batch 200/264  loss=0.3377
  batch 210/264  loss=0.3619
  batch 220/264  loss=0.2919
  batch 230/264  loss=0.3216
  batch 240/264  loss=0.4167
  batch 250/264  loss=0.3078
  batch 260/264  loss=0.3089
Epoch 284/300  train=3.350e-01  rmse=3.5936  lr=2.5e-05  234s
  batch 10/264  loss=0.3830
  batch 20/264  loss=0.2908
  batch 30/264  loss=0.3239
  batch 40/264  loss=0.2660
  batch 50/264  loss=0.3039
  batch 60/264  loss=0.2606
  batch 70/264  loss=0.3942
  batch 80/264  loss=0.3845
  batch 90/264  loss=0.3048
  batch 100/264  loss=0.3106
  batch 110/264  loss=0.3095
  batch 120/264  loss=0.3653
  batch 130/264  loss=0.2863
  batch 140/264  loss=0.2985
  batch 150/264  loss=0.4280
  batch 160/264  loss=0.2784
  batch 170/264  loss=0.3292
  batch 180/264  loss=0.4529
  batch 190/264  loss=0.3645
  batch 200/264  loss=0.3727
  batch 210/264  loss=0.4106
  batch 220/264  loss=0.2642
  batch 230/264  loss=0.3885
  batch 240/264  loss=0.3978
  batch 250/264  loss=0.2912
  batch 260/264  loss=0.4510
Epoch 285/300  train=3.314e-01  rmse=1.8197  lr=2.5e-05  237s
  batch 10/264  loss=0.3976
  batch 20/264  loss=0.3326
  batch 30/264  loss=0.3132
  batch 40/264  loss=0.9636
  batch 50/264  loss=0.4071
  batch 60/264  loss=0.3414
  batch 70/264  loss=0.2697
  batch 80/264  loss=0.2614
  batch 90/264  loss=0.3178
  batch 100/264  loss=0.2980
  batch 110/264  loss=0.2656
  batch 120/264  loss=0.2633
  batch 130/264  loss=0.2695
  batch 140/264  loss=0.4420
  batch 150/264  loss=0.3305
  batch 160/264  loss=0.6224
  batch 170/264  loss=0.3848
  batch 180/264  loss=0.3136
  batch 190/264  loss=0.2839
  batch 200/264  loss=0.2577
  batch 210/264  loss=0.3564
  batch 220/264  loss=0.4226
  batch 230/264  loss=0.3633
  batch 240/264  loss=0.2694
  batch 250/264  loss=0.4159
  batch 260/264  loss=0.3696
Epoch 286/300  train=3.393e-01  rmse=3.0122  lr=2.5e-05  236s
  batch 10/264  loss=0.3328
  batch 20/264  loss=0.3577
  batch 30/264  loss=0.3113
  batch 40/264  loss=0.2958
  batch 50/264  loss=0.2983
  batch 60/264  loss=0.3167
  batch 70/264  loss=0.2628
  batch 80/264  loss=0.3669
  batch 90/264  loss=0.2977
  batch 100/264  loss=0.2663
  batch 110/264  loss=0.2615
  batch 120/264  loss=0.3213
  batch 130/264  loss=0.2993
  batch 140/264  loss=0.3424
  batch 150/264  loss=0.3112
  batch 160/264  loss=0.3470
  batch 170/264  loss=0.4204
  batch 180/264  loss=0.3173
  batch 190/264  loss=0.3002
  batch 200/264  loss=0.3965
  batch 210/264  loss=0.2543
  batch 220/264  loss=0.3164
  batch 230/264  loss=0.3426
  batch 240/264  loss=0.3022
  batch 250/264  loss=0.3157
  batch 260/264  loss=0.3328
Epoch 287/300  train=3.345e-01  rmse=2.3466  lr=1.3e-05  236s
  batch 10/264  loss=0.3817
  batch 20/264  loss=0.3771
  batch 30/264  loss=0.2892
  batch 40/264  loss=0.4038
  batch 50/264  loss=0.2972
  batch 60/264  loss=0.3304
  batch 70/264  loss=0.3429
  batch 80/264  loss=0.2885
  batch 90/264  loss=0.3644
  batch 100/264  loss=0.4410
  batch 110/264  loss=0.2873
  batch 120/264  loss=0.3916
  batch 130/264  loss=0.3445
  batch 140/264  loss=0.2625
  batch 150/264  loss=0.2790
  batch 160/264  loss=0.2450
  batch 170/264  loss=0.3080
  batch 180/264  loss=0.2838
  batch 190/264  loss=0.3659
  batch 200/264  loss=0.2941
  batch 210/264  loss=0.2815
  batch 220/264  loss=0.3120
  batch 230/264  loss=0.4566
  batch 240/264  loss=0.5107
  batch 250/264  loss=0.2750
  batch 260/264  loss=0.3171
Epoch 288/300  train=3.297e-01  rmse=1.8326  lr=1.3e-05  235s
  -> best  monitor=3.297e-01
  batch 10/264  loss=0.2958
  batch 20/264  loss=0.4273
  batch 30/264  loss=0.3328
  batch 40/264  loss=0.3265
  batch 50/264  loss=0.2474
  batch 60/264  loss=0.3297
  batch 70/264  loss=0.3403
  batch 80/264  loss=0.2858
  batch 90/264  loss=0.3317
  batch 100/264  loss=0.2910
  batch 110/264  loss=0.3104
  batch 120/264  loss=0.2748
  batch 130/264  loss=0.4114
  batch 140/264  loss=0.3991
  batch 150/264  loss=0.2620
  batch 160/264  loss=0.3082
  batch 170/264  loss=0.4325
  batch 180/264  loss=0.2645
  batch 190/264  loss=0.5464
  batch 200/264  loss=0.3264
  batch 210/264  loss=0.2330
  batch 220/264  loss=0.3362
  batch 230/264  loss=0.2953
  batch 240/264  loss=0.3022
  batch 250/264  loss=0.3553
  batch 260/264  loss=0.2547
Epoch 289/300  train=3.341e-01  rmse=2.5344  lr=1.3e-05  235s
  batch 10/264  loss=0.2588
  batch 20/264  loss=0.3457
  batch 30/264  loss=0.3677
  batch 40/264  loss=0.3946
  batch 50/264  loss=0.2910
  batch 60/264  loss=0.2841
  batch 70/264  loss=0.3102
  batch 80/264  loss=0.4083
  batch 90/264  loss=0.3082
  batch 100/264  loss=0.2610
  batch 110/264  loss=0.3092
  batch 120/264  loss=0.3598
  batch 130/264  loss=0.3968
  batch 140/264  loss=0.2622
  batch 150/264  loss=0.3035
  batch 160/264  loss=0.3799
  batch 170/264  loss=0.2855
  batch 180/264  loss=0.3252
  batch 190/264  loss=0.2860
  batch 200/264  loss=0.2604
  batch 210/264  loss=0.2796
  batch 220/264  loss=0.3057
  batch 230/264  loss=0.2731
  batch 240/264  loss=0.3915
  batch 250/264  loss=0.3053
  batch 260/264  loss=0.2755
Epoch 290/300  train=3.324e-01  rmse=3.2999  lr=1.3e-05  231s
  batch 10/264  loss=0.3999
  batch 20/264  loss=0.2848
  batch 30/264  loss=0.2891
  batch 40/264  loss=0.3027
  batch 50/264  loss=0.3190
  batch 60/264  loss=0.3080
  batch 70/264  loss=0.3111
  batch 80/264  loss=0.3937
  batch 90/264  loss=0.4499
  batch 100/264  loss=0.3264
  batch 110/264  loss=0.2630
  batch 120/264  loss=0.3639
  batch 130/264  loss=0.2969
  batch 140/264  loss=0.3812
  batch 150/264  loss=0.2820
  batch 160/264  loss=0.3955
  batch 170/264  loss=0.3079
  batch 180/264  loss=0.4524
  batch 190/264  loss=0.2685
  batch 200/264  loss=0.2962
  batch 210/264  loss=0.4383
  batch 220/264  loss=0.3830
  batch 230/264  loss=0.3254
  batch 240/264  loss=0.3164
  batch 250/264  loss=0.2624
  batch 260/264  loss=0.3822
Epoch 291/300  train=3.324e-01  rmse=2.0600  lr=1.3e-05  231s
  batch 10/264  loss=0.3994
  batch 20/264  loss=0.3513
  batch 30/264  loss=0.3260
  batch 40/264  loss=0.3312
  batch 50/264  loss=0.2953
  batch 60/264  loss=0.2701
  batch 70/264  loss=0.2947
  batch 80/264  loss=0.3454
  batch 90/264  loss=0.3559
  batch 100/264  loss=0.4475
  batch 110/264  loss=0.2691
  batch 120/264  loss=0.3780
  batch 130/264  loss=0.3067
  batch 140/264  loss=0.2967
  batch 150/264  loss=0.2757
  batch 160/264  loss=0.3662
  batch 170/264  loss=0.4223
  batch 180/264  loss=0.3400
  batch 190/264  loss=0.2834
  batch 200/264  loss=0.4183
  batch 210/264  loss=0.3439
  batch 220/264  loss=0.2707
  batch 230/264  loss=0.2907
  batch 240/264  loss=0.3834
  batch 250/264  loss=0.2866
  batch 260/264  loss=0.3195
Epoch 292/300  train=3.365e-01  rmse=2.7395  lr=1.3e-05  232s
  batch 10/264  loss=0.3214
  batch 20/264  loss=0.2885
  batch 30/264  loss=0.3171
  batch 40/264  loss=0.3579
  batch 50/264  loss=0.3257
  batch 60/264  loss=0.3132
  batch 70/264  loss=0.2764
  batch 80/264  loss=0.2844
  batch 90/264  loss=0.3316
  batch 100/264  loss=0.3765
  batch 110/264  loss=0.3155
  batch 120/264  loss=0.3474
  batch 130/264  loss=0.2447
  batch 140/264  loss=0.3069
  batch 150/264  loss=0.3243
  batch 160/264  loss=0.3391
  batch 170/264  loss=0.2693
  batch 180/264  loss=0.3203
  batch 190/264  loss=0.3283
  batch 200/264  loss=0.3518
  batch 210/264  loss=0.3186
  batch 220/264  loss=0.3220
  batch 230/264  loss=0.3336
  batch 240/264  loss=0.2470
  batch 250/264  loss=0.2628
  batch 260/264  loss=0.3201
Epoch 293/300  train=3.296e-01  rmse=2.5886  lr=1.3e-05  232s
  -> best  monitor=3.296e-01
  batch 10/264  loss=0.4175
  batch 20/264  loss=0.3435
  batch 30/264  loss=0.3386
  batch 40/264  loss=0.3226
  batch 50/264  loss=0.2811
  batch 60/264  loss=0.2911
  batch 70/264  loss=0.2618
  batch 80/264  loss=0.3967
  batch 90/264  loss=0.3760
  batch 100/264  loss=0.3708
  batch 110/264  loss=0.3797
  batch 120/264  loss=0.3360
  batch 130/264  loss=0.3115
  batch 140/264  loss=0.2984
  batch 150/264  loss=0.4733
  batch 160/264  loss=0.2876
  batch 170/264  loss=0.2713
  batch 180/264  loss=0.2814
  batch 190/264  loss=0.3768
  batch 200/264  loss=0.3861
  batch 210/264  loss=0.2733
  batch 220/264  loss=0.2965
  batch 230/264  loss=0.4116
  batch 240/264  loss=0.2532
  batch 250/264  loss=0.3577
  batch 260/264  loss=0.3186
Epoch 294/300  train=3.289e-01  rmse=2.5911  lr=1.3e-05  231s
  -> best  monitor=3.289e-01
  batch 10/264  loss=0.3920
  batch 20/264  loss=0.4158
  batch 30/264  loss=0.3083
  batch 40/264  loss=0.4381
  batch 50/264  loss=0.4311
  batch 60/264  loss=0.2743
  batch 70/264  loss=0.3349
  batch 80/264  loss=0.2949
  batch 90/264  loss=0.2603
  batch 100/264  loss=0.3170
  batch 110/264  loss=0.3337
  batch 120/264  loss=0.2927
  batch 130/264  loss=0.4540
  batch 140/264  loss=0.3156
  batch 150/264  loss=0.3466
  batch 160/264  loss=0.4023
  batch 170/264  loss=0.2894
  batch 180/264  loss=0.2680
  batch 190/264  loss=0.2929
  batch 200/264  loss=0.2600
  batch 210/264  loss=0.2778
  batch 220/264  loss=0.2502
  batch 230/264  loss=0.2662
  batch 240/264  loss=0.3912
  batch 250/264  loss=0.4182
  batch 260/264  loss=0.2781
Epoch 295/300  train=3.320e-01  rmse=1.7425  lr=1.3e-05  231s
  batch 10/264  loss=0.2722
  batch 20/264  loss=0.2620
  batch 30/264  loss=0.2615
  batch 40/264  loss=0.3665
  batch 50/264  loss=0.4457
  batch 60/264  loss=0.4035
  batch 70/264  loss=0.5121
  batch 80/264  loss=0.3228
  batch 90/264  loss=0.3435
  batch 100/264  loss=0.3368
  batch 110/264  loss=0.3657
  batch 120/264  loss=0.2712
  batch 130/264  loss=0.2701
  batch 140/264  loss=0.2279
  batch 150/264  loss=0.2968
  batch 160/264  loss=0.3090
  batch 170/264  loss=0.2942
  batch 180/264  loss=0.3451
  batch 190/264  loss=0.2591
  batch 200/264  loss=0.3664
  batch 210/264  loss=0.2581
  batch 220/264  loss=0.2619
  batch 230/264  loss=0.2839
  batch 240/264  loss=0.3924
  batch 250/264  loss=0.4101
  batch 260/264  loss=0.2782
Epoch 296/300  train=3.328e-01  rmse=3.0803  lr=1.3e-05  231s
  batch 10/264  loss=0.2861
  batch 20/264  loss=0.3509
  batch 30/264  loss=0.3585
  batch 40/264  loss=0.3152
  batch 50/264  loss=0.3406
  batch 60/264  loss=0.2903
  batch 70/264  loss=0.3482
  batch 80/264  loss=0.2893
  batch 90/264  loss=0.2548
  batch 100/264  loss=0.4040
  batch 110/264  loss=0.2592
  batch 120/264  loss=0.4202
  batch 130/264  loss=0.3576
  batch 140/264  loss=0.2263
  batch 150/264  loss=0.2938
  batch 160/264  loss=0.3155
  batch 170/264  loss=0.4578
  batch 180/264  loss=0.4589
  batch 190/264  loss=0.4393
  batch 200/264  loss=0.2959
  batch 210/264  loss=0.2981
  batch 220/264  loss=0.2598
  batch 230/264  loss=0.3457
  batch 240/264  loss=0.2913
  batch 250/264  loss=0.2886
  batch 260/264  loss=0.3247
Epoch 297/300  train=3.292e-01  rmse=3.9618  lr=1.3e-05  231s
  batch 10/264  loss=0.3570
  batch 20/264  loss=0.4223
  batch 30/264  loss=0.2802
  batch 40/264  loss=0.3242
  batch 50/264  loss=0.3870
  batch 60/264  loss=0.3029
  batch 70/264  loss=0.3479
  batch 80/264  loss=0.2396
  batch 90/264  loss=0.3154
  batch 100/264  loss=0.3397
  batch 110/264  loss=0.3192
  batch 120/264  loss=0.4624
  batch 130/264  loss=0.3135
  batch 140/264  loss=0.3031
  batch 150/264  loss=0.3739
  batch 160/264  loss=0.3936
  batch 170/264  loss=0.4032
  batch 180/264  loss=0.3354
  batch 190/264  loss=0.5188
  batch 200/264  loss=0.2964
  batch 210/264  loss=0.2976
  batch 220/264  loss=0.3519
  batch 230/264  loss=0.2357
  batch 240/264  loss=0.2765
  batch 250/264  loss=0.4090
  batch 260/264  loss=0.3063
Epoch 298/300  train=3.382e-01  rmse=1.9948  lr=1.3e-05  232s
  batch 10/264  loss=0.3279
  batch 20/264  loss=0.2836
  batch 30/264  loss=0.3089
  batch 40/264  loss=0.2801
  batch 50/264  loss=0.3037
  batch 60/264  loss=0.3944
  batch 70/264  loss=0.3225
  batch 80/264  loss=0.2821
  batch 90/264  loss=0.2748
  batch 100/264  loss=0.3122
  batch 110/264  loss=0.2727
  batch 120/264  loss=0.4039
  batch 130/264  loss=0.2944
  batch 140/264  loss=0.4702
  batch 150/264  loss=0.4508
  batch 160/264  loss=0.3154
  batch 170/264  loss=0.3861
  batch 180/264  loss=0.2879
  batch 190/264  loss=0.3086
  batch 200/264  loss=0.2827
  batch 210/264  loss=0.2267
  batch 220/264  loss=0.3095
  batch 230/264  loss=0.3163
  batch 240/264  loss=0.2810
  batch 250/264  loss=0.3838
  batch 260/264  loss=0.3279
Epoch 299/300  train=3.314e-01  rmse=2.2329  lr=1.3e-05  231s
  batch 10/264  loss=0.2678
  batch 20/264  loss=0.3192
  batch 30/264  loss=0.2986
  batch 40/264  loss=0.3170
  batch 50/264  loss=0.2703
  batch 60/264  loss=0.3524
  batch 70/264  loss=0.2907
  batch 80/264  loss=0.3782
  batch 90/264  loss=0.3312
  batch 100/264  loss=0.3106
  batch 110/264  loss=0.2796
  batch 120/264  loss=0.3226
  batch 130/264  loss=0.2906
  batch 140/264  loss=0.3801
  batch 150/264  loss=0.2516
  batch 160/264  loss=0.3397
  batch 170/264  loss=0.2926
  batch 180/264  loss=0.2895
  batch 190/264  loss=0.2635
  batch 200/264  loss=0.3084
  batch 210/264  loss=0.3256
  batch 220/264  loss=0.3222
  batch 230/264  loss=0.3102
  batch 240/264  loss=0.2947
  batch 250/264  loss=0.3274
  batch 260/264  loss=0.3736
Epoch 300/300  train=3.303e-01  rmse=2.7245  lr=1.3e-05  230s

Test evaluation (best checkpoint)...
Test (RMSE / MAE in μg/m³):
  total: 0.447911
  main: 0.027747
  nonneg: 0.000000
  smooth: 0.000000
  anom: 0.000000
  grad: 0.000551
  pattern: 0.120929
  spectral: 0.298683
  var: 0.000000
  rmse: 0.778571
  rmse_low: 1.020437
  rmse_high: 0.334055
  mae: 0.395142

  z  Height(m)        R²
--------------------------
  0       15.0    0.8350  <- ~0-100m
  1       25.0    0.8304  <- ~0-100m
  2       35.0    0.8629  <- ~0-100m
  3       45.0    0.8858  <- ~0-100m
  4       55.0    0.8995  <- ~0-100m
  5       75.0    0.9344  <- ~0-100m
  6       95.0    0.9558  <- ~0-100m
  7      115.0    0.9668  <- ~0-100m
  8      135.0    0.9732
  9      155.0    0.9769
 10      175.0    0.9788
 11      195.0    0.9798
