Device: cuda
Building datasets...
Temporal split:  train=264  val=0  test=72
Fitting normalisation on 264 samples...
  50/264
  100/264
  150/264
  200/264
  250/264
Done.
  emission  mean=5.6840  std=1.1291
  pm25      per-level  mean[0]=2.3826e+00  mean[-1]=1.1283e+00
Model: UNet3D  base_ch=16  params: 1,598,466
No val set — using train loss for scheduler and checkpoint selection.

Training for 300 epochs...
  batch 10/264  loss=2.7042
  batch 20/264  loss=4.1031
  batch 30/264  loss=1.9763
  batch 40/264  loss=2.9424
  batch 50/264  loss=2.3406
  batch 60/264  loss=2.1389
  batch 70/264  loss=1.2939
  batch 80/264  loss=1.2555
  batch 90/264  loss=3.5246
  batch 100/264  loss=4.5967
  batch 110/264  loss=1.2524
  batch 120/264  loss=1.0879
  batch 130/264  loss=1.1442
  batch 140/264  loss=1.2264
  batch 150/264  loss=1.9880
  batch 160/264  loss=1.8555
  batch 170/264  loss=0.9782
  batch 180/264  loss=2.8441
  batch 190/264  loss=2.5420
  batch 200/264  loss=1.1130
  batch 210/264  loss=1.6686
  batch 220/264  loss=1.3351
  batch 230/264  loss=1.5746
  batch 240/264  loss=1.5282
  batch 250/264  loss=1.8524
  batch 260/264  loss=1.2325
Epoch   1/300  train=2.031e+00  rmse=4.4218  lr=1.0e-04  254s
  -> best  monitor=2.031e+00
  batch 10/264  loss=1.3509
  batch 20/264  loss=2.1735
  batch 30/264  loss=1.9534
  batch 40/264  loss=4.2796
  batch 50/264  loss=1.0641
  batch 60/264  loss=0.9802
  batch 70/264  loss=1.1067
  batch 80/264  loss=1.3822
  batch 90/264  loss=1.6991
  batch 100/264  loss=0.8538
  batch 110/264  loss=1.1603
  batch 120/264  loss=0.8799
  batch 130/264  loss=1.2643
  batch 140/264  loss=1.1777
  batch 150/264  loss=2.8340
  batch 160/264  loss=0.9677
  batch 170/264  loss=3.1874
  batch 180/264  loss=1.4826
  batch 190/264  loss=1.3435
  batch 200/264  loss=1.2502
  batch 210/264  loss=1.8025
  batch 220/264  loss=1.2101
  batch 230/264  loss=0.9633
  batch 240/264  loss=1.6162
  batch 250/264  loss=0.9303
  batch 260/264  loss=0.8971
Epoch   2/300  train=1.464e+00  rmse=3.6837  lr=1.0e-04  232s
  -> best  monitor=1.464e+00
  batch 10/264  loss=1.3366
  batch 20/264  loss=0.9553
  batch 30/264  loss=2.4428
  batch 40/264  loss=0.9538
  batch 50/264  loss=1.0093
  batch 60/264  loss=0.8846
  batch 70/264  loss=0.9954
  batch 80/264  loss=1.8160
  batch 90/264  loss=1.5309
  batch 100/264  loss=0.9675
  batch 110/264  loss=0.7508
  batch 120/264  loss=1.6469
  batch 130/264  loss=0.9072
  batch 140/264  loss=1.3406
  batch 150/264  loss=0.8410
  batch 160/264  loss=1.0842
  batch 170/264  loss=1.1803
  batch 180/264  loss=1.4469
  batch 190/264  loss=1.2525
  batch 200/264  loss=0.8058
  batch 210/264  loss=2.6244
  batch 220/264  loss=1.1583
  batch 230/264  loss=0.8605
  batch 240/264  loss=0.7916
  batch 250/264  loss=0.8996
  batch 260/264  loss=1.2465
Epoch   3/300  train=1.177e+00  rmse=3.1819  lr=1.0e-04  231s
  -> best  monitor=1.177e+00
  batch 10/264  loss=0.9369
  batch 20/264  loss=1.2971
  batch 30/264  loss=1.0008
  batch 40/264  loss=0.9594
  batch 50/264  loss=0.9447
  batch 60/264  loss=0.9251
  batch 70/264  loss=0.7732
  batch 80/264  loss=0.7699
  batch 90/264  loss=0.8827
  batch 100/264  loss=0.8088
  batch 110/264  loss=0.9500
  batch 120/264  loss=1.4218
  batch 130/264  loss=0.9477
  batch 140/264  loss=0.8715
  batch 150/264  loss=0.7128
  batch 160/264  loss=1.5073
  batch 170/264  loss=0.6359
  batch 180/264  loss=1.2383
  batch 190/264  loss=0.9540
  batch 200/264  loss=1.2124
  batch 210/264  loss=0.8396
  batch 220/264  loss=1.9347
  batch 230/264  loss=0.6454
  batch 240/264  loss=1.4629
  batch 250/264  loss=1.1899
  batch 260/264  loss=0.8144
Epoch   4/300  train=1.050e+00  rmse=2.9516  lr=1.0e-04  230s
  -> best  monitor=1.050e+00
  batch 10/264  loss=0.7857
  batch 20/264  loss=0.8530
  batch 30/264  loss=0.9216
  batch 40/264  loss=1.8282
  batch 50/264  loss=0.8070
  batch 60/264  loss=2.4368
  batch 70/264  loss=0.6117
  batch 80/264  loss=0.5662
  batch 90/264  loss=0.7169
  batch 100/264  loss=0.8277
  batch 110/264  loss=0.7936
  batch 120/264  loss=0.8968
  batch 130/264  loss=0.8058
  batch 140/264  loss=1.6718
  batch 150/264  loss=0.7361
  batch 160/264  loss=0.5926
  batch 170/264  loss=0.9940
  batch 180/264  loss=0.6603
  batch 190/264  loss=0.6997
  batch 200/264  loss=1.0022
  batch 210/264  loss=0.6565
  batch 220/264  loss=0.7810
  batch 230/264  loss=0.6439
  batch 240/264  loss=0.7117
  batch 250/264  loss=0.5793
  batch 260/264  loss=0.6823
Epoch   5/300  train=9.599e-01  rmse=2.8549  lr=1.0e-04  230s
  -> best  monitor=9.599e-01
  batch 10/264  loss=0.7800
  batch 20/264  loss=0.6441
  batch 30/264  loss=0.8500
  batch 40/264  loss=0.5793
  batch 50/264  loss=1.1631
  batch 60/264  loss=0.6985
  batch 70/264  loss=1.0962
  batch 80/264  loss=1.1855
  batch 90/264  loss=1.1620
  batch 100/264  loss=2.0809
  batch 110/264  loss=0.8098
  batch 120/264  loss=1.2606
  batch 130/264  loss=0.5346
  batch 140/264  loss=0.8322
  batch 150/264  loss=1.0518
  batch 160/264  loss=1.5104
  batch 170/264  loss=0.6193
  batch 180/264  loss=1.0560
  batch 190/264  loss=1.9485
  batch 200/264  loss=0.7310
  batch 210/264  loss=0.8120
  batch 220/264  loss=0.5896
  batch 230/264  loss=0.6683
  batch 240/264  loss=1.0303
  batch 250/264  loss=0.6720
  batch 260/264  loss=1.0564
Epoch   6/300  train=9.264e-01  rmse=2.8677  lr=1.0e-04  231s
  -> best  monitor=9.264e-01
  batch 10/264  loss=1.0262
  batch 20/264  loss=0.5428
  batch 30/264  loss=0.8513
  batch 40/264  loss=0.9651
  batch 50/264  loss=0.8889
  batch 60/264  loss=0.7410
  batch 70/264  loss=0.9337
  batch 80/264  loss=1.1735
  batch 90/264  loss=0.9828
  batch 100/264  loss=0.7729
  batch 110/264  loss=1.0147
  batch 120/264  loss=0.7046
  batch 130/264  loss=0.7933
  batch 140/264  loss=0.6993
  batch 150/264  loss=0.6290
  batch 160/264  loss=0.5414
  batch 170/264  loss=0.8105
  batch 180/264  loss=0.5424
  batch 190/264  loss=1.5290
  batch 200/264  loss=0.6358
  batch 210/264  loss=1.3837
  batch 220/264  loss=1.2635
  batch 230/264  loss=0.6261
  batch 240/264  loss=0.7928
  batch 250/264  loss=0.8519
  batch 260/264  loss=0.6532
Epoch   7/300  train=8.695e-01  rmse=2.8207  lr=1.0e-04  232s
  -> best  monitor=8.695e-01
  batch 10/264  loss=0.7100
  batch 20/264  loss=0.6377
  batch 30/264  loss=0.6410
  batch 40/264  loss=0.9001
  batch 50/264  loss=0.6295
  batch 60/264  loss=0.8386
  batch 70/264  loss=0.7739
  batch 80/264  loss=0.8137
  batch 90/264  loss=0.7569
  batch 100/264  loss=0.7936
  batch 110/264  loss=0.6013
  batch 120/264  loss=0.6216
  batch 130/264  loss=0.6378
  batch 140/264  loss=0.5058
  batch 150/264  loss=0.7895
  batch 160/264  loss=0.7549
  batch 170/264  loss=0.6933
  batch 180/264  loss=0.6237
  batch 190/264  loss=0.5518
  batch 200/264  loss=1.6558
  batch 210/264  loss=0.8220
  batch 220/264  loss=0.5346
  batch 230/264  loss=0.7848
  batch 240/264  loss=0.6912
  batch 250/264  loss=0.7546
  batch 260/264  loss=1.6332
Epoch   8/300  train=8.497e-01  rmse=2.7709  lr=1.0e-04  231s
  -> best  monitor=8.497e-01
  batch 10/264  loss=0.6895
  batch 20/264  loss=0.8063
  batch 30/264  loss=0.5716
  batch 40/264  loss=0.4962
  batch 50/264  loss=0.5150
  batch 60/264  loss=0.5642
  batch 70/264  loss=0.6875
  batch 80/264  loss=0.4911
  batch 90/264  loss=0.4776
  batch 100/264  loss=0.7001
  batch 110/264  loss=0.6646
  batch 120/264  loss=0.6614
  batch 130/264  loss=0.6997
  batch 140/264  loss=0.6258
  batch 150/264  loss=0.5858
  batch 160/264  loss=0.7755
  batch 170/264  loss=1.5974
  batch 180/264  loss=0.6151
  batch 190/264  loss=0.5830
  batch 200/264  loss=0.9463
  batch 210/264  loss=0.5859
  batch 220/264  loss=0.5056
  batch 230/264  loss=0.6578
  batch 240/264  loss=0.6182
  batch 250/264  loss=1.3143
  batch 260/264  loss=0.6317
Epoch   9/300  train=8.235e-01  rmse=2.8179  lr=1.0e-04  228s
  -> best  monitor=8.235e-01
  batch 10/264  loss=0.6341
  batch 20/264  loss=0.8127
  batch 30/264  loss=0.6975
  batch 40/264  loss=0.8020
  batch 50/264  loss=0.7288
  batch 60/264  loss=0.8068
  batch 70/264  loss=0.7219
  batch 80/264  loss=0.6932
  batch 90/264  loss=0.6256
  batch 100/264  loss=0.5379
  batch 110/264  loss=0.5006
  batch 120/264  loss=0.6035
  batch 130/264  loss=0.7631
  batch 140/264  loss=0.6682
  batch 150/264  loss=0.7982
  batch 160/264  loss=0.7625
  batch 170/264  loss=0.6802
  batch 180/264  loss=0.9323
  batch 190/264  loss=0.6897
  batch 200/264  loss=0.5420
  batch 210/264  loss=1.2517
  batch 220/264  loss=0.6402
  batch 230/264  loss=0.7308
  batch 240/264  loss=1.2030
  batch 250/264  loss=0.7918
  batch 260/264  loss=0.5401
Epoch  10/300  train=7.861e-01  rmse=2.7020  lr=1.0e-04  228s
  -> best  monitor=7.861e-01
  batch 10/264  loss=0.8228
  batch 20/264  loss=0.7706
  batch 30/264  loss=0.6186
  batch 40/264  loss=0.5311
  batch 50/264  loss=0.8640
  batch 60/264  loss=0.6106
  batch 70/264  loss=0.7156
  batch 80/264  loss=0.6196
  batch 90/264  loss=0.8657
  batch 100/264  loss=1.0767
  batch 110/264  loss=0.6728
  batch 120/264  loss=0.5795
  batch 130/264  loss=2.0278
  batch 140/264  loss=0.7052
  batch 150/264  loss=0.7687
  batch 160/264  loss=0.5753
  batch 170/264  loss=0.8408
  batch 180/264  loss=0.6705
  batch 190/264  loss=0.6296
  batch 200/264  loss=0.5683
  batch 210/264  loss=0.9662
  batch 220/264  loss=0.4675
  batch 230/264  loss=0.6271
  batch 240/264  loss=0.5131
  batch 250/264  loss=0.7626
  batch 260/264  loss=0.5765
Epoch  11/300  train=7.677e-01  rmse=2.6572  lr=1.0e-04  228s
  -> best  monitor=7.677e-01
  batch 10/264  loss=0.8806
  batch 20/264  loss=0.9647
  batch 30/264  loss=0.6104
  batch 40/264  loss=0.9137
  batch 50/264  loss=0.5602
  batch 60/264  loss=0.5837
  batch 70/264  loss=0.5576
  batch 80/264  loss=0.8063
  batch 90/264  loss=0.6260
  batch 100/264  loss=0.5352
  batch 110/264  loss=0.7146
  batch 120/264  loss=0.6538
  batch 130/264  loss=0.8232
  batch 140/264  loss=0.5283
  batch 150/264  loss=0.5080
  batch 160/264  loss=0.6103
  batch 170/264  loss=0.5941
  batch 180/264  loss=0.5295
  batch 190/264  loss=0.6437
  batch 200/264  loss=0.8598
  batch 210/264  loss=0.6375
  batch 220/264  loss=0.7700
  batch 230/264  loss=0.7953
  batch 240/264  loss=1.0440
  batch 250/264  loss=1.0685
  batch 260/264  loss=0.8347
Epoch  12/300  train=7.460e-01  rmse=2.6374  lr=1.0e-04  226s
  -> best  monitor=7.460e-01
  batch 10/264  loss=1.1490
  batch 20/264  loss=1.3809
  batch 30/264  loss=0.4899
  batch 40/264  loss=2.1348
  batch 50/264  loss=0.7536
  batch 60/264  loss=1.3030
  batch 70/264  loss=0.6127
  batch 80/264  loss=0.6112
  batch 90/264  loss=0.6884
  batch 100/264  loss=0.9136
  batch 110/264  loss=0.7493
  batch 120/264  loss=0.7255
  batch 130/264  loss=0.7737
  batch 140/264  loss=0.6945
  batch 150/264  loss=0.5418
  batch 160/264  loss=0.5943
  batch 170/264  loss=0.6538
  batch 180/264  loss=0.5965
  batch 190/264  loss=0.7518
  batch 200/264  loss=0.6083
  batch 210/264  loss=1.2430
  batch 220/264  loss=0.4492
  batch 230/264  loss=0.5719
  batch 240/264  loss=0.4640
  batch 250/264  loss=0.6378
  batch 260/264  loss=0.5532
Epoch  13/300  train=7.295e-01  rmse=2.6293  lr=1.0e-04  227s
  -> best  monitor=7.295e-01
  batch 10/264  loss=0.6188
  batch 20/264  loss=1.5463
  batch 30/264  loss=0.6043
  batch 40/264  loss=1.2496
  batch 50/264  loss=1.0480
  batch 60/264  loss=0.5036
  batch 70/264  loss=0.7481
  batch 80/264  loss=0.9586
  batch 90/264  loss=0.5404
  batch 100/264  loss=0.9652
  batch 110/264  loss=0.7239
  batch 120/264  loss=0.6346
  batch 130/264  loss=0.5090
  batch 140/264  loss=0.8150
  batch 150/264  loss=0.7493
  batch 160/264  loss=0.9869
  batch 170/264  loss=0.6600
  batch 180/264  loss=0.9091
  batch 190/264  loss=0.5770
  batch 200/264  loss=0.4685
  batch 210/264  loss=0.7140
  batch 220/264  loss=1.1371
  batch 230/264  loss=0.7243
  batch 240/264  loss=0.4763
  batch 250/264  loss=0.4814
  batch 260/264  loss=0.5083
Epoch  14/300  train=7.132e-01  rmse=2.5535  lr=1.0e-04  228s
  -> best  monitor=7.132e-01
  batch 10/264  loss=0.4787
  batch 20/264  loss=0.8617
  batch 30/264  loss=0.7253
  batch 40/264  loss=0.8177
  batch 50/264  loss=0.8815
  batch 60/264  loss=0.6308
  batch 70/264  loss=0.6274
  batch 80/264  loss=0.6063
  batch 90/264  loss=0.5553
  batch 100/264  loss=0.8638
  batch 110/264  loss=0.6182
  batch 120/264  loss=0.5272
  batch 130/264  loss=0.4663
  batch 140/264  loss=0.6531
  batch 150/264  loss=0.5406
  batch 160/264  loss=0.4480
  batch 170/264  loss=0.7110
  batch 180/264  loss=0.7602
  batch 190/264  loss=0.8377
  batch 200/264  loss=1.2127
  batch 210/264  loss=0.6381
  batch 220/264  loss=0.5197
  batch 230/264  loss=0.8875
  batch 240/264  loss=0.5678
  batch 250/264  loss=0.4988
  batch 260/264  loss=0.9010
Epoch  15/300  train=6.989e-01  rmse=2.5173  lr=1.0e-04  227s
  -> best  monitor=6.989e-01
  batch 10/264  loss=0.5291
  batch 20/264  loss=0.4245
  batch 30/264  loss=0.9721
  batch 40/264  loss=0.5970
  batch 50/264  loss=0.9307
  batch 60/264  loss=0.6472
  batch 70/264  loss=0.4979
  batch 80/264  loss=0.6081
  batch 90/264  loss=0.6799
  batch 100/264  loss=0.4896
  batch 110/264  loss=0.6000
  batch 120/264  loss=0.4087
  batch 130/264  loss=0.5177
  batch 140/264  loss=0.4263
  batch 150/264  loss=0.9308
  batch 160/264  loss=0.5099
  batch 170/264  loss=0.6234
  batch 180/264  loss=0.8246
  batch 190/264  loss=0.7109
  batch 200/264  loss=1.4578
  batch 210/264  loss=0.4642
  batch 220/264  loss=0.7552
  batch 230/264  loss=0.8968
  batch 240/264  loss=0.5328
  batch 250/264  loss=0.5466
  batch 260/264  loss=0.6030
Epoch  16/300  train=6.796e-01  rmse=2.4065  lr=1.0e-04  227s
  -> best  monitor=6.796e-01
  batch 10/264  loss=0.8775
  batch 20/264  loss=0.7575
  batch 30/264  loss=0.6121
  batch 40/264  loss=0.8495
  batch 50/264  loss=0.5942
  batch 60/264  loss=0.5147
  batch 70/264  loss=0.5624
  batch 80/264  loss=0.6523
  batch 90/264  loss=0.8166
  batch 100/264  loss=0.5668
  batch 110/264  loss=0.5064
  batch 120/264  loss=0.4381
  batch 130/264  loss=0.4338
  batch 140/264  loss=0.5109
  batch 150/264  loss=0.6327
  batch 160/264  loss=0.4658
  batch 170/264  loss=0.5513
  batch 180/264  loss=0.8003
  batch 190/264  loss=0.5878
  batch 200/264  loss=0.6592
  batch 210/264  loss=0.6108
  batch 220/264  loss=1.1353
  batch 230/264  loss=1.0124
  batch 240/264  loss=0.6923
  batch 250/264  loss=0.4968
  batch 260/264  loss=1.4452
Epoch  17/300  train=6.773e-01  rmse=2.4344  lr=1.0e-04  227s
  -> best  monitor=6.773e-01
  batch 10/264  loss=0.9612
  batch 20/264  loss=0.7144
  batch 30/264  loss=0.8335
  batch 40/264  loss=0.6465
  batch 50/264  loss=0.6327
  batch 60/264  loss=0.5844
  batch 70/264  loss=0.8145
  batch 80/264  loss=0.4718
  batch 90/264  loss=0.6394
  batch 100/264  loss=0.7358
  batch 110/264  loss=0.6099
  batch 120/264  loss=0.5759
  batch 130/264  loss=0.5836
  batch 140/264  loss=0.6235
  batch 150/264  loss=0.5635
  batch 160/264  loss=0.5250
  batch 170/264  loss=0.6852
  batch 180/264  loss=0.9024
  batch 190/264  loss=0.9554
  batch 200/264  loss=0.5178
  batch 210/264  loss=0.5143
  batch 220/264  loss=0.5826
  batch 230/264  loss=0.6610
  batch 240/264  loss=0.7594
  batch 250/264  loss=0.6307
  batch 260/264  loss=0.5808
Epoch  18/300  train=6.644e-01  rmse=2.4536  lr=1.0e-04  229s
  -> best  monitor=6.644e-01
  batch 10/264  loss=1.0827
  batch 20/264  loss=0.4760
  batch 30/264  loss=0.9412
  batch 40/264  loss=0.5402
  batch 50/264  loss=0.4387
  batch 60/264  loss=1.8365
  batch 70/264  loss=0.4850
  batch 80/264  loss=0.4231
  batch 90/264  loss=0.4902
  batch 100/264  loss=0.5510
  batch 110/264  loss=0.5513
  batch 120/264  loss=0.5684
  batch 130/264  loss=0.5882
  batch 140/264  loss=0.5427
  batch 150/264  loss=0.6777
  batch 160/264  loss=0.4821
  batch 170/264  loss=0.6988
  batch 180/264  loss=0.7356
  batch 190/264  loss=1.4127
  batch 200/264  loss=1.3841
  batch 210/264  loss=0.5138
  batch 220/264  loss=0.6902
  batch 230/264  loss=0.4111
  batch 240/264  loss=0.5840
  batch 250/264  loss=0.7828
  batch 260/264  loss=0.5522
Epoch  19/300  train=6.540e-01  rmse=2.4038  lr=1.0e-04  227s
  -> best  monitor=6.540e-01
  batch 10/264  loss=0.6202
  batch 20/264  loss=0.6091
  batch 30/264  loss=0.5781
  batch 40/264  loss=0.4214
  batch 50/264  loss=0.4668
  batch 60/264  loss=0.5443
  batch 70/264  loss=0.4513
  batch 80/264  loss=0.8946
  batch 90/264  loss=0.4992
  batch 100/264  loss=0.8334
  batch 110/264  loss=0.9510
  batch 120/264  loss=1.8590
  batch 130/264  loss=0.9781
  batch 140/264  loss=0.7859
  batch 150/264  loss=0.8269
  batch 160/264  loss=0.4373
  batch 170/264  loss=0.7565
  batch 180/264  loss=0.4305
  batch 190/264  loss=0.5229
  batch 200/264  loss=0.5892
  batch 210/264  loss=0.5098
  batch 220/264  loss=0.6202
  batch 230/264  loss=0.4809
  batch 240/264  loss=0.7088
  batch 250/264  loss=0.4527
  batch 260/264  loss=0.8541
Epoch  20/300  train=6.643e-01  rmse=2.3952  lr=1.0e-04  227s
  batch 10/264  loss=0.5689
  batch 20/264  loss=0.5495
  batch 30/264  loss=0.4859
  batch 40/264  loss=1.3402
  batch 50/264  loss=0.5172
  batch 60/264  loss=0.4301
  batch 70/264  loss=0.5584
  batch 80/264  loss=0.4907
  batch 90/264  loss=0.4855
  batch 100/264  loss=0.6451
  batch 110/264  loss=0.7551
  batch 120/264  loss=0.6026
  batch 130/264  loss=1.8101
  batch 140/264  loss=0.7064
  batch 150/264  loss=0.5014
  batch 160/264  loss=0.4720
  batch 170/264  loss=0.6860
  batch 180/264  loss=0.7150
  batch 190/264  loss=0.7926
  batch 200/264  loss=0.4884
  batch 210/264  loss=0.4634
  batch 220/264  loss=0.8634
  batch 230/264  loss=0.4926
  batch 240/264  loss=0.4928
  batch 250/264  loss=0.4992
  batch 260/264  loss=0.4661
Epoch  21/300  train=6.458e-01  rmse=2.4197  lr=1.0e-04  230s
  -> best  monitor=6.458e-01
  batch 10/264  loss=0.6298
  batch 20/264  loss=0.3910
  batch 30/264  loss=0.4666
  batch 40/264  loss=0.9536
  batch 50/264  loss=0.5171
  batch 60/264  loss=0.5443
  batch 70/264  loss=0.5386
  batch 80/264  loss=0.8479
  batch 90/264  loss=0.5423
  batch 100/264  loss=0.4804
  batch 110/264  loss=0.5416
  batch 120/264  loss=0.8715
  batch 130/264  loss=0.8277
  batch 140/264  loss=0.6085
  batch 150/264  loss=0.5356
  batch 160/264  loss=0.6418
  batch 170/264  loss=0.4867
  batch 180/264  loss=0.4940
  batch 190/264  loss=0.5972
  batch 200/264  loss=0.5531
  batch 210/264  loss=0.7038
  batch 220/264  loss=0.5784
  batch 230/264  loss=0.4372
  batch 240/264  loss=0.5051
  batch 250/264  loss=0.7819
  batch 260/264  loss=0.5278
Epoch  22/300  train=6.437e-01  rmse=2.3796  lr=1.0e-04  228s
  -> best  monitor=6.437e-01
  batch 10/264  loss=0.9818
  batch 20/264  loss=0.5284
  batch 30/264  loss=0.6584
  batch 40/264  loss=0.5355
  batch 50/264  loss=0.4901
  batch 60/264  loss=0.5265
  batch 70/264  loss=0.5967
  batch 80/264  loss=0.5289
  batch 90/264  loss=0.5408
  batch 100/264  loss=0.6640
  batch 110/264  loss=0.6241
  batch 120/264  loss=0.4491
  batch 130/264  loss=0.5326
  batch 140/264  loss=0.5869
  batch 150/264  loss=0.4794
  batch 160/264  loss=0.4905
  batch 170/264  loss=0.7090
  batch 180/264  loss=0.6062
  batch 190/264  loss=0.5012
  batch 200/264  loss=0.4328
  batch 210/264  loss=0.5818
  batch 220/264  loss=1.5680
  batch 230/264  loss=0.5740
  batch 240/264  loss=0.5510
  batch 250/264  loss=0.7261
  batch 260/264  loss=0.5087
Epoch  23/300  train=6.196e-01  rmse=2.2886  lr=1.0e-04  230s
  -> best  monitor=6.196e-01
  batch 10/264  loss=0.5596
  batch 20/264  loss=0.5809
  batch 30/264  loss=0.6178
  batch 40/264  loss=0.4879
  batch 50/264  loss=0.6505
  batch 60/264  loss=0.4450
  batch 70/264  loss=0.8548
  batch 80/264  loss=0.5927
  batch 90/264  loss=0.5609
  batch 100/264  loss=0.8421
  batch 110/264  loss=1.6098
  batch 120/264  loss=0.4893
  batch 130/264  loss=0.5190
  batch 140/264  loss=0.7442
  batch 150/264  loss=1.2320
  batch 160/264  loss=0.5426
  batch 170/264  loss=0.5921
  batch 180/264  loss=0.5007
  batch 190/264  loss=1.0900
  batch 200/264  loss=0.5244
  batch 210/264  loss=0.6877
  batch 220/264  loss=0.5931
  batch 230/264  loss=0.7026
  batch 240/264  loss=0.3888
  batch 250/264  loss=0.6571
  batch 260/264  loss=0.4734
Epoch  24/300  train=6.179e-01  rmse=2.2906  lr=1.0e-04  228s
  -> best  monitor=6.179e-01
  batch 10/264  loss=0.4633
  batch 20/264  loss=0.6414
  batch 30/264  loss=0.5108
  batch 40/264  loss=0.4901
  batch 50/264  loss=0.6256
  batch 60/264  loss=0.5163
  batch 70/264  loss=0.5892
  batch 80/264  loss=0.6789
  batch 90/264  loss=0.4450
  batch 100/264  loss=0.7862
  batch 110/264  loss=0.4457
  batch 120/264  loss=0.5437
  batch 130/264  loss=0.8213
  batch 140/264  loss=0.4093
  batch 150/264  loss=0.5240
  batch 160/264  loss=0.7886
  batch 170/264  loss=1.6258
  batch 180/264  loss=0.4626
  batch 190/264  loss=1.1317
  batch 200/264  loss=0.5979
  batch 210/264  loss=0.5956
  batch 220/264  loss=0.5562
  batch 230/264  loss=0.4598
  batch 240/264  loss=0.6448
  batch 250/264  loss=0.4577
  batch 260/264  loss=0.5217
Epoch  25/300  train=6.205e-01  rmse=2.3407  lr=1.0e-04  228s
  batch 10/264  loss=0.5753
  batch 20/264  loss=0.5762
  batch 30/264  loss=0.9210
  batch 40/264  loss=0.4283
  batch 50/264  loss=0.5036
  batch 60/264  loss=0.6083
  batch 70/264  loss=0.6466
  batch 80/264  loss=0.4892
  batch 90/264  loss=0.5235
  batch 100/264  loss=0.4670
  batch 110/264  loss=0.4180
  batch 120/264  loss=0.8008
  batch 130/264  loss=0.5388
  batch 140/264  loss=0.6851
  batch 150/264  loss=1.8617
  batch 160/264  loss=0.4757
  batch 170/264  loss=0.7113
  batch 180/264  loss=0.5044
  batch 190/264  loss=0.3784
  batch 200/264  loss=0.5437
  batch 210/264  loss=0.5195
  batch 220/264  loss=0.5994
  batch 230/264  loss=0.4756
  batch 240/264  loss=0.5795
  batch 250/264  loss=0.6197
  batch 260/264  loss=0.5899
Epoch  26/300  train=6.042e-01  rmse=2.2411  lr=1.0e-04  229s
  -> best  monitor=6.042e-01
  batch 10/264  loss=0.4799
  batch 20/264  loss=0.8116
  batch 30/264  loss=0.4779
  batch 40/264  loss=0.5764
  batch 50/264  loss=0.7642
  batch 60/264  loss=0.4330
  batch 70/264  loss=0.5681
  batch 80/264  loss=0.4435
  batch 90/264  loss=0.4284
  batch 100/264  loss=0.6030
  batch 110/264  loss=0.5506
  batch 120/264  loss=0.4371
  batch 130/264  loss=1.1695
  batch 140/264  loss=0.4229
  batch 150/264  loss=0.6542
  batch 160/264  loss=0.4449
  batch 170/264  loss=0.4656
  batch 180/264  loss=0.7432
  batch 190/264  loss=0.3883
  batch 200/264  loss=1.4909
  batch 210/264  loss=1.0117
  batch 220/264  loss=0.4729
  batch 230/264  loss=0.4713
  batch 240/264  loss=0.4350
  batch 250/264  loss=0.4358
  batch 260/264  loss=0.6077
Epoch  27/300  train=6.003e-01  rmse=2.3000  lr=1.0e-04  227s
  -> best  monitor=6.003e-01
  batch 10/264  loss=0.4658
  batch 20/264  loss=0.5497
  batch 30/264  loss=0.7254
  batch 40/264  loss=0.5266
  batch 50/264  loss=0.5746
  batch 60/264  loss=0.5590
  batch 70/264  loss=1.0305
  batch 80/264  loss=0.4745
  batch 90/264  loss=0.4844
  batch 100/264  loss=0.4552
  batch 110/264  loss=0.6505
  batch 120/264  loss=0.6609
  batch 130/264  loss=0.4618
  batch 140/264  loss=0.5475
  batch 150/264  loss=0.6583
  batch 160/264  loss=0.4285
  batch 170/264  loss=0.4259
  batch 180/264  loss=0.4456
  batch 190/264  loss=0.5028
  batch 200/264  loss=1.6290
  batch 210/264  loss=0.4920
  batch 220/264  loss=0.4854
  batch 230/264  loss=0.5430
  batch 240/264  loss=0.4321
  batch 250/264  loss=0.4144
  batch 260/264  loss=0.5742
Epoch  28/300  train=5.981e-01  rmse=2.3064  lr=1.0e-04  227s
  -> best  monitor=5.981e-01
  batch 10/264  loss=0.6070
  batch 20/264  loss=1.0920
  batch 30/264  loss=0.7987
  batch 40/264  loss=0.5060
  batch 50/264  loss=0.5025
  batch 60/264  loss=0.6702
  batch 70/264  loss=0.7045
  batch 80/264  loss=0.8046
  batch 90/264  loss=0.5572
  batch 100/264  loss=0.5051
  batch 110/264  loss=0.5547
  batch 120/264  loss=0.5961
  batch 130/264  loss=0.3468
  batch 140/264  loss=0.4853
  batch 150/264  loss=0.6071
  batch 160/264  loss=1.2569
  batch 170/264  loss=0.5220
  batch 180/264  loss=0.4990
  batch 190/264  loss=0.7402
  batch 200/264  loss=0.5297
  batch 210/264  loss=0.6268
  batch 220/264  loss=0.5355
  batch 230/264  loss=0.4912
  batch 240/264  loss=0.5733
  batch 250/264  loss=0.4584
  batch 260/264  loss=0.4619
Epoch  29/300  train=5.819e-01  rmse=2.1985  lr=1.0e-04  227s
  -> best  monitor=5.819e-01
  batch 10/264  loss=0.5322
  batch 20/264  loss=0.7800
  batch 30/264  loss=1.0844
  batch 40/264  loss=0.4280
  batch 50/264  loss=0.6190
  batch 60/264  loss=0.7460
  batch 70/264  loss=0.4752
  batch 80/264  loss=0.6904
  batch 90/264  loss=0.4643
  batch 100/264  loss=0.5551
  batch 110/264  loss=0.5513
  batch 120/264  loss=0.7044
  batch 130/264  loss=0.4227
  batch 140/264  loss=1.3362
  batch 150/264  loss=0.5271
  batch 160/264  loss=0.4181
  batch 170/264  loss=1.0821
  batch 180/264  loss=0.4423
  batch 190/264  loss=0.4777
  batch 200/264  loss=0.4572
  batch 210/264  loss=0.4853
  batch 220/264  loss=0.5092
  batch 230/264  loss=0.5769
  batch 240/264  loss=0.4686
  batch 250/264  loss=0.4607
  batch 260/264  loss=0.5340
Epoch  30/300  train=5.812e-01  rmse=2.1931  lr=1.0e-04  229s
  -> best  monitor=5.812e-01
  batch 10/264  loss=0.4788
  batch 20/264  loss=0.5449
  batch 30/264  loss=0.3964
  batch 40/264  loss=0.4501
  batch 50/264  loss=0.7399
  batch 60/264  loss=0.4625
  batch 70/264  loss=0.5788
  batch 80/264  loss=0.6532
  batch 90/264  loss=0.9278
  batch 100/264  loss=0.4492
  batch 110/264  loss=0.5479
  batch 120/264  loss=0.5439
  batch 130/264  loss=0.6519
  batch 140/264  loss=0.5630
  batch 150/264  loss=0.6981
  batch 160/264  loss=0.4355
  batch 170/264  loss=0.5045
  batch 180/264  loss=0.5429
  batch 190/264  loss=0.5125
  batch 200/264  loss=0.6300
  batch 210/264  loss=0.5492
  batch 220/264  loss=0.4464
  batch 230/264  loss=0.5738
  batch 240/264  loss=0.5297
  batch 250/264  loss=0.4622
  batch 260/264  loss=0.6213
Epoch  31/300  train=5.877e-01  rmse=2.2400  lr=1.0e-04  230s
  batch 10/264  loss=0.4855
  batch 20/264  loss=0.4045
  batch 30/264  loss=0.5356
  batch 40/264  loss=0.5554
  batch 50/264  loss=0.4948
  batch 60/264  loss=0.4316
  batch 70/264  loss=0.4930
  batch 80/264  loss=0.6146
  batch 90/264  loss=0.7001
  batch 100/264  loss=0.5195
  batch 110/264  loss=0.8681
  batch 120/264  loss=0.5119
  batch 130/264  loss=0.4687
  batch 140/264  loss=0.5782
  batch 150/264  loss=0.4789
  batch 160/264  loss=0.5942
  batch 170/264  loss=0.6163
  batch 180/264  loss=0.6521
  batch 190/264  loss=0.4690
  batch 200/264  loss=0.5117
  batch 210/264  loss=0.7839
  batch 220/264  loss=0.3908
  batch 230/264  loss=0.6351
  batch 240/264  loss=0.4467
  batch 250/264  loss=0.7469
  batch 260/264  loss=0.4176
Epoch  32/300  train=5.816e-01  rmse=2.2262  lr=1.0e-04  229s
  batch 10/264  loss=0.4167
  batch 20/264  loss=0.5144
  batch 30/264  loss=0.5062
  batch 40/264  loss=0.5254
  batch 50/264  loss=0.9273
  batch 60/264  loss=0.4364
  batch 70/264  loss=0.4649
  batch 80/264  loss=0.4572
  batch 90/264  loss=0.4961
  batch 100/264  loss=0.5156
  batch 110/264  loss=0.4466
  batch 120/264  loss=0.3846
  batch 130/264  loss=0.8126
  batch 140/264  loss=0.5418
  batch 150/264  loss=0.5071
  batch 160/264  loss=0.4582
  batch 170/264  loss=0.4434
  batch 180/264  loss=0.5237
  batch 190/264  loss=0.4427
  batch 200/264  loss=0.5582
  batch 210/264  loss=1.2434
  batch 220/264  loss=1.0409
  batch 230/264  loss=0.6332
  batch 240/264  loss=0.7631
  batch 250/264  loss=0.6104
  batch 260/264  loss=0.4669
Epoch  33/300  train=5.712e-01  rmse=2.1966  lr=1.0e-04  228s
  -> best  monitor=5.712e-01
  batch 10/264  loss=0.6495
  batch 20/264  loss=0.4136
  batch 30/264  loss=0.6651
  batch 40/264  loss=0.4958
  batch 50/264  loss=0.4659
  batch 60/264  loss=0.4589
  batch 70/264  loss=0.6447
  batch 80/264  loss=0.5739
  batch 90/264  loss=0.5296
  batch 100/264  loss=1.0506
  batch 110/264  loss=0.8099
  batch 120/264  loss=0.5025
  batch 130/264  loss=0.5608
  batch 140/264  loss=0.3934
  batch 150/264  loss=0.5135
  batch 160/264  loss=1.1002
  batch 170/264  loss=0.5865
  batch 180/264  loss=0.4163
  batch 190/264  loss=0.4675
  batch 200/264  loss=0.5391
  batch 210/264  loss=0.4532
  batch 220/264  loss=0.4863
  batch 230/264  loss=0.4757
  batch 240/264  loss=0.6381
  batch 250/264  loss=0.7204
  batch 260/264  loss=0.4756
Epoch  34/300  train=5.637e-01  rmse=2.1492  lr=1.0e-04  231s
  -> best  monitor=5.637e-01
  batch 10/264  loss=1.0439
  batch 20/264  loss=0.5248
  batch 30/264  loss=0.8056
  batch 40/264  loss=0.7252
  batch 50/264  loss=0.4572
  batch 60/264  loss=0.6621
  batch 70/264  loss=0.4373
  batch 80/264  loss=0.4839
  batch 90/264  loss=0.5565
  batch 100/264  loss=0.6674
  batch 110/264  loss=0.6126
  batch 120/264  loss=0.3860
  batch 130/264  loss=0.3925
  batch 140/264  loss=0.4208
  batch 150/264  loss=0.7914
  batch 160/264  loss=0.6595
  batch 170/264  loss=0.4827
  batch 180/264  loss=0.4810
  batch 190/264  loss=0.7206
  batch 200/264  loss=0.4433
  batch 210/264  loss=0.4307
  batch 220/264  loss=0.3759
  batch 230/264  loss=0.6462
  batch 240/264  loss=0.7568
  batch 250/264  loss=0.7602
  batch 260/264  loss=0.6715
Epoch  35/300  train=5.633e-01  rmse=2.1912  lr=1.0e-04  229s
  -> best  monitor=5.633e-01
  batch 10/264  loss=0.4981
  batch 20/264  loss=0.6871
  batch 30/264  loss=0.5126
  batch 40/264  loss=0.5973
  batch 50/264  loss=0.6195
  batch 60/264  loss=0.5347
  batch 70/264  loss=0.6493
  batch 80/264  loss=0.4230
  batch 90/264  loss=0.6589
  batch 100/264  loss=0.4690
  batch 110/264  loss=0.4425
  batch 120/264  loss=0.4145
  batch 130/264  loss=0.4532
  batch 140/264  loss=0.5554
  batch 150/264  loss=0.4526
  batch 160/264  loss=0.5058
  batch 170/264  loss=0.5618
  batch 180/264  loss=0.4264
  batch 190/264  loss=0.4448
  batch 200/264  loss=0.5626
  batch 210/264  loss=0.5371
  batch 220/264  loss=0.4798
  batch 230/264  loss=0.4648
  batch 240/264  loss=0.7074
  batch 250/264  loss=0.7018
  batch 260/264  loss=0.4234
Epoch  36/300  train=5.626e-01  rmse=2.1600  lr=1.0e-04  229s
  -> best  monitor=5.626e-01
  batch 10/264  loss=0.4263
  batch 20/264  loss=0.7124
  batch 30/264  loss=0.4695
  batch 40/264  loss=0.4167
  batch 50/264  loss=0.7377
  batch 60/264  loss=0.4834
  batch 70/264  loss=0.4755
  batch 80/264  loss=0.9003
  batch 90/264  loss=0.4945
  batch 100/264  loss=0.4999
  batch 110/264  loss=0.5516
  batch 120/264  loss=0.9621
  batch 130/264  loss=0.5026
  batch 140/264  loss=0.4115
  batch 150/264  loss=0.4496
  batch 160/264  loss=0.5468
  batch 170/264  loss=0.7895
  batch 180/264  loss=0.4296
  batch 190/264  loss=0.3911
  batch 200/264  loss=0.4113
  batch 210/264  loss=0.5305
  batch 220/264  loss=0.6129
  batch 230/264  loss=0.8856
  batch 240/264  loss=0.8553
  batch 250/264  loss=0.3757
  batch 260/264  loss=0.7056
Epoch  37/300  train=5.580e-01  rmse=2.2312  lr=1.0e-04  229s
  -> best  monitor=5.580e-01
  batch 10/264  loss=0.4978
  batch 20/264  loss=0.4646
  batch 30/264  loss=0.5504
  batch 40/264  loss=0.3796
  batch 50/264  loss=0.5320
  batch 60/264  loss=0.4193
  batch 70/264  loss=0.4381
  batch 80/264  loss=0.6334
  batch 90/264  loss=0.4349
  batch 100/264  loss=0.6160
  batch 110/264  loss=0.6997
  batch 120/264  loss=0.7192
  batch 130/264  loss=0.5988
  batch 140/264  loss=0.4146
  batch 150/264  loss=0.5446
  batch 160/264  loss=0.6779
  batch 170/264  loss=0.4469
  batch 180/264  loss=0.6324
  batch 190/264  loss=0.7067
  batch 200/264  loss=0.7166
  batch 210/264  loss=0.3631
  batch 220/264  loss=0.3951
  batch 230/264  loss=0.5190
  batch 240/264  loss=1.0267
  batch 250/264  loss=0.4526
  batch 260/264  loss=0.3891
Epoch  38/300  train=5.496e-01  rmse=2.1279  lr=1.0e-04  228s
  -> best  monitor=5.496e-01
  batch 10/264  loss=0.5190
  batch 20/264  loss=0.6058
  batch 30/264  loss=0.5418
  batch 40/264  loss=0.8195
  batch 50/264  loss=0.6533
  batch 60/264  loss=0.4850
  batch 70/264  loss=0.5655
  batch 80/264  loss=0.5037
  batch 90/264  loss=0.6032
  batch 100/264  loss=0.4819
  batch 110/264  loss=0.6457
  batch 120/264  loss=0.3611
  batch 130/264  loss=0.4907
  batch 140/264  loss=0.4740
  batch 150/264  loss=0.3952
  batch 160/264  loss=0.6615
  batch 170/264  loss=1.3324
  batch 180/264  loss=0.8392
  batch 190/264  loss=0.4263
  batch 200/264  loss=0.4685
  batch 210/264  loss=0.6994
  batch 220/264  loss=0.8982
  batch 230/264  loss=0.4893
  batch 240/264  loss=0.7924
  batch 250/264  loss=0.5333
  batch 260/264  loss=0.4103
Epoch  39/300  train=5.540e-01  rmse=2.1560  lr=1.0e-04  228s
  batch 10/264  loss=0.7810
  batch 20/264  loss=0.4276
  batch 30/264  loss=0.4771
  batch 40/264  loss=0.3762
  batch 50/264  loss=0.4606
  batch 60/264  loss=0.4669
  batch 70/264  loss=0.4404
  batch 80/264  loss=0.4420
  batch 90/264  loss=0.6844
  batch 100/264  loss=0.4816
  batch 110/264  loss=0.5033
  batch 120/264  loss=0.3856
  batch 130/264  loss=0.6182
  batch 140/264  loss=0.3945
  batch 150/264  loss=0.5277
  batch 160/264  loss=0.4100
  batch 170/264  loss=0.4990
  batch 180/264  loss=0.8661
  batch 190/264  loss=0.4400
  batch 200/264  loss=0.6037
  batch 210/264  loss=0.3903
  batch 220/264  loss=0.7395
  batch 230/264  loss=0.6728
  batch 240/264  loss=0.6570
  batch 250/264  loss=0.4581
  batch 260/264  loss=1.1500
Epoch  40/300  train=5.444e-01  rmse=2.1530  lr=1.0e-04  227s
  -> best  monitor=5.444e-01
  batch 10/264  loss=0.4325
  batch 20/264  loss=0.4837
  batch 30/264  loss=0.4156
  batch 40/264  loss=0.4157
  batch 50/264  loss=0.4032
  batch 60/264  loss=0.8405
  batch 70/264  loss=0.3872
  batch 80/264  loss=0.4844
  batch 90/264  loss=0.9217
  batch 100/264  loss=0.8596
  batch 110/264  loss=0.4067
  batch 120/264  loss=0.6422
  batch 130/264  loss=0.4112
  batch 140/264  loss=0.6165
  batch 150/264  loss=0.5598
  batch 160/264  loss=0.3930
  batch 170/264  loss=0.5710
  batch 180/264  loss=0.4152
  batch 190/264  loss=0.4688
  batch 200/264  loss=0.5298
  batch 210/264  loss=0.5585
  batch 220/264  loss=0.5096
  batch 230/264  loss=0.5029
  batch 240/264  loss=0.5866
  batch 250/264  loss=0.4154
  batch 260/264  loss=0.4458
Epoch  41/300  train=5.438e-01  rmse=2.1073  lr=1.0e-04  228s
  -> best  monitor=5.438e-01
  batch 10/264  loss=0.6919
  batch 20/264  loss=0.4038
  batch 30/264  loss=0.4844
  batch 40/264  loss=0.5796
  batch 50/264  loss=0.5341
  batch 60/264  loss=0.5542
  batch 70/264  loss=0.4933
  batch 80/264  loss=0.8267
  batch 90/264  loss=0.3756
  batch 100/264  loss=0.4097
  batch 110/264  loss=0.4496
  batch 120/264  loss=0.5019
  batch 130/264  loss=0.5062
  batch 140/264  loss=0.4022
  batch 150/264  loss=0.7786
  batch 160/264  loss=0.6577
  batch 170/264  loss=0.4487
  batch 180/264  loss=0.9253
  batch 190/264  loss=0.4267
  batch 200/264  loss=0.5021
  batch 210/264  loss=0.5001
  batch 220/264  loss=0.9474
  batch 230/264  loss=0.4722
  batch 240/264  loss=0.4807
  batch 250/264  loss=0.6446
  batch 260/264  loss=0.5758
Epoch  42/300  train=5.447e-01  rmse=2.1573  lr=1.0e-04  228s
  batch 10/264  loss=0.7608
  batch 20/264  loss=0.4878
  batch 30/264  loss=1.0408
  batch 40/264  loss=0.5299
  batch 50/264  loss=0.6218
  batch 60/264  loss=0.5174
  batch 70/264  loss=0.4283
  batch 80/264  loss=0.5686
  batch 90/264  loss=0.4589
  batch 100/264  loss=0.3875
  batch 110/264  loss=0.8002
  batch 120/264  loss=0.6020
  batch 130/264  loss=0.3838
  batch 140/264  loss=0.5324
  batch 150/264  loss=0.7048
  batch 160/264  loss=0.5625
  batch 170/264  loss=0.4254
  batch 180/264  loss=0.4822
  batch 190/264  loss=0.5335
  batch 200/264  loss=0.5556
  batch 210/264  loss=0.4956
  batch 220/264  loss=0.4397
  batch 230/264  loss=0.4443
  batch 240/264  loss=0.4452
  batch 250/264  loss=0.5390
  batch 260/264  loss=0.4650
Epoch  43/300  train=5.354e-01  rmse=2.1439  lr=1.0e-04  228s
  -> best  monitor=5.354e-01
  batch 10/264  loss=0.4370
  batch 20/264  loss=0.3932
  batch 30/264  loss=0.5554
  batch 40/264  loss=0.5199
  batch 50/264  loss=0.6819
  batch 60/264  loss=0.6287
  batch 70/264  loss=0.5415
  batch 80/264  loss=0.5674
  batch 90/264  loss=0.4585
  batch 100/264  loss=0.9804
  batch 110/264  loss=0.5458
  batch 120/264  loss=0.5180
  batch 130/264  loss=0.4422
  batch 140/264  loss=0.7281
  batch 150/264  loss=0.5076
  batch 160/264  loss=0.3894
  batch 170/264  loss=0.4751
  batch 180/264  loss=0.6524
  batch 190/264  loss=0.5820
  batch 200/264  loss=0.4135
  batch 210/264  loss=0.3761
  batch 220/264  loss=0.5981
  batch 230/264  loss=0.7415
  batch 240/264  loss=0.4740
  batch 250/264  loss=0.4148
  batch 260/264  loss=0.5174
Epoch  44/300  train=5.389e-01  rmse=2.1087  lr=1.0e-04  230s
  batch 10/264  loss=0.4507
  batch 20/264  loss=0.3910
  batch 30/264  loss=0.4653
  batch 40/264  loss=0.4480
  batch 50/264  loss=0.4749
  batch 60/264  loss=0.5594
  batch 70/264  loss=0.5527
  batch 80/264  loss=0.5085
  batch 90/264  loss=0.5748
  batch 100/264  loss=0.7611
  batch 110/264  loss=0.3904
  batch 120/264  loss=0.4919
  batch 130/264  loss=0.6721
  batch 140/264  loss=0.5211
  batch 150/264  loss=0.4475
  batch 160/264  loss=0.7909
  batch 170/264  loss=0.6678
  batch 180/264  loss=0.4855
  batch 190/264  loss=0.5165
  batch 200/264  loss=0.4584
  batch 210/264  loss=0.4514
  batch 220/264  loss=0.8505
  batch 230/264  loss=0.6544
  batch 240/264  loss=0.3567
  batch 250/264  loss=0.4457
  batch 260/264  loss=0.6427
Epoch  45/300  train=5.283e-01  rmse=2.1411  lr=1.0e-04  227s
  -> best  monitor=5.283e-01
  batch 10/264  loss=0.5980
  batch 20/264  loss=0.4656
  batch 30/264  loss=0.4071
  batch 40/264  loss=0.4352
  batch 50/264  loss=0.6575
  batch 60/264  loss=0.3916
  batch 70/264  loss=0.4997
  batch 80/264  loss=0.6196
  batch 90/264  loss=0.3958
  batch 100/264  loss=0.6602
  batch 110/264  loss=0.6834
  batch 120/264  loss=0.9688
  batch 130/264  loss=0.4522
  batch 140/264  loss=0.4681
  batch 150/264  loss=0.6982
  batch 160/264  loss=0.5856
  batch 170/264  loss=0.5076
  batch 180/264  loss=0.4173
  batch 190/264  loss=0.3625
  batch 200/264  loss=0.4512
  batch 210/264  loss=0.6438
  batch 220/264  loss=0.4021
  batch 230/264  loss=0.3950
  batch 240/264  loss=0.4423
  batch 250/264  loss=0.4517
  batch 260/264  loss=0.4144
Epoch  46/300  train=5.235e-01  rmse=2.0760  lr=1.0e-04  228s
  -> best  monitor=5.235e-01
  batch 10/264  loss=0.4750
  batch 20/264  loss=0.5294
  batch 30/264  loss=0.3684
  batch 40/264  loss=0.6355
  batch 50/264  loss=0.4310
  batch 60/264  loss=0.4195
  batch 70/264  loss=0.6828
  batch 80/264  loss=0.5673
  batch 90/264  loss=0.4569
  batch 100/264  loss=0.9145
  batch 110/264  loss=0.3678
  batch 120/264  loss=0.4027
  batch 130/264  loss=0.5391
  batch 140/264  loss=0.5631
  batch 150/264  loss=0.6808
  batch 160/264  loss=0.5622
  batch 170/264  loss=1.0113
  batch 180/264  loss=0.3794
  batch 190/264  loss=0.4552
  batch 200/264  loss=0.6856
  batch 210/264  loss=0.4604
  batch 220/264  loss=0.5113
  batch 230/264  loss=0.4725
  batch 240/264  loss=0.4352
  batch 250/264  loss=0.3940
  batch 260/264  loss=0.4164
Epoch  47/300  train=5.289e-01  rmse=2.1087  lr=1.0e-04  229s
  batch 10/264  loss=0.3707
  batch 20/264  loss=0.5322
  batch 30/264  loss=0.4814
  batch 40/264  loss=0.3745
  batch 50/264  loss=0.4177
  batch 60/264  loss=0.4624
  batch 70/264  loss=0.4882
  batch 80/264  loss=0.4072
  batch 90/264  loss=0.4034
  batch 100/264  loss=0.8035
  batch 110/264  loss=0.3561
  batch 120/264  loss=0.3859
  batch 130/264  loss=0.4302
  batch 140/264  loss=0.4089
  batch 150/264  loss=0.8219
  batch 160/264  loss=0.5774
  batch 170/264  loss=0.3661
  batch 180/264  loss=0.4788
  batch 190/264  loss=0.4004
  batch 200/264  loss=0.3837
  batch 210/264  loss=0.3967
  batch 220/264  loss=0.4439
  batch 230/264  loss=0.5034
  batch 240/264  loss=0.5446
  batch 250/264  loss=0.3980
  batch 260/264  loss=0.4399
Epoch  48/300  train=5.196e-01  rmse=2.0734  lr=1.0e-04  229s
  -> best  monitor=5.196e-01
  batch 10/264  loss=0.5576
  batch 20/264  loss=0.3736
  batch 30/264  loss=0.4720
  batch 40/264  loss=0.8613
  batch 50/264  loss=0.3850
  batch 60/264  loss=0.3428
  batch 70/264  loss=0.5104
  batch 80/264  loss=0.5394
  batch 90/264  loss=0.3710
  batch 100/264  loss=0.4290
  batch 110/264  loss=0.6674
  batch 120/264  loss=0.4704
  batch 130/264  loss=0.5493
  batch 140/264  loss=0.3979
  batch 150/264  loss=0.4299
  batch 160/264  loss=0.4347
  batch 170/264  loss=0.9614
  batch 180/264  loss=0.3877
  batch 190/264  loss=0.4041
  batch 200/264  loss=0.5591
  batch 210/264  loss=0.4392
  batch 220/264  loss=0.5232
  batch 230/264  loss=0.5001
  batch 240/264  loss=0.3758
  batch 250/264  loss=0.7230
  batch 260/264  loss=0.5022
Epoch  49/300  train=5.234e-01  rmse=2.0895  lr=1.0e-04  230s
  batch 10/264  loss=0.4701
  batch 20/264  loss=0.5124
  batch 30/264  loss=0.4927
  batch 40/264  loss=0.4790
  batch 50/264  loss=0.4197
  batch 60/264  loss=0.4327
  batch 70/264  loss=0.5894
  batch 80/264  loss=0.3962
  batch 90/264  loss=0.4017
  batch 100/264  loss=0.5915
  batch 110/264  loss=0.3983
  batch 120/264  loss=0.5830
  batch 130/264  loss=0.4752
  batch 140/264  loss=0.4703
  batch 150/264  loss=0.4273
  batch 160/264  loss=0.3750
  batch 170/264  loss=0.5155
  batch 180/264  loss=0.4079
  batch 190/264  loss=0.7420
  batch 200/264  loss=0.3992
  batch 210/264  loss=0.6659
  batch 220/264  loss=0.6151
  batch 230/264  loss=0.4142
  batch 240/264  loss=0.4761
  batch 250/264  loss=0.6773
  batch 260/264  loss=0.4673
Epoch  50/300  train=5.199e-01  rmse=2.0852  lr=1.0e-04  228s
  batch 10/264  loss=0.5213
  batch 20/264  loss=0.3874
  batch 30/264  loss=0.4608
  batch 40/264  loss=0.4016
  batch 50/264  loss=0.5407
  batch 60/264  loss=0.4154
  batch 70/264  loss=0.4252
  batch 80/264  loss=0.4401
  batch 90/264  loss=0.7319
  batch 100/264  loss=0.6961
  batch 110/264  loss=0.3735
  batch 120/264  loss=0.5467
  batch 130/264  loss=0.5093
  batch 140/264  loss=0.5951
  batch 150/264  loss=0.5011
  batch 160/264  loss=0.5838
  batch 170/264  loss=0.4945
  batch 180/264  loss=0.4366
  batch 190/264  loss=0.3817
  batch 200/264  loss=0.4883
  batch 210/264  loss=0.4385
  batch 220/264  loss=0.6131
  batch 230/264  loss=0.3620
  batch 240/264  loss=0.7115
  batch 250/264  loss=0.5453
  batch 260/264  loss=0.4180
Epoch  51/300  train=5.120e-01  rmse=2.0225  lr=1.0e-04  227s
  -> best  monitor=5.120e-01
  batch 10/264  loss=0.3644
  batch 20/264  loss=0.5169
  batch 30/264  loss=0.3148
  batch 40/264  loss=0.4251
  batch 50/264  loss=0.3312
  batch 60/264  loss=0.5091
  batch 70/264  loss=0.4018
  batch 80/264  loss=0.4727
  batch 90/264  loss=0.6644
  batch 100/264  loss=0.4193
  batch 110/264  loss=0.3878
  batch 120/264  loss=0.4417
  batch 130/264  loss=0.6015
  batch 140/264  loss=0.6784
  batch 150/264  loss=0.6293
  batch 160/264  loss=0.5209
  batch 170/264  loss=0.4160
  batch 180/264  loss=0.5080
  batch 190/264  loss=0.4333
  batch 200/264  loss=0.4174
  batch 210/264  loss=0.5064
  batch 220/264  loss=0.7907
  batch 230/264  loss=0.4456
  batch 240/264  loss=0.4325
  batch 250/264  loss=0.6313
  batch 260/264  loss=0.5047
Epoch  52/300  train=5.127e-01  rmse=2.0621  lr=1.0e-04  228s
  batch 10/264  loss=0.5719
  batch 20/264  loss=0.9691
  batch 30/264  loss=0.3826
  batch 40/264  loss=0.3715
  batch 50/264  loss=0.7337
  batch 60/264  loss=0.4995
  batch 70/264  loss=0.5555
  batch 80/264  loss=0.4774
  batch 90/264  loss=0.3573
  batch 100/264  loss=0.6336
  batch 110/264  loss=0.5310
  batch 120/264  loss=0.4555
  batch 130/264  loss=0.5699
  batch 140/264  loss=0.4241
  batch 150/264  loss=0.4944
  batch 160/264  loss=0.4047
  batch 170/264  loss=0.6124
  batch 180/264  loss=0.5005
  batch 190/264  loss=0.4428
  batch 200/264  loss=0.4812
  batch 210/264  loss=0.5256
  batch 220/264  loss=0.5224
  batch 230/264  loss=0.4287
  batch 240/264  loss=0.5913
  batch 250/264  loss=0.3848
  batch 260/264  loss=0.4076
Epoch  53/300  train=5.118e-01  rmse=2.0782  lr=1.0e-04  227s
  -> best  monitor=5.118e-01
  batch 10/264  loss=0.5355
  batch 20/264  loss=0.4201
  batch 30/264  loss=0.4743
  batch 40/264  loss=0.5084
  batch 50/264  loss=0.6426
  batch 60/264  loss=0.5130
  batch 70/264  loss=0.4173
  batch 80/264  loss=0.3708
  batch 90/264  loss=0.4158
  batch 100/264  loss=0.4556
  batch 110/264  loss=0.4506
  batch 120/264  loss=0.3790
  batch 130/264  loss=0.4133
  batch 140/264  loss=0.5346
  batch 150/264  loss=0.4379
  batch 160/264  loss=0.6563
  batch 170/264  loss=0.5453
  batch 180/264  loss=0.5608
  batch 190/264  loss=0.4153
  batch 200/264  loss=0.3860
  batch 210/264  loss=0.3796
  batch 220/264  loss=0.6421
  batch 230/264  loss=0.4380
  batch 240/264  loss=0.6303
  batch 250/264  loss=0.4544
  batch 260/264  loss=0.4254
Epoch  54/300  train=5.100e-01  rmse=2.0561  lr=1.0e-04  228s
  -> best  monitor=5.100e-01
  batch 10/264  loss=0.5028
  batch 20/264  loss=0.5033
  batch 30/264  loss=0.6340
  batch 40/264  loss=0.3883
  batch 50/264  loss=0.4226
  batch 60/264  loss=0.6948
  batch 70/264  loss=0.4542
  batch 80/264  loss=0.6223
  batch 90/264  loss=0.4260
  batch 100/264  loss=0.3940
  batch 110/264  loss=0.4827
  batch 120/264  loss=0.3933
  batch 130/264  loss=0.3504
  batch 140/264  loss=0.3971
  batch 150/264  loss=0.5561
  batch 160/264  loss=0.5797
  batch 170/264  loss=0.5367
  batch 180/264  loss=0.5830
  batch 190/264  loss=0.3914
  batch 200/264  loss=0.4211
  batch 210/264  loss=0.4809
  batch 220/264  loss=0.5422
  batch 230/264  loss=0.3718
  batch 240/264  loss=0.6667
  batch 250/264  loss=0.4679
  batch 260/264  loss=0.4453
Epoch  55/300  train=5.136e-01  rmse=2.0893  lr=1.0e-04  229s
  batch 10/264  loss=0.3523
  batch 20/264  loss=0.9423
  batch 30/264  loss=0.6985
  batch 40/264  loss=0.3945
  batch 50/264  loss=0.4856
  batch 60/264  loss=0.3787
  batch 70/264  loss=0.5440
  batch 80/264  loss=0.3795
  batch 90/264  loss=0.4026
  batch 100/264  loss=0.5130
  batch 110/264  loss=0.4478
  batch 120/264  loss=0.4384
  batch 130/264  loss=0.5163
  batch 140/264  loss=0.4955
  batch 150/264  loss=0.5022
  batch 160/264  loss=0.5373
  batch 170/264  loss=0.3857
  batch 180/264  loss=0.3704
  batch 190/264  loss=0.4430
  batch 200/264  loss=0.3413
  batch 210/264  loss=0.4533
  batch 220/264  loss=0.4435
  batch 230/264  loss=0.5017
  batch 240/264  loss=0.7286
  batch 250/264  loss=0.6387
  batch 260/264  loss=0.4240
Epoch  56/300  train=5.022e-01  rmse=2.0323  lr=1.0e-04  228s
  -> best  monitor=5.022e-01
  batch 10/264  loss=0.3962
  batch 20/264  loss=0.4494
  batch 30/264  loss=0.7901
  batch 40/264  loss=0.6717
  batch 50/264  loss=0.7823
  batch 60/264  loss=0.4587
  batch 70/264  loss=0.8102
  batch 80/264  loss=0.3974
  batch 90/264  loss=1.0495
  batch 100/264  loss=0.5396
  batch 110/264  loss=0.3908
  batch 120/264  loss=0.4963
  batch 130/264  loss=0.4118
  batch 140/264  loss=0.3932
  batch 150/264  loss=0.3981
  batch 160/264  loss=0.3693
  batch 170/264  loss=0.4687
  batch 180/264  loss=0.6720
  batch 190/264  loss=0.4453
  batch 200/264  loss=0.3853
  batch 210/264  loss=0.5100
  batch 220/264  loss=1.1811
  batch 230/264  loss=0.4274
  batch 240/264  loss=0.3824
  batch 250/264  loss=0.4316
  batch 260/264  loss=0.4193
Epoch  57/300  train=5.006e-01  rmse=2.0235  lr=1.0e-04  228s
  -> best  monitor=5.006e-01
  batch 10/264  loss=0.6992
  batch 20/264  loss=0.4480
  batch 30/264  loss=0.4182
  batch 40/264  loss=0.6459
  batch 50/264  loss=0.4924
  batch 60/264  loss=0.6425
  batch 70/264  loss=0.5993
  batch 80/264  loss=0.4878
  batch 90/264  loss=0.3852
  batch 100/264  loss=0.3770
  batch 110/264  loss=0.4324
  batch 120/264  loss=0.3588
  batch 130/264  loss=0.4130
  batch 140/264  loss=0.4278
  batch 150/264  loss=0.5294
  batch 160/264  loss=0.4614
  batch 170/264  loss=0.5189
  batch 180/264  loss=0.3816
  batch 190/264  loss=0.3766
  batch 200/264  loss=0.4338
  batch 210/264  loss=0.4713
  batch 220/264  loss=0.6291
  batch 230/264  loss=0.5576
  batch 240/264  loss=0.4263
  batch 250/264  loss=0.7292
  batch 260/264  loss=0.4832
Epoch  58/300  train=5.021e-01  rmse=2.0269  lr=1.0e-04  227s
  batch 10/264  loss=0.5120
  batch 20/264  loss=0.3939
  batch 30/264  loss=0.5074
  batch 40/264  loss=0.4295
  batch 50/264  loss=0.4014
  batch 60/264  loss=0.5620
  batch 70/264  loss=0.5257
  batch 80/264  loss=0.4889
  batch 90/264  loss=0.3930
  batch 100/264  loss=0.4731
  batch 110/264  loss=0.4078
  batch 120/264  loss=0.5580
  batch 130/264  loss=0.4361
  batch 140/264  loss=0.4002
  batch 150/264  loss=0.5863
  batch 160/264  loss=0.5968
  batch 170/264  loss=0.3656
  batch 180/264  loss=0.6659
  batch 190/264  loss=0.4113
  batch 200/264  loss=0.4085
  batch 210/264  loss=0.4708
  batch 220/264  loss=0.4175
  batch 230/264  loss=0.5497
  batch 240/264  loss=0.6855
  batch 250/264  loss=0.3692
  batch 260/264  loss=0.4104
Epoch  59/300  train=5.021e-01  rmse=2.0517  lr=1.0e-04  228s
  batch 10/264  loss=0.4441
  batch 20/264  loss=0.7914
  batch 30/264  loss=0.7846
  batch 40/264  loss=0.3954
  batch 50/264  loss=0.3786
  batch 60/264  loss=0.4606
  batch 70/264  loss=0.5266
  batch 80/264  loss=0.4737
  batch 90/264  loss=0.7107
  batch 100/264  loss=0.3992
  batch 110/264  loss=0.4245
  batch 120/264  loss=0.7736
  batch 130/264  loss=0.4536
  batch 140/264  loss=0.4352
  batch 150/264  loss=0.5195
  batch 160/264  loss=0.4813
  batch 170/264  loss=0.7221
  batch 180/264  loss=0.5622
  batch 190/264  loss=0.6073
  batch 200/264  loss=0.3938
  batch 210/264  loss=0.3988
  batch 220/264  loss=0.4460
  batch 230/264  loss=0.5994
  batch 240/264  loss=0.4696
  batch 250/264  loss=0.4418
  batch 260/264  loss=0.5032
Epoch  60/300  train=4.978e-01  rmse=2.0684  lr=1.0e-04  229s
  -> best  monitor=4.978e-01
  batch 10/264  loss=0.3847
  batch 20/264  loss=0.4112
  batch 30/264  loss=0.3421
  batch 40/264  loss=0.3747
  batch 50/264  loss=0.5155
  batch 60/264  loss=0.6040
  batch 70/264  loss=0.3680
  batch 80/264  loss=0.5409
  batch 90/264  loss=0.5593
  batch 100/264  loss=0.5578
  batch 110/264  loss=0.5075
  batch 120/264  loss=0.4223
  batch 130/264  loss=0.3677
  batch 140/264  loss=0.3965
  batch 150/264  loss=0.4028
  batch 160/264  loss=0.4846
  batch 170/264  loss=0.4378
  batch 180/264  loss=0.3518
  batch 190/264  loss=0.4297
  batch 200/264  loss=0.3598
  batch 210/264  loss=0.5648
  batch 220/264  loss=0.3790
  batch 230/264  loss=0.4039
  batch 240/264  loss=0.4678
  batch 250/264  loss=0.4240
  batch 260/264  loss=0.7606
Epoch  61/300  train=4.988e-01  rmse=2.0185  lr=1.0e-04  228s
  batch 10/264  loss=0.4233
  batch 20/264  loss=0.4686
  batch 30/264  loss=0.5384
  batch 40/264  loss=0.4595
  batch 50/264  loss=0.3979
  batch 60/264  loss=0.4640
  batch 70/264  loss=0.4099
  batch 80/264  loss=0.4817
  batch 90/264  loss=0.3957
  batch 100/264  loss=0.3755
  batch 110/264  loss=0.4181
  batch 120/264  loss=0.4188
  batch 130/264  loss=0.6082
  batch 140/264  loss=0.5817
  batch 150/264  loss=0.4007
  batch 160/264  loss=1.0383
  batch 170/264  loss=0.4769
  batch 180/264  loss=0.5052
  batch 190/264  loss=0.3611
  batch 200/264  loss=0.5708
  batch 210/264  loss=0.3935
  batch 220/264  loss=0.3708
  batch 230/264  loss=0.4104
  batch 240/264  loss=0.3972
  batch 250/264  loss=0.5714
  batch 260/264  loss=0.6207
Epoch  62/300  train=4.936e-01  rmse=2.0007  lr=1.0e-04  228s
  -> best  monitor=4.936e-01
  batch 10/264  loss=0.4298
  batch 20/264  loss=0.4263
  batch 30/264  loss=0.5908
  batch 40/264  loss=0.5054
  batch 50/264  loss=0.4465
  batch 60/264  loss=0.4063
  batch 70/264  loss=0.4574
  batch 80/264  loss=0.6363
  batch 90/264  loss=0.5997
  batch 100/264  loss=0.3761
  batch 110/264  loss=0.6308
  batch 120/264  loss=0.3990
  batch 130/264  loss=0.4033
  batch 140/264  loss=0.4739
  batch 150/264  loss=0.3860
  batch 160/264  loss=0.4912
  batch 170/264  loss=0.3769
  batch 180/264  loss=0.4358
  batch 190/264  loss=0.6062
  batch 200/264  loss=0.5895
  batch 210/264  loss=0.4302
  batch 220/264  loss=0.6851
  batch 230/264  loss=0.5210
  batch 240/264  loss=0.6133
  batch 250/264  loss=0.4123
  batch 260/264  loss=0.4527
Epoch  63/300  train=4.903e-01  rmse=2.0192  lr=1.0e-04  229s
  -> best  monitor=4.903e-01
  batch 10/264  loss=0.4307
  batch 20/264  loss=0.4454
  batch 30/264  loss=0.3646
  batch 40/264  loss=0.4792
  batch 50/264  loss=0.4384
  batch 60/264  loss=0.3719
  batch 70/264  loss=0.4025
  batch 80/264  loss=0.7730
  batch 90/264  loss=0.4802
  batch 100/264  loss=0.5269
  batch 110/264  loss=0.4270
  batch 120/264  loss=0.5776
  batch 130/264  loss=0.5556
  batch 140/264  loss=0.4648
  batch 150/264  loss=0.4620
  batch 160/264  loss=0.4375
  batch 170/264  loss=0.3619
  batch 180/264  loss=0.6704
  batch 190/264  loss=0.4225
  batch 200/264  loss=0.5811
  batch 210/264  loss=0.5968
  batch 220/264  loss=0.5134
  batch 230/264  loss=0.6100
  batch 240/264  loss=0.3888
  batch 250/264  loss=0.5093
  batch 260/264  loss=0.4259
Epoch  64/300  train=4.930e-01  rmse=2.0676  lr=1.0e-04  229s
  batch 10/264  loss=0.4124
  batch 20/264  loss=0.6313
  batch 30/264  loss=0.5058
  batch 40/264  loss=0.4302
  batch 50/264  loss=0.4162
  batch 60/264  loss=0.3715
  batch 70/264  loss=0.4266
  batch 80/264  loss=0.4173
  batch 90/264  loss=0.5226
  batch 100/264  loss=0.4844
  batch 110/264  loss=0.5704
  batch 120/264  loss=0.4356
  batch 130/264  loss=0.3861
  batch 140/264  loss=0.3723
  batch 150/264  loss=1.0381
  batch 160/264  loss=0.8649
  batch 170/264  loss=0.3972
  batch 180/264  loss=0.5140
  batch 190/264  loss=0.4228
  batch 200/264  loss=0.5069
  batch 210/264  loss=0.4647
  batch 220/264  loss=0.3442
  batch 230/264  loss=0.3762
  batch 240/264  loss=0.6528
  batch 250/264  loss=0.4524
  batch 260/264  loss=0.4305
Epoch  65/300  train=4.870e-01  rmse=2.0680  lr=1.0e-04  228s
  -> best  monitor=4.870e-01
  batch 10/264  loss=0.6096
  batch 20/264  loss=0.4716
  batch 30/264  loss=0.4690
  batch 40/264  loss=0.3645
  batch 50/264  loss=0.3899
  batch 60/264  loss=0.5582
  batch 70/264  loss=0.6884
  batch 80/264  loss=0.5925
  batch 90/264  loss=0.6016
  batch 100/264  loss=0.4344
  batch 110/264  loss=0.4389
  batch 120/264  loss=0.4671
  batch 130/264  loss=0.9477
  batch 140/264  loss=0.6560
  batch 150/264  loss=0.4243
  batch 160/264  loss=0.3226
  batch 170/264  loss=0.5125
  batch 180/264  loss=0.4575
  batch 190/264  loss=0.3755
  batch 200/264  loss=0.5072
  batch 210/264  loss=0.3698
  batch 220/264  loss=0.3949
  batch 230/264  loss=0.3269
  batch 240/264  loss=0.6734
  batch 250/264  loss=0.6643
  batch 260/264  loss=0.3939
Epoch  66/300  train=4.931e-01  rmse=2.0453  lr=1.0e-04  227s
  batch 10/264  loss=0.7424
  batch 20/264  loss=0.5416
  batch 30/264  loss=0.4191
  batch 40/264  loss=0.3998
  batch 50/264  loss=0.6188
  batch 60/264  loss=0.4820
  batch 70/264  loss=0.3660
  batch 80/264  loss=0.3758
  batch 90/264  loss=0.7992
  batch 100/264  loss=0.5906
  batch 110/264  loss=0.4978
  batch 120/264  loss=0.3833
  batch 130/264  loss=0.4662
  batch 140/264  loss=0.4624
  batch 150/264  loss=0.4108
  batch 160/264  loss=0.3648
  batch 170/264  loss=0.4293
  batch 180/264  loss=0.5138
  batch 190/264  loss=0.8451
  batch 200/264  loss=0.6423
  batch 210/264  loss=0.7720
  batch 220/264  loss=0.4226
  batch 230/264  loss=0.4247
  batch 240/264  loss=0.3788
  batch 250/264  loss=0.5078
  batch 260/264  loss=0.6326
Epoch  67/300  train=4.875e-01  rmse=1.9846  lr=1.0e-04  229s
  batch 10/264  loss=0.5187
  batch 20/264  loss=0.6127
  batch 30/264  loss=0.6473
  batch 40/264  loss=0.6573
  batch 50/264  loss=0.3445
  batch 60/264  loss=0.4088
  batch 70/264  loss=0.8269
  batch 80/264  loss=0.3731
  batch 90/264  loss=0.6337
  batch 100/264  loss=0.4669
  batch 110/264  loss=0.4561
  batch 120/264  loss=0.4710
  batch 130/264  loss=0.3497
  batch 140/264  loss=0.3524
  batch 150/264  loss=0.3293
  batch 160/264  loss=0.5582
  batch 170/264  loss=0.3757
  batch 180/264  loss=0.4366
  batch 190/264  loss=0.4358
  batch 200/264  loss=0.4234
  batch 210/264  loss=0.4549
  batch 220/264  loss=0.8718
  batch 230/264  loss=0.5571
  batch 240/264  loss=0.5133
  batch 250/264  loss=0.6224
  batch 260/264  loss=0.6738
Epoch  68/300  train=4.869e-01  rmse=2.0080  lr=1.0e-04  229s
  -> best  monitor=4.869e-01
  batch 10/264  loss=0.4336
  batch 20/264  loss=0.4877
  batch 30/264  loss=0.3226
  batch 40/264  loss=0.4574
  batch 50/264  loss=0.4344
  batch 60/264  loss=0.5800
  batch 70/264  loss=0.5049
  batch 80/264  loss=0.3576
  batch 90/264  loss=0.5732
  batch 100/264  loss=0.3514
  batch 110/264  loss=0.6179
  batch 120/264  loss=0.3800
  batch 130/264  loss=0.5352
  batch 140/264  loss=0.9625
  batch 150/264  loss=0.3846
  batch 160/264  loss=0.4209
  batch 170/264  loss=0.6517
  batch 180/264  loss=0.5842
  batch 190/264  loss=0.6827
  batch 200/264  loss=0.4570
  batch 210/264  loss=0.5993
  batch 220/264  loss=0.4564
  batch 230/264  loss=0.4816
  batch 240/264  loss=0.4172
  batch 250/264  loss=0.5346
  batch 260/264  loss=0.8067
Epoch  69/300  train=4.820e-01  rmse=2.0352  lr=1.0e-04  229s
  -> best  monitor=4.820e-01
  batch 10/264  loss=0.4010
  batch 20/264  loss=0.4683
  batch 30/264  loss=0.4585
  batch 40/264  loss=0.4122
  batch 50/264  loss=0.5050
  batch 60/264  loss=0.4062
  batch 70/264  loss=0.7565
  batch 80/264  loss=0.5250
  batch 90/264  loss=0.4116
  batch 100/264  loss=0.5776
  batch 110/264  loss=0.6893
  batch 120/264  loss=0.3893
  batch 130/264  loss=0.7042
  batch 140/264  loss=0.4748
  batch 150/264  loss=0.5166
  batch 160/264  loss=0.4021
  batch 170/264  loss=0.6671
  batch 180/264  loss=0.4317
  batch 190/264  loss=0.4010
  batch 200/264  loss=0.4277
  batch 210/264  loss=0.5690
  batch 220/264  loss=0.3808
  batch 230/264  loss=0.4445
  batch 240/264  loss=0.4714
  batch 250/264  loss=0.4956
  batch 260/264  loss=0.4265
Epoch  70/300  train=4.749e-01  rmse=1.9534  lr=1.0e-04  229s
  -> best  monitor=4.749e-01
  batch 10/264  loss=0.4116
  batch 20/264  loss=0.4429
  batch 30/264  loss=0.4173
  batch 40/264  loss=0.5662
  batch 50/264  loss=0.4447
  batch 60/264  loss=0.3584
  batch 70/264  loss=0.4500
  batch 80/264  loss=0.3524
  batch 90/264  loss=0.3611
  batch 100/264  loss=0.7662
  batch 110/264  loss=0.3854
  batch 120/264  loss=0.3951
  batch 130/264  loss=0.3650
  batch 140/264  loss=0.3413
  batch 150/264  loss=0.9505
  batch 160/264  loss=0.5810
  batch 170/264  loss=0.4282
  batch 180/264  loss=0.3894
  batch 190/264  loss=0.4560
  batch 200/264  loss=0.4451
  batch 210/264  loss=0.4694
  batch 220/264  loss=0.3820
  batch 230/264  loss=0.4159
  batch 240/264  loss=0.3460
  batch 250/264  loss=0.4876
  batch 260/264  loss=0.4622
Epoch  71/300  train=4.756e-01  rmse=1.9737  lr=1.0e-04  229s
  batch 10/264  loss=0.8258
  batch 20/264  loss=0.4879
  batch 30/264  loss=0.8356
  batch 40/264  loss=0.6088
  batch 50/264  loss=0.4549
  batch 60/264  loss=0.4809
  batch 70/264  loss=0.3708
  batch 80/264  loss=0.5161
  batch 90/264  loss=0.3359
  batch 100/264  loss=0.3015
  batch 110/264  loss=0.3357
  batch 120/264  loss=0.4924
  batch 130/264  loss=0.5183
  batch 140/264  loss=0.5545
  batch 150/264  loss=0.4070
  batch 160/264  loss=0.4165
  batch 170/264  loss=0.5652
  batch 180/264  loss=0.4475
  batch 190/264  loss=0.5407
  batch 200/264  loss=0.3712
  batch 210/264  loss=0.3467
  batch 220/264  loss=0.4517
  batch 230/264  loss=0.4757
  batch 240/264  loss=0.4299
  batch 250/264  loss=0.6781
  batch 260/264  loss=0.5311
Epoch  72/300  train=4.779e-01  rmse=1.9934  lr=1.0e-04  228s
  batch 10/264  loss=0.3716
  batch 20/264  loss=0.3980
  batch 30/264  loss=0.4836
  batch 40/264  loss=0.3583
  batch 50/264  loss=0.8142
  batch 60/264  loss=0.3503
  batch 70/264  loss=0.4901
  batch 80/264  loss=0.4298
  batch 90/264  loss=0.3711
  batch 100/264  loss=0.4885
  batch 110/264  loss=0.4904
  batch 120/264  loss=0.6091
  batch 130/264  loss=0.6594
  batch 140/264  loss=0.4351
  batch 150/264  loss=0.3846
  batch 160/264  loss=0.4524
  batch 170/264  loss=0.4714
  batch 180/264  loss=0.5562
  batch 190/264  loss=0.4444
  batch 200/264  loss=0.4515
  batch 210/264  loss=0.3531
  batch 220/264  loss=0.5547
  batch 230/264  loss=0.3897
  batch 240/264  loss=0.4402
  batch 250/264  loss=0.4147
  batch 260/264  loss=0.4455
Epoch  73/300  train=4.762e-01  rmse=1.9621  lr=1.0e-04  227s
  batch 10/264  loss=0.3885
  batch 20/264  loss=0.5675
  batch 30/264  loss=0.4545
  batch 40/264  loss=0.4095
  batch 50/264  loss=0.7617
  batch 60/264  loss=0.6626
  batch 70/264  loss=0.3842
  batch 80/264  loss=0.4065
  batch 90/264  loss=0.5199
  batch 100/264  loss=0.4291
  batch 110/264  loss=0.3849
  batch 120/264  loss=0.3543
  batch 130/264  loss=0.5120
  batch 140/264  loss=0.4329
  batch 150/264  loss=0.3974
  batch 160/264  loss=0.4525
  batch 170/264  loss=0.4448
  batch 180/264  loss=0.5179
  batch 190/264  loss=0.5160
  batch 200/264  loss=1.1816
  batch 210/264  loss=0.8773
  batch 220/264  loss=0.3684
  batch 230/264  loss=0.6623
  batch 240/264  loss=0.7656
  batch 250/264  loss=0.3994
  batch 260/264  loss=0.4125
Epoch  74/300  train=4.705e-01  rmse=1.9595  lr=1.0e-04  227s
  -> best  monitor=4.705e-01
  batch 10/264  loss=0.4463
  batch 20/264  loss=0.3350
  batch 30/264  loss=0.8427
  batch 40/264  loss=0.3009
  batch 50/264  loss=0.3527
  batch 60/264  loss=0.6030
  batch 70/264  loss=0.5535
  batch 80/264  loss=0.5619
  batch 90/264  loss=0.3781
  batch 100/264  loss=0.3885
  batch 110/264  loss=0.3544
  batch 120/264  loss=0.3344
  batch 130/264  loss=0.7678
  batch 140/264  loss=0.5745
  batch 150/264  loss=0.4249
  batch 160/264  loss=0.3960
  batch 170/264  loss=0.4370
  batch 180/264  loss=0.3807
  batch 190/264  loss=0.3595
  batch 200/264  loss=0.4885
  batch 210/264  loss=0.4521
  batch 220/264  loss=0.4399
  batch 230/264  loss=0.3852
  batch 240/264  loss=0.2960
  batch 250/264  loss=0.5851
  batch 260/264  loss=0.3910
Epoch  75/300  train=4.745e-01  rmse=1.9720  lr=1.0e-04  228s
  batch 10/264  loss=0.5425
  batch 20/264  loss=0.6007
  batch 30/264  loss=0.4595
  batch 40/264  loss=0.4302
  batch 50/264  loss=0.6244
  batch 60/264  loss=0.4227
  batch 70/264  loss=0.4983
  batch 80/264  loss=0.6860
  batch 90/264  loss=0.5534
  batch 100/264  loss=0.4160
  batch 110/264  loss=0.5196
  batch 120/264  loss=0.4116
  batch 130/264  loss=0.3022
  batch 140/264  loss=0.4640
  batch 150/264  loss=0.4310
  batch 160/264  loss=0.4398
  batch 170/264  loss=0.3994
  batch 180/264  loss=0.4355
  batch 190/264  loss=0.6007
  batch 200/264  loss=0.5884
  batch 210/264  loss=0.3758
  batch 220/264  loss=0.5257
  batch 230/264  loss=0.5080
  batch 240/264  loss=0.3675
  batch 250/264  loss=0.3887
  batch 260/264  loss=0.4809
Epoch  76/300  train=4.752e-01  rmse=1.9631  lr=1.0e-04  230s
  batch 10/264  loss=0.5591
  batch 20/264  loss=0.3616
  batch 30/264  loss=0.3887
  batch 40/264  loss=0.3488
  batch 50/264  loss=0.7477
  batch 60/264  loss=0.5282
  batch 70/264  loss=0.3848
  batch 80/264  loss=0.4737
  batch 90/264  loss=0.3593
  batch 100/264  loss=0.3790
  batch 110/264  loss=0.5082
  batch 120/264  loss=0.4497
  batch 130/264  loss=0.3760
  batch 140/264  loss=0.3612
  batch 150/264  loss=0.5058
  batch 160/264  loss=0.5122
  batch 170/264  loss=0.4488
  batch 180/264  loss=0.3802
  batch 190/264  loss=0.3889
  batch 200/264  loss=0.4960
  batch 210/264  loss=0.3606
  batch 220/264  loss=0.4577
  batch 230/264  loss=0.4622
  batch 240/264  loss=0.5077
  batch 250/264  loss=0.4276
  batch 260/264  loss=0.3355
Epoch  77/300  train=4.725e-01  rmse=1.9674  lr=1.0e-04  228s
  batch 10/264  loss=0.3515
  batch 20/264  loss=0.4895
  batch 30/264  loss=0.4553
  batch 40/264  loss=0.4344
  batch 50/264  loss=0.4586
  batch 60/264  loss=0.4632
  batch 70/264  loss=0.7018
  batch 80/264  loss=0.5388
  batch 90/264  loss=0.4782
  batch 100/264  loss=0.4647
  batch 110/264  loss=0.5613
  batch 120/264  loss=0.3689
  batch 130/264  loss=0.3700
  batch 140/264  loss=0.5963
  batch 150/264  loss=0.4985
  batch 160/264  loss=0.3877
  batch 170/264  loss=0.3477
  batch 180/264  loss=0.4947
  batch 190/264  loss=0.6507
  batch 200/264  loss=0.6836
  batch 210/264  loss=0.4450
  batch 220/264  loss=0.4118
  batch 230/264  loss=0.4667
  batch 240/264  loss=0.3552
  batch 250/264  loss=0.4197
  batch 260/264  loss=0.4567
Epoch  78/300  train=4.682e-01  rmse=1.9466  lr=1.0e-04  227s
  -> best  monitor=4.682e-01
  batch 10/264  loss=0.5212
  batch 20/264  loss=0.4033
  batch 30/264  loss=0.5167
  batch 40/264  loss=0.4107
  batch 50/264  loss=0.4443
  batch 60/264  loss=0.6030
  batch 70/264  loss=0.4984
  batch 80/264  loss=0.5540
  batch 90/264  loss=0.3599
  batch 100/264  loss=0.6054
  batch 110/264  loss=0.5813
  batch 120/264  loss=0.3853
  batch 130/264  loss=0.5936
  batch 140/264  loss=0.4029
  batch 150/264  loss=0.4264
  batch 160/264  loss=0.4292
  batch 170/264  loss=0.4430
  batch 180/264  loss=0.4944
  batch 190/264  loss=0.3631
  batch 200/264  loss=0.3843
  batch 210/264  loss=0.4889
  batch 220/264  loss=0.6627
  batch 230/264  loss=0.4285
  batch 240/264  loss=0.4861
  batch 250/264  loss=0.5401
  batch 260/264  loss=0.3841
Epoch  79/300  train=4.700e-01  rmse=2.0044  lr=1.0e-04  228s
  batch 10/264  loss=0.3788
  batch 20/264  loss=0.4333
  batch 30/264  loss=0.4556
  batch 40/264  loss=0.3910
  batch 50/264  loss=0.3324
  batch 60/264  loss=0.3827
  batch 70/264  loss=0.4085
  batch 80/264  loss=0.3294
  batch 90/264  loss=0.4646
  batch 100/264  loss=0.3326
  batch 110/264  loss=0.4881
  batch 120/264  loss=1.0398
  batch 130/264  loss=0.3802
  batch 140/264  loss=0.4425
  batch 150/264  loss=0.4505
  batch 160/264  loss=0.4047
  batch 170/264  loss=0.6868
  batch 180/264  loss=0.6050
  batch 190/264  loss=0.4289
  batch 200/264  loss=0.6137
  batch 210/264  loss=0.4188
  batch 220/264  loss=0.3871
  batch 230/264  loss=0.4128
  batch 240/264  loss=0.5206
  batch 250/264  loss=0.5502
  batch 260/264  loss=0.3809
Epoch  80/300  train=4.709e-01  rmse=1.9238  lr=1.0e-04  227s
  batch 10/264  loss=0.3944
  batch 20/264  loss=0.4883
  batch 30/264  loss=0.3774
  batch 40/264  loss=0.4672
  batch 50/264  loss=0.4042
  batch 60/264  loss=0.4786
  batch 70/264  loss=0.4013
  batch 80/264  loss=0.6871
  batch 90/264  loss=0.4083
  batch 100/264  loss=0.3526
  batch 110/264  loss=0.4139
  batch 120/264  loss=0.5201
  batch 130/264  loss=0.3913
  batch 140/264  loss=0.5650
  batch 150/264  loss=0.4564
  batch 160/264  loss=0.5963
  batch 170/264  loss=0.4492
  batch 180/264  loss=0.3830
  batch 190/264  loss=0.5144
  batch 200/264  loss=0.3479
  batch 210/264  loss=0.3894
  batch 220/264  loss=0.4185
  batch 230/264  loss=0.5017
  batch 240/264  loss=0.4305
  batch 250/264  loss=0.4515
  batch 260/264  loss=0.4532
Epoch  81/300  train=4.632e-01  rmse=1.9398  lr=1.0e-04  228s
  -> best  monitor=4.632e-01
  batch 10/264  loss=0.4831
  batch 20/264  loss=0.4028
  batch 30/264  loss=0.8013
  batch 40/264  loss=0.6262
  batch 50/264  loss=0.3492
  batch 60/264  loss=0.4228
  batch 70/264  loss=0.4912
  batch 80/264  loss=0.5098
  batch 90/264  loss=0.4093
  batch 100/264  loss=0.6806
  batch 110/264  loss=0.6443
  batch 120/264  loss=0.3395
  batch 130/264  loss=0.5766
  batch 140/264  loss=0.6157
  batch 150/264  loss=0.3525
  batch 160/264  loss=0.4383
  batch 170/264  loss=0.4198
  batch 180/264  loss=0.3379
  batch 190/264  loss=0.4177
  batch 200/264  loss=0.3854
  batch 210/264  loss=0.4129
  batch 220/264  loss=0.7103
  batch 230/264  loss=0.3694
  batch 240/264  loss=0.3127
  batch 250/264  loss=0.5887
  batch 260/264  loss=0.7254
Epoch  82/300  train=4.591e-01  rmse=1.8879  lr=1.0e-04  230s
  -> best  monitor=4.591e-01
  batch 10/264  loss=0.4305
  batch 20/264  loss=0.3667
  batch 30/264  loss=0.6014
  batch 40/264  loss=0.3717
  batch 50/264  loss=0.4655
  batch 60/264  loss=0.4382
  batch 70/264  loss=0.4525
  batch 80/264  loss=0.5007
  batch 90/264  loss=0.4445
  batch 100/264  loss=0.4941
  batch 110/264  loss=0.5368
  batch 120/264  loss=0.5063
  batch 130/264  loss=0.6152
  batch 140/264  loss=0.4699
  batch 150/264  loss=0.6295
  batch 160/264  loss=0.4519
  batch 170/264  loss=0.4557
  batch 180/264  loss=0.5768
  batch 190/264  loss=0.4476
  batch 200/264  loss=0.3877
  batch 210/264  loss=0.4341
  batch 220/264  loss=0.4044
  batch 230/264  loss=0.7571
  batch 240/264  loss=0.4819
  batch 250/264  loss=0.4518
  batch 260/264  loss=0.5951
Epoch  83/300  train=4.660e-01  rmse=1.9210  lr=1.0e-04  229s
  batch 10/264  loss=0.4010
  batch 20/264  loss=0.6788
  batch 30/264  loss=0.3743
  batch 40/264  loss=0.6614
  batch 50/264  loss=0.3464
  batch 60/264  loss=0.4148
  batch 70/264  loss=0.5072
  batch 80/264  loss=0.4550
  batch 90/264  loss=0.5309
  batch 100/264  loss=0.5168
  batch 110/264  loss=0.4503
  batch 120/264  loss=0.5160
  batch 130/264  loss=0.7122
  batch 140/264  loss=0.3975
  batch 150/264  loss=0.4152
  batch 160/264  loss=0.3728
  batch 170/264  loss=0.3403
  batch 180/264  loss=0.6249
  batch 190/264  loss=0.5685
  batch 200/264  loss=0.3908
  batch 210/264  loss=0.4209
  batch 220/264  loss=0.4521
  batch 230/264  loss=0.4568
  batch 240/264  loss=0.4056
  batch 250/264  loss=0.3943
  batch 260/264  loss=0.5380
Epoch  84/300  train=4.592e-01  rmse=1.9215  lr=1.0e-04  229s
  batch 10/264  loss=0.4031
  batch 20/264  loss=0.3644
  batch 30/264  loss=0.5696
  batch 40/264  loss=0.5410
  batch 50/264  loss=0.4113
  batch 60/264  loss=0.4934
  batch 70/264  loss=0.6570
  batch 80/264  loss=0.4335
  batch 90/264  loss=0.5298
  batch 100/264  loss=0.3655
  batch 110/264  loss=0.5207
  batch 120/264  loss=0.4213
  batch 130/264  loss=0.4377
  batch 140/264  loss=0.5059
  batch 150/264  loss=0.4468
  batch 160/264  loss=0.3546
  batch 170/264  loss=0.4020
  batch 180/264  loss=0.3332
  batch 190/264  loss=0.6461
  batch 200/264  loss=0.3916
  batch 210/264  loss=0.4358
  batch 220/264  loss=0.6346
  batch 230/264  loss=0.4293
  batch 240/264  loss=0.5785
  batch 250/264  loss=0.5360
  batch 260/264  loss=1.4459
Epoch  85/300  train=4.667e-01  rmse=2.0018  lr=1.0e-04  229s
  batch 10/264  loss=0.4514
  batch 20/264  loss=0.4229
  batch 30/264  loss=0.4740
  batch 40/264  loss=0.6219
  batch 50/264  loss=0.4581
  batch 60/264  loss=0.4140
  batch 70/264  loss=0.4214
  batch 80/264  loss=0.3880
  batch 90/264  loss=0.5259
  batch 100/264  loss=0.3934
  batch 110/264  loss=0.3795
  batch 120/264  loss=0.4400
  batch 130/264  loss=0.3958
  batch 140/264  loss=0.4202
  batch 150/264  loss=0.3584
  batch 160/264  loss=0.4514
  batch 170/264  loss=0.3934
  batch 180/264  loss=0.4963
  batch 190/264  loss=0.4080
  batch 200/264  loss=0.9685
  batch 210/264  loss=0.6845
  batch 220/264  loss=0.4048
  batch 230/264  loss=0.5168
  batch 240/264  loss=0.7319
  batch 250/264  loss=0.4963
  batch 260/264  loss=0.4393
Epoch  86/300  train=4.628e-01  rmse=1.9349  lr=1.0e-04  229s
  batch 10/264  loss=0.3942
  batch 20/264  loss=0.4941
  batch 30/264  loss=0.3948
  batch 40/264  loss=0.3560
  batch 50/264  loss=0.3650
  batch 60/264  loss=0.3681
  batch 70/264  loss=0.3612
  batch 80/264  loss=0.4365
  batch 90/264  loss=0.4491
  batch 100/264  loss=0.3817
  batch 110/264  loss=0.4258
  batch 120/264  loss=0.5724
  batch 130/264  loss=0.4510
  batch 140/264  loss=0.4235
  batch 150/264  loss=0.5949
  batch 160/264  loss=0.4105
  batch 170/264  loss=0.4162
  batch 180/264  loss=0.3702
  batch 190/264  loss=0.3384
  batch 200/264  loss=0.4070
  batch 210/264  loss=0.3969
  batch 220/264  loss=0.9289
  batch 230/264  loss=0.4439
  batch 240/264  loss=0.3879
  batch 250/264  loss=0.7169
  batch 260/264  loss=0.4174
Epoch  87/300  train=4.580e-01  rmse=1.9392  lr=1.0e-04  228s
  -> best  monitor=4.580e-01
  batch 10/264  loss=0.3841
  batch 20/264  loss=0.3779
  batch 30/264  loss=1.0837
  batch 40/264  loss=0.5379
  batch 50/264  loss=0.3429
  batch 60/264  loss=0.5818
  batch 70/264  loss=0.4389
  batch 80/264  loss=0.3774
  batch 90/264  loss=0.3553
  batch 100/264  loss=0.5932
  batch 110/264  loss=0.4428
  batch 120/264  loss=0.3405
  batch 130/264  loss=0.4824
  batch 140/264  loss=0.3911
  batch 150/264  loss=0.4716
  batch 160/264  loss=0.4161
  batch 170/264  loss=0.4225
  batch 180/264  loss=0.6162
  batch 190/264  loss=0.3423
  batch 200/264  loss=0.4404
  batch 210/264  loss=0.3886
  batch 220/264  loss=0.5121
  batch 230/264  loss=0.7900
  batch 240/264  loss=0.4270
  batch 250/264  loss=0.3915
  batch 260/264  loss=0.6159
Epoch  88/300  train=4.540e-01  rmse=1.9484  lr=1.0e-04  228s
  -> best  monitor=4.540e-01
  batch 10/264  loss=0.3337
  batch 20/264  loss=1.0103
  batch 30/264  loss=0.3712
  batch 40/264  loss=0.4866
  batch 50/264  loss=0.4183
  batch 60/264  loss=0.4928
  batch 70/264  loss=0.4551
  batch 80/264  loss=0.3969
  batch 90/264  loss=0.7805
  batch 100/264  loss=0.3325
  batch 110/264  loss=0.7091
  batch 120/264  loss=0.5484
  batch 130/264  loss=0.4118
  batch 140/264  loss=0.3834
  batch 150/264  loss=0.5200
  batch 160/264  loss=0.3586
  batch 170/264  loss=0.4534
  batch 180/264  loss=0.5664
  batch 190/264  loss=0.6883
  batch 200/264  loss=0.4056
  batch 210/264  loss=0.3953
  batch 220/264  loss=0.5687
  batch 230/264  loss=0.3731
  batch 240/264  loss=0.4055
  batch 250/264  loss=0.5059
  batch 260/264  loss=0.5425
Epoch  89/300  train=4.599e-01  rmse=1.9286  lr=1.0e-04  229s
  batch 10/264  loss=0.5690
  batch 20/264  loss=0.3246
  batch 30/264  loss=0.5206
  batch 40/264  loss=0.4174
  batch 50/264  loss=0.4669
  batch 60/264  loss=0.5890
  batch 70/264  loss=0.4891
  batch 80/264  loss=0.5294
  batch 90/264  loss=0.3705
  batch 100/264  loss=0.4286
  batch 110/264  loss=0.4135
  batch 120/264  loss=0.4443
  batch 130/264  loss=0.3217
  batch 140/264  loss=0.3782
  batch 150/264  loss=0.4332
  batch 160/264  loss=0.4525
  batch 170/264  loss=0.4960
  batch 180/264  loss=0.4899
  batch 190/264  loss=0.4557
  batch 200/264  loss=0.3676
  batch 210/264  loss=0.3736
  batch 220/264  loss=0.4298
  batch 230/264  loss=0.3623
  batch 240/264  loss=0.3991
  batch 250/264  loss=0.3396
  batch 260/264  loss=0.5719
Epoch  90/300  train=4.608e-01  rmse=1.9271  lr=1.0e-04  228s
  batch 10/264  loss=0.3820
  batch 20/264  loss=0.3702
  batch 30/264  loss=0.3792
  batch 40/264  loss=0.3454
  batch 50/264  loss=0.5379
  batch 60/264  loss=0.6218
  batch 70/264  loss=0.3820
  batch 80/264  loss=0.4280
  batch 90/264  loss=0.3829
  batch 100/264  loss=0.5651
  batch 110/264  loss=0.4039
  batch 120/264  loss=0.4330
  batch 130/264  loss=0.4327
  batch 140/264  loss=0.6165
  batch 150/264  loss=0.3911
  batch 160/264  loss=0.4420
  batch 170/264  loss=0.4674
  batch 180/264  loss=0.4461
  batch 190/264  loss=0.4080
  batch 200/264  loss=0.3679
  batch 210/264  loss=0.4674
  batch 220/264  loss=0.5011
  batch 230/264  loss=0.3233
  batch 240/264  loss=0.3718
  batch 250/264  loss=0.3798
  batch 260/264  loss=0.3781
Epoch  91/300  train=4.494e-01  rmse=1.8856  lr=1.0e-04  229s
  -> best  monitor=4.494e-01
  batch 10/264  loss=0.5275
  batch 20/264  loss=0.4802
  batch 30/264  loss=0.3968
  batch 40/264  loss=0.4212
  batch 50/264  loss=0.5855
  batch 60/264  loss=0.4263
  batch 70/264  loss=0.4118
  batch 80/264  loss=0.4437
  batch 90/264  loss=0.4235
  batch 100/264  loss=0.3596
  batch 110/264  loss=0.5773
  batch 120/264  loss=0.6459
  batch 130/264  loss=0.4817
  batch 140/264  loss=0.4363
  batch 150/264  loss=0.4283
  batch 160/264  loss=0.3662
  batch 170/264  loss=0.4951
  batch 180/264  loss=0.3973
  batch 190/264  loss=0.3608
  batch 200/264  loss=0.3831
  batch 210/264  loss=0.4556
  batch 220/264  loss=0.4334
  batch 230/264  loss=0.4379
  batch 240/264  loss=0.4383
  batch 250/264  loss=0.3699
  batch 260/264  loss=0.3604
Epoch  92/300  train=4.510e-01  rmse=1.9171  lr=1.0e-04  230s
  batch 10/264  loss=0.4492
  batch 20/264  loss=0.3664
  batch 30/264  loss=0.5218
  batch 40/264  loss=0.5142
  batch 50/264  loss=0.4469
  batch 60/264  loss=0.3616
  batch 70/264  loss=0.3736
  batch 80/264  loss=0.5025
  batch 90/264  loss=0.3851
  batch 100/264  loss=0.8793
  batch 110/264  loss=0.5742
  batch 120/264  loss=0.4429
  batch 130/264  loss=0.3935
  batch 140/264  loss=0.4384
  batch 150/264  loss=0.4259
  batch 160/264  loss=0.4665
  batch 170/264  loss=0.4492
  batch 180/264  loss=0.6310
  batch 190/264  loss=0.4401
  batch 200/264  loss=0.4943
  batch 210/264  loss=0.3336
  batch 220/264  loss=0.3738
  batch 230/264  loss=0.3374
  batch 240/264  loss=0.4170
  batch 250/264  loss=0.8197
  batch 260/264  loss=0.4039
Epoch  93/300  train=4.572e-01  rmse=1.9115  lr=1.0e-04  229s
  batch 10/264  loss=0.3504
  batch 20/264  loss=0.5491
  batch 30/264  loss=0.4104
  batch 40/264  loss=0.3502
  batch 50/264  loss=0.4076
  batch 60/264  loss=0.5014
  batch 70/264  loss=0.3820
  batch 80/264  loss=0.4413
  batch 90/264  loss=0.3297
  batch 100/264  loss=0.3987
  batch 110/264  loss=0.5062
  batch 120/264  loss=0.4829
  batch 130/264  loss=0.3304
  batch 140/264  loss=0.3543
  batch 150/264  loss=0.3931
  batch 160/264  loss=0.3597
  batch 170/264  loss=0.4208
  batch 180/264  loss=0.3515
  batch 190/264  loss=0.3645
  batch 200/264  loss=0.3466
  batch 210/264  loss=0.4847
  batch 220/264  loss=0.3651
  batch 230/264  loss=0.3683
  batch 240/264  loss=0.4180
  batch 250/264  loss=0.4701
  batch 260/264  loss=0.5455
Epoch  94/300  train=4.567e-01  rmse=1.9478  lr=1.0e-04  228s
  batch 10/264  loss=0.4186
  batch 20/264  loss=0.3887
  batch 30/264  loss=0.4055
  batch 40/264  loss=0.4748
  batch 50/264  loss=0.3938
  batch 60/264  loss=0.3821
  batch 70/264  loss=0.4085
  batch 80/264  loss=0.4228
  batch 90/264  loss=0.3405
  batch 100/264  loss=0.3922
  batch 110/264  loss=0.3822
  batch 120/264  loss=0.5089
  batch 130/264  loss=0.4552
  batch 140/264  loss=0.5158
  batch 150/264  loss=0.4766
  batch 160/264  loss=0.5000
  batch 170/264  loss=0.3772
  batch 180/264  loss=0.4897
  batch 190/264  loss=0.5814
  batch 200/264  loss=0.4487
  batch 210/264  loss=0.3384
  batch 220/264  loss=0.4026
  batch 230/264  loss=0.4102
  batch 240/264  loss=0.3267
  batch 250/264  loss=0.7244
  batch 260/264  loss=0.4579
Epoch  95/300  train=4.545e-01  rmse=2.4298  lr=1.0e-04  230s
  batch 10/264  loss=0.4199
  batch 20/264  loss=0.5247
  batch 30/264  loss=0.3162
  batch 40/264  loss=0.4288
  batch 50/264  loss=0.4846
  batch 60/264  loss=0.3993
  batch 70/264  loss=0.5817
  batch 80/264  loss=0.4229
  batch 90/264  loss=0.3611
  batch 100/264  loss=0.3765
  batch 110/264  loss=0.3397
  batch 120/264  loss=0.5266
  batch 130/264  loss=0.3666
  batch 140/264  loss=0.4863
  batch 150/264  loss=0.6642
  batch 160/264  loss=0.4202
  batch 170/264  loss=0.4673
  batch 180/264  loss=0.5197
  batch 190/264  loss=0.3919
  batch 200/264  loss=0.3927
  batch 210/264  loss=0.3493
  batch 220/264  loss=0.4730
  batch 230/264  loss=0.3934
  batch 240/264  loss=0.4391
  batch 250/264  loss=0.3391
  batch 260/264  loss=0.4164
Epoch  96/300  train=4.459e-01  rmse=1.9007  lr=1.0e-04  230s
  -> best  monitor=4.459e-01
  batch 10/264  loss=0.4462
  batch 20/264  loss=0.3886
  batch 30/264  loss=0.3239
  batch 40/264  loss=0.4360
  batch 50/264  loss=0.4490
  batch 60/264  loss=0.3209
  batch 70/264  loss=0.5826
  batch 80/264  loss=0.4533
  batch 90/264  loss=0.3321
  batch 100/264  loss=0.5383
  batch 110/264  loss=0.5773
  batch 120/264  loss=0.3456
  batch 130/264  loss=0.3876
  batch 140/264  loss=0.5214
  batch 150/264  loss=0.5550
  batch 160/264  loss=0.3657
  batch 170/264  loss=0.3408
  batch 180/264  loss=0.3544
  batch 190/264  loss=0.7307
  batch 200/264  loss=0.4128
  batch 210/264  loss=0.4548
  batch 220/264  loss=0.6256
  batch 230/264  loss=0.6685
  batch 240/264  loss=0.3394
  batch 250/264  loss=0.4034
  batch 260/264  loss=0.4148
Epoch  97/300  train=4.496e-01  rmse=1.8741  lr=1.0e-04  229s
  batch 10/264  loss=0.4484
  batch 20/264  loss=0.6365
  batch 30/264  loss=0.4756
  batch 40/264  loss=0.3588
  batch 50/264  loss=0.3756
  batch 60/264  loss=0.5008
  batch 70/264  loss=0.3561
  batch 80/264  loss=0.4409
  batch 90/264  loss=0.3996
  batch 100/264  loss=0.3499
  batch 110/264  loss=0.4998
  batch 120/264  loss=0.4384
  batch 130/264  loss=0.4362
  batch 140/264  loss=0.6219
  batch 150/264  loss=0.6126
  batch 160/264  loss=0.6426
  batch 170/264  loss=0.3298
  batch 180/264  loss=0.9658
  batch 190/264  loss=0.3428
  batch 200/264  loss=0.3924
  batch 210/264  loss=0.4686
  batch 220/264  loss=0.4031
  batch 230/264  loss=0.4646
  batch 240/264  loss=0.3361
  batch 250/264  loss=0.4307
  batch 260/264  loss=0.4111
Epoch  98/300  train=4.547e-01  rmse=1.9467  lr=1.0e-04  230s
  batch 10/264  loss=0.3687
  batch 20/264  loss=0.3759
  batch 30/264  loss=0.4556
  batch 40/264  loss=0.3731
  batch 50/264  loss=0.4754
  batch 60/264  loss=0.4352
  batch 70/264  loss=0.5356
  batch 80/264  loss=0.3761
  batch 90/264  loss=0.3844
  batch 100/264  loss=0.4093
  batch 110/264  loss=0.4335
  batch 120/264  loss=0.4514
  batch 130/264  loss=0.3407
  batch 140/264  loss=0.3535
  batch 150/264  loss=0.3455
  batch 160/264  loss=0.3562
  batch 170/264  loss=0.3508
  batch 180/264  loss=0.3889
  batch 190/264  loss=0.4121
  batch 200/264  loss=0.5550
  batch 210/264  loss=0.3712
  batch 220/264  loss=0.3636
  batch 230/264  loss=0.3596
  batch 240/264  loss=0.4929
  batch 250/264  loss=0.6925
  batch 260/264  loss=0.4488
Epoch  99/300  train=4.423e-01  rmse=1.9413  lr=1.0e-04  229s
  -> best  monitor=4.423e-01
  batch 10/264  loss=0.3949
  batch 20/264  loss=0.3838
  batch 30/264  loss=0.3854
  batch 40/264  loss=0.4586
  batch 50/264  loss=0.3776
  batch 60/264  loss=0.3753
  batch 70/264  loss=0.5812
  batch 80/264  loss=0.4424
  batch 90/264  loss=0.4168
  batch 100/264  loss=0.6313
  batch 110/264  loss=0.4230
  batch 120/264  loss=0.7680
  batch 130/264  loss=0.4651
  batch 140/264  loss=0.4320
  batch 150/264  loss=0.3578
  batch 160/264  loss=0.4471
  batch 170/264  loss=0.4542
  batch 180/264  loss=0.3775
  batch 190/264  loss=0.3080
  batch 200/264  loss=0.4126
  batch 210/264  loss=0.3866
  batch 220/264  loss=0.4170
  batch 230/264  loss=0.4263
  batch 240/264  loss=0.3228
  batch 250/264  loss=0.4021
  batch 260/264  loss=0.5723
Epoch 100/300  train=4.490e-01  rmse=1.8971  lr=1.0e-04  228s
  batch 10/264  loss=0.6396
  batch 20/264  loss=0.3592
  batch 30/264  loss=0.3299
  batch 40/264  loss=0.4214
  batch 50/264  loss=0.2919
  batch 60/264  loss=0.3507
  batch 70/264  loss=0.3795
  batch 80/264  loss=0.3596
  batch 90/264  loss=0.3845
  batch 100/264  loss=0.4019
  batch 110/264  loss=0.3520
  batch 120/264  loss=0.4333
  batch 130/264  loss=0.4272
  batch 140/264  loss=0.4852
  batch 150/264  loss=0.4144
  batch 160/264  loss=0.3495
  batch 170/264  loss=0.3382
  batch 180/264  loss=0.4567
  batch 190/264  loss=0.5095
  batch 200/264  loss=0.3740
  batch 210/264  loss=0.6494
  batch 220/264  loss=0.6920
  batch 230/264  loss=0.5047
  batch 240/264  loss=0.5364
  batch 250/264  loss=0.4137
  batch 260/264  loss=0.3351
Epoch 101/300  train=4.468e-01  rmse=1.9561  lr=1.0e-04  229s
  batch 10/264  loss=0.3958
  batch 20/264  loss=0.3667
  batch 30/264  loss=0.5163
  batch 40/264  loss=0.3964
  batch 50/264  loss=0.4881
  batch 60/264  loss=0.7733
  batch 70/264  loss=0.5942
  batch 80/264  loss=0.3797
  batch 90/264  loss=0.3514
  batch 100/264  loss=0.3737
  batch 110/264  loss=0.3929
  batch 120/264  loss=0.3729
  batch 130/264  loss=0.3924
  batch 140/264  loss=0.4118
  batch 150/264  loss=0.4367
  batch 160/264  loss=0.5527
  batch 170/264  loss=0.3489
  batch 180/264  loss=0.8341
  batch 190/264  loss=0.6454
  batch 200/264  loss=0.3688
  batch 210/264  loss=0.4830
  batch 220/264  loss=0.3365
  batch 230/264  loss=0.4478
  batch 240/264  loss=0.4416
  batch 250/264  loss=0.4585
  batch 260/264  loss=0.3755
Epoch 102/300  train=4.475e-01  rmse=1.9054  lr=1.0e-04  230s
  batch 10/264  loss=0.3524
  batch 20/264  loss=0.3574
  batch 30/264  loss=0.3664
  batch 40/264  loss=0.3724
  batch 50/264  loss=0.3132
  batch 60/264  loss=0.5001
  batch 70/264  loss=0.4631
  batch 80/264  loss=0.3923
  batch 90/264  loss=0.3403
  batch 100/264  loss=0.4598
  batch 110/264  loss=0.4029
  batch 120/264  loss=0.5951
  batch 130/264  loss=0.3561
  batch 140/264  loss=0.3201
  batch 150/264  loss=0.4666
  batch 160/264  loss=0.3315
  batch 170/264  loss=0.5494
  batch 180/264  loss=0.4274
  batch 190/264  loss=0.6000
  batch 200/264  loss=0.5308
  batch 210/264  loss=0.3994
  batch 220/264  loss=0.4592
  batch 230/264  loss=0.6428
  batch 240/264  loss=1.0019
  batch 250/264  loss=0.4045
  batch 260/264  loss=0.3736
Epoch 103/300  train=4.430e-01  rmse=2.1230  lr=1.0e-04  229s
  batch 10/264  loss=0.3854
  batch 20/264  loss=0.6402
  batch 30/264  loss=0.4335
  batch 40/264  loss=0.3674
  batch 50/264  loss=0.4857
  batch 60/264  loss=0.4018
  batch 70/264  loss=0.7373
  batch 80/264  loss=0.5483
  batch 90/264  loss=0.5904
  batch 100/264  loss=0.3448
  batch 110/264  loss=0.7183
  batch 120/264  loss=1.2811
  batch 130/264  loss=0.4303
  batch 140/264  loss=0.5732
  batch 150/264  loss=0.3768
  batch 160/264  loss=0.3684
  batch 170/264  loss=0.5712
  batch 180/264  loss=0.5264
  batch 190/264  loss=0.3308
  batch 200/264  loss=0.4289
  batch 210/264  loss=0.4132
  batch 220/264  loss=0.3576
  batch 230/264  loss=0.3054
  batch 240/264  loss=0.4145
  batch 250/264  loss=0.6043
  batch 260/264  loss=0.4169
Epoch 104/300  train=4.389e-01  rmse=1.9008  lr=1.0e-04  229s
  -> best  monitor=4.389e-01
  batch 10/264  loss=0.3531
  batch 20/264  loss=0.4497
  batch 30/264  loss=0.4418
  batch 40/264  loss=0.3969
  batch 50/264  loss=0.4265
  batch 60/264  loss=0.4071
  batch 70/264  loss=0.3391
  batch 80/264  loss=0.6249
  batch 90/264  loss=0.6544
  batch 100/264  loss=0.5164
  batch 110/264  loss=0.6242
  batch 120/264  loss=0.3715
  batch 130/264  loss=0.4293
  batch 140/264  loss=0.4854
  batch 150/264  loss=0.3938
  batch 160/264  loss=0.4151
  batch 170/264  loss=0.5165
  batch 180/264  loss=0.3266
  batch 190/264  loss=0.4581
  batch 200/264  loss=0.6133
  batch 210/264  loss=0.4579
  batch 220/264  loss=0.5592
  batch 230/264  loss=0.3267
  batch 240/264  loss=0.3414
  batch 250/264  loss=0.3293
  batch 260/264  loss=0.4359
Epoch 105/300  train=4.468e-01  rmse=1.8624  lr=1.0e-04  230s
  batch 10/264  loss=0.4104
  batch 20/264  loss=0.3914
  batch 30/264  loss=0.4489
  batch 40/264  loss=0.6440
  batch 50/264  loss=0.3367
  batch 60/264  loss=0.3341
  batch 70/264  loss=0.5179
  batch 80/264  loss=0.3705
  batch 90/264  loss=0.3964
  batch 100/264  loss=0.5145
  batch 110/264  loss=0.4527
  batch 120/264  loss=0.4185
  batch 130/264  loss=0.3402
  batch 140/264  loss=0.5962
  batch 150/264  loss=0.4962
  batch 160/264  loss=0.3555
  batch 170/264  loss=0.4701
  batch 180/264  loss=0.3036
  batch 190/264  loss=0.3313
  batch 200/264  loss=0.5731
  batch 210/264  loss=0.3694
  batch 220/264  loss=0.4710
  batch 230/264  loss=0.3357
  batch 240/264  loss=0.3972
  batch 250/264  loss=0.3472
  batch 260/264  loss=0.3938
Epoch 106/300  train=4.391e-01  rmse=1.8492  lr=1.0e-04  229s
  batch 10/264  loss=0.4361
  batch 20/264  loss=0.4983
  batch 30/264  loss=0.4191
  batch 40/264  loss=0.4058
  batch 50/264  loss=0.3629
  batch 60/264  loss=0.4720
  batch 70/264  loss=0.4933
  batch 80/264  loss=0.5742
  batch 90/264  loss=0.3281
  batch 100/264  loss=0.3773
  batch 110/264  loss=0.4175
  batch 120/264  loss=0.3841
  batch 130/264  loss=0.3440
  batch 140/264  loss=0.3725
  batch 150/264  loss=0.3615
  batch 160/264  loss=0.5059
  batch 170/264  loss=0.3453
  batch 180/264  loss=0.4396
  batch 190/264  loss=0.7117
  batch 200/264  loss=0.5084
  batch 210/264  loss=0.5143
  batch 220/264  loss=0.4885
  batch 230/264  loss=0.4574
  batch 240/264  loss=0.3443
  batch 250/264  loss=0.4651
  batch 260/264  loss=0.5379
Epoch 107/300  train=4.359e-01  rmse=2.1077  lr=1.0e-04  228s
  -> best  monitor=4.359e-01
  batch 10/264  loss=0.4512
  batch 20/264  loss=0.4441
  batch 30/264  loss=0.4198
  batch 40/264  loss=0.4722
  batch 50/264  loss=0.4032
  batch 60/264  loss=0.4807
  batch 70/264  loss=0.4659
  batch 80/264  loss=0.3866
  batch 90/264  loss=0.3901
  batch 100/264  loss=0.4698
  batch 110/264  loss=0.3541
  batch 120/264  loss=0.4045
  batch 130/264  loss=0.4615
  batch 140/264  loss=0.3904
  batch 150/264  loss=0.3561
  batch 160/264  loss=0.6950
  batch 170/264  loss=0.4698
  batch 180/264  loss=0.4025
  batch 190/264  loss=0.3613
  batch 200/264  loss=0.3929
  batch 210/264  loss=0.3672
  batch 220/264  loss=0.5423
  batch 230/264  loss=0.3858
  batch 240/264  loss=0.4037
  batch 250/264  loss=0.3567
  batch 260/264  loss=0.5543
Epoch 108/300  train=4.412e-01  rmse=1.8747  lr=1.0e-04  229s
  batch 10/264  loss=0.3497
  batch 20/264  loss=0.4927
  batch 30/264  loss=0.3837
  batch 40/264  loss=0.3348
  batch 50/264  loss=0.5768
  batch 60/264  loss=0.4316
  batch 70/264  loss=0.3992
  batch 80/264  loss=0.3578
  batch 90/264  loss=0.3843
  batch 100/264  loss=0.4194
  batch 110/264  loss=0.3743
  batch 120/264  loss=0.3460
  batch 130/264  loss=0.4238
  batch 140/264  loss=0.3381
  batch 150/264  loss=0.4057
  batch 160/264  loss=0.4438
  batch 170/264  loss=0.3489
  batch 180/264  loss=0.3465
  batch 190/264  loss=0.5337
  batch 200/264  loss=0.4532
  batch 210/264  loss=0.3616
  batch 220/264  loss=0.5652
  batch 230/264  loss=0.3182
  batch 240/264  loss=0.3698
  batch 250/264  loss=0.5287
  batch 260/264  loss=0.2721
Epoch 109/300  train=4.380e-01  rmse=1.8619  lr=1.0e-04  229s
  batch 10/264  loss=0.4915
  batch 20/264  loss=0.4466
  batch 30/264  loss=0.4327
  batch 40/264  loss=0.4122
  batch 50/264  loss=0.3568
  batch 60/264  loss=0.4056
  batch 70/264  loss=0.3783
  batch 80/264  loss=0.4851
  batch 90/264  loss=0.4979
  batch 100/264  loss=0.3427
  batch 110/264  loss=0.3378
  batch 120/264  loss=0.4002
  batch 130/264  loss=0.6925
  batch 140/264  loss=0.4460
  batch 150/264  loss=0.4433
  batch 160/264  loss=0.4181
  batch 170/264  loss=0.4787
  batch 180/264  loss=0.3317
  batch 190/264  loss=0.3246
  batch 200/264  loss=0.4989
  batch 210/264  loss=0.3684
  batch 220/264  loss=0.4266
  batch 230/264  loss=0.5470
  batch 240/264  loss=0.4516
  batch 250/264  loss=0.4023
  batch 260/264  loss=0.4100
Epoch 110/300  train=4.344e-01  rmse=1.9566  lr=1.0e-04  228s
  -> best  monitor=4.344e-01
  batch 10/264  loss=0.4170
  batch 20/264  loss=0.6235
  batch 30/264  loss=0.5388
  batch 40/264  loss=0.3400
  batch 50/264  loss=0.4333
  batch 60/264  loss=0.3772
  batch 70/264  loss=0.3928
  batch 80/264  loss=0.4291
  batch 90/264  loss=0.7144
  batch 100/264  loss=0.4323
  batch 110/264  loss=0.3349
  batch 120/264  loss=0.3802
  batch 130/264  loss=0.5238
  batch 140/264  loss=0.3944
  batch 150/264  loss=0.3348
  batch 160/264  loss=0.4332
  batch 170/264  loss=0.4379
  batch 180/264  loss=0.5380
  batch 190/264  loss=0.5151
  batch 200/264  loss=0.6323
  batch 210/264  loss=0.3496
  batch 220/264  loss=0.3798
  batch 230/264  loss=0.6565
  batch 240/264  loss=0.6255
  batch 250/264  loss=0.4844
  batch 260/264  loss=0.5010
Epoch 111/300  train=4.404e-01  rmse=1.9111  lr=1.0e-04  229s
  batch 10/264  loss=0.3548
  batch 20/264  loss=0.3573
  batch 30/264  loss=0.4418
  batch 40/264  loss=0.3209
  batch 50/264  loss=0.4040
  batch 60/264  loss=0.5162
  batch 70/264  loss=0.3558
  batch 80/264  loss=0.4120
  batch 90/264  loss=0.4287
  batch 100/264  loss=0.5867
  batch 110/264  loss=0.4450
  batch 120/264  loss=0.3732
  batch 130/264  loss=0.5449
  batch 140/264  loss=0.4442
  batch 150/264  loss=0.3915
  batch 160/264  loss=0.3042
  batch 170/264  loss=0.3578
  batch 180/264  loss=0.3183
  batch 190/264  loss=0.4217
  batch 200/264  loss=0.6181
  batch 210/264  loss=0.3566
  batch 220/264  loss=0.7025
  batch 230/264  loss=0.3755
  batch 240/264  loss=0.4821
  batch 250/264  loss=0.3403
  batch 260/264  loss=0.3836
Epoch 112/300  train=4.374e-01  rmse=1.8741  lr=1.0e-04  228s
  batch 10/264  loss=0.4147
  batch 20/264  loss=0.3689
  batch 30/264  loss=0.3808
  batch 40/264  loss=0.5952
  batch 50/264  loss=0.5008
  batch 60/264  loss=0.3867
  batch 70/264  loss=0.3232
  batch 80/264  loss=0.5013
  batch 90/264  loss=0.4930
  batch 100/264  loss=0.5275
  batch 110/264  loss=0.5382
  batch 120/264  loss=1.0518
  batch 130/264  loss=0.6547
  batch 140/264  loss=0.5783
  batch 150/264  loss=0.3746
  batch 160/264  loss=0.3123
  batch 170/264  loss=0.6613
  batch 180/264  loss=0.3623
  batch 190/264  loss=0.3633
  batch 200/264  loss=0.3722
  batch 210/264  loss=0.3354
  batch 220/264  loss=0.3747
  batch 230/264  loss=0.5847
  batch 240/264  loss=0.3678
  batch 250/264  loss=0.5010
  batch 260/264  loss=0.3493
Epoch 113/300  train=4.395e-01  rmse=1.8404  lr=1.0e-04  227s
  batch 10/264  loss=0.3967
  batch 20/264  loss=0.3445
  batch 30/264  loss=0.7551
  batch 40/264  loss=0.3427
  batch 50/264  loss=0.4086
  batch 60/264  loss=0.7268
  batch 70/264  loss=0.3844
  batch 80/264  loss=0.4736
  batch 90/264  loss=0.4154
  batch 100/264  loss=0.4143
  batch 110/264  loss=0.3954
  batch 120/264  loss=0.5223
  batch 130/264  loss=0.4265
  batch 140/264  loss=0.4161
  batch 150/264  loss=0.6995
  batch 160/264  loss=0.6266
  batch 170/264  loss=0.4176
  batch 180/264  loss=0.3394
  batch 190/264  loss=0.4069
  batch 200/264  loss=0.5146
  batch 210/264  loss=0.4139
  batch 220/264  loss=0.3657
  batch 230/264  loss=0.4101
  batch 240/264  loss=0.3429
  batch 250/264  loss=0.3528
  batch 260/264  loss=0.4115
Epoch 114/300  train=4.388e-01  rmse=2.0455  lr=1.0e-04  228s
  batch 10/264  loss=0.3640
  batch 20/264  loss=0.3321
  batch 30/264  loss=0.5036
  batch 40/264  loss=0.3319
  batch 50/264  loss=0.3503
  batch 60/264  loss=0.3677
  batch 70/264  loss=0.5003
  batch 80/264  loss=0.7624
  batch 90/264  loss=0.5650
  batch 100/264  loss=0.4225
  batch 110/264  loss=0.3669
  batch 120/264  loss=0.3624
  batch 130/264  loss=0.4227
  batch 140/264  loss=0.3564
  batch 150/264  loss=0.5369
  batch 160/264  loss=0.3534
  batch 170/264  loss=0.3890
  batch 180/264  loss=0.4113
  batch 190/264  loss=0.4123
  batch 200/264  loss=0.4596
  batch 210/264  loss=0.3604
  batch 220/264  loss=0.3566
  batch 230/264  loss=0.3463
  batch 240/264  loss=0.3569
  batch 250/264  loss=0.6777
  batch 260/264  loss=0.3344
Epoch 115/300  train=4.342e-01  rmse=1.8290  lr=1.0e-04  228s
  -> best  monitor=4.342e-01
  batch 10/264  loss=0.4153
  batch 20/264  loss=0.6207
  batch 30/264  loss=0.5882
  batch 40/264  loss=0.4604
  batch 50/264  loss=0.4090
  batch 60/264  loss=0.5101
  batch 70/264  loss=0.4192
  batch 80/264  loss=0.3398
  batch 90/264  loss=0.9100
  batch 100/264  loss=0.4992
  batch 110/264  loss=0.4149
  batch 120/264  loss=0.3699
  batch 130/264  loss=0.5392
  batch 140/264  loss=0.5134
  batch 150/264  loss=0.3999
  batch 160/264  loss=0.4513
  batch 170/264  loss=0.4002
  batch 180/264  loss=0.3826
  batch 190/264  loss=0.3667
  batch 200/264  loss=0.3664
  batch 210/264  loss=0.5656
  batch 220/264  loss=0.6768
  batch 230/264  loss=0.5102
  batch 240/264  loss=0.3509
  batch 250/264  loss=0.3671
  batch 260/264  loss=0.4050
Epoch 116/300  train=4.342e-01  rmse=1.8429  lr=1.0e-04  227s
  batch 10/264  loss=0.4404
  batch 20/264  loss=0.4250
  batch 30/264  loss=0.3371
  batch 40/264  loss=0.3627
  batch 50/264  loss=0.4621
  batch 60/264  loss=0.4323
  batch 70/264  loss=0.3390
  batch 80/264  loss=0.3834
  batch 90/264  loss=0.4367
  batch 100/264  loss=0.4244
  batch 110/264  loss=0.4266
  batch 120/264  loss=0.4615
  batch 130/264  loss=0.4177
  batch 140/264  loss=0.3184
  batch 150/264  loss=0.4003
  batch 160/264  loss=0.3577
  batch 170/264  loss=0.3296
  batch 180/264  loss=0.3427
  batch 190/264  loss=0.4516
  batch 200/264  loss=0.3531
  batch 210/264  loss=0.5665
  batch 220/264  loss=0.4462
  batch 230/264  loss=0.6603
  batch 240/264  loss=0.4342
  batch 250/264  loss=0.3839
  batch 260/264  loss=0.4259
Epoch 117/300  train=4.315e-01  rmse=2.0693  lr=1.0e-04  228s
  -> best  monitor=4.315e-01
  batch 10/264  loss=0.4378
  batch 20/264  loss=0.3503
  batch 30/264  loss=0.8922
  batch 40/264  loss=0.6246
  batch 50/264  loss=0.3970
  batch 60/264  loss=0.5248
  batch 70/264  loss=0.5295
  batch 80/264  loss=0.3330
  batch 90/264  loss=0.5351
  batch 100/264  loss=0.3980
  batch 110/264  loss=0.4518
  batch 120/264  loss=0.3235
  batch 130/264  loss=0.4126
  batch 140/264  loss=0.4180
  batch 150/264  loss=0.4126
  batch 160/264  loss=0.3688
  batch 170/264  loss=0.4771
  batch 180/264  loss=0.3733
  batch 190/264  loss=0.6136
  batch 200/264  loss=0.3442
  batch 210/264  loss=0.3862
  batch 220/264  loss=0.3294
  batch 230/264  loss=0.5100
  batch 240/264  loss=0.4218
  batch 250/264  loss=0.3317
  batch 260/264  loss=0.4417
Epoch 118/300  train=4.316e-01  rmse=2.0199  lr=1.0e-04  228s
  batch 10/264  loss=0.5500
  batch 20/264  loss=0.3565
  batch 30/264  loss=0.3251
  batch 40/264  loss=0.4734
  batch 50/264  loss=0.5305
  batch 60/264  loss=0.3954
  batch 70/264  loss=0.4863
  batch 80/264  loss=0.4386
  batch 90/264  loss=0.4940
  batch 100/264  loss=0.3936
  batch 110/264  loss=0.3356
  batch 120/264  loss=0.5300
  batch 130/264  loss=0.4315
  batch 140/264  loss=0.3376
  batch 150/264  loss=0.7195
  batch 160/264  loss=0.4867
  batch 170/264  loss=0.3509
  batch 180/264  loss=0.3643
  batch 190/264  loss=0.3380
  batch 200/264  loss=0.3390
  batch 210/264  loss=0.3572
  batch 220/264  loss=0.4231
  batch 230/264  loss=0.3691
  batch 240/264  loss=0.5007
  batch 250/264  loss=0.3770
  batch 260/264  loss=0.5594
Epoch 119/300  train=4.295e-01  rmse=1.8371  lr=1.0e-04  228s
  -> best  monitor=4.295e-01
  batch 10/264  loss=0.3489
  batch 20/264  loss=0.4594
  batch 30/264  loss=0.3269
  batch 40/264  loss=0.3553
  batch 50/264  loss=0.3898
  batch 60/264  loss=0.3605
  batch 70/264  loss=0.4144
  batch 80/264  loss=0.4424
  batch 90/264  loss=0.3478
  batch 100/264  loss=0.3505
  batch 110/264  loss=0.5945
  batch 120/264  loss=0.4152
  batch 130/264  loss=0.4037
  batch 140/264  loss=0.5778
  batch 150/264  loss=0.4987
  batch 160/264  loss=0.4062
  batch 170/264  loss=0.6661
  batch 180/264  loss=0.6358
  batch 190/264  loss=0.5536
  batch 200/264  loss=0.4648
  batch 210/264  loss=0.4694
  batch 220/264  loss=0.3484
  batch 230/264  loss=0.3660
  batch 240/264  loss=0.5207
  batch 250/264  loss=0.4020
  batch 260/264  loss=0.3914
Epoch 120/300  train=4.258e-01  rmse=63.1053  lr=1.0e-04  228s
  -> best  monitor=4.258e-01
  batch 10/264  loss=0.3818
  batch 20/264  loss=0.4331
  batch 30/264  loss=0.3640
  batch 40/264  loss=0.3703
  batch 50/264  loss=0.3621
  batch 60/264  loss=0.5008
  batch 70/264  loss=0.3785
  batch 80/264  loss=0.3283
  batch 90/264  loss=0.5053
  batch 100/264  loss=0.4302
  batch 110/264  loss=0.3705
  batch 120/264  loss=0.4330
  batch 130/264  loss=0.3452
  batch 140/264  loss=0.6258
  batch 150/264  loss=0.3647
  batch 160/264  loss=0.5115
  batch 170/264  loss=0.5617
  batch 180/264  loss=0.4640
  batch 190/264  loss=0.5564
  batch 200/264  loss=0.6626
  batch 210/264  loss=0.4411
  batch 220/264  loss=0.4386
  batch 230/264  loss=0.3901
  batch 240/264  loss=0.4136
  batch 250/264  loss=0.3453
  batch 260/264  loss=0.3315
Epoch 121/300  train=4.296e-01  rmse=2.2649  lr=1.0e-04  227s
  batch 10/264  loss=0.3668
  batch 20/264  loss=0.4037
  batch 30/264  loss=0.3623
  batch 40/264  loss=0.3954
  batch 50/264  loss=0.3876
  batch 60/264  loss=0.4683
  batch 70/264  loss=0.3161
  batch 80/264  loss=0.4380
  batch 90/264  loss=0.3337
  batch 100/264  loss=0.3893
  batch 110/264  loss=0.6227
  batch 120/264  loss=0.3580
  batch 130/264  loss=0.4014
  batch 140/264  loss=0.3501
  batch 150/264  loss=0.3201
  batch 160/264  loss=0.4390
  batch 170/264  loss=0.5290
  batch 180/264  loss=0.6466
  batch 190/264  loss=0.7717
  batch 200/264  loss=0.3629
  batch 210/264  loss=0.3758
  batch 220/264  loss=0.5610
  batch 230/264  loss=0.4975
  batch 240/264  loss=0.5396
  batch 250/264  loss=0.4978
  batch 260/264  loss=0.4096
Epoch 122/300  train=4.254e-01  rmse=1.9775  lr=1.0e-04  229s
  -> best  monitor=4.254e-01
  batch 10/264  loss=0.3786
  batch 20/264  loss=0.3836
  batch 30/264  loss=0.3451
  batch 40/264  loss=0.3386
  batch 50/264  loss=0.3538
  batch 60/264  loss=0.3556
  batch 70/264  loss=0.3931
  batch 80/264  loss=0.4083
  batch 90/264  loss=0.4872
  batch 100/264  loss=0.3064
  batch 110/264  loss=0.6804
  batch 120/264  loss=0.4118
  batch 130/264  loss=0.3508
  batch 140/264  loss=0.5594
  batch 150/264  loss=0.4250
  batch 160/264  loss=0.3277
  batch 170/264  loss=0.4365
  batch 180/264  loss=0.3481
  batch 190/264  loss=0.8229
  batch 200/264  loss=0.4452
  batch 210/264  loss=0.5625
  batch 220/264  loss=0.3498
  batch 230/264  loss=0.4056
  batch 240/264  loss=0.6621
  batch 250/264  loss=0.6737
  batch 260/264  loss=0.3334
Epoch 123/300  train=4.257e-01  rmse=2.0059  lr=1.0e-04  228s
  batch 10/264  loss=0.4548
  batch 20/264  loss=0.5227
  batch 30/264  loss=0.3269
  batch 40/264  loss=0.3546
  batch 50/264  loss=0.4703
  batch 60/264  loss=0.3539
  batch 70/264  loss=0.4407
  batch 80/264  loss=0.5608
  batch 90/264  loss=0.4098
  batch 100/264  loss=0.4239
  batch 110/264  loss=0.3984
  batch 120/264  loss=0.3591
  batch 130/264  loss=0.3639
  batch 140/264  loss=0.4055
  batch 150/264  loss=0.3885
  batch 160/264  loss=0.4271
  batch 170/264  loss=0.3798
  batch 180/264  loss=0.3267
  batch 190/264  loss=0.3665
  batch 200/264  loss=0.5649
  batch 210/264  loss=0.4247
  batch 220/264  loss=0.3229
  batch 230/264  loss=0.4410
  batch 240/264  loss=0.4967
  batch 250/264  loss=0.2897
  batch 260/264  loss=0.3430
Epoch 124/300  train=4.221e-01  rmse=1.7902  lr=1.0e-04  229s
  -> best  monitor=4.221e-01
  batch 10/264  loss=0.3641
  batch 20/264  loss=0.3136
  batch 30/264  loss=0.3525
  batch 40/264  loss=0.4690
  batch 50/264  loss=0.5227
  batch 60/264  loss=0.3720
  batch 70/264  loss=0.5398
  batch 80/264  loss=0.3925
  batch 90/264  loss=0.5662
  batch 100/264  loss=0.3070
  batch 110/264  loss=0.3899
  batch 120/264  loss=0.3725
  batch 130/264  loss=0.5900
  batch 140/264  loss=0.5464
  batch 150/264  loss=0.4322
  batch 160/264  loss=0.4923
  batch 170/264  loss=0.3519
  batch 180/264  loss=0.3953
  batch 190/264  loss=0.3830
  batch 200/264  loss=0.6858
  batch 210/264  loss=0.5238
  batch 220/264  loss=0.3116
  batch 230/264  loss=0.3564
  batch 240/264  loss=0.5770
  batch 250/264  loss=0.5970
  batch 260/264  loss=0.3630
Epoch 125/300  train=4.302e-01  rmse=1.9127  lr=1.0e-04  230s
  batch 10/264  loss=0.3479
  batch 20/264  loss=0.2996
  batch 30/264  loss=0.4161
  batch 40/264  loss=0.5504
  batch 50/264  loss=0.6423
  batch 60/264  loss=0.4366
  batch 70/264  loss=0.3704
  batch 80/264  loss=0.5961
  batch 90/264  loss=0.3213
  batch 100/264  loss=0.3683
  batch 110/264  loss=0.4182
  batch 120/264  loss=0.4692
  batch 130/264  loss=0.4165
  batch 140/264  loss=0.4264
  batch 150/264  loss=0.3743
  batch 160/264  loss=0.6781
  batch 170/264  loss=0.3639
  batch 180/264  loss=0.3518
  batch 190/264  loss=0.4767
  batch 200/264  loss=0.4574
  batch 210/264  loss=0.4423
  batch 220/264  loss=0.4065
  batch 230/264  loss=0.5515
  batch 240/264  loss=0.4951
  batch 250/264  loss=0.3367
  batch 260/264  loss=0.5282
Epoch 126/300  train=4.253e-01  rmse=3.2062  lr=1.0e-04  228s
  batch 10/264  loss=0.6558
  batch 20/264  loss=0.3597
  batch 30/264  loss=0.4584
  batch 40/264  loss=0.3559
  batch 50/264  loss=0.4341
  batch 60/264  loss=0.4154
  batch 70/264  loss=0.3315
  batch 80/264  loss=0.5709
  batch 90/264  loss=0.4654
  batch 100/264  loss=0.4361
  batch 110/264  loss=0.3004
  batch 120/264  loss=0.3671
  batch 130/264  loss=0.5791
  batch 140/264  loss=0.4098
  batch 150/264  loss=0.4190
  batch 160/264  loss=0.4129
  batch 170/264  loss=0.3690
  batch 180/264  loss=0.4577
  batch 190/264  loss=0.3648
  batch 200/264  loss=0.3172
  batch 210/264  loss=0.4447
  batch 220/264  loss=0.4186
  batch 230/264  loss=0.5792
  batch 240/264  loss=0.3869
  batch 250/264  loss=0.5167
  batch 260/264  loss=0.3660
Epoch 127/300  train=4.260e-01  rmse=1.9274  lr=1.0e-04  226s
  batch 10/264  loss=0.3236
  batch 20/264  loss=0.4422
  batch 30/264  loss=0.2606
  batch 40/264  loss=0.4201
  batch 50/264  loss=0.3075
  batch 60/264  loss=0.4213
  batch 70/264  loss=0.5122
  batch 80/264  loss=0.3198
  batch 90/264  loss=0.4147
  batch 100/264  loss=0.6576
  batch 110/264  loss=0.6689
  batch 120/264  loss=0.3434
  batch 130/264  loss=0.3933
  batch 140/264  loss=0.8952
  batch 150/264  loss=0.3149
  batch 160/264  loss=0.3597
  batch 170/264  loss=0.4746
  batch 180/264  loss=0.3658
  batch 190/264  loss=0.3439
  batch 200/264  loss=0.4203
  batch 210/264  loss=0.3980
  batch 220/264  loss=0.4577
  batch 230/264  loss=0.4443
  batch 240/264  loss=0.3798
  batch 250/264  loss=0.3923
  batch 260/264  loss=0.3823
Epoch 128/300  train=4.242e-01  rmse=1.7881  lr=1.0e-04  228s
  batch 10/264  loss=0.3307
  batch 20/264  loss=0.3931
  batch 30/264  loss=0.3654
  batch 40/264  loss=0.4296
  batch 50/264  loss=0.3946
  batch 60/264  loss=0.3701
  batch 70/264  loss=0.4433
  batch 80/264  loss=0.4414
  batch 90/264  loss=0.5948
  batch 100/264  loss=0.4317
  batch 110/264  loss=0.4760
  batch 120/264  loss=0.4536
  batch 130/264  loss=0.4237
  batch 140/264  loss=0.5425
  batch 150/264  loss=0.4001
  batch 160/264  loss=0.3821
  batch 170/264  loss=0.4160
  batch 180/264  loss=0.3134
  batch 190/264  loss=0.6085
  batch 200/264  loss=0.4297
  batch 210/264  loss=0.3922
  batch 220/264  loss=0.3052
  batch 230/264  loss=0.3146
  batch 240/264  loss=0.3282
  batch 250/264  loss=0.4196
  batch 260/264  loss=0.4499
Epoch 129/300  train=4.244e-01  rmse=1.8022  lr=1.0e-04  230s
  batch 10/264  loss=0.3858
  batch 20/264  loss=0.4159
  batch 30/264  loss=0.3493
  batch 40/264  loss=0.4877
  batch 50/264  loss=0.6763
  batch 60/264  loss=0.3015
  batch 70/264  loss=0.3202
  batch 80/264  loss=0.3852
  batch 90/264  loss=0.4225
  batch 100/264  loss=0.7152
  batch 110/264  loss=0.3811
  batch 120/264  loss=0.3891
  batch 130/264  loss=0.4522
  batch 140/264  loss=0.4453
  batch 150/264  loss=0.3648
  batch 160/264  loss=0.3294
  batch 170/264  loss=0.4452
  batch 180/264  loss=0.3921
  batch 190/264  loss=0.3605
  batch 200/264  loss=0.3388
  batch 210/264  loss=0.4467
  batch 220/264  loss=0.3587
  batch 230/264  loss=0.6932
  batch 240/264  loss=0.4961
  batch 250/264  loss=0.4576
  batch 260/264  loss=0.3845
Epoch 130/300  train=4.219e-01  rmse=2.5431  lr=1.0e-04  228s
  -> best  monitor=4.219e-01
  batch 10/264  loss=0.3897
  batch 20/264  loss=0.3757
  batch 30/264  loss=0.3549
  batch 40/264  loss=0.5290
  batch 50/264  loss=0.4155
  batch 60/264  loss=0.3655
  batch 70/264  loss=0.3365
  batch 80/264  loss=0.3703
  batch 90/264  loss=0.5309
  batch 100/264  loss=0.3749
  batch 110/264  loss=0.3514
  batch 120/264  loss=0.3393
  batch 130/264  loss=0.4987
  batch 140/264  loss=0.4231
  batch 150/264  loss=0.3989
  batch 160/264  loss=0.3273
  batch 170/264  loss=0.3800
  batch 180/264  loss=0.3811
  batch 190/264  loss=0.5046
  batch 200/264  loss=0.4391
  batch 210/264  loss=0.3831
  batch 220/264  loss=0.2842
  batch 230/264  loss=0.3613
  batch 240/264  loss=0.3449
  batch 250/264  loss=0.3376
  batch 260/264  loss=0.4540
Epoch 131/300  train=4.168e-01  rmse=2.0489  lr=1.0e-04  228s
  -> best  monitor=4.168e-01
  batch 10/264  loss=0.3836
  batch 20/264  loss=0.3719
  batch 30/264  loss=0.3462
  batch 40/264  loss=0.6046
  batch 50/264  loss=0.5260
  batch 60/264  loss=0.7091
  batch 70/264  loss=0.5392
  batch 80/264  loss=0.4651
  batch 90/264  loss=0.3292
  batch 100/264  loss=0.7082
  batch 110/264  loss=0.4462
  batch 120/264  loss=0.2560
  batch 130/264  loss=0.3258
  batch 140/264  loss=0.4203
  batch 150/264  loss=0.3171
  batch 160/264  loss=0.3681
  batch 170/264  loss=0.3731
  batch 180/264  loss=0.3405
  batch 190/264  loss=0.3967
  batch 200/264  loss=0.5427
  batch 210/264  loss=0.4623
  batch 220/264  loss=0.3923
  batch 230/264  loss=0.3759
  batch 240/264  loss=0.5597
  batch 250/264  loss=0.3174
  batch 260/264  loss=0.4257
Epoch 132/300  train=4.232e-01  rmse=2.0713  lr=1.0e-04  226s
  batch 10/264  loss=0.3089
  batch 20/264  loss=0.3534
  batch 30/264  loss=0.5838
  batch 40/264  loss=0.4473
  batch 50/264  loss=0.3899
  batch 60/264  loss=0.4242
  batch 70/264  loss=0.3878
  batch 80/264  loss=0.4216
  batch 90/264  loss=0.4450
  batch 100/264  loss=0.3619
  batch 110/264  loss=0.4115
  batch 120/264  loss=0.3966
  batch 130/264  loss=0.3910
  batch 140/264  loss=0.3892
  batch 150/264  loss=0.6440
  batch 160/264  loss=0.3319
  batch 170/264  loss=0.3566
  batch 180/264  loss=0.4329
  batch 190/264  loss=0.4663
  batch 200/264  loss=0.4163
  batch 210/264  loss=0.3462
  batch 220/264  loss=0.3328
  batch 230/264  loss=0.3189
  batch 240/264  loss=0.4124
  batch 250/264  loss=0.4356
  batch 260/264  loss=0.3112
Epoch 133/300  train=4.174e-01  rmse=1.7717  lr=1.0e-04  228s
  batch 10/264  loss=0.3670
  batch 20/264  loss=0.4069
  batch 30/264  loss=0.3613
  batch 40/264  loss=0.3064
  batch 50/264  loss=0.3174
  batch 60/264  loss=0.3735
  batch 70/264  loss=0.3641
  batch 80/264  loss=0.3477
  batch 90/264  loss=0.3747
  batch 100/264  loss=0.4240
  batch 110/264  loss=0.5028
  batch 120/264  loss=0.6772
  batch 130/264  loss=0.3924
  batch 140/264  loss=0.3750
  batch 150/264  loss=0.4594
  batch 160/264  loss=0.4344
  batch 170/264  loss=0.3945
  batch 180/264  loss=0.6531
  batch 190/264  loss=0.3751
  batch 200/264  loss=0.3956
  batch 210/264  loss=0.3639
  batch 220/264  loss=0.3888
  batch 230/264  loss=0.3414
  batch 240/264  loss=0.4505
  batch 250/264  loss=0.7116
  batch 260/264  loss=0.4383
Epoch 134/300  train=4.233e-01  rmse=3.3775  lr=1.0e-04  227s
  batch 10/264  loss=0.5217
  batch 20/264  loss=0.4445
  batch 30/264  loss=0.3321
  batch 40/264  loss=0.5064
  batch 50/264  loss=0.3219
  batch 60/264  loss=0.5081
  batch 70/264  loss=0.4044
  batch 80/264  loss=0.3431
  batch 90/264  loss=0.4213
  batch 100/264  loss=0.3099
  batch 110/264  loss=0.5994
  batch 120/264  loss=0.3363
  batch 130/264  loss=0.6087
  batch 140/264  loss=0.3464
  batch 150/264  loss=0.5838
  batch 160/264  loss=0.3997
  batch 170/264  loss=0.3469
  batch 180/264  loss=0.7214
  batch 190/264  loss=0.4375
  batch 200/264  loss=0.4727
  batch 210/264  loss=0.3951
  batch 220/264  loss=0.5550
  batch 230/264  loss=0.5000
  batch 240/264  loss=0.4371
  batch 250/264  loss=0.4370
  batch 260/264  loss=0.3642
Epoch 135/300  train=4.225e-01  rmse=1.9145  lr=1.0e-04  229s
  batch 10/264  loss=0.5986
  batch 20/264  loss=0.3243
  batch 30/264  loss=0.3999
  batch 40/264  loss=0.4158
  batch 50/264  loss=0.3581
  batch 60/264  loss=0.3563
  batch 70/264  loss=0.4510
  batch 80/264  loss=0.4214
  batch 90/264  loss=0.5135
  batch 100/264  loss=0.4107
  batch 110/264  loss=0.5147
  batch 120/264  loss=0.4510
  batch 130/264  loss=0.3736
  batch 140/264  loss=0.5709
  batch 150/264  loss=0.3173
  batch 160/264  loss=0.4767
  batch 170/264  loss=0.3189
  batch 180/264  loss=0.3316
  batch 190/264  loss=0.3322
  batch 200/264  loss=0.3980
  batch 210/264  loss=0.4468
  batch 220/264  loss=0.3930
  batch 230/264  loss=0.4663
  batch 240/264  loss=0.4311
  batch 250/264  loss=0.5087
  batch 260/264  loss=0.3981
Epoch 136/300  train=4.222e-01  rmse=1.8699  lr=1.0e-04  228s
  batch 10/264  loss=0.4236
  batch 20/264  loss=0.4247
  batch 30/264  loss=0.2969
  batch 40/264  loss=0.4136
  batch 50/264  loss=0.2971
  batch 60/264  loss=0.4402
  batch 70/264  loss=0.3369
  batch 80/264  loss=0.3694
  batch 90/264  loss=0.3915
  batch 100/264  loss=0.3376
  batch 110/264  loss=0.3984
  batch 120/264  loss=0.4850
  batch 130/264  loss=0.9219
  batch 140/264  loss=0.3470
  batch 150/264  loss=0.6119
  batch 160/264  loss=0.3773
  batch 170/264  loss=0.4084
  batch 180/264  loss=0.3718
  batch 190/264  loss=0.3517
  batch 200/264  loss=0.4893
  batch 210/264  loss=0.3634
  batch 220/264  loss=0.3260
  batch 230/264  loss=0.4522
  batch 240/264  loss=0.3592
  batch 250/264  loss=0.3604
  batch 260/264  loss=0.3153
Epoch 137/300  train=4.149e-01  rmse=2.3741  lr=1.0e-04  229s
  -> best  monitor=4.149e-01
  batch 10/264  loss=0.3455
  batch 20/264  loss=0.4565
  batch 30/264  loss=0.5114
  batch 40/264  loss=0.4122
  batch 50/264  loss=0.3808
  batch 60/264  loss=0.4421
  batch 70/264  loss=0.3772
  batch 80/264  loss=0.3992
  batch 90/264  loss=0.3921
  batch 100/264  loss=0.4630
  batch 110/264  loss=0.3633
  batch 120/264  loss=0.3537
  batch 130/264  loss=0.3669
  batch 140/264  loss=0.3484
  batch 150/264  loss=0.3598
  batch 160/264  loss=0.3459
  batch 170/264  loss=0.3385
  batch 180/264  loss=0.6000
  batch 190/264  loss=0.3988
  batch 200/264  loss=0.5270
  batch 210/264  loss=0.4477
  batch 220/264  loss=0.3337
  batch 230/264  loss=0.5890
  batch 240/264  loss=0.3549
  batch 250/264  loss=0.3934
  batch 260/264  loss=0.4078
Epoch 138/300  train=4.181e-01  rmse=1.8620  lr=1.0e-04  228s
  batch 10/264  loss=0.3761
  batch 20/264  loss=0.3877
  batch 30/264  loss=0.3613
  batch 40/264  loss=0.4349
  batch 50/264  loss=0.4657
  batch 60/264  loss=0.4228
  batch 70/264  loss=0.3609
  batch 80/264  loss=0.3859
  batch 90/264  loss=0.4698
  batch 100/264  loss=0.3664
  batch 110/264  loss=0.4045
  batch 120/264  loss=0.3492
  batch 130/264  loss=0.4683
  batch 140/264  loss=0.3474
  batch 150/264  loss=0.5843
  batch 160/264  loss=0.4570
  batch 170/264  loss=0.3254
  batch 180/264  loss=0.3775
  batch 190/264  loss=0.4552
  batch 200/264  loss=0.6160
  batch 210/264  loss=0.4240
  batch 220/264  loss=0.4593
  batch 230/264  loss=0.4047
  batch 240/264  loss=0.2975
  batch 250/264  loss=0.3373
  batch 260/264  loss=0.3823
Epoch 139/300  train=4.223e-01  rmse=1.8403  lr=1.0e-04  228s
  batch 10/264  loss=0.3675
  batch 20/264  loss=0.4040
  batch 30/264  loss=0.5205
  batch 40/264  loss=0.5259
  batch 50/264  loss=0.3995
  batch 60/264  loss=0.3589
  batch 70/264  loss=0.7350
  batch 80/264  loss=0.4961
  batch 90/264  loss=0.4147
  batch 100/264  loss=0.5032
  batch 110/264  loss=0.3799
  batch 120/264  loss=0.3740
  batch 130/264  loss=0.3437
  batch 140/264  loss=0.3867
  batch 150/264  loss=0.5693
  batch 160/264  loss=0.4563
  batch 170/264  loss=0.3179
  batch 180/264  loss=0.7869
  batch 190/264  loss=0.4344
  batch 200/264  loss=0.5036
  batch 210/264  loss=0.5703
  batch 220/264  loss=0.5307
  batch 230/264  loss=0.5379
  batch 240/264  loss=0.3861
  batch 250/264  loss=0.3031
  batch 260/264  loss=0.5361
Epoch 140/300  train=4.138e-01  rmse=1.7984  lr=1.0e-04  228s
  -> best  monitor=4.138e-01
  batch 10/264  loss=0.3227
  batch 20/264  loss=0.4153
  batch 30/264  loss=0.4763
  batch 40/264  loss=0.3600
  batch 50/264  loss=0.3104
  batch 60/264  loss=0.3786
  batch 70/264  loss=0.5776
  batch 80/264  loss=0.3333
  batch 90/264  loss=0.3245
  batch 100/264  loss=0.3489
  batch 110/264  loss=0.3326
  batch 120/264  loss=0.4595
  batch 130/264  loss=0.3165
  batch 140/264  loss=0.3308
  batch 150/264  loss=0.4070
  batch 160/264  loss=0.4101
  batch 170/264  loss=0.5686
  batch 180/264  loss=0.6569
  batch 190/264  loss=0.4552
  batch 200/264  loss=0.3196
  batch 210/264  loss=0.4671
  batch 220/264  loss=0.4342
  batch 230/264  loss=0.3398
  batch 240/264  loss=0.4226
  batch 250/264  loss=0.5051
  batch 260/264  loss=0.3327
Epoch 141/300  train=4.129e-01  rmse=2.6511  lr=1.0e-04  228s
  -> best  monitor=4.129e-01
  batch 10/264  loss=0.3706
  batch 20/264  loss=0.4481
  batch 30/264  loss=0.3596
  batch 40/264  loss=0.3676
  batch 50/264  loss=0.3400
  batch 60/264  loss=0.5854
  batch 70/264  loss=0.5002
  batch 80/264  loss=0.4318
  batch 90/264  loss=0.3511
  batch 100/264  loss=0.4393
  batch 110/264  loss=0.3336
  batch 120/264  loss=0.2902
  batch 130/264  loss=0.3232
  batch 140/264  loss=0.5280
  batch 150/264  loss=0.3364
  batch 160/264  loss=0.4169
  batch 170/264  loss=0.3398
  batch 180/264  loss=0.5552
  batch 190/264  loss=0.3986
  batch 200/264  loss=0.3643
  batch 210/264  loss=0.4720
  batch 220/264  loss=0.4491
  batch 230/264  loss=0.3513
  batch 240/264  loss=0.4096
  batch 250/264  loss=0.3292
  batch 260/264  loss=0.5420
Epoch 142/300  train=4.216e-01  rmse=1.9010  lr=1.0e-04  227s
  batch 10/264  loss=0.4030
  batch 20/264  loss=0.5151
  batch 30/264  loss=0.4826
  batch 40/264  loss=0.4079
  batch 50/264  loss=0.3753
  batch 60/264  loss=0.4012
  batch 70/264  loss=0.3323
  batch 80/264  loss=0.5415
  batch 90/264  loss=0.4725
  batch 100/264  loss=0.5857
  batch 110/264  loss=0.4673
  batch 120/264  loss=0.3558
  batch 130/264  loss=0.3434
  batch 140/264  loss=0.3673
  batch 150/264  loss=0.3416
  batch 160/264  loss=0.3554
  batch 170/264  loss=0.3667
  batch 180/264  loss=0.3578
  batch 190/264  loss=0.3446
  batch 200/264  loss=0.3528
  batch 210/264  loss=0.5265
  batch 220/264  loss=0.4177
  batch 230/264  loss=0.4049
  batch 240/264  loss=0.3921
  batch 250/264  loss=0.3295
  batch 260/264  loss=0.9342
Epoch 143/300  train=4.163e-01  rmse=2.0134  lr=1.0e-04  228s
  batch 10/264  loss=0.3934
  batch 20/264  loss=0.3111
  batch 30/264  loss=0.3419
  batch 40/264  loss=0.4243
  batch 50/264  loss=0.3711
  batch 60/264  loss=0.5724
  batch 70/264  loss=0.5216
  batch 80/264  loss=0.3627
  batch 90/264  loss=0.3242
  batch 100/264  loss=0.4204
  batch 110/264  loss=0.3581
  batch 120/264  loss=0.3834
  batch 130/264  loss=0.3911
  batch 140/264  loss=0.4765
  batch 150/264  loss=0.4623
  batch 160/264  loss=0.3704
  batch 170/264  loss=0.3363
  batch 180/264  loss=0.3548
  batch 190/264  loss=0.5705
  batch 200/264  loss=0.3425
  batch 210/264  loss=0.4040
  batch 220/264  loss=0.3424
  batch 230/264  loss=0.4376
  batch 240/264  loss=0.5279
  batch 250/264  loss=0.4419
  batch 260/264  loss=0.4094
Epoch 144/300  train=4.139e-01  rmse=1.8814  lr=1.0e-04  230s
  batch 10/264  loss=0.4574
  batch 20/264  loss=0.5553
  batch 30/264  loss=0.3415
  batch 40/264  loss=0.3975
  batch 50/264  loss=0.3784
  batch 60/264  loss=0.3423
  batch 70/264  loss=0.3361
  batch 80/264  loss=0.4895
  batch 90/264  loss=0.3878
  batch 100/264  loss=0.4574
  batch 110/264  loss=0.4555
  batch 120/264  loss=0.5508
  batch 130/264  loss=0.4047
  batch 140/264  loss=0.4242
  batch 150/264  loss=0.3189
  batch 160/264  loss=0.4812
  batch 170/264  loss=0.4485
  batch 180/264  loss=0.3745
  batch 190/264  loss=0.5090
  batch 200/264  loss=0.3539
  batch 210/264  loss=0.4627
  batch 220/264  loss=0.3567
  batch 230/264  loss=0.4799
  batch 240/264  loss=0.4466
  batch 250/264  loss=0.3628
  batch 260/264  loss=0.5018
Epoch 145/300  train=4.188e-01  rmse=1.8651  lr=1.0e-04  228s
  batch 10/264  loss=0.4599
  batch 20/264  loss=0.4920
  batch 30/264  loss=0.3268
  batch 40/264  loss=0.5670
  batch 50/264  loss=0.3100
  batch 60/264  loss=0.3821
  batch 70/264  loss=0.3058
  batch 80/264  loss=0.3639
  batch 90/264  loss=0.3922
  batch 100/264  loss=0.4355
  batch 110/264  loss=0.4069
  batch 120/264  loss=0.4073
  batch 130/264  loss=0.5958
  batch 140/264  loss=0.3150
  batch 150/264  loss=0.3862
  batch 160/264  loss=0.5012
  batch 170/264  loss=0.3441
  batch 180/264  loss=0.3653
  batch 190/264  loss=0.3223
  batch 200/264  loss=0.4136
  batch 210/264  loss=0.3877
  batch 220/264  loss=0.4598
  batch 230/264  loss=0.4693
  batch 240/264  loss=0.5656
  batch 250/264  loss=0.5665
  batch 260/264  loss=0.5001
Epoch 146/300  train=4.102e-01  rmse=2.0950  lr=1.0e-04  231s
  -> best  monitor=4.102e-01
  batch 10/264  loss=0.4394
  batch 20/264  loss=0.4383
  batch 30/264  loss=0.4588
  batch 40/264  loss=0.3469
  batch 50/264  loss=0.4055
  batch 60/264  loss=0.3815
  batch 70/264  loss=0.5608
  batch 80/264  loss=0.3519
  batch 90/264  loss=0.5481
  batch 100/264  loss=0.4089
  batch 110/264  loss=0.4414
  batch 120/264  loss=0.3349
  batch 130/264  loss=0.4977
  batch 140/264  loss=0.3962
  batch 150/264  loss=0.3263
  batch 160/264  loss=0.3355
  batch 170/264  loss=0.4415
  batch 180/264  loss=0.4833
  batch 190/264  loss=0.3103
  batch 200/264  loss=0.6574
  batch 210/264  loss=0.4389
  batch 220/264  loss=0.3725
  batch 230/264  loss=0.3583
  batch 240/264  loss=0.5231
  batch 250/264  loss=0.4862
  batch 260/264  loss=0.3593
Epoch 147/300  train=4.081e-01  rmse=1.9197  lr=1.0e-04  229s
  -> best  monitor=4.081e-01
  batch 10/264  loss=0.4354
  batch 20/264  loss=0.3061
  batch 30/264  loss=0.2977
  batch 40/264  loss=0.3371
  batch 50/264  loss=0.4297
  batch 60/264  loss=0.3596
  batch 70/264  loss=0.4063
  batch 80/264  loss=0.3733
  batch 90/264  loss=0.4266
  batch 100/264  loss=0.3175
  batch 110/264  loss=0.4030
  batch 120/264  loss=0.3361
  batch 130/264  loss=0.3456
  batch 140/264  loss=0.4279
  batch 150/264  loss=0.3199
  batch 160/264  loss=0.4183
  batch 170/264  loss=0.4828
  batch 180/264  loss=0.5409
  batch 190/264  loss=0.5881
  batch 200/264  loss=0.4831
  batch 210/264  loss=0.5024
  batch 220/264  loss=0.4776
  batch 230/264  loss=0.5142
  batch 240/264  loss=0.3781
  batch 250/264  loss=0.4124
  batch 260/264  loss=0.3614
Epoch 148/300  train=4.144e-01  rmse=2.0920  lr=1.0e-04  229s
  batch 10/264  loss=0.3354
  batch 20/264  loss=0.3181
  batch 30/264  loss=0.2845
  batch 40/264  loss=0.4446
  batch 50/264  loss=0.3987
  batch 60/264  loss=0.4585
  batch 70/264  loss=0.3499
  batch 80/264  loss=0.3339
  batch 90/264  loss=0.3655
  batch 100/264  loss=0.5792
  batch 110/264  loss=0.4684
  batch 120/264  loss=0.5144
  batch 130/264  loss=0.3947
  batch 140/264  loss=0.3116
  batch 150/264  loss=0.4805
  batch 160/264  loss=0.4589
  batch 170/264  loss=0.3955
  batch 180/264  loss=0.4982
  batch 190/264  loss=0.3096
  batch 200/264  loss=0.3917
  batch 210/264  loss=0.3563
  batch 220/264  loss=0.4609
  batch 230/264  loss=0.4639
  batch 240/264  loss=0.3924
  batch 250/264  loss=0.4521
  batch 260/264  loss=0.4839
Epoch 149/300  train=4.140e-01  rmse=1.7103  lr=1.0e-04  229s
  batch 10/264  loss=0.2926
  batch 20/264  loss=0.4097
  batch 30/264  loss=0.4509
  batch 40/264  loss=0.3351
  batch 50/264  loss=0.3994
  batch 60/264  loss=0.3736
  batch 70/264  loss=0.2997
  batch 80/264  loss=0.3022
  batch 90/264  loss=0.5947
  batch 100/264  loss=0.3990
  batch 110/264  loss=0.4376
  batch 120/264  loss=0.4143
  batch 130/264  loss=0.7081
  batch 140/264  loss=0.4418
  batch 150/264  loss=0.8588
  batch 160/264  loss=0.3351
  batch 170/264  loss=0.3238
  batch 180/264  loss=0.4989
  batch 190/264  loss=0.3068
  batch 200/264  loss=0.4323
  batch 210/264  loss=0.3974
  batch 220/264  loss=0.3960
  batch 230/264  loss=0.5707
  batch 240/264  loss=0.4662
  batch 250/264  loss=0.3017
  batch 260/264  loss=0.4911
Epoch 150/300  train=4.092e-01  rmse=1.8130  lr=1.0e-04  229s
  batch 10/264  loss=0.3893
  batch 20/264  loss=0.5366
  batch 30/264  loss=0.3044
  batch 40/264  loss=0.3399
  batch 50/264  loss=0.4384
  batch 60/264  loss=0.4768
  batch 70/264  loss=0.3829
  batch 80/264  loss=0.3246
  batch 90/264  loss=0.3510
  batch 100/264  loss=0.3480
  batch 110/264  loss=0.3291
  batch 120/264  loss=0.3342
  batch 130/264  loss=0.3561
  batch 140/264  loss=0.3797
  batch 150/264  loss=0.3446
  batch 160/264  loss=0.3985
  batch 170/264  loss=0.3421
  batch 180/264  loss=0.3395
  batch 190/264  loss=0.4200
  batch 200/264  loss=0.3358
  batch 210/264  loss=0.3060
  batch 220/264  loss=0.5625
  batch 230/264  loss=0.3346
  batch 240/264  loss=0.4437
  batch 250/264  loss=0.4102
  batch 260/264  loss=0.3599
Epoch 151/300  train=4.134e-01  rmse=4.2579  lr=1.0e-04  227s
  batch 10/264  loss=0.4937
  batch 20/264  loss=0.3207
  batch 30/264  loss=0.2991
  batch 40/264  loss=0.3518
  batch 50/264  loss=0.5059
  batch 60/264  loss=0.5215
  batch 70/264  loss=0.4395
  batch 80/264  loss=0.3581
  batch 90/264  loss=0.3063
  batch 100/264  loss=0.4128
  batch 110/264  loss=0.3675
  batch 120/264  loss=0.5938
  batch 130/264  loss=0.6581
  batch 140/264  loss=0.3431
  batch 150/264  loss=0.5352
  batch 160/264  loss=0.4876
  batch 170/264  loss=0.3594
  batch 180/264  loss=0.3537
  batch 190/264  loss=0.3056
  batch 200/264  loss=0.3247
  batch 210/264  loss=0.4034
  batch 220/264  loss=0.3462
  batch 230/264  loss=0.3855
  batch 240/264  loss=0.3361
  batch 250/264  loss=0.4221
  batch 260/264  loss=0.3063
Epoch 152/300  train=4.066e-01  rmse=1.9731  lr=1.0e-04  227s
  -> best  monitor=4.066e-01
  batch 10/264  loss=0.3559
  batch 20/264  loss=0.3606
  batch 30/264  loss=0.3809
  batch 40/264  loss=0.3904
  batch 50/264  loss=0.4911
  batch 60/264  loss=0.3342
  batch 70/264  loss=0.3586
  batch 80/264  loss=0.3719
  batch 90/264  loss=0.3429
  batch 100/264  loss=0.3080
  batch 110/264  loss=0.4258
  batch 120/264  loss=0.3141
  batch 130/264  loss=0.5989
  batch 140/264  loss=0.3394
  batch 150/264  loss=0.3255
  batch 160/264  loss=0.4119
  batch 170/264  loss=0.5373
  batch 180/264  loss=0.5212
  batch 190/264  loss=0.3950
  batch 200/264  loss=0.4173
  batch 210/264  loss=0.4180
  batch 220/264  loss=0.5754
  batch 230/264  loss=0.4339
  batch 240/264  loss=0.4278
  batch 250/264  loss=0.2849
  batch 260/264  loss=0.3758
Epoch 153/300  train=4.096e-01  rmse=1.9773  lr=1.0e-04  228s
  batch 10/264  loss=0.6603
  batch 20/264  loss=0.2964
  batch 30/264  loss=0.3393
  batch 40/264  loss=0.4381
  batch 50/264  loss=0.3257
  batch 60/264  loss=0.4083
  batch 70/264  loss=0.4103
  batch 80/264  loss=0.3817
  batch 90/264  loss=0.5634
  batch 100/264  loss=0.4793
  batch 110/264  loss=0.4087
  batch 120/264  loss=0.3845
  batch 130/264  loss=0.3441
  batch 140/264  loss=0.3171
  batch 150/264  loss=0.4608
  batch 160/264  loss=0.3373
  batch 170/264  loss=0.4269
  batch 180/264  loss=0.3149
  batch 190/264  loss=0.4477
  batch 200/264  loss=0.6090
  batch 210/264  loss=0.4529
  batch 220/264  loss=0.3588
  batch 230/264  loss=0.3199
  batch 240/264  loss=0.3525
  batch 250/264  loss=0.4266
  batch 260/264  loss=0.5431
Epoch 154/300  train=4.062e-01  rmse=1.8520  lr=1.0e-04  229s
  -> best  monitor=4.062e-01
  batch 10/264  loss=0.4087
  batch 20/264  loss=0.4268
  batch 30/264  loss=0.4251
  batch 40/264  loss=0.3866
  batch 50/264  loss=0.4279
  batch 60/264  loss=0.5029
  batch 70/264  loss=0.5900
  batch 80/264  loss=0.3726
  batch 90/264  loss=0.5524
  batch 100/264  loss=0.3785
  batch 110/264  loss=0.4345
  batch 120/264  loss=0.3333
  batch 130/264  loss=0.4144
  batch 140/264  loss=0.3981
  batch 150/264  loss=0.4729
  batch 160/264  loss=0.3975
  batch 170/264  loss=0.3543
  batch 180/264  loss=0.3651
  batch 190/264  loss=0.3696
  batch 200/264  loss=0.3029
  batch 210/264  loss=0.4176
  batch 220/264  loss=0.4258
  batch 230/264  loss=0.3578
  batch 240/264  loss=0.3633
  batch 250/264  loss=0.3765
  batch 260/264  loss=0.6224
Epoch 155/300  train=4.094e-01  rmse=2.2702  lr=1.0e-04  228s
  batch 10/264  loss=0.4368
  batch 20/264  loss=0.3757
  batch 30/264  loss=0.4379
  batch 40/264  loss=0.4124
  batch 50/264  loss=0.3674
  batch 60/264  loss=0.3372
  batch 70/264  loss=0.3531
  batch 80/264  loss=0.3118
  batch 90/264  loss=0.5490
  batch 100/264  loss=0.3960
  batch 110/264  loss=0.3292
  batch 120/264  loss=0.4879
  batch 130/264  loss=0.3251
  batch 140/264  loss=0.3974
  batch 150/264  loss=0.4226
  batch 160/264  loss=0.4349
  batch 170/264  loss=0.3368
  batch 180/264  loss=0.4826
  batch 190/264  loss=0.3600
  batch 200/264  loss=0.4504
  batch 210/264  loss=0.2873
  batch 220/264  loss=0.3704
  batch 230/264  loss=0.3961
  batch 240/264  loss=0.8035
  batch 250/264  loss=0.4166
  batch 260/264  loss=0.3098
Epoch 156/300  train=4.092e-01  rmse=1.9922  lr=1.0e-04  227s
  batch 10/264  loss=0.3703
  batch 20/264  loss=0.3519
  batch 30/264  loss=0.3978
  batch 40/264  loss=0.3013
  batch 50/264  loss=0.4703
  batch 60/264  loss=0.3581
  batch 70/264  loss=0.5995
  batch 80/264  loss=0.3552
  batch 90/264  loss=0.4563
  batch 100/264  loss=0.3082
  batch 110/264  loss=0.3470
  batch 120/264  loss=0.3783
  batch 130/264  loss=0.4927
  batch 140/264  loss=0.5552
  batch 150/264  loss=0.3689
  batch 160/264  loss=0.3446
  batch 170/264  loss=0.3038
  batch 180/264  loss=0.3521
  batch 190/264  loss=0.3914
  batch 200/264  loss=0.5311
  batch 210/264  loss=0.3805
  batch 220/264  loss=0.3525
  batch 230/264  loss=0.7039
  batch 240/264  loss=0.3723
  batch 250/264  loss=0.3809
  batch 260/264  loss=0.4583
Epoch 157/300  train=4.087e-01  rmse=1.8154  lr=1.0e-04  227s
  batch 10/264  loss=0.3079
  batch 20/264  loss=0.4316
  batch 30/264  loss=0.3887
  batch 40/264  loss=0.3110
  batch 50/264  loss=0.5623
  batch 60/264  loss=0.4268
  batch 70/264  loss=0.4712
  batch 80/264  loss=0.3575
  batch 90/264  loss=0.3799
  batch 100/264  loss=0.3107
  batch 110/264  loss=0.3596
  batch 120/264  loss=0.4380
  batch 130/264  loss=0.3105
  batch 140/264  loss=0.3775
  batch 150/264  loss=0.3064
  batch 160/264  loss=0.3670
  batch 170/264  loss=0.3547
  batch 180/264  loss=0.3372
  batch 190/264  loss=0.4535
  batch 200/264  loss=0.4102
  batch 210/264  loss=0.5445
  batch 220/264  loss=0.3832
  batch 230/264  loss=0.4174
  batch 240/264  loss=0.4154
  batch 250/264  loss=0.4174
  batch 260/264  loss=0.3737
Epoch 158/300  train=4.082e-01  rmse=2.7594  lr=1.0e-04  229s
  batch 10/264  loss=0.3270
  batch 20/264  loss=0.3571
  batch 30/264  loss=0.4209
  batch 40/264  loss=0.2945
  batch 50/264  loss=0.5008
  batch 60/264  loss=0.4665
  batch 70/264  loss=0.3135
  batch 80/264  loss=0.3442
  batch 90/264  loss=0.3331
  batch 100/264  loss=0.3266
  batch 110/264  loss=0.4723
  batch 120/264  loss=0.4544
  batch 130/264  loss=0.3253
  batch 140/264  loss=0.3464
  batch 150/264  loss=0.3967
  batch 160/264  loss=0.2886
  batch 170/264  loss=0.3433
  batch 180/264  loss=0.4806
  batch 190/264  loss=0.3383
  batch 200/264  loss=0.8175
  batch 210/264  loss=0.3732
  batch 220/264  loss=0.3810
  batch 230/264  loss=0.5752
  batch 240/264  loss=0.3517
  batch 250/264  loss=0.3846
  batch 260/264  loss=0.3735
Epoch 159/300  train=4.104e-01  rmse=1.9494  lr=1.0e-04  229s
  batch 10/264  loss=0.4125
  batch 20/264  loss=0.3247
  batch 30/264  loss=0.4622
  batch 40/264  loss=0.3291
  batch 50/264  loss=0.3876
  batch 60/264  loss=0.7918
  batch 70/264  loss=0.4383
  batch 80/264  loss=0.4149
  batch 90/264  loss=0.3690
  batch 100/264  loss=0.3325
  batch 110/264  loss=0.5266
  batch 120/264  loss=0.3272
  batch 130/264  loss=0.5766
  batch 140/264  loss=0.4479
  batch 150/264  loss=0.3532
  batch 160/264  loss=0.3283
  batch 170/264  loss=0.3506
  batch 180/264  loss=0.4696
  batch 190/264  loss=0.3590
  batch 200/264  loss=0.3174
  batch 210/264  loss=0.4359
  batch 220/264  loss=0.3044
  batch 230/264  loss=0.3089
  batch 240/264  loss=0.4506
  batch 250/264  loss=0.3513
  batch 260/264  loss=0.4666
Epoch 160/300  train=4.113e-01  rmse=1.8500  lr=1.0e-04  228s
  batch 10/264  loss=0.3863
  batch 20/264  loss=0.3770
  batch 30/264  loss=0.3607
  batch 40/264  loss=0.3483
  batch 50/264  loss=0.5710
  batch 60/264  loss=0.3700
  batch 70/264  loss=0.4668
  batch 80/264  loss=0.4119
  batch 90/264  loss=0.3165
  batch 100/264  loss=0.4268
  batch 110/264  loss=0.3640
  batch 120/264  loss=0.3178
  batch 130/264  loss=0.4428
  batch 140/264  loss=0.3554
  batch 150/264  loss=0.3498
  batch 160/264  loss=0.3703
  batch 170/264  loss=0.3983
  batch 180/264  loss=0.3941
  batch 190/264  loss=0.5345
  batch 200/264  loss=0.3015
  batch 210/264  loss=0.6416
  batch 220/264  loss=0.4790
  batch 230/264  loss=0.3602
  batch 240/264  loss=0.4174
  batch 250/264  loss=0.3979
  batch 260/264  loss=0.3537
Epoch 161/300  train=4.037e-01  rmse=1.7303  lr=1.0e-04  228s
  -> best  monitor=4.037e-01
  batch 10/264  loss=0.5312
  batch 20/264  loss=0.4458
  batch 30/264  loss=0.3912
  batch 40/264  loss=0.4095
  batch 50/264  loss=0.3873
  batch 60/264  loss=0.3970
  batch 70/264  loss=0.3584
  batch 80/264  loss=0.4091
  batch 90/264  loss=0.3531
  batch 100/264  loss=0.3570
  batch 110/264  loss=0.3618
  batch 120/264  loss=0.3253
  batch 130/264  loss=0.4444
  batch 140/264  loss=0.4553
  batch 150/264  loss=0.3492
  batch 160/264  loss=0.3001
  batch 170/264  loss=0.3490
  batch 180/264  loss=0.3187
  batch 190/264  loss=0.4478
  batch 200/264  loss=0.3715
  batch 210/264  loss=0.3825
  batch 220/264  loss=0.4120
  batch 230/264  loss=0.3980
  batch 240/264  loss=0.4160
  batch 250/264  loss=0.3185
  batch 260/264  loss=0.3413
Epoch 162/300  train=4.047e-01  rmse=1.9101  lr=1.0e-04  229s
  batch 10/264  loss=0.4363
  batch 20/264  loss=0.3435
  batch 30/264  loss=0.5065
  batch 40/264  loss=0.3424
  batch 50/264  loss=0.6182
  batch 60/264  loss=0.3966
  batch 70/264  loss=0.4049
  batch 80/264  loss=0.4307
  batch 90/264  loss=0.3575
  batch 100/264  loss=0.3512
  batch 110/264  loss=0.4138
  batch 120/264  loss=0.3651
  batch 130/264  loss=0.4644
  batch 140/264  loss=0.3121
  batch 150/264  loss=0.3541
  batch 160/264  loss=0.3639
  batch 170/264  loss=0.3043
  batch 180/264  loss=0.3838
  batch 190/264  loss=0.6938
  batch 200/264  loss=0.3077
  batch 210/264  loss=0.4600
  batch 220/264  loss=0.4119
  batch 230/264  loss=0.4036
  batch 240/264  loss=0.3805
  batch 250/264  loss=0.4696
  batch 260/264  loss=0.3393
Epoch 163/300  train=4.074e-01  rmse=2.0897  lr=1.0e-04  229s
  batch 10/264  loss=0.3727
  batch 20/264  loss=0.3820
  batch 30/264  loss=0.4470
  batch 40/264  loss=0.4101
  batch 50/264  loss=0.3310
  batch 60/264  loss=0.3789
  batch 70/264  loss=0.3671
  batch 80/264  loss=0.3844
  batch 90/264  loss=0.6114
  batch 100/264  loss=0.3339
  batch 110/264  loss=0.5025
  batch 120/264  loss=0.3749
  batch 130/264  loss=0.3118
  batch 140/264  loss=0.3352
  batch 150/264  loss=0.3939
  batch 160/264  loss=0.3668
  batch 170/264  loss=0.5351
  batch 180/264  loss=0.3687
  batch 190/264  loss=0.3858
  batch 200/264  loss=0.3781
  batch 210/264  loss=0.4879
  batch 220/264  loss=0.3024
  batch 230/264  loss=0.3485
  batch 240/264  loss=0.4202
  batch 250/264  loss=0.3164
  batch 260/264  loss=0.3321
Epoch 164/300  train=4.009e-01  rmse=2.2550  lr=1.0e-04  228s
  -> best  monitor=4.009e-01
  batch 10/264  loss=0.3680
  batch 20/264  loss=0.3280
  batch 30/264  loss=0.3080
  batch 40/264  loss=0.4280
  batch 50/264  loss=0.4724
  batch 60/264  loss=0.4708
  batch 70/264  loss=0.2976
  batch 80/264  loss=0.4222
  batch 90/264  loss=0.3946
  batch 100/264  loss=0.3908
  batch 110/264  loss=0.4224
  batch 120/264  loss=0.3430
  batch 130/264  loss=0.5356
  batch 140/264  loss=0.3870
  batch 150/264  loss=0.3814
  batch 160/264  loss=0.4309
  batch 170/264  loss=0.3359
  batch 180/264  loss=0.3927
  batch 190/264  loss=0.3300
  batch 200/264  loss=0.4945
  batch 210/264  loss=0.3903
  batch 220/264  loss=0.4064
  batch 230/264  loss=0.4357
  batch 240/264  loss=0.4150
  batch 250/264  loss=0.3824
  batch 260/264  loss=0.3647
Epoch 165/300  train=4.038e-01  rmse=1.8930  lr=1.0e-04  227s
  batch 10/264  loss=0.3669
  batch 20/264  loss=0.3706
  batch 30/264  loss=0.3964
  batch 40/264  loss=0.3504
  batch 50/264  loss=0.3211
  batch 60/264  loss=0.4473
  batch 70/264  loss=0.4352
  batch 80/264  loss=0.3079
  batch 90/264  loss=0.4064
  batch 100/264  loss=0.3873
  batch 110/264  loss=0.2706
  batch 120/264  loss=0.3527
  batch 130/264  loss=0.3874
  batch 140/264  loss=0.3081
  batch 150/264  loss=0.3106
  batch 160/264  loss=0.4055
  batch 170/264  loss=0.3634
  batch 180/264  loss=0.5507
  batch 190/264  loss=0.3926
  batch 200/264  loss=0.3269
  batch 210/264  loss=0.3550
  batch 220/264  loss=0.4994
  batch 230/264  loss=0.3930
  batch 240/264  loss=0.3722
  batch 250/264  loss=0.3272
  batch 260/264  loss=0.3962
Epoch 166/300  train=4.039e-01  rmse=2.7209  lr=1.0e-04  228s
  batch 10/264  loss=0.4673
  batch 20/264  loss=0.4844
  batch 30/264  loss=0.2582
  batch 40/264  loss=0.3628
  batch 50/264  loss=0.4416
  batch 60/264  loss=0.4357
  batch 70/264  loss=0.3556
  batch 80/264  loss=0.3878
  batch 90/264  loss=0.5385
  batch 100/264  loss=0.3395
  batch 110/264  loss=0.3430
  batch 120/264  loss=0.3307
  batch 130/264  loss=0.4533
  batch 140/264  loss=0.3728
  batch 150/264  loss=0.3483
  batch 160/264  loss=0.3423
  batch 170/264  loss=0.3846
  batch 180/264  loss=0.3481
  batch 190/264  loss=0.3571
  batch 200/264  loss=0.4173
  batch 210/264  loss=0.5903
  batch 220/264  loss=0.5148
  batch 230/264  loss=0.6931
  batch 240/264  loss=0.5018
  batch 250/264  loss=0.5345
  batch 260/264  loss=0.3679
Epoch 167/300  train=4.040e-01  rmse=1.8124  lr=1.0e-04  228s
  batch 10/264  loss=0.2959
  batch 20/264  loss=0.4541
  batch 30/264  loss=0.5265
  batch 40/264  loss=0.4761
  batch 50/264  loss=0.3206
  batch 60/264  loss=0.4578
  batch 70/264  loss=0.4236
  batch 80/264  loss=0.6025
  batch 90/264  loss=0.3632
  batch 100/264  loss=0.4506
  batch 110/264  loss=0.5546
  batch 120/264  loss=0.4109
  batch 130/264  loss=0.4002
  batch 140/264  loss=0.4911
  batch 150/264  loss=0.3055
  batch 160/264  loss=0.3518
  batch 170/264  loss=0.3188
  batch 180/264  loss=0.3625
  batch 190/264  loss=0.4916
  batch 200/264  loss=0.3223
  batch 210/264  loss=0.4454
  batch 220/264  loss=0.5015
  batch 230/264  loss=0.3597
  batch 240/264  loss=0.3751
  batch 250/264  loss=0.5311
  batch 260/264  loss=0.4622
Epoch 168/300  train=3.992e-01  rmse=4.2723  lr=1.0e-04  230s
  -> best  monitor=3.992e-01
  batch 10/264  loss=0.3023
  batch 20/264  loss=0.3357
  batch 30/264  loss=0.3478
  batch 40/264  loss=0.3832
  batch 50/264  loss=0.3818
  batch 60/264  loss=0.3182
  batch 70/264  loss=0.3941
  batch 80/264  loss=0.3804
  batch 90/264  loss=0.4065
  batch 100/264  loss=0.3395
  batch 110/264  loss=0.4299
  batch 120/264  loss=0.4172
  batch 130/264  loss=0.4060
  batch 140/264  loss=0.4579
  batch 150/264  loss=0.7611
  batch 160/264  loss=0.3789
  batch 170/264  loss=0.3380
  batch 180/264  loss=0.7389
  batch 190/264  loss=0.3803
  batch 200/264  loss=0.3100
  batch 210/264  loss=0.3615
  batch 220/264  loss=0.2906
  batch 230/264  loss=0.3869
  batch 240/264  loss=0.3737
  batch 250/264  loss=0.5461
  batch 260/264  loss=0.7584
Epoch 169/300  train=4.017e-01  rmse=1.8761  lr=1.0e-04  229s
  batch 10/264  loss=0.3850
  batch 20/264  loss=0.3619
  batch 30/264  loss=0.3366
  batch 40/264  loss=0.5481
  batch 50/264  loss=0.3928
  batch 60/264  loss=0.4393
  batch 70/264  loss=0.3066
  batch 80/264  loss=0.2918
  batch 90/264  loss=0.3976
  batch 100/264  loss=0.3050
  batch 110/264  loss=0.3181
  batch 120/264  loss=0.4875
  batch 130/264  loss=0.4884
  batch 140/264  loss=0.3251
  batch 150/264  loss=0.3564
  batch 160/264  loss=0.3564
  batch 170/264  loss=0.3708
  batch 180/264  loss=0.6184
  batch 190/264  loss=0.4585
  batch 200/264  loss=0.3632
  batch 210/264  loss=0.4485
  batch 220/264  loss=0.3361
  batch 230/264  loss=0.4712
  batch 240/264  loss=0.4631
  batch 250/264  loss=0.4366
  batch 260/264  loss=0.4337
Epoch 170/300  train=4.013e-01  rmse=3.9386  lr=1.0e-04  228s
  batch 10/264  loss=0.3516
  batch 20/264  loss=0.3716
  batch 30/264  loss=0.3583
  batch 40/264  loss=0.3989
  batch 50/264  loss=0.3254
  batch 60/264  loss=0.3940
  batch 70/264  loss=0.3486
  batch 80/264  loss=0.3077
  batch 90/264  loss=0.4660
  batch 100/264  loss=0.3324
  batch 110/264  loss=0.3069
  batch 120/264  loss=0.3386
  batch 130/264  loss=0.3412
  batch 140/264  loss=0.3841
  batch 150/264  loss=0.3900
  batch 160/264  loss=0.4643
  batch 170/264  loss=0.3304
  batch 180/264  loss=0.3125
  batch 190/264  loss=0.3137
  batch 200/264  loss=0.4869
  batch 210/264  loss=0.3542
  batch 220/264  loss=0.4484
  batch 230/264  loss=0.3730
  batch 240/264  loss=0.5411
  batch 250/264  loss=0.3664
  batch 260/264  loss=0.3882
Epoch 171/300  train=4.020e-01  rmse=1.9612  lr=1.0e-04  227s
  batch 10/264  loss=0.3844
  batch 20/264  loss=0.4684
  batch 30/264  loss=0.4242
  batch 40/264  loss=0.3984
  batch 50/264  loss=0.3728
  batch 60/264  loss=0.3514
  batch 70/264  loss=0.2979
  batch 80/264  loss=0.3001
  batch 90/264  loss=0.2951
  batch 100/264  loss=0.3369
  batch 110/264  loss=0.3912
  batch 120/264  loss=0.3883
  batch 130/264  loss=0.3254
  batch 140/264  loss=0.5314
  batch 150/264  loss=0.3938
  batch 160/264  loss=0.5224
  batch 170/264  loss=0.3310
  batch 180/264  loss=0.3036
  batch 190/264  loss=0.3531
  batch 200/264  loss=0.3253
  batch 210/264  loss=0.3906
  batch 220/264  loss=0.3699
  batch 230/264  loss=0.4260
  batch 240/264  loss=0.3147
  batch 250/264  loss=0.4464
  batch 260/264  loss=0.3741
Epoch 172/300  train=4.040e-01  rmse=2.1328  lr=1.0e-04  229s
  batch 10/264  loss=0.5062
  batch 20/264  loss=0.3139
  batch 30/264  loss=0.4287
  batch 40/264  loss=0.3141
  batch 50/264  loss=0.3651
  batch 60/264  loss=0.4351
  batch 70/264  loss=0.4147
  batch 80/264  loss=0.3434
  batch 90/264  loss=0.3637
  batch 100/264  loss=0.3206
  batch 110/264  loss=0.3844
  batch 120/264  loss=0.3228
  batch 130/264  loss=0.5077
  batch 140/264  loss=0.3923
  batch 150/264  loss=0.3847
  batch 160/264  loss=0.4329
  batch 170/264  loss=0.3333
  batch 180/264  loss=0.3361
  batch 190/264  loss=0.3072
  batch 200/264  loss=0.3402
  batch 210/264  loss=0.3841
  batch 220/264  loss=0.3983
  batch 230/264  loss=0.3727
  batch 240/264  loss=0.3469
  batch 250/264  loss=0.5239
  batch 260/264  loss=0.4094
Epoch 173/300  train=3.990e-01  rmse=1.9491  lr=1.0e-04  228s
  -> best  monitor=3.990e-01
  batch 10/264  loss=0.3882
  batch 20/264  loss=0.3195
  batch 30/264  loss=0.3532
  batch 40/264  loss=0.3066
  batch 50/264  loss=0.3290
  batch 60/264  loss=0.2967
  batch 70/264  loss=0.4802
  batch 80/264  loss=0.4028
  batch 90/264  loss=0.3642
  batch 100/264  loss=0.3411
  batch 110/264  loss=0.3333
  batch 120/264  loss=0.3611
  batch 130/264  loss=0.5179
  batch 140/264  loss=0.3314
  batch 150/264  loss=0.6648
  batch 160/264  loss=0.3491
  batch 170/264  loss=0.3371
  batch 180/264  loss=0.4422
  batch 190/264  loss=0.3325
  batch 200/264  loss=0.3338
  batch 210/264  loss=0.5171
  batch 220/264  loss=0.3988
  batch 230/264  loss=0.3653
  batch 240/264  loss=0.3992
  batch 250/264  loss=0.3882
  batch 260/264  loss=0.4097
Epoch 174/300  train=3.972e-01  rmse=2.0663  lr=1.0e-04  228s
  -> best  monitor=3.972e-01
  batch 10/264  loss=0.3795
  batch 20/264  loss=0.6099
  batch 30/264  loss=0.5884
  batch 40/264  loss=0.4306
  batch 50/264  loss=0.5457
  batch 60/264  loss=0.3437
  batch 70/264  loss=0.2946
  batch 80/264  loss=0.3318
  batch 90/264  loss=0.3366
  batch 100/264  loss=0.3241
  batch 110/264  loss=0.3843
  batch 120/264  loss=0.6346
  batch 130/264  loss=0.5422
  batch 140/264  loss=0.4001
  batch 150/264  loss=0.3157
  batch 160/264  loss=0.3893
  batch 170/264  loss=0.4583
  batch 180/264  loss=0.4906
  batch 190/264  loss=0.3455
  batch 200/264  loss=0.3110
  batch 210/264  loss=0.3604
  batch 220/264  loss=0.3698
  batch 230/264  loss=0.5166
  batch 240/264  loss=0.4426
  batch 250/264  loss=0.4085
  batch 260/264  loss=0.5979
Epoch 175/300  train=4.012e-01  rmse=18.4644  lr=1.0e-04  228s
  batch 10/264  loss=0.3414
  batch 20/264  loss=0.3326
  batch 30/264  loss=0.4828
  batch 40/264  loss=0.4197
  batch 50/264  loss=0.2985
  batch 60/264  loss=0.3748
  batch 70/264  loss=0.3245
  batch 80/264  loss=0.4967
  batch 90/264  loss=0.2436
  batch 100/264  loss=0.3529
  batch 110/264  loss=0.3477
  batch 120/264  loss=0.3714
  batch 130/264  loss=0.3868
  batch 140/264  loss=0.4596
  batch 150/264  loss=0.3025
  batch 160/264  loss=0.4960
  batch 170/264  loss=0.2728
  batch 180/264  loss=0.5177
  batch 190/264  loss=0.3950
  batch 200/264  loss=0.3442
  batch 210/264  loss=0.4849
  batch 220/264  loss=0.3948
  batch 230/264  loss=0.3848
  batch 240/264  loss=0.3356
  batch 250/264  loss=0.4228
  batch 260/264  loss=0.4174
Epoch 176/300  train=4.045e-01  rmse=11.6615  lr=1.0e-04  233s
  batch 10/264  loss=0.6282
  batch 20/264  loss=0.3157
  batch 30/264  loss=0.3755
  batch 40/264  loss=0.5798
  batch 50/264  loss=0.3405
  batch 60/264  loss=0.3311
  batch 70/264  loss=0.4429
  batch 80/264  loss=0.3794
  batch 90/264  loss=0.3278
  batch 100/264  loss=0.3128
  batch 110/264  loss=0.3870
  batch 120/264  loss=0.5684
  batch 130/264  loss=0.4043
  batch 140/264  loss=0.5254
  batch 150/264  loss=0.4075
  batch 160/264  loss=0.4098
  batch 170/264  loss=0.3612
  batch 180/264  loss=0.5427
  batch 190/264  loss=0.2930
  batch 200/264  loss=0.3239
  batch 210/264  loss=0.4486
  batch 220/264  loss=0.3155
  batch 230/264  loss=0.3071
  batch 240/264  loss=0.3699
  batch 250/264  loss=0.3941
  batch 260/264  loss=0.2956
Epoch 177/300  train=3.994e-01  rmse=1.7524  lr=1.0e-04  235s
  batch 10/264  loss=0.3056
  batch 20/264  loss=0.3595
  batch 30/264  loss=0.3308
  batch 40/264  loss=0.3783
  batch 50/264  loss=0.4430
  batch 60/264  loss=0.3685
  batch 70/264  loss=0.6988
  batch 80/264  loss=0.3313
  batch 90/264  loss=0.3334
  batch 100/264  loss=0.5119
  batch 110/264  loss=0.3600
  batch 120/264  loss=0.3697
  batch 130/264  loss=0.3175
  batch 140/264  loss=0.4118
  batch 150/264  loss=0.4153
  batch 160/264  loss=0.2597
  batch 170/264  loss=0.6394
  batch 180/264  loss=0.3864
  batch 190/264  loss=0.3910
  batch 200/264  loss=0.5339
  batch 210/264  loss=0.3533
  batch 220/264  loss=0.4431
  batch 230/264  loss=0.6157
  batch 240/264  loss=0.4570
  batch 250/264  loss=0.4251
  batch 260/264  loss=0.2914
Epoch 178/300  train=3.974e-01  rmse=1.8438  lr=1.0e-04  236s
  batch 10/264  loss=0.3587
  batch 20/264  loss=0.4820
  batch 30/264  loss=0.5648
  batch 40/264  loss=0.4646
  batch 50/264  loss=0.2709
  batch 60/264  loss=0.2990
  batch 70/264  loss=0.3460
  batch 80/264  loss=0.3467
  batch 90/264  loss=0.3300
  batch 100/264  loss=0.3015
  batch 110/264  loss=0.4815
  batch 120/264  loss=0.5006
  batch 130/264  loss=0.3741
  batch 140/264  loss=0.3858
  batch 150/264  loss=0.3686
  batch 160/264  loss=0.3185
  batch 170/264  loss=0.3803
  batch 180/264  loss=0.3303
  batch 190/264  loss=0.3806
  batch 200/264  loss=0.3311
  batch 210/264  loss=0.3331
  batch 220/264  loss=0.4072
  batch 230/264  loss=0.4157
  batch 240/264  loss=0.3639
  batch 250/264  loss=0.5152
  batch 260/264  loss=0.3240
Epoch 179/300  train=3.963e-01  rmse=5.0988  lr=1.0e-04  236s
  -> best  monitor=3.963e-01
  batch 10/264  loss=0.3752
  batch 20/264  loss=0.4738
  batch 30/264  loss=0.3622
  batch 40/264  loss=0.2863
  batch 50/264  loss=0.3975
  batch 60/264  loss=0.3931
  batch 70/264  loss=0.6471
  batch 80/264  loss=0.3326
  batch 90/264  loss=0.3325
  batch 100/264  loss=0.2892
  batch 110/264  loss=0.4785
  batch 120/264  loss=0.3384
  batch 130/264  loss=0.4528
  batch 140/264  loss=0.3035
  batch 150/264  loss=0.3966
  batch 160/264  loss=0.3847
  batch 170/264  loss=0.3664
  batch 180/264  loss=0.3083
  batch 190/264  loss=0.5676
  batch 200/264  loss=0.3094
  batch 210/264  loss=0.4653
  batch 220/264  loss=0.3784
  batch 230/264  loss=0.4128
  batch 240/264  loss=0.4014
  batch 250/264  loss=0.3904
  batch 260/264  loss=0.3064
Epoch 180/300  train=3.889e-01  rmse=2.1225  lr=1.0e-04  237s
  -> best  monitor=3.889e-01
  batch 10/264  loss=0.4378
  batch 20/264  loss=0.3904
  batch 30/264  loss=0.4668
  batch 40/264  loss=0.3202
  batch 50/264  loss=0.4112
  batch 60/264  loss=0.3163
  batch 70/264  loss=0.5051
  batch 80/264  loss=0.3100
  batch 90/264  loss=0.3401
  batch 100/264  loss=0.3268
  batch 110/264  loss=0.4731
  batch 120/264  loss=0.3190
  batch 130/264  loss=0.3774
  batch 140/264  loss=0.2948
  batch 150/264  loss=0.5014
  batch 160/264  loss=0.3774
  batch 170/264  loss=0.3833
  batch 180/264  loss=0.3431
  batch 190/264  loss=0.3410
  batch 200/264  loss=0.3248
  batch 210/264  loss=0.4240
  batch 220/264  loss=0.2765
  batch 230/264  loss=0.4490
  batch 240/264  loss=0.3629
  batch 250/264  loss=0.3823
  batch 260/264  loss=0.3369
Epoch 181/300  train=3.959e-01  rmse=1.7658  lr=1.0e-04  236s
  batch 10/264  loss=0.3502
  batch 20/264  loss=0.2842
  batch 30/264  loss=0.3330
  batch 40/264  loss=0.3273
  batch 50/264  loss=0.4615
  batch 60/264  loss=0.3690
  batch 70/264  loss=0.3042
  batch 80/264  loss=0.6438
  batch 90/264  loss=0.2988
  batch 100/264  loss=0.3332
  batch 110/264  loss=0.3309
  batch 120/264  loss=0.4890
  batch 130/264  loss=0.3538
  batch 140/264  loss=0.3976
  batch 150/264  loss=0.3739
  batch 160/264  loss=0.4662
  batch 170/264  loss=0.3933
  batch 180/264  loss=0.5541
  batch 190/264  loss=0.3931
  batch 200/264  loss=0.4562
  batch 210/264  loss=0.4160
  batch 220/264  loss=0.9541
  batch 230/264  loss=0.5301
  batch 240/264  loss=0.6096
  batch 250/264  loss=0.3415
  batch 260/264  loss=0.4070
Epoch 182/300  train=3.983e-01  rmse=2.0626  lr=1.0e-04  236s
  batch 10/264  loss=0.3875
  batch 20/264  loss=0.3815
  batch 30/264  loss=0.3460
  batch 40/264  loss=0.3169
  batch 50/264  loss=0.3719
  batch 60/264  loss=0.3363
  batch 70/264  loss=0.5335
  batch 80/264  loss=0.3756
  batch 90/264  loss=0.4958
  batch 100/264  loss=0.3477
  batch 110/264  loss=0.3399
  batch 120/264  loss=0.3658
  batch 130/264  loss=0.3283
  batch 140/264  loss=0.3521
  batch 150/264  loss=0.3188
  batch 160/264  loss=0.3236
  batch 170/264  loss=0.4018
  batch 180/264  loss=0.3958
  batch 190/264  loss=0.4497
  batch 200/264  loss=0.3319
  batch 210/264  loss=0.3360
  batch 220/264  loss=0.3488
  batch 230/264  loss=0.4841
  batch 240/264  loss=0.3243
  batch 250/264  loss=0.3006
  batch 260/264  loss=0.3410
Epoch 183/300  train=3.885e-01  rmse=1.9844  lr=1.0e-04  237s
  -> best  monitor=3.885e-01
  batch 10/264  loss=0.2896
  batch 20/264  loss=0.3114
  batch 30/264  loss=0.3239
  batch 40/264  loss=0.4528
  batch 50/264  loss=0.3691
  batch 60/264  loss=0.3788
  batch 70/264  loss=0.3315
  batch 80/264  loss=0.3114
  batch 90/264  loss=0.4628
  batch 100/264  loss=0.5389
  batch 110/264  loss=0.4252
  batch 120/264  loss=0.3470
  batch 130/264  loss=0.3855
  batch 140/264  loss=0.4040
  batch 150/264  loss=0.3330
  batch 160/264  loss=0.4468
  batch 170/264  loss=0.3129
  batch 180/264  loss=0.3522
  batch 190/264  loss=0.3808
  batch 200/264  loss=0.3701
  batch 210/264  loss=0.3933
  batch 220/264  loss=0.3315
  batch 230/264  loss=0.3769
  batch 240/264  loss=0.4145
  batch 250/264  loss=0.3477
  batch 260/264  loss=0.3931
Epoch 184/300  train=3.954e-01  rmse=3.4948  lr=1.0e-04  236s
  batch 10/264  loss=0.3055
  batch 20/264  loss=0.3592
  batch 30/264  loss=0.3415
  batch 40/264  loss=0.5324
  batch 50/264  loss=0.3920
  batch 60/264  loss=0.3963
  batch 70/264  loss=0.5049
  batch 80/264  loss=0.3843
  batch 90/264  loss=0.3507
  batch 100/264  loss=0.5062
  batch 110/264  loss=0.3792
  batch 120/264  loss=0.4551
  batch 130/264  loss=0.4373
  batch 140/264  loss=0.3856
  batch 150/264  loss=0.3597
  batch 160/264  loss=0.3825
  batch 170/264  loss=0.2879
  batch 180/264  loss=0.4647
  batch 190/264  loss=0.2841
  batch 200/264  loss=0.2947
  batch 210/264  loss=0.4553
  batch 220/264  loss=0.6360
  batch 230/264  loss=0.3061
  batch 240/264  loss=0.3036
  batch 250/264  loss=0.4890
  batch 260/264  loss=0.3018
Epoch 185/300  train=3.934e-01  rmse=2.1566  lr=1.0e-04  236s
  batch 10/264  loss=0.3630
  batch 20/264  loss=0.3996
  batch 30/264  loss=0.3360
  batch 40/264  loss=0.3891
  batch 50/264  loss=0.3838
  batch 60/264  loss=0.3567
  batch 70/264  loss=0.2920
  batch 80/264  loss=0.4250
  batch 90/264  loss=0.3730
  batch 100/264  loss=0.3768
  batch 110/264  loss=0.3698
  batch 120/264  loss=0.3627
  batch 130/264  loss=0.3744
  batch 140/264  loss=0.3054
  batch 150/264  loss=0.3509
  batch 160/264  loss=0.3467
  batch 170/264  loss=0.3368
  batch 180/264  loss=0.3406
  batch 190/264  loss=0.3873
  batch 200/264  loss=0.3551
  batch 210/264  loss=0.3713
  batch 220/264  loss=0.3143
  batch 230/264  loss=0.3798
  batch 240/264  loss=0.3468
  batch 250/264  loss=0.3306
  batch 260/264  loss=0.4286
Epoch 186/300  train=3.899e-01  rmse=1.7843  lr=1.0e-04  235s
  batch 10/264  loss=0.2817
  batch 20/264  loss=0.4247
  batch 30/264  loss=0.4152
  batch 40/264  loss=0.2924
  batch 50/264  loss=0.3420
  batch 60/264  loss=0.4573
  batch 70/264  loss=0.4077
  batch 80/264  loss=0.3513
  batch 90/264  loss=0.3721
  batch 100/264  loss=0.3155
  batch 110/264  loss=0.3362
  batch 120/264  loss=0.3783
  batch 130/264  loss=0.4581
  batch 140/264  loss=0.2958
  batch 150/264  loss=0.4898
  batch 160/264  loss=0.4133
  batch 170/264  loss=0.3430
  batch 180/264  loss=0.3928
  batch 190/264  loss=0.4494
  batch 200/264  loss=0.3729
  batch 210/264  loss=0.4701
  batch 220/264  loss=0.3684
  batch 230/264  loss=0.3398
  batch 240/264  loss=0.3915
  batch 250/264  loss=0.3289
  batch 260/264  loss=0.3900
Epoch 187/300  train=3.918e-01  rmse=2.3294  lr=1.0e-04  236s
  batch 10/264  loss=0.3203
  batch 20/264  loss=0.5854
  batch 30/264  loss=0.3282
  batch 40/264  loss=0.3071
  batch 50/264  loss=0.3229
  batch 60/264  loss=0.3233
  batch 70/264  loss=0.3524
  batch 80/264  loss=0.3467
  batch 90/264  loss=0.3921
  batch 100/264  loss=0.4099
  batch 110/264  loss=0.3421
  batch 120/264  loss=0.2866
  batch 130/264  loss=0.3290
  batch 140/264  loss=0.5701
  batch 150/264  loss=0.3444
  batch 160/264  loss=0.4114
  batch 170/264  loss=0.3426
  batch 180/264  loss=0.3530
  batch 190/264  loss=0.3309
  batch 200/264  loss=0.3767
  batch 210/264  loss=0.3410
  batch 220/264  loss=0.3367
  batch 230/264  loss=0.3021
  batch 240/264  loss=0.4677
  batch 250/264  loss=0.2901
  batch 260/264  loss=0.3770
Epoch 188/300  train=3.919e-01  rmse=2.0899  lr=1.0e-04  234s
  batch 10/264  loss=0.5635
  batch 20/264  loss=0.3948
  batch 30/264  loss=0.3954
  batch 40/264  loss=0.3838
  batch 50/264  loss=0.3178
  batch 60/264  loss=0.3722
  batch 70/264  loss=0.6081
  batch 80/264  loss=0.4420
  batch 90/264  loss=0.3167
  batch 100/264  loss=0.3808
  batch 110/264  loss=0.3277
  batch 120/264  loss=0.3565
  batch 130/264  loss=0.4473
  batch 140/264  loss=0.3327
  batch 150/264  loss=0.3266
  batch 160/264  loss=0.4873
  batch 170/264  loss=0.3178
  batch 180/264  loss=0.4397
  batch 190/264  loss=0.2958
  batch 200/264  loss=0.4189
  batch 210/264  loss=0.4302
  batch 220/264  loss=0.3103
  batch 230/264  loss=0.3675
  batch 240/264  loss=0.5190
  batch 250/264  loss=0.4628
  batch 260/264  loss=0.3183
Epoch 189/300  train=3.969e-01  rmse=11.0871  lr=1.0e-04  235s
  batch 10/264  loss=0.3767
  batch 20/264  loss=0.4874
  batch 30/264  loss=0.2984
  batch 40/264  loss=0.3611
  batch 50/264  loss=0.2942
  batch 60/264  loss=0.3188
  batch 70/264  loss=0.4706
  batch 80/264  loss=0.4551
  batch 90/264  loss=0.3721
  batch 100/264  loss=0.3815
  batch 110/264  loss=0.4090
  batch 120/264  loss=0.4222
  batch 130/264  loss=0.5003
  batch 140/264  loss=0.3734
  batch 150/264  loss=0.3664
  batch 160/264  loss=0.4559
  batch 170/264  loss=0.3646
  batch 180/264  loss=0.3398
  batch 190/264  loss=0.3439
  batch 200/264  loss=0.2987
  batch 210/264  loss=0.2904
  batch 220/264  loss=0.2910
  batch 230/264  loss=0.6766
  batch 240/264  loss=0.3324
  batch 250/264  loss=0.3527
  batch 260/264  loss=0.4495
Epoch 190/300  train=3.908e-01  rmse=2.8187  lr=1.0e-04  234s
  batch 10/264  loss=0.3722
  batch 20/264  loss=0.3918
  batch 30/264  loss=0.3229
  batch 40/264  loss=0.3708
  batch 50/264  loss=0.5417
  batch 60/264  loss=0.3705
  batch 70/264  loss=0.3005
  batch 80/264  loss=0.4091
  batch 90/264  loss=0.3858
  batch 100/264  loss=0.4120
  batch 110/264  loss=0.3295
  batch 120/264  loss=0.3566
  batch 130/264  loss=0.3975
  batch 140/264  loss=0.4100
  batch 150/264  loss=0.3433
  batch 160/264  loss=0.3251
  batch 170/264  loss=0.3321
  batch 180/264  loss=0.5200
  batch 190/264  loss=0.3270
  batch 200/264  loss=0.3823
  batch 210/264  loss=0.3876
  batch 220/264  loss=0.3162
  batch 230/264  loss=0.5045
  batch 240/264  loss=0.3597
  batch 250/264  loss=0.3262
  batch 260/264  loss=0.3097
Epoch 191/300  train=3.894e-01  rmse=2.9356  lr=1.0e-04  236s
  batch 10/264  loss=0.4212
  batch 20/264  loss=0.3907
  batch 30/264  loss=0.3455
  batch 40/264  loss=0.4525
  batch 50/264  loss=0.4989
  batch 60/264  loss=0.3433
  batch 70/264  loss=0.7246
  batch 80/264  loss=0.3698
  batch 90/264  loss=0.3305
  batch 100/264  loss=0.3225
  batch 110/264  loss=0.3250
  batch 120/264  loss=0.3800
  batch 130/264  loss=0.3284
  batch 140/264  loss=0.2990
  batch 150/264  loss=0.6152
  batch 160/264  loss=0.3526
  batch 170/264  loss=0.5061
  batch 180/264  loss=0.4158
  batch 190/264  loss=0.3151
  batch 200/264  loss=0.4655
  batch 210/264  loss=0.4007
  batch 220/264  loss=0.3966
  batch 230/264  loss=0.5237
  batch 240/264  loss=0.4701
  batch 250/264  loss=0.3710
  batch 260/264  loss=0.4447
Epoch 192/300  train=3.918e-01  rmse=1.9663  lr=1.0e-04  236s
  batch 10/264  loss=0.4623
  batch 20/264  loss=0.3714
  batch 30/264  loss=0.3635
  batch 40/264  loss=0.3872
  batch 50/264  loss=0.3189
  batch 60/264  loss=0.3212
  batch 70/264  loss=0.3520
  batch 80/264  loss=0.3426
  batch 90/264  loss=0.4289
  batch 100/264  loss=0.3173
  batch 110/264  loss=0.3612
  batch 120/264  loss=0.4483
  batch 130/264  loss=0.3400
  batch 140/264  loss=0.3083
  batch 150/264  loss=0.3571
  batch 160/264  loss=0.3225
  batch 170/264  loss=0.4513
  batch 180/264  loss=0.6762
  batch 190/264  loss=0.3125
  batch 200/264  loss=0.3690
  batch 210/264  loss=0.3531
  batch 220/264  loss=0.4102
  batch 230/264  loss=0.4593
  batch 240/264  loss=0.3630
  batch 250/264  loss=0.3304
  batch 260/264  loss=0.4301
Epoch 193/300  train=3.879e-01  rmse=2.9383  lr=1.0e-04  235s
  -> best  monitor=3.879e-01
  batch 10/264  loss=0.3215
  batch 20/264  loss=0.3243
  batch 30/264  loss=0.3592
  batch 40/264  loss=0.3923
  batch 50/264  loss=0.5192
  batch 60/264  loss=0.3095
  batch 70/264  loss=0.3822
  batch 80/264  loss=0.3756
  batch 90/264  loss=0.3568
  batch 100/264  loss=0.4507
  batch 110/264  loss=0.3111
  batch 120/264  loss=0.4881
  batch 130/264  loss=0.4595
  batch 140/264  loss=0.6169
  batch 150/264  loss=0.5360
  batch 160/264  loss=0.3283
  batch 170/264  loss=0.3878
  batch 180/264  loss=0.3060
  batch 190/264  loss=0.3191
  batch 200/264  loss=0.3563
  batch 210/264  loss=0.4230
  batch 220/264  loss=0.4208
  batch 230/264  loss=0.3203
  batch 240/264  loss=0.3471
  batch 250/264  loss=0.3694
  batch 260/264  loss=0.3684
Epoch 194/300  train=3.895e-01  rmse=1.7184  lr=1.0e-04  235s
  batch 10/264  loss=0.3459
  batch 20/264  loss=0.5477
  batch 30/264  loss=0.3228
  batch 40/264  loss=0.3968
  batch 50/264  loss=0.3645
  batch 60/264  loss=0.3428
  batch 70/264  loss=0.3433
  batch 80/264  loss=0.3591
  batch 90/264  loss=0.4477
  batch 100/264  loss=0.4332
  batch 110/264  loss=0.3104
  batch 120/264  loss=0.2691
  batch 130/264  loss=0.3273
  batch 140/264  loss=0.5136
  batch 150/264  loss=0.3369
  batch 160/264  loss=0.3702
  batch 170/264  loss=0.4181
  batch 180/264  loss=0.4214
  batch 190/264  loss=0.3862
  batch 200/264  loss=0.3251
  batch 210/264  loss=0.3403
  batch 220/264  loss=0.4393
  batch 230/264  loss=0.3538
  batch 240/264  loss=0.4487
  batch 250/264  loss=0.2677
  batch 260/264  loss=0.3114
Epoch 195/300  train=3.853e-01  rmse=1.8983  lr=1.0e-04  236s
  -> best  monitor=3.853e-01
  batch 10/264  loss=0.3805
  batch 20/264  loss=0.2984
  batch 30/264  loss=0.4116
  batch 40/264  loss=0.3050
  batch 50/264  loss=0.3654
  batch 60/264  loss=0.3717
  batch 70/264  loss=0.3675
  batch 80/264  loss=0.3475
  batch 90/264  loss=0.4004
  batch 100/264  loss=0.3379
  batch 110/264  loss=0.3877
  batch 120/264  loss=0.2784
  batch 130/264  loss=0.3502
  batch 140/264  loss=0.3813
  batch 150/264  loss=0.4005
  batch 160/264  loss=0.5476
  batch 170/264  loss=0.5512
  batch 180/264  loss=0.3599
  batch 190/264  loss=0.3005
  batch 200/264  loss=0.3238
  batch 210/264  loss=0.4522
  batch 220/264  loss=0.4055
  batch 230/264  loss=0.4213
  batch 240/264  loss=0.3666
  batch 250/264  loss=0.5081
  batch 260/264  loss=0.3752
Epoch 196/300  train=3.901e-01  rmse=2.5085  lr=1.0e-04  237s
  batch 10/264  loss=0.3500
  batch 20/264  loss=0.2983
  batch 30/264  loss=0.2853
  batch 40/264  loss=0.3890
  batch 50/264  loss=0.3611
  batch 60/264  loss=0.4069
  batch 70/264  loss=0.3377
  batch 80/264  loss=0.4886
  batch 90/264  loss=0.4393
  batch 100/264  loss=0.3577
  batch 110/264  loss=0.3304
  batch 120/264  loss=0.3012
  batch 130/264  loss=0.7965
  batch 140/264  loss=0.4870
  batch 150/264  loss=0.5026
  batch 160/264  loss=0.3385
  batch 170/264  loss=0.4509
  batch 180/264  loss=0.3156
  batch 190/264  loss=0.2935
  batch 200/264  loss=0.4153
  batch 210/264  loss=0.3475
  batch 220/264  loss=0.3544
  batch 230/264  loss=0.4921
  batch 240/264  loss=0.4605
  batch 250/264  loss=0.3448
  batch 260/264  loss=0.3962
Epoch 197/300  train=3.898e-01  rmse=2.5651  lr=1.0e-04  236s
  batch 10/264  loss=0.3938
  batch 20/264  loss=0.3203
  batch 30/264  loss=0.3733
  batch 40/264  loss=0.3156
  batch 50/264  loss=0.3936
  batch 60/264  loss=0.3446
  batch 70/264  loss=0.3098
  batch 80/264  loss=0.4591
  batch 90/264  loss=0.3219
  batch 100/264  loss=0.2756
  batch 110/264  loss=0.3395
  batch 120/264  loss=0.2860
  batch 130/264  loss=0.3736
  batch 140/264  loss=0.3489
  batch 150/264  loss=0.3634
  batch 160/264  loss=0.2916
  batch 170/264  loss=0.3954
  batch 180/264  loss=0.4534
  batch 190/264  loss=0.3510
  batch 200/264  loss=0.3984
  batch 210/264  loss=0.4088
  batch 220/264  loss=0.4442
  batch 230/264  loss=0.3862
  batch 240/264  loss=0.4017
  batch 250/264  loss=0.3131
  batch 260/264  loss=0.3460
Epoch 198/300  train=3.813e-01  rmse=2.0373  lr=1.0e-04  235s
  -> best  monitor=3.813e-01
  batch 10/264  loss=0.2920
  batch 20/264  loss=0.4139
  batch 30/264  loss=0.4254
  batch 40/264  loss=0.3911
  batch 50/264  loss=0.4910
  batch 60/264  loss=0.2889
  batch 70/264  loss=0.3220
  batch 80/264  loss=0.3148
  batch 90/264  loss=0.3432
  batch 100/264  loss=0.3015
  batch 110/264  loss=0.4045
  batch 120/264  loss=0.3677
  batch 130/264  loss=0.3899
  batch 140/264  loss=0.4488
  batch 150/264  loss=0.3272
  batch 160/264  loss=0.4857
  batch 170/264  loss=0.3278
  batch 180/264  loss=0.2973
  batch 190/264  loss=0.5673
  batch 200/264  loss=0.3426
  batch 210/264  loss=0.3390
  batch 220/264  loss=0.3629
  batch 230/264  loss=0.2673
  batch 240/264  loss=0.3320
  batch 250/264  loss=0.3855
  batch 260/264  loss=0.4664
Epoch 199/300  train=3.902e-01  rmse=2.4452  lr=1.0e-04  235s
  batch 10/264  loss=0.4365
  batch 20/264  loss=0.4013
  batch 30/264  loss=0.3750
  batch 40/264  loss=0.5150
  batch 50/264  loss=0.3830
  batch 60/264  loss=0.6192
  batch 70/264  loss=0.4703
  batch 80/264  loss=0.3227
  batch 90/264  loss=0.4401
  batch 100/264  loss=0.3289
  batch 110/264  loss=0.3356
  batch 120/264  loss=0.5742
  batch 130/264  loss=0.4293
  batch 140/264  loss=0.3440
  batch 150/264  loss=0.4293
  batch 160/264  loss=0.3564
  batch 170/264  loss=0.4950
  batch 180/264  loss=0.3227
  batch 190/264  loss=0.3233
  batch 200/264  loss=0.5121
  batch 210/264  loss=0.5284
  batch 220/264  loss=0.5277
  batch 230/264  loss=0.3968
  batch 240/264  loss=0.3345
  batch 250/264  loss=0.3648
  batch 260/264  loss=0.3047
Epoch 200/300  train=3.868e-01  rmse=3.1912  lr=1.0e-04  233s
  batch 10/264  loss=0.3102
  batch 20/264  loss=0.3574
  batch 30/264  loss=0.3307
  batch 40/264  loss=0.3999
  batch 50/264  loss=0.4130
  batch 60/264  loss=0.3188
  batch 70/264  loss=0.3710
  batch 80/264  loss=0.4942
  batch 90/264  loss=0.4030
  batch 100/264  loss=0.4450
  batch 110/264  loss=0.3062
  batch 120/264  loss=0.3852
  batch 130/264  loss=0.3430
  batch 140/264  loss=0.3948
  batch 150/264  loss=0.3462
  batch 160/264  loss=0.3727
  batch 170/264  loss=0.5097
  batch 180/264  loss=0.4370
  batch 190/264  loss=0.3291
  batch 200/264  loss=0.5368
  batch 210/264  loss=0.3365
  batch 220/264  loss=0.4679
  batch 230/264  loss=0.3003
  batch 240/264  loss=0.4084
  batch 250/264  loss=0.3284
  batch 260/264  loss=0.3079
Epoch 201/300  train=3.875e-01  rmse=2.0763  lr=1.0e-04  233s
  batch 10/264  loss=0.3183
  batch 20/264  loss=0.4273
  batch 30/264  loss=0.4088
  batch 40/264  loss=0.3787
  batch 50/264  loss=0.3513
  batch 60/264  loss=0.3417
  batch 70/264  loss=0.4236
  batch 80/264  loss=0.6117
  batch 90/264  loss=0.3425
  batch 100/264  loss=0.4393
  batch 110/264  loss=0.2655
  batch 120/264  loss=0.3321
  batch 130/264  loss=0.2877
  batch 140/264  loss=0.6466
  batch 150/264  loss=0.4681
  batch 160/264  loss=0.3766
  batch 170/264  loss=0.5028
  batch 180/264  loss=0.4028
  batch 190/264  loss=0.3100
  batch 200/264  loss=0.3193
  batch 210/264  loss=0.3413
  batch 220/264  loss=0.4323
  batch 230/264  loss=0.4042
  batch 240/264  loss=0.2932
  batch 250/264  loss=0.5094
  batch 260/264  loss=0.4951
Epoch 202/300  train=3.883e-01  rmse=3.3579  lr=1.0e-04  228s
  batch 10/264  loss=0.4312
  batch 20/264  loss=0.4994
  batch 30/264  loss=0.3719
  batch 40/264  loss=0.3200
  batch 50/264  loss=0.3802
  batch 60/264  loss=0.3791
  batch 70/264  loss=0.3712
  batch 80/264  loss=0.5173
  batch 90/264  loss=0.2842
  batch 100/264  loss=0.3054
  batch 110/264  loss=0.2828
  batch 120/264  loss=0.5293
  batch 130/264  loss=0.3865
  batch 140/264  loss=0.3396
  batch 150/264  loss=0.3553
  batch 160/264  loss=0.3502
  batch 170/264  loss=0.2965
  batch 180/264  loss=0.4186
  batch 190/264  loss=0.5149
  batch 200/264  loss=0.2901
  batch 210/264  loss=0.3011
  batch 220/264  loss=0.4369
  batch 230/264  loss=0.4285
  batch 240/264  loss=0.3397
  batch 250/264  loss=0.4675
  batch 260/264  loss=0.3119
Epoch 203/300  train=3.888e-01  rmse=2.0573  lr=1.0e-04  230s
  batch 10/264  loss=0.3811
  batch 20/264  loss=0.3613
  batch 30/264  loss=0.3506
  batch 40/264  loss=0.3257
  batch 50/264  loss=0.4140
  batch 60/264  loss=0.2894
  batch 70/264  loss=0.3600
  batch 80/264  loss=0.3754
  batch 90/264  loss=0.3252
  batch 100/264  loss=0.4834
  batch 110/264  loss=0.3214
  batch 120/264  loss=0.3902
  batch 130/264  loss=0.5959
  batch 140/264  loss=0.4856
  batch 150/264  loss=0.5328
  batch 160/264  loss=0.5599
  batch 170/264  loss=0.3383
  batch 180/264  loss=0.3496
  batch 190/264  loss=0.4477
  batch 200/264  loss=0.3129
  batch 210/264  loss=0.3533
  batch 220/264  loss=0.4367
  batch 230/264  loss=0.2970
  batch 240/264  loss=0.3274
  batch 250/264  loss=0.3931
  batch 260/264  loss=0.3549
Epoch 204/300  train=3.890e-01  rmse=3.6007  lr=1.0e-04  229s
  batch 10/264  loss=0.3606
  batch 20/264  loss=0.4345
  batch 30/264  loss=0.3886
  batch 40/264  loss=0.4438
  batch 50/264  loss=0.4268
  batch 60/264  loss=0.3063
  batch 70/264  loss=0.4240
  batch 80/264  loss=0.3815
  batch 90/264  loss=0.3495
  batch 100/264  loss=0.4397
  batch 110/264  loss=0.3452
  batch 120/264  loss=0.3445
  batch 130/264  loss=0.4004
  batch 140/264  loss=0.3370
  batch 150/264  loss=0.5081
  batch 160/264  loss=0.3197
  batch 170/264  loss=0.3399
  batch 180/264  loss=0.5422
  batch 190/264  loss=0.3307
  batch 200/264  loss=0.3535
  batch 210/264  loss=0.3625
  batch 220/264  loss=0.3615
  batch 230/264  loss=0.5260
  batch 240/264  loss=0.2734
  batch 250/264  loss=0.4102
  batch 260/264  loss=0.5397
Epoch 205/300  train=3.830e-01  rmse=2.3288  lr=1.0e-04  228s
  batch 10/264  loss=0.3631
  batch 20/264  loss=0.3344
  batch 30/264  loss=0.3678
  batch 40/264  loss=0.3429
  batch 50/264  loss=0.2811
  batch 60/264  loss=0.5048
  batch 70/264  loss=0.2769
  batch 80/264  loss=0.3419
  batch 90/264  loss=0.3790
  batch 100/264  loss=0.2838
  batch 110/264  loss=0.4555
  batch 120/264  loss=0.4476
  batch 130/264  loss=0.5430
  batch 140/264  loss=0.6469
  batch 150/264  loss=0.3650
  batch 160/264  loss=0.3436
  batch 170/264  loss=0.5681
  batch 180/264  loss=0.3352
  batch 190/264  loss=0.3464
  batch 200/264  loss=0.3280
  batch 210/264  loss=0.3244
  batch 220/264  loss=0.3217
  batch 230/264  loss=0.3251
  batch 240/264  loss=0.3807
  batch 250/264  loss=0.3935
  batch 260/264  loss=0.3372
Epoch 206/300  train=3.897e-01  rmse=3.7926  lr=1.0e-04  228s
  batch 10/264  loss=0.3970
  batch 20/264  loss=0.3444
  batch 30/264  loss=0.4170
  batch 40/264  loss=0.3259
  batch 50/264  loss=0.3151
  batch 60/264  loss=0.4174
  batch 70/264  loss=0.6364
  batch 80/264  loss=0.3547
  batch 90/264  loss=0.3732
  batch 100/264  loss=0.5122
  batch 110/264  loss=0.5219
  batch 120/264  loss=0.3032
  batch 130/264  loss=0.3360
  batch 140/264  loss=0.3462
  batch 150/264  loss=0.3578
  batch 160/264  loss=0.3030
  batch 170/264  loss=0.5801
  batch 180/264  loss=0.3117
  batch 190/264  loss=0.3768
  batch 200/264  loss=0.3262
  batch 210/264  loss=0.3614
  batch 220/264  loss=0.3461
  batch 230/264  loss=0.4173
  batch 240/264  loss=0.4304
  batch 250/264  loss=0.3204
  batch 260/264  loss=0.3361
Epoch 207/300  train=3.870e-01  rmse=5.0242  lr=1.0e-04  227s
  batch 10/264  loss=0.3227
  batch 20/264  loss=0.3245
  batch 30/264  loss=0.4114
  batch 40/264  loss=0.4920
  batch 50/264  loss=0.3206
  batch 60/264  loss=0.2966
  batch 70/264  loss=0.4133
  batch 80/264  loss=0.2964
  batch 90/264  loss=0.4472
  batch 100/264  loss=0.4284
  batch 110/264  loss=0.3921
  batch 120/264  loss=0.3684
  batch 130/264  loss=0.2641
  batch 140/264  loss=0.3730
  batch 150/264  loss=0.4879
  batch 160/264  loss=0.5060
  batch 170/264  loss=0.4385
  batch 180/264  loss=0.6247
  batch 190/264  loss=0.2840
  batch 200/264  loss=0.4729
  batch 210/264  loss=0.2762
  batch 220/264  loss=0.3306
  batch 230/264  loss=0.3222
  batch 240/264  loss=0.4251
  batch 250/264  loss=0.3932
  batch 260/264  loss=0.3454
Epoch 208/300  train=3.823e-01  rmse=2.7964  lr=1.0e-04  228s
  batch 10/264  loss=0.3678
  batch 20/264  loss=0.5084
  batch 30/264  loss=0.2974
  batch 40/264  loss=0.4889
  batch 50/264  loss=0.3282
  batch 60/264  loss=0.3028
  batch 70/264  loss=0.3307
  batch 80/264  loss=0.3803
  batch 90/264  loss=0.3078
  batch 100/264  loss=0.3566
  batch 110/264  loss=0.3076
  batch 120/264  loss=0.4080
  batch 130/264  loss=0.3624
  batch 140/264  loss=0.3841
  batch 150/264  loss=0.4472
  batch 160/264  loss=0.3001
  batch 170/264  loss=0.3932
  batch 180/264  loss=0.3771
  batch 190/264  loss=0.4905
  batch 200/264  loss=0.3728
  batch 210/264  loss=0.4096
  batch 220/264  loss=0.3856
  batch 230/264  loss=0.3343
  batch 240/264  loss=0.5136
  batch 250/264  loss=0.3843
  batch 260/264  loss=0.3442
Epoch 209/300  train=3.814e-01  rmse=1.9333  lr=5.0e-05  228s
  batch 10/264  loss=0.3902
  batch 20/264  loss=0.3580
  batch 30/264  loss=0.3512
  batch 40/264  loss=0.3651
  batch 50/264  loss=0.3806
  batch 60/264  loss=0.3506
  batch 70/264  loss=0.3718
  batch 80/264  loss=0.3693
  batch 90/264  loss=0.3896
  batch 100/264  loss=0.3497
  batch 110/264  loss=0.3539
  batch 120/264  loss=0.3439
  batch 130/264  loss=0.4391
  batch 140/264  loss=0.3633
  batch 150/264  loss=0.3278
  batch 160/264  loss=0.4993
  batch 170/264  loss=0.3712
  batch 180/264  loss=0.3932
  batch 190/264  loss=0.4151
  batch 200/264  loss=0.5042
  batch 210/264  loss=0.4866
  batch 220/264  loss=0.3432
  batch 230/264  loss=0.3122
  batch 240/264  loss=0.3091
  batch 250/264  loss=0.2897
  batch 260/264  loss=0.2726
Epoch 210/300  train=3.750e-01  rmse=8.5367  lr=5.0e-05  228s
  -> best  monitor=3.750e-01
  batch 10/264  loss=0.2920
  batch 20/264  loss=0.4757
  batch 30/264  loss=0.3216
  batch 40/264  loss=0.3362
  batch 50/264  loss=0.4350
  batch 60/264  loss=0.4697
  batch 70/264  loss=0.2739
  batch 80/264  loss=0.4132
  batch 90/264  loss=0.4492
  batch 100/264  loss=0.5013
  batch 110/264  loss=0.3582
  batch 120/264  loss=0.3356
  batch 130/264  loss=0.3077
  batch 140/264  loss=0.3737
  batch 150/264  loss=0.3772
  batch 160/264  loss=0.4970
  batch 170/264  loss=0.3393
  batch 180/264  loss=0.4010
  batch 190/264  loss=0.3774
  batch 200/264  loss=0.3239
  batch 210/264  loss=0.2583
  batch 220/264  loss=0.3143
  batch 230/264  loss=0.3449
  batch 240/264  loss=0.4450
  batch 250/264  loss=0.3646
  batch 260/264  loss=0.3686
Epoch 211/300  train=3.707e-01  rmse=1.9158  lr=5.0e-05  229s
  -> best  monitor=3.707e-01
  batch 10/264  loss=0.4444
  batch 20/264  loss=0.4098
  batch 30/264  loss=0.3029
  batch 40/264  loss=0.3613
  batch 50/264  loss=0.3413
  batch 60/264  loss=0.2866
  batch 70/264  loss=0.2837
  batch 80/264  loss=0.3292
  batch 90/264  loss=0.3222
  batch 100/264  loss=0.4954
  batch 110/264  loss=0.3266
  batch 120/264  loss=0.4018
  batch 130/264  loss=0.2930
  batch 140/264  loss=0.3068
  batch 150/264  loss=0.3154
  batch 160/264  loss=0.4182
  batch 170/264  loss=0.3902
  batch 180/264  loss=0.2786
  batch 190/264  loss=0.3809
  batch 200/264  loss=0.2934
  batch 210/264  loss=0.4948
  batch 220/264  loss=0.3790
  batch 230/264  loss=0.3048
  batch 240/264  loss=0.2736
  batch 250/264  loss=0.4146
  batch 260/264  loss=0.4758
Epoch 212/300  train=3.674e-01  rmse=1.8114  lr=5.0e-05  227s
  -> best  monitor=3.674e-01
  batch 10/264  loss=0.3766
  batch 20/264  loss=0.2970
  batch 30/264  loss=0.2925
  batch 40/264  loss=0.3397
  batch 50/264  loss=0.3633
  batch 60/264  loss=0.3250
  batch 70/264  loss=0.3123
  batch 80/264  loss=0.3673
  batch 90/264  loss=0.4169
  batch 100/264  loss=0.3607
  batch 110/264  loss=0.3868
  batch 120/264  loss=0.2804
  batch 130/264  loss=0.3404
  batch 140/264  loss=0.3809
  batch 150/264  loss=0.3082
  batch 160/264  loss=0.3080
  batch 170/264  loss=0.3287
  batch 180/264  loss=0.3416
  batch 190/264  loss=0.3690
  batch 200/264  loss=0.3205
  batch 210/264  loss=0.3721
  batch 220/264  loss=0.3039
  batch 230/264  loss=0.3226
  batch 240/264  loss=0.3805
  batch 250/264  loss=0.4875
  batch 260/264  loss=0.2942
Epoch 213/300  train=3.668e-01  rmse=7.0897  lr=5.0e-05  228s
  -> best  monitor=3.668e-01
  batch 10/264  loss=0.4453
  batch 20/264  loss=0.3029
  batch 30/264  loss=0.2639
  batch 40/264  loss=0.3731
  batch 50/264  loss=0.2966
  batch 60/264  loss=0.3835
  batch 70/264  loss=0.5628
  batch 80/264  loss=0.5477
  batch 90/264  loss=0.3934
  batch 100/264  loss=0.2828
  batch 110/264  loss=0.3866
  batch 120/264  loss=0.3246
  batch 130/264  loss=0.3893
  batch 140/264  loss=0.3184
  batch 150/264  loss=0.4701
  batch 160/264  loss=0.3142
  batch 170/264  loss=0.4434
  batch 180/264  loss=0.3538
  batch 190/264  loss=0.3663
  batch 200/264  loss=0.3256
  batch 210/264  loss=0.3239
  batch 220/264  loss=0.3661
  batch 230/264  loss=0.2873
  batch 240/264  loss=0.3043
  batch 250/264  loss=0.4673
  batch 260/264  loss=0.3052
Epoch 214/300  train=3.674e-01  rmse=5.0306  lr=5.0e-05  228s
  batch 10/264  loss=0.3068
  batch 20/264  loss=0.3638
  batch 30/264  loss=0.4101
  batch 40/264  loss=0.3432
  batch 50/264  loss=0.4433
  batch 60/264  loss=0.3147
  batch 70/264  loss=0.3490
  batch 80/264  loss=0.3704
  batch 90/264  loss=0.3705
  batch 100/264  loss=0.5315
  batch 110/264  loss=0.3215
  batch 120/264  loss=0.3428
  batch 130/264  loss=0.3815
  batch 140/264  loss=0.3085
  batch 150/264  loss=0.3064
  batch 160/264  loss=0.3903
  batch 170/264  loss=0.3861
  batch 180/264  loss=0.4112
  batch 190/264  loss=0.2879
  batch 200/264  loss=0.4174
  batch 210/264  loss=0.3159
  batch 220/264  loss=0.2998
  batch 230/264  loss=0.2794
  batch 240/264  loss=0.3433
  batch 250/264  loss=0.3504
  batch 260/264  loss=0.2667
Epoch 215/300  train=3.674e-01  rmse=2.7145  lr=5.0e-05  230s
  batch 10/264  loss=0.3508
  batch 20/264  loss=0.5164
  batch 30/264  loss=0.3622
  batch 40/264  loss=0.3458
  batch 50/264  loss=0.3379
  batch 60/264  loss=0.3351
  batch 70/264  loss=0.3026
  batch 80/264  loss=0.5001
  batch 90/264  loss=0.3288
  batch 100/264  loss=0.3380
  batch 110/264  loss=0.3198
  batch 120/264  loss=0.3391
  batch 130/264  loss=0.4620
  batch 140/264  loss=0.3053
  batch 150/264  loss=0.3119
  batch 160/264  loss=0.3979
  batch 170/264  loss=0.3798
  batch 180/264  loss=0.4249
  batch 190/264  loss=0.3471
  batch 200/264  loss=0.3862
  batch 210/264  loss=0.3700
  batch 220/264  loss=0.4117
  batch 230/264  loss=0.3068
  batch 240/264  loss=0.4890
  batch 250/264  loss=0.3353
  batch 260/264  loss=0.4794
Epoch 216/300  train=3.630e-01  rmse=2.1770  lr=5.0e-05  230s
  -> best  monitor=3.630e-01
  batch 10/264  loss=0.3161
  batch 20/264  loss=0.4824
  batch 30/264  loss=0.2929
  batch 40/264  loss=0.4829
  batch 50/264  loss=0.3968
  batch 60/264  loss=0.3613
  batch 70/264  loss=0.3633
  batch 80/264  loss=0.3319
  batch 90/264  loss=0.3574
  batch 100/264  loss=0.3913
  batch 110/264  loss=0.3138
  batch 120/264  loss=0.3560
  batch 130/264  loss=0.3769
  batch 140/264  loss=0.3847
  batch 150/264  loss=0.2731
  batch 160/264  loss=0.2756
  batch 170/264  loss=0.2802
  batch 180/264  loss=0.4648
  batch 190/264  loss=0.3040
  batch 200/264  loss=0.3956
  batch 210/264  loss=0.5185
  batch 220/264  loss=0.3126
  batch 230/264  loss=0.2602
  batch 240/264  loss=0.3369
  batch 250/264  loss=0.3224
  batch 260/264  loss=0.2995
Epoch 217/300  train=3.659e-01  rmse=1.7887  lr=5.0e-05  228s
  batch 10/264  loss=0.4149
  batch 20/264  loss=0.3496
  batch 30/264  loss=0.2835
  batch 40/264  loss=0.4818
  batch 50/264  loss=0.2707
  batch 60/264  loss=0.3471
  batch 70/264  loss=0.5682
  batch 80/264  loss=0.3658
  batch 90/264  loss=0.3374
  batch 100/264  loss=0.2930
  batch 110/264  loss=0.3633
  batch 120/264  loss=0.3617
  batch 130/264  loss=0.3592
  batch 140/264  loss=0.3195
  batch 150/264  loss=0.3263
  batch 160/264  loss=0.4163
  batch 170/264  loss=0.2642
  batch 180/264  loss=0.4120
  batch 190/264  loss=0.3110
  batch 200/264  loss=0.3271
  batch 210/264  loss=0.4890
  batch 220/264  loss=0.2927
  batch 230/264  loss=0.2954
  batch 240/264  loss=0.3431
  batch 250/264  loss=0.2997
  batch 260/264  loss=0.4361
Epoch 218/300  train=3.683e-01  rmse=1.9085  lr=5.0e-05  230s
  batch 10/264  loss=0.3349
  batch 20/264  loss=0.4041
  batch 30/264  loss=0.3991
  batch 40/264  loss=0.6662
  batch 50/264  loss=0.2953
  batch 60/264  loss=0.4250
  batch 70/264  loss=0.5305
  batch 80/264  loss=0.3600
  batch 90/264  loss=0.5487
  batch 100/264  loss=0.4008
  batch 110/264  loss=0.3399
  batch 120/264  loss=0.2970
  batch 130/264  loss=0.3696
  batch 140/264  loss=0.3171
  batch 150/264  loss=0.2779
  batch 160/264  loss=0.3881
  batch 170/264  loss=0.4328
  batch 180/264  loss=0.3911
  batch 190/264  loss=0.2886
  batch 200/264  loss=0.3831
  batch 210/264  loss=0.3510
  batch 220/264  loss=0.4216
  batch 230/264  loss=0.3596
  batch 240/264  loss=0.3396
  batch 250/264  loss=0.3169
  batch 260/264  loss=0.4484
Epoch 219/300  train=3.649e-01  rmse=4.6911  lr=5.0e-05  229s
  batch 10/264  loss=0.3480
  batch 20/264  loss=0.5853
  batch 30/264  loss=0.3291
  batch 40/264  loss=0.5039
  batch 50/264  loss=0.3500
  batch 60/264  loss=0.3355
  batch 70/264  loss=0.3252
  batch 80/264  loss=0.2923
  batch 90/264  loss=0.2959
  batch 100/264  loss=0.3867
  batch 110/264  loss=0.3490
  batch 120/264  loss=0.3049
  batch 130/264  loss=0.3925
  batch 140/264  loss=0.2732
  batch 150/264  loss=0.2890
  batch 160/264  loss=0.4478
  batch 170/264  loss=0.3827
  batch 180/264  loss=0.2860
  batch 190/264  loss=0.3247
  batch 200/264  loss=0.3621
  batch 210/264  loss=0.3008
  batch 220/264  loss=0.3707
  batch 230/264  loss=0.2913
  batch 240/264  loss=0.3254
  batch 250/264  loss=0.3288
  batch 260/264  loss=0.4897
Epoch 220/300  train=3.654e-01  rmse=1.8670  lr=5.0e-05  228s
  batch 10/264  loss=0.4196
  batch 20/264  loss=0.2691
  batch 30/264  loss=0.4031
  batch 40/264  loss=0.3697
  batch 50/264  loss=0.3646
  batch 60/264  loss=0.3501
  batch 70/264  loss=0.3681
  batch 80/264  loss=0.4282
  batch 90/264  loss=0.2906
  batch 100/264  loss=0.3479
  batch 110/264  loss=0.2917
  batch 120/264  loss=0.3725
  batch 130/264  loss=0.3324
  batch 140/264  loss=0.4119
  batch 150/264  loss=0.4551
  batch 160/264  loss=0.4083
  batch 170/264  loss=0.3694
  batch 180/264  loss=0.3207
  batch 190/264  loss=0.3211
  batch 200/264  loss=0.3208
  batch 210/264  loss=0.3303
  batch 220/264  loss=0.2680
  batch 230/264  loss=0.3468
  batch 240/264  loss=0.3588
  batch 250/264  loss=0.4040
  batch 260/264  loss=0.2962
Epoch 221/300  train=3.629e-01  rmse=2.0548  lr=5.0e-05  228s
  -> best  monitor=3.629e-01
  batch 10/264  loss=0.4272
  batch 20/264  loss=0.3010
  batch 30/264  loss=0.2830
  batch 40/264  loss=0.3748
  batch 50/264  loss=0.5888
  batch 60/264  loss=0.3388
  batch 70/264  loss=0.3133
  batch 80/264  loss=0.3055
  batch 90/264  loss=0.3734
  batch 100/264  loss=0.3745
  batch 110/264  loss=0.3645
  batch 120/264  loss=0.2927
  batch 130/264  loss=0.3170
  batch 140/264  loss=0.3116
  batch 150/264  loss=0.3693
  batch 160/264  loss=0.2927
  batch 170/264  loss=0.3085
  batch 180/264  loss=0.3262
  batch 190/264  loss=0.3534
  batch 200/264  loss=0.2872
  batch 210/264  loss=0.3452
  batch 220/264  loss=0.5248
  batch 230/264  loss=0.3800
  batch 240/264  loss=0.3209
  batch 250/264  loss=0.5376
  batch 260/264  loss=0.3895
Epoch 222/300  train=3.685e-01  rmse=2.3522  lr=5.0e-05  229s
  batch 10/264  loss=0.4152
  batch 20/264  loss=0.3047
  batch 30/264  loss=0.3017
  batch 40/264  loss=0.3404
  batch 50/264  loss=0.4222
  batch 60/264  loss=0.3468
  batch 70/264  loss=0.3660
  batch 80/264  loss=0.3052
  batch 90/264  loss=0.2898
  batch 100/264  loss=0.3392
  batch 110/264  loss=0.3172
  batch 120/264  loss=0.4128
  batch 130/264  loss=0.3470
  batch 140/264  loss=0.4444
  batch 150/264  loss=0.3626
  batch 160/264  loss=0.3216
  batch 170/264  loss=0.2905
  batch 180/264  loss=0.4067
  batch 190/264  loss=0.3619
  batch 200/264  loss=0.3833
  batch 210/264  loss=0.3154
  batch 220/264  loss=0.3238
  batch 230/264  loss=0.3428
  batch 240/264  loss=0.3828
  batch 250/264  loss=0.4990
  batch 260/264  loss=0.5296
Epoch 223/300  train=3.619e-01  rmse=1.6214  lr=5.0e-05  228s
  -> best  monitor=3.619e-01
  batch 10/264  loss=0.4041
  batch 20/264  loss=0.3922
  batch 30/264  loss=0.3615
  batch 40/264  loss=0.3316
  batch 50/264  loss=0.3612
  batch 60/264  loss=0.2807
  batch 70/264  loss=0.2493
  batch 80/264  loss=0.5282
  batch 90/264  loss=0.2956
  batch 100/264  loss=0.3643
  batch 110/264  loss=0.4332
  batch 120/264  loss=0.3364
  batch 130/264  loss=0.3074
  batch 140/264  loss=0.3608
  batch 150/264  loss=0.4889
  batch 160/264  loss=0.3326
  batch 170/264  loss=0.3433
  batch 180/264  loss=0.3958
  batch 190/264  loss=0.5152
  batch 200/264  loss=0.4480
  batch 210/264  loss=0.5265
  batch 220/264  loss=0.3549
  batch 230/264  loss=0.3500
  batch 240/264  loss=0.3941
  batch 250/264  loss=0.3349
  batch 260/264  loss=0.3473
Epoch 224/300  train=3.644e-01  rmse=2.2574  lr=5.0e-05  226s
  batch 10/264  loss=0.2773
  batch 20/264  loss=0.3161
  batch 30/264  loss=0.4868
  batch 40/264  loss=0.3006
  batch 50/264  loss=0.3599
  batch 60/264  loss=0.3573
  batch 70/264  loss=0.2902
  batch 80/264  loss=0.3520
  batch 90/264  loss=0.2942
  batch 100/264  loss=0.2707
  batch 110/264  loss=1.0027
  batch 120/264  loss=0.3181
  batch 130/264  loss=0.3075
  batch 140/264  loss=0.2960
  batch 150/264  loss=0.4672
  batch 160/264  loss=0.2861
  batch 170/264  loss=0.4223
  batch 180/264  loss=0.3160
  batch 190/264  loss=0.3461
  batch 200/264  loss=0.3470
  batch 210/264  loss=0.3626
  batch 220/264  loss=0.3136
  batch 230/264  loss=0.3392
  batch 240/264  loss=0.4835
  batch 250/264  loss=0.3039
  batch 260/264  loss=0.4997
Epoch 225/300  train=3.644e-01  rmse=1.6150  lr=5.0e-05  228s
  batch 10/264  loss=0.2503
  batch 20/264  loss=0.3407
  batch 30/264  loss=0.4412
  batch 40/264  loss=0.3492
  batch 50/264  loss=0.3448
  batch 60/264  loss=0.3926
  batch 70/264  loss=0.3301
  batch 80/264  loss=0.4716
  batch 90/264  loss=0.3605
  batch 100/264  loss=0.2933
  batch 110/264  loss=0.3558
  batch 120/264  loss=0.3513
  batch 130/264  loss=0.5178
  batch 140/264  loss=0.4334
  batch 150/264  loss=0.3100
  batch 160/264  loss=0.4616
  batch 170/264  loss=0.4086
  batch 180/264  loss=0.3939
  batch 190/264  loss=0.3415
  batch 200/264  loss=0.3296
  batch 210/264  loss=0.4015
  batch 220/264  loss=0.2906
  batch 230/264  loss=0.4669
  batch 240/264  loss=0.2655
  batch 250/264  loss=0.3879
  batch 260/264  loss=0.3255
Epoch 226/300  train=3.631e-01  rmse=2.2706  lr=5.0e-05  229s
  batch 10/264  loss=0.3453
  batch 20/264  loss=0.5155
  batch 30/264  loss=0.4790
  batch 40/264  loss=0.3978
  batch 50/264  loss=0.3408
  batch 60/264  loss=0.3021
  batch 70/264  loss=0.3902
  batch 80/264  loss=0.3630
  batch 90/264  loss=0.3353
  batch 100/264  loss=0.2851
  batch 110/264  loss=0.4095
  batch 120/264  loss=0.2957
  batch 130/264  loss=0.2882
  batch 140/264  loss=0.5823
  batch 150/264  loss=0.4277
  batch 160/264  loss=0.2824
  batch 170/264  loss=0.2972
  batch 180/264  loss=0.3955
  batch 190/264  loss=0.3152
  batch 200/264  loss=0.3291
  batch 210/264  loss=0.3597
  batch 220/264  loss=0.3553
  batch 230/264  loss=0.3089
  batch 240/264  loss=0.3339
  batch 250/264  loss=0.3506
  batch 260/264  loss=0.4840
Epoch 227/300  train=3.645e-01  rmse=2.8569  lr=5.0e-05  228s
  batch 10/264  loss=0.3027
  batch 20/264  loss=0.3309
  batch 30/264  loss=0.4579
  batch 40/264  loss=0.3073
  batch 50/264  loss=0.3224
  batch 60/264  loss=0.5253
  batch 70/264  loss=0.3256
  batch 80/264  loss=0.4061
  batch 90/264  loss=0.4037
  batch 100/264  loss=0.3071
  batch 110/264  loss=0.3654
  batch 120/264  loss=0.2953
  batch 130/264  loss=0.3370
  batch 140/264  loss=0.3862
  batch 150/264  loss=0.3277
  batch 160/264  loss=0.4550
  batch 170/264  loss=0.3992
  batch 180/264  loss=0.2910
  batch 190/264  loss=0.3988
  batch 200/264  loss=0.4633
  batch 210/264  loss=0.3431
  batch 220/264  loss=0.4350
  batch 230/264  loss=0.3042
  batch 240/264  loss=0.3163
  batch 250/264  loss=0.2538
  batch 260/264  loss=0.6690
Epoch 228/300  train=3.665e-01  rmse=2.5567  lr=5.0e-05  229s
  batch 10/264  loss=0.3387
  batch 20/264  loss=0.3948
  batch 30/264  loss=0.3143
  batch 40/264  loss=0.3337
  batch 50/264  loss=0.3233
  batch 60/264  loss=0.4154
  batch 70/264  loss=0.4065
  batch 80/264  loss=0.3787
  batch 90/264  loss=0.3813
  batch 100/264  loss=0.3093
  batch 110/264  loss=0.4045
  batch 120/264  loss=0.2504
  batch 130/264  loss=0.3821
  batch 140/264  loss=0.3591
  batch 150/264  loss=0.3355
  batch 160/264  loss=0.3083
  batch 170/264  loss=0.4997
  batch 180/264  loss=0.3639
  batch 190/264  loss=0.3480
  batch 200/264  loss=0.4090
  batch 210/264  loss=0.4503
  batch 220/264  loss=0.4288
  batch 230/264  loss=0.3741
  batch 240/264  loss=0.4641
  batch 250/264  loss=0.3408
  batch 260/264  loss=0.4023
Epoch 229/300  train=3.669e-01  rmse=3.0134  lr=5.0e-05  228s
  batch 10/264  loss=0.3102
  batch 20/264  loss=0.3588
  batch 30/264  loss=0.3515
  batch 40/264  loss=0.3448
  batch 50/264  loss=0.2450
  batch 60/264  loss=0.2771
  batch 70/264  loss=0.5027
  batch 80/264  loss=0.2853
  batch 90/264  loss=0.3489
  batch 100/264  loss=0.3286
  batch 110/264  loss=0.3729
  batch 120/264  loss=0.2989
  batch 130/264  loss=0.3116
  batch 140/264  loss=0.3814
  batch 150/264  loss=0.3662
  batch 160/264  loss=0.4595
  batch 170/264  loss=0.4183
  batch 180/264  loss=0.3214
  batch 190/264  loss=0.3814
  batch 200/264  loss=0.3561
  batch 210/264  loss=0.3920
  batch 220/264  loss=0.4547
  batch 230/264  loss=0.3093
  batch 240/264  loss=0.5268
  batch 250/264  loss=0.2877
  batch 260/264  loss=0.3377
Epoch 230/300  train=3.644e-01  rmse=1.8315  lr=5.0e-05  228s
  batch 10/264  loss=0.3101
  batch 20/264  loss=0.4306
  batch 30/264  loss=0.4025
  batch 40/264  loss=0.3281
  batch 50/264  loss=0.4134
  batch 60/264  loss=0.3051
  batch 70/264  loss=0.3571
  batch 80/264  loss=0.3089
  batch 90/264  loss=0.3994
  batch 100/264  loss=0.3241
  batch 110/264  loss=0.6492
  batch 120/264  loss=0.3122
  batch 130/264  loss=0.3498
  batch 140/264  loss=0.2595
  batch 150/264  loss=0.3108
  batch 160/264  loss=0.7153
  batch 170/264  loss=0.3874
  batch 180/264  loss=0.3256
  batch 190/264  loss=0.3572
  batch 200/264  loss=0.3559
  batch 210/264  loss=0.2889
  batch 220/264  loss=0.3156
  batch 230/264  loss=0.5273
  batch 240/264  loss=0.3297
  batch 250/264  loss=0.2947
  batch 260/264  loss=0.2966
Epoch 231/300  train=3.605e-01  rmse=2.1615  lr=5.0e-05  228s
  -> best  monitor=3.605e-01
  batch 10/264  loss=0.3176
  batch 20/264  loss=0.3209
  batch 30/264  loss=0.3854
  batch 40/264  loss=0.3053
  batch 50/264  loss=0.2820
  batch 60/264  loss=0.4148
  batch 70/264  loss=0.3233
  batch 80/264  loss=0.4325
  batch 90/264  loss=0.2850
  batch 100/264  loss=0.4445
  batch 110/264  loss=0.2759
  batch 120/264  loss=0.3418
  batch 130/264  loss=0.4143
  batch 140/264  loss=0.2820
  batch 150/264  loss=0.3218
  batch 160/264  loss=0.3338
  batch 170/264  loss=0.3233
  batch 180/264  loss=0.5970
  batch 190/264  loss=0.5168
  batch 200/264  loss=0.4211
  batch 210/264  loss=0.3171
  batch 220/264  loss=0.3192
  batch 230/264  loss=0.4922
  batch 240/264  loss=0.3462
  batch 250/264  loss=0.3971
  batch 260/264  loss=0.4065
Epoch 232/300  train=3.638e-01  rmse=3.1946  lr=5.0e-05  227s
  batch 10/264  loss=0.3251
  batch 20/264  loss=0.3176
  batch 30/264  loss=0.3138
  batch 40/264  loss=0.4701
  batch 50/264  loss=0.3717
  batch 60/264  loss=0.3306
  batch 70/264  loss=0.4071
  batch 80/264  loss=0.2606
  batch 90/264  loss=0.2847
  batch 100/264  loss=0.2740
  batch 110/264  loss=0.2631
  batch 120/264  loss=0.3768
  batch 130/264  loss=0.6897
  batch 140/264  loss=0.3109
  batch 150/264  loss=0.3436
  batch 160/264  loss=0.4465
  batch 170/264  loss=0.4554
  batch 180/264  loss=0.3593
  batch 190/264  loss=0.4552
  batch 200/264  loss=0.4263
  batch 210/264  loss=0.3268
  batch 220/264  loss=0.3060
  batch 230/264  loss=0.3783
  batch 240/264  loss=0.4285
  batch 250/264  loss=0.5152
  batch 260/264  loss=0.4760
Epoch 233/300  train=3.650e-01  rmse=1.9204  lr=5.0e-05  230s
  batch 10/264  loss=0.2982
  batch 20/264  loss=0.2767
  batch 30/264  loss=0.3599
  batch 40/264  loss=0.2883
  batch 50/264  loss=0.3197
  batch 60/264  loss=0.4180
  batch 70/264  loss=0.4278
  batch 80/264  loss=0.4009
  batch 90/264  loss=0.3733
  batch 100/264  loss=0.3029
  batch 110/264  loss=0.4287
  batch 120/264  loss=0.2858
  batch 130/264  loss=0.3766
  batch 140/264  loss=0.3092
  batch 150/264  loss=0.3114
  batch 160/264  loss=0.4714
  batch 170/264  loss=0.3440
  batch 180/264  loss=0.4810
  batch 190/264  loss=0.3345
  batch 200/264  loss=0.3463
  batch 210/264  loss=0.3505
  batch 220/264  loss=0.3687
  batch 230/264  loss=0.2896
  batch 240/264  loss=0.3964
  batch 250/264  loss=0.2416
  batch 260/264  loss=0.3338
Epoch 234/300  train=3.647e-01  rmse=1.9977  lr=5.0e-05  228s
  batch 10/264  loss=0.3106
  batch 20/264  loss=0.3398
  batch 30/264  loss=0.3525
  batch 40/264  loss=0.4190
  batch 50/264  loss=0.3226
  batch 60/264  loss=0.2748
  batch 70/264  loss=0.4437
  batch 80/264  loss=0.2789
  batch 90/264  loss=0.5205
  batch 100/264  loss=0.3609
  batch 110/264  loss=0.2994
  batch 120/264  loss=0.4135
  batch 130/264  loss=0.3181
  batch 140/264  loss=0.4795
  batch 150/264  loss=0.3422
  batch 160/264  loss=0.3150
  batch 170/264  loss=0.4451
  batch 180/264  loss=0.3425
  batch 190/264  loss=0.3581
  batch 200/264  loss=0.2847
  batch 210/264  loss=0.4677
  batch 220/264  loss=0.3589
  batch 230/264  loss=0.3068
  batch 240/264  loss=0.4120
  batch 250/264  loss=0.3339
  batch 260/264  loss=0.2781
Epoch 235/300  train=3.644e-01  rmse=2.5811  lr=5.0e-05  227s
  batch 10/264  loss=0.2731
  batch 20/264  loss=0.2959
  batch 30/264  loss=0.3965
  batch 40/264  loss=0.2915
  batch 50/264  loss=0.3991
  batch 60/264  loss=0.3348
  batch 70/264  loss=0.3106
  batch 80/264  loss=0.4638
  batch 90/264  loss=0.3140
  batch 100/264  loss=0.3425
  batch 110/264  loss=0.3734
  batch 120/264  loss=0.4412
  batch 130/264  loss=0.4617
  batch 140/264  loss=0.2873
  batch 150/264  loss=0.3981
  batch 160/264  loss=0.3919
  batch 170/264  loss=0.2817
  batch 180/264  loss=0.3201
  batch 190/264  loss=0.5660
  batch 200/264  loss=0.4297
  batch 210/264  loss=0.4012
  batch 220/264  loss=0.2904
  batch 230/264  loss=0.3039
  batch 240/264  loss=0.4456
  batch 250/264  loss=0.3777
  batch 260/264  loss=0.3005
Epoch 236/300  train=3.581e-01  rmse=3.4652  lr=5.0e-05  229s
  -> best  monitor=3.581e-01
  batch 10/264  loss=0.4329
  batch 20/264  loss=0.4281
  batch 30/264  loss=0.2904
  batch 40/264  loss=0.3887
  batch 50/264  loss=0.3834
  batch 60/264  loss=0.2920
  batch 70/264  loss=0.6154
  batch 80/264  loss=0.3470
  batch 90/264  loss=0.4265
  batch 100/264  loss=0.4122
  batch 110/264  loss=0.3042
  batch 120/264  loss=0.2946
  batch 130/264  loss=0.3579
  batch 140/264  loss=0.3612
  batch 150/264  loss=0.4521
  batch 160/264  loss=0.3443
  batch 170/264  loss=0.3721
  batch 180/264  loss=0.3782
  batch 190/264  loss=0.3501
  batch 200/264  loss=0.3285
  batch 210/264  loss=0.2985
  batch 220/264  loss=0.3320
  batch 230/264  loss=0.3716
  batch 240/264  loss=0.3529
  batch 250/264  loss=0.2518
  batch 260/264  loss=0.2995
Epoch 237/300  train=3.607e-01  rmse=2.9761  lr=5.0e-05  228s
  batch 10/264  loss=0.3723
  batch 20/264  loss=0.2815
  batch 30/264  loss=0.3420
  batch 40/264  loss=0.4383
  batch 50/264  loss=0.3151
  batch 60/264  loss=0.3513
  batch 70/264  loss=0.3376
  batch 80/264  loss=0.4467
  batch 90/264  loss=0.3260
  batch 100/264  loss=0.4213
  batch 110/264  loss=0.4899
  batch 120/264  loss=0.3466
  batch 130/264  loss=0.3274
  batch 140/264  loss=0.3364
  batch 150/264  loss=0.3516
  batch 160/264  loss=0.3815
  batch 170/264  loss=0.3702
  batch 180/264  loss=0.2819
  batch 190/264  loss=0.3303
  batch 200/264  loss=0.2891
  batch 210/264  loss=0.3577
  batch 220/264  loss=0.3601
  batch 230/264  loss=0.3594
  batch 240/264  loss=0.3135
  batch 250/264  loss=0.2765
  batch 260/264  loss=0.3442
Epoch 238/300  train=3.652e-01  rmse=1.8745  lr=5.0e-05  228s
  batch 10/264  loss=0.3403
  batch 20/264  loss=0.3422
  batch 30/264  loss=0.3835
  batch 40/264  loss=0.3136
  batch 50/264  loss=0.3188
  batch 60/264  loss=0.3966
  batch 70/264  loss=0.2932
  batch 80/264  loss=0.3207
  batch 90/264  loss=0.3203
  batch 100/264  loss=0.2962
  batch 110/264  loss=0.3840
  batch 120/264  loss=0.2984
  batch 130/264  loss=0.4662
  batch 140/264  loss=0.4075
  batch 150/264  loss=0.3775
  batch 160/264  loss=0.3183
  batch 170/264  loss=0.2949
  batch 180/264  loss=0.3087
  batch 190/264  loss=0.3960
  batch 200/264  loss=0.3247
  batch 210/264  loss=0.4532
  batch 220/264  loss=0.2914
  batch 230/264  loss=0.4671
  batch 240/264  loss=0.3174
  batch 250/264  loss=0.7481
  batch 260/264  loss=0.4488
Epoch 239/300  train=3.639e-01  rmse=4.1082  lr=5.0e-05  228s
  batch 10/264  loss=0.3232
  batch 20/264  loss=0.2895
  batch 30/264  loss=0.3537
  batch 40/264  loss=0.4228
  batch 50/264  loss=0.2871
  batch 60/264  loss=0.3399
  batch 70/264  loss=0.3773
  batch 80/264  loss=0.4952
  batch 90/264  loss=0.2801
  batch 100/264  loss=0.4016
  batch 110/264  loss=0.3143
  batch 120/264  loss=0.2900
  batch 130/264  loss=0.3619
  batch 140/264  loss=0.3488
  batch 150/264  loss=0.3094
  batch 160/264  loss=0.4183
  batch 170/264  loss=0.3664
  batch 180/264  loss=0.3533
  batch 190/264  loss=0.3441
  batch 200/264  loss=0.4120
  batch 210/264  loss=0.3400
  batch 220/264  loss=0.3244
  batch 230/264  loss=0.3061
  batch 240/264  loss=0.4315
  batch 250/264  loss=0.2982
  batch 260/264  loss=0.5191
Epoch 240/300  train=3.579e-01  rmse=2.0961  lr=5.0e-05  230s
  -> best  monitor=3.579e-01
  batch 10/264  loss=0.3439
  batch 20/264  loss=0.3124
  batch 30/264  loss=0.3525
  batch 40/264  loss=0.3156
  batch 50/264  loss=0.3239
  batch 60/264  loss=0.3368
  batch 70/264  loss=0.2917
  batch 80/264  loss=0.2944
  batch 90/264  loss=0.2924
  batch 100/264  loss=0.2701
  batch 110/264  loss=0.3237
  batch 120/264  loss=0.4327
  batch 130/264  loss=0.3657
  batch 140/264  loss=0.3316
  batch 150/264  loss=0.4231
  batch 160/264  loss=0.3255
  batch 170/264  loss=0.3386
  batch 180/264  loss=0.4647
  batch 190/264  loss=0.2850
  batch 200/264  loss=0.3088
  batch 210/264  loss=0.2996
  batch 220/264  loss=0.4409
  batch 230/264  loss=0.3968
  batch 240/264  loss=0.2846
  batch 250/264  loss=0.4095
  batch 260/264  loss=0.3856
Epoch 241/300  train=3.607e-01  rmse=4.0274  lr=5.0e-05  230s
  batch 10/264  loss=0.2732
  batch 20/264  loss=0.2733
  batch 30/264  loss=0.3720
  batch 40/264  loss=0.3911
  batch 50/264  loss=0.2891
  batch 60/264  loss=0.3045
  batch 70/264  loss=0.3891
  batch 80/264  loss=0.4349
  batch 90/264  loss=0.3080
  batch 100/264  loss=0.3140
  batch 110/264  loss=0.3171
  batch 120/264  loss=0.3247
  batch 130/264  loss=0.2943
  batch 140/264  loss=0.3091
  batch 150/264  loss=0.4552
  batch 160/264  loss=0.3688
  batch 170/264  loss=0.4667
  batch 180/264  loss=0.3490
  batch 190/264  loss=0.3577
  batch 200/264  loss=0.2743
  batch 210/264  loss=0.3154
  batch 220/264  loss=0.2856
  batch 230/264  loss=0.4861
  batch 240/264  loss=0.3394
  batch 250/264  loss=0.3348
  batch 260/264  loss=0.2997
Epoch 242/300  train=3.645e-01  rmse=4.9200  lr=5.0e-05  229s
  batch 10/264  loss=0.2920
  batch 20/264  loss=0.3668
  batch 30/264  loss=0.3182
  batch 40/264  loss=0.2668
  batch 50/264  loss=0.3772
  batch 60/264  loss=0.3030
  batch 70/264  loss=0.3897
  batch 80/264  loss=0.5811
  batch 90/264  loss=0.2926
  batch 100/264  loss=0.6932
  batch 110/264  loss=0.6636
  batch 120/264  loss=0.4682
  batch 130/264  loss=0.3686
  batch 140/264  loss=0.2972
  batch 150/264  loss=0.3371
  batch 160/264  loss=0.3898
  batch 170/264  loss=0.3004
  batch 180/264  loss=0.5325
  batch 190/264  loss=0.3918
  batch 200/264  loss=0.3489
  batch 210/264  loss=0.2948
  batch 220/264  loss=0.3589
  batch 230/264  loss=0.3478
  batch 240/264  loss=0.3716
  batch 250/264  loss=0.4654
  batch 260/264  loss=0.3358
Epoch 243/300  train=3.642e-01  rmse=2.4468  lr=5.0e-05  231s
  batch 10/264  loss=0.3386
  batch 20/264  loss=0.4181
  batch 30/264  loss=0.4545
  batch 40/264  loss=0.3424
  batch 50/264  loss=0.3754
  batch 60/264  loss=0.6679
  batch 70/264  loss=0.4180
  batch 80/264  loss=0.3421
  batch 90/264  loss=0.2915
  batch 100/264  loss=0.3538
  batch 110/264  loss=0.2998
  batch 120/264  loss=0.2944
  batch 130/264  loss=0.3573
  batch 140/264  loss=0.3077
  batch 150/264  loss=0.3749
  batch 160/264  loss=0.5205
  batch 170/264  loss=0.3871
  batch 180/264  loss=0.3203
  batch 190/264  loss=0.3475
  batch 200/264  loss=0.4083
  batch 210/264  loss=0.2893
  batch 220/264  loss=0.2753
  batch 230/264  loss=0.3550
  batch 240/264  loss=0.3346
  batch 250/264  loss=0.3354
  batch 260/264  loss=0.4838
Epoch 244/300  train=3.576e-01  rmse=2.2803  lr=5.0e-05  231s
  -> best  monitor=3.576e-01
  batch 10/264  loss=0.2743
  batch 20/264  loss=0.3242
  batch 30/264  loss=0.3319
  batch 40/264  loss=0.4557
  batch 50/264  loss=0.3049
  batch 60/264  loss=0.3096
  batch 70/264  loss=0.3509
  batch 80/264  loss=0.4208
  batch 90/264  loss=0.4280
  batch 100/264  loss=0.4828
  batch 110/264  loss=0.4621
  batch 120/264  loss=0.4616
  batch 130/264  loss=0.3165
  batch 140/264  loss=0.3057
  batch 150/264  loss=0.3773
  batch 160/264  loss=0.3057
  batch 170/264  loss=0.4377
  batch 180/264  loss=0.3739
  batch 190/264  loss=0.3474
  batch 200/264  loss=0.2858
  batch 210/264  loss=0.3234
  batch 220/264  loss=0.3497
  batch 230/264  loss=0.3279
  batch 240/264  loss=0.3086
  batch 250/264  loss=0.7210
  batch 260/264  loss=0.2890
Epoch 245/300  train=3.623e-01  rmse=2.7143  lr=5.0e-05  229s
  batch 10/264  loss=0.3348
  batch 20/264  loss=0.3377
  batch 30/264  loss=0.3423
  batch 40/264  loss=0.2872
  batch 50/264  loss=0.4053
  batch 60/264  loss=0.3140
  batch 70/264  loss=0.2726
  batch 80/264  loss=0.3421
  batch 90/264  loss=0.4969
  batch 100/264  loss=0.3331
  batch 110/264  loss=0.3591
  batch 120/264  loss=0.3523
  batch 130/264  loss=0.3330
  batch 140/264  loss=0.3248
  batch 150/264  loss=0.2992
  batch 160/264  loss=0.2666
  batch 170/264  loss=0.3066
  batch 180/264  loss=0.4748
  batch 190/264  loss=0.2655
  batch 200/264  loss=0.4353
  batch 210/264  loss=0.3723
  batch 220/264  loss=0.3296
  batch 230/264  loss=0.3665
  batch 240/264  loss=0.3448
  batch 250/264  loss=0.5816
  batch 260/264  loss=0.4751
Epoch 246/300  train=3.580e-01  rmse=2.4014  lr=5.0e-05  231s
  batch 10/264  loss=0.3339
  batch 20/264  loss=0.3190
  batch 30/264  loss=0.3291
  batch 40/264  loss=0.3318
  batch 50/264  loss=0.3139
  batch 60/264  loss=0.3652
  batch 70/264  loss=0.3076
  batch 80/264  loss=0.3513
  batch 90/264  loss=0.3986
  batch 100/264  loss=0.3128
  batch 110/264  loss=0.2760
  batch 120/264  loss=0.3282
  batch 130/264  loss=0.3306
  batch 140/264  loss=0.3265
  batch 150/264  loss=0.5621
  batch 160/264  loss=0.3900
  batch 170/264  loss=0.3194
  batch 180/264  loss=0.4120
  batch 190/264  loss=0.4064
  batch 200/264  loss=0.4214
  batch 210/264  loss=0.3053
  batch 220/264  loss=0.4145
  batch 230/264  loss=0.3416
  batch 240/264  loss=0.2710
  batch 250/264  loss=0.2783
  batch 260/264  loss=0.3965
Epoch 247/300  train=3.620e-01  rmse=2.8245  lr=5.0e-05  232s
  batch 10/264  loss=0.3432
  batch 20/264  loss=0.4432
  batch 30/264  loss=0.2988
  batch 40/264  loss=0.3569
  batch 50/264  loss=0.2720
  batch 60/264  loss=0.3431
  batch 70/264  loss=0.3772
  batch 80/264  loss=0.3035
  batch 90/264  loss=0.3317
  batch 100/264  loss=0.3423
  batch 110/264  loss=0.3418
  batch 120/264  loss=0.3238
  batch 130/264  loss=0.3711
  batch 140/264  loss=0.2972
  batch 150/264  loss=0.3241
  batch 160/264  loss=0.2957
  batch 170/264  loss=0.4180
  batch 180/264  loss=0.3848
  batch 190/264  loss=0.3424
  batch 200/264  loss=0.3172
  batch 210/264  loss=0.4148
  batch 220/264  loss=0.3537
  batch 230/264  loss=0.2846
  batch 240/264  loss=0.3610
  batch 250/264  loss=0.4295
  batch 260/264  loss=0.5668
Epoch 248/300  train=3.627e-01  rmse=2.6558  lr=5.0e-05  231s
  batch 10/264  loss=0.3039
  batch 20/264  loss=0.4684
  batch 30/264  loss=0.3067
  batch 40/264  loss=0.3121
  batch 50/264  loss=0.3274
  batch 60/264  loss=0.3133
  batch 70/264  loss=0.3381
  batch 80/264  loss=0.3440
  batch 90/264  loss=0.3898
  batch 100/264  loss=0.3245
  batch 110/264  loss=0.5053
  batch 120/264  loss=0.4741
  batch 130/264  loss=0.4389
  batch 140/264  loss=0.3803
  batch 150/264  loss=0.3219
  batch 160/264  loss=0.3020
  batch 170/264  loss=0.3142
  batch 180/264  loss=0.4694
  batch 190/264  loss=0.2850
  batch 200/264  loss=0.8111
  batch 210/264  loss=0.3377
  batch 220/264  loss=0.3067
  batch 230/264  loss=0.4260
  batch 240/264  loss=0.4139
  batch 250/264  loss=0.3306
  batch 260/264  loss=0.3425
Epoch 249/300  train=3.635e-01  rmse=1.9516  lr=5.0e-05  229s
  batch 10/264  loss=0.3621
  batch 20/264  loss=0.5069
  batch 30/264  loss=0.3037
  batch 40/264  loss=0.3969
  batch 50/264  loss=0.4257
  batch 60/264  loss=0.4191
  batch 70/264  loss=0.3768
  batch 80/264  loss=0.3808
  batch 90/264  loss=0.3711
  batch 100/264  loss=0.3514
  batch 110/264  loss=0.2990
  batch 120/264  loss=0.5336
  batch 130/264  loss=0.3064
  batch 140/264  loss=0.4081
  batch 150/264  loss=0.2857
  batch 160/264  loss=0.4378
  batch 170/264  loss=0.2799
  batch 180/264  loss=0.3149
  batch 190/264  loss=0.4714
  batch 200/264  loss=0.3366
  batch 210/264  loss=0.3920
  batch 220/264  loss=0.5361
  batch 230/264  loss=0.4770
  batch 240/264  loss=0.4050
  batch 250/264  loss=0.3702
  batch 260/264  loss=0.2884
Epoch 250/300  train=3.597e-01  rmse=2.5878  lr=5.0e-05  229s
  batch 10/264  loss=0.2998
  batch 20/264  loss=0.3352
  batch 30/264  loss=0.3058
  batch 40/264  loss=0.3292
  batch 50/264  loss=0.2837
  batch 60/264  loss=0.3696
  batch 70/264  loss=0.3077
  batch 80/264  loss=0.3628
  batch 90/264  loss=0.3903
  batch 100/264  loss=0.3742
  batch 110/264  loss=0.4586
  batch 120/264  loss=0.3995
  batch 130/264  loss=0.3930
  batch 140/264  loss=0.3110
  batch 150/264  loss=0.4296
  batch 160/264  loss=0.3064
  batch 170/264  loss=0.5475
  batch 180/264  loss=0.3637
  batch 190/264  loss=0.3836
  batch 200/264  loss=0.3247
  batch 210/264  loss=0.2963
  batch 220/264  loss=0.3003
  batch 230/264  loss=0.3978
  batch 240/264  loss=0.4309
  batch 250/264  loss=0.4096
  batch 260/264  loss=0.3838
Epoch 251/300  train=3.595e-01  rmse=2.0802  lr=5.0e-05  230s
  batch 10/264  loss=0.4123
  batch 20/264  loss=0.4895
  batch 30/264  loss=0.2980
  batch 40/264  loss=0.3257
  batch 50/264  loss=0.3849
  batch 60/264  loss=0.7985
  batch 70/264  loss=0.3144
  batch 80/264  loss=0.2781
  batch 90/264  loss=0.3758
  batch 100/264  loss=0.3568
  batch 110/264  loss=0.4067
  batch 120/264  loss=0.3177
  batch 130/264  loss=0.2981
  batch 140/264  loss=0.3365
  batch 150/264  loss=0.2908
  batch 160/264  loss=0.3774
  batch 170/264  loss=0.3055
  batch 180/264  loss=0.2884
  batch 190/264  loss=0.4371
  batch 200/264  loss=0.3173
  batch 210/264  loss=0.3062
  batch 220/264  loss=0.3137
  batch 230/264  loss=0.3355
  batch 240/264  loss=0.3479
  batch 250/264  loss=0.3307
  batch 260/264  loss=0.2827
Epoch 252/300  train=3.625e-01  rmse=1.9312  lr=5.0e-05  230s
  batch 10/264  loss=0.4008
  batch 20/264  loss=0.2736
  batch 30/264  loss=0.2997
  batch 40/264  loss=0.2694
  batch 50/264  loss=0.3096
  batch 60/264  loss=0.3148
  batch 70/264  loss=0.3123
  batch 80/264  loss=0.3571
  batch 90/264  loss=0.4956
  batch 100/264  loss=0.3192
  batch 110/264  loss=0.3028
  batch 120/264  loss=0.3303
  batch 130/264  loss=0.5283
  batch 140/264  loss=0.3832
  batch 150/264  loss=0.3365
  batch 160/264  loss=0.4155
  batch 170/264  loss=0.2879
  batch 180/264  loss=0.3468
  batch 190/264  loss=0.3148
  batch 200/264  loss=0.3240
  batch 210/264  loss=0.4685
  batch 220/264  loss=0.2741
  batch 230/264  loss=0.3436
  batch 240/264  loss=0.2956
  batch 250/264  loss=0.3466
  batch 260/264  loss=0.3907
Epoch 253/300  train=3.558e-01  rmse=2.6492  lr=5.0e-05  229s
  -> best  monitor=3.558e-01
  batch 10/264  loss=0.4394
  batch 20/264  loss=0.3553
  batch 30/264  loss=0.2770
  batch 40/264  loss=0.3256
  batch 50/264  loss=0.2735
  batch 60/264  loss=0.2786
  batch 70/264  loss=0.4904
  batch 80/264  loss=0.3052
  batch 90/264  loss=0.3478
  batch 100/264  loss=0.4560
  batch 110/264  loss=0.3260
  batch 120/264  loss=0.7567
  batch 130/264  loss=0.3749
  batch 140/264  loss=0.3192
  batch 150/264  loss=0.3899
  batch 160/264  loss=0.2877
  batch 170/264  loss=0.3254
  batch 180/264  loss=0.2849
  batch 190/264  loss=0.3286
  batch 200/264  loss=0.3125
  batch 210/264  loss=0.2893
  batch 220/264  loss=0.3518
  batch 230/264  loss=0.4232
  batch 240/264  loss=0.5529
  batch 250/264  loss=0.3192
  batch 260/264  loss=0.3295
Epoch 254/300  train=3.633e-01  rmse=2.2041  lr=5.0e-05  231s
  batch 10/264  loss=0.4671
  batch 20/264  loss=0.2945
  batch 30/264  loss=0.3134
  batch 40/264  loss=0.3782
  batch 50/264  loss=0.3779
  batch 60/264  loss=0.6315
  batch 70/264  loss=0.4898
  batch 80/264  loss=0.3441
  batch 90/264  loss=0.3908
  batch 100/264  loss=0.3150
  batch 110/264  loss=0.3633
  batch 120/264  loss=0.3942
  batch 130/264  loss=0.2818
  batch 140/264  loss=0.3782
  batch 150/264  loss=0.4865
  batch 160/264  loss=0.2850
  batch 170/264  loss=0.3029
  batch 180/264  loss=0.3761
  batch 190/264  loss=0.4809
  batch 200/264  loss=0.3297
  batch 210/264  loss=0.3989
  batch 220/264  loss=0.3262
  batch 230/264  loss=0.3438
  batch 240/264  loss=0.4467
  batch 250/264  loss=0.3879
  batch 260/264  loss=0.3142
Epoch 255/300  train=3.612e-01  rmse=3.4319  lr=5.0e-05  230s
  batch 10/264  loss=0.3065
  batch 20/264  loss=0.3253
  batch 30/264  loss=0.2673
  batch 40/264  loss=0.3425
  batch 50/264  loss=0.3346
  batch 60/264  loss=0.3007
  batch 70/264  loss=0.4943
  batch 80/264  loss=0.2894
  batch 90/264  loss=0.3289
  batch 100/264  loss=0.3553
  batch 110/264  loss=0.2995
  batch 120/264  loss=0.4030
  batch 130/264  loss=0.2544
  batch 140/264  loss=0.3338
  batch 150/264  loss=0.3235
  batch 160/264  loss=0.3377
  batch 170/264  loss=0.3110
  batch 180/264  loss=0.3136
  batch 190/264  loss=0.3710
  batch 200/264  loss=0.3218
  batch 210/264  loss=0.4682
  batch 220/264  loss=0.4710
  batch 230/264  loss=0.2684
  batch 240/264  loss=0.4096
  batch 250/264  loss=0.3367
  batch 260/264  loss=0.3174
Epoch 256/300  train=3.547e-01  rmse=1.7077  lr=5.0e-05  231s
  -> best  monitor=3.547e-01
  batch 10/264  loss=0.3577
  batch 20/264  loss=0.3527
  batch 30/264  loss=0.3953
  batch 40/264  loss=0.3913
  batch 50/264  loss=0.3651
  batch 60/264  loss=0.2946
  batch 70/264  loss=0.3326
  batch 80/264  loss=0.2626
  batch 90/264  loss=0.2995
  batch 100/264  loss=0.3713
  batch 110/264  loss=0.2703
  batch 120/264  loss=0.2532
  batch 130/264  loss=0.2953
  batch 140/264  loss=0.4238
  batch 150/264  loss=0.4640
  batch 160/264  loss=0.3298
  batch 170/264  loss=0.3025
  batch 180/264  loss=0.2983
  batch 190/264  loss=0.3448
  batch 200/264  loss=0.3725
  batch 210/264  loss=0.2777
  batch 220/264  loss=0.2983
  batch 230/264  loss=0.3117
  batch 240/264  loss=0.4144
  batch 250/264  loss=0.2806
  batch 260/264  loss=0.5222
Epoch 257/300  train=3.575e-01  rmse=2.1079  lr=5.0e-05  229s
  batch 10/264  loss=0.4693
  batch 20/264  loss=0.3370
  batch 30/264  loss=0.2793
  batch 40/264  loss=0.3091
  batch 50/264  loss=0.3141
  batch 60/264  loss=0.3072
  batch 70/264  loss=0.2671
  batch 80/264  loss=0.3434
  batch 90/264  loss=0.3455
  batch 100/264  loss=0.3836
  batch 110/264  loss=0.2857
  batch 120/264  loss=0.2929
  batch 130/264  loss=0.3243
  batch 140/264  loss=0.3131
  batch 150/264  loss=0.3906
  batch 160/264  loss=0.3296
  batch 170/264  loss=0.3239
  batch 180/264  loss=0.4089
  batch 190/264  loss=0.3381
  batch 200/264  loss=0.2640
  batch 210/264  loss=0.3412
  batch 220/264  loss=0.3880
  batch 230/264  loss=0.3278
  batch 240/264  loss=0.3184
  batch 250/264  loss=0.4508
  batch 260/264  loss=0.3756
Epoch 258/300  train=3.550e-01  rmse=3.6097  lr=5.0e-05  230s
  batch 10/264  loss=0.2857
  batch 20/264  loss=0.3579
  batch 30/264  loss=0.3410
  batch 40/264  loss=0.3497
  batch 50/264  loss=0.3643
  batch 60/264  loss=0.3285
  batch 70/264  loss=0.3641
  batch 80/264  loss=0.3048
  batch 90/264  loss=0.4602
  batch 100/264  loss=0.4220
  batch 110/264  loss=0.3175
  batch 120/264  loss=0.2957
  batch 130/264  loss=0.3108
  batch 140/264  loss=0.3768
  batch 150/264  loss=0.3065
  batch 160/264  loss=0.5808
  batch 170/264  loss=0.3657
  batch 180/264  loss=0.2967
  batch 190/264  loss=0.3293
  batch 200/264  loss=0.3540
  batch 210/264  loss=0.2947
  batch 220/264  loss=0.3693
  batch 230/264  loss=0.3316
  batch 240/264  loss=0.2807
  batch 250/264  loss=0.2430
  batch 260/264  loss=0.3118
Epoch 259/300  train=3.551e-01  rmse=1.9705  lr=5.0e-05  230s
  batch 10/264  loss=0.3007
  batch 20/264  loss=0.3430
  batch 30/264  loss=0.3249
  batch 40/264  loss=0.3081
  batch 50/264  loss=0.3011
  batch 60/264  loss=0.4967
  batch 70/264  loss=0.3186
  batch 80/264  loss=0.2823
  batch 90/264  loss=0.3279
  batch 100/264  loss=0.3362
  batch 110/264  loss=0.3652
  batch 120/264  loss=0.3372
  batch 130/264  loss=0.2972
  batch 140/264  loss=0.3342
  batch 150/264  loss=0.2787
  batch 160/264  loss=0.3421
  batch 170/264  loss=0.2840
  batch 180/264  loss=0.3431
  batch 190/264  loss=0.3388
  batch 200/264  loss=0.3897
  batch 210/264  loss=0.3261
  batch 220/264  loss=0.3775
  batch 230/264  loss=0.6256
  batch 240/264  loss=0.3885
  batch 250/264  loss=0.3110
  batch 260/264  loss=0.3055
Epoch 260/300  train=3.565e-01  rmse=2.2143  lr=5.0e-05  230s
  batch 10/264  loss=0.3538
  batch 20/264  loss=0.3450
  batch 30/264  loss=0.3266
  batch 40/264  loss=0.3856
  batch 50/264  loss=0.3027
  batch 60/264  loss=0.2771
  batch 70/264  loss=0.3085
  batch 80/264  loss=0.2768
  batch 90/264  loss=0.3283
  batch 100/264  loss=0.2985
  batch 110/264  loss=0.3012
  batch 120/264  loss=0.3803
  batch 130/264  loss=0.3729
  batch 140/264  loss=0.2432
  batch 150/264  loss=0.3591
  batch 160/264  loss=0.5018
  batch 170/264  loss=0.5598
  batch 180/264  loss=0.2920
  batch 190/264  loss=0.3540
  batch 200/264  loss=0.2869
  batch 210/264  loss=0.2710
  batch 220/264  loss=0.2596
  batch 230/264  loss=0.4608
  batch 240/264  loss=0.3359
  batch 250/264  loss=0.2928
  batch 260/264  loss=0.3136
Epoch 261/300  train=3.580e-01  rmse=2.5910  lr=5.0e-05  231s
  batch 10/264  loss=0.5352
  batch 20/264  loss=0.4666
  batch 30/264  loss=0.3005
  batch 40/264  loss=0.2899
  batch 50/264  loss=0.2962
  batch 60/264  loss=0.3161
  batch 70/264  loss=0.3828
  batch 80/264  loss=0.4375
  batch 90/264  loss=0.4181
  batch 100/264  loss=0.3160
  batch 110/264  loss=0.3382
  batch 120/264  loss=0.4655
  batch 130/264  loss=0.2919
  batch 140/264  loss=0.2917
  batch 150/264  loss=0.4553
  batch 160/264  loss=0.4328
  batch 170/264  loss=0.3280
  batch 180/264  loss=0.3044
  batch 190/264  loss=0.3484
  batch 200/264  loss=0.3678
  batch 210/264  loss=0.2877
  batch 220/264  loss=0.3203
  batch 230/264  loss=0.4083
  batch 240/264  loss=0.4406
  batch 250/264  loss=0.3241
  batch 260/264  loss=0.2794
Epoch 262/300  train=3.547e-01  rmse=4.0595  lr=5.0e-05  229s
  batch 10/264  loss=0.4239
  batch 20/264  loss=0.3137
  batch 30/264  loss=0.3662
  batch 40/264  loss=0.4536
  batch 50/264  loss=0.3812
  batch 60/264  loss=0.2799
  batch 70/264  loss=0.3231
  batch 80/264  loss=0.3191
  batch 90/264  loss=0.3644
  batch 100/264  loss=0.3029
  batch 110/264  loss=0.3039
  batch 120/264  loss=0.4270
  batch 130/264  loss=0.3611
  batch 140/264  loss=0.3659
  batch 150/264  loss=0.4103
  batch 160/264  loss=0.5036
  batch 170/264  loss=0.3826
  batch 180/264  loss=0.3854
  batch 190/264  loss=0.2999
  batch 200/264  loss=0.2879
  batch 210/264  loss=0.3813
  batch 220/264  loss=0.3513
  batch 230/264  loss=0.3130
  batch 240/264  loss=0.3741
  batch 250/264  loss=0.3211
  batch 260/264  loss=0.2809
Epoch 263/300  train=3.600e-01  rmse=1.9939  lr=5.0e-05  233s
  batch 10/264  loss=0.3025
  batch 20/264  loss=0.2693
  batch 30/264  loss=0.3061
  batch 40/264  loss=0.3217
  batch 50/264  loss=0.2905
  batch 60/264  loss=0.3605
  batch 70/264  loss=0.4117
  batch 80/264  loss=0.4015
  batch 90/264  loss=0.3626
  batch 100/264  loss=0.4733
  batch 110/264  loss=0.3529
  batch 120/264  loss=0.4588
  batch 130/264  loss=0.4759
  batch 140/264  loss=0.2833
  batch 150/264  loss=0.3364
  batch 160/264  loss=0.3139
  batch 170/264  loss=0.3665
  batch 180/264  loss=0.4155
  batch 190/264  loss=0.4570
  batch 200/264  loss=0.2867
  batch 210/264  loss=0.3416
  batch 220/264  loss=0.4590
  batch 230/264  loss=0.5614
  batch 240/264  loss=0.3267
  batch 250/264  loss=0.2793
  batch 260/264  loss=0.3164
Epoch 264/300  train=3.578e-01  rmse=2.8994  lr=5.0e-05  239s
  batch 10/264  loss=0.3563
  batch 20/264  loss=0.3788
  batch 30/264  loss=0.4498
  batch 40/264  loss=0.2787
  batch 50/264  loss=0.3868
  batch 60/264  loss=0.2966
  batch 70/264  loss=0.3664
  batch 80/264  loss=0.2670
  batch 90/264  loss=0.3235
  batch 100/264  loss=0.2969
  batch 110/264  loss=0.3225
  batch 120/264  loss=0.3882
  batch 130/264  loss=0.2906
  batch 140/264  loss=0.4359
  batch 150/264  loss=0.3652
  batch 160/264  loss=0.3380
  batch 170/264  loss=0.3211
  batch 180/264  loss=0.3964
  batch 190/264  loss=0.3213
  batch 200/264  loss=0.3003
  batch 210/264  loss=0.2623
  batch 220/264  loss=0.4011
  batch 230/264  loss=0.3372
  batch 240/264  loss=0.2905
  batch 250/264  loss=0.3404
  batch 260/264  loss=0.2852
Epoch 265/300  train=3.548e-01  rmse=3.6821  lr=5.0e-05  238s
  batch 10/264  loss=0.4107
  batch 20/264  loss=0.3787
  batch 30/264  loss=0.3558
  batch 40/264  loss=0.3377
  batch 50/264  loss=0.3383
  batch 60/264  loss=0.2854
  batch 70/264  loss=0.3153
  batch 80/264  loss=0.4110
  batch 90/264  loss=0.3599
  batch 100/264  loss=0.3136
  batch 110/264  loss=0.2971
  batch 120/264  loss=0.2837
  batch 130/264  loss=0.2898
  batch 140/264  loss=0.4538
  batch 150/264  loss=0.3037
  batch 160/264  loss=0.5305
  batch 170/264  loss=0.3562
  batch 180/264  loss=0.3350
  batch 190/264  loss=0.2915
  batch 200/264  loss=0.3110
  batch 210/264  loss=0.2790
  batch 220/264  loss=0.3283
  batch 230/264  loss=0.3088
  batch 240/264  loss=0.2646
  batch 250/264  loss=0.4512
  batch 260/264  loss=0.3239
Epoch 266/300  train=3.569e-01  rmse=2.0363  lr=5.0e-05  234s
  batch 10/264  loss=0.3470
  batch 20/264  loss=0.3153
  batch 30/264  loss=0.4808
  batch 40/264  loss=0.2917
  batch 50/264  loss=0.6072
  batch 60/264  loss=0.3516
  batch 70/264  loss=0.4060
  batch 80/264  loss=0.3188
  batch 90/264  loss=0.2926
  batch 100/264  loss=0.3672
  batch 110/264  loss=0.3626
  batch 120/264  loss=0.3340
  batch 130/264  loss=0.3383
  batch 140/264  loss=0.3249
  batch 150/264  loss=0.4300
  batch 160/264  loss=0.3755
  batch 170/264  loss=0.3506
  batch 180/264  loss=0.3457
  batch 190/264  loss=0.3845
  batch 200/264  loss=0.3078
  batch 210/264  loss=0.3036
  batch 220/264  loss=0.3273
  batch 230/264  loss=0.3809
  batch 240/264  loss=0.3602
  batch 250/264  loss=0.5187
  batch 260/264  loss=0.3281
Epoch 267/300  train=3.556e-01  rmse=1.8172  lr=2.5e-05  235s
  batch 10/264  loss=0.3623
  batch 20/264  loss=0.4728
  batch 30/264  loss=0.4510
  batch 40/264  loss=0.4608
  batch 50/264  loss=0.3339
  batch 60/264  loss=0.3900
  batch 70/264  loss=0.2787
  batch 80/264  loss=0.3195
  batch 90/264  loss=0.5470
  batch 100/264  loss=0.2633
  batch 110/264  loss=0.2886
  batch 120/264  loss=0.4258
  batch 130/264  loss=0.3168
  batch 140/264  loss=0.3213
  batch 150/264  loss=0.3386
  batch 160/264  loss=0.3571
  batch 170/264  loss=0.2786
  batch 180/264  loss=0.2330
  batch 190/264  loss=0.3918
  batch 200/264  loss=0.3727
  batch 210/264  loss=0.3830
  batch 220/264  loss=0.3047
  batch 230/264  loss=0.3356
  batch 240/264  loss=0.4316
  batch 250/264  loss=0.4737
  batch 260/264  loss=0.3855
Epoch 268/300  train=3.546e-01  rmse=2.2028  lr=2.5e-05  235s
  -> best  monitor=3.546e-01
  batch 10/264  loss=0.3415
  batch 20/264  loss=0.3013
  batch 30/264  loss=0.4230
  batch 40/264  loss=0.4071
  batch 50/264  loss=0.2765
  batch 60/264  loss=0.3620
  batch 70/264  loss=0.2683
  batch 80/264  loss=0.2796
  batch 90/264  loss=0.4538
  batch 100/264  loss=0.3295
  batch 110/264  loss=0.4963
  batch 120/264  loss=0.4345
  batch 130/264  loss=0.2688
  batch 140/264  loss=0.2927
  batch 150/264  loss=0.3980
  batch 160/264  loss=0.3515
  batch 170/264  loss=0.2887
  batch 180/264  loss=0.2911
  batch 190/264  loss=0.4599
  batch 200/264  loss=0.2961
  batch 210/264  loss=0.3042
  batch 220/264  loss=0.3382
  batch 230/264  loss=0.2757
  batch 240/264  loss=0.3622
  batch 250/264  loss=0.3750
  batch 260/264  loss=0.3066
Epoch 269/300  train=3.468e-01  rmse=2.0469  lr=2.5e-05  234s
  -> best  monitor=3.468e-01
  batch 10/264  loss=0.3573
  batch 20/264  loss=0.2837
  batch 30/264  loss=0.3030
  batch 40/264  loss=0.2465
  batch 50/264  loss=0.2803
  batch 60/264  loss=0.3001
  batch 70/264  loss=0.3017
  batch 80/264  loss=0.3468
  batch 90/264  loss=0.4609
  batch 100/264  loss=0.2629
  batch 110/264  loss=0.4233
  batch 120/264  loss=0.3459
  batch 130/264  loss=0.3265
  batch 140/264  loss=0.2847
  batch 150/264  loss=0.3884
  batch 160/264  loss=0.3141
  batch 170/264  loss=0.2988
  batch 180/264  loss=0.4010
  batch 190/264  loss=0.3621
  batch 200/264  loss=0.3181
  batch 210/264  loss=0.3750
  batch 220/264  loss=0.2872
  batch 230/264  loss=0.2958
  batch 240/264  loss=0.4856
  batch 250/264  loss=0.2635
  batch 260/264  loss=0.2878
Epoch 270/300  train=3.479e-01  rmse=5.7723  lr=2.5e-05  234s
  batch 10/264  loss=0.3570
  batch 20/264  loss=0.2484
  batch 30/264  loss=0.3517
  batch 40/264  loss=0.3023
  batch 50/264  loss=0.2980
  batch 60/264  loss=0.4385
  batch 70/264  loss=0.2836
  batch 80/264  loss=0.3772
  batch 90/264  loss=0.2712
  batch 100/264  loss=0.3450
  batch 110/264  loss=0.3077
  batch 120/264  loss=0.4621
  batch 130/264  loss=0.2967
  batch 140/264  loss=0.2681
  batch 150/264  loss=0.3544
  batch 160/264  loss=0.3563
  batch 170/264  loss=0.3895
  batch 180/264  loss=0.4347
  batch 190/264  loss=0.5793
  batch 200/264  loss=0.2977
  batch 210/264  loss=0.3266
  batch 220/264  loss=0.3549
  batch 230/264  loss=0.4183
  batch 240/264  loss=0.2735
  batch 250/264  loss=0.4059
  batch 260/264  loss=0.3453
Epoch 271/300  train=3.541e-01  rmse=1.7315  lr=2.5e-05  230s
  batch 10/264  loss=0.3022
  batch 20/264  loss=0.4186
  batch 30/264  loss=0.3411
  batch 40/264  loss=0.3486
  batch 50/264  loss=0.4949
  batch 60/264  loss=0.3031
  batch 70/264  loss=0.2953
  batch 80/264  loss=0.4551
  batch 90/264  loss=0.3499
  batch 100/264  loss=0.2589
  batch 110/264  loss=0.3516
  batch 120/264  loss=0.3086
  batch 130/264  loss=0.4114
  batch 140/264  loss=0.3721
  batch 150/264  loss=0.4991
  batch 160/264  loss=0.2966
  batch 170/264  loss=0.3761
  batch 180/264  loss=0.4281
  batch 190/264  loss=0.3707
  batch 200/264  loss=0.3539
  batch 210/264  loss=0.3354
  batch 220/264  loss=0.4032
  batch 230/264  loss=0.2742
  batch 240/264  loss=0.4960
  batch 250/264  loss=0.3558
  batch 260/264  loss=0.3037
Epoch 272/300  train=3.513e-01  rmse=3.8848  lr=2.5e-05  230s
  batch 10/264  loss=0.3052
  batch 20/264  loss=0.2939
  batch 30/264  loss=0.2770
  batch 40/264  loss=0.4224
  batch 50/264  loss=0.2903
  batch 60/264  loss=0.7550
  batch 70/264  loss=0.4407
  batch 80/264  loss=0.2617
  batch 90/264  loss=0.2632
  batch 100/264  loss=0.3745
  batch 110/264  loss=0.3149
  batch 120/264  loss=0.3497
  batch 130/264  loss=0.3116
  batch 140/264  loss=0.2868
  batch 150/264  loss=0.2648
  batch 160/264  loss=0.3373
  batch 170/264  loss=0.3929
  batch 180/264  loss=0.3355
  batch 190/264  loss=0.3041
  batch 200/264  loss=0.3449
  batch 210/264  loss=0.4130
  batch 220/264  loss=0.3717
  batch 230/264  loss=0.3204
  batch 240/264  loss=0.3361
  batch 250/264  loss=0.4700
  batch 260/264  loss=0.3418
Epoch 273/300  train=3.453e-01  rmse=2.0697  lr=2.5e-05  230s
  -> best  monitor=3.453e-01
  batch 10/264  loss=0.3361
  batch 20/264  loss=0.3037
  batch 30/264  loss=0.2827
  batch 40/264  loss=0.4389
  batch 50/264  loss=0.3592
  batch 60/264  loss=0.4671
  batch 70/264  loss=0.4078
  batch 80/264  loss=0.3015
  batch 90/264  loss=0.4038
  batch 100/264  loss=0.2905
  batch 110/264  loss=0.5215
  batch 120/264  loss=0.4894
  batch 130/264  loss=0.3280
  batch 140/264  loss=0.3610
  batch 150/264  loss=0.3477
  batch 160/264  loss=0.3962
  batch 170/264  loss=0.2323
  batch 180/264  loss=0.2629
  batch 190/264  loss=0.4353
  batch 200/264  loss=0.3204
  batch 210/264  loss=0.3608
  batch 220/264  loss=0.3614
  batch 230/264  loss=0.3541
  batch 240/264  loss=0.2871
  batch 250/264  loss=0.4447
  batch 260/264  loss=0.3998
Epoch 274/300  train=3.492e-01  rmse=2.1203  lr=2.5e-05  230s
  batch 10/264  loss=0.4096
  batch 20/264  loss=0.3722
  batch 30/264  loss=0.3713
  batch 40/264  loss=0.7478
  batch 50/264  loss=0.4013
  batch 60/264  loss=0.3315
  batch 70/264  loss=0.3904
  batch 80/264  loss=0.3393
  batch 90/264  loss=0.2934
  batch 100/264  loss=0.2875
  batch 110/264  loss=0.2785
  batch 120/264  loss=0.3151
  batch 130/264  loss=0.4395
  batch 140/264  loss=0.3043
  batch 150/264  loss=0.4108
  batch 160/264  loss=0.3817
  batch 170/264  loss=0.4580
  batch 180/264  loss=0.3296
  batch 190/264  loss=0.4490
  batch 200/264  loss=0.2991
  batch 210/264  loss=0.2947
  batch 220/264  loss=0.4290
  batch 230/264  loss=0.3505
  batch 240/264  loss=0.3528
  batch 250/264  loss=0.6760
  batch 260/264  loss=0.2763
Epoch 275/300  train=3.464e-01  rmse=1.8951  lr=2.5e-05  233s
  batch 10/264  loss=0.3473
  batch 20/264  loss=0.2818
  batch 30/264  loss=0.3632
  batch 40/264  loss=0.2908
  batch 50/264  loss=0.3397
  batch 60/264  loss=0.2868
  batch 70/264  loss=0.3111
  batch 80/264  loss=0.2813
  batch 90/264  loss=0.3806
  batch 100/264  loss=0.3165
  batch 110/264  loss=0.3997
  batch 120/264  loss=0.4013
  batch 130/264  loss=0.3209
  batch 140/264  loss=0.3058
  batch 150/264  loss=0.2900
  batch 160/264  loss=0.3693
  batch 170/264  loss=0.2890
  batch 180/264  loss=0.3741
  batch 190/264  loss=0.3846
  batch 200/264  loss=0.2799
  batch 210/264  loss=0.3821
  batch 220/264  loss=0.2888
  batch 230/264  loss=0.3000
  batch 240/264  loss=0.2713
  batch 250/264  loss=0.2909
  batch 260/264  loss=0.3431
Epoch 276/300  train=3.431e-01  rmse=1.9020  lr=2.5e-05  235s
  -> best  monitor=3.431e-01
  batch 10/264  loss=0.4606
  batch 20/264  loss=0.3088
  batch 30/264  loss=0.3517
  batch 40/264  loss=0.3064
  batch 50/264  loss=0.3116
  batch 60/264  loss=0.2713
  batch 70/264  loss=0.4069
  batch 80/264  loss=0.3623
  batch 90/264  loss=0.4980
  batch 100/264  loss=0.4647
  batch 110/264  loss=0.3039
  batch 120/264  loss=0.2932
  batch 130/264  loss=0.3923
  batch 140/264  loss=0.3039
  batch 150/264  loss=0.4176
  batch 160/264  loss=0.4011
  batch 170/264  loss=0.2976
  batch 180/264  loss=0.2730
  batch 190/264  loss=0.2789
  batch 200/264  loss=0.3056
  batch 210/264  loss=0.2975
  batch 220/264  loss=0.4018
  batch 230/264  loss=0.3397
  batch 240/264  loss=0.5524
  batch 250/264  loss=0.2849
  batch 260/264  loss=0.3235
Epoch 277/300  train=3.464e-01  rmse=1.9559  lr=2.5e-05  234s
  batch 10/264  loss=0.2849
  batch 20/264  loss=0.2997
  batch 30/264  loss=0.4809
  batch 40/264  loss=0.4228
  batch 50/264  loss=0.3131
  batch 60/264  loss=0.2790
  batch 70/264  loss=0.3580
  batch 80/264  loss=0.4175
  batch 90/264  loss=0.2830
  batch 100/264  loss=0.3178
  batch 110/264  loss=0.3616
  batch 120/264  loss=0.2652
  batch 130/264  loss=0.3763
  batch 140/264  loss=0.2819
  batch 150/264  loss=0.3009
  batch 160/264  loss=0.2944
  batch 170/264  loss=0.3155
  batch 180/264  loss=0.3435
  batch 190/264  loss=0.2925
  batch 200/264  loss=0.3254
  batch 210/264  loss=0.3573
  batch 220/264  loss=0.3362
  batch 230/264  loss=0.3493
  batch 240/264  loss=0.4567
  batch 250/264  loss=0.3969
  batch 260/264  loss=0.4421
Epoch 278/300  train=3.469e-01  rmse=2.3790  lr=2.5e-05  234s
  batch 10/264  loss=0.3234
  batch 20/264  loss=0.3377
  batch 30/264  loss=0.4760
  batch 40/264  loss=0.2712
  batch 50/264  loss=0.4017
  batch 60/264  loss=0.3607
  batch 70/264  loss=0.2907
  batch 80/264  loss=0.3496
  batch 90/264  loss=0.3281
  batch 100/264  loss=0.3703
  batch 110/264  loss=0.3184
  batch 120/264  loss=0.3512
  batch 130/264  loss=0.3199
  batch 140/264  loss=0.3778
  batch 150/264  loss=0.3076
  batch 160/264  loss=0.3439
  batch 170/264  loss=0.3630
  batch 180/264  loss=0.4054
  batch 190/264  loss=0.3154
  batch 200/264  loss=0.4222
  batch 210/264  loss=0.3605
  batch 220/264  loss=0.4468
  batch 230/264  loss=0.3447
  batch 240/264  loss=0.3247
  batch 250/264  loss=0.4097
  batch 260/264  loss=0.2886
Epoch 279/300  train=3.476e-01  rmse=1.9499  lr=2.5e-05  233s
  batch 10/264  loss=0.3375
  batch 20/264  loss=0.3735
  batch 30/264  loss=0.3963
  batch 40/264  loss=0.2955
  batch 50/264  loss=0.3747
  batch 60/264  loss=0.3776
  batch 70/264  loss=0.2803
  batch 80/264  loss=0.4860
  batch 90/264  loss=0.2966
  batch 100/264  loss=0.2838
  batch 110/264  loss=0.3107
  batch 120/264  loss=0.3030
  batch 130/264  loss=0.2898
  batch 140/264  loss=0.3373
  batch 150/264  loss=0.2643
  batch 160/264  loss=0.3389
  batch 170/264  loss=0.2722
  batch 180/264  loss=0.3069
  batch 190/264  loss=0.2840
  batch 200/264  loss=0.3296
  batch 210/264  loss=0.3411
  batch 220/264  loss=0.3419
  batch 230/264  loss=0.4388
  batch 240/264  loss=0.3977
  batch 250/264  loss=0.2998
  batch 260/264  loss=0.3408
Epoch 280/300  train=3.474e-01  rmse=2.5659  lr=2.5e-05  234s
  batch 10/264  loss=0.4200
  batch 20/264  loss=0.3461
  batch 30/264  loss=0.4198
  batch 40/264  loss=0.3704
  batch 50/264  loss=0.4022
  batch 60/264  loss=0.3179
  batch 70/264  loss=0.4208
  batch 80/264  loss=0.3270
  batch 90/264  loss=0.2720
  batch 100/264  loss=0.3421
  batch 110/264  loss=0.3323
  batch 120/264  loss=0.3778
  batch 130/264  loss=0.4432
  batch 140/264  loss=0.3955
  batch 150/264  loss=0.3480
  batch 160/264  loss=0.2766
  batch 170/264  loss=0.3127
  batch 180/264  loss=0.4650
  batch 190/264  loss=0.2905
  batch 200/264  loss=0.3501
  batch 210/264  loss=0.3198
  batch 220/264  loss=0.4096
  batch 230/264  loss=0.3513
  batch 240/264  loss=0.2880
  batch 250/264  loss=0.2965
  batch 260/264  loss=0.3009
Epoch 281/300  train=3.443e-01  rmse=1.9064  lr=2.5e-05  234s
  batch 10/264  loss=0.4153
  batch 20/264  loss=0.4105
  batch 30/264  loss=0.3242
  batch 40/264  loss=0.2839
  batch 50/264  loss=0.3729
  batch 60/264  loss=0.3375
  batch 70/264  loss=0.4246
  batch 80/264  loss=0.2761
  batch 90/264  loss=0.2893
  batch 100/264  loss=0.2723
  batch 110/264  loss=0.3312
  batch 120/264  loss=0.3130
  batch 130/264  loss=0.3782
  batch 140/264  loss=0.2984
  batch 150/264  loss=0.4094
  batch 160/264  loss=0.6106
  batch 170/264  loss=0.2862
  batch 180/264  loss=0.2770
  batch 190/264  loss=0.2948
  batch 200/264  loss=0.2861
  batch 210/264  loss=0.3145
  batch 220/264  loss=0.3206
  batch 230/264  loss=0.3330
  batch 240/264  loss=0.3516
  batch 250/264  loss=0.2346
  batch 260/264  loss=0.4277
Epoch 282/300  train=3.473e-01  rmse=1.8493  lr=2.5e-05  233s
  batch 10/264  loss=0.3454
  batch 20/264  loss=0.3335
  batch 30/264  loss=0.3209
  batch 40/264  loss=0.2984
  batch 50/264  loss=0.3988
  batch 60/264  loss=0.3232
  batch 70/264  loss=0.3305
  batch 80/264  loss=0.6244
  batch 90/264  loss=0.3045
  batch 100/264  loss=0.2771
  batch 110/264  loss=0.2967
  batch 120/264  loss=0.2645
  batch 130/264  loss=0.3721
  batch 140/264  loss=0.4568
  batch 150/264  loss=0.2970
  batch 160/264  loss=0.2951
  batch 170/264  loss=0.3683
  batch 180/264  loss=0.3678
  batch 190/264  loss=0.2984
  batch 200/264  loss=0.3596
  batch 210/264  loss=0.2795
  batch 220/264  loss=0.5141
  batch 230/264  loss=0.3499
  batch 240/264  loss=0.2993
  batch 250/264  loss=0.3245
  batch 260/264  loss=0.3897
Epoch 283/300  train=3.456e-01  rmse=4.9250  lr=2.5e-05  233s
  batch 10/264  loss=0.2760
  batch 20/264  loss=0.3594
  batch 30/264  loss=0.3671
  batch 40/264  loss=0.3051
  batch 50/264  loss=0.4413
  batch 60/264  loss=0.3325
  batch 70/264  loss=0.4116
  batch 80/264  loss=0.2957
  batch 90/264  loss=0.4106
  batch 100/264  loss=0.3076
  batch 110/264  loss=0.2871
  batch 120/264  loss=0.3208
  batch 130/264  loss=0.3638
  batch 140/264  loss=0.3145
  batch 150/264  loss=0.3063
  batch 160/264  loss=0.3376
  batch 170/264  loss=0.3022
  batch 180/264  loss=0.2579
  batch 190/264  loss=0.2972
  batch 200/264  loss=0.3787
  batch 210/264  loss=0.3459
  batch 220/264  loss=0.2921
  batch 230/264  loss=0.3309
  batch 240/264  loss=0.4486
  batch 250/264  loss=0.3008
  batch 260/264  loss=0.3304
Epoch 284/300  train=3.465e-01  rmse=3.8266  lr=2.5e-05  234s
  batch 10/264  loss=0.4053
  batch 20/264  loss=0.3049
  batch 30/264  loss=0.3396
  batch 40/264  loss=0.2686
  batch 50/264  loss=0.3049
  batch 60/264  loss=0.2619
  batch 70/264  loss=0.4140
  batch 80/264  loss=0.3744
  batch 90/264  loss=0.3213
  batch 100/264  loss=0.3023
  batch 110/264  loss=0.3074
  batch 120/264  loss=0.4033
  batch 130/264  loss=0.2850
  batch 140/264  loss=0.2964
  batch 150/264  loss=0.4402
  batch 160/264  loss=0.2877
  batch 170/264  loss=0.3429
  batch 180/264  loss=0.4702
  batch 190/264  loss=0.3794
  batch 200/264  loss=0.4131
  batch 210/264  loss=0.4122
  batch 220/264  loss=0.2825
  batch 230/264  loss=0.3577
  batch 240/264  loss=0.4003
  batch 250/264  loss=0.2942
  batch 260/264  loss=0.4897
Epoch 285/300  train=3.431e-01  rmse=1.8770  lr=2.5e-05  236s
  -> best  monitor=3.431e-01
  batch 10/264  loss=0.4000
  batch 20/264  loss=0.3349
  batch 30/264  loss=0.3107
  batch 40/264  loss=0.9496
  batch 50/264  loss=0.3975
  batch 60/264  loss=0.3615
  batch 70/264  loss=0.2695
  batch 80/264  loss=0.2618
  batch 90/264  loss=0.3242
  batch 100/264  loss=0.3101
  batch 110/264  loss=0.2691
  batch 120/264  loss=0.2740
  batch 130/264  loss=0.2953
  batch 140/264  loss=0.4634
  batch 150/264  loss=0.3423
  batch 160/264  loss=0.6898
  batch 170/264  loss=0.3558
  batch 180/264  loss=0.3502
  batch 190/264  loss=0.3114
  batch 200/264  loss=0.2511
  batch 210/264  loss=0.3748
  batch 220/264  loss=0.3929
  batch 230/264  loss=0.3515
  batch 240/264  loss=0.2761
  batch 250/264  loss=0.4900
  batch 260/264  loss=0.3405
Epoch 286/300  train=3.483e-01  rmse=3.5171  lr=2.5e-05  236s
  batch 10/264  loss=0.3359
  batch 20/264  loss=0.3777
  batch 30/264  loss=0.3024
  batch 40/264  loss=0.3118
  batch 50/264  loss=0.2845
  batch 60/264  loss=0.3256
  batch 70/264  loss=0.2653
  batch 80/264  loss=0.4071
  batch 90/264  loss=0.3011
  batch 100/264  loss=0.2717
  batch 110/264  loss=0.2658
  batch 120/264  loss=0.3718
  batch 130/264  loss=0.3299
  batch 140/264  loss=0.3466
  batch 150/264  loss=0.2935
  batch 160/264  loss=0.3449
  batch 170/264  loss=0.4100
  batch 180/264  loss=0.3187
  batch 190/264  loss=0.3153
  batch 200/264  loss=0.4014
  batch 210/264  loss=0.2660
  batch 220/264  loss=0.3297
  batch 230/264  loss=0.3437
  batch 240/264  loss=0.3279
  batch 250/264  loss=0.3487
  batch 260/264  loss=0.3618
Epoch 287/300  train=3.444e-01  rmse=1.6632  lr=2.5e-05  236s
  batch 10/264  loss=0.3965
  batch 20/264  loss=0.3588
  batch 30/264  loss=0.2885
  batch 40/264  loss=0.4064
  batch 50/264  loss=0.3025
  batch 60/264  loss=0.3364
  batch 70/264  loss=0.3471
  batch 80/264  loss=0.2960
  batch 90/264  loss=0.3833
  batch 100/264  loss=0.4416
  batch 110/264  loss=0.2974
  batch 120/264  loss=0.4200
  batch 130/264  loss=0.3596
  batch 140/264  loss=0.2708
  batch 150/264  loss=0.3053
  batch 160/264  loss=0.2491
  batch 170/264  loss=0.2991
  batch 180/264  loss=0.3162
  batch 190/264  loss=0.3998
  batch 200/264  loss=0.3211
  batch 210/264  loss=0.2791
  batch 220/264  loss=0.3311
  batch 230/264  loss=0.4776
  batch 240/264  loss=0.4774
  batch 250/264  loss=0.2960
  batch 260/264  loss=0.2979
Epoch 288/300  train=3.424e-01  rmse=1.7145  lr=2.5e-05  235s
  -> best  monitor=3.424e-01
  batch 10/264  loss=0.2997
  batch 20/264  loss=0.3891
  batch 30/264  loss=0.3562
  batch 40/264  loss=0.3557
  batch 50/264  loss=0.2553
  batch 60/264  loss=0.3502
  batch 70/264  loss=0.3400
  batch 80/264  loss=0.2915
  batch 90/264  loss=0.3638
  batch 100/264  loss=0.3035
  batch 110/264  loss=0.3213
  batch 120/264  loss=0.2818
  batch 130/264  loss=0.4101
  batch 140/264  loss=0.4023
  batch 150/264  loss=0.2695
  batch 160/264  loss=0.3180
  batch 170/264  loss=0.4750
  batch 180/264  loss=0.2807
  batch 190/264  loss=0.5649
  batch 200/264  loss=0.3331
  batch 210/264  loss=0.2534
  batch 220/264  loss=0.3428
  batch 230/264  loss=0.3146
  batch 240/264  loss=0.3128
  batch 250/264  loss=0.3480
  batch 260/264  loss=0.2581
Epoch 289/300  train=3.464e-01  rmse=1.6671  lr=2.5e-05  235s
  batch 10/264  loss=0.2760
  batch 20/264  loss=0.3591
  batch 30/264  loss=0.3890
  batch 40/264  loss=0.3979
  batch 50/264  loss=0.3016
  batch 60/264  loss=0.3042
  batch 70/264  loss=0.3199
  batch 80/264  loss=0.3938
  batch 90/264  loss=0.3207
  batch 100/264  loss=0.2746
  batch 110/264  loss=0.3409
  batch 120/264  loss=0.3770
  batch 130/264  loss=0.3635
  batch 140/264  loss=0.2643
  batch 150/264  loss=0.2995
  batch 160/264  loss=0.3779
  batch 170/264  loss=0.3067
  batch 180/264  loss=0.3034
  batch 190/264  loss=0.2845
  batch 200/264  loss=0.2770
  batch 210/264  loss=0.2839
  batch 220/264  loss=0.3088
  batch 230/264  loss=0.2773
  batch 240/264  loss=0.4050
  batch 250/264  loss=0.2862
  batch 260/264  loss=0.2901
Epoch 290/300  train=3.468e-01  rmse=2.2081  lr=2.5e-05  231s
  batch 10/264  loss=0.4601
  batch 20/264  loss=0.3001
  batch 30/264  loss=0.2959
  batch 40/264  loss=0.3227
  batch 50/264  loss=0.3154
  batch 60/264  loss=0.3256
  batch 70/264  loss=0.3170
  batch 80/264  loss=0.4857
  batch 90/264  loss=0.5009
  batch 100/264  loss=0.3352
  batch 110/264  loss=0.2721
  batch 120/264  loss=0.3655
  batch 130/264  loss=0.2829
  batch 140/264  loss=0.3861
  batch 150/264  loss=0.2858
  batch 160/264  loss=0.4146
  batch 170/264  loss=0.3101
  batch 180/264  loss=0.4436
  batch 190/264  loss=0.2937
  batch 200/264  loss=0.2939
  batch 210/264  loss=0.4677
  batch 220/264  loss=0.4211
  batch 230/264  loss=0.3338
  batch 240/264  loss=0.3152
  batch 250/264  loss=0.2677
  batch 260/264  loss=0.4238
Epoch 291/300  train=3.466e-01  rmse=1.9802  lr=2.5e-05  230s
  batch 10/264  loss=0.4132
  batch 20/264  loss=0.3637
  batch 30/264  loss=0.3551
  batch 40/264  loss=0.3443
  batch 50/264  loss=0.3089
  batch 60/264  loss=0.2993
  batch 70/264  loss=0.3134
  batch 80/264  loss=0.3741
  batch 90/264  loss=0.3677
  batch 100/264  loss=0.4861
  batch 110/264  loss=0.2966
  batch 120/264  loss=0.3915
  batch 130/264  loss=0.3045
  batch 140/264  loss=0.2928
  batch 150/264  loss=0.2992
  batch 160/264  loss=0.3918
  batch 170/264  loss=0.3309
  batch 180/264  loss=0.3486
  batch 190/264  loss=0.2928
  batch 200/264  loss=0.4415
  batch 210/264  loss=0.3783
  batch 220/264  loss=0.2807
  batch 230/264  loss=0.2966
  batch 240/264  loss=0.4565
  batch 250/264  loss=0.2808
  batch 260/264  loss=0.3144
Epoch 292/300  train=3.506e-01  rmse=3.5768  lr=2.5e-05  231s
  batch 10/264  loss=0.3336
  batch 20/264  loss=0.2902
  batch 30/264  loss=0.3473
  batch 40/264  loss=0.3810
  batch 50/264  loss=0.3563
  batch 60/264  loss=0.3219
  batch 70/264  loss=0.2744
  batch 80/264  loss=0.2826
  batch 90/264  loss=0.4006
  batch 100/264  loss=0.3842
  batch 110/264  loss=0.3018
  batch 120/264  loss=0.3457
  batch 130/264  loss=0.2795
  batch 140/264  loss=0.3494
  batch 150/264  loss=0.3431
  batch 160/264  loss=0.3666
  batch 170/264  loss=0.2741
  batch 180/264  loss=0.3345
  batch 190/264  loss=0.3296
  batch 200/264  loss=0.3464
  batch 210/264  loss=0.3242
  batch 220/264  loss=0.3106
  batch 230/264  loss=0.3468
  batch 240/264  loss=0.2544
  batch 250/264  loss=0.2881
  batch 260/264  loss=0.3321
Epoch 293/300  train=3.438e-01  rmse=3.1817  lr=2.5e-05  232s
  batch 10/264  loss=0.4547
  batch 20/264  loss=0.3719
  batch 30/264  loss=0.3443
  batch 40/264  loss=0.3547
  batch 50/264  loss=0.2816
  batch 60/264  loss=0.3132
  batch 70/264  loss=0.2666
  batch 80/264  loss=0.3935
  batch 90/264  loss=0.3744
  batch 100/264  loss=0.3926
  batch 110/264  loss=0.4206
  batch 120/264  loss=0.3392
  batch 130/264  loss=0.3315
  batch 140/264  loss=0.3056
  batch 150/264  loss=0.4733
  batch 160/264  loss=0.2999
  batch 170/264  loss=0.3282
  batch 180/264  loss=0.2928
  batch 190/264  loss=0.3535
  batch 200/264  loss=0.4637
  batch 210/264  loss=0.2915
  batch 220/264  loss=0.2994
  batch 230/264  loss=0.4340
  batch 240/264  loss=0.2599
  batch 250/264  loss=0.3836
  batch 260/264  loss=0.3377
Epoch 294/300  train=3.414e-01  rmse=1.7517  lr=2.5e-05  231s
  -> best  monitor=3.414e-01
  batch 10/264  loss=0.4135
  batch 20/264  loss=0.4419
  batch 30/264  loss=0.3142
  batch 40/264  loss=0.5184
  batch 50/264  loss=0.4577
  batch 60/264  loss=0.2505
  batch 70/264  loss=0.3317
  batch 80/264  loss=0.3208
  batch 90/264  loss=0.2669
  batch 100/264  loss=0.3199
  batch 110/264  loss=0.3541
  batch 120/264  loss=0.3149
  batch 130/264  loss=0.4685
  batch 140/264  loss=0.3120
  batch 150/264  loss=0.3474
  batch 160/264  loss=0.4502
  batch 170/264  loss=0.3093
  batch 180/264  loss=0.2993
  batch 190/264  loss=0.2855
  batch 200/264  loss=0.2917
  batch 210/264  loss=0.2892
  batch 220/264  loss=0.2654
  batch 230/264  loss=0.2719
  batch 240/264  loss=0.4325
  batch 250/264  loss=0.4428
  batch 260/264  loss=0.2861
Epoch 295/300  train=3.468e-01  rmse=2.4714  lr=2.5e-05  231s
  batch 10/264  loss=0.2690
  batch 20/264  loss=0.2709
  batch 30/264  loss=0.2704
  batch 40/264  loss=0.3892
  batch 50/264  loss=0.4926
  batch 60/264  loss=0.4479
  batch 70/264  loss=0.5474
  batch 80/264  loss=0.3318
  batch 90/264  loss=0.3445
  batch 100/264  loss=0.3338
  batch 110/264  loss=0.3817
  batch 120/264  loss=0.2807
  batch 130/264  loss=0.2807
  batch 140/264  loss=0.2492
  batch 150/264  loss=0.2988
  batch 160/264  loss=0.3587
  batch 170/264  loss=0.3166
  batch 180/264  loss=0.3626
  batch 190/264  loss=0.2672
  batch 200/264  loss=0.3779
  batch 210/264  loss=0.2624
  batch 220/264  loss=0.2770
  batch 230/264  loss=0.2833
  batch 240/264  loss=0.4263
  batch 250/264  loss=0.4433
  batch 260/264  loss=0.2765
Epoch 296/300  train=3.448e-01  rmse=7.2672  lr=2.5e-05  231s
  batch 10/264  loss=0.2863
  batch 20/264  loss=0.3670
  batch 30/264  loss=0.3733
  batch 40/264  loss=0.3247
  batch 50/264  loss=0.3732
  batch 60/264  loss=0.2861
  batch 70/264  loss=0.3713
  batch 80/264  loss=0.2974
  batch 90/264  loss=0.2626
  batch 100/264  loss=0.5080
  batch 110/264  loss=0.2750
  batch 120/264  loss=0.4540
  batch 130/264  loss=0.3637
  batch 140/264  loss=0.2245
  batch 150/264  loss=0.2930
  batch 160/264  loss=0.3272
  batch 170/264  loss=0.4900
  batch 180/264  loss=0.4530
  batch 190/264  loss=0.5331
  batch 200/264  loss=0.3227
  batch 210/264  loss=0.3096
  batch 220/264  loss=0.2591
  batch 230/264  loss=0.3495
  batch 240/264  loss=0.3148
  batch 250/264  loss=0.3063
  batch 260/264  loss=0.3326
Epoch 297/300  train=3.421e-01  rmse=1.9512  lr=2.5e-05  231s
  batch 10/264  loss=0.3583
  batch 20/264  loss=0.4777
  batch 30/264  loss=0.3019
  batch 40/264  loss=0.3412
  batch 50/264  loss=0.4342
  batch 60/264  loss=0.3148
  batch 70/264  loss=0.3628
  batch 80/264  loss=0.2433
  batch 90/264  loss=0.3238
  batch 100/264  loss=0.3757
  batch 110/264  loss=0.3361
  batch 120/264  loss=0.5223
  batch 130/264  loss=0.3200
  batch 140/264  loss=0.2864
  batch 150/264  loss=0.3800
  batch 160/264  loss=0.3989
  batch 170/264  loss=0.4153
  batch 180/264  loss=0.3351
  batch 190/264  loss=0.5134
  batch 200/264  loss=0.3097
  batch 210/264  loss=0.3031
  batch 220/264  loss=0.3447
  batch 230/264  loss=0.2452
  batch 240/264  loss=0.2903
  batch 250/264  loss=0.4370
  batch 260/264  loss=0.3403
Epoch 298/300  train=3.512e-01  rmse=2.2762  lr=2.5e-05  230s
  batch 10/264  loss=0.3475
  batch 20/264  loss=0.3049
  batch 30/264  loss=0.3033
  batch 40/264  loss=0.2997
  batch 50/264  loss=0.3086
  batch 60/264  loss=0.4034
  batch 70/264  loss=0.3290
  batch 80/264  loss=0.3010
  batch 90/264  loss=0.2728
  batch 100/264  loss=0.3333
  batch 110/264  loss=0.2888
  batch 120/264  loss=0.4427
  batch 130/264  loss=0.3005
  batch 140/264  loss=0.5380
  batch 150/264  loss=0.3698
  batch 160/264  loss=0.3339
  batch 170/264  loss=0.4050
  batch 180/264  loss=0.3130
  batch 190/264  loss=0.3480
  batch 200/264  loss=0.2998
  batch 210/264  loss=0.2483
  batch 220/264  loss=0.3124
  batch 230/264  loss=0.3300
  batch 240/264  loss=0.2776
  batch 250/264  loss=0.3878
  batch 260/264  loss=0.3387
Epoch 299/300  train=3.464e-01  rmse=1.8895  lr=2.5e-05  230s
  batch 10/264  loss=0.2918
  batch 20/264  loss=0.3420
  batch 30/264  loss=0.3220
  batch 40/264  loss=0.3599
  batch 50/264  loss=0.2755
  batch 60/264  loss=0.3944
  batch 70/264  loss=0.2867
  batch 80/264  loss=0.4042
  batch 90/264  loss=0.3450
  batch 100/264  loss=0.3887
  batch 110/264  loss=0.2847
  batch 120/264  loss=0.3387
  batch 130/264  loss=0.3049
  batch 140/264  loss=0.3856
  batch 150/264  loss=0.2640
  batch 160/264  loss=0.3737
  batch 170/264  loss=0.2951
  batch 180/264  loss=0.3076
  batch 190/264  loss=0.3139
  batch 200/264  loss=0.3406
  batch 210/264  loss=0.3185
  batch 220/264  loss=0.3335
  batch 230/264  loss=0.3270
  batch 240/264  loss=0.3072
  batch 250/264  loss=0.3432
  batch 260/264  loss=0.3971
Epoch 300/300  train=3.442e-01  rmse=2.4984  lr=2.5e-05  230s

Test evaluation (best checkpoint)...
Test (RMSE / MAE in μg/m³):
  total: 0.465678
  main: 0.027558
  nonneg: 0.000000
  smooth: 0.000000
  anom: 0.018017
  grad: 0.000000
  pattern: 0.119670
  spectral: 0.300433
  var: 0.000000
  rmse: 0.772117
  rmse_low: 1.016588
  rmse_high: 0.314835
  mae: 0.394616

  z  Height(m)        R²
--------------------------
  0       15.0    0.8423  <- ~0-100m
  1       25.0    0.8285  <- ~0-100m
  2       35.0    0.8650  <- ~0-100m
  3       45.0    0.8861  <- ~0-100m
  4       55.0    0.8972  <- ~0-100m
  5       75.0    0.9357  <- ~0-100m
  6       95.0    0.9572  <- ~0-100m
  7      115.0    0.9693  <- ~0-100m
  8      135.0    0.9759
  9      155.0    0.9802
 10      175.0    0.9812
 11      195.0    0.9815
