Device: cuda
Building datasets...
Temporal split:  train=264  val=0  test=72
Fitting normalisation on 264 samples...
  50/264
  100/264
  150/264
  200/264
  250/264
Done.
  emission  mean=5.6840  std=1.1291
  pm25      per-level  mean[0]=2.3826e+00  mean[-1]=1.1283e+00
Model: UNet3D  base_ch=16  params: 1,598,466
No val set — using train loss for scheduler and checkpoint selection.

Training for 300 epochs...
  batch 10/264  loss=1.6971
  batch 20/264  loss=3.1449
  batch 30/264  loss=1.3144
  batch 40/264  loss=2.1896
  batch 50/264  loss=1.7876
  batch 60/264  loss=1.3431
  batch 70/264  loss=0.7644
  batch 80/264  loss=0.7153
  batch 90/264  loss=2.8007
  batch 100/264  loss=3.8697
  batch 110/264  loss=0.5646
  batch 120/264  loss=0.9154
  batch 130/264  loss=0.6654
  batch 140/264  loss=0.7290
  batch 150/264  loss=1.4592
  batch 160/264  loss=1.5461
  batch 170/264  loss=0.4109
  batch 180/264  loss=2.0756
  batch 190/264  loss=1.9922
  batch 200/264  loss=0.4874
  batch 210/264  loss=1.0258
  batch 220/264  loss=0.6533
  batch 230/264  loss=0.8214
  batch 240/264  loss=0.9378
  batch 250/264  loss=0.6748
  batch 260/264  loss=0.6520
Epoch   1/300  train=1.354e+00  rmse=4.3552  lr=1.0e-04  250s
  -> best  monitor=1.354e+00
  batch 10/264  loss=0.7417
  batch 20/264  loss=1.2280
  batch 30/264  loss=1.0591
  batch 40/264  loss=3.1157
  batch 50/264  loss=0.4752
  batch 60/264  loss=0.5099
  batch 70/264  loss=0.6111
  batch 80/264  loss=0.6279
  batch 90/264  loss=1.1281
  batch 100/264  loss=0.3353
  batch 110/264  loss=0.6606
  batch 120/264  loss=0.4081
  batch 130/264  loss=0.7341
  batch 140/264  loss=0.6185
  batch 150/264  loss=2.0460
  batch 160/264  loss=0.4767
  batch 170/264  loss=2.3276
  batch 180/264  loss=0.8108
  batch 190/264  loss=0.7450
  batch 200/264  loss=0.5609
  batch 210/264  loss=1.2465
  batch 220/264  loss=0.6625
  batch 230/264  loss=0.5504
  batch 240/264  loss=0.8300
  batch 250/264  loss=0.3440
  batch 260/264  loss=0.3879
Epoch   2/300  train=8.373e-01  rmse=3.5904  lr=1.0e-04  226s
  -> best  monitor=8.373e-01
  batch 10/264  loss=0.6548
  batch 20/264  loss=0.4061
  batch 30/264  loss=1.7405
  batch 40/264  loss=0.4762
  batch 50/264  loss=0.5317
  batch 60/264  loss=0.3493
  batch 70/264  loss=0.4598
  batch 80/264  loss=0.9328
  batch 90/264  loss=0.9322
  batch 100/264  loss=0.6049
  batch 110/264  loss=0.4301
  batch 120/264  loss=0.8152
  batch 130/264  loss=0.4449
  batch 140/264  loss=0.7311
  batch 150/264  loss=0.3057
  batch 160/264  loss=0.5251
  batch 170/264  loss=0.7492
  batch 180/264  loss=0.7627
  batch 190/264  loss=0.7049
  batch 200/264  loss=0.4704
  batch 210/264  loss=1.9121
  batch 220/264  loss=0.4627
  batch 230/264  loss=0.3558
  batch 240/264  loss=0.4297
  batch 250/264  loss=0.3121
  batch 260/264  loss=0.5514
Epoch   3/300  train=6.101e-01  rmse=3.1435  lr=1.0e-04  225s
  -> best  monitor=6.101e-01
  batch 10/264  loss=0.4056
  batch 20/264  loss=0.6654
  batch 30/264  loss=0.3349
  batch 40/264  loss=0.4707
  batch 50/264  loss=0.3741
  batch 60/264  loss=0.4624
  batch 70/264  loss=0.2946
  batch 80/264  loss=0.2808
  batch 90/264  loss=0.3187
  batch 100/264  loss=0.4408
  batch 110/264  loss=0.3992
  batch 120/264  loss=0.6505
  batch 130/264  loss=0.3654
  batch 140/264  loss=0.4433
  batch 150/264  loss=0.3062
  batch 160/264  loss=0.7281
  batch 170/264  loss=0.2141
  batch 180/264  loss=0.4339
  batch 190/264  loss=0.5752
  batch 200/264  loss=0.6874
  batch 210/264  loss=0.2827
  batch 220/264  loss=1.3184
  batch 230/264  loss=0.3506
  batch 240/264  loss=0.8884
  batch 250/264  loss=0.6800
  batch 260/264  loss=0.4452
Epoch   4/300  train=5.167e-01  rmse=2.9418  lr=1.0e-04  228s
  -> best  monitor=5.167e-01
  batch 10/264  loss=0.3900
  batch 20/264  loss=0.3425
  batch 30/264  loss=0.5485
  batch 40/264  loss=1.1200
  batch 50/264  loss=0.3655
  batch 60/264  loss=1.7108
  batch 70/264  loss=0.1959
  batch 80/264  loss=0.1963
  batch 90/264  loss=0.2988
  batch 100/264  loss=0.4236
  batch 110/264  loss=0.2849
  batch 120/264  loss=0.3392
  batch 130/264  loss=0.4139
  batch 140/264  loss=0.9660
  batch 150/264  loss=0.2692
  batch 160/264  loss=0.2072
  batch 170/264  loss=0.5384
  batch 180/264  loss=0.2595
  batch 190/264  loss=0.2723
  batch 200/264  loss=0.5001
  batch 210/264  loss=0.2472
  batch 220/264  loss=0.3484
  batch 230/264  loss=0.2623
  batch 240/264  loss=0.2867
  batch 250/264  loss=0.2105
  batch 260/264  loss=0.2467
Epoch   5/300  train=4.624e-01  rmse=2.8267  lr=1.0e-04  228s
  -> best  monitor=4.624e-01
  batch 10/264  loss=0.3293
  batch 20/264  loss=0.1920
  batch 30/264  loss=0.3973
  batch 40/264  loss=0.1848
  batch 50/264  loss=0.5360
  batch 60/264  loss=0.2730
  batch 70/264  loss=0.4713
  batch 80/264  loss=0.4998
  batch 90/264  loss=0.6819
  batch 100/264  loss=1.4436
  batch 110/264  loss=0.2706
  batch 120/264  loss=0.6333
  batch 130/264  loss=0.1883
  batch 140/264  loss=0.3242
  batch 150/264  loss=0.3195
  batch 160/264  loss=0.8259
  batch 170/264  loss=0.1561
  batch 180/264  loss=0.3922
  batch 190/264  loss=1.1368
  batch 200/264  loss=0.3009
  batch 210/264  loss=0.3182
  batch 220/264  loss=0.1944
  batch 230/264  loss=0.2624
  batch 240/264  loss=0.4677
  batch 250/264  loss=0.2937
  batch 260/264  loss=0.4688
Epoch   6/300  train=4.290e-01  rmse=2.8539  lr=1.0e-04  229s
  -> best  monitor=4.290e-01
  batch 10/264  loss=0.4558
  batch 20/264  loss=0.1870
  batch 30/264  loss=0.3929
  batch 40/264  loss=0.3933
  batch 50/264  loss=0.5100
  batch 60/264  loss=0.2846
  batch 70/264  loss=0.4443
  batch 80/264  loss=0.6076
  batch 90/264  loss=0.4467
  batch 100/264  loss=0.4335
  batch 110/264  loss=0.5012
  batch 120/264  loss=0.3614
  batch 130/264  loss=0.3600
  batch 140/264  loss=0.3163
  batch 150/264  loss=0.1307
  batch 160/264  loss=0.1790
  batch 170/264  loss=0.3693
  batch 180/264  loss=0.1293
  batch 190/264  loss=0.9511
  batch 200/264  loss=0.2198
  batch 210/264  loss=0.6717
  batch 220/264  loss=0.7380
  batch 230/264  loss=0.3143
  batch 240/264  loss=0.2858
  batch 250/264  loss=0.3796
  batch 260/264  loss=0.2344
Epoch   7/300  train=4.006e-01  rmse=2.7726  lr=1.0e-04  229s
  -> best  monitor=4.006e-01
  batch 10/264  loss=0.3253
  batch 20/264  loss=0.2754
  batch 30/264  loss=0.1817
  batch 40/264  loss=0.4046
  batch 50/264  loss=0.2946
  batch 60/264  loss=0.3788
  batch 70/264  loss=0.2659
  batch 80/264  loss=0.2194
  batch 90/264  loss=0.2421
  batch 100/264  loss=0.2296
  batch 110/264  loss=0.2845
  batch 120/264  loss=0.2162
  batch 130/264  loss=0.2668
  batch 140/264  loss=0.1858
  batch 150/264  loss=0.3902
  batch 160/264  loss=0.4318
  batch 170/264  loss=0.2910
  batch 180/264  loss=0.2087
  batch 190/264  loss=0.1601
  batch 200/264  loss=1.0850
  batch 210/264  loss=0.3531
  batch 220/264  loss=0.1706
  batch 230/264  loss=0.3170
  batch 240/264  loss=0.3318
  batch 250/264  loss=0.3204
  batch 260/264  loss=1.1098
Epoch   8/300  train=3.884e-01  rmse=2.7657  lr=1.0e-04  228s
  -> best  monitor=3.884e-01
  batch 10/264  loss=0.2753
  batch 20/264  loss=0.2432
  batch 30/264  loss=0.2289
  batch 40/264  loss=0.1261
  batch 50/264  loss=0.1464
  batch 60/264  loss=0.1962
  batch 70/264  loss=0.2336
  batch 80/264  loss=0.1327
  batch 90/264  loss=0.1510
  batch 100/264  loss=0.2499
  batch 110/264  loss=0.3195
  batch 120/264  loss=0.2667
  batch 130/264  loss=0.3418
  batch 140/264  loss=0.2512
  batch 150/264  loss=0.2385
  batch 160/264  loss=0.2586
  batch 170/264  loss=0.7894
  batch 180/264  loss=0.2642
  batch 190/264  loss=0.1470
  batch 200/264  loss=0.4159
  batch 210/264  loss=0.2329
  batch 220/264  loss=0.1438
  batch 230/264  loss=0.2183
  batch 240/264  loss=0.2202
  batch 250/264  loss=0.5376
  batch 260/264  loss=0.2209
Epoch   9/300  train=3.656e-01  rmse=2.7556  lr=1.0e-04  227s
  -> best  monitor=3.656e-01
  batch 10/264  loss=0.2287
  batch 20/264  loss=0.4278
  batch 30/264  loss=0.2566
  batch 40/264  loss=0.3152
  batch 50/264  loss=0.3520
  batch 60/264  loss=0.2288
  batch 70/264  loss=0.3365
  batch 80/264  loss=0.2962
  batch 90/264  loss=0.2526
  batch 100/264  loss=0.2135
  batch 110/264  loss=0.1558
  batch 120/264  loss=0.1925
  batch 130/264  loss=0.3654
  batch 140/264  loss=0.1781
  batch 150/264  loss=0.3489
  batch 160/264  loss=0.3173
  batch 170/264  loss=0.2207
  batch 180/264  loss=0.5969
  batch 190/264  loss=0.3032
  batch 200/264  loss=0.3183
  batch 210/264  loss=0.6950
  batch 220/264  loss=0.2349
  batch 230/264  loss=0.4062
  batch 240/264  loss=0.6341
  batch 250/264  loss=0.2587
  batch 260/264  loss=0.2181
Epoch  10/300  train=3.519e-01  rmse=2.6985  lr=1.0e-04  227s
  -> best  monitor=3.519e-01
  batch 10/264  loss=0.3087
  batch 20/264  loss=0.3371
  batch 30/264  loss=0.1795
  batch 40/264  loss=0.1991
  batch 50/264  loss=0.3363
  batch 60/264  loss=0.1848
  batch 70/264  loss=0.2231
  batch 80/264  loss=0.1458
  batch 90/264  loss=0.4836
  batch 100/264  loss=0.3740
  batch 110/264  loss=0.2564
  batch 120/264  loss=0.2303
  batch 130/264  loss=1.3667
  batch 140/264  loss=0.2855
  batch 150/264  loss=0.3278
  batch 160/264  loss=0.2095
  batch 170/264  loss=0.2980
  batch 180/264  loss=0.2593
  batch 190/264  loss=0.2283
  batch 200/264  loss=0.1406
  batch 210/264  loss=0.5826
  batch 220/264  loss=0.1204
  batch 230/264  loss=0.2333
  batch 240/264  loss=0.1830
  batch 250/264  loss=0.3104
  batch 260/264  loss=0.1792
Epoch  11/300  train=3.383e-01  rmse=2.6213  lr=1.0e-04  227s
  -> best  monitor=3.383e-01
  batch 10/264  loss=0.3020
  batch 20/264  loss=0.3480
  batch 30/264  loss=0.2150
  batch 40/264  loss=0.3900
  batch 50/264  loss=0.1861
  batch 60/264  loss=0.1991
  batch 70/264  loss=0.2036
  batch 80/264  loss=0.3531
  batch 90/264  loss=0.2137
  batch 100/264  loss=0.1620
  batch 110/264  loss=0.4409
  batch 120/264  loss=0.3047
  batch 130/264  loss=0.4107
  batch 140/264  loss=0.2025
  batch 150/264  loss=0.1868
  batch 160/264  loss=0.2555
  batch 170/264  loss=0.1816
  batch 180/264  loss=0.1844
  batch 190/264  loss=0.1663
  batch 200/264  loss=0.3104
  batch 210/264  loss=0.2026
  batch 220/264  loss=0.2293
  batch 230/264  loss=0.4824
  batch 240/264  loss=0.4446
  batch 250/264  loss=0.4914
  batch 260/264  loss=0.5159
Epoch  12/300  train=3.231e-01  rmse=2.6474  lr=1.0e-04  227s
  -> best  monitor=3.231e-01
  batch 10/264  loss=0.7521
  batch 20/264  loss=0.9767
  batch 30/264  loss=0.1794
  batch 40/264  loss=1.3745
  batch 50/264  loss=0.2304
  batch 60/264  loss=0.4979
  batch 70/264  loss=0.2569
  batch 80/264  loss=0.2624
  batch 90/264  loss=0.4040
  batch 100/264  loss=0.4487
  batch 110/264  loss=0.3600
  batch 120/264  loss=0.2347
  batch 130/264  loss=0.3003
  batch 140/264  loss=0.3979
  batch 150/264  loss=0.1567
  batch 160/264  loss=0.2003
  batch 170/264  loss=0.2416
  batch 180/264  loss=0.1290
  batch 190/264  loss=0.3714
  batch 200/264  loss=0.3441
  batch 210/264  loss=0.5954
  batch 220/264  loss=0.1045
  batch 230/264  loss=0.1437
  batch 240/264  loss=0.2180
  batch 250/264  loss=0.2139
  batch 260/264  loss=0.1831
Epoch  13/300  train=3.083e-01  rmse=2.5426  lr=1.0e-04  228s
  -> best  monitor=3.083e-01
  batch 10/264  loss=0.2450
  batch 20/264  loss=0.9445
  batch 30/264  loss=0.2726
  batch 40/264  loss=0.5017
  batch 50/264  loss=0.4506
  batch 60/264  loss=0.1952
  batch 70/264  loss=0.3598
  batch 80/264  loss=0.6214
  batch 90/264  loss=0.1603
  batch 100/264  loss=0.4141
  batch 110/264  loss=0.3006
  batch 120/264  loss=0.2674
  batch 130/264  loss=0.1237
  batch 140/264  loss=0.3512
  batch 150/264  loss=0.3682
  batch 160/264  loss=0.6722
  batch 170/264  loss=0.2479
  batch 180/264  loss=0.4011
  batch 190/264  loss=0.2024
  batch 200/264  loss=0.1113
  batch 210/264  loss=0.2487
  batch 220/264  loss=0.9322
  batch 230/264  loss=0.1995
  batch 240/264  loss=0.1548
  batch 250/264  loss=0.1879
  batch 260/264  loss=0.1475
Epoch  14/300  train=3.009e-01  rmse=2.5195  lr=1.0e-04  228s
  -> best  monitor=3.009e-01
  batch 10/264  loss=0.1794
  batch 20/264  loss=0.3507
  batch 30/264  loss=0.3079
  batch 40/264  loss=0.3284
  batch 50/264  loss=0.3200
  batch 60/264  loss=0.1832
  batch 70/264  loss=0.2227
  batch 80/264  loss=0.2140
  batch 90/264  loss=0.1617
  batch 100/264  loss=0.4185
  batch 110/264  loss=0.2037
  batch 120/264  loss=0.1970
  batch 130/264  loss=0.1686
  batch 140/264  loss=0.2658
  batch 150/264  loss=0.1731
  batch 160/264  loss=0.1254
  batch 170/264  loss=0.3191
  batch 180/264  loss=0.3675
  batch 190/264  loss=0.2995
  batch 200/264  loss=0.9821
  batch 210/264  loss=0.2642
  batch 220/264  loss=0.1517
  batch 230/264  loss=0.3508
  batch 240/264  loss=0.1989
  batch 250/264  loss=0.1831
  batch 260/264  loss=0.4263
Epoch  15/300  train=2.906e-01  rmse=2.4910  lr=1.0e-04  231s
  -> best  monitor=2.906e-01
  batch 10/264  loss=0.2116
  batch 20/264  loss=0.1164
  batch 30/264  loss=0.6134
  batch 40/264  loss=0.1913
  batch 50/264  loss=0.4665
  batch 60/264  loss=0.2589
  batch 70/264  loss=0.1944
  batch 80/264  loss=0.1804
  batch 90/264  loss=0.3402
  batch 100/264  loss=0.1872
  batch 110/264  loss=0.2483
  batch 120/264  loss=0.1062
  batch 130/264  loss=0.1640
  batch 140/264  loss=0.1560
  batch 150/264  loss=0.5809
  batch 160/264  loss=0.1587
  batch 170/264  loss=0.2103
  batch 180/264  loss=0.3074
  batch 190/264  loss=0.2259
  batch 200/264  loss=0.6778
  batch 210/264  loss=0.1377
  batch 220/264  loss=0.3364
  batch 230/264  loss=0.4031
  batch 240/264  loss=0.2158
  batch 250/264  loss=0.2453
  batch 260/264  loss=0.2570
Epoch  16/300  train=2.799e-01  rmse=2.4385  lr=1.0e-04  228s
  -> best  monitor=2.799e-01
  batch 10/264  loss=0.2392
  batch 20/264  loss=0.2918
  batch 30/264  loss=0.1941
  batch 40/264  loss=0.3073
  batch 50/264  loss=0.2487
  batch 60/264  loss=0.1593
  batch 70/264  loss=0.1600
  batch 80/264  loss=0.3346
  batch 90/264  loss=0.2928
  batch 100/264  loss=0.2348
  batch 110/264  loss=0.2120
  batch 120/264  loss=0.1487
  batch 130/264  loss=0.0969
  batch 140/264  loss=0.1263
  batch 150/264  loss=0.2593
  batch 160/264  loss=0.1632
  batch 170/264  loss=0.1951
  batch 180/264  loss=0.3540
  batch 190/264  loss=0.1719
  batch 200/264  loss=0.2076
  batch 210/264  loss=0.2349
  batch 220/264  loss=0.6822
  batch 230/264  loss=0.4682
  batch 240/264  loss=0.2832
  batch 250/264  loss=0.1460
  batch 260/264  loss=0.7885
Epoch  17/300  train=2.759e-01  rmse=2.4412  lr=1.0e-04  230s
  -> best  monitor=2.759e-01
  batch 10/264  loss=0.4475
  batch 20/264  loss=0.4019
  batch 30/264  loss=0.3298
  batch 40/264  loss=0.2662
  batch 50/264  loss=0.2877
  batch 60/264  loss=0.1589
  batch 70/264  loss=0.4449
  batch 80/264  loss=0.1507
  batch 90/264  loss=0.2811
  batch 100/264  loss=0.2455
  batch 110/264  loss=0.2557
  batch 120/264  loss=0.1820
  batch 130/264  loss=0.2396
  batch 140/264  loss=0.2948
  batch 150/264  loss=0.2032
  batch 160/264  loss=0.1132
  batch 170/264  loss=0.3419
  batch 180/264  loss=0.6575
  batch 190/264  loss=0.4236
  batch 200/264  loss=0.1799
  batch 210/264  loss=0.1469
  batch 220/264  loss=0.1186
  batch 230/264  loss=0.3005
  batch 240/264  loss=0.3312
  batch 250/264  loss=0.3200
  batch 260/264  loss=0.2030
Epoch  18/300  train=2.686e-01  rmse=2.4922  lr=1.0e-04  228s
  -> best  monitor=2.686e-01
  batch 10/264  loss=0.4406
  batch 20/264  loss=0.1992
  batch 30/264  loss=0.3069
  batch 40/264  loss=0.1502
  batch 50/264  loss=0.1019
  batch 60/264  loss=1.0425
  batch 70/264  loss=0.1472
  batch 80/264  loss=0.1298
  batch 90/264  loss=0.1992
  batch 100/264  loss=0.2476
  batch 110/264  loss=0.2447
  batch 120/264  loss=0.1593
  batch 130/264  loss=0.1461
  batch 140/264  loss=0.2025
  batch 150/264  loss=0.2788
  batch 160/264  loss=0.2183
  batch 170/264  loss=0.3591
  batch 180/264  loss=0.3100
  batch 190/264  loss=0.7527
  batch 200/264  loss=0.8497
  batch 210/264  loss=0.1443
  batch 220/264  loss=0.2257
  batch 230/264  loss=0.1219
  batch 240/264  loss=0.1804
  batch 250/264  loss=0.3243
  batch 260/264  loss=0.1198
Epoch  19/300  train=2.575e-01  rmse=2.3994  lr=1.0e-04  228s
  -> best  monitor=2.575e-01
  batch 10/264  loss=0.1862
  batch 20/264  loss=0.1397
  batch 30/264  loss=0.1520
  batch 40/264  loss=0.1483
  batch 50/264  loss=0.1670
  batch 60/264  loss=0.2008
  batch 70/264  loss=0.1312
  batch 80/264  loss=0.5194
  batch 90/264  loss=0.1453
  batch 100/264  loss=0.3998
  batch 110/264  loss=0.3497
  batch 120/264  loss=0.8735
  batch 130/264  loss=0.5401
  batch 140/264  loss=0.3422
  batch 150/264  loss=1.0944
  batch 160/264  loss=0.1029
  batch 170/264  loss=0.4192
  batch 180/264  loss=0.1399
  batch 190/264  loss=0.1384
  batch 200/264  loss=0.2609
  batch 210/264  loss=0.1721
  batch 220/264  loss=0.2372
  batch 230/264  loss=0.1260
  batch 240/264  loss=0.2433
  batch 250/264  loss=0.1503
  batch 260/264  loss=0.4163
Epoch  20/300  train=2.652e-01  rmse=2.4057  lr=1.0e-04  229s
  batch 10/264  loss=0.1742
  batch 20/264  loss=0.2180
  batch 30/264  loss=0.2019
  batch 40/264  loss=0.6960
  batch 50/264  loss=0.2095
  batch 60/264  loss=0.1440
  batch 70/264  loss=0.1389
  batch 80/264  loss=0.2125
  batch 90/264  loss=0.1339
  batch 100/264  loss=0.3005
  batch 110/264  loss=0.4422
  batch 120/264  loss=0.1638
  batch 130/264  loss=1.2821
  batch 140/264  loss=0.2356
  batch 150/264  loss=0.2018
  batch 160/264  loss=0.1226
  batch 170/264  loss=0.3593
  batch 180/264  loss=0.2630
  batch 190/264  loss=0.3580
  batch 200/264  loss=0.1664
  batch 210/264  loss=0.1518
  batch 220/264  loss=0.3408
  batch 230/264  loss=0.2222
  batch 240/264  loss=0.1415
  batch 250/264  loss=0.2054
  batch 260/264  loss=0.0890
Epoch  21/300  train=2.511e-01  rmse=2.3855  lr=1.0e-04  228s
  -> best  monitor=2.511e-01
  batch 10/264  loss=0.3079
  batch 20/264  loss=0.1048
  batch 30/264  loss=0.1287
  batch 40/264  loss=0.4973
  batch 50/264  loss=0.2495
  batch 60/264  loss=0.1802
  batch 70/264  loss=0.1615
  batch 80/264  loss=0.3120
  batch 90/264  loss=0.1872
  batch 100/264  loss=0.1695
  batch 110/264  loss=0.2248
  batch 120/264  loss=0.3946
  batch 130/264  loss=0.3481
  batch 140/264  loss=0.1828
  batch 150/264  loss=0.1861
  batch 160/264  loss=0.1975
  batch 170/264  loss=0.1808
  batch 180/264  loss=0.1675
  batch 190/264  loss=0.1985
  batch 200/264  loss=0.2055
  batch 210/264  loss=0.2674
  batch 220/264  loss=0.2448
  batch 230/264  loss=0.1385
  batch 240/264  loss=0.1929
  batch 250/264  loss=0.2230
  batch 260/264  loss=0.1954
Epoch  22/300  train=2.510e-01  rmse=2.3672  lr=1.0e-04  228s
  -> best  monitor=2.510e-01
  batch 10/264  loss=0.6417
  batch 20/264  loss=0.1788
  batch 30/264  loss=0.2926
  batch 40/264  loss=0.1891
  batch 50/264  loss=0.1442
  batch 60/264  loss=0.1949
  batch 70/264  loss=0.2578
  batch 80/264  loss=0.1273
  batch 90/264  loss=0.1071
  batch 100/264  loss=0.3967
  batch 110/264  loss=0.2401
  batch 120/264  loss=0.0880
  batch 130/264  loss=0.1789
  batch 140/264  loss=0.2586
  batch 150/264  loss=0.1437
  batch 160/264  loss=0.1763
  batch 170/264  loss=0.3277
  batch 180/264  loss=0.2242
  batch 190/264  loss=0.1233
  batch 200/264  loss=0.1175
  batch 210/264  loss=0.1973
  batch 220/264  loss=1.0035
  batch 230/264  loss=0.1678
  batch 240/264  loss=0.1911
  batch 250/264  loss=0.3763
  batch 260/264  loss=0.1388
Epoch  23/300  train=2.410e-01  rmse=2.3206  lr=1.0e-04  227s
  -> best  monitor=2.410e-01
  batch 10/264  loss=0.1509
  batch 20/264  loss=0.2748
  batch 30/264  loss=0.2247
  batch 40/264  loss=0.1049
  batch 50/264  loss=0.1567
  batch 60/264  loss=0.1259
  batch 70/264  loss=0.5632
  batch 80/264  loss=0.2298
  batch 90/264  loss=0.1247
  batch 100/264  loss=0.3235
  batch 110/264  loss=1.0074
  batch 120/264  loss=0.1564
  batch 130/264  loss=0.1450
  batch 140/264  loss=0.2812
  batch 150/264  loss=0.9327
  batch 160/264  loss=0.1755
  batch 170/264  loss=0.1543
  batch 180/264  loss=0.1977
  batch 190/264  loss=0.6099
  batch 200/264  loss=0.1228
  batch 210/264  loss=0.3297
  batch 220/264  loss=0.1896
  batch 230/264  loss=0.2508
  batch 240/264  loss=0.1380
  batch 250/264  loss=0.2110
  batch 260/264  loss=0.1100
Epoch  24/300  train=2.376e-01  rmse=2.3123  lr=1.0e-04  229s
  -> best  monitor=2.376e-01
  batch 10/264  loss=0.1477
  batch 20/264  loss=0.2090
  batch 30/264  loss=0.2063
  batch 40/264  loss=0.2014
  batch 50/264  loss=0.2551
  batch 60/264  loss=0.1428
  batch 70/264  loss=0.1535
  batch 80/264  loss=0.1706
  batch 90/264  loss=0.0884
  batch 100/264  loss=0.2154
  batch 110/264  loss=0.1241
  batch 120/264  loss=0.2156
  batch 130/264  loss=0.4230
  batch 140/264  loss=0.1397
  batch 150/264  loss=0.2384
  batch 160/264  loss=0.3120
  batch 170/264  loss=1.0224
  batch 180/264  loss=0.1223
  batch 190/264  loss=0.5921
  batch 200/264  loss=0.2175
  batch 210/264  loss=0.2257
  batch 220/264  loss=0.2309
  batch 230/264  loss=0.1331
  batch 240/264  loss=0.2566
  batch 250/264  loss=0.1856
  batch 260/264  loss=0.1948
Epoch  25/300  train=2.326e-01  rmse=2.3000  lr=1.0e-04  230s
  -> best  monitor=2.326e-01
  batch 10/264  loss=0.2068
  batch 20/264  loss=0.2249
  batch 30/264  loss=0.5028
  batch 40/264  loss=0.1299
  batch 50/264  loss=0.1785
  batch 60/264  loss=0.2046
  batch 70/264  loss=0.1976
  batch 80/264  loss=0.1548
  batch 90/264  loss=0.1324
  batch 100/264  loss=0.1416
  batch 110/264  loss=0.1847
  batch 120/264  loss=0.3669
  batch 130/264  loss=0.1827
  batch 140/264  loss=0.3788
  batch 150/264  loss=1.2662
  batch 160/264  loss=0.1492
  batch 170/264  loss=0.2445
  batch 180/264  loss=0.2248
  batch 190/264  loss=0.1316
  batch 200/264  loss=0.2081
  batch 210/264  loss=0.1514
  batch 220/264  loss=0.2558
  batch 230/264  loss=0.1419
  batch 240/264  loss=0.2436
  batch 250/264  loss=0.1556
  batch 260/264  loss=0.2631
Epoch  26/300  train=2.283e-01  rmse=2.2488  lr=1.0e-04  228s
  -> best  monitor=2.283e-01
  batch 10/264  loss=0.1293
  batch 20/264  loss=0.4807
  batch 30/264  loss=0.1086
  batch 40/264  loss=0.2148
  batch 50/264  loss=0.3783
  batch 60/264  loss=0.1337
  batch 70/264  loss=0.1754
  batch 80/264  loss=0.1183
  batch 90/264  loss=0.0778
  batch 100/264  loss=0.3087
  batch 110/264  loss=0.1957
  batch 120/264  loss=0.0977
  batch 130/264  loss=0.6489
  batch 140/264  loss=0.1178
  batch 150/264  loss=0.2267
  batch 160/264  loss=0.0908
  batch 170/264  loss=0.1747
  batch 180/264  loss=0.3246
  batch 190/264  loss=0.1189
  batch 200/264  loss=0.9353
  batch 210/264  loss=0.4301
  batch 220/264  loss=0.1289
  batch 230/264  loss=0.0814
  batch 240/264  loss=0.1441
  batch 250/264  loss=0.0972
  batch 260/264  loss=0.2610
Epoch  27/300  train=2.229e-01  rmse=2.2967  lr=1.0e-04  229s
  -> best  monitor=2.229e-01
  batch 10/264  loss=0.1216
  batch 20/264  loss=0.2645
  batch 30/264  loss=0.2931
  batch 40/264  loss=0.1754
  batch 50/264  loss=0.1842
  batch 60/264  loss=0.1873
  batch 70/264  loss=0.6499
  batch 80/264  loss=0.1393
  batch 90/264  loss=0.1306
  batch 100/264  loss=0.1248
  batch 110/264  loss=0.2249
  batch 120/264  loss=0.2496
  batch 130/264  loss=0.1083
  batch 140/264  loss=0.1719
  batch 150/264  loss=0.1667
  batch 160/264  loss=0.1346
  batch 170/264  loss=0.1058
  batch 180/264  loss=0.1077
  batch 190/264  loss=0.1724
  batch 200/264  loss=0.8986
  batch 210/264  loss=0.1706
  batch 220/264  loss=0.1576
  batch 230/264  loss=0.2369
  batch 240/264  loss=0.1362
  batch 250/264  loss=0.0937
  batch 260/264  loss=0.2411
Epoch  28/300  train=2.184e-01  rmse=2.2814  lr=1.0e-04  230s
  -> best  monitor=2.184e-01
  batch 10/264  loss=0.1994
  batch 20/264  loss=0.3179
  batch 30/264  loss=0.4247
  batch 40/264  loss=0.1843
  batch 50/264  loss=0.1170
  batch 60/264  loss=0.2764
  batch 70/264  loss=0.2682
  batch 80/264  loss=0.5248
  batch 90/264  loss=0.2037
  batch 100/264  loss=0.1268
  batch 110/264  loss=0.2183
  batch 120/264  loss=0.1897
  batch 130/264  loss=0.1124
  batch 140/264  loss=0.1190
  batch 150/264  loss=0.1820
  batch 160/264  loss=0.6185
  batch 170/264  loss=0.1582
  batch 180/264  loss=0.1475
  batch 190/264  loss=0.2166
  batch 200/264  loss=0.1872
  batch 210/264  loss=0.2059
  batch 220/264  loss=0.1694
  batch 230/264  loss=0.1217
  batch 240/264  loss=0.1052
  batch 250/264  loss=0.1246
  batch 260/264  loss=0.1274
Epoch  29/300  train=2.144e-01  rmse=2.1981  lr=1.0e-04  229s
  -> best  monitor=2.144e-01
  batch 10/264  loss=0.1597
  batch 20/264  loss=0.5155
  batch 30/264  loss=0.6402
  batch 40/264  loss=0.1154
  batch 50/264  loss=0.2806
  batch 60/264  loss=0.4348
  batch 70/264  loss=0.1231
  batch 80/264  loss=0.1889
  batch 90/264  loss=0.1384
  batch 100/264  loss=0.2450
  batch 110/264  loss=0.2000
  batch 120/264  loss=0.2988
  batch 130/264  loss=0.1244
  batch 140/264  loss=0.4099
  batch 150/264  loss=0.2105
  batch 160/264  loss=0.0953
  batch 170/264  loss=0.5830
  batch 180/264  loss=0.1703
  batch 190/264  loss=0.1445
  batch 200/264  loss=0.1229
  batch 210/264  loss=0.1868
  batch 220/264  loss=0.1362
  batch 230/264  loss=0.1586
  batch 240/264  loss=0.1038
  batch 250/264  loss=0.1105
  batch 260/264  loss=0.2084
Epoch  30/300  train=2.099e-01  rmse=2.1915  lr=1.0e-04  228s
  -> best  monitor=2.099e-01
  batch 10/264  loss=0.1787
  batch 20/264  loss=0.1467
  batch 30/264  loss=0.1186
  batch 40/264  loss=0.0960
  batch 50/264  loss=0.2765
  batch 60/264  loss=0.1353
  batch 70/264  loss=0.2486
  batch 80/264  loss=0.2155
  batch 90/264  loss=0.4402
  batch 100/264  loss=0.1103
  batch 110/264  loss=0.1910
  batch 120/264  loss=0.1865
  batch 130/264  loss=0.2576
  batch 140/264  loss=0.2046
  batch 150/264  loss=0.3149
  batch 160/264  loss=0.0881
  batch 170/264  loss=0.1375
  batch 180/264  loss=0.3578
  batch 190/264  loss=0.1749
  batch 200/264  loss=0.1921
  batch 210/264  loss=0.1967
  batch 220/264  loss=0.1541
  batch 230/264  loss=0.2016
  batch 240/264  loss=0.2445
  batch 250/264  loss=0.1142
  batch 260/264  loss=0.3054
Epoch  31/300  train=2.162e-01  rmse=2.2280  lr=1.0e-04  227s
  batch 10/264  loss=0.1253
  batch 20/264  loss=0.1037
  batch 30/264  loss=0.2050
  batch 40/264  loss=0.2066
  batch 50/264  loss=0.1623
  batch 60/264  loss=0.1632
  batch 70/264  loss=0.1333
  batch 80/264  loss=0.1175
  batch 90/264  loss=0.2493
  batch 100/264  loss=0.1479
  batch 110/264  loss=0.4606
  batch 120/264  loss=0.1634
  batch 130/264  loss=0.1250
  batch 140/264  loss=0.3100
  batch 150/264  loss=0.1391
  batch 160/264  loss=0.2015
  batch 170/264  loss=0.3103
  batch 180/264  loss=0.2423
  batch 190/264  loss=0.1307
  batch 200/264  loss=0.1341
  batch 210/264  loss=0.4770
  batch 220/264  loss=0.0778
  batch 230/264  loss=0.1945
  batch 240/264  loss=0.1101
  batch 250/264  loss=0.3454
  batch 260/264  loss=0.1091
Epoch  32/300  train=2.071e-01  rmse=2.1892  lr=1.0e-04  228s
  -> best  monitor=2.071e-01
  batch 10/264  loss=0.0877
  batch 20/264  loss=0.1791
  batch 30/264  loss=0.2018
  batch 40/264  loss=0.1400
  batch 50/264  loss=0.5254
  batch 60/264  loss=0.0921
  batch 70/264  loss=0.1039
  batch 80/264  loss=0.0967
  batch 90/264  loss=0.1407
  batch 100/264  loss=0.1411
  batch 110/264  loss=0.0813
  batch 120/264  loss=0.0777
  batch 130/264  loss=0.2472
  batch 140/264  loss=0.1932
  batch 150/264  loss=0.1207
  batch 160/264  loss=0.1228
  batch 170/264  loss=0.1080
  batch 180/264  loss=0.2083
  batch 190/264  loss=0.1326
  batch 200/264  loss=0.1560
  batch 210/264  loss=0.6323
  batch 220/264  loss=0.6266
  batch 230/264  loss=0.2026
  batch 240/264  loss=0.2709
  batch 250/264  loss=0.1782
  batch 260/264  loss=0.1789
Epoch  33/300  train=2.036e-01  rmse=2.2055  lr=1.0e-04  227s
  -> best  monitor=2.036e-01
  batch 10/264  loss=0.1935
  batch 20/264  loss=0.0964
  batch 30/264  loss=0.2252
  batch 40/264  loss=0.1837
  batch 50/264  loss=0.1877
  batch 60/264  loss=0.1129
  batch 70/264  loss=0.2471
  batch 80/264  loss=0.1467
  batch 90/264  loss=0.1493
  batch 100/264  loss=0.5903
  batch 110/264  loss=0.3418
  batch 120/264  loss=0.1585
  batch 130/264  loss=0.2030
  batch 140/264  loss=0.1335
  batch 150/264  loss=0.1776
  batch 160/264  loss=0.3979
  batch 170/264  loss=0.2358
  batch 180/264  loss=0.1016
  batch 190/264  loss=0.1250
  batch 200/264  loss=0.2076
  batch 210/264  loss=0.1171
  batch 220/264  loss=0.2413
  batch 230/264  loss=0.1285
  batch 240/264  loss=0.1783
  batch 250/264  loss=0.2487
  batch 260/264  loss=0.1418
Epoch  34/300  train=2.011e-01  rmse=2.1340  lr=1.0e-04  227s
  -> best  monitor=2.011e-01
  batch 10/264  loss=0.5505
  batch 20/264  loss=0.1477
  batch 30/264  loss=0.2540
  batch 40/264  loss=0.2576
  batch 50/264  loss=0.1517
  batch 60/264  loss=0.1852
  batch 70/264  loss=0.1058
  batch 80/264  loss=0.1535
  batch 90/264  loss=0.1739
  batch 100/264  loss=0.2143
  batch 110/264  loss=0.2235
  batch 120/264  loss=0.0844
  batch 130/264  loss=0.0731
  batch 140/264  loss=0.1338
  batch 150/264  loss=0.3778
  batch 160/264  loss=0.2338
  batch 170/264  loss=0.0904
  batch 180/264  loss=0.1333
  batch 190/264  loss=0.3031
  batch 200/264  loss=0.1692
  batch 210/264  loss=0.0790
  batch 220/264  loss=0.1255
  batch 230/264  loss=0.3143
  batch 240/264  loss=0.2792
  batch 250/264  loss=0.3318
  batch 260/264  loss=0.3424
Epoch  35/300  train=1.970e-01  rmse=2.2185  lr=1.0e-04  227s
  -> best  monitor=1.970e-01
  batch 10/264  loss=0.1705
  batch 20/264  loss=0.2582
  batch 30/264  loss=0.1008
  batch 40/264  loss=0.2263
  batch 50/264  loss=0.3549
  batch 60/264  loss=0.1270
  batch 70/264  loss=0.2872
  batch 80/264  loss=0.1072
  batch 90/264  loss=0.2572
  batch 100/264  loss=0.1654
  batch 110/264  loss=0.0926
  batch 120/264  loss=0.1024
  batch 130/264  loss=0.0990
  batch 140/264  loss=0.2144
  batch 150/264  loss=0.0850
  batch 160/264  loss=0.2042
  batch 170/264  loss=0.1840
  batch 180/264  loss=0.1365
  batch 190/264  loss=0.1050
  batch 200/264  loss=0.1453
  batch 210/264  loss=0.1745
  batch 220/264  loss=0.1956
  batch 230/264  loss=0.1023
  batch 240/264  loss=0.2469
  batch 250/264  loss=0.2017
  batch 260/264  loss=0.0982
Epoch  36/300  train=1.966e-01  rmse=2.1626  lr=1.0e-04  227s
  -> best  monitor=1.966e-01
  batch 10/264  loss=0.1083
  batch 20/264  loss=0.2362
  batch 30/264  loss=0.1130
  batch 40/264  loss=0.1441
  batch 50/264  loss=0.2633
  batch 60/264  loss=0.1183
  batch 70/264  loss=0.1750
  batch 80/264  loss=0.3802
  batch 90/264  loss=0.1700
  batch 100/264  loss=0.1797
  batch 110/264  loss=0.2353
  batch 120/264  loss=0.3108
  batch 130/264  loss=0.1139
  batch 140/264  loss=0.0912
  batch 150/264  loss=0.1481
  batch 160/264  loss=0.1444
  batch 170/264  loss=0.3504
  batch 180/264  loss=0.1418
  batch 190/264  loss=0.1324
  batch 200/264  loss=0.0951
  batch 210/264  loss=0.1760
  batch 220/264  loss=0.1770
  batch 230/264  loss=0.4647
  batch 240/264  loss=0.3314
  batch 250/264  loss=0.1386
  batch 260/264  loss=0.2642
Epoch  37/300  train=1.912e-01  rmse=2.1996  lr=1.0e-04  228s
  -> best  monitor=1.912e-01
  batch 10/264  loss=0.1100
  batch 20/264  loss=0.1046
  batch 30/264  loss=0.1682
  batch 40/264  loss=0.0854
  batch 50/264  loss=0.1839
  batch 60/264  loss=0.0891
  batch 70/264  loss=0.0930
  batch 80/264  loss=0.3214
  batch 90/264  loss=0.1452
  batch 100/264  loss=0.2241
  batch 110/264  loss=0.4188
  batch 120/264  loss=0.2241
  batch 130/264  loss=0.2070
  batch 140/264  loss=0.0896
  batch 150/264  loss=0.1776
  batch 160/264  loss=0.2431
  batch 170/264  loss=0.1222
  batch 180/264  loss=0.2132
  batch 190/264  loss=0.3928
  batch 200/264  loss=0.2714
  batch 210/264  loss=0.0841
  batch 220/264  loss=0.1656
  batch 230/264  loss=0.3097
  batch 240/264  loss=0.4827
  batch 250/264  loss=0.1276
  batch 260/264  loss=0.1056
Epoch  38/300  train=1.904e-01  rmse=2.1308  lr=1.0e-04  229s
  -> best  monitor=1.904e-01
  batch 10/264  loss=0.1835
  batch 20/264  loss=0.1127
  batch 30/264  loss=0.1436
  batch 40/264  loss=0.3650
  batch 50/264  loss=0.1827
  batch 60/264  loss=0.1287
  batch 70/264  loss=0.2331
  batch 80/264  loss=0.1685
  batch 90/264  loss=0.2219
  batch 100/264  loss=0.1200
  batch 110/264  loss=0.2091
  batch 120/264  loss=0.1183
  batch 130/264  loss=0.1362
  batch 140/264  loss=0.1114
  batch 150/264  loss=0.1168
  batch 160/264  loss=0.2122
  batch 170/264  loss=0.6262
  batch 180/264  loss=0.4460
  batch 190/264  loss=0.0857
  batch 200/264  loss=0.1770
  batch 210/264  loss=0.3610
  batch 220/264  loss=0.3260
  batch 230/264  loss=0.1313
  batch 240/264  loss=0.4296
  batch 250/264  loss=0.1048
  batch 260/264  loss=0.0884
Epoch  39/300  train=1.924e-01  rmse=2.1325  lr=1.0e-04  228s
  batch 10/264  loss=0.2174
  batch 20/264  loss=0.1214
  batch 30/264  loss=0.1392
  batch 40/264  loss=0.0878
  batch 50/264  loss=0.1105
  batch 60/264  loss=0.0812
  batch 70/264  loss=0.1419
  batch 80/264  loss=0.1443
  batch 90/264  loss=0.2739
  batch 100/264  loss=0.1064
  batch 110/264  loss=0.1218
  batch 120/264  loss=0.1045
  batch 130/264  loss=0.1427
  batch 140/264  loss=0.1385
  batch 150/264  loss=0.1578
  batch 160/264  loss=0.1144
  batch 170/264  loss=0.1354
  batch 180/264  loss=0.4678
  batch 190/264  loss=0.1159
  batch 200/264  loss=0.1835
  batch 210/264  loss=0.0822
  batch 220/264  loss=0.2973
  batch 230/264  loss=0.1764
  batch 240/264  loss=0.2142
  batch 250/264  loss=0.1114
  batch 260/264  loss=0.4360
Epoch  40/300  train=1.902e-01  rmse=2.1502  lr=1.0e-04  229s
  -> best  monitor=1.902e-01
  batch 10/264  loss=0.1069
  batch 20/264  loss=0.1232
  batch 30/264  loss=0.1104
  batch 40/264  loss=0.0992
  batch 50/264  loss=0.0856
  batch 60/264  loss=0.2986
  batch 70/264  loss=0.1140
  batch 80/264  loss=0.1427
  batch 90/264  loss=0.5545
  batch 100/264  loss=0.4072
  batch 110/264  loss=0.0911
  batch 120/264  loss=0.2517
  batch 130/264  loss=0.0974
  batch 140/264  loss=0.2208
  batch 150/264  loss=0.2537
  batch 160/264  loss=0.1019
  batch 170/264  loss=0.1757
  batch 180/264  loss=0.1250
  batch 190/264  loss=0.1289
  batch 200/264  loss=0.1520
  batch 210/264  loss=0.2456
  batch 220/264  loss=0.1969
  batch 230/264  loss=0.1513
  batch 240/264  loss=0.1626
  batch 250/264  loss=0.1154
  batch 260/264  loss=0.1120
Epoch  41/300  train=1.844e-01  rmse=2.1234  lr=1.0e-04  228s
  -> best  monitor=1.844e-01
  batch 10/264  loss=0.2914
  batch 20/264  loss=0.0747
  batch 30/264  loss=0.2026
  batch 40/264  loss=0.2066
  batch 50/264  loss=0.1712
  batch 60/264  loss=0.1378
  batch 70/264  loss=0.1808
  batch 80/264  loss=0.3655
  batch 90/264  loss=0.0713
  batch 100/264  loss=0.1349
  batch 110/264  loss=0.1110
  batch 120/264  loss=0.1414
  batch 130/264  loss=0.1432
  batch 140/264  loss=0.0988
  batch 150/264  loss=0.3405
  batch 160/264  loss=0.1696
  batch 170/264  loss=0.1385
  batch 180/264  loss=0.7542
  batch 190/264  loss=0.1370
  batch 200/264  loss=0.1267
  batch 210/264  loss=0.1799
  batch 220/264  loss=0.4668
  batch 230/264  loss=0.1032
  batch 240/264  loss=0.1730
  batch 250/264  loss=0.3562
  batch 260/264  loss=0.3013
Epoch  42/300  train=1.884e-01  rmse=2.1479  lr=1.0e-04  228s
  batch 10/264  loss=0.2518
  batch 20/264  loss=0.1378
  batch 30/264  loss=0.5315
  batch 40/264  loss=0.1476
  batch 50/264  loss=0.2009
  batch 60/264  loss=0.2303
  batch 70/264  loss=0.1004
  batch 80/264  loss=0.1592
  batch 90/264  loss=0.2026
  batch 100/264  loss=0.0959
  batch 110/264  loss=0.1863
  batch 120/264  loss=0.1651
  batch 130/264  loss=0.1122
  batch 140/264  loss=0.1795
  batch 150/264  loss=0.2599
  batch 160/264  loss=0.1907
  batch 170/264  loss=0.1067
  batch 180/264  loss=0.1673
  batch 190/264  loss=0.1310
  batch 200/264  loss=0.2560
  batch 210/264  loss=0.1436
  batch 220/264  loss=0.1508
  batch 230/264  loss=0.1139
  batch 240/264  loss=0.1339
  batch 250/264  loss=0.1884
  batch 260/264  loss=0.1165
Epoch  43/300  train=1.833e-01  rmse=2.1202  lr=1.0e-04  228s
  -> best  monitor=1.833e-01
  batch 10/264  loss=0.1418
  batch 20/264  loss=0.1435
  batch 30/264  loss=0.0968
  batch 40/264  loss=0.1502
  batch 50/264  loss=0.3286
  batch 60/264  loss=0.1858
  batch 70/264  loss=0.1591
  batch 80/264  loss=0.1909
  batch 90/264  loss=0.0983
  batch 100/264  loss=0.3772
  batch 110/264  loss=0.1973
  batch 120/264  loss=0.1432
  batch 130/264  loss=0.1264
  batch 140/264  loss=0.2327
  batch 150/264  loss=0.1492
  batch 160/264  loss=0.0677
  batch 170/264  loss=0.0915
  batch 180/264  loss=0.2108
  batch 190/264  loss=0.1650
  batch 200/264  loss=0.0965
  batch 210/264  loss=0.1114
  batch 220/264  loss=0.2128
  batch 230/264  loss=0.2798
  batch 240/264  loss=0.1317
  batch 250/264  loss=0.1120
  batch 260/264  loss=0.1762
Epoch  44/300  train=1.787e-01  rmse=2.0506  lr=1.0e-04  228s
  -> best  monitor=1.787e-01
  batch 10/264  loss=0.1322
  batch 20/264  loss=0.0925
  batch 30/264  loss=0.1251
  batch 40/264  loss=0.1012
  batch 50/264  loss=0.1587
  batch 60/264  loss=0.3010
  batch 70/264  loss=0.2170
  batch 80/264  loss=0.2184
  batch 90/264  loss=0.2031
  batch 100/264  loss=0.3094
  batch 110/264  loss=0.0632
  batch 120/264  loss=0.1512
  batch 130/264  loss=0.2646
  batch 140/264  loss=0.1077
  batch 150/264  loss=0.1200
  batch 160/264  loss=0.2312
  batch 170/264  loss=0.4821
  batch 180/264  loss=0.1656
  batch 190/264  loss=0.1927
  batch 200/264  loss=0.1401
  batch 210/264  loss=0.1245
  batch 220/264  loss=0.3863
  batch 230/264  loss=0.1928
  batch 240/264  loss=0.0933
  batch 250/264  loss=0.1167
  batch 260/264  loss=0.2212
Epoch  45/300  train=1.795e-01  rmse=2.0823  lr=1.0e-04  229s
  batch 10/264  loss=0.1992
  batch 20/264  loss=0.1464
  batch 30/264  loss=0.1110
  batch 40/264  loss=0.1229
  batch 50/264  loss=0.1371
  batch 60/264  loss=0.0982
  batch 70/264  loss=0.0923
  batch 80/264  loss=0.2064
  batch 90/264  loss=0.1158
  batch 100/264  loss=0.2786
  batch 110/264  loss=0.2064
  batch 120/264  loss=0.2776
  batch 130/264  loss=0.1055
  batch 140/264  loss=0.1480
  batch 150/264  loss=0.1316
  batch 160/264  loss=0.1139
  batch 170/264  loss=0.2064
  batch 180/264  loss=0.0941
  batch 190/264  loss=0.0930
  batch 200/264  loss=0.1001
  batch 210/264  loss=0.3949
  batch 220/264  loss=0.1265
  batch 230/264  loss=0.1576
  batch 240/264  loss=0.1479
  batch 250/264  loss=0.1130
  batch 260/264  loss=0.1193
Epoch  46/300  train=1.770e-01  rmse=2.0999  lr=1.0e-04  230s
  -> best  monitor=1.770e-01
  batch 10/264  loss=0.1816
  batch 20/264  loss=0.2011
  batch 30/264  loss=0.0732
  batch 40/264  loss=0.2027
  batch 50/264  loss=0.1078
  batch 60/264  loss=0.1133
  batch 70/264  loss=0.3512
  batch 80/264  loss=0.1812
  batch 90/264  loss=0.1093
  batch 100/264  loss=0.4624
  batch 110/264  loss=0.0913
  batch 120/264  loss=0.1426
  batch 130/264  loss=0.2225
  batch 140/264  loss=0.1199
  batch 150/264  loss=0.3761
  batch 160/264  loss=0.1636
  batch 170/264  loss=0.3778
  batch 180/264  loss=0.0763
  batch 190/264  loss=0.1401
  batch 200/264  loss=0.2124
  batch 210/264  loss=0.1381
  batch 220/264  loss=0.2103
  batch 230/264  loss=0.0845
  batch 240/264  loss=0.0991
  batch 250/264  loss=0.1072
  batch 260/264  loss=0.1346
Epoch  47/300  train=1.766e-01  rmse=2.0595  lr=1.0e-04  228s
  -> best  monitor=1.766e-01
  batch 10/264  loss=0.0826
  batch 20/264  loss=0.2125
  batch 30/264  loss=0.1838
  batch 40/264  loss=0.1077
  batch 50/264  loss=0.1027
  batch 60/264  loss=0.1424
  batch 70/264  loss=0.1398
  batch 80/264  loss=0.0967
  batch 90/264  loss=0.0935
  batch 100/264  loss=0.3022
  batch 110/264  loss=0.0819
  batch 120/264  loss=0.0931
  batch 130/264  loss=0.0901
  batch 140/264  loss=0.0722
  batch 150/264  loss=0.3784
  batch 160/264  loss=0.1686
  batch 170/264  loss=0.0921
  batch 180/264  loss=0.1249
  batch 190/264  loss=0.1052
  batch 200/264  loss=0.0802
  batch 210/264  loss=0.0933
  batch 220/264  loss=0.1021
  batch 230/264  loss=0.0990
  batch 240/264  loss=0.1919
  batch 250/264  loss=0.0918
  batch 260/264  loss=0.1147
Epoch  48/300  train=1.740e-01  rmse=2.0575  lr=1.0e-04  228s
  -> best  monitor=1.740e-01
  batch 10/264  loss=0.2274
  batch 20/264  loss=0.0976
  batch 30/264  loss=0.1724
  batch 40/264  loss=0.2743
  batch 50/264  loss=0.1124
  batch 60/264  loss=0.0892
  batch 70/264  loss=0.1675
  batch 80/264  loss=0.1175
  batch 90/264  loss=0.0966
  batch 100/264  loss=0.1080
  batch 110/264  loss=0.3158
  batch 120/264  loss=0.1603
  batch 130/264  loss=0.1893
  batch 140/264  loss=0.0930
  batch 150/264  loss=0.0801
  batch 160/264  loss=0.1070
  batch 170/264  loss=0.5162
  batch 180/264  loss=0.1005
  batch 190/264  loss=0.1003
  batch 200/264  loss=0.2221
  batch 210/264  loss=0.1021
  batch 220/264  loss=0.2164
  batch 230/264  loss=0.1180
  batch 240/264  loss=0.0875
  batch 250/264  loss=0.2214
  batch 260/264  loss=0.1736
Epoch  49/300  train=1.726e-01  rmse=2.0898  lr=1.0e-04  226s
  -> best  monitor=1.726e-01
  batch 10/264  loss=0.1575
  batch 20/264  loss=0.1363
  batch 30/264  loss=0.1723
  batch 40/264  loss=0.1721
  batch 50/264  loss=0.1271
  batch 60/264  loss=0.1097
  batch 70/264  loss=0.1984
  batch 80/264  loss=0.1206
  batch 90/264  loss=0.1655
  batch 100/264  loss=0.1809
  batch 110/264  loss=0.0970
  batch 120/264  loss=0.2221
  batch 130/264  loss=0.1429
  batch 140/264  loss=0.1419
  batch 150/264  loss=0.0761
  batch 160/264  loss=0.1037
  batch 170/264  loss=0.1293
  batch 180/264  loss=0.1064
  batch 190/264  loss=0.2295
  batch 200/264  loss=0.1334
  batch 210/264  loss=0.3418
  batch 220/264  loss=0.1516
  batch 230/264  loss=0.1176
  batch 240/264  loss=0.1232
  batch 250/264  loss=0.2426
  batch 260/264  loss=0.1146
Epoch  50/300  train=1.736e-01  rmse=2.0380  lr=1.0e-04  227s
  batch 10/264  loss=0.1324
  batch 20/264  loss=0.1146
  batch 30/264  loss=0.0888
  batch 40/264  loss=0.1251
  batch 50/264  loss=0.1798
  batch 60/264  loss=0.0776
  batch 70/264  loss=0.0900
  batch 80/264  loss=0.2055
  batch 90/264  loss=0.2861
  batch 100/264  loss=0.3239
  batch 110/264  loss=0.0918
  batch 120/264  loss=0.1055
  batch 130/264  loss=0.1327
  batch 140/264  loss=0.2551
  batch 150/264  loss=0.1415
  batch 160/264  loss=0.2113
  batch 170/264  loss=0.0988
  batch 180/264  loss=0.1139
  batch 190/264  loss=0.1078
  batch 200/264  loss=0.1381
  batch 210/264  loss=0.0932
  batch 220/264  loss=0.2280
  batch 230/264  loss=0.0867
  batch 240/264  loss=0.2049
  batch 250/264  loss=0.1491
  batch 260/264  loss=0.1365
Epoch  51/300  train=1.666e-01  rmse=2.0210  lr=1.0e-04  227s
  -> best  monitor=1.666e-01
  batch 10/264  loss=0.1085
  batch 20/264  loss=0.1198
  batch 30/264  loss=0.0836
  batch 40/264  loss=0.1178
  batch 50/264  loss=0.1548
  batch 60/264  loss=0.2057
  batch 70/264  loss=0.0874
  batch 80/264  loss=0.1364
  batch 90/264  loss=0.2128
  batch 100/264  loss=0.0939
  batch 110/264  loss=0.0898
  batch 120/264  loss=0.1431
  batch 130/264  loss=0.1813
  batch 140/264  loss=0.2764
  batch 150/264  loss=0.1958
  batch 160/264  loss=0.1004
  batch 170/264  loss=0.1208
  batch 180/264  loss=0.2473
  batch 190/264  loss=0.1316
  batch 200/264  loss=0.1303
  batch 210/264  loss=0.1420
  batch 220/264  loss=0.3316
  batch 230/264  loss=0.1501
  batch 240/264  loss=0.1114
  batch 250/264  loss=0.2831
  batch 260/264  loss=0.1079
Epoch  52/300  train=1.706e-01  rmse=2.0300  lr=1.0e-04  226s
  batch 10/264  loss=0.2072
  batch 20/264  loss=0.5574
  batch 30/264  loss=0.0917
  batch 40/264  loss=0.0907
  batch 50/264  loss=0.3721
  batch 60/264  loss=0.1517
  batch 70/264  loss=0.1933
  batch 80/264  loss=0.1330
  batch 90/264  loss=0.0893
  batch 100/264  loss=0.3062
  batch 110/264  loss=0.1488
  batch 120/264  loss=0.1521
  batch 130/264  loss=0.2101
  batch 140/264  loss=0.0789
  batch 150/264  loss=0.1968
  batch 160/264  loss=0.0988
  batch 170/264  loss=0.2474
  batch 180/264  loss=0.1448
  batch 190/264  loss=0.1213
  batch 200/264  loss=0.1178
  batch 210/264  loss=0.1959
  batch 220/264  loss=0.1493
  batch 230/264  loss=0.1519
  batch 240/264  loss=0.2047
  batch 250/264  loss=0.0813
  batch 260/264  loss=0.0768
Epoch  53/300  train=1.714e-01  rmse=2.0816  lr=1.0e-04  227s
  batch 10/264  loss=0.1478
  batch 20/264  loss=0.1346
  batch 30/264  loss=0.1454
  batch 40/264  loss=0.1133
  batch 50/264  loss=0.2593
  batch 60/264  loss=0.1763
  batch 70/264  loss=0.0798
  batch 80/264  loss=0.0965
  batch 90/264  loss=0.0984
  batch 100/264  loss=0.1173
  batch 110/264  loss=0.1163
  batch 120/264  loss=0.0676
  batch 130/264  loss=0.0979
  batch 140/264  loss=0.1951
  batch 150/264  loss=0.1088
  batch 160/264  loss=0.2689
  batch 170/264  loss=0.2180
  batch 180/264  loss=0.1627
  batch 190/264  loss=0.0878
  batch 200/264  loss=0.1198
  batch 210/264  loss=0.0769
  batch 220/264  loss=0.2374
  batch 230/264  loss=0.0760
  batch 240/264  loss=0.3079
  batch 250/264  loss=0.1437
  batch 260/264  loss=0.1080
Epoch  54/300  train=1.642e-01  rmse=2.0389  lr=1.0e-04  227s
  -> best  monitor=1.642e-01
  batch 10/264  loss=0.1662
  batch 20/264  loss=0.1803
  batch 30/264  loss=0.2691
  batch 40/264  loss=0.0659
  batch 50/264  loss=0.1548
  batch 60/264  loss=0.1532
  batch 70/264  loss=0.1305
  batch 80/264  loss=0.3508
  batch 90/264  loss=0.0877
  batch 100/264  loss=0.0740
  batch 110/264  loss=0.0864
  batch 120/264  loss=0.0903
  batch 130/264  loss=0.0797
  batch 140/264  loss=0.0802
  batch 150/264  loss=0.1906
  batch 160/264  loss=0.2006
  batch 170/264  loss=0.1267
  batch 180/264  loss=0.1467
  batch 190/264  loss=0.1176
  batch 200/264  loss=0.1208
  batch 210/264  loss=0.1588
  batch 220/264  loss=0.1925
  batch 230/264  loss=0.0899
  batch 240/264  loss=0.3274
  batch 250/264  loss=0.0835
  batch 260/264  loss=0.1250
Epoch  55/300  train=1.676e-01  rmse=2.1028  lr=1.0e-04  228s
  batch 10/264  loss=0.0626
  batch 20/264  loss=0.5322
  batch 30/264  loss=0.2261
  batch 40/264  loss=0.0891
  batch 50/264  loss=0.1058
  batch 60/264  loss=0.1075
  batch 70/264  loss=0.2033
  batch 80/264  loss=0.0852
  batch 90/264  loss=0.1149
  batch 100/264  loss=0.1637
  batch 110/264  loss=0.1132
  batch 120/264  loss=0.1392
  batch 130/264  loss=0.1720
  batch 140/264  loss=0.1879
  batch 150/264  loss=0.1823
  batch 160/264  loss=0.1620
  batch 170/264  loss=0.1120
  batch 180/264  loss=0.0912
  batch 190/264  loss=0.1180
  batch 200/264  loss=0.0935
  batch 210/264  loss=0.1292
  batch 220/264  loss=0.1194
  batch 230/264  loss=0.1269
  batch 240/264  loss=0.2442
  batch 250/264  loss=0.3156
  batch 260/264  loss=0.1030
Epoch  56/300  train=1.607e-01  rmse=1.9953  lr=1.0e-04  228s
  -> best  monitor=1.607e-01
  batch 10/264  loss=0.0847
  batch 20/264  loss=0.1247
  batch 30/264  loss=0.4470
  batch 40/264  loss=0.1898
  batch 50/264  loss=0.4257
  batch 60/264  loss=0.1465
  batch 70/264  loss=0.4560
  batch 80/264  loss=0.1062
  batch 90/264  loss=0.4109
  batch 100/264  loss=0.1792
  batch 110/264  loss=0.0817
  batch 120/264  loss=0.1571
  batch 130/264  loss=0.1079
  batch 140/264  loss=0.1038
  batch 150/264  loss=0.1173
  batch 160/264  loss=0.0861
  batch 170/264  loss=0.1397
  batch 180/264  loss=0.3318
  batch 190/264  loss=0.1275
  batch 200/264  loss=0.0975
  batch 210/264  loss=0.1999
  batch 220/264  loss=0.6865
  batch 230/264  loss=0.0928
  batch 240/264  loss=0.0865
  batch 250/264  loss=0.1181
  batch 260/264  loss=0.1454
Epoch  57/300  train=1.634e-01  rmse=2.0078  lr=1.0e-04  228s
  batch 10/264  loss=0.3191
  batch 20/264  loss=0.0974
  batch 30/264  loss=0.1374
  batch 40/264  loss=0.3245
  batch 50/264  loss=0.1476
  batch 60/264  loss=0.2580
  batch 70/264  loss=0.1198
  batch 80/264  loss=0.1780
  batch 90/264  loss=0.1127
  batch 100/264  loss=0.1076
  batch 110/264  loss=0.1343
  batch 120/264  loss=0.1299
  batch 130/264  loss=0.1249
  batch 140/264  loss=0.1071
  batch 150/264  loss=0.1772
  batch 160/264  loss=0.1573
  batch 170/264  loss=0.1475
  batch 180/264  loss=0.1121
  batch 190/264  loss=0.0947
  batch 200/264  loss=0.1285
  batch 210/264  loss=0.1017
  batch 220/264  loss=0.3609
  batch 230/264  loss=0.1484
  batch 240/264  loss=0.1371
  batch 250/264  loss=0.2531
  batch 260/264  loss=0.1968
Epoch  58/300  train=1.629e-01  rmse=2.0228  lr=1.0e-04  227s
  batch 10/264  loss=0.2016
  batch 20/264  loss=0.1183
  batch 30/264  loss=0.1487
  batch 40/264  loss=0.1095
  batch 50/264  loss=0.0755
  batch 60/264  loss=0.1080
  batch 70/264  loss=0.1336
  batch 80/264  loss=0.1388
  batch 90/264  loss=0.0691
  batch 100/264  loss=0.1487
  batch 110/264  loss=0.1014
  batch 120/264  loss=0.1626
  batch 130/264  loss=0.1148
  batch 140/264  loss=0.0838
  batch 150/264  loss=0.1520
  batch 160/264  loss=0.2011
  batch 170/264  loss=0.0948
  batch 180/264  loss=0.2706
  batch 190/264  loss=0.0782
  batch 200/264  loss=0.1082
  batch 210/264  loss=0.1491
  batch 220/264  loss=0.1066
  batch 230/264  loss=0.2413
  batch 240/264  loss=0.2873
  batch 250/264  loss=0.0841
  batch 260/264  loss=0.0867
Epoch  59/300  train=1.619e-01  rmse=1.9985  lr=1.0e-04  227s
  batch 10/264  loss=0.1016
  batch 20/264  loss=0.4544
  batch 30/264  loss=0.3514
  batch 40/264  loss=0.1280
  batch 50/264  loss=0.0974
  batch 60/264  loss=0.1554
  batch 70/264  loss=0.1228
  batch 80/264  loss=0.1140
  batch 90/264  loss=0.2720
  batch 100/264  loss=0.0934
  batch 110/264  loss=0.1314
  batch 120/264  loss=0.4556
  batch 130/264  loss=0.1057
  batch 140/264  loss=0.1038
  batch 150/264  loss=0.1875
  batch 160/264  loss=0.1328
  batch 170/264  loss=0.2603
  batch 180/264  loss=0.1079
  batch 190/264  loss=0.1864
  batch 200/264  loss=0.0900
  batch 210/264  loss=0.0953
  batch 220/264  loss=0.1521
  batch 230/264  loss=0.4449
  batch 240/264  loss=0.1874
  batch 250/264  loss=0.1554
  batch 260/264  loss=0.2069
Epoch  60/300  train=1.581e-01  rmse=2.0338  lr=1.0e-04  228s
  -> best  monitor=1.581e-01
  batch 10/264  loss=0.1219
  batch 20/264  loss=0.0980
  batch 30/264  loss=0.0745
  batch 40/264  loss=0.1087
  batch 50/264  loss=0.1298
  batch 60/264  loss=0.1364
  batch 70/264  loss=0.0643
  batch 80/264  loss=0.1186
  batch 90/264  loss=0.1176
  batch 100/264  loss=0.2104
  batch 110/264  loss=0.1854
  batch 120/264  loss=0.1091
  batch 130/264  loss=0.1103
  batch 140/264  loss=0.0996
  batch 150/264  loss=0.1222
  batch 160/264  loss=0.1302
  batch 170/264  loss=0.1795
  batch 180/264  loss=0.0782
  batch 190/264  loss=0.1341
  batch 200/264  loss=0.0797
  batch 210/264  loss=0.1120
  batch 220/264  loss=0.0731
  batch 230/264  loss=0.1051
  batch 240/264  loss=0.1737
  batch 250/264  loss=0.0811
  batch 260/264  loss=0.3792
Epoch  61/300  train=1.564e-01  rmse=1.9650  lr=1.0e-04  226s
  -> best  monitor=1.564e-01
  batch 10/264  loss=0.0898
  batch 20/264  loss=0.0825
  batch 30/264  loss=0.1427
  batch 40/264  loss=0.1235
  batch 50/264  loss=0.1152
  batch 60/264  loss=0.1319
  batch 70/264  loss=0.1116
  batch 80/264  loss=0.1665
  batch 90/264  loss=0.1072
  batch 100/264  loss=0.0945
  batch 110/264  loss=0.0723
  batch 120/264  loss=0.1066
  batch 130/264  loss=0.1726
  batch 140/264  loss=0.2849
  batch 150/264  loss=0.1017
  batch 160/264  loss=0.5870
  batch 170/264  loss=0.1903
  batch 180/264  loss=0.1967
  batch 190/264  loss=0.0826
  batch 200/264  loss=0.1571
  batch 210/264  loss=0.0786
  batch 220/264  loss=0.0857
  batch 230/264  loss=0.0844
  batch 240/264  loss=0.1159
  batch 250/264  loss=0.2412
  batch 260/264  loss=0.2369
Epoch  62/300  train=1.546e-01  rmse=1.9798  lr=1.0e-04  226s
  -> best  monitor=1.546e-01
  batch 10/264  loss=0.1012
  batch 20/264  loss=0.1387
  batch 30/264  loss=0.2220
  batch 40/264  loss=0.1971
  batch 50/264  loss=0.1265
  batch 60/264  loss=0.0648
  batch 70/264  loss=0.1817
  batch 80/264  loss=0.2477
  batch 90/264  loss=0.1493
  batch 100/264  loss=0.0982
  batch 110/264  loss=0.1590
  batch 120/264  loss=0.1245
  batch 130/264  loss=0.0624
  batch 140/264  loss=0.1152
  batch 150/264  loss=0.0913
  batch 160/264  loss=0.1761
  batch 170/264  loss=0.1046
  batch 180/264  loss=0.1588
  batch 190/264  loss=0.2517
  batch 200/264  loss=0.2344
  batch 210/264  loss=0.1368
  batch 220/264  loss=0.3070
  batch 230/264  loss=0.2151
  batch 240/264  loss=0.2127
  batch 250/264  loss=0.1054
  batch 260/264  loss=0.1281
Epoch  63/300  train=1.553e-01  rmse=2.0039  lr=1.0e-04  227s
  batch 10/264  loss=0.1130
  batch 20/264  loss=0.1255
  batch 30/264  loss=0.0866
  batch 40/264  loss=0.1278
  batch 50/264  loss=0.1100
  batch 60/264  loss=0.0634
  batch 70/264  loss=0.1004
  batch 80/264  loss=0.3142
  batch 90/264  loss=0.1178
  batch 100/264  loss=0.1332
  batch 110/264  loss=0.1257
  batch 120/264  loss=0.1988
  batch 130/264  loss=0.2480
  batch 140/264  loss=0.1752
  batch 150/264  loss=0.1180
  batch 160/264  loss=0.1071
  batch 170/264  loss=0.0761
  batch 180/264  loss=0.1806
  batch 190/264  loss=0.1291
  batch 200/264  loss=0.1445
  batch 210/264  loss=0.1944
  batch 220/264  loss=0.1363
  batch 230/264  loss=0.2438
  batch 240/264  loss=0.0814
  batch 250/264  loss=0.2117
  batch 260/264  loss=0.1420
Epoch  64/300  train=1.541e-01  rmse=2.0095  lr=1.0e-04  228s
  -> best  monitor=1.541e-01
  batch 10/264  loss=0.1315
  batch 20/264  loss=0.2881
  batch 30/264  loss=0.1099
  batch 40/264  loss=0.1341
  batch 50/264  loss=0.1069
  batch 60/264  loss=0.0851
  batch 70/264  loss=0.0882
  batch 80/264  loss=0.1577
  batch 90/264  loss=0.1374
  batch 100/264  loss=0.1342
  batch 110/264  loss=0.2166
  batch 120/264  loss=0.1347
  batch 130/264  loss=0.0988
  batch 140/264  loss=0.1052
  batch 150/264  loss=0.7818
  batch 160/264  loss=0.3884
  batch 170/264  loss=0.0723
  batch 180/264  loss=0.2190
  batch 190/264  loss=0.1719
  batch 200/264  loss=0.1471
  batch 210/264  loss=0.1505
  batch 220/264  loss=0.0704
  batch 230/264  loss=0.0928
  batch 240/264  loss=0.1707
  batch 250/264  loss=0.1061
  batch 260/264  loss=0.0925
Epoch  65/300  train=1.521e-01  rmse=2.0598  lr=1.0e-04  229s
  -> best  monitor=1.521e-01
  batch 10/264  loss=0.1631
  batch 20/264  loss=0.1643
  batch 30/264  loss=0.1240
  batch 40/264  loss=0.0694
  batch 50/264  loss=0.0792
  batch 60/264  loss=0.2487
  batch 70/264  loss=0.2666
  batch 80/264  loss=0.1997
  batch 90/264  loss=0.1311
  batch 100/264  loss=0.1179
  batch 110/264  loss=0.1246
  batch 120/264  loss=0.1499
  batch 130/264  loss=0.4676
  batch 140/264  loss=0.3085
  batch 150/264  loss=0.1132
  batch 160/264  loss=0.0654
  batch 170/264  loss=0.1443
  batch 180/264  loss=0.1339
  batch 190/264  loss=0.0789
  batch 200/264  loss=0.2463
  batch 210/264  loss=0.0990
  batch 220/264  loss=0.1177
  batch 230/264  loss=0.0896
  batch 240/264  loss=0.2640
  batch 250/264  loss=0.2621
  batch 260/264  loss=0.1105
Epoch  66/300  train=1.565e-01  rmse=2.0353  lr=1.0e-04  228s
  batch 10/264  loss=0.3457
  batch 20/264  loss=0.3155
  batch 30/264  loss=0.1120
  batch 40/264  loss=0.0843
  batch 50/264  loss=0.1560
  batch 60/264  loss=0.1562
  batch 70/264  loss=0.0725
  batch 80/264  loss=0.1142
  batch 90/264  loss=0.2494
  batch 100/264  loss=0.1748
  batch 110/264  loss=0.2049
  batch 120/264  loss=0.1030
  batch 130/264  loss=0.1497
  batch 140/264  loss=0.1378
  batch 150/264  loss=0.1181
  batch 160/264  loss=0.1002
  batch 170/264  loss=0.1064
  batch 180/264  loss=0.1033
  batch 190/264  loss=0.3960
  batch 200/264  loss=0.1944
  batch 210/264  loss=0.2732
  batch 220/264  loss=0.0938
  batch 230/264  loss=0.1174
  batch 240/264  loss=0.0901
  batch 250/264  loss=0.1785
  batch 260/264  loss=0.2479
Epoch  67/300  train=1.494e-01  rmse=1.9342  lr=1.0e-04  226s
  -> best  monitor=1.494e-01
  batch 10/264  loss=0.1457
  batch 20/264  loss=0.2949
  batch 30/264  loss=0.3630
  batch 40/264  loss=0.2898
  batch 50/264  loss=0.1038
  batch 60/264  loss=0.1070
  batch 70/264  loss=0.4016
  batch 80/264  loss=0.1088
  batch 90/264  loss=0.1881
  batch 100/264  loss=0.1603
  batch 110/264  loss=0.1453
  batch 120/264  loss=0.1670
  batch 130/264  loss=0.0881
  batch 140/264  loss=0.0808
  batch 150/264  loss=0.0946
  batch 160/264  loss=0.2316
  batch 170/264  loss=0.0952
  batch 180/264  loss=0.0887
  batch 190/264  loss=0.1317
  batch 200/264  loss=0.1136
  batch 210/264  loss=0.1876
  batch 220/264  loss=0.3484
  batch 230/264  loss=0.2116
  batch 240/264  loss=0.1312
  batch 250/264  loss=0.2485
  batch 260/264  loss=0.1954
Epoch  68/300  train=1.535e-01  rmse=2.0036  lr=1.0e-04  226s
  batch 10/264  loss=0.0638
  batch 20/264  loss=0.1819
  batch 30/264  loss=0.1043
  batch 40/264  loss=0.1386
  batch 50/264  loss=0.1684
  batch 60/264  loss=0.1529
  batch 70/264  loss=0.1944
  batch 80/264  loss=0.1016
  batch 90/264  loss=0.2083
  batch 100/264  loss=0.1365
  batch 110/264  loss=0.1602
  batch 120/264  loss=0.0777
  batch 130/264  loss=0.1775
  batch 140/264  loss=0.6099
  batch 150/264  loss=0.0725
  batch 160/264  loss=0.1231
  batch 170/264  loss=0.3166
  batch 180/264  loss=0.2793
  batch 190/264  loss=0.3688
  batch 200/264  loss=0.1189
  batch 210/264  loss=0.2421
  batch 220/264  loss=0.1035
  batch 230/264  loss=0.1661
  batch 240/264  loss=0.1086
  batch 250/264  loss=0.1604
  batch 260/264  loss=0.2771
Epoch  69/300  train=1.499e-01  rmse=2.0169  lr=1.0e-04  228s
  batch 10/264  loss=0.0863
  batch 20/264  loss=0.1486
  batch 30/264  loss=0.1800
  batch 40/264  loss=0.1040
  batch 50/264  loss=0.1493
  batch 60/264  loss=0.0781
  batch 70/264  loss=0.4653
  batch 80/264  loss=0.1856
  batch 90/264  loss=0.0930
  batch 100/264  loss=0.2150
  batch 110/264  loss=0.4259
  batch 120/264  loss=0.0871
  batch 130/264  loss=0.3044
  batch 140/264  loss=0.1450
  batch 150/264  loss=0.1485
  batch 160/264  loss=0.0909
  batch 170/264  loss=0.1620
  batch 180/264  loss=0.1320
  batch 190/264  loss=0.1096
  batch 200/264  loss=0.1159
  batch 210/264  loss=0.1604
  batch 220/264  loss=0.0822
  batch 230/264  loss=0.1340
  batch 240/264  loss=0.1808
  batch 250/264  loss=0.1367
  batch 260/264  loss=0.1105
Epoch  70/300  train=1.514e-01  rmse=1.9572  lr=1.0e-04  227s
  batch 10/264  loss=0.0999
  batch 20/264  loss=0.1079
  batch 30/264  loss=0.1131
  batch 40/264  loss=0.2181
  batch 50/264  loss=0.1136
  batch 60/264  loss=0.1050
  batch 70/264  loss=0.1203
  batch 80/264  loss=0.0944
  batch 90/264  loss=0.1126
  batch 100/264  loss=0.3659
  batch 110/264  loss=0.1182
  batch 120/264  loss=0.0953
  batch 130/264  loss=0.0820
  batch 140/264  loss=0.0697
  batch 150/264  loss=0.4770
  batch 160/264  loss=0.2007
  batch 170/264  loss=0.1565
  batch 180/264  loss=0.1049
  batch 190/264  loss=0.1308
  batch 200/264  loss=0.0910
  batch 210/264  loss=0.1039
  batch 220/264  loss=0.0818
  batch 230/264  loss=0.0906
  batch 240/264  loss=0.0821
  batch 250/264  loss=0.1401
  batch 260/264  loss=0.0899
Epoch  71/300  train=1.476e-01  rmse=1.9769  lr=1.0e-04  228s
  -> best  monitor=1.476e-01
  batch 10/264  loss=0.2413
  batch 20/264  loss=0.1259
  batch 30/264  loss=0.5160
  batch 40/264  loss=0.1698
  batch 50/264  loss=0.1405
  batch 60/264  loss=0.1702
  batch 70/264  loss=0.0899
  batch 80/264  loss=0.1633
  batch 90/264  loss=0.0665
  batch 100/264  loss=0.0660
  batch 110/264  loss=0.0698
  batch 120/264  loss=0.1856
  batch 130/264  loss=0.1042
  batch 140/264  loss=0.2219
  batch 150/264  loss=0.1283
  batch 160/264  loss=0.1191
  batch 170/264  loss=0.1433
  batch 180/264  loss=0.1453
  batch 190/264  loss=0.1793
  batch 200/264  loss=0.0654
  batch 210/264  loss=0.0599
  batch 220/264  loss=0.1566
  batch 230/264  loss=0.1350
  batch 240/264  loss=0.1357
  batch 250/264  loss=0.2276
  batch 260/264  loss=0.1825
Epoch  72/300  train=1.465e-01  rmse=1.9936  lr=1.0e-04  228s
  -> best  monitor=1.465e-01
  batch 10/264  loss=0.1226
  batch 20/264  loss=0.0947
  batch 30/264  loss=0.1636
  batch 40/264  loss=0.1131
  batch 50/264  loss=0.3663
  batch 60/264  loss=0.0760
  batch 70/264  loss=0.1863
  batch 80/264  loss=0.0896
  batch 90/264  loss=0.0548
  batch 100/264  loss=0.1416
  batch 110/264  loss=0.1271
  batch 120/264  loss=0.1902
  batch 130/264  loss=0.2882
  batch 140/264  loss=0.1147
  batch 150/264  loss=0.0585
  batch 160/264  loss=0.1445
  batch 170/264  loss=0.1351
  batch 180/264  loss=0.2022
  batch 190/264  loss=0.0665
  batch 200/264  loss=0.1555
  batch 210/264  loss=0.0703
  batch 220/264  loss=0.2133
  batch 230/264  loss=0.0871
  batch 240/264  loss=0.1082
  batch 250/264  loss=0.1204
  batch 260/264  loss=0.0834
Epoch  73/300  train=1.470e-01  rmse=1.9439  lr=1.0e-04  228s
  batch 10/264  loss=0.1141
  batch 20/264  loss=0.1183
  batch 30/264  loss=0.0706
  batch 40/264  loss=0.1034
  batch 50/264  loss=0.2113
  batch 60/264  loss=0.3034
  batch 70/264  loss=0.0864
  batch 80/264  loss=0.1041
  batch 90/264  loss=0.1943
  batch 100/264  loss=0.1419
  batch 110/264  loss=0.0850
  batch 120/264  loss=0.0921
  batch 130/264  loss=0.1660
  batch 140/264  loss=0.1371
  batch 150/264  loss=0.0712
  batch 160/264  loss=0.1275
  batch 170/264  loss=0.1412
  batch 180/264  loss=0.1295
  batch 190/264  loss=0.1217
  batch 200/264  loss=0.7130
  batch 210/264  loss=0.3119
  batch 220/264  loss=0.0742
  batch 230/264  loss=0.3085
  batch 240/264  loss=0.3173
  batch 250/264  loss=0.0984
  batch 260/264  loss=0.1495
Epoch  74/300  train=1.446e-01  rmse=1.9546  lr=1.0e-04  227s
  -> best  monitor=1.446e-01
  batch 10/264  loss=0.0913
  batch 20/264  loss=0.0761
  batch 30/264  loss=0.2367
  batch 40/264  loss=0.0836
  batch 50/264  loss=0.0640
  batch 60/264  loss=0.1671
  batch 70/264  loss=0.1427
  batch 80/264  loss=0.1873
  batch 90/264  loss=0.0863
  batch 100/264  loss=0.0916
  batch 110/264  loss=0.1061
  batch 120/264  loss=0.0540
  batch 130/264  loss=0.3224
  batch 140/264  loss=0.2036
  batch 150/264  loss=0.1039
  batch 160/264  loss=0.0942
  batch 170/264  loss=0.1373
  batch 180/264  loss=0.0785
  batch 190/264  loss=0.0986
  batch 200/264  loss=0.0734
  batch 210/264  loss=0.1244
  batch 220/264  loss=0.1118
  batch 230/264  loss=0.0849
  batch 240/264  loss=0.0627
  batch 250/264  loss=0.1692
  batch 260/264  loss=0.0976
Epoch  75/300  train=1.431e-01  rmse=1.9483  lr=1.0e-04  227s
  -> best  monitor=1.431e-01
  batch 10/264  loss=0.1733
  batch 20/264  loss=0.1581
  batch 30/264  loss=0.1491
  batch 40/264  loss=0.1081
  batch 50/264  loss=0.3171
  batch 60/264  loss=0.1052
  batch 70/264  loss=0.1360
  batch 80/264  loss=0.2374
  batch 90/264  loss=0.1745
  batch 100/264  loss=0.0957
  batch 110/264  loss=0.1423
  batch 120/264  loss=0.1400
  batch 130/264  loss=0.0808
  batch 140/264  loss=0.1627
  batch 150/264  loss=0.1345
  batch 160/264  loss=0.1510
  batch 170/264  loss=0.0770
  batch 180/264  loss=0.1009
  batch 190/264  loss=0.2403
  batch 200/264  loss=0.1909
  batch 210/264  loss=0.0865
  batch 220/264  loss=0.1993
  batch 230/264  loss=0.1564
  batch 240/264  loss=0.0793
  batch 250/264  loss=0.0841
  batch 260/264  loss=0.1253
Epoch  76/300  train=1.440e-01  rmse=1.9387  lr=1.0e-04  227s
  batch 10/264  loss=0.3395
  batch 20/264  loss=0.0757
  batch 30/264  loss=0.0864
  batch 40/264  loss=0.0888
  batch 50/264  loss=0.2666
  batch 60/264  loss=0.2115
  batch 70/264  loss=0.0834
  batch 80/264  loss=0.1021
  batch 90/264  loss=0.1239
  batch 100/264  loss=0.0954
  batch 110/264  loss=0.1368
  batch 120/264  loss=0.1199
  batch 130/264  loss=0.0864
  batch 140/264  loss=0.0885
  batch 150/264  loss=0.1775
  batch 160/264  loss=0.1997
  batch 170/264  loss=0.0928
  batch 180/264  loss=0.0779
  batch 190/264  loss=0.1157
  batch 200/264  loss=0.1756
  batch 210/264  loss=0.0690
  batch 220/264  loss=0.1331
  batch 230/264  loss=0.1836
  batch 240/264  loss=0.1335
  batch 250/264  loss=0.0793
  batch 260/264  loss=0.0831
Epoch  77/300  train=1.417e-01  rmse=1.9625  lr=1.0e-04  227s
  -> best  monitor=1.417e-01
  batch 10/264  loss=0.0972
  batch 20/264  loss=0.1102
  batch 30/264  loss=0.1286
  batch 40/264  loss=0.0921
  batch 50/264  loss=0.1394
  batch 60/264  loss=0.2122
  batch 70/264  loss=0.3985
  batch 80/264  loss=0.1782
  batch 90/264  loss=0.1740
  batch 100/264  loss=0.1275
  batch 110/264  loss=0.1438
  batch 120/264  loss=0.0792
  batch 130/264  loss=0.0828
  batch 140/264  loss=0.1102
  batch 150/264  loss=0.1470
  batch 160/264  loss=0.0978
  batch 170/264  loss=0.0692
  batch 180/264  loss=0.1755
  batch 190/264  loss=0.1979
  batch 200/264  loss=0.3549
  batch 210/264  loss=0.1479
  batch 220/264  loss=0.0841
  batch 230/264  loss=0.2077
  batch 240/264  loss=0.0665
  batch 250/264  loss=0.0776
  batch 260/264  loss=0.2327
Epoch  78/300  train=1.465e-01  rmse=1.9676  lr=1.0e-04  228s
  batch 10/264  loss=0.2052
  batch 20/264  loss=0.0874
  batch 30/264  loss=0.1267
  batch 40/264  loss=0.0983
  batch 50/264  loss=0.1030
  batch 60/264  loss=0.2013
  batch 70/264  loss=0.2029
  batch 80/264  loss=0.3022
  batch 90/264  loss=0.0648
  batch 100/264  loss=0.1776
  batch 110/264  loss=0.2347
  batch 120/264  loss=0.0859
  batch 130/264  loss=0.2475
  batch 140/264  loss=0.0748
  batch 150/264  loss=0.0966
  batch 160/264  loss=0.1110
  batch 170/264  loss=0.1217
  batch 180/264  loss=0.1738
  batch 190/264  loss=0.0668
  batch 200/264  loss=0.1130
  batch 210/264  loss=0.1130
  batch 220/264  loss=0.2341
  batch 230/264  loss=0.1275
  batch 240/264  loss=0.1517
  batch 250/264  loss=0.1387
  batch 260/264  loss=0.0943
Epoch  79/300  train=1.413e-01  rmse=1.9554  lr=1.0e-04  228s
  -> best  monitor=1.413e-01
  batch 10/264  loss=0.0709
  batch 20/264  loss=0.0997
  batch 30/264  loss=0.1164
  batch 40/264  loss=0.1115
  batch 50/264  loss=0.0802
  batch 60/264  loss=0.0998
  batch 70/264  loss=0.1003
  batch 80/264  loss=0.0833
  batch 90/264  loss=0.1124
  batch 100/264  loss=0.0636
  batch 110/264  loss=0.1159
  batch 120/264  loss=0.4653
  batch 130/264  loss=0.0780
  batch 140/264  loss=0.1361
  batch 150/264  loss=0.0901
  batch 160/264  loss=0.0942
  batch 170/264  loss=0.2930
  batch 180/264  loss=0.3413
  batch 190/264  loss=0.1209
  batch 200/264  loss=0.1972
  batch 210/264  loss=0.0835
  batch 220/264  loss=0.0886
  batch 230/264  loss=0.1298
  batch 240/264  loss=0.1724
  batch 250/264  loss=0.1525
  batch 260/264  loss=0.0873
Epoch  80/300  train=1.388e-01  rmse=1.8935  lr=1.0e-04  227s
  -> best  monitor=1.388e-01
  batch 10/264  loss=0.1059
  batch 20/264  loss=0.1638
  batch 30/264  loss=0.0893
  batch 40/264  loss=0.1108
  batch 50/264  loss=0.0940
  batch 60/264  loss=0.1374
  batch 70/264  loss=0.1055
  batch 80/264  loss=0.3293
  batch 90/264  loss=0.0986
  batch 100/264  loss=0.0798
  batch 110/264  loss=0.1043
  batch 120/264  loss=0.1097
  batch 130/264  loss=0.0542
  batch 140/264  loss=0.1137
  batch 150/264  loss=0.1920
  batch 160/264  loss=0.1844
  batch 170/264  loss=0.1235
  batch 180/264  loss=0.0718
  batch 190/264  loss=0.1317
  batch 200/264  loss=0.0862
  batch 210/264  loss=0.0903
  batch 220/264  loss=0.1068
  batch 230/264  loss=0.1401
  batch 240/264  loss=0.1457
  batch 250/264  loss=0.2265
  batch 260/264  loss=0.1386
Epoch  81/300  train=1.393e-01  rmse=1.9306  lr=1.0e-04  228s
  batch 10/264  loss=0.1361
  batch 20/264  loss=0.1452
  batch 30/264  loss=0.3966
  batch 40/264  loss=0.3187
  batch 50/264  loss=0.0762
  batch 60/264  loss=0.0988
  batch 70/264  loss=0.0856
  batch 80/264  loss=0.2153
  batch 90/264  loss=0.1310
  batch 100/264  loss=0.2408
  batch 110/264  loss=0.2525
  batch 120/264  loss=0.0846
  batch 130/264  loss=0.2143
  batch 140/264  loss=0.3207
  batch 150/264  loss=0.0824
  batch 160/264  loss=0.1319
  batch 170/264  loss=0.1014
  batch 180/264  loss=0.0892
  batch 190/264  loss=0.1275
  batch 200/264  loss=0.0843
  batch 210/264  loss=0.0968
  batch 220/264  loss=0.1804
  batch 230/264  loss=0.0739
  batch 240/264  loss=0.0955
  batch 250/264  loss=0.1648
  batch 260/264  loss=0.3530
Epoch  82/300  train=1.381e-01  rmse=1.9016  lr=1.0e-04  227s
  -> best  monitor=1.381e-01
  batch 10/264  loss=0.1284
  batch 20/264  loss=0.1050
  batch 30/264  loss=0.2109
  batch 40/264  loss=0.0683
  batch 50/264  loss=0.1152
  batch 60/264  loss=0.1220
  batch 70/264  loss=0.1973
  batch 80/264  loss=0.0894
  batch 90/264  loss=0.0932
  batch 100/264  loss=0.0699
  batch 110/264  loss=0.1202
  batch 120/264  loss=0.1307
  batch 130/264  loss=0.3159
  batch 140/264  loss=0.1382
  batch 150/264  loss=0.2658
  batch 160/264  loss=0.2706
  batch 170/264  loss=0.1605
  batch 180/264  loss=0.2003
  batch 190/264  loss=0.1416
  batch 200/264  loss=0.1160
  batch 210/264  loss=0.0932
  batch 220/264  loss=0.1018
  batch 230/264  loss=0.4065
  batch 240/264  loss=0.1579
  batch 250/264  loss=0.1301
  batch 260/264  loss=0.2221
Epoch  83/300  train=1.396e-01  rmse=1.9193  lr=1.0e-04  228s
  batch 10/264  loss=0.1036
  batch 20/264  loss=0.2184
  batch 30/264  loss=0.1092
  batch 40/264  loss=0.2256
  batch 50/264  loss=0.0754
  batch 60/264  loss=0.1033
  batch 70/264  loss=0.1671
  batch 80/264  loss=0.1163
  batch 90/264  loss=0.2123
  batch 100/264  loss=0.1455
  batch 110/264  loss=0.1713
  batch 120/264  loss=0.0973
  batch 130/264  loss=0.1664
  batch 140/264  loss=0.0972
  batch 150/264  loss=0.1040
  batch 160/264  loss=0.0698
  batch 170/264  loss=0.0803
  batch 180/264  loss=0.1868
  batch 190/264  loss=0.1903
  batch 200/264  loss=0.1250
  batch 210/264  loss=0.0959
  batch 220/264  loss=0.1194
  batch 230/264  loss=0.1534
  batch 240/264  loss=0.1047
  batch 250/264  loss=0.1195
  batch 260/264  loss=0.2240
Epoch  84/300  train=1.369e-01  rmse=1.9106  lr=1.0e-04  228s
  -> best  monitor=1.369e-01
  batch 10/264  loss=0.0723
  batch 20/264  loss=0.0759
  batch 30/264  loss=0.1935
  batch 40/264  loss=0.1278
  batch 50/264  loss=0.1120
  batch 60/264  loss=0.1203
  batch 70/264  loss=0.2417
  batch 80/264  loss=0.1044
  batch 90/264  loss=0.2540
  batch 100/264  loss=0.0712
  batch 110/264  loss=0.2264
  batch 120/264  loss=0.0841
  batch 130/264  loss=0.1228
  batch 140/264  loss=0.1813
  batch 150/264  loss=0.1323
  batch 160/264  loss=0.0875
  batch 170/264  loss=0.0769
  batch 180/264  loss=0.0606
  batch 190/264  loss=0.2069
  batch 200/264  loss=0.0942
  batch 210/264  loss=0.1052
  batch 220/264  loss=0.3438
  batch 230/264  loss=0.1389
  batch 240/264  loss=0.2497
  batch 250/264  loss=0.1670
  batch 260/264  loss=0.6895
Epoch  85/300  train=1.413e-01  rmse=1.9520  lr=1.0e-04  230s
  batch 10/264  loss=0.1518
  batch 20/264  loss=0.0825
  batch 30/264  loss=0.1622
  batch 40/264  loss=0.2263
  batch 50/264  loss=0.1600
  batch 60/264  loss=0.0816
  batch 70/264  loss=0.0993
  batch 80/264  loss=0.0582
  batch 90/264  loss=0.2157
  batch 100/264  loss=0.1032
  batch 110/264  loss=0.0786
  batch 120/264  loss=0.1185
  batch 130/264  loss=0.1028
  batch 140/264  loss=0.1150
  batch 150/264  loss=0.0936
  batch 160/264  loss=0.1175
  batch 170/264  loss=0.0847
  batch 180/264  loss=0.1635
  batch 190/264  loss=0.1293
  batch 200/264  loss=0.2674
  batch 210/264  loss=0.1926
  batch 220/264  loss=0.1425
  batch 230/264  loss=0.1367
  batch 240/264  loss=0.2679
  batch 250/264  loss=0.1104
  batch 260/264  loss=0.1787
Epoch  86/300  train=1.372e-01  rmse=1.9018  lr=1.0e-04  229s
  batch 10/264  loss=0.0849
  batch 20/264  loss=0.1199
  batch 30/264  loss=0.1321
  batch 40/264  loss=0.0741
  batch 50/264  loss=0.0893
  batch 60/264  loss=0.1150
  batch 70/264  loss=0.0738
  batch 80/264  loss=0.1364
  batch 90/264  loss=0.1494
  batch 100/264  loss=0.1278
  batch 110/264  loss=0.0922
  batch 120/264  loss=0.2066
  batch 130/264  loss=0.1201
  batch 140/264  loss=0.1419
  batch 150/264  loss=0.1681
  batch 160/264  loss=0.1028
  batch 170/264  loss=0.0967
  batch 180/264  loss=0.1110
  batch 190/264  loss=0.0676
  batch 200/264  loss=0.1156
  batch 210/264  loss=0.0788
  batch 220/264  loss=0.5499
  batch 230/264  loss=0.0882
  batch 240/264  loss=0.1028
  batch 250/264  loss=0.3384
  batch 260/264  loss=0.1435
Epoch  87/300  train=1.393e-01  rmse=1.9726  lr=1.0e-04  227s
  batch 10/264  loss=0.1009
  batch 20/264  loss=0.0978
  batch 30/264  loss=0.5964
  batch 40/264  loss=0.1531
  batch 50/264  loss=0.0722
  batch 60/264  loss=0.1433
  batch 70/264  loss=0.1323
  batch 80/264  loss=0.0825
  batch 90/264  loss=0.0809
  batch 100/264  loss=0.2243
  batch 110/264  loss=0.1482
  batch 120/264  loss=0.0765
  batch 130/264  loss=0.2006
  batch 140/264  loss=0.0917
  batch 150/264  loss=0.1271
  batch 160/264  loss=0.1101
  batch 170/264  loss=0.0920
  batch 180/264  loss=0.2257
  batch 190/264  loss=0.1049
  batch 200/264  loss=0.1396
  batch 210/264  loss=0.1099
  batch 220/264  loss=0.1192
  batch 230/264  loss=0.3448
  batch 240/264  loss=0.1183
  batch 250/264  loss=0.0858
  batch 260/264  loss=0.1726
Epoch  88/300  train=1.370e-01  rmse=1.9358  lr=1.0e-04  227s
  batch 10/264  loss=0.0693
  batch 20/264  loss=0.4865
  batch 30/264  loss=0.0745
  batch 40/264  loss=0.1454
  batch 50/264  loss=0.1298
  batch 60/264  loss=0.1389
  batch 70/264  loss=0.1026
  batch 80/264  loss=0.1097
  batch 90/264  loss=0.3485
  batch 100/264  loss=0.0862
  batch 110/264  loss=0.2109
  batch 120/264  loss=0.1459
  batch 130/264  loss=0.0956
  batch 140/264  loss=0.0751
  batch 150/264  loss=0.2097
  batch 160/264  loss=0.0904
  batch 170/264  loss=0.0974
  batch 180/264  loss=0.1533
  batch 190/264  loss=0.3420
  batch 200/264  loss=0.1229
  batch 210/264  loss=0.1187
  batch 220/264  loss=0.1915
  batch 230/264  loss=0.0882
  batch 240/264  loss=0.0843
  batch 250/264  loss=0.1123
  batch 260/264  loss=0.1862
Epoch  89/300  train=1.377e-01  rmse=1.9039  lr=1.0e-04  227s
  batch 10/264  loss=0.1499
  batch 20/264  loss=0.1046
  batch 30/264  loss=0.1532
  batch 40/264  loss=0.1162
  batch 50/264  loss=0.1207
  batch 60/264  loss=0.1857
  batch 70/264  loss=0.1802
  batch 80/264  loss=0.1339
  batch 90/264  loss=0.0965
  batch 100/264  loss=0.1319
  batch 110/264  loss=0.1168
  batch 120/264  loss=0.1389
  batch 130/264  loss=0.0918
  batch 140/264  loss=0.0895
  batch 150/264  loss=0.1210
  batch 160/264  loss=0.1579
  batch 170/264  loss=0.1474
  batch 180/264  loss=0.1350
  batch 190/264  loss=0.1877
  batch 200/264  loss=0.0887
  batch 210/264  loss=0.0912
  batch 220/264  loss=0.1510
  batch 230/264  loss=0.0701
  batch 240/264  loss=0.0995
  batch 250/264  loss=0.0736
  batch 260/264  loss=0.2294
Epoch  90/300  train=1.380e-01  rmse=1.9284  lr=1.0e-04  227s
  batch 10/264  loss=0.0743
  batch 20/264  loss=0.1028
  batch 30/264  loss=0.0944
  batch 40/264  loss=0.0689
  batch 50/264  loss=0.2084
  batch 60/264  loss=0.1924
  batch 70/264  loss=0.1214
  batch 80/264  loss=0.0815
  batch 90/264  loss=0.1221
  batch 100/264  loss=0.2000
  batch 110/264  loss=0.1190
  batch 120/264  loss=0.0988
  batch 130/264  loss=0.1218
  batch 140/264  loss=0.1745
  batch 150/264  loss=0.0761
  batch 160/264  loss=0.1188
  batch 170/264  loss=0.1428
  batch 180/264  loss=0.1589
  batch 190/264  loss=0.2557
  batch 200/264  loss=0.0704
  batch 210/264  loss=0.1185
  batch 220/264  loss=0.1595
  batch 230/264  loss=0.0883
  batch 240/264  loss=0.0913
  batch 250/264  loss=0.0944
  batch 260/264  loss=0.1057
Epoch  91/300  train=1.337e-01  rmse=1.8800  lr=1.0e-04  228s
  -> best  monitor=1.337e-01
  batch 10/264  loss=0.2383
  batch 20/264  loss=0.1175
  batch 30/264  loss=0.0901
  batch 40/264  loss=0.1254
  batch 50/264  loss=0.1504
  batch 60/264  loss=0.1279
  batch 70/264  loss=0.1142
  batch 80/264  loss=0.1019
  batch 90/264  loss=0.1152
  batch 100/264  loss=0.0656
  batch 110/264  loss=0.2401
  batch 120/264  loss=0.1545
  batch 130/264  loss=0.1276
  batch 140/264  loss=0.1816
  batch 150/264  loss=0.1315
  batch 160/264  loss=0.0947
  batch 170/264  loss=0.1565
  batch 180/264  loss=0.1444
  batch 190/264  loss=0.0679
  batch 200/264  loss=0.1225
  batch 210/264  loss=0.1246
  batch 220/264  loss=0.1039
  batch 230/264  loss=0.1700
  batch 240/264  loss=0.1290
  batch 250/264  loss=0.0733
  batch 260/264  loss=0.0680
Epoch  92/300  train=1.362e-01  rmse=1.9260  lr=1.0e-04  227s
  batch 10/264  loss=0.1526
  batch 20/264  loss=0.1084
  batch 30/264  loss=0.1731
  batch 40/264  loss=0.1812
  batch 50/264  loss=0.0981
  batch 60/264  loss=0.0770
  batch 70/264  loss=0.0945
  batch 80/264  loss=0.1703
  batch 90/264  loss=0.0782
  batch 100/264  loss=0.2691
  batch 110/264  loss=0.1557
  batch 120/264  loss=0.1050
  batch 130/264  loss=0.0843
  batch 140/264  loss=0.1509
  batch 150/264  loss=0.1187
  batch 160/264  loss=0.1563
  batch 170/264  loss=0.0987
  batch 180/264  loss=0.4000
  batch 190/264  loss=0.1035
  batch 200/264  loss=0.1801
  batch 210/264  loss=0.0812
  batch 220/264  loss=0.0843
  batch 230/264  loss=0.0722
  batch 240/264  loss=0.1339
  batch 250/264  loss=0.3026
  batch 260/264  loss=0.1139
Epoch  93/300  train=1.352e-01  rmse=1.8730  lr=1.0e-04  227s
  batch 10/264  loss=0.0719
  batch 20/264  loss=0.2419
  batch 30/264  loss=0.1191
  batch 40/264  loss=0.0719
  batch 50/264  loss=0.1289
  batch 60/264  loss=0.2294
  batch 70/264  loss=0.1019
  batch 80/264  loss=0.0917
  batch 90/264  loss=0.0657
  batch 100/264  loss=0.0875
  batch 110/264  loss=0.1678
  batch 120/264  loss=0.1963
  batch 130/264  loss=0.0866
  batch 140/264  loss=0.0837
  batch 150/264  loss=0.1231
  batch 160/264  loss=0.1033
  batch 170/264  loss=0.0694
  batch 180/264  loss=0.0619
  batch 190/264  loss=0.0667
  batch 200/264  loss=0.0868
  batch 210/264  loss=0.1163
  batch 220/264  loss=0.0902
  batch 230/264  loss=0.0871
  batch 240/264  loss=0.1014
  batch 250/264  loss=0.1255
  batch 260/264  loss=0.1358
Epoch  94/300  train=1.322e-01  rmse=2.0226  lr=1.0e-04  228s
  -> best  monitor=1.322e-01
  batch 10/264  loss=0.0990
  batch 20/264  loss=0.0787
  batch 30/264  loss=0.0900
  batch 40/264  loss=0.1132
  batch 50/264  loss=0.0968
  batch 60/264  loss=0.0827
  batch 70/264  loss=0.1048
  batch 80/264  loss=0.0957
  batch 90/264  loss=0.0730
  batch 100/264  loss=0.0795
  batch 110/264  loss=0.0762
  batch 120/264  loss=0.1123
  batch 130/264  loss=0.1118
  batch 140/264  loss=0.1614
  batch 150/264  loss=0.4126
  batch 160/264  loss=0.1758
  batch 170/264  loss=0.0861
  batch 180/264  loss=0.1290
  batch 190/264  loss=0.1632
  batch 200/264  loss=0.1724
  batch 210/264  loss=0.0614
  batch 220/264  loss=0.1012
  batch 230/264  loss=0.1051
  batch 240/264  loss=0.0946
  batch 250/264  loss=0.3072
  batch 260/264  loss=0.0870
Epoch  95/300  train=1.333e-01  rmse=1.9193  lr=1.0e-04  229s
  batch 10/264  loss=0.1138
  batch 20/264  loss=0.1961
  batch 30/264  loss=0.0759
  batch 40/264  loss=0.0916
  batch 50/264  loss=0.1700
  batch 60/264  loss=0.1110
  batch 70/264  loss=0.1399
  batch 80/264  loss=0.1128
  batch 90/264  loss=0.0802
  batch 100/264  loss=0.1084
  batch 110/264  loss=0.0822
  batch 120/264  loss=0.1537
  batch 130/264  loss=0.0825
  batch 140/264  loss=0.1715
  batch 150/264  loss=0.4286
  batch 160/264  loss=0.1301
  batch 170/264  loss=0.1316
  batch 180/264  loss=0.2101
  batch 190/264  loss=0.1042
  batch 200/264  loss=0.0978
  batch 210/264  loss=0.0920
  batch 220/264  loss=0.2055
  batch 230/264  loss=0.1604
  batch 240/264  loss=0.1176
  batch 250/264  loss=0.1110
  batch 260/264  loss=0.1053
Epoch  96/300  train=1.325e-01  rmse=1.9500  lr=1.0e-04  227s
  batch 10/264  loss=0.1006
  batch 20/264  loss=0.0686
  batch 30/264  loss=0.0763
  batch 40/264  loss=0.0950
  batch 50/264  loss=0.0851
  batch 60/264  loss=0.0600
  batch 70/264  loss=0.1674
  batch 80/264  loss=0.1575
  batch 90/264  loss=0.0778
  batch 100/264  loss=0.2259
  batch 110/264  loss=0.1946
  batch 120/264  loss=0.0665
  batch 130/264  loss=0.0781
  batch 140/264  loss=0.1149
  batch 150/264  loss=0.2497
  batch 160/264  loss=0.0837
  batch 170/264  loss=0.0665
  batch 180/264  loss=0.0755
  batch 190/264  loss=0.3130
  batch 200/264  loss=0.0957
  batch 210/264  loss=0.0910
  batch 220/264  loss=0.3466
  batch 230/264  loss=0.2483
  batch 240/264  loss=0.0760
  batch 250/264  loss=0.1450
  batch 260/264  loss=0.1016
Epoch  97/300  train=1.313e-01  rmse=1.8810  lr=1.0e-04  227s
  -> best  monitor=1.313e-01
  batch 10/264  loss=0.0933
  batch 20/264  loss=0.1364
  batch 30/264  loss=0.1016
  batch 40/264  loss=0.0603
  batch 50/264  loss=0.0810
  batch 60/264  loss=0.1466
  batch 70/264  loss=0.0731
  batch 80/264  loss=0.1341
  batch 90/264  loss=0.1026
  batch 100/264  loss=0.0794
  batch 110/264  loss=0.1157
  batch 120/264  loss=0.0791
  batch 130/264  loss=0.1402
  batch 140/264  loss=0.1981
  batch 150/264  loss=0.2310
  batch 160/264  loss=0.1093
  batch 170/264  loss=0.0771
  batch 180/264  loss=0.3701
  batch 190/264  loss=0.0654
  batch 200/264  loss=0.0747
  batch 210/264  loss=0.1332
  batch 220/264  loss=0.0896
  batch 230/264  loss=0.1266
  batch 240/264  loss=0.0589
  batch 250/264  loss=0.1237
  batch 260/264  loss=0.0990
Epoch  98/300  train=1.302e-01  rmse=1.9221  lr=1.0e-04  227s
  -> best  monitor=1.302e-01
  batch 10/264  loss=0.1068
  batch 20/264  loss=0.0807
  batch 30/264  loss=0.1852
  batch 40/264  loss=0.0858
  batch 50/264  loss=0.1751
  batch 60/264  loss=0.1292
  batch 70/264  loss=0.1671
  batch 80/264  loss=0.0935
  batch 90/264  loss=0.1022
  batch 100/264  loss=0.1583
  batch 110/264  loss=0.1543
  batch 120/264  loss=0.0993
  batch 130/264  loss=0.0779
  batch 140/264  loss=0.0793
  batch 150/264  loss=0.0653
  batch 160/264  loss=0.0800
  batch 170/264  loss=0.0842
  batch 180/264  loss=0.0731
  batch 190/264  loss=0.1183
  batch 200/264  loss=0.1620
  batch 210/264  loss=0.0825
  batch 220/264  loss=0.0880
  batch 230/264  loss=0.0986
  batch 240/264  loss=0.1904
  batch 250/264  loss=0.2607
  batch 260/264  loss=0.1308
Epoch  99/300  train=1.300e-01  rmse=1.8723  lr=1.0e-04  229s
  -> best  monitor=1.300e-01
  batch 10/264  loss=0.0978
  batch 20/264  loss=0.0732
  batch 30/264  loss=0.1070
  batch 40/264  loss=0.0892
  batch 50/264  loss=0.1359
  batch 60/264  loss=0.0823
  batch 70/264  loss=0.1447
  batch 80/264  loss=0.1623
  batch 90/264  loss=0.0956
  batch 100/264  loss=0.2563
  batch 110/264  loss=0.1105
  batch 120/264  loss=0.2249
  batch 130/264  loss=0.1365
  batch 140/264  loss=0.1187
  batch 150/264  loss=0.0778
  batch 160/264  loss=0.1187
  batch 170/264  loss=0.1566
  batch 180/264  loss=0.0938
  batch 190/264  loss=0.1052
  batch 200/264  loss=0.1126
  batch 210/264  loss=0.0743
  batch 220/264  loss=0.0984
  batch 230/264  loss=0.1100
  batch 240/264  loss=0.0708
  batch 250/264  loss=0.1060
  batch 260/264  loss=0.1930
Epoch 100/300  train=1.291e-01  rmse=1.9052  lr=1.0e-04  226s
  -> best  monitor=1.291e-01
  batch 10/264  loss=0.3471
  batch 20/264  loss=0.0780
  batch 30/264  loss=0.0903
  batch 40/264  loss=0.1651
  batch 50/264  loss=0.0616
  batch 60/264  loss=0.0814
  batch 70/264  loss=0.0733
  batch 80/264  loss=0.0771
  batch 90/264  loss=0.0882
  batch 100/264  loss=0.1129
  batch 110/264  loss=0.0634
  batch 120/264  loss=0.1375
  batch 130/264  loss=0.0881
  batch 140/264  loss=0.2058
  batch 150/264  loss=0.1150
  batch 160/264  loss=0.0785
  batch 170/264  loss=0.0685
  batch 180/264  loss=0.3179
  batch 190/264  loss=0.1668
  batch 200/264  loss=0.0955
  batch 210/264  loss=0.2525
  batch 220/264  loss=0.2780
  batch 230/264  loss=0.1932
  batch 240/264  loss=0.2047
  batch 250/264  loss=0.1216
  batch 260/264  loss=0.0609
Epoch 101/300  train=1.315e-01  rmse=1.9280  lr=1.0e-04  228s
  batch 10/264  loss=0.1246
  batch 20/264  loss=0.0669
  batch 30/264  loss=0.1657
  batch 40/264  loss=0.0816
  batch 50/264  loss=0.1549
  batch 60/264  loss=0.3508
  batch 70/264  loss=0.1840
  batch 80/264  loss=0.0528
  batch 90/264  loss=0.0901
  batch 100/264  loss=0.0920
  batch 110/264  loss=0.1011
  batch 120/264  loss=0.1029
  batch 130/264  loss=0.1358
  batch 140/264  loss=0.0957
  batch 150/264  loss=0.1196
  batch 160/264  loss=0.0976
  batch 170/264  loss=0.0751
  batch 180/264  loss=0.3249
  batch 190/264  loss=0.2542
  batch 200/264  loss=0.0842
  batch 210/264  loss=0.1697
  batch 220/264  loss=0.0593
  batch 230/264  loss=0.1607
  batch 240/264  loss=0.1033
  batch 250/264  loss=0.0828
  batch 260/264  loss=0.0862
Epoch 102/300  train=1.286e-01  rmse=1.8181  lr=1.0e-04  226s
  -> best  monitor=1.286e-01
  batch 10/264  loss=0.0780
  batch 20/264  loss=0.0674
  batch 30/264  loss=0.0890
  batch 40/264  loss=0.0802
  batch 50/264  loss=0.0644
  batch 60/264  loss=0.0945
  batch 70/264  loss=0.2162
  batch 80/264  loss=0.0974
  batch 90/264  loss=0.0876
  batch 100/264  loss=0.1277
  batch 110/264  loss=0.1033
  batch 120/264  loss=0.1464
  batch 130/264  loss=0.0782
  batch 140/264  loss=0.0543
  batch 150/264  loss=0.1413
  batch 160/264  loss=0.0653
  batch 170/264  loss=0.1832
  batch 180/264  loss=0.1150
  batch 190/264  loss=0.1369
  batch 200/264  loss=0.1404
  batch 210/264  loss=0.0975
  batch 220/264  loss=0.1546
  batch 230/264  loss=0.2924
  batch 240/264  loss=0.4955
  batch 250/264  loss=0.0920
  batch 260/264  loss=0.1009
Epoch 103/300  train=1.267e-01  rmse=1.8541  lr=1.0e-04  228s
  -> best  monitor=1.267e-01
  batch 10/264  loss=0.0559
  batch 20/264  loss=0.2243
  batch 30/264  loss=0.1013
  batch 40/264  loss=0.0934
  batch 50/264  loss=0.1265
  batch 60/264  loss=0.0786
  batch 70/264  loss=0.2970
  batch 80/264  loss=0.1831
  batch 90/264  loss=0.2338
  batch 100/264  loss=0.0673
  batch 110/264  loss=0.4180
  batch 120/264  loss=0.5750
  batch 130/264  loss=0.0986
  batch 140/264  loss=0.1957
  batch 150/264  loss=0.0928
  batch 160/264  loss=0.0762
  batch 170/264  loss=0.1836
  batch 180/264  loss=0.1554
  batch 190/264  loss=0.0709
  batch 200/264  loss=0.1228
  batch 210/264  loss=0.1180
  batch 220/264  loss=0.0758
  batch 230/264  loss=0.0668
  batch 240/264  loss=0.0846
  batch 250/264  loss=0.2436
  batch 260/264  loss=0.2182
Epoch 104/300  train=1.270e-01  rmse=1.8091  lr=1.0e-04  227s
  batch 10/264  loss=0.0939
  batch 20/264  loss=0.1155
  batch 30/264  loss=0.1155
  batch 40/264  loss=0.1182
  batch 50/264  loss=0.1096
  batch 60/264  loss=0.0928
  batch 70/264  loss=0.0630
  batch 80/264  loss=0.1930
  batch 90/264  loss=0.3773
  batch 100/264  loss=0.1836
  batch 110/264  loss=0.2692
  batch 120/264  loss=0.0735
  batch 130/264  loss=0.1152
  batch 140/264  loss=0.1315
  batch 150/264  loss=0.0992
  batch 160/264  loss=0.1480
  batch 170/264  loss=0.1853
  batch 180/264  loss=0.0808
  batch 190/264  loss=0.1262
  batch 200/264  loss=0.2536
  batch 210/264  loss=0.0908
  batch 220/264  loss=0.1594
  batch 230/264  loss=0.0511
  batch 240/264  loss=0.0668
  batch 250/264  loss=0.0564
  batch 260/264  loss=0.1349
Epoch 105/300  train=1.297e-01  rmse=1.8543  lr=1.0e-04  228s
  batch 10/264  loss=0.1486
  batch 20/264  loss=0.1097
  batch 30/264  loss=0.1361
  batch 40/264  loss=0.3185
  batch 50/264  loss=0.0865
  batch 60/264  loss=0.0746
  batch 70/264  loss=0.0937
  batch 80/264  loss=0.1124
  batch 90/264  loss=0.1133
  batch 100/264  loss=0.2063
  batch 110/264  loss=0.1414
  batch 120/264  loss=0.1364
  batch 130/264  loss=0.0728
  batch 140/264  loss=0.1903
  batch 150/264  loss=0.1205
  batch 160/264  loss=0.0886
  batch 170/264  loss=0.1126
  batch 180/264  loss=0.0717
  batch 190/264  loss=0.0745
  batch 200/264  loss=0.2285
  batch 210/264  loss=0.0749
  batch 220/264  loss=0.1649
  batch 230/264  loss=0.0663
  batch 240/264  loss=0.0822
  batch 250/264  loss=0.0856
  batch 260/264  loss=0.0904
Epoch 106/300  train=1.279e-01  rmse=1.9021  lr=1.0e-04  227s
  batch 10/264  loss=0.1549
  batch 20/264  loss=0.2095
  batch 30/264  loss=0.1909
  batch 40/264  loss=0.1085
  batch 50/264  loss=0.1067
  batch 60/264  loss=0.1177
  batch 70/264  loss=0.1066
  batch 80/264  loss=0.2184
  batch 90/264  loss=0.0695
  batch 100/264  loss=0.0766
  batch 110/264  loss=0.0977
  batch 120/264  loss=0.0927
  batch 130/264  loss=0.0771
  batch 140/264  loss=0.0724
  batch 150/264  loss=0.0993
  batch 160/264  loss=0.1552
  batch 170/264  loss=0.0982
  batch 180/264  loss=0.1155
  batch 190/264  loss=0.3962
  batch 200/264  loss=0.1382
  batch 210/264  loss=0.1210
  batch 220/264  loss=0.1548
  batch 230/264  loss=0.0783
  batch 240/264  loss=0.0744
  batch 250/264  loss=0.1479
  batch 260/264  loss=0.2255
Epoch 107/300  train=1.256e-01  rmse=1.8386  lr=1.0e-04  227s
  -> best  monitor=1.256e-01
  batch 10/264  loss=0.1109
  batch 20/264  loss=0.1481
  batch 30/264  loss=0.0989
  batch 40/264  loss=0.1058
  batch 50/264  loss=0.0970
  batch 60/264  loss=0.1029
  batch 70/264  loss=0.1467
  batch 80/264  loss=0.1165
  batch 90/264  loss=0.1219
  batch 100/264  loss=0.1120
  batch 110/264  loss=0.0842
  batch 120/264  loss=0.1073
  batch 130/264  loss=0.1057
  batch 140/264  loss=0.0906
  batch 150/264  loss=0.0908
  batch 160/264  loss=0.1716
  batch 170/264  loss=0.1186
  batch 180/264  loss=0.1222
  batch 190/264  loss=0.0715
  batch 200/264  loss=0.0720
  batch 210/264  loss=0.0877
  batch 220/264  loss=0.2021
  batch 230/264  loss=0.0852
  batch 240/264  loss=0.0800
  batch 250/264  loss=0.1434
  batch 260/264  loss=0.2667
Epoch 108/300  train=1.239e-01  rmse=1.7898  lr=1.0e-04  228s
  -> best  monitor=1.239e-01
  batch 10/264  loss=0.0905
  batch 20/264  loss=0.1544
  batch 30/264  loss=0.0970
  batch 40/264  loss=0.0654
  batch 50/264  loss=0.1783
  batch 60/264  loss=0.1004
  batch 70/264  loss=0.1049
  batch 80/264  loss=0.0801
  batch 90/264  loss=0.0948
  batch 100/264  loss=0.1012
  batch 110/264  loss=0.0962
  batch 120/264  loss=0.0880
  batch 130/264  loss=0.1218
  batch 140/264  loss=0.0702
  batch 150/264  loss=0.1166
  batch 160/264  loss=0.1118
  batch 170/264  loss=0.1016
  batch 180/264  loss=0.0925
  batch 190/264  loss=0.1302
  batch 200/264  loss=0.0778
  batch 210/264  loss=0.0759
  batch 220/264  loss=0.2755
  batch 230/264  loss=0.0637
  batch 240/264  loss=0.0843
  batch 250/264  loss=0.2296
  batch 260/264  loss=0.0544
Epoch 109/300  train=1.283e-01  rmse=1.8854  lr=1.0e-04  227s
  batch 10/264  loss=0.1530
  batch 20/264  loss=0.1057
  batch 30/264  loss=0.0898
  batch 40/264  loss=0.0900
  batch 50/264  loss=0.1048
  batch 60/264  loss=0.1096
  batch 70/264  loss=0.0500
  batch 80/264  loss=0.1167
  batch 90/264  loss=0.1419
  batch 100/264  loss=0.0750
  batch 110/264  loss=0.0742
  batch 120/264  loss=0.1174
  batch 130/264  loss=0.2283
  batch 140/264  loss=0.1437
  batch 150/264  loss=0.1075
  batch 160/264  loss=0.0948
  batch 170/264  loss=0.1848
  batch 180/264  loss=0.0762
  batch 190/264  loss=0.0696
  batch 200/264  loss=0.2436
  batch 210/264  loss=0.0816
  batch 220/264  loss=0.0964
  batch 230/264  loss=0.2238
  batch 240/264  loss=0.1281
  batch 250/264  loss=0.1194
  batch 260/264  loss=0.1011
Epoch 110/300  train=1.287e-01  rmse=1.9005  lr=1.0e-04  227s
  batch 10/264  loss=0.0872
  batch 20/264  loss=0.2739
  batch 30/264  loss=0.1912
  batch 40/264  loss=0.0684
  batch 50/264  loss=0.1029
  batch 60/264  loss=0.0977
  batch 70/264  loss=0.0785
  batch 80/264  loss=0.0945
  batch 90/264  loss=0.2301
  batch 100/264  loss=0.1004
  batch 110/264  loss=0.0802
  batch 120/264  loss=0.1074
  batch 130/264  loss=0.1246
  batch 140/264  loss=0.0888
  batch 150/264  loss=0.0709
  batch 160/264  loss=0.1253
  batch 170/264  loss=0.0944
  batch 180/264  loss=0.1356
  batch 190/264  loss=0.1250
  batch 200/264  loss=0.3242
  batch 210/264  loss=0.0846
  batch 220/264  loss=0.0753
  batch 230/264  loss=0.3097
  batch 240/264  loss=0.2278
  batch 250/264  loss=0.1926
  batch 260/264  loss=0.1688
Epoch 111/300  train=1.260e-01  rmse=1.8891  lr=1.0e-04  229s
  batch 10/264  loss=0.0814
  batch 20/264  loss=0.0819
  batch 30/264  loss=0.0943
  batch 40/264  loss=0.0618
  batch 50/264  loss=0.1010
  batch 60/264  loss=0.1051
  batch 70/264  loss=0.0892
  batch 80/264  loss=0.1269
  batch 90/264  loss=0.1176
  batch 100/264  loss=0.1118
  batch 110/264  loss=0.1534
  batch 120/264  loss=0.1166
  batch 130/264  loss=0.1015
  batch 140/264  loss=0.1196
  batch 150/264  loss=0.1061
  batch 160/264  loss=0.0617
  batch 170/264  loss=0.0864
  batch 180/264  loss=0.0623
  batch 190/264  loss=0.1279
  batch 200/264  loss=0.1754
  batch 210/264  loss=0.0756
  batch 220/264  loss=0.2425
  batch 230/264  loss=0.0757
  batch 240/264  loss=0.1390
  batch 250/264  loss=0.0488
  batch 260/264  loss=0.0786
Epoch 112/300  train=1.229e-01  rmse=1.8308  lr=1.0e-04  228s
  -> best  monitor=1.229e-01
  batch 10/264  loss=0.1007
  batch 20/264  loss=0.0640
  batch 30/264  loss=0.1204
  batch 40/264  loss=0.2130
  batch 50/264  loss=0.1294
  batch 60/264  loss=0.0881
  batch 70/264  loss=0.0710
  batch 80/264  loss=0.1673
  batch 90/264  loss=0.1907
  batch 100/264  loss=0.1485
  batch 110/264  loss=0.1416
  batch 120/264  loss=0.4443
  batch 130/264  loss=0.3705
  batch 140/264  loss=0.2011
  batch 150/264  loss=0.0810
  batch 160/264  loss=0.0642
  batch 170/264  loss=0.2344
  batch 180/264  loss=0.0559
  batch 190/264  loss=0.0755
  batch 200/264  loss=0.0981
  batch 210/264  loss=0.0836
  batch 220/264  loss=0.0769
  batch 230/264  loss=0.2795
  batch 240/264  loss=0.0723
  batch 250/264  loss=0.1168
  batch 260/264  loss=0.0622
Epoch 113/300  train=1.248e-01  rmse=1.8434  lr=1.0e-04  228s
  batch 10/264  loss=0.1121
  batch 20/264  loss=0.0563
  batch 30/264  loss=0.3428
  batch 40/264  loss=0.0746
  batch 50/264  loss=0.0861
  batch 60/264  loss=0.1662
  batch 70/264  loss=0.1021
  batch 80/264  loss=0.1698
  batch 90/264  loss=0.1007
  batch 100/264  loss=0.1203
  batch 110/264  loss=0.1077
  batch 120/264  loss=0.1499
  batch 130/264  loss=0.1324
  batch 140/264  loss=0.1443
  batch 150/264  loss=0.3003
  batch 160/264  loss=0.1914
  batch 170/264  loss=0.1270
  batch 180/264  loss=0.0641
  batch 190/264  loss=0.0899
  batch 200/264  loss=0.1398
  batch 210/264  loss=0.1178
  batch 220/264  loss=0.0775
  batch 230/264  loss=0.0729
  batch 240/264  loss=0.0793
  batch 250/264  loss=0.0842
  batch 260/264  loss=0.0729
Epoch 114/300  train=1.243e-01  rmse=2.2274  lr=1.0e-04  227s
  batch 10/264  loss=0.1235
  batch 20/264  loss=0.0787
  batch 30/264  loss=0.2048
  batch 40/264  loss=0.0892
  batch 50/264  loss=0.1179
  batch 60/264  loss=0.0907
  batch 70/264  loss=0.1661
  batch 80/264  loss=0.3564
  batch 90/264  loss=0.2625
  batch 100/264  loss=0.0984
  batch 110/264  loss=0.1150
  batch 120/264  loss=0.0799
  batch 130/264  loss=0.1125
  batch 140/264  loss=0.0717
  batch 150/264  loss=0.1887
  batch 160/264  loss=0.0667
  batch 170/264  loss=0.0718
  batch 180/264  loss=0.1401
  batch 190/264  loss=0.1268
  batch 200/264  loss=0.1151
  batch 210/264  loss=0.0880
  batch 220/264  loss=0.0820
  batch 230/264  loss=0.0658
  batch 240/264  loss=0.0828
  batch 250/264  loss=0.1649
  batch 260/264  loss=0.0888
Epoch 115/300  train=1.224e-01  rmse=1.7932  lr=1.0e-04  227s
  -> best  monitor=1.224e-01
  batch 10/264  loss=0.1157
  batch 20/264  loss=0.1547
  batch 30/264  loss=0.1805
  batch 40/264  loss=0.1127
  batch 50/264  loss=0.0965
  batch 60/264  loss=0.1226
  batch 70/264  loss=0.1311
  batch 80/264  loss=0.1155
  batch 90/264  loss=0.4297
  batch 100/264  loss=0.1064
  batch 110/264  loss=0.0870
  batch 120/264  loss=0.0774
  batch 130/264  loss=0.2004
  batch 140/264  loss=0.1985
  batch 150/264  loss=0.1015
  batch 160/264  loss=0.1567
  batch 170/264  loss=0.0926
  batch 180/264  loss=0.0692
  batch 190/264  loss=0.1124
  batch 200/264  loss=0.0772
  batch 210/264  loss=0.2870
  batch 220/264  loss=0.3274
  batch 230/264  loss=0.2297
  batch 240/264  loss=0.0831
  batch 250/264  loss=0.0762
  batch 260/264  loss=0.1016
Epoch 116/300  train=1.219e-01  rmse=1.8542  lr=1.0e-04  228s
  -> best  monitor=1.219e-01
  batch 10/264  loss=0.1265
  batch 20/264  loss=0.0945
  batch 30/264  loss=0.0753
  batch 40/264  loss=0.0762
  batch 50/264  loss=0.0930
  batch 60/264  loss=0.1195
  batch 70/264  loss=0.0673
  batch 80/264  loss=0.0899
  batch 90/264  loss=0.0912
  batch 100/264  loss=0.0937
  batch 110/264  loss=0.1533
  batch 120/264  loss=0.1779
  batch 130/264  loss=0.0943
  batch 140/264  loss=0.0476
  batch 150/264  loss=0.1061
  batch 160/264  loss=0.0958
  batch 170/264  loss=0.0681
  batch 180/264  loss=0.1689
  batch 190/264  loss=0.1770
  batch 200/264  loss=0.0737
  batch 210/264  loss=0.1412
  batch 220/264  loss=0.0908
  batch 230/264  loss=0.3796
  batch 240/264  loss=0.1523
  batch 250/264  loss=0.0876
  batch 260/264  loss=0.0920
Epoch 117/300  train=1.249e-01  rmse=1.8705  lr=1.0e-04  228s
  batch 10/264  loss=0.0995
  batch 20/264  loss=0.0868
  batch 30/264  loss=0.4076
  batch 40/264  loss=0.2616
  batch 50/264  loss=0.1346
  batch 60/264  loss=0.1861
  batch 70/264  loss=0.0989
  batch 80/264  loss=0.0643
  batch 90/264  loss=0.0985
  batch 100/264  loss=0.0809
  batch 110/264  loss=0.1135
  batch 120/264  loss=0.0685
  batch 130/264  loss=0.1196
  batch 140/264  loss=0.0663
  batch 150/264  loss=0.1156
  batch 160/264  loss=0.0641
  batch 170/264  loss=0.1080
  batch 180/264  loss=0.1163
  batch 190/264  loss=0.1839
  batch 200/264  loss=0.0727
  batch 210/264  loss=0.1027
  batch 220/264  loss=0.0662
  batch 230/264  loss=0.1207
  batch 240/264  loss=0.1181
  batch 250/264  loss=0.0684
  batch 260/264  loss=0.1475
Epoch 118/300  train=1.228e-01  rmse=1.8541  lr=1.0e-04  228s
  batch 10/264  loss=0.1478
  batch 20/264  loss=0.0729
  batch 30/264  loss=0.0756
  batch 40/264  loss=0.1179
  batch 50/264  loss=0.2266
  batch 60/264  loss=0.0950
  batch 70/264  loss=0.1436
  batch 80/264  loss=0.1257
  batch 90/264  loss=0.1553
  batch 100/264  loss=0.0816
  batch 110/264  loss=0.0588
  batch 120/264  loss=0.2798
  batch 130/264  loss=0.0983
  batch 140/264  loss=0.0663
  batch 150/264  loss=0.1760
  batch 160/264  loss=0.0948
  batch 170/264  loss=0.0719
  batch 180/264  loss=0.0807
  batch 190/264  loss=0.0847
  batch 200/264  loss=0.0591
  batch 210/264  loss=0.0713
  batch 220/264  loss=0.1149
  batch 230/264  loss=0.1113
  batch 240/264  loss=0.1296
  batch 250/264  loss=0.0950
  batch 260/264  loss=0.2499
Epoch 119/300  train=1.217e-01  rmse=1.8466  lr=1.0e-04  228s
  -> best  monitor=1.217e-01
  batch 10/264  loss=0.0862
  batch 20/264  loss=0.1058
  batch 30/264  loss=0.0795
  batch 40/264  loss=0.0570
  batch 50/264  loss=0.0732
  batch 60/264  loss=0.0708
  batch 70/264  loss=0.0892
  batch 80/264  loss=0.1222
  batch 90/264  loss=0.0738
  batch 100/264  loss=0.0736
  batch 110/264  loss=0.2844
  batch 120/264  loss=0.1057
  batch 130/264  loss=0.1116
  batch 140/264  loss=0.2589
  batch 150/264  loss=0.1114
  batch 160/264  loss=0.1109
  batch 170/264  loss=0.2274
  batch 180/264  loss=0.2587
  batch 190/264  loss=0.2212
  batch 200/264  loss=0.1527
  batch 210/264  loss=0.1270
  batch 220/264  loss=0.0838
  batch 230/264  loss=0.0767
  batch 240/264  loss=0.0773
  batch 250/264  loss=0.0926
  batch 260/264  loss=0.1041
Epoch 120/300  train=1.194e-01  rmse=3.1181  lr=1.0e-04  228s
  -> best  monitor=1.194e-01
  batch 10/264  loss=0.0796
  batch 20/264  loss=0.1454
  batch 30/264  loss=0.0681
  batch 40/264  loss=0.0764
  batch 50/264  loss=0.0728
  batch 60/264  loss=0.2308
  batch 70/264  loss=0.0977
  batch 80/264  loss=0.0576
  batch 90/264  loss=0.3700
  batch 100/264  loss=0.1416
  batch 110/264  loss=0.0674
  batch 120/264  loss=0.1237
  batch 130/264  loss=0.0928
  batch 140/264  loss=0.2413
  batch 150/264  loss=0.0699
  batch 160/264  loss=0.1513
  batch 170/264  loss=0.2513
  batch 180/264  loss=0.1593
  batch 190/264  loss=0.1703
  batch 200/264  loss=0.1770
  batch 210/264  loss=0.1106
  batch 220/264  loss=0.1344
  batch 230/264  loss=0.1672
  batch 240/264  loss=0.1885
  batch 250/264  loss=0.1096
  batch 260/264  loss=0.0715
Epoch 121/300  train=1.221e-01  rmse=1.8695  lr=1.0e-04  229s
  batch 10/264  loss=0.1025
  batch 20/264  loss=0.0963
  batch 30/264  loss=0.0816
  batch 40/264  loss=0.0894
  batch 50/264  loss=0.1230
  batch 60/264  loss=0.1646
  batch 70/264  loss=0.0735
  batch 80/264  loss=0.1007
  batch 90/264  loss=0.0600
  batch 100/264  loss=0.1168
  batch 110/264  loss=0.1914
  batch 120/264  loss=0.0966
  batch 130/264  loss=0.1027
  batch 140/264  loss=0.0840
  batch 150/264  loss=0.0743
  batch 160/264  loss=0.1407
  batch 170/264  loss=0.1860
  batch 180/264  loss=0.2712
  batch 190/264  loss=0.2573
  batch 200/264  loss=0.0984
  batch 210/264  loss=0.0693
  batch 220/264  loss=0.2066
  batch 230/264  loss=0.2037
  batch 240/264  loss=0.1581
  batch 250/264  loss=0.1535
  batch 260/264  loss=0.0717
Epoch 122/300  train=1.175e-01  rmse=1.7876  lr=1.0e-04  227s
  -> best  monitor=1.175e-01
  batch 10/264  loss=0.0820
  batch 20/264  loss=0.1029
  batch 30/264  loss=0.0603
  batch 40/264  loss=0.0538
  batch 50/264  loss=0.0870
  batch 60/264  loss=0.0668
  batch 70/264  loss=0.0965
  batch 80/264  loss=0.1676
  batch 90/264  loss=0.1547
  batch 100/264  loss=0.0558
  batch 110/264  loss=0.1116
  batch 120/264  loss=0.1099
  batch 130/264  loss=0.0725
  batch 140/264  loss=0.1255
  batch 150/264  loss=0.1051
  batch 160/264  loss=0.0682
  batch 170/264  loss=0.1484
  batch 180/264  loss=0.0543
  batch 190/264  loss=0.2814
  batch 200/264  loss=0.1416
  batch 210/264  loss=0.3436
  batch 220/264  loss=0.0910
  batch 230/264  loss=0.1222
  batch 240/264  loss=0.1067
  batch 250/264  loss=0.1776
  batch 260/264  loss=0.0607
Epoch 123/300  train=1.198e-01  rmse=1.8114  lr=1.0e-04  227s
  batch 10/264  loss=0.1016
  batch 20/264  loss=0.2490
  batch 30/264  loss=0.0737
  batch 40/264  loss=0.0775
  batch 50/264  loss=0.1159
  batch 60/264  loss=0.0599
  batch 70/264  loss=0.1359
  batch 80/264  loss=0.1918
  batch 90/264  loss=0.1618
  batch 100/264  loss=0.1211
  batch 110/264  loss=0.1328
  batch 120/264  loss=0.0754
  batch 130/264  loss=0.0833
  batch 140/264  loss=0.0816
  batch 150/264  loss=0.0856
  batch 160/264  loss=0.1225
  batch 170/264  loss=0.0884
  batch 180/264  loss=0.0589
  batch 190/264  loss=0.0869
  batch 200/264  loss=0.2002
  batch 210/264  loss=0.1063
  batch 220/264  loss=0.0648
  batch 230/264  loss=0.1224
  batch 240/264  loss=0.1586
  batch 250/264  loss=0.0809
  batch 260/264  loss=0.0903
Epoch 124/300  train=1.201e-01  rmse=1.7975  lr=1.0e-04  228s
  batch 10/264  loss=0.0663
  batch 20/264  loss=0.0551
  batch 30/264  loss=0.0884
  batch 40/264  loss=0.2082
  batch 50/264  loss=0.1765
  batch 60/264  loss=0.0762
  batch 70/264  loss=0.2449
  batch 80/264  loss=0.1266
  batch 90/264  loss=0.2346
  batch 100/264  loss=0.0496
  batch 110/264  loss=0.1095
  batch 120/264  loss=0.0797
  batch 130/264  loss=0.2426
  batch 140/264  loss=0.1663
  batch 150/264  loss=0.1345
  batch 160/264  loss=0.0970
  batch 170/264  loss=0.0848
  batch 180/264  loss=0.1315
  batch 190/264  loss=0.0844
  batch 200/264  loss=0.1740
  batch 210/264  loss=0.1367
  batch 220/264  loss=0.0596
  batch 230/264  loss=0.0907
  batch 240/264  loss=0.1215
  batch 250/264  loss=0.1291
  batch 260/264  loss=0.0878
Epoch 125/300  train=1.178e-01  rmse=1.7944  lr=1.0e-04  227s
  batch 10/264  loss=0.1069
  batch 20/264  loss=0.0524
  batch 30/264  loss=0.1583
  batch 40/264  loss=0.1131
  batch 50/264  loss=0.1264
  batch 60/264  loss=0.1020
  batch 70/264  loss=0.0765
  batch 80/264  loss=0.1852
  batch 90/264  loss=0.0846
  batch 100/264  loss=0.1193
  batch 110/264  loss=0.1147
  batch 120/264  loss=0.1305
  batch 130/264  loss=0.0878
  batch 140/264  loss=0.1450
  batch 150/264  loss=0.1048
  batch 160/264  loss=0.1929
  batch 170/264  loss=0.0797
  batch 180/264  loss=0.0878
  batch 190/264  loss=0.1330
  batch 200/264  loss=0.1082
  batch 210/264  loss=0.1177
  batch 220/264  loss=0.1266
  batch 230/264  loss=0.1828
  batch 240/264  loss=0.1840
  batch 250/264  loss=0.0581
  batch 260/264  loss=0.2753
Epoch 126/300  train=1.175e-01  rmse=1.8252  lr=1.0e-04  227s
  -> best  monitor=1.175e-01
  batch 10/264  loss=0.1798
  batch 20/264  loss=0.0846
  batch 30/264  loss=0.0843
  batch 40/264  loss=0.0629
  batch 50/264  loss=0.0906
  batch 60/264  loss=0.1127
  batch 70/264  loss=0.0554
  batch 80/264  loss=0.2348
  batch 90/264  loss=0.1370
  batch 100/264  loss=0.1228
  batch 110/264  loss=0.0639
  batch 120/264  loss=0.0741
  batch 130/264  loss=0.2576
  batch 140/264  loss=0.1010
  batch 150/264  loss=0.1167
  batch 160/264  loss=0.2331
  batch 170/264  loss=0.0786
  batch 180/264  loss=0.1116
  batch 190/264  loss=0.0658
  batch 200/264  loss=0.0689
  batch 210/264  loss=0.1133
  batch 220/264  loss=0.1035
  batch 230/264  loss=0.1442
  batch 240/264  loss=0.0867
  batch 250/264  loss=0.1973
  batch 260/264  loss=0.0825
Epoch 127/300  train=1.177e-01  rmse=1.9133  lr=1.0e-04  227s
  batch 10/264  loss=0.0624
  batch 20/264  loss=0.1108
  batch 30/264  loss=0.0473
  batch 40/264  loss=0.1368
  batch 50/264  loss=0.0614
  batch 60/264  loss=0.0983
  batch 70/264  loss=0.1682
  batch 80/264  loss=0.0666
  batch 90/264  loss=0.1120
  batch 100/264  loss=0.2297
  batch 110/264  loss=0.2630
  batch 120/264  loss=0.0838
  batch 130/264  loss=0.1034
  batch 140/264  loss=0.4528
  batch 150/264  loss=0.0698
  batch 160/264  loss=0.0851
  batch 170/264  loss=0.1749
  batch 180/264  loss=0.0864
  batch 190/264  loss=0.0823
  batch 200/264  loss=0.1260
  batch 210/264  loss=0.0821
  batch 220/264  loss=0.1483
  batch 230/264  loss=0.1184
  batch 240/264  loss=0.1328
  batch 250/264  loss=0.1009
  batch 260/264  loss=0.0798
Epoch 128/300  train=1.194e-01  rmse=1.8234  lr=1.0e-04  228s
  batch 10/264  loss=0.0804
  batch 20/264  loss=0.1062
  batch 30/264  loss=0.0814
  batch 40/264  loss=0.1345
  batch 50/264  loss=0.1089
  batch 60/264  loss=0.0779
  batch 70/264  loss=0.1162
  batch 80/264  loss=0.1264
  batch 90/264  loss=0.2042
  batch 100/264  loss=0.1762
  batch 110/264  loss=0.1152
  batch 120/264  loss=0.0963
  batch 130/264  loss=0.1304
  batch 140/264  loss=0.1458
  batch 150/264  loss=0.1214
  batch 160/264  loss=0.0756
  batch 170/264  loss=0.1126
  batch 180/264  loss=0.0610
  batch 190/264  loss=0.2733
  batch 200/264  loss=0.1100
  batch 210/264  loss=0.1160
  batch 220/264  loss=0.0675
  batch 230/264  loss=0.0773
  batch 240/264  loss=0.0852
  batch 250/264  loss=0.0977
  batch 260/264  loss=0.1113
Epoch 129/300  train=1.171e-01  rmse=1.7820  lr=1.0e-04  226s
  -> best  monitor=1.171e-01
  batch 10/264  loss=0.0975
  batch 20/264  loss=0.0837
  batch 30/264  loss=0.0654
  batch 40/264  loss=0.0884
  batch 50/264  loss=0.1643
  batch 60/264  loss=0.0746
  batch 70/264  loss=0.0748
  batch 80/264  loss=0.0991
  batch 90/264  loss=0.0831
  batch 100/264  loss=0.2497
  batch 110/264  loss=0.1043
  batch 120/264  loss=0.1231
  batch 130/264  loss=0.1619
  batch 140/264  loss=0.1624
  batch 150/264  loss=0.0919
  batch 160/264  loss=0.0570
  batch 170/264  loss=0.0914
  batch 180/264  loss=0.0988
  batch 190/264  loss=0.0654
  batch 200/264  loss=0.0891
  batch 210/264  loss=0.0978
  batch 220/264  loss=0.1122
  batch 230/264  loss=0.2910
  batch 240/264  loss=0.1610
  batch 250/264  loss=0.1594
  batch 260/264  loss=0.0863
Epoch 130/300  train=1.178e-01  rmse=2.0438  lr=1.0e-04  228s
  batch 10/264  loss=0.1170
  batch 20/264  loss=0.1003
  batch 30/264  loss=0.1042
  batch 40/264  loss=0.1238
  batch 50/264  loss=0.1070
  batch 60/264  loss=0.0781
  batch 70/264  loss=0.0798
  batch 80/264  loss=0.0874
  batch 90/264  loss=0.1947
  batch 100/264  loss=0.0931
  batch 110/264  loss=0.0633
  batch 120/264  loss=0.0607
  batch 130/264  loss=0.1891
  batch 140/264  loss=0.1196
  batch 150/264  loss=0.1001
  batch 160/264  loss=0.0599
  batch 170/264  loss=0.0966
  batch 180/264  loss=0.1246
  batch 190/264  loss=0.1148
  batch 200/264  loss=0.1454
  batch 210/264  loss=0.1040
  batch 220/264  loss=0.0663
  batch 230/264  loss=0.0752
  batch 240/264  loss=0.0658
  batch 250/264  loss=0.0747
  batch 260/264  loss=0.1136
Epoch 131/300  train=1.157e-01  rmse=1.8815  lr=1.0e-04  227s
  -> best  monitor=1.157e-01
  batch 10/264  loss=0.0871
  batch 20/264  loss=0.1223
  batch 30/264  loss=0.0651
  batch 40/264  loss=0.2101
  batch 50/264  loss=0.2287
  batch 60/264  loss=0.4173
  batch 70/264  loss=0.2169
  batch 80/264  loss=0.1121
  batch 90/264  loss=0.0863
  batch 100/264  loss=0.3064
  batch 110/264  loss=0.1637
  batch 120/264  loss=0.0481
  batch 130/264  loss=0.0651
  batch 140/264  loss=0.1275
  batch 150/264  loss=0.0723
  batch 160/264  loss=0.0983
  batch 170/264  loss=0.1149
  batch 180/264  loss=0.0945
  batch 190/264  loss=0.0949
  batch 200/264  loss=0.2411
  batch 210/264  loss=0.0949
  batch 220/264  loss=0.0791
  batch 230/264  loss=0.0708
  batch 240/264  loss=0.1795
  batch 250/264  loss=0.0781
  batch 260/264  loss=0.1088
Epoch 132/300  train=1.160e-01  rmse=1.8962  lr=1.0e-04  227s
  batch 10/264  loss=0.0576
  batch 20/264  loss=0.1200
  batch 30/264  loss=0.2421
  batch 40/264  loss=0.1577
  batch 50/264  loss=0.1164
  batch 60/264  loss=0.1481
  batch 70/264  loss=0.0902
  batch 80/264  loss=0.0809
  batch 90/264  loss=0.0805
  batch 100/264  loss=0.1246
  batch 110/264  loss=0.1166
  batch 120/264  loss=0.1132
  batch 130/264  loss=0.1276
  batch 140/264  loss=0.0877
  batch 150/264  loss=0.1593
  batch 160/264  loss=0.0913
  batch 170/264  loss=0.0957
  batch 180/264  loss=0.1078
  batch 190/264  loss=0.1261
  batch 200/264  loss=0.1034
  batch 210/264  loss=0.0678
  batch 220/264  loss=0.0660
  batch 230/264  loss=0.0528
  batch 240/264  loss=0.0853
  batch 250/264  loss=0.1496
  batch 260/264  loss=0.0605
Epoch 133/300  train=1.144e-01  rmse=1.7531  lr=1.0e-04  227s
  -> best  monitor=1.144e-01
  batch 10/264  loss=0.0797
  batch 20/264  loss=0.0866
  batch 30/264  loss=0.0576
  batch 40/264  loss=0.0592
  batch 50/264  loss=0.0616
  batch 60/264  loss=0.0828
  batch 70/264  loss=0.0986
  batch 80/264  loss=0.0819
  batch 90/264  loss=0.0771
  batch 100/264  loss=0.1085
  batch 110/264  loss=0.1285
  batch 120/264  loss=0.2415
  batch 130/264  loss=0.0785
  batch 140/264  loss=0.0771
  batch 150/264  loss=0.1195
  batch 160/264  loss=0.1234
  batch 170/264  loss=0.1320
  batch 180/264  loss=0.1173
  batch 190/264  loss=0.0820
  batch 200/264  loss=0.0877
  batch 210/264  loss=0.0906
  batch 220/264  loss=0.1055
  batch 230/264  loss=0.1024
  batch 240/264  loss=0.1655
  batch 250/264  loss=0.2908
  batch 260/264  loss=0.1542
Epoch 134/300  train=1.147e-01  rmse=1.8375  lr=1.0e-04  227s
  batch 10/264  loss=0.1483
  batch 20/264  loss=0.1115
  batch 30/264  loss=0.0714
  batch 40/264  loss=0.1781
  batch 50/264  loss=0.0714
  batch 60/264  loss=0.1351
  batch 70/264  loss=0.0917
  batch 80/264  loss=0.0595
  batch 90/264  loss=0.1305
  batch 100/264  loss=0.0601
  batch 110/264  loss=0.1882
  batch 120/264  loss=0.0487
  batch 130/264  loss=0.2119
  batch 140/264  loss=0.0792
  batch 150/264  loss=0.1026
  batch 160/264  loss=0.1050
  batch 170/264  loss=0.0725
  batch 180/264  loss=0.3532
  batch 190/264  loss=0.0917
  batch 200/264  loss=0.1892
  batch 210/264  loss=0.0661
  batch 220/264  loss=0.2248
  batch 230/264  loss=0.1183
  batch 240/264  loss=0.1554
  batch 250/264  loss=0.0814
  batch 260/264  loss=0.1046
Epoch 135/300  train=1.171e-01  rmse=5.2421  lr=1.0e-04  228s
  batch 10/264  loss=0.1219
  batch 20/264  loss=0.0669
  batch 30/264  loss=0.1187
  batch 40/264  loss=0.1231
  batch 50/264  loss=0.0734
  batch 60/264  loss=0.0857
  batch 70/264  loss=0.1066
  batch 80/264  loss=0.0893
  batch 90/264  loss=0.2464
  batch 100/264  loss=0.1122
  batch 110/264  loss=0.1163
  batch 120/264  loss=0.0982
  batch 130/264  loss=0.0650
  batch 140/264  loss=0.1984
  batch 150/264  loss=0.0664
  batch 160/264  loss=0.0907
  batch 170/264  loss=0.0681
  batch 180/264  loss=0.0951
  batch 190/264  loss=0.0849
  batch 200/264  loss=0.0837
  batch 210/264  loss=0.1098
  batch 220/264  loss=0.0941
  batch 230/264  loss=0.1478
  batch 240/264  loss=0.1032
  batch 250/264  loss=0.1294
  batch 260/264  loss=0.1107
Epoch 136/300  train=1.152e-01  rmse=1.7942  lr=1.0e-04  226s
  batch 10/264  loss=0.1215
  batch 20/264  loss=0.1457
  batch 30/264  loss=0.0638
  batch 40/264  loss=0.1038
  batch 50/264  loss=0.0561
  batch 60/264  loss=0.0984
  batch 70/264  loss=0.0610
  batch 80/264  loss=0.1036
  batch 90/264  loss=0.1107
  batch 100/264  loss=0.0646
  batch 110/264  loss=0.1010
  batch 120/264  loss=0.1386
  batch 130/264  loss=0.4659
  batch 140/264  loss=0.0732
  batch 150/264  loss=0.1543
  batch 160/264  loss=0.0967
  batch 170/264  loss=0.0943
  batch 180/264  loss=0.1293
  batch 190/264  loss=0.0859
  batch 200/264  loss=0.1105
  batch 210/264  loss=0.1063
  batch 220/264  loss=0.0723
  batch 230/264  loss=0.1128
  batch 240/264  loss=0.0865
  batch 250/264  loss=0.0739
  batch 260/264  loss=0.0583
Epoch 137/300  train=1.159e-01  rmse=1.8229  lr=1.0e-04  226s
  batch 10/264  loss=0.1020
  batch 20/264  loss=0.1521
  batch 30/264  loss=0.1366
  batch 40/264  loss=0.0715
  batch 50/264  loss=0.0925
  batch 60/264  loss=0.1453
  batch 70/264  loss=0.0780
  batch 80/264  loss=0.1082
  batch 90/264  loss=0.1119
  batch 100/264  loss=0.1187
  batch 110/264  loss=0.0770
  batch 120/264  loss=0.0678
  batch 130/264  loss=0.0756
  batch 140/264  loss=0.0703
  batch 150/264  loss=0.1043
  batch 160/264  loss=0.1000
  batch 170/264  loss=0.0433
  batch 180/264  loss=0.2852
  batch 190/264  loss=0.0979
  batch 200/264  loss=0.2514
  batch 210/264  loss=0.1340
  batch 220/264  loss=0.0679
  batch 230/264  loss=0.2111
  batch 240/264  loss=0.0722
  batch 250/264  loss=0.0642
  batch 260/264  loss=0.1106
Epoch 138/300  train=1.142e-01  rmse=1.7953  lr=1.0e-04  227s
  -> best  monitor=1.142e-01
  batch 10/264  loss=0.0722
  batch 20/264  loss=0.1324
  batch 30/264  loss=0.0823
  batch 40/264  loss=0.1045
  batch 50/264  loss=0.0974
  batch 60/264  loss=0.1096
  batch 70/264  loss=0.0873
  batch 80/264  loss=0.1785
  batch 90/264  loss=0.1103
  batch 100/264  loss=0.0759
  batch 110/264  loss=0.0801
  batch 120/264  loss=0.0953
  batch 130/264  loss=0.0989
  batch 140/264  loss=0.0648
  batch 150/264  loss=0.2455
  batch 160/264  loss=0.1678
  batch 170/264  loss=0.0640
  batch 180/264  loss=0.0975
  batch 190/264  loss=0.2236
  batch 200/264  loss=0.2691
  batch 210/264  loss=0.1063
  batch 220/264  loss=0.1198
  batch 230/264  loss=0.0928
  batch 240/264  loss=0.0558
  batch 250/264  loss=0.0792
  batch 260/264  loss=0.0748
Epoch 139/300  train=1.149e-01  rmse=2.0001  lr=1.0e-04  227s
  batch 10/264  loss=0.0725
  batch 20/264  loss=0.1185
  batch 30/264  loss=0.1206
  batch 40/264  loss=0.1980
  batch 50/264  loss=0.1074
  batch 60/264  loss=0.0859
  batch 70/264  loss=0.3398
  batch 80/264  loss=0.0963
  batch 90/264  loss=0.1252
  batch 100/264  loss=0.1106
  batch 110/264  loss=0.0829
  batch 120/264  loss=0.1110
  batch 130/264  loss=0.0587
  batch 140/264  loss=0.0697
  batch 150/264  loss=0.2085
  batch 160/264  loss=0.1050
  batch 170/264  loss=0.0796
  batch 180/264  loss=0.2762
  batch 190/264  loss=0.1076
  batch 200/264  loss=0.1752
  batch 210/264  loss=0.1638
  batch 220/264  loss=0.2548
  batch 230/264  loss=0.2046
  batch 240/264  loss=0.0792
  batch 250/264  loss=0.0570
  batch 260/264  loss=0.1628
Epoch 140/300  train=1.133e-01  rmse=1.7643  lr=1.0e-04  227s
  -> best  monitor=1.133e-01
  batch 10/264  loss=0.0588
  batch 20/264  loss=0.1037
  batch 30/264  loss=0.1274
  batch 40/264  loss=0.0673
  batch 50/264  loss=0.0674
  batch 60/264  loss=0.0989
  batch 70/264  loss=0.1867
  batch 80/264  loss=0.0722
  batch 90/264  loss=0.0619
  batch 100/264  loss=0.0723
  batch 110/264  loss=0.0773
  batch 120/264  loss=0.1216
  batch 130/264  loss=0.0722
  batch 140/264  loss=0.0672
  batch 150/264  loss=0.1004
  batch 160/264  loss=0.1213
  batch 170/264  loss=0.1801
  batch 180/264  loss=0.2890
  batch 190/264  loss=0.1252
  batch 200/264  loss=0.0607
  batch 210/264  loss=0.1163
  batch 220/264  loss=0.1351
  batch 230/264  loss=0.0687
  batch 240/264  loss=0.1374
  batch 250/264  loss=0.1686
  batch 260/264  loss=0.0604
Epoch 141/300  train=1.102e-01  rmse=1.8330  lr=1.0e-04  226s
  -> best  monitor=1.102e-01
  batch 10/264  loss=0.0752
  batch 20/264  loss=0.1133
  batch 30/264  loss=0.0778
  batch 40/264  loss=0.0666
  batch 50/264  loss=0.0772
  batch 60/264  loss=0.2130
  batch 70/264  loss=0.0981
  batch 80/264  loss=0.1333
  batch 90/264  loss=0.0863
  batch 100/264  loss=0.0687
  batch 110/264  loss=0.0813
  batch 120/264  loss=0.0585
  batch 130/264  loss=0.0604
  batch 140/264  loss=0.1657
  batch 150/264  loss=0.0794
  batch 160/264  loss=0.1121
  batch 170/264  loss=0.0582
  batch 180/264  loss=0.2779
  batch 190/264  loss=0.0752
  batch 200/264  loss=0.0835
  batch 210/264  loss=0.1530
  batch 220/264  loss=0.1344
  batch 230/264  loss=0.0853
  batch 240/264  loss=0.1048
  batch 250/264  loss=0.0777
  batch 260/264  loss=0.2393
Epoch 142/300  train=1.164e-01  rmse=2.1544  lr=1.0e-04  229s
  batch 10/264  loss=0.0932
  batch 20/264  loss=0.1180
  batch 30/264  loss=0.1211
  batch 40/264  loss=0.1159
  batch 50/264  loss=0.0946
  batch 60/264  loss=0.1123
  batch 70/264  loss=0.0935
  batch 80/264  loss=0.1423
  batch 90/264  loss=0.1850
  batch 100/264  loss=0.2165
  batch 110/264  loss=0.1621
  batch 120/264  loss=0.0955
  batch 130/264  loss=0.0841
  batch 140/264  loss=0.0749
  batch 150/264  loss=0.0568
  batch 160/264  loss=0.0635
  batch 170/264  loss=0.0866
  batch 180/264  loss=0.0795
  batch 190/264  loss=0.0683
  batch 200/264  loss=0.0644
  batch 210/264  loss=0.1162
  batch 220/264  loss=0.1506
  batch 230/264  loss=0.1021
  batch 240/264  loss=0.0852
  batch 250/264  loss=0.0585
  batch 260/264  loss=0.4359
Epoch 143/300  train=1.154e-01  rmse=1.7906  lr=1.0e-04  228s
  batch 10/264  loss=0.1042
  batch 20/264  loss=0.0816
  batch 30/264  loss=0.1088
  batch 40/264  loss=0.0735
  batch 50/264  loss=0.0736
  batch 60/264  loss=0.1022
  batch 70/264  loss=0.1229
  batch 80/264  loss=0.0769
  batch 90/264  loss=0.0775
  batch 100/264  loss=0.1143
  batch 110/264  loss=0.0917
  batch 120/264  loss=0.0858
  batch 130/264  loss=0.1127
  batch 140/264  loss=0.1272
  batch 150/264  loss=0.1794
  batch 160/264  loss=0.0695
  batch 170/264  loss=0.1002
  batch 180/264  loss=0.1145
  batch 190/264  loss=0.2284
  batch 200/264  loss=0.0680
  batch 210/264  loss=0.0845
  batch 220/264  loss=0.0913
  batch 230/264  loss=0.0733
  batch 240/264  loss=0.1008
  batch 250/264  loss=0.1612
  batch 260/264  loss=0.0991
Epoch 144/300  train=1.121e-01  rmse=1.8369  lr=1.0e-04  227s
  batch 10/264  loss=0.2200
  batch 20/264  loss=0.2627
  batch 30/264  loss=0.0656
  batch 40/264  loss=0.0778
  batch 50/264  loss=0.0880
  batch 60/264  loss=0.0556
  batch 70/264  loss=0.0609
  batch 80/264  loss=0.0940
  batch 90/264  loss=0.1298
  batch 100/264  loss=0.1467
  batch 110/264  loss=0.0745
  batch 120/264  loss=0.1953
  batch 130/264  loss=0.0965
  batch 140/264  loss=0.1458
  batch 150/264  loss=0.0851
  batch 160/264  loss=0.1322
  batch 170/264  loss=0.1105
  batch 180/264  loss=0.1125
  batch 190/264  loss=0.1506
  batch 200/264  loss=0.0753
  batch 210/264  loss=0.1338
  batch 220/264  loss=0.0957
  batch 230/264  loss=0.1878
  batch 240/264  loss=0.1107
  batch 250/264  loss=0.0597
  batch 260/264  loss=0.1938
Epoch 145/300  train=1.127e-01  rmse=2.2249  lr=1.0e-04  228s
  batch 10/264  loss=0.1117
  batch 20/264  loss=0.1401
  batch 30/264  loss=0.0511
  batch 40/264  loss=0.1408
  batch 50/264  loss=0.0571
  batch 60/264  loss=0.0818
  batch 70/264  loss=0.0498
  batch 80/264  loss=0.0837
  batch 90/264  loss=0.0870
  batch 100/264  loss=0.1072
  batch 110/264  loss=0.1109
  batch 120/264  loss=0.1180
  batch 130/264  loss=0.2104
  batch 140/264  loss=0.0709
  batch 150/264  loss=0.0759
  batch 160/264  loss=0.2070
  batch 170/264  loss=0.0734
  batch 180/264  loss=0.1186
  batch 190/264  loss=0.0673
  batch 200/264  loss=0.1002
  batch 210/264  loss=0.1114
  batch 220/264  loss=0.1386
  batch 230/264  loss=0.0766
  batch 240/264  loss=0.2643
  batch 250/264  loss=0.1837
  batch 260/264  loss=0.1498
Epoch 146/300  train=1.112e-01  rmse=1.7836  lr=1.0e-04  227s
  batch 10/264  loss=0.0942
  batch 20/264  loss=0.0799
  batch 30/264  loss=0.1428
  batch 40/264  loss=0.0880
  batch 50/264  loss=0.0855
  batch 60/264  loss=0.0820
  batch 70/264  loss=0.2271
  batch 80/264  loss=0.0705
  batch 90/264  loss=0.1594
  batch 100/264  loss=0.0824
  batch 110/264  loss=0.1054
  batch 120/264  loss=0.0700
  batch 130/264  loss=0.1174
  batch 140/264  loss=0.1283
  batch 150/264  loss=0.0676
  batch 160/264  loss=0.0815
  batch 170/264  loss=0.0840
  batch 180/264  loss=0.1188
  batch 190/264  loss=0.0644
  batch 200/264  loss=0.1555
  batch 210/264  loss=0.0922
  batch 220/264  loss=0.1018
  batch 230/264  loss=0.0755
  batch 240/264  loss=0.1979
  batch 250/264  loss=0.0896
  batch 260/264  loss=0.0756
Epoch 147/300  train=1.112e-01  rmse=2.3455  lr=1.0e-04  227s
  batch 10/264  loss=0.1464
  batch 20/264  loss=0.0725
  batch 30/264  loss=0.0664
  batch 40/264  loss=0.0621
  batch 50/264  loss=0.1290
  batch 60/264  loss=0.0813
  batch 70/264  loss=0.1143
  batch 80/264  loss=0.1142
  batch 90/264  loss=0.1422
  batch 100/264  loss=0.0492
  batch 110/264  loss=0.1148
  batch 120/264  loss=0.0599
  batch 130/264  loss=0.0572
  batch 140/264  loss=0.2391
  batch 150/264  loss=0.0701
  batch 160/264  loss=0.0795
  batch 170/264  loss=0.1503
  batch 180/264  loss=0.1401
  batch 190/264  loss=0.2139
  batch 200/264  loss=0.1251
  batch 210/264  loss=0.1613
  batch 220/264  loss=0.0970
  batch 230/264  loss=0.1842
  batch 240/264  loss=0.0790
  batch 250/264  loss=0.1037
  batch 260/264  loss=0.0573
Epoch 148/300  train=1.135e-01  rmse=1.8489  lr=1.0e-04  227s
  batch 10/264  loss=0.0686
  batch 20/264  loss=0.0598
  batch 30/264  loss=0.0597
  batch 40/264  loss=0.0989
  batch 50/264  loss=0.1178
  batch 60/264  loss=0.1478
  batch 70/264  loss=0.0872
  batch 80/264  loss=0.0578
  batch 90/264  loss=0.0734
  batch 100/264  loss=0.1359
  batch 110/264  loss=0.1062
  batch 120/264  loss=0.2384
  batch 130/264  loss=0.0991
  batch 140/264  loss=0.0694
  batch 150/264  loss=0.1406
  batch 160/264  loss=0.1253
  batch 170/264  loss=0.0777
  batch 180/264  loss=0.1063
  batch 190/264  loss=0.0455
  batch 200/264  loss=0.1205
  batch 210/264  loss=0.0710
  batch 220/264  loss=0.1407
  batch 230/264  loss=0.1779
  batch 240/264  loss=0.0953
  batch 250/264  loss=0.0833
  batch 260/264  loss=0.1678
Epoch 149/300  train=1.120e-01  rmse=2.2119  lr=1.0e-04  230s
  batch 10/264  loss=0.0560
  batch 20/264  loss=0.1061
  batch 30/264  loss=0.1180
  batch 40/264  loss=0.0680
  batch 50/264  loss=0.0744
  batch 60/264  loss=0.0786
  batch 70/264  loss=0.0590
  batch 80/264  loss=0.0657
  batch 90/264  loss=0.2359
  batch 100/264  loss=0.0890
  batch 110/264  loss=0.1291
  batch 120/264  loss=0.0938
  batch 130/264  loss=0.2990
  batch 140/264  loss=0.1396
  batch 150/264  loss=0.3441
  batch 160/264  loss=0.0739
  batch 170/264  loss=0.0769
  batch 180/264  loss=0.1324
  batch 190/264  loss=0.0613
  batch 200/264  loss=0.1054
  batch 210/264  loss=0.0878
  batch 220/264  loss=0.1119
  batch 230/264  loss=0.3052
  batch 240/264  loss=0.1040
  batch 250/264  loss=0.0640
  batch 260/264  loss=0.1508
Epoch 150/300  train=1.099e-01  rmse=1.7650  lr=1.0e-04  228s
  -> best  monitor=1.099e-01
  batch 10/264  loss=0.1159
  batch 20/264  loss=0.0938
  batch 30/264  loss=0.0550
  batch 40/264  loss=0.0496
  batch 50/264  loss=0.1617
  batch 60/264  loss=0.1761
  batch 70/264  loss=0.0759
  batch 80/264  loss=0.0640
  batch 90/264  loss=0.0753
  batch 100/264  loss=0.0794
  batch 110/264  loss=0.0530
  batch 120/264  loss=0.0617
  batch 130/264  loss=0.0840
  batch 140/264  loss=0.0948
  batch 150/264  loss=0.0745
  batch 160/264  loss=0.1297
  batch 170/264  loss=0.0780
  batch 180/264  loss=0.0902
  batch 190/264  loss=0.1155
  batch 200/264  loss=0.0687
  batch 210/264  loss=0.0550
  batch 220/264  loss=0.1236
  batch 230/264  loss=0.0743
  batch 240/264  loss=0.1477
  batch 250/264  loss=0.1041
  batch 260/264  loss=0.1181
Epoch 151/300  train=1.110e-01  rmse=2.1996  lr=1.0e-04  228s
  batch 10/264  loss=0.1839
  batch 20/264  loss=0.0521
  batch 30/264  loss=0.0667
  batch 40/264  loss=0.0661
  batch 50/264  loss=0.0908
  batch 60/264  loss=0.1242
  batch 70/264  loss=0.0859
  batch 80/264  loss=0.0904
  batch 90/264  loss=0.0626
  batch 100/264  loss=0.0663
  batch 110/264  loss=0.0841
  batch 120/264  loss=0.1520
  batch 130/264  loss=0.1754
  batch 140/264  loss=0.0605
  batch 150/264  loss=0.1581
  batch 160/264  loss=0.1427
  batch 170/264  loss=0.0802
  batch 180/264  loss=0.0617
  batch 190/264  loss=0.0650
  batch 200/264  loss=0.0697
  batch 210/264  loss=0.0911
  batch 220/264  loss=0.0670
  batch 230/264  loss=0.0901
  batch 240/264  loss=0.0649
  batch 250/264  loss=0.0878
  batch 260/264  loss=0.0631
Epoch 152/300  train=1.089e-01  rmse=1.8434  lr=1.0e-04  228s
  -> best  monitor=1.089e-01
  batch 10/264  loss=0.0698
  batch 20/264  loss=0.0662
  batch 30/264  loss=0.1087
  batch 40/264  loss=0.0674
  batch 50/264  loss=0.1589
  batch 60/264  loss=0.0726
  batch 70/264  loss=0.0912
  batch 80/264  loss=0.1001
  batch 90/264  loss=0.0530
  batch 100/264  loss=0.0585
  batch 110/264  loss=0.1100
  batch 120/264  loss=0.0712
  batch 130/264  loss=0.2096
  batch 140/264  loss=0.0762
  batch 150/264  loss=0.0629
  batch 160/264  loss=0.0964
  batch 170/264  loss=0.2863
  batch 180/264  loss=0.1515
  batch 190/264  loss=0.1016
  batch 200/264  loss=0.0922
  batch 210/264  loss=0.0742
  batch 220/264  loss=0.1276
  batch 230/264  loss=0.0979
  batch 240/264  loss=0.1039
  batch 250/264  loss=0.0559
  batch 260/264  loss=0.0678
Epoch 153/300  train=1.103e-01  rmse=2.1258  lr=1.0e-04  228s
  batch 10/264  loss=0.1805
  batch 20/264  loss=0.0660
  batch 30/264  loss=0.0774
  batch 40/264  loss=0.1248
  batch 50/264  loss=0.0554
  batch 60/264  loss=0.1118
  batch 70/264  loss=0.0863
  batch 80/264  loss=0.1424
  batch 90/264  loss=0.1229
  batch 100/264  loss=0.2004
  batch 110/264  loss=0.1723
  batch 120/264  loss=0.1217
  batch 130/264  loss=0.0727
  batch 140/264  loss=0.0544
  batch 150/264  loss=0.1272
  batch 160/264  loss=0.0598
  batch 170/264  loss=0.1268
  batch 180/264  loss=0.0539
  batch 190/264  loss=0.1075
  batch 200/264  loss=0.3217
  batch 210/264  loss=0.1048
  batch 220/264  loss=0.0982
  batch 230/264  loss=0.0743
  batch 240/264  loss=0.0710
  batch 250/264  loss=0.0825
  batch 260/264  loss=0.1992
Epoch 154/300  train=1.093e-01  rmse=2.6964  lr=1.0e-04  227s
  batch 10/264  loss=0.1310
  batch 20/264  loss=0.1071
  batch 30/264  loss=0.1003
  batch 40/264  loss=0.1121
  batch 50/264  loss=0.1339
  batch 60/264  loss=0.1333
  batch 70/264  loss=0.1005
  batch 80/264  loss=0.0531
  batch 90/264  loss=0.2710
  batch 100/264  loss=0.0990
  batch 110/264  loss=0.1090
  batch 120/264  loss=0.0616
  batch 130/264  loss=0.1325
  batch 140/264  loss=0.1571
  batch 150/264  loss=0.1932
  batch 160/264  loss=0.1109
  batch 170/264  loss=0.0759
  batch 180/264  loss=0.0538
  batch 190/264  loss=0.1069
  batch 200/264  loss=0.0609
  batch 210/264  loss=0.1442
  batch 220/264  loss=0.1647
  batch 230/264  loss=0.0644
  batch 240/264  loss=0.0926
  batch 250/264  loss=0.0964
  batch 260/264  loss=0.2607
Epoch 155/300  train=1.106e-01  rmse=1.7447  lr=1.0e-04  227s
  batch 10/264  loss=0.1300
  batch 20/264  loss=0.0900
  batch 30/264  loss=0.0967
  batch 40/264  loss=0.1632
  batch 50/264  loss=0.0569
  batch 60/264  loss=0.0668
  batch 70/264  loss=0.1141
  batch 80/264  loss=0.0467
  batch 90/264  loss=0.2394
  batch 100/264  loss=0.0983
  batch 110/264  loss=0.0813
  batch 120/264  loss=0.1232
  batch 130/264  loss=0.0612
  batch 140/264  loss=0.0952
  batch 150/264  loss=0.1142
  batch 160/264  loss=0.0919
  batch 170/264  loss=0.0873
  batch 180/264  loss=0.1104
  batch 190/264  loss=0.0871
  batch 200/264  loss=0.0929
  batch 210/264  loss=0.0527
  batch 220/264  loss=0.1034
  batch 230/264  loss=0.0974
  batch 240/264  loss=0.2627
  batch 250/264  loss=0.1687
  batch 260/264  loss=0.0523
Epoch 156/300  train=1.092e-01  rmse=1.7272  lr=1.0e-04  227s
  batch 10/264  loss=0.1045
  batch 20/264  loss=0.0694
  batch 30/264  loss=0.1266
  batch 40/264  loss=0.0532
  batch 50/264  loss=0.1282
  batch 60/264  loss=0.0705
  batch 70/264  loss=0.1849
  batch 80/264  loss=0.0735
  batch 90/264  loss=0.1474
  batch 100/264  loss=0.0614
  batch 110/264  loss=0.0757
  batch 120/264  loss=0.0859
  batch 130/264  loss=0.1101
  batch 140/264  loss=0.2555
  batch 150/264  loss=0.1290
  batch 160/264  loss=0.1080
  batch 170/264  loss=0.0663
  batch 180/264  loss=0.0736
  batch 190/264  loss=0.1003
  batch 200/264  loss=0.1226
  batch 210/264  loss=0.0847
  batch 220/264  loss=0.0771
  batch 230/264  loss=0.2462
  batch 240/264  loss=0.1719
  batch 250/264  loss=0.0830
  batch 260/264  loss=0.1455
Epoch 157/300  train=1.091e-01  rmse=1.7964  lr=1.0e-04  229s
  batch 10/264  loss=0.0595
  batch 20/264  loss=0.1406
  batch 30/264  loss=0.0847
  batch 40/264  loss=0.0589
  batch 50/264  loss=0.2175
  batch 60/264  loss=0.1287
  batch 70/264  loss=0.2242
  batch 80/264  loss=0.0774
  batch 90/264  loss=0.0567
  batch 100/264  loss=0.0700
  batch 110/264  loss=0.0767
  batch 120/264  loss=0.1101
  batch 130/264  loss=0.0869
  batch 140/264  loss=0.1038
  batch 150/264  loss=0.0554
  batch 160/264  loss=0.0895
  batch 170/264  loss=0.0718
  batch 180/264  loss=0.0558
  batch 190/264  loss=0.0844
  batch 200/264  loss=0.1182
  batch 210/264  loss=0.1789
  batch 220/264  loss=0.1026
  batch 230/264  loss=0.1420
  batch 240/264  loss=0.1277
  batch 250/264  loss=0.0857
  batch 260/264  loss=0.0842
Epoch 158/300  train=1.083e-01  rmse=2.6587  lr=1.0e-04  229s
  -> best  monitor=1.083e-01
  batch 10/264  loss=0.0728
  batch 20/264  loss=0.0709
  batch 30/264  loss=0.0999
  batch 40/264  loss=0.0535
  batch 50/264  loss=0.1369
  batch 60/264  loss=0.0871
  batch 70/264  loss=0.0590
  batch 80/264  loss=0.0677
  batch 90/264  loss=0.0742
  batch 100/264  loss=0.0615
  batch 110/264  loss=0.1453
  batch 120/264  loss=0.1170
  batch 130/264  loss=0.0417
  batch 140/264  loss=0.0756
  batch 150/264  loss=0.0722
  batch 160/264  loss=0.0550
  batch 170/264  loss=0.0743
  batch 180/264  loss=0.1577
  batch 190/264  loss=0.0768
  batch 200/264  loss=0.5213
  batch 210/264  loss=0.0990
  batch 220/264  loss=0.1180
  batch 230/264  loss=0.1449
  batch 240/264  loss=0.0842
  batch 250/264  loss=0.0815
  batch 260/264  loss=0.1044
Epoch 159/300  train=1.079e-01  rmse=2.0421  lr=1.0e-04  229s
  -> best  monitor=1.079e-01
  batch 10/264  loss=0.1385
  batch 20/264  loss=0.0744
  batch 30/264  loss=0.0997
  batch 40/264  loss=0.0799
  batch 50/264  loss=0.0905
  batch 60/264  loss=0.1788
  batch 70/264  loss=0.1268
  batch 80/264  loss=0.1188
  batch 90/264  loss=0.0860
  batch 100/264  loss=0.0746
  batch 110/264  loss=0.2017
  batch 120/264  loss=0.0630
  batch 130/264  loss=0.1218
  batch 140/264  loss=0.1399
  batch 150/264  loss=0.0821
  batch 160/264  loss=0.0599
  batch 170/264  loss=0.0815
  batch 180/264  loss=0.1939
  batch 190/264  loss=0.0854
  batch 200/264  loss=0.0547
  batch 210/264  loss=0.1226
  batch 220/264  loss=0.0594
  batch 230/264  loss=0.0558
  batch 240/264  loss=0.0853
  batch 250/264  loss=0.0638
  batch 260/264  loss=0.2360
Epoch 160/300  train=1.096e-01  rmse=1.7107  lr=1.0e-04  229s
  batch 10/264  loss=0.0735
  batch 20/264  loss=0.1444
  batch 30/264  loss=0.0812
  batch 40/264  loss=0.0671
  batch 50/264  loss=0.1902
  batch 60/264  loss=0.0592
  batch 70/264  loss=0.0993
  batch 80/264  loss=0.0924
  batch 90/264  loss=0.0501
  batch 100/264  loss=0.1381
  batch 110/264  loss=0.0667
  batch 120/264  loss=0.0682
  batch 130/264  loss=0.1351
  batch 140/264  loss=0.0796
  batch 150/264  loss=0.0711
  batch 160/264  loss=0.0800
  batch 170/264  loss=0.0980
  batch 180/264  loss=0.0933
  batch 190/264  loss=0.1886
  batch 200/264  loss=0.0504
  batch 210/264  loss=0.1258
  batch 220/264  loss=0.1182
  batch 230/264  loss=0.0551
  batch 240/264  loss=0.1154
  batch 250/264  loss=0.0683
  batch 260/264  loss=0.0799
Epoch 161/300  train=1.056e-01  rmse=1.7454  lr=1.0e-04  229s
  -> best  monitor=1.056e-01
  batch 10/264  loss=0.1319
  batch 20/264  loss=0.1743
  batch 30/264  loss=0.1047
  batch 40/264  loss=0.0922
  batch 50/264  loss=0.0745
  batch 60/264  loss=0.1010
  batch 70/264  loss=0.1129
  batch 80/264  loss=0.1126
  batch 90/264  loss=0.0907
  batch 100/264  loss=0.0674
  batch 110/264  loss=0.1013
  batch 120/264  loss=0.0589
  batch 130/264  loss=0.0978
  batch 140/264  loss=0.1167
  batch 150/264  loss=0.0683
  batch 160/264  loss=0.0470
  batch 170/264  loss=0.0732
  batch 180/264  loss=0.0573
  batch 190/264  loss=0.1799
  batch 200/264  loss=0.0977
  batch 210/264  loss=0.1103
  batch 220/264  loss=0.1378
  batch 230/264  loss=0.1086
  batch 240/264  loss=0.1546
  batch 250/264  loss=0.0622
  batch 260/264  loss=0.0636
Epoch 162/300  train=1.086e-01  rmse=1.9061  lr=1.0e-04  227s
  batch 10/264  loss=0.1269
  batch 20/264  loss=0.0750
  batch 30/264  loss=0.1346
  batch 40/264  loss=0.0739
  batch 50/264  loss=0.1530
  batch 60/264  loss=0.0990
  batch 70/264  loss=0.0689
  batch 80/264  loss=0.0895
  batch 90/264  loss=0.0971
  batch 100/264  loss=0.0682
  batch 110/264  loss=0.1102
  batch 120/264  loss=0.0766
  batch 130/264  loss=0.1007
  batch 140/264  loss=0.0454
  batch 150/264  loss=0.0832
  batch 160/264  loss=0.0619
  batch 170/264  loss=0.0473
  batch 180/264  loss=0.0744
  batch 190/264  loss=0.3086
  batch 200/264  loss=0.0562
  batch 210/264  loss=0.0865
  batch 220/264  loss=0.1066
  batch 230/264  loss=0.0870
  batch 240/264  loss=0.0692
  batch 250/264  loss=0.1830
  batch 260/264  loss=0.0615
Epoch 163/300  train=1.077e-01  rmse=1.7676  lr=1.0e-04  227s
  batch 10/264  loss=0.0731
  batch 20/264  loss=0.1020
  batch 30/264  loss=0.1690
  batch 40/264  loss=0.0846
  batch 50/264  loss=0.0552
  batch 60/264  loss=0.0724
  batch 70/264  loss=0.1013
  batch 80/264  loss=0.0910
  batch 90/264  loss=0.1817
  batch 100/264  loss=0.0741
  batch 110/264  loss=0.2805
  batch 120/264  loss=0.0888
  batch 130/264  loss=0.0561
  batch 140/264  loss=0.0684
  batch 150/264  loss=0.0824
  batch 160/264  loss=0.0790
  batch 170/264  loss=0.2025
  batch 180/264  loss=0.0885
  batch 190/264  loss=0.1016
  batch 200/264  loss=0.1130
  batch 210/264  loss=0.1728
  batch 220/264  loss=0.0638
  batch 230/264  loss=0.0654
  batch 240/264  loss=0.0754
  batch 250/264  loss=0.0564
  batch 260/264  loss=0.0716
Epoch 164/300  train=1.060e-01  rmse=2.1942  lr=1.0e-04  227s
  batch 10/264  loss=0.1086
  batch 20/264  loss=0.0862
  batch 30/264  loss=0.0598
  batch 40/264  loss=0.1341
  batch 50/264  loss=0.1155
  batch 60/264  loss=0.1058
  batch 70/264  loss=0.0484
  batch 80/264  loss=0.0698
  batch 90/264  loss=0.0915
  batch 100/264  loss=0.0788
  batch 110/264  loss=0.1021
  batch 120/264  loss=0.0726
  batch 130/264  loss=0.3596
  batch 140/264  loss=0.0815
  batch 150/264  loss=0.0750
  batch 160/264  loss=0.0903
  batch 170/264  loss=0.0592
  batch 180/264  loss=0.0891
  batch 190/264  loss=0.0751
  batch 200/264  loss=0.0948
  batch 210/264  loss=0.1405
  batch 220/264  loss=0.1174
  batch 230/264  loss=0.1557
  batch 240/264  loss=0.0655
  batch 250/264  loss=0.0623
  batch 260/264  loss=0.0789
Epoch 165/300  train=1.062e-01  rmse=2.6343  lr=1.0e-04  229s
  batch 10/264  loss=0.0738
  batch 20/264  loss=0.0995
  batch 30/264  loss=0.1059
  batch 40/264  loss=0.0711
  batch 50/264  loss=0.0512
  batch 60/264  loss=0.1196
  batch 70/264  loss=0.0985
  batch 80/264  loss=0.0508
  batch 90/264  loss=0.1051
  batch 100/264  loss=0.0782
  batch 110/264  loss=0.0461
  batch 120/264  loss=0.0659
  batch 130/264  loss=0.0782
  batch 140/264  loss=0.0580
  batch 150/264  loss=0.0515
  batch 160/264  loss=0.0944
  batch 170/264  loss=0.0798
  batch 180/264  loss=0.0885
  batch 190/264  loss=0.1281
  batch 200/264  loss=0.0692
  batch 210/264  loss=0.0979
  batch 220/264  loss=0.1506
  batch 230/264  loss=0.0890
  batch 240/264  loss=0.0810
  batch 250/264  loss=0.0713
  batch 260/264  loss=0.1112
Epoch 166/300  train=1.067e-01  rmse=1.7219  lr=1.0e-04  227s
  batch 10/264  loss=0.2196
  batch 20/264  loss=0.1166
  batch 30/264  loss=0.0562
  batch 40/264  loss=0.0667
  batch 50/264  loss=0.1163
  batch 60/264  loss=0.1454
  batch 70/264  loss=0.0960
  batch 80/264  loss=0.0687
  batch 90/264  loss=0.1468
  batch 100/264  loss=0.1144
  batch 110/264  loss=0.0707
  batch 120/264  loss=0.0652
  batch 130/264  loss=0.1771
  batch 140/264  loss=0.0761
  batch 150/264  loss=0.0659
  batch 160/264  loss=0.0754
  batch 170/264  loss=0.0788
  batch 180/264  loss=0.0840
  batch 190/264  loss=0.0788
  batch 200/264  loss=0.1144
  batch 210/264  loss=0.1876
  batch 220/264  loss=0.1685
  batch 230/264  loss=0.3751
  batch 240/264  loss=0.1265
  batch 250/264  loss=0.1859
  batch 260/264  loss=0.1198
Epoch 167/300  train=1.071e-01  rmse=1.7584  lr=1.0e-04  227s
  batch 10/264  loss=0.0616
  batch 20/264  loss=0.1123
  batch 30/264  loss=0.1468
  batch 40/264  loss=0.1099
  batch 50/264  loss=0.0585
  batch 60/264  loss=0.2230
  batch 70/264  loss=0.1148
  batch 80/264  loss=0.1647
  batch 90/264  loss=0.0739
  batch 100/264  loss=0.1425
  batch 110/264  loss=0.2669
  batch 120/264  loss=0.0728
  batch 130/264  loss=0.0767
  batch 140/264  loss=0.1936
  batch 150/264  loss=0.0654
  batch 160/264  loss=0.0757
  batch 170/264  loss=0.0644
  batch 180/264  loss=0.0687
  batch 190/264  loss=0.1514
  batch 200/264  loss=0.0651
  batch 210/264  loss=0.0948
  batch 220/264  loss=0.1665
  batch 230/264  loss=0.0719
  batch 240/264  loss=0.0671
  batch 250/264  loss=0.1904
  batch 260/264  loss=0.0821
Epoch 168/300  train=1.047e-01  rmse=6.3116  lr=1.0e-04  227s
  -> best  monitor=1.047e-01
  batch 10/264  loss=0.0572
  batch 20/264  loss=0.0930
  batch 30/264  loss=0.0882
  batch 40/264  loss=0.1105
  batch 50/264  loss=0.1031
  batch 60/264  loss=0.0679
  batch 70/264  loss=0.1403
  batch 80/264  loss=0.1250
  batch 90/264  loss=0.1091
  batch 100/264  loss=0.0774
  batch 110/264  loss=0.1326
  batch 120/264  loss=0.1331
  batch 130/264  loss=0.1156
  batch 140/264  loss=0.1249
  batch 150/264  loss=0.3751
  batch 160/264  loss=0.0775
  batch 170/264  loss=0.0547
  batch 180/264  loss=0.2059
  batch 190/264  loss=0.1070
  batch 200/264  loss=0.0629
  batch 210/264  loss=0.0697
  batch 220/264  loss=0.0713
  batch 230/264  loss=0.0805
  batch 240/264  loss=0.1970
  batch 250/264  loss=0.1566
  batch 260/264  loss=0.2791
Epoch 169/300  train=1.078e-01  rmse=1.8992  lr=1.0e-04  227s
  batch 10/264  loss=0.0770
  batch 20/264  loss=0.0848
  batch 30/264  loss=0.0698
  batch 40/264  loss=0.2669
  batch 50/264  loss=0.1005
  batch 60/264  loss=0.1354
  batch 70/264  loss=0.0601
  batch 80/264  loss=0.0595
  batch 90/264  loss=0.1049
  batch 100/264  loss=0.0692
  batch 110/264  loss=0.0844
  batch 120/264  loss=0.1039
  batch 130/264  loss=0.1224
  batch 140/264  loss=0.0635
  batch 150/264  loss=0.0701
  batch 160/264  loss=0.0817
  batch 170/264  loss=0.1036
  batch 180/264  loss=0.2038
  batch 190/264  loss=0.0788
  batch 200/264  loss=0.0738
  batch 210/264  loss=0.1033
  batch 220/264  loss=0.0620
  batch 230/264  loss=0.1044
  batch 240/264  loss=0.1572
  batch 250/264  loss=0.0728
  batch 260/264  loss=0.1502
Epoch 170/300  train=1.046e-01  rmse=1.7535  lr=1.0e-04  228s
  -> best  monitor=1.046e-01
  batch 10/264  loss=0.0832
  batch 20/264  loss=0.1569
  batch 30/264  loss=0.0858
  batch 40/264  loss=0.0992
  batch 50/264  loss=0.0974
  batch 60/264  loss=0.1126
  batch 70/264  loss=0.0638
  batch 80/264  loss=0.0655
  batch 90/264  loss=0.2022
  batch 100/264  loss=0.1027
  batch 110/264  loss=0.0581
  batch 120/264  loss=0.1021
  batch 130/264  loss=0.0682
  batch 140/264  loss=0.0817
  batch 150/264  loss=0.0992
  batch 160/264  loss=0.0957
  batch 170/264  loss=0.0584
  batch 180/264  loss=0.0477
  batch 190/264  loss=0.0691
  batch 200/264  loss=0.1240
  batch 210/264  loss=0.0799
  batch 220/264  loss=0.1303
  batch 230/264  loss=0.0830
  batch 240/264  loss=0.1728
  batch 250/264  loss=0.1040
  batch 260/264  loss=0.1171
Epoch 171/300  train=1.047e-01  rmse=1.7160  lr=1.0e-04  227s
  batch 10/264  loss=0.0497
  batch 20/264  loss=0.0963
  batch 30/264  loss=0.1168
  batch 40/264  loss=0.0861
  batch 50/264  loss=0.0597
  batch 60/264  loss=0.0561
  batch 70/264  loss=0.0558
  batch 80/264  loss=0.0634
  batch 90/264  loss=0.0440
  batch 100/264  loss=0.0499
  batch 110/264  loss=0.0734
  batch 120/264  loss=0.1065
  batch 130/264  loss=0.0569
  batch 140/264  loss=0.3244
  batch 150/264  loss=0.0716
  batch 160/264  loss=0.2345
  batch 170/264  loss=0.0830
  batch 180/264  loss=0.0538
  batch 190/264  loss=0.0681
  batch 200/264  loss=0.0641
  batch 210/264  loss=0.0977
  batch 220/264  loss=0.0800
  batch 230/264  loss=0.1178
  batch 240/264  loss=0.0626
  batch 250/264  loss=0.1030
  batch 260/264  loss=0.0956
Epoch 172/300  train=1.079e-01  rmse=4.6850  lr=1.0e-04  228s
  batch 10/264  loss=0.1790
  batch 20/264  loss=0.0734
  batch 30/264  loss=0.1766
  batch 40/264  loss=0.0639
  batch 50/264  loss=0.0854
  batch 60/264  loss=0.0978
  batch 70/264  loss=0.1048
  batch 80/264  loss=0.0670
  batch 90/264  loss=0.0964
  batch 100/264  loss=0.0638
  batch 110/264  loss=0.1034
  batch 120/264  loss=0.0592
  batch 130/264  loss=0.0943
  batch 140/264  loss=0.0880
  batch 150/264  loss=0.1023
  batch 160/264  loss=0.1614
  batch 170/264  loss=0.0734
  batch 180/264  loss=0.0644
  batch 190/264  loss=0.0766
  batch 200/264  loss=0.0598
  batch 210/264  loss=0.0832
  batch 220/264  loss=0.1122
  batch 230/264  loss=0.1144
  batch 240/264  loss=0.0691
  batch 250/264  loss=0.1759
  batch 260/264  loss=0.0904
Epoch 173/300  train=1.048e-01  rmse=1.9114  lr=1.0e-04  228s
  batch 10/264  loss=0.1123
  batch 20/264  loss=0.0508
  batch 30/264  loss=0.1117
  batch 40/264  loss=0.0506
  batch 50/264  loss=0.0755
  batch 60/264  loss=0.0629
  batch 70/264  loss=0.1767
  batch 80/264  loss=0.0806
  batch 90/264  loss=0.0639
  batch 100/264  loss=0.0908
  batch 110/264  loss=0.0691
  batch 120/264  loss=0.0900
  batch 130/264  loss=0.1115
  batch 140/264  loss=0.0658
  batch 150/264  loss=0.2714
  batch 160/264  loss=0.0900
  batch 170/264  loss=0.0755
  batch 180/264  loss=0.1186
  batch 190/264  loss=0.1171
  batch 200/264  loss=0.0945
  batch 210/264  loss=0.2104
  batch 220/264  loss=0.1131
  batch 230/264  loss=0.0751
  batch 240/264  loss=0.0912
  batch 250/264  loss=0.0680
  batch 260/264  loss=0.1231
Epoch 174/300  train=1.034e-01  rmse=2.1553  lr=1.0e-04  228s
  -> best  monitor=1.034e-01
  batch 10/264  loss=0.0759
  batch 20/264  loss=0.1575
  batch 30/264  loss=0.2419
  batch 40/264  loss=0.0969
  batch 50/264  loss=0.2396
  batch 60/264  loss=0.0867
  batch 70/264  loss=0.0666
  batch 80/264  loss=0.0670
  batch 90/264  loss=0.0877
  batch 100/264  loss=0.0616
  batch 110/264  loss=0.0952
  batch 120/264  loss=0.1421
  batch 130/264  loss=0.1396
  batch 140/264  loss=0.0663
  batch 150/264  loss=0.0533
  batch 160/264  loss=0.0804
  batch 170/264  loss=0.1515
  batch 180/264  loss=0.0915
  batch 190/264  loss=0.0685
  batch 200/264  loss=0.0502
  batch 210/264  loss=0.0736
  batch 220/264  loss=0.0790
  batch 230/264  loss=0.1168
  batch 240/264  loss=0.1154
  batch 250/264  loss=0.1069
  batch 260/264  loss=0.2862
Epoch 175/300  train=1.043e-01  rmse=1.6863  lr=1.0e-04  228s
  batch 10/264  loss=0.0472
  batch 20/264  loss=0.0675
  batch 30/264  loss=0.1225
  batch 40/264  loss=0.1339
  batch 50/264  loss=0.0635
  batch 60/264  loss=0.0672
  batch 70/264  loss=0.0710
  batch 80/264  loss=0.2237
  batch 90/264  loss=0.0443
  batch 100/264  loss=0.0774
  batch 110/264  loss=0.0932
  batch 120/264  loss=0.1100
  batch 130/264  loss=0.1154
  batch 140/264  loss=0.0900
  batch 150/264  loss=0.0678
  batch 160/264  loss=0.1671
  batch 170/264  loss=0.0456
  batch 180/264  loss=0.1365
  batch 190/264  loss=0.0811
  batch 200/264  loss=0.0706
  batch 210/264  loss=0.1724
  batch 220/264  loss=0.1364
  batch 230/264  loss=0.0949
  batch 240/264  loss=0.0581
  batch 250/264  loss=0.1351
  batch 260/264  loss=0.1060
Epoch 176/300  train=1.060e-01  rmse=1.7433  lr=1.0e-04  229s
  batch 10/264  loss=0.3193
  batch 20/264  loss=0.0519
  batch 30/264  loss=0.1023
  batch 40/264  loss=0.2024
  batch 50/264  loss=0.1065
  batch 60/264  loss=0.0511
  batch 70/264  loss=0.1658
  batch 80/264  loss=0.1031
  batch 90/264  loss=0.0542
  batch 100/264  loss=0.0421
  batch 110/264  loss=0.1021
  batch 120/264  loss=0.1952
  batch 130/264  loss=0.0845
  batch 140/264  loss=0.1652
  batch 150/264  loss=0.0832
  batch 160/264  loss=0.1522
  batch 170/264  loss=0.1071
  batch 180/264  loss=0.1212
  batch 190/264  loss=0.0573
  batch 200/264  loss=0.0573
  batch 210/264  loss=0.1104
  batch 220/264  loss=0.0735
  batch 230/264  loss=0.0652
  batch 240/264  loss=0.0711
  batch 250/264  loss=0.1021
  batch 260/264  loss=0.0606
Epoch 177/300  train=1.050e-01  rmse=1.7683  lr=1.0e-04  227s
  batch 10/264  loss=0.0743
  batch 20/264  loss=0.0719
  batch 30/264  loss=0.0513
  batch 40/264  loss=0.0723
  batch 50/264  loss=0.0776
  batch 60/264  loss=0.0965
  batch 70/264  loss=0.1059
  batch 80/264  loss=0.1127
  batch 90/264  loss=0.0675
  batch 100/264  loss=0.1282
  batch 110/264  loss=0.0778
  batch 120/264  loss=0.0991
  batch 130/264  loss=0.0719
  batch 140/264  loss=0.0832
  batch 150/264  loss=0.1272
  batch 160/264  loss=0.0530
  batch 170/264  loss=0.1230
  batch 180/264  loss=0.0985
  batch 190/264  loss=0.0919
  batch 200/264  loss=0.1977
  batch 210/264  loss=0.0718
  batch 220/264  loss=0.1009
  batch 230/264  loss=0.1656
  batch 240/264  loss=0.1235
  batch 250/264  loss=0.0837
  batch 260/264  loss=0.0568
Epoch 178/300  train=1.025e-01  rmse=1.7364  lr=1.0e-04  228s
  -> best  monitor=1.025e-01
  batch 10/264  loss=0.0876
  batch 20/264  loss=0.1878
  batch 30/264  loss=0.1894
  batch 40/264  loss=0.0996
  batch 50/264  loss=0.0549
  batch 60/264  loss=0.0681
  batch 70/264  loss=0.1017
  batch 80/264  loss=0.0574
  batch 90/264  loss=0.0809
  batch 100/264  loss=0.0610
  batch 110/264  loss=0.0975
  batch 120/264  loss=0.1713
  batch 130/264  loss=0.1084
  batch 140/264  loss=0.0962
  batch 150/264  loss=0.0939
  batch 160/264  loss=0.1014
  batch 170/264  loss=0.0934
  batch 180/264  loss=0.1180
  batch 190/264  loss=0.1027
  batch 200/264  loss=0.0714
  batch 210/264  loss=0.0766
  batch 220/264  loss=0.1331
  batch 230/264  loss=0.1101
  batch 240/264  loss=0.0798
  batch 250/264  loss=0.1036
  batch 260/264  loss=0.0848
Epoch 179/300  train=1.013e-01  rmse=10.1973  lr=1.0e-04  227s
  -> best  monitor=1.013e-01
  batch 10/264  loss=0.0984
  batch 20/264  loss=0.1333
  batch 30/264  loss=0.0762
  batch 40/264  loss=0.0491
  batch 50/264  loss=0.1090
  batch 60/264  loss=0.1021
  batch 70/264  loss=0.2131
  batch 80/264  loss=0.1223
  batch 90/264  loss=0.0521
  batch 100/264  loss=0.0616
  batch 110/264  loss=0.2045
  batch 120/264  loss=0.0652
  batch 130/264  loss=0.0934
  batch 140/264  loss=0.0628
  batch 150/264  loss=0.0765
  batch 160/264  loss=0.1210
  batch 170/264  loss=0.0827
  batch 180/264  loss=0.0639
  batch 190/264  loss=0.1351
  batch 200/264  loss=0.0518
  batch 210/264  loss=0.1497
  batch 220/264  loss=0.0764
  batch 230/264  loss=0.1242
  batch 240/264  loss=0.1059
  batch 250/264  loss=0.1016
  batch 260/264  loss=0.0591
Epoch 180/300  train=1.013e-01  rmse=1.7237  lr=1.0e-04  228s
  -> best  monitor=1.013e-01
  batch 10/264  loss=0.1504
  batch 20/264  loss=0.1012
  batch 30/264  loss=0.1385
  batch 40/264  loss=0.0587
  batch 50/264  loss=0.1018
  batch 60/264  loss=0.0707
  batch 70/264  loss=0.1058
  batch 80/264  loss=0.0571
  batch 90/264  loss=0.0649
  batch 100/264  loss=0.0655
  batch 110/264  loss=0.1484
  batch 120/264  loss=0.0643
  batch 130/264  loss=0.0809
  batch 140/264  loss=0.0552
  batch 150/264  loss=0.1856
  batch 160/264  loss=0.0957
  batch 170/264  loss=0.1115
  batch 180/264  loss=0.0595
  batch 190/264  loss=0.0770
  batch 200/264  loss=0.0757
  batch 210/264  loss=0.1228
  batch 220/264  loss=0.0546
  batch 230/264  loss=0.1228
  batch 240/264  loss=0.0685
  batch 250/264  loss=0.0736
  batch 260/264  loss=0.0776
Epoch 181/300  train=1.032e-01  rmse=1.8060  lr=1.0e-04  229s
  batch 10/264  loss=0.0647
  batch 20/264  loss=0.0672
  batch 30/264  loss=0.0776
  batch 40/264  loss=0.0683
  batch 50/264  loss=0.1088
  batch 60/264  loss=0.0766
  batch 70/264  loss=0.0511
  batch 80/264  loss=0.2169
  batch 90/264  loss=0.0582
  batch 100/264  loss=0.0560
  batch 110/264  loss=0.0630
  batch 120/264  loss=0.1345
  batch 130/264  loss=0.0868
  batch 140/264  loss=0.1335
  batch 150/264  loss=0.1089
  batch 160/264  loss=0.0963
  batch 170/264  loss=0.1024
  batch 180/264  loss=0.1793
  batch 190/264  loss=0.1004
  batch 200/264  loss=0.1429
  batch 210/264  loss=0.0833
  batch 220/264  loss=0.3478
  batch 230/264  loss=0.2270
  batch 240/264  loss=0.2626
  batch 250/264  loss=0.0839
  batch 260/264  loss=0.0659
Epoch 182/300  train=1.032e-01  rmse=1.7067  lr=1.0e-04  230s
  batch 10/264  loss=0.0746
  batch 20/264  loss=0.1048
  batch 30/264  loss=0.0645
  batch 40/264  loss=0.0590
  batch 50/264  loss=0.0893
  batch 60/264  loss=0.0667
  batch 70/264  loss=0.0963
  batch 80/264  loss=0.0797
  batch 90/264  loss=0.2209
  batch 100/264  loss=0.0529
  batch 110/264  loss=0.1059
  batch 120/264  loss=0.0943
  batch 130/264  loss=0.0795
  batch 140/264  loss=0.0741
  batch 150/264  loss=0.0694
  batch 160/264  loss=0.0604
  batch 170/264  loss=0.0755
  batch 180/264  loss=0.1043
  batch 190/264  loss=0.1766
  batch 200/264  loss=0.0617
  batch 210/264  loss=0.0767
  batch 220/264  loss=0.0665
  batch 230/264  loss=0.1971
  batch 240/264  loss=0.0682
  batch 250/264  loss=0.0608
  batch 260/264  loss=0.0941
Epoch 183/300  train=1.011e-01  rmse=1.9173  lr=1.0e-04  229s
  -> best  monitor=1.011e-01
  batch 10/264  loss=0.0523
  batch 20/264  loss=0.0683
  batch 30/264  loss=0.0627
  batch 40/264  loss=0.1069
  batch 50/264  loss=0.0941
  batch 60/264  loss=0.0889
  batch 70/264  loss=0.0717
  batch 80/264  loss=0.0584
  batch 90/264  loss=0.1074
  batch 100/264  loss=0.2142
  batch 110/264  loss=0.1153
  batch 120/264  loss=0.0554
  batch 130/264  loss=0.0804
  batch 140/264  loss=0.0742
  batch 150/264  loss=0.0648
  batch 160/264  loss=0.1155
  batch 170/264  loss=0.0744
  batch 180/264  loss=0.0766
  batch 190/264  loss=0.0794
  batch 200/264  loss=0.0966
  batch 210/264  loss=0.1085
  batch 220/264  loss=0.0644
  batch 230/264  loss=0.0780
  batch 240/264  loss=0.0883
  batch 250/264  loss=0.0654
  batch 260/264  loss=0.1180
Epoch 184/300  train=1.029e-01  rmse=1.7174  lr=1.0e-04  228s
  batch 10/264  loss=0.0577
  batch 20/264  loss=0.1003
  batch 30/264  loss=0.0683
  batch 40/264  loss=0.2057
  batch 50/264  loss=0.1065
  batch 60/264  loss=0.0965
  batch 70/264  loss=0.2534
  batch 80/264  loss=0.1694
  batch 90/264  loss=0.0618
  batch 100/264  loss=0.1269
  batch 110/264  loss=0.0954
  batch 120/264  loss=0.1365
  batch 130/264  loss=0.1506
  batch 140/264  loss=0.0972
  batch 150/264  loss=0.0732
  batch 160/264  loss=0.0767
  batch 170/264  loss=0.0584
  batch 180/264  loss=0.1466
  batch 190/264  loss=0.0603
  batch 200/264  loss=0.0560
  batch 210/264  loss=0.0525
  batch 220/264  loss=0.3092
  batch 230/264  loss=0.0699
  batch 240/264  loss=0.0595
  batch 250/264  loss=0.1406
  batch 260/264  loss=0.0558
Epoch 185/300  train=1.030e-01  rmse=1.7701  lr=1.0e-04  228s
  batch 10/264  loss=0.0938
  batch 20/264  loss=0.1105
  batch 30/264  loss=0.0753
  batch 40/264  loss=0.1189
  batch 50/264  loss=0.0797
  batch 60/264  loss=0.0763
  batch 70/264  loss=0.0548
  batch 80/264  loss=0.1352
  batch 90/264  loss=0.0740
  batch 100/264  loss=0.1107
  batch 110/264  loss=0.0867
  batch 120/264  loss=0.0738
  batch 130/264  loss=0.0842
  batch 140/264  loss=0.0678
  batch 150/264  loss=0.0775
  batch 160/264  loss=0.0778
  batch 170/264  loss=0.0637
  batch 180/264  loss=0.0657
  batch 190/264  loss=0.1240
  batch 200/264  loss=0.0832
  batch 210/264  loss=0.0897
  batch 220/264  loss=0.0445
  batch 230/264  loss=0.1047
  batch 240/264  loss=0.0751
  batch 250/264  loss=0.0641
  batch 260/264  loss=0.1410
Epoch 186/300  train=9.988e-02  rmse=1.6510  lr=1.0e-04  227s
  -> best  monitor=9.988e-02
  batch 10/264  loss=0.0685
  batch 20/264  loss=0.0895
  batch 30/264  loss=0.1455
  batch 40/264  loss=0.0412
  batch 50/264  loss=0.0737
  batch 60/264  loss=0.1634
  batch 70/264  loss=0.0856
  batch 80/264  loss=0.0988
  batch 90/264  loss=0.1092
  batch 100/264  loss=0.0592
  batch 110/264  loss=0.0530
  batch 120/264  loss=0.1151
  batch 130/264  loss=0.1745
  batch 140/264  loss=0.0673
  batch 150/264  loss=0.2664
  batch 160/264  loss=0.0973
  batch 170/264  loss=0.0680
  batch 180/264  loss=0.0933
  batch 190/264  loss=0.0981
  batch 200/264  loss=0.0643
  batch 210/264  loss=0.1568
  batch 220/264  loss=0.0962
  batch 230/264  loss=0.0713
  batch 240/264  loss=0.1006
  batch 250/264  loss=0.0647
  batch 260/264  loss=0.0891
Epoch 187/300  train=1.029e-01  rmse=3.0655  lr=1.0e-04  228s
  batch 10/264  loss=0.0616
  batch 20/264  loss=0.2077
  batch 30/264  loss=0.0612
  batch 40/264  loss=0.0689
  batch 50/264  loss=0.0576
  batch 60/264  loss=0.0585
  batch 70/264  loss=0.0636
  batch 80/264  loss=0.1114
  batch 90/264  loss=0.1146
  batch 100/264  loss=0.0903
  batch 110/264  loss=0.0611
  batch 120/264  loss=0.0541
  batch 130/264  loss=0.0569
  batch 140/264  loss=0.2033
  batch 150/264  loss=0.0692
  batch 160/264  loss=0.0993
  batch 170/264  loss=0.0690
  batch 180/264  loss=0.1063
  batch 190/264  loss=0.0787
  batch 200/264  loss=0.1081
  batch 210/264  loss=0.0837
  batch 220/264  loss=0.0826
  batch 230/264  loss=0.0388
  batch 240/264  loss=0.1109
  batch 250/264  loss=0.0449
  batch 260/264  loss=0.0836
Epoch 188/300  train=1.018e-01  rmse=3.1426  lr=1.0e-04  227s
  batch 10/264  loss=0.2439
  batch 20/264  loss=0.0838
  batch 30/264  loss=0.0913
  batch 40/264  loss=0.0921
  batch 50/264  loss=0.0606
  batch 60/264  loss=0.0762
  batch 70/264  loss=0.3067
  batch 80/264  loss=0.1077
  batch 90/264  loss=0.0619
  batch 100/264  loss=0.0887
  batch 110/264  loss=0.0753
  batch 120/264  loss=0.0787
  batch 130/264  loss=0.1351
  batch 140/264  loss=0.0595
  batch 150/264  loss=0.1082
  batch 160/264  loss=0.1325
  batch 170/264  loss=0.0638
  batch 180/264  loss=0.1104
  batch 190/264  loss=0.0534
  batch 200/264  loss=0.0997
  batch 210/264  loss=0.0966
  batch 220/264  loss=0.0534
  batch 230/264  loss=0.0787
  batch 240/264  loss=0.2393
  batch 250/264  loss=0.1531
  batch 260/264  loss=0.0773
Epoch 189/300  train=1.023e-01  rmse=2.4990  lr=1.0e-04  227s
  batch 10/264  loss=0.0740
  batch 20/264  loss=0.2182
  batch 30/264  loss=0.0570
  batch 40/264  loss=0.0716
  batch 50/264  loss=0.0527
  batch 60/264  loss=0.0541
  batch 70/264  loss=0.1823
  batch 80/264  loss=0.1394
  batch 90/264  loss=0.0770
  batch 100/264  loss=0.0774
  batch 110/264  loss=0.1110
  batch 120/264  loss=0.0658
  batch 130/264  loss=0.1131
  batch 140/264  loss=0.0774
  batch 150/264  loss=0.0708
  batch 160/264  loss=0.0967
  batch 170/264  loss=0.1000
  batch 180/264  loss=0.0832
  batch 190/264  loss=0.0606
  batch 200/264  loss=0.0602
  batch 210/264  loss=0.0507
  batch 220/264  loss=0.0592
  batch 230/264  loss=0.4497
  batch 240/264  loss=0.0529
  batch 250/264  loss=0.0784
  batch 260/264  loss=0.0910
Epoch 190/300  train=1.024e-01  rmse=1.7935  lr=1.0e-04  227s
  batch 10/264  loss=0.1071
  batch 20/264  loss=0.0882
  batch 30/264  loss=0.0649
  batch 40/264  loss=0.1124
  batch 50/264  loss=0.0769
  batch 60/264  loss=0.0992
  batch 70/264  loss=0.0544
  batch 80/264  loss=0.0767
  batch 90/264  loss=0.0584
  batch 100/264  loss=0.1365
  batch 110/264  loss=0.0585
  batch 120/264  loss=0.0874
  batch 130/264  loss=0.0906
  batch 140/264  loss=0.1362
  batch 150/264  loss=0.1100
  batch 160/264  loss=0.0536
  batch 170/264  loss=0.0790
  batch 180/264  loss=0.1670
  batch 190/264  loss=0.0633
  batch 200/264  loss=0.1019
  batch 210/264  loss=0.0884
  batch 220/264  loss=0.0677
  batch 230/264  loss=0.1272
  batch 240/264  loss=0.0888
  batch 250/264  loss=0.0701
  batch 260/264  loss=0.0655
Epoch 191/300  train=1.011e-01  rmse=1.8834  lr=1.0e-04  229s
  batch 10/264  loss=0.0993
  batch 20/264  loss=0.1467
  batch 30/264  loss=0.0588
  batch 40/264  loss=0.0983
  batch 50/264  loss=0.1257
  batch 60/264  loss=0.0840
  batch 70/264  loss=0.2974
  batch 80/264  loss=0.0921
  batch 90/264  loss=0.0710
  batch 100/264  loss=0.0568
  batch 110/264  loss=0.0729
  batch 120/264  loss=0.1003
  batch 130/264  loss=0.0706
  batch 140/264  loss=0.0516
  batch 150/264  loss=0.2025
  batch 160/264  loss=0.2364
  batch 170/264  loss=0.1201
  batch 180/264  loss=0.1101
  batch 190/264  loss=0.0611
  batch 200/264  loss=0.1531
  batch 210/264  loss=0.1097
  batch 220/264  loss=0.1286
  batch 230/264  loss=0.1168
  batch 240/264  loss=0.1698
  batch 250/264  loss=0.0649
  batch 260/264  loss=0.0824
Epoch 192/300  train=1.001e-01  rmse=1.9674  lr=1.0e-04  230s
  batch 10/264  loss=0.0932
  batch 20/264  loss=0.0751
  batch 30/264  loss=0.0970
  batch 40/264  loss=0.0965
  batch 50/264  loss=0.0538
  batch 60/264  loss=0.0712
  batch 70/264  loss=0.0640
  batch 80/264  loss=0.0721
  batch 90/264  loss=0.1208
  batch 100/264  loss=0.0491
  batch 110/264  loss=0.0757
  batch 120/264  loss=0.1482
  batch 130/264  loss=0.0884
  batch 140/264  loss=0.0549
  batch 150/264  loss=0.0744
  batch 160/264  loss=0.0741
  batch 170/264  loss=0.1188
  batch 180/264  loss=0.2100
  batch 190/264  loss=0.0910
  batch 200/264  loss=0.0973
  batch 210/264  loss=0.0642
  batch 220/264  loss=0.0763
  batch 230/264  loss=0.1151
  batch 240/264  loss=0.0983
  batch 250/264  loss=0.0721
  batch 260/264  loss=0.1253
Epoch 193/300  train=1.007e-01  rmse=2.3295  lr=1.0e-04  227s
  batch 10/264  loss=0.0620
  batch 20/264  loss=0.0632
  batch 30/264  loss=0.0614
  batch 40/264  loss=0.1127
  batch 50/264  loss=0.2139
  batch 60/264  loss=0.0650
  batch 70/264  loss=0.1445
  batch 80/264  loss=0.0653
  batch 90/264  loss=0.0662
  batch 100/264  loss=0.2069
  batch 110/264  loss=0.0664
  batch 120/264  loss=0.1346
  batch 130/264  loss=0.1021
  batch 140/264  loss=0.1990
  batch 150/264  loss=0.1406
  batch 160/264  loss=0.0674
  batch 170/264  loss=0.0924
  batch 180/264  loss=0.0622
  batch 190/264  loss=0.0705
  batch 200/264  loss=0.0813
  batch 210/264  loss=0.0955
  batch 220/264  loss=0.1354
  batch 230/264  loss=0.0628
  batch 240/264  loss=0.0760
  batch 250/264  loss=0.0598
  batch 260/264  loss=0.0727
Epoch 194/300  train=9.832e-02  rmse=2.1205  lr=1.0e-04  227s
  -> best  monitor=9.832e-02
  batch 10/264  loss=0.1974
  batch 20/264  loss=0.1711
  batch 30/264  loss=0.0619
  batch 40/264  loss=0.0824
  batch 50/264  loss=0.0628
  batch 60/264  loss=0.0773
  batch 70/264  loss=0.0855
  batch 80/264  loss=0.1069
  batch 90/264  loss=0.1667
  batch 100/264  loss=0.1383
  batch 110/264  loss=0.0810
  batch 120/264  loss=0.0716
  batch 130/264  loss=0.0549
  batch 140/264  loss=0.3272
  batch 150/264  loss=0.0911
  batch 160/264  loss=0.0941
  batch 170/264  loss=0.0846
  batch 180/264  loss=0.1600
  batch 190/264  loss=0.0730
  batch 200/264  loss=0.0762
  batch 210/264  loss=0.0525
  batch 220/264  loss=0.0928
  batch 230/264  loss=0.0872
  batch 240/264  loss=0.1045
  batch 250/264  loss=0.0524
  batch 260/264  loss=0.0474
Epoch 195/300  train=1.000e-01  rmse=1.6231  lr=1.0e-04  227s
  batch 10/264  loss=0.1231
  batch 20/264  loss=0.0592
  batch 30/264  loss=0.1828
  batch 40/264  loss=0.0522
  batch 50/264  loss=0.1111
  batch 60/264  loss=0.0832
  batch 70/264  loss=0.0807
  batch 80/264  loss=0.0683
  batch 90/264  loss=0.0968
  batch 100/264  loss=0.0938
  batch 110/264  loss=0.1248
  batch 120/264  loss=0.0625
  batch 130/264  loss=0.0768
  batch 140/264  loss=0.0668
  batch 150/264  loss=0.0683
  batch 160/264  loss=0.1190
  batch 170/264  loss=0.2693
  batch 180/264  loss=0.0776
  batch 190/264  loss=0.0628
  batch 200/264  loss=0.0804
  batch 210/264  loss=0.2151
  batch 220/264  loss=0.0872
  batch 230/264  loss=0.0715
  batch 240/264  loss=0.1099
  batch 250/264  loss=0.1648
  batch 260/264  loss=0.0897
Epoch 196/300  train=1.004e-01  rmse=1.7499  lr=1.0e-04  228s
  batch 10/264  loss=0.0660
  batch 20/264  loss=0.0536
  batch 30/264  loss=0.0662
  batch 40/264  loss=0.0769
  batch 50/264  loss=0.0565
  batch 60/264  loss=0.0859
  batch 70/264  loss=0.0807
  batch 80/264  loss=0.1305
  batch 90/264  loss=0.1236
  batch 100/264  loss=0.0969
  batch 110/264  loss=0.0789
  batch 120/264  loss=0.0561
  batch 130/264  loss=0.2942
  batch 140/264  loss=0.1453
  batch 150/264  loss=0.1467
  batch 160/264  loss=0.0688
  batch 170/264  loss=0.1976
  batch 180/264  loss=0.0533
  batch 190/264  loss=0.0647
  batch 200/264  loss=0.1213
  batch 210/264  loss=0.0857
  batch 220/264  loss=0.0661
  batch 230/264  loss=0.1704
  batch 240/264  loss=0.1312
  batch 250/264  loss=0.0801
  batch 260/264  loss=0.0877
Epoch 197/300  train=1.005e-01  rmse=2.1534  lr=1.0e-04  228s
  batch 10/264  loss=0.1032
  batch 20/264  loss=0.0568
  batch 30/264  loss=0.1000
  batch 40/264  loss=0.0509
  batch 50/264  loss=0.1309
  batch 60/264  loss=0.0793
  batch 70/264  loss=0.0621
  batch 80/264  loss=0.1973
  batch 90/264  loss=0.0617
  batch 100/264  loss=0.0570
  batch 110/264  loss=0.0760
  batch 120/264  loss=0.0490
  batch 130/264  loss=0.1079
  batch 140/264  loss=0.0768
  batch 150/264  loss=0.0860
  batch 160/264  loss=0.0683
  batch 170/264  loss=0.0931
  batch 180/264  loss=0.1407
  batch 190/264  loss=0.0857
  batch 200/264  loss=0.0936
  batch 210/264  loss=0.1126
  batch 220/264  loss=0.1776
  batch 230/264  loss=0.0834
  batch 240/264  loss=0.1132
  batch 250/264  loss=0.0574
  batch 260/264  loss=0.0697
Epoch 198/300  train=9.823e-02  rmse=1.7401  lr=1.0e-04  228s
  -> best  monitor=9.823e-02
  batch 10/264  loss=0.0533
  batch 20/264  loss=0.1187
  batch 30/264  loss=0.1118
  batch 40/264  loss=0.0833
  batch 50/264  loss=0.1104
  batch 60/264  loss=0.0492
  batch 70/264  loss=0.0871
  batch 80/264  loss=0.0658
  batch 90/264  loss=0.0687
  batch 100/264  loss=0.0813
  batch 110/264  loss=0.1239
  batch 120/264  loss=0.0733
  batch 130/264  loss=0.1012
  batch 140/264  loss=0.1084
  batch 150/264  loss=0.0571
  batch 160/264  loss=0.1050
  batch 170/264  loss=0.0579
  batch 180/264  loss=0.0828
  batch 190/264  loss=0.1316
  batch 200/264  loss=0.0960
  batch 210/264  loss=0.0691
  batch 220/264  loss=0.0699
  batch 230/264  loss=0.0566
  batch 240/264  loss=0.0610
  batch 250/264  loss=0.0765
  batch 260/264  loss=0.1387
Epoch 199/300  train=9.900e-02  rmse=3.9297  lr=1.0e-04  228s
  batch 10/264  loss=0.1140
  batch 20/264  loss=0.1166
  batch 30/264  loss=0.0831
  batch 40/264  loss=0.1681
  batch 50/264  loss=0.0717
  batch 60/264  loss=0.1766
  batch 70/264  loss=0.1008
  batch 80/264  loss=0.0819
  batch 90/264  loss=0.0692
  batch 100/264  loss=0.0586
  batch 110/264  loss=0.0633
  batch 120/264  loss=0.1300
  batch 130/264  loss=0.1172
  batch 140/264  loss=0.0682
  batch 150/264  loss=0.0895
  batch 160/264  loss=0.1136
  batch 170/264  loss=0.1933
  batch 180/264  loss=0.0639
  batch 190/264  loss=0.0794
  batch 200/264  loss=0.2785
  batch 210/264  loss=0.2195
  batch 220/264  loss=0.2277
  batch 230/264  loss=0.0965
  batch 240/264  loss=0.0660
  batch 250/264  loss=0.0797
  batch 260/264  loss=0.0543
Epoch 200/300  train=9.745e-02  rmse=1.7452  lr=1.0e-04  227s
  -> best  monitor=9.745e-02
  batch 10/264  loss=0.0751
  batch 20/264  loss=0.0836
  batch 30/264  loss=0.0753
  batch 40/264  loss=0.0911
  batch 50/264  loss=0.1322
  batch 60/264  loss=0.0550
  batch 70/264  loss=0.0872
  batch 80/264  loss=0.0823
  batch 90/264  loss=0.1178
  batch 100/264  loss=0.0962
  batch 110/264  loss=0.0598
  batch 120/264  loss=0.1128
  batch 130/264  loss=0.0638
  batch 140/264  loss=0.0933
  batch 150/264  loss=0.0707
  batch 160/264  loss=0.0971
  batch 170/264  loss=0.1918
  batch 180/264  loss=0.1479
  batch 190/264  loss=0.0818
  batch 200/264  loss=0.2246
  batch 210/264  loss=0.0988
  batch 220/264  loss=0.1620
  batch 230/264  loss=0.0397
  batch 240/264  loss=0.0895
  batch 250/264  loss=0.0749
  batch 260/264  loss=0.0548
Epoch 201/300  train=9.767e-02  rmse=2.0102  lr=1.0e-04  227s
  batch 10/264  loss=0.0616
  batch 20/264  loss=0.1361
  batch 30/264  loss=0.1356
  batch 40/264  loss=0.0751
  batch 50/264  loss=0.0784
  batch 60/264  loss=0.0812
  batch 70/264  loss=0.0772
  batch 80/264  loss=0.2884
  batch 90/264  loss=0.0454
  batch 100/264  loss=0.1048
  batch 110/264  loss=0.0529
  batch 120/264  loss=0.0645
  batch 130/264  loss=0.0449
  batch 140/264  loss=0.1986
  batch 150/264  loss=0.1125
  batch 160/264  loss=0.0975
  batch 170/264  loss=0.1139
  batch 180/264  loss=0.1192
  batch 190/264  loss=0.0548
  batch 200/264  loss=0.0723
  batch 210/264  loss=0.0749
  batch 220/264  loss=0.0878
  batch 230/264  loss=0.0955
  batch 240/264  loss=0.0587
  batch 250/264  loss=0.1769
  batch 260/264  loss=0.1783
Epoch 202/300  train=9.722e-02  rmse=2.4631  lr=1.0e-04  228s
  -> best  monitor=9.722e-02
  batch 10/264  loss=0.1307
  batch 20/264  loss=0.1788
  batch 30/264  loss=0.0777
  batch 40/264  loss=0.0676
  batch 50/264  loss=0.1139
  batch 60/264  loss=0.0953
  batch 70/264  loss=0.1017
  batch 80/264  loss=0.1799
  batch 90/264  loss=0.0388
  batch 100/264  loss=0.0699
  batch 110/264  loss=0.0507
  batch 120/264  loss=0.1208
  batch 130/264  loss=0.1233
  batch 140/264  loss=0.0665
  batch 150/264  loss=0.0709
  batch 160/264  loss=0.0604
  batch 170/264  loss=0.0762
  batch 180/264  loss=0.1727
  batch 190/264  loss=0.1811
  batch 200/264  loss=0.0490
  batch 210/264  loss=0.0642
  batch 220/264  loss=0.1179
  batch 230/264  loss=0.1126
  batch 240/264  loss=0.0514
  batch 250/264  loss=0.1156
  batch 260/264  loss=0.0576
Epoch 203/300  train=9.769e-02  rmse=1.9209  lr=1.0e-04  228s
  batch 10/264  loss=0.0540
  batch 20/264  loss=0.0769
  batch 30/264  loss=0.0807
  batch 40/264  loss=0.0633
  batch 50/264  loss=0.1353
  batch 60/264  loss=0.0359
  batch 70/264  loss=0.0897
  batch 80/264  loss=0.1070
  batch 90/264  loss=0.0650
  batch 100/264  loss=0.1465
  batch 110/264  loss=0.0507
  batch 120/264  loss=0.1102
  batch 130/264  loss=0.2295
  batch 140/264  loss=0.1762
  batch 150/264  loss=0.1418
  batch 160/264  loss=0.1130
  batch 170/264  loss=0.0781
  batch 180/264  loss=0.0803
  batch 190/264  loss=0.1004
  batch 200/264  loss=0.0650
  batch 210/264  loss=0.0709
  batch 220/264  loss=0.1528
  batch 230/264  loss=0.0612
  batch 240/264  loss=0.0653
  batch 250/264  loss=0.0909
  batch 260/264  loss=0.0710
Epoch 204/300  train=9.711e-02  rmse=2.0879  lr=1.0e-04  227s
  -> best  monitor=9.711e-02
  batch 10/264  loss=0.0661
  batch 20/264  loss=0.0724
  batch 30/264  loss=0.0840
  batch 40/264  loss=0.1253
  batch 50/264  loss=0.1860
  batch 60/264  loss=0.0636
  batch 70/264  loss=0.1180
  batch 80/264  loss=0.0853
  batch 90/264  loss=0.1028
  batch 100/264  loss=0.0842
  batch 110/264  loss=0.1120
  batch 120/264  loss=0.0648
  batch 130/264  loss=0.1089
  batch 140/264  loss=0.1132
  batch 150/264  loss=0.1160
  batch 160/264  loss=0.0531
  batch 170/264  loss=0.0649
  batch 180/264  loss=0.0792
  batch 190/264  loss=0.0635
  batch 200/264  loss=0.1168
  batch 210/264  loss=0.1029
  batch 220/264  loss=0.0777
  batch 230/264  loss=0.1044
  batch 240/264  loss=0.0464
  batch 250/264  loss=0.0712
  batch 260/264  loss=0.1029
Epoch 205/300  train=9.754e-02  rmse=1.8512  lr=1.0e-04  228s
  batch 10/264  loss=0.1110
  batch 20/264  loss=0.0716
  batch 30/264  loss=0.0777
  batch 40/264  loss=0.0968
  batch 50/264  loss=0.0680
  batch 60/264  loss=0.1849
  batch 70/264  loss=0.0503
  batch 80/264  loss=0.0997
  batch 90/264  loss=0.1002
  batch 100/264  loss=0.0483
  batch 110/264  loss=0.2065
  batch 120/264  loss=0.1029
  batch 130/264  loss=0.1087
  batch 140/264  loss=0.2020
  batch 150/264  loss=0.0825
  batch 160/264  loss=0.0953
  batch 170/264  loss=0.2106
  batch 180/264  loss=0.0960
  batch 190/264  loss=0.0807
  batch 200/264  loss=0.0675
  batch 210/264  loss=0.0660
  batch 220/264  loss=0.0665
  batch 230/264  loss=0.0689
  batch 240/264  loss=0.0785
  batch 250/264  loss=0.1013
  batch 260/264  loss=0.0939
Epoch 206/300  train=9.808e-02  rmse=1.9671  lr=1.0e-04  227s
  batch 10/264  loss=0.0632
  batch 20/264  loss=0.0808
  batch 30/264  loss=0.1174
  batch 40/264  loss=0.0492
  batch 50/264  loss=0.0700
  batch 60/264  loss=0.0850
  batch 70/264  loss=0.2098
  batch 80/264  loss=0.0447
  batch 90/264  loss=0.0620
  batch 100/264  loss=0.1560
  batch 110/264  loss=0.1259
  batch 120/264  loss=0.0599
  batch 130/264  loss=0.0702
  batch 140/264  loss=0.0662
  batch 150/264  loss=0.0992
  batch 160/264  loss=0.0576
  batch 170/264  loss=0.2364
  batch 180/264  loss=0.0605
  batch 190/264  loss=0.0733
  batch 200/264  loss=0.0549
  batch 210/264  loss=0.0867
  batch 220/264  loss=0.0570
  batch 230/264  loss=0.1165
  batch 240/264  loss=0.0957
  batch 250/264  loss=0.0559
  batch 260/264  loss=0.0748
Epoch 207/300  train=9.880e-02  rmse=2.2536  lr=1.0e-04  228s
  batch 10/264  loss=0.0837
  batch 20/264  loss=0.0982
  batch 30/264  loss=0.1212
  batch 40/264  loss=0.2389
  batch 50/264  loss=0.0707
  batch 60/264  loss=0.0539
  batch 70/264  loss=0.0927
  batch 80/264  loss=0.0593
  batch 90/264  loss=0.1241
  batch 100/264  loss=0.1150
  batch 110/264  loss=0.1059
  batch 120/264  loss=0.0892
  batch 130/264  loss=0.0492
  batch 140/264  loss=0.0824
  batch 150/264  loss=0.0885
  batch 160/264  loss=0.1084
  batch 170/264  loss=0.1014
  batch 180/264  loss=0.2600
  batch 190/264  loss=0.0570
  batch 200/264  loss=0.1883
  batch 210/264  loss=0.0654
  batch 220/264  loss=0.0650
  batch 230/264  loss=0.0596
  batch 240/264  loss=0.0806
  batch 250/264  loss=0.1095
  batch 260/264  loss=0.0668
Epoch 208/300  train=9.735e-02  rmse=1.6224  lr=1.0e-04  229s
  batch 10/264  loss=0.1054
  batch 20/264  loss=0.2017
  batch 30/264  loss=0.0648
  batch 40/264  loss=0.1678
  batch 50/264  loss=0.0742
  batch 60/264  loss=0.0556
  batch 70/264  loss=0.0841
  batch 80/264  loss=0.1236
  batch 90/264  loss=0.0584
  batch 100/264  loss=0.0735
  batch 110/264  loss=0.0434
  batch 120/264  loss=0.0883
  batch 130/264  loss=0.0663
  batch 140/264  loss=0.0968
  batch 150/264  loss=0.1052
  batch 160/264  loss=0.0527
  batch 170/264  loss=0.0780
  batch 180/264  loss=0.0858
  batch 190/264  loss=0.0968
  batch 200/264  loss=0.0837
  batch 210/264  loss=0.0503
  batch 220/264  loss=0.1079
  batch 230/264  loss=0.0797
  batch 240/264  loss=0.2664
  batch 250/264  loss=0.1063
  batch 260/264  loss=0.0608
Epoch 209/300  train=9.607e-02  rmse=1.7895  lr=1.0e-04  227s
  -> best  monitor=9.607e-02
  batch 10/264  loss=0.1075
  batch 20/264  loss=0.0609
  batch 30/264  loss=0.0607
  batch 40/264  loss=0.1052
  batch 50/264  loss=0.0747
  batch 60/264  loss=0.0653
  batch 70/264  loss=0.1041
  batch 80/264  loss=0.0626
  batch 90/264  loss=0.0928
  batch 100/264  loss=0.1034
  batch 110/264  loss=0.1001
  batch 120/264  loss=0.0919
  batch 130/264  loss=0.1147
  batch 140/264  loss=0.0886
  batch 150/264  loss=0.0742
  batch 160/264  loss=0.1045
  batch 170/264  loss=0.1008
  batch 180/264  loss=0.1606
  batch 190/264  loss=0.1129
  batch 200/264  loss=0.0716
  batch 210/264  loss=0.1628
  batch 220/264  loss=0.0675
  batch 230/264  loss=0.0547
  batch 240/264  loss=0.0990
  batch 250/264  loss=0.0594
  batch 260/264  loss=0.0543
Epoch 210/300  train=9.690e-02  rmse=1.7458  lr=1.0e-04  227s
  batch 10/264  loss=0.0563
  batch 20/264  loss=0.1076
  batch 30/264  loss=0.0688
  batch 40/264  loss=0.0747
  batch 50/264  loss=0.1347
  batch 60/264  loss=0.0918
  batch 70/264  loss=0.0523
  batch 80/264  loss=0.1053
  batch 90/264  loss=0.1733
  batch 100/264  loss=0.1169
  batch 110/264  loss=0.0741
  batch 120/264  loss=0.0964
  batch 130/264  loss=0.0756
  batch 140/264  loss=0.0714
  batch 150/264  loss=0.1015
  batch 160/264  loss=0.2067
  batch 170/264  loss=0.0808
  batch 180/264  loss=0.0819
  batch 190/264  loss=0.0978
  batch 200/264  loss=0.0899
  batch 210/264  loss=0.0440
  batch 220/264  loss=0.1135
  batch 230/264  loss=0.0839
  batch 240/264  loss=0.1370
  batch 250/264  loss=0.0828
  batch 260/264  loss=0.1107
Epoch 211/300  train=9.782e-02  rmse=1.7952  lr=1.0e-04  228s
  batch 10/264  loss=0.1500
  batch 20/264  loss=0.0906
  batch 30/264  loss=0.0571
  batch 40/264  loss=0.0864
  batch 50/264  loss=0.0757
  batch 60/264  loss=0.0542
  batch 70/264  loss=0.0508
  batch 80/264  loss=0.0763
  batch 90/264  loss=0.0604
  batch 100/264  loss=0.2531
  batch 110/264  loss=0.0766
  batch 120/264  loss=0.1233
  batch 130/264  loss=0.0567
  batch 140/264  loss=0.0583
  batch 150/264  loss=0.0697
  batch 160/264  loss=0.1975
  batch 170/264  loss=0.1379
  batch 180/264  loss=0.0510
  batch 190/264  loss=0.0975
  batch 200/264  loss=0.0588
  batch 210/264  loss=0.0855
  batch 220/264  loss=0.0938
  batch 230/264  loss=0.0519
  batch 240/264  loss=0.0565
  batch 250/264  loss=0.1229
  batch 260/264  loss=0.1580
Epoch 212/300  train=9.616e-02  rmse=1.6869  lr=1.0e-04  227s
  batch 10/264  loss=0.1442
  batch 20/264  loss=0.0528
  batch 30/264  loss=0.0514
  batch 40/264  loss=0.0608
  batch 50/264  loss=0.0861
  batch 60/264  loss=0.0688
  batch 70/264  loss=0.0731
  batch 80/264  loss=0.0680
  batch 90/264  loss=0.0974
  batch 100/264  loss=0.1020
  batch 110/264  loss=0.1078
  batch 120/264  loss=0.0795
  batch 130/264  loss=0.0913
  batch 140/264  loss=0.0829
  batch 150/264  loss=0.0547
  batch 160/264  loss=0.0670
  batch 170/264  loss=0.0878
  batch 180/264  loss=0.0745
  batch 190/264  loss=0.1017
  batch 200/264  loss=0.0655
  batch 210/264  loss=0.0736
  batch 220/264  loss=0.0699
  batch 230/264  loss=0.0710
  batch 240/264  loss=0.1274
  batch 250/264  loss=0.1609
  batch 260/264  loss=0.0582
Epoch 213/300  train=9.601e-02  rmse=4.2785  lr=1.0e-04  228s
  -> best  monitor=9.601e-02
  batch 10/264  loss=0.1186
  batch 20/264  loss=0.0634
  batch 30/264  loss=0.0482
  batch 40/264  loss=0.1028
  batch 50/264  loss=0.0547
  batch 60/264  loss=0.0834
  batch 70/264  loss=0.1551
  batch 80/264  loss=0.3344
  batch 90/264  loss=0.0986
  batch 100/264  loss=0.0654
  batch 110/264  loss=0.0912
  batch 120/264  loss=0.0830
  batch 130/264  loss=0.0894
  batch 140/264  loss=0.0517
  batch 150/264  loss=0.2221
  batch 160/264  loss=0.0613
  batch 170/264  loss=0.1259
  batch 180/264  loss=0.0942
  batch 190/264  loss=0.0817
  batch 200/264  loss=0.0796
  batch 210/264  loss=0.0788
  batch 220/264  loss=0.0878
  batch 230/264  loss=0.0519
  batch 240/264  loss=0.0549
  batch 250/264  loss=0.1035
  batch 260/264  loss=0.0530
Epoch 214/300  train=9.677e-02  rmse=2.1042  lr=1.0e-04  230s
  batch 10/264  loss=0.0503
  batch 20/264  loss=0.0781
  batch 30/264  loss=0.1371
  batch 40/264  loss=0.0967
  batch 50/264  loss=0.1913
  batch 60/264  loss=0.0804
  batch 70/264  loss=0.0704
  batch 80/264  loss=0.1089
  batch 90/264  loss=0.0922
  batch 100/264  loss=0.1747
  batch 110/264  loss=0.0613
  batch 120/264  loss=0.0782
  batch 130/264  loss=0.0865
  batch 140/264  loss=0.0630
  batch 150/264  loss=0.0774
  batch 160/264  loss=0.0918
  batch 170/264  loss=0.1357
  batch 180/264  loss=0.0984
  batch 190/264  loss=0.0664
  batch 200/264  loss=0.1317
  batch 210/264  loss=0.0621
  batch 220/264  loss=0.0544
  batch 230/264  loss=0.0573
  batch 240/264  loss=0.0708
  batch 250/264  loss=0.0839
  batch 260/264  loss=0.0586
Epoch 215/300  train=9.714e-02  rmse=2.0421  lr=1.0e-04  227s
  batch 10/264  loss=0.0961
  batch 20/264  loss=0.1882
  batch 30/264  loss=0.1119
  batch 40/264  loss=0.0946
  batch 50/264  loss=0.0876
  batch 60/264  loss=0.0950
  batch 70/264  loss=0.0533
  batch 80/264  loss=0.0931
  batch 90/264  loss=0.0742
  batch 100/264  loss=0.0819
  batch 110/264  loss=0.0704
  batch 120/264  loss=0.0948
  batch 130/264  loss=0.1898
  batch 140/264  loss=0.0661
  batch 150/264  loss=0.0617
  batch 160/264  loss=0.0916
  batch 170/264  loss=0.1575
  batch 180/264  loss=0.1032
  batch 190/264  loss=0.0665
  batch 200/264  loss=0.0812
  batch 210/264  loss=0.0874
  batch 220/264  loss=0.1803
  batch 230/264  loss=0.0595
  batch 240/264  loss=0.2210
  batch 250/264  loss=0.0728
  batch 260/264  loss=0.1962
Epoch 216/300  train=9.554e-02  rmse=1.8174  lr=1.0e-04  228s
  -> best  monitor=9.554e-02
  batch 10/264  loss=0.0717
  batch 20/264  loss=0.1423
  batch 30/264  loss=0.0605
  batch 40/264  loss=0.0892
  batch 50/264  loss=0.1525
  batch 60/264  loss=0.0983
  batch 70/264  loss=0.0858
  batch 80/264  loss=0.0710
  batch 90/264  loss=0.0609
  batch 100/264  loss=0.0926
  batch 110/264  loss=0.0699
  batch 120/264  loss=0.1454
  batch 130/264  loss=0.1016
  batch 140/264  loss=0.0766
  batch 150/264  loss=0.0582
  batch 160/264  loss=0.0777
  batch 170/264  loss=0.0576
  batch 180/264  loss=0.1750
  batch 190/264  loss=0.0598
  batch 200/264  loss=0.1171
  batch 210/264  loss=0.0902
  batch 220/264  loss=0.0490
  batch 230/264  loss=0.0660
  batch 240/264  loss=0.0673
  batch 250/264  loss=0.0831
  batch 260/264  loss=0.0568
Epoch 217/300  train=9.555e-02  rmse=1.8591  lr=1.0e-04  228s
  batch 10/264  loss=0.0881
  batch 20/264  loss=0.1077
  batch 30/264  loss=0.0491
  batch 40/264  loss=0.1195
  batch 50/264  loss=0.0432
  batch 60/264  loss=0.0818
  batch 70/264  loss=0.2341
  batch 80/264  loss=0.1210
  batch 90/264  loss=0.0654
  batch 100/264  loss=0.0500
  batch 110/264  loss=0.0952
  batch 120/264  loss=0.0888
  batch 130/264  loss=0.0699
  batch 140/264  loss=0.0662
  batch 150/264  loss=0.0571
  batch 160/264  loss=0.0948
  batch 170/264  loss=0.0440
  batch 180/264  loss=0.1019
  batch 190/264  loss=0.0891
  batch 200/264  loss=0.0700
  batch 210/264  loss=0.2395
  batch 220/264  loss=0.0582
  batch 230/264  loss=0.0566
  batch 240/264  loss=0.0820
  batch 250/264  loss=0.0787
  batch 260/264  loss=0.0925
Epoch 218/300  train=9.608e-02  rmse=1.8481  lr=1.0e-04  227s
  batch 10/264  loss=0.0708
  batch 20/264  loss=0.1477
  batch 30/264  loss=0.0824
  batch 40/264  loss=0.2647
  batch 50/264  loss=0.0707
  batch 60/264  loss=0.1577
  batch 70/264  loss=0.0991
  batch 80/264  loss=0.0946
  batch 90/264  loss=0.1335
  batch 100/264  loss=0.1216
  batch 110/264  loss=0.1096
  batch 120/264  loss=0.0493
  batch 130/264  loss=0.0953
  batch 140/264  loss=0.0482
  batch 150/264  loss=0.0563
  batch 160/264  loss=0.1055
  batch 170/264  loss=0.1401
  batch 180/264  loss=0.1033
  batch 190/264  loss=0.0577
  batch 200/264  loss=0.1007
  batch 210/264  loss=0.0805
  batch 220/264  loss=0.1013
  batch 230/264  loss=0.1102
  batch 240/264  loss=0.0824
  batch 250/264  loss=0.0874
  batch 260/264  loss=0.1633
Epoch 219/300  train=9.585e-02  rmse=1.6305  lr=1.0e-04  229s
  batch 10/264  loss=0.0792
  batch 20/264  loss=0.3397
  batch 30/264  loss=0.0673
  batch 40/264  loss=0.1053
  batch 50/264  loss=0.0712
  batch 60/264  loss=0.0751
  batch 70/264  loss=0.0361
  batch 80/264  loss=0.0582
  batch 90/264  loss=0.0471
  batch 100/264  loss=0.1110
  batch 110/264  loss=0.1116
  batch 120/264  loss=0.0595
  batch 130/264  loss=0.0786
  batch 140/264  loss=0.0542
  batch 150/264  loss=0.0434
  batch 160/264  loss=0.1020
  batch 170/264  loss=0.0894
  batch 180/264  loss=0.0543
  batch 190/264  loss=0.0640
  batch 200/264  loss=0.0750
  batch 210/264  loss=0.0579
  batch 220/264  loss=0.1153
  batch 230/264  loss=0.0504
  batch 240/264  loss=0.0568
  batch 250/264  loss=0.0877
  batch 260/264  loss=0.2010
Epoch 220/300  train=9.526e-02  rmse=1.8686  lr=1.0e-04  229s
  -> best  monitor=9.526e-02
  batch 10/264  loss=0.0872
  batch 20/264  loss=0.0673
  batch 30/264  loss=0.1303
  batch 40/264  loss=0.0859
  batch 50/264  loss=0.1233
  batch 60/264  loss=0.1000
  batch 70/264  loss=0.1249
  batch 80/264  loss=0.0832
  batch 90/264  loss=0.0603
  batch 100/264  loss=0.0861
  batch 110/264  loss=0.0526
  batch 120/264  loss=0.0827
  batch 130/264  loss=0.0803
  batch 140/264  loss=0.0930
  batch 150/264  loss=0.1120
  batch 160/264  loss=0.0921
  batch 170/264  loss=0.0780
  batch 180/264  loss=0.0539
  batch 190/264  loss=0.0621
  batch 200/264  loss=0.0555
  batch 210/264  loss=0.0703
  batch 220/264  loss=0.0483
  batch 230/264  loss=0.0674
  batch 240/264  loss=0.0763
  batch 250/264  loss=0.1086
  batch 260/264  loss=0.0547
Epoch 221/300  train=9.415e-02  rmse=1.6016  lr=1.0e-04  228s
  -> best  monitor=9.415e-02
  batch 10/264  loss=0.0773
  batch 20/264  loss=0.0534
  batch 30/264  loss=0.0406
  batch 40/264  loss=0.0605
  batch 50/264  loss=0.2063
  batch 60/264  loss=0.0938
  batch 70/264  loss=0.0502
  batch 80/264  loss=0.0587
  batch 90/264  loss=0.0765
  batch 100/264  loss=0.0819
  batch 110/264  loss=0.0658
  batch 120/264  loss=0.0625
  batch 130/264  loss=0.0635
  batch 140/264  loss=0.0626
  batch 150/264  loss=0.1174
  batch 160/264  loss=0.0563
  batch 170/264  loss=0.0634
  batch 180/264  loss=0.0560
  batch 190/264  loss=0.0874
  batch 200/264  loss=0.0417
  batch 210/264  loss=0.0755
  batch 220/264  loss=0.1284
  batch 230/264  loss=0.1141
  batch 240/264  loss=0.0625
  batch 250/264  loss=0.1135
  batch 260/264  loss=0.1334
Epoch 222/300  train=9.560e-02  rmse=1.6525  lr=1.0e-04  227s
  batch 10/264  loss=0.0938
  batch 20/264  loss=0.0944
  batch 30/264  loss=0.0592
  batch 40/264  loss=0.1086
  batch 50/264  loss=0.0913
  batch 60/264  loss=0.0998
  batch 70/264  loss=0.1222
  batch 80/264  loss=0.0497
  batch 90/264  loss=0.0538
  batch 100/264  loss=0.0886
  batch 110/264  loss=0.0789
  batch 120/264  loss=0.1063
  batch 130/264  loss=0.0990
  batch 140/264  loss=0.0720
  batch 150/264  loss=0.1113
  batch 160/264  loss=0.0630
  batch 170/264  loss=0.0672
  batch 180/264  loss=0.0871
  batch 190/264  loss=0.0898
  batch 200/264  loss=0.1291
  batch 210/264  loss=0.0605
  batch 220/264  loss=0.0520
  batch 230/264  loss=0.0694
  batch 240/264  loss=0.1089
  batch 250/264  loss=0.1650
  batch 260/264  loss=0.1517
Epoch 223/300  train=9.433e-02  rmse=1.9158  lr=1.0e-04  228s
  batch 10/264  loss=0.0903
  batch 20/264  loss=0.0916
  batch 30/264  loss=0.0783
  batch 40/264  loss=0.0686
  batch 50/264  loss=0.1055
  batch 60/264  loss=0.0604
  batch 70/264  loss=0.0437
  batch 80/264  loss=0.3388
  batch 90/264  loss=0.0752
  batch 100/264  loss=0.0742
  batch 110/264  loss=0.1684
  batch 120/264  loss=0.0920
  batch 130/264  loss=0.0619
  batch 140/264  loss=0.0907
  batch 150/264  loss=0.1794
  batch 160/264  loss=0.0678
  batch 170/264  loss=0.0969
  batch 180/264  loss=0.1391
  batch 190/264  loss=0.1139
  batch 200/264  loss=0.1380
  batch 210/264  loss=0.1345
  batch 220/264  loss=0.1127
  batch 230/264  loss=0.1049
  batch 240/264  loss=0.0770
  batch 250/264  loss=0.0858
  batch 260/264  loss=0.0818
Epoch 224/300  train=9.561e-02  rmse=1.8039  lr=1.0e-04  228s
  batch 10/264  loss=0.0459
  batch 20/264  loss=0.0705
  batch 30/264  loss=0.1703
  batch 40/264  loss=0.0567
  batch 50/264  loss=0.0828
  batch 60/264  loss=0.0837
  batch 70/264  loss=0.0469
  batch 80/264  loss=0.0924
  batch 90/264  loss=0.0955
  batch 100/264  loss=0.0530
  batch 110/264  loss=0.4108
  batch 120/264  loss=0.0797
  batch 130/264  loss=0.0638
  batch 140/264  loss=0.0487
  batch 150/264  loss=0.1072
  batch 160/264  loss=0.0428
  batch 170/264  loss=0.1146
  batch 180/264  loss=0.0664
  batch 190/264  loss=0.0724
  batch 200/264  loss=0.0880
  batch 210/264  loss=0.1365
  batch 220/264  loss=0.0616
  batch 230/264  loss=0.0921
  batch 240/264  loss=0.1772
  batch 250/264  loss=0.0830
  batch 260/264  loss=0.2132
Epoch 225/300  train=9.414e-02  rmse=1.5759  lr=1.0e-04  228s
  -> best  monitor=9.414e-02
  batch 10/264  loss=0.0481
  batch 20/264  loss=0.0871
  batch 30/264  loss=0.0990
  batch 40/264  loss=0.0988
  batch 50/264  loss=0.0724
  batch 60/264  loss=0.1095
  batch 70/264  loss=0.0605
  batch 80/264  loss=0.1183
  batch 90/264  loss=0.0777
  batch 100/264  loss=0.0534
  batch 110/264  loss=0.0888
  batch 120/264  loss=0.0880
  batch 130/264  loss=0.1511
  batch 140/264  loss=0.1457
  batch 150/264  loss=0.0687
  batch 160/264  loss=0.2252
  batch 170/264  loss=0.1349
  batch 180/264  loss=0.1135
  batch 190/264  loss=0.0637
  batch 200/264  loss=0.0661
  batch 210/264  loss=0.1098
  batch 220/264  loss=0.0466
  batch 230/264  loss=0.0859
  batch 240/264  loss=0.0385
  batch 250/264  loss=0.1025
  batch 260/264  loss=0.0585
Epoch 226/300  train=9.329e-02  rmse=2.7551  lr=1.0e-04  228s
  -> best  monitor=9.329e-02
  batch 10/264  loss=0.0874
  batch 20/264  loss=0.1804
  batch 30/264  loss=0.1611
  batch 40/264  loss=0.1270
  batch 50/264  loss=0.0829
  batch 60/264  loss=0.0594
  batch 70/264  loss=0.1066
  batch 80/264  loss=0.1413
  batch 90/264  loss=0.0604
  batch 100/264  loss=0.0568
  batch 110/264  loss=0.1332
  batch 120/264  loss=0.0632
  batch 130/264  loss=0.0546
  batch 140/264  loss=0.1024
  batch 150/264  loss=0.1732
  batch 160/264  loss=0.0511
  batch 170/264  loss=0.0568
  batch 180/264  loss=0.0951
  batch 190/264  loss=0.0776
  batch 200/264  loss=0.1096
  batch 210/264  loss=0.0924
  batch 220/264  loss=0.0854
  batch 230/264  loss=0.0927
  batch 240/264  loss=0.0776
  batch 250/264  loss=0.0681
  batch 260/264  loss=0.1509
Epoch 227/300  train=9.323e-02  rmse=3.1089  lr=1.0e-04  229s
  -> best  monitor=9.323e-02
  batch 10/264  loss=0.0534
  batch 20/264  loss=0.0637
  batch 30/264  loss=0.1791
  batch 40/264  loss=0.0666
  batch 50/264  loss=0.0993
  batch 60/264  loss=0.1625
  batch 70/264  loss=0.0967
  batch 80/264  loss=0.0785
  batch 90/264  loss=0.1016
  batch 100/264  loss=0.0614
  batch 110/264  loss=0.0938
  batch 120/264  loss=0.0766
  batch 130/264  loss=0.0692
  batch 140/264  loss=0.1111
  batch 150/264  loss=0.0542
  batch 160/264  loss=0.2320
  batch 170/264  loss=0.0843
  batch 180/264  loss=0.0618
  batch 190/264  loss=0.1247
  batch 200/264  loss=0.0939
  batch 210/264  loss=0.0800
  batch 220/264  loss=0.0907
  batch 230/264  loss=0.0602
  batch 240/264  loss=0.0825
  batch 250/264  loss=0.0377
  batch 260/264  loss=0.2710
Epoch 228/300  train=9.459e-02  rmse=2.0823  lr=1.0e-04  230s
  batch 10/264  loss=0.0737
  batch 20/264  loss=0.1093
  batch 30/264  loss=0.0619
  batch 40/264  loss=0.0777
  batch 50/264  loss=0.0817
  batch 60/264  loss=0.0877
  batch 70/264  loss=0.1059
  batch 80/264  loss=0.1017
  batch 90/264  loss=0.1163
  batch 100/264  loss=0.0550
  batch 110/264  loss=0.1250
  batch 120/264  loss=0.0498
  batch 130/264  loss=0.0765
  batch 140/264  loss=0.0796
  batch 150/264  loss=0.0617
  batch 160/264  loss=0.0546
  batch 170/264  loss=0.1823
  batch 180/264  loss=0.0888
  batch 190/264  loss=0.0675
  batch 200/264  loss=0.0975
  batch 210/264  loss=0.1422
  batch 220/264  loss=0.1315
  batch 230/264  loss=0.0708
  batch 240/264  loss=0.0991
  batch 250/264  loss=0.0640
  batch 260/264  loss=0.1101
Epoch 229/300  train=9.510e-02  rmse=1.6657  lr=1.0e-04  230s
  batch 10/264  loss=0.0586
  batch 20/264  loss=0.0827
  batch 30/264  loss=0.0763
  batch 40/264  loss=0.0859
  batch 50/264  loss=0.0403
  batch 60/264  loss=0.0505
  batch 70/264  loss=0.2054
  batch 80/264  loss=0.0482
  batch 90/264  loss=0.0677
  batch 100/264  loss=0.0698
  batch 110/264  loss=0.0914
  batch 120/264  loss=0.0611
  batch 130/264  loss=0.1052
  batch 140/264  loss=0.1024
  batch 150/264  loss=0.0713
  batch 160/264  loss=0.1434
  batch 170/264  loss=0.1402
  batch 180/264  loss=0.0623
  batch 190/264  loss=0.1072
  batch 200/264  loss=0.1064
  batch 210/264  loss=0.0939
  batch 220/264  loss=0.1499
  batch 230/264  loss=0.0580
  batch 240/264  loss=0.0835
  batch 250/264  loss=0.0661
  batch 260/264  loss=0.0937
Epoch 230/300  train=9.322e-02  rmse=3.8293  lr=1.0e-04  229s
  -> best  monitor=9.322e-02
  batch 10/264  loss=0.0492
  batch 20/264  loss=0.1022
  batch 30/264  loss=0.1316
  batch 40/264  loss=0.0655
  batch 50/264  loss=0.1460
  batch 60/264  loss=0.0691
  batch 70/264  loss=0.0780
  batch 80/264  loss=0.0579
  batch 90/264  loss=0.0693
  batch 100/264  loss=0.0643
  batch 110/264  loss=0.2252
  batch 120/264  loss=0.0653
  batch 130/264  loss=0.0910
  batch 140/264  loss=0.0538
  batch 150/264  loss=0.0729
  batch 160/264  loss=0.2965
  batch 170/264  loss=0.1437
  batch 180/264  loss=0.0648
  batch 190/264  loss=0.1025
  batch 200/264  loss=0.1072
  batch 210/264  loss=0.0508
  batch 220/264  loss=0.0788
  batch 230/264  loss=0.2059
  batch 240/264  loss=0.0623
  batch 250/264  loss=0.0570
  batch 260/264  loss=0.0526
Epoch 231/300  train=9.340e-02  rmse=2.2990  lr=1.0e-04  228s
  batch 10/264  loss=0.0596
  batch 20/264  loss=0.0861
  batch 30/264  loss=0.0836
  batch 40/264  loss=0.0732
  batch 50/264  loss=0.0506
  batch 60/264  loss=0.1189
  batch 70/264  loss=0.1002
  batch 80/264  loss=0.1202
  batch 90/264  loss=0.0556
  batch 100/264  loss=0.1656
  batch 110/264  loss=0.0745
  batch 120/264  loss=0.0547
  batch 130/264  loss=0.1275
  batch 140/264  loss=0.0552
  batch 150/264  loss=0.0715
  batch 160/264  loss=0.0504
  batch 170/264  loss=0.0616
  batch 180/264  loss=0.2357
  batch 190/264  loss=0.1619
  batch 200/264  loss=0.0932
  batch 210/264  loss=0.0912
  batch 220/264  loss=0.0863
  batch 230/264  loss=0.2039
  batch 240/264  loss=0.1082
  batch 250/264  loss=0.1485
  batch 260/264  loss=0.1735
Epoch 232/300  train=9.447e-02  rmse=2.6507  lr=1.0e-04  228s
  batch 10/264  loss=0.0539
  batch 20/264  loss=0.0665
  batch 30/264  loss=0.0716
  batch 40/264  loss=0.2006
  batch 50/264  loss=0.1073
  batch 60/264  loss=0.0859
  batch 70/264  loss=0.1039
  batch 80/264  loss=0.0546
  batch 90/264  loss=0.0496
  batch 100/264  loss=0.0567
  batch 110/264  loss=0.0472
  batch 120/264  loss=0.1048
  batch 130/264  loss=0.2620
  batch 140/264  loss=0.0702
  batch 150/264  loss=0.0541
  batch 160/264  loss=0.1141
  batch 170/264  loss=0.2284
  batch 180/264  loss=0.0860
  batch 190/264  loss=0.1689
  batch 200/264  loss=0.1532
  batch 210/264  loss=0.0669
  batch 220/264  loss=0.0611
  batch 230/264  loss=0.1261
  batch 240/264  loss=0.0991
  batch 250/264  loss=0.1373
  batch 260/264  loss=0.2232
Epoch 233/300  train=9.413e-02  rmse=1.9672  lr=1.0e-04  227s
  batch 10/264  loss=0.0949
  batch 20/264  loss=0.0546
  batch 30/264  loss=0.0729
  batch 40/264  loss=0.0561
  batch 50/264  loss=0.0709
  batch 60/264  loss=0.1369
  batch 70/264  loss=0.1271
  batch 80/264  loss=0.0631
  batch 90/264  loss=0.0977
  batch 100/264  loss=0.0564
  batch 110/264  loss=0.1186
  batch 120/264  loss=0.0609
  batch 130/264  loss=0.0763
  batch 140/264  loss=0.0590
  batch 150/264  loss=0.0835
  batch 160/264  loss=0.2026
  batch 170/264  loss=0.0701
  batch 180/264  loss=0.1377
  batch 190/264  loss=0.0647
  batch 200/264  loss=0.1209
  batch 210/264  loss=0.0746
  batch 220/264  loss=0.0725
  batch 230/264  loss=0.0471
  batch 240/264  loss=0.0914
  batch 250/264  loss=0.0440
  batch 260/264  loss=0.0659
Epoch 234/300  train=9.281e-02  rmse=1.9290  lr=1.0e-04  228s
  -> best  monitor=9.281e-02
  batch 10/264  loss=0.0899
  batch 20/264  loss=0.0851
  batch 30/264  loss=0.0955
  batch 40/264  loss=0.1417
  batch 50/264  loss=0.0874
  batch 60/264  loss=0.0467
  batch 70/264  loss=0.1444
  batch 80/264  loss=0.0583
  batch 90/264  loss=0.2308
  batch 100/264  loss=0.0838
  batch 110/264  loss=0.0652
  batch 120/264  loss=0.0985
  batch 130/264  loss=0.0861
  batch 140/264  loss=0.1238
  batch 150/264  loss=0.0842
  batch 160/264  loss=0.0741
  batch 170/264  loss=0.1529
  batch 180/264  loss=0.0771
  batch 190/264  loss=0.0643
  batch 200/264  loss=0.0569
  batch 210/264  loss=0.1561
  batch 220/264  loss=0.0984
  batch 230/264  loss=0.0564
  batch 240/264  loss=0.1325
  batch 250/264  loss=0.0839
  batch 260/264  loss=0.0566
Epoch 235/300  train=9.401e-02  rmse=1.7934  lr=1.0e-04  227s
  batch 10/264  loss=0.0511
  batch 20/264  loss=0.0521
  batch 30/264  loss=0.1418
  batch 40/264  loss=0.0633
  batch 50/264  loss=0.1038
  batch 60/264  loss=0.0623
  batch 70/264  loss=0.0861
  batch 80/264  loss=0.1676
  batch 90/264  loss=0.0600
  batch 100/264  loss=0.0601
  batch 110/264  loss=0.0776
  batch 120/264  loss=0.1597
  batch 130/264  loss=0.2368
  batch 140/264  loss=0.0512
  batch 150/264  loss=0.1523
  batch 160/264  loss=0.0927
  batch 170/264  loss=0.0583
  batch 180/264  loss=0.0639
  batch 190/264  loss=0.2559
  batch 200/264  loss=0.0929
  batch 210/264  loss=0.1440
  batch 220/264  loss=0.0535
  batch 230/264  loss=0.0558
  batch 240/264  loss=0.1429
  batch 250/264  loss=0.0738
  batch 260/264  loss=0.0663
Epoch 236/300  train=9.214e-02  rmse=1.6821  lr=1.0e-04  227s
  -> best  monitor=9.214e-02
  batch 10/264  loss=0.2351
  batch 20/264  loss=0.0897
  batch 30/264  loss=0.0858
  batch 40/264  loss=0.0849
  batch 50/264  loss=0.0904
  batch 60/264  loss=0.0559
  batch 70/264  loss=0.2340
  batch 80/264  loss=0.0743
  batch 90/264  loss=0.1384
  batch 100/264  loss=0.0580
  batch 110/264  loss=0.0686
  batch 120/264  loss=0.0833
  batch 130/264  loss=0.0846
  batch 140/264  loss=0.0948
  batch 150/264  loss=0.1284
  batch 160/264  loss=0.0812
  batch 170/264  loss=0.1117
  batch 180/264  loss=0.1054
  batch 190/264  loss=0.0852
  batch 200/264  loss=0.0624
  batch 210/264  loss=0.0751
  batch 220/264  loss=0.0706
  batch 230/264  loss=0.0991
  batch 240/264  loss=0.0786
  batch 250/264  loss=0.0459
  batch 260/264  loss=0.0563
Epoch 237/300  train=9.307e-02  rmse=2.4226  lr=1.0e-04  229s
  batch 10/264  loss=0.0733
  batch 20/264  loss=0.0526
  batch 30/264  loss=0.0705
  batch 40/264  loss=0.1127
  batch 50/264  loss=0.0693
  batch 60/264  loss=0.0639
  batch 70/264  loss=0.0962
  batch 80/264  loss=0.0977
  batch 90/264  loss=0.0588
  batch 100/264  loss=0.1289
  batch 110/264  loss=0.1296
  batch 120/264  loss=0.0881
  batch 130/264  loss=0.0671
  batch 140/264  loss=0.0862
  batch 150/264  loss=0.0703
  batch 160/264  loss=0.0948
  batch 170/264  loss=0.1363
  batch 180/264  loss=0.0548
  batch 190/264  loss=0.0731
  batch 200/264  loss=0.0475
  batch 210/264  loss=0.1373
  batch 220/264  loss=0.0634
  batch 230/264  loss=0.0989
  batch 240/264  loss=0.0671
  batch 250/264  loss=0.0646
  batch 260/264  loss=0.0902
Epoch 238/300  train=9.117e-02  rmse=2.0218  lr=1.0e-04  229s
  -> best  monitor=9.117e-02
  batch 10/264  loss=0.0788
  batch 20/264  loss=0.0704
  batch 30/264  loss=0.1302
  batch 40/264  loss=0.0667
  batch 50/264  loss=0.0559
  batch 60/264  loss=0.1194
  batch 70/264  loss=0.0406
  batch 80/264  loss=0.0675
  batch 90/264  loss=0.0819
  batch 100/264  loss=0.0975
  batch 110/264  loss=0.1158
  batch 120/264  loss=0.0588
  batch 130/264  loss=0.1766
  batch 140/264  loss=0.1222
  batch 150/264  loss=0.0751
  batch 160/264  loss=0.0639
  batch 170/264  loss=0.0837
  batch 180/264  loss=0.0550
  batch 190/264  loss=0.1675
  batch 200/264  loss=0.0772
  batch 210/264  loss=0.1233
  batch 220/264  loss=0.0496
  batch 230/264  loss=0.2146
  batch 240/264  loss=0.0712
  batch 250/264  loss=0.2835
  batch 260/264  loss=0.1698
Epoch 239/300  train=9.463e-02  rmse=1.6245  lr=1.0e-04  229s
  batch 10/264  loss=0.0770
  batch 20/264  loss=0.0600
  batch 30/264  loss=0.1001
  batch 40/264  loss=0.1213
  batch 50/264  loss=0.0456
  batch 60/264  loss=0.0748
  batch 70/264  loss=0.0654
  batch 80/264  loss=0.1654
  batch 90/264  loss=0.0630
  batch 100/264  loss=0.1089
  batch 110/264  loss=0.0634
  batch 120/264  loss=0.0511
  batch 130/264  loss=0.0950
  batch 140/264  loss=0.0641
  batch 150/264  loss=0.0600
  batch 160/264  loss=0.0768
  batch 170/264  loss=0.0676
  batch 180/264  loss=0.0794
  batch 190/264  loss=0.0857
  batch 200/264  loss=0.0816
  batch 210/264  loss=0.0693
  batch 220/264  loss=0.0806
  batch 230/264  loss=0.0582
  batch 240/264  loss=0.1209
  batch 250/264  loss=0.0700
  batch 260/264  loss=0.1907
Epoch 240/300  train=9.208e-02  rmse=2.0273  lr=1.0e-04  229s
  batch 10/264  loss=0.0634
  batch 20/264  loss=0.0669
  batch 30/264  loss=0.0906
  batch 40/264  loss=0.0945
  batch 50/264  loss=0.0651
  batch 60/264  loss=0.0687
  batch 70/264  loss=0.0446
  batch 80/264  loss=0.0687
  batch 90/264  loss=0.0610
  batch 100/264  loss=0.0590
  batch 110/264  loss=0.0855
  batch 120/264  loss=0.0842
  batch 130/264  loss=0.1135
  batch 140/264  loss=0.0769
  batch 150/264  loss=0.1732
  batch 160/264  loss=0.0763
  batch 170/264  loss=0.0708
  batch 180/264  loss=0.1621
  batch 190/264  loss=0.0553
  batch 200/264  loss=0.0621
  batch 210/264  loss=0.0568
  batch 220/264  loss=0.1443
  batch 230/264  loss=0.0825
  batch 240/264  loss=0.0642
  batch 250/264  loss=0.1295
  batch 260/264  loss=0.1228
Epoch 241/300  train=9.162e-02  rmse=2.2567  lr=1.0e-04  228s
  batch 10/264  loss=0.0524
  batch 20/264  loss=0.0453
  batch 30/264  loss=0.0944
  batch 40/264  loss=0.1019
  batch 50/264  loss=0.0586
  batch 60/264  loss=0.0585
  batch 70/264  loss=0.1087
  batch 80/264  loss=0.0792
  batch 90/264  loss=0.0730
  batch 100/264  loss=0.0830
  batch 110/264  loss=0.0636
  batch 120/264  loss=0.0899
  batch 130/264  loss=0.0573
  batch 140/264  loss=0.0639
  batch 150/264  loss=0.1128
  batch 160/264  loss=0.0780
  batch 170/264  loss=0.1354
  batch 180/264  loss=0.0997
  batch 190/264  loss=0.1005
  batch 200/264  loss=0.0493
  batch 210/264  loss=0.0596
  batch 220/264  loss=0.0456
  batch 230/264  loss=0.1821
  batch 240/264  loss=0.0734
  batch 250/264  loss=0.1015
  batch 260/264  loss=0.0433
Epoch 242/300  train=9.519e-02  rmse=1.9868  lr=1.0e-04  229s
  batch 10/264  loss=0.0647
  batch 20/264  loss=0.0848
  batch 30/264  loss=0.0766
  batch 40/264  loss=0.0570
  batch 50/264  loss=0.0907
  batch 60/264  loss=0.0867
  batch 70/264  loss=0.0763
  batch 80/264  loss=0.1642
  batch 90/264  loss=0.0592
  batch 100/264  loss=0.2231
  batch 110/264  loss=0.2192
  batch 120/264  loss=0.1815
  batch 130/264  loss=0.0948
  batch 140/264  loss=0.0508
  batch 150/264  loss=0.0623
  batch 160/264  loss=0.1000
  batch 170/264  loss=0.0673
  batch 180/264  loss=0.1184
  batch 190/264  loss=0.0815
  batch 200/264  loss=0.0761
  batch 210/264  loss=0.0633
  batch 220/264  loss=0.0969
  batch 230/264  loss=0.0873
  batch 240/264  loss=0.1032
  batch 250/264  loss=0.1520
  batch 260/264  loss=0.0962
Epoch 243/300  train=9.261e-02  rmse=1.6358  lr=1.0e-04  228s
  batch 10/264  loss=0.1009
  batch 20/264  loss=0.1420
  batch 30/264  loss=0.0951
  batch 40/264  loss=0.0758
  batch 50/264  loss=0.1059
  batch 60/264  loss=0.2581
  batch 70/264  loss=0.1031
  batch 80/264  loss=0.0843
  batch 90/264  loss=0.0609
  batch 100/264  loss=0.0872
  batch 110/264  loss=0.0644
  batch 120/264  loss=0.0614
  batch 130/264  loss=0.1124
  batch 140/264  loss=0.0799
  batch 150/264  loss=0.0988
  batch 160/264  loss=0.1992
  batch 170/264  loss=0.1220
  batch 180/264  loss=0.0758
  batch 190/264  loss=0.0716
  batch 200/264  loss=0.1364
  batch 210/264  loss=0.0490
  batch 220/264  loss=0.0505
  batch 230/264  loss=0.0999
  batch 240/264  loss=0.0604
  batch 250/264  loss=0.0917
  batch 260/264  loss=0.1046
Epoch 244/300  train=9.107e-02  rmse=2.2378  lr=1.0e-04  228s
  -> best  monitor=9.107e-02
  batch 10/264  loss=0.0561
  batch 20/264  loss=0.0740
  batch 30/264  loss=0.1027
  batch 40/264  loss=0.0743
  batch 50/264  loss=0.0673
  batch 60/264  loss=0.0601
  batch 70/264  loss=0.0821
  batch 80/264  loss=0.0930
  batch 90/264  loss=0.1061
  batch 100/264  loss=0.2266
  batch 110/264  loss=0.1863
  batch 120/264  loss=0.1514
  batch 130/264  loss=0.0561
  batch 140/264  loss=0.0563
  batch 150/264  loss=0.0707
  batch 160/264  loss=0.0570
  batch 170/264  loss=0.1115
  batch 180/264  loss=0.0655
  batch 190/264  loss=0.0550
  batch 200/264  loss=0.0458
  batch 210/264  loss=0.0572
  batch 220/264  loss=0.1005
  batch 230/264  loss=0.0697
  batch 240/264  loss=0.0722
  batch 250/264  loss=0.2167
  batch 260/264  loss=0.0459
Epoch 245/300  train=9.146e-02  rmse=8.3911  lr=1.0e-04  229s
  batch 10/264  loss=0.0762
  batch 20/264  loss=0.0753
  batch 30/264  loss=0.0830
  batch 40/264  loss=0.0654
  batch 50/264  loss=0.1243
  batch 60/264  loss=0.0610
  batch 70/264  loss=0.0428
  batch 80/264  loss=0.0687
  batch 90/264  loss=0.1629
  batch 100/264  loss=0.0822
  batch 110/264  loss=0.0684
  batch 120/264  loss=0.0703
  batch 130/264  loss=0.0690
  batch 140/264  loss=0.0632
  batch 150/264  loss=0.0602
  batch 160/264  loss=0.0522
  batch 170/264  loss=0.0681
  batch 180/264  loss=0.2000
  batch 190/264  loss=0.0386
  batch 200/264  loss=0.1908
  batch 210/264  loss=0.0932
  batch 220/264  loss=0.0804
  batch 230/264  loss=0.0696
  batch 240/264  loss=0.0933
  batch 250/264  loss=0.2133
  batch 260/264  loss=0.1368
Epoch 246/300  train=9.047e-02  rmse=1.7413  lr=1.0e-04  228s
  -> best  monitor=9.047e-02
  batch 10/264  loss=0.0687
  batch 20/264  loss=0.0897
  batch 30/264  loss=0.0933
  batch 40/264  loss=0.0780
  batch 50/264  loss=0.0724
  batch 60/264  loss=0.0642
  batch 70/264  loss=0.0708
  batch 80/264  loss=0.0963
  batch 90/264  loss=0.1480
  batch 100/264  loss=0.0626
  batch 110/264  loss=0.0451
  batch 120/264  loss=0.0559
  batch 130/264  loss=0.0797
  batch 140/264  loss=0.0648
  batch 150/264  loss=0.2624
  batch 160/264  loss=0.1260
  batch 170/264  loss=0.0919
  batch 180/264  loss=0.0899
  batch 190/264  loss=0.1171
  batch 200/264  loss=0.0579
  batch 210/264  loss=0.0621
  batch 220/264  loss=0.1131
  batch 230/264  loss=0.0934
  batch 240/264  loss=0.0555
  batch 250/264  loss=0.0553
  batch 260/264  loss=0.1162
Epoch 247/300  train=9.190e-02  rmse=1.5792  lr=1.0e-04  228s
  batch 10/264  loss=0.1117
  batch 20/264  loss=0.0976
  batch 30/264  loss=0.0700
  batch 40/264  loss=0.0891
  batch 50/264  loss=0.0560
  batch 60/264  loss=0.0814
  batch 70/264  loss=0.1055
  batch 80/264  loss=0.0802
  batch 90/264  loss=0.0620
  batch 100/264  loss=0.0931
  batch 110/264  loss=0.0698
  batch 120/264  loss=0.0618
  batch 130/264  loss=0.0731
  batch 140/264  loss=0.0593
  batch 150/264  loss=0.1016
  batch 160/264  loss=0.0650
  batch 170/264  loss=0.0983
  batch 180/264  loss=0.0814
  batch 190/264  loss=0.0583
  batch 200/264  loss=0.0724
  batch 210/264  loss=0.0934
  batch 220/264  loss=0.0996
  batch 230/264  loss=0.0573
  batch 240/264  loss=0.0659
  batch 250/264  loss=0.1476
  batch 260/264  loss=0.2177
Epoch 248/300  train=9.311e-02  rmse=1.8053  lr=1.0e-04  228s
  batch 10/264  loss=0.0759
  batch 20/264  loss=0.1662
  batch 30/264  loss=0.0665
  batch 40/264  loss=0.0611
  batch 50/264  loss=0.0723
  batch 60/264  loss=0.0635
  batch 70/264  loss=0.0580
  batch 80/264  loss=0.0883
  batch 90/264  loss=0.1192
  batch 100/264  loss=0.0712
  batch 110/264  loss=0.1624
  batch 120/264  loss=0.1622
  batch 130/264  loss=0.0770
  batch 140/264  loss=0.0716
  batch 150/264  loss=0.1002
  batch 160/264  loss=0.0668
  batch 170/264  loss=0.0658
  batch 180/264  loss=0.1345
  batch 190/264  loss=0.0450
  batch 200/264  loss=0.4077
  batch 210/264  loss=0.0991
  batch 220/264  loss=0.0577
  batch 230/264  loss=0.1158
  batch 240/264  loss=0.0922
  batch 250/264  loss=0.0912
  batch 260/264  loss=0.0664
Epoch 249/300  train=9.162e-02  rmse=2.7663  lr=1.0e-04  226s
  batch 10/264  loss=0.0907
  batch 20/264  loss=0.1996
  batch 30/264  loss=0.0773
  batch 40/264  loss=0.0745
  batch 50/264  loss=0.1270
  batch 60/264  loss=0.0861
  batch 70/264  loss=0.1061
  batch 80/264  loss=0.1233
  batch 90/264  loss=0.1173
  batch 100/264  loss=0.0982
  batch 110/264  loss=0.0668
  batch 120/264  loss=0.1683
  batch 130/264  loss=0.0667
  batch 140/264  loss=0.1167
  batch 150/264  loss=0.0554
  batch 160/264  loss=0.1423
  batch 170/264  loss=0.0566
  batch 180/264  loss=0.0906
  batch 190/264  loss=0.1488
  batch 200/264  loss=0.0745
  batch 210/264  loss=0.0966
  batch 220/264  loss=0.1344
  batch 230/264  loss=0.1380
  batch 240/264  loss=0.0784
  batch 250/264  loss=0.0852
  batch 260/264  loss=0.0549
Epoch 250/300  train=9.087e-02  rmse=1.8445  lr=1.0e-04  226s
  batch 10/264  loss=0.0551
  batch 20/264  loss=0.0670
  batch 30/264  loss=0.0549
  batch 40/264  loss=0.0852
  batch 50/264  loss=0.0583
  batch 60/264  loss=0.0915
  batch 70/264  loss=0.1220
  batch 80/264  loss=0.0993
  batch 90/264  loss=0.1088
  batch 100/264  loss=0.0872
  batch 110/264  loss=0.1301
  batch 120/264  loss=0.1317
  batch 130/264  loss=0.1172
  batch 140/264  loss=0.0517
  batch 150/264  loss=0.1073
  batch 160/264  loss=0.0702
  batch 170/264  loss=0.1476
  batch 180/264  loss=0.1350
  batch 190/264  loss=0.0775
  batch 200/264  loss=0.0707
  batch 210/264  loss=0.0859
  batch 220/264  loss=0.0626
  batch 230/264  loss=0.1474
  batch 240/264  loss=0.2290
  batch 250/264  loss=0.1071
  batch 260/264  loss=0.0960
Epoch 251/300  train=9.139e-02  rmse=1.6432  lr=1.0e-04  227s
  batch 10/264  loss=0.1269
  batch 20/264  loss=0.1912
  batch 30/264  loss=0.0660
  batch 40/264  loss=0.0571
  batch 50/264  loss=0.0761
  batch 60/264  loss=0.3045
  batch 70/264  loss=0.0623
  batch 80/264  loss=0.0592
  batch 90/264  loss=0.1022
  batch 100/264  loss=0.0857
  batch 110/264  loss=0.1434
  batch 120/264  loss=0.0798
  batch 130/264  loss=0.0703
  batch 140/264  loss=0.0592
  batch 150/264  loss=0.0506
  batch 160/264  loss=0.0666
  batch 170/264  loss=0.0616
  batch 180/264  loss=0.0564
  batch 190/264  loss=0.0833
  batch 200/264  loss=0.0604
  batch 210/264  loss=0.0838
  batch 220/264  loss=0.0494
  batch 230/264  loss=0.0667
  batch 240/264  loss=0.0676
  batch 250/264  loss=0.0680
  batch 260/264  loss=0.0464
Epoch 252/300  train=9.060e-02  rmse=1.9480  lr=1.0e-04  228s
  batch 10/264  loss=0.1309
  batch 20/264  loss=0.0575
  batch 30/264  loss=0.0587
  batch 40/264  loss=0.0427
  batch 50/264  loss=0.0537
  batch 60/264  loss=0.0736
  batch 70/264  loss=0.0673
  batch 80/264  loss=0.1136
  batch 90/264  loss=0.1362
  batch 100/264  loss=0.0514
  batch 110/264  loss=0.0694
  batch 120/264  loss=0.1014
  batch 130/264  loss=0.2494
  batch 140/264  loss=0.1003
  batch 150/264  loss=0.1152
  batch 160/264  loss=0.1255
  batch 170/264  loss=0.0613
  batch 180/264  loss=0.0756
  batch 190/264  loss=0.0650
  batch 200/264  loss=0.0631
  batch 210/264  loss=0.1674
  batch 220/264  loss=0.0485
  batch 230/264  loss=0.0715
  batch 240/264  loss=0.0550
  batch 250/264  loss=0.1007
  batch 260/264  loss=0.0794
Epoch 253/300  train=9.103e-02  rmse=1.8877  lr=1.0e-04  228s
  batch 10/264  loss=0.1527
  batch 20/264  loss=0.0802
  batch 30/264  loss=0.0386
  batch 40/264  loss=0.0853
  batch 50/264  loss=0.0332
  batch 60/264  loss=0.0565
  batch 70/264  loss=0.1745
  batch 80/264  loss=0.0648
  batch 90/264  loss=0.1161
  batch 100/264  loss=0.1274
  batch 110/264  loss=0.0774
  batch 120/264  loss=0.3826
  batch 130/264  loss=0.0923
  batch 140/264  loss=0.0763
  batch 150/264  loss=0.1159
  batch 160/264  loss=0.0813
  batch 170/264  loss=0.0685
  batch 180/264  loss=0.0460
  batch 190/264  loss=0.0677
  batch 200/264  loss=0.0618
  batch 210/264  loss=0.0538
  batch 220/264  loss=0.0791
  batch 230/264  loss=0.0831
  batch 240/264  loss=0.0947
  batch 250/264  loss=0.0937
  batch 260/264  loss=0.0748
Epoch 254/300  train=9.234e-02  rmse=2.1496  lr=1.0e-04  229s
  batch 10/264  loss=0.1278
  batch 20/264  loss=0.0656
  batch 30/264  loss=0.0644
  batch 40/264  loss=0.0823
  batch 50/264  loss=0.1170
  batch 60/264  loss=0.2242
  batch 70/264  loss=0.2251
  batch 80/264  loss=0.0792
  batch 90/264  loss=0.1196
  batch 100/264  loss=0.0651
  batch 110/264  loss=0.1129
  batch 120/264  loss=0.1277
  batch 130/264  loss=0.0569
  batch 140/264  loss=0.0857
  batch 150/264  loss=0.1143
  batch 160/264  loss=0.0633
  batch 170/264  loss=0.0555
  batch 180/264  loss=0.0815
  batch 190/264  loss=0.1255
  batch 200/264  loss=0.0844
  batch 210/264  loss=0.0648
  batch 220/264  loss=0.0938
  batch 230/264  loss=0.0902
  batch 240/264  loss=0.1475
  batch 250/264  loss=0.1107
  batch 260/264  loss=0.0583
Epoch 255/300  train=9.143e-02  rmse=5.9390  lr=1.0e-04  229s
  batch 10/264  loss=0.0802
  batch 20/264  loss=0.1205
  batch 30/264  loss=0.0532
  batch 40/264  loss=0.0560
  batch 50/264  loss=0.0707
  batch 60/264  loss=0.0549
  batch 70/264  loss=0.1901
  batch 80/264  loss=0.0687
  batch 90/264  loss=0.0621
  batch 100/264  loss=0.0675
  batch 110/264  loss=0.0880
  batch 120/264  loss=0.0623
  batch 130/264  loss=0.0528
  batch 140/264  loss=0.0887
  batch 150/264  loss=0.0686
  batch 160/264  loss=0.0662
  batch 170/264  loss=0.0536
  batch 180/264  loss=0.0647
  batch 190/264  loss=0.0865
  batch 200/264  loss=0.0983
  batch 210/264  loss=0.2007
  batch 220/264  loss=0.2328
  batch 230/264  loss=0.0568
  batch 240/264  loss=0.1357
  batch 250/264  loss=0.0650
  batch 260/264  loss=0.0628
Epoch 256/300  train=8.912e-02  rmse=1.9455  lr=1.0e-04  230s
  -> best  monitor=8.912e-02
  batch 10/264  loss=0.1060
  batch 20/264  loss=0.0913
  batch 30/264  loss=0.1122
  batch 40/264  loss=0.1212
  batch 50/264  loss=0.0856
  batch 60/264  loss=0.0511
  batch 70/264  loss=0.0654
  batch 80/264  loss=0.0485
  batch 90/264  loss=0.0616
  batch 100/264  loss=0.1039
  batch 110/264  loss=0.0518
  batch 120/264  loss=0.0553
  batch 130/264  loss=0.0540
  batch 140/264  loss=0.1172
  batch 150/264  loss=0.1088
  batch 160/264  loss=0.0743
  batch 170/264  loss=0.0484
  batch 180/264  loss=0.0622
  batch 190/264  loss=0.0930
  batch 200/264  loss=0.0884
  batch 210/264  loss=0.0556
  batch 220/264  loss=0.0571
  batch 230/264  loss=0.0812
  batch 240/264  loss=0.0506
  batch 250/264  loss=0.0477
  batch 260/264  loss=0.1940
Epoch 257/300  train=8.783e-02  rmse=2.1796  lr=1.0e-04  228s
  -> best  monitor=8.783e-02
  batch 10/264  loss=0.2435
  batch 20/264  loss=0.0698
  batch 30/264  loss=0.0432
  batch 40/264  loss=0.0455
  batch 50/264  loss=0.0602
  batch 60/264  loss=0.0542
  batch 70/264  loss=0.0468
  batch 80/264  loss=0.0518
  batch 90/264  loss=0.0935
  batch 100/264  loss=0.1078
  batch 110/264  loss=0.0535
  batch 120/264  loss=0.0859
  batch 130/264  loss=0.0544
  batch 140/264  loss=0.0512
  batch 150/264  loss=0.1133
  batch 160/264  loss=0.0726
  batch 170/264  loss=0.0694
  batch 180/264  loss=0.0763
  batch 190/264  loss=0.0523
  batch 200/264  loss=0.0491
  batch 210/264  loss=0.0876
  batch 220/264  loss=0.0899
  batch 230/264  loss=0.0611
  batch 240/264  loss=0.0708
  batch 250/264  loss=0.1450
  batch 260/264  loss=0.1249
Epoch 258/300  train=9.052e-02  rmse=1.9415  lr=1.0e-04  229s
  batch 10/264  loss=0.0517
  batch 20/264  loss=0.0837
  batch 30/264  loss=0.0602
  batch 40/264  loss=0.0856
  batch 50/264  loss=0.0677
  batch 60/264  loss=0.0831
  batch 70/264  loss=0.0799
  batch 80/264  loss=0.0492
  batch 90/264  loss=0.1350
  batch 100/264  loss=0.0932
  batch 110/264  loss=0.0769
  batch 120/264  loss=0.0474
  batch 130/264  loss=0.0601
  batch 140/264  loss=0.0799
  batch 150/264  loss=0.0585
  batch 160/264  loss=0.1744
  batch 170/264  loss=0.0956
  batch 180/264  loss=0.0568
  batch 190/264  loss=0.0881
  batch 200/264  loss=0.0709
  batch 210/264  loss=0.0642
  batch 220/264  loss=0.0592
  batch 230/264  loss=0.0809
  batch 240/264  loss=0.0673
  batch 250/264  loss=0.0450
  batch 260/264  loss=0.0644
Epoch 259/300  train=8.826e-02  rmse=1.6311  lr=1.0e-04  228s
  batch 10/264  loss=0.0628
  batch 20/264  loss=0.0972
  batch 30/264  loss=0.0614
  batch 40/264  loss=0.0622
  batch 50/264  loss=0.0593
  batch 60/264  loss=0.1995
  batch 70/264  loss=0.0633
  batch 80/264  loss=0.0431
  batch 90/264  loss=0.0763
  batch 100/264  loss=0.0844
  batch 110/264  loss=0.0730
  batch 120/264  loss=0.0814
  batch 130/264  loss=0.0553
  batch 140/264  loss=0.0881
  batch 150/264  loss=0.0586
  batch 160/264  loss=0.0760
  batch 170/264  loss=0.0599
  batch 180/264  loss=0.0874
  batch 190/264  loss=0.0539
  batch 200/264  loss=0.1016
  batch 210/264  loss=0.0714
  batch 220/264  loss=0.1059
  batch 230/264  loss=0.2279
  batch 240/264  loss=0.1003
  batch 250/264  loss=0.0907
  batch 260/264  loss=0.0602
Epoch 260/300  train=8.917e-02  rmse=1.6566  lr=1.0e-04  229s
  batch 10/264  loss=0.0936
  batch 20/264  loss=0.0787
  batch 30/264  loss=0.0485
  batch 40/264  loss=0.0675
  batch 50/264  loss=0.0836
  batch 60/264  loss=0.0471
  batch 70/264  loss=0.0766
  batch 80/264  loss=0.0585
  batch 90/264  loss=0.0616
  batch 100/264  loss=0.0625
  batch 110/264  loss=0.0507
  batch 120/264  loss=0.1296
  batch 130/264  loss=0.0774
  batch 140/264  loss=0.0476
  batch 150/264  loss=0.0673
  batch 160/264  loss=0.1534
  batch 170/264  loss=0.2693
  batch 180/264  loss=0.0493
  batch 190/264  loss=0.0878
  batch 200/264  loss=0.0557
  batch 210/264  loss=0.0594
  batch 220/264  loss=0.0460
  batch 230/264  loss=0.1491
  batch 240/264  loss=0.0606
  batch 250/264  loss=0.0524
  batch 260/264  loss=0.0577
Epoch 261/300  train=9.220e-02  rmse=3.2286  lr=1.0e-04  229s
  batch 10/264  loss=0.1778
  batch 20/264  loss=0.1626
  batch 30/264  loss=0.0763
  batch 40/264  loss=0.0454
  batch 50/264  loss=0.0426
  batch 60/264  loss=0.0617
  batch 70/264  loss=0.1032
  batch 80/264  loss=0.0871
  batch 90/264  loss=0.1492
  batch 100/264  loss=0.0570
  batch 110/264  loss=0.0621
  batch 120/264  loss=0.1212
  batch 130/264  loss=0.0493
  batch 140/264  loss=0.0594
  batch 150/264  loss=0.1085
  batch 160/264  loss=0.1375
  batch 170/264  loss=0.0906
  batch 180/264  loss=0.0738
  batch 190/264  loss=0.0681
  batch 200/264  loss=0.1061
  batch 210/264  loss=0.0543
  batch 220/264  loss=0.0638
  batch 230/264  loss=0.1063
  batch 240/264  loss=0.1251
  batch 250/264  loss=0.0703
  batch 260/264  loss=0.0396
Epoch 262/300  train=8.874e-02  rmse=1.8581  lr=1.0e-04  228s
  batch 10/264  loss=0.0517
  batch 20/264  loss=0.0515
  batch 30/264  loss=0.1249
  batch 40/264  loss=0.1438
  batch 50/264  loss=0.0843
  batch 60/264  loss=0.0477
  batch 70/264  loss=0.0750
  batch 80/264  loss=0.0658
  batch 90/264  loss=0.0937
  batch 100/264  loss=0.0567
  batch 110/264  loss=0.0546
  batch 120/264  loss=0.0799
  batch 130/264  loss=0.1183
  batch 140/264  loss=0.0883
  batch 150/264  loss=0.1277
  batch 160/264  loss=0.1921
  batch 170/264  loss=0.0985
  batch 180/264  loss=0.1350
  batch 190/264  loss=0.0655
  batch 200/264  loss=0.0501
  batch 210/264  loss=0.1040
  batch 220/264  loss=0.0672
  batch 230/264  loss=0.0622
  batch 240/264  loss=0.1073
  batch 250/264  loss=0.0803
  batch 260/264  loss=0.0833
Epoch 263/300  train=8.959e-02  rmse=2.1017  lr=1.0e-04  228s
  batch 10/264  loss=0.0536
  batch 20/264  loss=0.0552
  batch 30/264  loss=0.0617
  batch 40/264  loss=0.0700
  batch 50/264  loss=0.0613
  batch 60/264  loss=0.0828
  batch 70/264  loss=0.1338
  batch 80/264  loss=0.1301
  batch 90/264  loss=0.0920
  batch 100/264  loss=0.0815
  batch 110/264  loss=0.0728
  batch 120/264  loss=0.1745
  batch 130/264  loss=0.1834
  batch 140/264  loss=0.0443
  batch 150/264  loss=0.0832
  batch 160/264  loss=0.0615
  batch 170/264  loss=0.0935
  batch 180/264  loss=0.1153
  batch 190/264  loss=0.1867
  batch 200/264  loss=0.0465
  batch 210/264  loss=0.0891
  batch 220/264  loss=0.2174
  batch 230/264  loss=0.1560
  batch 240/264  loss=0.0680
  batch 250/264  loss=0.0494
  batch 260/264  loss=0.0680
Epoch 264/300  train=8.866e-02  rmse=1.7468  lr=1.0e-04  227s
  batch 10/264  loss=0.0779
  batch 20/264  loss=0.0904
  batch 30/264  loss=0.1683
  batch 40/264  loss=0.0588
  batch 50/264  loss=0.0934
  batch 60/264  loss=0.0519
  batch 70/264  loss=0.1062
  batch 80/264  loss=0.0508
  batch 90/264  loss=0.0684
  batch 100/264  loss=0.0513
  batch 110/264  loss=0.0647
  batch 120/264  loss=0.1379
  batch 130/264  loss=0.0529
  batch 140/264  loss=0.1358
  batch 150/264  loss=0.0915
  batch 160/264  loss=0.0768
  batch 170/264  loss=0.0607
  batch 180/264  loss=0.1075
  batch 190/264  loss=0.0928
  batch 200/264  loss=0.0744
  batch 210/264  loss=0.0458
  batch 220/264  loss=0.1952
  batch 230/264  loss=0.0642
  batch 240/264  loss=0.0360
  batch 250/264  loss=0.0821
  batch 260/264  loss=0.0507
Epoch 265/300  train=8.848e-02  rmse=1.6913  lr=1.0e-04  228s
  batch 10/264  loss=0.1339
  batch 20/264  loss=0.1012
  batch 30/264  loss=0.1126
  batch 40/264  loss=0.0662
  batch 50/264  loss=0.0704
  batch 60/264  loss=0.0425
  batch 70/264  loss=0.0725
  batch 80/264  loss=0.1484
  batch 90/264  loss=0.0833
  batch 100/264  loss=0.0673
  batch 110/264  loss=0.0593
  batch 120/264  loss=0.0493
  batch 130/264  loss=0.0569
  batch 140/264  loss=0.1297
  batch 150/264  loss=0.0654
  batch 160/264  loss=0.1804
  batch 170/264  loss=0.0919
  batch 180/264  loss=0.0815
  batch 190/264  loss=0.0546
  batch 200/264  loss=0.0713
  batch 210/264  loss=0.0426
  batch 220/264  loss=0.0683
  batch 230/264  loss=0.0651
  batch 240/264  loss=0.0506
  batch 250/264  loss=0.1436
  batch 260/264  loss=0.0695
Epoch 266/300  train=8.797e-02  rmse=1.6373  lr=1.0e-04  227s
  batch 10/264  loss=0.1027
  batch 20/264  loss=0.0534
  batch 30/264  loss=0.1634
  batch 40/264  loss=0.0439
  batch 50/264  loss=0.2723
  batch 60/264  loss=0.0895
  batch 70/264  loss=0.1418
  batch 80/264  loss=0.0745
  batch 90/264  loss=0.0556
  batch 100/264  loss=0.0680
  batch 110/264  loss=0.0639
  batch 120/264  loss=0.0998
  batch 130/264  loss=0.0806
  batch 140/264  loss=0.0792
  batch 150/264  loss=0.1312
  batch 160/264  loss=0.0601
  batch 170/264  loss=0.1026
  batch 180/264  loss=0.0744
  batch 190/264  loss=0.1263
  batch 200/264  loss=0.0752
  batch 210/264  loss=0.0630
  batch 220/264  loss=0.0850
  batch 230/264  loss=0.0845
  batch 240/264  loss=0.1045
  batch 250/264  loss=0.2303
  batch 260/264  loss=0.0617
Epoch 267/300  train=8.795e-02  rmse=1.8082  lr=1.0e-04  229s
  batch 10/264  loss=0.1106
  batch 20/264  loss=0.1909
  batch 30/264  loss=0.1467
  batch 40/264  loss=0.1499
  batch 50/264  loss=0.0815
  batch 60/264  loss=0.0844
  batch 70/264  loss=0.0510
  batch 80/264  loss=0.0881
  batch 90/264  loss=0.1611
  batch 100/264  loss=0.0551
  batch 110/264  loss=0.0658
  batch 120/264  loss=0.1059
  batch 130/264  loss=0.0621
  batch 140/264  loss=0.0872
  batch 150/264  loss=0.0822
  batch 160/264  loss=0.0658
  batch 170/264  loss=0.0603
  batch 180/264  loss=0.0386
  batch 190/264  loss=0.0935
  batch 200/264  loss=0.1148
  batch 210/264  loss=0.0886
  batch 220/264  loss=0.0582
  batch 230/264  loss=0.0854
  batch 240/264  loss=0.1624
  batch 250/264  loss=0.2219
  batch 260/264  loss=0.0742
Epoch 268/300  train=9.112e-02  rmse=1.7712  lr=5.0e-05  229s
  batch 10/264  loss=0.0851
  batch 20/264  loss=0.0519
  batch 30/264  loss=0.1027
  batch 40/264  loss=0.0702
  batch 50/264  loss=0.0476
  batch 60/264  loss=0.0679
  batch 70/264  loss=0.0357
  batch 80/264  loss=0.0611
  batch 90/264  loss=0.1330
  batch 100/264  loss=0.0762
  batch 110/264  loss=0.0827
  batch 120/264  loss=0.1157
  batch 130/264  loss=0.0512
  batch 140/264  loss=0.0599
  batch 150/264  loss=0.0823
  batch 160/264  loss=0.0879
  batch 170/264  loss=0.0562
  batch 180/264  loss=0.0550
  batch 190/264  loss=0.1474
  batch 200/264  loss=0.0470
  batch 210/264  loss=0.0582
  batch 220/264  loss=0.0888
  batch 230/264  loss=0.0388
  batch 240/264  loss=0.0944
  batch 250/264  loss=0.0967
  batch 260/264  loss=0.0551
Epoch 269/300  train=8.297e-02  rmse=2.0153  lr=5.0e-05  230s
  -> best  monitor=8.297e-02
  batch 10/264  loss=0.0709
  batch 20/264  loss=0.0394
  batch 30/264  loss=0.0646
  batch 40/264  loss=0.0401
  batch 50/264  loss=0.0452
  batch 60/264  loss=0.0706
  batch 70/264  loss=0.0609
  batch 80/264  loss=0.0722
  batch 90/264  loss=0.1234
  batch 100/264  loss=0.0360
  batch 110/264  loss=0.0998
  batch 120/264  loss=0.0626
  batch 130/264  loss=0.0673
  batch 140/264  loss=0.0594
  batch 150/264  loss=0.1114
  batch 160/264  loss=0.0659
  batch 170/264  loss=0.0602
  batch 180/264  loss=0.1088
  batch 190/264  loss=0.0834
  batch 200/264  loss=0.0942
  batch 210/264  loss=0.0992
  batch 220/264  loss=0.0509
  batch 230/264  loss=0.0508
  batch 240/264  loss=0.1658
  batch 250/264  loss=0.0426
  batch 260/264  loss=0.0412
Epoch 270/300  train=8.088e-02  rmse=1.7947  lr=5.0e-05  229s
  -> best  monitor=8.088e-02
  batch 10/264  loss=0.0922
  batch 20/264  loss=0.0405
  batch 30/264  loss=0.0898
  batch 40/264  loss=0.0549
  batch 50/264  loss=0.0561
  batch 60/264  loss=0.1559
  batch 70/264  loss=0.0358
  batch 80/264  loss=0.0574
  batch 90/264  loss=0.0469
  batch 100/264  loss=0.1045
  batch 110/264  loss=0.0467
  batch 120/264  loss=0.1613
  batch 130/264  loss=0.0628
  batch 140/264  loss=0.0591
  batch 150/264  loss=0.0864
  batch 160/264  loss=0.0906
  batch 170/264  loss=0.0995
  batch 180/264  loss=0.1103
  batch 190/264  loss=0.2265
  batch 200/264  loss=0.0609
  batch 210/264  loss=0.0567
  batch 220/264  loss=0.0792
  batch 230/264  loss=0.1551
  batch 240/264  loss=0.0458
  batch 250/264  loss=0.0836
  batch 260/264  loss=0.0782
Epoch 271/300  train=8.284e-02  rmse=1.8091  lr=5.0e-05  228s
  batch 10/264  loss=0.0546
  batch 20/264  loss=0.1301
  batch 30/264  loss=0.0853
  batch 40/264  loss=0.0758
  batch 50/264  loss=0.1092
  batch 60/264  loss=0.0592
  batch 70/264  loss=0.0444
  batch 80/264  loss=0.1318
  batch 90/264  loss=0.0930
  batch 100/264  loss=0.0425
  batch 110/264  loss=0.0812
  batch 120/264  loss=0.0592
  batch 130/264  loss=0.1194
  batch 140/264  loss=0.0940
  batch 150/264  loss=0.1606
  batch 160/264  loss=0.0656
  batch 170/264  loss=0.0909
  batch 180/264  loss=0.0859
  batch 190/264  loss=0.0933
  batch 200/264  loss=0.0778
  batch 210/264  loss=0.0832
  batch 220/264  loss=0.0786
  batch 230/264  loss=0.0542
  batch 240/264  loss=0.1833
  batch 250/264  loss=0.0846
  batch 260/264  loss=0.0677
Epoch 272/300  train=8.110e-02  rmse=1.6576  lr=5.0e-05  229s
  batch 10/264  loss=0.0553
  batch 20/264  loss=0.0468
  batch 30/264  loss=0.0510
  batch 40/264  loss=0.1370
  batch 50/264  loss=0.0558
  batch 60/264  loss=0.2455
  batch 70/264  loss=0.1070
  batch 80/264  loss=0.0505
  batch 90/264  loss=0.0433
  batch 100/264  loss=0.1109
  batch 110/264  loss=0.0655
  batch 120/264  loss=0.0721
  batch 130/264  loss=0.0603
  batch 140/264  loss=0.0552
  batch 150/264  loss=0.0498
  batch 160/264  loss=0.0861
  batch 170/264  loss=0.1036
  batch 180/264  loss=0.0924
  batch 190/264  loss=0.0658
  batch 200/264  loss=0.0991
  batch 210/264  loss=0.0889
  batch 220/264  loss=0.0849
  batch 230/264  loss=0.0692
  batch 240/264  loss=0.0627
  batch 250/264  loss=0.0966
  batch 260/264  loss=0.0704
Epoch 273/300  train=7.944e-02  rmse=1.4807  lr=5.0e-05  229s
  -> best  monitor=7.944e-02
  batch 10/264  loss=0.0759
  batch 20/264  loss=0.0601
  batch 30/264  loss=0.0625
  batch 40/264  loss=0.1320
  batch 50/264  loss=0.0638
  batch 60/264  loss=0.1607
  batch 70/264  loss=0.1560
  batch 80/264  loss=0.0768
  batch 90/264  loss=0.0794
  batch 100/264  loss=0.0504
  batch 110/264  loss=0.1408
  batch 120/264  loss=0.1672
  batch 130/264  loss=0.0680
  batch 140/264  loss=0.0729
  batch 150/264  loss=0.0891
  batch 160/264  loss=0.1222
  batch 170/264  loss=0.0358
  batch 180/264  loss=0.0499
  batch 190/264  loss=0.1562
  batch 200/264  loss=0.0648
  batch 210/264  loss=0.0582
  batch 220/264  loss=0.0705
  batch 230/264  loss=0.1434
  batch 240/264  loss=0.0730
  batch 250/264  loss=0.1420
  batch 260/264  loss=0.1234
Epoch 274/300  train=8.117e-02  rmse=1.7714  lr=5.0e-05  228s
  batch 10/264  loss=0.1157
  batch 20/264  loss=0.0922
  batch 30/264  loss=0.0936
  batch 40/264  loss=0.3232
  batch 50/264  loss=0.0727
  batch 60/264  loss=0.0707
  batch 70/264  loss=0.0911
  batch 80/264  loss=0.0936
  batch 90/264  loss=0.0568
  batch 100/264  loss=0.0569
  batch 110/264  loss=0.0372
  batch 120/264  loss=0.0854
  batch 130/264  loss=0.0795
  batch 140/264  loss=0.0599
  batch 150/264  loss=0.1586
  batch 160/264  loss=0.0963
  batch 170/264  loss=0.1699
  batch 180/264  loss=0.1068
  batch 190/264  loss=0.2040
  batch 200/264  loss=0.0542
  batch 210/264  loss=0.0621
  batch 220/264  loss=0.1267
  batch 230/264  loss=0.0834
  batch 240/264  loss=0.0700
  batch 250/264  loss=0.2581
  batch 260/264  loss=0.0440
Epoch 275/300  train=8.085e-02  rmse=1.5586  lr=5.0e-05  227s
  batch 10/264  loss=0.0623
  batch 20/264  loss=0.0484
  batch 30/264  loss=0.0934
  batch 40/264  loss=0.0480
  batch 50/264  loss=0.0828
  batch 60/264  loss=0.0503
  batch 70/264  loss=0.0657
  batch 80/264  loss=0.0669
  batch 90/264  loss=0.0558
  batch 100/264  loss=0.0524
  batch 110/264  loss=0.0818
  batch 120/264  loss=0.1136
  batch 130/264  loss=0.0639
  batch 140/264  loss=0.0632
  batch 150/264  loss=0.0740
  batch 160/264  loss=0.0753
  batch 170/264  loss=0.0484
  batch 180/264  loss=0.0570
  batch 190/264  loss=0.1107
  batch 200/264  loss=0.0416
  batch 210/264  loss=0.1014
  batch 220/264  loss=0.0467
  batch 230/264  loss=0.0485
  batch 240/264  loss=0.0551
  batch 250/264  loss=0.0379
  batch 260/264  loss=0.0702
Epoch 276/300  train=7.865e-02  rmse=1.7517  lr=5.0e-05  229s
  -> best  monitor=7.865e-02
  batch 10/264  loss=0.0862
  batch 20/264  loss=0.0763
  batch 30/264  loss=0.0866
  batch 40/264  loss=0.0721
  batch 50/264  loss=0.0550
  batch 60/264  loss=0.0488
  batch 70/264  loss=0.0779
  batch 80/264  loss=0.0957
  batch 90/264  loss=0.1168
  batch 100/264  loss=0.1429
  batch 110/264  loss=0.0627
  batch 120/264  loss=0.0501
  batch 130/264  loss=0.0869
  batch 140/264  loss=0.0939
  batch 150/264  loss=0.1491
  batch 160/264  loss=0.1023
  batch 170/264  loss=0.0557
  batch 180/264  loss=0.0411
  batch 190/264  loss=0.0536
  batch 200/264  loss=0.0681
  batch 210/264  loss=0.0612
  batch 220/264  loss=0.1230
  batch 230/264  loss=0.0582
  batch 240/264  loss=0.1710
  batch 250/264  loss=0.0429
  batch 260/264  loss=0.0787
Epoch 277/300  train=7.987e-02  rmse=1.7967  lr=5.0e-05  228s
  batch 10/264  loss=0.0630
  batch 20/264  loss=0.0480
  batch 30/264  loss=0.1896
  batch 40/264  loss=0.2164
  batch 50/264  loss=0.0701
  batch 60/264  loss=0.0584
  batch 70/264  loss=0.0922
  batch 80/264  loss=0.2076
  batch 90/264  loss=0.0355
  batch 100/264  loss=0.0585
  batch 110/264  loss=0.0866
  batch 120/264  loss=0.0422
  batch 130/264  loss=0.1062
  batch 140/264  loss=0.0500
  batch 150/264  loss=0.0577
  batch 160/264  loss=0.0428
  batch 170/264  loss=0.0566
  batch 180/264  loss=0.0824
  batch 190/264  loss=0.0521
  batch 200/264  loss=0.0731
  batch 210/264  loss=0.0830
  batch 220/264  loss=0.0782
  batch 230/264  loss=0.0988
  batch 240/264  loss=0.1594
  batch 250/264  loss=0.0699
  batch 260/264  loss=0.1775
Epoch 278/300  train=8.041e-02  rmse=1.5832  lr=5.0e-05  228s
  batch 10/264  loss=0.1217
  batch 20/264  loss=0.0690
  batch 30/264  loss=0.1660
  batch 40/264  loss=0.0469
  batch 50/264  loss=0.0912
  batch 60/264  loss=0.0865
  batch 70/264  loss=0.0530
  batch 80/264  loss=0.0835
  batch 90/264  loss=0.0762
  batch 100/264  loss=0.1064
  batch 110/264  loss=0.0733
  batch 120/264  loss=0.0869
  batch 130/264  loss=0.0804
  batch 140/264  loss=0.1548
  batch 150/264  loss=0.0645
  batch 160/264  loss=0.0893
  batch 170/264  loss=0.0703
  batch 180/264  loss=0.1239
  batch 190/264  loss=0.0586
  batch 200/264  loss=0.1374
  batch 210/264  loss=0.0737
  batch 220/264  loss=0.0713
  batch 230/264  loss=0.0692
  batch 240/264  loss=0.0580
  batch 250/264  loss=0.1605
  batch 260/264  loss=0.0522
Epoch 279/300  train=7.991e-02  rmse=3.5609  lr=5.0e-05  229s
  batch 10/264  loss=0.0817
  batch 20/264  loss=0.1193
  batch 30/264  loss=0.0798
  batch 40/264  loss=0.0803
  batch 50/264  loss=0.1102
  batch 60/264  loss=0.0702
  batch 70/264  loss=0.0523
  batch 80/264  loss=0.1612
  batch 90/264  loss=0.0531
  batch 100/264  loss=0.0500
  batch 110/264  loss=0.0590
  batch 120/264  loss=0.0500
  batch 130/264  loss=0.0466
  batch 140/264  loss=0.0546
  batch 150/264  loss=0.0441
  batch 160/264  loss=0.0978
  batch 170/264  loss=0.0553
  batch 180/264  loss=0.0853
  batch 190/264  loss=0.0440
  batch 200/264  loss=0.0676
  batch 210/264  loss=0.0776
  batch 220/264  loss=0.0721
  batch 230/264  loss=0.1363
  batch 240/264  loss=0.0899
  batch 250/264  loss=0.0878
  batch 260/264  loss=0.0901
Epoch 280/300  train=7.917e-02  rmse=1.6758  lr=5.0e-05  229s
  batch 10/264  loss=0.1265
  batch 20/264  loss=0.0741
  batch 30/264  loss=0.1340
  batch 40/264  loss=0.0957
  batch 50/264  loss=0.0947
  batch 60/264  loss=0.0647
  batch 70/264  loss=0.1170
  batch 80/264  loss=0.0712
  batch 90/264  loss=0.0398
  batch 100/264  loss=0.0875
  batch 110/264  loss=0.0632
  batch 120/264  loss=0.1116
  batch 130/264  loss=0.1680
  batch 140/264  loss=0.1263
  batch 150/264  loss=0.0632
  batch 160/264  loss=0.0453
  batch 170/264  loss=0.0540
  batch 180/264  loss=0.1505
  batch 190/264  loss=0.0679
  batch 200/264  loss=0.1232
  batch 210/264  loss=0.0798
  batch 220/264  loss=0.1342
  batch 230/264  loss=0.0826
  batch 240/264  loss=0.0542
  batch 250/264  loss=0.0576
  batch 260/264  loss=0.0475
Epoch 281/300  train=7.900e-02  rmse=2.2162  lr=5.0e-05  229s
  batch 10/264  loss=0.1161
  batch 20/264  loss=0.0931
  batch 30/264  loss=0.0602
  batch 40/264  loss=0.0515
  batch 50/264  loss=0.0784
  batch 60/264  loss=0.0788
  batch 70/264  loss=0.0993
  batch 80/264  loss=0.0472
  batch 90/264  loss=0.0482
  batch 100/264  loss=0.0498
  batch 110/264  loss=0.0608
  batch 120/264  loss=0.0678
  batch 130/264  loss=0.0845
  batch 140/264  loss=0.0523
  batch 150/264  loss=0.0559
  batch 160/264  loss=0.2428
  batch 170/264  loss=0.0575
  batch 180/264  loss=0.0436
  batch 190/264  loss=0.0468
  batch 200/264  loss=0.0534
  batch 210/264  loss=0.0631
  batch 220/264  loss=0.0666
  batch 230/264  loss=0.0664
  batch 240/264  loss=0.0978
  batch 250/264  loss=0.0355
  batch 260/264  loss=0.0949
Epoch 282/300  train=8.009e-02  rmse=1.7634  lr=5.0e-05  230s
  batch 10/264  loss=0.0923
  batch 20/264  loss=0.1151
  batch 30/264  loss=0.0516
  batch 40/264  loss=0.0493
  batch 50/264  loss=0.0803
  batch 60/264  loss=0.0618
  batch 70/264  loss=0.0683
  batch 80/264  loss=0.2395
  batch 90/264  loss=0.0568
  batch 100/264  loss=0.0814
  batch 110/264  loss=0.0606
  batch 120/264  loss=0.0562
  batch 130/264  loss=0.0994
  batch 140/264  loss=0.1040
  batch 150/264  loss=0.0697
  batch 160/264  loss=0.0542
  batch 170/264  loss=0.0987
  batch 180/264  loss=0.1010
  batch 190/264  loss=0.0479
  batch 200/264  loss=0.0891
  batch 210/264  loss=0.0506
  batch 220/264  loss=0.1588
  batch 230/264  loss=0.0843
  batch 240/264  loss=0.0484
  batch 250/264  loss=0.0628
  batch 260/264  loss=0.0662
Epoch 283/300  train=7.930e-02  rmse=1.6205  lr=5.0e-05  229s
  batch 10/264  loss=0.0396
  batch 20/264  loss=0.0922
  batch 30/264  loss=0.0836
  batch 40/264  loss=0.0461
  batch 50/264  loss=0.1211
  batch 60/264  loss=0.0638
  batch 70/264  loss=0.1175
  batch 80/264  loss=0.0541
  batch 90/264  loss=0.0849
  batch 100/264  loss=0.0577
  batch 110/264  loss=0.0576
  batch 120/264  loss=0.0866
  batch 130/264  loss=0.0995
  batch 140/264  loss=0.0513
  batch 150/264  loss=0.0531
  batch 160/264  loss=0.0874
  batch 170/264  loss=0.0475
  batch 180/264  loss=0.0458
  batch 190/264  loss=0.0513
  batch 200/264  loss=0.0617
  batch 210/264  loss=0.0918
  batch 220/264  loss=0.0752
  batch 230/264  loss=0.0838
  batch 240/264  loss=0.1571
  batch 250/264  loss=0.0643
  batch 260/264  loss=0.0832
Epoch 284/300  train=7.879e-02  rmse=1.5380  lr=5.0e-05  227s
  batch 10/264  loss=0.0782
  batch 20/264  loss=0.0611
  batch 30/264  loss=0.0847
  batch 40/264  loss=0.0520
  batch 50/264  loss=0.0561
  batch 60/264  loss=0.0538
  batch 70/264  loss=0.0941
  batch 80/264  loss=0.0765
  batch 90/264  loss=0.0737
  batch 100/264  loss=0.0616
  batch 110/264  loss=0.0552
  batch 120/264  loss=0.1056
  batch 130/264  loss=0.0525
  batch 140/264  loss=0.0664
  batch 150/264  loss=0.1549
  batch 160/264  loss=0.0508
  batch 170/264  loss=0.0803
  batch 180/264  loss=0.0656
  batch 190/264  loss=0.0711
  batch 200/264  loss=0.1073
  batch 210/264  loss=0.0916
  batch 220/264  loss=0.0479
  batch 230/264  loss=0.0837
  batch 240/264  loss=0.0747
  batch 250/264  loss=0.0505
  batch 260/264  loss=0.1502
Epoch 285/300  train=7.727e-02  rmse=1.5378  lr=5.0e-05  229s
  -> best  monitor=7.727e-02
  batch 10/264  loss=0.1191
  batch 20/264  loss=0.0639
  batch 30/264  loss=0.0516
  batch 40/264  loss=0.4223
  batch 50/264  loss=0.0916
  batch 60/264  loss=0.1041
  batch 70/264  loss=0.0482
  batch 80/264  loss=0.0418
  batch 90/264  loss=0.0598
  batch 100/264  loss=0.0624
  batch 110/264  loss=0.0457
  batch 120/264  loss=0.0477
  batch 130/264  loss=0.0448
  batch 140/264  loss=0.1622
  batch 150/264  loss=0.0683
  batch 160/264  loss=0.2564
  batch 170/264  loss=0.1148
  batch 180/264  loss=0.0524
  batch 190/264  loss=0.0549
  batch 200/264  loss=0.0440
  batch 210/264  loss=0.1046
  batch 220/264  loss=0.0870
  batch 230/264  loss=0.0577
  batch 240/264  loss=0.0364
  batch 250/264  loss=0.1209
  batch 260/264  loss=0.0751
Epoch 286/300  train=8.114e-02  rmse=2.5610  lr=5.0e-05  229s
  batch 10/264  loss=0.0721
  batch 20/264  loss=0.1057
  batch 30/264  loss=0.0541
  batch 40/264  loss=0.0590
  batch 50/264  loss=0.0493
  batch 60/264  loss=0.0539
  batch 70/264  loss=0.0465
  batch 80/264  loss=0.0626
  batch 90/264  loss=0.0591
  batch 100/264  loss=0.0632
  batch 110/264  loss=0.0509
  batch 120/264  loss=0.0941
  batch 130/264  loss=0.0640
  batch 140/264  loss=0.0680
  batch 150/264  loss=0.0522
  batch 160/264  loss=0.0656
  batch 170/264  loss=0.1382
  batch 180/264  loss=0.0659
  batch 190/264  loss=0.0673
  batch 200/264  loss=0.1153
  batch 210/264  loss=0.0456
  batch 220/264  loss=0.0459
  batch 230/264  loss=0.0837
  batch 240/264  loss=0.0737
  batch 250/264  loss=0.0832
  batch 260/264  loss=0.0831
Epoch 287/300  train=7.894e-02  rmse=2.6231  lr=5.0e-05  230s
  batch 10/264  loss=0.0840
  batch 20/264  loss=0.0911
  batch 30/264  loss=0.0637
  batch 40/264  loss=0.0820
  batch 50/264  loss=0.0528
  batch 60/264  loss=0.0910
  batch 70/264  loss=0.0830
  batch 80/264  loss=0.0538
  batch 90/264  loss=0.1133
  batch 100/264  loss=0.1432
  batch 110/264  loss=0.0565
  batch 120/264  loss=0.1487
  batch 130/264  loss=0.0971
  batch 140/264  loss=0.0484
  batch 150/264  loss=0.0514
  batch 160/264  loss=0.0390
  batch 170/264  loss=0.0679
  batch 180/264  loss=0.0545
  batch 190/264  loss=0.1179
  batch 200/264  loss=0.0582
  batch 210/264  loss=0.0713
  batch 220/264  loss=0.0618
  batch 230/264  loss=0.1767
  batch 240/264  loss=0.1462
  batch 250/264  loss=0.0548
  batch 260/264  loss=0.0554
Epoch 288/300  train=7.941e-02  rmse=2.4263  lr=5.0e-05  229s
  batch 10/264  loss=0.0504
  batch 20/264  loss=0.0885
  batch 30/264  loss=0.0466
  batch 40/264  loss=0.0811
  batch 50/264  loss=0.0387
  batch 60/264  loss=0.0610
  batch 70/264  loss=0.0858
  batch 80/264  loss=0.0573
  batch 90/264  loss=0.0719
  batch 100/264  loss=0.0560
  batch 110/264  loss=0.0714
  batch 120/264  loss=0.0449
  batch 130/264  loss=0.1062
  batch 140/264  loss=0.1211
  batch 150/264  loss=0.0491
  batch 160/264  loss=0.0582
  batch 170/264  loss=0.1614
  batch 180/264  loss=0.0630
  batch 190/264  loss=0.1826
  batch 200/264  loss=0.0792
  batch 210/264  loss=0.0438
  batch 220/264  loss=0.0946
  batch 230/264  loss=0.0538
  batch 240/264  loss=0.0738
  batch 250/264  loss=0.0804
  batch 260/264  loss=0.0504
Epoch 289/300  train=7.923e-02  rmse=2.0983  lr=5.0e-05  229s
  batch 10/264  loss=0.0462
  batch 20/264  loss=0.0914
  batch 30/264  loss=0.0595
  batch 40/264  loss=0.1164
  batch 50/264  loss=0.0505
  batch 60/264  loss=0.0458
  batch 70/264  loss=0.0818
  batch 80/264  loss=0.0851
  batch 90/264  loss=0.0672
  batch 100/264  loss=0.0432
  batch 110/264  loss=0.0586
  batch 120/264  loss=0.0873
  batch 130/264  loss=0.0772
  batch 140/264  loss=0.0438
  batch 150/264  loss=0.0495
  batch 160/264  loss=0.1012
  batch 170/264  loss=0.0552
  batch 180/264  loss=0.0791
  batch 190/264  loss=0.0557
  batch 200/264  loss=0.0334
  batch 210/264  loss=0.0470
  batch 220/264  loss=0.0617
  batch 230/264  loss=0.0498
  batch 240/264  loss=0.1049
  batch 250/264  loss=0.0693
  batch 260/264  loss=0.0498
Epoch 290/300  train=7.791e-02  rmse=4.0829  lr=5.0e-05  228s
  batch 10/264  loss=0.1264
  batch 20/264  loss=0.0515
  batch 30/264  loss=0.0553
  batch 40/264  loss=0.0894
  batch 50/264  loss=0.0592
  batch 60/264  loss=0.0855
  batch 70/264  loss=0.0563
  batch 80/264  loss=0.1597
  batch 90/264  loss=0.0827
  batch 100/264  loss=0.0755
  batch 110/264  loss=0.0512
  batch 120/264  loss=0.0766
  batch 130/264  loss=0.0728
  batch 140/264  loss=0.0918
  batch 150/264  loss=0.0566
  batch 160/264  loss=0.1248
  batch 170/264  loss=0.0583
  batch 180/264  loss=0.1774
  batch 190/264  loss=0.0487
  batch 200/264  loss=0.0520
  batch 210/264  loss=0.1578
  batch 220/264  loss=0.1284
  batch 230/264  loss=0.0617
  batch 240/264  loss=0.0761
  batch 250/264  loss=0.0488
  batch 260/264  loss=0.1516
Epoch 291/300  train=7.745e-02  rmse=1.4697  lr=5.0e-05  228s
  batch 10/264  loss=0.1183
  batch 20/264  loss=0.0764
  batch 30/264  loss=0.0885
  batch 40/264  loss=0.0888
  batch 50/264  loss=0.0699
  batch 60/264  loss=0.0494
  batch 70/264  loss=0.0537
  batch 80/264  loss=0.1066
  batch 90/264  loss=0.0968
  batch 100/264  loss=0.1120
  batch 110/264  loss=0.0501
  batch 120/264  loss=0.0881
  batch 130/264  loss=0.0584
  batch 140/264  loss=0.0441
  batch 150/264  loss=0.0517
  batch 160/264  loss=0.0931
  batch 170/264  loss=0.0903
  batch 180/264  loss=0.0826
  batch 190/264  loss=0.0586
  batch 200/264  loss=0.1557
  batch 210/264  loss=0.0888
  batch 220/264  loss=0.0362
  batch 230/264  loss=0.0596
  batch 240/264  loss=0.1513
  batch 250/264  loss=0.0560
  batch 260/264  loss=0.0524
Epoch 292/300  train=7.991e-02  rmse=1.6582  lr=5.0e-05  228s
  batch 10/264  loss=0.0701
  batch 20/264  loss=0.0537
  batch 30/264  loss=0.0568
  batch 40/264  loss=0.1311
  batch 50/264  loss=0.0940
  batch 60/264  loss=0.0924
  batch 70/264  loss=0.0464
  batch 80/264  loss=0.0538
  batch 90/264  loss=0.0910
  batch 100/264  loss=0.0719
  batch 110/264  loss=0.0570
  batch 120/264  loss=0.0793
  batch 130/264  loss=0.0433
  batch 140/264  loss=0.0586
  batch 150/264  loss=0.0585
  batch 160/264  loss=0.0948
  batch 170/264  loss=0.0427
  batch 180/264  loss=0.0642
  batch 190/264  loss=0.0698
  batch 200/264  loss=0.0946
  batch 210/264  loss=0.0622
  batch 220/264  loss=0.0767
  batch 230/264  loss=0.0900
  batch 240/264  loss=0.0383
  batch 250/264  loss=0.0539
  batch 260/264  loss=0.0703
Epoch 293/300  train=7.784e-02  rmse=1.5433  lr=5.0e-05  227s
  batch 10/264  loss=0.1102
  batch 20/264  loss=0.0864
  batch 30/264  loss=0.0668
  batch 40/264  loss=0.0655
  batch 50/264  loss=0.0591
  batch 60/264  loss=0.0686
  batch 70/264  loss=0.0461
  batch 80/264  loss=0.0840
  batch 90/264  loss=0.1028
  batch 100/264  loss=0.0853
  batch 110/264  loss=0.1044
  batch 120/264  loss=0.0756
  batch 130/264  loss=0.0685
  batch 140/264  loss=0.0541
  batch 150/264  loss=0.1606
  batch 160/264  loss=0.0621
  batch 170/264  loss=0.0811
  batch 180/264  loss=0.0511
  batch 190/264  loss=0.0568
  batch 200/264  loss=0.1333
  batch 210/264  loss=0.0587
  batch 220/264  loss=0.0573
  batch 230/264  loss=0.0872
  batch 240/264  loss=0.0362
  batch 250/264  loss=0.0824
  batch 260/264  loss=0.0641
Epoch 294/300  train=7.773e-02  rmse=6.6556  lr=5.0e-05  228s
  batch 10/264  loss=0.0879
  batch 20/264  loss=0.1155
  batch 30/264  loss=0.0339
  batch 40/264  loss=0.1734
  batch 50/264  loss=0.0698
  batch 60/264  loss=0.0452
  batch 70/264  loss=0.0740
  batch 80/264  loss=0.0546
  batch 90/264  loss=0.0503
  batch 100/264  loss=0.0534
  batch 110/264  loss=0.0883
  batch 120/264  loss=0.0438
  batch 130/264  loss=0.1656
  batch 140/264  loss=0.0647
  batch 150/264  loss=0.0848
  batch 160/264  loss=0.1217
  batch 170/264  loss=0.0585
  batch 180/264  loss=0.0426
  batch 190/264  loss=0.0490
  batch 200/264  loss=0.0442
  batch 210/264  loss=0.0458
  batch 220/264  loss=0.0435
  batch 230/264  loss=0.0422
  batch 240/264  loss=0.1337
  batch 250/264  loss=0.1512
  batch 260/264  loss=0.0706
Epoch 295/300  train=7.845e-02  rmse=1.8482  lr=5.0e-05  227s
  batch 10/264  loss=0.0417
  batch 20/264  loss=0.0436
  batch 30/264  loss=0.0527
  batch 40/264  loss=0.1386
  batch 50/264  loss=0.1023
  batch 60/264  loss=0.1407
  batch 70/264  loss=0.1848
  batch 80/264  loss=0.0750
  batch 90/264  loss=0.0792
  batch 100/264  loss=0.0597
  batch 110/264  loss=0.0862
  batch 120/264  loss=0.0635
  batch 130/264  loss=0.0515
  batch 140/264  loss=0.0416
  batch 150/264  loss=0.0583
  batch 160/264  loss=0.1141
  batch 170/264  loss=0.0484
  batch 180/264  loss=0.0674
  batch 190/264  loss=0.0409
  batch 200/264  loss=0.1141
  batch 210/264  loss=0.0537
  batch 220/264  loss=0.0440
  batch 230/264  loss=0.0458
  batch 240/264  loss=0.0961
  batch 250/264  loss=0.1506
  batch 260/264  loss=0.0529
Epoch 296/300  train=7.835e-02  rmse=1.8193  lr=2.5e-05  227s
  batch 10/264  loss=0.0597
  batch 20/264  loss=0.0755
  batch 30/264  loss=0.0900
  batch 40/264  loss=0.0734
  batch 50/264  loss=0.1093
  batch 60/264  loss=0.0448
  batch 70/264  loss=0.0827
  batch 80/264  loss=0.0718
  batch 90/264  loss=0.0517
  batch 100/264  loss=0.1490
  batch 110/264  loss=0.0491
  batch 120/264  loss=0.0756
  batch 130/264  loss=0.0947
  batch 140/264  loss=0.0338
  batch 150/264  loss=0.0492
  batch 160/264  loss=0.0521
  batch 170/264  loss=0.1161
  batch 180/264  loss=0.1403
  batch 190/264  loss=0.1623
  batch 200/264  loss=0.0542
  batch 210/264  loss=0.0597
  batch 220/264  loss=0.0503
  batch 230/264  loss=0.0578
  batch 240/264  loss=0.0617
  batch 250/264  loss=0.0609
  batch 260/264  loss=0.0777
Epoch 297/300  train=7.537e-02  rmse=1.5849  lr=2.5e-05  233s
  -> best  monitor=7.537e-02
  batch 10/264  loss=0.0864
  batch 20/264  loss=0.0968
  batch 30/264  loss=0.0463
  batch 40/264  loss=0.0596
  batch 50/264  loss=0.0823
  batch 60/264  loss=0.0636
  batch 70/264  loss=0.0838
  batch 80/264  loss=0.0418
  batch 90/264  loss=0.0501
  batch 100/264  loss=0.0688
  batch 110/264  loss=0.0812
  batch 120/264  loss=0.1334
  batch 130/264  loss=0.0576
  batch 140/264  loss=0.0722
  batch 150/264  loss=0.1285
  batch 160/264  loss=0.1030
  batch 170/264  loss=0.0866
  batch 180/264  loss=0.0596
  batch 190/264  loss=0.0927
  batch 200/264  loss=0.0655
  batch 210/264  loss=0.0727
  batch 220/264  loss=0.0779
  batch 230/264  loss=0.0411
  batch 240/264  loss=0.0516
  batch 250/264  loss=0.1110
  batch 260/264  loss=0.0503
Epoch 298/300  train=7.645e-02  rmse=1.7419  lr=2.5e-05  234s
  batch 10/264  loss=0.0653
  batch 20/264  loss=0.0510
  batch 30/264  loss=0.0622
  batch 40/264  loss=0.0589
  batch 50/264  loss=0.0647
  batch 60/264  loss=0.0851
  batch 70/264  loss=0.0600
  batch 80/264  loss=0.0661
  batch 90/264  loss=0.0480
  batch 100/264  loss=0.0892
  batch 110/264  loss=0.0459
  batch 120/264  loss=0.1332
  batch 130/264  loss=0.0581
  batch 140/264  loss=0.1643
  batch 150/264  loss=0.0545
  batch 160/264  loss=0.0670
  batch 170/264  loss=0.0744
  batch 180/264  loss=0.0561
  batch 190/264  loss=0.0805
  batch 200/264  loss=0.0433
  batch 210/264  loss=0.0392
  batch 220/264  loss=0.0529
  batch 230/264  loss=0.0715
  batch 240/264  loss=0.0512
  batch 250/264  loss=0.0828
  batch 260/264  loss=0.0473
Epoch 299/300  train=7.514e-02  rmse=1.6554  lr=2.5e-05  233s
  -> best  monitor=7.514e-02
  batch 10/264  loss=0.0562
  batch 20/264  loss=0.0693
  batch 30/264  loss=0.0741
  batch 40/264  loss=0.0740
  batch 50/264  loss=0.0490
  batch 60/264  loss=0.0943
  batch 70/264  loss=0.0530
  batch 80/264  loss=0.1376
  batch 90/264  loss=0.0803
  batch 100/264  loss=0.0673
  batch 110/264  loss=0.0503
  batch 120/264  loss=0.0527
  batch 130/264  loss=0.0598
  batch 140/264  loss=0.0800
  batch 150/264  loss=0.0367
  batch 160/264  loss=0.0703
  batch 170/264  loss=0.0570
  batch 180/264  loss=0.0617
  batch 190/264  loss=0.0789
  batch 200/264  loss=0.0795
  batch 210/264  loss=0.0556
  batch 220/264  loss=0.0706
  batch 230/264  loss=0.0703
  batch 240/264  loss=0.0661
  batch 250/264  loss=0.0673
  batch 260/264  loss=0.0824
Epoch 300/300  train=7.678e-02  rmse=7.3273  lr=2.5e-05  232s

Test evaluation (best checkpoint)...
Test (RMSE / MAE in μg/m³):
  total: 0.176990
  main: 0.029553
  nonneg: 0.000000
  smooth: 0.000000
  anom: 0.018281
  grad: 0.000581
  pattern: 0.128576
  spectral: 0.000000
  var: 0.000000
  rmse: 0.751726
  rmse_low: 0.975509
  rmse_high: 0.354605
  mae: 0.406141

  z  Height(m)        R²
--------------------------
  0       15.0    0.8689  <- ~0-100m
  1       25.0    0.8585  <- ~0-100m
  2       35.0    0.8754  <- ~0-100m
  3       45.0    0.8971  <- ~0-100m
  4       55.0    0.9067  <- ~0-100m
  5       75.0    0.9361  <- ~0-100m
  6       95.0    0.9557  <- ~0-100m
  7      115.0    0.9653  <- ~0-100m
  8      135.0    0.9698
  9      155.0    0.9728
 10      175.0    0.9762
 11      195.0    0.9786
